# ratman-brute - Tower Lords enemy model. MIT licence, (c) 2026 Imyala. Y up, faces +Z, feet at y=-0.95.
mtllib ratman-brute_5k.mtl
o ratman-brute
v -0.74997 -0.01347 0.53516
v -0.74997 -0.01347 0.53516
v -0.74997 -0.01347 0.53516
v -0.74997 -0.01347 0.53516
v -0.74558 0.00757 0.58486
v -0.74558 0.00757 0.58486
v -0.74986 -0.02066 0.50032
v -0.74986 -0.02066 0.50032
v -0.71344 0.03018 0.38339
v -0.71344 0.03018 0.38339
v -0.75108 0.00545 0.42717
v -0.75108 0.00545 0.42717
v -0.73513 0.05244 0.38341
v -0.73513 0.05244 0.38341
v -0.73513 0.05244 0.38341
v -0.75424 0.09519 0.38017
v -0.75424 0.09519 0.38017
v -0.80189 0.10411 0.54676
v -0.74719 0.07020 0.50606
v -0.74584 0.09507 0.56474
v -0.72611 0.13760 0.52108
v -0.74308 -0.08719 0.53046
v -0.74308 -0.08719 0.53046
v -0.74490 -0.04281 0.53574
v -0.70119 -0.04784 0.55304
v -0.70119 -0.04784 0.55304
v -0.70723 -0.04330 0.51424
v -0.70723 -0.04330 0.51424
v -0.70723 -0.04330 0.51424
v -0.71338 -0.01126 0.45943
v -0.71338 -0.01126 0.45943
v -0.73829 0.02910 0.58662
v -0.73829 0.02910 0.58662
v -0.75327 0.15235 0.39606
v -0.75218 0.11506 0.38153
v -0.75218 0.11506 0.38153
v -0.70515 -0.03715 0.49276
v -0.73418 0.19344 0.39434
v -0.73418 0.19344 0.39434
v -0.69720 0.04040 0.63483
v -0.69720 0.04040 0.63483
v -0.69720 0.04040 0.63483
v -0.73971 0.05099 0.62863
v -0.73971 0.05099 0.62863
v -0.68108 0.08357 0.35798
v -0.71945 0.10722 0.61462
v -0.72501 0.17833 0.49461
v -0.72501 0.17833 0.49461
v -0.72272 0.21500 0.45985
v -0.72272 0.21500 0.45985
v -0.72564 0.18858 0.44889
v -0.74539 0.21565 0.45557
v -0.74539 0.21565 0.45557
v -0.68511 -0.04216 0.44813
v -0.68511 -0.04216 0.44813
v -0.70167 0.02542 0.39057
v -0.70438 0.10804 0.64852
v -0.70438 0.10804 0.64852
v -0.65225 0.11378 0.37712
v -0.70279 0.16740 0.37631
v -0.69821 0.15977 0.34608
v -0.68176 0.21522 0.59189
v -0.68176 0.21522 0.59189
v -0.70853 0.21412 0.41650
v -0.70853 0.21412 0.41650
v -0.70853 0.21412 0.41650
v -0.71676 -0.09450 0.53991
v -0.71676 -0.09450 0.53991
v -0.69479 0.00209 0.41564
v -0.71372 0.12821 0.64961
v -0.71372 0.12821 0.64961
v -0.69159 0.18793 0.62830
v -0.69159 0.18793 0.62830
v -0.69159 0.18793 0.62830
v -0.67863 0.26148 0.47521
v -0.67863 0.26148 0.47521
v -0.67863 0.26148 0.47521
v -0.67918 -0.04878 0.49612
v -0.65235 0.00014 0.38237
v -0.65235 0.00014 0.38237
v -0.65763 0.10090 0.63902
v -0.62929 0.02156 0.62035
v -0.62929 0.02156 0.62035
v -0.62929 0.02156 0.62035
v -0.62929 0.02156 0.62035
v -0.70062 0.00271 0.61786
v -0.70062 0.00271 0.61786
v -0.68366 0.22062 0.43352
v -0.65918 -0.04280 0.57867
v -0.65918 -0.04280 0.57867
v -0.65918 -0.04280 0.57867
v -0.63936 0.11983 0.64161
v -0.66943 0.23939 0.55297
v -0.66943 0.23939 0.55297
v -0.63704 -0.05433 0.45455
v -0.64700 -0.04306 0.44327
v -0.64700 -0.04306 0.44327
v -0.64722 0.17788 0.60741
v -0.64722 0.17788 0.60741
v -0.67088 0.22212 0.43900
v -0.62943 0.15971 0.38575
v -0.62943 0.15971 0.38575
v -0.65417 0.24996 0.52984
v -0.64326 0.21293 0.43863
v -0.65028 -0.00934 0.62803
v -0.65028 -0.00934 0.62803
v -0.63228 0.24775 0.45912
v -0.63228 0.24775 0.45912
v -0.63228 0.24775 0.45912
v -0.63228 0.24775 0.45912
v -0.63228 0.24775 0.45912
v -0.64338 -0.02269 0.41549
v -0.65592 -0.00475 0.35491
v -0.65592 -0.00475 0.35491
v -0.63268 -0.00006 0.37721
v -0.59076 0.18753 0.41775
v -0.61579 0.09245 0.63747
v -0.61579 0.09245 0.63747
v -0.57994 -0.01359 0.36293
v -0.57994 -0.01359 0.36293
v -0.57994 -0.01359 0.36293
v -0.59979 0.09676 0.36949
v -0.60965 0.21144 0.44586
v -0.60965 0.21144 0.44586
v -0.60965 0.21144 0.44586
v -0.60965 0.21144 0.44586
v -0.60939 0.20047 0.56299
v -0.58004 -0.03980 0.57246
v -0.58004 -0.03980 0.57246
v -0.58004 -0.03980 0.57246
v -0.58004 -0.03980 0.57246
v -0.59078 0.16511 0.29273
v -0.59078 0.16511 0.29273
v -0.61343 0.25601 0.44536
v -0.61343 0.25601 0.44536
v -0.50940 0.17140 0.49384
v -0.61599 0.26110 0.45498
v -0.61599 0.26110 0.45498
v -0.62231 0.05679 -0.08737
v -0.60217 -0.02221 -0.05326
v -0.60190 -0.01024 -0.02972
v -0.62317 0.13797 -0.12131
v -0.59241 0.04567 -0.15535
v -0.57891 0.19319 -0.07121
v -0.61041 0.11425 0.33506
v -0.61973 -0.06981 0.51480
v -0.58036 -0.09091 0.46362
v -0.57753 -0.09836 0.51105
v -0.57753 -0.09836 0.51105
v -0.57060 -0.07872 0.44051
v -0.55844 -0.03972 0.38360
v -0.55844 -0.03972 0.38360
v -0.60123 0.00781 -0.02409
v -0.60123 0.00781 -0.02409
v -0.60180 0.12033 -0.01133
v -0.59803 0.00595 -0.10058
v -0.62127 0.12263 -0.04917
v -0.60039 0.08352 0.65935
v -0.57634 0.11193 0.67850
v -0.56771 0.12144 0.60831
v -0.56771 0.12144 0.60831
v -0.56771 0.12144 0.60831
v -0.58482 0.17077 -0.04227
v -0.59859 -0.17359 -0.02714
v -0.59859 -0.17359 -0.02714
v -0.59630 -0.12001 -0.04938
v -0.59630 -0.12001 -0.04938
v -0.59630 -0.12001 -0.04938
v -0.59630 -0.12001 -0.04938
v -0.59881 -0.16402 -0.05654
v -0.59881 -0.16402 -0.05654
v -0.59881 -0.16402 -0.05654
v -0.59881 -0.16402 -0.05654
v -0.59881 -0.16402 -0.05654
v -0.59881 -0.16402 -0.05654
v -0.59540 -0.06183 -0.09441
v -0.59540 -0.06183 -0.09441
v -0.59540 -0.06183 -0.09441
v -0.59540 -0.06183 -0.09441
v -0.59203 -0.18110 -0.07505
v -0.59203 -0.18110 -0.07505
v -0.48417 -0.01803 0.57941
v -0.48417 -0.01803 0.57941
v -0.59158 0.04963 0.02673
v -0.59158 0.04963 0.02673
v -0.57737 0.02785 0.60858
v -0.57737 0.02785 0.60858
v -0.59084 0.04361 0.67951
v -0.59084 0.04361 0.67951
v -0.54898 0.20355 0.61833
v -0.54898 0.20355 0.61833
v -0.54898 0.20355 0.61833
v -0.58476 -0.11746 -0.02850
v -0.58476 -0.11746 -0.02850
v -0.54735 -0.01674 0.34895
v -0.54735 -0.01674 0.34895
v -0.54735 -0.01674 0.34895
v -0.55699 0.10041 0.04826
v -0.55699 0.10041 0.04826
v -0.58864 0.11163 0.36767
v -0.58429 0.13959 0.38257
v -0.58429 0.13959 0.38257
v -0.54510 0.25205 0.43489
v -0.54510 0.25205 0.43489
v -0.59147 -0.26439 -0.04185
v -0.59147 -0.26439 -0.04185
v -0.59656 -0.08117 0.15120
v -0.59656 -0.08117 0.15120
v -0.59656 -0.08117 0.15120
v -0.53076 -0.10879 0.08701
v -0.53076 -0.10879 0.08701
v -0.50583 -0.13269 0.08992
v -0.58179 -0.05576 -0.05152
v -0.54470 -0.11424 0.49514
v -0.56903 -0.06338 0.00500
v -0.56903 -0.06338 0.00500
v -0.56903 -0.06338 0.00500
v -0.57345 0.03761 -0.21190
v -0.57345 0.03761 -0.21190
v -0.59366 0.06381 0.06406
v -0.56562 0.06968 0.64869
v -0.55205 0.18640 -0.19281
v -0.55445 0.09414 -0.21196
v -0.55445 0.09414 -0.21196
v -0.57818 0.17959 -0.16485
v -0.56579 0.20921 -0.04508
v -0.54417 0.18821 0.44015
v -0.54417 0.18821 0.44015
v -0.54417 0.18821 0.44015
v -0.57867 0.21286 -0.11826
v -0.55772 0.23626 0.45042
v -0.55772 0.23626 0.45042
v -0.55796 -0.10553 -0.00403
v -0.55796 -0.10553 -0.00403
v -0.55796 -0.10553 -0.00403
v -0.56824 -0.02618 -0.07657
v -0.56105 -0.05173 -0.12005
v -0.55300 -0.05660 -0.19163
v -0.55300 -0.05660 -0.19163
v -0.55300 -0.05660 -0.19163
v -0.56688 -0.04256 0.57278
v -0.56688 -0.04256 0.57278
v -0.56688 -0.04256 0.57278
v -0.56688 -0.04256 0.57278
v -0.58778 -0.05641 0.59064
v -0.58778 -0.05641 0.59064
v -0.57232 -0.05376 0.04812
v -0.57232 -0.05376 0.04812
v -0.57232 -0.05376 0.04812
v -0.55186 0.06167 0.60910
v -0.46151 0.07344 0.36667
v -0.46151 0.07344 0.36667
v -0.46151 0.07344 0.36667
v -0.46151 0.07344 0.36667
v -0.54109 0.21061 -0.00805
v -0.54109 0.21061 -0.00805
v -0.54109 0.21061 -0.00805
v -0.54109 0.21061 -0.00805
v -0.56735 0.13444 0.02063
v -0.56735 0.13444 0.02063
v -0.53735 -0.14222 0.14067
v -0.53327 -0.07779 0.12329
v -0.53327 -0.07779 0.12329
v -0.55845 0.03926 0.09635
v -0.55845 0.03926 0.09635
v -0.49206 0.10218 0.38085
v -0.55979 0.16833 0.55376
v -0.55979 0.16833 0.55376
v -0.49451 -0.13278 0.18904
v -0.49451 -0.13278 0.18904
v -0.49451 -0.13278 0.18904
v -0.52080 -0.12664 -0.03781
v -0.52080 -0.12664 -0.03781
v -0.49770 -0.09852 0.43161
v -0.50374 -0.07019 0.55190
v -0.50374 -0.07019 0.55190
v -0.55028 -0.01689 0.31511
v -0.55028 -0.01689 0.31511
v -0.55164 0.00955 0.09621
v -0.55164 0.00955 0.09621
v -0.52118 -0.00536 -0.22604
v -0.52118 -0.00536 -0.22604
v -0.49330 0.22862 0.06859
v -0.49330 0.22862 0.06859
v -0.49330 0.22862 0.06859
v -0.55878 0.25751 -0.01419
v -0.54013 -0.10700 -0.01998
v -0.54013 -0.10700 -0.01998
v -0.54413 -0.13784 0.02783
v -0.54413 -0.13784 0.02783
v -0.54413 -0.13784 0.02783
v -0.54413 -0.13784 0.02783
v -0.54413 -0.13784 0.02783
v -0.53589 -0.09358 0.04014
v -0.53589 -0.09358 0.04014
v -0.54062 -0.07577 -0.08717
v -0.51764 0.25992 -0.13887
v -0.51764 0.25992 -0.13887
v -0.51764 0.25992 -0.13887
v -0.55549 0.28755 -0.02593
v -0.55549 0.28755 -0.02593
v -0.55549 0.28755 -0.02593
v -0.54360 0.26781 -0.14609
v -0.54360 0.26781 -0.14609
v -0.55730 0.28286 -0.10305
v -0.55730 0.28286 -0.10305
v -0.55730 0.28286 -0.10305
v -0.53867 0.28040 -0.16287
v -0.53867 0.28040 -0.16287
v -0.54697 0.27424 -0.04695
v -0.54697 0.27424 -0.04695
v -0.50337 -0.10635 0.50810
v -0.50337 -0.10635 0.50810
v -0.54239 -0.15221 0.51914
v -0.54239 -0.15221 0.51914
v -0.54041 0.24352 -0.02543
v -0.54314 0.44082 -0.09357
v -0.54314 0.44082 -0.09357
v -0.52204 0.43537 -0.17502
v -0.52204 0.43537 -0.17502
v -0.52204 0.43537 -0.17502
v -0.55666 0.42223 0.00073
v -0.55666 0.42223 0.00073
v -0.55666 0.42223 0.00073
v -0.46137 -0.12023 0.43662
v -0.53836 -0.08463 0.39143
v -0.52306 -0.08867 -0.11244
v -0.52972 -0.05844 0.36702
v -0.52972 -0.05844 0.36702
v -0.52552 0.14651 -0.22364
v -0.52552 0.14651 -0.22364
v -0.52748 0.07438 0.10400
v -0.52748 0.07438 0.10400
v -0.50924 0.28942 -0.16194
v -0.50924 0.28942 -0.16194
v -0.48746 0.40587 -0.16830
v -0.48746 0.40587 -0.16830
v -0.49500 -0.16257 0.06357
v -0.49500 -0.16257 0.06357
v -0.48794 -0.00501 0.16999
v -0.48794 -0.00501 0.16999
v -0.49932 0.01403 0.58283
v -0.49932 0.01403 0.58283
v -0.48733 0.08545 0.09803
v -0.48733 0.08545 0.09803
v -0.51818 0.21095 0.01237
v -0.51818 0.21095 0.01237
v -0.51818 0.21095 0.01237
v -0.51818 0.21095 0.01237
v -0.49024 0.14875 0.43181
v -0.49024 0.14875 0.43181
v -0.49795 0.21120 -0.20216
v -0.49795 0.21120 -0.20216
v -0.45545 0.13181 0.51056
v -0.45545 0.13181 0.51056
v -0.50012 0.23348 0.02628
v -0.50012 0.23348 0.02628
v -0.52747 0.38857 0.07362
v -0.52747 0.38857 0.07362
v -0.51920 0.46398 0.02465
v -0.51920 0.46398 0.02465
v -0.50120 -0.12843 -0.05410
v -0.50120 -0.12843 -0.05410
v -0.50120 -0.12843 -0.05410
v -0.46870 -0.09285 0.34705
v -0.46870 -0.09285 0.34705
v -0.49541 0.13465 0.57652
v -0.49541 0.13465 0.57652
v -0.49541 0.13465 0.57652
v -0.48114 0.30000 -0.21455
v -0.48114 0.30000 -0.21455
v -0.49523 -0.01624 0.34696
v -0.46786 0.03581 0.35697
v -0.46786 0.03581 0.35697
v -0.46786 0.03581 0.35697
v -0.46641 0.15070 -0.22140
v -0.51528 0.15644 0.07321
v -0.51528 0.15644 0.07321
v -0.51528 0.15644 0.07321
v -0.46225 0.17759 0.39235
v -0.46225 0.17759 0.39235
v -0.49272 0.29226 -0.14705
v -0.49272 0.29226 -0.14705
v -0.47928 0.40822 -0.01304
v -0.47928 0.40822 -0.01304
v -0.45668 0.47633 -0.19894
v -0.45668 0.47633 -0.19894
v -0.46523 -0.12196 0.42306
v -0.44580 0.04776 0.57541
v -0.44580 0.04776 0.57541
v -0.44580 0.04776 0.57541
v -0.50076 0.49172 0.00875
v -0.46370 0.58219 -0.09626
v -0.51410 -0.15289 0.02237
v -0.44254 -0.10351 0.26695
v -0.44948 -0.02860 -0.18879
v -0.44948 -0.02860 -0.18879
v -0.44675 0.11001 0.41375
v -0.44675 0.11001 0.41375
v -0.46665 0.12263 0.52706
v -0.46892 0.19120 0.03294
v -0.46892 0.19120 0.03294
v -0.50804 0.16552 0.05903
v -0.50804 0.16552 0.05903
v -0.46656 0.40080 -0.16107
v -0.46656 0.40080 -0.16107
v -0.50175 0.35673 0.06749
v -0.49622 0.35963 0.12005
v -0.49622 0.35963 0.12005
v -0.49622 0.35963 0.12005
v -0.43228 0.37560 0.14176
v -0.43228 0.37560 0.14176
v -0.47757 0.53131 0.04667
v -0.49665 0.48796 -0.10452
v -0.43518 -0.06753 0.54839
v -0.48853 0.03003 0.59545
v -0.48853 0.03003 0.59545
v -0.45213 0.02710 0.15023
v -0.45213 0.02710 0.15023
v -0.48115 0.29859 -0.17749
v -0.48115 0.29859 -0.17749
v -0.43498 0.30519 0.15672
v -0.43498 0.30519 0.15672
v -0.46670 0.40588 0.01796
v -0.46670 0.40588 0.01796
v -0.48686 -0.92342 0.15960
v -0.48686 -0.92342 0.15960
v -0.48686 -0.92342 0.15960
v -0.47039 -0.90391 0.16185
v -0.47039 -0.90391 0.16185
v -0.47054 -0.90105 0.11430
v -0.47054 -0.90105 0.11430
v -0.41985 -0.21880 0.09827
v -0.41985 -0.21880 0.09827
v -0.47101 -0.17528 0.19296
v -0.47101 -0.17528 0.19296
v -0.47101 -0.17528 0.19296
v -0.44767 -0.10585 -0.10914
v -0.44767 -0.10585 -0.10914
v -0.46402 0.20096 -0.21974
v -0.47414 0.31780 -0.21742
v -0.47414 0.31780 -0.21742
v -0.42133 0.39397 0.06151
v -0.42133 0.39397 0.06151
v -0.42133 0.39397 0.06151
v -0.44260 0.54903 0.09225
v -0.49121 0.64105 -0.08877
v -0.49121 0.64105 -0.08877
v -0.45283 0.59835 -0.05419
v -0.45283 0.59835 -0.05419
v -0.40507 -0.89255 0.01505
v -0.40507 -0.89255 0.01505
v -0.40507 -0.89255 0.01505
v -0.41046 -0.93646 0.03389
v -0.49711 -0.22947 0.03476
v -0.49711 -0.22947 0.03476
v -0.49711 -0.22947 0.03476
v -0.46712 -0.18267 0.05465
v -0.46712 -0.18267 0.05465
v -0.46712 -0.18267 0.05465
v -0.44039 -0.24228 0.00343
v -0.44039 -0.24228 0.00343
v -0.43891 -0.10786 0.32065
v -0.44645 -0.11361 0.44919
v -0.45322 -0.11482 0.49789
v -0.45322 -0.11482 0.49789
v -0.40029 -0.07236 0.54036
v -0.40029 -0.07236 0.54036
v -0.40029 -0.07236 0.54036
v -0.40029 -0.07236 0.54036
v -0.43965 -0.00501 0.35023
v -0.43965 -0.00501 0.35023
v -0.44792 -0.03211 0.20951
v -0.44792 -0.03211 0.20951
v -0.44792 -0.03211 0.20951
v -0.45412 0.05308 0.36865
v -0.45412 0.05308 0.36865
v -0.42539 0.07207 0.12422
v -0.42539 0.07207 0.12422
v -0.42539 0.07207 0.12422
v -0.47783 0.12781 0.57443
v -0.47783 0.12781 0.57443
v -0.46727 0.09865 0.55216
v -0.46727 0.09865 0.55216
v -0.45754 0.20289 0.06105
v -0.45754 0.20289 0.06105
v -0.45754 0.20289 0.06105
v -0.47014 0.29518 -0.23007
v -0.47014 0.29518 -0.23007
v -0.47014 0.29518 -0.23007
v -0.41877 0.44071 -0.26872
v -0.41877 0.44071 -0.26872
v -0.47345 0.61014 -0.10782
v -0.47345 0.61014 -0.10782
v -0.45373 0.62946 -0.11007
v -0.42946 0.62357 -0.07439
v -0.42080 -0.88016 0.10928
v -0.42080 -0.88016 0.10928
v -0.40726 -0.20913 0.01658
v -0.40726 -0.20913 0.01658
v -0.40726 -0.20913 0.01658
v -0.39257 -0.15213 -0.00978
v -0.39257 -0.15213 -0.00978
v -0.49393 -0.16262 0.01784
v -0.49393 -0.16262 0.01784
v -0.49393 -0.16262 0.01784
v -0.49393 -0.16262 0.01784
v -0.39687 0.04973 -0.16790
v -0.44510 0.11615 0.51370
v -0.45286 0.15353 0.05801
v -0.40751 0.24026 -0.22943
v -0.40751 0.24026 -0.22943
v -0.44305 0.23605 -0.25771
v -0.43556 0.40476 -0.19541
v -0.43556 0.40476 -0.19541
v -0.43556 0.40476 -0.19541
v -0.38672 0.40440 -0.28162
v -0.38672 0.40440 -0.28162
v -0.41362 0.60586 0.06141
v -0.41362 0.60586 0.06141
v -0.39580 -0.93738 0.11404
v -0.39580 -0.93738 0.11404
v -0.41345 -0.05114 0.26098
v -0.41345 -0.05114 0.26098
v -0.43942 -0.04630 0.57828
v -0.43942 -0.04630 0.57828
v -0.40029 -0.00925 0.59668
v -0.40029 -0.00925 0.59668
v -0.44834 0.12324 0.42635
v -0.44842 0.44258 0.12081
v -0.45145 -0.18359 0.24356
v -0.45145 -0.18359 0.24356
v -0.41443 -0.22147 0.29196
v -0.41443 -0.22147 0.29196
v -0.41443 -0.22147 0.29196
v -0.43379 -0.13946 -0.04852
v -0.44589 -0.05973 0.38844
v -0.44589 -0.05973 0.38844
v -0.41208 0.02723 0.35641
v -0.41208 0.02723 0.35641
v -0.41208 0.02723 0.35641
v -0.43331 0.08158 0.38069
v -0.43764 0.21459 -0.26819
v -0.43764 0.21459 -0.26819
v -0.39315 0.52899 0.14131
v -0.39315 0.52899 0.14131
v -0.42442 0.60574 -0.13332
v -0.42442 0.60574 -0.13332
v -0.41896 -0.21558 0.23937
v -0.40238 -0.08300 -0.10756
v -0.40238 -0.08300 -0.10756
v -0.40238 -0.08300 -0.10756
v -0.40238 -0.08300 -0.10756
v -0.42927 -0.03540 0.29267
v -0.42927 -0.03540 0.29267
v -0.42893 -0.10504 0.32264
v -0.44505 0.03527 0.34969
v -0.42593 0.03950 0.35062
v -0.42593 0.03950 0.35062
v -0.37311 0.20434 0.07803
v -0.37311 0.20434 0.07803
v -0.37311 0.20434 0.07803
v -0.36294 0.27910 0.14256
v -0.42396 -0.16554 0.33507
v -0.42396 -0.16554 0.33507
v -0.40706 -0.12620 -0.04773
v -0.40706 -0.12620 -0.04773
v -0.41441 -0.10338 0.53363
v -0.41441 -0.10338 0.53363
v -0.41441 -0.10338 0.53363
v -0.42786 -0.08572 0.47354
v -0.42786 -0.08572 0.47354
v -0.42786 -0.08572 0.47354
v -0.40990 -0.01102 0.21685
v -0.37165 0.03049 0.17676
v -0.37165 0.03049 0.17676
v -0.38445 0.05576 0.40050
v -0.38445 0.05576 0.40050
v -0.41333 0.11762 0.47700
v -0.41333 0.11762 0.47700
v -0.41333 0.11762 0.47700
v -0.39126 0.14444 -0.23025
v -0.41519 0.26485 -0.27456
v -0.41519 0.26485 -0.27456
v -0.38997 0.54673 -0.21963
v -0.43500 0.60799 0.14597
v -0.43500 0.60799 0.14597
v -0.43500 0.60799 0.14597
v -0.38078 -0.89574 0.06075
v -0.39201 -0.23782 0.07054
v -0.40863 -0.23505 0.23025
v -0.40561 -0.15415 -0.01938
v -0.40561 -0.15415 -0.01938
v -0.38160 -0.14996 -0.02864
v -0.38160 -0.14996 -0.02864
v -0.41044 0.07719 0.51806
v -0.39481 0.05341 0.11024
v -0.39481 0.05341 0.11024
v -0.39481 0.05341 0.11024
v -0.39481 0.05341 0.11024
v -0.39481 0.05341 0.11024
v -0.40015 0.07519 0.38824
v -0.34629 0.28683 0.16937
v -0.34629 0.28683 0.16937
v -0.35351 0.33644 0.10873
v -0.43685 -0.93577 0.20506
v -0.43685 -0.93577 0.20506
v -0.41489 -0.90149 0.24413
v -0.41489 -0.90149 0.24413
v -0.39488 -0.11526 0.33758
v -0.39488 -0.11526 0.33758
v -0.39488 -0.11526 0.33758
v -0.40490 -0.16181 0.33251
v -0.35138 -0.14514 0.41692
v -0.35138 -0.14514 0.41692
v -0.39841 -0.03035 -0.15300
v -0.39841 -0.03035 -0.15300
v -0.39266 -0.04007 0.36842
v -0.38058 0.05773 0.11080
v -0.38058 0.05773 0.11080
v -0.38058 0.05773 0.11080
v -0.38058 0.05773 0.11080
v -0.38517 0.05425 0.52411
v -0.38517 0.05425 0.52411
v -0.40965 0.57304 -0.18775
v -0.40965 0.57304 -0.18775
v -0.37097 -0.84833 0.13849
v -0.40260 -0.24016 0.30770
v -0.40260 -0.24016 0.30770
v -0.41038 -0.02643 0.56250
v -0.41038 -0.02643 0.56250
v -0.39411 0.34290 0.16261
v -0.38497 0.39466 -0.22853
v -0.38497 0.39466 -0.22853
v -0.36045 0.59113 0.12053
v -0.36045 0.59113 0.12053
v -0.33068 0.68726 -0.10947
v -0.33068 0.68726 -0.10947
v -0.36832 0.67080 -0.05562
v -0.36832 0.67080 -0.05562
v -0.37374 -0.93811 0.17100
v -0.37374 -0.93811 0.17100
v -0.39538 -0.23330 0.30883
v -0.36500 -0.12115 -0.03578
v -0.36500 -0.12115 -0.03578
v -0.39525 -0.10106 -0.06472
v -0.39525 -0.10106 -0.06472
v -0.37118 -0.05180 0.35174
v -0.37118 -0.05180 0.35174
v -0.37118 -0.05180 0.35174
v -0.37118 -0.05180 0.35174
v -0.37273 -0.02671 0.33406
v -0.37273 -0.02671 0.33406
v -0.34642 -0.00388 0.17312
v -0.34642 -0.00388 0.17312
v -0.34642 -0.00388 0.17312
v -0.40434 0.05476 0.09033
v -0.40434 0.05476 0.09033
v -0.38850 0.05385 0.10346
v -0.38850 0.05385 0.10346
v -0.38850 0.05385 0.10346
v -0.37695 0.08395 0.49416
v -0.37695 0.08395 0.49416
v -0.33412 0.31852 0.10384
v -0.33412 0.31852 0.10384
v -0.33412 0.31852 0.10384
v -0.33412 0.31852 0.10384
v -0.37466 0.46434 0.16209
v -0.37466 0.46434 0.16209
v -0.32810 0.50516 -0.27187
v -0.32810 0.50516 -0.27187
v -0.40571 0.61971 -0.27294
v -0.40571 0.61971 -0.27294
v -0.41362 0.62408 -0.26245
v -0.41362 0.62408 -0.26245
v -0.35199 -0.28627 0.28583
v -0.35199 -0.28627 0.28583
v -0.39142 -0.25375 0.30401
v -0.39142 -0.25375 0.30401
v -0.39142 -0.25375 0.30401
v -0.35952 -0.21810 0.09428
v -0.34815 -0.21832 0.29274
v -0.34815 -0.21832 0.29274
v -0.34815 -0.21832 0.29274
v -0.39162 -0.14830 -0.01697
v -0.36731 -0.13418 -0.02131
v -0.36731 -0.13418 -0.02131
v -0.36731 -0.13418 -0.02131
v -0.34963 -0.08424 -0.05580
v -0.34963 -0.08424 -0.05580
v -0.33723 -0.12220 0.43245
v -0.33723 -0.12220 0.43245
v -0.36032 -0.07881 0.49421
v -0.36032 -0.07881 0.49421
v -0.40815 -0.01769 0.52207
v -0.40815 -0.01769 0.52207
v -0.36091 -0.01206 0.26098
v -0.36091 -0.01206 0.26098
v -0.37745 0.02011 0.45825
v -0.37745 0.02011 0.45825
v -0.35811 0.05307 0.48108
v -0.35811 0.05307 0.48108
v -0.35792 0.14123 0.06310
v -0.35792 0.14123 0.06310
v -0.37680 0.31379 -0.23385
v -0.37680 0.31379 -0.23385
v -0.35082 0.32488 -0.25002
v -0.35082 0.32488 -0.25002
v -0.35082 0.32488 -0.25002
v -0.35082 0.32488 -0.25002
v -0.34235 0.57704 -0.24677
v -0.34235 0.57704 -0.24677
v -0.35951 -0.23602 0.16446
v -0.33558 -0.25966 0.19792
v -0.37722 -0.24121 0.29429
v -0.37722 -0.24121 0.29429
v -0.34951 -0.17282 0.00639
v -0.34951 -0.17282 0.00639
v -0.34951 -0.17282 0.00639
v -0.37085 -0.13411 0.33213
v -0.37085 -0.13411 0.33213
v -0.37085 -0.13411 0.33213
v -0.37334 -0.05650 0.31498
v -0.37334 -0.05650 0.31498
v -0.37334 -0.05650 0.31498
v -0.35172 -0.09106 0.34030
v -0.35172 -0.09106 0.34030
v -0.35172 -0.09106 0.34030
v -0.35172 -0.09106 0.34030
v -0.35172 -0.09106 0.34030
v -0.35172 -0.09106 0.34030
v -0.36623 0.03721 0.09325
v -0.36623 0.03721 0.09325
v -0.36623 0.03721 0.09325
v -0.36623 0.03721 0.09325
v -0.36623 0.03721 0.09325
v -0.36623 0.03721 0.09325
v -0.36623 0.03721 0.09325
v -0.35447 0.07361 0.10620
v -0.35447 0.07361 0.10620
v -0.37930 0.09439 0.49199
v -0.37930 0.09439 0.49199
v -0.35591 0.25739 -0.25924
v -0.34677 0.59692 -0.20690
v -0.35849 -0.90812 0.16840
v -0.35849 -0.90812 0.16840
v -0.38209 -0.40532 0.00394
v -0.38209 -0.40532 0.00394
v -0.36506 -0.38779 0.01647
v -0.37350 -0.44536 0.07879
v -0.37350 -0.44536 0.07879
v -0.37350 -0.44536 0.07879
v -0.32785 -0.22421 0.11697
v -0.32785 -0.22421 0.11697
v -0.36472 -0.12773 -0.00476
v -0.36472 -0.12773 -0.00476
v -0.36472 -0.12773 -0.00476
v -0.35906 0.01507 -0.10525
v -0.35906 0.01507 -0.10525
v -0.30665 0.00492 0.44975
v -0.30665 0.00492 0.44975
v -0.30665 0.00492 0.44975
v -0.34923 0.03278 0.05635
v -0.34923 0.03278 0.05635
v -0.34923 0.03278 0.05635
v -0.34923 0.03278 0.05635
v -0.34215 0.06674 -0.13277
v -0.34215 0.06674 -0.13277
v -0.34616 0.30225 0.14686
v -0.21733 -0.93012 0.06404
v -0.31963 -0.95000 -0.00793
v -0.31963 -0.95000 -0.00793
v -0.34863 -0.31808 0.05782
v -0.34863 -0.31808 0.05782
v -0.35320 -0.20151 0.37109
v -0.33051 -0.01667 0.36444
v -0.33051 -0.01667 0.36444
v -0.33051 -0.01667 0.36444
v -0.33051 -0.01667 0.36444
v -0.32243 0.35112 -0.26059
v -0.32243 0.35112 -0.26059
v -0.27778 0.63877 0.15169
v -0.27778 0.63877 0.15169
v -0.37034 0.73510 -0.06419
v -0.37034 0.73510 -0.06419
v -0.36055 -0.90795 0.27325
v -0.36055 -0.90795 0.27325
v -0.35375 -0.90035 0.25488
v -0.35375 -0.90035 0.25488
v -0.36032 -0.91794 0.23874
v -0.36032 -0.91794 0.23874
v -0.36032 -0.91794 0.23874
v -0.36032 -0.91794 0.23874
v -0.36032 -0.91794 0.23874
v -0.29927 -0.94894 -0.05357
v -0.29927 -0.94894 -0.05357
v -0.31025 -0.85825 -0.04104
v -0.31025 -0.85825 -0.04104
v -0.30243 -0.81389 0.03666
v -0.35689 -0.37904 0.01562
v -0.33802 -0.40514 -0.03927
v -0.33802 -0.40514 -0.03927
v -0.33802 -0.40514 -0.03927
v -0.33802 -0.40514 -0.03927
v -0.33802 -0.40514 -0.03927
v -0.32485 -0.27957 -0.02820
v -0.32485 -0.27957 -0.02820
v -0.32485 -0.27957 -0.02820
v -0.33652 -0.38804 0.11098
v -0.33652 -0.38804 0.11098
v -0.33447 -0.21450 0.02159
v -0.33447 -0.21450 0.02159
v -0.33447 -0.21450 0.02159
v -0.35752 -0.17744 0.45414
v -0.35752 -0.17744 0.45414
v -0.35752 -0.17744 0.45414
v -0.32650 -0.24678 0.45700
v -0.32650 -0.24678 0.45700
v -0.33947 -0.12019 -0.01691
v -0.33947 -0.12019 -0.01691
v -0.33947 -0.12019 -0.01691
v -0.37729 -0.16476 0.31129
v -0.37729 -0.16476 0.31129
v -0.29618 -0.08250 0.48597
v -0.29618 -0.08250 0.48597
v -0.29618 -0.08250 0.48597
v -0.34022 -0.00243 -0.08663
v -0.34022 -0.00243 -0.08663
v -0.31123 -0.02766 0.30147
v -0.31123 -0.02766 0.30147
v -0.31514 -0.04950 0.49215
v -0.32590 0.02789 0.06237
v -0.32590 0.02789 0.06237
v -0.32590 0.02789 0.06237
v -0.32590 0.02789 0.06237
v -0.32590 0.02789 0.06237
v -0.32590 0.02789 0.06237
v -0.33464 0.42406 -0.25781
v -0.33464 0.42406 -0.25781
v -0.33464 0.42406 -0.25781
v -0.32215 0.47474 -0.30133
v -0.32495 0.42189 0.17648
v -0.32495 0.42189 0.17648
v -0.36126 0.48253 0.23517
v -0.36126 0.48253 0.23517
v -0.36126 0.48253 0.23517
v -0.33050 0.49793 0.17517
v -0.33050 0.49793 0.17517
v -0.32900 0.55762 -0.23951
v -0.32900 0.55762 -0.23951
v -0.25115 -0.94473 0.15290
v -0.25115 -0.94473 0.15290
v -0.25115 -0.94473 0.15290
v -0.33445 -0.89198 0.23725
v -0.33445 -0.89198 0.23725
v -0.33445 -0.89198 0.23725
v -0.33445 -0.89198 0.23725
v -0.32408 -0.86807 0.12376
v -0.35543 -0.45514 0.08544
v -0.35543 -0.45514 0.08544
v -0.33794 -0.42978 0.09694
v -0.33794 -0.42978 0.09694
v -0.33794 -0.42978 0.09694
v -0.33794 -0.42978 0.09694
v -0.33794 -0.42978 0.09694
v -0.34516 -0.24821 0.26258
v -0.34516 -0.24821 0.26258
v -0.34478 -0.24465 0.28576
v -0.34478 -0.24465 0.28576
v -0.35065 0.01824 -0.03118
v -0.32586 0.09526 -0.09136
v -0.29347 0.18055 -0.19012
v -0.29347 0.18055 -0.19012
v -0.29347 0.18055 -0.19012
v -0.31279 0.18886 0.07936
v -0.31279 0.18886 0.07936
v -0.34785 0.31035 0.17577
v -0.34850 0.45889 0.21556
v -0.34850 0.45889 0.21556
v -0.30771 0.67225 0.07415
v -0.32808 0.69107 -0.01914
v -0.28465 0.69395 -0.05305
v -0.28465 0.69395 -0.05305
v -0.33098 -0.57177 -0.02939
v -0.33098 -0.57177 -0.02939
v -0.32042 -0.61323 -0.02104
v -0.32042 -0.61323 -0.02104
v -0.32042 -0.61323 -0.02104
v -0.32042 -0.61323 -0.02104
v -0.35173 -0.57489 0.04775
v -0.29171 -0.51830 0.01148
v -0.29171 -0.51830 0.01148
v -0.33669 -0.45570 0.18451
v -0.33669 -0.45570 0.18451
v -0.34728 -0.56742 0.16704
v -0.32213 -0.48762 0.29774
v -0.32213 -0.48762 0.29774
v -0.31829 -0.39370 0.02032
v -0.31829 -0.39370 0.02032
v -0.33010 -0.39894 -0.07566
v -0.34652 -0.17813 0.00243
v -0.34652 -0.17813 0.00243
v -0.34548 -0.18917 -0.03655
v -0.30125 -0.13879 -0.01929
v -0.30125 -0.13879 -0.01929
v -0.30125 -0.13879 -0.01929
v -0.31338 -0.02554 -0.02729
v -0.32845 -0.04731 -0.00088
v -0.32845 -0.04731 -0.00088
v -0.32845 -0.04731 -0.00088
v -0.32845 -0.04731 -0.00088
v -0.32053 -0.02568 0.23754
v -0.30708 -0.00896 0.13534
v -0.33322 0.02230 0.10680
v -0.31841 0.08309 0.00004
v -0.31841 0.08309 0.00004
v -0.34396 0.09843 0.03184
v -0.33391 0.04018 0.03143
v -0.34778 0.14610 0.07956
v -0.34778 0.14610 0.07956
v -0.33102 0.32415 -0.26854
v -0.33102 0.32415 -0.26854
v -0.33102 0.32415 -0.26854
v -0.32510 -0.64439 -0.01483
v -0.32510 -0.64439 -0.01483
v -0.32014 -0.64552 0.09178
v -0.33354 -0.49669 0.12953
v -0.31961 -0.58431 0.23169
v -0.26835 -0.25001 0.02452
v -0.26835 -0.25001 0.02452
v -0.31412 -0.26294 0.28157
v -0.31412 -0.26294 0.28157
v -0.32950 -0.24098 -0.01516
v -0.32950 -0.24098 -0.01516
v -0.32977 -0.23886 -0.05738
v -0.33014 -0.21032 -0.08796
v -0.33014 -0.21032 -0.08796
v -0.31046 -0.18509 0.07725
v -0.31046 -0.18509 0.07725
v -0.32931 -0.18886 0.48861
v -0.32931 -0.18886 0.48861
v -0.32931 -0.18886 0.48861
v -0.32931 -0.18886 0.48861
v -0.32931 -0.18886 0.48861
v -0.31841 -0.18529 0.46216
v -0.31841 -0.18529 0.46216
v -0.31841 -0.18529 0.46216
v -0.32516 -0.13681 0.00170
v -0.32377 -0.15042 0.52398
v -0.32377 -0.15042 0.52398
v -0.32377 -0.15042 0.52398
v -0.33236 -0.02853 -0.03951
v -0.31553 0.32877 0.18524
v -0.31553 0.32877 0.18524
v -0.29246 0.41604 0.19731
v -0.30309 0.45206 -0.28358
v -0.30309 0.45206 -0.28358
v -0.30309 0.45206 -0.28358
v -0.30309 0.45206 -0.28358
v -0.32791 0.47748 0.20813
v -0.29087 0.51252 -0.31124
v -0.29087 0.51252 -0.31124
v -0.29087 0.51252 -0.31124
v -0.30804 0.63365 -0.19948
v -0.30354 0.68691 -0.14242
v -0.30676 -0.65123 0.16279
v -0.30676 -0.65123 0.16279
v -0.30543 -0.51997 0.05608
v -0.30508 -0.46677 0.06356
v -0.28664 -0.47069 -0.04293
v -0.28664 -0.47069 -0.04293
v -0.31350 -0.44699 -0.01367
v -0.30462 -0.28658 -0.08749
v -0.30462 -0.28658 -0.08749
v -0.28330 -0.25730 0.24861
v -0.28330 -0.25730 0.24861
v -0.28330 -0.25730 0.24861
v -0.28330 -0.25730 0.24861
v -0.28330 -0.25730 0.24861
v -0.30828 -0.25949 0.42240
v -0.30828 -0.25949 0.42240
v -0.33069 -0.21696 -0.19271
v -0.33069 -0.21696 -0.19271
v -0.31146 -0.23497 -0.19080
v -0.32327 -0.24111 -0.15368
v -0.32327 -0.24111 -0.15368
v -0.28755 -0.27327 0.38720
v -0.28755 -0.27327 0.38720
v -0.30557 -0.20067 -0.23171
v -0.30557 -0.20067 -0.23171
v -0.30557 -0.20067 -0.23171
v -0.31279 -0.22060 0.48307
v -0.31279 -0.22060 0.48307
v -0.32744 -0.17168 -0.11967
v -0.31764 -0.17710 -0.18166
v -0.30166 -0.11819 0.03400
v -0.30166 -0.11819 0.03400
v -0.30166 -0.11819 0.03400
v -0.33989 -0.02855 0.01643
v -0.33989 -0.02855 0.01643
v -0.32874 -0.00207 0.02044
v -0.30388 0.12928 -0.17328
v -0.30388 0.12928 -0.17328
v -0.30857 0.17867 0.05527
v -0.30753 0.26116 -0.24942
v -0.30753 0.26116 -0.24942
v -0.30753 0.26116 -0.24942
v -0.30753 0.26116 -0.24942
v -0.31497 0.32337 -0.24743
v -0.31497 0.32337 -0.24743
v -0.31497 0.32337 -0.24743
v -0.31497 0.32337 -0.24743
v -0.31497 0.32337 -0.24743
v -0.28973 0.38027 0.19203
v -0.26637 0.55188 0.18296
v -0.29844 0.67756 -0.09906
v -0.30008 -0.61467 -0.01882
v -0.30008 -0.61467 -0.01882
v -0.30008 -0.61467 -0.01882
v -0.32216 -0.61478 -0.03603
v -0.32216 -0.61478 -0.03603
v -0.28611 -0.42048 0.21479
v -0.28611 -0.42048 0.21479
v -0.33143 -0.44729 -0.07381
v -0.33143 -0.44729 -0.07381
v -0.33143 -0.44729 -0.07381
v -0.30148 -0.35776 0.13095
v -0.30148 -0.35776 0.13095
v -0.30148 -0.35776 0.13095
v -0.30148 -0.35776 0.13095
v -0.30110 -0.32506 0.13573
v -0.30110 -0.32506 0.13573
v -0.30110 -0.32506 0.13573
v -0.30676 -0.20953 0.18961
v -0.31340 -0.24028 0.46147
v -0.31220 -0.22974 0.46871
v -0.29610 -0.21401 0.48376
v -0.29610 -0.21401 0.48376
v -0.31204 -0.18919 0.05004
v -0.31204 -0.18919 0.05004
v -0.30142 -0.16761 -0.22798
v -0.30142 -0.16761 -0.22798
v -0.29171 -0.18855 0.47866
v -0.29171 -0.18855 0.47866
v -0.29171 -0.18855 0.47866
v -0.24795 -0.09805 -0.09539
v -0.24795 -0.09805 -0.09539
v -0.30814 -0.10627 0.02253
v -0.30814 -0.10627 0.02253
v -0.26820 -0.04882 0.16891
v -0.26820 -0.04882 0.16891
v -0.32547 0.00757 0.38799
v -0.32547 0.00757 0.38799
v -0.28395 -0.02849 0.08907
v -0.32653 0.35737 -0.30552
v -0.32653 0.35737 -0.30552
v -0.31528 0.32519 -0.31521
v -0.31528 0.32519 -0.31521
v -0.30269 -0.55567 0.28482
v -0.30269 -0.55567 0.28482
v -0.30269 -0.55567 0.28482
v -0.25581 -0.38802 0.18745
v -0.29692 -0.37879 0.15417
v -0.29692 -0.37879 0.15417
v -0.30334 -0.36855 0.10591
v -0.30334 -0.36855 0.10591
v -0.27102 -0.27282 0.22698
v -0.27102 -0.27282 0.22698
v -0.28805 -0.25441 0.20323
v -0.28805 -0.25441 0.20323
v -0.26227 -0.25561 0.29706
v -0.30398 -0.16465 0.09386
v -0.29390 -0.19543 0.12979
v -0.27744 -0.13461 0.07847
v -0.28902 -0.04824 0.11744
v -0.28902 -0.04824 0.11744
v -0.27283 0.13146 -0.01805
v -0.29368 0.16605 0.04812
v -0.29368 0.16605 0.04812
v -0.26152 0.26266 0.10140
v -0.26152 0.26266 0.10140
v -0.26152 0.26266 0.10140
v -0.30212 0.24147 -0.29592
v -0.30212 0.24147 -0.29592
v -0.26048 -0.69297 -0.09075
v -0.26048 -0.69297 -0.09075
v -0.29363 -0.60876 0.22114
v -0.29363 -0.60876 0.22114
v -0.28862 -0.39110 -0.08166
v -0.28862 -0.39110 -0.08166
v -0.30624 -0.24974 0.45713
v -0.28921 -0.22266 0.25137
v -0.28921 -0.22266 0.25137
v -0.26333 -0.24402 0.26628
v -0.24460 -0.23205 -0.23430
v -0.24460 -0.23205 -0.23430
v -0.29551 -0.20973 0.15319
v -0.29551 -0.20973 0.15319
v -0.29630 -0.21445 0.17133
v -0.29630 -0.21445 0.17133
v -0.27384 -0.16903 0.03412
v -0.27384 -0.16903 0.03412
v -0.27384 -0.16903 0.03412
v -0.27369 -0.17852 0.50455
v -0.27369 -0.17852 0.50455
v -0.27369 -0.17852 0.50455
v -0.27467 -0.08063 0.52453
v -0.27467 -0.08063 0.52453
v -0.26406 -0.04567 0.34561
v -0.26406 -0.04567 0.34561
v -0.26406 -0.04567 0.34561
v -0.28880 -0.02703 0.19893
v -0.28880 -0.02703 0.19893
v -0.28252 0.00763 0.44738
v -0.28252 0.00763 0.44738
v -0.29983 0.16479 -0.15605
v -0.29983 0.16479 -0.15605
v -0.29874 0.22080 -0.33819
v -0.29874 0.22080 -0.33819
v -0.27803 0.31315 -0.35434
v -0.27803 0.31315 -0.35434
v -0.27803 0.31315 -0.35434
v -0.27803 0.31315 -0.35434
v -0.28240 -0.64871 -0.05203
v -0.28240 -0.64871 -0.05203
v -0.27360 -0.61154 -0.05680
v -0.23381 -0.53123 0.27726
v -0.23381 -0.53123 0.27726
v -0.23381 -0.53123 0.27726
v -0.29820 -0.29603 0.08383
v -0.25365 -0.27677 0.36536
v -0.26186 -0.21840 -0.17909
v -0.26186 -0.21840 -0.17909
v -0.27909 -0.23777 0.45017
v -0.24563 -0.18101 0.16872
v -0.24563 -0.18101 0.16872
v -0.28282 -0.15114 0.06929
v -0.28282 -0.15114 0.06929
v -0.25762 -0.16875 0.14148
v -0.25762 -0.16875 0.14148
v -0.25366 -0.11825 -0.21279
v -0.25366 -0.11825 -0.21279
v -0.25366 -0.11825 -0.21279
v -0.25366 -0.11825 -0.21279
v -0.28083 -0.14251 -0.10094
v -0.28083 -0.14251 -0.10094
v -0.28937 -0.07906 0.03927
v -0.28247 -0.05722 0.49682
v -0.28247 -0.05722 0.49682
v -0.28685 -0.05369 0.27846
v -0.28777 0.22245 -0.26643
v -0.26856 0.15617 -0.21487
v -0.25777 0.25980 -0.31012
v -0.25777 0.25980 -0.31012
v -0.25777 0.25980 -0.31012
v -0.25777 0.25980 -0.31012
v -0.26445 0.34221 0.16634
v -0.26445 0.34221 0.16634
v -0.25935 0.48318 -0.28946
v -0.25935 0.48318 -0.28946
v -0.26533 0.45545 -0.28667
v -0.26533 0.45545 -0.28667
v -0.30168 0.54788 -0.29822
v -0.30168 0.54788 -0.29822
v -0.27709 0.64478 -0.21894
v -0.28250 0.65721 -0.17813
v -0.26824 -0.83150 0.08553
v -0.26824 -0.83150 0.08553
v -0.27736 -0.76306 0.01549
v -0.27736 -0.76306 0.01549
v -0.29155 -0.74031 -0.07421
v -0.29155 -0.74031 -0.07421
v -0.29155 -0.74031 -0.07421
v -0.29155 -0.74031 -0.07421
v -0.26759 -0.74618 -0.10509
v -0.26759 -0.74618 -0.10509
v -0.29597 -0.71089 -0.08265
v -0.27466 -0.70709 0.05680
v -0.27466 -0.70709 0.05680
v -0.24932 -0.63299 -0.07351
v -0.24932 -0.63299 -0.07351
v -0.24932 -0.63299 -0.07351
v -0.24932 -0.63299 -0.07351
v -0.26675 -0.64097 0.18575
v -0.27711 -0.57490 0.26629
v -0.27711 -0.57490 0.26629
v -0.23725 -0.52271 -0.01073
v -0.23725 -0.52271 -0.01073
v -0.24440 -0.45349 0.28376
v -0.27737 -0.45317 -0.12313
v -0.27737 -0.45317 -0.12313
v -0.23573 -0.38215 -0.15658
v -0.23573 -0.38215 -0.15658
v -0.23573 -0.38215 -0.15658
v -0.23573 -0.38215 -0.15658
v -0.18730 -0.22619 0.06697
v -0.18730 -0.22619 0.06697
v -0.18730 -0.22619 0.06697
v -0.24032 -0.26262 0.41893
v -0.24032 -0.26262 0.41893
v -0.28223 -0.21178 0.16823
v -0.28223 -0.21178 0.16823
v -0.25420 -0.18417 0.50650
v -0.25420 -0.18417 0.50650
v -0.27432 -0.15599 -0.09398
v -0.26802 -0.10212 -0.08172
v -0.26802 -0.10212 -0.08172
v -0.26802 -0.10212 -0.08172
v -0.26736 -0.13691 0.03432
v -0.26736 -0.13691 0.03432
v -0.26933 -0.06796 0.51802
v -0.26933 -0.06796 0.51802
v -0.26293 0.17813 0.03412
v -0.26293 0.17813 0.03412
v -0.26293 0.17813 0.03412
v -0.26293 0.17813 0.03412
v -0.25635 0.59717 -0.23780
v -0.25635 0.59717 -0.23780
v -0.26650 0.69714 -0.10978
v -0.26650 0.69714 -0.10978
v -0.23794 0.71271 0.06336
v -0.23794 0.71271 0.06336
v -0.25987 -0.85368 0.11374
v -0.25987 -0.85368 0.11374
v -0.24316 -0.71404 0.04656
v -0.24316 -0.71404 0.04656
v -0.24316 -0.71404 0.04656
v -0.24316 -0.71404 0.04656
v -0.17265 -0.29100 0.17808
v -0.23583 -0.21266 0.19286
v -0.23583 -0.21266 0.19286
v -0.27361 -0.18849 0.16275
v -0.24781 -0.13078 0.04112
v -0.24781 -0.13078 0.04112
v -0.26956 -0.09595 -0.15319
v -0.23834 -0.04747 0.50618
v -0.23834 -0.04747 0.50618
v -0.25586 -0.05861 0.25634
v -0.25586 -0.05861 0.25634
v -0.25586 -0.05861 0.25634
v -0.27940 0.16387 -0.11423
v -0.27940 0.16387 -0.11423
v -0.24779 0.23995 0.11351
v -0.24779 0.23995 0.11351
v -0.25971 0.34550 0.18934
v -0.25971 0.34550 0.18934
v -0.25971 0.34550 0.18934
v -0.25971 0.34550 0.18934
v -0.23712 0.67576 0.13794
v -0.23712 0.67576 0.13794
v -0.23712 0.67576 0.13794
v -0.20482 -0.88579 -0.04676
v -0.20482 -0.88579 -0.04676
v -0.23527 -0.57051 -0.03685
v -0.26890 -0.37558 -0.18844
v -0.26890 -0.37558 -0.18844
v -0.26890 -0.37558 -0.18844
v -0.25526 -0.23873 0.43525
v -0.26324 -0.24947 -0.19146
v -0.26324 -0.24947 -0.19146
v -0.25639 -0.19651 0.15173
v -0.25639 -0.19651 0.15173
v -0.23259 -0.17073 -0.21612
v -0.23259 -0.17073 -0.21612
v -0.23259 -0.17073 -0.21612
v -0.25352 -0.12254 -0.00616
v -0.25352 -0.12254 -0.00616
v -0.25352 -0.12254 -0.00616
v -0.26563 -0.06893 0.12045
v -0.26027 -0.06690 0.19762
v -0.26027 -0.06690 0.19762
v -0.26644 0.02306 -0.08346
v -0.26644 0.02306 -0.08346
v -0.25639 0.00867 -0.20229
v -0.25639 0.00867 -0.20229
v -0.25639 0.00867 -0.20229
v -0.25639 0.00867 -0.20229
v -0.27326 -0.09233 -0.13224
v -0.20921 0.02742 0.38286
v -0.20921 0.02742 0.38286
v -0.20921 0.02742 0.38286
v -0.26592 0.16177 -0.01004
v -0.26592 0.16177 -0.01004
v -0.26494 0.16153 -0.12233
v -0.26494 0.16153 -0.12233
v -0.27890 0.22092 0.04841
v -0.27890 0.22092 0.04841
v -0.25701 0.28743 0.07075
v -0.25701 0.28743 0.07075
v -0.26658 0.29793 0.09004
v -0.26658 0.29793 0.09004
v -0.26658 0.29793 0.09004
v -0.23629 0.33891 0.21742
v -0.23629 0.33891 0.21742
v -0.23067 0.58383 -0.28556
v -0.23067 0.58383 -0.28556
v -0.25972 0.68344 -0.15420
v -0.25972 0.68344 -0.15420
v -0.28166 0.70190 -0.06514
v -0.28166 0.70190 -0.06514
v -0.22599 -0.85317 0.07117
v -0.22599 -0.85317 0.07117
v -0.23289 -0.56476 0.25383
v -0.19910 -0.28829 0.15005
v -0.19910 -0.28829 0.15005
v -0.21156 -0.27610 0.11401
v -0.20950 -0.20223 0.20045
v -0.20950 -0.20223 0.20045
v -0.22819 -0.23312 0.45126
v -0.22819 -0.23312 0.45126
v -0.24839 -0.13529 0.14498
v -0.24839 -0.13529 0.14498
v -0.22055 -0.06417 0.49449
v -0.22055 -0.06417 0.49449
v -0.22055 -0.06417 0.49449
v -0.22055 -0.06417 0.49449
v -0.22055 -0.06417 0.49449
v -0.22055 -0.06417 0.49449
v -0.22055 -0.06417 0.49449
v -0.22055 -0.06417 0.49449
v -0.22055 -0.06417 0.49449
v -0.27127 -0.10047 -0.04022
v -0.28276 -0.04241 -0.09209
v -0.22025 -0.11362 0.22441
v -0.22025 -0.11362 0.22441
v -0.22025 -0.11362 0.22441
v -0.25345 -0.05384 0.46159
v -0.25345 -0.05384 0.46159
v -0.25345 -0.05384 0.46159
v -0.25345 -0.05384 0.46159
v -0.25345 -0.05384 0.46159
v -0.22843 0.03706 0.43876
v -0.22843 0.03706 0.43876
v -0.22843 0.03706 0.43876
v -0.22843 0.03706 0.43876
v -0.22414 0.36671 0.14866
v -0.22414 0.36671 0.14866
v -0.22414 0.36671 0.14866
v -0.22414 0.36671 0.14866
v -0.22414 0.36671 0.14866
v -0.24131 0.34279 -0.33175
v -0.23740 0.39821 0.21103
v -0.24714 0.37253 0.21175
v -0.21243 0.43056 0.20569
v -0.21291 0.57924 0.19822
v -0.22509 0.74886 -0.09896
v -0.22509 0.74886 -0.09896
v -0.22509 0.74886 -0.09896
v -0.23233 -0.93085 -0.08720
v -0.23233 -0.93085 -0.08720
v -0.23233 -0.93085 -0.08720
v -0.25023 -0.44885 -0.08790
v -0.21663 -0.36783 0.21537
v -0.21315 -0.27405 0.41073
v -0.21315 -0.27405 0.41073
v -0.22872 -0.14252 0.03603
v -0.24605 -0.13778 0.50046
v -0.24605 -0.13778 0.50046
v -0.24605 -0.13778 0.50046
v -0.24605 -0.13778 0.50046
v -0.24605 -0.13778 0.50046
v -0.25216 -0.14366 0.48639
v -0.25216 -0.14366 0.48639
v -0.25216 -0.14366 0.48639
v -0.24731 -0.10198 0.23801
v -0.24731 -0.10198 0.23801
v -0.24036 -0.04618 0.38677
v -0.21472 0.03579 -0.12621
v -0.21472 0.03579 -0.12621
v -0.21472 0.03579 -0.12621
v -0.21472 0.03579 -0.12621
v -0.21472 0.03579 -0.12621
v -0.21472 0.03579 -0.12621
v -0.25732 0.15814 -0.27623
v -0.25732 0.15814 -0.27623
v -0.20490 0.29734 0.12278
v -0.20490 0.29734 0.12278
v -0.20905 0.48714 -0.31182
v -0.20905 0.48714 -0.31182
v -0.23026 0.65165 0.15967
v -0.23026 0.65165 0.15967
v -0.23915 0.68778 0.09100
v -0.23915 0.68778 0.09100
v -0.22290 -0.77701 0.03257
v -0.22290 -0.77701 0.03257
v -0.22290 -0.77701 0.03257
v -0.24013 -0.69470 -0.14789
v -0.23719 -0.62933 0.15947
v -0.22515 -0.35880 -0.24653
v -0.22515 -0.35880 -0.24653
v -0.24336 -0.52532 -0.18895
v -0.24336 -0.52532 -0.18895
v -0.25396 -0.49344 -0.16348
v -0.25396 -0.49344 -0.16348
v -0.20736 -0.21484 0.24550
v -0.20736 -0.21484 0.24550
v -0.19631 -0.17766 0.06376
v -0.23939 -0.17848 0.20839
v -0.23939 -0.17848 0.20839
v -0.23939 -0.17848 0.20839
v -0.24284 -0.12657 0.48208
v -0.24284 -0.12657 0.48208
v -0.24284 -0.12657 0.48208
v -0.24284 -0.12657 0.48208
v -0.23794 -0.00319 0.01283
v -0.23794 -0.00319 0.01283
v -0.23794 -0.00319 0.01283
v -0.20274 -0.15047 0.29816
v -0.24140 -0.07792 -0.20085
v -0.24140 -0.07792 -0.20085
v -0.23010 -0.09315 0.34618
v -0.20342 -0.08109 0.36060
v -0.22169 0.04859 -0.21530
v -0.22169 0.04859 -0.21530
v -0.22169 0.04859 -0.21530
v -0.24566 0.02233 -0.04706
v -0.24566 0.02233 -0.04706
v -0.27252 0.12824 -0.02439
v -0.20971 0.10151 -0.10005
v -0.20971 0.10151 -0.10005
v -0.20971 0.10151 -0.10005
v -0.23140 0.09899 0.03957
v -0.23140 0.09899 0.03957
v -0.23140 0.09899 0.03957
v -0.20993 0.03838 -0.17555
v -0.20993 0.03838 -0.17555
v -0.23405 0.18723 0.10088
v -0.23405 0.18723 0.10088
v -0.23405 0.18723 0.10088
v -0.22844 0.16185 0.03704
v -0.22844 0.16185 0.03704
v -0.23798 0.18411 -0.36812
v -0.23798 0.18411 -0.36812
v -0.19074 0.12064 -0.31167
v -0.19074 0.12064 -0.31167
v -0.17859 0.56412 -0.30328
v -0.17859 0.56412 -0.30328
v -0.17859 0.56412 -0.30328
v -0.21951 0.73737 -0.14138
v -0.21951 0.73737 -0.14138
v -0.21951 0.73737 -0.14138
v -0.25368 -0.93299 0.23433
v -0.25368 -0.93299 0.23433
v -0.20463 -0.93649 0.20761
v -0.20463 -0.93649 0.20761
v -0.18726 -0.91813 0.06372
v -0.18726 -0.91813 0.06372
v -0.22338 -0.86943 0.20021
v -0.22338 -0.86943 0.20021
v -0.22373 -0.91956 0.23362
v -0.22373 -0.91956 0.23362
v -0.22373 -0.91956 0.23362
v -0.22227 -0.84176 -0.07345
v -0.23489 -0.47084 -0.17274
v -0.23489 -0.47084 -0.17274
v -0.21780 -0.41000 -0.19335
v -0.21780 -0.41000 -0.19335
v -0.20655 -0.18731 -0.24725
v -0.20655 -0.18731 -0.24725
v -0.20655 -0.18731 -0.24725
v -0.23564 -0.27907 0.09555
v -0.20782 -0.22842 0.27887
v -0.23797 -0.20484 0.22393
v -0.18502 -0.08392 -0.25006
v -0.18502 -0.08392 -0.25006
v -0.17915 -0.14292 0.49523
v -0.22276 -0.09187 0.16691
v -0.22276 -0.09187 0.16691
v -0.23184 -0.08512 0.21040
v -0.23184 -0.08512 0.21040
v -0.23929 -0.05575 0.47337
v -0.23929 -0.05575 0.47337
v -0.21823 0.11432 0.07967
v -0.21823 0.11432 0.07967
v -0.23279 0.14134 -0.09392
v -0.23279 0.14134 -0.09392
v -0.22636 0.19581 -0.36657
v -0.20156 0.17536 -0.35435
v -0.20156 0.17536 -0.35435
v -0.17736 0.16397 -0.39999
v -0.17736 0.16397 -0.39999
v -0.17736 0.16397 -0.39999
v -0.20782 0.36201 0.18474
v -0.19485 0.39385 0.21975
v -0.19485 0.39385 0.21975
v -0.18941 0.33532 -0.39277
v -0.15069 -0.74959 -0.14738
v -0.15069 -0.74959 -0.14738
v -0.22980 -0.67799 0.07199
v -0.19337 -0.61990 -0.04288
v -0.19337 -0.61990 -0.04288
v -0.22218 -0.50253 -0.06848
v -0.21541 -0.49136 -0.24633
v -0.21541 -0.49136 -0.24633
v -0.21772 -0.19005 0.49614
v -0.21772 -0.19005 0.49614
v -0.20606 -0.13408 0.25613
v -0.22003 -0.10820 0.20905
v -0.21520 -0.00859 0.00026
v -0.21520 -0.00859 0.00026
v -0.20888 0.00054 -0.05511
v -0.20888 0.00054 -0.05511
v -0.21932 0.02261 -0.18015
v -0.21507 0.01419 -0.15940
v -0.21507 0.01419 -0.15940
v -0.20933 0.11292 0.04770
v -0.20933 0.11292 0.04770
v -0.20933 0.11292 0.04770
v -0.20037 0.19826 0.09637
v -0.20037 0.19826 0.09637
v -0.16214 0.20818 -0.33844
v -0.16214 0.20818 -0.33844
v -0.18475 0.46131 -0.31493
v -0.18475 0.46131 -0.31493
v -0.18475 0.46131 -0.31493
v -0.19056 -0.69873 0.00201
v -0.19056 -0.69873 0.00201
v -0.17701 -0.67118 -0.09892
v -0.17701 -0.67118 -0.09892
v -0.17268 -0.42182 0.22172
v -0.22430 -0.14580 0.34782
v -0.22430 -0.14580 0.34782
v -0.21637 -0.08424 -0.24177
v -0.21637 -0.08424 -0.24177
v -0.21637 -0.08424 -0.24177
v -0.25081 -0.14747 -0.23828
v -0.25081 -0.14747 -0.23828
v -0.19641 -0.06606 0.03327
v -0.20494 -0.04181 0.42106
v -0.20494 -0.04181 0.42106
v -0.20494 -0.04181 0.42106
v -0.20494 -0.04181 0.42106
v -0.20494 -0.04181 0.42106
v -0.18105 -0.06843 0.39837
v -0.18105 -0.06843 0.39837
v -0.18105 -0.06843 0.39837
v -0.18105 -0.06843 0.39837
v -0.19777 0.04530 -0.23067
v -0.19777 0.04530 -0.23067
v -0.19777 0.04530 -0.23067
v -0.19576 -0.04154 0.47471
v -0.19576 -0.04154 0.47471
v -0.19576 -0.04154 0.47471
v -0.19576 -0.04154 0.47471
v -0.21733 0.01898 -0.02868
v -0.21733 0.01898 -0.02868
v -0.22261 0.04139 -0.19263
v -0.22261 0.04139 -0.19263
v -0.21088 0.10243 0.05016
v -0.21088 0.10243 0.05016
v -0.21088 0.10243 0.05016
v -0.19119 0.17669 0.13997
v -0.19119 0.17669 0.13997
v -0.21354 0.23338 0.12017
v -0.21354 0.23338 0.12017
v -0.20123 0.25799 0.11719
v -0.20694 0.63637 0.13120
v -0.21197 0.65263 0.08005
v -0.21197 0.65263 0.08005
v -0.21966 0.73808 -0.12048
v -0.16129 -0.58747 -0.01447
v -0.16129 -0.58747 -0.01447
v -0.14892 -0.46393 -0.15398
v -0.16079 -0.39905 -0.21682
v -0.19263 -0.45183 0.24635
v -0.19263 -0.45183 0.24635
v -0.17193 -0.37839 -0.30251
v -0.17193 -0.37839 -0.30251
v -0.17193 -0.37839 -0.30251
v -0.20902 -0.24387 0.44624
v -0.20219 -0.17837 0.49079
v -0.18518 -0.09366 0.03945
v -0.17083 -0.08999 0.43212
v -0.17083 -0.08999 0.43212
v -0.19780 0.02935 -0.09168
v -0.19780 0.02935 -0.09168
v -0.15779 0.26067 0.15056
v -0.15779 0.26067 0.15056
v -0.15779 0.26067 0.15056
v -0.15779 0.26067 0.15056
v -0.18022 0.53287 0.17005
v -0.18022 0.53287 0.17005
v -0.18022 0.53287 0.17005
v -0.20214 0.72742 -0.12634
v -0.18625 -0.54409 -0.01724
v -0.18625 -0.54409 -0.01724
v -0.18625 -0.54409 -0.01724
v -0.18917 -0.14302 -0.23620
v -0.18917 -0.14302 -0.23620
v -0.17750 -0.20579 0.00571
v -0.17750 -0.20579 0.00571
v -0.17750 -0.20579 0.00571
v -0.15153 -0.10734 0.47677
v -0.15153 -0.10734 0.47677
v -0.18529 -0.00193 -0.00925
v -0.15795 0.02164 -0.00533
v -0.15795 0.02164 -0.00533
v -0.20145 0.11507 0.07366
v -0.20875 0.13335 0.11071
v -0.20875 0.13335 0.11071
v -0.16908 0.18951 -0.36919
v -0.16908 0.18951 -0.36919
v -0.16908 0.18951 -0.36919
v -0.21152 0.52337 -0.25906
v -0.21152 0.52337 -0.25906
v -0.20414 0.68142 -0.05143
v -0.20414 0.68142 -0.05143
v -0.14072 -0.58395 0.14126
v -0.14072 -0.58395 0.14126
v -0.17560 -0.52590 -0.27178
v -0.17560 -0.52590 -0.27178
v -0.17560 -0.52590 -0.27178
v -0.15241 -0.40453 0.23873
v -0.16361 -0.27592 0.15074
v -0.16361 -0.27592 0.15074
v -0.16650 -0.24865 0.34362
v -0.16650 -0.24865 0.34362
v -0.15346 -0.26015 0.38924
v -0.15346 -0.26015 0.38924
v -0.15346 -0.26015 0.38924
v -0.16163 -0.23915 0.32499
v -0.16163 -0.23915 0.32499
v -0.18227 -0.14241 0.02434
v -0.16220 -0.03455 0.04130
v -0.16220 -0.03455 0.04130
v -0.16220 -0.03455 0.04130
v -0.16705 -0.04310 0.45520
v -0.16705 -0.04310 0.45520
v -0.15476 0.00360 0.41295
v -0.15476 0.00360 0.41295
v -0.15476 0.00360 0.41295
v -0.18293 0.07016 0.05561
v -0.18293 0.07016 0.05561
v -0.15531 0.08603 -0.32196
v -0.15531 0.08603 -0.32196
v -0.18298 0.27782 0.13270
v -0.18298 0.27782 0.13270
v -0.18298 0.27782 0.13270
v -0.21189 0.61244 0.08895
v -0.21189 0.61244 0.08895
v -0.17263 0.62934 0.13836
v -0.17263 0.62934 0.13836
v -0.18524 0.66269 0.09685
v -0.19102 0.69853 -0.13424
v -0.19102 0.69853 -0.13424
v -0.17423 0.74636 -0.01598
v -0.17423 0.74636 -0.01598
v -0.14539 -0.66742 -0.02543
v -0.14539 -0.66742 -0.02543
v -0.16683 -0.60460 -0.00060
v -0.16683 -0.60460 -0.00060
v -0.18323 -0.27304 0.37181
v -0.18323 -0.27304 0.37181
v -0.17743 -0.24473 0.45433
v -0.17743 -0.24473 0.45433
v -0.15951 -0.20580 0.47875
v -0.15908 -0.20643 0.39564
v -0.15908 -0.20643 0.39564
v -0.15908 -0.20643 0.39564
v -0.19104 0.09828 0.10777
v -0.19222 0.27130 0.14704
v -0.19222 0.27130 0.14704
v -0.19222 0.27130 0.14704
v -0.18326 0.32474 0.14578
v -0.18326 0.32474 0.14578
v -0.16942 0.30132 0.16681
v -0.16942 0.30132 0.16681
v -0.16942 0.30132 0.16681
v -0.16942 0.30132 0.16681
v -0.16913 0.38120 0.17553
v -0.16913 0.38120 0.17553
v -0.16580 0.38553 -0.34307
v -0.18214 0.53012 -0.27442
v -0.18214 0.53012 -0.27442
v -0.18214 0.53012 -0.27442
v -0.18376 0.61589 -0.21506
v -0.18376 0.61589 -0.21506
v -0.15573 -0.66196 0.04110
v -0.15573 -0.66196 0.04110
v -0.15573 -0.66196 0.04110
v -0.15573 -0.66196 0.04110
v -0.16736 -0.53464 0.18728
v -0.16736 -0.53464 0.18728
v -0.15726 -0.54956 -0.30959
v -0.15726 -0.54956 -0.30959
v -0.15726 -0.54956 -0.30959
v -0.16520 -0.45492 0.23519
v -0.16520 -0.45492 0.23519
v -0.18145 -0.24528 -0.31477
v -0.18145 -0.24528 -0.31477
v -0.09506 -0.17982 0.32463
v -0.17462 -0.09214 0.45914
v -0.17462 -0.09214 0.45914
v -0.15814 -0.03078 -0.27698
v -0.16972 -0.01026 0.00784
v -0.16972 -0.01026 0.00784
v -0.16078 0.00470 0.03175
v -0.16078 0.00470 0.03175
v -0.16078 0.00470 0.03175
v -0.16078 0.00470 0.03175
v -0.13067 0.12637 0.12804
v -0.15770 0.13207 0.13757
v -0.16632 0.13154 -0.38487
v -0.16632 0.13154 -0.38487
v -0.16632 0.13154 -0.38487
v -0.14755 0.47363 -0.31111
v -0.14755 0.47363 -0.31111
v -0.14755 0.47363 -0.31111
v -0.17857 0.68312 0.07952
v -0.17857 0.68312 0.07952
v -0.16822 -0.69643 -0.04964
v -0.16199 -0.21279 0.03904
v -0.16199 -0.21279 0.03904
v -0.13350 -0.14750 0.00901
v -0.13379 -0.04958 0.04642
v -0.13797 0.06451 -0.30695
v -0.13797 0.06451 -0.30695
v -0.13797 0.06451 -0.30695
v -0.17343 0.05454 -0.29353
v -0.17343 0.05454 -0.29353
v -0.15501 0.20747 0.14415
v -0.17142 0.26101 0.17490
v -0.17142 0.26101 0.17490
v -0.17142 0.26101 0.17490
v -0.17142 0.26101 0.17490
v -0.16795 0.28819 0.14129
v -0.16795 0.28819 0.14129
v -0.16945 0.48185 0.18708
v -0.16945 0.48185 0.18708
v -0.14659 0.49973 0.20233
v -0.14659 0.49973 0.20233
v -0.14659 0.49973 0.20233
v -0.14659 0.49973 0.20233
v -0.14659 0.49973 0.20233
v -0.15016 0.73805 -0.14789
v -0.15016 0.73805 -0.14789
v -0.15260 0.73893 -0.11414
v -0.15260 0.73893 -0.11414
v -0.14571 -0.55077 0.07768
v -0.14571 -0.55077 0.07768
v -0.14875 -0.52706 -0.31243
v -0.14875 -0.52706 -0.31243
v -0.14875 -0.52706 -0.31243
v -0.14875 -0.52706 -0.31243
v -0.12650 -0.46610 -0.33280
v -0.12650 -0.46610 -0.33280
v -0.12650 -0.46610 -0.33280
v -0.12201 -0.27843 0.15386
v -0.12201 -0.27843 0.15386
v -0.14889 -0.19969 -0.31718
v -0.14596 -0.09387 -0.29425
v -0.16777 0.01749 -0.27252
v -0.13131 0.02384 -0.29677
v -0.15445 0.41833 -0.36476
v -0.15445 0.41833 -0.36476
v -0.09696 0.37490 -0.39375
v -0.09696 0.37490 -0.39375
v -0.16037 0.54268 -0.28393
v -0.17007 0.64613 0.12534
v -0.17007 0.64613 0.12534
v -0.17360 0.76568 -0.03958
v -0.17360 0.76568 -0.03958
v -0.11725 -0.53482 -0.31314
v -0.11725 -0.53482 -0.31314
v -0.12948 -0.50072 0.21718
v -0.12948 -0.50072 0.21718
v -0.12948 -0.50072 0.21718
v -0.14750 -0.22563 0.08503
v -0.11718 -0.11740 0.44646
v -0.11718 -0.11740 0.44646
v -0.11718 -0.11740 0.44646
v -0.14997 -0.11682 0.35145
v -0.16325 0.08138 -0.41052
v -0.16325 0.08138 -0.41052
v -0.16325 0.08138 -0.41052
v -0.12179 0.14179 -0.43489
v -0.12179 0.14179 -0.43489
v -0.13638 0.20204 0.15791
v -0.13638 0.20204 0.15791
v -0.12767 0.25024 0.17814
v -0.11561 0.31957 -0.34426
v -0.15755 0.64179 -0.26656
v -0.15755 0.64179 -0.26656
v -0.13092 0.57408 0.17623
v -0.15029 0.67348 0.13455
v -0.15029 0.67348 0.13455
v -0.15817 0.74010 0.05587
v -0.13010 0.75077 0.08583
v -0.06455 -0.47698 -0.12780
v -0.13443 -0.41459 0.21713
v -0.13443 -0.41459 0.21713
v -0.12411 -0.37593 0.23329
v -0.12411 -0.37593 0.23329
v -0.08655 -0.17500 0.03876
v -0.14192 -0.08657 0.44569
v -0.14192 -0.08657 0.44569
v -0.12083 -0.11770 0.41709
v -0.14729 -0.02532 -0.29614
v -0.13414 -0.00423 0.06052
v -0.13414 -0.00423 0.06052
v -0.14120 -0.02239 0.03836
v -0.11786 0.00748 0.04859
v -0.13188 0.04643 -0.40807
v -0.13188 0.04643 -0.40807
v -0.14891 0.22215 0.19092
v -0.14891 0.22215 0.19092
v -0.08664 0.27995 0.20127
v -0.13030 0.68031 -0.25969
v -0.13030 0.68031 -0.25969
v -0.12931 0.60758 -0.30897
v -0.12931 0.60758 -0.30897
v -0.12015 0.71110 0.14003
v -0.12893 -0.46503 -0.30459
v -0.12576 -0.22325 0.44475
v -0.12576 -0.22325 0.44475
v -0.12576 -0.22325 0.44475
v -0.12576 -0.22325 0.44475
v -0.10357 -0.21801 0.06671
v -0.10357 -0.21801 0.06671
v -0.10357 -0.21801 0.06671
v -0.10357 -0.21801 0.06671
v -0.11136 -0.16846 -0.34167
v -0.10212 -0.07313 -0.34924
v -0.10212 -0.07313 -0.34924
v -0.11255 0.17188 0.16587
v -0.11255 0.17188 0.16587
v -0.13069 0.18561 -0.42247
v -0.13069 0.18561 -0.42247
v -0.12742 0.48854 -0.31964
v -0.12742 0.48854 -0.31964
v -0.15307 0.61715 0.26808
v -0.15307 0.61715 0.26808
v -0.11724 0.62382 0.24617
v -0.11724 0.62382 0.24617
v -0.11724 0.62382 0.24617
v -0.11724 0.62382 0.24617
v -0.14379 0.57234 0.26890
v -0.14379 0.57234 0.26890
v -0.16042 0.67571 0.25717
v -0.16042 0.67571 0.25717
v -0.10348 0.70094 0.31136
v -0.10348 0.70094 0.31136
v -0.15960 0.72134 0.26426
v -0.15960 0.72134 0.26426
v -0.12821 0.66760 0.16035
v -0.12821 0.66760 0.16035
v -0.13781 0.70316 -0.22005
v -0.13781 0.70316 -0.22005
v -0.13781 0.70316 -0.22005
v -0.13781 0.70316 -0.22005
v -0.10527 0.76647 -0.12737
v -0.13322 0.75513 -0.06874
v -0.03147 -0.41072 -0.33924
v -0.03147 -0.41072 -0.33924
v -0.03147 -0.41072 -0.33924
v -0.03147 -0.41072 -0.33924
v -0.13324 -0.42427 0.24007
v -0.13324 -0.42427 0.24007
v -0.13324 -0.42427 0.24007
v -0.13026 -0.17887 0.42604
v -0.13026 -0.17887 0.42604
v -0.13026 -0.17887 0.42604
v -0.10273 -0.06695 0.01932
v -0.09525 -0.06807 -0.32872
v -0.09525 -0.06807 -0.32872
v -0.07267 0.18763 -0.38294
v -0.07267 0.18763 -0.38294
v -0.12167 0.50953 0.20310
v -0.12167 0.50953 0.20310
v -0.12444 0.53945 0.19052
v -0.12444 0.53945 0.19052
v -0.12444 0.53945 0.19052
v -0.12444 0.53945 0.19052
v -0.10428 0.71312 -0.22978
v -0.10428 0.71312 -0.22978
v -0.10428 0.71312 -0.22978
v -0.10428 0.71312 -0.22978
v -0.14175 0.70955 -0.22567
v -0.14175 0.70955 -0.22567
v -0.10363 -0.20358 0.41700
v -0.08030 0.02939 -0.34363
v -0.09078 0.01986 0.09434
v -0.10833 0.40524 0.20483
v -0.10833 0.40524 0.20483
v -0.10833 0.40524 0.20483
v -0.12594 0.50635 0.19491
v -0.12594 0.50635 0.19491
v -0.08408 0.56415 -0.33327
v -0.08408 0.56415 -0.33327
v -0.08408 0.56415 -0.33327
v -0.09720 0.54118 0.31126
v -0.09720 0.54118 0.31126
v -0.08733 0.75382 -0.21466
v -0.08733 0.75382 -0.21466
v -0.11494 0.73620 0.09438
v -0.04619 0.79959 0.10631
v -0.04619 0.79959 0.10631
v -0.13871 0.80368 0.27522
v -0.13871 0.80368 0.27522
v -0.13871 0.80368 0.27522
v -0.10582 0.73579 0.29654
v -0.10582 0.73579 0.29654
v -0.14029 0.73576 0.30116
v -0.14029 0.73576 0.30116
v -0.12154 -0.55850 -0.34078
v -0.12154 -0.55850 -0.34078
v -0.10871 -0.27496 0.13619
v -0.10871 -0.27496 0.13619
v -0.10658 -0.24267 0.13031
v -0.10658 -0.24267 0.13031
v -0.10658 -0.24267 0.13031
v -0.10658 -0.24267 0.13031
v -0.10658 -0.24267 0.13031
v -0.08287 -0.16119 0.41474
v -0.08287 -0.16119 0.41474
v -0.08287 -0.16119 0.41474
v -0.08287 -0.16119 0.41474
v -0.11659 -0.02357 0.05821
v -0.09339 0.00859 0.07108
v -0.08732 0.22297 0.19320
v -0.06447 0.31377 0.23183
v -0.05320 0.35261 -0.38815
v -0.08516 0.57515 0.26430
v -0.08516 0.57515 0.26430
v -0.08516 0.57515 0.26430
v -0.12328 0.55239 -0.33609
v -0.12328 0.55239 -0.33609
v -0.07075 0.68601 0.26568
v -0.07075 0.68601 0.26568
v -0.08237 0.63328 -0.30773
v -0.13397 0.69909 -0.33257
v -0.13397 0.69909 -0.33257
v -0.09058 0.65179 -0.31047
v -0.09058 0.65179 -0.31047
v -0.11563 0.68146 -0.33770
v -0.11563 0.68146 -0.33770
v -0.11860 0.69639 -0.34604
v -0.11860 0.69639 -0.34604
v -0.08960 0.68683 0.39574
v -0.08960 0.68683 0.39574
v -0.12113 0.78302 -0.22098
v -0.12113 0.78302 -0.22098
v -0.07984 0.79235 -0.00423
v -0.07984 0.79235 -0.00423
v -0.10994 -0.56927 -0.34997
v -0.10994 -0.56927 -0.34997
v -0.08810 -0.19489 0.05679
v -0.08810 -0.19489 0.05679
v -0.08810 -0.19489 0.05679
v -0.05336 -0.17349 0.06573
v -0.05336 -0.17349 0.06573
v -0.09124 0.08785 -0.34780
v -0.09124 0.08785 -0.34780
v -0.05914 0.16054 -0.38816
v -0.09158 0.14708 0.18547
v -0.09158 0.14708 0.18547
v -0.08708 0.36267 0.21900
v -0.08708 0.36267 0.21900
v -0.08708 0.36267 0.21900
v -0.10158 0.44230 -0.35701
v -0.07305 0.47239 0.26160
v -0.07305 0.47239 0.26160
v -0.06643 0.64806 0.35137
v -0.10572 0.73892 0.12417
v -0.10455 0.74584 0.31579
v -0.10455 0.74584 0.31579
v -0.10374 0.82047 -0.08304
v -0.10374 0.82047 -0.08304
v -0.09213 -0.53858 -0.34863
v -0.07985 -0.48584 0.14135
v -0.07985 -0.48584 0.14135
v -0.08267 -0.53361 -0.01188
v -0.08267 -0.53361 -0.01188
v -0.10956 -0.44974 0.21255
v -0.10701 -0.45645 0.20048
v -0.08977 -0.21707 0.08116
v -0.08977 -0.21707 0.08116
v -0.00830 -0.27449 0.35381
v -0.00830 -0.27449 0.35381
v -0.00830 -0.27449 0.35381
v -0.07241 -0.03608 0.08048
v -0.08254 -0.07079 -0.41426
v -0.08254 -0.07079 -0.41426
v -0.08254 -0.07079 -0.41426
v -0.09123 0.10895 -0.41256
v 0.01714 0.26020 -0.45111
v 0.01714 0.26020 -0.45111
v -0.07684 0.56205 0.30100
v -0.07684 0.56205 0.30100
v -0.07684 0.56205 0.30100
v -0.07684 0.56205 0.30100
v -0.05277 0.67902 0.31021
v -0.05277 0.67902 0.31021
v -0.05277 0.67902 0.31021
v -0.07132 0.75202 0.15405
v -0.07132 0.75202 0.15405
v -0.08933 0.80604 -0.04079
v -0.08933 0.80604 -0.04079
v -0.08933 0.80604 -0.04079
v -0.11889 0.84131 -0.06949
v -0.11889 0.84131 -0.06949
v -0.07753 -0.47410 0.16937
v -0.07681 -0.42501 -0.20381
v -0.01487 -0.26791 -0.44309
v -0.08451 -0.23682 0.38383
v -0.09809 -0.22749 0.04262
v -0.09809 -0.22749 0.04262
v -0.04513 -0.17328 0.41215
v -0.07461 -0.09261 0.06746
v -0.02661 0.04533 -0.40739
v -0.02661 0.04533 -0.40739
v -0.01181 0.14002 -0.36512
v -0.01181 0.14002 -0.36512
v 0.04691 0.16043 -0.43828
v -0.03863 0.39234 -0.36330
v -0.06625 0.34358 0.21085
v -0.06625 0.34358 0.21085
v -0.06625 0.34358 0.21085
v -0.06625 0.34358 0.21085
v -0.07982 0.52572 -0.34606
v -0.06522 0.58200 -0.35544
v -0.06522 0.58200 -0.35544
v -0.02779 0.79616 -0.09461
v -0.02779 0.79616 -0.09461
v -0.05226 -0.44241 0.08008
v -0.05226 -0.44241 0.08008
v -0.05226 -0.44241 0.08008
v -0.05226 -0.44241 0.08008
v -0.04569 -0.42824 0.13039
v -0.05755 -0.36427 0.11980
v -0.08682 -0.27654 0.12719
v -0.07046 -0.19782 0.02455
v -0.07046 -0.19782 0.02455
v -0.07046 -0.19782 0.02455
v -0.02404 -0.03607 0.09889
v -0.07157 -0.06360 -0.42264
v -0.07157 -0.06360 -0.42264
v -0.06262 0.25490 -0.40275
v 0.02586 0.31464 -0.37382
v 0.02586 0.31464 -0.37382
v -0.08054 0.45869 -0.34368
v -0.09980 0.42139 0.32392
v -0.09980 0.42139 0.32392
v -0.09980 0.42139 0.32392
v -0.09980 0.42139 0.32392
v -0.09962 0.46185 0.34963
v -0.08901 0.44234 0.31396
v -0.08901 0.44234 0.31396
v -0.08765 0.47290 0.40747
v -0.06375 0.58882 0.33655
v -0.07022 0.56063 0.37771
v -0.03254 0.60197 0.42383
v -0.03254 0.60197 0.42383
v -0.07860 -0.60454 -0.37933
v -0.07860 -0.60454 -0.37933
v -0.07184 -0.51282 0.11422
v -0.07184 -0.51282 0.11422
v -0.07971 -0.28600 0.10357
v -0.07971 -0.28600 0.10357
v -0.07104 -0.29389 0.10291
v -0.07104 -0.29389 0.10291
v -0.07076 -0.24052 0.05535
v -0.07076 -0.24052 0.05535
v -0.07076 -0.24052 0.05535
v -0.05009 -0.13466 0.07232
v 0.00506 -0.04874 -0.39166
v -0.06332 0.00830 0.10400
v -0.06226 0.01451 0.09329
v -0.03301 0.22932 0.21553
v -0.04407 0.42818 0.30596
v -0.04407 0.42818 0.30596
v -0.04407 0.42818 0.30596
v -0.07340 0.42888 0.41379
v -0.09855 0.45832 0.30009
v -0.09855 0.45832 0.30009
v -0.04347 0.52070 0.47464
v -0.04347 0.52070 0.47464
v -0.09224 0.49522 0.35114
v -0.09224 0.49522 0.35114
v -0.09227 0.50215 0.32852
v -0.09227 0.50215 0.32852
v -0.09227 0.50215 0.32852
v -0.05287 0.49710 0.33393
v -0.05287 0.49710 0.33393
v -0.05287 0.49710 0.33393
v -0.06705 0.52993 0.33328
v -0.06705 0.52993 0.33328
v -0.05823 0.68050 -0.30381
v -0.07704 0.76770 0.13784
v -0.07704 0.76770 0.13784
v -0.02122 -0.43818 -0.40614
v -0.02122 -0.43818 -0.40614
v -0.05981 -0.28141 0.08023
v -0.05981 -0.28141 0.08023
v 0.00924 -0.25938 0.31579
v 0.00924 -0.25938 0.31579
v -0.05927 -0.00809 -0.42947
v -0.05927 -0.00809 -0.42947
v -0.05487 0.03532 -0.35218
v -0.06791 0.34771 -0.40297
v -0.07386 0.37864 0.30985
v -0.07386 0.37864 0.30985
v -0.02790 0.35318 0.33222
v -0.02790 0.35318 0.33222
v -0.02790 0.35318 0.33222
v -0.02790 0.35318 0.33222
v -0.02790 0.35318 0.33222
v -0.02790 0.35318 0.33222
v -0.03696 0.37891 0.42364
v -0.03696 0.37891 0.42364
v -0.03696 0.37891 0.42364
v -0.05996 0.49463 0.31429
v -0.05996 0.49463 0.31429
v -0.02990 0.72559 0.25081
v -0.05047 0.75457 -0.23922
v -0.05047 0.75457 -0.23922
v -0.06223 0.75983 0.15057
v -0.06381 0.82146 -0.01335
v 0.00822 -0.43404 -0.06787
v 0.00822 -0.43404 -0.06787
v 0.00077 -0.42412 -0.25909
v -0.05586 -0.27435 0.06440
v -0.03801 0.02003 0.11302
v -0.00507 0.07993 -0.44027
v -0.00507 0.07993 -0.44027
v -0.00507 0.07993 -0.44027
v -0.05057 0.36902 0.24910
v -0.05085 0.45288 -0.38826
v -0.05147 0.46354 0.46273
v -0.04478 0.66997 0.35899
v -0.04478 0.66997 0.35899
v -0.02671 0.71327 -0.29485
v -0.02364 0.76999 0.16951
v -0.03712 0.76363 -0.24252
v -0.03712 0.76363 -0.24252
v -0.02379 -0.50094 -0.40003
v -0.02379 -0.50094 -0.40003
v -0.03961 -0.44458 0.00276
v -0.04369 -0.38351 0.08688
v -0.04369 -0.38351 0.08688
v -0.03369 -0.33349 0.07963
v -0.04720 -0.23982 0.03503
v -0.03658 -0.18985 0.03998
v -0.03658 -0.18985 0.03998
v 0.05147 -0.18096 0.34984
v 0.05147 -0.18096 0.34984
v 0.05147 -0.18096 0.34984
v -0.00962 -0.16401 0.34385
v -0.01901 -0.07653 -0.39280
v -0.01901 -0.07653 -0.39280
v -0.00018 -0.16334 -0.40667
v -0.04139 0.11622 0.15745
v -0.04139 0.11622 0.15745
v -0.01344 0.07560 -0.34562
v -0.01344 0.07560 -0.34562
v -0.04515 0.11843 0.16540
v -0.04515 0.11843 0.16540
v -0.04515 0.11843 0.16540
v -0.02156 0.08801 0.17517
v -0.02156 0.08801 0.17517
v -0.02156 0.08801 0.17517
v -0.03457 0.26893 0.24167
v -0.01988 0.27871 0.22722
v -0.01988 0.27871 0.22722
v -0.01988 0.27871 0.22722
v -0.01988 0.27871 0.22722
v -0.01988 0.27871 0.22722
v -0.03978 0.29572 0.20330
v -0.03978 0.29572 0.20330
v 0.00246 0.37198 -0.37890
v -0.05359 0.46823 0.46961
v -0.05359 0.46823 0.46961
v -0.03314 0.58764 0.46174
v -0.03764 0.57727 -0.35683
v -0.03764 0.57727 -0.35683
v -0.03212 0.79346 -0.14618
v -0.04545 -0.43567 0.09041
v -0.04545 -0.43567 0.09041
v -0.04545 -0.43567 0.09041
v -0.04545 -0.43567 0.09041
v -0.05105 -0.44928 0.07753
v -0.05105 -0.44928 0.07753
v -0.05105 -0.44928 0.07753
v -0.04861 -0.48181 0.07769
v -0.04861 -0.48181 0.07769
v -0.04213 -0.47564 0.08323
v -0.04213 -0.47564 0.08323
v 0.00823 -0.42393 -0.14738
v 0.00823 -0.42393 -0.14738
v -0.04397 -0.38260 0.03335
v -0.04397 -0.38260 0.03335
v -0.04326 -0.36761 0.09437
v -0.04326 -0.36761 0.09437
v -0.04326 -0.36761 0.09437
v -0.02443 0.14665 0.19934
v -0.03245 0.32995 0.23966
v -0.03245 0.32995 0.23966
v -0.03245 0.32995 0.23966
v -0.04309 0.42438 0.46398
v -0.01992 0.80988 0.12277
v 0.01558 0.82267 -0.14950
v 0.01558 0.82267 -0.14950
v 0.03375 0.84770 -0.00062
v 0.03375 0.84770 -0.00062
v 0.03375 0.84770 -0.00062
v -0.02867 -0.52127 0.05882
v -0.02867 -0.52127 0.05882
v -0.02867 -0.52127 0.05882
v -0.02867 -0.52127 0.05882
v -0.04441 -0.53626 0.08008
v -0.04441 -0.53626 0.08008
v -0.04441 -0.53626 0.08008
v -0.03622 -0.21027 0.03622
v 0.01896 -0.21122 -0.44573
v -0.02752 -0.07228 0.07964
v -0.00325 0.17154 0.21050
v -0.00325 0.17154 0.21050
v -0.02240 0.38801 0.31654
v -0.00355 0.39970 0.51771
v -0.00355 0.39970 0.51771
v -0.01001 0.51793 -0.39211
v -0.03062 0.70138 0.33206
v -0.03062 0.70138 0.33206
v -0.01543 0.76451 -0.23412
v -0.01543 0.76451 -0.23412
v -0.04101 0.81799 0.08422
v -0.03062 -0.30499 0.04807
v -0.03062 -0.30499 0.04807
v -0.03162 -0.20807 0.04021
v -0.03162 -0.20807 0.04021
v -0.03099 -0.08662 0.06954
v -0.03805 0.30754 0.23852
v -0.03805 0.30754 0.23852
v -0.05372 0.36964 0.36626
v -0.05372 0.36964 0.36626
v -0.00438 0.33055 0.33618
v -0.00438 0.33055 0.33618
v 0.04437 0.33641 0.30887
v 0.04437 0.33641 0.30887
v 0.04437 0.33641 0.30887
v 0.06898 0.31913 0.38493
v 0.06898 0.31913 0.38493
v 0.01396 -0.52559 0.07284
v 0.01396 -0.52559 0.07284
v 0.00113 -0.41960 0.06833
v -0.00226 -0.33839 -0.01837
v -0.00226 -0.33839 -0.01837
v 0.02470 -0.18825 0.38717
v 0.02470 -0.18825 0.38717
v -0.00335 -0.04902 0.10980
v 0.03922 0.05039 -0.38291
v 0.03922 0.05039 -0.38291
v -0.00267 0.44620 -0.40735
v -0.00488 0.53297 0.47506
v -0.00488 0.53297 0.47506
v 0.02648 0.66011 -0.34303
v 0.02648 0.66011 -0.34303
v 0.00636 0.68718 -0.31594
v -0.01415 0.71148 0.32087
v -0.01415 0.71148 0.32087
v -0.01415 0.71148 0.32087
v 0.01626 0.78251 -0.20250
v -0.02180 0.87463 -0.01017
v -0.02180 0.87463 -0.01017
v -0.02239 -0.40853 -0.39217
v -0.02239 -0.40853 -0.39217
v -0.00770 -0.35778 -0.43223
v -0.00770 -0.35778 -0.43223
v -0.00770 -0.35778 -0.43223
v -0.00002 0.27308 0.22571
v -0.00002 0.27308 0.22571
v 0.00026 0.25959 0.23600
v 0.00026 0.25959 0.23600
v 0.00026 0.25959 0.23600
v 0.03255 0.50254 0.57483
v 0.03255 0.50254 0.57483
v -0.00958 0.54002 0.52781
v 0.01705 0.53427 0.57613
v 0.01705 0.53427 0.57613
v 0.00259 0.67649 0.43417
v 0.00259 0.67649 0.43417
v -0.01710 0.59702 0.50118
v -0.01710 0.59702 0.50118
v 0.02377 0.75417 0.33615
v 0.02377 0.75417 0.33615
v 0.02377 0.75417 0.33615
v 0.02238 0.74918 -0.27451
v 0.02238 0.74918 -0.27451
v 0.02013 0.80302 0.15996
v 0.02629 0.80291 -0.14850
v 0.02629 0.80291 -0.14850
v -0.00402 -0.62414 0.05503
v -0.00402 -0.62414 0.05503
v -0.00667 -0.43117 -0.40747
v -0.00667 -0.43117 -0.40747
v -0.00640 -0.28964 0.02852
v 0.00279 -0.27453 0.33886
v 0.05411 -0.28940 0.36724
v 0.05411 -0.28940 0.36724
v 0.01376 -0.24086 0.01427
v 0.03234 -0.25987 0.30076
v 0.07177 -0.17080 -0.44385
v 0.03370 0.06296 0.13961
v 0.03370 0.06296 0.13961
v 0.03370 0.06296 0.13961
v 0.01536 0.07381 0.15288
v 0.02209 0.06312 0.16221
v 0.02209 0.06312 0.16221
v 0.03561 0.13276 0.20534
v 0.04915 0.20812 -0.42567
v 0.00631 0.60017 0.52767
v 0.00631 0.60017 0.52767
v 0.01882 0.71094 0.33796
v 0.01882 0.71094 0.33796
v 0.04189 -0.74023 0.01179
v 0.04189 -0.74023 0.01179
v 0.01872 -0.43325 -0.37442
v 0.01872 -0.43325 -0.37442
v 0.01872 -0.43325 -0.37442
v 0.01175 -0.32943 -0.06320
v -0.00093 -0.31080 -0.05894
v -0.00093 -0.31080 -0.05894
v -0.00396 -0.32512 -0.03230
v -0.00396 -0.32512 -0.03230
v 0.02331 -0.21301 0.04449
v 0.02331 -0.21301 0.04449
v 0.08600 -0.21482 0.06742
v 0.08600 -0.21482 0.06742
v 0.00169 0.00311 0.13894
v 0.00169 0.00311 0.13894
v 0.00169 0.00311 0.13894
v 0.05223 0.08873 -0.39604
v 0.05223 0.08873 -0.39604
v 0.02844 0.17443 0.22361
v 0.01665 0.23896 0.21381
v 0.01665 0.23896 0.21381
v 0.01665 0.23896 0.21381
v 0.00019 0.43121 0.60878
v 0.01303 0.37170 0.58928
v 0.01303 0.37170 0.58928
v 0.03704 0.61887 -0.37424
v 0.01245 0.75520 -0.24186
v 0.03500 -0.68240 0.04493
v 0.01449 -0.67438 -0.39600
v 0.01449 -0.67438 -0.39600
v 0.01532 -0.43487 -0.42493
v 0.01532 -0.43487 -0.42493
v 0.03729 -0.31674 -0.05123
v 0.03729 -0.31674 -0.05123
v 0.04255 -0.40715 -0.17124
v 0.01618 -0.31755 -0.06545
v 0.01618 -0.31755 -0.06545
v 0.01618 -0.31755 -0.06545
v 0.04849 -0.17944 0.07144
v 0.04849 -0.17944 0.07144
v 0.03391 -0.14588 0.09716
v 0.03391 -0.14588 0.09716
v 0.02822 -0.08632 0.09491
v 0.02822 -0.08632 0.09491
v 0.06309 0.22619 0.21788
v 0.06309 0.22619 0.21788
v 0.01933 0.37173 0.53891
v 0.01933 0.37173 0.53891
v 0.02564 0.38454 0.55795
v 0.04293 0.49217 -0.40856
v 0.04293 0.49217 -0.40856
v 0.03842 0.41619 -0.40966
v 0.02381 0.56709 0.56685
v 0.02381 0.56709 0.56685
v 0.02381 0.56709 0.56685
v 0.02255 0.58196 0.56137
v 0.02255 0.58196 0.56137
v 0.04543 -0.59899 -0.44504
v 0.04543 -0.59899 -0.44504
v 0.04333 -0.55660 -0.42935
v 0.04333 -0.55660 -0.42935
v 0.04291 -0.41215 -0.48749
v 0.04291 -0.41215 -0.48749
v 0.05620 -0.36154 -0.32340
v 0.05620 -0.36154 -0.32340
v 0.05654 -0.34194 -0.46385
v 0.03050 -0.28572 0.33360
v 0.05113 -0.29486 0.35127
v 0.05113 -0.29486 0.35127
v 0.12057 -0.24110 0.29249
v 0.12057 -0.24110 0.29249
v 0.03403 -0.18981 -0.42346
v 0.03090 -0.09347 0.10507
v 0.03090 -0.09347 0.10507
v 0.03122 0.04257 0.14097
v 0.03122 0.04257 0.14097
v 0.18551 0.07205 -0.35164
v 0.05652 0.07131 -0.42696
v 0.05652 0.07131 -0.42696
v 0.11663 0.20192 0.25935
v 0.11663 0.20192 0.25935
v 0.11663 0.20192 0.25935
v 0.04396 0.38926 0.70577
v 0.02637 0.36662 -0.40159
v 0.04145 0.64075 0.48569
v 0.03395 0.77367 -0.23703
v 0.03395 0.77367 -0.23703
v 0.04895 0.84584 0.08232
v 0.04895 0.84584 0.08232
v 0.05968 -0.66200 0.00246
v 0.05821 -0.46278 0.02111
v 0.07504 -0.39536 0.01204
v 0.04224 -0.12271 0.13763
v 0.04224 -0.12271 0.13763
v 0.03544 -0.11285 0.10466
v 0.03544 -0.11285 0.10466
v 0.03544 -0.11285 0.10466
v 0.03219 0.06020 0.15675
v 0.03219 0.06020 0.15675
v 0.02858 0.04987 0.16778
v 0.02858 0.04987 0.16778
v 0.02858 0.04987 0.16778
v 0.06649 0.09748 0.19350
v 0.06649 0.09748 0.19350
v 0.06000 0.13433 -0.33991
v 0.03243 0.15748 0.22055
v 0.03243 0.15748 0.22055
v 0.04343 0.31550 0.54438
v 0.04343 0.31550 0.54438
v 0.05202 0.30985 0.60494
v 0.05202 0.30985 0.60494
v 0.05202 0.30985 0.60494
v 0.05202 0.30985 0.60494
v 0.03289 0.36470 0.61001
v 0.03289 0.36470 0.61001
v 0.04107 0.30504 0.62409
v 0.04107 0.30504 0.62409
v 0.03430 0.35760 0.55521
v 0.03430 0.35760 0.55521
v 0.03512 0.37218 0.54481
v 0.03512 0.37218 0.54481
v 0.03504 0.37431 0.58384
v 0.03504 0.37431 0.58384
v 0.04454 0.42815 0.71432
v 0.03062 0.68694 -0.31984
v 0.03062 0.68694 -0.31984
v 0.09237 0.82866 0.15330
v 0.02651 0.83873 -0.12310
v 0.02651 0.83873 -0.12310
v 0.03288 -0.50305 -0.50102
v 0.03288 -0.50305 -0.50102
v 0.05631 -0.32119 0.01481
v 0.05631 -0.32119 0.01481
v 0.04846 -0.13160 0.12563
v 0.04846 -0.13160 0.12563
v 0.05650 -0.07338 0.12002
v 0.05650 -0.07338 0.12002
v 0.07741 0.10634 0.18407
v 0.07741 0.10634 0.18407
v 0.04187 0.27573 0.24618
v 0.04187 0.27573 0.24618
v 0.05066 0.28244 0.58999
v 0.05066 0.28244 0.58999
v 0.03300 0.33794 0.35089
v 0.05695 0.37224 0.71033
v 0.05695 0.37224 0.71033
v 0.05695 0.37224 0.71033
v 0.08723 0.42874 -0.41246
v 0.05564 0.54920 0.59921
v 0.05564 0.54920 0.59921
v 0.06873 0.70658 0.42674
v 0.04948 0.69236 -0.32225
v 0.04948 0.69236 -0.32225
v 0.04352 0.74778 0.27431
v 0.07253 0.79636 -0.17235
v 0.07253 0.79636 -0.17235
v 0.07253 0.79636 -0.17235
v 0.07253 0.79636 -0.17235
v 0.06769 0.77220 0.23854
v 0.05140 -0.65422 -0.43287
v 0.05140 -0.65422 -0.43287
v 0.05173 -0.72088 -0.42265
v 0.05173 -0.72088 -0.42265
v 0.08062 -0.39868 -0.21539
v 0.08691 -0.37097 -0.09335
v 0.11317 -0.23077 -0.43632
v 0.10299 -0.25089 0.39069
v 0.10299 -0.25089 0.39069
v 0.08854 -0.19915 0.10413
v 0.08854 -0.19915 0.10413
v 0.05833 -0.09724 0.11553
v 0.05833 -0.09724 0.11553
v 0.05833 -0.09724 0.11553
v 0.07001 -0.00091 0.12357
v 0.06258 0.17146 0.23354
v 0.08625 0.35852 0.60009
v 0.08625 0.35852 0.60009
v 0.08625 0.35852 0.60009
v 0.07803 0.29249 -0.38568
v 0.07803 0.29249 -0.38568
v 0.09659 0.55016 -0.40213
v 0.09659 0.55016 -0.40213
v 0.09659 0.55016 -0.40213
v 0.07836 0.59460 -0.37909
v 0.06954 0.68294 -0.44025
v 0.06336 0.70160 -0.36822
v 0.06336 0.70160 -0.36822
v 0.05141 0.82452 -0.15420
v 0.05141 0.82452 -0.15420
v 0.05141 0.82452 -0.15420
v 0.05217 -0.52130 -0.43708
v 0.05217 -0.52130 -0.43708
v 0.13710 -0.26971 0.03464
v 0.13710 -0.26971 0.03464
v 0.22390 -0.26621 0.30416
v 0.11846 -0.22128 0.32092
v 0.11846 -0.22128 0.32092
v 0.06812 -0.11797 -0.41204
v 0.06812 -0.11797 -0.41204
v 0.06245 -0.08675 0.11356
v 0.06245 -0.08675 0.11356
v 0.06245 -0.08675 0.11356
v 0.06245 -0.08675 0.11356
v 0.05275 0.02957 0.17352
v 0.05275 0.02957 0.17352
v 0.06126 0.11042 0.19939
v 0.11811 0.13843 0.21307
v 0.11811 0.13843 0.21307
v 0.11811 0.13843 0.21307
v 0.06076 0.26679 0.24703
v 0.06076 0.26679 0.24703
v 0.09695 0.26634 0.56837
v 0.09695 0.26634 0.56837
v 0.09208 0.28989 0.29554
v 0.06215 0.36653 -0.39259
v 0.05637 0.55218 -0.46041
v 0.05637 0.55218 -0.46041
v 0.06511 0.72229 0.34471
v 0.06511 0.72229 0.34471
v 0.06511 0.72229 0.34471
v 0.06511 0.72229 0.34471
v 0.06478 0.74819 -0.28213
v 0.06478 0.74819 -0.28213
v 0.06478 0.74819 -0.28213
v 0.08443 -0.68436 0.00429
v 0.08443 -0.68436 0.00429
v 0.07112 -0.28898 -0.02549
v 0.07112 -0.28898 -0.02549
v 0.06506 -0.05562 -0.38416
v 0.05652 0.04738 0.16015
v 0.05652 0.04738 0.16015
v 0.06962 0.29840 0.61279
v 0.06962 0.29840 0.61279
v 0.07656 0.32411 0.61796
v 0.07656 0.32411 0.61796
v 0.05600 0.33017 0.65206
v 0.06867 0.39879 -0.46019
v 0.06761 0.51424 -0.46455
v 0.09853 0.49520 -0.42611
v 0.10616 0.53962 0.59787
v 0.10616 0.53962 0.59787
v 0.06790 0.82228 -0.28315
v 0.06790 0.82228 -0.28315
v 0.06922 0.89829 0.10565
v 0.13397 -0.61425 -0.00130
v 0.13397 -0.61425 -0.00130
v 0.06914 -0.59247 -0.50397
v 0.10818 -0.54561 -0.43373
v 0.11549 -0.45961 -0.50260
v 0.11549 -0.45961 -0.50260
v 0.13998 -0.52554 -0.01188
v 0.06771 -0.34390 -0.45574
v 0.09716 -0.29645 -0.45188
v 0.08847 -0.10310 0.13625
v 0.11404 0.33319 0.66149
v 0.11404 0.33319 0.66149
v 0.11404 0.33319 0.66149
v 0.10391 0.50298 0.64896
v 0.10391 0.50298 0.64896
v 0.10391 0.50298 0.64896
v 0.08080 0.54960 -0.51323
v 0.08080 0.54960 -0.51323
v 0.08080 0.54960 -0.51323
v 0.09844 0.55891 0.59649
v 0.09844 0.55891 0.59649
v 0.09382 0.72053 0.40057
v 0.08152 0.78428 -0.22702
v 0.08090 0.78943 -0.25444
v 0.08090 0.78943 -0.25444
v 0.08090 0.78943 -0.25444
v 0.07743 0.82857 -0.31347
v 0.07743 0.82857 -0.31347
v 0.07743 0.82857 -0.31347
v 0.10887 0.84436 -0.01181
v 0.10887 0.84436 -0.01181
v 0.07105 0.93860 -0.19355
v 0.07105 0.93860 -0.19355
v 0.07105 0.93860 -0.19355
v 0.07105 0.93860 -0.19355
v 0.07691 0.95965 -0.02119
v 0.07691 0.95965 -0.02119
v 0.07691 0.95965 -0.02119
v 0.08399 0.84918 -0.07981
v 0.08064 0.91583 -0.16346
v 0.11317 -0.53413 -0.55470
v 0.11317 -0.53413 -0.55470
v 0.14170 -0.44642 -0.40288
v 0.09313 -0.31386 0.33998
v 0.12185 -0.08529 0.10049
v 0.12185 -0.08529 0.10049
v 0.12185 -0.08529 0.10049
v 0.12185 -0.08529 0.10049
v 0.12185 -0.08529 0.10049
v 0.07930 -0.02175 0.10859
v 0.17273 -0.04537 -0.38282
v 0.17273 -0.04537 -0.38282
v 0.09044 0.05902 0.16351
v 0.09044 0.05902 0.16351
v 0.15840 0.18628 -0.37068
v 0.15840 0.18628 -0.37068
v 0.11994 0.32911 0.36660
v 0.11994 0.32911 0.36660
v 0.11433 0.42714 0.72652
v 0.11433 0.42714 0.72652
v 0.08281 0.47877 -0.41343
v 0.08375 0.64313 0.52005
v 0.08514 0.65840 0.50373
v 0.08514 0.65840 0.50373
v 0.10185 0.86472 0.05452
v 0.10185 0.86472 0.05452
v 0.09207 -0.62969 -0.00026
v 0.12406 -0.64741 -0.49914
v 0.12406 -0.64741 -0.49914
v 0.12406 -0.64741 -0.49914
v 0.12515 -0.41214 -0.15079
v 0.16591 -0.39719 -0.04881
v 0.16591 -0.39719 -0.04881
v 0.16591 -0.39719 -0.04881
v 0.11505 -0.36965 -0.45415
v 0.12963 -0.33433 0.31680
v 0.12963 -0.33433 0.31680
v 0.19397 -0.27765 0.36463
v 0.19397 -0.27765 0.36463
v 0.09663 -0.19038 0.09346
v 0.09663 -0.19038 0.09346
v 0.11848 -0.10150 0.12447
v 0.12038 0.10052 -0.40471
v 0.12038 0.10052 -0.40471
v 0.12236 0.32101 0.55237
v 0.12236 0.32101 0.55237
v 0.12236 0.32101 0.55237
v 0.08599 0.33830 0.59977
v 0.09506 0.66136 -0.39158
v 0.10134 0.68216 0.47201
v 0.10134 0.68216 0.47201
v 0.10134 0.68216 0.47201
v 0.10134 0.68216 0.47201
v 0.08438 0.75731 0.32472
v 0.08438 0.75731 0.32472
v 0.09143 0.79467 0.18219
v 0.12260 -0.65954 -0.60278
v 0.12260 -0.65954 -0.60278
v 0.12260 -0.65954 -0.60278
v 0.15055 -0.41854 -0.41972
v 0.16462 -0.21707 0.02565
v 0.16462 -0.21707 0.02565
v 0.16462 -0.21707 0.02565
v 0.23691 -0.26666 0.31871
v 0.14467 -0.08004 0.10188
v 0.14467 -0.08004 0.10188
v 0.10856 -0.07401 0.10649
v 0.10856 -0.07401 0.10649
v 0.10856 -0.07401 0.10649
v 0.10856 -0.07401 0.10649
v 0.18334 0.13131 -0.36874
v 0.10580 0.22424 0.21683
v 0.10580 0.22424 0.21683
v 0.11036 0.27538 0.26943
v 0.11036 0.27538 0.26943
v 0.10125 0.29739 0.61323
v 0.10125 0.29739 0.61323
v 0.11727 0.31436 0.61088
v 0.11727 0.31436 0.61088
v 0.11727 0.31436 0.61088
v 0.11727 0.31436 0.61088
v 0.11727 0.31436 0.61088
v 0.09946 0.32918 -0.39341
v 0.09487 0.52880 -0.45693
v 0.09487 0.52880 -0.45693
v 0.10510 0.64879 -0.37665
v 0.13133 0.64888 -0.35909
v 0.13133 0.64888 -0.35909
v 0.13133 0.64888 -0.35909
v 0.11426 0.84679 0.10126
v 0.11426 0.84679 0.10126
v 0.11899 0.86140 0.00669
v 0.11899 0.86140 0.00669
v 0.09561 0.87518 -0.12407
v 0.12155 0.83942 -0.11873
v 0.12155 0.83942 -0.11873
v 0.10445 0.88487 0.00808
v 0.19642 0.02924 -0.37007
v 0.19642 0.02924 -0.37007
v 0.19642 0.02924 -0.37007
v 0.12012 0.00416 0.14898
v 0.17370 0.31578 -0.41758
v 0.17370 0.31578 -0.41758
v 0.13466 0.37825 0.69318
v 0.13466 0.37825 0.69318
v 0.14486 0.39061 -0.39508
v 0.12166 0.62254 0.53103
v 0.12166 0.62254 0.53103
v 0.11608 0.64740 -0.36356
v 0.16051 0.69890 -0.30087
v 0.16051 0.69890 -0.30087
v 0.16051 0.69890 -0.30087
v 0.14884 0.71591 0.34459
v 0.14884 0.71591 0.34459
v 0.14884 0.71591 0.34459
v 0.14884 0.71591 0.34459
v 0.14884 0.71591 0.34459
v 0.11918 0.83103 0.13226
v 0.17085 -0.58234 -0.46577
v 0.17085 -0.58234 -0.46577
v 0.18389 -0.54230 0.01978
v 0.18389 -0.54230 0.01978
v 0.17753 -0.42943 0.04026
v 0.17753 -0.42943 0.04026
v 0.16977 -0.15591 0.06751
v 0.16977 -0.15591 0.06751
v 0.11963 0.06577 0.18309
v 0.11963 0.06577 0.18309
v 0.17995 0.16839 -0.39337
v 0.17995 0.16839 -0.39337
v 0.09485 0.29921 0.37808
v 0.09485 0.29921 0.37808
v 0.15788 0.59577 -0.38421
v 0.11659 0.58768 0.53970
v 0.12493 0.81263 -0.14148
v 0.12493 0.81263 -0.14148
v 0.12493 0.81263 -0.14148
v 0.22218 -0.42834 -0.32079
v 0.20717 -0.20741 0.02330
v 0.20717 -0.20741 0.02330
v 0.20717 -0.20741 0.02330
v 0.20717 -0.20741 0.02330
v 0.14692 -0.14379 0.13722
v 0.17317 0.03278 -0.34878
v 0.17317 0.03278 -0.34878
v 0.14229 0.07567 0.17078
v 0.14229 0.07567 0.17078
v 0.14229 0.07567 0.17078
v 0.16279 0.24004 0.21241
v 0.16279 0.24004 0.21241
v 0.12616 0.32693 -0.37484
v 0.12616 0.32693 -0.37484
v 0.15420 0.33441 0.35114
v 0.15420 0.33441 0.35114
v 0.12045 0.32025 0.63912
v 0.12045 0.32025 0.63912
v 0.14686 0.39517 0.54681
v 0.14686 0.39517 0.54681
v 0.14686 0.39517 0.54681
v 0.14686 0.39517 0.54681
v 0.14686 0.39517 0.54681
v 0.13897 0.37525 0.63321
v 0.13897 0.37525 0.63321
v 0.13897 0.37525 0.63321
v 0.12168 0.51606 0.60343
v 0.12740 0.72439 0.40060
v 0.12740 0.72439 0.40060
v 0.19882 -0.60752 -0.52897
v 0.19882 -0.60752 -0.52897
v 0.19882 -0.60752 -0.52897
v 0.19882 -0.60752 -0.52897
v 0.19882 -0.60752 -0.52897
v 0.24816 -0.36282 0.34125
v 0.22716 -0.06474 -0.35521
v 0.11866 0.17869 0.22729
v 0.12397 0.30483 0.28481
v 0.12397 0.30483 0.28481
v 0.12397 0.30483 0.28481
v 0.13796 0.31098 0.56924
v 0.13796 0.31098 0.56924
v 0.17080 0.34289 0.39357
v 0.12135 0.32691 0.59383
v 0.12922 0.35176 0.64767
v 0.15820 0.51369 -0.41221
v 0.13425 0.50309 0.56575
v 0.13425 0.50309 0.56575
v 0.13064 0.61369 0.54644
v 0.13064 0.61369 0.54644
v 0.13064 0.61369 0.54644
v 0.12571 0.68310 -0.32909
v 0.12571 0.68310 -0.32909
v 0.13498 0.84561 0.11685
v 0.13498 0.84561 0.11685
v 0.17501 -0.34556 0.33197
v 0.17501 -0.34556 0.33197
v 0.13908 -0.22447 0.05985
v 0.13908 -0.22447 0.05985
v 0.14574 -0.24373 -0.41805
v 0.14448 -0.11353 -0.40924
v 0.14448 -0.11353 -0.40924
v 0.18986 -0.09557 -0.37998
v 0.18986 -0.09557 -0.37998
v 0.22515 0.00824 0.12254
v 0.13681 0.37106 0.55086
v 0.14694 0.56183 0.58122
v 0.14694 0.56183 0.58122
v 0.15315 0.73614 0.39379
v 0.15315 0.73614 0.39379
v 0.14927 0.74643 0.33207
v 0.14927 0.74643 0.33207
v 0.14927 0.74643 0.33207
v 0.13393 0.83462 -0.15068
v 0.13393 0.83462 -0.15068
v 0.13393 0.83462 -0.15068
v 0.15724 0.84654 0.08440
v 0.21224 -0.71378 -0.66758
v 0.21224 -0.71378 -0.66758
v 0.13814 -0.50273 -0.43814
v 0.13814 -0.50273 -0.43814
v 0.14838 -0.47733 -0.42880
v 0.14838 -0.47733 -0.42880
v 0.20059 -0.33819 -0.41090
v 0.18489 -0.16313 -0.41505
v 0.14018 0.07567 0.15621
v 0.14018 0.07567 0.15621
v 0.15035 0.25183 0.24312
v 0.15035 0.25183 0.24312
v 0.17223 0.43895 0.52919
v 0.17223 0.43895 0.52919
v 0.17223 0.43895 0.52919
v 0.17223 0.43895 0.52919
v 0.15124 0.64233 0.49362
v 0.18798 0.73742 -0.27435
v 0.18798 0.73742 -0.27435
v 0.14571 0.80752 0.15997
v 0.17204 0.82144 -0.09117
v 0.17204 0.82144 -0.09117
v 0.17204 0.82144 -0.09117
v 0.17204 0.82144 -0.09117
v 0.15365 0.82591 0.02527
v 0.17894 -0.42783 -0.39169
v 0.17894 -0.42783 -0.39169
v 0.17894 -0.42783 -0.39169
v 0.17894 -0.42783 -0.39169
v 0.17894 -0.42783 -0.39169
v 0.16705 -0.16118 0.11033
v 0.16705 -0.16118 0.11033
v 0.15324 0.34504 0.54473
v 0.15324 0.34504 0.54473
v 0.15324 0.34504 0.54473
v 0.15905 -0.63380 -0.00088
v 0.16729 -0.68428 0.01059
v 0.16729 -0.68428 0.01059
v 0.21790 0.13119 0.18367
v 0.21790 0.13119 0.18367
v 0.16005 0.35484 -0.36934
v 0.16005 0.35484 -0.36934
v 0.16538 0.41562 0.60531
v 0.16538 0.41562 0.60531
v 0.17084 0.47708 0.53116
v 0.16646 0.50018 0.53422
v 0.17237 0.71599 0.36023
v 0.17237 0.71599 0.36023
v 0.17237 0.71599 0.36023
v 0.17237 0.71599 0.36023
v 0.13975 0.80099 -0.11247
v 0.13975 0.80099 -0.11247
v 0.13975 0.80099 -0.11247
v 0.13975 0.80099 -0.11247
v 0.13975 0.80099 -0.11247
v 0.13975 0.80099 -0.11247
v 0.14344 0.79361 -0.09532
v 0.14344 0.79361 -0.09532
v 0.16581 0.79305 -0.08991
v 0.16581 0.79305 -0.08991
v 0.16581 0.79305 -0.08991
v 0.16581 0.79305 -0.08991
v 0.16581 0.79305 -0.08991
v 0.16458 0.81953 0.12215
v 0.21484 0.81719 -0.02162
v 0.18980 -0.69316 -0.54442
v 0.18507 -0.62286 -0.50743
v 0.18507 -0.62286 -0.50743
v 0.18868 -0.20780 0.04664
v 0.18868 -0.20780 0.04664
v 0.22238 0.38454 0.42007
v 0.22238 0.38454 0.42007
v 0.16851 0.38050 0.50152
v 0.16851 0.38050 0.50152
v 0.17311 0.53053 0.53556
v 0.17311 0.53053 0.53556
v 0.16164 0.56753 -0.38881
v 0.16164 0.56753 -0.38881
v 0.18795 0.67181 0.42944
v 0.18795 0.67181 0.42944
v 0.19552 0.68562 -0.31106
v 0.17542 0.84027 0.01695
v 0.22892 -0.75215 -0.63428
v 0.22892 -0.75215 -0.63428
v 0.22437 -0.65603 -0.63011
v 0.22437 -0.65603 -0.63011
v 0.22303 -0.09415 0.11830
v 0.20425 -0.06538 0.06304
v 0.17278 0.07880 0.14183
v 0.18376 0.30848 -0.41355
v 0.19987 0.35390 0.32516
v 0.19987 0.35390 0.32516
v 0.18248 0.37828 -0.38001
v 0.18248 0.37828 -0.38001
v 0.18185 0.45573 -0.38686
v 0.18185 0.45573 -0.38686
v 0.18185 0.45573 -0.38686
v 0.17447 0.51372 -0.39187
v 0.17447 0.51372 -0.39187
v 0.17208 0.57369 -0.37264
v 0.17117 0.55446 -0.38981
v 0.17117 0.55446 -0.38981
v 0.18379 0.76536 0.16952
v 0.23668 0.78511 -0.12528
v 0.18674 -0.64104 0.00928
v 0.18674 -0.64104 0.00928
v 0.17427 -0.46842 -0.13723
v 0.19113 -0.47435 -0.06807
v 0.19113 -0.47435 -0.06807
v 0.22617 -0.45010 -0.21761
v 0.19281 -0.29720 0.36872
v 0.24026 -0.05939 -0.35374
v 0.24026 -0.05939 -0.35374
v 0.22051 -0.02709 0.09856
v 0.22051 -0.02709 0.09856
v 0.21247 0.04518 0.11214
v 0.21247 0.04518 0.11214
v 0.21247 0.04518 0.11214
v 0.20801 0.31617 0.24884
v 0.20801 0.31617 0.24884
v 0.18210 0.38593 0.48517
v 0.22964 0.44023 -0.33904
v 0.22964 0.44023 -0.33904
v 0.22964 0.44023 -0.33904
v 0.20127 0.55349 -0.36495
v 0.21089 0.70459 0.31854
v 0.21089 0.70459 0.31854
v 0.17984 0.81335 0.11043
v 0.24920 -0.74809 -0.60893
v 0.24920 -0.74809 -0.60893
v 0.19182 -0.59187 -0.38709
v 0.19182 -0.59187 -0.38709
v 0.21520 -0.54196 -0.38252
v 0.21520 -0.54196 -0.38252
v 0.21520 -0.54196 -0.38252
v 0.21520 -0.54196 -0.38252
v 0.21152 -0.50385 0.05057
v 0.21152 -0.50385 0.05057
v 0.22757 -0.49742 -0.35645
v 0.22757 -0.49742 -0.35645
v 0.22757 -0.49742 -0.35645
v 0.22757 -0.49742 -0.35645
v 0.22757 -0.49742 -0.35645
v 0.22757 -0.49742 -0.35645
v 0.19115 -0.39481 -0.01882
v 0.19115 -0.39481 -0.01882
v 0.27326 0.01621 -0.31834
v 0.27326 0.01621 -0.31834
v 0.27326 0.01621 -0.31834
v 0.27326 0.01621 -0.31834
v 0.21581 0.05536 0.13618
v 0.21581 0.05536 0.13618
v 0.21581 0.05536 0.13618
v 0.22381 0.20655 -0.36328
v 0.22381 0.20655 -0.36328
v 0.25966 0.41150 -0.33253
v 0.25966 0.41150 -0.33253
v 0.20945 0.51361 0.49629
v 0.20945 0.51361 0.49629
v 0.22168 0.45516 -0.35652
v 0.22168 0.45516 -0.35652
v 0.22168 0.45516 -0.35652
v 0.22168 0.45516 -0.35652
v 0.23918 0.54758 -0.33399
v 0.21851 0.66743 -0.30075
v 0.21851 0.66743 -0.30075
v 0.19661 0.72869 0.25811
v 0.22171 0.79279 0.12510
v 0.23234 0.80925 -0.04146
v 0.20190 -0.54848 0.06163
v 0.20190 -0.54848 0.06163
v 0.20190 -0.54848 0.06163
v 0.19112 -0.38719 0.06574
v 0.19687 -0.41027 -0.01630
v 0.21968 -0.42684 0.03336
v 0.21968 -0.42684 0.03336
v 0.20281 -0.21015 0.04609
v 0.20281 -0.21015 0.04609
v 0.20281 -0.21015 0.04609
v 0.25064 -0.17493 -0.35159
v 0.21696 -0.20771 0.06167
v 0.22145 0.15980 -0.37473
v 0.22145 0.15980 -0.37473
v 0.24799 0.41929 0.31634
v 0.24799 0.41929 0.31634
v 0.24799 0.41929 0.31634
v 0.24799 0.41929 0.31634
v 0.21122 0.36898 0.32325
v 0.21122 0.36898 0.32325
v 0.21122 0.36898 0.32325
v 0.19300 0.46034 -0.39544
v 0.19300 0.46034 -0.39544
v 0.19549 0.60060 -0.34472
v 0.20830 0.63171 0.41710
v 0.19989 0.69294 0.35967
v 0.19989 0.69294 0.35967
v 0.20516 0.81739 -0.08717
v 0.20516 0.81739 -0.08717
v 0.22151 0.80884 0.01417
v 0.21798 -0.53077 0.05994
v 0.21798 -0.53077 0.05994
v 0.21798 -0.53077 0.05994
v 0.20627 -0.29047 0.04030
v 0.20627 -0.29047 0.04030
v 0.26446 -0.18533 0.05218
v 0.26193 -0.07565 -0.32864
v 0.26193 -0.07565 -0.32864
v 0.21705 0.21383 0.20596
v 0.26298 0.32757 0.23717
v 0.26298 0.32757 0.23717
v 0.20036 0.45309 -0.39284
v 0.20036 0.45309 -0.39284
v 0.20260 0.59252 -0.34631
v 0.21178 0.59049 0.41839
v 0.21178 0.59049 0.41839
v 0.21860 0.62766 -0.32850
v 0.21443 0.65853 0.37480
v 0.21443 0.65853 0.37480
v 0.21443 0.65853 0.37480
v 0.21443 0.65853 0.37480
v 0.21443 0.65853 0.37480
v 0.21695 -0.38843 0.06953
v 0.21695 -0.38843 0.06953
v 0.30599 -0.40793 0.26604
v 0.30599 -0.40793 0.26604
v 0.33061 -0.42194 0.30334
v 0.23032 -0.22178 0.03862
v 0.22765 -0.05758 0.06480
v 0.22765 -0.05758 0.06480
v 0.23529 0.09412 0.14732
v 0.24231 0.25084 -0.38662
v 0.24231 0.25084 -0.38662
v 0.22049 0.36089 0.34069
v 0.22049 0.36089 0.34069
v 0.22686 0.75620 -0.19895
v 0.22686 0.75620 -0.19895
v 0.25785 -0.72737 -0.59737
v 0.25785 -0.72737 -0.59737
v 0.21551 -0.61190 0.03457
v 0.21665 -0.62161 0.04829
v 0.21665 -0.62161 0.04829
v 0.25629 -0.42522 -0.25305
v 0.25629 -0.42522 -0.25305
v 0.22012 -0.46874 0.09989
v 0.22731 -0.43451 0.09703
v 0.35509 -0.35423 0.32641
v 0.35509 -0.35423 0.32641
v 0.27934 -0.15752 0.04611
v 0.27934 -0.15752 0.04611
v 0.26352 0.28772 -0.39701
v 0.23411 0.42929 0.31038
v 0.23411 0.42929 0.31038
v 0.23411 0.42929 0.31038
v 0.21856 0.45276 -0.33015
v 0.21856 0.45276 -0.33015
v 0.23045 0.57759 0.39898
v 0.23045 0.57759 0.39898
v 0.24084 0.78549 0.14646
v 0.23382 -0.49764 0.01022
v 0.23382 -0.49764 0.01022
v 0.22434 -0.46308 0.05649
v 0.22434 -0.46308 0.05649
v 0.22434 -0.46308 0.05649
v 0.24410 -0.51364 -0.36481
v 0.24410 -0.51364 -0.36481
v 0.24410 -0.51364 -0.36481
v 0.24410 -0.51364 -0.36481
v 0.24410 -0.51364 -0.36481
v 0.22362 -0.44007 0.04129
v 0.29303 -0.38902 0.32527
v 0.29303 -0.38902 0.32527
v 0.23902 -0.36177 0.06627
v 0.23902 -0.36177 0.06627
v 0.26630 -0.10990 0.07939
v 0.26696 0.01448 0.09628
v 0.26696 0.01448 0.09628
v 0.24885 0.03763 0.11084
v 0.24885 0.03763 0.11084
v 0.23264 0.11738 0.15829
v 0.25515 0.17279 0.16431
v 0.26180 0.45564 0.41236
v 0.26180 0.45564 0.41236
v 0.23433 0.51102 0.45846
v 0.22343 0.60380 0.41061
v 0.26489 0.63261 -0.30006
v 0.26489 0.63261 -0.30006
v 0.26301 0.68396 -0.26228
v 0.26301 0.68396 -0.26228
v 0.26301 0.68396 -0.26228
v 0.25905 0.76038 -0.15818
v 0.25905 0.76038 -0.15818
v 0.24548 0.79169 -0.03890
v 0.26960 0.76718 -0.10717
v 0.26960 0.76718 -0.10717
v 0.28359 -0.74725 -0.71209
v 0.28359 -0.74725 -0.71209
v 0.23852 -0.44985 -0.38295
v 0.23852 -0.44985 -0.38295
v 0.23852 -0.44985 -0.38295
v 0.23852 -0.44985 -0.38295
v 0.27219 -0.23351 -0.38827
v 0.27219 -0.23351 -0.38827
v 0.23246 -0.37222 0.05820
v 0.23246 -0.37222 0.05820
v 0.35633 -0.33405 0.26279
v 0.35633 -0.33405 0.26279
v 0.28147 -0.30318 0.27995
v 0.26010 -0.22717 0.02480
v 0.24868 0.24747 -0.36118
v 0.24868 0.24747 -0.36118
v 0.24868 0.24747 -0.36118
v 0.24868 0.24747 -0.36118
v 0.30702 0.36807 0.19467
v 0.30702 0.36807 0.19467
v 0.31448 0.39787 -0.36382
v 0.31448 0.39787 -0.36382
v 0.24612 0.39065 0.24652
v 0.23957 0.37863 0.31686
v 0.23957 0.37863 0.31686
v 0.27085 0.43369 0.36786
v 0.27085 0.43369 0.36786
v 0.27085 0.43369 0.36786
v 0.27085 0.43369 0.36786
v 0.24908 0.57129 0.35327
v 0.23956 0.55089 0.38434
v 0.23956 0.55089 0.38434
v 0.24115 0.53124 0.36966
v 0.24547 0.62044 0.35683
v 0.24769 0.67404 0.27665
v 0.24769 0.67404 0.27665
v 0.24769 0.67404 0.27665
v 0.24769 0.67404 0.27665
v 0.26014 0.68166 0.22459
v 0.26014 0.68166 0.22459
v 0.26014 0.68166 0.22459
v 0.27982 0.68443 0.17709
v 0.27982 0.68443 0.17709
v 0.27982 0.68443 0.17709
v 0.27982 0.68443 0.17709
v 0.24830 0.74018 0.14751
v 0.24830 0.74018 0.14751
v 0.27581 -0.69494 -0.61318
v 0.27581 -0.69494 -0.61318
v 0.28510 -0.53530 0.05868
v 0.28510 -0.53530 0.05868
v 0.28510 -0.53530 0.05868
v 0.27111 -0.49491 0.03813
v 0.27111 -0.49491 0.03813
v 0.25123 -0.38005 0.12000
v 0.29745 0.02910 0.09538
v 0.29745 0.02910 0.09538
v 0.29470 0.06472 -0.31388
v 0.29470 0.06472 -0.31388
v 0.26382 0.08490 0.14565
v 0.26382 0.08490 0.14565
v 0.29081 0.22153 -0.34441
v 0.29081 0.22153 -0.34441
v 0.25671 0.36774 0.21665
v 0.25671 0.36774 0.21665
v 0.25671 0.36774 0.21665
v 0.25884 0.42278 0.25138
v 0.25884 0.42278 0.25138
v 0.22526 0.51749 0.32853
v 0.22526 0.51749 0.32853
v 0.26353 0.46020 0.30549
v 0.27012 0.48754 -0.31816
v 0.26411 0.48393 0.33478
v 0.26411 0.48393 0.33478
v 0.26411 0.48393 0.33478
v 0.26411 0.48393 0.33478
v 0.26018 0.53181 0.32286
v 0.26018 0.53181 0.32286
v 0.27258 0.69958 -0.34554
v 0.27258 0.69958 -0.34554
v 0.27258 0.69958 -0.34554
v 0.27019 0.74174 -0.19906
v 0.27019 0.74174 -0.19906
v 0.26955 0.77811 -0.02873
v 0.27133 0.85078 -0.08465
v 0.27133 0.85078 -0.08465
v 0.28554 -0.55645 -0.34331
v 0.28554 -0.55645 -0.34331
v 0.28554 -0.55645 -0.34331
v 0.28554 -0.55645 -0.34331
v 0.26557 -0.46269 -0.31330
v 0.26557 -0.46269 -0.31330
v 0.27556 -0.47473 0.11995
v 0.34518 0.01015 -0.23288
v 0.34518 0.01015 -0.23288
v 0.34518 0.01015 -0.23288
v 0.26968 0.06071 0.09270
v 0.26968 0.06071 0.09270
v 0.30065 0.24217 0.19335
v 0.30065 0.24217 0.19335
v 0.30065 0.24217 0.19335
v 0.27049 0.45732 0.31300
v 0.27049 0.45732 0.31300
v 0.27466 0.66245 0.37715
v 0.27466 0.66245 0.37715
v 0.27466 0.66245 0.37715
v 0.27466 0.66245 0.37715
v 0.27445 0.61545 0.25508
v 0.27445 0.61545 0.25508
v 0.27445 0.61545 0.25508
v 0.27445 0.61545 0.25508
v 0.27445 0.61545 0.25508
v 0.29471 0.74003 0.29923
v 0.29471 0.74003 0.29923
v 0.29471 0.74003 0.29923
v 0.29471 0.74003 0.29923
v 0.29471 0.74003 0.29923
v 0.27402 0.75643 0.07995
v 0.27402 0.75643 0.07995
v 0.26058 0.78808 -0.20981
v 0.26058 0.78808 -0.20981
v 0.26058 0.78808 -0.20981
v 0.26541 -0.56957 -0.34660
v 0.26541 -0.56957 -0.34660
v 0.26541 -0.56957 -0.34660
v 0.28731 -0.52866 -0.32034
v 0.32584 -0.52209 -0.14790
v 0.32584 -0.52209 -0.14790
v 0.38276 -0.38069 0.22608
v 0.38276 -0.38069 0.22608
v 0.28688 -0.10287 -0.31396
v 0.27682 0.21039 -0.38124
v 0.27682 0.21039 -0.38124
v 0.26029 0.38321 0.23183
v 0.26029 0.38321 0.23183
v 0.26029 0.38321 0.23183
v 0.26871 0.41456 0.32260
v 0.26871 0.41456 0.32260
v 0.28946 0.43638 -0.32215
v 0.28946 0.43638 -0.32215
v 0.27630 0.66791 0.31679
v 0.27630 0.66791 0.31679
v 0.25328 0.56661 -0.32985
v 0.26414 0.60979 0.38116
v 0.26414 0.60979 0.38116
v 0.27357 0.65040 0.24097
v 0.27357 0.65040 0.24097
v 0.27964 0.69255 0.37622
v 0.27964 0.69255 0.37622
v 0.27964 0.69255 0.37622
v 0.27964 0.69255 0.37622
v 0.26813 0.78552 -0.24034
v 0.26813 0.78552 -0.24034
v 0.37684 -0.78494 -0.67999
v 0.37684 -0.78494 -0.67999
v 0.31602 -0.69942 -0.66370
v 0.31602 -0.69942 -0.66370
v 0.30789 -0.53264 0.00374
v 0.30789 -0.53264 0.00374
v 0.28047 -0.40973 0.12076
v 0.28806 -0.29821 -0.33053
v 0.28321 0.02517 0.08230
v 0.34928 0.08416 -0.27868
v 0.34928 0.08416 -0.27868
v 0.29588 0.28853 0.20359
v 0.29448 0.45079 0.21628
v 0.29448 0.45079 0.21628
v 0.29448 0.45079 0.21628
v 0.25899 0.57304 0.26314
v 0.25899 0.57304 0.26314
v 0.25899 0.57304 0.26314
v 0.25134 0.55979 0.23052
v 0.28932 0.67877 0.35831
v 0.28932 0.67877 0.35831
v 0.28592 0.66858 -0.26476
v 0.28592 0.66858 -0.26476
v 0.27922 0.73021 0.09144
v 0.26099 0.78915 -0.05993
v 0.26099 0.78915 -0.05993
v 0.33780 -0.73795 -0.64180
v 0.33780 -0.73795 -0.64180
v 0.40884 -0.34079 0.25461
v 0.40884 -0.34079 0.25461
v 0.40884 -0.34079 0.25461
v 0.40884 -0.34079 0.25461
v 0.40884 -0.34079 0.25461
v 0.29587 -0.20626 0.07144
v 0.29539 -0.14180 0.04978
v 0.32620 -0.07469 -0.25732
v 0.32620 -0.07469 -0.25732
v 0.27870 -0.04030 0.02022
v 0.27870 -0.04030 0.02022
v 0.27870 -0.04030 0.02022
v 0.27870 -0.04030 0.02022
v 0.33133 0.04335 0.02456
v 0.33133 0.04335 0.02456
v 0.30005 0.13237 0.14928
v 0.30849 0.23918 0.14669
v 0.30849 0.23918 0.14669
v 0.30849 0.23918 0.14669
v 0.30849 0.23918 0.14669
v 0.32172 0.22623 0.17039
v 0.32172 0.22623 0.17039
v 0.32172 0.22623 0.17039
v 0.32172 0.22623 0.17039
v 0.28249 0.44773 0.33117
v 0.27873 0.47438 0.34085
v 0.27873 0.47438 0.34085
v 0.28603 0.59821 -0.30853
v 0.28603 0.59821 -0.30853
v 0.30185 0.74186 0.27957
v 0.30185 0.74186 0.27957
v 0.30185 0.74186 0.27957
v 0.30185 0.74186 0.27957
v 0.30185 0.74186 0.27957
v 0.28498 0.72617 -0.18453
v 0.28498 0.72617 -0.18453
v 0.28498 0.72617 -0.18453
v 0.34026 0.70845 -0.15545
v 0.34026 0.70845 -0.15545
v 0.34026 0.70845 -0.15545
v 0.34026 0.70845 -0.15545
v 0.34026 0.70845 -0.15545
v 0.34026 0.70845 -0.15545
v 0.29481 0.75438 0.05974
v 0.29481 0.75438 0.05974
v 0.27004 -0.55584 0.08860
v 0.27004 -0.55584 0.08860
v 0.30354 -0.56492 0.04444
v 0.30354 -0.56492 0.04444
v 0.30581 -0.58617 0.08183
v 0.31100 -0.52957 0.14208
v 0.31100 -0.52957 0.14208
v 0.32405 -0.58349 -0.31281
v 0.32405 -0.58349 -0.31281
v 0.32405 -0.58349 -0.31281
v 0.32405 -0.58349 -0.31281
v 0.32405 -0.58349 -0.31281
v 0.30195 -0.27092 0.03590
v 0.30195 -0.27092 0.03590
v 0.31552 -0.09140 -0.25425
v 0.31552 -0.09140 -0.25425
v 0.31700 -0.25936 0.07879
v 0.31700 -0.25936 0.07879
v 0.28125 -0.06633 0.05780
v 0.28125 -0.06633 0.05780
v 0.30843 0.53966 -0.26402
v 0.30843 0.53966 -0.26402
v 0.30386 0.52979 0.19218
v 0.30386 0.52979 0.19218
v 0.29073 0.62951 0.20199
v 0.30688 0.76165 0.30310
v 0.30688 0.76165 0.30310
v 0.30688 0.76165 0.30310
v 0.30679 0.73763 -0.09762
v 0.30679 0.73763 -0.09762
v 0.31872 0.73784 -0.03233
v 0.31872 0.73784 -0.03233
v 0.31872 0.73784 -0.03233
v 0.29752 -0.40832 -0.25035
v 0.29752 -0.40832 -0.25035
v 0.31178 -0.36014 0.13089
v 0.30507 0.01468 0.04050
v 0.31461 0.53390 0.17340
v 0.31461 0.53390 0.17340
v 0.30581 0.55292 0.27376
v 0.30581 0.55292 0.27376
v 0.31824 0.58612 0.27082
v 0.32515 0.63278 0.24217
v 0.32515 0.63278 0.24217
v 0.32515 0.63278 0.24217
v 0.31190 0.65259 0.27607
v 0.31190 0.65259 0.27607
v 0.31951 0.74075 0.01393
v 0.31951 0.74075 0.01393
v 0.31951 0.74075 0.01393
v 0.33089 -0.56097 0.12327
v 0.33089 -0.56097 0.12327
v 0.32288 -0.44965 -0.29943
v 0.32288 -0.44965 -0.29943
v 0.31135 -0.48299 0.16625
v 0.33862 -0.43583 -0.19787
v 0.37165 -0.30241 0.07006
v 0.33328 0.11759 0.11092
v 0.33328 0.11759 0.11092
v 0.30558 0.60086 0.16864
v 0.30558 0.60086 0.16864
v 0.30549 0.70321 0.08204
v 0.31693 0.72596 0.04694
v 0.31693 0.72596 0.04694
v 0.31693 0.72596 0.04694
v 0.31693 0.72596 0.04694
v 0.31693 0.72596 0.04694
v 0.29325 -0.72717 -0.24184
v 0.29325 -0.72717 -0.24184
v 0.30986 -0.74907 -0.20866
v 0.31480 -0.68116 -0.26644
v 0.31480 -0.68116 -0.26644
v 0.35331 -0.42397 0.17124
v 0.35331 -0.42397 0.17124
v 0.35331 -0.42397 0.17124
v 0.35331 -0.42397 0.17124
v 0.34898 -0.02236 0.02951
v 0.34898 -0.02236 0.02951
v 0.32064 0.14488 -0.36386
v 0.32064 0.14488 -0.36386
v 0.32444 0.54526 0.18326
v 0.32444 0.54526 0.18326
v 0.33135 0.48714 -0.28497
v 0.33135 0.48714 -0.28497
v 0.36833 0.55474 -0.24390
v 0.36833 0.55474 -0.24390
v 0.36833 0.55474 -0.24390
v 0.34262 0.60242 0.15798
v 0.34262 0.60242 0.15798
v 0.34262 0.60242 0.15798
v 0.34262 0.60242 0.15798
v 0.31387 0.66758 0.14285
v 0.31387 0.66758 0.14285
v 0.31203 0.73574 0.32195
v 0.32918 0.71448 -0.18673
v 0.32918 0.71448 -0.18673
v 0.36316 -0.73116 -0.28401
v 0.36595 -0.73046 -0.72504
v 0.36595 -0.73046 -0.72504
v 0.33779 -0.53639 0.07048
v 0.33779 -0.53639 0.07048
v 0.33779 -0.53639 0.07048
v 0.30626 -0.61289 -0.08229
v 0.32255 -0.63863 -0.01336
v 0.32255 -0.63863 -0.01336
v 0.32255 -0.63863 -0.01336
v 0.31144 -0.57132 0.07971
v 0.31703 -0.41645 -0.24254
v 0.31703 -0.41645 -0.24254
v 0.33160 -0.42978 -0.31713
v 0.33160 -0.42978 -0.31713
v 0.34561 -0.19866 -0.29632
v 0.34561 -0.19866 -0.29632
v 0.33742 -0.19284 0.03928
v 0.33742 -0.19284 0.03928
v 0.34462 -0.08987 -0.24096
v 0.34462 -0.08987 -0.24096
v 0.36928 -0.09376 0.00177
v 0.36928 -0.09376 0.00177
v 0.32682 -0.01782 -0.00853
v 0.32997 0.02047 -0.02446
v 0.32997 0.02047 -0.02446
v 0.35143 0.03915 -0.21473
v 0.35143 0.03915 -0.21473
v 0.35143 0.03915 -0.21473
v 0.35143 0.03915 -0.21473
v 0.32269 0.27023 0.16179
v 0.32269 0.27023 0.16179
v 0.32269 0.27023 0.16179
v 0.35661 0.35176 0.17809
v 0.33507 0.67086 0.07945
v 0.33507 0.67086 0.07945
v 0.33507 0.67086 0.07945
v 0.35201 -0.82057 -0.21324
v 0.35201 -0.82057 -0.21324
v 0.31838 -0.72007 -0.16468
v 0.31838 -0.72007 -0.16468
v 0.33711 -0.67192 -0.15726
v 0.33711 -0.67192 -0.15726
v 0.35183 -0.57189 -0.12986
v 0.35183 -0.57189 -0.12986
v 0.35183 -0.57189 -0.12986
v 0.34529 -0.60115 -0.15017
v 0.35569 -0.47249 -0.26464
v 0.35569 -0.47249 -0.26464
v 0.35569 -0.47249 -0.26464
v 0.35569 -0.47249 -0.26464
v 0.35569 -0.47249 -0.26464
v 0.37491 -0.50628 -0.13085
v 0.37491 -0.50628 -0.13085
v 0.37491 -0.50628 -0.13085
v 0.33748 0.02594 -0.01003
v 0.33748 0.02594 -0.01003
v 0.33908 0.03797 -0.03843
v 0.33908 0.03797 -0.03843
v 0.35148 0.34173 -0.30493
v 0.36044 0.35298 -0.33335
v 0.33078 0.67915 -0.18130
v 0.34426 0.76385 0.06090
v 0.34426 0.76385 0.06090
v 0.37573 -0.79702 -0.11739
v 0.37573 -0.79702 -0.11739
v 0.37567 -0.68510 -0.27099
v 0.37567 -0.68510 -0.27099
v 0.37567 -0.68510 -0.27099
v 0.37567 -0.68510 -0.27099
v 0.36927 -0.51353 -0.07447
v 0.36927 -0.51353 -0.07447
v 0.36927 -0.51353 -0.07447
v 0.33729 -0.52292 0.14057
v 0.33729 -0.52292 0.14057
v 0.40711 -0.39460 0.33481
v 0.40711 -0.39460 0.33481
v 0.40711 -0.39460 0.33481
v 0.32427 -0.24336 0.07414
v 0.32427 -0.24336 0.07414
v 0.34259 -0.00308 -0.03243
v 0.34259 -0.00308 -0.03243
v 0.34259 -0.00308 -0.03243
v 0.34259 -0.00308 -0.03243
v 0.33456 0.05916 -0.24385
v 0.33456 0.05916 -0.24385
v 0.33456 0.05916 -0.24385
v 0.37040 0.12285 0.05183
v 0.37040 0.12285 0.05183
v 0.37040 0.12285 0.05183
v 0.37040 0.12285 0.05183
v 0.38277 0.23355 -0.33761
v 0.38277 0.23355 -0.33761
v 0.38277 0.23355 -0.33761
v 0.38277 0.23355 -0.33761
v 0.38277 0.23355 -0.33761
v 0.35380 0.21440 0.14917
v 0.35380 0.21440 0.14917
v 0.35380 0.21440 0.14917
v 0.34615 0.25081 0.12757
v 0.34530 0.30998 0.14801
v 0.35328 0.26677 0.13200
v 0.35328 0.26677 0.13200
v 0.34917 0.26784 -0.34937
v 0.34825 0.51879 0.17642
v 0.34825 0.51879 0.17642
v 0.34492 0.59676 -0.20354
v 0.34492 0.59676 -0.20354
v 0.34492 0.59676 -0.20354
v 0.36733 -0.74802 -0.72570
v 0.36733 -0.74802 -0.72570
v 0.36467 -0.69921 -0.12263
v 0.36467 -0.69921 -0.12263
v 0.36467 -0.69921 -0.12263
v 0.33561 -0.60667 -0.29314
v 0.33561 -0.60667 -0.29314
v 0.37381 -0.45402 0.27287
v 0.37381 -0.45402 0.27287
v 0.37381 -0.45402 0.27287
v 0.37754 0.07820 -0.04602
v 0.37754 0.07820 -0.04602
v 0.37754 0.07820 -0.04602
v 0.37754 0.07820 -0.04602
v 0.37754 0.07820 -0.04602
v 0.34531 0.15502 0.13045
v 0.34531 0.15502 0.13045
v 0.34531 0.15502 0.13045
v 0.37452 0.44197 -0.31413
v 0.34652 0.67836 -0.15702
v 0.34652 0.67836 -0.15702
v 0.34657 -0.64754 -0.20906
v 0.34657 -0.64754 -0.20906
v 0.36261 -0.50469 0.11053
v 0.36261 -0.50469 0.11053
v 0.32874 -0.44861 0.24500
v 0.33732 -0.45115 0.19610
v 0.33732 -0.45115 0.19610
v 0.35040 -0.48627 0.23387
v 0.35040 -0.48627 0.23387
v 0.36732 -0.39684 0.22313
v 0.36732 -0.39684 0.22313
v 0.39269 -0.33991 0.13070
v 0.39269 -0.33991 0.13070
v 0.36437 -0.01395 0.00643
v 0.36437 -0.01395 0.00643
v 0.34878 -0.00566 -0.02393
v 0.34878 -0.00566 -0.02393
v 0.36454 0.05513 -0.20622
v 0.36454 0.05513 -0.20622
v 0.36454 0.05513 -0.20622
v 0.36454 0.05513 -0.20622
v 0.36454 0.05513 -0.20622
v 0.36454 0.05513 -0.20622
v 0.36892 0.04370 -0.16432
v 0.36892 0.04370 -0.16432
v 0.36892 0.04370 -0.16432
v 0.36892 0.04370 -0.16432
v 0.36892 0.04370 -0.16432
v 0.36892 0.04370 -0.16432
v 0.36892 0.04370 -0.16432
v 0.34902 0.05447 -0.13819
v 0.34902 0.05447 -0.13819
v 0.34902 0.05447 -0.13819
v 0.34902 0.05447 -0.13819
v 0.34902 0.05447 -0.13819
v 0.34902 0.05447 -0.13819
v 0.32602 0.04942 -0.14372
v 0.32602 0.04942 -0.14372
v 0.33371 0.06944 -0.12444
v 0.33371 0.06944 -0.12444
v 0.33371 0.06944 -0.12444
v 0.37529 0.08910 -0.00052
v 0.36084 0.57674 -0.31768
v 0.36084 0.57674 -0.31768
v 0.36084 0.57674 -0.31768
v 0.36203 0.62774 -0.25797
v 0.36203 0.62774 -0.25797
v 0.35232 0.63041 0.12912
v 0.35232 0.63041 0.12912
v 0.36251 0.69769 -0.06174
v 0.36251 0.69769 -0.06174
v 0.36251 0.69769 -0.06174
v 0.36251 0.69769 -0.06174
v 0.37814 -0.86188 -0.06390
v 0.37814 -0.86188 -0.06390
v 0.37823 -0.93970 -0.10892
v 0.37823 -0.93970 -0.10892
v 0.36145 -0.90678 0.00593
v 0.36145 -0.90678 0.00593
v 0.39898 -0.86747 -0.19253
v 0.39898 -0.86747 -0.19253
v 0.39233 -0.63583 0.04491
v 0.39233 -0.63583 0.04491
v 0.37236 -0.53600 0.10205
v 0.38363 -0.53754 -0.11764
v 0.38363 -0.53754 -0.11764
v 0.38363 -0.53754 -0.11764
v 0.37826 -0.40986 -0.24509
v 0.37826 -0.40986 -0.24509
v 0.37119 -0.23252 -0.23271
v 0.37119 -0.23252 -0.23271
v 0.37119 -0.23252 -0.23271
v 0.37119 -0.23252 -0.23271
v 0.37119 -0.23252 -0.23271
v 0.34909 -0.17577 -0.24107
v 0.34909 -0.17577 -0.24107
v 0.35735 -0.16557 0.02276
v 0.35735 -0.16557 0.02276
v 0.35735 -0.16557 0.02276
v 0.35781 -0.01886 -0.00251
v 0.35781 -0.01886 -0.00251
v 0.35781 -0.01886 -0.00251
v 0.35781 -0.01886 -0.00251
v 0.37888 0.01598 -0.06700
v 0.37888 0.01598 -0.06700
v 0.37888 0.01598 -0.06700
v 0.37888 0.01598 -0.06700
v 0.34398 0.05746 -0.10945
v 0.34398 0.05746 -0.10945
v 0.37000 0.03928 -0.13028
v 0.37000 0.03928 -0.13028
v 0.37000 0.03928 -0.13028
v 0.37000 0.03928 -0.13028
v 0.36680 0.18199 0.11598
v 0.39606 0.28258 -0.29395
v 0.39606 0.28258 -0.29395
v 0.35974 0.40271 0.20250
v 0.35974 0.40271 0.20250
v 0.41429 0.50440 -0.25892
v 0.41429 0.50440 -0.25892
v 0.37254 0.68957 -0.19182
v 0.37254 0.68957 -0.19182
v 0.37772 0.65207 0.05620
v 0.37772 0.65207 0.05620
v 0.37772 0.65207 0.05620
v 0.37772 0.65207 0.05620
v 0.34819 -0.93135 0.02546
v 0.34819 -0.93135 0.02546
v 0.35915 -0.92693 0.06284
v 0.35915 -0.92693 0.06284
v 0.35915 -0.92693 0.06284
v 0.37096 -0.60414 -0.17203
v 0.38242 -0.48493 0.13234
v 0.38242 -0.48493 0.13234
v 0.38242 -0.48493 0.13234
v 0.38242 -0.48493 0.13234
v 0.38242 -0.48493 0.13234
v 0.36030 -0.49434 0.23701
v 0.36030 -0.49434 0.23701
v 0.40599 -0.47966 0.20837
v 0.40599 -0.47966 0.20837
v 0.38582 -0.50419 0.26160
v 0.38582 -0.50419 0.26160
v 0.39608 -0.41937 -0.23719
v 0.39608 -0.41937 -0.23719
v 0.37849 -0.44164 -0.21574
v 0.37849 -0.44164 -0.21574
v 0.37437 -0.38252 -0.18460
v 0.37437 -0.38252 -0.18460
v 0.37437 -0.38252 -0.18460
v 0.37437 -0.38252 -0.18460
v 0.36474 -0.38503 0.17566
v 0.36474 -0.38503 0.17566
v 0.36474 -0.38503 0.17566
v 0.36474 -0.38503 0.17566
v 0.37928 -0.20862 0.01553
v 0.37928 -0.20862 0.01553
v 0.36182 -0.15614 0.00522
v 0.36182 -0.15614 0.00522
v 0.36182 -0.15614 0.00522
v 0.37482 -0.14327 -0.00105
v 0.37482 -0.14327 -0.00105
v 0.38699 0.20772 -0.27128
v 0.38699 0.20772 -0.27128
v 0.38246 0.21178 0.11546
v 0.37941 0.31564 0.11790
v 0.37941 0.31564 0.11790
v 0.37941 0.31564 0.11790
v 0.37941 0.31564 0.11790
v 0.37335 0.51542 -0.30193
v 0.40231 0.50079 -0.31757
v 0.40231 0.50079 -0.31757
v 0.38255 0.60056 0.10538
v 0.38255 0.60056 0.10538
v 0.38255 0.60056 0.10538
v 0.37295 0.67383 -0.01215
v 0.37295 0.67383 -0.01215
v 0.36269 -0.92147 -0.21344
v 0.36269 -0.92147 -0.21344
v 0.36269 -0.92147 -0.21344
v 0.39803 -0.39672 0.36134
v 0.39803 -0.39672 0.36134
v 0.39368 -0.33884 0.18562
v 0.39368 -0.33884 0.18562
v 0.39368 -0.33884 0.18562
v 0.40230 -0.34519 0.33208
v 0.40230 -0.34519 0.33208
v 0.42683 -0.18805 -0.23392
v 0.42683 -0.18805 -0.23392
v 0.39078 -0.01785 -0.18560
v 0.39078 -0.01785 -0.18560
v 0.39078 -0.01785 -0.18560
v 0.36715 0.02275 -0.11424
v 0.36715 0.02275 -0.11424
v 0.37511 0.12035 -0.09091
v 0.37511 0.12035 -0.09091
v 0.38985 0.33548 0.18720
v 0.38985 0.33548 0.18720
v 0.37818 0.65085 0.12427
v 0.37818 0.65085 0.12427
v 0.40940 0.57546 -0.27471
v 0.40940 0.57546 -0.27471
v 0.37888 0.73863 -0.12174
v 0.37888 0.73863 -0.12174
v 0.42556 -0.94933 -0.22406
v 0.42556 -0.94933 -0.22406
v 0.41324 -0.73127 -0.11048
v 0.41324 -0.73127 -0.11048
v 0.42242 -0.63188 -0.17857
v 0.42242 -0.63188 -0.17857
v 0.41083 -0.58041 0.11270
v 0.41083 -0.58041 0.11270
v 0.40080 -0.47402 -0.17561
v 0.40080 -0.47402 -0.17561
v 0.40493 -0.44230 -0.17825
v 0.40493 -0.44230 -0.17825
v 0.40493 -0.44230 -0.17825
v 0.40354 -0.30795 0.06642
v 0.39724 -0.03625 0.00201
v 0.39724 -0.03625 0.00201
v 0.36240 -0.00503 -0.00323
v 0.36240 -0.00503 -0.00323
v 0.36240 -0.00503 -0.00323
v 0.39832 0.01650 -0.17421
v 0.39832 0.01650 -0.17421
v 0.39853 0.02566 -0.11521
v 0.39853 0.02566 -0.11521
v 0.38530 0.14179 -0.19366
v 0.38530 0.14179 -0.19366
v 0.40163 0.17280 0.07265
v 0.40163 0.17280 0.07265
v 0.37254 0.51470 -0.27255
v 0.37254 0.51470 -0.27255
v 0.38265 0.53186 0.19893
v 0.41319 0.68329 0.13036
v 0.41319 0.68329 0.13036
v 0.41319 0.68329 0.13036
v 0.41319 0.68329 0.13036
v 0.40897 -0.93651 -0.01539
v 0.40897 -0.93651 -0.01539
v 0.46646 -0.67727 -0.69200
v 0.46646 -0.67727 -0.69200
v 0.46646 -0.67727 -0.69200
v 0.46646 -0.67727 -0.69200
v 0.40914 -0.47292 -0.19085
v 0.40914 -0.47292 -0.19085
v 0.40914 -0.47292 -0.19085
v 0.40914 -0.47292 -0.19085
v 0.41172 -0.46798 0.34292
v 0.41172 -0.46798 0.34292
v 0.41172 -0.46798 0.34292
v 0.41172 -0.46798 0.34292
v 0.43537 -0.39689 -0.15973
v 0.43537 -0.39689 -0.15973
v 0.43537 -0.39689 -0.15973
v 0.43537 -0.39689 -0.15973
v 0.43537 -0.39689 -0.15973
v 0.40667 -0.34055 -0.22103
v 0.40494 -0.30138 -0.21302
v 0.40750 -0.05285 -0.01874
v 0.40750 -0.05285 -0.01874
v 0.38757 0.10811 -0.06577
v 0.39173 0.09342 0.03614
v 0.39173 0.09342 0.03614
v 0.37983 0.16770 0.04364
v 0.37983 0.16770 0.04364
v 0.37983 0.16770 0.04364
v 0.37983 0.16770 0.04364
v 0.39400 0.31181 0.09306
v 0.39400 0.31181 0.09306
v 0.43599 0.20059 0.07844
v 0.43599 0.20059 0.07844
v 0.41270 0.56151 -0.29664
v 0.40744 0.71665 0.06614
v 0.40744 0.71665 0.06614
v 0.40744 0.71665 0.06614
v 0.48285 -0.89675 -0.17927
v 0.40929 -0.65744 -0.21809
v 0.40929 -0.65744 -0.21809
v 0.41499 -0.35968 0.14710
v 0.40695 -0.09804 -0.18491
v 0.40695 -0.09804 -0.18491
v 0.40695 -0.09804 -0.18491
v 0.39970 -0.08231 -0.19698
v 0.39970 -0.08231 -0.19698
v 0.41192 0.01859 -0.08242
v 0.41192 0.01859 -0.08242
v 0.38653 0.14096 -0.06830
v 0.38653 0.14096 -0.06830
v 0.39220 0.12626 -0.07520
v 0.39220 0.12626 -0.07520
v 0.40499 0.12514 0.00229
v 0.40499 0.12514 0.00229
v 0.40499 0.12514 0.00229
v 0.40499 0.12514 0.00229
v 0.39559 0.15593 -0.08786
v 0.39559 0.15593 -0.08786
v 0.40108 0.16664 0.03346
v 0.40108 0.16664 0.03346
v 0.40108 0.16664 0.03346
v 0.40938 0.18440 0.04866
v 0.38954 0.26468 -0.22603
v 0.38954 0.26468 -0.22603
v 0.40321 0.23658 -0.22637
v 0.40321 0.23658 -0.22637
v 0.39696 0.24771 -0.23469
v 0.39696 0.24771 -0.23469
v 0.39696 0.24771 -0.23469
v 0.39696 0.24771 -0.23469
v 0.39696 0.24771 -0.23469
v 0.42927 0.44449 -0.28240
v 0.41942 0.67332 -0.16850
v 0.43594 -0.73853 -0.74163
v 0.43594 -0.73853 -0.74163
v 0.42726 -0.68085 -0.16563
v 0.41595 -0.63746 0.03072
v 0.41616 -0.64956 -0.20077
v 0.41616 -0.64956 -0.20077
v 0.48031 -0.64732 0.04368
v 0.48031 -0.64732 0.04368
v 0.42670 -0.57542 -0.13496
v 0.42670 -0.57542 -0.13496
v 0.42670 -0.57542 -0.13496
v 0.42670 -0.57542 -0.13496
v 0.47957 -0.50354 -0.04484
v 0.47957 -0.50354 -0.04484
v 0.47957 -0.50354 -0.04484
v 0.49271 -0.48637 0.18096
v 0.49271 -0.48637 0.18096
v 0.49271 -0.48637 0.18096
v 0.42484 -0.51769 0.24416
v 0.42484 -0.51769 0.24416
v 0.42110 -0.44777 0.30234
v 0.42110 -0.44777 0.30234
v 0.44943 -0.39872 0.11890
v 0.44943 -0.39872 0.11890
v 0.41805 -0.45840 0.13974
v 0.41805 -0.45840 0.13974
v 0.40514 -0.25217 -0.18062
v 0.40514 -0.25217 -0.18062
v 0.44205 -0.18958 0.03685
v 0.44205 -0.18958 0.03685
v 0.41663 -0.14090 -0.23056
v 0.41274 -0.09286 -0.01041
v 0.41274 -0.09286 -0.01041
v 0.38830 -0.07870 -0.17028
v 0.41484 -0.08585 -0.02760
v 0.41484 -0.08585 -0.02760
v 0.42204 -0.06891 -0.05231
v 0.41274 0.14980 -0.17417
v 0.42406 0.24639 -0.27759
v 0.42406 0.24639 -0.27759
v 0.42406 0.24639 -0.27759
v 0.42406 0.24639 -0.27759
v 0.42406 0.24639 -0.27759
v 0.42406 0.24639 -0.27759
v 0.46393 0.31560 -0.29267
v 0.46393 0.31560 -0.29267
v 0.46393 0.31560 -0.29267
v 0.46393 0.31560 -0.29267
v 0.40990 0.36631 0.13058
v 0.40397 0.37070 0.19193
v 0.40397 0.37070 0.19193
v 0.45695 -0.84627 -0.03569
v 0.45695 -0.84627 -0.03569
v 0.42226 -0.70720 -0.73113
v 0.42226 -0.70720 -0.73113
v 0.44393 -0.72469 -0.22325
v 0.44393 -0.72469 -0.22325
v 0.44393 -0.72469 -0.22325
v 0.44393 -0.72469 -0.22325
v 0.45761 -0.69021 -0.02144
v 0.45761 -0.69021 -0.02144
v 0.41531 -0.56751 -0.16965
v 0.41531 -0.56751 -0.16965
v 0.44077 -0.49790 0.17237
v 0.44077 -0.49790 0.17237
v 0.45062 -0.37941 -0.12843
v 0.45062 -0.37941 -0.12843
v 0.45062 -0.37941 -0.12843
v 0.45062 -0.37941 -0.12843
v 0.43944 -0.42746 0.36147
v 0.44437 -0.44675 0.18926
v 0.43553 -0.30604 0.05005
v 0.40390 -0.09496 -0.11665
v 0.46598 -0.20960 -0.08632
v 0.46598 -0.20960 -0.08632
v 0.42049 0.15473 -0.15235
v 0.41406 0.17617 -0.08552
v 0.41406 0.17617 -0.08552
v 0.41406 0.17617 -0.08552
v 0.41406 0.17617 -0.08552
v 0.41406 0.17617 -0.08552
v 0.43520 0.19983 -0.20530
v 0.43520 0.19983 -0.20530
v 0.43520 0.19983 -0.20530
v 0.43520 0.19983 -0.20530
v 0.42405 0.25705 0.07068
v 0.42405 0.25705 0.07068
v 0.41719 0.36047 0.20966
v 0.41719 0.36047 0.20966
v 0.44810 0.63010 -0.20767
v 0.44810 0.63010 -0.20767
v 0.44810 0.63010 -0.20767
v 0.41323 0.69525 0.09981
v 0.41323 0.69525 0.09981
v 0.41843 0.70400 -0.11152
v 0.41843 0.70400 -0.11152
v 0.47900 0.68616 0.00537
v 0.47900 0.68616 0.00537
v 0.47900 0.68616 0.00537
v 0.53159 -0.93918 -0.14189
v 0.53159 -0.93918 -0.14189
v 0.43228 -0.27474 -0.15357
v 0.43228 -0.27474 -0.15357
v 0.43228 -0.27474 -0.15357
v 0.43228 -0.27474 -0.15357
v 0.44815 -0.17188 -0.20842
v 0.44815 -0.17188 -0.20842
v 0.45516 -0.17881 -0.16084
v 0.45516 -0.17881 -0.16084
v 0.43646 -0.13120 -0.08076
v 0.43646 -0.13120 -0.08076
v 0.42843 0.14407 0.00453
v 0.42843 0.14407 0.00453
v 0.42843 0.14407 0.00453
v 0.43455 0.18326 0.05846
v 0.43455 0.18326 0.05846
v 0.43034 0.14602 -0.35236
v 0.43034 0.14602 -0.35236
v 0.43034 0.14602 -0.35236
v 0.43034 0.14602 -0.35236
v 0.43034 0.14602 -0.35236
v 0.42439 0.23524 -0.24567
v 0.42439 0.23524 -0.24567
v 0.42169 0.47445 -0.29272
v 0.42169 0.47445 -0.29272
v 0.45648 0.61394 0.14532
v 0.45648 0.61394 0.14532
v 0.46528 0.62841 0.13964
v 0.46528 0.62841 0.13964
v 0.46528 0.62841 0.13964
v 0.46075 -0.43412 -0.14941
v 0.46075 -0.43412 -0.14941
v 0.43851 -0.40985 0.20001
v 0.41866 0.15377 -0.03332
v 0.41866 0.15377 -0.03332
v 0.42225 0.14098 -0.03997
v 0.42225 0.14098 -0.03997
v 0.41556 0.17072 -0.35199
v 0.41556 0.17072 -0.35199
v 0.42791 0.14270 -0.34855
v 0.42791 0.14270 -0.34855
v 0.42396 0.28910 -0.33185
v 0.46217 0.26411 -0.26552
v 0.43040 0.22013 0.12238
v 0.43040 0.22013 0.12238
v 0.44062 0.32292 0.11219
v 0.44062 0.32292 0.11219
v 0.46705 0.52115 -0.28368
v 0.44469 0.65378 -0.14724
v 0.45592 -0.75851 -0.70629
v 0.45592 -0.75851 -0.70629
v 0.45156 -0.55440 -0.14656
v 0.45156 -0.55440 -0.14656
v 0.50515 -0.53694 -0.10816
v 0.50515 -0.53694 -0.10816
v 0.45928 -0.50024 0.19026
v 0.45928 -0.50024 0.19026
v 0.46431 -0.51624 0.31764
v 0.46431 -0.51624 0.31764
v 0.46431 -0.51624 0.31764
v 0.48027 -0.33621 0.18916
v 0.48027 -0.33621 0.18916
v 0.48027 -0.33621 0.18916
v 0.48027 -0.33621 0.18916
v 0.45701 -0.29623 0.01918
v 0.45701 -0.29623 0.01918
v 0.45701 -0.29623 0.01918
v 0.45701 -0.29623 0.01918
v 0.47290 -0.23384 -0.21641
v 0.47290 -0.23384 -0.21641
v 0.47290 -0.23384 -0.21641
v 0.45547 -0.16166 -0.18441
v 0.45547 -0.16166 -0.18441
v 0.43764 0.17778 -0.17564
v 0.43764 0.17778 -0.17564
v 0.43764 0.17778 -0.17564
v 0.44025 0.21982 -0.33556
v 0.47283 0.32020 0.18027
v 0.47283 0.32020 0.18027
v 0.43512 0.34062 0.19453
v 0.43512 0.34062 0.19453
v 0.46970 0.43930 -0.28523
v 0.46970 0.43930 -0.28523
v 0.46970 0.43930 -0.28523
v 0.46970 0.43930 -0.28523
v 0.46970 0.43930 -0.28523
v 0.45900 0.42125 0.19898
v 0.47953 0.42896 0.17612
v 0.44062 0.68868 -0.09923
v 0.44062 0.68868 -0.09923
v 0.44062 0.68868 -0.09923
v 0.42296 -0.93299 0.01525
v 0.42296 -0.93299 0.01525
v 0.47006 -0.90957 0.10481
v 0.47006 -0.90957 0.10481
v 0.45202 -0.76337 -0.14832
v 0.45202 -0.76337 -0.14832
v 0.48288 -0.69013 -0.74410
v 0.48288 -0.69013 -0.74410
v 0.48288 -0.69013 -0.74410
v 0.48288 -0.69013 -0.74410
v 0.45783 -0.68694 -0.13084
v 0.45783 -0.68694 -0.13084
v 0.46967 -0.68456 -0.73725
v 0.47523 -0.61874 -0.13971
v 0.47523 -0.61874 -0.13971
v 0.47523 -0.61874 -0.13971
v 0.44618 -0.60930 -0.16559
v 0.44618 -0.60930 -0.16559
v 0.44618 -0.60930 -0.16559
v 0.44944 -0.58177 0.11912
v 0.44944 -0.58177 0.11912
v 0.47443 -0.54081 0.15137
v 0.47443 -0.54081 0.15137
v 0.49765 -0.49168 0.16449
v 0.47663 -0.46190 0.36125
v 0.44676 -0.39268 0.06431
v 0.44676 -0.39268 0.06431
v 0.47063 -0.34696 0.04752
v 0.47063 -0.34696 0.04752
v 0.47063 -0.34696 0.04752
v 0.44105 -0.23249 -0.18352
v 0.44105 -0.23249 -0.18352
v 0.45839 -0.23285 -0.02207
v 0.45839 -0.23285 -0.02207
v 0.45839 -0.23285 -0.02207
v 0.45839 -0.23285 -0.02207
v 0.45774 -0.18480 -0.22409
v 0.45774 -0.18480 -0.22409
v 0.48483 -0.19931 -0.10958
v 0.48483 -0.19931 -0.10958
v 0.44809 0.12565 -0.11979
v 0.44700 0.15449 -0.15610
v 0.44700 0.15449 -0.15610
v 0.44657 0.19291 0.07360
v 0.44657 0.19291 0.07360
v 0.44977 0.25829 0.11485
v 0.44977 0.25829 0.11485
v 0.46523 0.65441 0.10734
v 0.46523 0.65441 0.10734
v 0.46320 0.66813 -0.15198
v 0.46320 0.66813 -0.15198
v 0.44246 0.69137 -0.07329
v 0.44246 0.69137 -0.07329
v 0.51005 -0.93471 0.05085
v 0.51005 -0.93471 0.05085
v 0.48232 -0.84439 -0.16160
v 0.48232 -0.84439 -0.16160
v 0.48232 -0.84439 -0.16160
v 0.48232 -0.84439 -0.16160
v 0.53712 -0.87911 -0.05172
v 0.53712 -0.87911 -0.05172
v 0.53712 -0.87911 -0.05172
v 0.53712 -0.87911 -0.05172
v 0.53712 -0.87911 -0.05172
v 0.53712 -0.87911 -0.05172
v 0.53712 -0.87911 -0.05172
v 0.53712 -0.87911 -0.05172
v 0.53712 -0.87911 -0.05172
v 0.53712 -0.87911 -0.05172
v 0.45922 -0.57329 -0.15228
v 0.45922 -0.57329 -0.15228
v 0.47348 -0.29190 0.29889
v 0.47348 -0.29190 0.29889
v 0.44975 -0.28309 0.21416
v 0.44975 -0.28309 0.21416
v 0.44975 -0.28309 0.21416
v 0.44891 -0.29200 0.18463
v 0.44891 -0.29200 0.18463
v 0.44891 -0.29200 0.18463
v 0.44891 -0.29200 0.18463
v 0.45452 -0.30139 0.18656
v 0.45452 -0.30139 0.18656
v 0.45452 -0.30139 0.18656
v 0.45452 -0.30139 0.18656
v 0.45381 -0.26297 0.24043
v 0.45381 -0.26297 0.24043
v 0.46161 -0.28893 0.19999
v 0.46161 -0.28893 0.19999
v 0.45081 -0.24975 0.16444
v 0.44027 -0.24206 0.26465
v 0.44027 -0.24206 0.26465
v 0.44673 -0.20086 -0.21747
v 0.46508 -0.17208 -0.07702
v 0.48190 -0.17604 -0.00044
v 0.48190 -0.17604 -0.00044
v 0.48190 -0.17604 -0.00044
v 0.47771 0.11076 -0.13111
v 0.50130 0.07755 0.01082
v 0.50130 0.07755 0.01082
v 0.49090 0.33758 -0.29599
v 0.48605 0.45665 -0.30528
v 0.50138 0.56272 -0.23217
v 0.50138 0.56272 -0.23217
v 0.50138 0.56272 -0.23217
v 0.50138 0.56272 -0.23217
v 0.50138 0.56272 -0.23217
v 0.50830 -0.71469 -0.69243
v 0.50830 -0.71469 -0.69243
v 0.46040 -0.67772 -0.10326
v 0.46440 -0.36977 0.36850
v 0.46951 -0.33325 0.32198
v 0.43821 -0.30474 -0.00961
v 0.43821 -0.30474 -0.00961
v 0.43821 -0.30474 -0.00961
v 0.49663 -0.34239 0.12496
v 0.49663 -0.34239 0.12496
v 0.49663 -0.34239 0.12496
v 0.46551 -0.35526 -0.12772
v 0.46551 -0.35526 -0.12772
v 0.46551 -0.35526 -0.12772
v 0.46266 -0.27834 -0.05505
v 0.46266 -0.27834 -0.05505
v 0.48339 -0.26497 0.32245
v 0.48339 -0.26497 0.32245
v 0.50423 -0.21723 0.28961
v 0.50423 -0.21723 0.28961
v 0.47928 -0.20674 0.22560
v 0.47928 -0.20674 0.22560
v 0.47928 -0.20674 0.22560
v 0.45582 -0.23877 0.17486
v 0.51069 0.04766 -0.10619
v 0.53444 0.03653 -0.15152
v 0.53444 0.03653 -0.15152
v 0.49098 0.09612 -0.14663
v 0.47602 0.30709 0.14032
v 0.47602 0.30709 0.14032
v 0.47602 0.30709 0.14032
v 0.47689 0.36570 -0.28898
v 0.47689 0.36570 -0.28898
v 0.46334 0.69090 -0.09423
v 0.46334 0.69090 -0.09423
v 0.47648 0.69041 -0.05361
v 0.50668 -0.57157 0.11672
v 0.50668 -0.57157 0.11672
v 0.46130 -0.49575 0.25285
v 0.46130 -0.49575 0.25285
v 0.51865 -0.46762 0.38234
v 0.45066 -0.33231 -0.02212
v 0.45066 -0.33231 -0.02212
v 0.45066 -0.33231 -0.02212
v 0.46957 -0.33565 -0.01204
v 0.49114 -0.38026 -0.03793
v 0.49114 -0.38026 -0.03793
v 0.49114 -0.38026 -0.03793
v 0.49114 -0.38026 -0.03793
v 0.51615 -0.38303 -0.02385
v 0.51615 -0.38303 -0.02385
v 0.51615 -0.38303 -0.02385
v 0.51615 -0.38303 -0.02385
v 0.51615 -0.38303 -0.02385
v 0.51004 -0.35312 0.15048
v 0.51004 -0.35312 0.15048
v 0.51004 -0.35312 0.15048
v 0.47598 -0.26124 -0.12001
v 0.52113 -0.30079 -0.06699
v 0.52113 -0.30079 -0.06699
v 0.46839 -0.22227 0.09581
v 0.46839 -0.22227 0.09581
v 0.45343 -0.14993 0.13646
v 0.45343 -0.14993 0.13646
v 0.48505 -0.24765 0.07458
v 0.48505 -0.24765 0.07458
v 0.47488 -0.22361 -0.06135
v 0.45967 -0.10862 0.09266
v 0.45967 -0.10862 0.09266
v 0.46538 -0.17647 0.08332
v 0.45960 -0.09547 0.03933
v 0.45960 -0.09547 0.03933
v 0.47202 -0.05763 0.09622
v 0.46747 -0.05795 0.06832
v 0.46747 -0.05795 0.06832
v 0.46934 -0.10984 0.01829
v 0.46934 -0.10984 0.01829
v 0.48866 -0.06354 0.13145
v 0.49794 0.07585 -0.08682
v 0.49041 0.17257 -0.23012
v 0.49604 0.16715 0.03151
v 0.49604 0.16715 0.03151
v 0.49211 0.30959 -0.26009
v 0.47852 0.36733 0.17305
v 0.48360 0.40263 -0.27346
v 0.48360 0.40263 -0.27346
v 0.48360 0.40263 -0.27346
v 0.54823 -0.93418 -0.04813
v 0.54823 -0.93418 -0.04813
v 0.50748 -0.62918 0.03494
v 0.49868 -0.57307 -0.13409
v 0.47010 -0.51922 0.22368
v 0.47926 -0.41183 -0.05967
v 0.47926 -0.41183 -0.05967
v 0.47926 -0.41183 -0.05967
v 0.47926 -0.41183 -0.05967
v 0.48326 -0.40234 0.37508
v 0.50321 -0.38887 0.21955
v 0.50321 -0.38887 0.21955
v 0.50321 -0.38887 0.21955
v 0.46935 -0.18228 0.03993
v 0.46935 -0.18228 0.03993
v 0.46935 -0.18228 0.03993
v 0.46314 -0.17089 0.04710
v 0.46314 -0.17089 0.04710
v 0.47057 -0.16396 0.05922
v 0.47057 -0.16396 0.05922
v 0.50618 -0.14380 0.19780
v 0.50618 -0.14380 0.19780
v 0.48518 -0.11661 0.13625
v 0.48385 -0.16128 -0.00489
v 0.48385 -0.16128 -0.00489
v 0.48096 -0.07604 0.06869
v 0.47879 -0.03697 0.09613
v 0.47879 -0.03697 0.09613
v 0.48442 -0.06783 0.08230
v 0.48442 -0.06783 0.08230
v 0.48442 -0.06783 0.08230
v 0.48442 -0.06783 0.08230
v 0.53806 0.09318 0.01758
v 0.53806 0.09318 0.01758
v 0.48846 0.14712 0.06528
v 0.48846 0.14712 0.06528
v 0.47924 0.28021 0.10990
v 0.47871 0.33641 0.11864
v 0.47871 0.33641 0.11864
v 0.47129 0.39969 -0.25575
v 0.47129 0.39969 -0.25575
v 0.47129 0.39969 -0.25575
v 0.52276 0.48864 0.15846
v 0.49583 0.68373 -0.11215
v 0.49583 0.68373 -0.11215
v 0.49583 0.68373 -0.11215
v 0.50037 0.72268 -0.08798
v 0.50037 0.72268 -0.08798
v 0.49492 -0.85267 -0.01433
v 0.49492 -0.85267 -0.01433
v 0.49492 -0.85267 -0.01433
v 0.49658 -0.91904 0.06682
v 0.53005 -0.58498 0.04898
v 0.53005 -0.58498 0.04898
v 0.49926 -0.54815 0.13395
v 0.49926 -0.54815 0.13395
v 0.49926 -0.54815 0.13395
v 0.53024 -0.52440 0.18614
v 0.53024 -0.52440 0.18614
v 0.53024 -0.52440 0.18614
v 0.53024 -0.52440 0.18614
v 0.49327 -0.54368 0.32243
v 0.49327 -0.54368 0.32243
v 0.50177 -0.53873 -0.06462
v 0.50177 -0.53873 -0.06462
v 0.50177 -0.53873 -0.06462
v 0.52298 -0.45177 0.13580
v 0.52298 -0.45177 0.13580
v 0.51874 -0.42616 0.05807
v 0.51874 -0.42616 0.05807
v 0.59725 -0.28676 0.33189
v 0.49859 -0.28462 0.11037
v 0.49686 -0.20572 0.02623
v 0.50276 -0.23048 0.04268
v 0.50276 -0.23048 0.04268
v 0.50278 -0.23937 0.06020
v 0.50278 -0.23937 0.06020
v 0.54336 -0.17599 -0.00973
v 0.54336 -0.17599 -0.00973
v 0.49802 -0.13362 0.02417
v 0.49802 -0.13362 0.02417
v 0.48882 -0.08611 0.07235
v 0.48882 -0.08611 0.07235
v 0.48882 -0.08611 0.07235
v 0.48882 -0.08611 0.07235
v 0.50818 -0.02329 0.12193
v 0.50818 -0.02329 0.12193
v 0.50818 -0.02329 0.12193
v 0.50818 -0.02329 0.12193
v 0.50818 -0.02329 0.12193
v 0.50188 0.16682 0.07819
v 0.57131 0.45505 -0.25909
v 0.57131 0.45505 -0.25909
v 0.48802 0.50668 -0.28258
v 0.48802 0.50668 -0.28258
v 0.55462 0.62505 -0.08807
v 0.55462 0.62505 -0.08807
v 0.55462 0.62505 -0.08807
v 0.55462 0.62505 -0.08807
v 0.52580 -0.56151 -0.00761
v 0.52580 -0.56151 -0.00761
v 0.53243 -0.42029 0.36837
v 0.49619 -0.18866 0.25714
v 0.49619 -0.18866 0.25714
v 0.52730 -0.18888 -0.01982
v 0.52730 -0.18888 -0.01982
v 0.51250 -0.11330 0.16009
v 0.49711 -0.10099 0.17418
v 0.49711 -0.10099 0.17418
v 0.48622 -0.07201 0.03271
v 0.51725 -0.12430 -0.00762
v 0.51228 0.04796 -0.03033
v 0.52998 0.16867 -0.23689
v 0.50528 0.35807 0.15809
v 0.50156 0.41615 -0.26027
v 0.50156 0.41615 -0.26027
v 0.53277 0.40153 -0.27329
v 0.53277 0.40153 -0.27329
v 0.50744 0.59503 -0.19504
v 0.50744 0.59503 -0.19504
v 0.50744 0.59503 -0.19504
v 0.56925 0.58373 0.07101
v 0.56925 0.58373 0.07101
v 0.51442 0.65737 -0.06154
v 0.51442 0.65737 -0.06154
v 0.49991 -0.52755 0.14356
v 0.49991 -0.52755 0.14356
v 0.56698 -0.46605 0.17312
v 0.56698 -0.46605 0.17312
v 0.56698 -0.46605 0.17312
v 0.54067 -0.37734 0.37781
v 0.49592 -0.38430 -0.12110
v 0.49592 -0.38430 -0.12110
v 0.52327 -0.25177 0.34098
v 0.51756 -0.20466 0.00660
v 0.51756 -0.20466 0.00660
v 0.50860 -0.09407 0.01297
v 0.49284 -0.06349 0.04962
v 0.49284 -0.06349 0.04962
v 0.50050 -0.05408 0.08723
v 0.50050 -0.05408 0.08723
v 0.50050 -0.05408 0.08723
v 0.50050 -0.05408 0.08723
v 0.50050 -0.05408 0.08723
v 0.52287 -0.04321 0.07291
v 0.52287 -0.04321 0.07291
v 0.52287 -0.04321 0.07291
v 0.49781 -0.02702 0.15868
v 0.49781 -0.02702 0.15868
v 0.54064 0.10765 -0.20369
v 0.55561 0.27172 0.12332
v 0.55561 0.27172 0.12332
v 0.50492 0.42554 0.17319
v 0.52939 0.46405 0.19927
v 0.52034 0.48657 -0.26951
v 0.52034 0.48657 -0.26951
v 0.57586 -0.93740 0.04669
v 0.57586 -0.93740 0.04669
v 0.57586 -0.93740 0.04669
v 0.55414 -0.61109 -0.67788
v 0.55414 -0.61109 -0.67788
v 0.53288 -0.66858 -0.75268
v 0.53288 -0.66858 -0.75268
v 0.53288 -0.66858 -0.75268
v 0.53992 -0.49267 0.17964
v 0.53992 -0.49267 0.17964
v 0.53754 -0.39095 -0.05797
v 0.53754 -0.39095 -0.05797
v 0.53754 -0.39095 -0.05797
v 0.53754 -0.39095 -0.05797
v 0.53754 -0.39095 -0.05797
v 0.53754 -0.39095 -0.05797
v 0.52702 -0.44535 -0.06127
v 0.52702 -0.44535 -0.06127
v 0.52702 -0.44535 -0.06127
v 0.53571 -0.40203 -0.04895
v 0.53571 -0.40203 -0.04895
v 0.53571 -0.40203 -0.04895
v 0.53571 -0.40203 -0.04895
v 0.56786 -0.29612 0.08292
v 0.56786 -0.29612 0.08292
v 0.56786 -0.29612 0.08292
v 0.53361 -0.28207 0.06667
v 0.53361 -0.28207 0.06667
v 0.51007 -0.15200 0.21759
v 0.51007 -0.15200 0.21759
v 0.51007 -0.15200 0.21759
v 0.49478 -0.18460 0.23025
v 0.49478 -0.18460 0.23025
v 0.50262 0.01090 -0.04970
v 0.49835 -0.06183 -0.08690
v 0.49835 -0.06183 -0.08690
v 0.51026 0.03976 -0.08795
v 0.52648 0.03455 0.04056
v 0.52648 0.03455 0.04056
v 0.51885 0.18624 0.07913
v 0.51885 0.18624 0.07913
v 0.54702 0.19610 0.07701
v 0.52741 0.20077 0.08063
v 0.53724 0.33199 -0.26728
v 0.53798 0.60773 -0.20726
v 0.53798 0.60773 -0.20726
v 0.53798 0.60773 -0.20726
v 0.57453 -0.92415 0.10885
v 0.57453 -0.92415 0.10885
v 0.57453 -0.92415 0.10885
v 0.53660 -0.58924 -0.74568
v 0.53660 -0.58924 -0.74568
v 0.51145 -0.60745 -0.70801
v 0.51145 -0.60745 -0.70801
v 0.51620 -0.59957 -0.74305
v 0.51620 -0.59957 -0.74305
v 0.51620 -0.59957 -0.74305
v 0.53955 -0.51203 0.28414
v 0.53955 -0.51203 0.28414
v 0.52637 -0.51547 -0.68147
v 0.52637 -0.51547 -0.68147
v 0.49624 -0.41511 -0.58454
v 0.49624 -0.41511 -0.58454
v 0.49624 -0.41511 -0.58454
v 0.55645 -0.46955 -0.67445
v 0.55645 -0.46955 -0.67445
v 0.52940 -0.41142 -0.10663
v 0.52940 -0.41142 -0.10663
v 0.52940 -0.41142 -0.10663
v 0.54435 -0.25503 0.03432
v 0.52809 -0.25980 0.05493
v 0.55362 -0.26424 0.01248
v 0.55362 -0.26424 0.01248
v 0.55362 -0.26424 0.01248
v 0.51344 -0.10537 0.19307
v 0.51344 -0.10537 0.19307
v 0.54337 -0.04835 0.19014
v 0.54337 -0.04835 0.19014
v 0.51983 -0.01390 0.11566
v 0.51851 0.13778 0.04362
v 0.51512 0.31601 -0.22728
v 0.57184 0.40805 -0.28383
v 0.57184 0.40805 -0.28383
v 0.58332 0.52709 0.11349
v 0.58332 0.52709 0.11349
v 0.51689 0.58640 -0.15314
v 0.51689 0.58640 -0.15314
v 0.55384 -0.50877 -0.64656
v 0.55384 -0.50877 -0.64656
v 0.53756 -0.54090 0.33069
v 0.53756 -0.54090 0.33069
v 0.53756 -0.54090 0.33069
v 0.53756 -0.54090 0.33069
v 0.54466 -0.52806 0.06304
v 0.60879 -0.36846 0.14411
v 0.60879 -0.36846 0.14411
v 0.60879 -0.36846 0.14411
v 0.52684 -0.34650 0.16729
v 0.52684 -0.34650 0.16729
v 0.57253 -0.08319 0.21444
v 0.57253 -0.08319 0.21444
v 0.53899 -0.14493 -0.02904
v 0.53899 -0.14493 -0.02904
v 0.54040 0.00763 0.13775
v 0.54040 0.00763 0.13775
v 0.54040 0.00763 0.13775
v 0.54442 0.10422 0.08508
v 0.54442 0.10422 0.08508
v 0.54442 0.10422 0.08508
v 0.51721 0.11112 0.05884
v 0.51721 0.11112 0.05884
v 0.54095 0.10353 0.03633
v 0.54095 0.10353 0.03633
v 0.57908 0.23278 -0.22203
v 0.57908 0.23278 -0.22203
v 0.55475 0.36343 0.08409
v 0.55475 0.36343 0.08409
v 0.55475 0.36343 0.08409
v 0.55475 0.36343 0.08409
v 0.54218 0.47144 0.15209
v 0.56042 -0.66720 -0.68900
v 0.56042 -0.66720 -0.68900
v 0.56042 -0.66720 -0.68900
v 0.54260 -0.36032 0.16024
v 0.54260 -0.36032 0.16024
v 0.55782 -0.19293 0.26573
v 0.52941 -0.02443 -0.15078
v 0.60858 -0.13838 -0.07665
v 0.60858 -0.13838 -0.07665
v 0.63848 -0.01405 0.18675
v 0.56415 0.11470 0.04906
v 0.56415 0.11470 0.04906
v 0.56415 0.11470 0.04906
v 0.59197 0.30110 0.15525
v 0.59197 0.30110 0.15525
v 0.57462 -0.88541 0.09914
v 0.57462 -0.88541 0.09914
v 0.57462 -0.88541 0.09914
v 0.55918 -0.59681 -0.74200
v 0.55918 -0.59681 -0.74200
v 0.55836 -0.41927 0.36766
v 0.55153 -0.42118 -0.08710
v 0.55153 -0.42118 -0.08710
v 0.56673 -0.35997 0.12766
v 0.56673 -0.35997 0.12766
v 0.54378 0.03991 0.02641
v 0.57430 0.07212 -0.19314
v 0.56909 0.38667 -0.25668
v 0.54630 0.54583 -0.20359
v 0.54630 0.54583 -0.20359
v 0.54630 0.54583 -0.20359
v 0.59750 -0.91248 -0.10828
v 0.59750 -0.91248 -0.10828
v 0.59750 -0.91248 -0.10828
v 0.59750 -0.91248 -0.10828
v 0.59750 -0.91248 -0.10828
v 0.59750 -0.91248 -0.10828
v 0.58074 -0.55100 0.22850
v 0.58074 -0.55100 0.22850
v 0.56266 -0.44916 0.37158
v 0.56266 -0.44916 0.37158
v 0.56146 -0.44657 0.35830
v 0.57489 -0.41216 0.37395
v 0.58529 -0.42910 0.22798
v 0.58529 -0.42910 0.22798
v 0.59984 -0.20419 -0.02776
v 0.56462 -0.05204 0.21308
v 0.56462 -0.05204 0.21308
v 0.58385 -0.01786 0.12064
v 0.58385 -0.01786 0.12064
v 0.56510 0.04336 0.07156
v 0.58401 0.07260 0.08119
v 0.64023 0.22923 0.06490
v 0.57573 0.58128 -0.15950
v 0.57573 0.58128 -0.15950
v 0.57573 0.58128 -0.15950
v 0.57573 0.58128 -0.15950
v 0.66059 -0.24238 0.04188
v 0.66059 -0.24238 0.04188
v 0.57426 0.12365 0.06829
v 0.57426 0.12365 0.06829
v 0.57394 0.27034 -0.27120
v 0.57800 0.40457 -0.19312
v 0.57800 0.40457 -0.19312
v 0.57800 0.40457 -0.19312
v 0.63879 0.40497 0.09521
v 0.63879 0.40497 0.09521
v 0.58290 -0.28618 0.05816
v 0.62720 -0.28743 0.34842
v 0.62720 -0.28743 0.34842
v 0.61426 -0.04640 -0.14870
v 0.62862 0.17897 0.05170
v 0.61273 0.29917 -0.22922
v 0.61273 0.29917 -0.22922
v 0.61273 0.29917 -0.22922
v 0.59509 0.36876 0.13220
v 0.57144 0.50819 -0.20834
v 0.57144 0.50819 -0.20834
v 0.61319 0.58705 0.11176
v 0.61319 0.58705 0.11176
v 0.64969 -0.92183 0.02557
v 0.64969 -0.92183 0.02557
v 0.64969 -0.92183 0.02557
v 0.63090 -0.90234 0.00411
v 0.63090 -0.90234 0.00411
v 0.61441 -0.46295 0.34180
v 0.61441 -0.46295 0.34180
v 0.61441 -0.46295 0.34180
v 0.60579 -0.38976 0.17322
v 0.60579 -0.38976 0.17322
v 0.60464 -0.27154 0.32412
v 0.60464 -0.27154 0.32412
v 0.63171 -0.23353 0.01168
v 0.63171 -0.23353 0.01168
v 0.63171 -0.23353 0.01168
v 0.62349 -0.18092 -0.02227
v 0.62349 -0.18092 -0.02227
v 0.59453 0.00209 -0.20007
v 0.58255 0.09528 0.09668
v 0.59346 0.23632 -0.26567
v 0.59346 0.23632 -0.26567
v 0.59346 0.23632 -0.26567
v 0.59346 0.23632 -0.26567
v 0.59346 0.23632 -0.26567
v 0.57551 0.32914 0.09337
v 0.58811 0.29729 0.10281
v 0.60304 -0.33755 0.12577
v 0.60304 -0.33755 0.12577
v 0.59613 -0.10633 0.22358
v 0.62896 0.32216 0.07813
v 0.62896 0.32216 0.07813
v 0.62896 0.32216 0.07813
v 0.62896 0.32216 0.07813
v 0.60020 0.49574 -0.19560
v 0.69329 -0.01682 0.12645
v 0.69329 -0.01682 0.12645
v 0.63998 0.02305 0.11387
v 0.64971 0.41089 -0.16473
v 0.64971 0.41089 -0.16473
v 0.64971 0.41089 -0.16473
v 0.60745 0.46101 -0.20966
v 0.60745 0.46101 -0.20966
v 0.61992 -0.55417 0.30803
v 0.61992 -0.55417 0.30803
v 0.61183 -0.42326 0.35123
v 0.62183 -0.38825 0.19500
v 0.62183 -0.38825 0.19500
v 0.64840 0.13976 -0.22470
v 0.60449 0.22051 -0.26848
v 0.60449 0.22051 -0.26848
v 0.60449 0.22051 -0.26848
v 0.60449 0.22051 -0.26848
v 0.59871 0.22586 -0.25884
v 0.59871 0.22586 -0.25884
v 0.59871 0.22586 -0.25884
v 0.62366 0.27565 -0.20762
v 0.62366 0.27565 -0.20762
v 0.66790 0.42963 -0.17964
v 0.66790 0.42963 -0.17964
v 0.64082 -0.49191 0.33728
v 0.64082 -0.49191 0.33728
v 0.62836 -0.43179 0.22234
v 0.62836 -0.43179 0.22234
v 0.62836 -0.43179 0.22234
v 0.61605 -0.31595 0.10782
v 0.61605 -0.31595 0.10782
v 0.61465 0.07898 0.07401
v 0.66122 0.09532 0.07917
v 0.66122 0.09532 0.07917
v 0.68481 0.21003 0.05708
v 0.68481 0.21003 0.05708
v 0.65237 0.28630 0.04829
v 0.65237 0.28630 0.04829
v 0.59608 0.38948 0.05337
v 0.59608 0.38948 0.05337
v 0.67500 0.29928 -0.16365
v 0.67500 0.29928 -0.16365
v 0.67500 0.29928 -0.16365
v 0.67500 0.29928 -0.16365
v 0.63657 0.50335 0.04897
v 0.63465 -0.93649 -0.02264
v 0.63465 -0.93649 -0.02264
v 0.64169 -0.28243 0.10795
v 0.64169 -0.28243 0.10795
v 0.64169 -0.28243 0.10795
v 0.62044 0.02983 0.15124
v 0.62044 0.02983 0.15124
v 0.64355 -0.54519 0.25875
v 0.64355 -0.54519 0.25875
v 0.66433 -0.54004 0.18325
v 0.66433 -0.54004 0.18325
v 0.64385 -0.43091 0.32675
v 0.64385 -0.43091 0.32675
v 0.65953 -0.11738 0.21084
v 0.65953 -0.11738 0.21084
v 0.62752 -0.12637 0.23203
v 0.63680 0.42686 -0.09155
v 0.63680 0.42686 -0.09155
v 0.65162 -0.49223 0.29022
v 0.65162 -0.49223 0.29022
v 0.65162 -0.49223 0.29022
v 0.62958 -0.53338 0.27250
v 0.62958 -0.53338 0.27250
v 0.67912 -0.37234 0.28276
v 0.67912 -0.37234 0.28276
v 0.67912 -0.37234 0.28276
v 0.67912 -0.37234 0.28276
v 0.67912 -0.37234 0.28276
v 0.65615 -0.31055 0.15507
v 0.65615 -0.31055 0.15507
v 0.65615 -0.31055 0.15507
v 0.65615 -0.31055 0.15507
v 0.65879 -0.31116 0.28100
v 0.68082 -0.17078 0.02097
v 0.68082 -0.17078 0.02097
v 0.68082 -0.17078 0.02097
v 0.64421 -0.04285 0.23775
v 0.66093 -0.02834 -0.17747
v 0.66093 -0.02834 -0.17747
v 0.66848 0.05058 -0.22886
v 0.68171 0.39008 0.01740
v 0.68171 0.39008 0.01740
v 0.68211 0.40596 0.04434
v 0.68211 0.40596 0.04434
v 0.65639 -0.41266 0.25566
v 0.65639 -0.41266 0.25566
v 0.65639 -0.41266 0.25566
v 0.64244 -0.43775 0.24947
v 0.64244 -0.43775 0.24947
v 0.64244 -0.43775 0.24947
v 0.66335 -0.28970 0.25790
v 0.66335 -0.28970 0.25790
v 0.65953 0.47527 -0.02770
v 0.69096 -0.48892 0.18739
v 0.65080 -0.35420 0.20405
v 0.65080 -0.35420 0.20405
v 0.67600 -0.34321 0.31513
v 0.67600 -0.34321 0.31513
v 0.68257 -0.26019 0.09960
v 0.68257 -0.26019 0.09960
v 0.64989 -0.19146 -0.02497
v 0.64989 -0.19146 -0.02497
v 0.65159 -0.13610 -0.05519
v 0.65159 -0.13610 -0.05519
v 0.68089 0.01319 0.15681
v 0.68089 0.01319 0.15681
v 0.68923 0.02349 -0.21767
v 0.68923 0.02349 -0.21767
v 0.68923 0.02349 -0.21767
v 0.66652 0.26680 -0.13708
v 0.66652 0.26680 -0.13708
v 0.64014 0.39514 -0.06829
v 0.65099 0.37996 -0.03701
v 0.65534 -0.37457 0.19613
v 0.65534 -0.37457 0.19613
v 0.64722 -0.33575 0.28155
v 0.64722 -0.33575 0.28155
v 0.66863 -0.36176 0.25310
v 0.66863 -0.36176 0.25310
v 0.66863 -0.36176 0.25310
v 0.66706 -0.24024 0.03945
v 0.66706 -0.24024 0.03945
v 0.66029 0.01882 0.11255
v 0.66331 0.08594 0.05547
v 0.66053 0.18538 -0.19666
v 0.66082 0.22620 0.04341
v 0.66082 0.22620 0.04341
v 0.70469 0.27308 -0.14064
v 0.70469 0.27308 -0.14064
v 0.70469 0.27308 -0.14064
v 0.70469 0.27308 -0.14064
v 0.67506 -0.34226 0.19013
v 0.67506 -0.34226 0.19013
v 0.66975 -0.28199 0.25474
v 0.66975 -0.28199 0.25474
v 0.66975 -0.28199 0.25474
v 0.67696 -0.25971 0.20796
v 0.67696 -0.25971 0.20796
v 0.68245 -0.00679 0.10572
v 0.68245 -0.00679 0.10572
v 0.69843 0.03495 0.08754
v 0.69843 0.03495 0.08754
v 0.68173 -0.55228 0.17725
v 0.68173 -0.55228 0.17725
v 0.70535 -0.23325 0.10786
v 0.66727 -0.30569 0.22952
v 0.66727 -0.30569 0.22952
v 0.66252 -0.29840 0.22754
v 0.67084 -0.28555 0.12152
v 0.67084 -0.28555 0.12152
v 0.68217 -0.07938 -0.10977
v 0.68217 -0.07938 -0.10977
v 0.68217 -0.07938 -0.10977
v 0.67124 -0.06475 0.11591
v 0.67124 -0.06475 0.11591
v 0.67124 -0.06475 0.11591
v 0.68381 0.14680 0.05657
v 0.70484 0.28579 -0.09627
v 0.70484 0.28579 -0.09627
v 0.68884 -0.57742 0.26286
v 0.70537 -0.56530 0.28680
v 0.70537 -0.56530 0.28680
v 0.68510 -0.28781 0.24906
v 0.68510 -0.28781 0.24906
v 0.67253 -0.27127 0.20564
v 0.71157 -0.03792 -0.09455
v 0.71157 -0.03792 -0.09455
v 0.71157 -0.03792 -0.09455
v 0.71157 -0.03792 -0.09455
v 0.71157 -0.03792 -0.09455
v 0.70061 0.20269 -0.00384
v 0.68486 0.25608 0.02261
v 0.68486 0.25608 0.02261
v 0.67248 0.28078 -0.05542
v 0.67248 0.28078 -0.05542
v 0.72000 0.22621 -0.07480
v 0.67496 0.27121 -0.11101
v 0.67496 0.27121 -0.11101
v 0.69791 0.40658 0.03246
v 0.69791 0.40658 0.03246
v 0.69791 0.40658 0.03246
v 0.69982 0.42856 -0.06003
v 0.69982 0.42856 -0.06003
v 0.69244 -0.35704 0.20478
v 0.68639 -0.26653 0.04276
v 0.68639 -0.26653 0.04276
v 0.68639 -0.26653 0.04276
v 0.71469 -0.12991 0.16139
v 0.71469 -0.12991 0.16139
v 0.69472 -0.15014 0.04167
v 0.69472 -0.15014 0.04167
v 0.69472 -0.15014 0.04167
v 0.71186 -0.10244 -0.02027
v 0.71186 -0.10244 -0.02027
v 0.67986 -0.14923 0.03236
v 0.68472 -0.09029 0.19073
v 0.68472 -0.09029 0.19073
v 0.69248 -0.03794 0.16913
v 0.69248 -0.03794 0.16913
v 0.72026 0.16459 0.04552
v 0.72026 0.16459 0.04552
v 0.70118 0.21310 -0.00461
v 0.70118 0.21310 -0.00461
v 0.72293 0.26302 -0.16113
v 0.72293 0.26302 -0.16113
v 0.71190 0.25948 -0.15333
v 0.70551 0.26694 -0.03881
v 0.70551 0.26694 -0.03881
v 0.71274 0.42858 -0.03810
v 0.71274 0.42858 -0.03810
v 0.73161 -0.49255 0.29120
v 0.73161 -0.49255 0.29120
v 0.73161 -0.49255 0.29120
v 0.73161 -0.49255 0.29120
v 0.72105 -0.17815 0.12468
v 0.72105 -0.17815 0.12468
v 0.67798 -0.20359 0.03493
v 0.70131 -0.21642 0.03483
v 0.70131 -0.21642 0.03483
v 0.68963 -0.18173 0.05646
v 0.67933 -0.13676 0.04710
v 0.72423 -0.06673 -0.04299
v 0.72423 -0.06673 -0.04299
v 0.73876 -0.05093 0.07323
v 0.73876 -0.05093 0.07323
v 0.67548 -0.07899 0.10614
v 0.67548 -0.07899 0.10614
v 0.69371 -0.10192 0.08726
v 0.71196 -0.05362 0.16520
v 0.71196 -0.05362 0.16520
v 0.74569 -0.07565 0.07808
v 0.74569 -0.07565 0.07808
v 0.71328 0.04455 0.04701
v 0.71328 0.04455 0.04701
v 0.71328 0.04455 0.04701
v 0.72238 0.08958 -0.18434
v 0.72238 0.08958 -0.18434
v 0.71512 0.10542 0.08314
v 0.71512 0.10542 0.08314
v 0.69468 0.18685 -0.18275
v 0.71621 0.21102 0.00200
v 0.71621 0.21102 0.00200
v 0.72211 0.21823 -0.13738
v 0.72211 0.21823 -0.13738
v 0.71950 0.25756 -0.01708
v 0.73282 -0.61066 0.22910
v 0.73282 -0.61066 0.22910
v 0.73997 -0.08381 -0.05156
v 0.73997 -0.08381 -0.05156
v 0.73997 -0.08381 -0.05156
v 0.72128 -0.02337 -0.13097
v 0.72128 -0.02337 -0.13097
v 0.69352 -0.01644 -0.22669
v 0.69369 -0.02667 -0.22769
v 0.69328 -0.00723 -0.23246
v 0.70581 -0.05228 -0.19056
v 0.70581 -0.05228 -0.19056
v 0.70581 -0.05228 -0.19056
v 0.70581 -0.05228 -0.19056
v 0.70581 -0.05228 -0.19056
v 0.72387 0.12234 0.03380
v 0.72387 0.12234 0.03380
v 0.72387 0.12234 0.03380
v 0.72579 0.16745 -0.17232
v 0.72579 0.16745 -0.17232
v 0.71780 0.22431 -0.13149
v 0.74873 -0.57937 0.18534
v 0.74873 -0.57937 0.18534
v 0.76303 -0.50967 0.16574
v 0.76303 -0.50967 0.16574
v 0.76303 -0.50967 0.16574
v 0.73509 -0.09572 0.14242
v 0.73509 -0.09572 0.14242
v 0.71129 -0.00972 0.14357
v 0.71129 -0.00972 0.14357
v 0.71129 -0.00972 0.14357
v 0.74881 0.14223 -0.01476
v 0.74881 0.14223 -0.01476
v 0.73462 -0.45055 0.23488
v 0.73072 -0.01971 0.12335
v 0.73072 -0.01971 0.12335
v 0.73817 0.19241 -0.04069
v 0.72777 -0.19892 0.07787
v 0.72777 -0.19892 0.07787
v 0.77646 -0.24432 0.03570
v 0.77646 -0.24432 0.03570
v 0.74241 -0.11314 0.05059
v 0.74241 -0.11314 0.05059
v 0.72534 -0.08392 -0.17746
v 0.74126 -0.12225 -0.18568
v 0.74126 -0.12225 -0.18568
v 0.75861 -0.57305 0.29162
v 0.75861 -0.57305 0.29162
v 0.75861 -0.57305 0.29162
v 0.73006 -0.13757 0.08736
v 0.76264 -0.14049 0.19498
v 0.76264 -0.14049 0.19498
v 0.73976 -0.03875 -0.16572
v 0.73976 -0.03875 -0.16572
v 0.73976 -0.03875 -0.16572
v 0.73976 -0.03875 -0.16572
v 0.73976 -0.03875 -0.16572
v 0.73976 -0.03875 -0.16572
v 0.74626 -0.06034 0.02860
v 0.74626 -0.06034 0.02860
v 0.74626 -0.06034 0.02860
v 0.74626 -0.06034 0.02860
v 0.74376 -0.05947 0.00201
v 0.74376 -0.05947 0.00201
v 0.74376 -0.05947 0.00201
v 0.74151 -0.00530 0.04352
v 0.74151 -0.00530 0.04352
v 0.74151 -0.00530 0.04352
v 0.74151 -0.00530 0.04352
v 0.72724 0.14609 0.01130
v 0.72724 0.14609 0.01130
v 0.72724 0.20973 -0.09953
v 0.74979 -0.59137 0.25534
v 0.74979 -0.59137 0.25534
v 0.73395 -0.05562 -0.01768
v 0.73395 -0.05562 -0.01768
v 0.73395 -0.05562 -0.01768
v 0.73395 -0.05562 -0.01768
v 0.74674 -0.06281 0.01605
v 0.74674 -0.06281 0.01605
v 0.74674 -0.06281 0.01605
v 0.74247 -0.03017 -0.08940
v 0.74247 -0.03017 -0.08940
v 0.74247 -0.03017 -0.08940
v 0.74247 -0.03017 -0.08940
v 0.74247 -0.03017 -0.08940
v 0.76564 0.02303 -0.07842
v 0.76564 0.02303 -0.07842
v 0.76564 0.02303 -0.07842
v 0.74767 0.04704 0.06257
v 0.74767 0.04704 0.06257
v 0.74767 0.04704 0.06257
v 0.74767 0.04704 0.06257
v 0.74767 0.04704 0.06257
v 0.74767 0.04704 0.06257
v 0.75377 0.18026 -0.10735
v 0.76551 0.14655 -0.05292
v 0.77999 0.00598 0.00407
v 0.77999 0.00598 0.00407
v 0.77999 0.00598 0.00407
v 0.76112 -0.00043 -0.10102
v 0.74833 0.08915 -0.12811
v 0.76381 -0.13747 -0.10289
v 0.76381 -0.13747 -0.10289
v 0.76381 -0.13747 -0.10289
v 0.76381 -0.13747 -0.10289
v 0.76381 -0.13747 -0.10289
v 0.76381 -0.13747 -0.10289
v 0.75818 0.02710 0.00188
v 0.75818 0.02710 0.00188
v 0.75818 0.02710 0.00188
v 0.75818 0.02710 0.00188
v 0.75818 0.02710 0.00188
v 0.75818 0.02710 0.00188
v 0.75818 0.02710 0.00188
v 0.75864 0.06716 0.00138
v 0.75864 0.06716 0.00138
v 0.78722 -0.54259 0.22001
v 0.78075 -0.55665 0.25633
v 0.77220 -0.09134 -0.08583
v 0.77220 -0.09134 -0.08583
v 0.77220 -0.09134 -0.08583
v 0.77220 -0.09134 -0.08583
v 0.78856 -0.49613 0.23382
v 0.78856 -0.49613 0.23382
v 0.77222 0.03518 -0.06218
v 0.77761 -0.22482 -0.08048
v 0.77761 -0.22482 -0.08048
v 0.78276 -0.19588 -0.09726
v 0.78276 -0.19588 -0.09726
v 0.78276 -0.19588 -0.09726
v 0.76519 -0.18008 -0.07314
v 0.76519 -0.18008 -0.07314
vt 0.99327 0.05681
vt 0.94074 0.24539
vt 0.09912 0.45317
vt 0.00365 0.52530
vt 0.95102 0.24974
vt 0.10003 0.44881
vt 0.93354 0.24391
vt 0.00367 0.53250
vt 0.01120 0.55668
vt 0.18910 0.52974
vt 0.91841 0.24930
vt 0.00342 0.54763
vt 0.90936 0.25902
vt 0.00672 0.55668
vt 0.19358 0.52513
vt 0.90869 0.26786
vt 0.19753 0.51629
vt 0.94314 0.26971
vt 0.93472 0.26269
vt 0.94686 0.26784
vt 0.93783 0.27663
vt 0.97803 0.05823
vt 0.10055 0.46841
vt 0.10017 0.45923
vt 0.98617 0.06689
vt 0.10921 0.46027
vt 0.98710 0.06565
vt 0.10796 0.45933
vt 0.01249 0.52962
vt 0.38824 0.05055
vt 0.01121 0.54096
vt 0.95138 0.25420
vt 0.10154 0.44436
vt 0.91198 0.27968
vt 0.90897 0.27197
vt 0.19711 0.51219
vt 0.01292 0.53407
vt 0.91162 0.28818
vt 0.19339 0.49598
vt 0.18738 0.05812
vt 0.33128 0.05812
vt 0.11003 0.44203
vt 0.96007 0.25872
vt 0.10124 0.43984
vt 0.18240 0.51870
vt 0.95717 0.27035
vt 0.68949 0.06837
vt 0.93236 0.28505
vt 0.68230 0.06884
vt 0.92517 0.29264
vt 0.92290 0.28717
vt 0.68142 0.06416
vt 0.92428 0.29277
vt 0.38239 0.05694
vt 0.01706 0.54329
vt 0.01364 0.55520
vt 0.96418 0.27052
vt 0.10855 0.42804
vt 0.17644 0.51245
vt 0.18689 0.50136
vt 0.18595 0.50294
vt 0.95247 0.29268
vt 0.36874 0.28316
vt 0.67334 0.07178
vt 0.91620 0.29245
vt 0.18808 0.49170
vt 0.10599 0.46992
vt 0.01052 0.52432
vt 0.01506 0.55001
vt 0.96441 0.27469
vt 0.10662 0.42387
vt 0.96000 0.28704
vt 0.37626 0.28113
vt 0.11119 0.41152
vt 0.92834 0.30225
vt 0.34461 0.28381
vt 0.18190 0.48191
vt 0.01829 0.53337
vt 0.02383 0.55689
vt 0.17646 0.53595
vt 0.11822 0.42952
vt 0.17334 0.06202
vt 0.34532 0.06202
vt 0.94775 0.04656
vt 0.12408 0.44592
vt 0.18809 0.06592
vt 0.33057 0.06592
vt 0.18294 0.49036
vt 0.96106 0.05518
vt 0.11790 0.45923
vt 0.02242 0.51630
vt 0.12199 0.42560
vt 0.94442 0.29768
vt 0.36069 0.28571
vt 0.02700 0.54197
vt 0.37451 0.05713
vt 0.02494 0.54430
vt 0.37195 0.29030
vt 0.12037 0.41360
vt 0.18030 0.49005
vt 0.06617 0.09160
vt 0.17173 0.50295
vt 0.35591 0.28887
vt 0.17458 0.49195
vt 0.95414 0.04497
vt 0.11974 0.45231
vt 0.42303 0.03174
vt 0.32352 0.05841
vt 0.49072 0.07900
vt 0.34128 0.29339
vt 0.17231 0.48475
vt 0.02569 0.55004
vt 0.02310 0.56257
vt 0.17720 0.53696
vt 0.17240 0.53599
vt 0.16373 0.49720
vt 0.13439 0.06689
vt 0.12687 0.43126
vt 0.83557 0.02793
vt 0.03881 0.56091
vt 0.16149 0.53879
vt 0.16560 0.51597
vt 0.41553 0.02706
vt 0.31884 0.06592
vt 0.49540 0.08650
vt 0.16764 0.49225
vt 0.36276 0.29813
vt 0.39955 0.01514
vt 0.07645 0.01611
vt 0.13426 0.45861
vt 0.03879 0.51759
vt 0.06729 0.11084
vt 0.16373 0.50184
vt 0.42474 0.02784
vt 0.16842 0.48304
vt 0.34846 0.31880
vt 0.42580 0.02837
vt 0.16895 0.48199
vt 0.70890 0.73856
vt 0.72523 0.73151
vt 0.72276 0.72664
vt 0.69211 0.74558
vt 0.71120 0.75262
vt 0.68070 0.73522
vt 0.16779 0.51235
vt 0.03058 0.52951
vt 0.03872 0.54009
vt 0.28564 0.05576
vt 0.03931 0.53029
vt 0.04074 0.54487
vt 0.04325 0.55664
vt 0.15705 0.54419
vt 0.29353 0.11670
vt 0.71903 0.72547
vt 0.69576 0.72284
vt 0.71941 0.74129
vt 0.69528 0.73066
vt 0.13005 0.43311
vt 0.13503 0.42724
vt 0.95361 0.07515
vt 0.37213 0.30675
vt 0.13681 0.42527
vt 0.68533 0.72923
vt 0.65685 0.22701
vt 0.75654 0.72610
vt 0.39502 0.15428
vt 0.87897 0.15233
vt 0.65225 0.22653
vt 0.74546 0.73070
vt 0.90345 0.12352
vt 0.00695 0.12156
vt 0.40412 0.15576
vt 0.86987 0.15381
vt 0.65077 0.22705
vt 0.75456 0.73218
vt 0.88232 0.13135
vt 0.02808 0.12939
vt 0.64294 0.22634
vt 0.73343 0.74002
vt 0.90699 0.12734
vt 0.00342 0.12539
vt 0.18604 0.07347
vt 0.15408 0.45411
vt 0.30218 0.10619
vt 0.71038 0.71497
vt 0.12842 0.05354
vt 0.13481 0.44462
vt 0.14309 0.05679
vt 0.13203 0.44136
vt 0.97059 0.07307
vt 0.37420 0.31062
vt 0.14068 0.40829
vt 0.65657 0.22414
vt 0.74493 0.72639
vt 0.83268 0.03467
vt 0.04555 0.56380
vt 0.15475 0.53944
vt 0.87256 0.11244
vt 0.69988 0.71051
vt 0.16329 0.51289
vt 0.06201 0.09226
vt 0.16239 0.50711
vt 0.50875 0.07811
vt 0.15429 0.48386
vt 0.42487 0.15272
vt 0.84912 0.15077
vt 0.75401 0.10019
vt 0.73743 0.68923
vt 0.96248 0.44678
vt 0.74314 0.70250
vt 0.94921 0.43317
vt 0.94981 0.42802
vt 0.65181 0.22353
vt 0.04609 0.53357
vt 0.27881 0.11068
vt 0.46279 0.05518
vt 0.73375 0.71946
vt 0.71287 0.76431
vt 0.79285 0.48361
vt 0.70745 0.70725
vt 0.13724 0.43597
vt 0.68210 0.76036
vt 0.70118 0.76432
vt 0.80454 0.48754
vt 0.68351 0.75458
vt 0.67738 0.72981
vt 0.50894 0.09131
vt 0.33736 0.31161
vt 0.15409 0.49706
vt 0.67663 0.74495
vt 0.30811 0.06079
vt 0.50614 0.08137
vt 0.45407 0.05289
vt 0.66163 0.21860
vt 0.74246 0.72133
vt 0.64663 0.22073
vt 0.63764 0.21924
vt 0.62284 0.21758
vt 0.73235 0.76012
vt 0.77337 0.48784
vt 0.40227 0.01507
vt 0.07373 0.01605
vt 0.13698 0.45918
vt 0.04151 0.51752
vt 0.39795 0.01138
vt 0.07805 0.01235
vt 0.33526 0.07303
vt 0.35967 0.08057
vt 0.73176 0.71054
vt 0.14009 0.43763
vt 0.13620 0.01849
vt 0.80417 0.01968
vt 0.32217 0.32871
vt 0.13700 0.52079
vt 0.89535 0.11572
vt 0.08154 0.07471
vt 0.67709 0.72216
vt 0.61123 0.52424
vt 0.87960 0.11029
vt 0.69284 0.71623
vt 0.96030 0.43453
vt 0.74092 0.10596
vt 0.73673 0.69500
vt 0.71252 0.70057
vt 0.57579 0.52783
vt 0.14332 0.51485
vt 0.96331 0.08643
vt 0.36085 0.30838
vt 0.73291 0.09236
vt 0.74810 0.68140
vt 0.97031 0.42568
vt 0.44971 0.04520
vt 0.74683 0.72831
vt 0.05581 0.54671
vt 0.15004 0.46489
vt 0.05456 0.52184
vt 0.82568 0.03406
vt 0.04494 0.57080
vt 0.71867 0.70060
vt 0.56965 0.52642
vt 0.61572 0.21100
vt 0.78396 0.49442
vt 0.09739 0.06482
vt 0.67337 0.70631
vt 0.61495 0.51436
vt 0.66740 0.72343
vt 0.65833 0.21492
vt 0.74277 0.72463
vt 0.31787 0.07886
vt 0.34229 0.07474
vt 0.28174 0.15747
vt 0.74915 0.71474
vt 0.93697 0.43594
vt 0.32702 0.08057
vt 0.35144 0.07303
vt 0.64444 0.21502
vt 0.66690 0.74921
vt 0.67480 0.18141
vt 0.83882 0.49515
vt 0.71272 0.06787
vt 0.76839 0.06512
vt 0.66118 0.72586
vt 0.66527 0.75070
vt 0.66943 0.18291
vt 0.69678 0.06690
vt 0.75244 0.06609
vt 0.66215 0.74180
vt 0.66266 0.75417
vt 0.67045 0.18638
vt 0.70838 0.06512
vt 0.76404 0.06787
vt 0.30098 0.05741
vt 0.05464 0.53089
vt 0.29291 0.06689
vt 0.04657 0.52861
vt 0.67029 0.72575
vt 0.78866 0.33602
vt 0.85032 0.60707
vt 0.77182 0.34038
vt 0.83348 0.60271
vt 0.57368 0.85144
vt 0.80816 0.33322
vt 0.86983 0.60986
vt 0.52398 0.50717
vt 0.06332 0.54568
vt 0.04740 0.55502
vt 0.63921 0.21139
vt 0.04919 0.56007
vt 0.15111 0.54806
vt 0.69035 0.76674
vt 0.81537 0.49352
vt 0.70526 0.69899
vt 0.58306 0.52143
vt 0.66080 0.75398
vt 0.67654 0.18619
vt 0.63672 0.75529
vt 0.83487 0.59556
vt 0.75426 0.70735
vt 0.94436 0.42578
vt 0.72168 0.68534
vt 0.56664 0.51325
vt 0.46078 0.03606
vt 0.15095 0.44748
vt 0.87507 0.12535
vt 0.58534 0.51313
vt 0.84912 0.14307
vt 0.98080 0.04932
vt 0.35791 0.15869
vt 0.61129 0.51951
vt 0.33563 0.32277
vt 0.14294 0.50522
vt 0.67697 0.76230
vt 0.82874 0.49922
vt 0.35192 0.32996
vt 0.16002 0.42312
vt 0.08864 0.06623
vt 0.61595 0.51577
vt 0.88490 0.60383
vt 0.53905 0.50021
vt 0.81311 0.34097
vt 0.52893 0.51580
vt 0.65128 0.20687
vt 0.74720 0.73168
vt 0.05736 0.16056
vt 0.06181 0.56420
vt 0.13849 0.55518
vt 0.75989 0.01596
vt 0.36556 0.32170
vt 0.15176 0.42254
vt 0.65861 0.76486
vt 0.68235 0.19706
vt 0.14397 0.53933
vt 0.12842 0.01718
vt 0.79639 0.02100
vt 0.13831 0.52857
vt 0.81623 0.50574
vt 0.86039 0.13048
vt 0.98020 0.03673
vt 0.60002 0.51891
vt 0.32748 0.32855
vt 0.13716 0.49926
vt 0.67995 0.18311
vt 0.84550 0.50030
vt 0.63623 0.72319
vt 0.86698 0.59386
vt 0.76687 0.35390
vt 0.48269 0.51835
vt 0.06253 0.54848
vt 0.44971 0.03760
vt 0.23919 0.12410
vt 0.16202 0.44050
vt 0.52564 0.52154
vt 0.50393 0.54024
vt 0.93584 0.42973
vt 0.74205 0.66529
vt 0.62343 0.19617
vt 0.77916 0.50924
vt 0.33190 0.33176
vt 0.13395 0.51323
vt 0.15771 0.42502
vt 0.97061 0.04506
vt 0.36810 0.15444
vt 0.36001 0.14904
vt 0.60190 0.51741
vt 0.63777 0.75380
vt 0.83637 0.59123
vt 0.88363 0.59851
vt 0.89450 0.59737
vt 0.54865 0.49422
vt 0.23084 0.99658
vt 0.55314 0.49753
vt 0.23415 0.98336
vt 0.53348 0.52972
vt 0.50222 0.52076
vt 0.16421 0.46434
vt 0.45854 0.03345
vt 0.15318 0.44417
vt 0.40785 0.04736
vt 0.57328 0.50585
vt 0.68235 0.18940
vt 0.84681 0.50269
vt 0.90208 0.58470
vt 0.21959 0.98392
vt 0.63672 0.71678
vt 0.87339 0.59126
vt 0.57144 0.03857
vt 0.43165 0.29259
vt 0.67554 0.37061
vt 0.57190 0.03454
vt 0.43211 0.29599
vt 0.42228 0.29596
vt 0.66618 0.36723
vt 0.12096 0.07250
vt 0.95153 0.41024
vt 0.45828 0.11670
vt 0.75689 0.68059
vt 0.97111 0.42082
vt 0.63989 0.19580
vt 0.76318 0.50962
vt 0.82662 0.50624
vt 0.65493 0.76545
vt 0.87339 0.18494
vt 0.63918 0.70777
vt 0.88239 0.58188
vt 0.64914 0.49948
vt 0.54291 0.53339
vt 0.24267 0.42788
vt 0.50548 0.55242
vt 0.24982 0.43582
vt 0.51263 0.54358
vt 0.40176 0.30950
vt 0.64565 0.35369
vt 0.25748 0.29359
vt 0.64955 0.35481
vt 0.20462 0.09843
vt 0.10498 0.07471
vt 0.93840 0.42621
vt 0.19841 0.08875
vt 0.11118 0.06503
vt 0.94252 0.42001
vt 0.19289 0.10107
vt 0.93192 0.41448
vt 0.74295 0.65419
vt 0.06641 0.54308
vt 0.16048 0.47412
vt 0.06501 0.53301
vt 0.20338 0.08154
vt 0.21436 0.13135
vt 0.80573 0.18285
vt 0.17143 0.46534
vt 0.81966 0.22217
vt 0.13248 0.53701
vt 0.72728 0.67717
vt 0.37207 0.21220
vt 0.56104 0.50498
vt 0.13199 0.02002
vt 0.79996 0.01816
vt 0.40232 0.03806
vt 0.60103 0.02736
vt 0.58258 0.50032
vt 0.75847 0.01639
vt 0.15539 0.42395
vt 0.75244 0.02100
vt 0.15758 0.42998
vt 0.96826 0.03925
vt 0.37045 0.14862
vt 0.60963 0.50697
vt 0.65961 0.76807
vt 0.68462 0.20027
vt 0.86871 0.18577
vt 0.75245 0.36174
vt 0.55232 0.85034
vt 0.23873 0.43155
vt 0.50154 0.54602
vt 0.23827 0.43563
vt 0.24565 0.44065
vt 0.56104 0.02963
vt 0.42124 0.30625
vt 0.18604 0.09422
vt 0.85205 0.16095
vt 0.93464 0.40763
vt 0.31308 0.16043
vt 0.92919 0.40460
vt 0.29212 0.16260
vt 0.75427 0.71680
vt 0.05029 0.16206
vt 0.93491 0.42556
vt 0.79535 0.52012
vt 0.16216 0.42636
vt 0.59942 0.50600
vt 0.69757 0.20014
vt 0.83475 0.51792
vt 0.69023 0.20599
vt 0.63695 0.76090
vt 0.89137 0.19292
vt 0.82927 0.58482
vt 0.81144 0.57472
vt 0.54570 0.85785
vt 0.27373 0.44393
vt 0.53653 0.54514
vt 0.42223 0.31142
vt 0.66612 0.35178
vt 0.73122 0.66653
vt 0.38271 0.21933
vt 0.19529 0.07370
vt 0.16334 0.45995
vt 0.22741 0.11970
vt 0.17143 0.45229
vt 0.33451 0.33143
vt 0.54881 0.51137
vt 0.45656 0.10624
vt 0.98158 0.41677
vt 0.44873 0.09623
vt 0.76644 0.66012
vt 0.99159 0.40912
vt 0.05508 0.17450
vt 0.06653 0.55564
vt 0.13377 0.54833
vt 0.32004 0.33893
vt 0.82632 0.22089
vt 0.12678 0.53035
vt 0.32506 0.33454
vt 0.69134 0.20816
vt 0.85205 0.19249
vt 0.55305 0.52924
vt 0.26587 0.97527
vt 0.23346 0.44169
vt 0.49626 0.54511
vt 0.98071 0.41005
vt 0.64022 0.18643
vt 0.06676 0.18099
vt 0.76791 0.51898
vt 0.55599 0.31056
vt 0.72796 0.65998
vt 0.38926 0.21606
vt 0.74236 0.65378
vt 0.13360 0.52868
vt 0.31885 0.33606
vt 0.12965 0.52781
vt 0.38791 0.14511
vt 0.03640 0.03630
vt 0.60993 0.48951
vt 0.89915 0.56981
vt 0.75487 0.65121
vt 0.93658 0.23682
vt 0.65259 0.18740
vt 0.05782 0.18003
vt 0.79932 0.18425
vt 0.16851 0.47176
vt 0.07303 0.52562
vt 0.80297 0.19667
vt 0.07025 0.53804
vt 0.54541 0.36019
vt 0.37358 0.22006
vt 0.95969 0.32421
vt 0.57398 0.48921
vt 0.32916 0.34464
vt 0.83222 0.21177
vt 0.34498 0.33867
vt 0.84501 0.19595
vt 0.16873 0.42606
vt 0.81494 0.52128
vt 0.69599 0.20947
vt 0.86244 0.19713
vt 0.47842 0.53291
vt 0.29121 0.43951
vt 0.55401 0.54558
vt 0.28220 0.98392
vt 0.41121 0.31452
vt 0.94580 0.40448
vt 0.97883 0.40792
vt 0.05204 0.18033
vt 0.92721 0.40729
vt 0.05291 0.18529
vt 0.92529 0.40233
vt 0.16933 0.43442
vt 0.39600 0.04192
vt 0.19387 0.03329
vt 0.59717 0.03368
vt 0.05288 0.02743
vt 0.57872 0.49399
vt 0.32663 0.34139
vt 0.90469 0.56636
vt 0.21579 0.96558
vt 0.89216 0.56786
vt 0.44105 0.30293
vt 0.68495 0.36027
vt 0.44913 0.30747
vt 0.69302 0.35572
vt 0.74448 0.65069
vt 0.35205 0.09109
vt 0.94698 0.23080
vt 0.93736 0.23288
vt 0.08607 0.54975
vt 0.43730 0.22541
vt 0.77880 0.51980
vt 0.56688 0.31996
vt 0.12277 0.54426
vt 0.59806 0.03662
vt 0.30867 0.02856
vt 0.96532 0.33785
vt 0.57961 0.49105
vt 0.83191 0.18621
vt 0.17455 0.43916
vt 0.22221 0.44475
vt 0.48501 0.53835
vt 0.42728 0.31655
vt 0.77030 0.65687
vt 0.92116 0.23240
vt 0.22385 0.12677
vt 0.16934 0.45584
vt 0.22738 0.97547
vt 0.88929 0.20338
vt 0.82242 0.57436
vt 0.28595 0.45492
vt 0.27871 0.96851
vt 0.61780 0.05615
vt 0.23839 0.46108
vt 0.62121 0.04502
vt 0.24953 0.45329
vt 0.43401 0.31598
vt 0.67790 0.34722
vt 0.92257 0.23091
vt 0.05887 0.18872
vt 0.54810 0.29572
vt 0.64908 0.18496
vt 0.06302 0.18247
vt 0.73135 0.64776
vt 0.36517 0.08817
vt 0.11832 0.54669
vt 0.40147 0.22807
vt 0.37036 0.09182
vt 0.39782 0.22775
vt 0.36454 0.23319
vt 0.95258 0.32496
vt 0.56687 0.48399
vt 0.19189 0.03741
vt 0.05485 0.03155
vt 0.19517 0.03469
vt 0.15499 0.01853
vt 0.57881 0.49269
vt 0.34853 0.34619
vt 0.17626 0.43302
vt 0.46533 0.07885
vt 0.89115 0.56385
vt 0.61084 0.17439
vt 0.63354 0.48145
vt 0.00342 0.05679
vt 0.25250 0.97145
vt 0.75179 0.38048
vt 0.46761 0.52431
vt 0.20459 0.44556
vt 0.46739 0.54800
vt 0.20676 0.44393
vt 0.46956 0.54890
vt 0.91162 0.22194
vt 0.99032 0.39621
vt 0.77311 0.65763
vt 0.91834 0.23009
vt 0.99408 0.40436
vt 0.95071 0.39776
vt 0.92567 0.22114
vt 0.41162 0.21028
vt 0.71813 0.31967
vt 0.92771 0.40440
vt 0.05617 0.18825
vt 0.92681 0.39937
vt 0.54541 0.29273
vt 0.06650 0.19190
vt 0.55574 0.29986
vt 0.08899 0.54654
vt 0.44051 0.23015
vt 0.08422 0.53377
vt 0.55938 0.35876
vt 0.81704 0.18663
vt 0.54949 0.34612
vt 0.37339 0.10693
vt 0.38271 0.23019
vt 0.82485 0.19983
vt 0.55583 0.33830
vt 0.83167 0.19511
vt 0.18015 0.43941
vt 0.60236 0.27528
vt 0.59688 0.48637
vt 0.70392 0.20105
vt 0.84996 0.52427
vt 0.70930 0.20440
vt 0.87486 0.21044
vt 0.78174 0.01717
vt 0.85225 0.52965
vt 0.21000 0.45866
vt 0.47281 0.53918
vt 0.96522 0.39776
vt 0.97214 0.39281
vt 0.92094 0.22715
vt 0.71845 0.32568
vt 0.93254 0.39569
vt 0.91765 0.35944
vt 0.17546 0.67675
vt 0.93419 0.06161
vt 0.94308 0.22584
vt 0.41977 0.22769
vt 0.36420 0.09577
vt 0.95913 0.22635
vt 0.39387 0.22762
vt 0.08600 0.56559
vt 0.92529 0.05992
vt 0.95199 0.22188
vt 0.11430 0.55481
vt 0.39911 0.23209
vt 0.42145 0.23659
vt 0.19977 0.03680
vt 0.15038 0.02197
vt 0.04697 0.03094
vt 0.54150 0.01923
vt 0.30570 0.03219
vt 0.58085 0.26904
vt 0.57537 0.48809
vt 0.14795 0.01445
vt 0.58290 0.48565
vt 0.84021 0.19286
vt 0.17577 0.43086
vt 0.83829 0.52859
vt 0.21825 0.45775
vt 0.43347 0.31913
vt 0.67736 0.34406
vt 0.26235 0.14990
vt 0.22353 0.67726
vt 0.26494 0.14638
vt 0.27783 0.14813
vt 0.35257 0.01898
vt 0.23182 0.66178
vt 0.95540 0.39121
vt 0.90702 0.33657
vt 0.86888 0.16975
vt 0.93023 0.39884
vt 0.54675 0.28931
vt 0.08704 0.18995
vt 0.57627 0.31009
vt 0.82171 0.20159
vt 0.10498 0.53496
vt 0.57047 0.34144
vt 0.20329 0.04443
vt 0.04346 0.03857
vt 0.54502 0.02686
vt 0.57993 0.27667
vt 0.79887 0.53144
vt 0.58696 0.31578
vt 0.90004 0.56634
vt 0.65579 0.31487
vt 0.64090 0.33603
vt 0.24561 0.31126
vt 0.20550 0.66612
vt 0.13125 0.27762
vt 0.42782 0.21375
vt 0.10991 0.53943
vt 0.40410 0.23648
vt 0.56554 0.34591
vt 0.62896 0.67763
vt 0.88028 0.21631
vt 0.14050 0.21450
vt 0.29240 0.47202
vt 0.28857 0.95141
vt 0.60791 0.04679
vt 0.24776 0.45288
vt 0.70324 0.01769
vt 0.64660 0.01893
vt 0.69944 0.01927
vt 0.64280 0.01736
vt 0.69611 0.01563
vt 0.63947 0.02100
vt 0.44801 0.31875
vt 0.69191 0.34444
vt 0.73658 0.44319
vt 0.63147 0.33182
vt 0.24582 0.31547
vt 0.39016 0.32911
vt 0.26458 0.31320
vt 0.40623 0.33072
vt 0.26477 0.14469
vt 0.25342 0.14079
vt 0.76312 0.46628
vt 0.22350 0.68619
vt 0.19129 0.24111
vt 0.58057 0.81336
vt 0.19753 0.68390
vt 0.12633 0.29541
vt 0.09867 0.96115
vt 0.91094 0.06803
vt 0.21996 0.65512
vt 0.93568 0.39258
vt 0.18408 0.67361
vt 0.11213 0.96314
vt 0.90994 0.02881
vt 0.44499 0.21873
vt 0.75150 0.32161
vt 0.44559 0.20439
vt 0.75209 0.31520
vt 0.87044 0.17497
vt 0.92772 0.39362
vt 0.92853 0.36425
vt 0.94053 0.06592
vt 0.93675 0.22717
vt 0.09748 0.53547
vt 0.45158 0.23836
vt 0.57264 0.35952
vt 0.08342 0.19385
vt 0.57265 0.30624
vt 0.39108 0.24047
vt 0.11275 0.23124
vt 0.56872 0.35270
vt 0.54984 0.02561
vt 0.29736 0.03857
vt 0.12053 0.05811
vt 0.57892 0.27543
vt 0.95915 0.34786
vt 0.57344 0.47975
vt 0.89536 0.21378
vt 0.12542 0.21393
vt 0.81636 0.56395
vt 0.53235 0.84330
vt 0.85873 0.04932
vt 0.24372 0.96117
vt 0.84619 0.03718
vt 0.01853 0.05956
vt 0.25626 0.96868
vt 0.00612 0.06592
vt 0.25944 0.96232
vt 0.21150 0.46142
vt 0.47431 0.53516
vt 0.67416 0.32187
vt 0.45985 0.17499
vt 0.71883 0.44873
vt 0.69580 0.02100
vt 0.63916 0.01563
vt 0.44771 0.32410
vt 0.73627 0.43782
vt 0.42424 0.32625
vt 0.34883 0.02100
vt 0.23384 0.66041
vt 0.28158 0.14077
vt 0.34521 0.01575
vt 0.91064 0.07666
vt 0.79129 0.46118
vt 0.22859 0.65803
vt 0.91949 0.22052
vt 0.71189 0.31906
vt 0.92023 0.22044
vt 0.71668 0.31898
vt 0.57693 0.29477
vt 0.59285 0.30722
vt 0.82241 0.54150
vt 0.61049 0.32764
vt 0.94603 0.61483
vt 0.02393 0.03950
vt 0.60673 0.47704
vt 0.22065 0.96590
vt 0.85108 0.04124
vt 0.25137 0.96604
vt 0.27636 0.46583
vt 0.25707 0.46161
vt 0.25006 0.47060
vt 0.51286 0.56335
vt 0.76517 0.43182
vt 0.15683 0.24257
vt 0.23712 0.01399
vt 0.06237 0.01301
vt 0.76689 0.42325
vt 0.14826 0.24475
vt 0.78112 0.43118
vt 0.77362 0.44288
vt 0.16789 0.25069
vt 0.80940 0.45582
vt 0.02807 0.36963
vt 0.80578 0.43272
vt 0.83281 0.44922
vt 0.02146 0.36662
vt 0.26574 0.13671
vt 0.77544 0.46864
vt 0.22222 0.69372
vt 0.93172 0.39508
vt 0.17656 0.67757
vt 0.17884 0.68563
vt 0.92469 0.36475
vt 0.16842 0.68206
vt 0.12778 0.95627
vt 0.56787 0.29397
vt 0.88551 0.17725
vt 0.10498 0.05758
vt 0.56337 0.28851
vt 0.94360 0.36094
vt 0.37786 0.23854
vt 0.95153 0.33277
vt 0.95800 0.33867
vt 0.59034 0.28832
vt 0.58486 0.47820
vt 0.59351 0.28174
vt 0.58146 0.28182
vt 0.03116 0.04834
vt 0.59789 0.48427
vt 0.87471 0.21453
vt 0.78583 0.02100
vt 0.14608 0.21614
vt 0.76818 0.41681
vt 0.14182 0.24379
vt 0.79022 0.41657
vt 0.79803 0.44735
vt 0.81915 0.42923
vt 0.11465 0.28451
vt 0.10478 0.94946
vt 0.97217 0.23975
vt 0.71582 0.31264
vt 0.18955 0.68121
vt 0.10665 0.96211
vt 0.18912 0.68994
vt 0.60205 0.11206
vt 0.18321 0.69626
vt 0.94719 0.38762
vt 0.91511 0.34478
vt 0.90411 0.02168
vt 0.24463 0.02002
vt 0.81881 0.01894
vt 0.45212 0.21637
vt 0.75863 0.31578
vt 0.90186 0.02715
vt 0.24688 0.01928
vt 0.75316 0.31352
vt 0.16801 0.67772
vt 0.45943 0.22432
vt 0.56693 0.37356
vt 0.76594 0.31463
vt 0.56726 0.29649
vt 0.90798 0.56000
vt 0.22446 0.95922
vt 0.24251 0.95445
vt 0.11963 0.21925
vt 0.06201 0.02979
vt 0.81104 0.55743
vt 0.52840 0.84799
vt 0.25521 0.96178
vt 0.74365 0.38818
vt 0.45947 0.52584
vt 0.52588 0.83549
vt 0.21978 0.46576
vt 0.23158 0.46669
vt 0.80490 0.41539
vt 0.13641 0.40088
vt 0.78284 0.44253
vt 0.78439 0.45353
vt 0.76237 0.45272
vt 0.17773 0.25174
vt 0.76842 0.45762
vt 0.76594 0.16111
vt 0.19898 0.69616
vt 0.91761 0.20773
vt 0.98262 0.38200
vt 0.97854 0.23858
vt 0.90018 0.30935
vt 0.70900 0.30626
vt 0.43843 0.20176
vt 0.74494 0.31143
vt 0.74419 0.16650
vt 0.18459 0.71792
vt 0.74458 0.16253
vt 0.75226 0.16497
vt 0.18958 0.70985
vt 0.43115 0.19892
vt 0.73766 0.30714
vt 0.73612 0.16131
vt 0.18122 0.72598
vt 0.97309 0.88255
vt 0.45098 0.20981
vt 0.75748 0.31236
vt 0.17522 0.70282
vt 0.17635 0.71564
vt 0.97799 0.02269
vt 0.92895 0.35373
vt 0.16416 0.67104
vt 0.10886 0.05521
vt 0.56725 0.28493
vt 0.57273 0.28410
vt 0.81180 0.53935
vt 0.59989 0.32415
vt 0.60462 0.47616
vt 0.83907 0.53860
vt 0.15910 0.21219
vt 0.02511 0.10542
vt 0.92937 0.62709
vt 0.78915 0.01663
vt 0.85194 0.53706
vt 0.14624 0.21178
vt 0.02552 0.09256
vt 0.91650 0.62668
vt 0.23511 0.95388
vt 0.27060 0.94905
vt 0.24054 0.46774
vt 0.23291 0.01353
vt 0.06658 0.01255
vt 0.14796 0.24896
vt 0.23748 0.01709
vt 0.06201 0.01611
vt 0.81566 0.46311
vt 0.03535 0.35917
vt 0.93825 0.12427
vt 0.23221 0.69333
vt 0.58193 0.82050
vt 0.91818 0.06177
vt 0.79832 0.47607
vt 0.21370 0.65100
vt 0.04832 0.36235
vt 0.20694 0.65001
vt 0.05508 0.36227
vt 0.12142 0.26151
vt 0.97042 0.38685
vt 0.75302 0.31249
vt 0.75451 0.31224
vt 0.81194 0.01994
vt 0.75762 0.30891
vt 0.94156 0.38795
vt 0.11736 0.95850
vt 0.17438 0.72521
vt 0.97223 0.87571
vt 0.25240 0.01995
vt 0.81104 0.02100
vt 0.75657 0.30800
vt 0.62527 0.11360
vt 0.16000 0.69780
vt 0.98046 0.02135
vt 0.93141 0.35610
vt 0.36367 0.24936
vt 0.94329 0.32583
vt 0.56658 0.34089
vt 0.62792 0.67262
vt 0.94749 0.34234
vt 0.13921 0.22379
vt 0.53325 0.86757
vt 0.14586 0.22579
vt 0.53093 0.87423
vt 0.83014 0.43515
vt 0.16164 0.40004
vt 0.00740 0.36260
vt 0.04206 0.35290
vt 0.80312 0.47173
vt 0.04397 0.36140
vt 0.91780 0.06400
vt 0.79314 0.47384
vt 0.97815 0.37946
vt 0.89697 0.31382
vt 0.97324 0.38298
vt 0.90078 0.31873
vt 0.71902 0.30192
vt 0.91934 0.34135
vt 0.91297 0.33392
vt 0.92555 0.34453
vt 0.35303 0.24506
vt 0.94341 0.33647
vt 0.60034 0.29206
vt 0.07471 0.13135
vt 0.60201 0.47308
vt 0.09468 0.12033
vt 0.62585 0.17490
vt 0.62199 0.46643
vt 0.16317 0.22181
vt 0.01550 0.10950
vt 0.75248 0.40676
vt 0.29875 0.32349
vt 0.81697 0.42417
vt 0.14847 0.39816
vt 0.19419 0.25133
vt 0.59078 0.82212
vt 0.75212 0.31101
vt 0.97732 0.23142
vt 0.70957 0.30749
vt 0.71265 0.30213
vt 0.73559 0.14870
vt 0.96049 0.88904
vt 0.96289 0.38453
vt 0.91002 0.32908
vt 0.96664 0.38469
vt 0.90904 0.32533
vt 0.93827 0.38005
vt 0.91843 0.35370
vt 0.12153 0.95060
vt 0.46826 0.02709
vt 0.57729 0.37937
vt 0.76192 0.30428
vt 0.45955 0.23875
vt 0.57709 0.35913
vt 0.40021 0.25022
vt 0.10903 0.22211
vt 0.61522 0.68363
vt 0.36988 0.24510
vt 0.94779 0.31962
vt 0.98453 0.13423
vt 0.57546 0.34088
vt 0.60723 0.32059
vt 0.94929 0.60778
vt 0.16745 0.23055
vt 0.00676 0.11377
vt 0.14835 0.23389
vt 0.00342 0.09467
vt 0.47607 0.58223
vt 0.52322 0.87672
vt 0.76048 0.41591
vt 0.14092 0.25262
vt 0.14861 0.25444
vt 0.16008 0.38579
vt 0.01245 0.34835
vt 0.25408 0.48983
vt 0.12082 0.27224
vt 0.73314 0.30013
vt 0.74700 0.15227
vt 0.18488 0.71510
vt 0.75068 0.30539
vt 0.96610 0.37421
vt 0.91596 0.32587
vt 0.94554 0.38190
vt 0.92213 0.34643
vt 0.96047 0.37669
vt 0.91849 0.33150
vt 0.18115 0.13369
vt 0.60335 0.18161
vt 0.16418 0.72207
vt 0.96236 0.86551
vt 0.61607 0.11475
vt 0.16919 0.69894
vt 0.93704 0.35264
vt 0.45382 0.24359
vt 0.57547 0.35429
vt 0.10737 0.23600
vt 0.93737 0.63061
vt 0.95108 0.61995
vt 0.01256 0.10570
vt 0.92965 0.63964
vt 0.48026 0.59326
vt 0.96321 0.78733
vt 0.47826 0.09326
vt 0.90407 0.54944
vt 0.07105 0.02335
vt 0.51936 0.84156
vt 0.06982 0.02908
vt 0.52060 0.84729
vt 0.46217 0.53315
vt 0.52811 0.82818
vt 0.21576 0.47216
vt 0.22419 0.47104
vt 0.41633 0.33779
vt 0.70490 0.42532
vt 0.40185 0.33591
vt 0.54341 0.05615
vt 0.38330 0.33297
vt 0.75590 0.39697
vt 0.28897 0.31706
vt 0.08740 0.39773
vt 0.74951 0.39576
vt 0.28775 0.32202
vt 0.75415 0.40306
vt 0.78299 0.40384
vt 0.11449 0.39424
vt 0.75604 0.41916
vt 0.31116 0.32580
vt 0.67201 0.38427
vt 0.14417 0.25946
vt 0.14116 0.39261
vt 0.15781 0.39475
vt 0.00342 0.35731
vt 0.16698 0.26195
vt 0.60140 0.80746
vt 0.02852 0.35054
vt 0.92806 0.12549
vt 0.23343 0.70353
vt 0.92114 0.11080
vt 0.72026 0.09421
vt 0.21875 0.71045
vt 0.60172 0.83762
vt 0.42820 0.04443
vt 0.09789 0.27573
vt 0.10971 0.93270
vt 0.78760 0.08406
vt 0.74422 0.29738
vt 0.96600 0.38178
vt 0.90959 0.32597
vt 0.58132 0.38054
vt 0.76233 0.30025
vt 0.17198 0.69750
vt 0.14795 0.13205
vt 0.16084 0.69497
vt 0.13536 0.94940
vt 0.97412 0.02979
vt 0.92508 0.35366
vt 0.45820 0.24137
vt 0.57819 0.35651
vt 0.60999 0.28127
vt 0.95459 0.10472
vt 0.94654 0.56846
vt 0.60451 0.46673
vt 0.21186 0.47645
vt 0.47466 0.54334
vt 0.23833 0.47435
vt 0.50113 0.56401
vt 0.27413 0.48025
vt 0.19740 0.57015
vt 0.42217 0.33952
vt 0.71073 0.42990
vt 0.40827 0.34298
vt 0.55355 0.04908
vt 0.11238 0.38773
vt 0.69684 0.40103
vt 0.06212 0.33571
vt 0.97109 0.37219
vt 0.90941 0.32088
vt 0.91441 0.32710
vt 0.17335 0.13623
vt 0.12944 0.94522
vt 0.15957 0.70975
vt 0.45576 0.24561
vt 0.58460 0.35228
vt 0.38175 0.25192
vt 0.98421 0.19749
vt 0.10635 0.24057
vt 0.60704 0.31194
vt 0.94948 0.59914
vt 0.46729 0.13528
vt 0.62869 0.17239
vt 0.48301 0.09424
vt 0.90883 0.54846
vt 0.62623 0.15671
vt 0.22792 0.94768
vt 0.28955 0.48042
vt 0.21282 0.57780
vt 0.29621 0.94301
vt 0.25888 0.33500
vt 0.67754 0.43654
vt 0.15709 0.26236
vt 0.91455 0.10944
vt 0.71367 0.10107
vt 0.21739 0.71704
vt 0.74759 0.30047
vt 0.74445 0.15256
vt 0.19131 0.71766
vt 0.96259 0.37644
vt 0.91275 0.32938
vt 0.07471 0.08559
vt 0.34076 0.10596
vt 0.95800 0.87636
vt 0.16357 0.13505
vt 0.16506 0.67935
vt 0.13114 0.94640
vt 0.93913 0.33585
vt 0.20356 0.05178
vt 0.93955 0.31989
vt 0.14507 0.16448
vt 0.13495 0.69533
vt 0.20740 0.13313
vt 0.54053 0.06316
vt 0.57710 0.17944
vt 0.13793 0.71990
vt 0.15882 0.70542
vt 0.97119 0.14939
vt 0.59062 0.33679
vt 0.60387 0.66852
vt 0.60661 0.29040
vt 0.94992 0.57759
vt 0.52950 0.04541
vt 0.94997 0.60081
vt 0.08605 0.13129
vt 0.61336 0.47003
vt 0.09981 0.12667
vt 0.62711 0.46550
vt 0.47928 0.14014
vt 0.62481 0.17725
vt 0.62928 0.46748
vt 0.63107 0.15091
vt 0.22656 0.94283
vt 0.46478 0.54058
vt 0.51343 0.82075
vt 0.22914 0.47575
vt 0.49195 0.56118
vt 0.24756 0.47121
vt 0.51036 0.56500
vt 0.44092 0.19189
vt 0.70193 0.42980
vt 0.15524 0.38560
vt 0.06268 0.34118
vt 0.10033 0.25855
vt 0.10291 0.26600
vt 0.99380 0.22719
vt 0.91157 0.31931
vt 0.58670 0.39066
vt 0.75090 0.29487
vt 0.20110 0.06592
vt 0.92541 0.33078
vt 0.82723 0.06042
vt 0.83447 0.06042
vt 0.84714 0.01807
vt 0.87700 0.06367
vt 0.73540 0.06009
vt 0.30908 0.09077
vt 0.79757 0.04757
vt 0.58828 0.35573
vt 0.75297 0.11343
vt 0.16050 0.68639
vt 0.14849 0.69712
vt 0.37514 0.25928
vt 0.99158 0.20887
vt 0.92989 0.31436
vt 0.44653 0.24429
vt 0.84033 0.01593
vt 0.87020 0.05686
vt 0.72860 0.06689
vt 0.58147 0.35359
vt 0.98275 0.14541
vt 0.33002 0.10230
vt 0.58665 0.33480
vt 0.23422 0.11279
vt 0.49350 0.12802
vt 0.63358 0.16513
vt 0.49658 0.04872
vt 0.64350 0.45870
vt 0.23231 0.94032
vt 0.51563 0.87059
vt 0.23882 0.94306
vt 0.23351 0.94508
vt 0.24551 0.93790
vt 0.27626 0.93800
vt 0.24057 0.48291
vt 0.50337 0.57471
vt 0.16383 0.56268
vt 0.62451 0.31797
vt 0.24956 0.32931
vt 0.66918 0.44586
vt 0.59872 0.82341
vt 0.04624 0.34480
vt 0.79322 0.08643
vt 0.74252 0.29176
vt 0.12701 0.94127
vt 0.02136 0.01036
vt 0.47669 0.02794
vt 0.81201 0.05919
vt 0.84969 0.05919
vt 0.58300 0.37095
vt 0.02258 0.01327
vt 0.47547 0.03085
vt 0.58174 0.37217
vt 0.98598 0.20646
vt 0.09738 0.24436
vt 0.61032 0.68373
vt 0.13623 0.17518
vt 0.55626 0.07178
vt 0.57149 0.16371
vt 0.46935 0.25437
vt 0.13232 0.70417
vt 0.56885 0.20361
vt 0.95067 0.63263
vt 0.96312 0.80835
vt 0.37354 0.02002
vt 0.62916 0.45473
vt 0.42822 0.07568
vt 0.50896 0.84074
vt 0.21731 0.58278
vt 0.29123 0.94159
vt 0.27985 0.48000
vt 0.20311 0.57531
vt 0.40538 0.34717
vt 0.54053 0.04489
vt 0.69395 0.41405
vt 0.29840 0.32770
vt 0.13572 0.38649
vt 0.70166 0.09203
vt 0.21392 0.72905
vt 0.24835 0.71714
vt 0.60014 0.84431
vt 0.24176 0.71188
vt 0.59795 0.83904
vt 0.07405 0.24281
vt 0.70836 0.29056
vt 0.11974 0.93457
vt 0.98762 0.22228
vt 0.08156 0.25049
vt 0.70068 0.29718
vt 0.01904 0.01416
vt 0.47900 0.03174
vt 0.81433 0.06299
vt 0.84738 0.06299
vt 0.16498 0.17037
vt 0.14038 0.67542
vt 0.15582 0.94318
vt 0.08736 0.23192
vt 0.18949 0.13623
vt 0.59501 0.17914
vt 0.60819 0.69345
vt 0.60268 0.69095
vt 0.56885 0.18213
vt 0.45093 0.25293
vt 0.95575 0.83101
vt 0.15260 0.16878
vt 0.13511 0.68780
vt 0.95685 0.58056
vt 0.51709 0.04080
vt 0.96238 0.59620
vt 0.17747 0.93734
vt 0.98779 0.01514
vt 0.96290 0.56733
vt 0.17695 0.94182
vt 0.45915 0.25536
vt 0.97543 0.61182
vt 0.96839 0.11070
vt 0.94465 0.55466
vt 0.19520 0.94237
vt 0.95519 0.11186
vt 0.60114 0.45959
vt 0.48436 0.60891
vt 0.51494 0.90340
vt 0.95842 0.63996
vt 0.94935 0.81611
vt 0.44414 0.07392
vt 0.12158 0.60088
vt 0.50266 0.82482
vt 0.49460 0.57233
vt 0.15506 0.56505
vt 0.51112 0.78900
vt 0.69100 0.32239
vt 0.45742 0.15816
vt 0.68547 0.31225
vt 0.73014 0.44703
vt 0.65572 0.30865
vt 0.70039 0.44323
vt 0.44428 0.16521
vt 0.72861 0.43316
vt 0.69085 0.31620
vt 0.45464 0.15830
vt 0.73552 0.44352
vt 0.26799 0.33139
vt 0.23708 0.71379
vt 0.60189 0.84096
vt 0.22450 0.71805
vt 0.60543 0.84522
vt 0.73291 0.14083
vt 0.17846 0.72920
vt 0.95262 0.87979
vt 0.10789 0.26982
vt 0.71526 0.29066
vt 0.98791 0.22773
vt 0.09424 0.15652
vt 0.94817 0.85841
vt 0.59684 0.37201
vt 0.19580 0.05694
vt 0.93439 0.32624
vt 0.37225 0.25688
vt 0.93578 0.31725
vt 0.84326 0.01633
vt 0.73103 0.06397
vt 0.95973 0.55904
vt 0.18012 0.93910
vt 0.52533 0.03953
vt 0.95414 0.59494
vt 0.51254 0.90098
vt 0.49189 0.61072
vt 0.50741 0.90521
vt 0.47692 0.04541
vt 0.49689 0.61308
vt 0.50240 0.90756
vt 0.63696 0.15767
vt 0.63964 0.15043
vt 0.23792 0.93427
vt 0.50490 0.87213
vt 0.28705 0.34619
vt 0.65674 0.40838
vt 0.11763 0.38497
vt 0.67835 0.38156
vt 0.14688 0.27103
vt 0.60452 0.81940
vt 0.24133 0.72901
vt 0.60592 0.85617
vt 0.58886 0.38176
vt 0.76018 0.29270
vt 0.09075 0.24062
vt 0.93101 0.31753
vt 0.16238 0.17508
vt 0.15470 0.93847
vt 0.15093 0.17638
vt 0.58355 0.19633
vt 0.57422 0.17486
vt 0.54940 0.07170
vt 0.57596 0.17057
vt 0.99236 0.01346
vt 0.96002 0.56565
vt 0.17983 0.93726
vt 0.96746 0.11766
vt 0.60867 0.45379
vt 0.50004 0.60394
vt 0.94343 0.79801
vt 0.87233 0.01612
vt 0.22481 0.61491
vt 0.50393 0.84608
vt 0.10316 0.37685
vt 0.68763 0.39786
vt 0.30326 0.34075
vt 0.66676 0.39217
vt 0.03507 0.33571
vt 0.08832 0.22166
vt 0.60700 0.70433
vt 0.09259 0.08223
vt 0.33740 0.08807
vt 0.95465 0.85847
vt 0.07952 0.08936
vt 0.34452 0.10115
vt 0.14282 0.93459
vt 0.86182 0.06689
vt 0.72021 0.05686
vt 0.31371 0.10596
vt 0.21791 0.10794
vt 0.75759 0.12861
vt 0.21240 0.10300
vt 0.75209 0.13330
vt 0.00342 0.67523
vt 0.59805 0.68834
vt 0.44775 0.25788
vt 0.97400 0.62321
vt 0.95080 0.83169
vt 0.31376 0.09486
vt 0.79348 0.05225
vt 0.59340 0.35105
vt 0.75765 0.11752
vt 0.48952 0.25383
vt 0.58902 0.20014
vt 0.57034 0.17744
vt 0.45562 0.25274
vt 0.99204 0.01295
vt 0.96219 0.56514
vt 0.17766 0.93758
vt 0.94683 0.54657
vt 0.19302 0.93351
vt 0.97238 0.11494
vt 0.20474 0.93813
vt 0.62102 0.45397
vt 0.21142 0.58594
vt 0.20085 0.58258
vt 0.66867 0.96535
vt 0.15938 0.56491
vt 0.15359 0.27766
vt 0.24245 0.55015
vt 0.61967 0.83708
vt 0.61721 0.85007
vt 0.02887 0.33984
vt 0.27050 0.49622
vt 0.21797 0.74063
vt 0.30599 0.23721
vt 0.94546 0.91930
vt 0.74987 0.29090
vt 0.59208 0.37934
vt 0.13711 0.93227
vt 0.78467 0.04223
vt 0.74763 0.12632
vt 0.47649 0.25787
vt 0.97730 0.59447
vt 0.97867 0.12646
vt 0.62158 0.44499
vt 0.17801 0.23034
vt 0.21038 0.92660
vt 0.21946 0.60734
vt 0.68728 0.94059
vt 0.26667 0.93124
vt 0.15817 0.56711
vt 0.16256 0.27250
vt 0.25142 0.55073
vt 0.61195 0.80880
vt 0.25732 0.22350
vt 0.94902 0.87063
vt 0.41553 0.04241
vt 0.09586 0.28840
vt 0.11393 0.93068
vt 0.60255 0.36466
vt 0.74404 0.11709
vt 0.59303 0.19581
vt 0.49435 0.26611
vt 0.97889 0.57662
vt 0.18027 0.93563
vt 0.95580 0.55262
vt 0.18405 0.93714
vt 0.48220 0.03904
vt 0.67236 0.10229
vt 0.49860 0.60780
vt 0.43571 0.06478
vt 0.50947 0.83325
vt 0.17366 0.57662
vt 0.64148 0.97130
vt 0.13196 0.36655
vt 0.24318 0.51795
vt 0.24847 0.73427
vt 0.01968 0.25049
vt 0.61415 0.86143
vt 0.03865 0.33152
vt 0.06524 0.33384
vt 0.09299 0.25841
vt 0.06706 0.22253
vt 0.72865 0.28211
vt 0.80556 0.08355
vt 0.06468 0.21309
vt 0.73808 0.27942
vt 0.06902 0.22638
vt 0.72479 0.28110
vt 0.12703 0.93166
vt 0.17087 0.18604
vt 0.60348 0.18907
vt 0.14934 0.92751
vt 0.21764 0.10010
vt 0.59516 0.68310
vt 0.97741 0.16064
vt 0.22730 0.09756
vt 0.59262 0.67344
vt 0.96886 0.56402
vt 0.17099 0.93180
vt 0.96558 0.64209
vt 0.94202 0.82326
vt 0.37757 0.01797
vt 0.62512 0.45019
vt 0.17432 0.23389
vt 0.20269 0.59089
vt 0.67051 0.95704
vt 0.56830 0.15674
vt 0.68073 0.96053
vt 0.67215 0.96743
vt 0.15654 0.57309
vt 0.62436 0.97484
vt 0.64882 0.98473
vt 0.37801 0.65587
vt 0.09749 0.36751
vt 0.68195 0.39139
vt 0.68709 0.37840
vt 0.15004 0.27651
vt 0.06201 0.21670
vt 0.73448 0.28557
vt 0.59719 0.39307
vt 0.75154 0.28437
vt 0.60090 0.38502
vt 0.07578 0.21177
vt 0.00796 0.70377
vt 0.59351 0.71687
vt 0.17680 0.93348
vt 0.37892 0.01500
vt 0.62377 0.45210
vt 0.17728 0.23254
vt 0.50526 0.04932
vt 0.63482 0.45025
vt 0.51010 0.04497
vt 0.62998 0.44739
vt 0.62354 0.02255
vt 0.21879 0.92901
vt 0.64496 0.15957
vt 0.23531 0.92895
vt 0.50002 0.86175
vt 0.12755 0.60791
vt 0.59538 0.94002
vt 0.50339 0.83185
vt 0.13983 0.59018
vt 0.60765 0.95775
vt 0.11125 0.36965
vt 0.69571 0.39026
vt 0.13818 0.27881
vt 0.22705 0.53866
vt 0.01174 0.33461
vt 0.25338 0.50844
vt 0.25336 0.74209
vt 0.28564 0.02151
vt 0.01478 0.24670
vt 0.02823 0.33417
vt 0.26986 0.49853
vt 0.27847 0.23975
vt 0.94743 0.89177
vt 0.58027 0.71137
vt 0.66080 0.04019
vt 0.74719 0.12074
vt 0.94261 0.84742
vt 0.16395 0.18448
vt 0.59657 0.19409
vt 0.50202 0.26553
vt 0.98240 0.56895
vt 0.60151 0.19718
vt 0.15745 0.92722
vt 0.18261 0.92099
vt 0.18379 0.92658
vt 0.47021 0.04228
vt 0.68435 0.10554
vt 0.49917 0.61978
vt 0.86978 0.01533
vt 0.58779 0.92834
vt 0.49624 0.84353
vt 0.66856 0.97165
vt 0.39776 0.65497
vt 0.67695 0.39739
vt 0.42242 0.03920
vt 0.11248 0.92747
vt 0.12598 0.92158
vt 0.14623 0.92164
vt 0.97003 0.63899
vt 0.34655 0.12974
vt 0.93844 0.82771
vt 0.97209 0.63621
vt 0.94577 0.82977
vt 0.19938 0.92603
vt 0.62165 0.44780
vt 0.63187 0.02088
vt 0.18304 0.23041
vt 0.21045 0.92942
vt 0.62727 0.44708
vt 0.62625 0.02783
vt 0.69080 0.93004
vt 0.25612 0.92901
vt 0.54150 0.15135
vt 0.48584 0.02588
vt 0.73682 0.02032
vt 0.69396 0.93373
vt 0.25981 0.92429
vt 0.62154 0.98301
vt 0.35074 0.66084
vt 0.62852 0.98319
vt 0.35772 0.66034
vt 0.25004 0.53110
vt 0.62033 0.78917
vt 0.24871 0.74268
vt 0.29030 0.02327
vt 0.01944 0.24494
vt 0.94067 0.95004
vt 0.03204 0.24034
vt 0.62431 0.87405
vt 0.93606 0.93743
vt 0.06472 0.32524
vt 0.08439 0.25776
vt 0.94070 0.88235
vt 0.94009 0.86046
vt 0.94460 0.83744
vt 0.93706 0.83612
vt 0.21855 0.62521
vt 0.49767 0.85497
vt 0.20666 0.63121
vt 0.48578 0.86395
vt 0.59341 0.94261
vt 0.57178 0.15621
vt 0.67804 0.96400
vt 0.64394 0.98873
vt 0.37313 0.65600
vt 0.28869 0.02979
vt 0.01783 0.23842
vt 0.91771 0.08837
vt 0.01876 0.32678
vt 0.26039 0.50225
vt 0.08966 0.27200
vt 0.60965 0.36674
vt 0.64893 0.04541
vt 0.74196 0.12336
vt 0.59163 0.69834
vt 0.69472 0.11084
vt 0.49981 0.63016
vt 0.49949 0.92464
vt 0.50838 0.61766
vt 0.49092 0.91215
vt 0.17953 0.21822
vt 0.19826 0.92217
vt 0.20823 0.92037
vt 0.48964 0.87539
vt 0.59700 0.96311
vt 0.49831 0.80876
vt 0.68856 0.94911
vt 0.67994 0.96966
vt 0.40914 0.66082
vt 0.39287 0.65919
vt 0.39906 0.66499
vt 0.63711 0.83166
vt 0.89990 0.08838
vt 0.03657 0.32781
vt 0.04456 0.32567
vt 0.28620 0.49892
vt 0.12030 0.91187
vt 0.65404 0.03903
vt 0.74834 0.12352
vt 0.74190 0.12943
vt 0.94036 0.84629
vt 0.60746 0.19534
vt 0.15561 0.92171
vt 0.15185 0.92317
vt 0.15803 0.91835
vt 0.50629 0.63738
vt 0.49300 0.93187
vt 0.18635 0.22237
vt 0.20242 0.92477
vt 0.21437 0.91189
vt 0.59842 0.97107
vt 0.49267 0.80080
vt 0.72968 0.03857
vt 0.49247 0.81583
vt 0.41027 0.66705
vt 0.62380 0.86822
vt 0.60788 0.38862
vt 0.07231 0.20161
vt 0.74956 0.27369
vt 0.82568 0.04338
vt 0.94980 0.06272
vt 0.80189 0.07461
vt 0.08058 0.27579
vt 0.11140 0.91539
vt 0.93294 0.87589
vt 0.11138 0.17703
vt 0.93102 0.85617
vt 0.18117 0.21198
vt 0.19202 0.91725
vt 0.50654 0.60860
vt 0.49275 0.90309
vt 0.86670 0.01709
vt 0.49208 0.84045
vt 0.29977 0.17020
vt 0.70755 0.95801
vt 0.98550 0.28459
vt 0.30115 0.17761
vt 0.64119 0.05615
vt 0.70302 0.95939
vt 0.29051 0.17212
vt 0.70772 0.94875
vt 0.99443 0.27386
vt 0.70530 0.97012
vt 0.31710 0.18045
vt 0.71650 0.97534
vt 0.99426 0.26443
vt 0.70676 0.97956
vt 0.68528 0.96844
vt 0.41447 0.66538
vt 0.04453 0.02002
vt 0.05811 0.06427
vt 0.60662 0.97580
vt 0.33581 0.66340
vt 0.35498 0.67013
vt 0.36710 0.66435
vt 0.04350 0.22069
vt 0.39425 0.35420
vt 0.89123 0.30225
vt 0.64395 0.87539
vt 0.90191 0.08363
vt 0.03456 0.32756
vt 0.27620 0.49752
vt 0.08148 0.20548
vt 0.83486 0.04245
vt 0.01392 0.69807
vt 0.14264 0.91522
vt 0.11280 0.17279
vt 0.92960 0.85513
vt 0.51854 0.60819
vt 0.92493 0.80226
vt 0.69412 0.93576
vt 0.26184 0.91913
vt 0.49405 0.02130
vt 0.74503 0.02490
vt 0.69151 0.94195
vt 0.26803 0.91971
vt 0.03760 0.01796
vt 0.60461 0.97786
vt 0.33380 0.67033
vt 0.48729 0.79401
vt 0.04535 0.01870
vt 0.33465 0.66258
vt 0.01943 0.70318
vt 0.92651 0.83498
vt 0.16059 0.91275
vt 0.56104 0.04932
vt 0.69447 0.91419
vt 0.24028 0.91638
vt 0.48721 0.02161
vt 0.73819 0.02459
vt 0.72069 0.02922
vt 0.33822 0.02491
vt 0.48312 0.82481
vt 0.28406 0.18175
vt 0.71648 0.94230
vt 0.06858 0.07471
vt 0.33693 0.67383
vt 0.40083 0.66813
vt 0.88428 0.02927
vt 0.40330 0.68234
vt 0.98994 0.24740
vt 0.70903 0.99658
vt 0.43823 0.66321
vt 0.98314 0.26144
vt 0.44263 0.67001
vt 0.99027 0.26144
vt 0.71439 0.98254
vt 0.01294 0.23931
vt 0.93504 0.95654
vt 0.06544 0.32249
vt 0.30708 0.51900
vt 0.96296 0.06210
vt 0.07212 0.32205
vt 0.80127 0.06146
vt 0.08120 0.26263
vt 0.31375 0.52022
vt 0.61675 0.37579
vt 0.83852 0.05225
vt 0.73291 0.12992
vt 0.02372 0.69441
vt 0.15161 0.91808
vt 0.15826 0.91329
vt 0.20259 0.91203
vt 0.22136 0.90731
vt 0.19761 0.63005
vt 0.29109 0.18424
vt 0.63113 0.05240
vt 0.70677 0.94933
vt 0.71826 0.03733
vt 0.49122 0.82725
vt 0.70706 0.97225
vt 0.43625 0.67726
vt 0.48276 0.81052
vt 0.58335 0.97496
vt 0.49343 0.79691
vt 0.58792 0.96518
vt 0.48446 0.80669
vt 0.58229 0.97131
vt 0.48964 0.80056
vt 0.58057 0.97440
vt 0.49026 0.79747
vt 0.73395 0.97242
vt 0.46315 0.67337
vt 0.07462 0.06772
vt 0.33562 0.66685
vt 0.20464 0.12549
vt 0.38044 0.67538
vt 0.01071 0.23691
vt 0.93264 0.95877
vt 0.94775 0.06592
vt 0.80509 0.07666
vt 0.11618 0.91219
vt 0.22554 0.01709
vt 0.12061 0.90501
vt 0.33689 0.13818
vt 0.92877 0.82289
vt 0.52134 0.61379
vt 0.18523 0.20685
vt 0.18689 0.91291
vt 0.56984 0.04639
vt 0.69740 0.90539
vt 0.23147 0.91198
vt 0.48674 0.85001
vt 0.70621 0.92808
vt 0.25416 0.90908
vt 0.72478 0.96440
vt 0.40699 0.67003
vt 0.98287 0.25936
vt 0.44661 0.67028
vt 0.02197 0.02450
vt 0.36415 0.67044
vt 0.01706 0.23323
vt 0.75166 0.04544
vt 0.26347 0.51793
vt 0.25359 0.54962
vt 0.63337 0.80769
vt 0.27093 0.50321
vt 0.26955 0.50571
vt 0.95279 0.06557
vt 0.80475 0.07162
vt 0.03914 0.71784
vt 0.65674 0.45890
vt 0.56233 0.73094
vt 0.14902 0.90895
vt 0.32861 0.05127
vt 0.51650 0.66162
vt 0.48280 0.95611
vt 0.51470 0.62446
vt 0.18307 0.64307
vt 0.46219 0.88766
vt 0.97715 0.29736
vt 0.28838 0.18596
vt 0.62842 0.04481
vt 0.71436 0.94662
vt 0.97217 0.27318
vt 0.71626 0.97081
vt 0.44546 0.68098
vt 0.89415 0.03446
vt 0.41317 0.67715
vt 0.03071 0.02152
vt 0.35817 0.16934
vt 0.37288 0.67342
vt 0.02477 0.02881
vt 0.36695 0.66731
vt 0.26590 0.51214
vt 0.63458 0.84738
vt 0.91298 0.89645
vt 0.02338 0.71005
vt 0.07944 0.28077
vt 0.10944 0.91426
vt 0.03152 0.69691
vt 0.13733 0.90940
vt 0.62646 0.06596
vt 0.52806 0.63761
vt 0.53112 0.61803
vt 0.91235 0.81210
vt 0.45603 0.90830
vt 0.47372 0.86034
vt 0.57378 0.04807
vt 0.32152 0.04971
vt 0.69572 0.90144
vt 0.22753 0.90767
vt 0.48224 0.83276
vt 0.33432 0.02950
vt 0.47922 0.82112
vt 0.34545 0.17139
vt 0.36175 0.68615
vt 0.74268 0.05811
vt 0.49895 0.10058
vt 0.27245 0.53060
vt 0.72418 0.48474
vt 0.27538 0.52020
vt 0.28861 0.52239
vt 0.30675 0.52086
vt 0.07373 0.28450
vt 0.32303 0.54209
vt 0.11558 0.90854
vt 0.14902 0.89895
vt 0.33010 0.04900
vt 0.48053 0.95462
vt 0.47868 0.88876
vt 0.18126 0.62708
vt 0.46038 0.87641
vt 0.48239 0.84662
vt 0.67139 0.05422
vt 0.48920 0.05422
vt 0.25755 0.15915
vt 0.71910 0.91753
vt 0.72442 0.92590
vt 0.26189 0.16139
vt 0.71704 0.92187
vt 0.73637 0.92819
vt 0.72171 0.95215
vt 0.73022 0.94633
vt 0.73976 0.95487
vt 0.46896 0.68516
vt 0.00342 0.23043
vt 0.92616 0.96606
vt 0.75723 0.05105
vt 0.25789 0.52354
vt 0.49138 0.03348
vt 0.30479 0.52575
vt 0.48975 0.03527
vt 0.30316 0.52588
vt 0.07379 0.27813
vt 0.50078 0.03533
vt 0.31419 0.53572
vt 0.12864 0.90433
vt 0.90886 0.85113
vt 0.15820 0.90707
vt 0.15948 0.90685
vt 0.20390 0.90080
vt 0.25896 0.17068
vt 0.71539 0.91894
vt 0.24502 0.90309
vt 0.73768 0.91908
vt 0.26519 0.15941
vt 0.71417 0.92517
vt 0.81603 0.05015
vt 0.75026 0.93807
vt 0.01156 0.01925
vt 0.72473 0.93280
vt 0.01156 0.02393
vt 0.27425 0.16071
vt 0.72005 0.93423
vt 0.00342 0.02281
vt 0.27321 0.16886
vt 0.72117 0.93319
vt 0.28174 0.18799
vt 0.72103 0.93998
vt 0.47777 0.80076
vt 0.89080 0.03564
vt 0.40982 0.67596
vt 0.03782 0.21857
vt 0.91430 0.93166
vt 0.49233 0.03760
vt 0.30574 0.53057
vt 0.66036 0.46676
vt 0.55870 0.72782
vt 0.34158 0.04646
vt 0.47799 0.94314
vt 0.92125 0.83375
vt 0.20065 0.63311
vt 0.68023 0.05713
vt 0.48036 0.05713
vt 0.68549 0.05250
vt 0.47510 0.05250
vt 0.84229 0.09912
vt 0.24345 0.17402
vt 0.72082 0.90343
vt 0.61615 0.63480
vt 0.86119 0.09725
vt 0.73972 0.90875
vt 0.63505 0.63667
vt 0.27270 0.16739
vt 0.71711 0.93268
vt 0.43318 0.68571
vt 0.33185 0.68146
vt 0.47617 0.78544
vt 0.41245 0.67903
vt 0.37855 0.67870
vt 0.27418 0.56119
vt 0.65216 0.81927
vt 0.65062 0.85881
vt 0.30720 0.53384
vt 0.16062 0.90183
vt 0.63092 0.07275
vt 0.53252 0.63046
vt 0.46678 0.92494
vt 0.23279 0.90443
vt 0.47625 0.84782
vt 0.74780 0.92625
vt 0.72635 0.96893
vt 0.45555 0.68263
vt 0.47125 0.79398
vt 0.41637 0.68701
vt 0.33117 0.68422
vt 0.47341 0.78357
vt 0.02484 0.21910
vt 0.91483 0.94464
vt 0.27200 0.54659
vt 0.39928 0.05615
vt 0.28463 0.52920
vt 0.29497 0.53070
vt 0.10689 0.90373
vt 0.22021 0.01362
vt 0.11722 0.90154
vt 0.05150 0.69850
vt 0.97526 0.46565
vt 0.54997 0.71160
vt 0.56260 0.70810
vt 0.12857 0.18604
vt 0.91384 0.85688
vt 0.90994 0.87483
vt 0.65068 0.06809
vt 0.18051 0.90253
vt 0.32080 0.13773
vt 0.91269 0.82542
vt 0.18108 0.20093
vt 0.64990 0.06644
vt 0.18097 0.90331
vt 0.18310 0.19464
vt 0.65478 0.06442
vt 0.17468 0.89843
vt 0.21209 0.90112
vt 0.30811 0.04632
vt 0.35874 0.03076
vt 0.64502 0.02798
vt 0.53410 0.01930
vt 0.21411 0.89809
vt 0.31162 0.05127
vt 0.21763 0.90220
vt 0.46522 0.86455
vt 0.80518 0.05225
vt 0.74922 0.92722
vt 0.74760 0.95191
vt 0.32861 0.02979
vt 0.47351 0.82210
vt 0.35109 0.68525
vt 0.49756 0.09845
vt 0.41007 0.05542
vt 0.27384 0.52847
vt 0.06639 0.90337
vt 0.50037 0.10111
vt 0.27103 0.53113
vt 0.72276 0.48499
vt 0.50710 0.10108
vt 0.71603 0.48549
vt 0.50582 0.09993
vt 0.71731 0.48683
vt 0.27627 0.57764
vt 0.65216 0.83571
vt 0.28482 0.54027
vt 0.73655 0.48645
vt 0.39600 0.05460
vt 0.28792 0.52765
vt 0.08047 0.90292
vt 0.18681 0.89903
vt 0.34814 0.02819
vt 0.65561 0.03058
vt 0.22471 0.90068
vt 0.74806 0.91815
vt 0.40670 0.68777
vt 0.33648 0.16591
vt 0.35040 0.69512
vt 0.18115 0.11404
vt 0.14864 0.10898
vt 0.38119 0.69887
vt 0.51526 0.10498
vt 0.35238 0.04248
vt 0.70787 0.48962
vt 0.04869 0.89990
vt 0.51836 0.10058
vt 0.34912 0.03808
vt 0.04559 0.90316
vt 0.11300 0.90146
vt 0.90599 0.88473
vt 0.14154 0.89966
vt 0.99170 0.15186
vt 0.19195 0.89465
vt 0.25065 0.17516
vt 0.75917 0.91305
vt 0.65450 0.62976
vt 0.46780 0.83437
vt 0.72078 0.97543
vt 0.44998 0.68556
vt 0.33291 0.68870
vt 0.46892 0.78338
vt 0.39873 0.68341
vt 0.30087 0.53722
vt 0.09342 0.90031
vt 0.22026 0.01259
vt 0.11346 0.90051
vt 0.13857 0.90038
vt 0.35278 0.02843
vt 0.65098 0.03174
vt 0.84932 0.09378
vt 0.62318 0.64014
vt 0.23877 0.17888
vt 0.61696 0.62994
vt 0.23998 0.18896
vt 0.61132 0.61985
vt 0.22604 0.88480
vt 0.79053 0.03055
vt 0.62704 0.61477
vt 0.36119 0.03958
vt 0.04780 0.89109
vt 0.06972 0.89374
vt 0.29396 0.55096
vt 0.74569 0.49508
vt 0.04596 0.70001
vt 0.98298 0.46012
vt 0.14634 0.89467
vt 0.90435 0.23682
vt 0.90180 0.83063
vt 0.46628 0.84920
vt 0.81856 0.04217
vt 0.75035 0.94061
vt 0.31039 0.69737
vt 0.46026 0.80497
vt 0.46442 0.79937
vt 0.46805 0.07167
vt 0.71847 0.97752
vt 0.44767 0.68897
vt 0.33944 0.69525
vt 0.19264 0.10848
vt 0.37921 0.68739
vt 0.04395 0.21881
vt 0.39380 0.36514
vt 0.05444 0.21577
vt 0.38330 0.37342
vt 0.91150 0.91503
vt 0.53293 0.02341
vt 0.21295 0.89398
vt 0.53015 0.02347
vt 0.37807 0.11895
vt 0.21016 0.89392
vt 0.77098 0.93431
vt 0.57205 0.24808
vt 0.76126 0.94206
vt 0.77125 0.94088
vt 0.56885 0.24152
vt 0.74190 0.97028
vt 0.24773 0.25638
vt 0.75575 0.95385
vt 0.26158 0.25231
vt 0.46021 0.06284
vt 0.72163 0.98634
vt 0.22746 0.26076
vt 0.32455 0.69652
vt 0.46110 0.78655
vt 0.41439 0.69606
vt 0.33427 0.16999
vt 0.35061 0.69733
vt 0.68660 0.49471
vt 0.02742 0.89481
vt 0.97994 0.30484
vt 0.39848 0.36831
vt 0.09659 0.89530
vt 0.65903 0.46199
vt 0.05204 0.72092
vt 0.66964 0.45613
vt 0.10668 0.89113
vt 0.55393 0.72792
vt 0.89507 0.87637
vt 0.66621 0.07178
vt 0.66846 0.04527
vt 0.16950 0.88701
vt 0.66241 0.06903
vt 0.66381 0.06711
vt 0.16953 0.88941
vt 0.18393 0.88661
vt 0.45557 0.89843
vt 0.76123 0.95450
vt 0.26706 0.25715
vt 0.46123 0.07178
vt 0.45120 0.69579
vt 0.66260 0.50421
vt 0.00342 0.88531
vt 0.98677 0.30527
vt 0.39891 0.36147
vt 0.88657 0.29187
vt 0.29581 0.56023
vt 0.29966 0.55935
vt 0.75139 0.49535
vt 0.29670 0.55384
vt 0.74843 0.49473
vt 0.72021 0.20947
vt 0.11243 0.88915
vt 0.72495 0.19651
vt 0.11206 0.87619
vt 0.68083 0.04541
vt 0.98779 0.04932
vt 0.15712 0.89363
vt 0.64277 0.06361
vt 0.54436 0.62864
vt 0.19255 0.88809
vt 0.52588 0.02686
vt 0.37468 0.12354
vt 0.20589 0.89053
vt 0.77800 0.91956
vt 0.77397 0.90726
vt 0.66930 0.62633
vt 0.45807 0.81350
vt 0.33131 0.69447
vt 0.01538 0.88674
vt 0.98231 0.35513
vt 0.44877 0.36593
vt 0.97633 0.30561
vt 0.39924 0.37191
vt 0.75017 0.50325
vt 0.65817 0.81583
vt 0.65926 0.84065
vt 0.29827 0.56069
vt 0.75000 0.49889
vt 0.65381 0.81877
vt 0.36680 0.05713
vt 0.11938 0.88395
vt 0.35986 0.05181
vt 0.12632 0.88696
vt 0.39973 0.09491
vt 0.13863 0.88814
vt 0.59250 0.61598
vt 0.20325 0.88093
vt 0.18418 0.05127
vt 0.65888 0.62503
vt 0.66282 0.62373
vt 0.86393 0.10658
vt 0.45686 0.83970
vt 0.45779 0.85541
vt 0.76933 0.94766
vt 0.27516 0.26077
vt 0.57025 0.23473
vt 0.76820 0.95074
vt 0.27403 0.26051
vt 0.97217 0.33954
vt 0.43318 0.37607
vt 0.97541 0.33078
vt 0.42441 0.37283
vt 0.39454 0.38485
vt 0.90104 0.92628
vt 0.90140 0.28412
vt 0.66208 0.87211
vt 0.89822 0.91176
vt 0.66476 0.46308
vt 0.05143 0.72205
vt 0.66903 0.45943
vt 0.96340 0.47994
vt 0.53568 0.72404
vt 0.90287 0.88030
vt 0.39918 0.09639
vt 0.13715 0.88759
vt 0.67267 0.04499
vt 0.16528 0.88752
vt 0.87155 0.82616
vt 0.54525 0.63224
vt 0.45404 0.92672
vt 0.35400 0.11412
vt 0.34442 0.11285
vt 0.19823 0.86986
vt 0.79806 0.91089
vt 0.46028 0.86566
vt 0.25838 0.26441
vt 0.99579 0.07995
vt 0.33230 0.69891
vt 0.70752 0.13228
vt 0.39834 0.70202
vt 0.67877 0.50788
vt 0.06079 0.88194
vt 0.07473 0.87846
vt 0.33348 0.01623
vt 0.13111 0.88524
vt 0.35303 0.05026
vt 0.32666 0.01419
vt 0.13315 0.88665
vt 0.66590 0.06823
vt 0.66903 0.04173
vt 0.66515 0.06595
vt 0.67116 0.03945
vt 0.16679 0.88807
vt 0.78362 0.03272
vt 0.17664 0.88023
vt 0.89750 0.81328
vt 0.99378 0.14448
vt 0.18904 0.88727
vt 0.64382 0.11474
vt 0.66002 0.62005
vt 0.17139 0.04451
vt 0.87280 0.04932
vt 0.64560 0.11591
vt 0.67254 0.61827
vt 0.87676 0.03798
vt 0.67359 0.62223
vt 0.78117 0.89348
vt 0.67650 0.62054
vt 0.18126 0.04817
vt 0.66225 0.62194
vt 0.18428 0.04800
vt 0.66010 0.62177
vt 0.64209 0.10258
vt 0.66818 0.62178
vt 0.79983 0.91893
vt 0.31518 0.69822
vt 0.45940 0.79942
vt 0.41302 0.71099
vt 0.50343 0.11237
vt 0.35586 0.69738
vt 0.41334 0.38765
vt 0.90311 0.94507
vt 0.99170 0.18994
vt 0.09007 0.88233
vt 0.33100 0.01807
vt 0.12927 0.88395
vt 0.39388 0.09223
vt 0.14131 0.88229
vt 0.78137 0.03467
vt 0.17847 0.87797
vt 0.59835 0.62037
vt 0.21350 0.88532
vt 0.64532 0.12158
vt 0.66945 0.61855
vt 0.62001 0.62220
vt 0.79900 0.90737
vt 0.69433 0.61725
vt 0.38148 0.46997
vt 0.44769 0.85281
vt 0.28186 0.26735
vt 0.57683 0.23843
vt 0.24619 0.27006
vt 0.19385 0.19482
vt 0.31468 0.70212
vt 0.43804 0.70089
vt 0.32471 0.17134
vt 0.16564 0.15235
vt 0.46729 0.14758
vt 0.34568 0.70689
vt 0.43064 0.70589
vt 0.97468 0.35096
vt 0.44460 0.37356
vt 0.97680 0.36475
vt 0.45838 0.37144
vt 0.66713 0.84977
vt 0.66843 0.82454
vt 0.88651 0.88877
vt 0.06215 0.71296
vt 0.98371 0.47631
vt 0.00342 0.19650
vt 0.11530 0.87567
vt 0.39351 0.09717
vt 0.00342 0.04932
vt 0.13637 0.88191
vt 0.15629 0.87950
vt 0.19193 0.88103
vt 0.86572 0.03925
vt 0.65268 0.10585
vt 0.67154 0.61119
vt 0.17047 0.62954
vt 0.44960 0.88099
vt 0.86526 0.11768
vt 0.26956 0.11475
vt 0.44576 0.82771
vt 0.44953 0.81852
vt 0.45135 0.80025
vt 0.30518 0.70500
vt 0.45263 0.79639
vt 0.50049 0.11752
vt 0.15982 0.14860
vt 0.34943 0.70252
vt 0.41711 0.37443
vt 0.86836 0.28495
vt 0.99580 0.17324
vt 0.10071 0.86563
vt 0.96581 0.50131
vt 0.96928 0.47951
vt 0.53612 0.71994
vt 0.53857 0.12939
vt 0.89582 0.86545
vt 0.39265 0.09500
vt 0.00427 0.04715
vt 0.34090 0.03955
vt 0.13854 0.88106
vt 0.99494 0.04385
vt 0.16259 0.88307
vt 0.17931 0.88131
vt 0.99223 0.12676
vt 0.77295 0.02867
vt 0.18511 0.86955
vt 0.59853 0.61647
vt 0.21165 0.88141
vt 0.50439 0.13818
vt 0.66498 0.60898
vt 0.60856 0.60999
vt 0.45288 0.86568
vt 0.85321 0.10936
vt 0.45408 0.82729
vt 0.45166 0.06943
vt 0.22923 0.26931
vt 0.87913 0.08120
vt 0.45260 0.70536
vt 0.98646 0.07469
vt 0.00342 0.07897
vt 0.32298 0.70529
vt 0.67415 0.51300
vt 0.01497 0.87652
vt 0.75590 0.51025
vt 0.66517 0.81051
vt 0.89645 0.85255
vt 0.99218 0.04016
vt 0.16628 0.88229
vt 0.64924 0.11828
vt 0.67416 0.61463
vt 0.65068 0.11296
vt 0.67523 0.61320
vt 0.68228 0.61745
vt 0.45153 0.85901
vt 0.45175 0.83514
vt 0.44536 0.83907
vt 0.58727 0.24041
vt 0.35822 0.43535
vt 0.98625 0.09001
vt 0.32277 0.70593
vt 0.40316 0.70621
vt 0.68865 0.52325
vt 0.02947 0.86627
vt 0.43183 0.38826
vt 0.86333 0.27337
vt 0.88112 0.27186
vt 0.88603 0.93609
vt 0.70699 0.52449
vt 0.89591 0.91216
vt 0.88982 0.90235
vt 0.13516 0.87568
vt 0.24063 0.03690
vt 0.68423 0.60545
vt 0.37138 0.47804
vt 0.78631 0.93440
vt 0.58681 0.24799
vt 0.36879 0.44293
vt 0.84229 0.11441
vt 0.24658 0.11463
vt 0.44902 0.82782
vt 0.28129 0.27620
vt 0.58568 0.23643
vt 0.24078 0.27524
vt 0.33437 0.70875
vt 0.01194 0.07324
vt 0.20787 0.17475
vt 0.32870 0.70862
vt 0.97998 0.09131
vt 0.02004 0.08545
vt 0.31650 0.70790
vt 0.14795 0.12451
vt 0.37887 0.71441
vt 0.52408 0.12158
vt 0.13623 0.15674
vt 0.49670 0.14727
vt 0.34129 0.70659
vt 0.17179 0.11790
vt 0.71330 0.10874
vt 0.37694 0.70780
vt 0.36481 0.70926
vt 0.34752 0.70857
vt 0.26346 0.38125
vt 0.88651 0.95150
vt 0.88385 0.26644
vt 0.67771 0.46176
vt 0.38037 0.09470
vt 0.01655 0.04685
vt 0.32861 0.03925
vt 0.83040 0.02100
vt 0.13884 0.86878
vt 0.15198 0.87758
vt 0.66053 0.09131
vt 0.87419 0.85043
vt 0.99287 0.03776
vt 0.16869 0.87527
vt 0.56632 0.60846
vt 0.87715 0.80253
vt 0.80107 0.02848
vt 0.62325 0.60423
vt 0.80235 0.91872
vt 0.38482 0.45861
vt 0.44861 0.84247
vt 0.26549 0.27316
vt 0.26211 0.27345
vt 0.58293 0.21585
vt 0.71846 0.12837
vt 0.39259 0.71295
vt 0.68545 0.51458
vt 0.44319 0.38726
vt 0.84229 0.27008
vt 0.33087 0.48908
vt 0.67634 0.83642
vt 0.61287 0.14257
vt 0.73353 0.52985
vt 0.68477 0.81533
vt 0.88612 0.91749
vt 0.68526 0.46655
vt 0.53381 0.74332
vt 0.08096 0.71849
vt 0.97832 0.49512
vt 0.00509 0.19871
vt 0.11711 0.87399
vt 0.13549 0.86948
vt 0.55846 0.62620
vt 0.44084 0.92068
vt 0.77588 0.05953
vt 0.66167 0.60373
vt 0.34881 0.48056
vt 0.65262 0.11003
vt 0.44607 0.80471
vt 0.25555 0.27680
vt 0.24622 0.13857
vt 0.28626 0.19593
vt 0.58628 0.21094
vt 0.22510 0.27329
vt 0.87515 0.07396
vt 0.41899 0.71080
vt 0.44570 0.40869
vt 0.88456 0.97743
vt 0.33057 0.51051
vt 0.87878 0.92760
vt 0.71631 0.18025
vt 0.84326 0.02930
vt 0.11160 0.85994
vt 0.96882 0.50400
vt 0.82568 0.01991
vt 0.13993 0.86406
vt 0.01381 0.04451
vt 0.33136 0.03692
vt 0.83315 0.01866
vt 0.14118 0.87153
vt 0.87200 0.81390
vt 0.59229 0.60715
vt 0.20285 0.87210
vt 0.60316 0.60621
vt 0.21342 0.87115
vt 0.65578 0.11849
vt 0.67425 0.60809
vt 0.65909 0.11498
vt 0.24452 0.04736
vt 0.51432 0.12939
vt 0.67377 0.60478
vt 0.36091 0.48193
vt 0.44517 0.87340
vt 0.85393 0.11732
vt 0.25822 0.11033
vt 0.44400 0.80731
vt 0.14990 0.03546
vt 0.30706 0.71905
vt 0.43857 0.80729
vt 0.72102 0.13208
vt 0.40226 0.71552
vt 0.72200 0.12906
vt 0.38270 0.71650
vt 0.35566 0.71166
vt 0.47619 0.15771
vt 0.35676 0.71703
vt 0.71900 0.12421
vt 0.87184 0.23416
vt 0.77295 0.16064
vt 0.86929 0.83501
vt 0.15734 0.86914
vt 0.15069 0.63613
vt 0.42981 0.87617
vt 0.69078 0.60118
vt 0.37793 0.46872
vt 0.43578 0.86070
vt 0.29846 0.20013
vt 0.59048 0.22327
vt 0.44173 0.80760
vt 0.16024 0.02942
vt 0.31910 0.72508
vt 0.43254 0.79695
vt 0.22921 0.28662
vt 0.86182 0.08252
vt 0.21987 0.14554
vt 0.50146 0.01743
vt 0.45257 0.72267
vt 0.40867 0.71654
vt 0.85574 0.26041
vt 0.87458 0.96147
vt 0.70352 0.53357
vt 0.04434 0.85595
vt 0.72686 0.53225
vt 0.06768 0.85727
vt 0.02021 0.20407
vt 0.12424 0.85887
vt 0.13232 0.09235
vt 0.17008 0.86924
vt 0.57078 0.61216
vt 0.42852 0.90665
vt 0.79588 0.03467
vt 0.62563 0.60942
vt 0.43308 0.81828
vt 0.58943 0.23048
vt 0.23123 0.16995
vt 0.60981 0.02542
vt 0.35206 0.71773
vt 0.69640 0.87157
vt 0.99345 0.15875
vt 0.85206 0.02979
vt 0.60205 0.07959
vt 0.11359 0.85114
vt 0.12675 0.86360
vt 0.87665 0.22976
vt 0.87410 0.83427
vt 0.13701 0.09490
vt 0.21770 0.28656
vt 0.17213 0.86455
vt 0.33654 0.12256
vt 0.20612 0.86031
vt 0.16052 0.62729
vt 0.43964 0.87387
vt 0.62006 0.59714
vt 0.94664 0.10205
vt 0.24331 0.04152
vt 0.36675 0.48071
vt 0.66521 0.09827
vt 0.53103 0.14264
vt 0.79121 0.06460
vt 0.66052 0.59866
vt 0.34766 0.46522
vt 0.23193 0.04275
vt 0.67838 0.60029
vt 0.36553 0.46934
vt 0.35937 0.44023
vt 0.23146 0.14730
vt 0.27149 0.20132
vt 0.85053 0.25463
vt 0.24575 0.37593
vt 0.86880 0.96668
vt 0.33600 0.42822
vt 0.34633 0.49525
vt 0.09217 0.73611
vt 0.86294 0.85444
vt 0.19343 0.86944
vt 0.60634 0.60339
vt 0.34329 0.23975
vt 0.21951 0.86834
vt 0.51362 0.13800
vt 0.66516 0.60050
vt 0.62883 0.59371
vt 0.51692 0.13291
vt 0.36852 0.47420
vt 0.43302 0.83525
vt 0.59308 0.24797
vt 0.35158 0.44291
vt 0.30165 0.20199
vt 0.59234 0.22510
vt 0.10670 0.60832
vt 0.15698 0.03662
vt 0.31327 0.71789
vt 0.72531 0.13232
vt 0.40548 0.71980
vt 0.07704 0.73254
vt 0.69464 0.46342
vt 0.72338 0.18553
vt 0.11007 0.86522
vt 0.87977 0.89145
vt 0.55436 0.12882
vt 0.88003 0.86453
vt 0.56375 0.12277
vt 0.87065 0.86081
vt 0.15819 0.84742
vt 0.52605 0.14180
vt 0.59571 0.23582
vt 0.11389 0.61904
vt 0.27009 0.20664
vt 0.07514 0.58300
vt 0.21729 0.15186
vt 0.50778 0.02002
vt 0.25732 0.20584
vt 0.60791 0.02088
vt 0.68806 0.02088
vt 0.35016 0.71959
vt 0.39877 0.72441
vt 0.86602 0.98865
vt 0.34910 0.52391
vt 0.87220 0.26717
vt 0.88134 0.94501
vt 0.87746 0.26506
vt 0.87923 0.93975
vt 0.86843 0.91098
vt 0.87168 0.87478
vt 0.13657 0.09791
vt 0.17213 0.86499
vt 0.33410 0.11621
vt 0.20855 0.86289
vt 0.60094 0.26123
vt 0.54166 0.16501
vt 0.34402 0.45617
vt 0.10314 0.64445
vt 0.29073 0.20625
vt 0.32459 0.73076
vt 0.42686 0.78899
vt 0.41440 0.72202
vt 0.60011 0.01562
vt 0.68018 0.02360
vt 0.45558 0.02001
vt 0.36246 0.72747
vt 0.38654 0.72367
vt 0.88769 0.25874
vt 0.68577 0.17432
vt 0.82152 0.16780
vt 0.68746 0.88623
vt 0.87291 0.92952
vt 0.01965 0.19522
vt 0.12315 0.85943
vt 0.52067 0.14307
vt 0.78085 0.06592
vt 0.66009 0.59734
vt 0.68460 0.52843
vt 0.67417 0.53014
vt 0.01499 0.85938
vt 0.54150 0.13640
vt 0.18361 0.84892
vt 0.10400 0.08813
vt 0.43264 0.86810
vt 0.67261 0.59483
vt 0.35976 0.46100
vt 0.60065 0.25335
vt 0.59974 0.24857
vt 0.50148 0.01420
vt 0.26315 0.21062
vt 0.06820 0.58716
vt 0.45580 0.72754
vt 0.11427 0.01709
vt 0.25928 0.01709
vt 0.61581 0.02783
vt 0.59588 0.02002
vt 0.68685 0.02783
vt 0.35806 0.72079
vt 0.11351 0.01354
vt 0.26004 0.01354
vt 0.10889 0.01243
vt 0.26467 0.01243
vt 0.59424 0.01536
vt 0.45687 0.02588
vt 0.36272 0.72618
vt 0.40657 0.72593
vt 0.37685 0.73632
vt 0.34446 0.49844
vt 0.84736 0.25747
vt 0.34348 0.49079
vt 0.72065 0.17528
vt 0.11351 0.85496
vt 0.63431 0.58304
vt 0.32146 0.46742
vt 0.65115 0.59418
vt 0.33830 0.46826
vt 0.60112 0.24229
vt 0.10445 0.62551
vt 0.61904 0.03760
vt 0.43231 0.82412
vt 0.27746 0.21384
vt 0.08251 0.59630
vt 0.42530 0.79970
vt 0.38482 0.72817
vt 0.86257 0.99658
vt 0.35255 0.51702
vt 0.24047 0.39684
vt 0.86351 0.97671
vt 0.13701 0.84786
vt 0.14296 0.85174
vt 0.17278 0.85825
vt 0.42773 0.87768
vt 0.61469 0.58770
vt 0.93720 0.09802
vt 0.10885 0.09033
vt 0.42800 0.86325
vt 0.96673 0.02801
vt 0.98779 0.02899
vt 0.42813 0.84723
vt 0.60791 0.03494
vt 0.42966 0.83524
vt 0.43015 0.82284
vt 0.61633 0.03563
vt 0.43034 0.82682
vt 0.41637 0.72990
vt 0.35541 0.74083
vt 0.68311 0.53416
vt 0.02393 0.85536
vt 0.68650 0.83361
vt 0.60889 0.12662
vt 0.68998 0.81931
vt 0.69723 0.85023
vt 0.08072 0.72254
vt 0.64657 0.08529
vt 0.86023 0.85333
vt 0.20277 0.30780
vt 0.15088 0.84838
vt 0.20557 0.29286
vt 0.77343 0.21045
vt 0.16582 0.85004
vt 0.32080 0.11503
vt 0.22186 0.85096
vt 0.33492 0.46713
vt 0.12166 0.08186
vt 0.27559 0.01709
vt 0.41825 0.85044
vt 0.42411 0.82702
vt 0.05958 0.58952
vt 0.44718 0.73550
vt 0.40415 0.72908
vt 0.30694 0.41781
vt 0.35674 0.51178
vt 0.65186 0.17165
vt 0.78760 0.17046
vt 0.66218 0.16682
vt 0.79792 0.17529
vt 0.69496 0.88433
vt 0.86541 0.95312
vt 0.71147 0.53928
vt 0.05230 0.85024
vt 0.06982 0.03978
vt 0.72162 0.04932
vt 0.24881 0.05491
vt 0.44993 0.15088
vt 0.69752 0.87894
vt 0.86285 0.94391
vt 0.61907 0.14307
vt 0.73402 0.53507
vt 0.85596 0.22347
vt 0.78884 0.14995
vt 0.26025 0.64670
vt 0.85340 0.83770
vt 0.15221 0.10205
vt 0.21054 0.29076
vt 0.16793 0.84935
vt 0.57984 0.60427
vt 0.86363 0.79834
vt 0.13292 0.61855
vt 0.41204 0.85638
vt 0.60863 0.24579
vt 0.09633 0.62901
vt 0.95850 0.02174
vt 0.99603 0.02271
vt 0.27197 0.01400
vt 0.41989 0.84735
vt 0.41627 0.82824
vt 0.73729 0.07427
vt 0.42055 0.80346
vt 0.43469 0.73255
vt 0.40719 0.73774
vt 0.37274 0.73994
vt 0.82616 0.09343
vt 0.70225 0.53729
vt 0.04307 0.85223
vt 0.07642 0.85445
vt 0.61959 0.13987
vt 0.62986 0.13644
vt 0.72740 0.54097
vt 0.85116 0.02507
vt 0.60262 0.07488
vt 0.11303 0.85204
vt 0.85808 0.87722
vt 0.11353 0.84911
vt 0.57936 0.61394
vt 0.41994 0.90843
vt 0.61286 0.57775
vt 0.92725 0.08450
vt 0.31764 0.21608
vt 0.30001 0.46024
vt 0.61429 0.58535
vt 0.93485 0.09490
vt 0.30143 0.47064
vt 0.96443 0.02979
vt 0.99010 0.03076
vt 0.42531 0.81728
vt 0.07996 0.60459
vt 0.26303 0.21631
vt 0.06808 0.59193
vt 0.44873 0.02085
vt 0.36329 0.73432
vt 0.38425 0.73770
vt 0.82982 0.09378
vt 0.70591 0.54062
vt 0.04673 0.84890
vt 0.61923 0.07607
vt 0.09642 0.85132
vt 0.11816 0.83929
vt 0.64209 0.08011
vt 0.85575 0.85670
vt 0.20070 0.84909
vt 0.04275 0.66748
vt 0.22422 0.83960
vt 0.96290 0.02925
vt 0.99162 0.03022
vt 0.42384 0.81895
vt 0.28392 0.07546
vt 0.08022 0.61311
vt 0.42053 0.81168
vt 0.26985 0.08447
vt 0.81299 0.06983
vt 0.90479 0.05225
vt 0.85425 0.07080
vt 0.07121 0.59904
vt 0.05459 0.01451
vt 0.07616 0.84911
vt 0.72173 0.47705
vt 0.49734 0.75854
vt 0.72682 0.46934
vt 0.11062 0.84635
vt 0.19578 0.31411
vt 0.14457 0.84690
vt 0.17594 0.84532
vt 0.46729 0.19733
vt 0.41563 0.88960
vt 0.61790 0.58344
vt 0.30504 0.47231
vt 0.34018 0.73880
vt 0.41882 0.78510
vt 0.31122 0.41602
vt 0.35853 0.50939
vt 0.68913 0.54011
vt 0.81104 0.09619
vt 0.68713 0.54034
vt 0.43400 0.17186
vt 0.70346 0.85756
vt 0.05956 0.84846
vt 0.06663 0.84697
vt 0.11428 0.73433
vt 0.97041 0.52843
vt 0.04287 0.20850
vt 0.12391 0.83621
vt 0.41124 0.88197
vt 0.32051 0.21401
vt 0.05789 0.64645
vt 0.24525 0.84557
vt 0.27743 0.01450
vt 0.42054 0.84785
vt 0.28659 0.07947
vt 0.07621 0.61578
vt 0.41160 0.74169
vt 0.62508 0.12180
vt 0.69881 0.80312
vt 0.63464 0.12895
vt 0.71990 0.54193
vt 0.69685 0.79356
vt 0.07318 0.04150
vt 0.71826 0.04590
vt 0.44657 0.14746
vt 0.70094 0.88067
vt 0.85943 0.94726
vt 0.63150 0.13371
vt 0.10145 0.74152
vt 0.71905 0.46480
vt 0.05392 0.02002
vt 0.08168 0.84455
vt 0.13376 0.83891
vt 0.20229 0.29921
vt 0.15948 0.83877
vt 0.20530 0.29442
vt 0.16426 0.84252
vt 0.18075 0.84587
vt 0.19221 0.84122
vt 0.51750 0.16846
vt 0.31986 0.45272
vt 0.08851 0.62955
vt 0.28117 0.07707
vt 0.75994 0.24792
vt 0.41096 0.81066
vt 0.74524 0.08347
vt 0.77056 0.24011
vt 0.41135 0.80004
vt 0.78636 0.21858
vt 0.34861 0.74546
vt 0.37327 0.74265
vt 0.75244 0.08545
vt 0.35916 0.74764
vt 0.85127 0.99557
vt 0.36385 0.53311
vt 0.73145 0.04705
vt 0.45976 0.14861
vt 0.69978 0.88442
vt 0.86059 0.93407
vt 0.69287 0.16748
vt 0.85362 0.88934
vt 0.05225 0.01786
vt 0.07951 0.84591
vt 0.95726 0.52869
vt 0.48693 0.74326
vt 0.96081 0.51321
vt 0.10951 0.84019
vt 0.58499 0.59581
vt 0.46860 0.19802
vt 0.85849 0.78988
vt 0.41431 0.89030
vt 0.03396 0.65911
vt 0.23259 0.83049
vt 0.12158 0.62502
vt 0.40070 0.85920
vt 0.23726 0.84308
vt 0.92899 0.09291
vt 0.30011 0.46864
vt 0.50830 0.16392
vt 0.25146 0.02937
vt 0.31066 0.45726
vt 0.06978 0.64554
vt 0.06676 0.61709
vt 0.53174 0.11572
vt 0.07318 0.62130
vt 0.07015 0.62537
vt 0.06749 0.60692
vt 0.81620 0.07670
vt 0.65421 0.12894
vt 0.66392 0.05713
vt 0.05092 0.59584
vt 0.22414 0.05615
vt 0.04015 0.59426
vt 0.42776 0.74568
vt 0.59459 0.07446
vt 0.03033 0.59369
vt 0.23779 0.07446
vt 0.41793 0.74975
vt 0.02421 0.58216
vt 0.41182 0.74324
vt 0.22983 0.39334
vt 0.31793 0.41230
vt 0.70497 0.55450
vt 0.70941 0.79310
vt 0.04579 0.83502
vt 0.71332 0.55160
vt 0.70652 0.79735
vt 0.07789 0.84203
vt 0.20211 0.29619
vt 0.16250 0.83247
vt 0.26118 0.63666
vt 0.84897 0.82767
vt 0.78036 0.19983
vt 0.17404 0.83942
vt 0.47731 0.20339
vt 0.84978 0.79524
vt 0.79403 0.07658
vt 0.03851 0.65918
vt 0.23252 0.84089
vt 0.04569 0.64779
vt 0.24390 0.84045
vt 0.32234 0.19577
vt 0.06164 0.62821
vt 0.31443 0.20762
vt 0.40988 0.84066
vt 0.31431 0.20271
vt 0.26185 0.03076
vt 0.30382 0.44687
vt 0.06294 0.63515
vt 0.12319 0.04614
vt 0.06047 0.62525
vt 0.72803 0.08545
vt 0.77379 0.25732
vt 0.40937 0.79681
vt 0.78251 0.22704
vt 0.40986 0.78809
vt 0.37538 0.74763
vt 0.76973 0.08079
vt 0.36381 0.74800
vt 0.08203 0.03706
vt 0.23660 0.06689
vt 0.43772 0.13889
vt 0.85087 0.95611
vt 0.45711 0.14302
vt 0.70538 0.87002
vt 0.05832 0.83700
vt 0.80371 0.13228
vt 0.27792 0.64795
vt 0.83853 0.83896
vt 0.20155 0.28965
vt 0.76941 0.19862
vt 0.08442 0.02326
vt 0.36606 0.59997
vt 0.20656 0.83181
vt 0.31299 0.20821
vt 0.29932 0.45237
vt 0.26904 0.08399
vt 0.55481 0.10846
vt 0.91724 0.05144
vt 0.07170 0.59824
vt 0.21045 0.05319
vt 0.64209 0.13447
vt 0.52977 0.05641
vt 0.38014 0.13551
vt 0.04646 0.60795
vt 0.82984 0.08643
vt 0.83740 0.08643
vt 0.65028 0.05246
vt 0.43804 0.05401
vt 0.93367 0.02002
vt 0.01024 0.57880
vt 0.39785 0.74856
vt 0.79209 0.22926
vt 0.33793 0.74578
vt 0.41185 0.77851
vt 0.23389 0.06273
vt 0.43501 0.14305
vt 0.85503 0.95883
vt 0.44347 0.13852
vt 0.41962 0.19189
vt 0.71784 0.83582
vt 0.48147 0.75290
vt 0.42438 0.57405
vt 0.85059 0.86233
vt 0.47442 0.20569
vt 0.40849 0.89796
vt 0.79083 0.07345
vt 0.04165 0.65598
vt 0.23572 0.84015
vt 0.31336 0.21706
vt 0.30130 0.46121
vt 0.12676 0.61640
vt 0.40588 0.85123
vt 0.65381 0.01783
vt 0.05922 0.59711
vt 0.41336 0.82431
vt 0.54392 0.11064
vt 0.07253 0.60912
vt 0.21768 0.05337
vt 0.04354 0.60073
vt 0.91827 0.04521
vt 0.84722 0.07051
vt 0.42822 0.05713
vt 0.07151 0.59201
vt 0.79156 0.23557
vt 0.41029 0.77904
vt 0.29932 0.39141
vt 0.38314 0.52647
vt 0.22151 0.40379
vt 0.84456 0.98568
vt 0.43218 0.43001
vt 0.71413 0.80446
vt 0.07176 0.83598
vt 0.85034 0.90272
vt 0.19940 0.29700
vt 0.26846 0.63264
vt 0.83768 0.82365
vt 0.21614 0.83279
vt 0.77686 0.07666
vt 0.03843 0.64200
vt 0.24969 0.83308
vt 0.11084 0.04639
vt 0.52100 0.05321
vt 0.04812 0.61672
vt 0.04138 0.61946
vt 0.65650 0.01558
vt 0.06780 0.59486
vt 0.76738 0.24062
vt 0.40661 0.80322
vt 0.01262 0.58422
vt 0.75699 0.07568
vt 0.36892 0.74586
vt 0.21701 0.39926
vt 0.30903 0.39948
vt 0.12540 0.73155
vt 0.95557 0.53955
vt 0.47607 0.74465
vt 0.56702 0.07900
vt 0.43028 0.58230
vt 0.11383 0.83279
vt 0.12716 0.83290
vt 0.72571 0.14040
vt 0.84246 0.85650
vt 0.22663 0.06356
vt 0.18657 0.31054
vt 0.17840 0.09019
vt 0.14815 0.83635
vt 0.18746 0.29324
vt 0.75532 0.18587
vt 0.18385 0.83193
vt 0.56024 0.14404
vt 0.88623 0.07330
vt 0.89217 0.10303
vt 0.20594 0.83019
vt 0.56297 0.13914
vt 0.08771 0.02801
vt 0.36131 0.60327
vt 0.20326 0.82745
vt 0.30307 0.45436
vt 0.25988 0.02774
vt 0.30508 0.44884
vt 0.75283 0.24967
vt 0.40659 0.81777
vt 0.66823 0.14014
vt 0.64990 0.05653
vt 0.35400 0.13045
vt 0.93219 0.01964
vt 0.05152 0.58182
vt 0.73682 0.03812
vt 0.77929 0.22403
vt 0.34316 0.75082
vt 0.74825 0.03211
vt 0.77563 0.21802
vt 0.34917 0.76225
vt 0.16943 0.36241
vt 0.61768 0.23452
vt 0.59458 0.53479
vt 0.00606 0.57923
vt 0.39367 0.75285
vt 0.70630 0.78692
vt 0.04154 0.83814
vt 0.69885 0.55831
vt 0.71323 0.79605
vt 0.71370 0.78832
vt 0.71477 0.77586
vt 0.04698 0.82967
vt 0.43213 0.13093
vt 0.10254 0.14893
vt 0.39981 0.14502
vt 0.70166 0.60897
vt 0.84290 0.96171
vt 0.26904 0.02979
vt 0.10046 0.83154
vt 0.72225 0.13977
vt 0.84467 0.85995
vt 0.27791 0.02739
vt 0.10285 0.82843
vt 0.19434 0.31592
vt 0.14277 0.83582
vt 0.74072 0.24047
vt 0.40195 0.82988
vt 0.03345 0.62567
vt 0.26603 0.83114
vt 0.03548 0.60505
vt 0.44251 0.05150
vt 0.93115 0.01555
vt 0.05639 0.57772
vt 0.04248 0.15283
vt 0.36113 0.75533
vt 0.38037 0.06542
vt 0.05598 0.15037
vt 0.37463 0.75780
vt 0.42548 0.16837
vt 0.71198 0.85701
vt 0.08201 0.82951
vt 0.19076 0.29917
vt 0.02957 0.62482
vt 0.26688 0.82892
vt 0.11304 0.03670
vt 0.05032 0.62088
vt 0.04971 0.61402
vt 0.53335 0.06689
vt 0.37656 0.13818
vt 0.04379 0.60437
vt 0.66117 0.02100
vt 0.05080 0.60027
vt 0.38994 0.06481
vt 0.09521 0.02925
vt 0.38420 0.75796
vt 0.69966 0.56396
vt 0.71888 0.77975
vt 0.45980 0.13117
vt 0.71723 0.86715
vt 0.05661 0.82959
vt 0.41698 0.17406
vt 0.09395 0.81713
vt 0.77318 0.18547
vt 0.18080 0.82506
vt 0.02858 0.61097
vt 0.28073 0.83079
vt 0.01067 0.58981
vt 0.00342 0.58510
vt 0.39676 0.06787
vt 0.07237 0.15074
vt 0.10204 0.02979
vt 0.39102 0.75743
vt 0.47240 0.48079
vt 0.06633 0.26900
vt 0.47693 0.47393
vt 0.46289 0.48588
vt 0.06187 0.25949
vt 0.31084 0.07511
vt 0.41304 0.56510
vt 0.52333 0.21119
vt 0.06881 0.82092
vt 0.16387 0.08827
vt 0.15186 0.82181
vt 0.48348 0.21924
vt 0.39943 0.91151
vt 0.03161 0.62247
vt 0.26923 0.82689
vt 0.25635 0.05713
vt 0.39722 0.84074
vt 0.27033 0.04948
vt 0.64946 0.25281
vt 0.38957 0.82676
vt 0.57764 0.07841
vt 0.02638 0.61065
vt 0.25475 0.07841
vt 0.28105 0.82313
vt 0.59111 0.08154
vt 0.24128 0.08154
vt 0.06028 0.58308
vt 0.74596 0.03857
vt 0.34270 0.75996
vt 0.05187 0.26983
vt 0.21119 0.41647
vt 0.83424 0.99210
vt 0.43295 0.41621
vt 0.72031 0.79066
vt 0.04557 0.82413
vt 0.44877 0.44780
vt 0.45409 0.43354
vt 0.56733 0.43799
vt 0.02443 0.82728
vt 0.71486 0.78876
vt 0.42144 0.17005
vt 0.71602 0.85539
vt 0.73344 0.60986
vt 0.84134 0.92992
vt 0.78124 0.60556
vt 0.83844 0.88213
vt 0.55713 0.01493
vt 0.11661 0.82420
vt 0.80373 0.59411
vt 0.83865 0.85964
vt 0.15967 0.09400
vt 0.13709 0.81762
vt 0.16845 0.09613
vt 0.21407 0.07280
vt 0.17733 0.29797
vt 0.77311 0.01686
vt 0.21045 0.02746
vt 0.28168 0.64195
vt 0.83724 0.83296
vt 0.07861 0.02979
vt 0.35953 0.59417
vt 0.21236 0.82725
vt 0.22922 0.82024
vt 0.01014 0.59650
vt 0.39775 0.76118
vt 0.29520 0.82469
vt 0.49171 0.47487
vt 0.05418 0.28832
vt 0.47093 0.46483
vt 0.68018 0.22136
vt 0.46098 0.46330
vt 0.05726 0.25758
vt 0.44029 0.45763
vt 0.83444 0.13513
vt 0.03512 0.15437
vt 0.44634 0.46183
vt 0.45508 0.12439
vt 0.07959 0.13897
vt 0.42277 0.13506
vt 0.72401 0.85996
vt 0.72461 0.59901
vt 0.40948 0.18862
vt 0.72798 0.83229
vt 0.90503 0.51057
vt 0.21294 0.06981
vt 0.18031 0.29684
vt 0.21045 0.07568
vt 0.17444 0.29435
vt 0.39305 0.87081
vt 0.39120 0.86848
vt 0.76957 0.22336
vt 0.10493 0.02413
vt 0.39391 0.76308
vt 0.48684 0.45505
vt 0.69203 0.23727
vt 0.46370 0.48682
vt 0.81104 0.14006
vt 0.04929 0.26030
vt 0.86805 0.53955
vt 0.42822 0.44618
vt 0.72682 0.82064
vt 0.03151 0.14292
vt 0.72021 0.77617
vt 0.04835 0.82423
vt 0.12504 0.74268
vt 0.74263 0.46283
vt 0.44687 0.57117
vt 0.27695 0.02409
vt 0.10616 0.82692
vt 0.28782 0.01090
vt 0.17568 0.30284
vt 0.16519 0.10107
vt 0.15803 0.04376
vt 0.76709 0.02100
vt 0.27566 0.63781
vt 0.84073 0.82882
vt 0.87256 0.09023
vt 0.76096 0.17779
vt 0.33680 0.62465
vt 0.18188 0.81738
vt 0.49633 0.20090
vt 0.76123 0.09314
vt 0.97240 0.09412
vt 0.45023 0.08338
vt 0.38658 0.89318
vt 0.56960 0.14353
vt 0.89136 0.07279
vt 0.35692 0.60571
vt 0.35246 0.59819
vt 0.22058 0.82257
vt 0.35338 0.59489
vt 0.21164 0.82092
vt 0.39353 0.88608
vt 0.23806 0.32319
vt 0.26376 0.82196
vt 0.75253 0.22796
vt 0.64077 0.24446
vt 0.39441 0.81807
vt 0.83395 0.99573
vt 0.38117 0.53593
vt 0.46662 0.45614
vt 0.54473 0.42928
vt 0.68975 0.21704
vt 0.10734 0.14486
vt 0.39502 0.14095
vt 0.73575 0.47564
vt 0.48332 0.76807
vt 0.43406 0.55888
vt 0.17287 0.28603
vt 0.27104 0.12246
vt 0.74072 0.17632
vt 0.06694 0.12424
vt 0.31656 0.63388
vt 0.90363 0.07666
vt 0.88882 0.09541
vt 0.35306 0.61799
vt 0.38829 0.85008
vt 0.76940 0.21834
vt 0.62390 0.23484
vt 0.45593 0.47401
vt 0.81880 0.13404
vt 0.72544 0.78238
vt 0.05212 0.81899
vt 0.42829 0.56000
vt 0.41818 0.55948
vt 0.52002 0.20605
vt 0.42599 0.55222
vt 0.52272 0.19824
vt 0.48466 0.75624
vt 0.42377 0.57071
vt 0.29346 0.08350
vt 0.08619 0.81277
vt 0.16068 0.09304
vt 0.15360 0.81863
vt 0.28654 0.01143
vt 0.16391 0.09932
vt 0.38037 0.07651
vt 0.77487 0.02016
vt 0.21221 0.03076
vt 0.69775 0.08334
vt 0.28344 0.63865
vt 0.83453 0.82965
vt 0.38904 0.07560
vt 0.22087 0.02840
vt 0.24658 0.12424
vt 0.70642 0.08425
vt 0.04248 0.12246
vt 0.83362 0.83202
vt 0.14618 0.34449
vt 0.39444 0.07972
vt 0.15381 0.29094
vt 0.25198 0.12835
vt 0.71182 0.08013
vt 0.04788 0.11834
vt 0.29750 0.63878
vt 0.39329 0.08447
vt 0.71068 0.07538
vt 0.39728 0.08288
vt 0.71466 0.07697
vt 0.30035 0.63569
vt 0.75013 0.17678
vt 0.64491 0.26807
vt 0.56104 0.53904
vt 0.52004 0.28457
vt 0.63437 0.25572
vt 0.57338 0.53929
vt 0.40802 0.76474
vt 0.28684 0.82112
vt 0.76514 0.11508
vt 0.36855 0.76685
vt 0.10693 0.12158
vt 0.18881 0.36019
vt 0.50026 0.44399
vt 0.69253 0.25068
vt 0.51635 0.45330
vt 0.84461 0.37221
vt 0.50954 0.42955
vt 0.68908 0.25997
vt 0.50141 0.47059
vt 0.04447 0.29802
vt 0.57938 0.42356
vt 0.02501 0.81285
vt 0.04565 0.81698
vt 0.84155 0.14170
vt 0.04834 0.04637
vt 0.02855 0.15184
vt 0.72868 0.85592
vt 0.73756 0.59497
vt 0.77423 0.59241
vt 0.40479 0.07568
vt 0.98584 0.11963
vt 0.83315 0.88913
vt 0.08906 0.35864
vt 0.78597 0.59414
vt 0.83772 0.87740
vt 0.56277 0.01835
vt 0.85893 0.01709
vt 0.12224 0.82008
vt 0.28467 0.01416
vt 0.16204 0.09489
vt 0.16421 0.04691
vt 0.15258 0.81999
vt 0.16853 0.29890
vt 0.15088 0.05127
vt 0.06260 0.12452
vt 0.14045 0.32437
vt 0.15975 0.29032
vt 0.25793 0.12939
vt 0.15545 0.29408
vt 0.25362 0.12402
vt 0.71346 0.08447
vt 0.04952 0.12268
vt 0.35006 0.61242
vt 0.49908 0.19077
vt 0.82801 0.78262
vt 0.28955 0.24821
vt 0.23975 0.81959
vt 0.65987 0.25592
vt 0.38006 0.83717
vt 0.62158 0.24204
vt 0.58706 0.54146
vt 0.78952 0.12451
vt 0.39294 0.77000
vt 0.13132 0.11215
vt 0.21320 0.35075
vt 0.51462 0.42552
vt 0.87240 0.37842
vt 0.51371 0.41779
vt 0.68861 0.26413
vt 0.88012 0.37615
vt 0.82778 0.13908
vt 0.72954 0.77787
vt 0.40500 0.55249
vt 0.52935 0.21924
vt 0.83124 0.29542
vt 0.05621 0.81490
vt 0.42664 0.55055
vt 0.52477 0.19759
vt 0.23033 0.08289
vt 0.53422 0.20352
vt 0.43173 0.54851
vt 0.53005 0.19251
vt 0.73236 0.85428
vt 0.73560 0.59333
vt 0.47105 0.02002
vt 0.72873 0.84985
vt 0.40959 0.16303
vt 0.72787 0.84341
vt 0.63362 0.09605
vt 0.54457 0.10107
vt 0.30279 0.07420
vt 0.41396 0.57315
vt 0.83490 0.27476
vt 0.07686 0.81855
vt 0.84827 0.23050
vt 0.11334 0.81555
vt 0.56472 0.02197
vt 0.85530 0.01617
vt 0.12419 0.81916
vt 0.85400 0.01348
vt 0.12686 0.81647
vt 0.26999 0.60709
vt 0.82989 0.79810
vt 0.34995 0.60626
vt 0.35046 0.58478
vt 0.29362 0.26570
vt 0.22175 0.81552
vt 0.08208 0.50928
vt 0.65759 0.26481
vt 0.66062 0.26804
vt 0.51146 0.30028
vt 0.40311 0.77100
vt 0.22337 0.34010
vt 0.28066 0.81487
vt 0.77539 0.12001
vt 0.11719 0.11665
vt 0.51258 0.47492
vt 0.05197 0.30918
vt 0.82300 0.37542
vt 0.45235 0.57073
vt 0.91357 0.73768
vt 0.57015 0.09326
vt 0.41602 0.58270
vt 0.82891 0.26521
vt 0.12404 0.73246
vt 0.97159 0.53820
vt 0.82165 0.87994
vt 0.09826 0.35889
vt 0.60205 0.06552
vt 0.82910 0.84474
vt 0.13345 0.34889
vt 0.15876 0.29750
vt 0.05284 0.12209
vt 0.38623 0.01514
vt 0.30728 0.62516
vt 0.29578 0.25137
vt 0.22585 0.81336
vt 0.22727 0.35050
vt 0.29106 0.81578
vt 0.56992 0.54908
vt 0.50999 0.28484
vt 0.17641 0.36865
vt 0.60155 0.54277
vt 0.03897 0.31494
vt 0.82080 0.36242
vt 0.54725 0.41924
vt 0.69979 0.22367
vt 0.82204 0.14972
vt 0.87905 0.52044
vt 0.59339 0.41973
vt 0.03647 0.80902
vt 0.46436 0.01541
vt 0.73334 0.84155
vt 0.47092 0.01455
vt 0.73419 0.84209
vt 0.63493 0.10841
vt 0.09280 0.81053
vt 0.12965 0.31010
vt 0.14899 0.81183
vt 0.16406 0.04786
vt 0.13610 0.31118
vt 0.15544 0.81904
vt 0.82754 0.83764
vt 0.14056 0.34654
vt 0.05263 0.12858
vt 0.14245 0.33434
vt 0.28604 0.62073
vt 0.13698 0.20459
vt 0.17558 0.02393
vt 0.34110 0.61432
vt 0.26205 0.04861
vt 0.38870 0.83504
vt 0.26646 0.81485
vt 0.93857 0.05225
vt 0.22853 0.35721
vt 0.65368 0.54987
vt 0.29777 0.80854
vt 0.69891 0.26611
vt 0.86395 0.36585
vt 0.19041 0.40964
vt 0.93362 0.02704
vt 0.38596 0.26647
vt 0.32158 0.37288
vt 0.73506 0.84470
vt 0.63232 0.11475
vt 0.52588 0.09389
vt 0.72452 0.58375
vt 0.26212 0.09885
vt 0.44854 0.55600
vt 0.53540 0.17569
vt 0.91640 0.75241
vt 0.39697 0.16600
vt 0.54160 0.08846
vt 0.74025 0.57732
vt 0.00703 0.03760
vt 0.92765 0.51654
vt 0.75190 0.58999
vt 0.75999 0.58834
vt 0.12622 0.31439
vt 0.14555 0.80971
vt 0.31248 0.62769
vt 0.75771 0.17338
vt 0.33355 0.63073
vt 0.16959 0.01942
vt 0.33510 0.61537
vt 0.49399 0.17627
vt 0.05148 0.50919
vt 0.34532 0.58557
vt 0.08128 0.50626
vt 0.50119 0.16466
vt 0.05829 0.49758
vt 0.50931 0.28772
vt 0.92529 0.04535
vt 0.21526 0.36411
vt 0.64040 0.54868
vt 0.02713 0.30407
vt 0.81675 0.14701
vt 0.87377 0.52861
vt 0.82451 0.26952
vt 0.61863 0.06538
vt 0.82576 0.86132
vt 0.11687 0.34875
vt 0.61538 0.06787
vt 0.12012 0.35125
vt 0.05941 0.13135
vt 0.14099 0.32756
vt 0.39049 0.01278
vt 0.31196 0.62090
vt 0.38745 0.01160
vt 0.31053 0.62394
vt 0.32655 0.62417
vt 0.42489 0.08286
vt 0.48544 0.17107
vt 0.47622 0.35628
vt 0.30791 0.61780
vt 0.15886 0.20246
vt 0.16748 0.02381
vt 0.33300 0.61559
vt 0.49189 0.17187
vt 0.49503 0.17016
vt 0.59021 0.04433
vt 0.38518 0.88674
vt 0.19656 0.02416
vt 0.38236 0.89255
vt 0.19785 0.02588
vt 0.58670 0.04612
vt 0.50741 0.05699
vt 0.23690 0.02411
vt 0.38365 0.89025
vt 0.37697 0.84956
vt 0.59188 0.55116
vt 0.81976 0.99376
vt 0.39536 0.53922
vt 0.86893 0.51776
vt 0.57644 0.41868
vt 0.81838 0.14843
vt 0.87540 0.52503
vt 0.57912 0.40537
vt 0.87586 0.47448
vt 0.83371 0.15061
vt 0.75537 0.02833
vt 0.05725 0.04996
vt 0.01964 0.15542
vt 0.74963 0.81451
vt 0.00871 0.13679
vt 0.90559 0.49279
vt 0.21240 0.08856
vt 0.55215 0.20918
vt 0.80844 0.29572
vt 0.24170 0.08857
vt 0.53812 0.19612
vt 0.25373 0.10303
vt 0.53734 0.18409
vt 0.47963 0.10584
vt 0.07403 0.80104
vt 0.46729 0.10154
vt 0.06169 0.80753
vt 0.77017 0.58164
vt 0.41556 0.06866
vt 0.09794 0.30290
vt 0.11728 0.80257
vt 0.82376 0.87019
vt 0.11794 0.31267
vt 0.13728 0.80863
vt 0.12087 0.34573
vt 0.11475 0.12897
vt 0.11939 0.31622
vt 0.12289 0.32133
vt 0.14102 0.19891
vt 0.26868 0.59910
vt 0.58643 0.05499
vt 0.49854 0.05727
vt 0.22803 0.02972
vt 0.11963 0.19657
vt 0.82222 0.79011
vt 0.51311 0.18394
vt 0.60074 0.05811
vt 0.81398 0.77579
vt 0.36980 0.87621
vt 0.29992 0.26308
vt 0.29870 0.25039
vt 0.23313 0.81044
vt 0.70883 0.24745
vt 0.94423 0.01518
vt 0.19955 0.41773
vt 0.82259 0.98729
vt 0.03517 0.26849
vt 0.52393 0.41289
vt 0.70614 0.22231
vt 0.85986 0.52968
vt 0.56566 0.41006
vt 0.86699 0.48795
vt 0.05489 0.05713
vt 0.02199 0.16260
vt 0.22314 0.09033
vt 0.54141 0.21096
vt 0.74386 0.57084
vt 0.00342 0.03113
vt 0.95437 0.17197
vt 0.93126 0.51007
vt 0.92214 0.74403
vt 0.81843 0.28753
vt 0.09320 0.80392
vt 0.11751 0.33464
vt 0.14033 0.14111
vt 0.09380 0.32837
vt 0.14553 0.19731
vt 0.30840 0.61362
vt 0.40674 0.08473
vt 0.46729 0.16919
vt 0.15935 0.19864
vt 0.46566 0.37443
vt 0.18994 0.01980
vt 0.51348 0.06689
vt 0.13458 0.19427
vt 0.37574 0.90015
vt 0.94092 0.02996
vt 0.06996 0.50005
vt 0.30143 0.24673
vt 0.23102 0.80771
vt 0.58378 0.55709
vt 0.50199 0.27354
vt 0.84540 0.39715
vt 0.93225 0.04977
vt 0.22222 0.35968
vt 0.40283 0.03076
vt 0.60367 0.55095
vt 0.62784 0.56348
vt 0.88965 0.01602
vt 0.88945 0.38556
vt 0.01705 0.31284
vt 0.83779 0.34050
vt 0.76550 0.57604
vt 0.42115 0.06305
vt 0.97602 0.16818
vt 0.08033 0.34227
vt 0.81724 0.87659
vt 0.10160 0.35361
vt 0.10017 0.34378
vt 0.88915 0.05978
vt 0.12412 0.13996
vt 0.11001 0.32722
vt 0.48591 0.16622
vt 0.47230 0.35581
vt 0.04660 0.49914
vt 0.49706 0.16495
vt 0.05470 0.49788
vt 0.50617 0.21900
vt 0.77933 0.09619
vt 0.95430 0.09717
vt 0.43213 0.08643
vt 0.37675 0.91127
vt 0.50514 0.05957
vt 0.23463 0.02979
vt 0.66606 0.26290
vt 0.50745 0.30572
vt 0.28343 0.79958
vt 0.91839 0.40049
vt 0.65560 0.56064
vt 0.28642 0.79776
vt 0.91721 0.39750
vt 0.73255 0.57518
vt 0.01473 0.03546
vt 0.81964 0.27989
vt 0.41753 0.08568
vt 0.47808 0.16824
vt 0.41616 0.08643
vt 0.47294 0.36501
vt 0.77422 0.09612
vt 0.43724 0.08635
vt 0.78002 0.09540
vt 0.95361 0.09638
vt 0.37807 0.88169
vt 0.37016 0.88686
vt 0.95161 0.03760
vt 0.06233 0.49873
vt 0.30627 0.26688
vt 0.08358 0.49662
vt 0.49807 0.29607
vt 0.59628 0.55638
vt 0.30478 0.37506
vt 0.39949 0.53191
vt 0.06239 0.05235
vt 0.01450 0.15782
vt 0.00342 0.14988
vt 0.89868 0.50588
vt 0.92139 0.13390
vt 0.54524 0.20726
vt 0.94773 0.13721
vt 0.54628 0.18092
vt 0.92728 0.76239
vt 0.55225 0.09253
vt 0.41675 0.58325
vt 0.81101 0.26467
vt 0.35640 0.19131
vt 0.69031 0.09133
vt 0.94846 0.47955
vt 0.83015 0.22974
vt 0.09523 0.79948
vt 0.98921 0.09860
vt 0.81212 0.88941
vt 0.08879 0.35527
vt 0.10372 0.34865
vt 0.88428 0.05985
vt 0.14071 0.19377
vt 0.46533 0.39307
vt 0.37524 0.90471
vt 0.37470 0.89602
vt 0.31293 0.25281
vt 0.22269 0.79620
vt 0.30514 0.24986
vt 0.22691 0.80400
vt 0.67333 0.26136
vt 0.44130 0.02588
vt 0.49753 0.31299
vt 0.36861 0.85063
vt 0.00342 0.42725
vt 0.24359 0.79906
vt 0.24518 0.79482
vt 0.40742 0.02822
vt 0.22280 0.04541
vt 0.60621 0.55554
vt 0.70180 0.26538
vt 0.87028 0.36296
vt 0.71154 0.26054
vt 0.88880 0.35322
vt 0.41114 0.12469
vt 0.70781 0.23031
vt 0.18701 0.42041
vt 0.81006 0.98376
vt 0.38330 0.26987
vt 0.40506 0.53973
vt 0.54303 0.41001
vt 0.86767 0.51057
vt 0.18974 0.41900
vt 0.82476 0.16064
vt 0.76541 0.02932
vt 0.88177 0.51240
vt 0.75940 0.03467
vt 0.01561 0.16176
vt 0.88372 0.51776
vt 0.59472 0.41175
vt 0.03618 0.80104
vt 0.60139 0.40658
vt 0.04465 0.79587
vt 0.05481 0.79107
vt 0.92983 0.75116
vt 0.48088 0.11713
vt 0.07528 0.80159
vt 0.49033 0.12061
vt 0.93797 0.47369
vt 0.08474 0.79666
vt 0.99601 0.10518
vt 0.08907 0.34847
vt 0.98468 0.17357
vt 0.08900 0.31508
vt 0.84326 0.23827
vt 0.10833 0.79919
vt 0.81526 0.87927
vt 0.09893 0.35685
vt 0.09593 0.33317
vt 0.89975 0.06592
vt 0.47611 0.38152
vt 0.47015 0.38903
vt 0.37330 0.90952
vt 0.56396 0.05819
vt 0.05670 0.49539
vt 0.95005 0.02971
vt 0.07022 0.49473
vt 0.64892 0.56063
vt 0.91054 0.39212
vt 0.59530 0.56021
vt 0.85691 0.38928
vt 0.40780 0.02286
vt 0.61157 0.55592
vt 0.71981 0.26574
vt 0.87765 0.34495
vt 0.02724 0.29324
vt 0.39439 0.12744
vt 0.71407 0.24706
vt 0.83485 0.12646
vt 0.38721 0.10472
vt 0.72541 0.25424
vt 0.94092 0.02197
vt 0.82352 0.10374
vt 0.41846 0.09404
vt 0.93311 0.15289
vt 0.43015 0.10980
vt 0.89307 0.15152
vt 0.60189 0.14504
vt 0.85644 0.33935
vt 0.01291 0.15901
vt 0.89117 0.51500
vt 0.43944 0.59241
vt 0.92917 0.71600
vt 0.71126 0.04494
vt 0.91089 0.03743
vt 0.42192 0.59423
vt 0.70942 0.05104
vt 0.90479 0.03760
vt 0.08739 0.01611
vt 0.41581 0.59239
vt 0.70747 0.05064
vt 0.08545 0.01571
vt 0.41621 0.59044
vt 0.35107 0.19185
vt 0.91632 0.03659
vt 0.42735 0.59839
vt 0.08803 0.01294
vt 0.41899 0.59302
vt 0.41164 0.60112
vt 0.43236 0.60271
vt 0.92231 0.70570
vt 0.09561 0.35548
vt 0.10156 0.32644
vt 0.10074 0.31061
vt 0.25146 0.04021
vt 0.37754 0.61637
vt 0.47919 0.38386
vt 0.48606 0.35451
vt 0.03284 0.48407
vt 0.36422 0.87166
vt 0.49415 0.30940
vt 0.32080 0.14580
vt 0.88777 0.04296
vt 0.15088 0.06243
vt 0.49098 0.28747
vt 0.84033 0.41108
vt 0.31384 0.36423
vt 0.41032 0.52905
vt 0.86958 0.50487
vt 0.92730 0.73211
vt 0.92835 0.72455
vt 0.26221 0.06493
vt 0.68855 0.09521
vt 0.94670 0.48550
vt 0.40347 0.58197
vt 0.35978 0.20459
vt 0.03944 0.18260
vt 0.95937 0.17505
vt 0.93625 0.50992
vt 0.03271 0.09131
vt 0.97527 0.17446
vt 0.07959 0.32190
vt 0.44431 0.59797
vt 0.93122 0.71043
vt 0.43752 0.60785
vt 0.93553 0.70056
vt 0.68799 0.03594
vt 0.42428 0.61002
vt 0.93037 0.69839
vt 0.41379 0.60339
vt 0.49224 0.37871
vt 0.49454 0.38808
vt 0.35522 0.93391
vt 0.48222 0.38707
vt 0.31360 0.26107
vt 0.20985 0.15528
vt 0.08031 0.48930
vt 0.57959 0.02295
vt 0.36712 0.86585
vt 0.21811 0.04495
vt 0.60724 0.56024
vt 0.61564 0.56295
vt 0.59422 0.39991
vt 0.89152 0.45938
vt 0.93433 0.13297
vt 0.54565 0.19432
vt 0.93851 0.75234
vt 0.26478 0.06751
vt 0.76416 0.04176
vt 0.94100 0.48809
vt 0.94031 0.48600
vt 0.77253 0.05167
vt 0.17384 0.03107
vt 0.93108 0.49136
vt 0.11182 0.02750
vt 0.27832 0.06787
vt 0.67236 0.07910
vt 0.77770 0.05225
vt 0.11699 0.02459
vt 0.81220 0.23864
vt 0.69678 0.05811
vt 0.40875 0.57975
vt 0.36255 0.19931
vt 0.08313 0.33533
vt 0.97063 0.18655
vt 0.82921 0.24756
vt 0.90515 0.09896
vt 0.39744 0.60680
vt 0.92011 0.10205
vt 0.40585 0.62176
vt 0.89990 0.09551
vt 0.39305 0.60156
vt 0.09091 0.32320
vt 0.04111 0.05610
vt 0.39679 0.63031
vt 0.39486 0.61628
vt 0.38577 0.63303
vt 0.37070 0.96121
vt 0.39753 0.64085
vt 0.39176 0.64078
vt 0.36907 0.95345
vt 0.38142 0.63005
vt 0.36868 0.96418
vt 0.40481 0.63963
vt 0.48641 0.37470
vt 0.36432 0.90579
vt 0.57420 0.06689
vt 0.05137 0.48516
vt 0.36397 0.87745
vt 0.23244 0.79503
vt 0.58723 0.01974
vt 0.43372 0.02345
vt 0.36573 0.85821
vt 0.41920 0.09634
vt 0.85718 0.33705
vt 0.87961 0.47629
vt 0.89122 0.51124
vt 0.54748 0.20035
vt 0.28988 0.04141
vt 0.62646 0.03727
vt 0.17139 0.03760
vt 0.92455 0.49585
vt 0.93120 0.73884
vt 0.80627 0.27556
vt 0.36114 0.18503
vt 0.67668 0.29014
vt 0.02588 0.05811
vt 0.25981 0.04150
vt 0.38589 0.61507
vt 0.02823 0.05682
vt 0.38737 0.61743
vt 0.26380 0.03772
vt 0.38988 0.61886
vt 0.41853 0.62303
vt 0.93594 0.68538
vt 0.40581 0.62865
vt 0.37662 0.61942
vt 0.36568 0.97482
vt 0.36628 0.95719
vt 0.39751 0.64512
vt 0.36673 0.94911
vt 0.47803 0.01210
vt 0.38623 0.03076
vt 0.51612 0.33973
vt 0.36556 0.95549
vt 0.48283 0.35311
vt 0.03607 0.47647
vt 0.57263 0.05991
vt 0.04723 0.48673
vt 0.07475 0.48863
vt 0.20929 0.14922
vt 0.08637 0.48875
vt 0.58662 0.01608
vt 0.43311 0.01978
vt 0.36828 0.85882
vt 0.25752 0.78588
vt 0.60353 0.56696
vt 0.88617 0.01652
vt 0.86515 0.38606
vt 0.21045 0.03838
vt 0.60853 0.56789
vt 0.71668 0.24878
vt 0.94865 0.01651
vt 0.94084 0.14416
vt 0.71702 0.26250
vt 0.88875 0.47339
vt 0.59429 0.12158
vt 0.59779 0.40145
vt 0.89637 0.45582
vt 0.04314 0.79074
vt 0.55991 0.20811
vt 0.50439 0.15418
vt 0.80068 0.30358
vt 0.20166 0.24041
vt 0.55227 0.17993
vt 0.93327 0.76807
vt 0.00412 0.14088
vt 0.89832 0.49688
vt 0.57080 0.11573
vt 0.91630 0.45543
vt 0.06307 0.78583
vt 0.92159 0.47151
vt 0.06836 0.78671
vt 0.95477 0.71494
vt 0.40046 0.59391
vt 0.38306 0.61023
vt 0.38646 0.60511
vt 0.90283 0.19427
vt 0.39008 0.60327
vt 0.90284 0.19065
vt 0.53849 0.35876
vt 0.35338 0.97786
vt 0.52972 0.35175
vt 0.36275 0.96910
vt 0.72296 0.02197
vt 0.47894 0.01416
vt 0.51990 0.34179
vt 0.36465 0.95927
vt 0.39544 0.02257
vt 0.40285 0.64795
vt 0.50691 0.33154
vt 0.93635 0.66046
vt 0.36065 0.94629
vt 0.05130 0.48395
vt 0.92529 0.07278
vt 0.47652 0.30973
vt 0.94252 0.07764
vt 0.49374 0.29906
vt 0.35060 0.15869
vt 0.58413 0.10089
vt 0.69994 0.12796
vt 0.87013 0.39819
vt 0.89361 0.48509
vt 0.58259 0.12070
vt 0.94136 0.74255
vt 0.43081 0.61375
vt 0.93387 0.69466
vt 0.37354 0.61371
vt 0.35670 0.98053
vt 0.41074 0.62934
vt 0.41365 0.63188
vt 0.93406 0.67653
vt 0.51698 0.34999
vt 0.52780 0.35832
vt 0.49218 0.36302
vt 0.35614 0.90659
vt 0.23052 0.78949
vt 0.36202 0.85542
vt 0.00858 0.42066
vt 0.48448 0.32080
vt 0.00589 0.41420
vt 0.32848 0.15248
vt 0.56201 0.10710
vt 0.67782 0.11820
vt 0.27718 0.77627
vt 0.90302 0.40674
vt 0.61400 0.57080
vt 0.88232 0.02197
vt 0.90063 0.45383
vt 0.04739 0.79060
vt 0.79308 0.29152
vt 0.20926 0.24310
vt 0.66349 0.29974
vt 0.94307 0.73367
vt 0.95336 0.18134
vt 0.03900 0.08994
vt 0.93947 0.70771
vt 0.37900 0.61045
vt 0.35871 0.98379
vt 0.52155 0.35407
vt 0.71826 0.01730
vt 0.51522 0.34649
vt 0.72604 0.01535
vt 0.48135 0.01108
vt 0.38907 0.02974
vt 0.51328 0.33871
vt 0.36224 0.95265
vt 0.51103 0.34167
vt 0.00787 0.47961
vt 0.35761 0.95040
vt 0.41045 0.64718
vt 0.93421 0.66123
vt 0.35394 0.91921
vt 0.33005 0.26458
vt 0.19339 0.16260
vt 0.24447 0.78957
vt 0.25244 0.78451
vt 0.93583 0.07493
vt 0.48706 0.30321
vt 0.43881 0.10205
vt 0.91341 0.16357
vt 0.87679 0.33134
vt 0.33526 0.35475
vt 0.52116 0.24576
vt 0.38776 0.28021
vt 0.41540 0.54150
vt 0.50928 0.26123
vt 0.79867 0.29702
vt 0.20366 0.24176
vt 0.95199 0.18994
vt 0.27783 0.03709
vt 0.92887 0.49550
vt 0.04761 0.07689
vt 0.81056 0.24569
vt 0.51836 0.02884
vt 0.28001 0.04834
vt 0.63634 0.03760
vt 0.79932 0.24638
vt 0.63814 0.03505
vt 0.18306 0.03557
vt 0.12103 0.02979
vt 0.80827 0.24383
vt 0.39478 0.59153
vt 0.02471 0.17303
vt 0.91629 0.18595
vt 0.39142 0.59444
vt 0.90921 0.18931
vt 0.69931 0.03760
vt 0.42263 0.62134
vt 0.93674 0.68707
vt 0.69257 0.03498
vt 0.42524 0.61460
vt 0.49984 0.36703
vt 0.51488 0.37472
vt 0.36268 0.95425
vt 0.49387 0.37494
vt 0.49495 0.34836
vt 0.02395 0.47887
vt 0.57891 0.05705
vt 0.05532 0.48045
vt 0.05736 0.47462
vt 0.05832 0.47867
vt 0.35464 0.87282
vt 0.32595 0.15511
vt 0.89708 0.05053
vt 0.67529 0.12452
vt 0.73314 0.26356
vt 0.92627 0.16083
vt 0.88964 0.33162
vt 0.40416 0.28098
vt 0.52568 0.25978
vt 0.92432 0.03035
vt 0.33602 0.36358
vt 0.92334 0.03760
vt 0.40203 0.27676
vt 0.33765 0.36260
vt 0.56184 0.18785
vt 0.52466 0.15674
vt 0.41942 0.27886
vt 0.35504 0.36049
vt 0.44017 0.27263
vt 0.37579 0.36672
vt 0.56169 0.22646
vt 0.42891 0.28508
vt 0.55043 0.24505
vt 0.94775 0.18826
vt 0.04593 0.08695
vt 0.50830 0.02716
vt 0.91143 0.19600
vt 0.90807 0.19174
vt 0.38021 0.59813
vt 0.91335 0.20052
vt 0.35125 0.99611
vt 0.41756 0.63098
vt 0.93744 0.67743
vt 0.36589 0.02002
vt 0.94363 0.66564
vt 0.50497 0.33283
vt 0.04530 0.48052
vt 0.35922 0.87612
vt 0.47641 0.31945
vt 0.00371 0.40613
vt 0.26547 0.77336
vt 0.91181 0.41845
vt 0.57068 0.10889
vt 0.68648 0.12016
vt 0.35642 0.35481
vt 0.54232 0.23929
vt 0.56142 0.17822
vt 0.53429 0.15077
vt 0.94242 0.76749
vt 0.20317 0.21052
vt 0.90052 0.47048
vt 0.38297 0.20063
vt 0.01625 0.18799
vt 0.81916 0.65953
vt 0.80138 0.26680
vt 0.36603 0.19584
vt 0.35986 0.01499
vt 0.94966 0.67285
vt 0.53206 0.36275
vt 0.35428 0.97144
vt 0.50052 0.32827
vt 0.94301 0.65407
vt 0.35399 0.93989
vt 0.48054 0.33916
vt 0.13654 0.03894
vt 0.03836 0.47516
vt 0.47912 0.34458
vt 0.14217 0.04437
vt 0.48069 0.34924
vt 0.03821 0.47587
vt 0.34599 0.89333
vt 0.86631 0.75904
vt 0.19357 0.14363
vt 0.09196 0.47302
vt 0.07978 0.40966
vt 0.89332 0.69574
vt 0.25396 0.78186
vt 0.32366 0.35345
vt 0.42110 0.52834
vt 0.50956 0.24806
vt 0.79812 0.26965
vt 0.36929 0.19729
vt 0.94662 0.69554
vt 0.35626 0.94652
vt 0.10400 0.09813
vt 0.33989 0.97008
vt 0.96329 0.65855
vt 0.47838 0.34660
vt 0.13246 0.04639
vt 0.04052 0.47108
vt 0.33757 0.25798
vt 0.21874 0.77157
vt 0.73316 0.25555
vt 0.96430 0.16064
vt 0.92426 0.15282
vt 0.40260 0.28564
vt 0.52412 0.25902
vt 0.94673 0.74234
vt 0.05050 0.08291
vt 0.51234 0.03174
vt 0.37428 0.20403
vt 0.02494 0.18623
vt 0.02506 0.47529
vt 0.34698 0.92656
vt 0.00932 0.40669
vt 0.88428 0.05225
vt 0.67605 0.12624
vt 0.16017 0.06592
vt 0.00342 0.30732
vt 0.81104 0.11544
vt 0.41846 0.11670
vt 0.58940 0.15674
vt 0.84474 0.32687
vt 0.88623 0.13908
vt 0.79023 0.30908
vt 0.21210 0.23165
vt 0.94762 0.74852
vt 0.20836 0.20207
vt 0.94737 0.74799
vt 0.95014 0.74087
vt 0.37812 0.18329
vt 0.65971 0.28840
vt 0.34170 0.98369
vt 0.36150 0.01528
vt 0.94802 0.66641
vt 0.01311 0.46700
vt 0.34500 0.94516
vt 0.02577 0.47088
vt 0.03182 0.46697
vt 0.06421 0.45535
vt 0.68517 0.13232
vt 0.16625 0.05859
vt 0.47560 0.28363
vt 0.85536 0.40724
vt 0.29870 0.01475
vt 0.93547 0.19444
vt 0.13037 0.04241
vt 0.04238 0.46899
vt 0.34705 0.88557
vt 0.34621 0.85781
vt 0.02246 0.40485
vt 0.90183 0.75306
vt 0.24022 0.76189
vt 0.90803 0.44370
vt 0.91940 0.19107
vt 0.96096 0.71508
vt 0.83592 0.61729
vt 0.33872 0.95106
vt 0.05382 0.45775
vt 0.04410 0.06584
vt 0.33903 0.87961
vt 0.88003 0.76053
vt 0.23273 0.77092
vt 0.47649 0.29874
vt 0.84526 0.42235
vt 0.27787 0.76718
vt 0.91145 0.40605
vt 0.57861 0.12906
vt 0.87242 0.31607
vt 0.91391 0.14101
vt 0.44170 0.11460
vt 0.58250 0.13350
vt 0.95832 0.75137
vt 0.79962 0.61866
vt 0.21907 0.20822
vt 0.38235 0.19461
vt 0.81476 0.65351
vt 0.95630 0.71179
vt 0.83920 0.62231
vt 0.30467 0.02100
vt 0.92950 0.20068
vt 0.33511 0.98976
vt 0.33681 0.97888
vt 0.78076 0.71774
vt 0.34280 0.94104
vt 0.03651 0.46727
vt 0.49204 0.01416
vt 0.90024 0.01358
vt 0.03110 0.06982
vt 0.34302 0.89260
vt 0.86704 0.76807
vt 0.18928 0.15072
vt 0.18667 0.15731
vt 0.01744 0.18160
vt 0.82555 0.66333
vt 0.95454 0.67763
vt 0.34522 0.27393
vt 0.17822 0.15217
vt 0.22310 0.76392
vt 0.07855 0.39431
vt 0.84789 0.42493
vt 0.97463 0.65912
vt 0.32237 0.94495
vt 0.02157 0.45540
vt 0.46031 0.31886
vt 0.85428 0.44247
vt 0.02834 0.39002
vt 0.46904 0.30850
vt 0.84499 0.43211
vt 0.78076 0.62564
vt 0.22020 0.21521
vt 0.95778 0.74316
vt 0.38567 0.19011
vt 0.81507 0.64901
vt 0.33166 0.91257
vt 0.48877 0.01188
vt 0.89697 0.01416
vt 0.02783 0.06754
vt 0.34074 0.89587
vt 0.48988 0.01307
vt 0.89808 0.01217
vt 0.34193 0.89476
vt 0.33677 0.88447
vt 0.87517 0.75606
vt 0.45654 0.31499
vt 0.85119 0.43860
vt 0.79363 0.61959
vt 0.22453 0.20916
vt 0.38702 0.18445
vt 0.65186 0.14794
vt 0.80607 0.64336
vt 0.01475 0.17713
vt 0.92626 0.18080
vt 0.03314 0.46064
vt 0.03652 0.45101
vt 0.83788 0.69676
vt 0.06024 0.44613
vt 0.86160 0.70133
vt 0.07601 0.45284
vt 0.87737 0.70315
vt 0.07343 0.40111
vt 0.89871 0.70210
vt 0.32616 0.87958
vt 0.14028 0.03174
vt 0.36865 0.03174
vt 0.88006 0.74697
vt 0.89847 0.42336
vt 0.86245 0.31918
vt 0.90394 0.14404
vt 0.00945 0.17020
vt 0.86572 0.02473
vt 0.93156 0.18078
vt 0.95956 0.64948
vt 0.33744 0.93530
vt 0.78262 0.63583
vt 0.22509 0.22540
vt 0.77295 0.30682
vt 0.22939 0.24101
vt 0.96440 0.74475
vt 0.80625 0.62177
vt 0.96765 0.67992
vt 0.87108 0.64573
vt 0.96103 0.68177
vt 0.04347 0.39269
vt 0.90644 0.73206
vt 0.79357 0.62932
vt 0.22676 0.21889
vt 0.64599 0.27553
vt 0.78506 0.63298
vt 0.22220 0.22255
vt 0.48344 0.06467
vt 0.31958 0.01486
vt 0.81029 0.02854
vt 0.97170 0.73264
vt 0.81836 0.63086
vt 0.00646 0.17601
vt 0.87547 0.02772
vt 0.93455 0.17103
vt 0.83114 0.65727
vt 0.83101 0.63123
vt 0.07932 0.05286
vt 0.32495 0.97678
vt 0.78286 0.70880
vt 0.96448 0.66450
vt 0.59401 0.10498
vt 0.32906 0.94733
vt 0.32750 0.93101
vt 0.89194 0.44678
vt 0.06599 0.38341
vt 0.24042 0.75293
vt 0.89751 0.44349
vt 0.47510 0.07027
vt 0.81863 0.03414
vt 0.81002 0.63647
vt 0.38993 0.17884
vt 0.80484 0.63775
vt 0.64789 0.28396
vt 0.58992 0.03042
vt 0.83545 0.63600
vt 0.88261 0.42916
vt 0.63786 0.29679
vt 0.66790 0.15258
vt 0.82211 0.64714
vt 0.97105 0.72661
vt 0.82438 0.62417
vt 0.94001 0.18250
vt 0.84155 0.66874
vt 0.06982 0.04859
vt 0.33135 0.98106
vt 0.33100 0.96961
vt 0.79003 0.72454
vt 0.97206 0.65292
vt 0.32494 0.93874
vt 0.66260 0.02868
vt 0.32321 0.93661
vt 0.82303 0.75814
vt 0.32791 0.88630
vt 0.87334 0.74148
vt 0.89988 0.72725
vt 0.89674 0.72079
vt 0.66369 0.15352
vt 0.81790 0.64878
vt 0.49100 0.06492
vt 0.31201 0.01511
vt 0.48562 0.07080
vt 0.31739 0.02100
vt 0.80811 0.03467
vt 0.29736 0.01525
vt 0.93681 0.19494
vt 0.02070 0.45120
vt 0.03458 0.45057
vt 0.32915 0.90314
vt 0.06358 0.45109
vt 0.86494 0.70416
vt 0.32002 0.88500
vt 0.13414 0.02698
vt 0.37479 0.02698
vt 0.87464 0.74221
vt 0.67037 0.15759
vt 0.82458 0.65002
vt 0.58926 0.03202
vt 0.68283 0.15649
vt 0.83704 0.63666
vt 0.57959 0.03662
vt 0.84165 0.64633
vt 0.01540 0.44662
vt 0.81677 0.69127
vt 0.02403 0.44331
vt 0.82540 0.69503
vt 0.23298 0.24225
vt 0.63977 0.29889
vt 0.84712 0.66703
vt 0.67793 0.15598
vt 0.83214 0.64187
vt 0.83365 0.64228
vt 0.00342 0.17085
vt 0.86853 0.03076
vt 0.11620 0.10498
vt 0.60801 0.10059
vt 0.32467 0.95788
vt 0.00342 0.44893
vt 0.32693 0.95486
vt 0.80478 0.68916
vt 0.04716 0.44633
vt 0.67235 0.02086
vt 0.87727 0.73304
vt 0.23446 0.22455
vt 0.23787 0.21960
vt 0.13100 0.08545
vt 0.68163 0.15967
vt 0.83584 0.63783
vt 0.83926 0.64681
vt 0.12478 0.10183
vt 0.61116 0.09451
vt 0.31859 0.94931
vt 0.53662 0.03760
vt 0.09521 0.01692
vt 0.86008 0.71393
vt 0.06976 0.44612
vt 0.87112 0.70846
vt 0.67132 0.01417
vt 0.87623 0.72459
vt 0.86495 0.72860
vt 0.32616 0.88539
vt 0.87425 0.73609
vt 0.24055 0.74966
vt 0.89505 0.44337
vt 0.06911 0.38006
vt 0.87593 0.43882
vt 0.04998 0.37966
vt 0.82152 0.64699
vt 0.94080 0.19426
vt 0.32380 0.99658
vt 0.84024 0.68049
vt 0.97905 0.68251
vt 0.86849 0.65596
vt 0.08360 0.05713
vt 0.32208 0.97251
vt 0.78713 0.70452
vt 0.42200 0.02002
vt 0.79699 0.71732
vt 0.78731 0.70644
vt 0.97285 0.67431
vt 0.87668 0.64989
vt 0.97446 0.66349
vt 0.88751 0.65436
vt 0.05084 0.43880
vt 0.85221 0.70372
vt 0.06087 0.44274
vt 0.86224 0.71409
vt 0.13037 0.03122
vt 0.37856 0.03122
vt 0.37628 0.02960
vt 0.66846 0.02100
vt 0.87337 0.72116
vt 0.88046 0.43882
vt 0.05452 0.37699
vt 0.24330 0.21869
vt 0.14604 0.08002
vt 0.62945 0.27533
vt 0.31300 0.12396
vt 0.98037 0.69248
vt 0.85851 0.66355
vt 0.32554 0.98357
vt 0.32072 0.98622
vt 0.85060 0.68213
vt 0.32313 0.97905
vt 0.78989 0.70339
vt 0.41730 0.01746
vt 0.80437 0.72202
vt 0.00628 0.43497
vt 0.80764 0.69799
vt 0.32606 0.95780
vt 0.80184 0.69118
vt 0.32229 0.96254
vt 0.97849 0.66673
vt 0.88426 0.65517
vt 0.31154 0.95711
vt 0.87971 0.67319
vt 0.43506 0.03413
vt 0.36943 0.06448
vt 0.82738 0.70341
vt 0.31636 0.92295
vt 0.83670 0.75125
vt 0.03861 0.43986
vt 0.83997 0.69594
vt 0.32209 0.90283
vt 0.06044 0.43963
vt 0.86181 0.71272
vt 0.31642 0.89634
vt 0.86330 0.74154
vt 0.87143 0.71666
vt 0.24355 0.23153
vt 0.28857 0.13680
vt 0.31272 0.95880
vt 0.41553 0.01421
vt 0.80084 0.72379
vt 0.60363 0.09250
vt 0.31659 0.94630
vt 0.67085 0.03054
vt 0.67297 0.03075
vt 0.66895 0.03174
vt 0.59131 0.09570
vt 0.31979 0.95228
vt 0.53058 0.08154
vt 0.16828 0.07324
vt 0.80736 0.75254
vt 0.32083 0.02853
vt 0.36670 0.08057
vt 0.84347 0.70614
vt 0.31565 0.90684
vt 0.85280 0.74876
vt 0.86455 0.74032
vt 0.24684 0.24058
vt 0.29504 0.14585
vt 0.24980 0.24463
vt 0.62295 0.30127
vt 0.30946 0.14990
vt 0.98327 0.67544
vt 0.87556 0.65988
vt 0.97835 0.65765
vt 0.31865 0.94348
vt 0.89334 0.65965
vt 0.31672 0.03857
vt 0.84758 0.71618
vt 0.62883 0.28697
vt 0.31464 0.94554
vt 0.89128 0.66383
vt 0.85796 0.72155
vt 0.31525 0.98260
vt 0.85422 0.67323
vt 0.30518 0.99199
vt 0.84483 0.68195
vt 0.31222 0.96486
vt 0.87196 0.67887
vt 0.16173 0.07727
vt 0.51611 0.07421
vt 0.15381 0.08057
vt 0.24888 0.21860
vt 0.12939 0.07444
vt 0.29635 0.12387
vt 0.86690 0.67127
vt 0.98897 0.68469
vt 0.86630 0.64901
vt 0.59645 0.08868
vt 0.53338 0.07452
vt 0.17107 0.08026
vt 0.10104 0.01709
vt 0.07648 0.11279
vt 0.81016 0.74740
vt 0.51565 0.01449
vt 0.79639 0.10231
vt 0.03271 0.10531
vt 0.80569 0.70722
vt 0.20964 0.01940
vt 0.51514 0.01999
vt 0.80587 0.71272
vt 0.44090 0.04443
vt 0.79947 0.11369
vt 0.09992 0.03752
vt 0.81708 0.70413
vt 0.31592 0.03319
vt 0.84838 0.71080
vt 0.86154 0.73371
vt 0.24706 0.22610
vt 0.29256 0.13137
vt 0.20557 0.01738
vt 0.27053 0.09912
vt 0.70654 0.03760
vt 0.80667 0.71679
vt 0.21254 0.02002
vt 0.26904 0.09215
vt 0.51575 0.01709
vt 0.54301 0.03653
vt 0.10160 0.01532
vt 0.07471 0.09701
vt 0.91748 0.01723
vt 0.81193 0.73162
vt 0.30741 0.93671
vt 0.54780 0.03426
vt 0.82293 0.72935
vt 0.44217 0.03361
vt 0.37265 0.06499
vt 0.80341 0.12451
vt 0.05492 0.09829
vt 0.10386 0.04834
vt 0.82790 0.70019
vt 0.85545 0.73533
vt 0.84847 0.72408
vt 0.71104 0.02808
vt 0.37451 0.03895
vt 0.81941 0.71229
vt 0.81808 0.73402
vt 0.83661 0.73962
vt 0.09689 0.09980
vt 0.92189 0.02002
vt 0.06054 0.13915
vt 0.78975 0.73441
vt 0.61865 0.08692
vt 0.77721 0.10791
vt 0.28763 0.09508
vt 0.51812 0.02002
vt 0.71059 0.03259
vt 0.05080 0.11084
vt 0.09131 0.04422
vt 0.37888 0.04346
vt 0.82378 0.71274
vt 0.38716 0.04336
vt 0.83206 0.71285
vt 0.30265 0.13868
vt 0.29974 0.13117
vt 0.92363 0.01649
vt 0.07008 0.14088
vt 0.79929 0.73088
vt 0.78675 0.10617
vt 0.61768 0.28719
vt 0.31225 0.13583
vt 0.82545 0.72599
vt 0.04248 0.14200
vt 0.62329 0.10498
vt 0.04846 0.14307
vt 0.61982 0.09900
vt 0.76514 0.10399
vt 0.05173 0.13943
vt 0.62481 0.09573
vn -0.8260 -0.5635 -0.0104
vn -0.8260 -0.5635 -0.0104
vn -0.8260 -0.5635 -0.0104
vn -0.8260 -0.5635 -0.0104
vn -0.7672 -0.3977 0.5033
vn -0.7672 -0.3977 0.5033
vn -0.9840 -0.1783 -0.0061
vn -0.9840 -0.1783 -0.0061
vn -0.1816 -0.7733 -0.6075
vn -0.1816 -0.7733 -0.6075
vn -0.6659 -0.6060 -0.4352
vn -0.6659 -0.6060 -0.4352
vn -0.3676 -0.3316 -0.8689
vn -0.3676 -0.3316 -0.8689
vn -0.3676 -0.3316 -0.8689
vn -0.9844 0.0813 -0.1562
vn -0.9844 0.0813 -0.1562
vn -0.9407 0.3196 -0.1138
vn -0.9979 0.0487 -0.0426
vn -0.9440 0.1044 0.3129
vn -0.9217 0.3514 0.1642
vn -0.3296 -0.7597 -0.5605
vn -0.3296 -0.7597 -0.5605
vn -0.4012 -0.0955 0.9110
vn -0.4568 -0.5180 0.7232
vn -0.4568 -0.5180 0.7232
vn -0.5470 -0.5758 -0.6076
vn -0.5470 -0.5758 -0.6076
vn -0.5470 -0.5758 -0.6076
vn -0.3422 -0.7926 -0.5046
vn -0.3422 -0.7926 -0.5046
vn -0.8641 -0.3091 0.3972
vn -0.8641 -0.3091 0.3972
vn -0.9723 0.1764 0.1532
vn -0.3379 -0.0564 -0.9395
vn -0.3379 -0.0564 -0.9395
vn -0.4920 -0.8101 -0.3188
vn -0.8254 0.5158 -0.2294
vn -0.8254 0.5158 -0.2294
vn -0.1733 -0.4878 0.8556
vn -0.1733 -0.4878 0.8556
vn -0.1733 -0.4878 0.8556
vn -0.8451 -0.0448 0.5327
vn -0.8451 -0.0448 0.5327
vn -0.1565 -0.0344 -0.9871
vn -0.7969 0.5157 0.3146
vn -0.8769 0.4417 0.1895
vn -0.8769 0.4417 0.1895
vn 0.1193 0.7481 0.6528
vn 0.1193 0.7481 0.6528
vn -0.9849 0.1633 0.0580
vn -0.9237 0.2292 -0.3071
vn -0.9237 0.2292 -0.3071
vn -0.4417 -0.7996 -0.4069
vn -0.4417 -0.7996 -0.4069
vn -0.4173 -0.7909 -0.4476
vn -0.8218 0.2240 0.5239
vn -0.8218 0.2240 0.5239
vn -0.2823 0.0829 -0.9557
vn 0.0896 0.6231 -0.7770
vn -0.0448 -0.0572 -0.9974
vn -0.8352 0.4700 0.2857
vn -0.8352 0.4700 0.2857
vn -0.5305 0.7998 -0.2807
vn -0.5305 0.7998 -0.2807
vn -0.5305 0.7998 -0.2807
vn -0.0079 -0.9999 0.0135
vn -0.0079 -0.9999 0.0135
vn -0.4623 -0.7476 -0.4768
vn 0.0602 0.2359 0.9699
vn 0.0602 0.2359 0.9699
vn 0.0354 0.5485 0.8354
vn 0.0354 0.5485 0.8354
vn 0.0354 0.5485 0.8354
vn -0.5868 0.8044 -0.0923
vn -0.5868 0.8044 -0.0923
vn -0.5868 0.8044 -0.0923
vn 0.1100 -0.9778 -0.1781
vn -0.3992 -0.5724 -0.7162
vn -0.3992 -0.5724 -0.7162
vn 0.1106 -0.1947 0.9746
vn 0.1066 -0.4227 0.9000
vn 0.1066 -0.4227 0.9000
vn 0.1066 -0.4227 0.9000
vn 0.1066 -0.4227 0.9000
vn 0.0000 0.0000 0.0000
vn 0.0000 0.0000 0.0000
vn 0.1530 0.7218 -0.6750
vn -0.0641 -0.8291 0.5554
vn -0.0641 -0.8291 0.5554
vn -0.0641 -0.8291 0.5554
vn 0.2887 0.3170 0.9034
vn 0.3332 0.7902 0.5144
vn 0.3332 0.7902 0.5144
vn -0.3796 -0.9163 -0.1279
vn -0.3865 -0.6940 -0.6075
vn -0.3865 -0.6940 -0.6075
vn 0.1903 0.5559 0.8092
vn 0.1903 0.5559 0.8092
vn 0.2182 0.6837 -0.6964
vn 0.0921 0.7221 -0.6856
vn 0.0921 0.7221 -0.6856
vn 0.4336 0.8661 0.2488
vn 0.0141 0.6215 -0.7833
vn 0.0000 0.0000 -0.0000
vn 0.0000 0.0000 -0.0000
vn 0.4637 0.8852 0.0363
vn 0.4637 0.8852 0.0363
vn 0.4637 0.8852 0.0363
vn 0.4637 0.8852 0.0363
vn 0.4637 0.8852 0.0363
vn -0.3232 -0.8102 -0.4890
vn -0.2953 -0.7840 -0.5460
vn -0.2953 -0.7840 -0.5460
vn -0.2666 -0.0426 -0.9629
vn 0.1352 0.5912 -0.7951
vn -0.4580 -0.0260 0.8886
vn -0.4580 -0.0260 0.8886
vn -0.3515 -0.6015 -0.7174
vn -0.3515 -0.6015 -0.7174
vn -0.3515 -0.6015 -0.7174
vn 0.1176 -0.0135 -0.9930
vn -0.1218 0.6114 -0.7819
vn -0.1218 0.6114 -0.7819
vn -0.1218 0.6114 -0.7819
vn -0.1218 0.6114 -0.7819
vn 0.3265 0.9018 0.2832
vn 0.0645 -0.6180 0.7835
vn 0.0645 -0.6180 0.7835
vn 0.0645 -0.6180 0.7835
vn 0.0645 -0.6180 0.7835
vn 0.0656 0.5888 -0.8056
vn 0.0656 0.5888 -0.8056
vn 0.6588 0.2163 -0.7205
vn 0.6588 0.2163 -0.7205
vn 0.5342 0.8221 0.1972
vn -0.6393 0.5296 -0.5576
vn -0.6393 0.5296 -0.5576
vn -0.9985 -0.0518 0.0184
vn -0.9945 -0.0990 0.0332
vn -0.8954 -0.1659 0.4132
vn -0.9628 0.1885 -0.1934
vn -0.8863 -0.0286 -0.4621
vn -0.8459 0.5222 0.1088
vn -0.3182 -0.6892 -0.6510
vn -0.5668 -0.8227 -0.0442
vn -0.3471 -0.9072 -0.2377
vn -0.2116 -0.7914 0.5735
vn -0.2116 -0.7914 0.5735
vn -0.3358 -0.7520 -0.5672
vn -0.4551 -0.7518 -0.4772
vn -0.4551 -0.7518 -0.4772
vn -0.9584 -0.0436 0.2820
vn -0.9584 -0.0436 0.2820
vn -0.8621 0.2071 0.4624
vn -0.9528 -0.2027 -0.2259
vn -0.9512 0.3083 0.0114
vn -0.1938 0.0556 0.9795
vn 0.5368 0.6156 0.5769
vn 0.4081 0.2585 0.8756
vn 0.4081 0.2585 0.8756
vn 0.4081 0.2585 0.8756
vn -0.8086 0.5038 0.3039
vn -0.8731 -0.0331 0.4865
vn -0.8731 -0.0331 0.4865
vn 0.1851 -0.7099 -0.6796
vn 0.1851 -0.7099 -0.6796
vn 0.1851 -0.7099 -0.6796
vn 0.1851 -0.7099 -0.6796
vn -0.6788 -0.4428 -0.5858
vn -0.6788 -0.4428 -0.5858
vn -0.6788 -0.4428 -0.5858
vn -0.6788 -0.4428 -0.5858
vn -0.6788 -0.4428 -0.5858
vn -0.6788 -0.4428 -0.5858
vn -0.8449 -0.4010 -0.3542
vn -0.8449 -0.4010 -0.3542
vn -0.8449 -0.4010 -0.3542
vn -0.8449 -0.4010 -0.3542
vn 0.0000 0.0000 0.0000
vn 0.0000 0.0000 0.0000
vn 0.0347 -0.4219 0.9060
vn 0.0347 -0.4219 0.9060
vn -0.9647 0.1012 0.2431
vn -0.9647 0.1012 0.2431
vn 0.1541 -0.4959 0.8546
vn 0.1541 -0.4959 0.8546
vn -0.4426 -0.6973 0.5639
vn -0.4426 -0.6973 0.5639
vn 0.4612 0.6118 0.6427
vn 0.4612 0.6118 0.6427
vn 0.4612 0.6118 0.6427
vn -0.5184 -0.7848 0.3397
vn -0.5184 -0.7848 0.3397
vn -0.0208 0.0876 -0.9959
vn -0.0208 0.0876 -0.9959
vn -0.0208 0.0876 -0.9959
vn -0.6850 0.4420 0.5792
vn -0.6850 0.4420 0.5792
vn 0.2044 0.1462 -0.9679
vn 0.5676 0.6896 -0.4498
vn 0.5676 0.6896 -0.4498
vn 0.1041 0.5041 -0.8573
vn 0.1041 0.5041 -0.8573
vn 0.0000 0.0000 0.0000
vn 0.0000 0.0000 0.0000
vn -0.9804 -0.0414 0.1926
vn -0.9804 -0.0414 0.1926
vn -0.9804 -0.0414 0.1926
vn -0.8944 -0.4154 0.1656
vn -0.8944 -0.4154 0.1656
vn -0.6677 -0.7426 -0.0520
vn 0.8965 -0.2864 -0.3380
vn -0.1037 -0.7022 -0.7044
vn -0.9241 -0.3187 0.2110
vn -0.9241 -0.3187 0.2110
vn -0.9241 -0.3187 0.2110
vn -0.7616 -0.1228 -0.6364
vn -0.7616 -0.1228 -0.6364
vn -0.9490 0.0099 0.3151
vn 0.7512 -0.3207 0.5769
vn -0.6762 0.3803 -0.6310
vn -0.8256 0.1870 -0.5324
vn -0.8256 0.1870 -0.5324
vn -0.7590 0.1998 -0.6196
vn -0.8025 0.4535 0.3876
vn 0.5136 0.7183 -0.4693
vn 0.5136 0.7183 -0.4693
vn 0.5136 0.7183 -0.4693
vn -0.7438 0.6466 -0.1696
vn 0.2244 0.4159 0.8813
vn 0.2244 0.4159 0.8813
vn -0.4514 -0.8554 0.2540
vn -0.4514 -0.8554 0.2540
vn -0.4514 -0.8554 0.2540
vn -0.2485 -0.8682 -0.4295
vn -0.0575 -0.9928 -0.1047
vn -0.5066 -0.6512 -0.5650
vn -0.5066 -0.6512 -0.5650
vn -0.5066 -0.6512 -0.5650
vn -0.0371 -0.6223 0.7819
vn -0.0371 -0.6223 0.7819
vn -0.0371 -0.6223 0.7819
vn -0.0371 -0.6223 0.7819
vn -0.0000 0.0000 0.0000
vn -0.0000 0.0000 0.0000
vn -0.9282 -0.2786 0.2465
vn -0.9282 -0.2786 0.2465
vn -0.9282 -0.2786 0.2465
vn 0.7320 0.0000 0.6814
vn 0.1112 0.3635 -0.9249
vn 0.1112 0.3635 -0.9249
vn 0.1112 0.3635 -0.9249
vn 0.1112 0.3635 -0.9249
vn -0.6621 0.3498 0.6628
vn -0.6621 0.3498 0.6628
vn -0.6621 0.3498 0.6628
vn -0.6621 0.3498 0.6628
vn 0.0000 0.0000 0.0000
vn 0.0000 0.0000 0.0000
vn -0.4661 -0.8832 0.0524
vn -0.8018 0.2104 0.5594
vn -0.8018 0.2104 0.5594
vn -0.6604 0.1206 0.7411
vn -0.6604 0.1206 0.7411
vn 0.2066 0.6005 -0.7725
vn 0.6013 0.7557 0.2596
vn 0.6013 0.7557 0.2596
vn -0.7793 -0.1684 0.6036
vn -0.7793 -0.1684 0.6036
vn -0.7793 -0.1684 0.6036
vn -0.8661 -0.4654 -0.1824
vn -0.8661 -0.4654 -0.1824
vn -0.4881 -0.8225 -0.2919
vn 0.0039 -0.6736 0.7391
vn 0.0039 -0.6736 0.7391
vn -0.3253 -0.7368 -0.5927
vn -0.3253 -0.7368 -0.5927
vn -0.6472 0.2146 0.7315
vn -0.6472 0.2146 0.7315
vn 0.1596 -0.3309 -0.9301
vn 0.1596 -0.3309 -0.9301
vn -0.4542 0.0890 0.8864
vn -0.4542 0.0890 0.8864
vn -0.4542 0.0890 0.8864
vn -0.8444 -0.0338 0.5346
vn -0.7481 -0.5444 -0.3795
vn -0.7481 -0.5444 -0.3795
vn -0.7985 -0.6006 0.0419
vn -0.7985 -0.6006 0.0419
vn -0.7985 -0.6006 0.0419
vn -0.7985 -0.6006 0.0419
vn -0.7985 -0.6006 0.0419
vn 0.0000 0.0000 0.0000
vn 0.0000 0.0000 0.0000
vn -0.7837 -0.5991 -0.1640
vn -0.8225 0.4433 -0.3564
vn -0.8225 0.4433 -0.3564
vn -0.8225 0.4433 -0.3564
vn -0.8095 0.3499 0.4714
vn -0.8095 0.3499 0.4714
vn -0.8095 0.3499 0.4714
vn -0.1624 -0.8656 -0.4736
vn -0.1624 -0.8656 -0.4736
vn -0.9077 0.3611 -0.2138
vn -0.9077 0.3611 -0.2138
vn -0.9077 0.3611 -0.2138
vn -0.6145 0.6630 -0.4275
vn -0.6145 0.6630 -0.4275
vn -0.0000 0.0000 -0.0000
vn -0.0000 0.0000 -0.0000
vn -0.0336 -0.9450 0.3254
vn -0.0336 -0.9450 0.3254
vn -0.0565 -0.7626 0.6444
vn -0.0565 -0.7626 0.6444
vn -0.9943 0.0740 -0.0769
vn -0.7155 0.6929 -0.0891
vn -0.7155 0.6929 -0.0891
vn -0.8539 0.2385 -0.4625
vn -0.8539 0.2385 -0.4625
vn -0.8539 0.2385 -0.4625
vn -0.8907 -0.4521 -0.0473
vn -0.8907 -0.4521 -0.0473
vn -0.8907 -0.4521 -0.0473
vn 0.2244 -0.9620 -0.1557
vn -0.5749 -0.7855 -0.2291
vn -0.2433 -0.7893 -0.5637
vn -0.4223 -0.3625 -0.8308
vn -0.4223 -0.3625 -0.8308
vn -0.2029 0.1337 -0.9700
vn -0.2029 0.1337 -0.9700
vn -0.3866 0.4475 0.8064
vn -0.3866 0.4475 0.8064
vn 0.0103 -0.7991 -0.6012
vn 0.0103 -0.7991 -0.6012
vn -0.3346 -0.9277 -0.1654
vn -0.3346 -0.9277 -0.1654
vn -0.6028 -0.7738 0.1947
vn -0.6028 -0.7738 0.1947
vn -0.6834 0.3399 0.6461
vn -0.6834 0.3399 0.6461
vn 0.2561 0.0292 0.9662
vn 0.2561 0.0292 0.9662
vn -0.4270 0.3662 0.8268
vn -0.4270 0.3662 0.8268
vn -0.8879 0.1523 0.4342
vn -0.8879 0.1523 0.4342
vn -0.8879 0.1523 0.4342
vn -0.8879 0.1523 0.4342
vn 0.3593 0.9202 -0.1554
vn 0.3593 0.9202 -0.1554
vn -0.4292 0.3826 -0.8182
vn -0.4292 0.3826 -0.8182
vn 0.5003 0.8217 0.2729
vn 0.5003 0.8217 0.2729
vn -0.9080 -0.0462 0.4164
vn -0.9080 -0.0462 0.4164
vn -0.7243 -0.6000 0.3396
vn -0.7243 -0.6000 0.3396
vn -0.8280 0.4952 0.2630
vn -0.8280 0.4952 0.2630
vn -0.2198 -0.8653 -0.4505
vn -0.2198 -0.8653 -0.4505
vn -0.2198 -0.8653 -0.4505
vn 0.2001 -0.5755 -0.7929
vn 0.2001 -0.5755 -0.7929
vn 0.4898 0.5915 0.6405
vn 0.4898 0.5915 0.6405
vn 0.4898 0.5915 0.6405
vn -0.8315 0.1944 -0.5204
vn -0.8315 0.1944 -0.5204
vn -0.0767 -0.0015 -0.9970
vn -0.0594 0.1975 -0.9785
vn -0.0594 0.1975 -0.9785
vn -0.0594 0.1975 -0.9785
vn 0.1178 -0.1186 -0.9859
vn -0.2294 0.5168 0.8248
vn -0.2294 0.5168 0.8248
vn -0.2294 0.5168 0.8248
vn 0.3415 0.6838 -0.6448
vn 0.3415 0.6838 -0.6448
vn 0.0370 -0.8064 -0.5902
vn 0.0370 -0.8064 -0.5902
vn -0.9567 0.2457 0.1558
vn -0.9567 0.2457 0.1558
vn -0.6966 0.5147 -0.4998
vn -0.6966 0.5147 -0.4998
vn -0.3270 -0.9288 -0.1745
vn 0.5601 0.3091 0.7686
vn 0.5601 0.3091 0.7686
vn 0.5601 0.3091 0.7686
vn -0.8603 0.5009 0.0948
vn -0.8957 0.4066 -0.1801
vn -0.3943 -0.6556 -0.6440
vn -0.8345 0.2982 0.4633
vn 0.3372 -0.5986 -0.7266
vn 0.3372 -0.5986 -0.7266
vn 0.5749 0.4646 -0.6735
vn 0.5749 0.4646 -0.6735
vn 0.7758 0.3672 0.5131
vn -0.2347 0.8688 0.4360
vn -0.2347 0.8688 0.4360
vn -0.5100 -0.5625 0.6508
vn -0.5100 -0.5625 0.6508
vn -0.8595 0.4062 -0.3101
vn -0.8595 0.4062 -0.3101
vn -0.1419 -0.7566 -0.6383
vn -0.7137 -0.1008 0.6932
vn -0.7137 -0.1008 0.6932
vn -0.7137 -0.1008 0.6932
vn -0.4830 0.2406 0.8419
vn -0.4830 0.2406 0.8419
vn -0.8167 0.5482 0.1805
vn -0.9491 0.1846 -0.2552
vn -0.0068 -0.5804 0.8143
vn -0.1089 0.1235 0.9864
vn -0.1089 0.1235 0.9864
vn -0.2787 0.6560 0.7014
vn -0.2787 0.6560 0.7014
vn -0.8353 -0.0641 -0.5460
vn -0.8353 -0.0641 -0.5460
vn -0.5287 -0.5981 0.6023
vn -0.5287 -0.5981 0.6023
vn -0.0192 -0.8399 -0.5424
vn -0.0192 -0.8399 -0.5424
vn -0.5624 -0.8229 0.0812
vn -0.5624 -0.8229 0.0812
vn -0.5624 -0.8229 0.0812
vn -0.3403 0.8860 0.3151
vn -0.3403 0.8860 0.3151
vn -0.6511 0.7221 -0.2338
vn -0.6511 0.7221 -0.2338
vn -0.5032 -0.8596 0.0883
vn -0.5032 -0.8596 0.0883
vn -0.8117 -0.5593 0.1685
vn -0.8117 -0.5593 0.1685
vn -0.8117 -0.5593 0.1685
vn 0.2125 -0.7130 -0.6682
vn 0.2125 -0.7130 -0.6682
vn -0.3241 0.1291 -0.9372
vn -0.6940 0.4101 -0.5918
vn -0.6940 0.4101 -0.5918
vn -0.6604 0.1299 0.7396
vn -0.6604 0.1299 0.7396
vn -0.6604 0.1299 0.7396
vn -0.8311 0.2101 0.5149
vn -0.7447 0.5062 0.4350
vn -0.7447 0.5062 0.4350
vn -0.7802 0.3848 0.4932
vn -0.7802 0.3848 0.4932
vn -0.7364 0.3475 -0.5805
vn -0.7364 0.3475 -0.5805
vn -0.7364 0.3475 -0.5805
vn -0.2309 -0.9657 -0.1190
vn -0.7407 -0.5970 0.3082
vn -0.7407 -0.5970 0.3082
vn -0.7407 -0.5970 0.3082
vn -0.8617 0.3023 -0.4075
vn -0.8617 0.3023 -0.4075
vn -0.8617 0.3023 -0.4075
vn -0.1906 -0.8028 -0.5649
vn -0.1906 -0.8028 -0.5649
vn -0.9085 -0.1221 0.3998
vn 0.5874 -0.7881 -0.1843
vn -0.0481 -0.8688 0.4929
vn -0.0481 -0.8688 0.4929
vn 0.8947 -0.2014 0.3987
vn 0.8947 -0.2014 0.3987
vn 0.8947 -0.2014 0.3987
vn 0.8947 -0.2014 0.3987
vn 0.4939 0.3503 -0.7958
vn 0.4939 0.3503 -0.7958
vn -0.3051 0.6374 0.7075
vn -0.3051 0.6374 0.7075
vn -0.3051 0.6374 0.7075
vn 0.0000 0.0000 0.0000
vn 0.0000 0.0000 0.0000
vn 0.0570 0.5332 0.8441
vn 0.0570 0.5332 0.8441
vn 0.0570 0.5332 0.8441
vn -0.0000 0.0000 0.0000
vn -0.0000 0.0000 0.0000
vn 0.7430 0.4967 0.4487
vn 0.7430 0.4967 0.4487
vn 0.0280 -0.1828 0.9827
vn 0.0280 -0.1828 0.9827
vn 0.0280 -0.1828 0.9827
vn -0.6344 0.1883 -0.7497
vn -0.6344 0.1883 -0.7497
vn -0.6344 0.1883 -0.7497
vn -0.5528 0.3913 -0.7358
vn -0.5528 0.3913 -0.7358
vn -0.5908 -0.1089 -0.7994
vn -0.5908 -0.1089 -0.7994
vn 0.1190 0.8572 -0.5010
vn -0.5096 0.8593 0.0425
vn 0.3130 0.8410 0.4413
vn 0.3130 0.8410 0.4413
vn 0.0545 -0.6031 -0.7958
vn 0.0545 -0.6031 -0.7958
vn 0.0545 -0.6031 -0.7958
vn 0.0046 -0.6336 -0.7737
vn 0.0046 -0.6336 -0.7737
vn -0.1451 -0.9721 -0.1844
vn -0.1451 -0.9721 -0.1844
vn -0.1451 -0.9721 -0.1844
vn -0.1451 -0.9721 -0.1844
vn 0.4260 -0.3029 -0.8525
vn 0.5650 0.5475 0.6173
vn 0.0458 0.3247 0.9447
vn -0.3440 -0.0318 -0.9384
vn -0.3440 -0.0318 -0.9384
vn 0.1516 -0.9778 0.1448
vn -0.5549 0.1125 -0.8243
vn -0.5549 0.1125 -0.8243
vn -0.5549 0.1125 -0.8243
vn -0.2442 -0.7273 -0.6414
vn -0.2442 -0.7273 -0.6414
vn -0.6304 0.7326 0.2568
vn -0.6304 0.7326 0.2568
vn -0.4745 -0.8778 0.0656
vn -0.4745 -0.8778 0.0656
vn -0.6972 0.6722 0.2493
vn -0.6972 0.6722 0.2493
vn 0.0947 -0.6628 0.7427
vn 0.0947 -0.6628 0.7427
vn 0.3023 -0.0295 0.9528
vn 0.3023 -0.0295 0.9528
vn 0.6462 0.7516 -0.1322
vn -0.7126 0.1531 0.6847
vn -0.5892 -0.8070 -0.0397
vn -0.5892 -0.8070 -0.0397
vn -0.8788 -0.4323 0.2019
vn -0.8788 -0.4323 0.2019
vn -0.8788 -0.4323 0.2019
vn -0.0410 -0.8495 -0.5260
vn -0.0839 -0.7814 -0.6184
vn -0.0839 -0.7814 -0.6184
vn 0.3861 0.1755 -0.9056
vn 0.3861 0.1755 -0.9056
vn 0.3861 0.1755 -0.9056
vn 0.3771 0.8201 -0.4304
vn -0.5908 0.1033 -0.8002
vn -0.5908 0.1033 -0.8002
vn -0.4384 0.1791 0.8807
vn -0.4384 0.1791 0.8807
vn -0.5114 0.6727 -0.5347
vn -0.5114 0.6727 -0.5347
vn -0.7471 -0.6534 0.1221
vn 0.5321 -0.6222 -0.5742
vn 0.5321 -0.6222 -0.5742
vn 0.5321 -0.6222 -0.5742
vn 0.5321 -0.6222 -0.5742
vn -0.7465 0.5577 0.3629
vn -0.7465 0.5577 0.3629
vn -0.2761 0.3781 0.8837
vn -0.0861 -0.5026 -0.8602
vn 0.0565 0.4261 -0.9029
vn 0.0565 0.4261 -0.9029
vn -0.0065 -0.2673 0.9636
vn -0.0065 -0.2673 0.9636
vn -0.0065 -0.2673 0.9636
vn -0.0184 -0.8307 -0.5564
vn -0.2481 -0.2549 0.9346
vn -0.2481 -0.2549 0.9346
vn 0.2106 -0.6592 -0.7219
vn 0.2106 -0.6592 -0.7219
vn 0.5654 -0.7964 0.2147
vn 0.5654 -0.7964 0.2147
vn 0.5654 -0.7964 0.2147
vn 0.1370 -0.9381 0.3180
vn 0.1370 -0.9381 0.3180
vn 0.1370 -0.9381 0.3180
vn -0.1878 0.9571 0.2205
vn 0.0600 0.7175 0.6940
vn 0.0600 0.7175 0.6940
vn 0.8776 0.2886 -0.3827
vn 0.8776 0.2886 -0.3827
vn 0.6043 0.7803 -0.1610
vn 0.6043 0.7803 -0.1610
vn 0.6043 0.7803 -0.1610
vn 0.2347 -0.4142 -0.8794
vn -0.2841 0.2993 -0.9109
vn -0.2841 0.2993 -0.9109
vn -0.6431 0.1636 -0.7481
vn -0.5098 0.5510 0.6607
vn -0.5098 0.5510 0.6607
vn -0.5098 0.5510 0.6607
vn -0.6226 0.7819 0.0316
vn 0.3450 -0.9368 -0.0578
vn -0.5720 -0.8172 -0.0704
vn 0.1246 -0.9913 -0.0415
vn 0.1246 -0.9913 -0.0415
vn 0.1689 -0.8532 -0.4935
vn 0.1689 -0.8532 -0.4935
vn 0.5275 0.5346 0.6603
vn 0.4212 0.9054 -0.0538
vn 0.4212 0.9054 -0.0538
vn 0.4212 0.9054 -0.0538
vn 0.4212 0.9054 -0.0538
vn 0.4212 0.9054 -0.0538
vn 0.4415 0.5041 -0.7423
vn -0.1047 -0.3303 0.9380
vn -0.1047 -0.3303 0.9380
vn 0.1018 -0.5808 -0.8077
vn -0.4687 -0.8668 0.1703
vn -0.4687 -0.8668 0.1703
vn -0.6532 0.6574 0.3757
vn -0.6532 0.6574 0.3757
vn -0.2447 0.1089 0.9635
vn -0.2447 0.1089 0.9635
vn -0.2447 0.1089 0.9635
vn 0.2285 -0.2994 0.9264
vn -0.9165 -0.4001 0.0034
vn -0.9165 -0.4001 0.0034
vn 0.5446 -0.4028 -0.7356
vn 0.5446 -0.4028 -0.7356
vn -0.1229 -0.2111 -0.9697
vn 0.4160 0.7622 0.4960
vn 0.4160 0.7622 0.4960
vn 0.4160 0.7622 0.4960
vn 0.4160 0.7622 0.4960
vn 0.8443 -0.0137 0.5357
vn 0.8443 -0.0137 0.5357
vn -0.8307 0.5042 -0.2358
vn -0.8307 0.5042 -0.2358
vn -0.6080 0.7848 0.1199
vn -0.5741 -0.4404 0.6903
vn -0.5741 -0.4404 0.6903
vn 0.9952 0.0652 -0.0731
vn 0.9952 0.0652 -0.0731
vn -0.3803 0.0256 0.9245
vn -0.2920 0.0052 -0.9564
vn -0.2920 0.0052 -0.9564
vn -0.1608 0.6903 0.7054
vn -0.1608 0.6903 0.7054
vn -0.5485 0.7409 -0.3876
vn -0.5485 0.7409 -0.3876
vn -0.6473 0.7429 0.1707
vn -0.6473 0.7429 0.1707
vn -0.0346 -0.9914 0.1266
vn -0.0346 -0.9914 0.1266
vn 0.1247 -0.3101 0.9425
vn 0.8141 -0.5061 -0.2846
vn 0.8141 -0.5061 -0.2846
vn 0.4669 -0.7339 -0.4934
vn 0.4669 -0.7339 -0.4934
vn -0.7609 0.5181 -0.3906
vn -0.7609 0.5181 -0.3906
vn -0.7609 0.5181 -0.3906
vn -0.7609 0.5181 -0.3906
vn 0.1734 0.8948 0.4114
vn 0.1734 0.8948 0.4114
vn 0.4626 0.8305 0.3103
vn 0.4626 0.8305 0.3103
vn 0.4626 0.8305 0.3103
vn -0.5122 -0.8578 -0.0434
vn -0.5122 -0.8578 -0.0434
vn -0.4231 -0.8949 0.1419
vn -0.4231 -0.8949 0.1419
vn -0.4231 -0.8949 0.1419
vn 0.5267 0.5031 0.6852
vn 0.5267 0.5031 0.6852
vn -0.1868 -0.2607 0.9472
vn -0.1868 -0.2607 0.9472
vn -0.1868 -0.2607 0.9472
vn -0.1868 -0.2607 0.9472
vn -0.6032 0.0536 0.7958
vn -0.6032 0.0536 0.7958
vn -0.5557 0.5389 -0.6331
vn -0.5557 0.5389 -0.6331
vn -0.5421 -0.5277 -0.6540
vn -0.5421 -0.5277 -0.6540
vn 0.1319 0.9674 0.2161
vn 0.1319 0.9674 0.2161
vn -0.2045 -0.9591 0.1957
vn -0.2045 -0.9591 0.1957
vn -0.7089 -0.6594 -0.2502
vn -0.7089 -0.6594 -0.2502
vn -0.7089 -0.6594 -0.2502
vn 0.2069 -0.9424 -0.2628
vn -0.5007 -0.7896 0.3547
vn -0.5007 -0.7896 0.3547
vn -0.5007 -0.7896 0.3547
vn 0.1654 -0.9861 -0.0172
vn 0.8477 -0.5174 -0.1172
vn 0.8477 -0.5174 -0.1172
vn 0.8477 -0.5174 -0.1172
vn 0.7699 -0.3586 -0.5279
vn 0.7699 -0.3586 -0.5279
vn -0.5694 -0.3287 0.7535
vn -0.5694 -0.3287 0.7535
vn 0.0079 -0.4763 0.8793
vn 0.0079 -0.4763 0.8793
vn 0.6824 0.0968 0.7245
vn 0.6824 0.0968 0.7245
vn -0.0709 0.9504 0.3029
vn -0.0709 0.9504 0.3029
vn 0.9470 0.3192 -0.0360
vn 0.9470 0.3192 -0.0360
vn 0.9501 0.3084 -0.0463
vn 0.9501 0.3084 -0.0463
vn 0.5358 0.3450 0.7707
vn 0.5358 0.3450 0.7707
vn 0.5650 -0.5320 -0.6307
vn 0.5650 -0.5320 -0.6307
vn -0.0788 -0.0038 -0.9969
vn -0.0788 -0.0038 -0.9969
vn -0.0788 -0.0038 -0.9969
vn -0.0788 -0.0038 -0.9969
vn 0.4111 0.0923 -0.9069
vn 0.4111 0.0923 -0.9069
vn 0.0221 -0.9261 -0.3765
vn -0.0854 -0.9289 -0.3603
vn 0.5471 -0.1313 0.8267
vn 0.5471 -0.1313 0.8267
vn 0.1474 -0.6980 -0.7008
vn 0.1474 -0.6980 -0.7008
vn 0.1474 -0.6980 -0.7008
vn -0.8413 -0.1648 0.5148
vn -0.8413 -0.1648 0.5148
vn -0.8413 -0.1648 0.5148
vn 0.8262 0.2043 0.5250
vn 0.8262 0.2043 0.5250
vn 0.8262 0.2043 0.5250
vn -0.9763 0.1585 -0.1476
vn -0.9763 0.1585 -0.1476
vn -0.9763 0.1585 -0.1476
vn -0.9763 0.1585 -0.1476
vn -0.9763 0.1585 -0.1476
vn -0.9763 0.1585 -0.1476
vn 0.1456 -0.7725 0.6180
vn 0.1456 -0.7725 0.6180
vn 0.1456 -0.7725 0.6180
vn 0.1456 -0.7725 0.6180
vn 0.1456 -0.7725 0.6180
vn 0.1456 -0.7725 0.6180
vn 0.1456 -0.7725 0.6180
vn 0.5947 0.2365 0.7684
vn 0.5947 0.2365 0.7684
vn 0.7193 0.5925 -0.3627
vn 0.7193 0.5925 -0.3627
vn 0.0821 -0.2207 -0.9719
vn -0.1809 0.9249 -0.3345
vn 0.2440 0.6532 0.7168
vn 0.2440 0.6532 0.7168
vn -0.9618 0.2038 -0.1825
vn -0.9618 0.2038 -0.1825
vn 0.7463 -0.5475 -0.3785
vn -0.9251 -0.3473 0.1537
vn -0.9251 -0.3473 0.1537
vn -0.9251 -0.3473 0.1537
vn 0.4380 -0.8407 -0.3184
vn 0.4380 -0.8407 -0.3184
vn 0.4440 -0.3895 -0.8069
vn 0.4440 -0.3895 -0.8069
vn 0.4440 -0.3895 -0.8069
vn 0.8876 -0.2804 -0.3653
vn 0.8876 -0.2804 -0.3653
vn 0.1763 0.9562 0.2335
vn 0.1763 0.9562 0.2335
vn 0.1763 0.9562 0.2335
vn 0.9590 0.2788 -0.0512
vn 0.9590 0.2788 -0.0512
vn 0.9590 0.2788 -0.0512
vn 0.9590 0.2788 -0.0512
vn 0.7012 -0.4752 -0.5315
vn 0.7012 -0.4752 -0.5315
vn 0.4884 -0.8526 -0.1858
vn 0.0912 -0.9958 0.0069
vn -0.1748 -0.9812 -0.0823
vn -0.1748 -0.9812 -0.0823
vn -0.7887 0.5389 0.2960
vn -0.7887 0.5389 0.2960
vn -0.9057 -0.4232 0.0257
vn -0.1380 0.7877 -0.6004
vn -0.1380 0.7877 -0.6004
vn -0.1380 0.7877 -0.6004
vn -0.1380 0.7877 -0.6004
vn -0.5709 0.0287 -0.8205
vn -0.5709 0.0287 -0.8205
vn -0.4494 0.5054 0.7366
vn -0.4494 0.5054 0.7366
vn -0.1123 0.9933 -0.0262
vn -0.1123 0.9933 -0.0262
vn -0.0000 0.0000 0.0000
vn -0.0000 0.0000 0.0000
vn -0.0000 0.0000 0.0000
vn -0.0000 0.0000 0.0000
vn 0.0372 -0.8303 0.5560
vn 0.0372 -0.8303 0.5560
vn 0.0372 -0.8303 0.5560
vn 0.0372 -0.8303 0.5560
vn 0.0372 -0.8303 0.5560
vn -0.2917 -0.7260 -0.6228
vn -0.2917 -0.7260 -0.6228
vn -0.6417 0.2036 -0.7394
vn -0.6417 0.2036 -0.7394
vn -0.5870 0.8077 0.0550
vn 0.0306 -0.9819 -0.1868
vn -0.8580 -0.4059 -0.3149
vn -0.8580 -0.4059 -0.3149
vn -0.8580 -0.4059 -0.3149
vn -0.8580 -0.4059 -0.3149
vn -0.8580 -0.4059 -0.3149
vn -0.9290 0.3249 -0.1772
vn -0.9290 0.3249 -0.1772
vn -0.9290 0.3249 -0.1772
vn -0.6913 0.0806 0.7180
vn -0.6913 0.0806 0.7180
vn -0.2900 -0.8174 0.4978
vn -0.2900 -0.8174 0.4978
vn -0.2900 -0.8174 0.4978
vn -0.9213 -0.2597 0.2893
vn -0.9213 -0.2597 0.2893
vn -0.9213 -0.2597 0.2893
vn -0.8175 -0.5343 0.2148
vn -0.8175 -0.5343 0.2148
vn 0.5747 0.0274 -0.8179
vn 0.5747 0.0274 -0.8179
vn 0.5747 0.0274 -0.8179
vn -0.0000 0.0000 -0.0000
vn -0.0000 0.0000 -0.0000
vn -0.5782 -0.2204 0.7856
vn -0.5782 -0.2204 0.7856
vn -0.5782 -0.2204 0.7856
vn 0.8925 -0.1303 -0.4318
vn 0.8925 -0.1303 -0.4318
vn 0.0139 0.9959 0.0898
vn 0.0139 0.9959 0.0898
vn 0.2646 0.2242 0.9379
vn 0.8651 0.3923 -0.3125
vn 0.8651 0.3923 -0.3125
vn 0.8651 0.3923 -0.3125
vn 0.8651 0.3923 -0.3125
vn 0.8651 0.3923 -0.3125
vn 0.8651 0.3923 -0.3125
vn -0.7036 -0.3417 -0.6231
vn -0.7036 -0.3417 -0.6231
vn -0.7036 -0.3417 -0.6231
vn -0.0971 -0.2141 -0.9720
vn -0.5275 -0.2595 0.8089
vn -0.5275 -0.2595 0.8089
vn -0.8777 0.0846 0.4716
vn -0.8777 0.0846 0.4716
vn -0.8777 0.0846 0.4716
vn -0.2374 0.4499 0.8610
vn -0.2374 0.4499 0.8610
vn -0.2743 0.4318 -0.8593
vn -0.2743 0.4318 -0.8593
vn 0.0209 -0.8842 0.4667
vn 0.0209 -0.8842 0.4667
vn 0.0209 -0.8842 0.4667
vn 0.2592 0.7134 0.6511
vn 0.2592 0.7134 0.6511
vn 0.2592 0.7134 0.6511
vn 0.2592 0.7134 0.6511
vn -0.1810 0.8846 0.4299
vn 0.0000 -0.0000 0.0000
vn 0.0000 -0.0000 0.0000
vn -0.9626 -0.2620 -0.0687
vn -0.9626 -0.2620 -0.0687
vn -0.9626 -0.2620 -0.0687
vn -0.9626 -0.2620 -0.0687
vn -0.9626 -0.2620 -0.0687
vn 0.3423 -0.3232 0.8823
vn 0.3423 -0.3232 0.8823
vn -0.1050 -0.7116 0.6947
vn -0.1050 -0.7116 0.6947
vn 0.9846 -0.1051 -0.1395
vn 0.8473 -0.5135 -0.1357
vn 0.1763 -0.5638 -0.8069
vn 0.1763 -0.5638 -0.8069
vn 0.1763 -0.5638 -0.8069
vn -0.0207 -0.3483 0.9371
vn -0.0207 -0.3483 0.9371
vn -0.2972 -0.1396 0.9446
vn 0.0003 -0.4947 0.8691
vn 0.0003 -0.4947 0.8691
vn -0.4397 0.8371 0.3254
vn -0.4318 0.8814 0.1918
vn -0.3629 0.9183 0.1581
vn -0.3629 0.9183 0.1581
vn -0.5561 0.4232 -0.7153
vn -0.5561 0.4232 -0.7153
vn -0.8257 -0.1744 -0.5365
vn -0.8257 -0.1744 -0.5365
vn -0.8257 -0.1744 -0.5365
vn -0.8257 -0.1744 -0.5365
vn -0.9907 0.1177 -0.0684
vn -0.7456 0.3901 -0.5402
vn -0.7456 0.3901 -0.5402
vn -0.9109 0.3600 0.2016
vn -0.9109 0.3600 0.2016
vn -0.9887 -0.1311 0.0723
vn -0.7490 0.2057 0.6298
vn -0.7490 0.2057 0.6298
vn -0.6915 -0.6899 -0.2142
vn -0.6915 -0.6899 -0.2142
vn -0.9340 0.1274 -0.3338
vn -0.8886 0.3149 -0.3335
vn -0.8886 0.3149 -0.3335
vn -0.9696 0.1522 -0.1914
vn -0.6169 0.7740 -0.1426
vn -0.6169 0.7740 -0.1426
vn -0.6169 0.7740 -0.1426
vn 0.9958 -0.0303 -0.0864
vn 0.9614 -0.2206 -0.1646
vn 0.9614 -0.2206 -0.1646
vn 0.9614 -0.2206 -0.1646
vn 0.9614 -0.2206 -0.1646
vn 0.4065 0.9132 0.0299
vn 0.6927 0.5984 0.4027
vn 0.6771 0.7122 0.1850
vn 0.6876 -0.5606 0.4614
vn 0.6876 -0.5606 0.4614
vn 0.9522 -0.1484 0.2671
vn 0.9750 0.2188 0.0389
vn 0.0000 0.0000 0.0000
vn 0.0000 0.0000 0.0000
vn -0.9718 -0.2128 -0.1020
vn -0.9718 -0.2128 -0.1020
vn -0.9718 -0.2128 -0.1020
vn -0.8724 -0.4358 -0.2215
vn -0.8724 -0.4358 -0.2215
vn -0.8953 -0.4451 0.0211
vn -0.9871 0.0299 -0.1576
vn -0.8213 -0.4176 0.3888
vn -0.4441 0.2745 0.8529
vn -0.4441 0.2745 0.8529
vn 0.0160 -0.9643 0.2643
vn 0.0160 -0.9643 0.2643
vn -0.8714 -0.4292 0.2376
vn -0.8714 -0.4292 0.2376
vn -0.9367 -0.3255 -0.1288
vn -0.9670 0.2300 -0.1098
vn -0.9670 0.2300 -0.1098
vn 0.7063 -0.7012 -0.0974
vn 0.7063 -0.7012 -0.0974
vn -0.4993 0.1084 0.8596
vn -0.4993 0.1084 0.8596
vn -0.4993 0.1084 0.8596
vn -0.4993 0.1084 0.8596
vn -0.4993 0.1084 0.8596
vn 0.0626 0.9616 0.2672
vn 0.0626 0.9616 0.2672
vn 0.0626 0.9616 0.2672
vn -0.6564 0.6720 -0.3430
vn -0.7433 0.0673 0.6655
vn -0.7433 0.0673 0.6655
vn -0.7433 0.0673 0.6655
vn 0.3552 0.2217 -0.9081
vn 0.0498 -0.4389 0.8971
vn 0.0498 -0.4389 0.8971
vn -0.1900 0.0643 0.9797
vn -0.2167 0.1570 -0.9635
vn -0.2167 0.1570 -0.9635
vn -0.2167 0.1570 -0.9635
vn -0.2167 0.1570 -0.9635
vn 0.6863 0.3457 0.6399
vn -0.1928 0.1752 -0.9655
vn -0.1928 0.1752 -0.9655
vn -0.1928 0.1752 -0.9655
vn -0.4620 0.6403 -0.6136
vn -0.3323 0.7941 -0.5089
vn -0.6604 -0.6772 0.3245
vn -0.6604 -0.6772 0.3245
vn -0.8996 0.2899 -0.3266
vn -0.9423 -0.2212 -0.2513
vn -0.6777 -0.4711 -0.5646
vn -0.6777 -0.4711 -0.5646
vn -0.9104 -0.4114 0.0451
vn -0.8942 -0.1372 -0.4261
vn -0.8942 -0.1372 -0.4261
vn 0.7014 -0.3676 0.6106
vn 0.7014 -0.3676 0.6106
vn 0.7014 -0.3676 0.6106
vn 0.7014 -0.3676 0.6106
vn 0.7014 -0.3676 0.6106
vn -0.4695 -0.8801 0.0701
vn -0.4695 -0.8801 0.0701
vn -0.9796 0.0586 -0.1920
vn -0.9796 0.0586 -0.1920
vn -0.1660 -0.8900 -0.4247
vn -0.9011 -0.4293 -0.0608
vn -0.9011 -0.4293 -0.0608
vn -0.4996 -0.8660 0.0208
vn -0.4996 -0.8660 0.0208
vn -0.6241 0.0340 -0.7806
vn -0.6241 0.0340 -0.7806
vn -0.6241 0.0340 -0.7806
vn -0.1927 -0.5023 0.8430
vn -0.1927 -0.5023 0.8430
vn -0.7518 0.6594 0.0008
vn -0.9805 0.0171 -0.1959
vn 0.0450 0.8481 -0.5279
vn 0.0450 0.8481 -0.5279
vn 0.0450 0.8481 -0.5279
vn 0.9794 -0.0809 0.1849
vn 0.9794 -0.0809 0.1849
vn 0.9919 0.0994 0.0792
vn 0.9124 -0.4060 -0.0514
vn 0.9124 -0.4060 -0.0514
vn 0.0117 -0.6003 0.7997
vn -0.2938 -0.3938 -0.8710
vn -0.2938 -0.3938 -0.8710
vn -0.2938 -0.3938 -0.8710
vn -0.2938 -0.3938 -0.8710
vn -0.6081 -0.4756 -0.6356
vn -0.6081 -0.4756 -0.6356
vn -0.6081 -0.4756 -0.6356
vn -0.6081 -0.4756 -0.6356
vn -0.6081 -0.4756 -0.6356
vn -0.1928 -0.0842 0.9776
vn -0.2827 0.1896 0.9403
vn 0.1638 0.9353 -0.3136
vn -0.6058 -0.0949 -0.7899
vn -0.6058 -0.0949 -0.7899
vn -0.6058 -0.0949 -0.7899
vn 0.0000 0.0000 0.0000
vn 0.0000 0.0000 0.0000
vn -0.5103 0.7421 0.4347
vn -0.5103 0.7421 0.4347
vn -0.0020 -0.9364 -0.3511
vn -0.0020 -0.9364 -0.3511
vn -0.0020 -0.9364 -0.3511
vn -0.4735 0.3661 0.8011
vn -0.4735 0.3661 0.8011
vn -0.4735 0.3661 0.8011
vn -0.4735 0.3661 0.8011
vn -0.5346 0.5597 0.6332
vn -0.5346 0.5597 0.6332
vn -0.5346 0.5597 0.6332
vn 0.4126 -0.6484 -0.6398
vn 0.3849 -0.6176 0.6858
vn 0.2568 -0.7180 0.6470
vn 0.5232 -0.2483 0.8152
vn 0.5232 -0.2483 0.8152
vn 0.6124 -0.7414 0.2744
vn 0.6124 -0.7414 0.2744
vn -0.5469 0.5696 -0.6136
vn -0.5469 0.5696 -0.6136
vn -0.1673 -0.6881 0.7061
vn -0.1673 -0.6881 0.7061
vn -0.1673 -0.6881 0.7061
vn -0.9373 0.2822 0.2047
vn -0.9373 0.2822 0.2047
vn 0.6755 -0.2302 -0.7005
vn 0.6755 -0.2302 -0.7005
vn 0.7123 0.6957 -0.0924
vn 0.7123 0.6957 -0.0924
vn -0.2212 0.8643 -0.4517
vn -0.2212 0.8643 -0.4517
vn 0.9352 0.3527 -0.0327
vn -0.7300 0.2306 -0.6434
vn -0.7300 0.2306 -0.6434
vn -0.8640 0.0134 -0.5033
vn -0.8640 0.0134 -0.5033
vn -0.2335 -0.4661 0.8533
vn -0.2335 -0.4661 0.8533
vn -0.2335 -0.4661 0.8533
vn -0.5571 0.6017 0.5724
vn -0.6742 0.5260 0.5185
vn -0.6742 0.5260 0.5185
vn -0.8584 0.3680 0.3574
vn -0.8584 0.3680 0.3574
vn 0.2286 -0.9546 -0.1912
vn 0.2286 -0.9546 -0.1912
vn 0.4010 -0.5821 -0.7073
vn 0.4010 -0.5821 -0.7073
vn -0.2777 -0.9598 0.0420
vn 0.7883 -0.5073 -0.3483
vn 0.6607 -0.5929 -0.4604
vn 0.9594 -0.1494 -0.2391
vn 0.8420 0.5385 -0.0329
vn 0.8420 0.5385 -0.0329
vn 0.8190 -0.5689 -0.0747
vn 0.5810 -0.5055 0.6379
vn 0.5810 -0.5055 0.6379
vn 0.5045 -0.4751 0.7210
vn 0.5045 -0.4751 0.7210
vn 0.5045 -0.4751 0.7210
vn -0.6293 -0.6207 0.4677
vn -0.6293 -0.6207 0.4677
vn -0.9413 -0.1525 -0.3011
vn -0.9413 -0.1525 -0.3011
vn -0.2534 -0.7568 0.6026
vn -0.2534 -0.7568 0.6026
vn -0.3060 -0.8080 -0.5034
vn -0.3060 -0.8080 -0.5034
vn 0.0764 -0.8228 0.5632
vn 0.5859 -0.7949 -0.1576
vn 0.5859 -0.7949 -0.1576
vn 0.2274 -0.8348 -0.5014
vn -0.3539 -0.2471 -0.9021
vn -0.3539 -0.2471 -0.9021
vn 0.4850 -0.7178 -0.4996
vn 0.4850 -0.7178 -0.4996
vn 0.3651 -0.9240 0.1137
vn 0.3651 -0.9240 0.1137
vn 0.2224 -0.3378 0.9146
vn 0.2224 -0.3378 0.9146
vn 0.2224 -0.3378 0.9146
vn 0.2395 -0.2057 0.9489
vn 0.2395 -0.2057 0.9489
vn 0.2395 -0.2057 0.9489
vn 0.1345 0.0307 0.9904
vn 0.1345 0.0307 0.9904
vn 0.6054 0.6236 -0.4946
vn 0.6054 0.6236 -0.4946
vn 0.6054 0.6236 -0.4946
vn 0.6181 0.7145 0.3278
vn 0.6181 0.7145 0.3278
vn -0.2582 0.8557 0.4485
vn -0.2582 0.8557 0.4485
vn 0.6013 -0.7933 -0.0954
vn 0.6013 -0.7933 -0.0954
vn -0.4596 -0.4631 -0.7578
vn -0.4596 -0.4631 -0.7578
vn -0.3542 0.1406 -0.9245
vn -0.3542 0.1406 -0.9245
vn -0.3542 0.1406 -0.9245
vn -0.3542 0.1406 -0.9245
vn -0.6058 0.3500 -0.7145
vn -0.6058 0.3500 -0.7145
vn -0.2605 0.2931 -0.9199
vn 0.5561 -0.1975 0.8073
vn 0.5561 -0.1975 0.8073
vn 0.5561 -0.1975 0.8073
vn -0.4154 0.8014 0.4303
vn 0.0177 -0.9619 -0.2730
vn -0.2671 -0.8690 -0.4165
vn -0.2671 -0.8690 -0.4165
vn 0.0611 -0.6206 0.7817
vn 0.7070 -0.3314 -0.6247
vn 0.7070 -0.3314 -0.6247
vn 0.7850 -0.5238 0.3308
vn 0.7850 -0.5238 0.3308
vn 0.6807 -0.4745 -0.5582
vn 0.6807 -0.4745 -0.5582
vn -0.7899 0.3696 -0.4893
vn -0.7899 0.3696 -0.4893
vn -0.7899 0.3696 -0.4893
vn -0.7899 0.3696 -0.4893
vn 0.1491 -0.0438 0.9879
vn 0.1491 -0.0438 0.9879
vn 0.6811 0.3285 -0.6543
vn 0.0693 0.6729 0.7365
vn 0.0693 0.6729 0.7365
vn 0.7909 0.6028 -0.1051
vn -0.8375 -0.2821 -0.4679
vn -0.8460 -0.5247 -0.0950
vn -0.6135 -0.6490 -0.4499
vn -0.6135 -0.6490 -0.4499
vn -0.6135 -0.6490 -0.4499
vn -0.6135 -0.6490 -0.4499
vn 0.4428 -0.8965 0.0117
vn 0.4428 -0.8965 0.0117
vn -0.4684 0.1887 -0.8632
vn -0.4684 0.1887 -0.8632
vn -0.1138 -0.0133 -0.9934
vn -0.1138 -0.0133 -0.9934
vn -0.5928 0.6519 -0.4728
vn -0.5928 0.6519 -0.4728
vn -0.1836 0.5764 -0.7963
vn -0.0274 0.8859 -0.4631
vn -0.0808 0.8192 0.5677
vn -0.0808 0.8192 0.5677
vn -0.8190 0.3987 0.4126
vn -0.8190 0.3987 0.4126
vn -0.9972 -0.0211 0.0721
vn -0.9972 -0.0211 0.0721
vn -0.9972 -0.0211 0.0721
vn -0.9972 -0.0211 0.0721
vn -0.4186 -0.3595 -0.8340
vn -0.4186 -0.3595 -0.8340
vn -0.8499 0.5025 -0.1585
vn -0.5438 -0.7820 0.3047
vn -0.5438 -0.7820 0.3047
vn -0.1692 0.6055 -0.7776
vn -0.1692 0.6055 -0.7776
vn -0.1692 0.6055 -0.7776
vn -0.1692 0.6055 -0.7776
vn 0.2878 -0.8056 0.5179
vn 0.1860 -0.6832 0.7062
vn 0.1860 -0.6832 0.7062
vn -0.3436 -0.1018 -0.9336
vn -0.3436 -0.1018 -0.9336
vn 0.0989 0.4792 0.8721
vn -0.8107 -0.1823 -0.5563
vn -0.8107 -0.1823 -0.5563
vn -0.0960 -0.9687 -0.2288
vn -0.0960 -0.9687 -0.2288
vn -0.0960 -0.9687 -0.2288
vn -0.0960 -0.9687 -0.2288
vn -0.3457 0.8164 0.4627
vn -0.3457 0.8164 0.4627
vn -0.3457 0.8164 0.4627
vn 0.0696 -0.8096 0.5829
vn 0.0696 -0.8096 0.5829
vn 0.5344 -0.7371 0.4136
vn 0.5344 -0.7371 0.4136
vn -0.0473 -0.5579 0.8286
vn -0.0473 -0.5579 0.8286
vn -0.6984 0.4759 -0.5346
vn -0.7388 0.6416 -0.2062
vn -0.7388 0.6416 -0.2062
vn -0.7388 0.6416 -0.2062
vn 0.9473 0.1748 -0.2685
vn 0.9473 0.1748 -0.2685
vn -0.2331 0.4186 0.8777
vn -0.2331 0.4186 0.8777
vn 0.6844 -0.4090 0.6036
vn 0.6844 -0.4090 0.6036
vn 0.6844 -0.4090 0.6036
vn 0.6844 -0.4090 0.6036
vn -0.3954 0.6804 -0.6170
vn -0.3954 0.6804 -0.6170
vn -0.6728 0.6828 -0.2847
vn -0.6728 0.6828 -0.2847
vn -0.1021 0.9655 0.2395
vn -0.1021 0.9655 0.2395
vn 0.5238 0.6877 0.5027
vn 0.5238 0.6877 0.5027
vn -0.1277 -0.4032 0.9061
vn -0.1277 -0.4032 0.9061
vn -0.1277 -0.4032 0.9061
vn -0.1277 -0.4032 0.9061
vn -0.2934 0.5961 0.7474
vn 0.1328 -0.4835 -0.8652
vn 0.1328 -0.4835 -0.8652
vn 0.8805 -0.4738 0.0185
vn -0.4068 0.7749 0.4838
vn -0.4068 0.7749 0.4838
vn -0.9593 -0.2342 -0.1581
vn -0.1092 0.5609 0.8207
vn -0.1092 0.5609 0.8207
vn 0.7119 0.6997 0.0606
vn 0.7119 0.6997 0.0606
vn 0.7119 0.6997 0.0606
vn 0.7319 -0.6374 -0.2408
vn 0.7319 -0.6374 -0.2408
vn 0.0535 -0.4288 0.9018
vn 0.0535 -0.4288 0.9018
vn 0.1494 -0.9547 0.2574
vn 0.1494 -0.9547 0.2574
vn 0.1494 -0.9547 0.2574
vn 0.1494 -0.9547 0.2574
vn -0.0769 0.8783 0.4720
vn -0.0769 0.8783 0.4720
vn -0.0769 0.8783 0.4720
vn 0.9661 -0.1737 -0.1912
vn 0.9661 -0.1737 -0.1912
vn 0.2403 0.4544 -0.8578
vn -0.8405 -0.1137 -0.5297
vn -0.8405 -0.1137 -0.5297
vn -0.8405 -0.1137 -0.5297
vn 0.0541 -0.7476 0.6619
vn -0.8710 -0.1068 -0.4795
vn -0.8710 -0.1068 -0.4795
vn 0.8534 -0.5203 -0.0323
vn 0.8534 -0.5203 -0.0323
vn -0.2544 0.1085 -0.9610
vn -0.2544 0.1085 -0.9610
vn -0.2544 0.1085 -0.9610
vn -0.6419 0.1528 0.7514
vn -0.6419 0.1528 0.7514
vn -0.6419 0.1528 0.7514
vn 0.8814 0.2945 -0.3693
vn 0.6298 0.6622 -0.4061
vn 0.6298 0.6622 -0.4061
vn -0.8561 0.4947 0.1493
vn -0.8561 0.4947 0.1493
vn -0.8789 0.3540 -0.3196
vn -0.8789 0.3540 -0.3196
vn -0.8789 0.3540 -0.3196
vn -0.8789 0.3540 -0.3196
vn -0.9957 0.0050 -0.0925
vn 0.1541 0.6406 -0.7523
vn 0.1541 0.6406 -0.7523
vn 0.1541 0.6406 -0.7523
vn -0.8273 -0.5507 0.1104
vn -0.8273 -0.5507 0.1104
vn -0.7463 -0.6580 0.1004
vn -0.7463 -0.6580 0.1004
vn -0.3196 -0.4086 0.8549
vn -0.3196 -0.4086 0.8549
vn -0.0454 -0.4695 0.8818
vn -0.0454 -0.4695 0.8818
vn 0.6729 -0.7076 0.2158
vn 0.6729 -0.7076 0.2158
vn 0.6729 -0.7076 0.2158
vn -0.0656 -0.6543 0.7534
vn -0.0656 -0.6543 0.7534
vn -0.3073 0.6283 -0.7147
vn -0.3073 0.6283 -0.7147
vn -0.5785 0.6111 -0.5402
vn -0.5785 0.6111 -0.5402
vn -0.7434 0.6376 -0.2019
vn -0.7434 0.6376 -0.2019
vn 0.7555 0.5157 0.4040
vn 0.7555 0.5157 0.4040
vn 0.4844 -0.6957 0.5305
vn -0.3650 0.6794 0.6366
vn -0.3650 0.6794 0.6366
vn -0.4020 0.8071 0.4324
vn 0.9173 -0.3817 0.1138
vn 0.9173 -0.3817 0.1138
vn -0.0124 -0.6771 0.7358
vn -0.0124 -0.6771 0.7358
vn 0.9027 0.1082 -0.4165
vn 0.9027 0.1082 -0.4165
vn 0.4536 0.1753 0.8738
vn 0.4536 0.1753 0.8738
vn 0.4536 0.1753 0.8738
vn 0.4536 0.1753 0.8738
vn 0.4536 0.1753 0.8738
vn 0.4536 0.1753 0.8738
vn 0.4536 0.1753 0.8738
vn 0.4536 0.1753 0.8738
vn 0.4536 0.1753 0.8738
vn -0.9869 0.1499 0.0591
vn -0.8237 -0.1787 0.5381
vn 0.7174 0.4373 0.5423
vn 0.7174 0.4373 0.5423
vn 0.7174 0.4373 0.5423
vn -0.1794 0.7393 0.6491
vn -0.1794 0.7393 0.6491
vn -0.1794 0.7393 0.6491
vn -0.1794 0.7393 0.6491
vn -0.1794 0.7393 0.6491
vn 0.2444 0.7459 0.6196
vn 0.2444 0.7459 0.6196
vn 0.2444 0.7459 0.6196
vn 0.2444 0.7459 0.6196
vn -0.0402 -0.6886 0.7241
vn -0.0402 -0.6886 0.7241
vn -0.0402 -0.6886 0.7241
vn -0.0402 -0.6886 0.7241
vn -0.0402 -0.6886 0.7241
vn -0.4287 0.2350 -0.8724
vn -0.1969 0.1181 0.9733
vn -0.2010 0.1012 0.9744
vn 0.2000 0.1374 0.9701
vn 0.1106 0.2348 0.9657
vn 0.1755 0.9730 0.1498
vn 0.1755 0.9730 0.1498
vn 0.1755 0.9730 0.1498
vn 0.4108 -0.6144 -0.6736
vn 0.4108 -0.6144 -0.6736
vn 0.4108 -0.6144 -0.6736
vn -0.6260 -0.5422 -0.5604
vn -0.2362 0.5747 0.7835
vn 0.1343 -0.9836 -0.1205
vn 0.1343 -0.9836 -0.1205
vn -0.2708 0.1893 0.9438
vn 0.0791 0.0508 0.9956
vn 0.0791 0.0508 0.9956
vn 0.0791 0.0508 0.9956
vn 0.0791 0.0508 0.9956
vn 0.0791 0.0508 0.9956
vn 0.0000 0.0000 -0.0000
vn 0.0000 0.0000 -0.0000
vn 0.0000 0.0000 -0.0000
vn 0.8604 0.4867 0.1507
vn 0.8604 0.4867 0.1507
vn 0.5371 0.2039 -0.8185
vn -0.3204 0.9464 0.0417
vn -0.3204 0.9464 0.0417
vn -0.3204 0.9464 0.0417
vn -0.3204 0.9464 0.0417
vn -0.3204 0.9464 0.0417
vn -0.3204 0.9464 0.0417
vn -0.7601 -0.4467 -0.4719
vn -0.7601 -0.4467 -0.4719
vn -0.5787 -0.2972 0.7594
vn -0.5787 -0.2972 0.7594
vn 0.3803 -0.1729 -0.9086
vn 0.3803 -0.1729 -0.9086
vn 0.5208 0.5169 0.6794
vn 0.5208 0.5169 0.6794
vn 0.3339 0.8635 0.3780
vn 0.3339 0.8635 0.3780
vn 0.8036 0.0223 0.5947
vn 0.8036 0.0223 0.5947
vn 0.8036 0.0223 0.5947
vn -0.2367 0.3646 -0.9006
vn 0.5412 -0.7319 0.4140
vn -0.8553 -0.0253 -0.5175
vn -0.8553 -0.0253 -0.5175
vn -0.7262 -0.4972 -0.4747
vn -0.7262 -0.4972 -0.4747
vn -0.9886 0.1327 0.0710
vn -0.9886 0.1327 0.0710
vn 0.5981 -0.3962 -0.6966
vn 0.5981 -0.3962 -0.6966
vn 0.2792 -0.2218 0.9343
vn 0.9407 -0.1944 -0.2780
vn 0.9407 -0.1944 -0.2780
vn 0.9407 -0.1944 -0.2780
vn 0.0000 -0.0000 0.0000
vn 0.0000 -0.0000 0.0000
vn 0.0000 -0.0000 0.0000
vn 0.0000 -0.0000 0.0000
vn -0.7750 0.2103 0.5960
vn -0.7750 0.2103 0.5960
vn -0.7750 0.2103 0.5960
vn 0.8247 0.5634 0.0496
vn -0.4159 0.0661 -0.9070
vn -0.4159 0.0661 -0.9070
vn 0.1282 0.3322 -0.9345
vn 0.3108 0.7123 -0.6293
vn -0.7266 0.3367 -0.5989
vn -0.7266 0.3367 -0.5989
vn -0.7266 0.3367 -0.5989
vn -0.9099 0.4000 0.1100
vn -0.9099 0.4000 0.1100
vn -0.8182 -0.5583 -0.1372
vn -0.8388 -0.5433 -0.0358
vn -0.8388 -0.5433 -0.0358
vn -0.8388 -0.5433 -0.0358
vn -0.6948 -0.6752 0.2478
vn -0.6948 -0.6752 0.2478
vn -0.6948 -0.6752 0.2478
vn -0.9150 -0.3964 0.0751
vn -0.9150 -0.3964 0.0751
vn -0.9647 0.0605 0.2564
vn -0.9647 0.0605 0.2564
vn -0.9647 0.0605 0.2564
vn -0.7188 0.1118 0.6862
vn -0.7188 0.1118 0.6862
vn -0.8726 -0.4843 0.0633
vn -0.8726 -0.4843 0.0633
vn -0.5329 -0.3388 -0.7754
vn -0.5329 -0.3388 -0.7754
vn 0.5218 0.4003 -0.7534
vn 0.5218 0.4003 -0.7534
vn 0.5218 0.4003 -0.7534
vn -0.0029 0.7677 -0.6408
vn -0.0029 0.7677 -0.6408
vn -0.0029 0.7677 -0.6408
vn -0.9034 -0.2115 0.3729
vn -0.9034 -0.2115 0.3729
vn 0.8295 -0.5275 0.1837
vn 0.8295 -0.5275 0.1837
vn 0.9910 -0.1329 -0.0135
vn 0.9910 -0.1329 -0.0135
vn 0.2087 0.9373 0.2791
vn 0.2087 0.9373 0.2791
vn 0.4783 0.2273 0.8482
vn 0.4783 0.2273 0.8482
vn 0.4783 0.2273 0.8482
vn -0.3105 -0.4819 -0.8194
vn 0.0351 0.3232 0.9457
vn 0.0351 0.3232 0.9457
vn 0.4039 -0.4680 0.7860
vn 0.4039 -0.4680 0.7860
vn -0.6152 0.0501 -0.7868
vn -0.6152 0.0501 -0.7868
vn -0.6152 0.0501 -0.7868
vn -0.3691 0.7262 0.5800
vn 0.2515 -0.9105 -0.3283
vn 0.4587 0.2973 0.8374
vn -0.6782 0.0700 -0.7315
vn -0.6782 0.0700 -0.7315
vn 0.3222 0.0104 0.9466
vn 0.8348 0.2374 -0.4967
vn 0.8348 0.2374 -0.4967
vn 0.7193 0.6855 0.1125
vn 0.7193 0.6855 0.1125
vn -0.0074 -0.9562 -0.2927
vn -0.0074 -0.9562 -0.2927
vn -0.6864 -0.4701 0.5548
vn -0.6864 -0.4701 0.5548
vn -0.7374 -0.5171 0.4345
vn -0.7374 -0.5171 0.4345
vn -0.5187 -0.2878 -0.8051
vn 0.0296 -0.6791 0.7335
vn 0.0296 -0.6791 0.7335
vn -0.5662 -0.0132 -0.8241
vn -0.5662 -0.0132 -0.8241
vn -0.5662 -0.0132 -0.8241
vn 0.4900 -0.8716 -0.0161
vn 0.3480 -0.0357 0.9368
vn 0.3480 -0.0357 0.9368
vn -0.1917 0.3202 -0.9278
vn 0.6178 -0.3258 -0.7157
vn 0.6178 -0.3258 -0.7157
vn 0.4190 -0.7562 0.5025
vn 0.5150 0.5315 -0.6726
vn 0.5150 0.5315 -0.6726
vn -0.4351 -0.7065 -0.5582
vn -0.7834 -0.2446 -0.5714
vn -0.7834 -0.2446 -0.5714
vn 0.2976 -0.5442 0.7844
vn 0.2976 -0.5442 0.7844
vn 0.8610 0.2754 -0.4275
vn 0.9395 0.0500 -0.3389
vn -0.1573 0.5841 0.7963
vn -0.1573 0.5841 0.7963
vn -0.0938 0.9402 0.3273
vn -0.0938 0.9402 0.3273
vn -0.8625 0.3617 0.3538
vn -0.2303 0.9497 -0.2124
vn -0.2303 0.9497 -0.2124
vn -0.7961 -0.5859 0.1514
vn -0.7961 -0.5859 0.1514
vn -0.7961 -0.5859 0.1514
vn -0.7675 -0.1358 0.6265
vn -0.7675 -0.1358 0.6265
vn -0.4688 -0.3949 -0.7902
vn -0.4688 -0.3949 -0.7902
vn -0.0096 0.5141 -0.8577
vn -0.0096 0.5141 -0.8577
vn -0.0096 0.5141 -0.8577
vn 0.6911 -0.5308 0.4906
vn 0.6911 -0.5308 0.4906
vn 0.5620 0.6134 -0.5549
vn 0.5620 0.6134 -0.5549
vn 0.3106 0.2689 0.9117
vn 0.6644 0.0626 -0.7447
vn 0.6644 0.0626 -0.7447
vn -0.4845 0.0192 -0.8746
vn -0.4845 0.0192 -0.8746
vn -0.4845 0.0192 -0.8746
vn 0.0000 0.0000 -0.0000
vn 0.0000 0.0000 -0.0000
vn -0.5513 0.2201 0.8047
vn 0.7959 0.0692 0.6015
vn 0.7959 0.0692 0.6015
vn 0.7959 0.0692 0.6015
vn 0.7959 0.0692 0.6015
vn 0.7959 0.0692 0.6015
vn 0.6476 0.7108 -0.2747
vn 0.6476 0.7108 -0.2747
vn 0.6476 0.7108 -0.2747
vn 0.6476 0.7108 -0.2747
vn -0.7141 -0.2308 -0.6609
vn -0.7141 -0.2308 -0.6609
vn -0.7141 -0.2308 -0.6609
vn 0.8453 0.4378 0.3063
vn 0.8453 0.4378 0.3063
vn 0.8453 0.4378 0.3063
vn 0.8453 0.4378 0.3063
vn -0.6233 0.6989 0.3509
vn -0.6233 0.6989 0.3509
vn -0.8682 0.4770 0.1365
vn -0.8682 0.4770 0.1365
vn -0.8867 -0.4320 0.1647
vn -0.8867 -0.4320 0.1647
vn -0.8867 -0.4320 0.1647
vn -0.5419 -0.1679 0.8235
vn -0.5419 -0.1679 0.8235
vn -0.6431 0.1613 0.7486
vn -0.6431 0.1613 0.7486
vn -0.5777 -0.2286 0.7836
vn 0.8810 0.4306 0.1963
vn 0.5967 0.7541 0.2743
vn 0.5967 0.7541 0.2743
vn 0.5810 0.8017 -0.1405
vn 0.7900 0.1933 -0.5819
vn 0.7900 0.1933 -0.5819
vn -0.1999 -0.7720 -0.6034
vn 0.1152 -0.9827 0.1448
vn 0.6580 -0.1034 0.7459
vn 0.6580 -0.1034 0.7459
vn -0.6964 -0.0027 -0.7177
vn -0.6964 -0.0027 -0.7177
vn -0.6964 -0.0027 -0.7177
vn 0.0211 -0.9069 0.4208
vn 0.1256 -0.4891 0.8632
vn 0.0984 -0.2054 0.9737
vn 0.6114 0.7819 0.1220
vn 0.6114 0.7819 0.1220
vn -0.9762 -0.0880 0.1984
vn -0.9762 -0.0880 0.1984
vn -0.8142 -0.0590 0.5776
vn -0.8142 -0.0590 0.5776
vn -0.8142 -0.0590 0.5776
vn -0.8142 -0.0590 0.5776
vn 0.4810 0.2973 0.8248
vn 0.4810 0.2973 0.8248
vn 0.4810 0.2973 0.8248
vn 0.8899 0.4560 0.0099
vn 0.0766 -0.8734 -0.4809
vn 0.0766 -0.8734 -0.4809
vn 0.0766 -0.8734 -0.4809
vn -0.9302 0.0239 -0.3663
vn -0.9302 0.0239 -0.3663
vn -0.0111 0.3154 0.9489
vn -0.0111 0.3154 0.9489
vn -0.0111 0.3154 0.9489
vn 0.5790 0.3592 0.7319
vn 0.5790 0.3592 0.7319
vn -0.6842 -0.6046 0.4078
vn -0.9453 -0.1666 0.2806
vn -0.9453 -0.1666 0.2806
vn -0.7120 -0.4926 0.5004
vn 0.2602 -0.7271 0.6353
vn 0.2602 -0.7271 0.6353
vn 0.2853 -0.5921 0.7537
vn 0.2853 -0.5921 0.7537
vn 0.2853 -0.5921 0.7537
vn 0.5079 0.2582 -0.8218
vn 0.5079 0.2582 -0.8218
vn -0.7380 0.6710 0.0716
vn -0.7380 0.6710 0.0716
vn 0.7088 -0.5353 0.4594
vn 0.7088 -0.5353 0.4594
vn 0.5711 -0.4704 0.6728
vn 0.5711 -0.4704 0.6728
vn 0.5711 -0.4704 0.6728
vn -0.1209 0.2404 0.9631
vn -0.1314 0.8029 0.5814
vn -0.1314 0.8029 0.5814
vn 0.0643 -0.9105 -0.4084
vn 0.0643 -0.9105 -0.4084
vn 0.7275 -0.6850 0.0383
vn 0.7275 -0.6850 0.0383
vn 0.7275 -0.6850 0.0383
vn 0.9456 0.2465 -0.2124
vn 0.9456 0.2465 -0.2124
vn 0.2597 0.0371 0.9650
vn -0.3806 0.3560 0.8535
vn -0.3806 0.3560 0.8535
vn -0.3806 0.3560 0.8535
vn 0.3326 -0.2031 0.9209
vn 0.3326 -0.2031 0.9209
vn 0.8941 0.4377 -0.0944
vn 0.8941 0.4377 -0.0944
vn 0.8941 0.4377 -0.0944
vn -0.5514 -0.6419 0.5328
vn -0.5514 -0.6419 0.5328
vn -0.3484 -0.3939 -0.8506
vn -0.3484 -0.3939 -0.8506
vn -0.5031 -0.1206 0.8558
vn -0.5031 -0.1206 0.8558
vn -0.5031 -0.1206 0.8558
vn -0.7219 0.3185 0.6143
vn -0.7219 0.3185 0.6143
vn -0.6465 0.3455 0.6802
vn -0.6465 0.3455 0.6802
vn -0.6768 0.4014 0.6171
vn -0.6154 0.7301 -0.2971
vn -0.6154 0.7301 -0.2971
vn -0.7369 0.6672 0.1086
vn -0.7369 0.6672 0.1086
vn 0.9841 0.0223 -0.1762
vn 0.9841 0.0223 -0.1762
vn 0.9262 0.2256 -0.3022
vn 0.9262 0.2256 -0.3022
vn 0.1228 -0.9534 -0.2754
vn 0.1228 -0.9534 -0.2754
vn 0.1708 -0.8030 0.5710
vn 0.1708 -0.8030 0.5710
vn 0.3818 -0.2825 0.8800
vn 0.0156 -0.7227 -0.6910
vn 0.0156 -0.7227 -0.6910
vn 0.0156 -0.7227 -0.6910
vn -0.5085 -0.6091 0.6087
vn -0.6339 -0.6347 0.4420
vn -0.6339 -0.6347 0.4420
vn -0.6339 -0.6347 0.4420
vn -0.6101 -0.4149 0.6750
vn -0.6101 -0.4149 0.6750
vn -0.5092 -0.1380 0.8495
vn -0.5092 -0.1380 0.8495
vn -0.5092 -0.1380 0.8495
vn -0.5092 -0.1380 0.8495
vn -0.0988 -0.1282 0.9868
vn -0.0988 -0.1282 0.9868
vn 0.1371 0.2644 -0.9546
vn 0.0790 0.2146 -0.9735
vn 0.0790 0.2146 -0.9735
vn 0.0790 0.2146 -0.9735
vn -0.1927 0.6965 -0.6912
vn -0.1927 0.6965 -0.6912
vn 0.8792 -0.4402 0.1823
vn 0.8792 -0.4402 0.1823
vn 0.8792 -0.4402 0.1823
vn 0.8792 -0.4402 0.1823
vn 0.7202 -0.4682 0.5119
vn 0.7202 -0.4682 0.5119
vn -0.7255 -0.1994 -0.6587
vn -0.7255 -0.1994 -0.6587
vn -0.7255 -0.1994 -0.6587
vn 0.1892 -0.1886 0.9637
vn 0.1892 -0.1886 0.9637
vn -0.8817 0.0445 -0.4697
vn -0.8817 0.0445 -0.4697
vn -0.2086 -0.0627 -0.9760
vn 0.6431 0.7652 -0.0297
vn 0.6431 0.7652 -0.0297
vn -0.7446 0.0684 -0.6641
vn -0.5052 0.6540 0.5631
vn -0.5052 0.6540 0.5631
vn -0.7830 -0.0625 0.6189
vn -0.7830 -0.0625 0.6189
vn -0.7830 -0.0625 0.6189
vn -0.7830 -0.0625 0.6189
vn -0.3775 -0.5978 0.7072
vn -0.2386 -0.3204 0.9167
vn -0.4444 -0.3407 0.8285
vn -0.4444 -0.3407 0.8285
vn -0.4444 -0.3407 0.8285
vn -0.4702 0.3499 -0.8102
vn -0.4702 0.3499 -0.8102
vn -0.4702 0.3499 -0.8102
vn -0.7266 0.5169 0.4526
vn -0.7266 0.5169 0.4526
vn 0.9438 -0.1674 0.2849
vn 0.0000 0.0000 0.0000
vn 0.0000 0.0000 0.0000
vn -0.0710 -0.0483 0.9963
vn 0.0197 -0.3461 0.9380
vn -0.3504 -0.2166 -0.9112
vn -0.3504 -0.2166 -0.9112
vn -0.3504 -0.2166 -0.9112
vn -0.7211 -0.2770 -0.6350
vn -0.7211 -0.2770 -0.6350
vn -0.3170 -0.1036 0.9428
vn -0.8727 -0.0577 0.4848
vn -0.8727 -0.0577 0.4848
vn -0.8727 -0.0577 0.4848
vn -0.8727 -0.0577 0.4848
vn -0.9285 -0.0030 0.3712
vn -0.9285 -0.0030 0.3712
vn -0.5017 -0.0915 0.8602
vn -0.5017 -0.0915 0.8602
vn -0.3479 0.3172 0.8823
vn -0.3479 0.3172 0.8823
vn -0.3479 0.3172 0.8823
vn -0.3479 0.3172 0.8823
vn -0.3479 0.3172 0.8823
vn -0.7241 0.5820 -0.3701
vn -0.7241 0.5820 -0.3701
vn -0.6313 0.7517 -0.1910
vn -0.6313 0.7517 -0.1910
vn 0.8612 -0.5066 0.0400
vn 0.8612 -0.5066 0.0400
vn -0.6124 0.0613 -0.7881
vn -0.6124 0.0613 -0.7881
vn -0.6124 0.0613 -0.7881
vn -0.6124 0.0613 -0.7881
vn -0.6373 -0.0898 -0.7654
vn -0.6373 -0.0898 -0.7654
vn -0.6373 -0.0898 -0.7654
vn 0.0441 0.7306 0.6814
vn 0.0441 0.7306 0.6814
vn -0.6254 0.0493 -0.7788
vn -0.6610 0.2061 -0.7216
vn -0.6902 0.0784 -0.7193
vn -0.6262 -0.1978 -0.7541
vn -0.6477 -0.2497 -0.7198
vn -0.6477 -0.2497 -0.7198
vn 0.3364 0.7499 -0.5696
vn 0.3364 0.7499 -0.5696
vn -0.7688 0.2118 -0.6034
vn -0.5493 0.3235 0.7705
vn -0.5493 0.3235 0.7705
vn -0.4070 0.8980 -0.1671
vn -0.4070 0.8980 -0.1671
vn 0.5713 -0.0928 0.8155
vn 0.5713 -0.0928 0.8155
vn 0.4858 -0.4957 0.7199
vn 0.4858 -0.4957 0.7199
vn 0.4858 -0.4957 0.7199
vn -0.2393 0.8209 0.5185
vn 0.7132 0.1609 0.6822
vn 0.7132 0.1609 0.6822
vn 0.7132 0.1609 0.6822
vn 0.2135 0.6265 -0.7497
vn -0.7968 -0.2309 -0.5584
vn -0.7968 -0.2309 -0.5584
vn -0.7968 -0.2309 -0.5584
vn -0.2692 -0.0072 -0.9631
vn -0.2692 -0.0072 -0.9631
vn -0.8803 -0.4608 0.1129
vn -0.8803 -0.4608 0.1129
vn -0.2428 0.0917 0.9657
vn -0.3300 0.1252 -0.9356
vn -0.7938 0.3158 -0.5198
vn -0.7938 0.3158 -0.5198
vn -0.7586 0.1645 0.6305
vn -0.6929 0.4928 0.5263
vn -0.6929 0.4928 0.5263
vn -0.6671 0.6986 0.2588
vn -0.6037 0.5657 0.5617
vn 0.2914 -0.8571 -0.4247
vn -0.0935 -0.0894 0.9916
vn -0.0935 -0.0894 0.9916
vn 0.6544 0.2662 0.7078
vn 0.6544 0.2662 0.7078
vn -0.2712 0.4623 0.8443
vn 0.0000 0.0000 0.0000
vn 0.0000 0.0000 0.0000
vn 0.5887 0.8083 -0.0025
vn -0.7404 0.1417 -0.6570
vn -0.5947 0.1293 0.7935
vn -0.5947 0.1293 0.7935
vn -0.3135 -0.2842 0.9061
vn -0.5340 -0.4263 0.7301
vn 0.1306 -0.0846 0.9878
vn 0.1306 -0.0846 0.9878
vn -0.4807 -0.2182 0.8493
vn -0.4807 -0.2182 0.8493
vn -0.4867 -0.1636 0.8581
vn -0.8545 0.2018 -0.4786
vn -0.8545 0.2018 -0.4786
vn -0.4927 0.2650 -0.8289
vn -0.4927 0.2650 -0.8289
vn -0.6679 0.5089 0.5431
vn 0.4332 -0.7930 -0.4284
vn 0.7882 -0.4143 0.4551
vn 0.7882 -0.4143 0.4551
vn 0.7882 -0.4143 0.4551
vn 0.7882 -0.4143 0.4551
vn 0.1926 0.8237 0.5333
vn 0.1926 0.8237 0.5333
vn 0.1926 0.8237 0.5333
vn 0.1926 0.8237 0.5333
vn -0.5892 0.2086 -0.7806
vn -0.5680 -0.0142 -0.8229
vn -0.5680 -0.0142 -0.8229
vn -0.5217 -0.5187 0.6773
vn -0.5217 -0.5187 0.6773
vn 0.1744 0.0402 -0.9839
vn 0.1744 0.0402 -0.9839
vn -0.5727 0.2132 -0.7915
vn -0.5727 0.2132 -0.7915
vn -0.8875 0.1324 0.4413
vn -0.8875 0.1324 0.4413
vn 0.3612 0.1153 -0.9253
vn 0.3612 0.1153 -0.9253
vn 0.3612 0.1153 -0.9253
vn 0.3612 0.1153 -0.9253
vn -0.3082 -0.6802 -0.6651
vn -0.3082 -0.6802 -0.6651
vn -0.6696 -0.4062 0.6218
vn -0.6696 -0.4062 0.6218
vn -0.7428 -0.1286 0.6571
vn -0.7428 -0.1286 0.6571
vn 0.2638 0.3947 -0.8801
vn 0.2638 0.3947 -0.8801
vn -0.7417 0.4499 0.4974
vn -0.7417 0.4499 0.4974
vn -0.7529 0.5247 -0.3972
vn -0.7529 0.5247 -0.3972
vn -0.7529 0.5247 -0.3972
vn -0.7529 0.5247 -0.3972
vn -0.4706 0.8474 -0.2457
vn -0.6157 0.7762 -0.1353
vn 0.4545 -0.7847 0.4215
vn 0.4545 -0.7847 0.4215
vn 0.4545 -0.7847 0.4215
vn 0.4545 -0.7847 0.4215
vn -0.7894 -0.0451 0.6122
vn -0.7894 -0.0451 0.6122
vn -0.7894 -0.0451 0.6122
vn 0.9109 -0.4069 -0.0690
vn 0.9109 -0.4069 -0.0690
vn 0.9109 -0.4069 -0.0690
vn -0.5381 -0.2295 0.8110
vn -0.5692 0.0910 -0.8172
vn -0.5692 0.0910 -0.8172
vn -0.3498 -0.6592 -0.6657
vn -0.3498 -0.6592 -0.6657
vn -0.7092 -0.0761 0.7009
vn -0.7092 -0.0761 0.7009
vn -0.8452 0.1222 0.5204
vn -0.8452 0.1222 0.5204
vn -0.8452 0.1222 0.5204
vn -0.8452 0.1222 0.5204
vn -0.2915 0.7653 -0.5739
vn -0.2915 0.7653 -0.5739
vn -0.2915 0.7653 -0.5739
vn -0.2915 0.7653 -0.5739
vn -0.3700 0.4548 -0.8101
vn -0.3700 0.4548 -0.8101
vn -0.0561 -0.5080 0.8595
vn -0.4970 0.1326 -0.8576
vn -0.4163 -0.4895 0.7662
vn -0.3305 0.0243 0.9435
vn -0.3305 0.0243 0.9435
vn -0.3305 0.0243 0.9435
vn 0.0000 0.0000 0.0000
vn 0.0000 0.0000 0.0000
vn -0.4551 0.2513 -0.8542
vn -0.4551 0.2513 -0.8542
vn -0.4551 0.2513 -0.8542
vn -0.6491 -0.1431 0.7471
vn -0.6491 -0.1431 0.7471
vn 0.0114 0.8004 -0.5994
vn 0.0114 0.8004 -0.5994
vn -0.5330 0.6512 0.5402
vn -0.5523 0.7916 0.2616
vn -0.5523 0.7916 0.2616
vn -0.4095 0.7898 0.4567
vn -0.4095 0.7898 0.4567
vn -0.4095 0.7898 0.4567
vn 0.7383 0.5339 -0.4122
vn 0.7383 0.5339 -0.4122
vn -0.9349 -0.3256 0.1410
vn -0.9349 -0.3256 0.1410
vn -0.1665 -0.7364 0.6558
vn -0.1665 -0.7364 0.6558
vn 0.5128 0.4817 0.7106
vn 0.5128 0.4817 0.7106
vn 0.3596 0.7433 0.5641
vn 0.3596 0.7433 0.5641
vn 0.3596 0.7433 0.5641
vn 0.3596 0.7433 0.5641
vn 0.3596 0.7433 0.5641
vn 0.5752 0.5343 0.6194
vn 0.5752 0.5343 0.6194
vn 0.5752 0.5343 0.6194
vn 0.5752 0.5343 0.6194
vn -0.3672 -0.1351 0.9203
vn -0.4842 -0.2181 0.8474
vn -0.2418 -0.0965 0.9655
vn -0.4656 -0.1151 0.8775
vn 0.4446 0.7643 -0.4670
vn -0.9465 -0.0755 0.3138
vn -0.9465 -0.0755 0.3138
vn -0.9465 -0.0755 0.3138
vn -0.0000 0.0000 -0.0000
vn -0.0000 0.0000 -0.0000
vn -0.8769 0.2545 0.4079
vn -0.8769 0.2545 0.4079
vn -0.3901 0.3261 -0.8611
vn -0.9952 -0.0162 -0.0961
vn -0.9952 -0.0162 -0.0961
vn -0.0753 0.1766 -0.9814
vn -0.0753 0.1766 -0.9814
vn -0.5324 -0.7064 -0.4664
vn -0.5324 -0.7064 -0.4664
vn 0.7689 0.5871 -0.2531
vn 0.7689 0.5871 -0.2531
vn -0.4103 0.4746 0.7787
vn -0.4103 0.4746 0.7787
vn -0.6748 0.6979 -0.2398
vn -0.6748 0.6979 -0.2398
vn -0.6345 0.7705 0.0608
vn -0.6345 0.7705 0.0608
vn -0.5774 -0.0113 -0.8164
vn -0.5774 -0.0113 -0.8164
vn 0.8097 -0.1360 0.5709
vn 0.8097 -0.1360 0.5709
vn 0.8097 -0.1360 0.5709
vn -0.3983 -0.2273 0.8886
vn -0.3983 -0.2273 0.8886
vn -0.4136 0.3037 -0.8583
vn -0.4136 0.3037 -0.8583
vn -0.4488 -0.2538 0.8568
vn -0.3315 -0.3544 0.8743
vn -0.3315 -0.3544 0.8743
vn -0.5420 -0.0730 0.8372
vn -0.5420 -0.0730 0.8372
vn -0.5420 -0.0730 0.8372
vn -0.3142 0.1379 -0.9393
vn -0.8518 -0.1666 0.4967
vn -0.8518 -0.1666 0.4967
vn -0.9353 -0.3533 -0.0214
vn -0.6684 0.6765 0.3093
vn 0.8871 0.4547 0.0794
vn 0.8871 0.4547 0.0794
vn -0.7203 0.6019 -0.3450
vn -0.7203 0.6019 -0.3450
vn 0.5633 -0.2236 0.7954
vn 0.6287 -0.7672 0.1271
vn 0.6287 -0.7672 0.1271
vn 0.5855 -0.8106 0.0020
vn 0.5855 -0.8106 0.0020
vn 0.7319 -0.1181 0.6712
vn 0.7797 -0.0641 0.6229
vn 0.0000 -0.0000 -0.0000
vn 0.0000 -0.0000 -0.0000
vn -0.4751 -0.8507 -0.2248
vn -0.4751 -0.8507 -0.2248
vn -0.4751 -0.8507 -0.2248
vn -0.4200 -0.2750 0.8649
vn -0.0518 -0.8212 0.5682
vn -0.0518 -0.8212 0.5682
vn -0.0518 -0.8212 0.5682
vn -0.3135 -0.0497 0.9483
vn -0.2498 0.2099 -0.9453
vn -0.2498 0.2099 -0.9453
vn -0.8634 -0.4026 -0.3041
vn -0.8634 -0.4026 -0.3041
vn -0.8634 -0.4026 -0.3041
vn -0.8634 -0.4026 -0.3041
vn 0.3863 0.7706 -0.5069
vn 0.3863 0.7706 -0.5069
vn 0.3863 0.7706 -0.5069
vn -0.5853 0.5161 0.6254
vn -0.5853 0.5161 0.6254
vn -0.3205 0.9403 -0.1144
vn -0.3205 0.9403 -0.1144
vn -0.3205 0.9403 -0.1144
vn 0.3265 0.9230 0.2038
vn 0.3265 0.9230 0.2038
vn 0.7995 -0.3036 0.5183
vn -0.0263 -0.9362 -0.3505
vn -0.5374 0.0161 -0.8432
vn -0.1884 -0.7823 0.5938
vn 0.7017 0.2455 0.6688
vn 0.7017 0.2455 0.6688
vn 0.2474 0.2956 0.9227
vn -0.8002 -0.1726 0.5744
vn 0.0451 -0.3082 0.9503
vn 0.0451 -0.3082 0.9503
vn -0.0771 -0.9668 -0.2435
vn -0.0771 -0.9668 -0.2435
vn 0.0923 0.1369 -0.9863
vn -0.4619 -0.2755 -0.8431
vn -0.7112 -0.2364 0.6620
vn -0.7112 -0.2364 0.6620
vn -0.7112 -0.2364 0.6620
vn -0.7112 -0.2364 0.6620
vn -0.5371 0.1756 -0.8250
vn -0.4907 0.2257 -0.8416
vn -0.4907 0.2257 -0.8416
vn -0.1524 0.8707 -0.4676
vn -0.1524 0.8707 -0.4676
vn 0.8043 -0.5743 0.1527
vn 0.8043 -0.5743 0.1527
vn 0.8043 -0.5743 0.1527
vn 0.8043 -0.5743 0.1527
vn 0.8942 -0.0362 0.4461
vn 0.8457 0.2326 0.4802
vn 0.7840 0.3311 0.5250
vn 0.4545 0.1067 0.8843
vn 0.4545 0.1067 0.8843
vn 0.4545 0.1067 0.8843
vn -0.4538 -0.3390 0.8241
vn -0.2508 -0.1393 -0.9580
vn -0.2508 -0.1393 -0.9580
vn -0.0143 0.4187 -0.9080
vn 0.0913 0.4891 -0.8674
vn 0.0913 0.4891 -0.8674
vn -0.5164 -0.0490 -0.8549
vn -0.8326 -0.5514 -0.0530
vn -0.8326 -0.5514 -0.0530
vn -0.8326 -0.5514 -0.0530
vn -0.8326 -0.5514 -0.0530
vn -0.9730 0.1973 0.1197
vn -0.2044 0.0537 -0.9774
vn -0.2044 0.0537 -0.9774
vn -0.9120 -0.0509 0.4071
vn -0.8451 -0.0427 0.5330
vn -0.9814 0.0919 0.1688
vn -0.6484 0.3570 0.6724
vn -0.6484 0.3570 0.6724
vn 0.6818 -0.4217 0.5977
vn 0.6818 -0.4217 0.5977
vn 0.9285 -0.3700 0.0318
vn 0.9285 -0.3700 0.0318
vn -0.6124 -0.5242 -0.5918
vn -0.6124 -0.5242 -0.5918
vn 0.8023 0.3586 0.4772
vn 0.8023 0.3586 0.4772
vn 0.6854 0.5729 0.4495
vn 0.6854 0.5729 0.4495
vn 0.6854 0.5729 0.4495
vn -0.1948 -0.1313 0.9720
vn -0.1922 0.1201 -0.9740
vn -0.5311 -0.3142 0.7869
vn -0.4642 -0.4806 0.7440
vn -0.3752 -0.2759 0.8849
vn -0.8096 -0.5735 -0.1251
vn -0.8096 -0.5735 -0.1251
vn -0.8096 -0.5735 -0.1251
vn -0.8479 -0.3967 0.3517
vn -0.4905 -0.0333 -0.8708
vn -0.4905 -0.0333 -0.8708
vn -0.8574 0.2127 0.4686
vn -0.8574 0.2127 0.4686
vn -0.9342 0.3321 0.1301
vn -0.9342 0.3321 0.1301
vn -0.6667 0.6855 -0.2925
vn -0.6667 0.6855 -0.2925
vn -0.6667 0.6855 -0.2925
vn -0.9952 -0.0939 0.0259
vn -0.9952 -0.0939 0.0259
vn -0.9952 -0.0939 0.0259
vn -0.9530 -0.2705 0.1367
vn -0.9530 -0.2705 0.1367
vn -0.3681 0.4819 -0.7951
vn -0.4429 0.7407 0.5051
vn -0.4429 0.7407 0.5051
vn -0.5029 -0.0910 -0.8595
vn -0.5029 -0.0910 -0.8595
vn 0.8481 0.2778 0.4513
vn 0.8481 0.2778 0.4513
vn -0.4878 -0.6566 -0.5752
vn -0.4878 -0.6566 -0.5752
vn -0.0395 -0.1037 -0.9938
vn -0.0395 -0.1037 -0.9938
vn -0.2904 -0.1221 -0.9491
vn 0.4323 0.7088 -0.5574
vn 0.0000 0.0000 0.0000
vn 0.0000 0.0000 0.0000
vn -0.6445 -0.6242 -0.4415
vn -0.6445 -0.6242 -0.4415
vn -0.6445 -0.6242 -0.4415
vn -0.6445 -0.6242 -0.4415
vn -0.6445 -0.6242 -0.4415
vn -0.6445 -0.6242 -0.4415
vn -0.7042 -0.6871 0.1787
vn -0.7042 -0.6871 0.1787
vn -0.7042 -0.6871 0.1787
vn 0.1812 0.5168 -0.8367
vn 0.1812 0.5168 -0.8367
vn -0.5763 0.7488 0.3273
vn -0.4211 0.5863 -0.6921
vn -0.4211 0.5863 -0.6921
vn -0.4392 0.5631 0.7000
vn -0.4098 0.8142 0.4113
vn 0.8744 -0.4664 0.1338
vn 0.8744 -0.4664 0.1338
vn 0.2665 -0.9487 -0.1701
vn 0.6902 0.3833 0.6137
vn -0.3188 -0.3075 0.8965
vn 0.1636 -0.2417 -0.9565
vn 0.1636 -0.2417 -0.9565
vn 0.1636 -0.2417 -0.9565
vn -0.5932 -0.4974 0.6330
vn -0.5943 -0.0812 -0.8001
vn -0.8743 -0.1212 0.4700
vn -0.4488 0.7396 0.5016
vn -0.4488 0.7396 0.5016
vn -0.3448 0.6410 -0.6857
vn -0.5609 0.6803 0.4717
vn -0.2795 0.9149 -0.2914
vn -0.2795 0.9149 -0.2914
vn 0.9034 -0.3941 0.1690
vn 0.9034 -0.3941 0.1690
vn 0.8740 -0.2923 0.3882
vn 0.9854 -0.0886 0.1452
vn 0.9854 -0.0886 0.1452
vn 0.7680 0.3449 0.5397
vn 0.1907 0.0588 0.9799
vn -0.4114 -0.4409 0.7977
vn -0.4114 -0.4409 0.7977
vn 0.4187 0.8976 0.1378
vn 0.4187 0.8976 0.1378
vn 0.4187 0.8976 0.1378
vn 0.1989 0.6431 -0.7395
vn -0.3270 0.1517 -0.9328
vn -0.3270 0.1517 -0.9328
vn -0.4480 0.1616 -0.8793
vn -0.2590 -0.5931 0.7623
vn -0.2590 -0.5931 0.7623
vn -0.0520 0.2444 -0.9683
vn -0.0520 0.2444 -0.9683
vn -0.3427 -0.5529 0.7595
vn -0.3427 -0.5529 0.7595
vn -0.3427 -0.5529 0.7595
vn -0.3568 -0.6604 0.6608
vn -0.3568 -0.6604 0.6608
vn -0.3568 -0.6604 0.6608
vn -0.1781 -0.1165 0.9771
vn 0.2768 0.2351 0.9317
vn 0.2768 0.2351 0.9317
vn 0.2768 0.2351 0.9317
vn 0.2768 0.2351 0.9317
vn 0.2768 0.2351 0.9317
vn -0.6860 -0.3262 0.6504
vn -0.6860 -0.3262 0.6504
vn -0.5270 -0.3435 -0.7773
vn -0.8122 0.0570 0.5806
vn -0.8122 0.0570 0.5806
vn -0.8965 0.2239 0.3823
vn -0.4064 0.3516 -0.8433
vn -0.4064 0.3516 -0.8433
vn -0.2671 0.9414 -0.2058
vn 0.4824 -0.1089 0.8692
vn 0.4824 -0.1089 0.8692
vn 0.4824 -0.1089 0.8692
vn 0.4824 -0.1089 0.8692
vn -0.9036 -0.1477 -0.4020
vn -0.9036 -0.1477 -0.4020
vn -0.9036 -0.1477 -0.4020
vn -0.9294 -0.0815 -0.3601
vn -0.9294 -0.0815 -0.3601
vn -0.8864 -0.0580 0.4592
vn -0.8864 -0.0580 0.4592
vn 0.6170 -0.7853 -0.0511
vn 0.6170 -0.7853 -0.0511
vn -0.2538 -0.5868 -0.7689
vn -0.2538 -0.5868 -0.7689
vn 0.7118 0.1804 0.6788
vn 0.7118 0.1804 0.6788
vn 0.7118 0.1804 0.6788
vn -0.2093 -0.2541 0.9443
vn -0.5512 -0.4936 0.6727
vn -0.5512 -0.4936 0.6727
vn -0.5512 -0.4936 0.6727
vn -0.8172 -0.3637 0.4471
vn -0.3284 0.8426 0.4268
vn -0.4731 0.8081 -0.3509
vn -0.4731 0.8081 -0.3509
vn -0.3549 0.9136 -0.1986
vn -0.3549 0.9136 -0.1986
vn -0.3549 0.9136 -0.1986
vn -0.7154 -0.1758 -0.6763
vn -0.7154 -0.1758 -0.6763
vn -0.7154 -0.1758 -0.6763
vn -0.7154 -0.1758 -0.6763
vn 0.1524 -0.1379 0.9786
vn 0.1524 -0.1379 0.9786
vn 0.1524 -0.1379 0.9786
vn -0.2243 -0.0487 0.9733
vn -0.3704 0.2840 -0.8844
vn -0.2780 -0.2532 0.9266
vn -0.2332 -0.3733 0.8979
vn -0.2332 -0.3733 0.8979
vn -0.3650 -0.4075 -0.8371
vn -0.9186 -0.1552 0.3634
vn -0.9186 -0.1552 0.3634
vn -0.3027 0.2683 -0.9146
vn -0.7186 0.6768 0.1597
vn -0.7186 0.6768 0.1597
vn -0.0986 0.7989 -0.5934
vn -0.0986 0.7989 -0.5934
vn -0.4160 0.8586 0.2994
vn 0.6107 0.2349 0.7562
vn 0.6107 0.2349 0.7562
vn -0.1276 -0.5619 0.8173
vn -0.1276 -0.5619 0.8173
vn -0.3676 -0.4743 0.7999
vn 0.0000 0.0000 0.0000
vn 0.0000 0.0000 0.0000
vn -0.4556 -0.8400 0.2947
vn -0.4556 -0.8400 0.2947
vn -0.3613 -0.9021 -0.2358
vn -0.3613 -0.9021 -0.2358
vn -0.5311 -0.7304 0.4295
vn -0.5311 -0.7304 0.4295
vn -0.5311 -0.7304 0.4295
vn -0.1447 -0.9894 -0.0150
vn -0.1447 -0.9894 -0.0150
vn 0.4500 -0.0449 0.8919
vn 0.4500 -0.0449 0.8919
vn 0.5757 0.1400 0.8056
vn 0.6203 -0.6827 -0.3862
vn 0.6203 -0.6827 -0.3862
vn 0.4385 0.6718 0.5970
vn 0.4385 0.6718 0.5970
vn -0.2857 -0.3752 0.8818
vn -0.0244 0.2921 -0.9561
vn -0.0244 0.2921 -0.9561
vn -0.3160 -0.0650 -0.9465
vn -0.8595 0.1610 0.4851
vn -0.8595 0.1610 0.4851
vn -0.5543 0.4749 -0.6835
vn -0.5543 0.4749 -0.6835
vn -0.1791 0.5563 -0.8115
vn -0.4630 0.8844 -0.0587
vn -0.4630 0.8844 -0.0587
vn -0.4630 0.8844 -0.0587
vn -0.1090 0.9282 -0.3559
vn -0.4352 0.8977 -0.0692
vn -0.4352 0.8977 -0.0692
vn 0.7161 -0.6907 0.1003
vn 0.7161 -0.6907 0.1003
vn -0.5941 -0.0983 -0.7983
vn -0.5941 -0.0983 -0.7983
vn -0.5941 -0.0983 -0.7983
vn -0.2495 -0.3709 0.8945
vn -0.2495 -0.3709 0.8945
vn 0.0988 0.2147 0.9717
vn 0.0988 0.2147 0.9717
vn 0.0988 0.2147 0.9717
vn -0.7695 0.3459 0.5369
vn -0.7695 0.3459 0.5369
vn -0.8896 -0.4115 0.1983
vn -0.8444 0.1604 0.5112
vn -0.8444 0.1604 0.5112
vn -0.5979 0.6254 0.5014
vn -0.5979 0.6254 0.5014
vn -0.5999 0.6079 0.5201
vn -0.5999 0.6079 0.5201
vn -0.3709 0.8826 0.2888
vn -0.3709 0.8826 0.2888
vn -0.3709 0.8826 0.2888
vn -0.1030 0.7184 -0.6880
vn -0.1030 0.7184 -0.6880
vn -0.3458 0.8241 0.4487
vn -0.2881 0.8477 -0.4455
vn -0.2881 0.8477 -0.4455
vn -0.5727 -0.2924 0.7659
vn -0.5727 -0.2924 0.7659
vn -0.9205 -0.1278 -0.3692
vn -0.9205 -0.1278 -0.3692
vn 0.3619 0.1668 0.9172
vn -0.4722 -0.7225 -0.5049
vn -0.1449 -0.6701 0.7280
vn -0.1449 -0.6701 0.7280
vn -0.0227 -0.2373 0.9712
vn -0.2378 -0.1008 -0.9661
vn -0.0059 0.1639 -0.9865
vn -0.2485 -0.4300 0.8679
vn -0.2485 -0.4300 0.8679
vn -0.2485 -0.4300 0.8679
vn -0.5809 -0.7593 -0.2933
vn -0.3528 -0.6473 0.6757
vn -0.3528 -0.6473 0.6757
vn -0.0685 -0.3600 0.9305
vn 0.1332 -0.1397 -0.9812
vn -0.7260 0.4356 0.5321
vn -0.7260 0.4356 0.5321
vn -0.3159 0.9110 0.2653
vn -0.3159 0.9110 0.2653
vn -0.6783 -0.2726 -0.6823
vn -0.6783 -0.2726 -0.6823
vn 0.1131 -0.4896 0.8646
vn 0.1131 -0.4896 0.8646
vn 0.1131 -0.4896 0.8646
vn 0.9240 0.0411 0.3802
vn 0.8869 0.1780 0.4262
vn 0.8869 0.1780 0.4262
vn -0.4757 -0.7201 -0.5051
vn -0.4757 -0.7201 -0.5051
vn -0.0557 -0.6001 0.7980
vn -0.0557 -0.6001 0.7980
vn -0.0233 -0.8050 0.5928
vn -0.0233 -0.8050 0.5928
vn -0.1963 -0.4051 0.8929
vn -0.1963 -0.4051 0.8929
vn -0.1963 -0.4051 0.8929
vn 0.1785 -0.5755 0.7981
vn 0.1785 -0.5755 0.7981
vn -0.3162 -0.2284 0.9208
vn 0.4803 0.8756 0.0517
vn 0.4803 0.8756 0.0517
vn 0.4803 0.8756 0.0517
vn -0.9659 0.1373 0.2193
vn -0.9034 -0.4014 0.1508
vn -0.9034 -0.4014 0.1508
vn -0.4871 0.1310 -0.8634
vn -0.1891 0.8849 -0.4257
vn 0.4685 -0.0858 0.8793
vn -0.8165 -0.3277 0.4754
vn -0.8165 -0.3277 0.4754
vn -0.8863 -0.2283 -0.4030
vn -0.8863 -0.2283 -0.4030
vn -0.3239 -0.2146 -0.9214
vn -0.3239 -0.2146 -0.9214
vn 0.0953 -0.9310 0.3524
vn 0.4894 -0.7283 0.4796
vn 0.4894 -0.7283 0.4796
vn 0.4894 -0.7283 0.4796
vn -0.3045 -0.4250 0.8524
vn -0.3045 -0.4250 0.8524
vn -0.6955 -0.4807 0.5340
vn -0.6955 -0.4807 0.5340
vn -0.4017 -0.3974 0.8250
vn -0.4017 -0.3974 0.8250
vn -0.1453 -0.3948 0.9072
vn -0.1453 -0.3948 0.9072
vn -0.8653 -0.3272 0.3798
vn -0.8653 -0.3272 0.3798
vn -0.5341 -0.8446 -0.0375
vn -0.4234 0.0615 -0.9038
vn -0.4234 0.0615 -0.9038
vn -0.1899 -0.0010 -0.9818
vn -0.6807 0.2873 0.6739
vn -0.6807 0.2873 0.6739
vn -0.6807 0.2873 0.6739
vn -0.1611 0.7480 0.6439
vn -0.1611 0.7480 0.6439
vn -0.6163 -0.0711 -0.7843
vn -0.6163 -0.0711 -0.7843
vn 0.9463 0.0696 0.3158
vn 0.9463 0.0696 0.3158
vn -0.1650 0.3437 -0.9245
vn -0.1650 0.3437 -0.9245
vn -0.0010 -0.9846 0.1749
vn -0.0010 -0.9846 0.1749
vn -0.1683 0.1727 -0.9705
vn -0.4338 -0.8496 -0.3000
vn -0.3662 -0.9203 0.1377
vn -0.3662 -0.9203 0.1377
vn 0.0557 0.5072 -0.8600
vn 0.0557 0.5072 -0.8600
vn -0.1275 0.2117 -0.9690
vn -0.4213 0.2097 0.8823
vn -0.4213 0.2097 0.8823
vn -0.6976 0.3594 0.6198
vn -0.6976 0.3594 0.6198
vn 0.1549 0.0029 -0.9879
vn 0.3113 -0.4652 -0.8287
vn 0.3113 -0.4652 -0.8287
vn -0.0953 0.1499 0.9841
vn -0.0953 0.1499 0.9841
vn -0.0953 0.1499 0.9841
vn -0.9066 -0.2465 0.3425
vn -0.3508 -0.2925 -0.8896
vn -0.3436 0.7171 0.6064
vn -0.3797 0.8415 -0.3844
vn -0.3797 0.8415 -0.3844
vn -0.4535 0.8267 0.3329
vn -0.4535 0.8267 0.3329
vn -0.3790 -0.1386 -0.9149
vn 0.4165 0.0439 0.9081
vn -0.0344 0.0329 0.9989
vn -0.8739 -0.0688 0.4813
vn -0.8739 -0.0688 0.4813
vn -0.6097 -0.0201 0.7924
vn -0.6097 -0.0201 0.7924
vn -0.6097 -0.0201 0.7924
vn -0.8987 -0.3339 -0.2843
vn -0.8987 -0.3339 -0.2843
vn -0.6906 -0.0238 0.7229
vn -0.6906 -0.0238 0.7229
vn -0.6906 -0.0238 0.7229
vn -0.0522 -0.3646 0.9297
vn -0.0522 -0.3646 0.9297
vn -0.0263 -0.1817 -0.9830
vn -0.2228 -0.7405 0.6340
vn -0.2228 -0.7405 0.6340
vn -0.5023 -0.8593 -0.0961
vn -0.5023 -0.8593 -0.0961
vn -0.8770 -0.3107 0.3666
vn -0.8770 -0.3107 0.3666
vn -0.8770 -0.3107 0.3666
vn -0.8770 -0.3107 0.3666
vn -0.1177 -0.3886 -0.9139
vn -0.1177 -0.3886 -0.9139
vn -0.8472 -0.4700 0.2477
vn -0.8472 -0.4700 0.2477
vn -0.9551 -0.0514 0.2919
vn -0.9551 -0.0514 0.2919
vn -0.8190 -0.3121 0.4814
vn -0.8190 -0.3121 0.4814
vn -0.7364 -0.4717 0.4850
vn -0.7364 -0.4717 0.4850
vn -0.5727 0.5555 0.6029
vn -0.1298 0.6008 -0.7888
vn -0.1298 0.6008 -0.7888
vn -0.2233 0.7880 0.5737
vn -0.4936 0.8655 0.0850
vn -0.4936 0.8655 0.0850
vn -0.8040 0.0327 -0.5937
vn -0.8040 0.0327 -0.5937
vn 0.0677 -0.1045 0.9922
vn 0.0677 -0.1045 0.9922
vn -0.3457 -0.2372 0.9079
vn -0.3457 -0.2372 0.9079
vn -0.0817 0.1219 0.9892
vn -0.0817 0.1219 0.9892
vn -0.0642 -0.2776 0.9585
vn -0.0642 -0.2776 0.9585
vn -0.4317 -0.5932 0.6795
vn -0.4317 -0.5932 0.6795
vn -0.4164 -0.8911 0.1805
vn -0.4164 -0.8911 0.1805
vn 0.0464 -0.9708 -0.2356
vn -0.0371 -0.5639 0.8250
vn -0.0371 -0.5639 0.8250
vn -0.0371 -0.5639 0.8250
vn 0.2381 -0.0495 -0.9700
vn -0.2853 0.4873 0.8253
vn -0.2853 0.4873 0.8253
vn -0.1668 0.8417 0.5136
vn 0.1560 0.7750 -0.6124
vn 0.1560 0.7750 -0.6124
vn -0.2133 0.8751 0.4343
vn 0.1895 0.5489 -0.8141
vn 0.1895 0.5489 -0.8141
vn 0.1895 0.5489 -0.8141
vn 0.1895 0.5489 -0.8141
vn -0.1003 0.8689 0.4847
vn -0.3121 -0.1873 -0.9314
vn -0.3121 -0.1873 -0.9314
vn 0.6976 0.0318 0.7157
vn 0.6976 0.0318 0.7157
vn -0.0928 -0.9781 -0.1862
vn -0.3662 -0.7545 0.5447
vn 0.1547 0.1615 -0.9747
vn 0.1680 -0.0668 0.9835
vn 0.1680 -0.0668 0.9835
vn -0.1365 -0.6934 0.7075
vn -0.1365 -0.6934 0.7075
vn -0.0000 0.0000 -0.0000
vn -0.0000 0.0000 -0.0000
vn -0.0000 0.0000 -0.0000
vn 0.0063 -0.4599 0.8879
vn -0.1116 -0.5252 0.8437
vn 0.5649 -0.8181 0.1074
vn 0.5649 -0.8181 0.1074
vn 0.5649 -0.8181 0.1074
vn -0.1233 0.5703 -0.8122
vn -0.1233 0.5703 -0.8122
vn 0.0300 0.6688 -0.7428
vn 0.0300 0.6688 -0.7428
vn 0.0300 0.6688 -0.7428
vn 0.0327 0.0788 -0.9964
vn -0.4635 0.1251 -0.8772
vn 0.1251 0.9830 -0.1341
vn 0.1251 0.9830 -0.1341
vn -0.7005 0.0652 -0.7106
vn -0.7005 0.0652 -0.7106
vn -0.7005 0.0652 -0.7106
vn -0.7123 -0.5414 0.4467
vn -0.7123 -0.5414 0.4467
vn -0.0082 -0.2622 0.9650
vn -0.0082 -0.2622 0.9650
vn 0.2968 0.8274 -0.4767
vn 0.2561 0.8048 -0.5354
vn 0.2561 0.8048 -0.5354
vn 0.1289 0.4601 -0.8785
vn 0.1289 0.4601 -0.8785
vn -0.0000 0.0000 0.0000
vn -0.0000 0.0000 0.0000
vn -0.0000 0.0000 0.0000
vn -0.0000 0.0000 0.0000
vn 0.1479 -0.5732 0.8060
vn 0.1479 -0.5732 0.8060
vn 0.5420 0.2003 0.8162
vn 0.1800 -0.4276 0.8859
vn 0.1800 -0.4276 0.8859
vn 0.1800 -0.4276 0.8859
vn -0.4813 -0.5811 0.6562
vn -0.4813 -0.5811 0.6562
vn 0.2474 -0.9541 -0.1688
vn 0.2474 -0.9541 -0.1688
vn -0.1552 -0.7990 0.5809
vn 0.1108 -0.3561 -0.9279
vn -0.8054 0.5918 0.0333
vn -0.8054 0.5918 0.0333
vn -0.0163 0.9515 0.3071
vn -0.0163 0.9515 0.3071
vn -0.0163 0.9515 0.3071
vn -0.0163 0.9515 0.3071
vn -0.5010 0.2019 -0.8416
vn -0.5010 0.2019 -0.8416
vn -0.5010 0.2019 -0.8416
vn 0.8100 -0.5834 0.0599
vn 0.8100 -0.5834 0.0599
vn -0.4883 -0.7683 0.4139
vn -0.4883 -0.7683 0.4139
vn 0.1266 0.1335 -0.9829
vn 0.0790 -0.6922 0.7173
vn 0.0790 -0.6922 0.7173
vn 0.5888 -0.6696 0.4526
vn 0.5888 -0.6696 0.4526
vn 0.0410 -0.3349 0.9414
vn 0.0410 -0.3349 0.9414
vn 0.3307 -0.9207 0.2073
vn 0.0261 -0.3137 -0.9492
vn -0.4789 -0.6849 -0.5491
vn 0.4625 -0.1527 -0.8734
vn 0.0766 0.4645 0.8822
vn 0.0766 0.4645 0.8822
vn -0.8739 0.4556 -0.1698
vn -0.8739 0.4556 -0.1698
vn -0.0269 0.9475 0.3187
vn 0.2087 -0.1292 0.9694
vn 0.2087 -0.1292 0.9694
vn -0.8429 -0.5313 0.0849
vn 0.0750 -0.4637 0.8828
vn 0.6210 0.5273 -0.5799
vn 0.6210 0.5273 -0.5799
vn 0.1040 -0.1725 -0.9795
vn 0.3640 0.0179 -0.9312
vn 0.4124 -0.0085 -0.9110
vn -0.1062 -0.0912 0.9902
vn 0.1577 -0.9656 0.2069
vn 0.1577 -0.9656 0.2069
vn 0.1577 -0.9656 0.2069
vn 0.1119 0.7921 0.6000
vn 0.1119 0.7921 0.6000
vn 0.1119 0.7921 0.6000
vn 0.8022 0.2744 -0.5303
vn 0.8022 0.2744 -0.5303
vn 0.8022 0.2744 -0.5303
vn 0.2600 0.5895 0.7648
vn 0.2600 0.5895 0.7648
vn 0.1367 0.9050 0.4028
vn -0.2914 0.9502 -0.1100
vn 0.9502 0.2717 -0.1524
vn 0.9502 0.2717 -0.1524
vn 0.9502 0.2717 -0.1524
vn 0.8904 -0.0437 -0.4531
vn 0.8904 -0.0437 -0.4531
vn 0.8904 -0.0437 -0.4531
vn 0.2040 0.9263 -0.3168
vn 0.2040 0.9263 -0.3168
vn 0.1025 0.0917 -0.9905
vn 0.1025 0.0917 -0.9905
vn 0.1025 0.0917 -0.9905
vn 0.1025 0.0917 -0.9905
vn -0.3210 0.9316 -0.1703
vn -0.3210 0.9316 -0.1703
vn -0.3210 0.9316 -0.1703
vn -0.1084 0.8992 0.4239
vn -0.1564 0.7798 0.6061
vn 0.0282 0.5714 -0.8202
vn 0.0282 0.5714 -0.8202
vn 0.1836 -0.5149 0.8374
vn -0.2895 -0.8879 0.3575
vn -0.0000 0.0000 0.0000
vn -0.0000 0.0000 0.0000
vn -0.0000 0.0000 0.0000
vn -0.0000 0.0000 0.0000
vn -0.0000 0.0000 0.0000
vn 0.1908 -0.1268 0.9734
vn 0.1720 0.0004 -0.9851
vn 0.1720 0.0004 -0.9851
vn -0.0072 -0.5295 0.8483
vn -0.0072 -0.5295 0.8483
vn 0.2499 -0.9070 0.3391
vn 0.2499 -0.9070 0.3391
vn -0.0766 -0.9765 0.2012
vn -0.0766 -0.9765 0.2012
vn 0.3655 0.2847 0.8862
vn 0.3655 0.2847 0.8862
vn 0.1002 -0.1793 -0.9787
vn -0.3297 0.6703 0.6648
vn -0.1269 0.7490 0.6503
vn -0.1269 0.7490 0.6503
vn 0.3198 0.8313 0.4547
vn 0.3198 0.8313 0.4547
vn 0.0190 -0.1078 -0.9940
vn -0.3175 -0.7365 0.5973
vn -0.3175 -0.7365 0.5973
vn -0.3175 -0.7365 0.5973
vn -0.4860 -0.8731 0.0387
vn -0.3723 -0.6868 -0.6243
vn -0.3723 -0.6868 -0.6243
vn -0.3723 -0.6868 -0.6243
vn 0.3078 -0.1143 -0.9446
vn -0.4407 -0.8758 -0.1970
vn -0.4407 -0.8758 -0.1970
vn 0.4142 0.6128 0.6730
vn 0.4142 0.6128 0.6730
vn 0.5493 -0.7816 0.2957
vn 0.5493 -0.7816 0.2957
vn 0.2676 0.5387 0.7989
vn 0.6517 -0.6298 -0.4226
vn 0.6517 -0.6298 -0.4226
vn 0.4383 -0.8967 -0.0620
vn 0.4383 -0.8967 -0.0620
vn 0.4383 -0.8967 -0.0620
vn 0.2477 0.3906 0.8866
vn 0.8779 0.2205 -0.4250
vn 0.0931 0.8343 0.5434
vn 0.0931 0.8343 0.5434
vn 0.0931 0.8343 0.5434
vn 0.0931 0.8343 0.5434
vn 0.0760 0.9971 -0.0077
vn 0.0760 0.9971 -0.0077
vn 0.1138 0.8563 0.5037
vn -0.7974 -0.4669 -0.3824
vn -0.7974 -0.4669 -0.3824
vn -0.7974 -0.4669 -0.3824
vn 0.6361 0.2741 -0.7213
vn 0.1005 -0.6396 0.7621
vn 0.1005 -0.6396 0.7621
vn 0.1005 -0.6396 0.7621
vn 0.4585 0.8189 0.3454
vn 0.1741 -0.0265 0.9844
vn 0.1741 -0.0265 0.9844
vn 0.2089 0.1226 0.9702
vn 0.2089 0.1226 0.9702
vn 0.2089 0.1226 0.9702
vn 0.2089 0.1226 0.9702
vn 0.1882 -0.1225 -0.9745
vn 0.1691 -0.2574 0.9514
vn 0.1691 -0.2574 0.9514
vn 0.2287 -0.7276 0.6468
vn 0.2287 -0.7276 0.6468
vn -0.0263 -0.6564 0.7539
vn -0.0263 -0.6564 0.7539
vn 0.5769 0.2209 0.7864
vn 0.5769 0.2209 0.7864
vn 0.5769 0.2209 0.7864
vn 0.5769 0.2209 0.7864
vn 0.5769 0.2209 0.7864
vn 0.1488 -0.1942 -0.9696
vn 0.0000 0.0000 0.0000
vn 0.0000 0.0000 0.0000
vn 0.6874 -0.2961 -0.6631
vn 0.3376 0.7648 -0.5487
vn 0.3376 0.7648 -0.5487
vn 0.3376 0.7648 -0.5487
vn 0.2583 0.9536 -0.1547
vn 0.2583 0.9536 -0.1547
vn 0.7470 0.6261 -0.2235
vn 0.7470 0.6261 -0.2235
vn 0.6395 0.6135 0.4632
vn 0.6952 0.6471 -0.3130
vn 0.6952 0.6471 -0.3130
vn 0.8531 0.4434 0.2750
vn 0.4907 0.2027 -0.8474
vn 0.4907 0.2027 -0.8474
vn 0.4907 0.2027 -0.8474
vn 0.1148 -0.5282 0.8413
vn -0.0151 0.3799 -0.9249
vn -0.0151 0.3799 -0.9249
vn 0.8582 0.0062 0.5132
vn 0.8582 0.0062 0.5132
vn 0.2229 -0.1931 -0.9555
vn 0.2519 0.6217 0.7416
vn 0.2519 0.6217 0.7416
vn 0.3046 0.3844 -0.8715
vn 0.1377 0.6311 -0.7634
vn 0.1377 0.6311 -0.7634
vn 0.1377 0.6311 -0.7634
vn 0.2753 0.9183 0.2847
vn 0.2753 0.9183 0.2847
vn 0.2753 0.9183 0.2847
vn 0.2753 0.9183 0.2847
vn 0.2753 0.9183 0.2847
vn 0.4709 0.6967 0.5411
vn 0.8072 0.0120 0.5902
vn 0.8072 0.0120 0.5902
vn 0.3947 -0.3463 0.8511
vn 0.3947 -0.3463 0.8511
vn -0.4731 -0.0010 0.8810
vn -0.4731 -0.0010 0.8810
vn 0.2509 -0.6199 0.7435
vn 0.2509 -0.6199 0.7435
vn 0.1721 -0.4634 0.8693
vn 0.1721 -0.4634 0.8693
vn 0.3151 -0.1922 -0.9294
vn 0.3151 -0.1922 -0.9294
vn 0.0000 0.0000 0.0000
vn 0.0000 0.0000 0.0000
vn 0.2579 0.4186 -0.8708
vn 0.1091 0.5773 0.8092
vn 0.2080 0.8528 -0.4790
vn 0.2080 0.8528 -0.4790
vn 0.2080 0.8528 -0.4790
vn -0.4006 -0.9158 0.0287
vn -0.2021 -0.0128 0.9793
vn -0.2021 -0.0128 0.9793
vn -0.2021 -0.0128 0.9793
vn -0.2021 -0.0128 0.9793
vn 0.2403 -0.1319 0.9617
vn 0.2980 0.4407 -0.8468
vn 0.2980 0.4407 -0.8468
vn 0.3212 -0.4726 0.8206
vn 0.3212 -0.4726 0.8206
vn 0.3212 -0.4726 0.8206
vn 0.0384 -0.3571 0.9333
vn 0.0384 -0.3571 0.9333
vn -0.0712 0.4903 -0.8687
vn -0.0712 0.4903 -0.8687
vn 0.4876 -0.8730 0.0053
vn 0.4876 -0.8730 0.0053
vn 0.8314 -0.5013 0.2398
vn 0.8314 -0.5013 0.2398
vn 0.7852 -0.5516 0.2813
vn 0.7852 -0.5516 0.2813
vn 0.7852 -0.5516 0.2813
vn 0.7852 -0.5516 0.2813
vn 0.7852 -0.5516 0.2813
vn 0.6584 -0.7228 -0.2101
vn 0.6584 -0.7228 -0.2101
vn 0.6584 -0.7228 -0.2101
vn 0.8524 0.3985 0.3386
vn -0.8918 0.4406 -0.1031
vn -0.8918 0.4406 -0.1031
vn 0.8767 0.4739 0.0825
vn 0.8767 0.4739 0.0825
vn 0.8767 0.4739 0.0825
vn 0.8767 0.4739 0.0825
vn 0.8767 0.4739 0.0825
vn -0.0144 -0.4816 0.8763
vn 0.2261 0.3389 -0.9133
vn 0.7783 -0.3580 0.5159
vn 0.5229 -0.6941 0.4948
vn 0.5229 -0.6941 0.4948
vn 0.5229 -0.6941 0.4948
vn 0.9021 -0.3199 0.2898
vn 0.9021 -0.3199 0.2898
vn 0.4037 -0.9146 0.0228
vn 0.8919 -0.2882 0.3485
vn 0.9153 -0.3812 0.1302
vn 0.3122 -0.0408 -0.9491
vn 0.7782 -0.0364 0.6270
vn 0.7782 -0.0364 0.6270
vn 0.2970 0.6700 0.6804
vn 0.2970 0.6700 0.6804
vn 0.2970 0.6700 0.6804
vn 0.0000 0.0000 0.0000
vn 0.0000 0.0000 0.0000
vn 0.1920 0.8602 0.4724
vn 0.1920 0.8602 0.4724
vn -0.2893 -0.8332 0.4713
vn -0.2893 -0.8332 0.4713
vn 0.2006 -0.5648 0.8004
vn 0.2006 -0.5648 0.8004
vn 0.4652 0.0304 -0.8847
vn 0.0000 0.0000 0.0000
vn 0.0000 0.0000 0.0000
vn 0.2851 0.4057 -0.8684
vn 0.2851 0.4057 -0.8684
vn 0.2066 -0.3807 0.9013
vn 0.8265 0.0617 0.5596
vn 0.7104 0.3104 0.6317
vn 0.7104 0.3104 0.6317
vn 0.5282 0.7125 0.4620
vn 0.5282 0.7125 0.4620
vn -0.1555 0.9183 -0.3641
vn -0.1555 0.9183 -0.3641
vn -0.1555 0.9183 -0.3641
vn 0.6934 0.2164 -0.6873
vn 0.6934 0.2164 -0.6873
vn 0.6934 0.2164 -0.6873
vn 0.5298 0.8423 0.0990
vn -0.4369 0.1530 -0.8864
vn -0.4369 0.1530 -0.8864
vn 0.9391 0.0158 0.3433
vn 0.9391 0.0158 0.3433
vn 0.9370 -0.1580 -0.3114
vn 0.9370 -0.1580 -0.3114
vn 0.2949 0.0250 -0.9552
vn 0.4296 0.1724 -0.8864
vn 0.3260 -0.3181 0.8902
vn 0.3260 -0.3181 0.8902
vn 0.0080 -0.0885 0.9960
vn 0.0080 -0.0885 0.9960
vn 0.8906 -0.0514 0.4518
vn 0.8906 -0.0514 0.4518
vn 0.8906 -0.0514 0.4518
vn 0.8906 -0.0514 0.4518
vn 0.3833 0.6921 0.6116
vn 0.1867 0.8082 -0.5586
vn 0.1867 0.8082 -0.5586
vn 0.2589 0.8538 0.4518
vn 0.3938 0.8983 -0.1948
vn 0.3938 0.8983 -0.1948
vn 0.3938 0.8983 -0.1948
vn 0.3938 0.8983 -0.1948
vn 0.3046 0.9143 -0.2668
vn -0.2522 -0.9375 -0.2397
vn -0.2522 -0.9375 -0.2397
vn -0.2522 -0.9375 -0.2397
vn -0.2522 -0.9375 -0.2397
vn -0.2522 -0.9375 -0.2397
vn 0.3508 -0.6117 0.7090
vn 0.3508 -0.6117 0.7090
vn 0.7674 -0.2395 -0.5948
vn 0.7674 -0.2395 -0.5948
vn 0.7674 -0.2395 -0.5948
vn 0.1387 -0.1153 -0.9836
vn -0.2642 -0.1437 0.9537
vn -0.2642 -0.1437 0.9537
vn 0.3916 -0.5044 0.7696
vn 0.3916 -0.5044 0.7696
vn 0.4972 -0.3240 -0.8049
vn 0.4972 -0.3240 -0.8049
vn 0.9626 0.0404 0.2678
vn 0.9626 0.0404 0.2678
vn 0.6783 0.0035 0.7348
vn 0.6825 -0.0885 0.7255
vn 0.6478 0.7589 -0.0667
vn 0.6478 0.7589 -0.0667
vn 0.6478 0.7589 -0.0667
vn 0.6478 0.7589 -0.0667
vn 0.6803 0.7008 -0.2145
vn 0.6803 0.7008 -0.2145
vn 0.6803 0.7008 -0.2145
vn 0.6803 0.7008 -0.2145
vn 0.6803 0.7008 -0.2145
vn 0.6803 0.7008 -0.2145
vn 0.0000 -0.0000 -0.0000
vn 0.0000 -0.0000 -0.0000
vn 0.0694 0.7457 -0.6627
vn 0.0694 0.7457 -0.6627
vn 0.0694 0.7457 -0.6627
vn 0.0694 0.7457 -0.6627
vn 0.0694 0.7457 -0.6627
vn 0.5640 0.6955 0.4451
vn 0.2972 0.9538 -0.0449
vn -0.0503 -0.7840 0.6187
vn 0.5235 -0.4317 0.7345
vn 0.5235 -0.4317 0.7345
vn 0.1097 -0.6020 0.7909
vn 0.1097 -0.6020 0.7909
vn 0.7620 -0.5741 0.2996
vn 0.7620 -0.5741 0.2996
vn 0.8592 -0.3063 0.4098
vn 0.8592 -0.3063 0.4098
vn 0.6689 -0.3051 0.6779
vn 0.6689 -0.3051 0.6779
vn 0.7614 0.2445 -0.6004
vn 0.7614 0.2445 -0.6004
vn 0.7974 0.4011 0.4508
vn 0.7974 0.4011 0.4508
vn 0.2973 0.5449 -0.7840
vn 0.2183 0.9645 -0.1484
vn -0.4621 -0.8769 -0.1324
vn -0.4621 -0.8769 -0.1324
vn 0.3630 0.7831 -0.5049
vn 0.3630 0.7831 -0.5049
vn 0.3134 0.1096 0.9433
vn 0.3281 0.2780 0.9028
vn 0.3052 -0.6202 0.7226
vn 0.2577 -0.0350 -0.9656
vn 0.4576 -0.8877 0.0516
vn 0.4576 -0.8877 0.0516
vn 0.6268 -0.2845 -0.7254
vn 0.6268 -0.2845 -0.7254
vn 0.5398 -0.0895 -0.8370
vn 0.5398 -0.0895 -0.8370
vn 0.5398 -0.0895 -0.8370
vn 0.6629 0.0713 -0.7453
vn 0.6629 0.0713 -0.7453
vn 0.5666 0.2869 -0.7724
vn 0.6331 0.2024 -0.7472
vn 0.6331 0.2024 -0.7472
vn 0.5197 0.7352 0.4352
vn 0.2725 0.9121 -0.3061
vn 0.6379 0.0008 -0.7701
vn 0.6379 0.0008 -0.7701
vn -0.4629 -0.8514 -0.2465
vn -0.5975 -0.7906 0.1343
vn -0.5975 -0.7906 0.1343
vn -0.3157 -0.8589 -0.4032
vn 0.1872 -0.1474 0.9712
vn 0.1421 -0.6564 -0.7409
vn 0.1421 -0.6564 -0.7409
vn 0.4797 -0.5735 0.6641
vn 0.4797 -0.5735 0.6641
vn 0.3716 -0.3113 0.8746
vn 0.3716 -0.3113 0.8746
vn 0.3716 -0.3113 0.8746
vn 0.4228 -0.3909 0.8176
vn 0.4228 -0.3909 0.8176
vn 0.8035 -0.2957 0.5167
vn 0.5444 -0.0997 -0.8329
vn 0.5444 -0.0997 -0.8329
vn 0.5444 -0.0997 -0.8329
vn 0.5911 0.2993 -0.7490
vn 0.6178 0.7443 0.2536
vn 0.6178 0.7443 0.2536
vn 0.3926 0.7151 0.5783
vn -0.1934 -0.8230 0.5341
vn -0.1934 -0.8230 0.5341
vn 0.0000 0.0000 0.0000
vn 0.0000 0.0000 0.0000
vn -0.0458 -0.3302 -0.9428
vn -0.0458 -0.3302 -0.9428
vn -0.0458 -0.3302 -0.9428
vn -0.0458 -0.3302 -0.9428
vn 0.0325 -0.4180 -0.9079
vn 0.0325 -0.4180 -0.9079
vn -0.6694 -0.3583 0.6508
vn -0.6694 -0.3583 0.6508
vn -0.6694 -0.3583 0.6508
vn -0.6694 -0.3583 0.6508
vn -0.6694 -0.3583 0.6508
vn -0.6694 -0.3583 0.6508
vn 0.7715 -0.2372 -0.5904
vn 0.7715 -0.2372 -0.5904
vn 0.4673 -0.1708 -0.8674
vn 0.4673 -0.1708 -0.8674
vn 0.4673 -0.1708 -0.8674
vn 0.4673 -0.1708 -0.8674
vn 0.4082 0.1403 0.9021
vn 0.4082 0.1403 0.9021
vn 0.4082 0.1403 0.9021
vn 0.3079 -0.4132 -0.8570
vn 0.3079 -0.4132 -0.8570
vn -0.1131 0.6176 -0.7783
vn -0.1131 0.6176 -0.7783
vn 0.8574 0.2260 0.4624
vn 0.8574 0.2260 0.4624
vn 0.6515 -0.0141 -0.7585
vn 0.6515 -0.0141 -0.7585
vn 0.6515 -0.0141 -0.7585
vn 0.6515 -0.0141 -0.7585
vn 0.5661 0.1244 -0.8149
vn 0.2936 0.4896 -0.8211
vn 0.2936 0.4896 -0.8211
vn 0.5334 0.8072 0.2530
vn 0.5292 0.7847 0.3228
vn 0.0333 0.9359 0.3508
vn -0.8696 -0.1692 0.4639
vn -0.8696 -0.1692 0.4639
vn -0.8696 -0.1692 0.4639
vn -0.4740 0.1017 0.8746
vn -0.8662 -0.2866 0.4093
vn 0.7989 -0.2361 -0.5533
vn 0.7989 -0.2361 -0.5533
vn -0.3931 -0.6497 0.6507
vn -0.3931 -0.6497 0.6507
vn -0.3931 -0.6497 0.6507
vn 0.4061 0.1628 -0.8992
vn 0.0880 -0.4012 0.9118
vn 0.7702 -0.5179 -0.3723
vn 0.7702 -0.5179 -0.3723
vn 0.5690 -0.6108 -0.5507
vn 0.5690 -0.6108 -0.5507
vn 0.5690 -0.6108 -0.5507
vn 0.5690 -0.6108 -0.5507
vn 0.7065 -0.6604 -0.2542
vn 0.7065 -0.6604 -0.2542
vn 0.7065 -0.6604 -0.2542
vn 0.1032 0.9878 -0.1169
vn 0.1032 0.9878 -0.1169
vn 0.5211 0.3600 -0.7739
vn 0.8592 0.3998 0.3192
vn 0.7304 0.6117 0.3039
vn 0.7304 0.6117 0.3039
vn -0.1179 0.7748 -0.6211
vn -0.1179 0.7748 -0.6211
vn 0.5784 0.8133 0.0625
vn -0.3823 -0.4751 0.7926
vn -0.3823 -0.4751 0.7926
vn -0.3823 -0.4751 0.7926
vn -0.8156 0.1501 0.5588
vn -0.8156 0.1501 0.5588
vn 0.0403 -0.1009 0.9941
vn 0.6519 0.1325 -0.7466
vn 0.6519 0.1325 -0.7466
vn 0.3433 -0.2755 0.8979
vn 0.4723 -0.2598 0.8423
vn 0.4723 -0.2598 0.8423
vn 0.1877 -0.9461 -0.2640
vn 0.1877 -0.9461 -0.2640
vn 0.5480 0.2631 -0.7940
vn 0.8763 0.1687 0.4513
vn 0.8763 0.1687 0.4513
vn 0.3360 0.4363 -0.8347
vn 0.1118 0.8315 0.5442
vn 0.1118 0.8315 0.5442
vn 0.1118 0.8315 0.5442
vn 0.1118 0.8315 0.5442
vn 0.1118 0.8315 0.5442
vn -0.7402 0.0683 0.6689
vn -0.7402 0.0683 0.6689
vn -0.4276 -0.6287 -0.6495
vn -0.4276 -0.6287 -0.6495
vn -0.3002 -0.8634 0.4055
vn 0.0107 0.1107 0.9938
vn 0.6010 0.0560 0.7973
vn 0.6010 0.0560 0.7973
vn 0.0770 -0.5983 0.7975
vn 0.2828 -0.2640 -0.9221
vn 0.2828 -0.2640 -0.9221
vn 0.7993 -0.6010 0.0044
vn 0.7993 -0.6010 0.0044
vn -0.0204 0.8771 -0.4799
vn -0.0204 0.8771 -0.4799
vn 0.5534 -0.1927 0.8103
vn 0.5534 -0.1927 0.8103
vn -0.2408 0.1270 -0.9622
vn 0.4042 -0.2842 0.8694
vn 0.4042 -0.2842 0.8694
vn 0.1945 -0.8605 -0.4708
vn 0.1945 -0.8605 -0.4708
vn -0.7703 -0.1629 0.6165
vn -0.2899 0.3284 0.8990
vn 0.3051 0.4326 0.8484
vn 0.3051 0.4326 0.8484
vn 0.2953 -0.5133 0.8058
vn 0.2953 -0.5133 0.8058
vn 0.5047 -0.0939 -0.8582
vn 0.8206 -0.4661 0.3308
vn 0.8206 -0.4661 0.3308
vn 0.8206 -0.4661 0.3308
vn 0.0000 0.0000 0.0000
vn 0.0000 0.0000 0.0000
vn -0.0565 0.5401 0.8397
vn -0.0565 0.5401 0.8397
vn 0.4522 0.5331 0.7151
vn -0.8247 -0.4850 0.2908
vn -0.8247 -0.4850 0.2908
vn -0.5563 -0.5948 -0.5802
vn -0.5563 -0.5948 -0.5802
vn -0.5563 -0.5948 -0.5802
vn 0.3703 -0.2738 -0.8877
vn 0.3703 -0.2738 -0.8877
vn 0.3703 -0.2738 -0.8877
vn 0.3703 -0.2738 -0.8877
vn 0.3703 -0.2738 -0.8877
vn -0.9520 -0.2485 0.1789
vn -0.0921 -0.4522 0.8871
vn -0.0921 -0.4522 0.8871
vn -0.1763 0.3966 0.9009
vn -0.1763 0.3966 0.9009
vn 0.7504 0.2758 0.6007
vn 0.5975 -0.5390 0.5937
vn 0.5975 -0.5390 0.5937
vn 0.5606 0.0658 0.8255
vn 0.5606 0.0658 0.8255
vn 0.4184 -0.2914 0.8602
vn 0.3426 -0.1638 0.9251
vn 0.8185 -0.2664 0.5090
vn 0.8185 -0.2664 0.5090
vn 0.9176 0.0228 0.3968
vn -0.5511 0.4653 0.6927
vn 0.6090 0.0998 -0.7868
vn 0.6090 0.0998 -0.7868
vn 0.3598 0.7983 -0.4830
vn 0.3598 0.7983 -0.4830
vn 0.3598 0.7983 -0.4830
vn 0.5640 0.8125 -0.1475
vn 0.5640 0.8125 -0.1475
vn 0.6653 0.6499 0.3673
vn 0.6102 0.6882 -0.3926
vn 0.6102 0.6882 -0.3926
vn -0.3493 -0.1177 -0.9296
vn -0.3493 -0.1177 -0.9296
vn 0.6485 -0.0587 -0.7589
vn 0.6485 -0.0587 -0.7589
vn 0.6485 -0.0587 -0.7589
vn 0.6485 -0.0587 -0.7589
vn 0.7321 0.0414 -0.6800
vn 0.7321 0.0414 -0.6800
vn 0.0000 0.0000 0.0000
vn 0.0000 0.0000 0.0000
vn 0.0010 0.4625 -0.8866
vn 0.0010 0.4625 -0.8866
vn 0.2076 0.7989 -0.5645
vn -0.1398 -0.1137 0.9836
vn 0.3312 -0.9062 -0.2629
vn 0.3312 -0.9062 -0.2629
vn 0.3312 -0.9062 -0.2629
vn 0.3312 -0.9062 -0.2629
vn 0.5235 -0.0680 0.8493
vn 0.5235 -0.0680 0.8493
vn 0.2137 0.3986 -0.8919
vn 0.2137 0.3986 -0.8919
vn 0.8014 -0.3928 0.4511
vn 0.6199 -0.7827 -0.0563
vn 0.6199 -0.7827 -0.0563
vn 0.9287 -0.1765 0.3262
vn 0.9287 -0.1765 0.3262
vn 0.9287 -0.1765 0.3262
vn 0.9287 -0.1765 0.3262
vn 0.9481 -0.0002 0.3181
vn 0.9032 0.1129 0.4141
vn 0.9032 0.1129 0.4141
vn 0.9758 0.1792 0.1250
vn 0.9559 -0.2595 0.1376
vn -0.0528 0.9580 -0.2818
vn -0.0528 0.9580 -0.2818
vn -0.0528 0.9580 -0.2818
vn -0.0528 0.9580 -0.2818
vn 0.8405 0.4550 0.2941
vn 0.8405 0.4550 0.2941
vn 0.8405 0.4550 0.2941
vn 0.7136 0.5805 0.3921
vn 0.7136 0.5805 0.3921
vn 0.7136 0.5805 0.3921
vn 0.7136 0.5805 0.3921
vn 0.7037 0.5023 0.5026
vn 0.7037 0.5023 0.5026
vn 0.7275 0.5528 0.4064
vn 0.7275 0.5528 0.4064
vn -0.6086 -0.7637 -0.2153
vn -0.6086 -0.7637 -0.2153
vn -0.6086 -0.7637 -0.2153
vn -0.3666 -0.9020 -0.2279
vn -0.3666 -0.9020 -0.2279
vn -0.4533 0.5051 0.7344
vn 0.6435 0.0223 0.7651
vn 0.6435 0.0223 0.7651
vn 0.5724 -0.1514 -0.8059
vn 0.5724 -0.1514 -0.8059
vn 0.3475 -0.5665 0.7473
vn 0.3475 -0.5665 0.7473
vn 0.4539 -0.4659 -0.7595
vn 0.4539 -0.4659 -0.7595
vn 0.3929 -0.0842 0.9157
vn 0.3929 -0.0842 0.9157
vn 0.3929 -0.0842 0.9157
vn 0.7548 -0.3154 0.5752
vn 0.7548 -0.3154 0.5752
vn 0.9858 -0.0913 0.1410
vn 0.9858 -0.0913 0.1410
vn 0.1348 0.3414 -0.9302
vn 0.5492 0.1436 -0.8233
vn 0.8108 0.5721 -0.1235
vn 0.8108 0.5721 -0.1235
vn 0.8108 0.5721 -0.1235
vn 0.8108 0.5721 -0.1235
vn 0.8351 -0.2167 0.5057
vn 0.8351 -0.2167 0.5057
vn 0.3839 0.5562 -0.7370
vn 0.3839 0.5562 -0.7370
vn 0.3839 0.5562 -0.7370
vn 0.6120 0.5656 -0.5528
vn 0.6120 0.5656 -0.5528
vn 0.6358 0.7697 0.0569
vn 0.5514 0.8162 -0.1726
vn 0.5514 0.8162 -0.1726
vn -0.6921 -0.4020 0.5995
vn -0.6921 -0.4020 0.5995
vn -0.6921 -0.4020 0.5995
vn -0.6921 -0.4020 0.5995
vn -0.3135 -0.5689 0.7603
vn -0.3135 -0.5689 0.7603
vn -0.5830 -0.2130 0.7841
vn 0.7371 -0.0181 -0.6755
vn 0.7371 -0.0181 -0.6755
vn 0.7371 -0.0181 -0.6755
vn 0.6294 -0.5493 0.5497
vn 0.6294 -0.5493 0.5497
vn 0.4120 -0.2454 0.8775
vn 0.4120 -0.2454 0.8775
vn 0.4120 -0.2454 0.8775
vn 0.6249 -0.0038 -0.7807
vn 0.6249 -0.0038 -0.7807
vn 0.5439 0.0807 0.8353
vn 0.5439 0.0807 0.8353
vn 0.5439 0.0807 0.8353
vn 0.5439 0.0807 0.8353
vn 0.7455 0.2299 -0.6256
vn 0.7455 0.2299 -0.6256
vn 0.7455 0.2299 -0.6256
vn 0.7455 0.2299 -0.6256
vn 0.7455 0.2299 -0.6256
vn -0.7165 0.6960 0.0466
vn -0.7165 0.6960 0.0466
vn -0.7165 0.6960 0.0466
vn -0.7165 0.6960 0.0466
vn -0.7165 0.6960 0.0466
vn 0.6815 0.6583 0.3196
vn 0.6815 0.6583 0.3196
vn -0.4025 0.8869 0.2269
vn -0.4025 0.8869 0.2269
vn -0.4025 0.8869 0.2269
vn 0.0000 -0.0000 -0.0000
vn 0.0000 -0.0000 -0.0000
vn 0.0000 -0.0000 -0.0000
vn -0.3443 -0.3520 0.8704
vn -0.1087 -0.9313 -0.3476
vn -0.1087 -0.9313 -0.3476
vn -0.2860 0.1988 -0.9374
vn -0.2860 0.1988 -0.9374
vn 0.5349 0.3288 -0.7783
vn 0.3001 -0.0282 -0.9535
vn 0.3001 -0.0282 -0.9535
vn 0.2924 -0.1288 0.9476
vn 0.2924 -0.1288 0.9476
vn 0.2924 -0.1288 0.9476
vn 0.7717 -0.4612 -0.4380
vn 0.7717 -0.4612 -0.4380
vn 0.1251 0.4180 -0.8998
vn 0.1251 0.4180 -0.8998
vn 0.7708 -0.2154 0.5995
vn 0.7708 -0.2154 0.5995
vn 0.3631 0.1282 -0.9229
vn 0.7881 -0.2832 -0.5465
vn 0.7881 -0.2832 -0.5465
vn 0.0000 0.0000 0.0000
vn 0.0000 0.0000 0.0000
vn -0.0882 0.6462 0.7581
vn -0.0882 0.6462 0.7581
vn -0.0882 0.6462 0.7581
vn -0.0882 0.6462 0.7581
vn 0.7838 0.0186 -0.6208
vn 0.7838 0.0186 -0.6208
vn 0.0883 -0.9778 0.1903
vn 0.0883 -0.9778 0.1903
vn 0.3195 0.9095 -0.2659
vn 0.3195 0.9095 -0.2659
vn -0.6199 -0.7836 -0.0419
vn -0.6199 -0.7836 -0.0419
vn -0.4307 0.0501 0.9011
vn 0.6711 0.0312 -0.7407
vn 0.8500 -0.2203 0.4786
vn 0.5879 -0.2480 -0.7700
vn 0.5879 -0.2480 -0.7700
vn 0.3563 -0.0950 0.9295
vn 0.8498 0.0410 0.5255
vn 0.8498 0.0410 0.5255
vn 0.8498 0.0410 0.5255
vn 0.8489 -0.1149 -0.5159
vn 0.8489 -0.1149 -0.5159
vn 0.8489 -0.1149 -0.5159
vn 0.8375 -0.0267 0.5458
vn 0.8258 -0.4537 0.3350
vn 0.8258 -0.4537 0.3350
vn 0.8038 0.3072 -0.5094
vn 0.8038 0.3072 -0.5094
vn 0.7507 0.5291 0.3956
vn 0.8946 0.4236 0.1421
vn 0.8946 0.4236 0.1421
vn 0.3284 0.2738 0.9040
vn 0.3284 0.2738 0.9040
vn -0.3365 0.9409 0.0379
vn -0.3365 0.9409 0.0379
vn -0.3365 0.9409 0.0379
vn -0.3365 0.9409 0.0379
vn -0.3365 0.9409 0.0379
vn -0.1667 0.1226 0.9783
vn 0.4696 0.0640 0.8805
vn 0.7983 0.0661 -0.5986
vn 0.7983 0.0661 -0.5986
vn 0.6334 -0.0056 0.7738
vn 0.6334 -0.0056 0.7738
vn 0.6334 -0.0056 0.7738
vn 0.6334 -0.0056 0.7738
vn 0.7512 -0.4971 0.4342
vn 0.7512 -0.4971 0.4342
vn 0.4856 -0.1464 0.8619
vn 0.5009 -0.4360 0.7477
vn 0.5009 -0.4360 0.7477
vn 0.5009 -0.4360 0.7477
vn 0.5009 -0.4360 0.7477
vn 0.8273 -0.3401 0.4471
vn 0.8273 -0.3401 0.4471
vn 0.8273 -0.3401 0.4471
vn 0.8273 -0.3401 0.4471
vn 0.9872 -0.1443 -0.0687
vn 0.8843 0.4309 0.1798
vn 0.8843 0.4309 0.1798
vn 0.7830 0.1047 -0.6131
vn 0.7830 0.1047 -0.6131
vn 0.0516 0.4039 -0.9133
vn 0.0516 0.4039 -0.9133
vn 0.0516 0.4039 -0.9133
vn 0.0516 0.4039 -0.9133
vn 0.0516 0.4039 -0.9133
vn 0.5927 0.6781 -0.4346
vn 0.5927 0.6781 -0.4346
vn 0.5927 0.6781 -0.4346
vn 0.4455 0.8601 -0.2486
vn 0.4455 0.8601 -0.2486
vn 0.4455 0.8601 -0.2486
vn 0.4455 0.8601 -0.2486
vn 0.4455 0.8601 -0.2486
vn 0.4455 0.8601 -0.2486
vn 0.6499 0.6877 0.3236
vn 0.6499 0.6877 0.3236
vn -0.9370 -0.2995 0.1801
vn -0.9370 -0.2995 0.1801
vn 0.3305 -0.1367 -0.9339
vn 0.3305 -0.1367 -0.9339
vn -0.3753 -0.8457 0.3793
vn -0.6999 -0.3748 0.6080
vn -0.6999 -0.3748 0.6080
vn 0.6453 -0.0201 -0.7637
vn 0.6453 -0.0201 -0.7637
vn 0.6453 -0.0201 -0.7637
vn 0.6453 -0.0201 -0.7637
vn 0.6453 -0.0201 -0.7637
vn -0.3389 0.3751 0.8628
vn -0.3389 0.3751 0.8628
vn 0.7658 0.1079 -0.6340
vn 0.7658 0.1079 -0.6340
vn -0.6170 -0.4228 0.6638
vn -0.6170 -0.4228 0.6638
vn 0.1842 0.3026 0.9351
vn 0.1842 0.3026 0.9351
vn 0.7207 0.2866 -0.6312
vn 0.7207 0.2866 -0.6312
vn 0.7868 0.0455 0.6155
vn 0.7868 0.0455 0.6155
vn 0.8745 0.1799 0.4505
vn -0.2846 0.8788 0.3830
vn -0.2846 0.8788 0.3830
vn -0.2846 0.8788 0.3830
vn 0.7124 0.6994 -0.0579
vn 0.7124 0.6994 -0.0579
vn 0.6664 0.7456 -0.0017
vn 0.6664 0.7456 -0.0017
vn 0.6664 0.7456 -0.0017
vn 0.1003 -0.9504 0.2945
vn 0.1003 -0.9504 0.2945
vn -0.2921 0.5583 0.7765
vn 0.8071 -0.4346 0.3996
vn 0.2109 0.2623 0.9417
vn 0.2109 0.2623 0.9417
vn 0.2473 -0.7951 -0.5538
vn 0.2473 -0.7951 -0.5538
vn 0.8867 -0.1736 0.4285
vn 0.5983 0.0448 -0.8000
vn 0.5983 0.0448 -0.8000
vn 0.5983 0.0448 -0.8000
vn 0.8523 -0.2425 0.4635
vn 0.8523 -0.2425 0.4635
vn 0.6046 0.7964 0.0140
vn 0.6046 0.7964 0.0140
vn 0.6046 0.7964 0.0140
vn 0.7487 -0.6330 -0.1967
vn 0.7487 -0.6330 -0.1967
vn -0.4266 -0.4611 0.7780
vn -0.4266 -0.4611 0.7780
vn -0.3842 -0.0995 0.9179
vn 0.4639 -0.4650 -0.7541
vn -0.2077 0.6280 0.7500
vn 0.7506 -0.3701 0.5474
vn 0.7506 -0.3701 0.5474
vn 0.6508 0.1952 0.7337
vn 0.6508 0.1952 0.7337
vn 0.7173 0.5572 0.4183
vn 0.7259 0.6656 0.1731
vn 0.7259 0.6656 0.1731
vn 0.7259 0.6656 0.1731
vn 0.7259 0.6656 0.1731
vn 0.7259 0.6656 0.1731
vn -0.6955 -0.4106 -0.5897
vn -0.6955 -0.4106 -0.5897
vn -0.9069 -0.2731 0.3209
vn -0.7451 0.6185 -0.2494
vn -0.7451 0.6185 -0.2494
vn -0.6985 -0.0026 0.7156
vn -0.6985 -0.0026 0.7156
vn -0.6985 -0.0026 0.7156
vn -0.6985 -0.0026 0.7156
vn 0.3961 0.2726 0.8768
vn 0.3961 0.2726 0.8768
vn 0.1071 -0.9622 0.2504
vn 0.1071 -0.9622 0.2504
vn 0.4412 0.1199 0.8894
vn 0.4412 0.1199 0.8894
vn 0.2057 0.5082 -0.8363
vn 0.2057 0.5082 -0.8363
vn -0.2602 0.2177 -0.9407
vn -0.2602 0.2177 -0.9407
vn -0.2602 0.2177 -0.9407
vn 0.6568 0.3654 0.6596
vn 0.6568 0.3654 0.6596
vn 0.6568 0.3654 0.6596
vn 0.6568 0.3654 0.6596
vn 0.0000 0.0000 0.0000
vn 0.0000 0.0000 0.0000
vn 0.9719 0.0358 0.2328
vn 0.0000 0.0000 0.0000
vn 0.0000 0.0000 0.0000
vn 0.1006 -0.3327 -0.9377
vn -0.2377 0.8911 -0.3866
vn -0.2377 0.8911 -0.3866
vn -0.7267 -0.5502 0.4113
vn -0.7267 -0.5502 0.4113
vn -0.7267 -0.5502 0.4113
vn -0.9835 0.1140 -0.1407
vn -0.7324 -0.5807 0.3554
vn -0.7324 -0.5807 0.3554
vn -0.7324 -0.5807 0.3554
vn 0.8707 -0.4030 -0.2819
vn -0.2298 -0.9071 0.3527
vn -0.2298 -0.9071 0.3527
vn 0.7563 -0.0009 -0.6543
vn 0.7563 -0.0009 -0.6543
vn 0.6805 0.1551 -0.7162
vn 0.6805 0.1551 -0.7162
vn 0.5180 0.2656 0.8131
vn 0.5180 0.2656 0.8131
vn 0.5758 0.1648 -0.8008
vn 0.5758 0.1648 -0.8008
vn 0.4145 0.0837 0.9062
vn 0.4145 0.0837 0.9062
vn -0.1969 0.9350 0.2949
vn 0.8726 -0.1451 0.4663
vn 0.8726 -0.1451 0.4663
vn 0.8283 0.1062 -0.5502
vn 0.8283 0.1062 -0.5502
vn 0.8283 0.1062 -0.5502
vn 0.8283 0.1062 -0.5502
vn 0.7848 -0.2140 0.5816
vn 0.7848 -0.2140 0.5816
vn 0.7848 -0.2140 0.5816
vn 0.1583 -0.1994 0.9671
vn 0.6811 0.5857 0.4394
vn 0.6811 0.5857 0.4394
vn 0.6811 0.5857 0.4394
vn -0.7273 -0.6516 -0.2157
vn -0.7273 -0.6516 -0.2157
vn -0.8287 0.0310 0.5589
vn -0.8287 0.0310 0.5589
vn -0.9997 -0.0213 0.0154
vn -0.9997 -0.0213 0.0154
vn -0.6542 0.5901 -0.4731
vn -0.6542 0.5901 -0.4731
vn -0.6542 0.5901 -0.4731
vn -0.8057 0.4542 -0.3803
vn 0.0459 -0.5889 0.8069
vn 0.0459 -0.5889 0.8069
vn 0.0459 -0.5889 0.8069
vn 0.0459 -0.5889 0.8069
vn 0.0459 -0.5889 0.8069
vn 0.5453 -0.5774 -0.6077
vn 0.5453 -0.5774 -0.6077
vn 0.5453 -0.5774 -0.6077
vn 0.6803 0.4272 0.5956
vn 0.6803 0.4272 0.5956
vn 0.8891 -0.4200 0.1820
vn 0.8891 -0.4200 0.1820
vn 0.4874 0.0075 -0.8732
vn 0.5338 -0.1504 -0.8321
vn 0.8350 0.2466 -0.4920
vn 0.0000 0.0000 0.0000
vn 0.0000 0.0000 0.0000
vn -0.7880 -0.0143 0.6155
vn -0.7880 -0.0143 0.6155
vn 0.3218 0.6838 -0.6548
vn 0.3218 0.6838 -0.6548
vn 0.3218 0.6838 -0.6548
vn 0.3218 0.6838 -0.6548
vn -0.4871 0.3144 -0.8148
vn -0.4871 0.3144 -0.8148
vn -0.4871 0.3144 -0.8148
vn 0.4664 -0.4248 0.7759
vn 0.4664 -0.4248 0.7759
vn -0.0286 -0.3422 0.9392
vn -0.0286 -0.3422 0.9392
vn -0.0286 -0.3422 0.9392
vn 0.3529 0.3016 0.8857
vn 0.3529 0.3016 0.8857
vn 0.6258 0.1264 0.7697
vn 0.6258 0.1264 0.7697
vn 0.6258 0.1264 0.7697
vn 0.6258 0.1264 0.7697
vn 0.6269 -0.6270 -0.4625
vn 0.6269 -0.6270 -0.4625
vn 0.6269 -0.6270 -0.4625
vn 0.5756 -0.6138 0.5402
vn 0.5756 -0.6138 0.5402
vn 0.5756 -0.6138 0.5402
vn 0.5756 -0.6138 0.5402
vn 0.4783 -0.6216 -0.6203
vn 0.4783 -0.6216 -0.6203
vn 0.4783 -0.6216 -0.6203
vn 0.4783 -0.6216 -0.6203
vn 0.4783 -0.6216 -0.6203
vn 0.2746 -0.4319 0.8591
vn 0.2746 -0.4319 0.8591
vn 0.2746 -0.4319 0.8591
vn 0.6223 0.0885 0.7777
vn 0.5202 -0.5726 0.6337
vn 0.7021 -0.2235 0.6761
vn 0.7021 -0.2235 0.6761
vn 0.2935 0.2046 -0.9338
vn -0.2900 0.2424 0.9258
vn -0.2900 0.2424 0.9258
vn 0.1248 0.3917 -0.9116
vn 0.1248 0.3917 -0.9116
vn 0.1248 0.3917 -0.9116
vn -0.1094 -0.6463 -0.7552
vn -0.1094 -0.6463 -0.7552
vn -0.4531 -0.7668 0.4547
vn -0.4531 -0.7668 0.4547
vn -0.4531 -0.7668 0.4547
vn -0.0000 0.0000 0.0000
vn -0.0000 0.0000 0.0000
vn -0.7586 -0.5097 0.4059
vn -0.7586 -0.5097 0.4059
vn -0.7586 -0.5097 0.4059
vn 0.8446 -0.5200 -0.1278
vn 0.8446 -0.5200 -0.1278
vn 0.8446 -0.5200 -0.1278
vn 0.8446 -0.5200 -0.1278
vn 0.8446 -0.5200 -0.1278
vn -0.3767 -0.7060 0.5998
vn -0.3767 -0.7060 0.5998
vn -0.3767 -0.7060 0.5998
vn 0.4021 0.3418 -0.8494
vn -0.7339 0.3791 -0.5636
vn -0.7339 0.3791 -0.5636
vn -0.5881 0.5204 -0.6192
vn -0.5881 0.5204 -0.6192
vn 0.5842 -0.7039 0.4039
vn 0.5842 -0.7039 0.4039
vn -0.8955 0.1654 0.4132
vn -0.8401 -0.3645 -0.4017
vn -0.8401 -0.3645 -0.4017
vn -0.3864 -0.7071 -0.5922
vn -0.3864 -0.7071 -0.5922
vn -0.9376 0.3391 -0.0776
vn -0.9376 0.3391 -0.0776
vn 0.1611 0.6967 0.6990
vn 0.1611 0.6967 0.6990
vn 0.8210 0.4971 0.2809
vn 0.8210 0.4971 0.2809
vn -0.0664 0.8683 0.4916
vn -0.0664 0.8683 0.4916
vn 0.9500 -0.2696 -0.1579
vn 0.9500 -0.2696 -0.1579
vn 0.9500 -0.2696 -0.1579
vn 0.9500 -0.2696 -0.1579
vn 0.9500 -0.2696 -0.1579
vn 0.9500 -0.2696 -0.1579
vn 0.7406 0.6149 -0.2708
vn 0.7406 0.6149 -0.2708
vn 0.7406 0.6149 -0.2708
vn 0.7406 0.6149 -0.2708
vn 0.7406 0.6149 -0.2708
vn 0.7406 0.6149 -0.2708
vn 0.7406 0.6149 -0.2708
vn 0.9963 -0.0386 0.0772
vn 0.9963 -0.0386 0.0772
vn 0.9963 -0.0386 0.0772
vn 0.9963 -0.0386 0.0772
vn 0.9963 -0.0386 0.0772
vn 0.9963 -0.0386 0.0772
vn 0.0000 0.0000 0.0000
vn 0.0000 0.0000 0.0000
vn 0.9490 -0.2026 -0.2415
vn 0.9490 -0.2026 -0.2415
vn 0.9490 -0.2026 -0.2415
vn 0.5693 -0.6309 0.5270
vn -0.8492 -0.0050 -0.5280
vn -0.8492 -0.0050 -0.5280
vn -0.8492 -0.0050 -0.5280
vn -0.2210 0.7031 -0.6759
vn -0.2210 0.7031 -0.6759
vn 0.6434 0.6066 0.4669
vn 0.6434 0.6066 0.4669
vn -0.3393 0.9138 0.2231
vn -0.3393 0.9138 0.2231
vn -0.3393 0.9138 0.2231
vn -0.3393 0.9138 0.2231
vn -0.9580 0.2809 0.0577
vn -0.9580 0.2809 0.0577
vn -0.3632 -0.9315 0.0215
vn -0.3632 -0.9315 0.0215
vn -0.6256 0.7639 0.1584
vn -0.6256 0.7639 0.1584
vn -0.6774 -0.3097 -0.6673
vn -0.6774 -0.3097 -0.6673
vn -0.3706 -0.7358 0.5668
vn -0.3706 -0.7358 0.5668
vn -0.6191 -0.4317 0.6560
vn -0.1176 0.7803 -0.6143
vn -0.1176 0.7803 -0.6143
vn -0.1176 0.7803 -0.6143
vn 0.8166 -0.0264 -0.5766
vn 0.8166 -0.0264 -0.5766
vn 0.7076 -0.0759 -0.7025
vn 0.7076 -0.0759 -0.7025
vn 0.7076 -0.0759 -0.7025
vn 0.7076 -0.0759 -0.7025
vn 0.7076 -0.0759 -0.7025
vn 0.9424 0.1585 -0.2947
vn 0.9424 0.1585 -0.2947
vn 0.7655 -0.0560 0.6410
vn 0.7655 -0.0560 0.6410
vn 0.7655 -0.0560 0.6410
vn -0.1000 0.6124 0.7842
vn -0.1000 0.6124 0.7842
vn -0.1000 0.6124 0.7842
vn -0.1000 0.6124 0.7842
vn 0.5705 0.6773 0.4645
vn 0.5705 0.6773 0.4645
vn 0.5705 0.6773 0.4645
vn 0.5705 0.6773 0.4645
vn 0.7245 -0.6482 0.2346
vn 0.7245 -0.6482 0.2346
vn 0.6235 0.7409 0.2494
vn 0.6235 0.7409 0.2494
vn 0.6235 0.7409 0.2494
vn 0.6235 0.7409 0.2494
vn 0.7048 -0.4373 0.5586
vn 0.5944 -0.4801 -0.6451
vn 0.5944 -0.4801 -0.6451
vn -0.1841 0.0438 0.9819
vn -0.1841 0.0438 0.9819
vn -0.5087 0.0636 -0.8586
vn -0.5087 0.0636 -0.8586
vn 0.0269 0.7372 -0.6751
vn 0.0269 0.7372 -0.6751
vn 0.4613 0.7632 0.4524
vn 0.4613 0.7632 0.4524
vn 0.4613 0.7632 0.4524
vn 0.4613 0.7632 0.4524
vn -0.5291 -0.8485 0.0043
vn -0.5291 -0.8485 0.0043
vn 0.5471 0.3198 0.7736
vn 0.5471 0.3198 0.7736
vn 0.5471 0.3198 0.7736
vn 0.0493 0.6294 -0.7755
vn -0.0257 -0.4818 0.8759
vn -0.0257 -0.4818 0.8759
vn -0.0257 -0.4818 0.8759
vn -0.0257 -0.4818 0.8759
vn -0.0257 -0.4818 0.8759
vn -0.4025 -0.9123 -0.0756
vn -0.4025 -0.9123 -0.0756
vn -0.4182 -0.8596 -0.2934
vn -0.4182 -0.8596 -0.2934
vn -0.5299 -0.7186 0.4503
vn -0.5299 -0.7186 0.4503
vn 0.5650 -0.3747 -0.7351
vn 0.5650 -0.3747 -0.7351
vn -0.6773 -0.6809 0.2786
vn -0.6773 -0.6809 0.2786
vn -0.2738 -0.7771 0.5667
vn -0.2738 -0.7771 0.5667
vn -0.2738 -0.7771 0.5667
vn -0.2738 -0.7771 0.5667
vn 0.4864 0.7091 -0.5105
vn 0.4864 0.7091 -0.5105
vn 0.4864 0.7091 -0.5105
vn 0.4864 0.7091 -0.5105
vn 0.3917 0.3163 0.8640
vn 0.3917 0.3163 0.8640
vn 0.6037 0.1769 0.7773
vn 0.6037 0.1769 0.7773
vn 0.6037 0.1769 0.7773
vn -0.2257 0.0719 0.9715
vn -0.2257 0.0719 0.9715
vn 0.8569 -0.3278 -0.3978
vn 0.8569 -0.3278 -0.3978
vn 0.8946 0.0590 0.4430
vn 0.6224 -0.4536 0.6378
vn 0.6224 -0.4536 0.6378
vn 0.6224 -0.4536 0.6378
vn 0.6224 -0.4536 0.6378
vn -0.8593 -0.4689 0.2044
vn 0.1693 0.0518 -0.9842
vn 0.1693 0.0518 -0.9842
vn 0.2433 0.7228 0.6468
vn 0.2433 0.7228 0.6468
vn 0.2433 0.7228 0.6468
vn 0.0000 0.0000 0.0000
vn 0.0000 0.0000 0.0000
vn -0.8247 0.1152 -0.5537
vn -0.8247 0.1152 -0.5537
vn -0.8247 0.1152 -0.5537
vn -0.7497 0.3029 0.5883
vn -0.7497 0.3029 0.5883
vn -0.4778 0.8724 -0.1028
vn -0.4778 0.8724 -0.1028
vn -0.4778 0.8724 -0.1028
vn 0.4811 0.7232 0.4955
vn 0.4811 0.7232 0.4955
vn 0.1820 -0.0086 -0.9833
vn 0.1820 -0.0086 -0.9833
vn 0.6631 0.1960 -0.7224
vn 0.6631 0.1960 -0.7224
vn 0.6631 0.1960 -0.7224
vn 0.0000 0.0000 0.0000
vn 0.0000 0.0000 0.0000
vn 0.8787 -0.4708 -0.0788
vn 0.8787 -0.4708 -0.0788
vn 0.4434 -0.6901 0.5720
vn 0.4434 -0.6901 0.5720
vn -0.9199 0.3429 0.1905
vn -0.9199 0.3429 0.1905
vn 0.4186 0.6388 -0.6456
vn 0.4186 0.6388 -0.6456
vn 0.1550 0.9833 -0.0951
vn 0.1550 0.9833 -0.0951
vn 0.0851 -0.9017 -0.4240
vn 0.0851 -0.9017 -0.4240
vn 0.3241 0.1832 0.9281
vn 0.3241 0.1832 0.9281
vn 0.4091 0.4521 -0.7926
vn 0.4091 0.4521 -0.7926
vn -0.3456 -0.5560 0.7559
vn -0.3456 -0.5560 0.7559
vn -0.7745 -0.3289 0.5403
vn -0.7745 -0.3289 0.5403
vn -0.7039 -0.1348 0.6974
vn -0.7039 -0.1348 0.6974
vn -0.7039 -0.1348 0.6974
vn 0.5107 0.5687 0.6448
vn 0.3586 0.0802 0.9301
vn 0.3586 0.0802 0.9301
vn 0.6037 0.7047 0.3727
vn 0.6037 0.7047 0.3727
vn 0.6037 0.7047 0.3727
vn 0.9793 0.1084 -0.1708
vn 0.9793 0.1084 -0.1708
vn 0.9077 0.4141 -0.0673
vn 0.9077 0.4141 -0.0673
vn 0.8667 -0.4826 -0.1263
vn 0.8667 -0.4826 -0.1263
vn 0.8745 -0.2702 0.4028
vn 0.8745 -0.2702 0.4028
vn -0.0000 0.0000 0.0000
vn -0.0000 0.0000 0.0000
vn 0.1245 0.2059 0.9706
vn -0.0810 0.5805 0.8102
vn -0.0810 0.5805 0.8102
vn -0.0810 0.5805 0.8102
vn -0.0810 0.5805 0.8102
vn -0.0991 -0.8613 0.4984
vn -0.0991 -0.8613 0.4984
vn -0.5578 0.7859 0.2671
vn -0.5578 0.7859 0.2671
vn -0.5578 0.7859 0.2671
vn -0.5578 0.7859 0.2671
vn 0.9122 -0.3511 -0.2115
vn 0.9122 -0.3511 -0.2115
vn 0.9122 -0.3511 -0.2115
vn 0.9122 -0.3511 -0.2115
vn -0.5818 -0.6009 0.5481
vn -0.5818 -0.6009 0.5481
vn -0.5818 -0.6009 0.5481
vn -0.5818 -0.6009 0.5481
vn 0.8238 -0.2486 -0.5095
vn 0.8238 -0.2486 -0.5095
vn 0.8238 -0.2486 -0.5095
vn 0.8238 -0.2486 -0.5095
vn 0.8238 -0.2486 -0.5095
vn 0.7989 0.0154 -0.6012
vn 0.8748 0.1564 -0.4585
vn 0.8173 0.4006 0.4140
vn 0.8173 0.4006 0.4140
vn 0.9256 -0.3134 -0.2121
vn 0.8126 -0.5564 0.1735
vn 0.8126 -0.5564 0.1735
vn 0.6411 -0.2047 0.7397
vn 0.6411 -0.2047 0.7397
vn 0.6411 -0.2047 0.7397
vn 0.6411 -0.2047 0.7397
vn 0.4960 -0.3339 0.8016
vn 0.4960 -0.3339 0.8016
vn -0.3151 -0.3124 0.8962
vn -0.3151 -0.3124 0.8962
vn 0.4648 0.4071 -0.7863
vn -0.0863 0.9627 0.2565
vn -0.0863 0.9627 0.2565
vn -0.0863 0.9627 0.2565
vn 0.4713 -0.0407 -0.8810
vn 0.5597 0.5632 -0.6078
vn 0.5597 0.5632 -0.6078
vn 0.2564 -0.0935 -0.9620
vn 0.7507 0.5169 -0.4114
vn 0.7507 0.5169 -0.4114
vn 0.7507 0.5169 -0.4114
vn 0.9470 0.0416 0.3185
vn 0.9470 0.0416 0.3185
vn 0.9733 0.2285 -0.0202
vn 0.9733 0.2285 -0.0202
vn 0.9405 -0.2662 -0.2112
vn 0.9405 -0.2662 -0.2112
vn 0.8659 -0.4999 0.0186
vn 0.8659 -0.4999 0.0186
vn 0.8745 -0.4838 0.0343
vn 0.8745 -0.4838 0.0343
vn 0.8745 -0.4838 0.0343
vn 0.8745 -0.4838 0.0343
vn 0.6870 -0.7255 -0.0407
vn 0.6870 -0.7255 -0.0407
vn 0.7328 -0.2591 0.6292
vn 0.7328 -0.2591 0.6292
vn 0.7328 -0.2591 0.6292
vn 0.0258 -0.8182 0.5744
vn 0.0951 -0.7606 -0.6423
vn 0.0951 -0.7606 -0.6423
vn 0.8262 0.4969 -0.2655
vn 0.8262 0.4969 -0.2655
vn 0.6348 0.6350 0.4403
vn 0.6348 0.6350 0.4403
vn 0.6348 0.6350 0.4403
vn 0.6348 0.6350 0.4403
vn 0.6348 0.6350 0.4403
vn 0.2481 0.2365 -0.9394
vn 0.5079 0.6665 -0.5457
vn 0.1816 -0.5468 -0.8173
vn 0.1816 -0.5468 -0.8173
vn 0.8395 0.2101 -0.5012
vn -0.2589 -0.8562 0.4471
vn 0.5568 0.6009 -0.5735
vn 0.5568 0.6009 -0.5735
vn 0.1517 -0.7939 0.5888
vn 0.1517 -0.7939 0.5888
vn 0.0354 0.3212 -0.9463
vn 0.0354 0.3212 -0.9463
vn 0.0354 0.3212 -0.9463
vn 0.0354 0.3212 -0.9463
vn 0.8066 -0.0462 -0.5893
vn 0.8066 -0.0462 -0.5893
vn 0.8066 -0.0462 -0.5893
vn 0.1678 -0.0959 -0.9811
vn 0.1678 -0.0959 -0.9811
vn 0.1678 -0.0959 -0.9811
vn -0.4766 -0.8788 0.0241
vn -0.4766 -0.8788 0.0241
vn -0.1149 -0.8934 0.4344
vn -0.1149 -0.8934 0.4344
vn 0.7097 0.1824 0.6805
vn 0.7097 0.1824 0.6805
vn 0.1719 0.5042 0.8463
vn 0.1719 0.5042 0.8463
vn 0.8265 0.2627 -0.4978
vn 0.8265 0.2627 -0.4978
vn 0.1432 0.0070 0.9897
vn 0.1432 0.0070 0.9897
vn 0.5870 0.4833 -0.6495
vn 0.6427 0.5756 0.5057
vn 0.6427 0.5756 0.5057
vn 0.9641 0.2650 -0.0177
vn 0.9490 0.2852 -0.1345
vn 0.9490 0.2852 -0.1345
vn 0.9788 0.1544 0.1344
vn 0.5452 -0.7672 -0.3379
vn 0.7370 -0.5182 -0.4339
vn 0.7370 -0.5182 -0.4339
vn 0.7370 -0.5182 -0.4339
vn 0.7370 -0.5182 -0.4339
vn 0.7370 -0.5182 -0.4339
vn 0.7370 -0.5182 -0.4339
vn 0.5461 -0.8265 0.1368
vn 0.5461 -0.8265 0.1368
vn 0.5461 -0.8265 0.1368
vn 0.5461 -0.8265 0.1368
vn -0.0233 -0.9198 0.3918
vn -0.2949 -0.9274 0.2302
vn -0.2949 -0.9274 0.2302
vn -0.4129 0.6300 0.6577
vn -0.4129 0.6300 0.6577
vn -0.3784 0.6521 -0.6570
vn -0.3784 0.6521 -0.6570
vn 0.8779 0.1756 -0.4454
vn 0.8779 0.1756 -0.4454
vn 0.8779 0.1756 -0.4454
vn 0.8779 0.1756 -0.4454
vn 0.1210 -0.9149 0.3852
vn 0.1210 -0.9149 0.3852
vn -0.3987 -0.0342 -0.9165
vn -0.3987 -0.0342 -0.9165
vn -0.2955 0.0733 -0.9525
vn -0.2955 0.0733 -0.9525
vn 0.7485 -0.2847 -0.5989
vn 0.7485 -0.2847 -0.5989
vn 0.7485 -0.2847 -0.5989
vn 0.7485 -0.2847 -0.5989
vn -0.2311 -0.2671 0.9355
vn 0.0881 0.0270 -0.9957
vn 0.4940 0.4956 0.7144
vn 0.9534 0.2748 -0.1244
vn 0.9970 0.0702 -0.0337
vn 0.9970 0.0702 -0.0337
vn 0.7291 -0.6589 0.1852
vn -0.4859 -0.8656 -0.1208
vn -0.4859 -0.8656 -0.1208
vn -0.4859 -0.8656 -0.1208
vn -0.4859 -0.8656 -0.1208
vn -0.4859 -0.8656 -0.1208
vn -0.4231 -0.5865 -0.6907
vn -0.4231 -0.5865 -0.6907
vn -0.4231 -0.5865 -0.6907
vn -0.4231 -0.5865 -0.6907
vn -0.6426 -0.2517 0.7237
vn -0.6426 -0.2517 0.7237
vn -0.0047 -0.1330 0.9911
vn -0.0047 -0.1330 0.9911
vn 0.3658 0.6863 -0.6286
vn 0.3658 0.6863 -0.6286
vn 0.3658 0.6863 -0.6286
vn 0.0000 0.0000 0.0000
vn 0.0000 0.0000 0.0000
vn 0.6887 0.6609 -0.2982
vn 0.6887 0.6609 -0.2982
vn 0.6056 0.7821 0.1468
vn 0.6056 0.7821 0.1468
vn 0.6056 0.7821 0.1468
vn 0.3310 -0.8861 -0.3243
vn 0.3310 -0.8861 -0.3243
vn 0.8438 -0.1411 -0.5178
vn 0.8438 -0.1411 -0.5178
vn 0.8438 -0.1411 -0.5178
vn 0.8438 -0.1411 -0.5178
vn 0.6872 0.5306 -0.4962
vn 0.6872 0.5306 -0.4962
vn 0.7849 0.6196 0.0018
vn 0.7849 0.6196 0.0018
vn 0.7250 0.6438 -0.2447
vn 0.7250 0.6438 -0.2447
vn -0.2129 -0.6844 0.6974
vn -0.2129 -0.6844 0.6974
vn -0.2129 -0.6844 0.6974
vn -0.2322 -0.7610 0.6058
vn -0.2322 -0.7610 0.6058
vn 0.0095 -0.6470 0.7624
vn 0.0095 -0.6470 0.7624
vn 0.0095 -0.6470 0.7624
vn 0.0095 -0.6470 0.7624
vn 0.0095 -0.6470 0.7624
vn 0.6074 0.7072 0.3619
vn 0.6074 0.7072 0.3619
vn -0.6192 -0.7670 -0.1683
vn -0.6192 -0.7670 -0.1683
vn 0.4001 0.3555 0.8447
vn 0.4001 0.3555 0.8447
vn 0.6020 0.6422 0.4745
vn 0.6020 0.6422 0.4745
vn 0.6020 0.6422 0.4745
vn 0.0000 0.0000 0.0000
vn 0.0000 0.0000 0.0000
vn 0.2941 0.1912 -0.9365
vn 0.0000 -0.0000 0.0000
vn 0.0000 -0.0000 0.0000
vn -0.7567 -0.6529 -0.0323
vn -0.7567 -0.6529 -0.0323
vn -0.6931 -0.2636 -0.6709
vn -0.6931 -0.2636 -0.6709
vn -0.8185 -0.4942 0.2930
vn -0.8185 -0.4942 0.2930
vn 0.1897 0.1979 -0.9617
vn -0.0279 -0.3427 -0.9390
vn -0.8585 -0.1009 0.5027
vn -0.8585 -0.1009 0.5027
vn -0.5819 -0.4216 0.6955
vn -0.5819 -0.4216 0.6955
vn 0.4557 0.4824 -0.7481
vn 0.1885 0.8557 -0.4819
vn 0.4418 -0.8673 -0.2294
vn 0.4418 -0.8673 -0.2294
vn 0.1232 0.7370 -0.6646
vn 0.1232 0.7370 -0.6646
vn 0.5434 0.6784 -0.4945
vn 0.5434 0.6784 -0.4945
vn 0.0244 -0.9602 -0.2781
vn 0.0244 -0.9602 -0.2781
vn -0.3753 -0.8554 0.3570
vn -0.3753 -0.8554 0.3570
vn -0.3753 -0.8554 0.3570
vn -0.3232 0.2633 -0.9090
vn -0.3232 0.2633 -0.9090
vn -0.3232 0.2633 -0.9090
vn -0.3232 0.2633 -0.9090
vn 0.6815 0.3067 0.6645
vn 0.6815 0.3067 0.6645
vn 0.6815 0.3067 0.6645
vn 0.6815 0.3067 0.6645
vn 0.6173 -0.6714 -0.4100
vn 0.6173 -0.6714 -0.4100
vn 0.6173 -0.6714 -0.4100
vn 0.7865 0.6156 -0.0499
vn 0.7865 0.6156 -0.0499
vn -0.2986 -0.8980 -0.3231
vn -0.2986 -0.8980 -0.3231
vn -0.2986 -0.8980 -0.3231
vn 0.6458 0.1365 -0.7512
vn -0.0964 -0.6301 0.7705
vn -0.0964 -0.6301 0.7705
vn 0.2167 -0.3622 0.9066
vn 0.2167 -0.3622 0.9066
vn 0.0634 -0.1103 -0.9919
vn 0.0634 -0.1103 -0.9919
vn 0.0634 -0.1103 -0.9919
vn 0.0634 -0.1103 -0.9919
vn 0.0634 -0.1103 -0.9919
vn 0.3025 0.1485 0.9415
vn 0.2215 0.1123 0.9687
vn 0.0587 0.9776 -0.2019
vn 0.0587 0.9776 -0.2019
vn 0.0587 0.9776 -0.2019
vn -0.8821 -0.0746 0.4651
vn -0.8821 -0.0746 0.4651
vn -0.4911 0.4919 0.7190
vn -0.4911 0.4919 0.7190
vn 0.8543 0.5198 0.0039
vn 0.8543 0.5198 0.0039
vn 0.1870 -0.1882 -0.9642
vn 0.1870 -0.1882 -0.9642
vn 0.1870 -0.1882 -0.9642
vn 0.1870 -0.1882 -0.9642
vn 0.8960 -0.4421 -0.0418
vn 0.8960 -0.4421 -0.0418
vn -0.3197 0.8916 -0.3207
vn 0.8742 -0.2889 -0.3903
vn 0.8742 -0.2889 -0.3903
vn 0.8742 -0.2889 -0.3903
vn 0.0201 -0.2599 -0.9654
vn 0.0201 -0.2599 -0.9654
vn 0.0201 -0.2599 -0.9654
vn 0.0359 -0.7095 0.7038
vn 0.0359 -0.7095 0.7038
vn -0.1689 -0.3522 0.9205
vn -0.1689 -0.3522 0.9205
vn -0.0057 0.3745 0.9272
vn -0.4468 -0.4936 0.7462
vn 0.3830 0.6171 0.6874
vn 0.3830 0.6171 0.6874
vn 0.7613 0.4534 0.4636
vn 0.7613 0.4534 0.4636
vn 0.7613 0.4534 0.4636
vn 0.6063 -0.7030 -0.3717
vn 0.6063 -0.7030 -0.3717
vn 0.7821 0.0083 0.6231
vn 0.7821 0.0083 0.6231
vn 0.7821 0.0083 0.6231
vn 0.7821 0.0083 0.6231
vn 0.9176 0.0862 -0.3880
vn 0.9176 0.0862 -0.3880
vn 0.9281 0.3722 -0.0042
vn 0.9281 0.3722 -0.0042
vn -0.7852 -0.5683 -0.2462
vn -0.7326 -0.6024 -0.3169
vn -0.7326 -0.6024 -0.3169
vn -0.1323 -0.6528 0.7459
vn -0.1323 -0.6528 0.7459
vn -0.0200 -0.4599 0.8878
vn -0.0200 -0.4599 0.8878
vn 0.6264 0.6986 0.3458
vn 0.6264 0.6986 0.3458
vn 0.5418 0.6401 -0.5447
vn 0.5418 0.6401 -0.5447
vn 0.3132 0.9452 -0.0921
vn 0.3132 0.9452 -0.0921
vn -0.2450 -0.7507 0.6135
vn -0.2450 -0.7507 0.6135
vn 0.8197 0.4455 -0.3600
vn 0.8197 0.4455 -0.3600
vn 0.8197 0.4455 -0.3600
vn 0.8197 0.4455 -0.3600
vn 0.6555 0.7480 0.1039
vn 0.6555 0.7480 0.1039
vn 0.6555 0.7480 0.1039
vn 0.6555 0.7480 0.1039
vn 0.6555 0.7480 0.1039
vn 0.6555 0.7480 0.1039
vn 0.6555 0.7480 0.1039
vn 0.6555 0.7480 0.1039
vn 0.6555 0.7480 0.1039
vn 0.6555 0.7480 0.1039
vn 0.1475 0.3946 -0.9070
vn 0.1475 0.3946 -0.9070
vn -0.6338 0.2997 0.7131
vn -0.6338 0.2997 0.7131
vn 0.0000 0.0000 -0.0000
vn 0.0000 0.0000 -0.0000
vn 0.0000 0.0000 -0.0000
vn -0.9403 -0.3333 -0.0695
vn -0.9403 -0.3333 -0.0695
vn -0.9403 -0.3333 -0.0695
vn -0.9403 -0.3333 -0.0695
vn -0.6894 -0.7220 0.0586
vn -0.6894 -0.7220 0.0586
vn -0.6894 -0.7220 0.0586
vn -0.6894 -0.7220 0.0586
vn -0.9605 0.2753 0.0411
vn -0.9605 0.2753 0.0411
vn -0.8777 -0.1068 -0.4672
vn -0.8777 -0.1068 -0.4672
vn -0.9440 0.0981 -0.3149
vn -0.8500 0.3922 0.3518
vn -0.8500 0.3922 0.3518
vn 0.8926 0.2138 -0.3969
vn 0.9036 0.3147 -0.2905
vn 0.9280 0.3505 0.1265
vn 0.9280 0.3505 0.1265
vn 0.9280 0.3505 0.1265
vn -0.6783 -0.6015 -0.4221
vn -0.8117 -0.4006 0.4250
vn -0.8117 -0.4006 0.4250
vn 0.4862 -0.0986 -0.8683
vn 0.1329 -0.0797 -0.9879
vn 0.5045 0.5589 -0.6581
vn 0.5045 0.5589 -0.6581
vn 0.5045 0.5589 -0.6581
vn 0.5045 0.5589 -0.6581
vn 0.5045 0.5589 -0.6581
vn 0.4921 -0.5445 0.6792
vn 0.4921 -0.5445 0.6792
vn 0.8975 -0.3948 -0.1967
vn -0.2005 0.4625 0.8636
vn -0.2602 0.6601 0.7046
vn 0.4365 -0.4543 0.7766
vn 0.4365 -0.4543 0.7766
vn 0.4365 -0.4543 0.7766
vn -0.5678 -0.5175 -0.6401
vn -0.5678 -0.5175 -0.6401
vn -0.5678 -0.5175 -0.6401
vn 0.5998 -0.0151 -0.8000
vn 0.5998 -0.0151 -0.8000
vn 0.5998 -0.0151 -0.8000
vn 0.8663 0.2355 -0.4406
vn 0.8663 0.2355 -0.4406
vn -0.6143 0.3414 0.7114
vn -0.6143 0.3414 0.7114
vn -0.3320 0.7001 0.6322
vn -0.3320 0.7001 0.6322
vn -0.8779 0.4228 0.2248
vn -0.8779 0.4228 0.2248
vn -0.8779 0.4228 0.2248
vn -0.9886 -0.1121 -0.1004
vn -0.8982 -0.3950 -0.1928
vn -0.6594 -0.4151 -0.6268
vn -0.6594 -0.4151 -0.6268
vn -0.8048 -0.5649 -0.1822
vn -0.3605 -0.8974 0.2544
vn -0.3605 -0.8974 0.2544
vn -0.3605 -0.8974 0.2544
vn 0.5473 0.0667 -0.8343
vn 0.5473 0.0667 -0.8343
vn -0.3204 0.7531 -0.5746
vn -0.3204 0.7531 -0.5746
vn 0.2037 0.9142 0.3504
vn 0.6690 -0.4846 0.5636
vn 0.6690 -0.4846 0.5636
vn -0.8409 -0.5401 -0.0347
vn -0.8409 -0.5401 -0.0347
vn -0.1142 -0.3147 0.9423
vn -0.3443 -0.5314 0.7740
vn -0.3443 -0.5314 0.7740
vn -0.3443 -0.5314 0.7740
vn 0.8297 0.5563 -0.0461
vn 0.9616 0.0262 -0.2732
vn 0.9616 0.0262 -0.2732
vn 0.9616 0.0262 -0.2732
vn 0.9616 0.0262 -0.2732
vn 0.4699 -0.1561 0.8688
vn 0.4699 -0.1561 0.8688
vn 0.4699 -0.1561 0.8688
vn 0.4699 -0.1561 0.8688
vn 0.4699 -0.1561 0.8688
vn -0.4699 -0.8827 -0.0047
vn -0.4699 -0.8827 -0.0047
vn -0.4699 -0.8827 -0.0047
vn 0.9409 -0.2363 -0.2426
vn 0.8607 0.4972 -0.1092
vn 0.8607 0.4972 -0.1092
vn 0.0000 0.0000 0.0000
vn 0.0000 0.0000 0.0000
vn -0.9765 0.1576 0.1467
vn -0.9765 0.1576 0.1467
vn -0.8564 -0.3871 -0.3417
vn -0.8564 -0.3871 -0.3417
vn 0.9910 -0.1313 -0.0275
vn -0.9961 0.0624 0.0617
vn -0.9961 0.0624 0.0617
vn -0.9381 -0.1964 -0.2853
vn -0.9936 -0.0092 -0.1126
vn -0.9936 -0.0092 -0.1126
vn -0.9166 0.2644 0.2998
vn -0.0999 0.7752 -0.6237
vn -0.0999 0.7752 -0.6237
vn 0.3510 0.6282 -0.6944
vn 0.3510 0.6282 -0.6944
vn -0.8549 0.2496 0.4549
vn -0.7774 -0.6179 -0.1179
vn -0.4240 -0.5078 -0.7499
vn -0.2527 -0.7184 0.6481
vn -0.2527 -0.7184 0.6481
vn 0.5783 -0.2170 -0.7864
vn 0.4326 -0.0714 0.8988
vn 0.5422 0.1994 -0.8163
vn 0.5422 0.1994 -0.8163
vn 0.5422 0.1994 -0.8163
vn 0.0685 -0.9953 0.0690
vn 0.0685 -0.9953 0.0690
vn 0.8678 -0.4913 -0.0753
vn 0.6755 0.0341 -0.7366
vn -0.4463 -0.8606 -0.2455
vn 0.7340 -0.4684 -0.4918
vn 0.7340 -0.4684 -0.4918
vn 0.7340 -0.4684 -0.4918
vn 0.7340 -0.4684 -0.4918
vn -0.0809 0.0955 0.9921
vn 0.1471 -0.1259 -0.9811
vn 0.1471 -0.1259 -0.9811
vn 0.1471 -0.1259 -0.9811
vn -0.9279 0.0411 -0.3706
vn -0.9279 0.0411 -0.3706
vn -0.9279 0.0411 -0.3706
vn -0.7791 -0.4294 0.4568
vn -0.7791 -0.4294 0.4568
vn -0.8889 -0.4429 -0.1166
vn -0.8889 -0.4429 -0.1166
vn -0.7251 0.5275 0.4426
vn -0.7251 0.5275 0.4426
vn -0.7791 0.3689 0.5068
vn -0.3153 0.2920 -0.9030
vn -0.3153 0.2920 -0.9030
vn 0.7280 0.4819 -0.4877
vn 0.0431 0.8238 -0.5652
vn 0.0431 0.8238 -0.5652
vn -0.2143 0.6942 -0.6871
vn -0.2143 0.6942 -0.6871
vn -0.2143 0.6942 -0.6871
vn -0.2143 0.6942 -0.6871
vn -0.3833 -0.2602 0.8862
vn -0.3833 -0.2602 0.8862
vn -0.0922 -0.9957 0.0045
vn -0.0922 -0.9957 0.0045
vn 0.2625 -0.1555 0.9523
vn 0.0380 -0.7321 -0.6801
vn 0.0380 -0.7321 -0.6801
vn 0.0000 0.0000 -0.0000
vn 0.0000 0.0000 -0.0000
vn 0.0000 0.0000 -0.0000
vn 0.3226 0.2854 0.9025
vn 0.6935 0.6146 -0.3758
vn 0.6935 0.6146 -0.3758
vn 0.6935 0.6146 -0.3758
vn 0.2631 0.9538 -0.1448
vn 0.2631 0.9538 -0.1448
vn 0.0262 0.8826 0.4694
vn 0.0262 0.8826 0.4694
vn 0.0262 0.8826 0.4694
vn 0.8039 0.4538 0.3845
vn 0.9773 -0.0325 -0.2091
vn 0.9773 -0.0325 -0.2091
vn 0.6666 -0.3144 0.6759
vn 0.6666 -0.3144 0.6759
vn 0.6666 -0.3144 0.6759
vn -0.2868 -0.9178 -0.2747
vn -0.2868 -0.9178 -0.2747
vn -0.2868 -0.9178 -0.2747
vn -0.2868 -0.9178 -0.2747
vn -0.1382 -0.9632 0.2307
vn -0.1382 -0.9632 0.2307
vn 0.7536 0.6525 0.0800
vn 0.7536 0.6525 0.0800
vn 0.7536 0.6525 0.0800
vn 0.8002 0.3386 0.4950
vn 0.8002 0.3386 0.4950
vn 0.9250 0.3796 -0.0140
vn 0.9250 0.3796 -0.0140
vn 0.0729 0.1658 0.9835
vn -0.6637 -0.3618 -0.6547
vn -0.7181 -0.5461 -0.4314
vn -0.7915 -0.5226 -0.3169
vn -0.7915 -0.5226 -0.3169
vn -0.6544 -0.4340 -0.6192
vn -0.6544 -0.4340 -0.6192
vn -0.2787 0.1767 -0.9440
vn -0.2787 0.1767 -0.9440
vn -0.6872 0.2153 -0.6939
vn -0.6872 0.2153 -0.6939
vn -0.5323 0.5470 -0.6460
vn -0.5323 0.5470 -0.6460
vn -0.5323 0.5470 -0.6460
vn -0.5323 0.5470 -0.6460
vn -0.5892 0.7352 0.3352
vn -0.5892 0.7352 0.3352
vn -0.5892 0.7352 0.3352
vn -0.5892 0.7352 0.3352
vn -0.5892 0.7352 0.3352
vn -0.0630 -0.3119 0.9480
vn 0.5347 0.4628 -0.7070
vn 0.5347 0.4628 -0.7070
vn 0.3907 0.2913 -0.8732
vn 0.3907 0.2913 -0.8732
vn 0.7551 0.6492 -0.0913
vn 0.7551 0.6492 -0.0913
vn 0.7551 0.6492 -0.0913
vn 0.7551 0.6492 -0.0913
vn 0.9443 -0.2656 -0.1942
vn 0.9443 -0.2656 -0.1942
vn 0.0518 0.0528 0.9973
vn -0.4352 0.7458 0.5044
vn -0.4352 0.7458 0.5044
vn -0.3021 -0.3627 -0.8816
vn -0.3021 -0.3627 -0.8816
vn -0.8982 0.0507 0.4367
vn -0.7815 0.1133 0.6136
vn -0.7815 0.1133 0.6136
vn -0.9906 0.1284 -0.0474
vn -0.9617 -0.2104 -0.1756
vn -0.9688 -0.2226 0.1087
vn 0.0692 -0.2142 -0.9743
vn 0.2995 0.1017 0.9487
vn 0.5499 0.1122 -0.8276
vn 0.5499 0.1122 -0.8276
vn -0.2438 -0.7548 -0.6089
vn -0.2438 -0.7548 -0.6089
vn -0.9357 0.3435 0.0807
vn -0.9357 0.3435 0.0807
vn -0.9357 0.3435 0.0807
vn 0.6904 0.6592 0.2980
vn 0.6904 0.6592 0.2980
vn 0.9387 0.1886 0.2887
vn 0.9387 0.1886 0.2887
vn 0.8630 -0.2211 0.4542
vn 0.8630 -0.2211 0.4542
vn 0.0486 0.2234 -0.9735
vn 0.0486 0.2234 -0.9735
vn 0.0486 0.2234 -0.9735
vn 0.0456 0.2315 0.9718
vn 0.5383 0.3197 -0.7797
vn 0.5383 0.3197 -0.7797
vn -0.0215 0.3816 0.9241
vn -0.2042 -0.5664 -0.7984
vn -0.2042 -0.5664 -0.7984
vn -0.8901 -0.2205 -0.3990
vn -0.8051 0.5734 0.1519
vn -0.8051 0.5734 0.1519
vn -0.9191 0.3484 0.1841
vn -0.9191 0.3484 0.1841
vn -0.9191 0.3484 0.1841
vn -0.9191 0.3484 0.1841
vn -0.9191 0.3484 0.1841
vn -0.6205 0.7255 0.2977
vn -0.6205 0.7255 0.2977
vn -0.6205 0.7255 0.2977
vn -0.7084 0.4605 0.5348
vn -0.7084 0.4605 0.5348
vn -0.2783 -0.5278 -0.8025
vn -0.1291 -0.9157 -0.3804
vn -0.1291 -0.9157 -0.3804
vn 0.4702 -0.0967 0.8772
vn 0.2654 0.1474 0.9528
vn 0.4919 0.5145 -0.7024
vn 0.4919 0.5145 -0.7024
vn 0.6182 -0.7792 -0.1031
vn 0.6182 -0.7792 -0.1031
vn 0.6182 -0.7792 -0.1031
vn 0.3890 0.0689 0.9186
vn 0.3890 0.0689 0.9186
vn 0.1952 -0.2954 -0.9352
vn 0.1952 -0.2954 -0.9352
vn 0.1952 -0.2954 -0.9352
vn 0.2335 -0.3495 -0.9074
vn 0.2335 -0.3495 -0.9074
vn 0.4599 -0.6498 -0.6051
vn 0.4599 -0.6498 -0.6051
vn 0.4599 -0.6498 -0.6051
vn 0.4599 -0.6498 -0.6051
vn 0.4599 -0.6498 -0.6051
vn 0.4599 -0.6498 -0.6051
vn 0.2491 -0.6358 -0.7305
vn 0.2491 -0.6358 -0.7305
vn 0.2491 -0.6358 -0.7305
vn 0.4423 -0.2429 0.8634
vn 0.4423 -0.2429 0.8634
vn 0.4423 -0.2429 0.8634
vn 0.4423 -0.2429 0.8634
vn -0.0949 -0.6474 -0.7562
vn -0.0949 -0.6474 -0.7562
vn -0.0949 -0.6474 -0.7562
vn -0.4092 -0.7446 -0.5273
vn -0.4092 -0.7446 -0.5273
vn -0.4665 0.5291 0.7088
vn -0.4665 0.5291 0.7088
vn -0.4665 0.5291 0.7088
vn -0.7893 0.4967 0.3609
vn -0.7893 0.4967 0.3609
vn -0.9981 -0.0180 -0.0592
vn -0.8356 -0.3637 -0.4117
vn -0.8356 -0.3637 -0.4117
vn -0.9992 0.0235 -0.0312
vn -0.8506 0.1021 0.5158
vn -0.8506 0.1021 0.5158
vn 0.6448 -0.7534 0.1290
vn 0.6448 -0.7534 0.1290
vn 0.0500 -0.2680 0.9621
vn 0.1788 -0.2374 0.9548
vn 0.1816 -0.1555 -0.9710
vn 0.4580 0.7437 -0.4870
vn 0.4580 0.7437 -0.4870
vn 0.4580 0.7437 -0.4870
vn -0.6002 0.0027 0.7998
vn -0.6002 0.0027 0.7998
vn -0.6002 0.0027 0.7998
vn -0.3771 0.2747 -0.8845
vn -0.3771 0.2747 -0.8845
vn -0.5815 0.6728 0.4574
vn -0.5815 0.6728 0.4574
vn -0.9539 0.0737 0.2908
vn -0.9539 0.0737 0.2908
vn -0.9539 0.0737 0.2908
vn 0.0840 -0.9895 -0.1172
vn 0.0840 -0.9895 -0.1172
vn -0.9571 0.1050 -0.2699
vn -0.9571 0.1050 -0.2699
vn -0.7521 0.4143 0.5125
vn -0.7521 0.4143 0.5125
vn -0.7521 0.4143 0.5125
vn 0.7880 0.4753 -0.3914
vn 0.7880 0.4753 -0.3914
vn 0.8067 -0.2066 -0.5536
vn 0.8067 -0.2066 -0.5536
vn 0.8067 -0.2066 -0.5536
vn -0.1273 -0.8809 -0.4559
vn -0.3901 -0.6387 -0.6633
vn -0.1415 -0.6926 -0.7073
vn -0.1415 -0.6926 -0.7073
vn -0.1415 -0.6926 -0.7073
vn -0.7193 0.3574 0.5957
vn -0.7193 0.3574 0.5957
vn -0.2270 0.6497 0.7255
vn -0.2270 0.6497 0.7255
vn -0.4932 0.7444 -0.4502
vn -0.5270 -0.3680 0.7661
vn 0.0508 -0.3967 -0.9165
vn 0.5831 -0.2099 -0.7848
vn 0.5831 -0.2099 -0.7848
vn 0.6271 0.3529 0.6944
vn 0.6271 0.3529 0.6944
vn 0.2817 0.9431 -0.1764
vn 0.2817 0.9431 -0.1764
vn -0.2477 -0.3691 0.8958
vn -0.2477 -0.3691 0.8958
vn 0.1790 -0.8444 0.5050
vn 0.1790 -0.8444 0.5050
vn 0.1790 -0.8444 0.5050
vn 0.1790 -0.8444 0.5050
vn 0.9913 -0.0307 0.1278
vn 0.2838 -0.7940 -0.5376
vn 0.2838 -0.7940 -0.5376
vn 0.2838 -0.7940 -0.5376
vn -0.2692 -0.9411 0.2043
vn -0.2692 -0.9411 0.2043
vn -0.3234 0.4229 0.8465
vn -0.3234 0.4229 0.8465
vn -0.4384 -0.6100 -0.6601
vn -0.4384 -0.6100 -0.6601
vn -0.2185 0.9288 -0.2994
vn -0.2185 0.9288 -0.2994
vn -0.2185 0.9288 -0.2994
vn -0.5633 -0.1881 0.8045
vn -0.5633 -0.1881 0.8045
vn -0.5633 -0.1881 0.8045
vn -0.5199 0.8539 0.0249
vn -0.5199 0.8539 0.0249
vn -0.6237 0.7728 -0.1171
vn -0.6237 0.7728 -0.1171
vn 0.1210 -0.1147 -0.9860
vn 0.1210 -0.1147 -0.9860
vn 0.4207 -0.1750 0.8902
vn 0.4207 -0.1750 0.8902
vn 0.4207 -0.1750 0.8902
vn 0.4207 -0.1750 0.8902
vn 0.6140 0.0514 0.7876
vn 0.9226 -0.3843 0.0332
vn 0.9226 -0.3843 0.0332
vn 0.9226 -0.3843 0.0332
vn -0.3343 -0.7458 -0.5762
vn -0.3343 -0.7458 -0.5762
vn -0.0016 0.5952 0.8036
vn -0.3579 -0.4915 -0.7939
vn -0.0853 -0.7274 -0.6809
vn -0.0853 -0.7274 -0.6809
vn -0.0749 0.5808 0.8106
vn -0.5478 0.0996 0.8307
vn -0.5478 0.0996 0.8307
vn -0.5478 0.0996 0.8307
vn 0.5698 -0.2036 0.7962
vn 0.5698 -0.2036 0.7962
vn 0.7114 0.7020 0.0312
vn 0.7114 0.7020 0.0312
vn 0.7114 0.7020 0.0312
vn 0.9585 0.0245 -0.2840
vn 0.9585 0.0245 -0.2840
vn 0.1249 -0.1374 0.9826
vn 0.0000 0.0000 0.0000
vn 0.0000 0.0000 0.0000
vn 0.0347 -0.6339 -0.7726
vn 0.0347 -0.6339 -0.7726
vn -0.5395 -0.0298 0.8415
vn -0.2975 -0.2426 -0.9234
vn 0.0073 -0.9997 0.0224
vn 0.7099 -0.2042 -0.6741
vn 0.7099 -0.2042 -0.6741
vn 0.7099 -0.2042 -0.6741
vn 0.7922 0.3387 -0.5076
vn 0.7922 0.3387 -0.5076
vn 0.7922 0.3387 -0.5076
vn 0.7922 0.3387 -0.5076
vn 0.7922 0.3387 -0.5076
vn 0.7922 0.3387 -0.5076
vn -0.0770 -0.9848 -0.1556
vn -0.0770 -0.9848 -0.1556
vn 0.3799 -0.3472 0.8574
vn 0.3799 -0.3472 0.8574
vn 0.3283 -0.0899 0.9403
vn 0.5314 0.1322 0.8368
vn 0.1074 0.1486 -0.9830
vn 0.1074 0.1486 -0.9830
vn -0.0830 -0.4503 -0.8890
vn -0.4957 0.1780 0.8500
vn -0.4957 0.1780 0.8500
vn -0.2319 0.8326 0.5029
vn -0.2319 0.8326 0.5029
vn -0.6297 0.3883 0.6728
vn -0.4242 -0.1245 0.8970
vn 0.3116 0.0096 0.9502
vn 0.7705 0.5550 -0.3136
vn 0.7705 0.5550 -0.3136
vn 0.7705 0.5550 -0.3136
vn 0.7705 0.5550 -0.3136
vn 0.2837 -0.8457 -0.4521
vn 0.2837 -0.8457 -0.4521
vn -0.1349 0.2818 0.9499
vn -0.1349 0.2818 0.9499
vn -0.0228 -0.0003 -0.9997
vn 0.7807 0.1171 -0.6138
vn 0.7807 0.1171 -0.6138
vn 0.7807 0.1171 -0.6138
vn 0.6071 0.1211 0.7853
vn 0.6071 0.1211 0.7853
vn 0.1542 -0.7926 -0.5899
vn 0.5785 0.5404 0.6110
vn 0.5785 0.5404 0.6110
vn -0.2526 -0.5742 -0.7788
vn 0.1154 0.1540 0.9813
vn 0.6485 0.3331 -0.6845
vn 0.6485 0.3331 -0.6845
vn 0.6485 0.3331 -0.6845
vn 0.4803 0.1140 0.8696
vn 0.5921 0.4834 -0.6448
vn 0.5921 0.4834 -0.6448
vn 0.0000 0.0000 0.0000
vn 0.0000 0.0000 0.0000
vn -0.0523 -0.2018 0.9780
vn -0.0523 -0.2018 0.9780
vn -0.0523 -0.2018 0.9780
vn 0.4105 0.9067 -0.0967
vn 0.4105 0.9067 -0.0967
vn 0.3221 -0.5171 0.7930
vn 0.3221 -0.5171 0.7930
vn 0.3221 -0.5171 0.7930
vn -0.0487 -0.7635 -0.6440
vn -0.0487 -0.7635 -0.6440
vn 0.4543 0.5477 0.7026
vn 0.4543 0.5477 0.7026
vn 0.3266 -0.5411 -0.7750
vn 0.3266 -0.5411 -0.7750
vn 0.3266 -0.5411 -0.7750
vn 0.1931 -0.6568 -0.7289
vn 0.1931 -0.6568 -0.7289
vn -0.3826 -0.4556 -0.8038
vn 0.0339 0.2423 0.9696
vn 0.4928 -0.8671 -0.0727
vn 0.4928 -0.8671 -0.0727
vn 0.4928 -0.8671 -0.0727
vn 0.4928 -0.8671 -0.0727
vn 0.4928 -0.8671 -0.0727
vn -0.2752 -0.3878 -0.8797
vn -0.2989 -0.3578 -0.8847
vn 0.3888 -0.5560 -0.7346
vn 0.3888 -0.5560 -0.7346
vn -0.1331 0.3684 0.9201
vn 0.3391 -0.8011 -0.4932
vn 0.3391 -0.8011 -0.4932
vn 0.3391 -0.8011 -0.4932
vn 0.3391 -0.8011 -0.4932
vn 0.7672 0.5673 -0.2991
vn 0.0283 0.5426 -0.8395
vn 0.0283 0.5426 -0.8395
vn -0.0490 0.5211 0.8521
vn 0.2663 -0.9600 -0.0864
vn 0.2663 -0.9600 -0.0864
vn 0.2663 -0.9600 -0.0864
vn 0.6027 0.5185 -0.6065
vn 0.6027 0.5185 -0.6065
vn -0.1792 -0.7800 0.5996
vn -0.1792 -0.7800 0.5996
vn 0.3880 -0.2581 0.8848
vn 0.7319 -0.4815 -0.4822
vn 0.7319 -0.4815 -0.4822
vn 0.1169 -0.0299 -0.9927
vn 0.6261 0.2386 -0.7423
vn 0.6261 0.2386 -0.7423
vn 0.6261 0.2386 -0.7423
vn 0.6261 0.2386 -0.7423
vn 0.0000 0.0000 0.0000
vn 0.0000 0.0000 0.0000
vn 0.0000 0.0000 0.0000
vn 0.7309 -0.0154 -0.6823
vn 0.7309 -0.0154 -0.6823
vn 0.8215 0.2884 -0.4919
vn 0.8215 0.2884 -0.4919
vn 0.8126 0.0062 0.5827
vn 0.8126 0.0062 0.5827
vn 0.2672 -0.6566 -0.7053
vn 0.2672 -0.6566 -0.7053
vn 0.2672 -0.6566 -0.7053
vn 0.4714 -0.5527 -0.6873
vn 0.4714 -0.5527 -0.6873
vn 0.2385 0.1346 0.9618
vn 0.1940 0.0881 0.9770
vn 0.1940 0.0881 0.9770
vn 0.3887 0.1594 0.9075
vn 0.3887 0.1594 0.9075
vn 0.7109 0.3474 0.6116
vn 0.7109 0.3474 0.6116
vn 0.9109 -0.4116 0.0288
vn 0.9109 -0.4116 0.0288
vn 0.7997 0.3758 -0.4682
vn 0.7997 0.3758 -0.4682
vn 0.7997 0.3758 -0.4682
vn 0.7997 0.3758 -0.4682
vn 0.8213 0.5416 0.1794
vn 0.2311 -0.9601 -0.1572
vn 0.2311 -0.9601 -0.1572
vn 0.4082 -0.7633 -0.5007
vn 0.4082 -0.7633 -0.5007
vn 0.4082 -0.7633 -0.5007
vn -0.0297 0.9969 -0.0727
vn -0.0297 0.9969 -0.0727
vn -0.1938 -0.9810 0.0032
vn -0.1938 -0.9810 0.0032
vn -0.2702 -0.8154 -0.5120
vn -0.2702 -0.8154 -0.5120
vn 0.8371 -0.2147 0.5031
vn 0.8371 -0.2147 0.5031
vn 0.5891 0.2112 0.7800
vn 0.5891 0.2112 0.7800
vn 0.2415 0.3362 0.9103
vn 0.7437 -0.5365 -0.3988
vn 0.7437 -0.5365 -0.3988
vn 0.5098 -0.0427 0.8592
vn 0.5098 -0.0427 0.8592
vn 0.5098 -0.0427 0.8592
vn 0.1412 -0.5216 0.8415
vn 0.1412 -0.5216 0.8415
vn 0.8217 -0.0849 0.5636
vn 0.8217 -0.0849 0.5636
vn 0.8217 -0.0849 0.5636
vn 0.8217 -0.0849 0.5636
vn 0.8217 -0.0849 0.5636
vn 0.6444 -0.5971 -0.4777
vn 0.6444 -0.5971 -0.4777
vn 0.6444 -0.5971 -0.4777
vn 0.6444 -0.5971 -0.4777
vn 0.8801 0.3910 0.2694
vn 0.6753 -0.4877 -0.5534
vn 0.6753 -0.4877 -0.5534
vn 0.6753 -0.4877 -0.5534
vn 0.2907 0.2730 0.9171
vn 0.0151 -0.7378 -0.6749
vn 0.0151 -0.7378 -0.6749
vn 0.1033 0.0413 -0.9938
vn 0.0532 -0.9330 -0.3560
vn 0.0532 -0.9330 -0.3560
vn 0.8250 0.1856 0.5337
vn 0.8250 0.1856 0.5337
vn 0.9727 -0.2270 0.0479
vn 0.9727 -0.2270 0.0479
vn 0.9727 -0.2270 0.0479
vn 0.6910 0.7032 -0.1673
vn 0.6910 0.7032 -0.1673
vn 0.6910 0.7032 -0.1673
vn 0.8055 0.2146 0.5524
vn 0.8055 0.2146 0.5524
vn 0.8218 0.5681 -0.0437
vn 0.1329 0.7468 -0.6517
vn 0.7718 -0.4596 -0.4394
vn 0.7718 -0.4596 -0.4394
vn 0.5435 -0.2797 0.7914
vn 0.5435 -0.2797 0.7914
vn 0.3822 -0.8755 -0.2955
vn 0.3822 -0.8755 -0.2955
vn 0.6800 -0.4460 -0.5820
vn 0.6800 -0.4460 -0.5820
vn 0.5055 -0.6417 -0.5768
vn 0.5055 -0.6417 -0.5768
vn 0.5440 0.7003 0.4622
vn 0.5440 0.7003 0.4622
vn 0.3096 -0.2797 -0.9088
vn 0.3096 -0.2797 -0.9088
vn 0.3096 -0.2797 -0.9088
vn 0.7006 0.2316 -0.6749
vn 0.7006 0.2316 -0.6749
vn 0.8670 0.4981 0.0132
vn 0.8281 0.4688 0.3075
vn 0.6566 -0.5963 -0.4618
vn 0.6566 -0.5963 -0.4618
vn 0.0000 0.0000 0.0000
vn 0.0000 0.0000 0.0000
vn 0.0000 0.0000 0.0000
vn 0.0000 0.0000 0.0000
vn 0.0000 0.0000 0.0000
vn -0.7200 -0.6577 0.2216
vn -0.7200 -0.6577 0.2216
vn 0.2422 0.0805 0.9669
vn 0.0714 0.4146 0.9072
vn 0.6241 0.2704 -0.7330
vn 0.7039 0.2087 0.6789
vn 0.7039 0.2087 0.6789
vn 0.6812 -0.7310 -0.0404
vn 0.6812 -0.7310 -0.0404
vn 0.6812 -0.7310 -0.0404
vn 0.6812 -0.7310 -0.0404
vn 0.1441 0.4717 -0.8699
vn 0.1441 0.4717 -0.8699
vn 0.9589 0.1870 -0.2132
vn 0.9589 0.1870 -0.2132
vn 0.9589 0.1870 -0.2132
vn 0.9008 -0.0753 0.4276
vn 0.9008 -0.0753 0.4276
vn 0.4800 0.1394 0.8661
vn 0.4800 0.1394 0.8661
vn 0.5088 0.2930 0.8095
vn 0.5088 0.2930 0.8095
vn -0.3236 -0.4501 -0.8323
vn -0.3236 -0.4501 -0.8323
vn 0.9057 -0.4189 0.0650
vn 0.9917 -0.0131 -0.1282
vn 0.9917 -0.0131 -0.1282
vn 0.9776 -0.0319 0.2079
vn -0.0000 0.0000 0.0000
vn -0.0000 0.0000 0.0000
vn 0.5435 -0.7291 -0.4161
vn 0.5435 -0.7291 -0.4161
vn 0.5435 -0.7291 -0.4161
vn 0.2544 0.9281 -0.2719
vn 0.2544 0.9281 -0.2719
vn 0.2544 0.9281 -0.2719
vn 0.0283 0.2702 0.9624
vn 0.9119 0.3974 -0.1024
vn 0.9119 0.3974 -0.1024
vn -0.5846 -0.8107 0.0298
vn -0.1966 -0.4100 0.8906
vn -0.1966 -0.4100 0.8906
vn 0.9489 0.3092 0.0631
vn 0.9489 0.3092 0.0631
vn 0.9466 -0.2510 0.2021
vn 0.5190 -0.6796 -0.5185
vn 0.5190 -0.6796 -0.5185
vn 0.5190 -0.6796 -0.5185
vn 0.5190 -0.6796 -0.5185
vn 0.5190 -0.6796 -0.5185
vn 0.7562 0.5843 0.2946
vn 0.6774 0.1292 0.7242
vn 0.6774 0.1292 0.7242
vn 0.9975 -0.0653 -0.0266
vn 0.9975 -0.0653 -0.0266
vn 0.7809 0.6104 0.1323
vn 0.8732 0.4779 -0.0953
vn 0.8732 0.4779 -0.0953
vn 0.8984 0.1802 0.4005
vn 0.8984 0.1802 0.4005
vn 0.8984 0.1802 0.4005
vn 0.9492 -0.0960 -0.2997
vn 0.9492 -0.0960 -0.2997
vn 0.9849 -0.1575 0.0714
vn 0.4409 -0.8922 -0.0978
vn 0.4409 -0.8922 -0.0978
vn 0.4409 -0.8922 -0.0978
vn 0.6313 -0.0372 0.7747
vn 0.6313 -0.0372 0.7747
vn 0.4056 0.0562 -0.9123
vn 0.4056 0.0562 -0.9123
vn 0.4056 0.0562 -0.9123
vn 0.8136 -0.5726 0.1003
vn 0.8136 -0.5726 0.1003
vn 0.9762 -0.1035 0.1905
vn 0.7104 0.1908 0.6774
vn 0.7104 0.1908 0.6774
vn 0.6599 0.3585 0.6604
vn 0.6599 0.3585 0.6604
vn 0.7797 0.3996 0.4821
vn 0.7797 0.3996 0.4821
vn 0.3766 -0.6946 -0.6130
vn 0.3766 -0.6946 -0.6130
vn 0.7417 0.6237 -0.2469
vn 0.7417 0.6237 -0.2469
vn -0.5929 -0.7933 -0.1383
vn 0.9432 0.3135 0.1103
vn 0.9432 0.3135 0.1103
vn 0.8161 0.5738 -0.0687
vn 0.8161 0.5738 -0.0687
vn 0.2844 0.6161 0.7345
vn 0.2844 0.6161 0.7345
vn 0.2844 0.6161 0.7345
vn 0.2844 0.6161 0.7345
vn 0.9476 -0.2700 0.1708
vn 0.9476 -0.2700 0.1708
vn 0.1359 0.5566 -0.8196
vn 0.4610 0.0807 -0.8837
vn 0.4610 0.0807 -0.8837
vn 0.3106 0.0225 -0.9503
vn 0.8131 -0.5201 0.2614
vn 0.6049 -0.7108 -0.3590
vn 0.6049 -0.7108 -0.3590
vn 0.7933 -0.2558 0.5525
vn 0.7933 -0.2558 0.5525
vn 0.7948 -0.3739 0.4781
vn 0.7948 -0.3739 0.4781
vn -0.3246 0.5694 -0.7553
vn 0.6034 0.1769 0.7776
vn 0.6034 0.1769 0.7776
vn 0.5410 0.4295 -0.7231
vn 0.5410 0.4295 -0.7231
vn 0.5777 0.1769 0.7968
vn 0.5777 0.1769 0.7968
vn 0.5777 0.1769 0.7968
vn 0.7469 0.0916 -0.6586
vn 0.7469 0.0916 -0.6586
vn 0.4946 0.0007 0.8691
vn 0.4946 0.0007 0.8691
vn 0.4227 0.3945 -0.8159
vn 0.8618 -0.2369 0.4486
vn 0.8618 -0.2369 0.4486
vn 0.6999 0.5330 -0.4754
vn 0.6999 0.5330 -0.4754
vn 0.8093 0.4681 0.3549
vn -0.2719 -0.9622 -0.0140
vn -0.2719 -0.9622 -0.0140
vn 0.7717 -0.5319 -0.3485
vn 0.7717 -0.5319 -0.3485
vn 0.7717 -0.5319 -0.3485
vn 0.2529 -0.9594 -0.1245
vn 0.2529 -0.9594 -0.1245
vn -0.9815 -0.0649 -0.1802
vn -0.8143 0.0430 -0.5788
vn -0.9918 -0.0853 -0.0950
vn -0.0606 -0.9538 -0.2944
vn -0.0606 -0.9538 -0.2944
vn -0.0606 -0.9538 -0.2944
vn -0.0606 -0.9538 -0.2944
vn -0.0606 -0.9538 -0.2944
vn 0.7304 0.1013 0.6755
vn 0.7304 0.1013 0.6755
vn 0.7304 0.1013 0.6755
vn 0.8364 0.2087 -0.5068
vn 0.8364 0.2087 -0.5068
vn 0.7300 0.6806 -0.0622
vn 0.4374 -0.6064 -0.6641
vn 0.4374 -0.6064 -0.6641
vn 0.3833 0.3065 -0.8713
vn 0.3833 0.3065 -0.8713
vn 0.3833 0.3065 -0.8713
vn 0.9754 0.0688 0.2092
vn 0.9754 0.0688 0.2092
vn 0.1053 0.8906 0.4425
vn 0.1053 0.8906 0.4425
vn 0.1053 0.8906 0.4425
vn 0.8678 0.3504 0.3524
vn 0.8678 0.3504 0.3524
vn 0.1225 0.9870 -0.1040
vn 0.8836 0.4050 0.2350
vn 0.8836 0.4050 0.2350
vn 0.7947 0.4600 0.3961
vn 0.9522 -0.2283 0.2028
vn 0.9522 -0.2283 0.2028
vn 0.8598 -0.3191 -0.3987
vn 0.8598 -0.3191 -0.3987
vn 0.5083 0.2228 -0.8318
vn 0.5083 0.2228 -0.8318
vn 0.5226 0.2071 -0.8270
vn -0.5840 -0.0245 0.8114
vn -0.5840 -0.0245 0.8114
vn 0.4706 -0.2087 0.8573
vn 0.4706 -0.2087 0.8573
vn 0.4706 -0.2087 0.8573
vn 0.9808 -0.1952 0.0024
vn 0.8480 -0.2455 0.4698
vn 0.8480 -0.2455 0.4698
vn 0.7626 -0.2424 -0.5998
vn 0.7626 -0.2424 -0.5998
vn 0.7626 -0.2424 -0.5998
vn 0.7626 -0.2424 -0.5998
vn 0.7626 -0.2424 -0.5998
vn 0.7626 -0.2424 -0.5998
vn 0.9362 -0.2755 0.2182
vn 0.9362 -0.2755 0.2182
vn 0.9362 -0.2755 0.2182
vn 0.9362 -0.2755 0.2182
vn 0.8321 -0.4841 -0.2707
vn 0.8321 -0.4841 -0.2707
vn 0.8321 -0.4841 -0.2707
vn 0.0349 0.2129 0.9764
vn 0.0349 0.2129 0.9764
vn 0.0349 0.2129 0.9764
vn 0.0349 0.2129 0.9764
vn 0.0000 -0.0000 0.0000
vn 0.0000 -0.0000 0.0000
vn 0.8316 0.4961 -0.2495
vn 0.7525 -0.6564 -0.0544
vn 0.7525 -0.6564 -0.0544
vn 0.7886 -0.4706 0.3958
vn 0.7886 -0.4706 0.3958
vn 0.7886 -0.4706 0.3958
vn 0.7886 -0.4706 0.3958
vn 0.9500 -0.1587 -0.2689
vn 0.9500 -0.1587 -0.2689
vn 0.9500 -0.1587 -0.2689
vn -0.6788 -0.4390 0.5887
vn -0.6788 -0.4390 0.5887
vn -0.6788 -0.4390 0.5887
vn -0.6788 -0.4390 0.5887
vn -0.6788 -0.4390 0.5887
vn 0.9386 -0.1661 -0.3023
vn 0.9386 -0.1661 -0.3023
vn 0.9386 -0.1661 -0.3023
vn 0.7373 0.1842 0.6499
vn 0.7373 0.1842 0.6499
vn 0.7373 0.1842 0.6499
vn 0.7373 0.1842 0.6499
vn 0.7373 0.1842 0.6499
vn 0.7373 0.1842 0.6499
vn 0.9328 0.2658 -0.2434
vn 0.9803 0.1972 0.0119
vn 0.9718 -0.1453 0.1859
vn 0.9718 -0.1453 0.1859
vn 0.9718 -0.1453 0.1859
vn 0.9663 0.0485 -0.2529
vn 0.9436 0.0280 -0.3298
vn -0.9186 -0.3942 -0.0274
vn -0.9186 -0.3942 -0.0274
vn -0.9186 -0.3942 -0.0274
vn -0.9186 -0.3942 -0.0274
vn -0.9186 -0.3942 -0.0274
vn -0.9186 -0.3942 -0.0274
vn 0.9443 -0.1014 0.3130
vn 0.9443 -0.1014 0.3130
vn 0.9443 -0.1014 0.3130
vn 0.9443 -0.1014 0.3130
vn 0.9443 -0.1014 0.3130
vn 0.9443 -0.1014 0.3130
vn 0.9443 -0.1014 0.3130
vn 0.8870 0.2121 0.4101
vn 0.8870 0.2121 0.4101
vn 0.8928 -0.3579 -0.2734
vn 0.9184 -0.3218 0.2301
vn 0.9991 0.0201 -0.0378
vn 0.9991 0.0201 -0.0378
vn 0.9991 0.0201 -0.0378
vn 0.9991 0.0201 -0.0378
vn 0.8577 0.4380 0.2694
vn 0.8577 0.4380 0.2694
vn 0.9858 0.0350 -0.1643
vn -0.8533 -0.3169 -0.4141
vn -0.8533 -0.3169 -0.4141
vn 0.9390 0.2169 0.2670
vn 0.9390 0.2169 0.2670
vn 0.9390 0.2169 0.2670
vn 0.6649 0.2825 0.6915
vn 0.6649 0.2825 0.6915
usemtl ratman-brute
s 1
f 2/2/2 5/5/5 7/7/7
f 9/9/9 12/12/12 14/14/14
f 11/11/11 7/7/7 16/16/16
f 16/16/16 13/13/13 11/11/11
f 18/18/18 19/19/19 20/20/20
f 18/18/18 21/21/21 19/19/19
f 18/18/18 20/20/20 21/21/21
f 3/3/3 23/23/23 24/24/24
f 3/3/3 24/24/24 26/26/26
f 8/8/8 29/29/29 4/4/4
f 8/8/8 12/12/12 31/31/31
f 7/7/7 5/5/5 32/32/32
f 7/7/7 32/32/32 20/20/20
f 7/7/7 20/20/20 19/19/19
f 7/7/7 19/19/19 16/16/16
f 16/16/16 19/19/19 21/21/21
f 34/34/34 35/35/35 16/16/16
f 24/24/24 23/23/23 26/26/26
f 1/1/1 27/27/27 22/22/22
f 29/29/29 8/8/8 37/37/37
f 12/12/12 9/9/9 31/31/31
f 16/16/16 21/21/21 34/34/34
f 34/34/34 38/38/38 35/35/35
f 8/8/8 31/31/31 37/37/37
f 3/3/3 26/26/26 6/6/6
f 6/6/6 26/26/26 33/33/33
f 33/33/33 42/42/42 44/44/44
f 15/15/15 17/17/17 45/45/45
f 20/20/20 32/32/32 43/43/43
f 20/20/20 43/43/43 46/46/46
f 20/20/20 46/46/46 21/21/21
f 34/34/34 21/21/21 38/38/38
f 48/48/48 50/50/50 51/51/51
f 53/53/53 51/51/51 50/50/50
f 22/22/22 27/27/27 25/25/25
f 55/55/55 37/37/37 31/31/31
f 31/31/31 9/9/9 56/56/56
f 33/33/33 26/26/26 42/42/42
f 43/43/43 57/57/57 46/46/46
f 17/17/17 36/36/36 59/59/59
f 46/46/46 57/57/57 21/21/21
f 36/36/36 60/60/60 61/61/61
f 36/36/36 39/39/39 60/60/60
f 21/21/21 48/48/48 51/51/51
f 21/21/21 62/62/62 48/48/48
f 21/21/21 51/51/51 38/38/38
f 38/38/38 51/51/51 65/65/65
f 39/39/39 66/66/66 60/60/60
f 51/51/51 53/53/53 65/65/65
f 52/52/52 49/49/49 64/64/64
f 26/26/26 28/28/28 67/67/67
f 31/31/31 56/56/56 69/69/69
f 58/58/58 44/44/44 42/42/42
f 17/17/17 59/59/59 45/45/45
f 36/36/36 61/61/61 59/59/59
f 21/21/21 57/57/57 62/62/62
f 70/70/70 72/72/72 57/57/57
f 66/66/66 77/77/77 60/60/60
f 68/68/68 29/29/29 78/78/78
f 15/15/15 80/80/80 10/10/10
f 9/9/9 79/79/79 56/56/56
f 15/15/15 45/45/45 80/80/80
f 58/58/58 42/42/42 81/81/81
f 57/57/57 72/72/72 62/62/62
f 37/37/37 55/55/55 78/78/78
f 29/29/29 37/37/37 78/78/78
f 40/40/40 82/82/82 86/86/86
f 77/77/77 88/88/88 60/60/60
f 49/49/49 47/47/47 64/64/64
f 65/65/65 48/48/48 75/75/75
f 26/26/26 67/67/67 90/90/90
f 42/42/42 26/26/26 90/90/90
f 85/85/85 42/42/42 90/90/90
f 41/41/41 87/87/87 83/83/83
f 69/69/69 56/56/56 79/79/79
f 71/71/71 58/58/58 92/92/92
f 71/71/71 92/92/92 74/74/74
f 62/62/62 93/93/93 75/75/75
f 62/62/62 75/75/75 48/48/48
f 78/78/78 55/55/55 95/95/95
f 30/30/30 96/96/96 54/54/54
f 69/69/69 79/79/79 31/31/31
f 63/63/63 73/73/73 98/98/98
f 88/88/88 77/77/77 100/100/100
f 42/42/42 85/85/85 81/81/81
f 60/60/60 59/59/59 61/61/61
f 60/60/60 102/102/102 59/59/59
f 94/94/94 103/103/103 76/76/76
f 97/97/97 31/31/31 79/79/79
f 58/58/58 81/81/81 92/92/92
f 100/100/100 104/104/104 88/88/88
f 68/68/68 78/78/78 91/91/91
f 89/89/89 105/105/105 84/84/84
f 63/63/63 98/98/98 94/94/94
f 100/100/100 77/77/77 104/104/104
f 77/77/77 111/111/111 104/104/104
f 79/79/79 112/112/112 97/97/97
f 79/79/79 113/113/113 112/112/112
f 114/114/114 80/80/80 115/115/115
f 74/74/74 92/92/92 99/99/99
f 60/60/60 88/88/88 116/116/116
f 76/76/76 103/103/103 110/110/110
f 55/55/55 97/97/97 95/95/95
f 106/106/106 90/90/90 85/85/85
f 45/45/45 115/115/115 80/80/80
f 81/81/81 118/118/118 92/92/92
f 88/88/88 104/104/104 116/116/116
f 115/115/115 121/121/121 114/114/114
f 115/115/115 45/45/45 121/121/121
f 59/59/59 122/122/122 45/45/45
f 81/81/81 85/85/85 118/118/118
f 104/104/104 126/126/126 116/116/116
f 94/94/94 98/98/98 127/127/127
f 78/78/78 95/95/95 91/91/91
f 90/90/90 130/130/130 85/85/85
f 113/113/113 120/120/120 112/112/112
f 102/102/102 133/133/133 59/59/59
f 104/104/104 135/135/135 126/126/126
f 103/103/103 94/94/94 136/136/136
f 111/111/111 138/138/138 104/104/104
f 104/104/104 138/138/138 135/135/135
f 139/139/139 140/140/140 141/141/141
f 139/139/139 142/142/142 143/143/143
f 139/139/139 144/144/144 142/142/142
f 59/59/59 145/145/145 122/122/122
f 59/59/59 133/133/133 145/145/145
f 60/60/60 116/116/116 102/102/102
f 146/146/146 147/147/147 149/149/149
f 95/95/95 147/147/147 146/146/146
f 150/150/150 147/147/147 95/95/95
f 95/95/95 146/146/146 91/91/91
f 120/120/120 151/151/151 112/112/112
f 139/139/139 141/141/141 154/154/154
f 139/139/139 154/154/154 155/155/155
f 143/143/143 156/156/156 139/139/139
f 157/157/157 139/139/139 155/155/155
f 118/118/118 158/158/158 159/159/159
f 118/118/118 159/159/159 162/162/162
f 118/118/118 162/162/162 92/92/92
f 163/163/163 144/144/144 157/157/157
f 134/134/134 107/107/107 123/123/123
f 110/110/110 103/103/103 136/136/136
f 137/137/137 107/107/107 134/134/134
f 165/165/165 140/140/140 169/169/169
f 175/175/175 169/169/169 140/140/140
f 170/170/170 176/176/176 180/180/180
f 175/175/175 140/140/140 179/179/179
f 97/97/97 150/150/150 95/95/95
f 91/91/91 149/149/149 131/131/131
f 97/97/97 112/112/112 150/150/150
f 130/130/130 183/183/183 85/85/85
f 140/140/140 139/139/139 156/156/156
f 185/185/185 155/155/155 154/154/154
f 85/85/85 187/187/187 118/118/118
f 158/158/158 118/118/118 189/189/189
f 117/117/117 186/186/186 188/188/188
f 122/122/122 145/145/145 133/133/133
f 157/157/157 155/155/155 163/163/163
f 157/157/157 144/144/144 139/139/139
f 92/92/92 162/162/162 99/99/99
f 127/127/127 98/98/98 191/191/191
f 94/94/94 127/127/127 136/136/136
f 140/140/140 165/165/165 194/194/194
f 177/177/177 171/171/171 181/181/181
f 140/140/140 156/156/156 179/179/179
f 121/121/121 45/45/45 197/197/197
f 85/85/85 183/183/183 187/187/187
f 45/45/45 122/122/122 197/197/197
f 155/155/155 185/185/185 199/199/199
f 122/122/122 200/200/200 197/197/197
f 122/122/122 133/133/133 200/200/200
f 99/99/99 162/162/162 192/192/192
f 101/101/101 201/201/201 132/132/132
f 116/116/116 126/126/126 204/204/204
f 166/166/166 172/172/172 205/205/205
f 167/167/167 206/206/206 173/173/173
f 168/168/168 193/193/193 164/164/164
f 209/209/209 211/211/211 212/212/212
f 168/168/168 213/213/213 193/193/193
f 168/168/168 174/174/174 213/213/213
f 149/149/149 147/147/147 214/214/214
f 213/213/213 174/174/174 178/178/178
f 140/140/140 194/194/194 141/141/141
f 91/91/91 146/146/146 149/149/149
f 112/112/112 151/151/151 150/150/150
f 154/154/154 141/141/141 217/217/217
f 156/156/156 143/143/143 179/179/179
f 143/143/143 218/218/218 179/179/179
f 185/185/185 217/217/217 220/220/220
f 185/185/185 154/154/154 217/217/217
f 215/215/215 153/153/153 184/184/184
f 189/189/189 221/221/221 158/158/158
f 185/185/185 220/220/220 199/199/199
f 143/143/143 222/222/222 223/223/223
f 202/202/202 200/200/200 133/133/133
f 143/143/143 142/142/142 225/225/225
f 143/143/143 225/225/225 222/222/222
f 155/155/155 226/226/226 163/163/163
f 116/116/116 229/229/229 102/102/102
f 142/142/142 230/230/230 225/225/225
f 142/142/142 144/144/144 230/230/230
f 124/124/124 108/108/108 231/231/231
f 141/141/141 194/194/194 235/235/235
f 141/141/141 235/235/235 217/217/217
f 213/213/213 236/236/236 193/193/193
f 237/237/237 178/178/178 238/238/238
f 213/213/213 178/178/178 236/236/236
f 178/178/178 237/237/237 236/236/236
f 131/131/131 149/149/149 244/244/244
f 128/128/128 241/241/241 245/245/245
f 220/220/220 217/217/217 249/249/249
f 179/179/179 218/218/218 239/239/239
f 246/246/246 242/242/242 129/129/129
f 183/183/183 250/250/250 187/187/187
f 143/143/143 223/223/223 218/218/218
f 189/189/189 187/187/187 221/221/221
f 158/158/158 221/221/221 159/159/159
f 200/200/200 202/202/202 254/254/254
f 155/155/155 199/199/199 257/257/257
f 198/198/198 259/259/259 255/255/255
f 155/155/155 257/257/257 226/226/226
f 125/125/125 232/232/232 203/203/203
f 209/209/209 212/212/212 261/261/261
f 208/208/208 263/263/263 210/210/210
f 193/193/193 236/236/236 234/234/234
f 130/130/130 243/243/243 183/183/183
f 220/220/220 249/249/249 264/264/264
f 254/254/254 197/197/197 200/200/200
f 162/162/162 159/159/159 250/250/250
f 202/202/202 102/102/102 266/266/266
f 202/202/202 266/266/266 254/254/254
f 163/163/163 226/226/226 144/144/144
f 127/127/127 191/191/191 268/268/268
f 116/116/116 204/204/204 229/229/229
f 209/209/209 261/261/261 271/271/271
f 249/249/249 217/217/217 273/273/273
f 207/207/207 269/269/269 262/262/262
f 151/151/151 274/274/274 150/150/150
f 149/149/149 276/276/276 244/244/244
f 120/120/120 278/278/278 151/151/151
f 249/249/249 279/279/279 264/264/264
f 240/240/240 219/219/219 282/282/282
f 119/119/119 195/195/195 277/277/277
f 221/221/221 187/187/187 250/250/250
f 221/221/221 250/250/250 159/159/159
f 102/102/102 229/229/229 266/266/266
f 190/190/190 160/160/160 267/267/267
f 225/225/225 230/230/230 222/222/222
f 110/110/110 136/136/136 228/228/228
f 109/109/109 227/227/227 232/232/232
f 257/257/257 284/284/284 286/286/286
f 235/235/235 288/288/288 273/273/273
f 233/233/233 272/272/272 216/216/216
f 236/236/236 287/287/287 234/234/234
f 289/289/289 247/247/247 294/294/294
f 236/236/236 237/237/237 296/296/296
f 249/249/249 263/263/263 279/279/279
f 220/220/220 264/264/264 199/199/199
f 260/260/260 199/199/199 257/257/257
f 227/227/227 203/203/203 232/232/232
f 230/230/230 144/144/144 297/297/297
f 286/286/286 302/302/302 257/257/257
f 303/303/303 307/307/307 308/308/308
f 300/300/300 305/305/305 310/310/310
f 273/273/273 292/292/292 249/249/249
f 248/248/248 290/290/290 295/295/295
f 214/214/214 147/147/147 313/313/313
f 214/214/214 315/315/315 149/149/149
f 249/249/249 292/292/292 210/210/210
f 150/150/150 274/274/274 147/147/147
f 249/249/249 210/210/210 263/263/263
f 136/136/136 127/127/127 268/268/268
f 230/230/230 297/297/297 222/222/222
f 144/144/144 226/226/226 316/316/316
f 286/286/286 284/284/284 302/302/302
f 303/303/303 297/297/297 307/307/307
f 311/311/311 306/306/306 301/301/301
f 318/318/318 320/320/320 323/323/323
f 214/214/214 313/313/313 315/315/315
f 147/147/147 325/325/325 313/313/313
f 236/236/236 296/296/296 287/287/287
f 151/151/151 326/326/326 274/274/274
f 296/296/296 237/237/237 327/327/327
f 151/151/151 328/328/328 326/326/326
f 237/237/237 281/281/281 327/327/327
f 243/243/243 275/275/275 183/183/183
f 237/237/237 238/238/238 281/281/281
f 151/151/151 278/278/278 196/196/196
f 219/219/219 224/224/224 331/331/331
f 199/199/199 264/264/264 332/332/332
f 199/199/199 332/332/332 257/257/257
f 222/222/222 330/330/330 223/223/223
f 144/144/144 316/316/316 297/297/297
f 304/304/304 309/309/309 335/335/335
f 308/308/308 307/307/307 334/334/334
f 323/323/323 320/320/320 337/337/337
f 210/210/210 292/292/292 338/338/338
f 147/147/147 274/274/274 325/325/325
f 152/152/152 197/197/197 329/329/329
f 263/263/263 340/340/340 279/279/279
f 250/250/250 343/343/343 162/162/162
f 219/219/219 331/331/331 282/282/282
f 258/258/258 333/333/333 345/345/345
f 258/258/258 345/345/345 349/349/349
f 229/229/229 351/351/351 266/266/266
f 330/330/330 222/222/222 352/352/352
f 136/136/136 268/268/268 354/354/354
f 256/256/256 356/356/356 283/283/283
f 226/226/226 257/257/257 316/316/316
f 257/257/257 302/302/302 316/316/316
f 307/307/307 297/297/297 316/316/316
f 302/302/302 307/307/307 316/316/316
f 323/323/323 337/337/337 358/358/358
f 322/322/322 360/360/360 317/317/317
f 211/211/211 339/339/339 212/212/212
f 296/296/296 362/362/362 287/287/287
f 326/326/326 328/328/328 365/365/365
f 250/250/250 183/183/183 343/343/343
f 161/161/161 368/368/368 268/268/268
f 222/222/222 297/297/297 352/352/352
f 334/334/334 307/307/307 370/370/370
f 324/324/324 359/359/359 361/361/361
f 317/317/317 360/360/360 319/319/319
f 148/148/148 314/314/314 312/312/312
f 288/288/288 363/363/363 273/273/273
f 296/296/296 327/327/327 362/362/362
f 197/197/197 372/372/372 329/329/329
f 254/254/254 375/375/375 197/197/197
f 265/265/265 280/280/280 333/333/333
f 331/331/331 376/376/376 282/282/282
f 331/331/331 353/353/353 376/376/376
f 346/346/346 344/344/344 377/377/377
f 266/266/266 351/351/351 381/381/381
f 228/228/228 136/136/136 350/350/350
f 258/258/258 349/349/349 357/357/357
f 304/304/304 382/382/382 298/298/298
f 335/335/335 382/382/382 304/304/304
f 302/302/302 384/384/384 307/307/307
f 358/358/358 337/337/337 385/385/385
f 319/319/319 360/360/360 386/386/386
f 261/261/261 212/212/212 271/271/271
f 273/273/273 363/363/363 292/292/292
f 326/326/326 388/388/388 274/274/274
f 326/326/326 365/365/365 388/388/388
f 149/149/149 313/313/313 276/276/276
f 333/333/333 280/280/280 345/345/345
f 162/162/162 343/343/343 391/391/391
f 162/162/162 391/391/391 369/369/369
f 268/268/268 368/368/368 354/354/354
f 371/371/371 382/382/382 335/335/335
f 361/361/361 392/392/392 393/393/393
f 293/293/293 394/394/394 339/339/339
f 263/263/263 270/270/270 395/395/395
f 327/327/327 281/281/281 396/396/396
f 263/263/263 395/395/395 340/340/340
f 197/197/197 375/375/375 372/372/372
f 266/266/266 399/399/399 254/254/254
f 369/369/369 400/400/400 355/355/355
f 136/136/136 354/354/354 350/350/350
f 347/347/347 378/378/378 401/401/401
f 285/285/285 357/357/357 404/404/404
f 357/357/357 349/349/349 404/404/404
f 307/307/307 405/405/405 370/370/370
f 358/358/358 407/407/407 408/408/408
f 361/361/361 359/359/359 411/411/411
f 392/392/392 361/361/361 413/413/413
f 361/361/361 393/393/393 414/414/414
f 392/392/392 413/413/413 393/393/393
f 274/274/274 388/388/388 325/325/325
f 275/275/275 415/415/415 183/183/183
f 343/343/343 183/183/183 417/417/417
f 341/341/341 419/419/419 280/280/280
f 348/348/348 402/402/402 403/403/403
f 299/299/299 421/421/421 353/353/353
f 299/299/299 383/383/383 421/421/421
f 407/407/407 422/422/422 408/408/408
f 359/359/359 409/409/409 411/411/411
f 407/407/407 358/358/358 425/425/425
f 336/336/336 405/405/405 384/384/384
f 358/358/358 385/385/385 425/425/425
f 361/361/361 414/414/414 387/387/387
f 427/427/427 430/430/430 431/431/431
f 212/212/212 339/339/339 434/434/434
f 271/271/271 212/212/212 437/437/437
f 362/362/362 327/327/327 438/438/438
f 327/327/327 396/396/396 438/438/438
f 372/372/372 366/366/366 329/329/329
f 416/416/416 389/389/389 342/342/342
f 280/280/280 419/419/419 345/345/345
f 353/353/353 440/440/440 376/376/376
f 382/382/382 371/371/371 420/420/420
f 370/370/370 405/405/405 441/441/441
f 302/302/302 284/284/284 443/443/443
f 302/302/302 443/443/443 384/384/384
f 307/307/307 384/384/384 405/405/405
f 413/413/413 361/361/361 446/446/446
f 448/448/448 393/393/393 450/450/450
f 428/428/428 452/452/452 454/454/454
f 428/428/428 432/432/432 452/452/452
f 455/455/455 458/458/458 461/461/461
f 459/459/459 456/456/456 433/433/433
f 460/460/460 434/434/434 339/339/339
f 212/212/212 434/434/434 437/437/437
f 270/270/270 463/463/463 395/395/395
f 313/313/313 325/325/325 464/464/464
f 313/313/313 466/466/466 276/276/276
f 275/275/275 465/465/465 415/415/415
f 415/415/415 470/470/470 183/183/183
f 372/372/372 472/472/472 366/366/366
f 395/395/395 473/473/473 340/340/340
f 373/373/373 251/251/251 476/476/476
f 345/345/345 419/419/419 480/480/480
f 345/345/345 480/480/480 379/379/379
f 482/482/482 369/369/369 484/484/484
f 369/369/369 484/484/484 400/400/400
f 483/483/483 367/367/367 481/481/481
f 378/378/378 485/485/485 401/401/401
f 403/403/403 402/402/402 486/486/486
f 370/370/370 441/441/441 488/488/488
f 371/371/371 489/489/489 420/420/420
f 423/423/423 412/412/412 410/410/410
f 407/407/407 425/425/425 444/444/444
f 384/384/384 443/443/443 424/424/424
f 319/319/319 386/386/386 491/491/491
f 387/387/387 414/414/414 393/393/393
f 448/448/448 494/494/494 393/393/393
f 447/447/447 495/495/495 493/493/493
f 447/447/447 449/449/449 496/496/496
f 429/429/429 426/426/426 497/497/497
f 451/451/451 431/431/431 498/498/498
f 394/394/394 501/501/501 339/339/339
f 293/293/293 503/503/503 394/394/394
f 394/394/394 503/503/503 501/501/501
f 463/463/463 270/270/270 436/436/436
f 292/292/292 363/363/363 505/505/505
f 313/313/313 464/464/464 466/466/466
f 341/341/341 475/475/475 419/419/419
f 282/282/282 508/508/508 397/397/397
f 282/282/282 376/376/376 508/508/508
f 484/484/484 369/369/369 391/391/391
f 484/484/484 509/509/509 400/400/400
f 266/266/266 381/381/381 399/399/399
f 355/355/355 400/400/400 509/509/509
f 379/379/379 510/510/510 487/487/487
f 353/353/353 512/512/512 440/440/440
f 489/489/489 513/513/513 420/420/420
f 337/337/337 516/516/516 406/406/406
f 320/320/320 517/517/517 337/337/337
f 520/520/520 450/450/450 393/393/393
f 393/393/393 413/413/413 520/520/520
f 454/454/454 522/522/522 428/428/428
f 430/430/430 498/498/498 431/431/431
f 457/457/457 462/462/462 434/434/434
f 458/458/458 499/499/499 461/461/461
f 460/460/460 339/339/339 501/501/501
f 291/291/291 504/504/504 502/502/502
f 388/388/388 365/365/365 325/325/325
f 395/395/395 523/523/523 473/473/473
f 182/182/182 467/467/467 525/525/525
f 183/183/183 526/526/526 528/528/528
f 183/183/183 528/528/528 417/417/417
f 350/350/350 529/529/529 380/380/380
f 440/440/440 512/512/512 376/376/376
f 353/353/353 421/421/421 512/512/512
f 442/442/442 515/515/515 490/490/490
f 405/405/405 514/514/514 441/441/441
f 321/321/321 492/492/492 518/518/518
f 361/361/361 411/411/411 530/530/530
f 361/361/361 530/530/530 446/446/446
f 447/447/447 496/496/496 495/495/495
f 498/498/498 427/427/427 521/521/521
f 435/435/435 531/531/531 533/533/533
f 364/364/364 536/536/536 506/506/506
f 365/365/365 537/537/537 325/325/325
f 372/372/372 375/375/375 541/541/541
f 372/372/372 541/541/541 472/472/472
f 477/477/477 252/252/252 374/374/374
f 253/253/253 398/398/398 542/542/542
f 484/484/484 391/391/391 509/509/509
f 380/380/380 529/529/529 398/398/398
f 543/543/543 513/513/513 489/489/489
f 446/446/446 530/530/530 545/545/545
f 494/494/494 548/548/548 393/393/393
f 493/493/493 495/495/495 547/547/547
f 532/532/532 437/437/437 549/549/549
f 436/436/436 534/534/534 463/463/463
f 438/438/438 550/550/550 362/362/362
f 325/325/325 537/537/537 464/464/464
f 554/554/554 395/395/395 463/463/463
f 463/463/463 556/556/556 554/554/554
f 538/538/538 366/366/366 472/472/472
f 557/557/557 541/541/541 375/375/375
f 375/375/375 559/559/559 557/557/557
f 375/375/375 254/254/254 559/559/559
f 379/379/379 480/480/480 510/510/510
f 403/403/403 486/486/486 560/560/560
f 404/404/404 562/562/562 285/285/285
f 511/511/511 420/420/420 513/513/513
f 407/407/407 563/563/563 422/422/422
f 449/449/449 519/519/519 496/496/496
f 495/495/495 496/496/496 547/547/547
f 532/532/532 549/549/549 535/535/535
f 463/463/463 534/534/534 564/564/564
f 364/364/364 567/567/567 536/536/536
f 466/466/466 464/464/464 570/570/570
f 464/464/464 537/537/537 572/572/572
f 474/474/474 524/524/524 574/574/574
f 419/419/419 475/475/475 576/576/576
f 398/398/398 577/577/577 542/542/542
f 398/398/398 529/529/529 577/577/577
f 350/350/350 354/354/354 579/579/579
f 376/376/376 512/512/512 582/582/582
f 490/490/490 584/584/584 544/544/544
f 393/393/393 585/585/585 387/387/387
f 446/446/446 520/520/520 413/413/413
f 587/587/587 520/520/520 446/446/446
f 451/451/451 498/498/498 589/589/589
f 462/462/462 501/501/501 590/590/590
f 437/437/437 591/591/591 549/549/549
f 437/437/437 434/434/434 591/591/591
f 507/507/507 593/593/593 503/503/503
f 506/506/506 536/536/536 594/594/594
f 362/362/362 550/550/550 566/566/566
f 465/465/465 569/569/569 415/415/415
f 554/554/554 523/523/523 395/395/395
f 439/439/439 397/397/397 508/508/508
f 471/471/471 540/540/540 578/578/578
f 557/557/557 559/559/559 541/541/541
f 391/391/391 596/596/596 509/509/509
f 480/480/480 419/419/419 601/601/601
f 253/253/253 542/542/542 602/602/602
f 376/376/376 582/582/582 508/508/508
f 350/350/350 579/579/579 529/529/529
f 509/509/509 596/596/596 355/355/355
f 422/422/422 563/563/563 603/603/603
f 423/423/423 604/604/604 412/412/412
f 407/407/407 605/605/605 563/563/563
f 490/490/490 515/515/515 584/584/584
f 530/530/530 411/411/411 545/545/545
f 446/446/446 545/545/545 587/587/587
f 606/606/606 608/608/608 521/521/521
f 549/549/549 591/591/591 535/535/535
f 506/506/506 594/594/594 592/592/592
f 463/463/463 564/564/564 610/610/610
f 565/565/565 613/613/613 612/612/612
f 463/463/463 610/610/610 556/556/556
f 537/537/537 614/614/614 572/572/572
f 439/439/439 616/616/616 552/552/552
f 538/538/538 472/472/472 618/618/618
f 417/417/417 528/528/528 391/391/391
f 419/419/419 622/622/622 480/480/480
f 419/419/419 576/576/576 622/622/622
f 253/253/253 539/539/539 558/558/558
f 253/253/253 602/602/602 539/539/539
f 391/391/391 624/624/624 596/596/596
f 529/529/529 579/579/579 577/577/577
f 543/543/543 583/583/583 513/513/513
f 407/407/407 444/444/444 605/605/605
f 337/337/337 517/517/517 516/516/516
f 393/393/393 626/626/626 585/585/585
f 548/548/548 626/626/626 393/393/393
f 521/521/521 608/608/608 627/627/627
f 462/462/462 590/590/590 434/434/434
f 534/534/534 628/628/628 564/564/564
f 536/536/536 567/567/567 594/594/594
f 572/572/572 570/570/570 464/464/464
f 415/415/415 569/569/569 470/470/470
f 470/470/470 631/631/631 526/526/526
f 508/508/508 616/616/616 439/439/439
f 539/539/539 602/602/602 577/577/577
f 418/418/418 478/478/478 597/597/597
f 542/542/542 577/577/577 602/602/602
f 412/412/412 604/604/604 632/632/632
f 515/515/515 633/633/633 584/584/584
f 516/516/516 517/517/517 634/634/634
f 586/586/586 635/635/635 519/519/519
f 547/547/547 496/496/496 638/638/638
f 496/496/496 519/519/519 640/640/640
f 522/522/522 642/642/642 607/607/607
f 565/565/565 629/629/629 643/643/643
f 594/594/594 567/567/567 644/644/644
f 550/550/550 646/646/646 566/566/566
f 556/556/556 610/610/610 554/554/554
f 554/554/554 610/610/610 648/648/648
f 568/568/568 571/571/571 469/469/469
f 555/555/555 651/651/651 653/653/653
f 526/526/526 631/631/631 528/528/528
f 390/390/390 527/527/527 630/630/630
f 474/474/474 574/574/574 654/654/654
f 657/657/657 659/659/659 598/598/598
f 596/596/596 663/663/663 355/355/355
f 354/354/354 662/662/662 579/579/579
f 510/510/510 562/562/562 487/487/487
f 285/285/285 667/667/667 445/445/445
f 546/546/546 412/412/412 632/632/632
f 546/546/546 632/632/632 669/669/669
f 491/491/491 386/386/386 670/670/670
f 626/626/626 673/673/673 585/585/585
f 588/588/588 546/546/546 636/636/636
f 673/673/673 626/626/626 675/675/675
f 496/496/496 640/640/640 638/638/638
f 498/498/498 521/521/521 589/589/589
f 521/521/521 627/627/627 589/589/589
f 535/535/535 591/591/591 677/677/677
f 535/535/535 677/677/677 680/680/680
f 628/628/628 534/534/534 678/678/678
f 629/629/629 679/679/679 676/676/676
f 434/434/434 590/590/590 681/681/681
f 629/629/629 676/676/676 643/643/643
f 590/590/590 501/501/501 681/681/681
f 613/613/613 565/565/565 682/682/682
f 593/593/593 685/685/685 503/503/503
f 593/593/593 595/595/595 685/685/685
f 644/644/644 686/686/686 594/594/594
f 567/567/567 689/689/689 644/644/644
f 567/567/567 647/647/647 689/689/689
f 614/614/614 691/691/691 572/572/572
f 618/618/618 650/650/650 538/538/538
f 573/573/573 694/694/694 696/696/696
f 571/571/571 695/695/695 469/469/469
f 555/555/555 698/698/698 524/524/524
f 630/630/630 468/468/468 390/390/390
f 475/475/475 656/656/656 576/576/576
f 471/471/471 578/578/578 699/699/699
f 663/663/663 596/596/596 702/702/702
f 596/596/596 624/624/624 702/702/702
f 510/510/510 480/480/480 704/704/704
f 510/510/510 704/704/704 562/562/562
f 285/285/285 562/562/562 667/667/667
f 511/511/511 513/513/513 705/705/705
f 583/583/583 707/707/707 513/513/513
f 584/584/584 633/633/633 708/708/708
f 387/387/387 585/585/585 671/671/671
f 585/585/585 673/673/673 712/712/712
f 607/607/607 642/642/642 609/609/609
f 713/713/713 714/714/714 434/434/434
f 434/434/434 714/714/714 591/591/591
f 643/643/643 676/676/676 565/565/565
f 676/676/676 715/715/715 565/565/565
f 713/713/713 434/434/434 681/681/681
f 501/501/501 717/717/717 681/681/681
f 613/613/613 682/682/682 721/721/721
f 612/612/612 613/613/613 721/721/721
f 503/503/503 685/685/685 595/595/595
f 724/724/724 612/612/612 728/728/728
f 555/555/555 653/653/653 698/698/698
f 524/524/524 698/698/698 574/574/574
f 695/695/695 623/623/623 469/469/469
f 598/598/598 659/659/659 732/732/732
f 479/479/479 619/619/619 599/599/599
f 660/660/660 739/739/739 733/733/733
f 601/601/601 622/622/622 480/480/480
f 578/578/578 580/580/580 701/701/701
f 581/581/581 663/663/663 742/742/742
f 582/582/582 512/512/512 743/743/743
f 625/625/625 744/744/744 674/674/674
f 609/609/609 642/642/642 746/746/746
f 747/747/747 749/749/749 750/750/750
f 681/681/681 753/753/753 713/713/713
f 565/565/565 715/715/715 682/682/682
f 503/503/503 756/756/756 501/501/501
f 503/503/503 595/595/595 756/756/756
f 538/538/538 650/650/650 729/729/729
f 649/649/649 611/611/611 723/723/723
f 649/649/649 723/723/723 652/652/652
f 695/695/695 699/699/699 623/623/623
f 470/470/470 624/624/624 391/391/391
f 553/553/553 617/617/617 759/759/759
f 471/471/471 699/699/699 760/760/760
f 699/699/699 578/578/578 701/701/701
f 658/658/658 600/600/600 764/764/764
f 659/659/659 657/657/657 732/732/732
f 657/657/657 763/763/763 732/732/732
f 480/480/480 622/622/622 740/740/740
f 661/661/661 738/738/738 740/740/740
f 582/582/582 767/767/767 508/508/508
f 480/480/480 740/740/740 704/704/704
f 512/512/512 706/706/706 710/710/710
f 512/512/512 710/710/710 743/743/743
f 563/563/563 605/605/605 769/769/769
f 513/513/513 707/707/707 705/705/705
f 444/444/444 665/665/665 605/605/605
f 674/674/674 711/711/711 672/672/672
f 522/522/522 454/454/454 770/770/770
f 452/452/452 771/771/771 454/454/454
f 608/608/608 745/745/745 627/627/627
f 748/748/748 752/752/752 773/773/773
f 722/722/722 683/683/683 775/775/775
f 722/722/722 775/775/775 615/615/615
f 595/595/595 687/687/687 756/756/756
f 612/612/612 721/721/721 728/728/728
f 725/725/725 730/730/730 698/698/698
f 652/652/652 723/723/723 697/697/697
f 472/472/472 776/776/776 618/618/618
f 617/617/617 768/768/768 759/759/759
f 575/575/575 655/655/655 621/621/621
f 508/508/508 767/767/767 616/616/616
f 699/699/699 701/701/701 623/623/623
f 740/740/740 622/622/622 738/738/738
f 663/663/663 702/702/702 742/742/742
f 580/580/580 741/741/741 701/701/701
f 708/708/708 633/633/633 780/780/780
f 625/625/625 547/547/547 744/744/744
f 635/635/635 782/782/782 519/519/519
f 639/639/639 784/784/784 637/637/637
f 454/454/454 771/771/771 770/770/770
f 786/786/786 788/788/788 790/790/790
f 453/453/453 796/796/796 772/772/772
f 453/453/453 798/798/798 796/796/796
f 451/451/451 589/589/589 799/799/799
f 747/747/747 800/800/800 749/749/749
f 749/749/749 800/800/800 750/750/750
f 803/803/803 748/748/748 806/806/806
f 752/752/752 810/810/810 773/773/773
f 773/773/773 806/806/806 748/748/748
f 591/591/591 714/714/714 677/677/677
f 681/681/681 717/717/717 811/811/811
f 815/815/815 775/775/775 817/817/817
f 815/815/815 615/615/615 775/775/775
f 500/500/500 755/755/755 819/819/819
f 501/501/501 820/820/820 717/717/717
f 721/721/721 823/823/823 728/728/728
f 537/537/537 726/726/726 614/614/614
f 572/572/572 691/691/691 824/824/824
f 572/572/572 824/824/824 693/693/693
f 551/551/551 689/689/689 647/647/647
f 551/551/551 827/827/827 689/689/689
f 730/730/730 829/829/829 698/698/698
f 694/694/694 831/831/831 696/696/696
f 618/618/618 776/776/776 650/650/650
f 758/758/758 827/827/827 551/551/551
f 472/472/472 761/761/761 776/776/776
f 600/600/600 734/734/734 764/764/764
f 765/765/765 832/832/832 735/735/735
f 603/603/603 563/563/563 769/769/769
f 634/634/634 517/517/517 840/840/840
f 518/518/518 492/492/492 841/841/841
f 669/669/669 843/843/843 846/846/846
f 669/669/669 848/848/848 546/546/546
f 712/712/712 850/850/850 585/585/585
f 711/711/711 744/744/744 849/849/849
f 674/674/674 744/744/744 711/711/711
f 793/793/793 642/642/642 851/851/851
f 641/641/641 856/856/856 745/745/745
f 641/641/641 792/792/792 856/856/856
f 790/790/790 788/788/788 854/854/854
f 627/627/627 745/745/745 858/858/858
f 800/800/800 747/747/747 801/801/801
f 859/859/859 751/751/751 862/862/862
f 715/715/715 676/676/676 866/866/866
f 716/716/716 867/867/867 869/869/869
f 822/822/822 720/720/720 727/727/727
f 722/722/722 615/615/615 731/731/731
f 757/757/757 688/688/688 645/645/645
f 700/700/700 696/696/696 762/762/762
f 768/768/768 870/870/870 759/759/759
f 736/736/736 620/620/620 833/833/833
f 768/768/768 871/871/871 870/870/870
f 738/738/738 837/837/837 740/740/740
f 582/582/582 872/872/872 767/767/767
f 562/562/562 876/876/876 667/667/667
f 632/632/632 604/604/604 877/877/877
f 633/633/633 838/838/838 780/780/780
f 844/844/844 842/842/842 878/878/878
f 668/668/668 845/845/845 847/847/847
f 519/519/519 880/880/880 881/881/881
f 519/519/519 782/782/782 880/880/880
f 519/519/519 881/881/881 640/640/640
f 640/640/640 881/881/881 882/882/882
f 522/522/522 770/770/770 642/642/642
f 789/789/789 787/787/787 791/791/791
f 745/745/745 856/856/856 858/858/858
f 451/451/451 799/799/799 797/797/797
f 589/589/589 627/627/627 799/799/799
f 884/884/884 888/888/888 890/890/890
f 884/884/884 890/890/890 891/891/891
f 893/893/893 895/895/895 896/896/896
f 752/752/752 860/860/860 865/865/865
f 752/752/752 865/865/865 810/810/810
f 800/800/800 898/898/898 750/750/750
f 750/750/750 898/898/898 861/861/861
f 806/806/806 900/900/900 803/803/803
f 715/715/715 868/868/868 682/682/682
f 902/902/902 903/903/903 812/812/812
f 902/902/902 905/905/905 903/903/903
f 901/901/901 811/811/811 717/717/717
f 645/645/645 690/690/690 907/907/907
f 645/645/645 910/910/910 757/757/757
f 574/574/574 912/912/912 654/654/654
f 574/574/574 698/698/698 912/912/912
f 621/621/621 913/913/913 914/914/914
f 737/737/737 835/835/835 766/766/766
f 621/621/621 914/914/914 836/836/836
f 870/870/870 828/828/828 759/759/759
f 915/915/915 917/917/917 870/870/870
f 870/870/870 871/871/871 915/915/915
f 740/740/740 837/837/837 704/704/704
f 766/766/766 918/918/918 703/703/703
f 703/703/703 918/918/918 917/917/917
f 562/562/562 920/920/920 876/876/876
f 708/708/708 780/780/780 921/921/921
f 585/585/585 850/850/850 671/671/671
f 636/636/636 546/546/546 783/783/783
f 640/640/640 882/882/882 785/785/785
f 789/789/789 791/791/791 855/855/855
f 890/890/890 888/888/888 924/924/924
f 890/890/890 926/926/926 927/927/927
f 927/927/927 926/926/926 895/895/895
f 893/893/893 927/927/927 895/895/895
f 895/895/895 928/928/928 896/896/896
f 800/800/800 801/801/801 898/898/898
f 807/807/807 774/774/774 929/929/929
f 867/867/867 932/932/932 869/869/869
f 869/869/869 932/932/932 684/684/684
f 933/933/933 903/903/903 935/935/935
f 935/935/935 903/903/903 937/937/937
f 903/903/903 933/933/933 812/812/812
f 681/681/681 811/811/811 938/938/938
f 817/817/817 943/943/943 815/815/815
f 814/814/814 940/940/940 945/945/945
f 902/902/902 948/948/948 905/905/905
f 815/815/815 949/949/949 615/615/615
f 650/650/650 776/776/776 729/729/729
f 730/730/730 777/777/777 829/829/829
f 870/870/870 952/952/952 690/690/690
f 828/828/828 870/870/870 690/690/690
f 870/870/870 907/907/907 952/952/952
f 655/655/655 913/913/913 621/621/621
f 766/766/766 907/907/907 918/918/918
f 917/917/917 918/918/918 870/870/870
f 766/766/766 703/703/703 835/835/835
f 703/703/703 917/917/917 915/915/915
f 562/562/562 704/704/704 916/916/916
f 561/561/561 875/875/875 919/919/919
f 582/582/582 743/743/743 872/872/872
f 769/769/769 605/605/605 665/665/665
f 877/877/877 604/604/604 954/954/954
f 877/877/877 954/954/954 632/632/632
f 632/632/632 843/843/843 669/669/669
f 632/632/632 955/955/955 843/843/843
f 841/841/841 959/959/959 518/518/518
f 879/879/879 960/960/960 846/846/846
f 492/492/492 963/963/963 841/841/841
f 547/547/547 964/964/964 744/744/744
f 547/547/547 965/965/965 964/964/964
f 895/895/895 926/926/926 966/966/966
f 890/890/890 968/968/968 891/891/891
f 890/890/890 927/927/927 968/968/968
f 968/968/968 927/927/927 969/969/969
f 864/864/864 927/927/927 893/893/893
f 802/802/802 970/970/970 972/972/972
f 802/802/802 972/972/972 899/899/899
f 806/806/806 974/974/974 900/900/900
f 866/866/866 676/676/676 975/975/975
f 867/867/867 979/979/979 932/932/932
f 713/713/713 753/753/753 714/714/714
f 775/775/775 980/980/980 817/817/817
f 982/982/982 984/984/984 985/985/985
f 983/983/983 986/986/986 937/937/937
f 775/775/775 683/683/683 987/987/987
f 775/775/775 987/987/987 980/980/980
f 982/982/982 989/989/989 984/984/984
f 817/817/817 992/992/992 943/943/943
f 681/681/681 938/938/938 753/753/753
f 994/994/994 995/995/995 937/937/937
f 902/902/902 719/719/719 948/948/948
f 719/719/719 998/998/998 948/948/948
f 615/615/615 949/949/949 692/692/692
f 755/755/755 908/908/908 819/819/819
f 694/694/694 826/826/826 831/831/831
f 645/645/645 907/907/907 910/910/910
f 907/907/907 690/690/690 952/952/952
f 910/910/910 907/907/907 1000/1000/1000
f 1001/1001/1001 1000/1000/1000 907/907/907
f 918/918/918 907/907/907 870/870/870
f 766/766/766 1001/1001/1001 907/907/907
f 768/768/768 1003/1003/1003 871/871/871
f 562/562/562 916/916/916 1004/1004/1004
f 562/562/562 1004/1004/1004 876/876/876
f 1005/1005/1005 743/743/743 1010/1010/1010
f 743/743/743 710/710/710 1010/1010/1010
f 769/769/769 953/953/953 603/603/603
f 1014/1014/1014 632/632/632 954/954/954
f 879/879/879 843/843/843 955/955/955
f 491/491/491 670/670/670 961/961/961
f 546/546/546 848/848/848 1015/1015/1015
f 546/546/546 1015/1015/1015 783/783/783
f 547/547/547 638/638/638 965/965/965
f 638/638/638 785/785/785 1016/1016/1016
f 890/890/890 924/924/924 926/926/926
f 925/925/925 889/889/889 1019/1019/1019
f 895/895/895 966/966/966 928/928/928
f 886/886/886 1017/1017/1017 1020/1020/1020
f 889/889/889 885/885/885 1019/1019/1019
f 896/896/896 1022/1022/1022 893/893/893
f 927/927/927 864/864/864 969/969/969
f 899/899/899 972/972/972 969/969/969
f 900/900/900 1025/1025/1025 803/803/803
f 810/810/810 1029/1029/1029 1031/1031/1031
f 810/810/810 1031/1031/1031 773/773/773
f 933/933/933 974/974/974 806/806/806
f 933/933/933 935/935/935 974/974/974
f 935/935/935 937/937/937 974/974/974
f 714/714/714 753/753/753 1034/1034/1034
f 993/993/993 818/818/818 1035/1035/1035
f 993/993/993 1035/1035/1035 1036/1036/1036
f 983/983/983 937/937/937 990/990/990
f 944/944/944 993/993/993 1038/1038/1038
f 995/995/995 990/990/990 937/937/937
f 811/811/811 1039/1039/1039 938/938/938
f 1041/1041/1041 990/990/990 995/995/995
f 903/903/903 905/905/905 937/937/937
f 946/946/946 941/941/941 1043/1043/1043
f 816/816/816 947/947/947 1045/1045/1045
f 816/816/816 1045/1045/1045 951/951/951
f 937/937/937 1047/1047/1047 994/994/994
f 692/692/692 949/949/949 825/825/825
f 718/718/718 821/821/821 1049/1049/1049
f 718/718/718 1049/1049/1049 997/997/997
f 831/831/831 762/762/762 696/696/696
f 1001/1001/1001 835/835/835 1000/1000/1000
f 912/912/912 1050/1050/1050 654/654/654
f 766/766/766 835/835/835 1001/1001/1001
f 762/762/762 1052/1052/1052 778/778/778
f 836/836/836 914/914/914 1054/1054/1054
f 743/743/743 1005/1005/1005 872/872/872
f 1055/1055/1055 1057/1057/1057 839/839/839
f 781/781/781 839/839/839 923/923/923
f 1055/1055/1055 839/839/839 956/956/956
f 840/840/840 517/517/517 958/958/958
f 879/879/879 955/955/955 960/960/960
f 846/846/846 960/960/960 848/848/848
f 964/964/964 849/849/849 744/744/744
f 794/794/794 853/853/853 857/857/857
f 627/627/627 858/858/858 799/799/799
f 887/887/887 1021/1021/1021 1018/1018/1018
f 928/928/928 1059/1059/1059 896/896/896
f 894/894/894 1023/1023/1023 1062/1062/1062
f 894/894/894 1062/1062/1062 1064/1064/1064
f 893/893/893 1063/1063/1063 1066/1066/1066
f 864/864/864 893/893/893 1066/1066/1066
f 863/863/863 1065/1065/1065 809/809/809
f 809/809/809 1065/1065/1065 1027/1027/1027
f 900/900/900 974/974/974 1025/1025/1025
f 714/714/714 1067/1067/1067 677/677/677
f 934/934/934 808/808/808 930/930/930
f 714/714/714 1034/1034/1034 1069/1069/1069
f 818/818/818 981/981/981 1035/1035/1035
f 974/974/974 937/937/937 986/986/986
f 684/684/684 932/932/932 1071/1071/1071
f 939/939/939 1072/1072/1072 1073/1073/1073
f 1072/1072/1072 939/939/939 1074/1074/1074
f 909/909/909 999/999/999 834/834/834
f 911/911/911 836/836/836 821/821/821
f 655/655/655 1076/1076/1076 913/913/913
f 914/914/914 913/913/913 1054/1054/1054
f 915/915/915 871/871/871 1077/1077/1077
f 1004/1004/1004 916/916/916 1079/1079/1079
f 876/876/876 1082/1082/1082 667/667/667
f 1057/1057/1057 1083/1083/1083 923/923/923
f 923/923/923 1083/1083/1083 1011/1011/1011
f 922/922/922 1009/1009/1009 709/709/709
f 839/839/839 1057/1057/1057 923/923/923
f 1056/1056/1056 959/959/959 1058/1058/1058
f 632/632/632 1014/1014/1014 955/955/955
f 960/960/960 955/955/955 848/848/848
f 881/881/881 880/880/880 882/882/882
f 642/642/642 770/770/770 851/851/851
f 924/924/924 1085/1085/1085 926/926/926
f 928/928/928 966/966/966 1087/1087/1087
f 972/972/972 970/970/970 969/969/969
f 969/969/969 864/864/864 899/899/899
f 805/805/805 1026/1026/1026 1090/1090/1090
f 804/804/804 1089/1089/1089 971/971/971
f 714/714/714 1069/1069/1069 1067/1067/1067
f 1035/1035/1035 981/981/981 1091/1091/1091
f 931/931/931 977/977/977 1092/1092/1092
f 932/932/932 1094/1094/1094 1071/1071/1071
f 984/984/984 989/989/989 1095/1095/1095
f 1036/1036/1036 1035/1035/1035 1038/1038/1038
f 1035/1035/1035 1045/1045/1045 1038/1038/1038
f 1036/1036/1036 1038/1038/1038 993/993/993
f 754/754/754 1073/1073/1073 1098/1098/1098
f 1034/1034/1034 753/753/753 1099/1099/1099
f 753/753/753 1097/1097/1097 1099/1099/1099
f 754/754/754 939/939/939 1073/1073/1073
f 1040/1040/1040 813/813/813 1103/1103/1103
f 813/813/813 1103/1103/1103 1040/1040/1040
f 942/942/942 1037/1037/1037 1044/1044/1044
f 951/951/951 1045/1045/1045 1106/1106/1106
f 949/949/949 1107/1107/1107 825/825/825
f 829/829/829 777/777/777 1109/1109/1109
f 654/654/654 1050/1050/1050 1075/1075/1075
f 912/912/912 1112/1112/1112 1050/1050/1050
f 762/762/762 1115/1115/1115 1052/1052/1052
f 767/767/767 872/872/872 1002/1002/1002
f 873/873/873 1116/1116/1116 1003/1003/1003
f 1057/1057/1057 1118/1118/1118 1083/1083/1083
f 1011/1011/1011 1083/1083/1083 1006/1006/1006
f 1057/1057/1057 1120/1120/1120 1118/1118/1118
f 1058/1058/1058 959/959/959 1123/1123/1123
f 638/638/638 1016/1016/1016 965/965/965
f 785/785/785 882/882/882 1016/1016/1016
f 1019/1019/1019 1125/1125/1125 925/925/925
f 885/885/885 1126/1126/1126 1019/1019/1019
f 928/928/928 1087/1087/1087 1059/1059/1059
f 897/897/897 1061/1061/1061 1128/1128/1128
f 969/969/969 970/970/970 968/968/968
f 1028/1028/1028 1066/1066/1066 1063/1063/1063
f 774/774/774 1033/1033/1033 1130/1130/1130
f 677/677/677 1067/1067/1067 976/976/976
f 988/988/988 684/684/684 1131/1131/1131
f 684/684/684 1071/1071/1071 1131/1131/1131
f 985/985/985 984/984/984 973/973/973
f 973/973/973 984/984/984 1132/1132/1132
f 1091/1091/1091 1134/1134/1134 1035/1035/1035
f 813/813/813 930/930/930 1103/1103/1103
f 1045/1045/1045 1035/1035/1035 1134/1134/1134
f 1034/1034/1034 1099/1099/1099 1135/1135/1135
f 1039/1039/1039 1137/1137/1137 938/938/938
f 1073/1073/1073 1072/1072/1072 1074/1074/1074
f 1073/1073/1073 1074/1074/1074 1140/1140/1140
f 995/995/995 994/994/994 1041/1041/1041
f 1041/1041/1041 994/994/994 1143/1143/1143
f 1046/1046/1046 936/936/936 1145/1145/1145
f 948/948/948 998/998/998 905/905/905
f 821/821/821 1147/1147/1147 1049/1049/1049
f 826/826/826 1149/1149/1149 831/831/831
f 821/821/821 836/836/836 1147/1147/1147
f 830/830/830 1110/1110/1110 1150/1150/1150
f 762/762/762 831/831/831 1149/1149/1149
f 836/836/836 1054/1054/1054 1147/1147/1147
f 779/779/779 1053/1053/1053 1111/1111/1111
f 1003/1003/1003 1116/1116/1116 871/871/871
f 1151/1151/1151 1152/1152/1152 874/874/874
f 1008/1008/1008 1151/1151/1151 874/874/874
f 1084/1084/1084 1119/1119/1119 1153/1153/1153
f 1084/1084/1084 1012/1012/1012 1007/1007/1007
f 769/769/769 1158/1158/1158 953/953/953
f 959/959/959 1160/1160/1160 1162/1162/1162
f 671/671/671 1163/1163/1163 962/962/962
f 964/964/964 1165/1165/1165 849/849/849
f 965/965/965 1166/1166/1166 964/964/964
f 965/965/965 1016/1016/1016 1166/1166/1166
f 858/858/858 1167/1167/1167 799/799/799
f 797/797/797 799/799/799 1169/1169/1169
f 798/798/798 1173/1173/1173 1176/1176/1176
f 797/797/797 1169/1169/1169 1171/1171/1171
f 1177/1177/1177 1172/1172/1172 1178/1178/1178
f 1177/1177/1177 1178/1178/1178 1085/1085/1085
f 926/926/926 1085/1085/1085 1178/1178/1178
f 966/966/966 926/926/926 1178/1178/1178
f 1085/1085/1085 924/924/924 1124/1124/1124
f 1019/1019/1019 1183/1183/1183 1125/1125/1125
f 1019/1019/1019 1126/1126/1126 1183/1183/1183
f 967/967/967 1179/1179/1179 1184/1184/1184
f 967/967/967 1184/1184/1184 1088/1088/1088
f 1060/1060/1060 1088/1088/1088 1185/1185/1185
f 892/892/892 1187/1187/1187 885/885/885
f 897/897/897 1128/1128/1128 1189/1189/1189
f 1024/1024/1024 1190/1190/1190 1192/1192/1192
f 1026/1026/1026 1195/1195/1195 1090/1090/1090
f 971/971/971 1089/1089/1089 1187/1187/1187
f 1064/1064/1064 1062/1062/1062 1030/1030/1030
f 774/774/774 1197/1197/1197 929/929/929
f 981/981/981 1200/1200/1200 1091/1091/1091
f 932/932/932 1093/1093/1093 1094/1094/1094
f 1097/1097/1097 1201/1201/1201 1099/1099/1099
f 1073/1073/1073 1140/1140/1140 1098/1098/1098
f 1045/1045/1045 1134/1134/1134 1204/1204/1204
f 1039/1039/1039 1101/1101/1101 1137/1137/1137
f 937/937/937 1205/1205/1205 1146/1146/1146
f 1074/1074/1074 939/939/939 1138/1138/1138
f 937/937/937 905/905/905 1207/1207/1207
f 997/997/997 1210/1210/1210 904/904/904
f 994/994/994 1047/1047/1047 1143/1143/1143
f 996/996/996 1048/1048/1048 1209/1209/1209
f 825/825/825 1211/1211/1211 1148/1148/1148
f 698/698/698 829/829/829 912/912/912
f 913/913/913 1076/1076/1076 1054/1054/1054
f 1115/1115/1115 762/762/762 1149/1149/1149
f 916/916/916 1216/1216/1216 1079/1079/1079
f 874/874/874 1152/1152/1152 1117/1117/1117
f 876/876/876 1004/1004/1004 1079/1079/1079
f 876/876/876 1079/1079/1079 1082/1082/1082
f 769/769/769 665/665/665 1158/1158/1158
f 957/957/957 1161/1161/1161 1159/1159/1159
f 959/959/959 841/841/841 1162/1162/1162
f 841/841/841 963/963/963 1162/1162/1162
f 671/671/671 1218/1218/1218 1163/1163/1163
f 1166/1166/1166 1165/1165/1165 964/964/964
f 882/882/882 1219/1219/1219 1016/1016/1016
f 880/880/880 1221/1221/1221 882/882/882
f 858/858/858 856/856/856 1167/1167/1167
f 856/856/856 1223/1223/1223 1167/1167/1167
f 1169/1169/1169 1225/1225/1225 1171/1171/1171
f 1177/1177/1177 1175/1175/1175 1172/1172/1172
f 1179/1179/1179 1174/1174/1174 1227/1227/1227
f 1124/1124/1124 1180/1180/1180 1085/1085/1085
f 885/885/885 1187/1187/1187 1126/1126/1126
f 968/968/968 970/970/970 891/891/891
f 1023/1023/1023 897/897/897 1189/1189/1189
f 1025/1025/1025 974/974/974 1191/1191/1191
f 1030/1030/1030 1062/1062/1062 1229/1229/1229
f 774/774/774 1130/1130/1130 1197/1197/1197
f 981/981/981 988/988/988 1200/1200/1200
f 1070/1070/1070 978/978/978 1068/1068/1068
f 1091/1091/1091 1200/1200/1200 1134/1134/1134
f 1069/1069/1069 1034/1034/1034 1230/1230/1230
f 934/934/934 930/930/930 813/813/813
f 1202/1202/1202 1232/1232/1232 1100/1100/1100
f 1100/1100/1100 1232/1232/1232 1136/1136/1136
f 1138/1138/1138 1102/1102/1102 1210/1210/1210
f 1207/1207/1207 1205/1205/1205 937/937/937
f 950/950/950 1105/1105/1105 1108/1108/1108
f 906/906/906 1234/1234/1234 1208/1208/1208
f 1047/1047/1047 1235/1235/1235 1143/1143/1143
f 1049/1049/1049 1147/1147/1147 1210/1210/1210
f 825/825/825 1107/1107/1107 1211/1211/1211
f 1148/1148/1148 1211/1211/1211 1236/1236/1236
f 912/912/912 829/829/829 1238/1238/1238
f 915/915/915 1077/1077/1077 1213/1213/1213
f 871/871/871 1116/1116/1116 1241/1241/1241
f 871/871/871 1241/1241/1241 1077/1077/1077
f 1008/1008/1008 1013/1013/1013 1151/1151/1151
f 1084/1084/1084 1153/1153/1153 1012/1012/1012
f 1081/1081/1081 1244/1244/1244 666/666/666
f 664/664/664 1245/1245/1245 1157/1157/1157
f 1014/1014/1014 1248/1248/1248 955/955/955
f 848/848/848 955/955/955 1015/1015/1015
f 671/671/671 850/850/850 1218/1218/1218
f 849/849/849 1165/1165/1165 1217/1217/1217
f 880/880/880 782/782/782 1249/1249/1249
f 1016/1016/1016 1219/1219/1219 1166/1166/1166
f 771/771/771 795/795/795 770/770/770
f 798/798/798 1176/1176/1176 1252/1252/1252
f 1177/1177/1177 1085/1085/1085 1175/1175/1175
f 1088/1088/1088 1184/1184/1184 1185/1185/1185
f 1187/1187/1187 1254/1254/1254 1126/1126/1126
f 1186/1186/1186 1128/1128/1128 1061/1061/1061
f 971/971/971 1187/1187/1187 892/892/892
f 1191/1191/1191 974/974/974 1257/1257/1257
f 1134/1134/1134 1200/1200/1200 1258/1258/1258
f 1132/1132/1132 984/984/984 1259/1259/1259
f 984/984/984 1095/1095/1095 1259/1259/1259
f 1034/1034/1034 1135/1135/1135 1230/1230/1230
f 1201/1201/1201 1097/1097/1097 1261/1261/1261
f 1045/1045/1045 1204/1204/1204 1106/1106/1106
f 991/991/991 1042/1042/1042 1265/1265/1265
f 1210/1210/1210 1102/1102/1102 904/904/904
f 1074/1074/1074 1138/1138/1138 1210/1210/1210
f 1233/1233/1233 1266/1266/1266 1206/1206/1206
f 1147/1147/1147 1054/1054/1054 1210/1210/1210
f 1076/1076/1076 1051/1051/1051 1269/1269/1269
f 830/830/830 1150/1150/1150 1240/1240/1240
f 1051/1051/1051 1113/1113/1113 1271/1271/1271
f 1273/1273/1273 1277/1277/1277 1278/1278/1278
f 1052/1052/1052 1115/1115/1115 1280/1280/1280
f 1077/1077/1077 1241/1241/1241 1282/1282/1282
f 1117/1117/1117 1285/1285/1285 1242/1242/1242
f 1077/1077/1077 1282/1282/1282 1213/1213/1213
f 1079/1079/1079 1216/1216/1216 1287/1287/1287
f 1119/1119/1119 1121/1121/1121 1153/1153/1153
f 1286/1286/1286 1080/1080/1080 1078/1078/1078
f 1286/1286/1286 1288/1288/1288 1080/1080/1080
f 1289/1289/1289 1292/1292/1292 1082/1082/1082
f 954/954/954 1248/1248/1248 1014/1014/1014
f 1248/1248/1248 1294/1294/1294 955/955/955
f 963/963/963 1160/1160/1160 1162/1162/1162
f 1164/1164/1164 1296/1296/1296 963/963/963
f 1163/1163/1163 1218/1218/1218 1295/1295/1295
f 1166/1166/1166 1219/1219/1219 1297/1297/1297
f 883/883/883 1300/1300/1300 1220/1220/1220
f 857/857/857 853/853/853 1302/1302/1302
f 857/857/857 1302/1302/1302 1224/1224/1224
f 1185/1185/1185 1184/1184/1184 1303/1303/1303
f 1255/1255/1255 1192/1192/1192 1190/1190/1190
f 1030/1030/1030 1304/1304/1304 1032/1032/1032
f 1033/1033/1033 1305/1305/1305 1306/1306/1306
f 1130/1130/1130 1033/1033/1033 1306/1306/1306
f 1070/1070/1070 1308/1308/1308 978/978/978
f 1134/1134/1134 1310/1310/1310 1204/1204/1204
f 1232/1232/1232 1202/1202/1202 1262/1262/1262
f 991/991/991 1265/1265/1265 1096/1096/1096
f 1232/1232/1232 1312/1312/1312 1136/1136/1136
f 906/906/906 1103/1103/1103 1234/1234/1234
f 1207/1207/1207 1047/1047/1047 1205/1205/1205
f 1074/1074/1074 1269/1269/1269 1312/1312/1312
f 1146/1146/1146 1205/1205/1205 1047/1047/1047
f 1108/1108/1108 1105/1105/1105 1320/1320/1320
f 1207/1207/1207 1267/1267/1267 1322/1322/1322
f 1207/1207/1207 1322/1322/1322 1047/1047/1047
f 1210/1210/1210 1054/1054/1054 1074/1074/1074
f 1054/1054/1054 1076/1076/1076 1074/1074/1074
f 1074/1074/1074 1076/1076/1076 1269/1269/1269
f 1269/1269/1269 1051/1051/1051 1312/1312/1312
f 1108/1108/1108 1320/1320/1320 1212/1212/1212
f 1278/1278/1278 1235/1235/1235 1047/1047/1047
f 1278/1278/1278 1047/1047/1047 1323/1323/1323
f 912/912/912 1324/1324/1324 1112/1112/1112
f 912/912/912 1238/1238/1238 1324/1324/1324
f 1278/1278/1278 1277/1277/1277 1235/1235/1235
f 1323/1323/1323 1273/1273/1273 1278/1278/1278
f 1149/1149/1149 1331/1331/1331 1115/1115/1115
f 1237/1237/1237 1115/1115/1115 1331/1331/1331
f 1111/1111/1111 1053/1053/1053 1281/1281/1281
f 1115/1115/1115 1237/1237/1237 1334/1334/1334
f 1242/1242/1242 1285/1285/1285 1283/1283/1283
f 1013/1013/1013 1154/1154/1154 1151/1151/1151
f 1244/1244/1244 1337/1337/1337 666/666/666
f 666/666/666 1337/1337/1337 1247/1247/1247
f 959/959/959 1341/1341/1341 1123/1123/1123
f 1342/1342/1342 955/955/955 1343/1343/1343
f 959/959/959 1162/1162/1162 1341/1341/1341
f 955/955/955 1344/1344/1344 1015/1015/1015
f 783/783/783 1015/1015/1015 1345/1345/1345
f 1221/1221/1221 1346/1346/1346 882/882/882
f 798/798/798 1350/1350/1350 796/796/796
f 799/799/799 1167/1167/1167 1169/1169/1169
f 1127/1127/1127 1185/1185/1185 1303/1303/1303
f 1090/1090/1090 1352/1352/1352 1188/1188/1188
f 1023/1023/1023 1189/1189/1189 1353/1353/1353
f 1023/1023/1023 1353/1353/1353 1062/1062/1062
f 974/974/974 1260/1260/1260 1257/1257/1257
f 988/988/988 1355/1355/1355 1200/1200/1200
f 974/974/974 1133/1133/1133 1260/1260/1260
f 1071/1071/1071 1094/1094/1094 1131/1131/1131
f 977/977/977 1307/1307/1307 1092/1092/1092
f 1134/1134/1134 1258/1258/1258 1310/1310/1310
f 1097/1097/1097 1139/1139/1139 1261/1261/1261
f 1232/1232/1232 1262/1262/1262 1312/1312/1312
f 930/930/930 1356/1356/1356 1103/1103/1103
f 1074/1074/1074 1312/1312/1312 1140/1140/1140
f 1358/1358/1358 1104/1104/1104 1363/1363/1363
f 1150/1150/1150 1366/1366/1366 1240/1240/1240
f 1212/1212/1212 1320/1320/1320 1237/1237/1237
f 1277/1277/1277 1143/1143/1143 1235/1235/1235
f 1111/1111/1111 1281/1281/1281 1367/1367/1367
f 1148/1148/1148 1236/1236/1236 1327/1327/1327
f 1323/1323/1323 1047/1047/1047 1273/1273/1273
f 1277/1277/1277 1273/1273/1273 1372/1372/1372
f 1152/1152/1152 1151/1151/1151 1374/1374/1374
f 1117/1117/1117 1152/1152/1152 1285/1285/1285
f 1151/1151/1151 1154/1154/1154 1374/1374/1374
f 1292/1292/1292 1289/1289/1289 1377/1377/1377
f 1290/1290/1290 1336/1336/1336 1243/1243/1243
f 953/953/953 1158/1158/1158 1246/1246/1246
f 955/955/955 1294/1294/1294 1343/1343/1343
f 1160/1160/1160 963/963/963 1379/1379/1379
f 1165/1165/1165 1166/1166/1166 1217/1217/1217
f 1166/1166/1166 1297/1297/1297 1217/1217/1217
f 783/783/783 1381/1381/1381 1251/1251/1251
f 880/880/880 1382/1382/1382 1221/1221/1221
f 1300/1300/1300 1347/1347/1347 1220/1220/1220
f 1299/1299/1299 882/882/882 1346/1346/1346
f 798/798/798 1252/1252/1252 1350/1350/1350
f 1168/1168/1168 1224/1224/1224 1302/1302/1302
f 1168/1168/1168 1302/1302/1302 1386/1386/1386
f 1169/1169/1169 1167/1167/1167 1384/1384/1384
f 1170/1170/1170 1385/1385/1385 1226/1226/1226
f 1176/1176/1176 1086/1086/1086 1387/1387/1387
f 1184/1184/1184 1179/1179/1179 1388/1388/1388
f 1184/1184/1184 1388/1388/1388 1303/1303/1303
f 1390/1390/1390 1391/1391/1391 1393/1393/1393
f 1256/1256/1256 1389/1389/1389 1193/1193/1193
f 1030/1030/1030 1229/1229/1229 1304/1304/1304
f 988/988/988 1131/1131/1131 1355/1355/1355
f 1093/1093/1093 1396/1396/1396 1094/1094/1094
f 930/930/930 1397/1397/1397 1356/1356/1356
f 1093/1093/1093 1400/1400/1400 1396/1396/1396
f 1105/1105/1105 1361/1361/1361 1364/1364/1364
f 1362/1362/1362 1357/1357/1357 1401/1401/1401
f 1363/1363/1363 1402/1402/1402 1358/1358/1358
f 1403/1403/1403 1313/1313/1313 1359/1359/1359
f 1267/1267/1267 1406/1406/1406 1322/1322/1322
f 1366/1366/1366 1150/1150/1150 1408/1408/1408
f 1150/1150/1150 1110/1110/1110 1408/1408/1408
f 1051/1051/1051 1271/1271/1271 1312/1312/1312
f 1274/1274/1274 1409/1409/1409 1141/1141/1141
f 1367/1367/1367 1411/1411/1411 1111/1111/1111
f 1367/1367/1367 1412/1412/1412 1411/1411/1411
f 1276/1276/1276 1413/1413/1413 1410/1410/1410
f 1322/1322/1322 1417/1417/1417 1047/1047/1047
f 1047/1047/1047 1417/1417/1417 1273/1273/1273
f 1114/1114/1114 1332/1332/1332 1279/1279/1279
f 1418/1418/1418 1420/1420/1420 1423/1423/1423
f 1418/1418/1418 1423/1423/1423 1283/1283/1283
f 1152/1152/1152 1426/1426/1426 1285/1285/1285
f 1428/1428/1428 1283/1283/1283 1423/1423/1423
f 1283/1283/1283 1420/1420/1420 1418/1418/1418
f 1283/1283/1283 1428/1428/1428 1215/1215/1215
f 1427/1427/1427 1430/1430/1430 1214/1214/1214
f 1283/1283/1283 1285/1285/1285 1420/1420/1420
f 1216/1216/1216 1431/1431/1431 1287/1287/1287
f 1122/1122/1122 1432/1432/1432 1155/1155/1155
f 1375/1375/1375 1156/1156/1156 1435/1435/1435
f 1289/1289/1289 1287/1287/1287 1377/1377/1377
f 1291/1291/1291 1244/1244/1244 1081/1081/1081
f 1162/1162/1162 1160/1160/1160 1341/1341/1341
f 1296/1296/1296 1438/1438/1438 963/963/963
f 783/783/783 1345/1345/1345 1381/1381/1381
f 1249/1249/1249 1382/1382/1382 880/880/880
f 1298/1298/1298 1220/1220/1220 1439/1439/1439
f 1220/1220/1220 1347/1347/1347 1439/1439/1439
f 1442/1442/1442 851/851/851 1444/1444/1444
f 770/770/770 1446/1446/1446 851/851/851
f 852/852/852 1443/1443/1443 1448/1448/1448
f 1443/1443/1443 1451/1451/1451 1448/1448/1448
f 1176/1176/1176 1453/1453/1453 1252/1252/1252
f 1086/1086/1086 1181/1181/1181 1387/1387/1387
f 1126/1126/1126 1254/1254/1254 1183/1183/1183
f 1390/1390/1390 1393/1393/1393 1454/1454/1454
f 1390/1390/1390 1454/1454/1454 1456/1456/1456
f 1390/1390/1390 1456/1456/1456 1194/1194/1194
f 1257/1257/1257 1459/1459/1459 1390/1390/1390
f 1130/1130/1130 1306/1306/1306 1461/1461/1461
f 1130/1130/1130 1461/1461/1461 1197/1197/1197
f 1260/1260/1260 1459/1459/1459 1257/1257/1257
f 1094/1094/1094 1462/1462/1462 1131/1131/1131
f 1070/1070/1070 1231/1231/1231 1308/1308/1308
f 1092/1092/1092 1307/1307/1307 1463/1463/1463
f 1398/1398/1398 1092/1092/1092 1463/1463/1463
f 1265/1265/1265 1465/1465/1465 1096/1096/1096
f 1140/1140/1140 1312/1312/1312 1262/1262/1262
f 1105/1105/1105 1203/1203/1203 1466/1466/1466
f 1105/1105/1105 1466/1466/1466 1361/1361/1361
f 1361/1361/1361 1320/1320/1320 1105/1105/1105
f 1311/1311/1311 1270/1270/1270 1467/1467/1467
f 1113/1113/1113 1470/1470/1470 1271/1271/1271
f 1112/1112/1112 1324/1324/1324 1469/1469/1469
f 1472/1472/1472 1317/1317/1317 1330/1330/1330
f 1428/1428/1428 1423/1423/1423 1473/1473/1473
f 1284/1284/1284 1475/1475/1475 1419/1419/1419
f 1433/1433/1433 1123/1123/1123 1477/1477/1477
f 1432/1432/1432 1478/1478/1478 1155/1155/1155
f 1123/1123/1123 1341/1341/1341 1482/1482/1482
f 1247/1247/1247 1337/1337/1337 1483/1483/1483
f 1294/1294/1294 1485/1485/1485 1343/1343/1343
f 1341/1341/1341 1160/1160/1160 1486/1486/1486
f 963/963/963 1438/1438/1438 1379/1379/1379
f 1218/1218/1218 1298/1298/1298 1295/1295/1295
f 1442/1442/1442 1444/1444/1444 1450/1450/1450
f 852/852/852 1448/1448/1448 1301/1301/1301
f 1176/1176/1176 1487/1487/1487 1453/1453/1453
f 1176/1176/1176 1387/1387/1387 1487/1487/1487
f 1227/1227/1227 1489/1489/1489 1179/1179/1179
f 1179/1179/1179 1489/1489/1489 1388/1388/1388
f 1183/1183/1183 1254/1254/1254 1491/1491/1491
f 1394/1394/1394 1392/1392/1392 1455/1455/1455
f 1352/1352/1352 1492/1492/1492 1188/1188/1188
f 1390/1390/1390 1493/1493/1493 1391/1391/1391
f 1090/1090/1090 1195/1195/1195 1352/1352/1352
f 1136/1136/1136 1308/1308/1308 1231/1231/1231
f 1204/1204/1204 1310/1310/1310 1496/1496/1496
f 1096/1096/1096 1465/1465/1465 1460/1460/1460
f 1234/1234/1234 1103/1103/1103 1356/1356/1356
f 1468/1468/1468 1136/1136/1136 1312/1312/1312
f 1234/1234/1234 1356/1356/1356 1268/1268/1268
f 1360/1360/1360 1314/1314/1314 1404/1404/1404
f 1366/1366/1366 1408/1408/1408 1497/1497/1497
f 1042/1042/1042 1144/1144/1144 1265/1265/1265
f 1271/1271/1271 1470/1470/1470 1468/1468/1468
f 1326/1326/1326 1498/1498/1498 1470/1470/1470
f 1365/1365/1365 1325/1325/1325 1239/1239/1239
f 1410/1410/1410 1413/1413/1413 1142/1142/1142
f 1407/1407/1407 1268/1268/1268 1500/1500/1500
f 1417/1417/1417 1322/1322/1322 1406/1406/1406
f 1272/1272/1272 1501/1501/1501 1368/1368/1368
f 1272/1272/1272 1416/1416/1416 1501/1501/1501
f 1276/1276/1276 1503/1503/1503 1413/1413/1413
f 1369/1369/1369 1504/1504/1504 1275/1275/1275
f 1421/1421/1421 1508/1508/1508 1424/1424/1424
f 1427/1427/1427 1509/1509/1509 1430/1430/1430
f 1433/1433/1433 1477/1477/1477 1479/1479/1479
f 1123/1123/1123 1482/1482/1482 1477/1477/1477
f 1156/1156/1156 1512/1512/1512 1435/1435/1435
f 1292/1292/1292 1377/1377/1377 1339/1339/1339
f 1247/1247/1247 1483/1483/1483 1293/1293/1293
f 1160/1160/1160 1379/1379/1379 1515/1515/1515
f 1015/1015/1015 1344/1344/1344 1345/1345/1345
f 1298/1298/1298 1439/1439/1439 1295/1295/1295
f 795/795/795 1349/1349/1349 770/770/770
f 1386/1386/1386 1517/1517/1517 1228/1228/1228
f 1489/1489/1489 1227/1227/1227 1516/1516/1516
f 1182/1182/1182 1490/1490/1490 1519/1519/1519
f 1388/1388/1388 1489/1489/1489 1303/1303/1303
f 1392/1392/1392 1457/1457/1457 1455/1455/1455
f 1189/1189/1189 1520/1520/1520 1353/1353/1353
f 1461/1461/1461 1306/1306/1306 1197/1197/1197
f 1131/1131/1131 1462/1462/1462 1355/1355/1355
f 1258/1258/1258 1200/1200/1200 1310/1310/1310
f 1259/1259/1259 1095/1095/1095 1458/1458/1458
f 1203/1203/1203 1495/1495/1495 1466/1466/1466
f 1110/1110/1110 1521/1521/1521 1408/1408/1408
f 1365/1365/1365 1398/1398/1398 1325/1325/1325
f 1366/1366/1366 1497/1497/1497 1399/1399/1399
f 1263/1263/1263 1523/1523/1523 1526/1526/1526
f 1268/1268/1268 1356/1356/1356 1528/1528/1528
f 1268/1268/1268 1528/1528/1528 1500/1500/1500
f 1471/1471/1471 1328/1328/1328 1315/1315/1315
f 1330/1330/1330 1472/1472/1472 1317/1317/1317
f 1329/1329/1329 1316/1316/1316 1529/1529/1529
f 1537/1537/1537 1412/1412/1412 1367/1367/1367
f 1330/1330/1330 1530/1530/1530 1472/1472/1472
f 1144/1144/1144 1540/1540/1540 1525/1525/1525
f 1144/1144/1144 1415/1415/1415 1540/1540/1540
f 1237/1237/1237 1543/1543/1543 1334/1334/1334
f 1546/1546/1546 1373/1373/1373 1502/1502/1502
f 1416/1416/1416 1499/1499/1499 1501/1501/1501
f 1276/1276/1276 1505/1505/1505 1503/1503/1503
f 1547/1547/1547 1413/1413/1413 1503/1503/1503
f 1152/1152/1152 1374/1374/1374 1426/1426/1426
f 1422/1422/1422 1506/1506/1506 1549/1549/1549
f 1423/1423/1423 1550/1550/1550 1507/1507/1507
f 1424/1424/1424 1508/1508/1508 1474/1474/1474
f 1428/1428/1428 1473/1473/1473 1552/1552/1552
f 1287/1287/1287 1431/1431/1431 1510/1510/1510
f 1429/1429/1429 1553/1553/1553 1555/1555/1555
f 1287/1287/1287 1556/1556/1556 1377/1377/1377
f 1485/1485/1485 1342/1342/1342 1343/1343/1343
f 1383/1383/1383 1250/1250/1250 1557/1557/1557
f 1383/1383/1383 1557/1557/1557 1558/1558/1558
f 1222/1222/1222 1383/1383/1383 1558/1558/1558
f 1222/1222/1222 1558/1558/1558 1348/1348/1348
f 1348/1348/1348 1560/1560/1560 1440/1440/1440
f 1302/1302/1302 1253/1253/1253 1386/1386/1386
f 1187/1187/1187 1561/1561/1561 1254/1254/1254
f 1392/1392/1392 1494/1494/1494 1457/1457/1457
f 1492/1492/1492 1352/1352/1352 1563/1563/1563
f 1352/1352/1352 1195/1195/1195 1564/1564/1564
f 1189/1189/1189 1565/1565/1565 1520/1520/1520
f 1459/1459/1459 1567/1567/1567 1390/1390/1390
f 1200/1200/1200 1570/1570/1570 1310/1310/1310
f 1463/1463/1463 1307/1307/1307 1398/1398/1398
f 1309/1309/1309 1571/1571/1571 1495/1495/1495
f 1136/1136/1136 1498/1498/1498 1308/1308/1308
f 1468/1468/1468 1498/1498/1498 1136/1136/1136
f 1527/1527/1527 1524/1524/1524 1264/1264/1264
f 1468/1468/1468 1470/1470/1470 1498/1498/1498
f 1361/1361/1361 1466/1466/1466 1320/1320/1320
f 1144/1144/1144 1525/1525/1525 1265/1265/1265
f 1356/1356/1356 1572/1572/1572 1528/1528/1528
f 1533/1533/1533 1321/1321/1321 1574/1574/1574
f 1416/1416/1416 1405/1405/1405 1499/1499/1499
f 1370/1370/1370 1503/1503/1503 1505/1505/1505
f 1547/1547/1547 1503/1503/1503 1370/1370/1370
f 1545/1545/1545 1575/1575/1575 1371/1371/1371
f 1548/1548/1548 1425/1425/1425 1414/1414/1414
f 1285/1285/1285 1426/1426/1426 1476/1476/1476
f 1427/1427/1427 1554/1554/1554 1577/1577/1577
f 1341/1341/1341 1486/1486/1486 1482/1482/1482
f 1293/1293/1293 1483/1483/1483 1484/1484/1484
f 1342/1342/1342 1485/1485/1485 955/955/955
f 1345/1345/1345 1583/1583/1583 1381/1381/1381
f 1250/1250/1250 1380/1380/1380 1557/1557/1557
f 1348/1348/1348 1558/1558/1558 1584/1584/1584
f 1560/1560/1560 1348/1348/1348 1584/1584/1584
f 1349/1349/1349 1446/1446/1446 770/770/770
f 1449/1449/1449 1452/1452/1452 1445/1445/1445
f 1302/1302/1302 1447/1447/1447 1253/1253/1253
f 1181/1181/1181 1518/1518/1518 1387/1387/1387
f 1491/1491/1491 1254/1254/1254 1561/1561/1561
f 1187/1187/1187 1585/1585/1585 1561/1561/1561
f 1128/1128/1128 1565/1565/1565 1189/1189/1189
f 1352/1352/1352 1564/1564/1564 1563/1563/1563
f 1457/1457/1457 1564/1564/1564 1195/1195/1195
f 1062/1062/1062 1353/1353/1353 1229/1229/1229
f 1197/1197/1197 1306/1306/1306 1305/1305/1305
f 1460/1460/1460 1589/1589/1589 1569/1569/1569
f 1094/1094/1094 1396/1396/1396 1462/1462/1462
f 1397/1397/1397 930/930/930 1592/1592/1592
f 1399/1399/1399 1497/1497/1497 1395/1395/1395
f 1398/1398/1398 1307/1307/1307 1325/1325/1325
f 1498/1498/1498 1326/1326/1326 1308/1308/1308
f 1265/1265/1265 1525/1525/1525 1465/1465/1465
f 1320/1320/1320 1466/1466/1466 1593/1593/1593
f 1472/1472/1472 1530/1530/1530 1317/1317/1317
f 1237/1237/1237 1320/1320/1320 1543/1543/1543
f 1367/1367/1367 1281/1281/1281 1537/1537/1537
f 1333/1333/1333 1541/1541/1541 1531/1531/1531
f 1502/1502/1502 1595/1595/1595 1546/1546/1546
f 1545/1545/1545 1596/1596/1596 1575/1575/1575
f 1371/1371/1371 1425/1425/1425 1548/1548/1548
f 1371/1371/1371 1575/1575/1575 1425/1425/1425
f 1420/1420/1420 1576/1576/1576 1507/1507/1507
f 1374/1374/1374 1434/1434/1434 1539/1539/1539
f 1508/1508/1508 1598/1598/1598 1474/1474/1474
f 1474/1474/1474 1598/1598/1598 1600/1600/1600
f 1473/1473/1473 1599/1599/1599 1552/1552/1552
f 1477/1477/1477 1482/1482/1482 1479/1479/1479
f 1287/1287/1287 1510/1510/1510 1556/1556/1556
f 1155/1155/1155 1603/1603/1603 1511/1511/1511
f 1160/1160/1160 1515/1515/1515 1486/1486/1486
f 1378/1378/1378 1436/1436/1436 1604/1604/1604
f 1380/1380/1380 1581/1581/1581 1557/1557/1557
f 1584/1584/1584 1558/1558/1558 1606/1606/1606
f 1560/1560/1560 1584/1584/1584 1440/1440/1440
f 851/851/851 1446/1446/1446 1444/1444/1444
f 1453/1453/1453 1487/1487/1487 1252/1252/1252
f 1127/1127/1127 1303/1303/1303 1608/1608/1608
f 1492/1492/1492 1587/1587/1587 1188/1188/1188
f 1494/1494/1494 1612/1612/1612 1457/1457/1457
f 1520/1520/1520 1613/1613/1613 1353/1353/1353
f 1197/1197/1197 1305/1305/1305 1615/1615/1615
f 1462/1462/1462 1617/1617/1617 1355/1355/1355
f 1199/1199/1199 1354/1354/1354 1618/1618/1618
f 1462/1462/1462 1622/1622/1622 1617/1617/1617
f 1200/1200/1200 1620/1620/1620 1570/1570/1570
f 929/929/929 1197/1197/1197 1591/1591/1591
f 1495/1495/1495 1571/1571/1571 1466/1466/1466
f 1521/1521/1521 1621/1621/1621 1408/1408/1408
f 1465/1465/1465 1589/1589/1589 1460/1460/1460
f 1397/1397/1397 1623/1623/1623 1356/1356/1356
f 1111/1111/1111 1411/1411/1411 1522/1522/1522
f 1573/1573/1573 1319/1319/1319 1542/1542/1542
f 1533/1533/1533 1574/1574/1574 1535/1535/1535
f 1525/1525/1525 1540/1540/1540 1465/1465/1465
f 1318/1318/1318 1531/1531/1531 1541/1541/1541
f 1500/1500/1500 1528/1528/1528 1626/1626/1626
f 1532/1532/1532 1627/1627/1627 1335/1335/1335
f 1279/1279/1279 1332/1332/1332 1629/1629/1629
f 1414/1414/1414 1425/1425/1425 1538/1538/1538
f 1374/1374/1374 1539/1539/1539 1426/1426/1426
f 1420/1420/1420 1476/1476/1476 1426/1426/1426
f 1550/1550/1550 1507/1507/1507 1632/1632/1632
f 1598/1598/1598 1508/1508/1508 1551/1551/1551
f 1600/1600/1600 1598/1598/1598 1553/1553/1553
f 1435/1435/1435 1512/1512/1512 1635/1635/1635
f 1155/1155/1155 1478/1478/1478 1603/1603/1603
f 1556/1556/1556 1510/1510/1510 1578/1578/1578
f 1556/1556/1556 1637/1637/1637 1377/1377/1377
f 955/955/955 1485/1485/1485 1344/1344/1344
f 1558/1558/1558 1581/1581/1581 1639/1639/1639
f 1582/1582/1582 1642/1642/1642 1640/1640/1640
f 1296/1296/1296 1441/1441/1441 1438/1438/1438
f 1558/1558/1558 1557/1557/1557 1581/1581/1581
f 1640/1640/1640 1643/1643/1643 1559/1559/1559
f 1584/1584/1584 1606/1606/1606 1644/1644/1644
f 1607/1607/1607 1559/1559/1559 1646/1646/1646
f 1351/1351/1351 1253/1253/1253 1447/1447/1447
f 1449/1449/1449 1445/1445/1445 1447/1447/1447
f 1302/1302/1302 1449/1449/1449 1447/1447/1447
f 1519/1519/1519 1490/1490/1490 1649/1649/1649
f 1491/1491/1491 1561/1561/1561 1651/1651/1651
f 1492/1492/1492 1563/1563/1563 1587/1587/1587
f 1457/1457/1457 1612/1612/1612 1564/1564/1564
f 1353/1353/1353 1613/1613/1613 1229/1229/1229
f 1355/1355/1355 1617/1617/1617 1653/1653/1653
f 1355/1355/1355 1653/1653/1653 1620/1620/1620
f 1310/1310/1310 1570/1570/1570 1655/1655/1655
f 1462/1462/1462 1396/1396/1396 1622/1622/1622
f 1309/1309/1309 1654/1654/1654 1656/1656/1656
f 1571/1571/1571 1309/1309/1309 1656/1656/1656
f 1521/1521/1521 1657/1657/1657 1621/1621/1621
f 1408/1408/1408 1621/1621/1621 1497/1497/1497
f 1356/1356/1356 1623/1623/1623 1572/1572/1572
f 1320/1320/1320 1593/1593/1593 1543/1543/1543
f 1507/1507/1507 1576/1576/1576 1597/1597/1597
f 1426/1426/1426 1576/1576/1576 1420/1420/1420
f 1434/1434/1434 1634/1634/1634 1539/1539/1539
f 1551/1551/1551 1633/1633/1633 1660/1660/1660
f 1551/1551/1551 1660/1660/1660 1598/1598/1598
f 1598/1598/1598 1660/1660/1660 1553/1553/1553
f 1481/1481/1481 1603/1603/1603 1478/1478/1478
f 1509/1509/1509 1427/1427/1427 1577/1577/1577
f 1376/1376/1376 1636/1636/1636 1661/1661/1661
f 1339/1339/1339 1377/1377/1377 1665/1665/1665
f 1340/1340/1340 1669/1669/1669 1671/1671/1671
f 1483/1483/1483 1337/1337/1337 1670/1670/1670
f 1486/1486/1486 1515/1515/1515 1672/1672/1672
f 1379/1379/1379 1605/1605/1605 1515/1515/1515
f 1344/1344/1344 1583/1583/1583 1345/1345/1345
f 1605/1605/1605 1438/1438/1438 1675/1675/1675
f 1440/1440/1440 1676/1676/1676 1437/1437/1437
f 1440/1440/1440 1584/1584/1584 1676/1676/1676
f 1640/1640/1640 1642/1642/1642 1643/1643/1643
f 1676/1676/1676 1584/1584/1584 1644/1644/1644
f 1489/1489/1489 1516/1516/1516 1678/1678/1678
f 1490/1490/1490 1650/1650/1650 1649/1649/1649
f 1303/1303/1303 1489/1489/1489 1608/1608/1608
f 1609/1609/1609 1683/1683/1683 1129/1129/1129
f 1129/1129/1129 1683/1683/1683 1566/1566/1566
f 1684/1684/1684 1610/1610/1610 1493/1493/1493
f 1493/1493/1493 1567/1567/1567 1684/1684/1684
f 1390/1390/1390 1567/1567/1567 1493/1493/1493
f 1520/1520/1520 1565/1565/1565 1687/1687/1687
f 1568/1568/1568 1588/1588/1588 1689/1689/1689
f 1497/1497/1497 1621/1621/1621 1395/1395/1395
f 1522/1522/1522 1411/1411/1411 1691/1691/1691
f 1594/1594/1594 1693/1693/1693 1544/1544/1544
f 1574/1574/1574 1544/1544/1544 1693/1693/1693
f 1465/1465/1465 1540/1540/1540 1694/1694/1694
f 1499/1499/1499 1624/1624/1624 1695/1695/1695
f 1501/1501/1501 1499/1499/1499 1695/1695/1695
f 1546/1546/1546 1595/1595/1595 1699/1699/1699
f 1545/1545/1545 1697/1697/1697 1596/1596/1596
f 1660/1660/1660 1633/1633/1633 1701/1701/1701
f 1660/1660/1660 1702/1702/1702 1553/1553/1553
f 1481/1481/1481 1705/1705/1705 1603/1603/1603
f 1555/1555/1555 1553/1553/1553 1580/1580/1580
f 1556/1556/1556 1578/1578/1578 1637/1637/1637
f 1377/1377/1377 1662/1662/1662 1665/1665/1665
f 1483/1483/1483 1670/1670/1670 1484/1484/1484
f 1605/1605/1605 1675/1675/1675 1708/1708/1708
f 1437/1437/1437 1676/1676/1676 1673/1673/1673
f 1559/1559/1559 1643/1643/1643 1709/1709/1709
f 1645/1645/1645 1607/1607/1607 1646/1646/1646
f 1559/1559/1559 1709/1709/1709 1646/1646/1646
f 1386/1386/1386 1253/1253/1253 1711/1711/1711
f 1517/1517/1517 1711/1711/1711 1649/1649/1649
f 1519/1519/1519 1649/1649/1649 1711/1711/1711
f 1678/1678/1678 1608/1608/1608 1489/1489/1489
f 1566/1566/1566 1683/1683/1683 1688/1688/1688
f 1570/1570/1570 1620/1620/1620 1655/1655/1655
f 1590/1590/1590 1712/1712/1712 1196/1196/1196
f 1690/1690/1690 1589/1589/1589 1465/1465/1465
f 1397/1397/1397 1592/1592/1592 1623/1623/1623
f 1623/1623/1623 1714/1714/1714 1572/1572/1572
f 1528/1528/1528 1715/1715/1715 1626/1626/1626
f 1532/1532/1532 1534/1534/1534 1627/1627/1627
f 1595/1595/1595 1502/1502/1502 1696/1696/1696
f 1595/1595/1595 1696/1696/1696 1699/1699/1699
f 1335/1335/1335 1627/1627/1627 1630/1630/1630
f 1632/1632/1632 1507/1507/1507 1597/1597/1597
f 1539/1539/1539 1716/1716/1716 1719/1719/1719
f 1553/1553/1553 1721/1721/1721 1580/1580/1580
f 1638/1638/1638 1579/1579/1579 1663/1663/1663
f 1662/1662/1662 1722/1722/1722 1637/1637/1637
f 1662/1662/1662 1637/1637/1637 1665/1665/1665
f 1637/1637/1637 1726/1726/1726 1665/1665/1665
f 1338/1338/1338 1664/1664/1664 1666/1666/1666
f 1485/1485/1485 1671/1671/1671 1344/1344/1344
f 1583/1583/1583 1344/1344/1344 1671/1671/1671
f 1671/1671/1671 1729/1729/1729 1583/1583/1583
f 1642/1642/1642 1582/1582/1582 1733/1733/1733
f 1643/1643/1643 1642/1642/1642 1709/1709/1709
f 1677/1677/1677 1645/1645/1645 1735/1735/1735
f 1645/1645/1645 1646/1646/1646 1737/1737/1737
f 1253/1253/1253 1488/1488/1488 1711/1711/1711
f 1386/1386/1386 1711/1711/1711 1517/1517/1517
f 1387/1387/1387 1518/1518/1518 1487/1487/1487
f 1562/1562/1562 1586/1586/1586 1739/1739/1739
f 1684/1684/1684 1567/1567/1567 1741/1741/1741
f 1569/1569/1569 1747/1747/1747 1744/1744/1744
f 1229/1229/1229 1748/1748/1748 1304/1304/1304
f 1304/1304/1304 1748/1748/1748 1614/1614/1614
f 1652/1652/1652 1616/1616/1616 1619/1619/1619
f 1198/1198/1198 1713/1713/1713 1592/1592/1592
f 1465/1465/1465 1750/1750/1750 1690/1690/1690
f 1465/1465/1465 1751/1751/1751 1750/1750/1750
f 1281/1281/1281 1631/1631/1631 1537/1537/1537
f 1540/1540/1540 1752/1752/1752 1694/1694/1694
f 1540/1540/1540 1720/1720/1720 1753/1753/1753
f 1540/1540/1540 1753/1753/1753 1752/1752/1752
f 1539/1539/1539 1634/1634/1634 1716/1716/1716
f 1480/1480/1480 1601/1601/1601 1703/1703/1703
f 1663/1663/1663 1579/1579/1579 1724/1724/1724
f 1515/1515/1515 1755/1755/1755 1672/1672/1672
f 1754/1754/1754 1514/1514/1514 1756/1756/1756
f 1605/1605/1605 1708/1708/1708 1515/1515/1515
f 1677/1677/1677 1758/1758/1758 1674/1674/1674
f 1582/1582/1582 1728/1728/1728 1733/1733/1733
f 1641/1641/1641 1730/1730/1730 1759/1759/1759
f 1642/1642/1642 1760/1760/1760 1709/1709/1709
f 1645/1645/1645 1737/1737/1737 1735/1735/1735
f 1761/1761/1761 1737/1737/1737 1646/1646/1646
f 1711/1711/1711 1488/1488/1488 1519/1519/1519
f 1516/1516/1516 1648/1648/1648 1678/1678/1678
f 1611/1611/1611 1686/1686/1686 1764/1764/1764
f 1682/1682/1682 1766/1766/1766 1687/1687/1687
f 1768/1768/1768 1197/1197/1197 1749/1749/1749
f 1571/1571/1571 1656/1656/1656 1466/1466/1466
f 1593/1593/1593 1466/1466/1466 1769/1769/1769
f 1412/1412/1412 1772/1772/1772 1411/1411/1411
f 1594/1594/1594 1771/1771/1771 1693/1693/1693
f 1412/1412/1412 1537/1537/1537 1772/1772/1772
f 1572/1572/1572 1715/1715/1715 1528/1528/1528
f 1628/1628/1628 1537/1537/1537 1631/1631/1631
f 1597/1597/1597 1698/1698/1698 1632/1632/1632
f 1660/1660/1660 1701/1701/1701 1702/1702/1702
f 1481/1481/1481 1774/1774/1774 1603/1603/1603
f 1553/1553/1553 1702/1702/1702 1721/1721/1721
f 1482/1482/1482 1486/1486/1486 1777/1777/1777
f 1580/1580/1580 1721/1721/1721 1779/1779/1779
f 1579/1579/1579 1778/1778/1778 1724/1724/1724
f 1637/1637/1637 1722/1722/1722 1726/1726/1726
f 1668/1668/1668 1727/1727/1727 1723/1723/1723
f 1725/1725/1725 1780/1780/1780 1669/1669/1669
f 1667/1667/1667 1665/1665/1665 1726/1726/1726
f 1486/1486/1486 1672/1672/1672 1781/1781/1781
f 1758/1758/1758 1707/1707/1707 1674/1674/1674
f 1758/1758/1758 1677/1677/1677 1782/1782/1782
f 1760/1760/1760 1733/1733/1733 1784/1784/1784
f 1709/1709/1709 1760/1760/1760 1785/1785/1785
f 1677/1677/1677 1735/1735/1735 1782/1782/1782
f 1787/1787/1787 1710/1710/1710 1788/1788/1788
f 1710/1710/1710 1787/1787/1787 1647/1647/1647
f 1587/1587/1587 1563/1563/1563 1789/1789/1789
f 1743/1743/1743 1611/1611/1611 1764/1764/1764
f 1743/1743/1743 1745/1745/1745 1611/1611/1611
f 1520/1520/1520 1687/1687/1687 1791/1791/1791
f 1613/1613/1613 1792/1792/1792 1229/1229/1229
f 1690/1690/1690 1750/1750/1750 1569/1569/1569
f 1748/1748/1748 1229/1229/1229 1792/1792/1792
f 1197/1197/1197 1615/1615/1615 1749/1749/1749
f 1616/1616/1616 1621/1621/1621 1619/1619/1619
f 1657/1657/1657 1619/1619/1619 1621/1621/1621
f 1592/1592/1592 1794/1794/1794 1623/1623/1623
f 1466/1466/1466 1656/1656/1656 1769/1769/1769
f 1411/1411/1411 1772/1772/1772 1691/1691/1691
f 1693/1693/1693 1771/1771/1771 1796/1796/1796
f 1572/1572/1572 1714/1714/1714 1715/1715/1715
f 1693/1693/1693 1797/1797/1797 1574/1574/1574
f 1574/1574/1574 1797/1797/1797 1535/1535/1535
f 1694/1694/1694 1798/1798/1798 1465/1465/1465
f 1696/1696/1696 1625/1625/1625 1799/1799/1799
f 1626/1626/1626 1801/1801/1801 1800/1800/1800
f 1696/1696/1696 1799/1799/1799 1699/1699/1699
f 1633/1633/1633 1700/1700/1700 1802/1802/1802
f 1720/1720/1720 1718/1718/1718 1753/1753/1753
f 1774/1774/1774 1803/1803/1803 1705/1705/1705
f 1773/1773/1773 1704/1704/1704 1602/1602/1602
f 1482/1482/1482 1777/1777/1777 1775/1775/1775
f 1725/1725/1725 1806/1806/1806 1780/1780/1780
f 1671/1671/1671 1669/1669/1669 1807/1807/1807
f 1672/1672/1672 1755/1755/1755 1781/1781/1781
f 1783/1783/1783 1809/1809/1809 1811/1811/1811
f 1788/1788/1788 1710/1710/1710 1812/1812/1812
f 1649/1649/1649 1650/1650/1650 1679/1679/1679
f 1685/1685/1685 1742/1742/1742 1763/1763/1763
f 1612/1612/1612 1746/1746/1746 1813/1813/1813
f 1687/1687/1687 1766/1766/1766 1791/1791/1791
f 1613/1613/1613 1520/1520/1520 1791/1791/1791
f 1613/1613/1613 1791/1791/1791 1792/1792/1792
f 1655/1655/1655 1620/1620/1620 1816/1816/1816
f 1768/1768/1768 1820/1820/1820 1197/1197/1197
f 1654/1654/1654 1814/1814/1814 1656/1656/1656
f 1522/1522/1522 1691/1691/1691 1659/1659/1659
f 1592/1592/1592 1198/1198/1198 1794/1794/1794
f 1751/1751/1751 1822/1822/1822 1750/1750/1750
f 1623/1623/1623 1794/1794/1794 1714/1714/1714
f 1693/1693/1693 1771/1771/1771 1797/1797/1797
f 1626/1626/1626 1715/1715/1715 1801/1801/1801
f 1465/1465/1465 1798/1798/1798 1824/1824/1824
f 1752/1752/1752 1753/1753/1753 1694/1694/1694
f 1633/1633/1633 1802/1802/1802 1701/1701/1701
f 1705/1705/1705 1803/1803/1803 1603/1603/1603
f 1702/1702/1702 1701/1701/1701 1826/1826/1826
f 1702/1702/1702 1826/1826/1826 1721/1721/1721
f 1777/1777/1777 1486/1486/1486 1828/1828/1828
f 1724/1724/1724 1778/1778/1778 1805/1805/1805
f 1669/1669/1669 1780/1780/1780 1807/1807/1807
f 1513/1513/1513 1706/1706/1706 1829/1829/1829
f 1758/1758/1758 1782/1782/1782 1707/1707/1707
f 1708/1708/1708 1783/1783/1783 1830/1830/1830
f 1831/1831/1831 1834/1834/1834 1837/1837/1837
f 1840/1840/1840 1836/1836/1836 1842/1842/1842
f 1844/1844/1844 1840/1840/1840 1842/1842/1842
f 1760/1760/1760 1845/1845/1845 1785/1785/1785
f 1735/1735/1735 1849/1849/1849 1782/1782/1782
f 1738/1738/1738 1851/1851/1851 1736/1736/1736
f 1762/1762/1762 1852/1852/1852 1738/1738/1738
f 1651/1651/1651 1561/1561/1561 1680/1680/1680
f 1562/1562/1562 1739/1739/1739 1681/1681/1681
f 1739/1739/1739 1609/1609/1609 1681/1681/1681
f 1609/1609/1609 1739/1739/1739 1683/1683/1683
f 1743/1743/1743 1764/1764/1764 1745/1745/1745
f 1612/1612/1612 1813/1813/1813 1856/1856/1856
f 1612/1612/1612 1856/1856/1856 1564/1564/1564
f 1791/1791/1791 1858/1858/1858 1792/1792/1792
f 1657/1657/1657 1860/1860/1860 1619/1619/1619
f 1692/1692/1692 1795/1795/1795 1770/1770/1770
f 1715/1715/1715 1714/1714/1714 1863/1863/1863
f 1464/1464/1464 1823/1823/1823 1864/1864/1864
f 1800/1800/1800 1801/1801/1801 1715/1715/1715
f 1775/1775/1775 1777/1777/1777 1804/1804/1804
f 1603/1603/1603 1803/1803/1803 1827/1827/1827
f 1721/1721/1721 1826/1826/1826 1779/1779/1779
f 1827/1827/1827 1866/1866/1866 1603/1603/1603
f 1671/1671/1671 1807/1807/1807 1729/1729/1729
f 1734/1734/1734 1729/1729/1729 1869/1869/1869
f 1733/1733/1733 1872/1872/1872 1784/1784/1784
f 1783/1783/1783 1811/1811/1811 1830/1830/1830
f 1849/1849/1849 1875/1875/1875 1782/1782/1782
f 1878/1878/1878 1874/1874/1874 1847/1847/1847
f 1738/1738/1738 1852/1852/1852 1851/1851/1851
f 1860/1860/1860 1815/1815/1815 1619/1619/1619
f 1862/1862/1862 1658/1658/1658 1880/1880/1880
f 1656/1656/1656 1814/1814/1814 1769/1769/1769
f 1751/1751/1751 1465/1465/1465 1865/1865/1865
f 1824/1824/1824 1798/1798/1798 1881/1881/1881
f 1798/1798/1798 1694/1694/1694 1881/1881/1881
f 1700/1700/1700 1800/1800/1800 1802/1802/1802
f 1701/1701/1701 1802/1802/1802 1882/1882/1882
f 1776/1776/1776 1827/1827/1827 1803/1803/1803
f 1603/1603/1603 1866/1866/1866 1511/1511/1511
f 1729/1729/1729 1885/1885/1885 1869/1869/1869
f 1731/1731/1731 1886/1886/1886 1870/1870/1870
f 1830/1830/1830 1811/1811/1811 1890/1890/1890
f 1832/1832/1832 1838/1838/1838 1892/1892/1892
f 1831/1831/1831 1841/1841/1841 1834/1834/1834
f 1839/1839/1839 1843/1843/1843 1833/1833/1833
f 1782/1782/1782 1875/1875/1875 1808/1808/1808
f 1879/1879/1879 1850/1850/1850 1894/1894/1894
f 1812/1812/1812 1895/1895/1895 1788/1788/1788
f 1736/1736/1736 1851/1851/1851 1850/1850/1850
f 1787/1787/1787 1788/1788/1788 1897/1897/1897
f 1898/1898/1898 1901/1901/1901 1903/1903/1903
f 1905/1905/1905 1764/1764/1764 1743/1743/1743
f 1790/1790/1790 1765/1765/1765 1857/1857/1857
f 1859/1859/1859 1767/1767/1767 1793/1793/1793
f 1569/1569/1569 1750/1750/1750 1747/1747/1747
f 1748/1748/1748 1792/1792/1792 1907/1907/1907
f 1768/1768/1768 1912/1912/1912 1820/1820/1820
f 1198/1198/1198 1821/1821/1821 1794/1794/1794
f 1861/1861/1861 1915/1915/1915 1817/1817/1817
f 1800/1800/1800 1715/1715/1715 1918/1918/1918
f 1800/1800/1800 1918/1918/1918 1919/1919/1919
f 1694/1694/1694 1753/1753/1753 1881/1881/1881
f 1778/1778/1778 1825/1825/1825 1805/1805/1805
f 1807/1807/1807 1780/1780/1780 1920/1920/1920
f 1729/1729/1729 1807/1807/1807 1921/1921/1921
f 1514/1514/1514 1922/1922/1922 1756/1756/1756
f 1732/1732/1732 1871/1871/1871 1887/1887/1887
f 1734/1734/1734 1869/1869/1869 1873/1873/1873
f 1837/1837/1837 1834/1834/1834 1923/1923/1923
f 1810/1810/1810 1926/1926/1926 1888/1888/1888
f 1832/1832/1832 1892/1892/1892 1842/1842/1842
f 1784/1784/1784 1872/1872/1872 1928/1928/1928
f 1811/1811/1811 1809/1809/1809 1930/1930/1930
f 1784/1784/1784 1845/1845/1845 1760/1760/1760
f 1808/1808/1808 1931/1931/1931 1933/1933/1933
f 1904/1904/1904 1844/1844/1844 1842/1842/1842
f 1931/1931/1931 1935/1935/1935 1933/1933/1933
f 1786/1786/1786 1846/1846/1846 1710/1710/1710
f 1931/1931/1931 1937/1937/1937 1935/1935/1935
f 1710/1710/1710 1846/1846/1846 1812/1812/1812
f 1938/1938/1938 1932/1932/1932 1877/1877/1877
f 1931/1931/1931 1808/1808/1808 1875/1875/1875
f 1904/1904/1904 1939/1939/1939 1899/1899/1899
f 1941/1941/1941 1893/1893/1893 1848/1848/1848
f 1942/1942/1942 1850/1850/1850 1851/1851/1851
f 1647/1647/1647 1787/1787/1787 1897/1897/1897
f 1762/1762/1762 1944/1944/1944 1852/1852/1852
f 1905/1905/1905 1945/1945/1945 1764/1764/1764
f 1906/1906/1906 1744/1744/1744 1946/1946/1946
f 1744/1744/1744 1747/1747/1747 1946/1946/1946
f 1768/1768/1768 1749/1749/1749 1912/1912/1912
f 1821/1821/1821 1949/1949/1949 1794/1794/1794
f 1714/1714/1714 1794/1794/1794 1951/1951/1951
f 1802/1802/1802 1800/1800/1800 1919/1919/1919
f 1718/1718/1718 1953/1953/1953 1753/1753/1753
f 1827/1827/1827 1954/1954/1954 1866/1866/1866
f 1805/1805/1805 1825/1825/1825 1955/1955/1955
f 1921/1921/1921 1959/1959/1959 1729/1729/1729
f 1729/1729/1729 1959/1959/1959 1885/1885/1885
f 1830/1830/1830 1960/1960/1960 1515/1515/1515
f 1958/1958/1958 1868/1868/1868 1884/1884/1884
f 1961/1961/1961 1868/1868/1868 1958/1958/1958
f 1927/1927/1927 1811/1811/1811 1890/1890/1890
f 1809/1809/1809 1934/1934/1934 1930/1930/1930
f 1939/1939/1939 1904/1904/1904 1963/1963/1963
f 1879/1879/1879 1894/1894/1894 1876/1876/1876
f 1903/1903/1903 1901/1901/1901 1843/1843/1843
f 1812/1812/1812 1964/1964/1964 1895/1895/1895
f 1900/1900/1900 1940/1940/1940 1966/1966/1966
f 1898/1898/1898 1965/1965/1965 1901/1901/1901
f 1968/1968/1968 1852/1852/1852 1944/1944/1944
f 1851/1851/1851 1852/1852/1852 1968/1968/1968
f 1945/1945/1945 1969/1969/1969 1764/1764/1764
f 1683/1683/1683 1739/1739/1739 1971/1971/1971
f 1789/1789/1789 1973/1973/1973 1587/1587/1587
f 1764/1764/1764 1969/1969/1969 1745/1745/1745
f 1974/1974/1974 1767/1767/1767 1975/1975/1975
f 1813/1813/1813 1746/1746/1746 1856/1856/1856
f 1974/1974/1974 1975/1975/1975 1793/1793/1793
f 1767/1767/1767 1974/1974/1974 1793/1793/1793
f 1818/1818/1818 1976/1976/1976 1947/1947/1947
f 1659/1659/1659 1691/1691/1691 1980/1980/1980
f 1769/1769/1769 1814/1814/1814 1914/1914/1914
f 1916/1916/1916 1797/1797/1797 1771/1771/1771
f 1751/1751/1751 1865/1865/1865 1822/1822/1822
f 1714/1714/1714 1951/1951/1951 1863/1863/1863
f 1715/1715/1715 1981/1981/1981 1918/1918/1918
f 1882/1882/1882 1802/1802/1802 1919/1919/1919
f 1984/1984/1984 1804/1804/1804 1777/1777/1777
f 1803/1803/1803 1985/1985/1985 1776/1776/1776
f 1827/1827/1827 1776/1776/1776 1985/1985/1985
f 1827/1827/1827 1985/1985/1985 1954/1954/1954
f 1635/1635/1635 1512/1512/1512 1867/1867/1867
f 1755/1755/1755 1757/1757/1757 1987/1987/1987
f 1868/1868/1868 1925/1925/1925 1872/1872/1872
f 1837/1837/1837 1989/1989/1989 1891/1891/1891
f 1837/1837/1837 1923/1923/1923 1989/1989/1989
f 1872/1872/1872 1925/1925/1925 1928/1928/1928
f 1784/1784/1784 1928/1928/1928 1845/1845/1845
f 1843/1843/1843 1992/1992/1992 1833/1833/1833
f 1877/1877/1877 1934/1934/1934 1938/1938/1938
f 1842/1842/1842 1963/1963/1963 1904/1904/1904
f 1812/1812/1812 1996/1996/1996 1964/1964/1964
f 1788/1788/1788 1895/1895/1895 1897/1897/1897
f 1762/1762/1762 1647/1647/1647 1944/1944/1944
f 1851/1851/1851 1894/1894/1894 1942/1942/1942
f 1944/1944/1944 1999/1999/1999 1968/1968/1968
f 1967/1967/1967 1997/1997/1997 2000/2000/2000
f 1587/1587/1587 1973/1973/1973 1740/1740/1740
f 1683/1683/1683 1971/1971/1971 1767/1767/1767
f 1975/1975/1975 1767/1767/1767 2002/2002/2002
f 1563/1563/1563 1564/1564/1564 2003/2003/2003
f 1748/1748/1748 1907/1907/1907 1910/1910/1910
f 1750/1750/1750 1822/1822/1822 2004/2004/2004
f 1658/1658/1658 1978/1978/1978 2005/2005/2005
f 1909/1909/1909 1976/1976/1976 1818/1818/1818
f 1819/1819/1819 1948/1948/1948 1977/1977/1977
f 1821/1821/1821 2007/2007/2007 1949/1949/1949
f 1862/1862/1862 2008/2008/2008 1917/1917/1917
f 1951/1951/1951 2009/2009/2009 1863/1863/1863
f 1715/1715/1715 1863/1863/1863 1981/1981/1981
f 1753/1753/1753 1953/1953/1953 1881/1881/1881
f 1985/1985/1985 1803/1803/1803 2011/2011/2011
f 1635/1635/1635 2013/2013/2013 1718/1718/1718
f 1701/1701/1701 1882/1882/1882 1826/1826/1826
f 1828/1828/1828 1486/1486/1486 2014/2014/2014
f 1755/1755/1755 1987/1987/1987 1781/1781/1781
f 1515/1515/1515 1960/1960/1960 2015/2015/2015
f 1962/1962/1962 1959/1959/1959 2019/2019/2019
f 1925/1925/1925 1868/1868/1868 1961/1961/1961
f 1830/1830/1830 2020/2020/2020 1960/1960/1960
f 1830/1830/1830 1890/1890/1890 2020/2020/2020
f 2022/2022/2022 2020/2020/2020 1890/1890/1890
f 1811/1811/1811 1930/1930/1930 1890/1890/1890
f 1833/1833/1833 1992/1992/1992 1988/1988/1988
f 1938/1938/1938 1934/1934/1934 1936/1936/1936
f 1901/1901/1901 1992/1992/1992 1843/1843/1843
f 1966/1966/1966 1940/1940/1940 1902/1902/1902
f 1968/1968/1968 2001/2001/2001 2024/2024/2024
f 1971/1971/1971 1739/1739/1739 2027/2027/2027
f 1767/1767/1767 1971/1971/1971 2002/2002/2002
f 1975/1975/1975 2002/2002/2002 2029/2029/2029
f 1975/1975/1975 2029/2029/2029 1793/1793/1793
f 1793/1793/1793 2030/2030/2030 2031/2031/2031
f 1908/1908/1908 1793/1793/1793 2031/2031/2031
f 1750/1750/1750 2004/2004/2004 1747/1747/1747
f 1913/1913/1913 1908/1908/1908 2031/2031/2031
f 1911/1911/1911 1819/1819/1819 1977/1977/1977
f 1658/1658/1658 2005/2005/2005 1880/1880/1880
f 2007/2007/2007 2034/2034/2034 1949/1949/1949
f 1535/1535/1535 1797/1797/1797 1916/1916/1916
f 1919/1919/1919 1918/1918/1918 1981/1981/1981
f 1919/1919/1919 1981/1981/1981 2035/2035/2035
f 1984/1984/1984 1777/1777/1777 2037/2037/2037
f 1635/1635/1635 1867/1867/1867 2013/2013/2013
f 1956/1956/1956 1920/1920/1920 1806/1806/1806
f 1806/1806/1806 1920/1920/1920 1780/1780/1780
f 1486/1486/1486 1781/1781/1781 2038/2038/2038
f 1922/1922/1922 1514/1514/1514 2039/2039/2039
f 1883/1883/1883 2016/2016/2016 1957/1957/1957
f 1960/1960/1960 2041/2041/2041 2015/2015/2015
f 2045/2045/2045 2046/2046/2046 2048/2048/2048
f 2046/2046/2046 2045/2045/2045 2049/2049/2049
f 1835/1835/1835 1990/1990/1990 1924/1924/1924
f 1892/1892/1892 2050/2050/2050 1842/1842/1842
f 1939/1939/1939 1963/1963/1963 2051/2051/2051
f 2051/2051/2051 2052/2052/2052 1939/1939/1939
f 1895/1895/1895 1964/1964/1964 1897/1897/1897
f 1964/1964/1964 1996/1996/1996 1897/1897/1897
f 1647/1647/1647 1897/1897/1897 1944/1944/1944
f 2001/2001/2001 1999/1999/1999 2024/2024/2024
f 1945/1945/1945 2054/2054/2054 1969/1969/1969
f 2027/2027/2027 1739/1739/1739 1972/1972/1972
f 1970/1970/1970 2025/2025/2025 2056/2056/2056
f 2059/2059/2059 2061/2061/2061 2064/2064/2064
f 1913/1913/1913 2031/2031/2031 2064/2064/2064
f 1912/1912/1912 2062/2062/2062 1820/1820/1820
f 1820/1820/1820 2062/2062/2062 2006/2006/2006
f 2032/2032/2032 2006/2006/2006 2062/2062/2062
f 2065/2065/2065 2009/2009/2009 1951/1951/1951
f 1863/1863/1863 2009/2009/2009 1981/1981/1981
f 1824/1824/1824 1881/1881/1881 2066/2066/2066
f 1919/1919/1919 2035/2035/2035 2067/2067/2067
f 1919/1919/1919 2067/2067/2067 2068/2068/2068
f 1919/1919/1919 2068/2068/2068 1882/1882/1882
f 1486/1486/1486 2038/2038/2038 2014/2014/2014
f 1807/1807/1807 2069/2069/2069 1921/1921/1921
f 1959/1959/1959 1921/1921/1921 2019/2019/2019
f 1885/1885/1885 1959/1959/1959 2019/2019/2019
f 2044/2044/2044 2047/2047/2047 2070/2070/2070
f 2045/2045/2045 2073/2073/2073 2049/2049/2049
f 2075/2075/2075 2048/2048/2048 2046/2046/2046
f 2049/2049/2049 2077/2077/2077 2046/2046/2046
f 2079/2079/2079 2082/2082/2082 2046/2046/2046
f 2046/2046/2046 2082/2082/2082 2075/2075/2075
f 2080/2080/2080 2078/2078/2078 2083/2083/2083
f 1892/1892/1892 2087/2087/2087 2050/2050/2050
f 1928/1928/1928 1925/1925/1925 1991/1991/1991
f 2050/2050/2050 1963/1963/1963 1842/1842/1842
f 1934/1934/1934 1877/1877/1877 2088/2088/2088
f 1896/1896/1896 1995/1995/1995 2089/2089/2089
f 2002/2002/2002 1971/1971/1971 2029/2029/2029
f 1946/1946/1946 1747/1747/1747 2092/2092/2092
f 1856/1856/1856 2003/2003/2003 1564/1564/1564
f 1793/1793/1793 2029/2029/2029 2030/2030/2030
f 2031/2031/2031 2030/2030/2030 2061/2061/2061
f 2064/2064/2064 2061/2061/2061 2094/2094/2094
f 2058/2058/2058 2063/2063/2063 2093/2093/2093
f 2058/2058/2058 2093/2093/2093 2060/2060/2060
f 1691/1691/1691 2096/2096/2096 1980/1980/1980
f 2037/2037/2037 1777/1777/1777 2098/2098/2098
f 1803/1803/1803 1983/1983/1983 2011/2011/2011
f 1881/1881/1881 1953/1953/1953 2099/2099/2099
f 1985/1985/1985 2011/2011/2011 1954/1954/1954
f 1777/1777/1777 1828/1828/1828 2014/2014/2014
f 1781/1781/1781 1987/1987/1987 2038/2038/2038
f 1756/1756/1756 2100/2100/2100 1986/1986/1986
f 1756/1756/1756 1922/1922/1922 2100/2100/2100
f 2042/2042/2042 2101/2101/2101 2103/2103/2103
f 2045/2045/2045 2107/2107/2107 2110/2110/2110
f 1960/1960/1960 2020/2020/2020 2041/2041/2041
f 2074/2074/2074 2112/2112/2112 2084/2084/2084
f 2079/2079/2079 2046/2046/2046 2077/2077/2077
f 2075/2075/2075 2082/2082/2082 2113/2113/2113
f 2051/2051/2051 2085/2085/2085 2079/2079/2079
f 2079/2079/2079 2077/2077/2077 2051/2051/2051
f 1925/1925/1925 1961/1961/1961 1991/1991/1991
f 1891/1891/1891 1989/1989/1989 2086/2086/2086
f 2051/2051/2051 1963/1963/1963 2050/2050/2050
f 1991/1991/1991 1993/1993/1993 1928/1928/1928
f 1934/1934/1934 2088/2088/2088 1930/1930/1930
f 1929/1929/1929 2114/2114/2114 1846/1846/1846
f 1902/1902/1902 1940/1940/1940 1994/1994/1994
f 1812/1812/1812 1846/1846/1846 1996/1996/1996
f 1876/1876/1876 1894/1894/1894 2115/2115/2115
f 1996/1996/1996 2117/2117/2117 2090/2090/2090
f 1968/1968/1968 2024/2024/2024 1851/1851/1851
f 1944/1944/1944 2118/2118/2118 1999/1999/1999
f 1973/1973/1973 1789/1789/1789 2120/2120/2120
f 1971/1971/1971 2057/2057/2057 2029/2029/2029
f 1745/1745/1745 1969/1969/1969 1853/1853/1853
f 1563/1563/1563 2003/2003/2003 1789/1789/1789
f 2003/2003/2003 1856/1856/1856 2121/2121/2121
f 2061/2061/2061 2064/2064/2064 2031/2031/2031
f 2122/2122/2122 2064/2064/2064 2094/2094/2094
f 2094/2094/2094 2064/2064/2064 2061/2061/2061
f 2064/2064/2064 2122/2122/2122 2033/2033/2033
f 2034/2034/2034 1794/1794/1794 1949/1949/1949
f 1794/1794/1794 2034/2034/2034 1951/1951/1951
f 2068/2068/2068 2123/2123/2123 1882/1882/1882
f 1777/1777/1777 2126/2126/2126 2098/2098/2098
f 1807/1807/1807 1920/1920/1920 2069/2069/2069
f 1515/1515/1515 2015/2015/2015 2040/2040/2040
f 2102/2102/2102 2043/2043/2043 2104/2104/2104
f 2045/2045/2045 2110/2110/2110 2073/2073/2073
f 2019/2019/2019 2127/2127/2127 2072/2072/2072
f 2041/2041/2041 2020/2020/2020 2128/2128/2128
f 2074/2074/2074 2084/2084/2084 2047/2047/2047
f 2049/2049/2049 2129/2129/2129 2077/2077/2077
f 2018/2018/2018 2085/2085/2085 1961/1961/1961
f 2051/2051/2051 2050/2050/2050 2087/2087/2087
f 1940/1940/1940 2131/2131/2131 1994/1994/1994
f 1877/1877/1877 2132/2132/2132 2088/2088/2088
f 1996/1996/1996 2133/2133/2133 2117/2117/2117
f 1894/1894/1894 2134/2134/2134 2115/2115/2115
f 2090/2090/2090 2117/2117/2117 2133/2133/2133
f 1897/1897/1897 2090/2090/2090 2133/2133/2133
f 1969/1969/1969 2054/2054/2054 2136/2136/2136
f 1946/1946/1946 2137/2137/2137 2055/2055/2055
f 1972/1972/1972 2138/2138/2138 2027/2027/2027
f 2057/2057/2057 2140/2140/2140 2029/2029/2029
f 2030/2030/2030 2029/2029/2029 2140/2140/2140
f 2061/2061/2061 2030/2030/2030 2094/2094/2094
f 2122/2122/2122 2141/2141/2141 2033/2033/2033
f 2034/2034/2034 2142/2142/2142 2144/2144/2144
f 1917/1917/1917 2008/2008/2008 2145/2145/2145
f 1772/1772/1772 1537/1537/1537 2148/2148/2148
f 1917/1917/1917 2145/2145/2145 1536/1536/1536
f 2009/2009/2009 2065/2065/2065 1981/1981/1981
f 1865/1865/1865 2150/2150/2150 2151/2151/2151
f 1982/1982/1982 2036/2036/2036 2097/2097/2097
f 2067/2067/2067 2123/2123/2123 2068/2068/2068
f 1882/1882/1882 2123/2123/2123 2153/2153/2153
f 1717/1717/1717 2154/2154/2154 1952/1952/1952
f 1882/1882/1882 2158/2158/2158 1826/1826/1826
f 1882/1882/1882 2153/2153/2153 2158/2158/2158
f 1955/1955/1955 1825/1825/1825 2159/2159/2159
f 1954/1954/1954 2011/2011/2011 2012/2012/2012
f 1866/1866/1866 1954/1954/1954 2012/2012/2012
f 2069/2069/2069 2162/2162/2162 1921/1921/1921
f 2017/2017/2017 2163/2163/2163 2168/2168/2168
f 2015/2015/2015 2170/2170/2170 2040/2040/2040
f 2041/2041/2041 2128/2128/2128 2015/2015/2015
f 2044/2044/2044 2070/2070/2070 2106/2106/2106
f 2085/2085/2085 2018/2018/2018 2071/2071/2071
f 2172/2172/2172 2077/2077/2077 2129/2129/2129
f 2112/2112/2112 2081/2081/2081 2084/2084/2084
f 1961/1961/1961 2085/2085/2085 1991/1991/1991
f 2087/2087/2087 1991/1991/1991 2085/2085/2085
f 2051/2051/2051 2077/2077/2077 2173/2173/2173
f 2021/2021/2021 1889/1889/1889 2174/2174/2174
f 1940/1940/1940 2053/2053/2053 2131/2131/2131
f 1929/1929/1929 1994/1994/1994 2114/2114/2114
f 1877/1877/1877 2116/2116/2116 2132/2132/2132
f 1846/1846/1846 2133/2133/2133 1996/1996/1996
f 1894/1894/1894 1851/1851/1851 2134/2134/2134
f 1851/1851/1851 2176/2176/2176 2134/2134/2134
f 2092/2092/2092 2137/2137/2137 1946/1946/1946
f 2057/2057/2057 2027/2027/2027 2179/2179/2179
f 2181/2181/2181 2184/2184/2184 2186/2186/2186
f 2140/2140/2140 2057/2057/2057 2179/2179/2179
f 2183/2183/2183 2028/2028/2028 2187/2187/2187
f 2003/2003/2003 2189/2189/2189 1789/1789/1789
f 2181/2181/2181 2186/2186/2186 2026/2026/2026
f 2183/2183/2183 2028/2028/2028 2187/2187/2187
f 2181/2181/2181 2186/2186/2186 2026/2026/2026
f 2182/2182/2182 2027/2027/2027 2179/2179/2179
f 2026/2026/2026 2186/2186/2186 2177/2177/2177
f 2027/2027/2027 2138/2138/2138 2190/2190/2190
f 2030/2030/2030 2140/2140/2140 2193/2193/2193
f 1747/1747/1747 2004/2004/2004 2092/2092/2092
f 2030/2030/2030 2193/2193/2193 2094/2094/2094
f 1862/1862/1862 1880/1880/1880 2008/2008/2008
f 2098/2098/2098 2126/2126/2126 1984/1984/1984
f 1983/1983/1983 2125/2125/2125 2011/2011/2011
f 1777/1777/1777 2014/2014/2014 2126/2126/2126
f 1825/1825/1825 2156/2156/2156 2159/2159/2159
f 1920/1920/1920 1956/1956/1956 2195/2195/2195
f 2019/2019/2019 1921/1921/1921 2167/2167/2167
f 2019/2019/2019 2169/2169/2169 2198/2198/2198
f 2019/2019/2019 2198/2198/2198 2127/2127/2127
f 2073/2073/2073 2199/2199/2199 2049/2049/2049
f 2047/2047/2047 2084/2084/2084 2070/2070/2070
f 2085/2085/2085 2051/2051/2051 2087/2087/2087
f 2022/2022/2022 2175/2175/2175 2020/2020/2020
f 2051/2051/2051 2173/2173/2173 2052/2052/2052
f 1846/1846/1846 2114/2114/2114 2133/2133/2133
f 1851/1851/1851 2024/2024/2024 2176/2176/2176
f 1897/1897/1897 2133/2133/2133 2200/2200/2200
f 1998/1998/1998 2201/2201/2201 2023/2023/2023
f 1999/1999/1999 2205/2205/2205 2202/2202/2202
f 2184/2184/2184 2206/2206/2206 2210/2210/2210
f 2184/2184/2184 2210/2210/2210 2186/2186/2186
f 1972/1972/1972 2119/2119/2119 2138/2138/2138
f 2185/2185/2185 2183/2183/2183 2208/2208/2208
f 2186/2186/2186 2210/2210/2210 2177/2177/2177
f 2028/2028/2028 2191/2191/2191 2183/2183/2183
f 2178/2178/2178 2192/2192/2192 2139/2139/2139
f 2122/2122/2122 2094/2094/2094 2193/2193/2193
f 2005/2005/2005 1978/1978/1978 1880/1880/1880
f 2144/2144/2144 2142/2142/2142 2213/2213/2213
f 1865/1865/1865 2214/2214/2214 1822/1822/1822
f 2144/2144/2144 1951/1951/1951 2034/2034/2034
f 1537/1537/1537 2147/2147/2147 2148/2148/2148
f 1981/1981/1981 2215/2215/2215 2035/2035/2035
f 2067/2067/2067 2035/2035/2035 2123/2123/2123
f 2160/2160/2160 2157/2157/2157 2152/2152/2152
f 2195/2195/2195 2217/2217/2217 1920/1920/1920
f 1921/1921/1921 2162/2162/2162 2167/2167/2167
f 2073/2073/2073 2110/2110/2110 2199/2199/2199
f 2106/2106/2106 2070/2070/2070 2218/2218/2218
f 2129/2129/2129 2049/2049/2049 2219/2219/2219
f 2020/2020/2020 2221/2221/2221 2128/2128/2128
f 2221/2221/2221 2020/2020/2020 2175/2175/2175
f 1890/1890/1890 1930/1930/1930 2175/2175/2175
f 1930/1930/1930 2088/2088/2088 2175/2175/2175
f 1994/1994/1994 2131/2131/2131 2223/2223/2223
f 2116/2116/2116 2225/2225/2225 2132/2132/2132
f 2135/2135/2135 2225/2225/2225 2116/2116/2116
f 1897/1897/1897 2200/2200/2200 2226/2226/2226
f 1999/1999/1999 2118/2118/2118 2205/2205/2205
f 1789/1789/1789 2189/2189/2189 2120/2120/2120
f 2183/2183/2183 2191/2191/2191 2208/2208/2208
f 2122/2122/2122 2193/2193/2193 2141/2141/2141
f 2033/2033/2033 2141/2141/2141 2227/2227/2227
f 2034/2034/2034 2228/2228/2228 2142/2142/2142
f 2142/2142/2142 2230/2230/2230 2213/2213/2213
f 2144/2144/2144 2213/2213/2213 2230/2230/2230
f 1772/1772/1772 2148/2148/2148 1691/1691/1691
f 1951/1951/1951 2215/2215/2215 2065/2065/2065
f 2065/2065/2065 2215/2215/2215 1981/1981/1981
f 1981/1981/1981 2231/2231/2231 2215/2215/2215
f 1718/1718/1718 2013/2013/2013 2155/2155/2155
f 1956/1956/1956 2161/2161/2161 2195/2195/2195
f 2232/2232/2232 2196/2196/2196 2164/2164/2164
f 2169/2169/2169 2167/2167/2167 2198/2198/2198
f 2235/2235/2235 2108/2108/2108 2237/2237/2237
f 2127/2127/2127 2198/2198/2198 2240/2240/2240
f 2109/2109/2109 2105/2105/2105 2234/2234/2234
f 2072/2072/2072 2127/2127/2127 2240/2240/2240
f 2111/2111/2111 2235/2235/2235 2242/2242/2242
f 2015/2015/2015 2128/2128/2128 2170/2170/2170
f 2049/2049/2049 2199/2199/2199 2219/2219/2219
f 2129/2129/2129 2219/2219/2219 2172/2172/2172
f 1944/1944/1944 1897/1897/1897 2226/2226/2226
f 2207/2207/2207 2243/2243/2243 2211/2211/2211
f 2212/2212/2212 2244/2244/2244 2245/2245/2245
f 2180/2180/2180 2212/2212/2212 2245/2245/2245
f 1969/1969/1969 2136/2136/2136 1853/1853/1853
f 2190/2190/2190 2138/2138/2138 2246/2246/2246
f 2141/2141/2141 2193/2193/2193 2227/2227/2227
f 1865/1865/1865 2151/2151/2151 2214/2214/2214
f 2008/2008/2008 2248/2248/2248 2145/2145/2145
f 2215/2215/2215 2250/2250/2250 2035/2035/2035
f 1864/1864/1864 1823/1823/1823 2149/2149/2149
f 2099/2099/2099 2252/2252/2252 1881/1881/1881
f 1920/1920/1920 2217/2217/2217 2069/2069/2069
f 2100/2100/2100 1922/1922/1922 1986/1986/1986
f 2199/2199/2199 2110/2110/2110 2219/2219/2219
f 2128/2128/2128 2221/2221/2221 2253/2253/2253
f 2076/2076/2076 2171/2171/2171 2254/2254/2254
f 2077/2077/2077 2255/2255/2255 2173/2173/2173
f 2175/2175/2175 2088/2088/2088 2257/2257/2257
f 2132/2132/2132 2258/2258/2258 2088/2088/2088
f 1994/1994/1994 2223/2223/2223 2261/2261/2261
f 2176/2176/2176 2262/2262/2262 2134/2134/2134
f 1943/1943/1943 2263/2263/2263 2203/2203/2203
f 1944/1944/1944 2226/2226/2226 2264/2264/2264
f 2180/2180/2180 2245/2245/2245 2194/2194/2194
f 2091/2091/2091 2265/2265/2265 2136/2136/2136
f 2138/2138/2138 2119/2119/2119 2246/2246/2246
f 2191/2191/2191 2247/2247/2247 2208/2208/2208
f 2091/2091/2091 2267/2267/2267 2265/2265/2265
f 2228/2228/2228 2194/2194/2194 2245/2245/2245
f 1822/1822/1822 2214/2214/2214 2004/2004/2004
f 1824/1824/1824 2066/2066/2066 2150/2150/2150
f 2066/2066/2066 1881/1881/1881 2252/2252/2252
f 1953/1953/1953 2252/2252/2252 2099/2099/2099
f 2162/2162/2162 2271/2271/2271 2167/2167/2167
f 2162/2162/2162 2274/2274/2274 2271/2271/2271
f 2233/2233/2233 2165/2165/2165 2197/2197/2197
f 2235/2235/2235 2237/2237/2237 2242/2242/2242
f 2106/2106/2106 2218/2218/2218 2236/2236/2236
f 2070/2070/2070 2238/2238/2238 2218/2218/2218
f 2128/2128/2128 2253/2253/2253 2170/2170/2170
f 2172/2172/2172 2219/2219/2219 2275/2275/2275
f 2277/2277/2277 2173/2173/2173 2255/2255/2255
f 2173/2173/2173 2277/2277/2277 2278/2278/2278
f 2173/2173/2173 2280/2280/2280 2052/2052/2052
f 2280/2280/2280 2173/2173/2173 2282/2282/2282
f 2052/2052/2052 2280/2280/2280 2130/2130/2130
f 2088/2088/2088 2258/2258/2258 2257/2257/2257
f 2130/2130/2130 2285/2285/2285 2222/2222/2222
f 2222/2222/2222 2285/2285/2285 2260/2260/2260
f 1994/1994/1994 2261/2261/2261 2114/2114/2114
f 2132/2132/2132 2288/2288/2288 2258/2258/2258
f 2133/2133/2133 2289/2289/2289 2200/2200/2200
f 2176/2176/2176 2291/2291/2291 2262/2262/2262
f 2176/2176/2176 2024/2024/2024 2291/2291/2291
f 2118/2118/2118 1944/1944/1944 2205/2205/2205
f 2209/2209/2209 2293/2293/2293 2244/2244/2244
f 2136/2136/2136 2265/2265/2265 1853/1853/1853
f 2003/2003/2003 2121/2121/2121 2189/2189/2189
f 2295/2295/2295 2266/2266/2266 2268/2268/2268
f 2004/2004/2004 2269/2269/2269 2092/2092/2092
f 2142/2142/2142 2228/2228/2228 2296/2296/2296
f 1979/1979/1979 2095/2095/2095 2297/2297/2297
f 1978/1978/1978 2298/2298/2298 1880/1880/1880
f 2142/2142/2142 2296/2296/2296 2300/2300/2300
f 2142/2142/2142 2300/2300/2300 2230/2230/2230
f 2096/2096/2096 1691/1691/1691 2301/2301/2301
f 2143/2143/2143 2229/2229/2229 1950/1950/1950
f 2150/2150/2150 2302/2302/2302 2151/2151/2151
f 2152/2152/2152 2303/2303/2303 2306/2306/2306
f 2152/2152/2152 2307/2307/2307 2160/2160/2160
f 2195/2195/2195 2161/2161/2161 2309/2309/2309
f 1987/1987/1987 2310/2310/2310 2038/2038/2038
f 2162/2162/2162 2069/2069/2069 2274/2274/2274
f 2167/2167/2167 2271/2271/2271 2198/2198/2198
f 2218/2218/2218 2238/2238/2238 2236/2236/2236
f 2172/2172/2172 2278/2278/2278 2255/2255/2255
f 2277/2277/2277 2255/2255/2255 2278/2278/2278
f 2173/2173/2173 2311/2311/2311 2282/2282/2282
f 2173/2173/2173 2278/2278/2278 2311/2311/2311
f 2225/2225/2225 2288/2288/2288 2132/2132/2132
f 2114/2114/2114 2314/2314/2314 2289/2289/2289
f 2133/2133/2133 2114/2114/2114 2289/2289/2289
f 2292/2292/2292 2208/2208/2208 2315/2315/2315
f 2295/2295/2295 2318/2318/2318 2266/2266/2266
f 2246/2246/2246 2119/2119/2119 2320/2320/2320
f 2246/2246/2246 2320/2320/2320 2321/2321/2321
f 2246/2246/2246 2321/2321/2321 2323/2323/2323
f 2230/2230/2230 2326/2326/2326 2328/2328/2328
f 2035/2035/2035 2250/2250/2250 2123/2123/2123
f 2123/2123/2123 2250/2250/2250 2331/2331/2331
f 2153/2153/2153 2123/2123/2123 2305/2305/2305
f 1953/1953/1953 2155/2155/2155 2252/2252/2252
f 2152/2152/2152 2306/2306/2306 2307/2307/2307
f 2012/2012/2012 2011/2011/2011 2333/2333/2333
f 2195/2195/2195 2309/2309/2309 2217/2217/2217
f 2217/2217/2217 2334/2334/2334 2069/2069/2069
f 2272/2272/2272 2335/2335/2335 2166/2166/2166
f 2270/2270/2270 2272/2272/2272 2166/2166/2166
f 2338/2338/2338 2219/2219/2219 2339/2339/2339
f 2338/2338/2338 2275/2275/2275 2219/2219/2219
f 2278/2278/2278 2172/2172/2172 2275/2275/2275
f 2175/2175/2175 2257/2257/2257 2341/2341/2341
f 2259/2259/2259 2284/2284/2284 2313/2313/2313
f 2261/2261/2261 2314/2314/2314 2114/2114/2114
f 2287/2287/2287 2224/2224/2224 2342/2342/2342
f 2224/2224/2224 2134/2134/2134 2262/2262/2262
f 2201/2201/2201 2290/2290/2290 2023/2023/2023
f 2264/2264/2264 2226/2226/2226 2205/2205/2205
f 2316/2316/2316 2343/2343/2343 2293/2293/2293
f 2295/2295/2295 2345/2345/2345 2318/2318/2318
f 2268/2268/2268 2347/2347/2347 2295/2295/2295
f 2208/2208/2208 2247/2247/2247 2348/2348/2348
f 2189/2189/2189 2121/2121/2121 2350/2350/2350
f 2324/2324/2324 2352/2352/2352 2247/2247/2247
f 2324/2324/2324 2322/2322/2322 2352/2352/2352
f 2321/2321/2321 2320/2320/2320 2351/2351/2351
f 2230/2230/2230 2300/2300/2300 2326/2326/2326
f 1691/1691/1691 2148/2148/2148 2147/2147/2147
f 2215/2215/2215 1951/1951/1951 2355/2355/2355
f 2215/2215/2215 2355/2355/2355 2357/2357/2357
f 2215/2215/2215 2359/2359/2359 2250/2250/2250
f 2010/2010/2010 2124/2124/2124 2332/2332/2332
f 2271/2271/2271 2167/2167/2167 2361/2361/2361
f 1922/1922/1922 2039/2039/2039 1986/1986/1986
f 2111/2111/2111 2363/2363/2363 2220/2220/2220
f 2220/2220/2220 2364/2364/2364 2340/2340/2340
f 2253/2253/2253 2366/2366/2366 2367/2367/2367
f 2278/2278/2278 2368/2368/2368 2311/2311/2311
f 2311/2311/2311 2368/2368/2368 2371/2371/2371
f 2175/2175/2175 2341/2341/2341 2221/2221/2221
f 2224/2224/2224 2262/2262/2262 2342/2342/2342
f 2295/2295/2295 2374/2374/2374 2345/2345/2345
f 2294/2294/2294 2375/2375/2375 2373/2373/2373
f 2295/2295/2295 2347/2347/2347 2376/2376/2376
f 2347/2347/2347 2268/2268/2268 2377/2377/2377
f 2266/2266/2266 2318/2318/2318 1854/1854/1854
f 1856/1856/1856 2380/2380/2380 2121/2121/2121
f 2247/2247/2247 2352/2352/2352 2348/2348/2348
f 2269/2269/2269 2004/2004/2004 2381/2381/2381
f 2297/2297/2297 2382/2382/2382 1979/1979/1979
f 1979/1979/1979 2382/2382/2382 2384/2384/2384
f 1978/1978/1978 2383/2383/2383 2298/2298/2298
f 1691/1691/1691 2386/2386/2386 2301/2301/2301
f 1691/1691/1691 2147/2147/2147 2386/2386/2386
f 2151/2151/2151 2387/2387/2387 2214/2214/2214
f 1951/1951/1951 2230/2230/2230 2355/2355/2355
f 2359/2359/2359 2215/2215/2215 2389/2389/2389
f 2123/2123/2123 2331/2331/2331 2391/2391/2391
f 2155/2155/2155 2392/2392/2392 2252/2252/2252
f 2161/2161/2161 2308/2308/2308 2309/2309/2309
f 2014/2014/2014 2394/2394/2394 2126/2126/2126
f 2038/2038/2038 2310/2310/2310 2014/2014/2014
f 2273/2273/2273 2395/2395/2395 2336/2336/2336
f 2167/2167/2167 2337/2337/2337 2361/2361/2361
f 2339/2339/2339 2398/2398/2398 2338/2338/2338
f 2253/2253/2253 2367/2367/2367 2399/2399/2399
f 2253/2253/2253 2221/2221/2221 2366/2366/2366
f 2312/2312/2312 2372/2372/2372 2400/2400/2400
f 2283/2283/2283 2312/2312/2312 2400/2400/2400
f 2258/2258/2258 2288/2288/2288 2257/2257/2257
f 2130/2130/2130 2280/2280/2280 2285/2285/2285
f 2342/2342/2342 2402/2402/2402 2287/2287/2287
f 2342/2342/2342 2262/2262/2262 2402/2402/2402
f 2226/2226/2226 2404/2404/2404 2205/2205/2205
f 2208/2208/2208 2405/2405/2405 2315/2315/2315
f 2208/2208/2208 2348/2348/2348 2405/2405/2405
f 2228/2228/2228 2245/2245/2245 2406/2406/2406
f 2269/2269/2269 2381/2381/2381 2378/2378/2378
f 2188/2188/2188 2351/2351/2351 2119/2119/2119
f 2320/2320/2320 2119/2119/2119 2351/2351/2351
f 2228/2228/2228 2407/2407/2407 2296/2296/2296
f 2297/2297/2297 2095/2095/2095 2382/2382/2382
f 2230/2230/2230 2328/2328/2328 2355/2355/2355
f 2151/2151/2151 2302/2302/2302 2387/2387/2387
f 2357/2357/2357 2409/2409/2409 2412/2412/2412
f 2357/2357/2357 2412/2412/2412 2215/2215/2215
f 2215/2215/2215 2412/2412/2412 2389/2389/2389
f 2123/2123/2123 2391/2391/2391 2305/2305/2305
f 2307/2307/2307 2413/2413/2413 2415/2415/2415
f 2307/2307/2307 2306/2306/2306 2413/2413/2413
f 2306/2306/2306 2303/2303/2303 2413/2413/2413
f 2309/2309/2309 2308/2308/2308 2419/2419/2419
f 2333/2333/2333 2125/2125/2125 2393/2393/2393
f 2013/2013/2013 2420/2420/2420 2155/2155/2155
f 2334/2334/2334 2217/2217/2217 2422/2422/2422
f 2274/2274/2274 2069/2069/2069 2397/2397/2397
f 2424/2424/2424 2428/2428/2428 2363/2363/2363
f 2340/2340/2340 2430/2430/2430 2432/2432/2432
f 2170/2170/2170 2399/2399/2399 2040/2040/2040
f 2362/2362/2362 2425/2425/2425 2433/2433/2433
f 2362/2362/2362 2433/2433/2433 2435/2435/2435
f 2339/2339/2339 2431/2431/2431 2398/2398/2398
f 2253/2253/2253 2399/2399/2399 2170/2170/2170
f 2340/2340/2340 2438/2438/2438 2430/2430/2430
f 2340/2340/2340 2364/2364/2364 2438/2438/2438
f 2364/2364/2364 2220/2220/2220 2363/2363/2363
f 2338/2338/2338 2439/2439/2439 2275/2275/2275
f 2283/2283/2283 2400/2400/2400 2281/2281/2281
f 2257/2257/2257 2288/2288/2288 2441/2441/2441
f 2200/2200/2200 2289/2289/2289 2442/2442/2442
f 2202/2202/2202 2205/2205/2205 2444/2444/2444
f 2244/2244/2244 2293/2293/2293 2343/2343/2343
f 2344/2344/2344 2375/2375/2375 2317/2317/2317
f 2346/2346/2346 2317/2317/2317 2375/2375/2375
f 2245/2245/2245 2244/2244/2244 2406/2406/2406
f 2347/2347/2347 2377/2377/2377 2445/2445/2445
f 2189/2189/2189 2350/2350/2350 2353/2353/2353
f 2228/2228/2228 2406/2406/2406 2407/2407/2407
f 2300/2300/2300 2296/2296/2296 2448/2448/2448
f 2357/2357/2357 2355/2355/2355 2412/2412/2412
f 2357/2357/2357 2450/2450/2450 2409/2409/2409
f 2412/2412/2412 2452/2452/2452 2389/2389/2389
f 2250/2250/2250 2359/2359/2359 2452/2452/2452
f 2390/2390/2390 2329/2329/2329 2416/2416/2416
f 2416/2416/2416 2414/2414/2414 2390/2390/2390
f 2304/2304/2304 2390/2390/2390 2414/2414/2414
f 2308/2308/2308 2417/2417/2417 2419/2419/2419
f 2217/2217/2217 2309/2309/2309 2454/2454/2454
f 2337/2337/2337 2397/2397/2397 2361/2361/2361
f 2198/2198/2198 2271/2271/2271 2456/2456/2456
f 2423/2423/2423 2457/2457/2457 2427/2427/2427
f 2111/2111/2111 2424/2424/2424 2363/2363/2363
f 2237/2237/2237 2239/2239/2239 2459/2459/2459
f 2431/2431/2431 2460/2460/2460 2398/2398/2398
f 2338/2338/2338 2398/2398/2398 2439/2439/2439
f 2367/2367/2367 2366/2366/2366 2463/2463/2463
f 2279/2279/2279 2465/2465/2465 2370/2370/2370
f 2279/2279/2279 2276/2276/2276 2465/2465/2465
f 2369/2369/2369 2464/2464/2464 2372/2372/2372
f 2372/2372/2372 2464/2464/2464 2400/2400/2400
f 2281/2281/2281 2400/2400/2400 2466/2466/2466
f 2286/2286/2286 2281/2281/2281 2466/2466/2466
f 2287/2287/2287 2468/2468/2468 2440/2440/2440
f 2287/2287/2287 2402/2402/2402 2468/2468/2468
f 2314/2314/2314 2469/2469/2469 2289/2289/2289
f 2262/2262/2262 2291/2291/2291 2473/2473/2473
f 2290/2290/2290 2201/2201/2201 2470/2470/2470
f 2289/2289/2289 2474/2474/2474 2442/2442/2442
f 2200/2200/2200 2404/2404/2404 2226/2226/2226
f 2345/2345/2345 2476/2476/2476 2478/2478/2478
f 2345/2345/2345 2374/2374/2374 2476/2476/2476
f 2244/2244/2244 2343/2343/2343 2406/2406/2406
f 2350/2350/2350 2121/2121/2121 2479/2479/2479
f 2296/2296/2296 2407/2407/2407 2448/2448/2448
f 2353/2353/2353 2480/2480/2480 2349/2349/2349
f 2214/2214/2214 2481/2481/2481 2004/2004/2004
f 1880/1880/1880 2298/2298/2298 2482/2482/2482
f 2387/2387/2387 2481/2481/2481 2214/2214/2214
f 2248/2248/2248 2008/2008/2008 2482/2482/2482
f 2249/2249/2249 2483/2483/2483 2146/2146/2146
f 2357/2357/2357 2355/2355/2355 2485/2485/2485
f 2410/2410/2410 2354/2354/2354 2356/2356/2356
f 2389/2389/2389 2488/2488/2488 2359/2359/2359
f 2388/2388/2388 2358/2358/2358 2486/2486/2486
f 2389/2389/2389 2452/2452/2452 2359/2359/2359
f 2250/2250/2250 2452/2452/2452 2489/2489/2489
f 2250/2250/2250 2489/2489/2489 2331/2331/2331
f 2422/2422/2422 2490/2490/2490 2334/2334/2334
f 2069/2069/2069 2334/2334/2334 2397/2397/2397
f 2271/2271/2271 2361/2361/2361 2456/2456/2456
f 2198/2198/2198 2456/2456/2456 2240/2240/2240
f 2237/2237/2237 2459/2459/2459 2242/2242/2242
f 2432/2432/2432 2430/2430/2430 2428/2428/2428
f 2111/2111/2111 2242/2242/2242 2424/2424/2424
f 2429/2429/2429 2491/2491/2491 2426/2426/2426
f 2399/2399/2399 2495/2495/2495 2040/2040/2040
f 2399/2399/2399 2367/2367/2367 2495/2495/2495
f 2364/2364/2364 2436/2436/2436 2434/2434/2434
f 2438/2438/2438 2364/2364/2364 2434/2434/2434
f 2364/2364/2364 2363/2363/2363 2436/2436/2436
f 2221/2221/2221 2498/2498/2498 2366/2366/2366
f 2221/2221/2221 2499/2499/2499 2498/2498/2498
f 2221/2221/2221 2341/2341/2341 2499/2499/2499
f 2341/2341/2341 2257/2257/2257 2500/2500/2500
f 2500/2500/2500 2257/2257/2257 2502/2502/2502
f 2256/2256/2256 2440/2440/2440 2468/2468/2468
f 2289/2289/2289 2469/2469/2469 2474/2474/2474
f 2202/2202/2202 2505/2505/2505 2473/2473/2473
f 2202/2202/2202 2444/2444/2444 2505/2505/2505
f 2200/2200/2200 2442/2442/2442 2404/2404/2404
f 2344/2344/2344 2477/2477/2477 2375/2375/2375
f 2347/2347/2347 2445/2445/2445 2506/2506/2506
f 1855/1855/1855 2319/2319/2319 2379/2379/2379
f 2300/2300/2300 2509/2509/2509 2326/2326/2326
f 2146/2146/2146 2510/2510/2510 2511/2511/2511
f 2387/2387/2387 2302/2302/2302 2481/2481/2481
f 2150/2150/2150 2514/2514/2514 2302/2302/2302
f 2408/2408/2408 2449/2449/2449 2411/2411/2411
f 2486/2486/2486 2358/2358/2358 2515/2515/2515
f 2358/2358/2358 2451/2451/2451 2515/2515/2515
f 2359/2359/2359 2518/2518/2518 2452/2452/2452
f 2417/2417/2417 2331/2331/2331 2520/2520/2520
f 2417/2417/2417 2520/2520/2520 2419/2419/2419
f 2309/2309/2309 2419/2419/2419 2521/2521/2521
f 2490/2490/2490 2422/2422/2422 2524/2524/2524
f 2361/2361/2361 2526/2526/2526 2456/2456/2456
f 2458/2458/2458 2424/2424/2424 2528/2528/2528
f 2239/2239/2239 2455/2455/2455 2529/2529/2529
f 2434/2434/2434 2428/2428/2428 2438/2438/2438
f 2427/2427/2427 2492/2492/2492 2437/2437/2437
f 2367/2367/2367 2530/2530/2530 2495/2495/2495
f 2430/2430/2430 2438/2438/2438 2493/2493/2493
f 2365/2365/2365 2496/2496/2496 2531/2531/2531
f 2314/2314/2314 2536/2536/2536 2469/2469/2469
f 2284/2284/2284 2533/2533/2533 2313/2313/2313
f 2534/2534/2534 2286/2286/2286 2466/2466/2466
f 2468/2468/2468 2402/2402/2402 2539/2539/2539
f 2262/2262/2262 2473/2473/2473 2402/2402/2402
f 2343/2343/2343 2316/2316/2316 2541/2541/2541
f 2373/2373/2373 2375/2375/2375 2475/2475/2475
f 2347/2347/2347 2506/2506/2506 2318/2318/2318
f 2121/2121/2121 2380/2380/2380 2479/2479/2479
f 2353/2353/2353 2350/2350/2350 2480/2480/2480
f 2349/2349/2349 2480/2480/2480 2543/2543/2543
f 2300/2300/2300 2448/2448/2448 2509/2509/2509
f 2412/2412/2412 2450/2450/2450 2452/2452/2452
f 2359/2359/2359 2488/2488/2488 2518/2518/2518
f 2150/2150/2150 2544/2544/2544 2514/2514/2514
f 2150/2150/2150 2066/2066/2066 2544/2544/2544
f 2331/2331/2331 2489/2489/2489 2546/2546/2546
f 2490/2490/2490 2397/2397/2397 2334/2334/2334
f 2039/2039/2039 2494/2494/2494 1986/1986/1986
f 2427/2427/2427 2457/2457/2457 2547/2547/2547
f 2427/2427/2427 2547/2547/2547 2549/2549/2549
f 2432/2432/2432 2428/2428/2428 2551/2551/2551
f 2461/2461/2461 2432/2432/2432 2551/2551/2551
f 2367/2367/2367 2552/2552/2552 2530/2530/2530
f 2439/2439/2439 2398/2398/2398 2460/2460/2460
f 2366/2366/2366 2553/2553/2553 2554/2554/2554
f 2366/2366/2366 2532/2532/2532 2553/2553/2553
f 2465/2465/2465 2276/2276/2276 2555/2555/2555
f 2501/2501/2501 2256/2256/2256 2468/2468/2468
f 2401/2401/2401 2557/2557/2557 2537/2537/2537
f 2559/2559/2559 2404/2404/2404 2442/2442/2442
f 2475/2475/2475 2375/2375/2375 2477/2477/2477
f 2343/2343/2343 2541/2541/2541 2561/2561/2561
f 2343/2343/2343 2561/2561/2561 2406/2406/2406
f 2445/2445/2445 2562/2562/2562 2506/2506/2506
f 2507/2507/2507 2563/2563/2563 2319/2319/2319
f 2446/2446/2446 2378/2378/2378 2565/2565/2565
f 2348/2348/2348 2566/2566/2566 2405/2405/2405
f 2381/2381/2381 2567/2567/2567 2378/2378/2378
f 2567/2567/2567 2381/2381/2381 2568/2568/2568
f 2147/2147/2147 2512/2512/2512 2386/2386/2386
f 2452/2452/2452 2450/2450/2450 2569/2569/2569
f 2519/2519/2519 2330/2330/2330 2545/2545/2545
f 2309/2309/2309 2521/2521/2521 2454/2454/2454
f 2455/2455/2455 2525/2525/2525 2529/2529/2529
f 2548/2548/2548 2458/2458/2458 2550/2550/2550
f 2428/2428/2428 2493/2493/2493 2551/2551/2551
f 2551/2551/2551 2571/2571/2571 2461/2461/2461
f 2367/2367/2367 2463/2463/2463 2552/2552/2552
f 2275/2275/2275 2439/2439/2439 2573/2573/2573
f 2276/2276/2276 2574/2574/2574 2555/2555/2555
f 2532/2532/2532 2578/2578/2578 2553/2553/2553
f 2555/2555/2555 2580/2580/2580 2465/2465/2465
f 2531/2531/2531 2496/2496/2496 2576/2576/2576
f 2341/2341/2341 2500/2500/2500 2499/2499/2499
f 2466/2466/2466 2581/2581/2581 2534/2534/2534
f 2473/2473/2473 2582/2582/2582 2402/2402/2402
f 2402/2402/2402 2585/2585/2585 2558/2558/2558
f 2402/2402/2402 2582/2582/2582 2585/2585/2585
f 2557/2557/2557 2586/2586/2586 2537/2537/2537
f 2444/2444/2444 2205/2205/2205 2590/2590/2590
f 2443/2443/2443 2591/2591/2591 2503/2503/2503
f 2204/2204/2204 2595/2595/2595 2589/2589/2589
f 2444/2444/2444 2598/2598/2598 2599/2599/2599
f 2444/2444/2444 2599/2599/2599 2594/2594/2594
f 2592/2592/2592 2471/2471/2471 2504/2504/2504
f 2404/2404/2404 2597/2597/2597 2205/2205/2205
f 2405/2405/2405 2540/2540/2540 2315/2315/2315
f 2446/2446/2446 2565/2565/2565 2601/2601/2601
f 2319/2319/2319 2563/2563/2563 2602/2602/2602
f 2381/2381/2381 2481/2481/2481 2568/2568/2568
f 2384/2384/2384 2603/2603/2603 2299/2299/2299
f 2381/2381/2381 2004/2004/2004 2481/2481/2481
f 2008/2008/2008 1880/1880/1880 2482/2482/2482
f 2357/2357/2357 2485/2485/2485 2450/2450/2450
f 2486/2486/2486 2515/2515/2515 2604/2604/2604
f 2452/2452/2452 2609/2609/2609 2489/2489/2489
f 2066/2066/2066 2252/2252/2252 2611/2611/2611
f 2419/2419/2419 2520/2520/2520 2613/2613/2613
f 2217/2217/2217 2454/2454/2454 2524/2524/2524
f 2216/2216/2216 2522/2522/2522 2421/2421/2421
f 2013/2013/2013 2615/2615/2615 2420/2420/2420
f 2525/2525/2525 2360/2360/2360 2529/2529/2529
f 2548/2548/2548 2458/2458/2458 2550/2550/2550
f 2427/2427/2427 2549/2549/2549 2492/2492/2492
f 2239/2239/2239 2529/2529/2529 2617/2617/2617
f 2239/2239/2239 2617/2617/2617 2459/2459/2459
f 2460/2460/2460 2618/2618/2618 2439/2439/2439
f 2366/2366/2366 2620/2620/2620 2463/2463/2463
f 2366/2366/2366 2554/2554/2554 2620/2620/2620
f 2553/2553/2553 2578/2578/2578 2554/2554/2554
f 2400/2400/2400 2464/2464/2464 2621/2621/2621
f 2400/2400/2400 2621/2621/2621 2622/2622/2622
f 2400/2400/2400 2622/2622/2622 2466/2466/2466
f 2468/2468/2468 2539/2539/2539 2585/2585/2585
f 2469/2469/2469 2536/2536/2536 2474/2474/2474
f 2558/2558/2558 2585/2585/2585 2588/2588/2588
f 2444/2444/2444 2590/2590/2590 2598/2598/2598
f 2403/2403/2403 2624/2624/2624 2596/2596/2596
f 2560/2560/2560 2540/2540/2540 2626/2626/2626
f 2540/2540/2540 2405/2405/2405 2626/2626/2626
f 2562/2562/2562 2627/2627/2627 2506/2506/2506
f 2507/2507/2507 2628/2628/2628 2563/2563/2563
f 2350/2350/2350 2479/2479/2479 2630/2630/2630
f 2348/2348/2348 2632/2632/2632 2566/2566/2566
f 2350/2350/2350 2630/2630/2630 2480/2480/2480
f 2567/2567/2567 2568/2568/2568 2634/2634/2634
f 2382/2382/2382 2635/2635/2635 2384/2384/2384
f 2483/2483/2483 2638/2638/2638 2146/2146/2146
f 2485/2485/2485 2355/2355/2355 2328/2328/2328
f 2485/2485/2485 2328/2328/2328 2640/2640/2640
f 2450/2450/2450 2485/2485/2485 2569/2569/2569
f 2452/2452/2452 2569/2569/2569 2641/2641/2641
f 2519/2519/2519 2545/2545/2545 2612/2612/2612
f 2521/2521/2521 2419/2419/2419 2454/2454/2454
f 2394/2394/2394 2014/2014/2014 2643/2643/2643
f 2458/2458/2458 2528/2528/2528 2550/2550/2550
f 2424/2424/2424 2242/2242/2242 2645/2645/2645
f 2492/2492/2492 2549/2549/2549 2647/2647/2647
f 2621/2621/2621 2464/2464/2464 2579/2579/2579
f 2500/2500/2500 2648/2648/2648 2499/2499/2499
f 2466/2466/2466 2622/2622/2622 2649/2649/2649
f 2466/2466/2466 2649/2649/2649 2581/2581/2581
f 2534/2534/2534 2581/2581/2581 2653/2653/2653
f 2474/2474/2474 2655/2655/2655 2442/2442/2442
f 2562/2562/2562 2445/2445/2445 2656/2656/2656
f 2378/2378/2378 2659/2659/2659 2565/2565/2565
f 2325/2325/2325 2660/2660/2660 2327/2327/2327
f 2146/2146/2146 2638/2638/2638 2663/2663/2663
f 2487/2487/2487 2605/2605/2605 2516/2516/2516
f 2452/2452/2452 2665/2665/2665 2669/2669/2669
f 2452/2452/2452 2641/2641/2641 2665/2665/2665
f 2066/2066/2066 2611/2611/2611 2544/2544/2544
f 2420/2420/2420 2670/2670/2670 2155/2155/2155
f 2453/2453/2453 2418/2418/2418 2523/2523/2523
f 2012/2012/2012 2333/2333/2333 2614/2614/2614
f 2361/2361/2361 2397/2397/2397 2672/2672/2672
f 2673/2673/2673 2529/2529/2529 2360/2360/2360
f 2424/2424/2424 2645/2645/2645 2528/2528/2528
f 2528/2528/2528 2676/2676/2676 2550/2550/2550
f 2647/2647/2647 2549/2549/2549 2677/2677/2677
f 2242/2242/2242 2459/2459/2459 2617/2617/2617
f 2493/2493/2493 2571/2571/2571 2551/2551/2551
f 2495/2495/2495 2530/2530/2530 2682/2682/2682
f 2552/2552/2552 2463/2463/2463 2530/2530/2530
f 2439/2439/2439 2618/2618/2618 2573/2573/2573
f 2578/2578/2578 2498/2498/2498 2554/2554/2554
f 2577/2577/2577 2684/2684/2684 2497/2497/2497
f 2499/2499/2499 2648/2648/2648 2685/2685/2685
f 2621/2621/2621 2579/2579/2579 2622/2622/2622
f 2500/2500/2500 2502/2502/2502 2648/2648/2648
f 2468/2468/2468 2687/2687/2687 2501/2501/2501
f 2538/2538/2538 2587/2587/2587 2583/2583/2583
f 2559/2559/2559 2690/2690/2690 2404/2404/2404
f 2403/2403/2403 2689/2689/2689 2624/2624/2624
f 2597/2597/2597 2692/2692/2692 2590/2590/2590
f 2599/2599/2599 2598/2598/2598 2693/2693/2693
f 2593/2593/2593 2694/2694/2694 2472/2472/2472
f 2599/2599/2599 2695/2695/2695 2594/2594/2594
f 2596/2596/2596 2624/2624/2624 2696/2696/2696
f 2446/2446/2446 2601/2601/2601 2657/2657/2657
f 2405/2405/2405 2566/2566/2566 2626/2626/2626
f 2319/2319/2319 2602/2602/2602 2379/2379/2379
f 2378/2378/2378 2567/2567/2567 2659/2659/2659
f 2348/2348/2348 2542/2542/2542 2632/2632/2632
f 2095/2095/2095 2635/2635/2635 2382/2382/2382
f 2384/2384/2384 2635/2635/2635 2603/2603/2603
f 2326/2326/2326 2509/2509/2509 2662/2662/2662
f 2510/2510/2510 2146/2146/2146 2663/2663/2663
f 2605/2605/2605 2666/2666/2666 2516/2516/2516
f 2517/2517/2517 2667/2667/2667 2606/2606/2606
f 2252/2252/2252 2699/2699/2699 2611/2611/2611
f 2489/2489/2489 2700/2700/2700 2546/2546/2546
f 2333/2333/2333 2393/2393/2393 2642/2642/2642
f 2524/2524/2524 2397/2397/2397 2490/2490/2490
f 2673/2673/2673 2360/2360/2360 2671/2671/2671
f 1986/1986/1986 2494/2494/2494 2701/2701/2701
f 2549/2549/2549 2675/2675/2675 2677/2677/2677
f 2647/2647/2647 2677/2677/2677 2492/2492/2492
f 2571/2571/2571 2703/2703/2703 2461/2461/2461
f 2530/2530/2530 2705/2705/2705 2682/2682/2682
f 2623/2623/2623 2580/2580/2580 2707/2707/2707
f 2623/2623/2623 2707/2707/2707 2652/2652/2652
f 2502/2502/2502 2688/2688/2688 2708/2708/2708
f 2648/2648/2648 2502/2502/2502 2708/2708/2708
f 2468/2468/2468 2710/2710/2710 2687/2687/2687
f 2653/2653/2653 2581/2581/2581 2712/2712/2712
f 2474/2474/2474 2536/2536/2536 2655/2655/2655
f 2598/2598/2598 2695/2695/2695 2693/2693/2693
f 2442/2442/2442 2717/2717/2717 2559/2559/2559
f 2599/2599/2599 2693/2693/2693 2695/2695/2695
f 2696/2696/2696 2691/2691/2691 2596/2596/2596
f 2562/2562/2562 2656/2656/2656 2627/2627/2627
f 2628/2628/2628 2718/2718/2718 2563/2563/2563
f 2407/2407/2407 2406/2406/2406 2721/2721/2721
f 2407/2407/2407 2721/2721/2721 2723/2723/2723
f 2567/2567/2567 2634/2634/2634 2659/2659/2659
f 2543/2543/2543 2480/2480/2480 2633/2633/2633
f 2328/2328/2328 2725/2725/2725 2640/2640/2640
f 2613/2613/2613 2727/2727/2727 2419/2419/2419
f 2333/2333/2333 2642/2642/2642 2614/2614/2614
f 2310/2310/2310 2729/2729/2729 2014/2014/2014
f 2730/2730/2730 2616/2616/2616 2241/2241/2241
f 2242/2242/2242 2617/2617/2617 2731/2731/2731
f 2530/2530/2530 2463/2463/2463 2705/2705/2705
f 2683/2683/2683 2576/2576/2576 2496/2496/2496
f 2498/2498/2498 2499/2499/2499 2732/2732/2732
f 2499/2499/2499 2708/2708/2708 2732/2732/2732
f 2685/2685/2685 2708/2708/2708 2499/2499/2499
f 2580/2580/2580 2733/2733/2733 2707/2707/2707
f 2712/2712/2712 2581/2581/2581 2649/2649/2649
f 2535/2535/2535 2654/2654/2654 2713/2713/2713
f 2585/2585/2585 2582/2582/2582 2736/2736/2736
f 2582/2582/2582 2473/2473/2473 2736/2736/2736
f 2473/2473/2473 2695/2695/2695 2736/2736/2736
f 2442/2442/2442 2655/2655/2655 2717/2717/2717
f 2598/2598/2598 2590/2590/2590 2695/2695/2695
f 2559/2559/2559 2717/2717/2717 2690/2690/2690
f 2406/2406/2406 2561/2561/2561 2721/2721/2721
f 2479/2479/2479 2380/2380/2380 2737/2737/2737
f 2448/2448/2448 2407/2407/2407 2741/2741/2741
f 2096/2096/2096 2301/2301/2301 2636/2636/2636
f 2639/2639/2639 2724/2724/2724 2484/2484/2484
f 2569/2569/2569 2485/2485/2485 2742/2742/2742
f 2569/2569/2569 2742/2742/2742 2641/2641/2641
f 2668/2668/2668 2664/2664/2664 2607/2607/2607
f 2452/2452/2452 2669/2669/2669 2609/2609/2609
f 2251/2251/2251 2743/2743/2743 2697/2697/2697
f 2546/2546/2546 2700/2700/2700 2613/2613/2613
f 2419/2419/2419 2727/2727/2727 2747/2747/2747
f 2420/2420/2420 2615/2615/2615 2670/2670/2670
f 2672/2672/2672 2397/2397/2397 2749/2749/2749
f 1987/1987/1987 2702/2702/2702 2310/2310/2310
f 2495/2495/2495 2682/2682/2682 2751/2751/2751
f 2617/2617/2617 2529/2529/2529 2752/2752/2752
f 2570/2570/2570 2678/2678/2678 2754/2754/2754
f 2682/2682/2682 2705/2705/2705 2751/2751/2751
f 2492/2492/2492 2677/2677/2677 2756/2756/2756
f 2759/2759/2759 2762/2762/2762 2493/2493/2493
f 2493/2493/2493 2762/2762/2762 2571/2571/2571
f 2462/2462/2462 2704/2704/2704 2619/2619/2619
f 2556/2556/2556 2575/2575/2575 2764/2764/2764
f 2580/2580/2580 2555/2555/2555 2733/2733/2733
f 2648/2648/2648 2708/2708/2708 2685/2685/2685
f 2650/2650/2650 2765/2765/2765 2714/2714/2714
f 2696/2696/2696 2624/2624/2624 2691/2691/2691
f 2565/2565/2565 2769/2769/2769 2601/2601/2601
f 2480/2480/2480 2630/2630/2630 2633/2633/2633
f 2299/2299/2299 2603/2603/2603 2635/2635/2635
f 2298/2298/2298 2772/2772/2772 2482/2482/2482
f 2544/2544/2544 2773/2773/2773 2514/2514/2514
f 2609/2609/2609 2669/2669/2669 2665/2665/2665
f 2489/2489/2489 2609/2609/2609 2665/2665/2665
f 2613/2613/2613 2700/2700/2700 2727/2727/2727
f 2419/2419/2419 2747/2747/2747 2524/2524/2524
f 2524/2524/2524 2774/2774/2774 2397/2397/2397
f 2674/2674/2674 2672/2672/2672 2777/2777/2777
f 2529/2529/2529 2673/2673/2673 2775/2775/2775
f 2645/2645/2645 2779/2779/2779 2528/2528/2528
f 2676/2676/2676 2528/2528/2528 2680/2680/2680
f 2242/2242/2242 2617/2617/2617 2780/2780/2780
f 2242/2242/2242 2780/2780/2780 2645/2645/2645
f 2679/2679/2679 2781/2781/2781 2757/2757/2757
f 2572/2572/2572 2755/2755/2755 2782/2782/2782
f 2570/2570/2570 2761/2761/2761 2678/2678/2678
f 2572/2572/2572 2782/2782/2782 2704/2704/2704
f 2463/2463/2463 2620/2620/2620 2705/2705/2705
f 2554/2554/2554 2783/2783/2783 2620/2620/2620
f 2554/2554/2554 2498/2498/2498 2732/2732/2732
f 2554/2554/2554 2732/2732/2732 2783/2783/2783
f 2556/2556/2556 2764/2764/2764 2785/2785/2785
f 2651/2651/2651 2706/2706/2706 2786/2786/2786
f 2686/2686/2686 2709/2709/2709 2789/2789/2789
f 2467/2467/2467 2584/2584/2584 2734/2734/2734
f 2689/2689/2689 2791/2791/2791 2624/2624/2624
f 2690/2690/2690 2717/2717/2717 2792/2792/2792
f 2560/2560/2560 2626/2626/2626 2566/2566/2566
f 2299/2299/2299 2635/2635/2635 2794/2794/2794
f 2298/2298/2298 2793/2793/2793 2772/2772/2772
f 2660/2660/2660 2795/2795/2795 2327/2327/2327
f 2481/2481/2481 2302/2302/2302 2797/2797/2797
f 2328/2328/2328 2796/2796/2796 2725/2725/2725
f 2513/2513/2513 2798/2798/2798 2800/2800/2800
f 2514/2514/2514 2801/2801/2801 2799/2799/2799
f 2514/2514/2514 2773/2773/2773 2801/2801/2801
f 2608/2608/2608 2665/2665/2665 2669/2669/2669
f 2489/2489/2489 2665/2665/2665 2802/2802/2802
f 2700/2700/2700 2489/2489/2489 2802/2802/2802
f 2672/2672/2672 2749/2749/2749 2777/2777/2777
f 2527/2527/2527 2778/2778/2778 2781/2781/2781
f 2527/2527/2527 2781/2781/2781 2679/2679/2679
f 2781/2781/2781 2778/2778/2778 2803/2803/2803
f 2617/2617/2617 2752/2752/2752 2780/2780/2780
f 2757/2757/2757 2781/2781/2781 2803/2803/2803
f 2555/2555/2555 2804/2804/2804 2733/2733/2733
f 2707/2707/2707 2733/2733/2733 2787/2787/2787
f 2651/2651/2651 2806/2806/2806 2766/2766/2766
f 2765/2765/2765 2808/2808/2808 2714/2714/2714
f 2736/2736/2736 2695/2695/2695 2813/2813/2813
f 2625/2625/2625 2792/2792/2792 2814/2814/2814
f 2657/2657/2657 2601/2601/2601 2815/2815/2815
f 2563/2563/2563 2817/2817/2817 2602/2602/2602
f 2602/2602/2602 2817/2817/2817 2819/2819/2819
f 2568/2568/2568 2481/2481/2481 2821/2821/2821
f 2302/2302/2302 2822/2822/2822 2797/2797/2797
f 2700/2700/2700 2802/2802/2802 2824/2824/2824
f 2700/2700/2700 2824/2824/2824 2727/2727/2727
f 2252/2252/2252 2392/2392/2392 2744/2744/2744
f 2726/2726/2726 2823/2823/2823 2745/2745/2745
f 2397/2397/2397 2774/2774/2774 2826/2826/2826
f 2396/2396/2396 2825/2825/2825 2748/2748/2748
f 2310/2310/2310 2702/2702/2702 2729/2729/2729
f 2782/2782/2782 2755/2755/2755 2681/2681/2681
f 2529/2529/2529 2775/2775/2775 2752/2752/2752
f 2681/2681/2681 2763/2763/2763 2782/2782/2782
f 2782/2782/2782 2763/2763/2763 2704/2704/2704
f 2575/2575/2575 2619/2619/2619 2704/2704/2704
f 2620/2620/2620 2783/2783/2783 2705/2705/2705
f 2575/2575/2575 2704/2704/2704 2764/2764/2764
f 2785/2785/2785 2764/2764/2764 2829/2829/2829
f 2708/2708/2708 2688/2688/2688 2732/2732/2732
f 2786/2786/2786 2831/2831/2831 2651/2651/2651
f 2790/2790/2790 2710/2710/2710 2687/2687/2687
f 2468/2468/2468 2832/2832/2832 2710/2710/2710
f 2468/2468/2468 2736/2736/2736 2832/2832/2832
f 2810/2810/2810 2766/2766/2766 2806/2806/2806
f 2655/2655/2655 2536/2536/2536 2834/2834/2834
f 2717/2717/2717 2655/2655/2655 2792/2792/2792
f 2590/2590/2590 2838/2838/2838 2695/2695/2695
f 2590/2590/2590 2692/2692/2692 2839/2839/2839
f 2625/2625/2625 2814/2814/2814 2692/2692/2692
f 2563/2563/2563 2718/2718/2718 2817/2817/2817
f 2820/2820/2820 2818/2818/2818 2565/2565/2565
f 2659/2659/2659 2820/2820/2820 2565/2565/2565
f 2379/2379/2379 2602/2602/2602 2840/2840/2840
f 2568/2568/2568 2659/2659/2659 2634/2634/2634
f 2511/2511/2511 2510/2510/2510 2385/2385/2385
f 2724/2724/2724 2845/2845/2845 2484/2484/2484
f 2302/2302/2302 2514/2514/2514 2822/2822/2822
f 2155/2155/2155 2670/2670/2670 2392/2392/2392
f 2774/2774/2774 2524/2524/2524 2826/2826/2826
f 2645/2645/2645 2849/2849/2849 2779/2779/2779
f 2750/2750/2750 2701/2701/2701 2494/2494/2494
f 2778/2778/2778 2847/2847/2847 2803/2803/2803
f 2555/2555/2555 2784/2784/2784 2804/2804/2804
f 2651/2651/2651 2831/2831/2831 2806/2806/2806
f 2536/2536/2536 2716/2716/2716 2834/2834/2834
f 2655/2655/2655 2834/2834/2834 2792/2792/2792
f 2692/2692/2692 2814/2814/2814 2839/2839/2839
f 2560/2560/2560 2850/2850/2850 2851/2851/2851
f 2560/2560/2560 2566/2566/2566 2850/2850/2850
f 2564/2564/2564 2718/2718/2718 2767/2767/2767
f 2565/2565/2565 2818/2818/2818 2719/2719/2719
f 2737/2737/2737 2630/2630/2630 2479/2479/2479
f 2568/2568/2568 2844/2844/2844 2659/2659/2659
f 2481/2481/2481 2797/2797/2797 2821/2821/2821
f 2485/2485/2485 2846/2846/2846 2742/2742/2742
f 2742/2742/2742 2846/2846/2846 2665/2665/2665
f 2742/2742/2742 2665/2665/2665 2641/2641/2641
f 2747/2747/2747 2854/2854/2854 2524/2524/2524
f 2644/2644/2644 2758/2758/2758 2848/2848/2848
f 2803/2803/2803 2847/2847/2847 2757/2757/2757
f 2751/2751/2751 2705/2705/2705 2856/2856/2856
f 2764/2764/2764 2704/2704/2704 2858/2858/2858
f 2764/2764/2764 2858/2858/2858 2829/2829/2829
f 2784/2784/2784 2827/2827/2827 2859/2859/2859
f 2784/2784/2784 2859/2859/2859 2860/2860/2860
f 2804/2804/2804 2787/2787/2787 2733/2733/2733
f 2688/2688/2688 2711/2711/2711 2732/2732/2732
f 2715/2715/2715 2809/2809/2809 2861/2861/2861
f 2865/2865/2865 2871/2871/2871 2873/2873/2873
f 2874/2874/2874 2872/2872/2872 2866/2866/2866
f 2867/2867/2867 2735/2735/2735 2811/2811/2811
f 2814/2814/2814 2792/2792/2792 2878/2878/2878
f 2792/2792/2792 2834/2834/2834 2878/2878/2878
f 2695/2695/2695 2838/2838/2838 2813/2813/2813
f 2590/2590/2590 2879/2879/2879 2838/2838/2838
f 2590/2590/2590 2839/2839/2839 2879/2879/2879
f 2629/2629/2629 2658/2658/2658 2880/2880/2880
f 2628/2628/2628 2881/2881/2881 2718/2718/2718
f 2602/2602/2602 2819/2819/2819 2840/2840/2840
f 2659/2659/2659 2844/2844/2844 2820/2820/2820
f 2566/2566/2566 2632/2632/2632 2720/2720/2720
f 2568/2568/2568 2821/2821/2821 2844/2844/2844
f 2407/2407/2407 2723/2723/2723 2741/2741/2741
f 2660/2660/2660 2883/2883/2883 2795/2795/2795
f 2514/2514/2514 2801/2801/2801 2822/2822/2822
f 2614/2614/2614 2642/2642/2642 2728/2728/2728
f 2645/2645/2645 2780/2780/2780 2885/2885/2885
f 2646/2646/2646 2886/2886/2886 2888/2888/2888
f 2646/2646/2646 2888/2888/2888 2760/2760/2760
f 2759/2759/2759 2857/2857/2857 2762/2762/2762
f 2784/2784/2784 2860/2860/2860 2889/2889/2889
f 2732/2732/2732 2892/2892/2892 2783/2783/2783
f 2806/2806/2806 2831/2831/2831 2893/2893/2893
f 2711/2711/2711 2833/2833/2833 2895/2895/2895
f 2806/2806/2806 2862/2862/2862 2810/2810/2810
f 2868/2868/2868 2835/2835/2835 2875/2875/2875
f 2812/2812/2812 2836/2836/2836 2869/2869/2869
f 2839/2839/2839 2814/2814/2814 2896/2896/2896
f 2657/2657/2657 2815/2815/2815 2897/2897/2897
f 2600/2600/2600 2768/2768/2768 2899/2899/2899
f 2561/2561/2561 2852/2852/2852 2721/2721/2721
f 2508/2508/2508 2447/2447/2447 2738/2738/2738
f 2509/2509/2509 2741/2741/2741 2662/2662/2662
f 2725/2725/2725 2796/2796/2796 2884/2884/2884
f 2665/2665/2665 2901/2901/2901 2902/2902/2902
f 2747/2747/2747 2903/2903/2903 2854/2854/2854
f 2014/2014/2014 2729/2729/2729 2643/2643/2643
f 2702/2702/2702 2904/2904/2904 2729/2729/2729
f 2780/2780/2780 2752/2752/2752 2905/2905/2905
f 2856/2856/2856 2705/2705/2705 2908/2908/2908
f 2759/2759/2759 2887/2887/2887 2857/2857/2857
f 2763/2763/2763 2858/2858/2858 2704/2704/2704
f 2858/2858/2858 2888/2888/2888 2829/2829/2829
f 2783/2783/2783 2911/2911/2911 2705/2705/2705
f 2783/2783/2783 2913/2913/2913 2911/2911/2911
f 2784/2784/2784 2889/2889/2889 2804/2804/2804
f 2783/2783/2783 2892/2892/2892 2913/2913/2913
f 2892/2892/2892 2732/2732/2732 2914/2914/2914
f 2892/2892/2892 2914/2914/2914 2916/2916/2916
f 2831/2831/2831 2786/2786/2786 2893/2893/2893
f 2711/2711/2711 2895/2895/2895 2732/2732/2732
f 2834/2834/2834 2716/2716/2716 2917/2917/2917
f 2870/2870/2870 2918/2918/2918 2736/2736/2736
f 2879/2879/2879 2839/2839/2839 2896/2896/2896
f 2629/2629/2629 2880/2880/2880 2882/2882/2882
f 2566/2566/2566 2919/2919/2919 2850/2850/2850
f 2566/2566/2566 2720/2720/2720 2919/2919/2919
f 2630/2630/2630 2921/2921/2921 2923/2923/2923
f 2630/2630/2630 2924/2924/2924 2921/2921/2921
f 2633/2633/2633 2630/2630/2630 2923/2923/2923
f 2380/2380/2380 2843/2843/2843 2737/2737/2737
f 2482/2482/2482 2925/2925/2925 2637/2637/2637
f 2544/2544/2544 2611/2611/2611 2927/2927/2927
f 2802/2802/2802 2665/2665/2665 2929/2929/2929
f 2903/2903/2903 2747/2747/2747 2932/2932/2932
f 2777/2777/2777 2749/2749/2749 2934/2934/2934
f 2888/2888/2888 2886/2886/2886 2935/2935/2935
f 2855/2855/2855 2907/2907/2907 2936/2936/2936
f 2891/2891/2891 2912/2912/2912 2915/2915/2915
f 2913/2913/2913 2892/2892/2892 2916/2916/2916
f 2732/2732/2732 2939/2939/2939 2914/2914/2914
f 2716/2716/2716 2864/2864/2864 2941/2941/2941
f 2870/2870/2870 2877/2877/2877 2918/2918/2918
f 2878/2878/2878 2834/2834/2834 2942/2942/2942
f 2658/2658/2658 2944/2944/2944 2880/2880/2880
f 2851/2851/2851 2850/2850/2850 2919/2919/2919
f 2601/2601/2601 2900/2900/2900 2815/2815/2815
f 2881/2881/2881 2767/2767/2767 2718/2718/2718
f 2841/2841/2841 2945/2945/2945 2947/2947/2947
f 2721/2721/2721 2952/2952/2952 2723/2723/2723
f 2843/2843/2843 2949/2949/2949 2957/2957/2957
f 2630/2630/2630 2737/2737/2737 2924/2924/2924
f 2632/2632/2632 2960/2960/2960 2720/2720/2720
f 2772/2772/2772 2925/2925/2925 2482/2482/2482
f 2544/2544/2544 2927/2927/2927 2773/2773/2773
f 2743/2743/2743 2961/2961/2961 2697/2697/2697
f 2745/2745/2745 2823/2823/2823 2965/2965/2965
f 2615/2615/2615 2969/2969/2969 2670/2670/2670
f 2728/2728/2728 2968/2968/2968 2614/2614/2614
f 2856/2856/2856 2971/2971/2971 2751/2751/2751
f 2856/2856/2856 2938/2938/2938 2971/2971/2971
f 2911/2911/2911 2908/2908/2908 2705/2705/2705
f 2859/2859/2859 2972/2972/2972 2860/2860/2860
f 2859/2859/2859 2827/2827/2827 2972/2972/2972
f 2911/2911/2911 2913/2913/2913 2977/2977/2977
f 2860/2860/2860 2972/2972/2972 2889/2889/2889
f 2916/2916/2916 2978/2978/2978 2913/2913/2913
f 2916/2916/2916 2939/2939/2939 2978/2978/2978
f 2914/2914/2914 2939/2939/2939 2916/2916/2916
f 2732/2732/2732 2895/2895/2895 2980/2980/2980
f 2917/2917/2917 2716/2716/2716 2981/2981/2981
f 2942/2942/2942 2917/2917/2917 2982/2982/2982
f 2834/2834/2834 2917/2917/2917 2942/2942/2942
f 2736/2736/2736 2918/2918/2918 2832/2832/2832
f 2878/2878/2878 2942/2942/2942 2814/2814/2814
f 2838/2838/2838 2879/2879/2879 2983/2983/2983
f 2852/2852/2852 2920/2920/2920 2721/2721/2721
f 2842/2842/2842 2948/2948/2948 2946/2946/2946
f 2985/2985/2985 2722/2722/2722 2951/2951/2951
f 2986/2986/2986 2987/2987/2987 2723/2723/2723
f 2631/2631/2631 2922/2922/2922 2988/2988/2988
f 2960/2960/2960 2990/2990/2990 2720/2720/2720
f 2631/2631/2631 2988/2988/2988 2959/2959/2959
f 2884/2884/2884 2662/2662/2662 2993/2993/2993
f 2822/2822/2822 2994/2994/2994 2797/2797/2797
f 2884/2884/2884 2995/2995/2995 2725/2725/2725
f 2665/2665/2665 2846/2846/2846 2901/2901/2901
f 2665/2665/2665 2902/2902/2902 2929/2929/2929
f 2746/2746/2746 2966/2966/2966 2930/2930/2930
f 2728/2728/2728 2996/2996/2996 2968/2968/2968
f 2825/2825/2825 2933/2933/2933 2748/2748/2748
f 2752/2752/2752 2775/2775/2775 2998/2998/2998
f 2753/2753/2753 3003/3003/3003 2906/2906/2906
f 2753/2753/2753 2999/2999/2999 3003/3003/3003
f 2829/2829/2829 2888/2888/2888 2935/2935/2935
f 2829/2829/2829 2935/2935/2935 2886/2886/2886
f 2911/2911/2911 2977/2977/2977 2908/2908/2908
f 2909/2909/2909 2974/2974/2974 3005/3005/3005
f 2913/2913/2913 2978/2978/2978 2977/2977/2977
f 2788/2788/2788 2805/2805/2805 2894/2894/2894
f 2732/2732/2732 2980/2980/2980 3007/3007/3007
f 2807/2807/2807 2894/2894/2894 3008/3008/3008
f 2863/2863/2863 3010/3010/3010 2940/2940/2940
f 2837/2837/2837 3011/3011/3011 2876/2876/2876
f 2896/2896/2896 3013/3013/3013 2879/2879/2879
f 2838/2838/2838 2983/2983/2983 3012/3012/3012
f 2658/2658/2658 2898/2898/2898 2944/2944/2944
f 2985/2985/2985 2951/2951/2951 3015/3015/3015
f 2987/2987/2987 2986/2986/2986 3016/3016/3016
f 2844/2844/2844 2821/2821/2821 2950/2950/2950
f 2843/2843/2843 2957/2957/2957 2737/2737/2737
f 2987/2987/2987 3018/3018/3018 2723/2723/2723
f 2959/2959/2959 2988/2988/2988 2989/2989/2989
f 2741/2741/2741 2723/2723/2723 3018/3018/3018
f 2821/2821/2821 2797/2797/2797 2994/2994/2994
f 2661/2661/2661 2739/2739/2739 2991/2991/2991
f 2725/2725/2725 2995/2995/2995 3019/3019/3019
f 2610/2610/2610 3020/3020/3020 2926/2926/2926
f 2699/2699/2699 3021/3021/3021 2611/2611/2611
f 2524/2524/2524 2854/2854/2854 3022/3022/3022
f 2524/2524/2524 3022/3022/3022 3024/3024/3024
f 2826/2826/2826 2524/2524/2524 2934/2934/2934
f 2780/2780/2780 2905/2905/2905 2885/2885/2885
f 2910/2910/2910 3006/3006/3006 3026/3026/3026
f 2975/2975/2975 2910/2910/2910 3026/3026/3026
f 2890/2890/2890 2973/2973/2973 2805/2805/2805
f 2732/2732/2732 3027/3027/3027 2939/2939/2939
f 2732/2732/2732 3007/3007/3007 3027/3027/3027
f 2894/2894/2894 2805/2805/2805 2973/2973/2973
f 2894/2894/2894 2973/2973/2973 3029/3029/3029
f 2980/2980/2980 3030/3030/3030 3007/3007/3007
f 2894/2894/2894 3029/3029/3029 3008/3008/3008
f 2807/2807/2807 3008/3008/3008 3035/3035/3035
f 2895/2895/2895 2833/2833/2833 2980/2980/2980
f 2862/2862/2862 2806/2806/2806 3009/3009/3009
f 2716/2716/2716 2941/2941/2941 2981/2981/2981
f 2877/2877/2877 3012/3012/3012 2918/2918/2918
f 2896/2896/2896 2814/2814/2814 3013/3013/3013
f 2880/2880/2880 2771/2771/2771 2882/2882/2882
f 3037/3037/3037 2987/2987/2987 3016/3016/3016
f 2635/2635/2635 3038/3038/3038 3040/3040/3040
f 2794/2794/2794 2635/2635/2635 3040/3040/3040
f 3018/3018/3018 3041/3041/3041 2993/2993/2993
f 2992/2992/2992 2740/2740/2740 3017/3017/3017
f 2993/2993/2993 2995/2995/2995 2884/2884/2884
f 2901/2901/2901 3043/3043/3043 2902/2902/2902
f 2929/2929/2929 2902/2902/2902 3043/3043/3043
f 2824/2824/2824 2802/2802/2802 2967/2967/2967
f 2903/2903/2903 3044/3044/3044 2854/2854/2854
f 2729/2729/2729 3046/3046/3046 2997/2997/2997
f 2701/2701/2701 2750/2750/2750 2970/2970/2970
f 2905/2905/2905 3047/3047/3047 2885/2885/2885
f 2908/2908/2908 2977/2977/2977 2938/2938/2938
f 3025/3025/3025 3005/3005/3005 2974/2974/2974
f 3007/3007/3007 3030/3030/3030 3027/3027/3027
f 2807/2807/2807 3035/3035/3035 3010/3010/3010
f 2918/2918/2918 3049/3049/3049 2832/2832/2832
f 2942/2942/2942 2982/2982/2982 2814/2814/2814
f 2944/2944/2944 3052/3052/3052 2880/2880/2880
f 2985/2985/2985 3053/3053/3053 3055/3055/3055
f 3054/3054/3054 3014/3014/3014 2984/2984/2984
f 2985/2985/2985 3015/3015/3015 3053/3053/3053
f 2737/2737/2737 3057/3057/3057 2924/2924/2924
f 3058/3058/3058 3059/3059/3059 3037/3037/3037
f 3058/3058/3058 3037/3037/3037 3016/3016/3016
f 2925/2925/2925 3060/3060/3060 2637/2637/2637
f 3018/3018/3018 2987/2987/2987 3041/3041/3041
f 2993/2993/2993 3041/3041/3041 2995/2995/2995
f 2725/2725/2725 3019/3019/3019 3063/3063/3063
f 2724/2724/2724 3062/3062/3062 2845/2845/2845
f 2903/2903/2903 2932/2932/2932 3044/3044/3044
f 2729/2729/2729 2904/2904/2904 3046/3046/3046
f 2904/2904/2904 3064/3064/3064 3046/3046/3046
f 2905/2905/2905 3002/3002/3002 3047/3047/3047
f 3048/3048/3048 3004/3004/3004 2886/2886/2886
f 2777/2777/2777 2934/2934/2934 3067/3067/3067
f 2776/2776/2776 3065/3065/3065 3000/3000/3000
f 2976/2976/2976 3068/3068/3068 2937/2937/2937
f 2939/2939/2939 3027/3027/3027 2978/2978/2978
f 3035/3035/3035 3029/3029/3029 3071/3071/3071
f 3029/3029/3029 3035/3035/3035 3008/3008/3008
f 3010/3010/3010 3035/3035/3035 2940/2940/2940
f 2917/2917/2917 3072/3072/3072 2982/2982/2982
f 2988/2988/2988 2922/2922/2922 3073/3073/3073
f 2720/2720/2720 2990/2990/2990 2951/2951/2951
f 2951/2951/2951 2990/2990/2990 3076/3076/3076
f 2950/2950/2950 2821/2821/2821 3082/3082/3082
f 2988/2988/2988 3073/3073/3073 3083/3083/3083
f 3083/3083/3083 3075/3075/3075 2989/2989/2989
f 2988/2988/2988 3083/3083/3083 2989/2989/2989
f 2794/2794/2794 3040/3040/3040 3085/3085/3085
f 2301/2301/2301 3039/3039/3039 2636/2636/2636
f 2987/2987/2987 3037/3037/3037 3087/3087/3087
f 3041/3041/3041 2987/2987/2987 3087/3087/3087
f 3043/3043/3043 2901/2901/2901 3088/3088/3088
f 2928/2928/2928 3042/3042/3042 3089/3089/3089
f 2929/2929/2929 3092/3092/3092 2802/2802/2802
f 2744/2744/2744 2392/2392/2392 2964/2964/2964
f 2930/2930/2930 2966/2966/2966 3091/3091/3091
f 2854/2854/2854 3044/3044/3044 3093/3093/3093
f 2854/2854/2854 3093/3093/3093 3094/3094/3094
f 2524/2524/2524 3024/3024/3024 2934/2934/2934
f 2886/2886/2886 3096/3096/3096 2829/2829/2829
f 3069/3069/3069 2977/2977/2977 2938/2938/2938
f 2830/2830/2830 3097/3097/3097 2973/2973/2973
f 3031/3031/3031 3070/3070/3070 3098/3098/3098
f 2980/2980/2980 3100/3100/3100 3030/3030/3030
f 2833/2833/2833 3103/3103/3103 2980/2980/2980
f 2918/2918/2918 3105/3105/3105 3049/3049/3049
f 2879/2879/2879 3106/3106/3106 2983/2983/2983
f 2918/2918/2918 3012/3012/3012 3108/3108/3108
f 2898/2898/2898 2816/2816/2816 3110/3110/3110
f 3015/3015/3015 3055/3055/3055 3053/3053/3053
f 2957/2957/2957 2949/2949/2949 3081/3081/3081
f 2821/2821/2821 3114/3114/3114 3082/3082/3082
f 3083/3083/3083 3073/3073/3073 3075/3075/3075
f 2821/2821/2821 3116/3116/3116 3114/3114/3114
f 3036/3036/3036 3086/3086/3086 3117/3117/3117
f 3037/3037/3037 3118/3118/3118 3087/3087/3087
f 2772/2772/2772 3060/3060/3060 2925/2925/2925
f 2301/2301/2301 2386/2386/2386 3120/3120/3120
f 2638/2638/2638 3061/3061/3061 2663/2663/2663
f 2510/2510/2510 2663/2663/2663 3121/3121/3121
f 2995/2995/2995 3122/3122/3122 3019/3019/3019
f 2773/2773/2773 3021/3021/3021 2801/2801/2801
f 2801/2801/2801 3021/3021/3021 2822/2822/2822
f 3092/3092/3092 2929/2929/2929 3090/3090/3090
f 2967/2967/2967 2802/2802/2802 3092/3092/3092
f 2968/2968/2968 2996/2996/2996 3123/3123/3123
f 3022/3022/3022 3128/3128/3128 3024/3024/3024
f 2702/2702/2702 3130/3130/3130 2904/2904/2904
f 3067/3067/3067 2934/2934/2934 3131/3131/3131
f 3003/3003/3003 2999/2999/2999 3132/3132/3132
f 2886/2886/2886 3136/3136/3136 3096/3096/3096
f 3138/3138/3138 3140/3140/3140 3141/3141/3141
f 2973/2973/2973 3097/3097/3097 3140/3140/3140
f 3142/3142/3142 3140/3140/3140 3138/3138/3138
f 3027/3027/3027 3100/3100/3100 2978/2978/2978
f 3027/3027/3027 3030/3030/3030 3100/3100/3100
f 3028/3028/3028 3098/3098/3098 3070/3070/3070
f 2940/2940/2940 3035/3035/3035 3146/3146/3146
f 2940/2940/2940 3146/3146/3146 3148/3148/3148
f 2981/2981/2981 2941/2941/2941 3149/3149/3149
f 2917/2917/2917 2981/2981/2981 3153/3153/3153
f 2917/2917/2917 3155/3155/3155 3072/3072/3072
f 2771/2771/2771 2880/2880/2880 3052/3052/3052
f 2899/2899/2899 2768/2768/2768 3156/3156/3156
f 2951/2951/2951 3158/3158/3158 3015/3015/3015
f 3074/3074/3074 2923/2923/2923 3162/3162/3162
f 2951/2951/2951 3076/3076/3076 3161/3161/3161
f 3037/3037/3037 3163/3163/3163 3087/3087/3087
f 2793/2793/2793 3084/3084/3084 2772/2772/2772
f 2385/2385/2385 2510/2510/2510 3121/3121/3121
f 2821/2821/2821 2994/2994/2994 3116/3116/3116
f 2995/2995/2995 3041/3041/3041 3122/3122/3122
f 2846/2846/2846 3063/3063/3063 2901/2901/2901
f 2773/2773/2773 2927/2927/2927 3021/3021/3021
f 3092/3092/3092 3090/3090/3090 3165/3165/3165
f 2392/2392/2392 2670/2670/2670 3167/3167/3167
f 3093/3093/3093 3044/3044/3044 3169/3169/3169
f 3093/3093/3093 3169/3169/3169 3094/3094/3094
f 2670/2670/2670 2969/2969/2969 3171/3171/3171
f 2997/2997/2997 3046/3046/3046 3126/3126/3126
f 2969/2969/2969 3125/3125/3125 3171/3171/3171
f 2934/2934/2934 3174/3174/3174 3131/3131/3131
f 3004/3004/3004 3133/3133/3133 3136/3136/3136
f 2886/2886/2886 3004/3004/3004 3136/3136/3136
f 3067/3067/3067 3131/3131/3131 3176/3176/3176
f 3177/3177/3177 3179/3179/3179 3065/3065/3065
f 2978/2978/2978 3180/3180/3180 2977/2977/2977
f 3178/3178/3178 3141/3141/3141 3184/3184/3184
f 3178/3178/3178 3175/3175/3175 3186/3186/3186
f 3138/3138/3138 3141/3141/3141 3186/3186/3186
f 2973/2973/2973 3140/3140/3140 3029/3029/3029
f 3138/3138/3138 3186/3186/3186 3142/3142/3142
f 3189/3189/3189 3100/3100/3100 2980/2980/2980
f 2979/2979/2979 3101/3101/3101 3187/3187/3187
f 2833/2833/2833 3050/3050/3050 3191/3191/3191
f 3013/3013/3013 2814/2814/2814 3192/3192/3192
f 3106/3106/3106 3013/3013/3013 3192/3192/3192
f 3012/3012/3012 3194/3194/3194 3108/3108/3108
f 2983/2983/2983 3106/3106/3106 3194/3194/3194
f 2770/2770/2770 3051/3051/3051 3157/3157/3157
f 2953/2953/2953 3078/3078/3078 3195/3195/3195
f 3074/3074/3074 3162/3162/3162 3077/3077/3077
f 2954/2954/2954 3079/3079/3079 3111/3111/3111
f 2957/2957/2957 3113/3113/3113 3200/3200/3200
f 2737/2737/2737 2957/2957/2957 3200/3200/3200
f 3037/3037/3037 3059/3059/3059 3201/3201/3201
f 2737/2737/2737 3200/3200/3200 3057/3057/3057
f 3087/3087/3087 3122/3122/3122 3041/3041/3041
f 2822/2822/2822 3021/3021/3021 2994/2994/2994
f 2699/2699/2699 3204/3204/3204 3021/3021/3021
f 2930/2930/2930 3091/3091/3091 3205/3205/3205
f 3044/3044/3044 2932/2932/2932 3169/3169/3169
f 3022/3022/3022 2854/2854/2854 3209/3209/3209
f 3066/3066/3066 3175/3175/3175 3178/3178/3178
f 3065/3065/3065 3179/3179/3179 3210/3210/3210
f 2828/2828/2828 3095/3095/3095 3134/3134/3134
f 2977/2977/2977 3180/3180/3180 2938/2938/2938
f 2830/2830/2830 3137/3137/3137 3097/3097/3097
f 3177/3177/3177 3181/3181/3181 3179/3179/3179
f 3140/3140/3140 3097/3097/3097 3141/3141/3141
f 3178/3178/3178 3186/3186/3186 3141/3141/3141
f 3028/3028/3028 3212/3212/3212 3098/3098/3098
f 3031/3031/3031 3098/3098/3098 3212/3212/3212
f 3146/3146/3146 3220/3220/3220 3148/3148/3148
f 3143/3143/3143 3032/3032/3032 3221/3221/3221
f 2981/2981/2981 3149/3149/3149 3153/3153/3153
f 2833/2833/2833 3191/3191/3191 3103/3103/3103
f 3155/3155/3155 3227/3227/3227 2982/2982/2982
f 3049/3049/3049 3105/3105/3105 3229/3229/3229
f 2982/2982/2982 3227/3227/3227 2814/2814/2814
f 3013/3013/3013 3106/3106/3106 2879/2879/2879
f 2983/2983/2983 3194/3194/3194 3012/3012/3012
f 3080/3080/3080 3232/3232/3232 3197/3197/3197
f 3016/3016/3016 3160/3160/3160 3201/3201/3201
f 2956/2956/2956 3197/3197/3197 3234/3234/3234
f 2923/2923/2923 2921/2921/2921 3236/3236/3236
f 2921/2921/2921 2924/2924/2924 3236/3236/3236
f 2951/2951/2951 3161/3161/3161 3158/3158/3158
f 2958/2958/2958 3114/3114/3114 3082/3082/3082
f 3112/3112/3112 2956/2956/2956 3199/3199/3199
f 3058/3058/3058 3016/3016/3016 3201/3201/3201
f 3058/3058/3058 3201/3201/3201 3059/3059/3059
f 3037/3037/3037 3201/3201/3201 3163/3163/3163
f 2301/2301/2301 3120/3120/3120 3237/3237/3237
f 2385/2385/2385 3121/3121/3121 3119/3119/3119
f 2994/2994/2994 3239/3239/3239 3116/3116/3116
f 2994/2994/2994 3021/3021/3021 3239/3239/3239
f 2901/2901/2901 3063/3063/3063 3088/3088/3088
f 2698/2698/2698 2962/2962/2962 3202/3202/3202
f 2392/2392/2392 3167/3167/3167 2964/2964/2964
f 2931/2931/2931 3206/3206/3206 3168/3168/3168
f 3124/3124/3124 3045/3045/3045 3240/3240/3240
f 2934/2934/2934 3024/3024/3024 3174/3174/3174
f 2701/2701/2701 2970/2970/2970 3129/3129/3129
f 3131/3131/3131 3174/3174/3174 3176/3176/3176
f 3174/3174/3174 3244/3244/3244 3176/3176/3176
f 3001/3001/3001 3246/3246/3246 3133/3133/3133
f 2938/2938/2938 3248/3248/3248 2971/2971/2971
f 3065/3065/3065 3210/3210/3210 3245/3245/3245
f 3000/3000/3000 3065/3065/3065 3245/3245/3245
f 2938/2938/2938 3180/3180/3180 3248/3248/3248
f 3097/3097/3097 3137/3137/3137 3141/3141/3141
f 3142/3142/3142 3186/3186/3186 3250/3250/3250
f 2978/2978/2978 3100/3100/3100 3251/3251/3251
f 3029/3029/3029 3140/3140/3140 3215/3215/3215
f 3142/3142/3142 3253/3253/3253 3140/3140/3140
f 3213/3213/3213 3139/3139/3139 3252/3252/3252
f 3147/3147/3147 3216/3216/3216 3254/3254/3254
f 3033/3033/3033 3214/3214/3214 3256/3256/3256
f 3034/3034/3034 3257/3257/3257 3222/3222/3222
f 2917/2917/2917 3153/3153/3153 3155/3155/3155
f 3050/3050/3050 3261/3261/3261 3191/3191/3191
f 3050/3050/3050 3230/3230/3230 3261/3261/3261
f 3155/3155/3155 2982/2982/2982 3072/3072/3072
f 2944/2944/2944 2898/2898/2898 3263/3263/3263
f 2815/2815/2815 2900/2900/2900 3109/3109/3109
f 3156/3156/3156 3264/3264/3264 2899/2899/2899
f 2955/2955/2955 3196/3196/3196 3231/3231/3231
f 3233/3233/3233 3082/3082/3082 3198/3198/3198
f 2956/2956/2956 3232/3232/3232 3197/3197/3197
f 2923/2923/2923 3236/3236/3236 3267/3267/3267
f 3163/3163/3163 3201/3201/3201 3268/3268/3268
f 3116/3116/3116 3269/3269/3269 3114/3114/3114
f 3164/3164/3164 3270/3270/3270 3091/3091/3091
f 3091/3091/3091 3270/3270/3270 3205/3205/3205
f 2670/2670/2670 3272/3272/3272 3167/3167/3167
f 2670/2670/2670 3171/3171/3171 3272/3272/3272
f 3128/3128/3128 3022/3022/3022 3273/3273/3273
f 2904/2904/2904 3130/3130/3130 3064/3064/3064
f 3174/3174/3174 3024/3024/3024 3244/3244/3244
f 3173/3173/3173 3275/3275/3275 3243/3243/3243
f 3136/3136/3136 3133/3133/3133 3246/3246/3246
f 3179/3179/3179 3181/3181/3181 3210/3210/3210
f 3141/3141/3141 3137/3137/3137 3184/3184/3184
f 3186/3186/3186 3175/3175/3175 3275/3275/3275
f 2978/2978/2978 3251/3251/3251 3180/3180/3180
f 3186/3186/3186 3275/3275/3275 3279/3279/3279
f 3275/3275/3275 3280/3280/3280 3279/3279/3279
f 3253/3253/3253 3142/3142/3142 3215/3215/3215
f 3142/3142/3142 3250/3250/3250 3282/3282/3282
f 3191/3191/3191 3284/3284/3284 3103/3103/3103
f 2918/2918/2918 3108/3108/3108 3105/3105/3105
f 3154/3154/3154 3285/3285/3285 3226/3226/3226
f 3228/3228/3228 3104/3104/3104 3260/3260/3260
f 3106/3106/3106 3192/3192/3192 3287/3287/3287
f 3106/3106/3106 3287/3287/3287 3194/3194/3194
f 3051/3051/3051 2943/2943/2943 3289/3289/3289
f 3051/3051/3051 3289/3289/3289 3157/3157/3157
f 2923/2923/2923 3267/3267/3267 3162/3162/3162
f 2956/2956/2956 3234/3234/3234 3199/3199/3199
f 3082/3082/3082 3114/3114/3114 3198/3198/3198
f 2924/2924/2924 3057/3057/3057 3236/3236/3236
f 2772/2772/2772 3084/3084/3084 3060/3060/3060
f 3121/3121/3121 2663/2663/2663 3291/3291/3291
f 3019/3019/3019 3122/3122/3122 3295/3295/3295
f 3063/3063/3063 3019/3019/3019 3295/3295/3295
f 3043/3043/3043 3088/3088/3088 3296/3296/3296
f 3021/3021/3021 3204/3204/3204 3298/3298/3298
f 3042/3042/3042 3300/3300/3300 3089/3089/3089
f 3205/3205/3205 3270/3270/3270 3303/3303/3303
f 3094/3094/3094 3305/3305/3305 3309/3309/3309
f 3094/3094/3094 3309/3309/3309 2854/2854/2854
f 2854/2854/2854 3313/3313/3313 3209/3209/3209
f 3046/3046/3046 3064/3064/3064 3241/3241/3241
f 3022/3022/3022 3209/3209/3209 3273/3273/3273
f 3172/3172/3172 3242/3242/3242 3274/3274/3274
f 3246/3246/3246 3211/3211/3211 3314/3314/3314
f 3136/3136/3136 3246/3246/3246 3314/3314/3314
f 3136/3136/3136 3314/3314/3314 3316/3316/3316
f 3211/3211/3211 3183/3183/3183 3316/3316/3316
f 3135/3135/3135 3315/3315/3315 3182/3182/3182
f 3251/3251/3251 3318/3318/3318 3180/3180/3180
f 3100/3100/3100 3318/3318/3318 3251/3251/3251
f 3280/3280/3280 3220/3220/3220 3279/3279/3279
f 3282/3282/3282 3259/3259/3259 3142/3142/3142
f 3099/3099/3099 3188/3188/3188 3283/3283/3283
f 3144/3144/3144 3319/3319/3319 3217/3217/3217
f 3190/3190/3190 3325/3325/3325 3283/3283/3283
f 3108/3108/3108 3329/3329/3329 3105/3105/3105
f 2814/2814/2814 3227/3227/3227 3334/3334/3334
f 3286/3286/3286 3107/3107/3107 3193/3193/3193
f 3110/3110/3110 3263/3263/3263 2898/2898/2898
f 3335/3335/3335 3338/3338/3338 3339/3339/3339
f 3159/3159/3159 3338/3338/3338 3335/3335/3335
f 3201/3201/3201 3160/3160/3160 3341/3341/3341
f 3114/3114/3114 3346/3346/3346 3198/3198/3198
f 3122/3122/3122 3087/3087/3087 3348/3348/3348
f 3116/3116/3116 3350/3350/3350 3269/3269/3269
f 3122/3122/3122 3352/3352/3352 3295/3295/3295
f 3296/3296/3296 3088/3088/3088 3063/3063/3063
f 3296/3296/3296 3354/3354/3354 3043/3043/3043
f 3042/3042/3042 3353/3353/3353 3300/3300/3300
f 3164/3164/3164 3089/3089/3089 3270/3270/3270
f 3094/3094/3094 3169/3169/3169 3305/3305/3305
f 3240/3240/3240 3170/3170/3170 3124/3124/3124
f 3175/3175/3175 3243/3243/3243 3275/3275/3275
f 3180/3180/3180 3318/3318/3318 3356/3356/3356
f 3280/3280/3280 3275/3275/3275 3357/3357/3357
f 3220/3220/3220 3280/3280/3280 3357/3357/3357
f 3220/3220/3220 3357/3357/3357 3148/3148/3148
f 3357/3357/3357 3359/3359/3359 3148/3148/3148
f 3148/3148/3148 3255/3255/3255 3220/3220/3220
f 3142/3142/3142 3259/3259/3259 3215/3215/3215
f 3102/3102/3102 3283/3283/3283 3188/3188/3188
f 3145/3145/3145 3223/3223/3223 3320/3320/3320
f 3224/3224/3224 3258/3258/3258 3360/3360/3360
f 3226/3226/3226 3285/3285/3285 3333/3333/3333
f 3104/3104/3104 3325/3325/3325 3190/3190/3190
f 3260/3260/3260 3104/3104/3104 3190/3190/3190
f 3108/3108/3108 3287/3287/3287 3364/3364/3364
f 3192/3192/3192 2814/2814/2814 3367/3367/3367
f 3336/3336/3336 3341/3341/3341 3160/3160/3160
f 3114/3114/3114 3269/3269/3269 3346/3346/3346
f 3057/3057/3057 3200/3200/3200 3369/3369/3369
f 3268/3268/3268 3370/3370/3370 3163/3163/3163
f 3163/3163/3163 3348/3348/3348 3087/3087/3087
f 3063/3063/3063 3295/3295/3295 3296/3296/3296
f 3089/3089/3089 3300/3300/3300 3371/3371/3371
f 3306/3306/3306 3310/3310/3310 2853/2853/2853
f 3243/3243/3243 3023/3023/3023 3275/3275/3275
f 2970/2970/2970 3247/3247/3247 3129/3129/3129
f 3314/3314/3314 3211/3211/3211 3316/3316/3316
f 3275/3275/3275 3372/3372/3372 3357/3357/3357
f 3185/3185/3185 3277/3277/3277 3374/3374/3374
f 3186/3186/3186 3376/3376/3376 3250/3250/3250
f 3218/3218/3218 3377/3377/3377 3278/3278/3278
f 3321/3321/3321 3378/3378/3378 3219/3219/3219
f 3281/3281/3281 3249/3249/3249 3380/3380/3380
f 3154/3154/3154 3151/3151/3151 3285/3285/3285
f 3105/3105/3105 3329/3329/3329 3326/3326/3326
f 3108/3108/3108 3364/3364/3364 3329/3329/3329
f 2814/2814/2814 3334/3334/3334 3384/3384/3384
f 2900/2900/2900 3265/3265/3265 3109/3109/3109
f 3335/3335/3335 3339/3339/3339 3340/3340/3340
f 3161/3161/3161 3385/3385/3385 3158/3158/3158
f 3199/3199/3199 3234/3234/3234 3387/3387/3387
f 3201/3201/3201 3341/3341/3341 3389/3389/3389
f 3200/3200/3200 3388/3388/3388 3369/3369/3369
f 3368/3368/3368 3390/3390/3390 3056/3056/3056
f 3348/3348/3348 3163/3163/3163 3391/3391/3391
f 3239/3239/3239 3021/3021/3021 3298/3298/3298
f 3089/3089/3089 3371/3371/3371 3270/3270/3270
f 2963/2963/2963 3166/3166/3166 3203/3203/3203
f 3168/3168/3168 3206/3206/3206 3392/3392/3392
f 3169/3169/3169 3393/3393/3393 3305/3305/3305
f 3099/3099/3099 3355/3355/3355 3317/3317/3317
f 3359/3359/3359 3394/3394/3394 3151/3151/3151
f 3148/3148/3148 3359/3359/3359 3151/3151/3151
f 3151/3151/3151 3396/3396/3396 3285/3285/3285
f 3285/3285/3285 3396/3396/3396 3333/3333/3333
f 2814/2814/2814 3384/3384/3384 3367/3367/3367
f 3334/3334/3334 3401/3401/3401 3384/3384/3384
f 3287/3287/3287 3192/3192/3192 3364/3364/3364
f 3402/3402/3402 3404/3404/3404 3405/3405/3405
f 3234/3234/3234 3197/3197/3197 3387/3387/3387
f 3201/3201/3201 3410/3410/3410 3268/3268/3268
f 3056/3056/3056 3390/3390/3390 3235/3235/3235
f 3163/3163/3163 3370/3370/3370 3391/3391/3391
f 3122/3122/3122 3348/3348/3348 3352/3352/3352
f 3354/3354/3354 3296/3296/3296 3412/3412/3412
f 3239/3239/3239 3298/3298/3298 3116/3116/3116
f 3115/3115/3115 3297/3297/3297 3349/3349/3349
f 3240/3240/3240 3413/3413/3413 3170/3170/3170
f 3275/3275/3275 3023/3023/3023 3127/3127/3127
f 3373/3373/3373 3276/3276/3276 3416/3416/3416
f 3180/3180/3180 3418/3418/3418 3248/3248/3248
f 3180/3180/3180 3356/3356/3356 3421/3421/3421
f 3358/3358/3358 3416/3416/3416 3395/3395/3395
f 3357/3357/3357 3394/3394/3394 3359/3359/3359
f 3279/3279/3279 3376/3376/3376 3375/3375/3375
f 3186/3186/3186 3375/3375/3375 3376/3376/3376
f 3279/3279/3279 3379/3379/3379 3376/3376/3376
f 3250/3250/3250 3376/3376/3376 3381/3381/3381
f 3151/3151/3151 3394/3394/3394 3423/3423/3423
f 3099/3099/3099 3283/3283/3283 3355/3355/3355
f 3150/3150/3150 3422/3422/3422 3426/3426/3426
f 3381/3381/3381 3428/3428/3428 3282/3282/3282
f 3329/3329/3329 3430/3430/3430 3326/3326/3326
f 3362/3362/3362 3259/3259/3259 3428/3428/3428
f 3225/3225/3225 3361/3361/3361 3322/3322/3322
f 3403/3403/3403 3406/3406/3406 3431/3431/3431
f 3109/3109/3109 3265/3265/3265 3433/3433/3433
f 3434/3434/3434 3437/3437/3437 3438/3438/3438
f 3437/3437/3437 3434/3434/3434 3266/3266/3266
f 3339/3339/3339 3338/3338/3338 3441/3441/3441
f 3158/3158/3158 3385/3385/3385 3337/3337/3337
f 3162/3162/3162 3267/3267/3267 3435/3435/3435
f 3201/3201/3201 3389/3389/3389 3410/3410/3410
f 3268/3268/3268 3410/3410/3410 3370/3370/3370
f 3368/3368/3368 3442/3442/3442 3390/3390/3390
f 3346/3346/3346 3269/3269/3269 3445/3445/3445
f 2301/2301/2301 3237/3237/3237 3039/3039/3039
f 3269/3269/3269 3350/3350/3350 3447/3447/3447
f 3295/3295/3295 3449/3449/3449 3296/3296/3296
f 3350/3350/3350 3451/3451/3451 3447/3447/3447
f 3296/3296/3296 3453/3453/3453 3412/3412/3412
f 3354/3354/3354 3412/3412/3412 3302/3302/3302
f 3301/3301/3301 3411/3411/3411 3454/3454/3454
f 3270/3270/3270 3371/3371/3371 3456/3456/3456
f 3203/3203/3203 3166/3166/3166 3459/3459/3459
f 3273/3273/3273 3209/3209/3209 3463/3463/3463
f 3273/3273/3273 3463/3463/3463 3464/3464/3464
f 3273/3273/3273 3464/3464/3464 3128/3128/3128
f 3248/3248/3248 3418/3418/3418 3130/3130/3130
f 3275/3275/3275 3127/3127/3127 3415/3415/3415
f 3421/3421/3421 3418/3418/3418 3180/3180/3180
f 3358/3358/3358 3373/3373/3373 3416/3416/3416
f 3395/3395/3395 3416/3416/3416 3425/3425/3425
f 3325/3325/3325 3328/3328/3328 3283/3283/3283
f 3151/3151/3151 3465/3465/3465 3396/3396/3396
f 3396/3396/3396 3465/3465/3465 3397/3397/3397
f 3327/3327/3327 3324/3324/3324 3429/3429/3429
f 3282/3282/3282 3428/3428/3428 3259/3259/3259
f 3333/3333/3333 3396/3396/3396 3397/3397/3397
f 3365/3365/3365 3382/3382/3382 3398/3398/3398
f 3192/3192/3192 3367/3367/3367 3364/3364/3364
f 3402/3402/3402 3468/3468/3468 3404/3404/3404
f 3156/3156/3156 3288/3288/3288 3264/3264/3264
f 3404/3404/3404 3470/3470/3470 3405/3405/3405
f 3405/3405/3405 3470/3470/3470 3472/3472/3472
f 3437/3437/3437 3472/3472/3472 3438/3438/3438
f 3437/3437/3437 3474/3474/3474 3477/3477/3477
f 3338/3338/3338 3386/3386/3386 3441/3441/3441
f 3197/3197/3197 3478/3478/3478 3387/3387/3387
f 3235/3235/3235 3390/3390/3390 3483/3483/3483
f 3369/3369/3369 3388/3388/3388 3443/3443/3443
f 3269/3269/3269 3447/3447/3447 3445/3445/3445
f 3350/3350/3350 3298/3298/3298 3451/3451/3451
f 3299/3299/3299 3486/3486/3486 3455/3455/3455
f 3371/3371/3371 3300/3300/3300 3456/3456/3456
f 3303/3303/3303 3270/3270/3270 3489/3489/3489
f 3393/3393/3393 3309/3309/3309 3305/3305/3305
f 3208/3208/3208 3312/3312/3312 3462/3462/3462
f 3064/3064/3064 3490/3490/3490 3241/3241/3241
f 3064/3064/3064 3491/3491/3491 3490/3490/3490
f 3064/3064/3064 3130/3130/3130 3491/3491/3491
f 3381/3381/3381 3376/3376/3376 3379/3379/3379
f 3152/3152/3152 3427/3427/3427 3424/3424/3424
f 3465/3465/3465 3151/3151/3151 3423/3423/3423
f 3328/3328/3328 3492/3492/3492 3283/3283/3283
f 3329/3329/3329 3364/3364/3364 3401/3401/3401
f 3401/3401/3401 3494/3494/3494 3384/3384/3384
f 3323/3323/3323 3362/3362/3362 3428/3428/3428
f 3404/3404/3404 3495/3495/3495 3470/3470/3470
f 3406/3406/3406 3473/3473/3473 3499/3499/3499
f 3437/3437/3437 3501/3501/3501 3474/3474/3474
f 3197/3197/3197 3342/3342/3342 3478/3478/3478
f 3339/3339/3339 3386/3386/3386 3340/3340/3340
f 3266/3266/3266 3501/3501/3501 3437/3437/3437
f 3162/3162/3162 3435/3435/3435 3386/3386/3386
f 3236/3236/3236 3502/3502/3502 3267/3267/3267
f 3341/3341/3341 3505/3505/3505 3389/3389/3389
f 3443/3443/3443 3388/3388/3388 3481/3481/3481
f 3085/3085/3085 3040/3040/3040 3507/3507/3507
f 3121/3121/3121 3291/3291/3291 3119/3119/3119
f 3351/3351/3351 3347/3347/3347 3509/3509/3509
f 3510/3510/3510 3295/3295/3295 3352/3352/3352
f 3301/3301/3301 3454/3454/3454 3513/3513/3513
f 3300/3300/3300 3512/3512/3512 3487/3487/3487
f 3270/3270/3270 3456/3456/3456 3489/3489/3489
f 3459/3459/3459 3166/3166/3166 3516/3516/3516
f 3272/3272/3272 3517/3517/3517 3167/3167/3167
f 3309/3309/3309 3393/3393/3393 3521/3521/3521
f 3241/3241/3241 3526/3526/3526 3414/3414/3414
f 3306/3306/3306 3527/3527/3527 3310/3310/3310
f 3311/3311/3311 3207/3207/3207 3461/3461/3461
f 3312/3312/3312 3530/3530/3530 3462/3462/3462
f 3208/3208/3208 3312/3312/3312 3462/3462/3462
f 3531/3531/3531 3463/3463/3463 3533/3533/3533
f 3241/3241/3241 3490/3490/3490 3534/3534/3534
f 3128/3128/3128 3536/3536/3536 3416/3416/3416
f 3356/3356/3356 3539/3539/3539 3421/3421/3421
f 3355/3355/3355 3283/3283/3283 3537/3537/3537
f 3283/3283/3283 3492/3492/3492 3537/3537/3537
f 3428/3428/3428 3381/3381/3381 3379/3379/3379
f 3366/3366/3366 3399/3399/3399 3363/3363/3363
f 3403/3403/3403 3431/3431/3431 3469/3469/3469
f 3404/3404/3404 3468/3468/3468 3495/3495/3495
f 3110/3110/3110 3541/3541/3541 3263/3263/3263
f 3438/3438/3438 3472/3472/3472 3542/3542/3542
f 3339/3339/3339 3441/3441/3441 3386/3386/3386
f 3343/3343/3343 3545/3545/3545 3479/3479/3479
f 3444/3444/3444 3482/3482/3482 3345/3345/3345
f 3340/3340/3340 3386/3386/3386 3504/3504/3504
f 3038/3038/3038 3547/3547/3547 3040/3040/3040
f 3084/3084/3084 3506/3506/3506 3060/3060/3060
f 2663/2663/2663 3061/3061/3061 3291/3291/3291
f 3296/3296/3296 3449/3449/3449 3453/3453/3453
f 3298/3298/3298 3204/3204/3204 3451/3451/3451
f 3488/3488/3488 3455/3455/3455 3486/3486/3486
f 3489/3489/3489 3550/3550/3550 3303/3303/3303
f 3206/3206/3206 3519/3519/3519 3392/3392/3392
f 3307/3307/3307 3555/3555/3555 3528/3528/3528
f 3241/3241/3241 3534/3534/3534 3526/3526/3526
f 3462/3462/3462 3530/3530/3530 3532/3532/3532
f 3130/3130/3130 3418/3418/3418 3558/3558/3558
f 3128/3128/3128 3464/3464/3464 3536/3536/3536
f 3416/3416/3416 3536/3536/3536 3425/3425/3425
f 3492/3492/3492 3559/3559/3559 3537/3537/3537
f 3323/3323/3323 3428/3428/3428 3379/3379/3379
f 3400/3400/3400 3383/3383/3383 3493/3493/3493
f 3109/3109/3109 3433/3433/3433 3540/3540/3540
f 3561/3561/3561 3497/3497/3497 3472/3472/3472
f 3437/3437/3437 3561/3561/3561 3472/3472/3472
f 3561/3561/3561 3437/3437/3437 3477/3477/3477
f 3546/3546/3546 3344/3344/3344 3480/3480/3480
f 3386/3386/3386 3435/3435/3435 3563/3563/3563
f 3505/3505/3505 3410/3410/3410 3389/3389/3389
f 3565/3565/3565 3566/3566/3566 3568/3568/3568
f 3565/3565/3565 3408/3408/3408 3566/3566/3566
f 3039/3039/3039 3237/3237/3237 3570/3570/3570
f 3391/3391/3391 3370/3370/3370 3573/3573/3573
f 3295/3295/3295 3510/3510/3510 3449/3449/3449
f 3411/3411/3411 3574/3574/3574 3454/3454/3454
f 3513/3513/3513 3454/3454/3454 3577/3577/3577
f 3583/3583/3583 3589/3589/3589 3460/3460/3460
f 3582/3582/3582 3459/3459/3459 3516/3516/3516
f 3581/3581/3581 3594/3594/3594 3587/3587/3587
f 3598/3598/3598 3594/3594/3594 3581/3581/3581
f 3271/3271/3271 3582/3582/3582 3516/3516/3516
f 3600/3600/3600 3594/3594/3594 3598/3598/3598
f 3206/3206/3206 3304/3304/3304 3602/3602/3602
f 3599/3599/3599 3597/3597/3597 3591/3591/3591
f 3308/3308/3308 3518/3518/3518 3556/3556/3556
f 3531/3531/3531 3464/3464/3464 3463/3463/3463
f 3130/3130/3130 3558/3558/3558 3491/3491/3491
f 3538/3538/3538 3603/3603/3603 3420/3420/3420
f 3538/3538/3538 3606/3606/3606 3603/3603/3603
f 3425/3425/3425 3609/3609/3609 3467/3467/3467
f 3492/3492/3492 3328/3328/3328 3559/3559/3559
f 3401/3401/3401 3611/3611/3611 3329/3329/3329
f 3614/3614/3614 3616/3616/3616 3618/3618/3618
f 3431/3431/3431 3621/3621/3621 3469/3469/3469
f 2943/2943/2943 3262/3262/3262 3289/3289/3289
f 3264/3264/3264 3288/3288/3288 3432/3432/3432
f 3406/3406/3406 3499/3499/3499 3431/3431/3431
f 3436/3436/3436 3623/3623/3623 3624/3624/3624
f 3503/3503/3503 3627/3627/3627 3476/3476/3476
f 3502/3502/3502 3236/3236/3236 3484/3484/3484
f 3567/3567/3567 3409/3409/3409 3569/3569/3569
f 3444/3444/3444 3629/3629/3629 3482/3482/3482
f 3565/3565/3565 3571/3571/3571 3408/3408/3408
f 3039/3039/3039 3570/3570/3570 3548/3548/3548
f 3370/3370/3370 3410/3410/3410 3573/3573/3573
f 3446/3446/3446 3630/3630/3630 3444/3444/3444
f 3635/3635/3635 3630/3630/3630 3446/3446/3446
f 3450/3450/3450 3635/3635/3635 3446/3446/3446
f 3449/3449/3449 3639/3639/3639 3453/3453/3453
f 3454/3454/3454 3574/3574/3574 3641/3641/3641
f 3454/3454/3454 3641/3641/3641 3577/3577/3577
f 3576/3576/3576 3640/3640/3640 3511/3511/3511
f 3512/3512/3512 3644/3644/3644 3487/3487/3487
f 3648/3648/3648 3650/3650/3650 3592/3592/3592
f 3648/3648/3648 3489/3489/3489 3650/3650/3650
f 3515/3515/3515 3457/3457/3457 3579/3579/3579
f 3595/3595/3595 3653/3653/3653 3588/3588/3588
f 3593/3593/3593 3651/3651/3651 3649/3649/3649
f 3489/3489/3489 3648/3648/3648 3550/3550/3550
f 3578/3578/3578 3584/3584/3584 3591/3591/3591
f 3597/3597/3597 3578/3578/3578 3591/3591/3591
f 3304/3304/3304 3552/3552/3552 3602/3602/3602
f 3557/3557/3557 3654/3654/3654 3529/3529/3529
f 3272/3272/3272 3171/3171/3171 3656/3656/3656
f 3170/3170/3170 3413/3413/3413 3522/3522/3522
f 3464/3464/3464 3658/3658/3658 3536/3536/3536
f 3420/3420/3420 3603/3603/3603 3659/3659/3659
f 3538/3538/3538 3560/3560/3560 3606/3606/3606
f 3560/3560/3560 3661/3661/3661 3606/3606/3606
f 3401/3401/3401 3466/3466/3466 3664/3664/3664
f 3667/3667/3667 3618/3618/3618 3616/3616/3616
f 3669/3669/3669 3618/3618/3618 3667/3667/3667
f 3495/3495/3495 3468/3468/3468 3620/3620/3620
f 3472/3472/3472 3470/3470/3470 3542/3542/3542
f 3440/3440/3440 3623/3623/3623 3436/3436/3436
f 3562/3562/3562 3475/3475/3475 3672/3672/3672
f 3474/3474/3474 3561/3561/3561 3477/3477/3477
f 3436/3436/3436 3624/3624/3624 3564/3564/3564
f 3386/3386/3386 3563/3563/3563 3504/3504/3504
f 3410/3410/3410 3505/3505/3505 3677/3677/3677
f 3565/3565/3565 3568/3568/3568 3678/3678/3678
f 3569/3569/3569 3681/3681/3681 3679/3679/3679
f 3409/3409/3409 3681/3681/3681 3569/3569/3569
f 3565/3565/3565 3682/3682/3682 3549/3549/3549
f 3443/3443/3443 3684/3684/3684 3687/3687/3687
f 3443/3443/3443 3481/3481/3481 3628/3628/3628
f 3565/3565/3565 3549/3549/3549 3571/3571/3571
f 3040/3040/3040 3547/3547/3547 3507/3507/3507
f 3390/3390/3390 3442/3442/3442 3688/3688/3688
f 3408/3408/3408 3571/3571/3571 3693/3693/3693
f 3444/3444/3444 3630/3630/3630 3629/3629/3629
f 3449/3449/3449 3697/3697/3697 3700/3700/3700
f 3637/3637/3637 3448/3448/3448 3698/3698/3698
f 3451/3451/3451 3633/3633/3633 3636/3636/3636
f 3638/3638/3638 3699/3699/3699 3701/3701/3701
f 3453/3453/3453 3639/3639/3639 3702/3702/3702
f 3204/3204/3204 3460/3460/3460 3451/3451/3451
f 3514/3514/3514 3642/3642/3642 3645/3645/3645
f 3489/3489/3489 3487/3487/3487 3650/3650/3650
f 3487/3487/3487 3644/3644/3644 3650/3650/3650
f 3516/3516/3516 3582/3582/3582 3459/3459/3459
f 3458/3458/3458 3585/3585/3585 3580/3580/3580
f 3583/3583/3583 3589/3589/3589 3460/3460/3460
f 3649/3649/3649 3651/3651/3651 3551/3551/3551
f 3602/3602/3602 3519/3519/3519 3206/3206/3206
f 3272/3272/3272 3656/3656/3656 3704/3704/3704
f 3529/3529/3529 3705/3705/3705 3312/3312/3312
f 3530/3530/3530 3312/3312/3312 3705/3705/3705
f 3532/3532/3532 3530/3530/3530 3706/3706/3706
f 3530/3530/3530 3705/3705/3705 3706/3706/3706
f 3531/3531/3531 3533/3533/3533 3708/3708/3708
f 3710/3710/3710 3659/3659/3659 3603/3603/3603
f 3603/3603/3603 3711/3711/3711 3710/3710/3710
f 3425/3425/3425 3536/3536/3536 3715/3715/3715
f 3609/3609/3609 3425/3425/3425 3715/3715/3715
f 3466/3466/3466 3608/3608/3608 3713/3713/3713
f 3663/3663/3663 3716/3716/3716 3610/3610/3610
f 3664/3664/3664 3611/3611/3611 3401/3401/3401
f 3560/3560/3560 3331/3331/3331 3661/3661/3661
f 3718/3718/3718 3616/3616/3616 3614/3614/3614
f 3718/3718/3718 3614/3614/3614 3620/3620/3620
f 3439/3439/3439 3543/3543/3543 3622/3622/3622
f 3504/3504/3504 3563/3563/3563 3673/3673/3673
f 3565/3565/3565 3678/3678/3678 3682/3682/3682
f 3682/3682/3682 3721/3721/3721 3549/3549/3549
f 3443/3443/3443 3687/3687/3687 3689/3689/3689
f 3721/3721/3721 3508/3508/3508 3549/3549/3549
f 3443/3443/3443 3628/3628/3628 3684/3684/3684
f 3571/3571/3571 3724/3724/3724 3693/3693/3693
f 3506/3506/3506 3726/3726/3726 3060/3060/3060
f 3291/3291/3291 3061/3061/3061 3727/3727/3727
f 3348/3348/3348 3391/3391/3391 3510/3510/3510
f 3449/3449/3449 3510/3510/3510 3697/3697/3697
f 3633/3633/3633 3451/3451/3451 3728/3728/3728
f 3412/3412/3412 3453/3453/3453 3575/3575/3575
f 3460/3460/3460 3589/3589/3589 3731/3731/3731
f 3734/3734/3734 3646/3646/3646 3653/3653/3653
f 3644/3644/3644 3733/3733/3733 3650/3650/3650
f 3651/3651/3651 3593/3593/3593 3586/3586/3586
f 3595/3595/3595 3553/3553/3553 3653/3653/3653
f 3596/3596/3596 3601/3601/3601 3554/3554/3554
f 3601/3601/3601 3596/3596/3596 3736/3736/3736
f 3557/3557/3557 3520/3520/3520 3654/3654/3654
f 3490/3490/3490 3491/3491/3491 3534/3534/3534
f 3531/3531/3531 3708/3708/3708 3738/3738/3738
f 3531/3531/3531 3738/3738/3738 3464/3464/3464
f 3418/3418/3418 3660/3660/3660 3558/3558/3558
f 3710/3710/3710 3711/3711/3711 3659/3659/3659
f 3714/3714/3714 3535/3535/3535 3739/3739/3739
f 3607/3607/3607 3741/3741/3741 3604/3604/3604
f 3713/3713/3713 3664/3664/3664 3466/3466/3466
f 3332/3332/3332 3744/3744/3744 3662/3662/3662
f 3720/3720/3720 3746/3746/3746 3617/3617/3617
f 3620/3620/3620 3614/3614/3614 3495/3495/3495
f 3471/3471/3471 3748/3748/3748 3544/3544/3544
f 3562/3562/3562 3672/3672/3672 3749/3749/3749
f 3624/3624/3624 3623/3623/3623 3752/3752/3752
f 3475/3475/3475 3625/3625/3625 3672/3672/3672
f 3564/3564/3564 3624/3624/3624 3677/3677/3677
f 3686/3686/3686 3753/3753/3753 3755/3755/3755
f 3687/3687/3687 3756/3756/3756 3689/3689/3689
f 3571/3571/3571 3238/3238/3238 3724/3724/3724
f 3510/3510/3510 3391/3391/3391 3758/3758/3758
f 3700/3700/3700 3697/3697/3697 3702/3702/3702
f 3574/3574/3574 3452/3452/3452 3641/3641/3641
f 3643/3643/3643 3760/3760/3760 3763/3763/3763
f 3642/3642/3642 3761/3761/3761 3645/3645/3645
f 3589/3589/3589 3764/3764/3764 3731/3731/3731
f 3590/3590/3590 3767/3767/3767 3765/3765/3765
f 3588/3588/3588 3653/3653/3653 3766/3766/3766
f 3587/3587/3587 3594/3594/3594 3652/3652/3652
f 3594/3594/3594 3587/3587/3587 3581/3581/3581
f 3601/3601/3601 3736/3736/3736 3554/3554/3554
f 3596/3596/3596 3768/3768/3768 3736/3736/3736
f 3271/3271/3271 3703/3703/3703 3582/3582/3582
f 3596/3596/3596 3582/3582/3582 3768/3768/3768
f 3654/3654/3654 3520/3520/3520 3771/3771/3771
f 3170/3170/3170 3522/3522/3522 3655/3655/3655
f 3491/3491/3491 3558/3558/3558 3534/3534/3534
f 3658/3658/3658 3464/3464/3464 3738/3738/3738
f 3417/3417/3417 3772/3772/3772 3419/3419/3419
f 3418/3418/3418 3421/3421/3421 3660/3660/3660
f 3773/3773/3773 3418/3418/3418 3421/3421/3421
f 3536/3536/3536 3658/3658/3658 3774/3774/3774
f 3740/3740/3740 3536/3536/3536 3778/3778/3778
f 3536/3536/3536 3774/3774/3774 3778/3778/3778
f 3330/3330/3330 3613/3613/3613 3743/3743/3743
f 3668/3668/3668 3617/3617/3617 3780/3780/3780
f 3471/3471/3471 3496/3496/3496 3748/3748/3748
f 3432/3432/3432 3288/3288/3288 3781/3781/3781
f 3679/3679/3679 3681/3681/3681 3683/3683/3683
f 3687/3687/3687 3785/3785/3785 3754/3754/3754
f 3409/3409/3409 3675/3675/3675 3681/3681/3681
f 3682/3682/3682 3790/3790/3790 3721/3721/3721
f 3410/3410/3410 3677/3677/3677 3695/3695/3695
f 3408/3408/3408 3693/3693/3693 3674/3674/3674
f 3572/3572/3572 3407/3407/3407 3692/3692/3692
f 3390/3390/3390 3688/3688/3688 3793/3793/3793
f 3630/3630/3630 3798/3798/3798 3629/3629/3629
f 3630/3630/3630 3799/3799/3799 3798/3798/3798
f 3453/3453/3453 3760/3760/3760 3643/3643/3643
f 3731/3731/3731 3451/3451/3451 3460/3460/3460
f 3759/3759/3759 3800/3800/3800 3762/3762/3762
f 3646/3646/3646 3766/3766/3766 3653/3653/3653
f 3554/3554/3554 3802/3802/3802 3804/3804/3804
f 3602/3602/3602 3552/3552/3552 3803/3803/3803
f 3602/3602/3602 3803/3803/3803 3519/3519/3519
f 3736/3736/3736 3802/3802/3802 3554/3554/3554
f 3582/3582/3582 3703/3703/3703 3768/3768/3768
f 3771/3771/3771 3705/3705/3705 3654/3654/3654
f 3654/3654/3654 3705/3705/3705 3529/3529/3529
f 3806/3806/3806 3809/3809/3809 3705/3705/3705
f 3810/3810/3810 3808/3808/3808 3812/3812/3812
f 3605/3605/3605 3813/3813/3813 3712/3712/3712
f 3605/3605/3605 3742/3742/3742 3813/3813/3813
f 3666/3666/3666 3714/3714/3714 3739/3739/3739
f 3717/3717/3717 3665/3665/3665 3612/3612/3612
f 3666/3666/3666 3739/3739/3739 3613/3613/3613
f 3613/3613/3613 3739/3739/3739 3815/3815/3815
f 3671/3671/3671 3668/3668/3668 3780/3780/3780
f 3619/3619/3619 3670/3670/3670 3779/3779/3779
f 3619/3619/3619 3779/3779/3779 3615/3615/3615
f 3621/3621/3621 3431/3431/3431 3817/3817/3817
f 3562/3562/3562 3818/3818/3818 3498/3498/3498
f 3624/3624/3624 3752/3752/3752 3677/3677/3677
f 3390/3390/3390 3793/3793/3793 3483/3483/3483
f 3629/3629/3629 3798/3798/3798 3685/3685/3685
f 3694/3694/3694 3725/3725/3725 3820/3820/3820
f 3120/3120/3120 3292/3292/3292 3237/3237/3237
f 3724/3724/3724 3238/3238/3238 3294/3294/3294
f 3451/3451/3451 3731/3731/3731 3822/3822/3822
f 3730/3730/3730 3824/3824/3824 3821/3821/3821
f 3760/3760/3760 3453/3453/3453 3801/3801/3801
f 3766/3766/3766 3646/3646/3646 3826/3826/3826
f 3802/3802/3802 3736/3736/3736 3829/3829/3829
f 3735/3735/3735 3830/3830/3830 3828/3828/3828
f 3520/3520/3520 3804/3804/3804 3832/3832/3832
f 3736/3736/3736 3836/3836/3836 3831/3831/3831
f 3836/3836/3836 3829/3829/3829 3831/3831/3831
f 3520/3520/3520 3832/3832/3832 3771/3771/3771
f 3805/3805/3805 3770/3770/3770 3838/3838/3838
f 3806/3806/3806 3705/3705/3705 3771/3771/3771
f 3807/3807/3807 3840/3840/3840 3841/3841/3841
f 3807/3807/3807 3841/3841/3841 3811/3811/3811
f 3843/3843/3843 3845/3845/3845 3850/3850/3850
f 3706/3706/3706 3705/3705/3705 3809/3809/3809
f 3558/3558/3558 3851/3851/3851 3534/3534/3534
f 3662/3662/3662 3852/3852/3852 3607/3607/3607
f 3662/3662/3662 3744/3744/3744 3852/3852/3852
f 3613/3613/3613 3815/3815/3815 3743/3743/3743
f 3541/3541/3541 3854/3854/3854 3263/3263/3263
f 3433/3433/3433 3853/3853/3853 3540/3540/3540
f 3500/3500/3500 3819/3819/3819 3855/3855/3855
f 3622/3622/3622 3543/3543/3543 3856/3856/3856
f 3818/3818/3818 3562/3562/3562 3857/3857/3857
f 3562/3562/3562 3749/3749/3749 3857/3857/3857
f 3622/3622/3622 3859/3859/3859 3751/3751/3751
f 3672/3672/3672 3625/3625/3625 3861/3861/3861
f 3502/3502/3502 3484/3484/3484 3865/3865/3865
f 3675/3675/3675 3869/3869/3869 3681/3681/3681
f 3683/3683/3683 3872/3872/3872 3874/3874/3874
f 3756/3756/3756 3754/3754/3754 3785/3785/3785
f 3695/3695/3695 3677/3677/3677 3876/3876/3876
f 3677/3677/3677 3878/3878/3878 3876/3876/3876
f 3695/3695/3695 3876/3876/3876 3573/3573/3573
f 3391/3391/3391 3573/3573/3573 3758/3758/3758
f 3630/3630/3630 3879/3879/3879 3799/3799/3799
f 3453/3453/3453 3702/3702/3702 3882/3882/3882
f 3822/3822/3822 3883/3883/3883 3451/3451/3451
f 3453/3453/3453 3885/3885/3885 3801/3801/3801
f 3825/3825/3825 3886/3886/3886 3823/3823/3823
f 3886/3886/3886 3825/3825/3825 3765/3765/3765
f 3888/3888/3888 3889/3889/3889 3800/3800/3800
f 3765/3765/3765 3825/3825/3825 3732/3732/3732
f 3647/3647/3647 3762/3762/3762 3800/3800/3800
f 3768/3768/3768 3836/3836/3836 3736/3736/3736
f 3829/3829/3829 3836/3836/3836 3832/3832/3832
f 3837/3837/3837 3769/3769/3769 3890/3890/3890
f 3768/3768/3768 3703/3703/3703 3891/3891/3891
f 3522/3522/3522 3897/3897/3897 3655/3655/3655
f 3656/3656/3656 3896/3896/3896 3704/3704/3704
f 3851/3851/3851 3526/3526/3526 3534/3534/3534
f 3901/3901/3901 3737/3737/3737 3707/3707/3707
f 3901/3901/3901 3902/3902/3902 3737/3737/3737
f 3558/3558/3558 3660/3660/3660 3851/3851/3851
f 3607/3607/3607 3852/3852/3852 3741/3741/3741
f 3739/3739/3739 3776/3776/3776 3815/3815/3815
f 3719/3719/3719 3621/3621/3621 3817/3817/3817
f 3615/3615/3615 3779/3779/3779 3496/3496/3496
f 3496/3496/3496 3779/3779/3779 3904/3904/3904
f 3496/3496/3496 3904/3904/3904 3748/3748/3748
f 3433/3433/3433 3907/3907/3907 3853/3853/3853
f 3431/3431/3431 3499/3499/3499 3908/3908/3908
f 3432/3432/3432 3781/3781/3781 3906/3906/3906
f 3747/3747/3747 3912/3912/3912 3543/3543/3543
f 3672/3672/3672 3861/3861/3861 3749/3749/3749
f 3914/3914/3914 3863/3863/3863 3626/3626/3626
f 3681/3681/3681 3872/3872/3872 3683/3683/3683
f 3680/3680/3680 3868/3868/3868 3916/3916/3916
f 3683/3683/3683 3874/3874/3874 3791/3791/3791
f 3485/3485/3485 3797/3797/3797 3921/3921/3921
f 3676/3676/3676 3694/3694/3694 3870/3870/3870
f 3722/3722/3722 3792/3792/3792 3922/3922/3922
f 3687/3687/3687 3684/3684/3684 3785/3785/3785
f 3757/3757/3757 3786/3786/3786 3690/3690/3690
f 3820/3820/3820 3923/3923/3923 3694/3694/3694
f 3691/3691/3691 3787/3787/3787 3794/3794/3794
f 3685/3685/3685 3798/3798/3798 3788/3788/3788
f 3758/3758/3758 3924/3924/3924 3510/3510/3510
f 3728/3728/3728 3451/3451/3451 3883/3883/3883
f 3882/3882/3882 3885/3885/3885 3453/3453/3453
f 3925/3925/3925 3888/3888/3888 3927/3927/3927
f 3884/3884/3884 3888/3888/3888 3800/3800/3800
f 3886/3886/3886 3765/3765/3765 3925/3925/3925
f 3925/3925/3925 3889/3889/3889 3888/3888/3888
f 3827/3827/3827 3889/3889/3889 3925/3925/3925
f 3647/3647/3647 3889/3889/3889 3827/3827/3827
f 3647/3647/3647 3800/3800/3800 3889/3889/3889
f 3804/3804/3804 3802/3802/3802 3832/3832/3832
f 3771/3771/3771 3832/3832/3832 3839/3839/3839
f 3890/3890/3890 3928/3928/3928 3837/3837/3837
f 3837/3837/3837 3928/3928/3928 3932/3932/3932
f 3836/3836/3836 3929/3929/3929 3832/3832/3832
f 3895/3895/3895 3890/3890/3890 3769/3769/3769
f 3844/3844/3844 3934/3934/3934 3846/3846/3846
f 3845/3845/3845 3843/3843/3843 3937/3937/3937
f 3812/3812/3812 3939/3939/3939 3810/3810/3810
f 3842/3842/3842 3847/3847/3847 3892/3892/3892
f 3658/3658/3658 3738/3738/3738 3903/3903/3903
f 3657/3657/3657 3902/3902/3902 3940/3940/3940
f 3741/3741/3741 3852/3852/3852 3942/3942/3942
f 3814/3814/3814 3775/3775/3775 3945/3945/3945
f 3852/3852/3852 3744/3744/3744 3948/3948/3948
f 3744/3744/3744 3816/3816/3816 3949/3949/3949
f 3617/3617/3617 3746/3746/3746 3953/3953/3953
f 3856/3856/3856 3543/3543/3543 3912/3912/3912
f 3858/3858/3858 3855/3855/3855 3819/3819/3819
f 3622/3622/3622 3856/3856/3856 3859/3859/3859
f 3873/3873/3873 3871/3871/3871 3789/3789/3789
f 3485/3485/3485 3921/3921/3921 3867/3867/3867
f 3798/3798/3798 3795/3795/3795 3788/3788/3788
f 3879/3879/3879 3954/3954/3954 3799/3799/3799
f 3510/3510/3510 3924/3924/3924 3697/3697/3697
f 3955/3955/3955 3880/3880/3880 3631/3631/3631
f 3883/3883/3883 3822/3822/3822 3958/3958/3958
f 3886/3886/3886 3960/3960/3960 3823/3823/3823
f 3926/3926/3926 3887/3887/3887 3962/3962/3962
f 3765/3765/3765 3767/3767/3767 3925/3925/3925
f 3925/3925/3925 3767/3767/3767 3827/3827/3827
f 3834/3834/3834 3964/3964/3964 3840/3840/3840
f 3841/3841/3841 3840/3840/3840 3964/3964/3964
f 3841/3841/3841 3964/3964/3964 3967/3967/3967
f 3522/3522/3522 3969/3969/3969 3897/3897/3897
f 3848/3848/3848 3935/3935/3935 3974/3974/3974
f 3894/3894/3894 3849/3849/3849 3975/3975/3975
f 3896/3896/3896 3656/3656/3656 3899/3899/3899
f 3842/3842/3842 3892/3892/3892 3898/3898/3898
f 3711/3711/3711 3976/3976/3976 3659/3659/3659
f 3778/3778/3778 3978/3978/3978 3981/3981/3981
f 3719/3719/3719 3817/3817/3817 3745/3745/3745
f 3431/3431/3431 3908/3908/3908 3817/3817/3817
f 3855/3855/3855 3911/3911/3911 3500/3500/3500
f 3858/3858/3858 3750/3750/3750 3855/3855/3855
f 3694/3694/3694 3923/3923/3923 3870/3870/3870
f 3796/3796/3796 3984/3984/3984 3919/3919/3919
f 3923/3923/3923 3820/3820/3820 3985/3985/3985
f 3726/3726/3726 3506/3506/3506 3290/3290/3290
f 3798/3798/3798 3799/3799/3799 3795/3795/3795
f 3573/3573/3573 3876/3876/3876 3758/3758/3758
f 3702/3702/3702 3697/3697/3697 3882/3882/3882
f 3883/3883/3883 3958/3958/3958 3728/3728/3728
f 3829/3829/3829 3832/3832/3832 3802/3802/3802
f 3986/3986/3986 3930/3930/3930 3833/3833/3833
f 3834/3834/3834 3931/3931/3931 3964/3964/3964
f 3834/3834/3834 3931/3931/3931 3987/3987/3987
f 3835/3835/3835 3933/3933/3933 3989/3989/3989
f 3833/3833/3833 3988/3988/3988 3930/3930/3930
f 3990/3990/3990 3970/3970/3970 3992/3992/3992
f 3990/3990/3990 3992/3992/3992 3523/3523/3523
f 3524/3524/3524 3993/3993/3993 3971/3971/3971
f 3991/3991/3991 3525/3525/3525 3972/3972/3972
f 3526/3526/3526 3994/3994/3994 3973/3973/3973
f 3843/3843/3843 3995/3995/3995 3937/3937/3937
f 3939/3939/3939 3997/3997/3997 3999/3999/3999
f 3843/3843/3843 3900/3900/3900 3995/3995/3995
f 3851/3851/3851 3994/3994/3994 3526/3526/3526
f 3712/3712/3712 3813/3813/3813 4000/4000/4000
f 3778/3778/3778 3774/3774/3774 3978/3978/3978
f 3948/3948/3948 4001/4001/4001 3852/3852/3852
f 3776/3776/3776 3815/3815/3815 3946/3946/3946
f 3263/3263/3263 3854/3854/3854 4003/4003/4003
f 3627/3627/3627 4005/4005/4005 3915/3915/3915
f 3503/3503/3503 4006/4006/4006 3627/3627/3627
f 3872/3872/3872 4009/4009/4009 4011/4011/4011
f 3872/3872/3872 4011/4011/4011 3791/3791/3791
f 3872/3872/3872 3681/3681/3681 4009/4009/4009
f 3792/3792/3792 4012/4012/4012 3922/3922/3922
f 3799/3799/3799 3954/3954/3954 3795/3795/3795
f 3725/3725/3725 4015/4015/4015 3820/3820/3820
f 3723/3723/3723 3293/3293/3293 4013/4013/4013
f 3924/3924/3924 4020/4020/4020 3697/3697/3697
f 3633/3633/3633 3728/3728/3728 4022/4022/4022
f 3823/3823/3823 4024/4024/4024 3959/3959/3959
f 3823/3823/3823 3960/3960/3960 4024/4024/4024
f 3925/3925/3925 3960/3960/3960 3886/3886/3886
f 3888/3888/3888 3884/3884/3884 3963/3963/3963
f 3928/3928/3928 3890/3890/3890 4026/4026/4026
f 3928/3928/3928 4026/4026/4026 3932/3932/3932
f 3965/3965/3965 3933/3933/3933 3989/3989/3989
f 3936/3936/3936 4026/4026/4026 3890/3890/3890
f 3841/3841/3841 3967/3967/3967 3811/3811/3811
f 3890/3890/3890 3895/3895/3895 3936/3936/3936
f 3893/3893/3893 3974/3974/3974 3935/3935/3935
f 3973/3973/3973 3994/3994/3994 4029/4029/4029
f 3973/3973/3973 4029/4029/4029 3900/3900/3900
f 3709/3709/3709 3810/3810/3810 3999/3999/3999
f 3810/3810/3810 3939/3939/3939 3999/3999/3999
f 3707/3707/3707 3998/3998/3998 3901/3901/3901
f 3902/3902/3902 4030/4030/4030 4032/4032/4032
f 3902/3902/3902 3901/3901/3901 4030/4030/4030
f 3851/3851/3851 4037/4037/4037 3994/3994/3994
f 3658/3658/3658 3941/3941/3941 4039/4039/4039
f 3658/3658/3658 4040/4040/4040 3774/3774/3774
f 3852/3852/3852 4001/4001/4001 3942/3942/3942
f 3948/3948/3948 4043/4043/4043 4001/4001/4001
f 3779/3779/3779 4044/4044/4044 3904/3904/3904
f 4044/4044/4044 4046/4046/4046 3904/3904/3904
f 3748/3748/3748 4049/4049/4049 3910/3910/3910
f 3853/3853/3853 3907/3907/3907 4051/4051/4051
f 3747/3747/3747 3909/3909/3909 4054/4054/4054
f 3906/3906/3906 4056/4056/4056 4050/4050/4050
f 3856/3856/3856 3912/3912/3912 3859/3859/3859
f 3749/3749/3749 3861/3861/3861 4057/4057/4057
f 3862/3862/3862 4060/4060/4060 4058/4058/4058
f 3751/3751/3751 3859/3859/3859 4063/4063/4063
f 3752/3752/3752 4064/4064/4064 4066/4066/4066
f 3752/3752/3752 4066/4066/4066 3677/3677/3677
f 3627/3627/3627 4006/4006/4006 4005/4005/4005
f 3681/3681/3681 3917/3917/3917 4009/4009/4009
f 3878/3878/3878 3677/3677/3677 4067/4067/4067
f 4012/4012/4012 4068/4068/4068 3922/3922/3922
f 3875/3875/3875 3877/3877/3877 4069/4069/4069
f 3508/3508/3508 3721/3721/3721 3294/3294/3294
f 3758/3758/3758 3876/3876/3876 4073/4073/4073
f 3758/3758/3758 4073/4073/4073 3924/3924/3924
f 3634/3634/3634 4075/4075/4075 3957/3957/3957
f 3696/3696/3696 4019/4019/4019 4078/4078/4078
f 3632/3632/3632 4021/4021/4021 4074/4074/4074
f 3728/3728/3728 3958/3958/3958 4080/4080/4080
f 3927/3927/3927 4082/4082/4082 3925/3925/3925
f 3960/3960/3960 3925/3925/3925 4082/4082/4082
f 3933/3933/3933 4027/4027/4027 4084/4084/4084
f 4028/4028/4028 3937/3937/3937 4086/4086/4086
f 3812/3812/3812 3968/3968/3968 4088/4088/4088
f 3812/3812/3812 4088/4088/4088 4090/4090/4090
f 3812/3812/3812 4090/4090/4090 3939/3939/3939
f 3994/3994/3994 3900/3900/3900 4029/4029/4029
f 3902/3902/3902 4032/4032/4032 3940/3940/3940
f 3941/3941/3941 4033/4033/4033 4039/4039/4039
f 3658/3658/3658 4039/4039/4039 4040/4040/4040
f 3976/3976/3976 4034/4034/4034 3659/3659/3659
f 3813/3813/3813 3742/3742/3742 4000/4000/4000
f 3777/3777/3777 3980/3980/3980 4091/4091/4091
f 3942/3942/3942 4001/4001/4001 4093/4093/4093
f 4043/4043/4043 3948/3948/3948 4096/4096/4096
f 4095/4095/4095 3947/3947/3947 4041/4041/4041
f 3744/3744/3744 3949/3949/3949 3948/3948/3948
f 4045/4045/4045 3780/3780/3780 4098/4098/4098
f 3817/3817/3817 3908/3908/3908 4099/4099/4099
f 3910/3910/3910 4049/4049/4049 4101/4101/4101
f 4049/4049/4049 3748/3748/3748 4104/4104/4104
f 3781/3781/3781 4056/4056/4056 3906/3906/3906
f 3747/3747/3747 4054/4054/4054 3912/3912/3912
f 3864/3864/3864 4113/4113/4113 4061/4061/4061
f 3914/3914/3914 4004/4004/4004 3863/3863/3863
f 3864/3864/3864 4005/4005/4005 4113/4113/4113
f 3503/3503/3503 3866/3866/3866 4006/4006/4006
f 3677/3677/3677 4066/4066/4066 4067/4067/4067
f 3917/3917/3917 3869/3869/3869 4009/4009/4009
f 3918/3918/3918 3983/3983/3983 3795/3795/3795
f 4069/4069/4069 4071/4071/4071 3875/3875/3875
f 3294/3294/3294 3721/3721/3721 4115/4115/4115
f 4119/4119/4119 4123/4123/4123 4126/4126/4126
f 4129/4129/4129 4123/4123/4123 4119/4119/4119
f 3294/3294/3294 4129/4129/4129 4131/4131/4131
f 4123/4123/4123 4129/4129/4129 4132/4132/4132
f 4133/4133/4133 4129/4129/4129 4115/4115/4115
f 3729/3729/3729 4135/4135/4135 4023/4023/4023
f 3729/3729/3729 4081/4081/4081 4135/4135/4135
f 3963/3963/3963 4136/4136/4136 3927/3927/3927
f 3963/3963/3963 3884/3884/3884 4137/4137/4137
f 4084/4084/4084 4085/4085/4085 4140/4140/4140
f 3989/3989/3989 4141/4141/4141 3965/3965/3965
f 4027/4027/4027 4085/4085/4085 4084/4084/4084
f 3968/3968/3968 3966/3966/3966 4088/4088/4088
f 3996/3996/3996 3938/3938/3938 4089/4089/4089
f 3999/3999/3999 3997/3997/3997 4090/4090/4090
f 3900/3900/3900 4143/4143/4143 3995/3995/3995
f 3901/3901/3901 3998/3998/3998 4030/4030/4030
f 3977/3977/3977 3712/3712/3712 4144/4144/4144
f 3851/3851/3851 3660/3660/3660 4037/4037/4037
f 3742/3742/3742 4148/4148/4148 4000/4000/4000
f 3742/3742/3742 3943/3943/3943 4148/4148/4148
f 3944/3944/3944 4094/4094/4094 4149/4149/4149
f 3816/3816/3816 3777/3777/3777 4091/4091/4091
f 3816/3816/3816 4091/4091/4091 3949/3949/3949
f 3948/3948/3948 4096/4096/4096 4043/4043/4043
f 3948/3948/3948 3949/3949/3949 4096/4096/4096
f 4048/4048/4048 4103/4103/4103 4100/4100/4100
f 3748/3748/3748 3904/3904/3904 4104/4104/4104
f 3289/3289/3289 3262/3262/3262 4150/4150/4150
f 3911/3911/3911 3855/3855/3855 4055/4055/4055
f 3855/3855/3855 4152/4152/4152 4055/4055/4055
f 3750/3750/3750 4059/4059/4059 3855/3855/3855
f 3722/3722/3722 3922/3922/3922 4153/4153/4153
f 3954/3954/3954 3918/3918/3918 3795/3795/3795
f 3722/3722/3722 4153/4153/4153 4154/4154/4154
f 4157/4157/4157 4018/4018/4018 4072/4072/4072
f 4073/4073/4073 4020/4020/4020 3924/3924/3924
f 4123/4123/4123 4158/4158/4158 4126/4126/4126
f 3294/3294/3294 4131/4131/4131 4014/4014/4014
f 3956/3956/3956 4161/4161/4161 3920/3920/3920
f 3294/3294/3294 4115/4115/4115 4129/4129/4129
f 3956/3956/3956 4164/4164/4164 4161/4161/4161
f 4117/4117/4117 4124/4124/4124 4120/4120/4120
f 4118/4118/4118 4121/4121/4121 4128/4128/4128
f 4129/4129/4129 4123/4123/4123 4131/4131/4131
f 4123/4123/4123 4126/4126/4126 4131/4131/4131
f 4133/4133/4133 4166/4166/4166 4168/4168/4168
f 4129/4129/4129 4171/4171/4171 4132/4132/4132
f 4132/4132/4132 4171/4171/4171 4173/4173/4173
f 3697/3697/3697 4079/4079/4079 3882/3882/3882
f 3963/3963/3963 4137/4137/4137 4136/4136/4136
f 3881/3881/3881 4137/4137/4137 3884/3884/3884
f 4084/4084/4084 4174/4174/4174 3933/3933/3933
f 4085/4085/4085 4175/4175/4175 4177/4177/4177
f 4086/4086/4086 3937/3937/3937 4176/4176/4176
f 3998/3998/3998 4178/4178/4178 4030/4030/4030
f 4033/4033/4033 4031/4031/4031 4039/4039/4039
f 4037/4037/4037 4182/4182/4182 3994/3994/3994
f 3977/3977/3977 4144/4144/4144 4036/4036/4036
f 4043/4043/4043 4184/4184/4184 4001/4001/4001
f 4096/4096/4096 4185/4185/4185 4043/4043/4043
f 3745/3745/3745 3817/3817/3817 3952/3952/3952
f 4045/4045/4045 4098/4098/4098 4047/4047/4047
f 3854/3854/3854 4151/4151/4151 4003/4003/4003
f 4002/4002/4002 4150/4150/4150 3262/3262/3262
f 4055/4055/4055 4152/4152/4152 3913/3913/3913
f 4152/4152/4152 3855/3855/3855 4059/4059/4059
f 4063/4063/4063 4186/4186/4186 4065/4065/4065
f 4005/4005/4005 4006/4006/4006 4113/4113/4113
f 4010/4010/4010 4008/4008/4008 4188/4188/4188
f 3922/3922/3922 4068/4068/4068 4190/4190/4190
f 4193/4193/4193 4194/4194/4194 4197/4197/4197
f 4157/4157/4157 4072/4072/4072 4194/4194/4194
f 4157/4157/4157 4194/4194/4194 4193/4193/4193
f 3722/3722/3722 4154/4154/4154 4116/4116/4116
f 4155/4155/4155 4191/4191/4191 4199/4199/4199
f 4017/4017/4017 4156/4156/4156 4200/4200/4200
f 4124/4124/4124 4204/4204/4204 4120/4120/4120
f 4123/4123/4123 4132/4132/4132 4158/4158/4158
f 4122/4122/4122 4130/4130/4130 4125/4125/4125
f 4123/4123/4123 4205/4205/4205 4131/4131/4131
f 4165/4165/4165 3957/3957/3957 4207/4207/4207
f 4133/4133/4133 4115/4115/4115 4166/4166/4166
f 4076/4076/4076 4208/4208/4208 4164/4164/4164
f 4078/4078/4078 4019/4019/4019 4209/4209/4209
f 4133/4133/4133 4171/4171/4171 4129/4129/4129
f 3881/3881/3881 4077/4077/4077 4137/4137/4137
f 4135/4135/4135 4082/4082/4082 4023/4023/4023
f 4211/4211/4211 4213/4213/4213 4215/4215/4215
f 4082/4082/4082 4135/4135/4135 4081/4081/4081
f 3927/3927/3927 4136/4136/4136 4216/4216/4216
f 4173/4173/4173 4171/4171/4171 4213/4213/4213
f 3959/3959/3959 4024/4024/4024 4081/4081/4081
f 3961/3961/3961 4083/4083/4083 4025/4025/4025
f 4213/4213/4213 4218/4218/4218 4219/4219/4219
f 4220/4220/4220 4218/4218/4218 4222/4222/4222
f 4220/4220/4220 4223/4223/4223 4225/4225/4225
f 4218/4218/4218 4227/4227/4227 4222/4222/4222
f 4220/4220/4220 4222/4222/4222 4223/4223/4223
f 3933/3933/3933 4228/4228/4228 3989/3989/3989
f 4085/4085/4085 4177/4177/4177 4140/4140/4140
f 3937/3937/3937 4229/4229/4229 4176/4176/4176
f 3966/3966/3966 4231/4231/4231 4088/4088/4088
f 3937/3937/3937 3995/3995/3995 4229/4229/4229
f 3999/3999/3999 4090/4090/4090 4180/4180/4180
f 4143/4143/4143 4232/4232/4232 3995/3995/3995
f 3994/3994/3994 4182/4182/4182 3900/3900/3900
f 4031/4031/4031 4040/4040/4040 4039/4039/4039
f 4031/4031/4031 4233/4233/4233 4040/4040/4040
f 4182/4182/4182 4037/4037/4037 4236/4236/4236
f 4096/4096/4096 3949/3949/3949 4185/4185/4185
f 3617/3617/3617 4238/4238/4238 3780/3780/3780
f 3854/3854/3854 4053/4053/4053 4151/4151/4151
f 3913/3913/3913 4152/4152/4152 4239/4239/4239
f 3860/3860/3860 3913/3913/3913 4239/4239/4239
f 4063/4063/4063 3859/3859/3859 4186/4186/4186
f 4059/4059/4059 4062/4062/4062 4240/4240/4240
f 4189/4189/4189 4009/4009/4009 4241/4241/4241
f 3878/3878/3878 4067/4067/4067 4070/4070/4070
f 3867/3867/3867 3921/3921/3921 4245/4245/4245
f 3922/3922/3922 4246/4246/4246 4153/4153/4153
f 3820/3820/3820 4247/4247/4247 3985/3985/3985
f 3921/3921/3921 4162/4162/4162 4245/4245/4245
f 4127/4127/4127 4159/4159/4159 4206/4206/4206
f 3957/3957/3957 4075/4075/4075 4207/4207/4207
f 4210/4210/4210 4214/4214/4214 4212/4212/4212
f 4173/4173/4173 4213/4213/4213 4215/4215/4215
f 4213/4213/4213 4219/4219/4219 4215/4215/4215
f 4024/4024/4024 4082/4082/4082 4081/4081/4081
f 4136/4136/4136 4137/4137/4137 4216/4216/4216
f 4218/4218/4218 4139/4139/4139 4252/4252/4252
f 4253/4253/4253 4217/4217/4217 4250/4250/4250
f 4252/4252/4252 4256/4256/4256 4254/4254/4254
f 4218/4218/4218 4256/4256/4256 4219/4219/4219
f 4171/4171/4171 4257/4257/4257 4213/4213/4213
f 4254/4254/4254 4256/4256/4256 4218/4218/4218
f 4259/4259/4259 4213/4213/4213 4257/4257/4257
f 4218/4218/4218 4220/4220/4220 4139/4139/4139
f 4221/4221/4221 4226/4226/4226 4261/4261/4261
f 4213/4213/4213 4259/4259/4259 4218/4218/4218
f 4224/4224/4224 4262/4262/4262 4226/4226/4226
f 4222/4222/4222 4263/4263/4263 4223/4223/4223
f 4224/4224/4224 4264/4264/4264 4268/4268/4268
f 4084/4084/4084 4140/4140/4140 4174/4174/4174
f 3933/3933/3933 4174/4174/4174 4228/4228/4228
f 3966/3966/3966 4142/4142/4142 4270/4270/4270
f 4087/4087/4087 4230/4230/4230 4271/4271/4271
f 4090/4090/4090 4088/4088/4088 4273/4273/4273
f 4180/4180/4180 4090/4090/4090 4273/4273/4273
f 4180/4180/4180 4273/4273/4273 4275/4275/4275
f 4182/4182/4182 4278/4278/4278 4236/4236/4236
f 4276/4276/4276 4181/4181/4181 4234/4234/4234
f 4040/4040/4040 4279/4279/4279 3774/3774/3774
f 3982/3982/3982 3951/3951/3951 4092/4092/4092
f 4001/4001/4001 4280/4280/4280 4093/4093/4093
f 4043/4043/4043 4185/4185/4185 4284/4284/4284
f 4042/4042/4042 4283/4283/4283 4183/4183/4183
f 4046/4046/4046 4285/4285/4285 3904/3904/3904
f 4046/4046/4046 4288/4288/4288 4285/4285/4285
f 3860/3860/3860 4289/4289/4289 4187/4187/4187
f 4065/4065/4065 4186/4186/4186 4291/4291/4291
f 4114/4114/4114 4240/4240/4240 4062/4062/4062
f 4114/4114/4114 4007/4007/4007 4240/4240/4240
f 4011/4011/4011 4294/4294/4294 4298/4298/4298
f 3866/3866/3866 4300/4300/4300 4006/4006/4006
f 4189/4189/4189 4241/4241/4241 4011/4011/4011
f 4070/4070/4070 4304/4304/4304 4306/4306/4306
f 4246/4246/4246 3922/3922/3922 4190/4190/4190
f 4073/4073/4073 4070/4070/4070 4306/4306/4306
f 3820/3820/3820 4015/4015/4015 4247/4247/4247
f 4072/4072/4072 4305/4305/4305 4194/4194/4194
f 4131/4131/4131 4205/4205/4205 4014/4014/4014
f 4154/4154/4154 4307/4307/4307 4116/4116/4116
f 4154/4154/4154 4153/4153/4153 4307/4307/4307
f 4132/4132/4132 4308/4308/4308 4158/4158/4158
f 4132/4132/4132 4173/4173/4173 4308/4308/4308
f 4075/4075/4075 3927/3927/3927 4207/4207/4207
f 4165/4165/4165 4207/4207/4207 3927/3927/3927
f 4075/4075/4075 4023/4023/4023 3927/3927/3927
f 4216/4216/4216 4165/4165/4165 3927/3927/3927
f 4077/4077/4077 4165/4165/4165 4216/4216/4216
f 4077/4077/4077 4216/4216/4216 4137/4137/4137
f 4251/4251/4251 4138/4138/4138 4255/4255/4255
f 4139/4139/4139 4309/4309/4309 4256/4256/4256
f 4219/4219/4219 4310/4310/4310 4312/4312/4312
f 4215/4215/4215 4219/4219/4219 4312/4312/4312
f 4219/4219/4219 4256/4256/4256 4310/4310/4310
f 4220/4220/4220 4260/4260/4260 4139/4139/4139
f 4226/4226/4226 4315/4315/4315 4261/4261/4261
f 4226/4226/4226 4317/4317/4317 4315/4315/4315
f 4226/4226/4226 4262/4262/4262 4321/4321/4321
f 4262/4262/4262 4224/4224/4224 4268/4268/4268
f 4264/4264/4264 4326/4326/4326 4268/4268/4268
f 4088/4088/4088 4272/4272/4272 4327/4327/4327
f 4088/4088/4088 4327/4327/4327 4273/4273/4273
f 3900/3900/3900 4182/4182/4182 4143/4143/4143
f 4182/4182/4182 4236/4236/4236 4143/4143/4143
f 4277/4277/4277 4235/4235/4235 4035/4035/4035
f 4278/4278/4278 4037/4037/4037 4236/4236/4236
f 3712/3712/3712 4329/4329/4329 4144/4144/4144
f 4000/4000/4000 4331/4331/4331 3712/3712/3712
f 3774/3774/3774 4279/4279/4279 3978/3978/3978
f 4094/4094/4094 4335/4335/4335 4149/4149/4149
f 4046/4046/4046 4097/4097/4097 4288/4288/4288
f 3817/3817/3817 4099/4099/4099 3952/3952/3952
f 3905/3905/3905 4286/4286/4286 4105/4105/4105
f 3289/3289/3289 4150/4150/4150 3784/3784/3784
f 4056/4056/4056 3781/3781/3781 4050/4050/4050
f 4152/4152/4152 4059/4059/4059 4336/4336/4336
f 4066/4066/4066 4293/4293/4293 4067/4067/4067
f 4241/4241/4241 4294/4294/4294 4011/4011/4011
f 4009/4009/4009 3869/3869/3869 4241/4241/4241
f 4067/4067/4067 4304/4304/4304 4070/4070/4070
f 4246/4246/4246 4190/4190/4190 4338/4338/4338
f 4153/4153/4153 4246/4246/4246 4338/4338/4338
f 4192/4192/4192 4195/4195/4195 4201/4201/4201
f 4161/4161/4161 4164/4164/4164 4208/4208/4208
f 4019/4019/4019 4203/4203/4203 4209/4209/4209
f 4173/4173/4173 4215/4215/4215 4308/4308/4308
f 3927/3927/3927 4023/4023/4023 4082/4082/4082
f 4169/4169/4169 4340/4340/4340 4134/4134/4134
f 4133/4133/4133 4339/4339/4339 4171/4171/4171
f 4139/4139/4139 4341/4341/4341 4309/4309/4309
f 4259/4259/4259 4257/4257/4257 4343/4343/4343
f 4259/4259/4259 4343/4343/4343 4344/4344/4344
f 4316/4316/4316 4346/4346/4346 4347/4347/4347
f 4226/4226/4226 4321/4321/4321 4317/4317/4317
f 4259/4259/4259 4227/4227/4227 4218/4218/4218
f 4262/4262/4262 4268/4268/4268 4321/4321/4321
f 4263/4263/4263 4222/4222/4222 4323/4323/4323
f 4228/4228/4228 4348/4348/4348 3989/3989/3989
f 3966/3966/3966 4270/4270/4270 4231/4231/4231
f 4229/4229/4229 3995/3995/3995 4349/4349/4349
f 4233/4233/4233 4031/4031/4031 4350/4350/4350
f 4236/4236/4236 4037/4037/4037 4351/4351/4351
f 4038/4038/4038 4354/4354/4354 4352/4352/4352
f 3712/3712/3712 4331/4331/4331 4329/4329/4329
f 4145/4145/4145 4332/4332/4332 4355/4355/4355
f 3979/3979/3979 4359/4359/4359 3982/3982/3982
f 4094/4094/4094 4282/4282/4282 4335/4335/4335
f 4185/4185/4185 3949/3949/3949 4360/4360/4360
f 4184/4184/4184 4284/4284/4284 4001/4001/4001
f 3953/3953/3953 4238/4238/4238 3617/3617/3617
f 4288/4288/4288 4097/4097/4097 4285/4285/4285
f 4152/4152/4152 4336/4336/4336 4239/4239/4239
f 4336/4336/4336 4059/4059/4059 4007/4007/4007
f 4240/4240/4240 4007/4007/4007 4059/4059/4059
f 4067/4067/4067 4293/4293/4293 4363/4363/4363
f 4012/4012/4012 4299/4299/4299 4190/4190/4190
f 4245/4245/4245 4197/4197/4197 3867/3867/3867
f 4068/4068/4068 4012/4012/4012 4190/4190/4190
f 3923/3923/3923 3985/3985/3985 4364/4364/4364
f 4194/4194/4194 4305/4305/4305 4197/4197/4197
f 4153/4153/4153 4338/4338/4338 4367/4367/4367
f 4161/4161/4161 4208/4208/4208 4368/4368/4368
f 4167/4167/4167 4370/4370/4370 4169/4169/4169
f 4310/4310/4310 4256/4256/4256 4309/4309/4309
f 4309/4309/4309 4341/4341/4341 4371/4371/4371
f 4139/4139/4139 4260/4260/4260 4341/4341/4341
f 4346/4346/4346 4373/4373/4373 4347/4347/4347
f 4346/4346/4346 4316/4316/4316 4320/4320/4320
f 4259/4259/4259 4344/4344/4344 4227/4227/4227
f 4375/4375/4375 4346/4346/4346 4379/4379/4379
f 4324/4324/4324 4375/4375/4375 4267/4267/4267
f 4267/4267/4267 4375/4375/4375 4320/4320/4320
f 4318/4318/4318 4374/4374/4374 4376/4376/4376
f 4319/4319/4319 4377/4377/4377 4265/4265/4265
f 4320/4320/4320 4267/4267/4267 4379/4379/4379
f 4324/4324/4324 4381/4381/4381 4375/4375/4375
f 4344/4344/4344 4323/4323/4323 4227/4227/4227
f 4266/4266/4266 4378/4378/4378 4322/4322/4322
f 4227/4227/4227 4323/4323/4323 4222/4222/4222
f 4384/4384/4384 4323/4323/4323 4344/4344/4344
f 4140/4140/4140 4177/4177/4177 4174/4174/4174
f 4229/4229/4229 4386/4386/4386 4176/4176/4176
f 4178/4178/4178 4387/4387/4387 4030/4030/4030
f 4143/4143/4143 4236/4236/4236 4351/4351/4351
f 4036/4036/4036 4144/4144/4144 4353/4353/4353
f 4040/4040/4040 4389/4389/4389 4390/4390/4390
f 4000/4000/4000 4392/4392/4392 4331/4331/4331
f 4000/4000/4000 4148/4148/4148 4392/4392/4392
f 4185/4185/4185 4360/4360/4360 4284/4284/4284
f 4098/4098/4098 3780/3780/3780 4395/4395/4395
f 4396/4396/4396 3784/3784/3784 4150/4150/4150
f 4052/4052/4052 3783/3783/3783 4398/4398/4398
f 4362/4362/4362 4292/4292/4292 4303/4303/4303
f 3867/3867/3867 4289/4289/4289 4301/4301/4301
f 4363/4363/4363 4304/4304/4304 4067/4067/4067
f 4241/4241/4241 3869/3869/3869 4294/4294/4294
f 3870/3870/3870 4401/4401/4401 4296/4296/4296
f 4242/4242/4242 4404/4404/4404 4409/4409/4409
f 4243/4243/4243 4410/4410/4410 4412/4412/4412
f 4245/4245/4245 4162/4162/4162 4405/4405/4405
f 4244/4244/4244 4413/4413/4413 4196/4196/4196
f 4158/4158/4158 4308/4308/4308 4416/4416/4416
f 4116/4116/4116 4307/4307/4307 4370/4370/4370
f 4116/4116/4116 4370/4370/4370 4167/4167/4167
f 4215/4215/4215 4312/4312/4312 4419/4419/4419
f 4172/4172/4172 4340/4340/4340 4423/4423/4423
f 4425/4425/4425 4257/4257/4257 4171/4171/4171
f 4424/4424/4424 4170/4170/4170 4421/4421/4421
f 4425/4425/4425 4422/4422/4422 4257/4257/4257
f 4347/4347/4347 4314/4314/4314 4316/4316/4316
f 4346/4346/4346 4426/4426/4426 4373/4373/4373
f 4347/4347/4347 4426/4426/4426 4427/4427/4427
f 4346/4346/4346 4320/4320/4320 4379/4379/4379
f 4268/4268/4268 4326/4326/4326 4380/4380/4380
f 4427/4427/4427 4426/4426/4426 4429/4429/4429
f 4427/4427/4427 4429/4429/4429 4174/4174/4174
f 4346/4346/4346 4348/4348/4348 4426/4426/4426
f 4346/4346/4346 4430/4430/4430 4348/4348/4348
f 4228/4228/4228 4174/4174/4174 4429/4429/4429
f 4228/4228/4228 4429/4429/4429 4348/4348/4348
f 3989/3989/3989 4348/4348/4348 4141/4141/4141
f 4229/4229/4229 4349/4349/4349 4386/4386/4386
f 4230/4230/4230 4432/4432/4432 4271/4271/4271
f 4231/4231/4231 4434/4434/4434 4433/4433/4433
f 4327/4327/4327 4435/4435/4435 4273/4273/4273
f 4327/4327/4327 4433/4433/4433 4435/4435/4435
f 4143/4143/4143 4436/4436/4436 4232/4232/4232
f 4040/4040/4040 4390/4390/4390 4279/4279/4279
f 4330/4330/4330 4391/4391/4391 4328/4328/4328
f 4355/4355/4355 4437/4437/4437 4145/4145/4145
f 4001/4001/4001 4284/4284/4284 4280/4280/4280
f 3780/3780/3780 4238/4238/4238 4395/4395/4395
f 4440/4440/4440 4285/4285/4285 4097/4097/4097
f 4053/4053/4053 4399/4399/4399 4151/4151/4151
f 3783/3783/3783 4443/4443/4443 4398/4398/4398
f 3784/3784/3784 4396/4396/4396 4446/4446/4446
f 3860/3860/3860 4239/4239/4239 4289/4289/4289
f 3782/3782/3782 4445/4445/4445 4447/4447/4447
f 4239/4239/4239 4336/4336/4336 4289/4289/4289
f 4007/4007/4007 4301/4301/4301 4336/4336/4336
f 4294/4294/4294 4450/4450/4450 4298/4298/4298
f 4292/4292/4292 4187/4187/4187 4303/4303/4303
f 3867/3867/3867 4197/4197/4197 4289/4289/4289
f 3870/3870/3870 4364/4364/4364 4401/4401/4401
f 3923/3923/3923 4364/4364/4364 3870/3870/3870
f 4452/4452/4452 4454/4454/4454 4457/4457/4457
f 4202/4202/4202 4198/4198/4198 4414/4414/4414
f 4208/4208/4208 4459/4459/4459 4368/4368/4368
f 4203/4203/4203 4415/4415/4415 4209/4209/4209
f 4313/4313/4313 4462/4462/4462 4463/4463/4463
f 4313/4313/4313 4311/4311/4311 4462/4462/4462
f 4309/4309/4309 4464/4464/4464 4310/4310/4310
f 4309/4309/4309 4371/4371/4371 4464/4464/4464
f 4423/4423/4423 4468/4468/4468 4258/4258/4258
f 4344/4344/4344 4343/4343/4343 4467/4467/4467
f 4347/4347/4347 4373/4373/4373 4426/4426/4426
f 4385/4385/4385 4345/4345/4345 4470/4470/4470
f 4375/4375/4375 4381/4381/4381 4430/4430/4430
f 4324/4324/4324 4471/4471/4471 4381/4381/4381
f 4346/4346/4346 4375/4375/4375 4430/4430/4430
f 4429/4429/4429 4426/4426/4426 4348/4348/4348
f 4427/4427/4427 4174/4174/4174 4175/4175/4175
f 4231/4231/4231 4472/4472/4472 4434/4434/4434
f 4272/4272/4272 4433/4433/4433 4327/4327/4327
f 4232/4232/4232 4436/4436/4436 4473/4473/4473
f 4233/4233/4233 4350/4350/4350 4389/4389/4389
f 4233/4233/4233 4389/4389/4389 4040/4040/4040
f 4353/4353/4353 4144/4144/4144 4474/4474/4474
f 3978/3978/3978 4476/4476/4476 4358/4358/4358
f 4333/4333/4333 4478/4478/4478 4356/4356/4356
f 3982/3982/3982 4359/4359/4359 3951/3951/3951
f 3783/3783/3783 4448/4448/4448 4443/4443/4443
f 4449/4449/4449 4446/4446/4446 4396/4396/4396
f 4449/4449/4449 4396/4396/4396 4480/4480/4480
f 4302/4302/4302 4290/4290/4290 4337/4337/4337
f 4298/4298/4298 4450/4450/4450 4482/4482/4482
f 4303/4303/4303 4187/4187/4187 4486/4486/4486
f 4453/4453/4453 4480/4480/4480 4455/4455/4455
f 4486/4486/4486 4289/4289/4289 4305/4305/4305
f 4305/4305/4305 4289/4289/4289 4197/4197/4197
f 4163/4163/4163 4369/4369/4369 4460/4460/4460
f 4163/4163/4163 4460/4460/4460 4406/4406/4406
f 4206/4206/4206 4159/4159/4159 4487/4487/4487
f 4016/4016/4016 4206/4206/4206 4491/4491/4491
f 4153/4153/4153 4367/4367/4367 4307/4307/4307
f 4308/4308/4308 4215/4215/4215 4416/4416/4416
f 4313/4313/4313 4463/4463/4463 4420/4420/4420
f 4311/4311/4311 4465/4465/4465 4462/4462/4462
f 4423/4423/4423 4493/4493/4493 4468/4468/4468
f 4343/4343/4343 4257/4257/4257 4467/4467/4467
f 4347/4347/4347 4427/4427/4427 4494/4494/4494
f 4471/4471/4471 4324/4324/4324 4496/4496/4496
f 4141/4141/4141 4348/4348/4348 4430/4430/4430
f 4141/4141/4141 4430/4430/4430 4499/4499/4499
f 4141/4141/4141 4499/4499/4499 4502/4502/4502
f 4270/4270/4270 4505/4505/4505 4472/4472/4472
f 4270/4270/4270 4472/4472/4472 4231/4231/4231
f 4433/4433/4433 4434/4434/4434 4435/4435/4435
f 4349/4349/4349 3995/3995/3995 4506/4506/4506
f 3995/3995/3995 4232/4232/4232 4506/4506/4506
f 4274/4274/4274 4388/4388/4388 4179/4179/4179
f 4275/4275/4275 4273/4273/4273 4509/4509/4509
f 4144/4144/4144 4329/4329/4329 4474/4474/4474
f 4279/4279/4279 4390/4390/4390 4512/4512/4512
f 4357/4357/4357 4479/4479/4479 4439/4439/4439
f 4361/4361/4361 3950/3950/3950 4281/4281/4281
f 4284/4284/4284 4360/4360/4360 4280/4280/4280
f 4151/4151/4151 4399/4399/4399 4514/4514/4514
f 4396/4396/4396 4150/4150/4150 4513/4513/4513
f 4449/4449/4449 4480/4480/4480 4453/4453/4453
f 4289/4289/4289 4486/4486/4486 4187/4187/4187
f 4448/4448/4448 4452/4452/4452 4443/4443/4443
f 4299/4299/4299 4484/4484/4484 4190/4190/4190
f 4303/4303/4303 4486/4486/4486 4305/4305/4305
f 4247/4247/4247 4015/4015/4015 4516/4516/4516
f 4490/4490/4490 4516/4516/4516 4015/4015/4015
f 4340/4340/4340 4518/4518/4518 4423/4423/4423
f 4261/4261/4261 4315/4315/4315 4342/4342/4342
f 4428/4428/4428 4519/4519/4519 4521/4521/4521
f 4176/4176/4176 4519/4519/4519 4428/4428/4428
f 4325/4325/4325 4522/4522/4522 4497/4497/4497
f 4385/4385/4385 4470/4470/4470 4325/4325/4325
f 4471/4471/4471 4496/4496/4496 4381/4381/4381
f 4177/4177/4177 4175/4175/4175 4174/4174/4174
f 4502/4502/4502 4504/4504/4504 4141/4141/4141
f 4502/4502/4502 4523/4523/4523 4504/4504/4504
f 4503/4503/4503 4500/4500/4500 4524/4524/4524
f 4472/4472/4472 4525/4525/4525 4434/4434/4434
f 4031/4031/4031 4527/4527/4527 4350/4350/4350
f 4392/4392/4392 4148/4148/4148 4329/4329/4329
f 3978/3978/3978 4279/4279/4279 4476/4476/4476
f 4285/4285/4285 4440/4440/4440 4528/4528/4528
f 4443/4443/4443 4531/4531/4531 4398/4398/4398
f 4483/4483/4483 4451/4451/4451 4295/4295/4295
f 4452/4452/4452 4457/4457/4457 4443/4443/4443
f 4411/4411/4411 4407/4407/4407 4415/4415/4415
f 4338/4338/4338 4190/4190/4190 4533/4533/4533
f 3985/3985/3985 4247/4247/4247 4364/4364/4364
f 4460/4460/4460 4534/4534/4534 4406/4406/4406
f 4459/4459/4459 4208/4208/4208 4403/4403/4403
f 4209/4209/4209 4415/4415/4415 4407/4407/4407
f 4487/4487/4487 4159/4159/4159 4536/4536/4536
f 4206/4206/4206 4487/4487/4487 4517/4517/4517
f 4340/4340/4340 4169/4169/4169 4518/4518/4518
f 4347/4347/4347 4494/4494/4494 4314/4314/4314
f 4468/4468/4468 4493/4493/4493 4345/4345/4345
f 4325/4325/4325 4470/4470/4470 4522/4522/4522
f 4431/4431/4431 4382/4382/4382 4538/4538/4538
f 4501/4501/4501 4431/4431/4431 4538/4538/4538
f 4176/4176/4176 4386/4386/4386 4539/4539/4539
f 4273/4273/4273 4435/4435/4435 4434/4434/4434
f 4232/4232/4232 4473/4473/4473 4506/4506/4506
f 4473/4473/4473 4436/4436/4436 4506/4506/4506
f 4274/4274/4274 4508/4508/4508 4388/4388/4388
f 4143/4143/4143 4351/4351/4351 4436/4436/4436
f 4352/4352/4352 4354/4354/4354 4540/4540/4540
f 4146/4146/4146 4438/4438/4438 4541/4541/4541
f 4442/4442/4442 4098/4098/4098 4395/4395/4395
f 4106/4106/4106 4545/4545/4545 4102/4102/4102
f 4297/4297/4297 4551/4551/4551 4485/4485/4485
f 4484/4484/4484 4552/4552/4552 4190/4190/4190
f 4190/4190/4190 4554/4554/4554 4533/4533/4533
f 4456/4456/4456 4481/4481/4481 4458/4458/4458
f 4338/4338/4338 4533/4533/4533 4367/4367/4367
f 4533/4533/4533 4555/4555/4555 4367/4367/4367
f 4248/4248/4248 4517/4517/4517 4556/4556/4556
f 4461/4461/4461 4408/4408/4408 4535/4535/4535
f 4206/4206/4206 4517/4517/4517 4491/4491/4491
f 4160/4160/4160 4417/4417/4417 4537/4537/4537
f 4370/4370/4370 4518/4518/4518 4169/4169/4169
f 4342/4342/4342 4315/4315/4315 4558/4558/4558
f 4345/4345/4345 4493/4493/4493 4560/4560/4560
f 4345/4345/4345 4560/4560/4560 4470/4470/4470
f 4383/4383/4383 4498/4498/4498 4562/4562/4562
f 4563/4563/4563 4382/4382/4382 4561/4561/4561
f 4382/4382/4382 4563/4563/4563 4538/4538/4538
f 4563/4563/4563 4564/4564/4564 4538/4538/4538
f 4501/4501/4501 4538/4538/4538 4564/4564/4564
f 4269/4269/4269 4141/4141/4141 4504/4504/4504
f 4472/4472/4472 4505/4505/4505 4525/4525/4525
f 4273/4273/4273 4434/4434/4434 4565/4565/4565
f 4387/4387/4387 4526/4526/4526 4030/4030/4030
f 4512/4512/4512 4390/4390/4390 4389/4389/4389
f 4279/4279/4279 4512/4512/4512 4476/4476/4476
f 4334/4334/4334 4566/4566/4566 4479/4479/4479
f 4359/4359/4359 4335/4335/4335 3951/3951/3951
f 4282/4282/4282 3951/3951/3951 4335/4335/4335
f 3952/3952/3952 4099/4099/4099 4544/4544/4544
f 4297/4297/4297 4402/4402/4402 4551/4551/4551
f 4215/4215/4215 4419/4419/4419 4416/4416/4416
f 4465/4465/4465 4571/4571/4571 4462/4462/4462
f 4423/4423/4423 4518/4518/4518 4493/4493/4493
f 4434/4434/4434 4525/4525/4525 4573/4573/4573
f 4436/4436/4436 4574/4574/4574 4506/4506/4506
f 4354/4354/4354 4475/4475/4475 4540/4540/4540
f 4540/4540/4540 4576/4576/4576 4352/4352/4352
f 4389/4389/4389 4578/4578/4578 4512/4512/4512
f 4543/4543/4543 4567/4567/4567 4147/4147/4147
f 4479/4479/4479 4566/4566/4566 4439/4439/4439
f 4237/4237/4237 4107/4107/4107 4393/4393/4393
f 4400/4400/4400 4532/4532/4532 4515/4515/4515
f 4397/4397/4397 4515/4515/4515 4532/4532/4532
f 4481/4481/4481 4397/4397/4397 4458/4458/4458
f 4444/4444/4444 4458/4458/4458 4532/4532/4532
f 4190/4190/4190 4552/4552/4552 4554/4554/4554
f 4557/4557/4557 4366/4366/4366 4249/4249/4249
f 4533/4533/4533 4554/4554/4554 4555/4555/4555
f 4418/4418/4418 4420/4420/4420 4580/4580/4580
f 4420/4420/4420 4463/4463/4463 4580/4580/4580
f 4462/4462/4462 4580/4580/4580 4463/4463/4463
f 4370/4370/4370 4307/4307/4307 4581/4581/4581
f 4342/4342/4342 4558/4558/4558 4372/4372/4372
f 4519/4519/4519 4176/4176/4176 4583/4583/4583
f 4386/4386/4386 4349/4349/4349 4539/4539/4539
f 4524/4524/4524 4500/4500/4500 4572/4572/4572
f 4573/4573/4573 4584/4584/4584 4434/4434/4434
f 4436/4436/4436 4351/4351/4351 4586/4586/4586
f 4389/4389/4389 4350/4350/4350 4588/4588/4588
f 4329/4329/4329 4148/4148/4148 4589/4589/4589
f 4512/4512/4512 4578/4578/4578 4476/4476/4476
f 4148/4148/4148 4568/4568/4568 4589/4589/4589
f 4358/4358/4358 4476/4476/4476 4591/4591/4591
f 4238/4238/4238 4594/4594/4594 4112/4112/4112
f 4287/4287/4287 4529/4529/4529 4108/4108/4108
f 4109/4109/4109 4596/4596/4596 4546/4546/4546
f 4397/4397/4397 4532/4532/4532 4458/4458/4458
f 4553/4553/4553 4485/4485/4485 4600/4600/4600
f 4517/4517/4517 4487/4487/4487 4601/4601/4601
f 4581/4581/4581 4603/4603/4603 4370/4370/4370
f 4372/4372/4372 4558/4558/4558 4607/4607/4607
f 4315/4315/4315 4495/4495/4495 4558/4558/4558
f 4495/4495/4495 4608/4608/4608 4558/4558/4558
f 4428/4428/4428 4521/4521/4521 4495/4495/4495
f 4519/4519/4519 4583/4583/4583 4521/4521/4521
f 4176/4176/4176 4539/4539/4539 4610/4610/4610
f 4501/4501/4501 4611/4611/4611 4573/4573/4573
f 4506/4506/4506 4574/4574/4574 4615/4615/4615
f 4436/4436/4436 4586/4586/4586 4574/4574/4574
f 4388/4388/4388 4617/4617/4617 4618/4618/4618
f 4273/4273/4273 4565/4565/4565 4509/4509/4509
f 4388/4388/4388 4508/4508/4508 4617/4617/4617
f 4351/4351/4351 4575/4575/4575 4586/4586/4586
f 4542/4542/4542 4439/4439/4439 4566/4566/4566
f 4238/4238/4238 3953/3953/3953 4548/4548/4548
f 4110/4110/4110 4530/4530/4530 4394/4394/4394
f 4111/4111/4111 4593/4593/4593 4597/4597/4597
f 4551/4551/4551 4600/4600/4600 4485/4485/4485
f 4401/4401/4401 4364/4364/4364 4550/4550/4550
f 4552/4552/4552 4598/4598/4598 4554/4554/4554
f 4417/4417/4417 4619/4619/4619 4537/4537/4537
f 4580/4580/4580 4462/4462/4462 4571/4571/4571
f 4372/4372/4372 4607/4607/4607 4466/4466/4466
f 4518/4518/4518 4370/4370/4370 4603/4603/4603
f 4518/4518/4518 4621/4621/4621 4493/4493/4493
f 4559/4559/4559 4492/4492/4492 4469/4469/4469
f 4176/4176/4176 4610/4610/4610 4583/4583/4583
f 4617/4617/4617 4623/4623/4623 4618/4618/4618
f 4350/4350/4350 4527/4527/4527 4588/4588/4588
f 4389/4389/4389 4588/4588/4588 4578/4578/4578
f 4590/4590/4590 4569/4569/4569 4626/4626/4626
f 4530/4530/4530 4441/4441/4441 4394/4394/4394
f 4521/4521/4521 4608/4608/4608 4495/4495/4495
f 4498/4498/4498 4628/4628/4628 4562/4562/4562
f 4563/4563/4563 4561/4561/4561 4629/4629/4629
f 4501/4501/4501 4564/4564/4564 4611/4611/4611
f 4573/4573/4573 4611/4611/4611 4584/4584/4584
f 4388/4388/4388 4618/4618/4618 4623/4623/4623
f 4387/4387/4387 4622/4622/4622 4526/4526/4526
f 4576/4576/4576 4540/4540/4540 4632/4632/4632
f 4329/4329/4329 4589/4589/4589 4633/4633/4633
f 4600/4600/4600 4551/4551/4551 4636/4636/4636
f 4554/4554/4554 4637/4637/4637 4555/4555/4555
f 4517/4517/4517 4601/4601/4601 4556/4556/4556
f 4602/4602/4602 4489/4489/4489 4639/4639/4639
f 4537/4537/4537 4619/4619/4619 4488/4488/4488
f 4367/4367/4367 4555/4555/4555 4307/4307/4307
f 4563/4563/4563 4629/4629/4629 4564/4564/4564
f 4349/4349/4349 4640/4640/4640 4539/4539/4539
f 4349/4349/4349 4506/4506/4506 4640/4640/4640
f 4615/4615/4615 4644/4644/4644 4647/4647/4647
f 4615/4615/4615 4574/4574/4574 4644/4644/4644
f 4616/4616/4616 4649/4649/4649 4507/4507/4507
f 4617/4617/4617 4508/4508/4508 4623/4623/4623
f 4540/4540/4540 4475/4475/4475 4632/4632/4632
f 4329/4329/4329 4650/4650/4650 4474/4474/4474
f 4600/4600/4600 4636/4636/4636 4653/4653/4653
f 4554/4554/4554 4598/4598/4598 4637/4637/4637
f 4556/4556/4556 4601/4601/4601 4654/4654/4654
f 4417/4417/4417 4657/4657/4657 4619/4619/4619
f 4611/4611/4611 4659/4659/4659 4660/4660/4660
f 4506/4506/4506 4648/4648/4648 4640/4640/4640
f 4641/4641/4641 4612/4612/4612 4645/4645/4645
f 4647/4647/4647 4615/4615/4615 4644/4644/4644
f 4646/4646/4646 4642/4642/4642 4613/4613/4613
f 4434/4434/4434 4662/4662/4662 4565/4565/4565
f 4574/4574/4574 4586/4586/4586 4644/4644/4644
f 4565/4565/4565 4664/4664/4664 4509/4509/4509
f 4510/4510/4510 4666/4666/4666 4625/4625/4625
f 4577/4577/4577 4671/4671/4671 4587/4587/4587
f 4511/4511/4511 4665/4665/4665 4667/4667/4667
f 4590/4590/4590 4626/4626/4626 4634/4634/4634
f 4477/4477/4477 4359/4359/4359 4592/4592/4592
f 4359/4359/4359 4672/4672/4672 4335/4335/4335
f 4238/4238/4238 4548/4548/4548 4673/4673/4673
f 4238/4238/4238 4673/4673/4673 4594/4594/4594
f 4418/4418/4418 4677/4677/4677 4658/4658/4658
f 4418/4418/4418 4580/4580/4580 4677/4677/4677
f 4493/4493/4493 4621/4621/4621 4470/4470/4470
f 4628/4628/4628 4498/4498/4498 4679/4679/4679
f 4564/4564/4564 4659/4659/4659 4611/4611/4611
f 4643/4643/4643 4585/4585/4585 4614/4614/4614
f 4329/4329/4329 4633/4633/4633 4650/4650/4650
f 4359/4359/4359 4477/4477/4477 4672/4672/4672
f 4551/4551/4551 4681/4681/4681 4636/4636/4636
f 4364/4364/4364 4682/4682/4682 4550/4550/4550
f 4555/4555/4555 4637/4637/4637 4684/4684/4684
f 4518/4518/4518 4603/4603/4603 4686/4686/4686
f 4621/4621/4621 4518/4518/4518 4688/4688/4688
f 4497/4497/4497 4522/4522/4522 4678/4678/4678
f 4564/4564/4564 4629/4629/4629 4659/4659/4659
f 4649/4649/4649 4616/4616/4616 4587/4587/4587
f 4577/4577/4577 4690/4690/4690 4671/4671/4671
f 4474/4474/4474 4650/4650/4650 4630/4630/4630
f 4691/4691/4691 4635/4635/4635 4694/4694/4694
f 4637/4637/4637 4598/4598/4598 4684/4684/4684
f 4601/4601/4601 4638/4638/4638 4654/4654/4654
f 4555/4555/4555 4684/4684/4684 4699/4699/4699
f 4489/4489/4489 4620/4620/4620 4704/4704/4704
f 4307/4307/4307 4555/4555/4555 4699/4699/4699
f 4604/4604/4604 4582/4582/4582 4705/4705/4705
f 4465/4465/4465 4606/4606/4606 4571/4571/4571
f 4558/4558/4558 4608/4608/4608 4707/4707/4707
f 4518/4518/4518 4686/4686/4686 4688/4688/4688
f 4621/4621/4621 4688/4688/4688 4686/4686/4686
f 4621/4621/4621 4686/4686/4686 4709/4709/4709
f 4621/4621/4621 4522/4522/4522 4470/4470/4470
f 4610/4610/4610 4711/4711/4711 4583/4583/4583
f 4539/4539/4539 4712/4712/4712 4610/4610/4610
f 4434/4434/4434 4584/4584/4584 4662/4662/4662
f 4666/4666/4666 4714/4714/4714 4625/4625/4625
f 4689/4689/4689 4576/4576/4576 4632/4632/4632
f 4477/4477/4477 4579/4579/4579 4716/4716/4716
f 4549/4549/4549 4595/4595/4595 4674/4674/4674
f 4551/4551/4551 4683/4683/4683 4681/4681/4681
f 4694/4694/4694 4635/4635/4635 4680/4680/4680
f 4691/4691/4691 4652/4652/4652 4635/4635/4635
f 4599/4599/4599 4719/4719/4719 4685/4685/4685
f 4556/4556/4556 4654/4654/4654 4720/4720/4720
f 4489/4489/4489 4704/4704/4704 4639/4639/4639
f 4619/4619/4619 4657/4657/4657 4701/4701/4701
f 4580/4580/4580 4571/4571/4571 4677/4677/4677
f 4604/4604/4604 4724/4724/4724 4687/4687/4687
f 4539/4539/4539 4640/4640/4640 4712/4712/4712
f 4611/4611/4611 4660/4660/4660 4584/4584/4584
f 4569/4569/4569 4335/4335/4335 4725/4725/4725
f 4335/4335/4335 4672/4672/4672 4725/4725/4725
f 4547/4547/4547 4597/4597/4597 4593/4593/4593
f 4599/4599/4599 4652/4652/4652 4719/4719/4719
f 4366/4366/4366 4557/4557/4557 4726/4726/4726
f 4557/4557/4557 4722/4722/4722 4726/4726/4726
f 4639/4639/4639 4728/4728/4728 4656/4656/4656
f 4639/4639/4639 4704/4704/4704 4728/4728/4728
f 4307/4307/4307 4699/4699/4699 4729/4729/4729
f 4307/4307/4307 4729/4729/4729 4581/4581/4581
f 4705/4705/4705 4582/4582/4582 4730/4730/4730
f 4571/4571/4571 4731/4731/4731 4677/4677/4677
f 4604/4604/4604 4705/4705/4705 4724/4724/4724
f 4558/4558/4558 4734/4734/4734 4607/4607/4607
f 4558/4558/4558 4707/4707/4707 4734/4734/4734
f 4521/4521/4521 4735/4735/4735 4608/4608/4608
f 4621/4621/4621 4709/4709/4709 4522/4522/4522
f 4678/4678/4678 4522/4522/4522 4737/4737/4737
f 4610/4610/4610 4712/4712/4712 4740/4740/4740
f 4648/4648/4648 4668/4668/4668 4742/4742/4742
f 4690/4690/4690 4744/4744/4744 4671/4671/4671
f 4667/4667/4667 4665/4665/4665 4745/4745/4745
f 4690/4690/4690 4667/4667/4667 4744/4744/4744
f 4667/4667/4667 4745/4745/4745 4744/4744/4744
f 4666/4666/4666 4689/4689/4689 4714/4714/4714
f 4672/4672/4672 4477/4477/4477 4716/4716/4716
f 4569/4569/4569 4725/4725/4725 4626/4626/4626
f 4691/4691/4691 4719/4719/4719 4652/4652/4652
f 4691/4691/4691 4721/4721/4721 4719/4719/4719
f 4656/4656/4656 4747/4747/4747 4721/4721/4721
f 4655/4655/4655 4727/4727/4727 4746/4746/4746
f 4748/4748/4748 4696/4696/4696 4750/4750/4750
f 4675/4675/4675 4701/4701/4701 4657/4657/4657
f 4605/4605/4605 4570/4570/4570 4753/4753/4753
f 4571/4571/4571 4606/4606/4606 4754/4754/4754
f 4583/4583/4583 4711/4711/4711 4521/4521/4521
f 4610/4610/4610 4740/4740/4740 4711/4711/4711
f 4629/4629/4629 4561/4561/4561 4755/4755/4755
f 4659/4659/4659 4756/4756/4756 4660/4660/4660
f 4640/4640/4640 4648/4648/4648 4757/4757/4757
f 4662/4662/4662 4758/4758/4758 4565/4565/4565
f 4664/4664/4664 4565/4565/4565 4758/4758/4758
f 4587/4587/4587 4671/4671/4671 4649/4649/4649
f 4668/4668/4668 4760/4760/4760 4742/4742/4742
f 4689/4689/4689 4632/4632/4632 4714/4714/4714
f 4672/4672/4672 4716/4716/4716 4725/4725/4725
f 4719/4719/4719 4700/4700/4700 4685/4685/4685
f 4746/4746/4746 4727/4727/4727 4764/4764/4764
f 4749/4749/4749 4751/4751/4751 4697/4697/4697
f 4723/4723/4723 4766/4766/4766 4769/4769/4769
f 4724/4724/4724 4770/4770/4770 4687/4687/4687
f 4609/4609/4609 4736/4736/4736 4708/4708/4708
f 4561/4561/4561 4771/4771/4771 4755/4755/4755
f 4659/4659/4659 4629/4629/4629 4756/4756/4756
f 4629/4629/4629 4773/4773/4773 4756/4756/4756
f 4640/4640/4640 4757/4757/4757 4712/4712/4712
f 4648/4648/4648 4742/4742/4742 4757/4757/4757
f 4624/4624/4624 4715/4715/4715 4527/4527/4527
f 4588/4588/4588 4527/4527/4527 4715/4715/4715
f 4578/4578/4578 4588/4588/4588 4715/4715/4715
f 4634/4634/4634 4626/4626/4626 4651/4651/4651
f 4681/4681/4681 4683/4683/4683 4775/4775/4775
f 4719/4719/4719 4721/4721/4721 4747/4747/4747
f 4750/4750/4750 4696/4696/4696 4717/4717/4717
f 4728/4728/4728 4704/4704/4704 4777/4777/4777
f 4728/4728/4728 4777/4777/4777 4779/4779/4779
f 4779/4779/4779 4777/4777/4777 4780/4780/4780
f 4701/4701/4701 4675/4675/4675 4781/4781/4781
f 4711/4711/4711 4785/4785/4785 4521/4521/4521
f 4771/4771/4771 4561/4561/4561 4786/4786/4786
f 4629/4629/4629 4755/4755/4755 4773/4773/4773
f 4660/4660/4660 4789/4789/4789 4584/4584/4584
f 4671/4671/4671 4744/4744/4744 4791/4791/4791
f 4681/4681/4681 4775/4775/4775 4792/4792/4792
f 4695/4695/4695 4681/4681/4681 4793/4793/4793
f 4683/4683/4683 4365/4365/4365 4775/4775/4775
f 4752/4752/4752 4718/4718/4718 4698/4698/4698
f 4730/4730/4730 4700/4700/4700 4705/4705/4705
f 4778/4778/4778 4764/4764/4764 4727/4727/4727
f 4778/4778/4778 4795/4795/4795 4764/4764/4764
f 4778/4778/4778 4767/4767/4767 4795/4795/4795
f 4780/4780/4780 4768/4768/4768 4779/4779/4779
f 4780/4780/4780 4777/4777/4777 4797/4797/4797
f 4571/4571/4571 4754/4754/4754 4731/4731/4731
f 4521/4521/4521 4800/4800/4800 4735/4735/4735
f 4783/4783/4783 4798/4798/4798 4520/4520/4520
f 4679/4679/4679 4738/4738/4738 4628/4628/4628
f 4755/4755/4755 4771/4771/4771 4773/4773/4773
f 4756/4756/4756 4773/4773/4773 4660/4660/4660
f 4584/4584/4584 4789/4789/4789 4662/4662/4662
f 4759/4759/4759 4663/4663/4663 4803/4803/4803
f 4664/4664/4664 4758/4758/4758 4804/4804/4804
f 4807/4807/4807 4808/4808/4808 4810/4810/4810
f 4807/4807/4807 4810/4810/4810 4763/4763/4763
f 4744/4744/4744 4745/4745/4745 4791/4791/4791
f 4625/4625/4625 4714/4714/4714 4813/4813/4813
f 4624/4624/4624 4811/4811/4811 4715/4715/4715
f 4632/4632/4632 4815/4815/4815 4714/4714/4714
f 4681/4681/4681 4792/4792/4792 4793/4793/4793
f 4366/4366/4366 4726/4726/4726 4776/4776/4776
f 4747/4747/4747 4700/4700/4700 4719/4719/4719
f 4747/4747/4747 4816/4816/4816 4700/4700/4700
f 4747/4747/4747 4765/4765/4765 4816/4816/4816
f 4705/4705/4705 4796/4796/4796 4724/4724/4724
f 4724/4724/4724 4796/4796/4796 4768/4768/4768
f 4782/4782/4782 4676/4676/4676 4702/4702/4702
f 4703/4703/4703 4677/4677/4677 4731/4731/4731
f 4704/4704/4704 4732/4732/4732 4777/4777/4777
f 4797/4797/4797 4777/4777/4777 4770/4770/4770
f 4780/4780/4780 4797/4797/4797 4770/4770/4770
f 4768/4768/4768 4780/4780/4780 4770/4770/4770
f 4754/4754/4754 4606/4606/4606 4817/4817/4817
f 4754/4754/4754 4817/4817/4817 4731/4731/4731
f 4687/4687/4687 4770/4770/4770 4821/4821/4821
f 4706/4706/4706 4822/4822/4822 4733/4733/4733
f 4708/4708/4708 4826/4826/4826 4827/4827/4827
f 4829/4829/4829 4687/4687/4687 4821/4821/4821
f 4709/4709/4709 4686/4686/4686 4828/4828/4828
f 4522/4522/4522 4709/4709/4709 4828/4828/4828
f 4787/4787/4787 4562/4562/4562 4628/4628/4628
f 4522/4522/4522 4830/4830/4830 4737/4737/4737
f 4662/4662/4662 4789/4789/4789 4832/4832/4832
f 4759/4759/4759 4803/4803/4803 4835/4835/4835
f 4743/4743/4743 4763/4763/4763 4810/4810/4810
f 4670/4670/4670 4837/4837/4837 4838/4838/4838
f 4670/4670/4670 4838/4838/4838 4762/4762/4762
f 4745/4745/4745 4665/4665/4665 4840/4840/4840
f 4745/4745/4745 4840/4840/4840 4791/4791/4791
f 4725/4725/4725 4841/4841/4841 4626/4626/4626
f 4722/4722/4722 4693/4693/4693 4845/4845/4845
f 4705/4705/4705 4700/4700/4700 4816/4816/4816
f 4765/4765/4765 4796/4796/4796 4816/4816/4816
f 4770/4770/4770 4777/4777/4777 4848/4848/4848
f 4770/4770/4770 4848/4848/4848 4821/4821/4821
f 4849/4849/4849 4850/4850/4850 4607/4607/4607
f 4849/4849/4849 4852/4852/4852 4850/4850/4850
f 4849/4849/4849 4607/4607/4607 4852/4852/4852
f 4734/4734/4734 4823/4823/4823 4607/4607/4607
f 4607/4607/4607 4823/4823/4823 4852/4852/4852
f 4827/4827/4827 4824/4824/4824 4708/4708/4708
f 4827/4827/4827 4853/4853/4853 4824/4824/4824
f 4855/4855/4855 4826/4826/4826 4708/4708/4708
f 4827/4827/4827 4826/4826/4826 4853/4853/4853
f 4708/4708/4708 4736/4736/4736 4855/4855/4855
f 4853/4853/4853 4826/4826/4826 4857/4857/4857
f 4853/4853/4853 4859/4859/4859 4824/4824/4824
f 4853/4853/4853 4857/4857/4857 4859/4859/4859
f 4858/4858/4858 4787/4787/4787 4860/4860/4860
f 4828/4828/4828 4820/4820/4820 4861/4861/4861
f 4788/4788/4788 4859/4859/4859 4857/4857/4857
f 4787/4787/4787 4863/4863/4863 4860/4860/4860
f 4628/4628/4628 4863/4863/4863 4787/4787/4787
f 4522/4522/4522 4828/4828/4828 4861/4861/4861
f 4830/4830/4830 4627/4627/4627 4737/4737/4737
f 4774/4774/4774 4772/4772/4772 4867/4867/4867
f 4712/4712/4712 4868/4868/4868 4740/4740/4740
f 4757/4757/4757 4868/4868/4868 4712/4712/4712
f 4660/4660/4660 4870/4870/4870 4789/4789/4789
f 4757/4757/4757 4872/4872/4872 4868/4868/4868
f 4663/4663/4663 4833/4833/4833 4803/4803/4803
f 4742/4742/4742 4872/4872/4872 4757/4757/4757
f 4758/4758/4758 4873/4873/4873 4804/4804/4804
f 4758/4758/4758 4834/4834/4834 4873/4873/4873
f 4742/4742/4742 4809/4809/4809 4875/4875/4875
f 4805/4805/4805 4874/4874/4874 4877/4877/4877
f 4763/4763/4763 4791/4791/4791 4807/4807/4807
f 4631/4631/4631 4651/4651/4651 4814/4814/4814
f 4716/4716/4716 4812/4812/4812 4725/4725/4725
f 4725/4725/4725 4812/4812/4812 4841/4841/4841
f 4775/4775/4775 4878/4878/4878 4792/4792/4792
f 4695/4695/4695 4793/4793/4793 4692/4692/4692
f 4692/4692/4692 4793/4793/4793 4843/4843/4843
f 4705/4705/4705 4816/4816/4816 4796/4796/4796
f 4607/4607/4607 4850/4850/4850 4818/4818/4818
f 4855/4855/4855 4736/4736/4736 4882/4882/4882
f 4711/4711/4711 4884/4884/4884 4785/4785/4785
f 4522/4522/4522 4861/4861/4861 4830/4830/4830
f 4739/4739/4739 4885/4885/4885 4886/4886/4886
f 4786/4786/4786 4856/4856/4856 4771/4771/4771
f 4739/4739/4739 4887/4887/4887 4885/4885/4885
f 4740/4740/4740 4889/4889/4889 4711/4711/4711
f 4661/4661/4661 4774/4774/4774 4895/4895/4895
f 4661/4661/4661 4895/4895/4895 4871/4871/4871
f 4868/4868/4868 4872/4872/4872 4896/4896/4896
f 4789/4789/4789 4870/4870/4870 4832/4832/4832
f 4807/4807/4807 4835/4835/4835 4803/4803/4803
f 4807/4807/4807 4803/4803/4803 4808/4808/4808
f 4876/4876/4876 4810/4810/4810 4898/4898/4898
f 4807/4807/4807 4840/4840/4840 4835/4835/4835
f 4805/4805/4805 4877/4877/4877 4665/4665/4665
f 4665/4665/4665 4877/4877/4877 4840/4840/4840
f 4839/4839/4839 4806/4806/4806 4790/4790/4790
f 4713/4713/4713 4841/4841/4841 4812/4812/4812
f 4626/4626/4626 4814/4814/4814 4651/4651/4651
f 4626/4626/4626 4841/4841/4841 4814/4814/4814
f 4792/4792/4792 4878/4878/4878 4793/4793/4793
f 4775/4775/4775 4899/4899/4899 4878/4878/4878
f 4726/4726/4726 4902/4902/4902 4776/4776/4776
f 4732/4732/4732 4819/4819/4819 4777/4777/4777
f 4858/4858/4858 4860/4860/4860 4823/4823/4823
f 4861/4861/4861 4820/4820/4820 4904/4904/4904
f 4799/4799/4799 4784/4784/4784 4883/4883/4883
f 4831/4831/4831 4862/4862/4862 4905/4905/4905
f 4627/4627/4627 4830/4830/4830 4906/4906/4906
f 4774/4774/4774 4867/4867/4867 4895/4895/4895
f 4833/4833/4833 4910/4910/4910 4803/4803/4803
f 4872/4872/4872 4742/4742/4742 4875/4875/4875
f 4872/4872/4872 4875/4875/4875 4896/4896/4896
f 4669/4669/4669 4761/4761/4761 4836/4836/4836
f 4714/4714/4714 4815/4815/4815 4842/4842/4842
f 4726/4726/4726 4911/4911/4911 4902/4902/4902
f 4722/4722/4722 4845/4845/4845 4726/4726/4726
f 4823/4823/4823 4850/4850/4850 4852/4852/4852
f 4888/4888/4888 4883/4883/4883 4710/4710/4710
f 4831/4831/4831 4905/4905/4905 4913/4913/4913
f 4628/4628/4628 4907/4907/4907 4912/4912/4912
f 4831/4831/4831 4913/4913/4913 4908/4908/4908
f 4803/4803/4803 4914/4914/4914 4808/4808/4808
f 4835/4835/4835 4840/4840/4840 4874/4874/4874
f 4810/4810/4810 4808/4808/4808 4898/4898/4898
f 4671/4671/4671 4791/4791/4791 4763/4763/4763
f 4777/4777/4777 4819/4819/4819 4916/4916/4916
f 4850/4850/4850 4917/4917/4917 4818/4818/4818
f 4850/4850/4850 4915/4915/4915 4917/4917/4917
f 4823/4823/4823 4919/4919/4919 4850/4850/4850
f 4823/4823/4823 4860/4860/4860 4919/4919/4919
f 4860/4860/4860 4863/4863/4863 4919/4919/4919
f 4921/4921/4921 4923/4923/4923 4891/4891/4891
f 4772/4772/4772 4857/4857/4857 4867/4867/4867
f 4833/4833/4833 4871/4871/4871 4895/4895/4895
f 4833/4833/4833 4895/4895/4895 4910/4910/4910
f 4803/4803/4803 4910/4910/4910 4914/4914/4914
f 4874/4874/4874 4840/4840/4840 4877/4877/4877
f 4898/4898/4898 4808/4808/4808 4876/4876/4876
f 4838/4838/4838 4837/4837/4837 4762/4762/4762
f 4878/4878/4878 4924/4924/4924 4793/4793/4793
f 4726/4726/4726 4845/4845/4845 4911/4911/4911
f 4851/4851/4851 4927/4927/4927 4916/4916/4916
f 4847/4847/4847 4928/4928/4928 4820/4820/4820
f 4927/4927/4927 4851/4851/4851 4920/4920/4920
f 4820/4820/4820 4928/4928/4928 4904/4904/4904
f 4800/4800/4800 4880/4880/4880 4735/4735/4735
f 4890/4890/4890 4922/4922/4922 4931/4931/4931
f 4826/4826/4826 4939/4939/4939 4857/4857/4857
f 4891/4891/4891 4932/4932/4932 4921/4921/4921
f 4854/4854/4854 4881/4881/4881 4825/4825/4825
f 4826/4826/4826 4942/4942/4942 4939/4939/4939
f 4888/4888/4888 4930/4930/4930 4883/4883/4883
f 4628/4628/4628 4912/4912/4912 4863/4863/4863
f 4892/4892/4892 4741/4741/4741 4935/4935/4935
f 4867/4867/4867 4857/4857/4857 4946/4946/4946
f 4893/4893/4893 4947/4947/4947 4909/4909/4909
f 4808/4808/4808 4949/4949/4949 4876/4876/4876
f 4878/4878/4878 4950/4950/4950 4924/4924/4924
f 4775/4775/4775 4901/4901/4901 4899/4899/4899
f 4794/4794/4794 4925/4925/4925 4844/4844/4844
f 4916/4916/4916 4819/4819/4819 4918/4918/4918
f 4848/4848/4848 4777/4777/4777 4916/4916/4916
f 4848/4848/4848 4916/4916/4916 4927/4927/4927
f 4848/4848/4848 4927/4927/4927 4905/4905/4905
f 4826/4826/4826 4882/4882/4882 4955/4955/4955
f 4826/4826/4826 4955/4955/4955 4942/4942/4942
f 4941/4941/4941 4958/4958/4958 4936/4936/4936
f 4883/4883/4883 4930/4930/4930 4799/4799/4799
f 4801/4801/4801 4959/4959/4959 4965/4965/4965
f 4800/4800/4800 4964/4964/4964 4880/4880/4880
f 4943/4943/4943 4967/4967/4967 4865/4865/4865
f 4948/4948/4948 4895/4895/4895 4910/4910/4910
f 4973/4973/4973 4808/4808/4808 4974/4974/4974
f 4949/4949/4949 4973/4973/4973 4897/4897/4897
f 4876/4876/4876 4949/4949/4949 4897/4897/4897
f 4879/4879/4879 4900/4900/4900 4951/4951/4951
f 4905/4905/4905 4929/4929/4929 4848/4848/4848
f 4905/4905/4905 4927/4927/4927 4864/4864/4864
f 4920/4920/4920 4864/4864/4864 4927/4927/4927
f 4932/4932/4932 4923/4923/4923 4921/4921/4921
f 4913/4913/4913 4905/4905/4905 4864/4864/4864
f 4940/4940/4940 4952/4952/4952 4956/4956/4956
f 4802/4802/4802 4933/4933/4933 4960/4960/4960
f 4955/4955/4955 4882/4882/4882 4977/4977/4977
f 4939/4939/4939 4946/4946/4946 4857/4857/4857
f 4741/4741/4741 4869/4869/4869 4935/4935/4935
f 4966/4966/4966 4963/4963/4963 4978/4978/4978
f 4979/4979/4979 4966/4966/4966 4978/4978/4978
f 4869/4869/4869 4979/4979/4979 4978/4978/4978
f 4895/4895/4895 4972/4972/4972 4910/4910/4910
f 4897/4897/4897 4979/4979/4979 4869/4869/4869
f 4808/4808/4808 4914/4914/4914 4974/4974/4974
f 4973/4973/4973 4949/4949/4949 4808/4808/4808
f 4934/4934/4934 4980/4980/4980 4961/4961/4961
f 4957/4957/4957 4953/4953/4953 4986/4986/4986
f 4866/4866/4866 4968/4968/4968 4894/4894/4894
f 4972/4972/4972 4994/4994/4994 4910/4910/4910
f 4973/4973/4973 4979/4979/4979 4897/4897/4897
f 4951/4951/4951 4900/4900/4900 4995/4995/4995
f 4951/4951/4951 4995/4995/4995 4996/4996/4996
f 4951/4951/4951 4996/4996/4996 4926/4926/4926
f 4981/4981/4981 4997/4997/4997 4962/4962/4962
f 4963/4963/4963 4999/4999/4999 4978/4978/4978
f 4882/4882/4882 4966/4966/4966 4977/4977/4977
f 4958/4958/4958 4987/4987/4987 4936/4936/4936
f 4954/4954/4954 4975/4975/4975 4988/4988/4988
f 4969/4969/4969 4944/4944/4944 4937/4937/4937
f 4970/4970/4970 4938/4938/4938 4989/4989/4989
f 4990/4990/4990 4945/4945/4945 4971/4971/4971
f 4992/4992/4992 4994/4994/4994 4972/4972/4972
f 4993/4993/4993 4991/4991/4991 4976/4976/4976
f 4846/4846/4846 4926/4926/4926 5002/5002/5002
f 4911/4911/4911 4845/4845/4845 5001/5001/5001
f 4935/4935/4935 4978/4978/4978 4999/4999/4999
f 4935/4935/4935 4869/4869/4869 4978/4978/4978
f 4966/4966/4966 5003/5003/5003 4977/4977/4977
f 4974/4974/4974 4966/4966/4966 4979/4979/4979
f 4966/4966/4966 4974/4974/4974 5003/5003/5003
f 4994/4994/4994 4977/4977/4977 4974/4974/4974
f 4914/4914/4914 4994/4994/4994 4974/4974/4974
f 4910/4910/4910 4994/4994/4994 4914/4914/4914
f 4973/4973/4973 4974/4974/4974 4979/4979/4979
f 4900/4900/4900 4903/4903/4903 4995/4995/4995
f 4996/4996/4996 5002/5002/5002 4926/4926/4926
f 4911/4911/4911 5001/5001/5001 4902/4902/4902
f 5004/5004/5004 4982/4982/4982 5006/5006/5006
f 4982/4982/4982 5004/5004/5004 5009/5009/5009
f 4935/4935/4935 4999/4999/4999 4983/4983/4983
f 5003/5003/5003 4974/4974/4974 4977/4977/4977
f 5010/5010/5010 5005/5005/5005 5007/5007/5007
f 5010/5010/5010 5007/5007/5007 4984/4984/4984
f 4985/4985/4985 5008/5008/5008 5000/5000/5000
f 4982/4982/4982 4998/4998/4998 5006/5006/5006
f 4995/4995/4995 5002/5002/5002 4996/4996/4996
f 4995/4995/4995 4903/4903/4903 5002/5002/5002
