# ratman-scout - Tower Lords enemy model. MIT licence, (c) 2026 Imyala. Y up, faces +Z, feet at y=-0.95.
mtllib ratman-scout_5k.mtl
o ratman-scout
v -0.54104 -0.36956 0.22812
v -0.56554 -0.42435 0.16388
v -0.52068 -0.47718 0.18196
v -0.52068 -0.47718 0.18196
v -0.52068 -0.47718 0.18196
v -0.54003 -0.50108 0.15971
v -0.54003 -0.50108 0.15971
v -0.55752 -0.45727 0.16785
v -0.55752 -0.45727 0.16785
v -0.55752 -0.45727 0.16785
v -0.55321 -0.48745 0.24789
v -0.55321 -0.48745 0.24789
v -0.53373 -0.39677 0.36237
v -0.53373 -0.39677 0.36237
v -0.53702 -0.38706 0.33865
v -0.53702 -0.38706 0.33865
v -0.53702 -0.38706 0.33865
v -0.53628 -0.44324 0.26328
v -0.53628 -0.44324 0.26328
v -0.53628 -0.44324 0.26328
v -0.52957 -0.33216 0.10655
v -0.52957 -0.33216 0.10655
v -0.55983 -0.43520 0.12050
v -0.55548 -0.32638 0.16298
v -0.55751 -0.34558 0.19428
v -0.58624 -0.28120 0.16351
v -0.55012 -0.23108 0.14809
v -0.55012 -0.23108 0.14809
v -0.54691 -0.30586 0.12453
v -0.54198 -0.26771 0.20608
v -0.54198 -0.26771 0.20608
v -0.52067 -0.47028 0.14252
v -0.54105 -0.45826 0.18961
v -0.54105 -0.45826 0.18961
v -0.54352 -0.47926 0.28331
v -0.54352 -0.47926 0.28331
v -0.55252 -0.42113 0.08879
v -0.55252 -0.42113 0.08879
v -0.53551 -0.44648 0.10097
v -0.53551 -0.44648 0.10097
v -0.53551 -0.44648 0.10097
v -0.51587 -0.36820 0.25595
v -0.51587 -0.36820 0.25595
v -0.53660 -0.33610 0.20924
v -0.54605 -0.28947 0.18297
v -0.51914 -0.28331 0.07834
v -0.51914 -0.28331 0.07834
v -0.53054 -0.29374 0.20988
v -0.53054 -0.29374 0.20988
v -0.54976 -0.24372 0.18157
v -0.54976 -0.24372 0.18157
v -0.49589 -0.22903 0.20533
v -0.53164 -0.53881 0.23143
v -0.53164 -0.53881 0.23143
v -0.53164 -0.53881 0.23143
v -0.53164 -0.53881 0.23143
v -0.50734 -0.51141 0.22464
v -0.50734 -0.51141 0.22464
v -0.50734 -0.51141 0.22464
v -0.51929 -0.42473 0.30602
v -0.53983 -0.29910 0.19623
v -0.52501 -0.16536 0.01377
v -0.53353 -0.17552 0.06577
v -0.53678 -0.09606 0.09193
v -0.53678 -0.09606 0.09193
v -0.54329 -0.11385 0.02539
v -0.53001 -0.08086 0.03705
v -0.53001 -0.08086 0.03705
v -0.52075 -0.06310 0.07321
v -0.52075 -0.06310 0.07321
v -0.48079 -0.55340 0.18916
v -0.52473 -0.50559 0.25784
v -0.52473 -0.50559 0.25784
v -0.50176 -0.45355 0.06482
v -0.50176 -0.45355 0.06482
v -0.51273 -0.36671 0.08641
v -0.51273 -0.36671 0.08641
v -0.51506 -0.32768 0.06659
v -0.51506 -0.32768 0.06659
v -0.51506 -0.32768 0.06659
v -0.51873 -0.09670 0.10876
v -0.51873 -0.09670 0.10876
v -0.47948 -0.09834 0.13456
v -0.47948 -0.09834 0.13456
v -0.52036 -0.12395 -0.03467
v -0.52036 -0.12395 -0.03467
v -0.52036 -0.12395 -0.03467
v -0.52882 -0.93272 -0.06195
v -0.52882 -0.93272 -0.06195
v -0.48632 -0.88978 -0.09495
v -0.48632 -0.88978 -0.09495
v -0.48632 -0.88978 -0.09495
v -0.52177 -0.91872 -0.09190
v -0.52177 -0.91872 -0.09190
v -0.52177 -0.91872 -0.09190
v -0.49803 -0.57730 0.20395
v -0.49803 -0.57730 0.20395
v -0.49803 -0.57730 0.20395
v -0.51502 -0.50429 0.27123
v -0.51502 -0.50429 0.27123
v -0.48265 -0.44710 0.32026
v -0.48265 -0.44710 0.32026
v -0.48265 -0.44710 0.32026
v -0.50042 -0.36374 0.36015
v -0.50042 -0.36374 0.36015
v -0.52434 -0.34427 0.23580
v -0.52434 -0.34427 0.23580
v -0.49309 -0.32575 0.23983
v -0.51346 -0.09226 0.01258
v -0.48810 -0.53577 0.24758
v -0.48810 -0.53577 0.24758
v -0.50032 -0.49319 0.13286
v -0.50032 -0.49319 0.13286
v -0.50512 -0.42357 0.31157
v -0.50656 -0.40823 0.29540
v -0.50534 -0.42157 0.26748
v -0.50534 -0.42157 0.26748
v -0.49204 -0.27146 0.22471
v -0.50813 -0.19038 -0.01678
v -0.50813 -0.19038 -0.01678
v -0.51591 -0.05806 0.00849
v -0.49363 -0.03194 0.02785
v -0.49363 -0.03194 0.02785
v -0.51019 -0.94198 -0.09530
v -0.51019 -0.94198 -0.09530
v -0.51019 -0.94198 -0.09530
v -0.51019 -0.94198 -0.09530
v -0.50350 -0.90006 -0.09866
v -0.50350 -0.90006 -0.09866
v -0.48242 -0.51044 0.21991
v -0.48242 -0.51044 0.21991
v -0.48242 -0.51044 0.21991
v -0.43573 -0.47482 0.15960
v -0.43573 -0.47482 0.15960
v -0.49188 -0.39959 0.27917
v -0.49811 -0.35338 0.00038
v -0.49811 -0.35338 0.00038
v -0.50034 -0.35363 0.04915
v -0.50034 -0.35363 0.04915
v -0.51813 -0.30682 0.05567
v -0.51813 -0.30682 0.05567
v -0.49249 -0.30542 0.03090
v -0.48676 -0.19084 -0.00529
v -0.48676 -0.19084 -0.00529
v -0.50856 -0.08900 -0.04607
v -0.46218 -0.05320 0.09416
v -0.46218 -0.05320 0.09416
v -0.50534 -0.54258 0.37421
v -0.50573 -0.50023 0.32724
v -0.48811 -0.54306 0.29547
v -0.48811 -0.54306 0.29547
v -0.44720 -0.43719 0.08704
v -0.44720 -0.43719 0.08704
v -0.44720 -0.43719 0.08704
v -0.49715 -0.41369 0.08981
v -0.44351 -0.42377 0.30417
v -0.44351 -0.42377 0.30417
v -0.47696 -0.38850 0.06140
v -0.51027 -0.36271 0.06930
v -0.51027 -0.36271 0.06930
v -0.44931 -0.33521 0.23640
v -0.48235 -0.35290 -0.01924
v -0.48235 -0.35290 -0.01924
v -0.46839 -0.29451 0.02683
v -0.46839 -0.29451 0.02683
v -0.46839 -0.29451 0.02683
v -0.46068 -0.29904 0.06753
v -0.46068 -0.29904 0.06753
v -0.46359 -0.16598 -0.05538
v -0.44974 -0.07901 0.14186
v -0.44974 -0.07901 0.14186
v -0.44974 -0.07901 0.14186
v -0.48099 -0.01863 -0.04631
v -0.49073 0.00691 -0.03235
v -0.48905 -0.93761 -0.07767
v -0.48905 -0.93761 -0.07767
v -0.48036 -0.70533 0.58160
v -0.48086 -0.67110 0.46052
v -0.46649 -0.51959 0.25860
v -0.43969 -0.46217 0.09507
v -0.43969 -0.46217 0.09507
v -0.47385 -0.42659 0.21991
v -0.47385 -0.42659 0.21991
v -0.47385 -0.42659 0.21991
v -0.47385 -0.42659 0.21991
v -0.46335 -0.38084 0.07736
v -0.46335 -0.38084 0.07736
v -0.46335 -0.38084 0.07736
v -0.44040 -0.11886 0.13361
v -0.45724 -0.07689 -0.10739
v -0.45724 -0.07689 -0.10739
v -0.45724 -0.07689 -0.10739
v -0.48346 -0.05378 -0.09870
v -0.48346 -0.05378 -0.09870
v -0.49582 -0.04066 0.05805
v -0.49582 -0.04066 0.05805
v -0.47732 -0.00467 0.01599
v -0.47732 -0.00467 0.01599
v -0.48526 0.01920 -0.01071
v -0.43919 -0.94477 -0.08165
v -0.43919 -0.94477 -0.08165
v -0.43919 -0.94477 -0.08165
v -0.49339 -0.92625 0.03787
v -0.49339 -0.92625 0.03787
v -0.47061 -0.94867 0.00402
v -0.45121 -0.88197 0.02665
v -0.45121 -0.88197 0.02665
v -0.48412 -0.90383 0.00515
v -0.48412 -0.90383 0.00515
v -0.46805 -0.69234 0.47487
v -0.46805 -0.69234 0.47487
v -0.46352 -0.52705 0.42220
v -0.46352 -0.52705 0.42220
v -0.47884 -0.50413 0.40225
v -0.47884 -0.50413 0.40225
v -0.47643 -0.47574 0.36307
v -0.47643 -0.47574 0.36307
v -0.45926 -0.32883 0.23236
v -0.46997 -0.30356 0.01631
v -0.46997 -0.30356 0.01631
v -0.48245 -0.32166 0.23339
v -0.46894 -0.34299 0.08875
v -0.46894 -0.34299 0.08875
v -0.46894 -0.34299 0.08875
v -0.46894 -0.34299 0.08875
v -0.44057 -0.20727 -0.01316
v -0.44057 -0.20727 -0.01316
v -0.44057 -0.20727 -0.01316
v -0.44057 -0.20727 -0.01316
v -0.47808 0.02765 -0.04552
v -0.47808 0.02765 -0.04552
v -0.46237 0.21697 0.14466
v -0.46237 0.21697 0.14466
v -0.46242 0.30297 0.08117
v -0.46242 0.30297 0.08117
v -0.46242 0.30297 0.08117
v -0.49257 0.25542 0.05506
v -0.49257 0.25542 0.05506
v -0.49257 0.25542 0.05506
v -0.43866 -0.92901 -0.15268
v -0.43866 -0.92901 -0.15268
v -0.43314 -0.88391 -0.05985
v -0.43314 -0.88391 -0.05985
v -0.43314 -0.88391 -0.05985
v -0.46361 -0.62888 0.54981
v -0.46361 -0.62888 0.54981
v -0.43472 -0.53715 0.22258
v -0.43472 -0.53715 0.22258
v -0.42419 -0.44636 0.12072
v -0.42419 -0.44636 0.12072
v -0.45790 -0.42961 0.07300
v -0.45323 -0.39836 0.35938
v -0.45323 -0.39836 0.35938
v -0.47886 -0.39819 0.16578
v -0.47886 -0.39819 0.16578
v -0.46094 -0.40628 0.18985
v -0.46094 -0.40628 0.18985
v -0.46094 -0.40628 0.18985
v -0.46094 -0.40628 0.18985
v -0.46094 -0.40628 0.18985
v -0.46094 -0.40628 0.18985
v -0.47377 -0.35959 0.11029
v -0.47377 -0.35959 0.11029
v -0.44769 -0.34750 0.01237
v -0.47297 -0.09840 0.13928
v -0.44655 -0.02726 0.05668
v -0.45833 0.25415 0.06758
v -0.45833 0.25415 0.06758
v -0.48953 0.25253 -0.00190
v -0.48953 0.25253 -0.00190
v -0.46148 0.31767 0.11229
v -0.46148 0.31767 0.11229
v -0.46692 0.30946 0.05690
v -0.46692 0.30946 0.05690
v -0.47692 0.29778 0.11071
v -0.47692 0.29778 0.11071
v -0.44270 -0.90354 -0.08855
v -0.44270 -0.90354 -0.08855
v -0.44270 -0.90354 -0.08855
v -0.44270 -0.90354 -0.08855
v -0.46374 -0.73624 0.55368
v -0.46374 -0.73624 0.55368
v -0.46374 -0.73624 0.55368
v -0.47423 -0.72383 0.61156
v -0.45856 -0.69764 0.62421
v -0.45856 -0.69764 0.62421
v -0.46680 -0.69383 0.61156
v -0.44761 -0.57212 0.39673
v -0.39841 -0.48356 0.25872
v -0.39841 -0.48356 0.25872
v -0.39841 -0.48356 0.25872
v -0.44919 -0.48664 0.29399
v -0.44919 -0.48664 0.29399
v -0.45934 -0.54398 0.34147
v -0.45707 -0.50874 0.26310
v -0.44344 -0.40061 0.32197
v -0.44344 -0.40061 0.32197
v -0.46469 -0.37613 0.12328
v -0.45150 -0.38288 0.12048
v -0.43916 -0.30283 0.21150
v -0.43916 -0.30283 0.21150
v -0.45602 -0.22534 0.19734
v -0.45602 -0.22534 0.19734
v -0.40830 -0.16510 -0.03996
v -0.40830 -0.16510 -0.03996
v -0.40830 -0.16510 -0.03996
v -0.39985 -0.10822 -0.09615
v -0.39985 -0.10822 -0.09615
v -0.39985 -0.10822 -0.09615
v -0.46306 -0.05484 -0.11884
v -0.44114 0.04045 0.03770
v -0.44114 0.04045 0.03770
v -0.42837 0.25898 -0.02042
v -0.42837 0.25898 -0.02042
v -0.46539 0.26841 -0.02603
v -0.45856 0.32581 0.01588
v -0.45856 0.32581 0.01588
v -0.45856 0.32581 0.01588
v -0.43456 -0.93927 -0.10385
v -0.43456 -0.93927 -0.10385
v -0.42643 -0.93153 0.03630
v -0.42643 -0.93153 0.03630
v -0.42643 -0.93153 0.03630
v -0.43477 -0.89903 -0.15039
v -0.43477 -0.89903 -0.15039
v -0.43477 -0.89903 -0.15039
v -0.45563 -0.77144 0.71674
v -0.45563 -0.77144 0.71674
v -0.45406 -0.76502 0.71242
v -0.45406 -0.76502 0.71242
v -0.45406 -0.76502 0.71242
v -0.46576 -0.75400 0.66822
v -0.46576 -0.75400 0.66822
v -0.46576 -0.75400 0.66822
v -0.44164 -0.47785 0.24321
v -0.45640 -0.47262 0.21809
v -0.45640 -0.47262 0.21809
v -0.45640 -0.47262 0.21809
v -0.45640 -0.47262 0.21809
v -0.45323 -0.44197 0.20866
v -0.45323 -0.44197 0.20866
v -0.45323 -0.44197 0.20866
v -0.43800 -0.46840 0.30079
v -0.43800 -0.46840 0.30079
v -0.40460 -0.42471 0.24447
v -0.40460 -0.42471 0.24447
v -0.40460 -0.42471 0.24447
v -0.40460 -0.42471 0.24447
v -0.44846 -0.33365 0.13702
v -0.44846 -0.33365 0.13702
v -0.44846 -0.33365 0.13702
v -0.44846 -0.33365 0.13702
v -0.45047 -0.34086 0.10580
v -0.45047 -0.34086 0.10580
v -0.45047 -0.34086 0.10580
v -0.45179 -0.06434 0.09996
v -0.45179 -0.06434 0.09996
v -0.42440 0.02756 -0.09699
v -0.44673 0.07796 -0.00767
v -0.43618 0.21350 0.11630
v -0.43618 0.21350 0.11630
v -0.45465 0.21047 0.15351
v -0.45465 0.21047 0.15351
v -0.47063 0.28887 0.12987
v -0.47063 0.28887 0.12987
v -0.47063 0.28887 0.12987
v -0.44165 -0.74274 0.60523
v -0.44165 -0.74274 0.60523
v -0.44851 -0.73976 0.63626
v -0.44851 -0.73976 0.63626
v -0.44624 -0.67212 0.51487
v -0.44745 -0.59954 0.42831
v -0.44190 -0.49762 0.18962
v -0.44190 -0.49762 0.18962
v -0.44190 -0.49762 0.18962
v -0.43155 -0.42557 0.17012
v -0.43155 -0.42557 0.17012
v -0.44702 -0.34093 0.05183
v -0.41594 -0.26179 0.18920
v -0.44387 -0.21248 0.19105
v -0.44387 -0.21248 0.19105
v -0.39483 -0.13008 -0.06601
v -0.39483 -0.13008 -0.06601
v -0.43103 -0.00042 -0.11004
v -0.43564 0.11218 -0.02987
v -0.43564 0.11218 -0.02987
v -0.43681 0.22003 0.13607
v -0.43681 0.22003 0.13607
v -0.39907 0.26090 -0.10998
v -0.39907 0.26090 -0.10998
v -0.39907 0.26090 -0.10998
v -0.40959 0.25453 0.16483
v -0.40959 0.25453 0.16483
v -0.41712 0.32548 -0.00510
v -0.41712 0.32548 -0.00510
v -0.41760 -0.44008 0.31789
v -0.41760 -0.44008 0.31789
v -0.41760 -0.44008 0.31789
v -0.41388 -0.45963 0.23040
v -0.43898 -0.38770 0.18708
v -0.43898 -0.38770 0.18708
v -0.39004 -0.41085 0.23072
v -0.39004 -0.41085 0.23072
v -0.41679 -0.07315 0.11069
v -0.41679 -0.07315 0.11069
v -0.41679 -0.07315 0.11069
v -0.40767 -0.06348 -0.12389
v -0.40767 -0.06348 -0.12389
v -0.41430 -0.03750 0.04812
v -0.41430 -0.03750 0.04812
v -0.41430 -0.03750 0.04812
v -0.43194 0.10573 -0.06248
v -0.43194 0.10573 -0.06248
v -0.43221 0.12538 0.06664
v -0.43221 0.12538 0.06664
v -0.41889 0.20128 0.17899
v -0.41889 0.20128 0.17899
v -0.40211 0.28735 -0.08696
v -0.44186 0.33262 0.10779
v -0.40814 0.37779 0.07572
v -0.40814 0.37779 0.07572
v -0.39559 -0.94766 -0.03757
v -0.40170 -0.89858 0.05631
v -0.40170 -0.89858 0.05631
v -0.41589 -0.93612 0.06573
v -0.41589 -0.93612 0.06573
v -0.41589 -0.93612 0.06573
v -0.44052 -0.91276 0.06903
v -0.44052 -0.91276 0.06903
v -0.38972 -0.89921 -0.18490
v -0.38972 -0.89921 -0.18490
v -0.37730 -0.87623 -0.04132
v -0.37730 -0.87623 -0.04132
v -0.37730 -0.87623 -0.04132
v -0.37730 -0.87623 -0.04132
v -0.41183 -0.45814 0.17448
v -0.41535 -0.42484 0.17527
v -0.40589 -0.30387 0.19756
v -0.40589 -0.30387 0.19756
v -0.42635 -0.20111 -0.01871
v -0.41978 0.15657 0.00470
v -0.42044 0.28652 0.11518
v -0.42044 0.28652 0.11518
v -0.39976 0.31962 0.02513
v -0.41985 0.29848 0.09633
v -0.35845 -0.94239 -0.19992
v -0.35845 -0.94239 -0.19992
v -0.38266 -0.94043 -0.10914
v -0.38677 -0.90042 -0.09805
v -0.38677 -0.90042 -0.09805
v -0.38677 -0.90042 -0.09805
v -0.38677 -0.90042 -0.09805
v -0.38677 -0.90042 -0.09805
v -0.40317 -0.47843 0.22046
v -0.40317 -0.47843 0.22046
v -0.41416 -0.32930 0.14689
v -0.41416 -0.32930 0.14689
v -0.42592 -0.28142 0.09256
v -0.42592 -0.28142 0.09256
v -0.41283 -0.27147 0.11643
v -0.41866 -0.25040 0.20071
v -0.41866 -0.25040 0.20071
v -0.39536 -0.20612 0.01558
v -0.39536 -0.20612 0.01558
v -0.39536 -0.20612 0.01558
v -0.39975 -0.14380 0.11757
v -0.39975 -0.14380 0.11757
v -0.40570 0.01729 -0.10235
v -0.42025 0.09321 -0.07830
v -0.42372 0.07791 0.06770
v -0.42004 0.11758 0.02173
v -0.42004 0.11758 0.02173
v -0.42453 0.13140 0.01767
v -0.41159 0.15180 -0.03791
v -0.40627 0.21480 0.18236
v -0.40627 0.21480 0.18236
v -0.40274 0.24682 0.17998
v -0.40274 0.24682 0.17998
v -0.40274 0.24682 0.17998
v -0.39785 0.34931 0.16605
v -0.39742 0.33425 0.18437
v -0.36993 0.40245 0.02068
v -0.36993 0.40245 0.02068
v -0.36993 0.40245 0.02068
v -0.39454 -0.87263 0.00843
v -0.36452 -0.92127 0.06777
v -0.37830 -0.44559 0.21050
v -0.37830 -0.44559 0.21050
v -0.37905 -0.18911 0.03349
v -0.37905 -0.18911 0.03349
v -0.37905 -0.18911 0.03349
v -0.37905 -0.18911 0.03349
v -0.37905 -0.18911 0.03349
v -0.38637 -0.17518 -0.03510
v -0.38637 -0.17518 -0.03510
v -0.39418 0.12024 0.08374
v -0.40744 0.12326 -0.07102
v -0.40744 0.12326 -0.07102
v -0.41461 0.15737 0.07641
v -0.42012 0.17507 0.04352
v -0.41744 0.21046 0.09426
v -0.41241 0.19270 -0.00353
v -0.41241 0.19270 -0.00353
v -0.42084 0.23584 0.05548
v -0.41296 0.22364 0.12740
v -0.41910 0.29994 0.07385
v -0.35590 0.35288 -0.08340
v -0.35590 0.35288 -0.08340
v -0.42119 0.36369 0.15783
v -0.42119 0.36369 0.15783
v -0.41908 0.34450 0.19348
v -0.42691 0.37465 0.15561
v -0.42691 0.37465 0.15561
v -0.39852 0.36986 0.19537
v -0.39852 0.36986 0.19537
v -0.39852 0.36986 0.19537
v -0.39852 0.36986 0.19537
v -0.42647 0.40947 0.08376
v -0.42647 0.40947 0.08376
v -0.42647 0.40947 0.08376
v -0.40838 0.39970 0.05747
v -0.40838 0.39970 0.05747
v -0.38986 -0.86827 0.03154
v -0.38986 -0.86827 0.03154
v -0.38986 -0.86827 0.03154
v -0.38965 -0.47756 0.20300
v -0.38965 -0.47756 0.20300
v -0.39652 -0.25034 0.16539
v -0.36672 -0.04174 0.04682
v -0.36672 -0.04174 0.04682
v -0.36672 -0.04174 0.04682
v -0.36394 0.00866 -0.08967
v -0.36394 0.00866 -0.08967
v -0.39198 0.18447 -0.02473
v -0.39198 0.18447 -0.02473
v -0.37105 0.21250 0.16995
v -0.37105 0.21250 0.16995
v -0.37105 0.21250 0.16995
v -0.39307 0.25755 0.02568
v -0.40390 0.28050 0.09382
v -0.39842 0.26388 0.20880
v -0.39100 0.31249 0.08261
v -0.39100 0.31249 0.08261
v -0.42670 0.39650 0.17409
v -0.37676 0.29023 0.27845
v -0.37676 0.29023 0.27845
v -0.38789 0.41809 0.18285
v -0.40798 0.41866 0.11375
v -0.40798 0.41866 0.11375
v -0.40798 0.41866 0.11375
v -0.36890 -0.94552 -0.11030
v -0.36890 -0.94552 -0.11030
v -0.38368 -0.87317 -0.15473
v -0.41413 -0.50011 -0.01197
v -0.39962 -0.52683 -0.03391
v -0.40267 -0.48187 0.01537
v -0.40267 -0.48187 0.01537
v -0.40465 -0.48081 -0.03851
v -0.40112 -0.45390 -0.04586
v -0.39864 -0.44663 0.01224
v -0.39551 -0.40031 -0.04112
v -0.39551 -0.40031 -0.04112
v -0.38408 -0.40373 -0.04882
v -0.38408 -0.40373 -0.04882
v -0.39333 -0.18697 0.10561
v -0.37632 -0.15208 -0.01997
v -0.37632 -0.15208 -0.01997
v -0.37624 0.00728 0.07049
v -0.37624 0.00728 0.07049
v -0.39361 0.11138 0.09586
v -0.39321 0.12816 -0.07785
v -0.36721 0.25800 -0.02909
v -0.36721 0.25800 -0.02909
v -0.37790 0.23923 0.16250
v -0.37790 0.23923 0.16250
v -0.39602 0.26484 0.13094
v -0.36740 0.30388 -0.07731
v -0.36740 0.30388 -0.07731
v -0.38300 0.32161 0.01054
v -0.38300 0.32161 0.01054
v -0.37779 0.33638 0.23000
v -0.37779 0.33638 0.23000
v -0.39666 0.41324 -0.00266
v -0.39666 0.41324 -0.00266
v -0.39666 0.41324 -0.00266
v -0.38615 0.41756 0.11683
v -0.38615 0.41756 0.11683
v -0.37313 0.43155 0.05755
v -0.37313 0.43155 0.05755
v -0.37713 0.42612 0.08489
v -0.37713 0.42612 0.08489
v -0.33824 -0.93756 0.08882
v -0.33824 -0.93756 0.08882
v -0.40456 -0.55609 -0.00661
v -0.40456 -0.55609 -0.00661
v -0.35536 -0.61302 -0.01736
v -0.35536 -0.61302 -0.01736
v -0.35536 -0.61302 -0.01736
v -0.38827 -0.56332 0.07148
v -0.38827 -0.56332 0.07148
v -0.40146 -0.47156 0.02661
v -0.39888 -0.48082 -0.09063
v -0.39888 -0.48082 -0.09063
v -0.38313 -0.38934 -0.01000
v -0.38313 -0.38934 -0.01000
v -0.38141 -0.16122 0.08981
v -0.38141 -0.16122 0.08981
v -0.38141 -0.16122 0.08981
v -0.38141 -0.16122 0.08981
v -0.38694 -0.09221 -0.08173
v -0.38694 -0.09221 -0.08173
v -0.37063 -0.05315 -0.09446
v -0.37063 -0.05315 -0.09446
v -0.37164 -0.10394 0.07838
v -0.37164 -0.10394 0.07838
v -0.39157 -0.09475 0.07331
v -0.37584 0.05295 -0.10263
v -0.37164 0.05513 0.12460
v -0.37164 0.05513 0.12460
v -0.38625 0.25152 0.20993
v -0.38625 0.25152 0.20993
v -0.37460 0.27985 0.24344
v -0.36297 0.33552 -0.00719
v -0.36297 0.33552 -0.00719
v -0.36297 0.33552 -0.00719
v -0.37331 0.45749 0.11898
v -0.37331 0.45749 0.11898
v -0.37331 0.45749 0.11898
v -0.39523 0.44710 0.06414
v -0.39523 0.44710 0.06414
v -0.38077 -0.62438 -0.00632
v -0.38077 -0.62438 -0.00632
v -0.37826 -0.62062 0.03081
v -0.37826 -0.62062 0.03081
v -0.37826 -0.62062 0.03081
v -0.37826 -0.62062 0.03081
v -0.36902 -0.60790 0.05944
v -0.36902 -0.60790 0.05944
v -0.38245 -0.49666 -0.09124
v -0.38245 -0.49666 -0.09124
v -0.37800 -0.46536 0.21115
v -0.37800 -0.46536 0.21115
v -0.36097 -0.09649 0.02525
v -0.37467 0.10148 -0.08277
v -0.37959 0.13372 0.10628
v -0.37391 0.14400 0.12559
v -0.37391 0.14400 0.12559
v -0.34136 0.21297 0.18907
v -0.34136 0.21297 0.18907
v -0.34136 0.21297 0.18907
v -0.34830 0.22809 0.22645
v -0.34830 0.22809 0.22645
v -0.36178 0.26134 -0.09918
v -0.37738 0.26350 0.27955
v -0.37738 0.26350 0.27955
v -0.34439 0.32359 -0.07607
v -0.34439 0.32359 -0.07607
v -0.30365 0.41116 0.27746
v -0.30365 0.41116 0.27746
v -0.30365 0.41116 0.27746
v -0.35466 0.46521 0.04151
v -0.35466 0.46521 0.04151
v -0.35466 0.46521 0.04151
v -0.35205 -0.86230 -0.13669
v -0.35205 -0.86230 -0.13669
v -0.37111 -0.87243 0.02563
v -0.37111 -0.87243 0.02563
v -0.37111 -0.87243 0.02563
v -0.37099 -0.38380 -0.11641
v -0.37099 -0.38380 -0.11641
v -0.36006 -0.33430 -0.01045
v -0.37237 -0.17380 0.07003
v -0.37237 -0.17380 0.07003
v -0.37924 0.16808 -0.06403
v -0.37924 0.16808 -0.06403
v -0.37998 0.29059 0.03034
v -0.36886 0.28111 0.24772
v -0.34172 0.31104 -0.09278
v -0.34172 0.31104 -0.09278
v -0.34172 0.31104 -0.09278
v -0.36785 0.43744 0.18714
v -0.36785 0.43744 0.18714
v -0.36163 0.43998 -0.02235
v -0.36163 0.43998 -0.02235
v -0.35495 -0.90175 0.01538
v -0.35495 -0.90175 0.01538
v -0.34414 -0.84996 -0.19306
v -0.34414 -0.84996 -0.19306
v -0.33215 -0.83872 -0.09890
v -0.33215 -0.83872 -0.09890
v -0.35926 -0.54003 -0.08936
v -0.34827 -0.54765 0.09700
v -0.35634 -0.43813 -0.13007
v -0.35634 -0.43813 -0.13007
v -0.35634 -0.43813 -0.13007
v -0.35307 -0.14606 0.02608
v -0.36293 -0.16759 0.04516
v -0.35860 -0.13723 -0.01533
v -0.36035 -0.14473 0.06963
v -0.36035 -0.14473 0.06963
v -0.32418 0.23262 0.22727
v -0.32418 0.23262 0.22727
v -0.35492 0.23625 0.23475
v -0.35492 0.23625 0.23475
v -0.35492 0.23625 0.23475
v -0.33212 0.24080 0.28922
v -0.33212 0.24080 0.28922
v -0.33212 0.24080 0.28922
v -0.34765 0.26681 -0.07485
v -0.31068 0.33101 -0.11190
v -0.32023 0.34068 -0.03264
v -0.32023 0.34068 -0.03264
v -0.32023 0.34068 -0.03264
v -0.35686 0.43589 0.01004
v -0.35686 0.43589 0.01004
v -0.34034 -0.89895 -0.01618
v -0.34034 -0.89895 -0.01618
v -0.35237 -0.63732 -0.03868
v -0.35237 -0.63732 -0.03868
v -0.31077 -0.64908 0.00977
v -0.31077 -0.64908 0.00977
v -0.35905 -0.63099 -0.04839
v -0.34718 -0.61737 -0.10369
v -0.31741 -0.56391 0.08712
v -0.33891 -0.51725 -0.10961
v -0.33891 -0.51725 -0.10961
v -0.33891 -0.51725 -0.10961
v -0.33891 -0.51725 -0.10961
v -0.34863 -0.46109 0.08286
v -0.34863 -0.46109 0.08286
v -0.37042 -0.41030 -0.12466
v -0.37042 -0.41030 -0.12466
v -0.34900 -0.42091 -0.14729
v -0.37139 -0.32993 -0.13312
v -0.37139 -0.32993 -0.13312
v -0.37138 -0.43150 0.04667
v -0.36554 -0.35352 -0.10127
v -0.34609 -0.28433 -0.10052
v -0.34495 0.05544 0.12216
v -0.31668 0.06457 -0.08463
v -0.31668 0.06457 -0.08463
v -0.35900 0.14354 -0.09330
v -0.28463 0.30969 -0.10320
v -0.28463 0.30969 -0.10320
v -0.34550 0.30137 0.28545
v -0.34550 0.30137 0.28545
v -0.35170 0.33036 0.02212
v -0.35170 0.33036 0.02212
v -0.34114 0.39829 -0.04083
v -0.33941 0.39075 -0.03149
v -0.33941 0.39075 -0.03149
v -0.33978 0.41553 -0.07980
v -0.33978 0.41553 -0.07980
v -0.33978 0.41553 -0.07980
v -0.33978 0.41553 -0.07980
v -0.33978 0.41553 -0.07980
v -0.34249 0.39724 -0.09254
v -0.34249 0.39724 -0.09254
v -0.34992 0.44770 -0.02390
v -0.31773 -0.88465 0.01855
v -0.31773 -0.88465 0.01855
v -0.31987 -0.90132 -0.20217
v -0.30469 -0.79053 -0.17853
v -0.35119 -0.59825 -0.15790
v -0.35119 -0.59825 -0.15790
v -0.35119 -0.59825 -0.15790
v -0.34416 -0.61153 -0.12666
v -0.34884 -0.53059 -0.12759
v -0.34884 -0.53059 -0.12759
v -0.29960 -0.48563 -0.16316
v -0.29960 -0.48563 -0.16316
v -0.34248 -0.45571 -0.14506
v -0.34248 -0.45571 -0.14506
v -0.34923 -0.28150 -0.10803
v -0.35980 -0.29178 -0.12693
v -0.33648 -0.01053 -0.06452
v -0.32949 -0.01593 0.03811
v -0.35110 0.14226 0.15462
v -0.34741 0.15819 0.15529
v -0.35294 0.17573 -0.07111
v -0.35294 0.17573 -0.07111
v -0.34807 0.30278 -0.01349
v -0.31421 0.41598 -0.09187
v -0.31421 0.41598 -0.09187
v -0.31648 -0.94750 -0.15372
v -0.31648 -0.94750 -0.15372
v -0.31840 -0.83604 -0.08822
v -0.31840 -0.83604 -0.08822
v -0.31840 -0.83604 -0.08822
v -0.32002 -0.84076 -0.06162
v -0.32002 -0.84076 -0.06162
v -0.33024 -0.65486 -0.10525
v -0.33024 -0.65486 -0.10525
v -0.33793 -0.65431 -0.05931
v -0.33793 -0.65431 -0.05931
v -0.33503 -0.58306 -0.18294
v -0.33503 -0.58306 -0.18294
v -0.32620 -0.39575 -0.17103
v -0.31557 -0.37396 -0.18259
v -0.31557 -0.37396 -0.18259
v -0.30945 -0.31007 0.03073
v -0.30945 -0.31007 0.03073
v -0.31606 -0.33802 -0.18452
v -0.31606 -0.33802 -0.18452
v -0.34476 -0.29324 -0.02191
v -0.33135 -0.27197 -0.05913
v -0.34560 -0.23990 -0.14507
v -0.32566 -0.02016 -0.02772
v -0.34068 0.03183 -0.09372
v -0.34068 0.03183 -0.09372
v -0.34263 0.36144 -0.07055
v -0.32530 0.35404 -0.10583
v -0.32530 0.35404 -0.10583
v -0.32530 0.35404 -0.10583
v -0.32530 0.35404 -0.10583
v -0.32530 0.35404 -0.10583
v -0.33992 0.48189 0.07643
v -0.33992 0.48189 0.07643
v -0.33992 0.48189 0.07643
v -0.31380 0.49398 0.06236
v -0.31380 0.49398 0.06236
v -0.31380 0.49398 0.06236
v -0.32223 -0.82537 -0.13027
v -0.32223 -0.82537 -0.13027
v -0.33452 -0.43432 -0.15512
v -0.30689 -0.40418 0.07835
v -0.30689 -0.40418 0.07835
v -0.31959 -0.24651 -0.06708
v -0.31166 -0.23159 -0.09977
v -0.31166 -0.23159 -0.09977
v -0.29963 -0.22724 -0.18607
v -0.29963 -0.22724 -0.18607
v -0.30594 -0.16059 -0.07401
v -0.31615 0.10485 -0.08636
v -0.31615 0.10485 -0.08636
v -0.31389 0.18230 -0.06188
v -0.31389 0.18230 -0.06188
v -0.29487 0.26398 -0.04919
v -0.29487 0.26398 -0.04919
v -0.28839 0.32566 -0.03419
v -0.28839 0.32566 -0.03419
v -0.31960 0.37674 -0.06879
v -0.31960 0.37674 -0.06879
v -0.29866 0.36624 -0.14597
v -0.29866 0.36624 -0.14597
v -0.32682 0.38448 -0.06297
v -0.31843 0.50116 0.09168
v -0.31207 -0.94855 0.03676
v -0.30876 -0.91722 -0.04724
v -0.30876 -0.91722 -0.04724
v -0.26990 -0.68332 -0.08136
v -0.30660 -0.66957 -0.14202
v -0.30660 -0.66957 -0.14202
v -0.30364 -0.65302 -0.18883
v -0.26941 -0.45936 0.10662
v -0.26941 -0.45936 0.10662
v -0.28765 -0.25726 0.00720
v -0.29696 -0.22142 -0.17446
v -0.30822 -0.20591 -0.18171
v -0.30289 0.03711 0.08974
v -0.30289 0.03711 0.08974
v -0.32803 0.13448 0.15992
v -0.33686 0.14223 0.14510
v -0.29631 0.18078 0.19872
v -0.29631 0.18078 0.19872
v -0.29631 0.18078 0.19872
v -0.29631 0.18078 0.19872
v -0.29631 0.18078 0.19872
v -0.29631 0.18078 0.19872
v -0.29671 0.27964 0.31896
v -0.31305 0.38481 -0.11300
v -0.31305 0.38481 -0.11300
v -0.33078 0.48163 0.04017
v -0.30944 -0.83024 -0.08564
v -0.30944 -0.83024 -0.08564
v -0.27212 -0.75221 -0.17344
v -0.27212 -0.75221 -0.17344
v -0.27212 -0.75221 -0.17344
v -0.29009 -0.68825 -0.14376
v -0.29009 -0.68825 -0.14376
v -0.31514 -0.61655 -0.19612
v -0.31514 -0.61655 -0.19612
v -0.25536 -0.55703 0.07359
v -0.25965 -0.52257 -0.16149
v -0.25965 -0.52257 -0.16149
v -0.25965 -0.52257 -0.16149
v -0.29636 -0.54470 -0.19929
v -0.29636 -0.54470 -0.19929
v -0.29403 -0.44807 -0.17809
v -0.26418 0.08161 0.01333
v -0.26418 0.08161 0.01333
v -0.32758 0.18081 0.20999
v -0.32758 0.18081 0.20999
v -0.32758 0.18081 0.20999
v -0.31405 0.19424 0.21758
v -0.31405 0.19424 0.21758
v -0.31405 0.19424 0.21758
v -0.28213 0.24802 0.26309
v -0.28213 0.24802 0.26309
v -0.32369 0.33615 0.29320
v -0.30814 0.40874 -0.09911
v -0.30796 0.41753 -0.11869
v -0.30796 0.41753 -0.11869
v -0.30796 0.41753 -0.11869
v -0.26222 0.52517 0.02388
v -0.26222 0.52517 0.02388
v -0.28170 -0.93074 0.00414
v -0.28170 -0.93074 0.00414
v -0.30231 -0.90984 -0.17685
v -0.30003 -0.80834 -0.10778
v -0.30003 -0.80834 -0.10778
v -0.29959 -0.76743 -0.19609
v -0.29959 -0.76743 -0.19609
v -0.30652 -0.66557 -0.16631
v -0.29839 -0.62706 -0.20487
v -0.29839 -0.62706 -0.20487
v -0.30576 -0.22216 -0.09313
v -0.30576 -0.22216 -0.09313
v -0.31018 -0.18624 -0.05585
v -0.31018 -0.18624 -0.05585
v -0.30677 0.02782 -0.03928
v -0.30465 0.05181 -0.06518
v -0.30235 0.07453 0.11706
v -0.30817 0.16020 0.16878
v -0.30088 0.16402 0.20461
v -0.30088 0.16402 0.20461
v -0.30088 0.16402 0.20461
v -0.30878 0.23348 0.28666
v -0.30878 0.23348 0.28666
v -0.29790 0.36051 -0.09966
v -0.29790 0.36051 -0.09966
v -0.29790 0.36051 -0.09966
v -0.29790 0.36051 -0.09966
v -0.29267 0.36934 -0.15690
v -0.27617 -0.87709 -0.19692
v -0.29552 -0.61348 -0.20576
v -0.27098 -0.58050 -0.20751
v -0.27731 -0.51374 -0.15001
v -0.27731 -0.51374 -0.15001
v -0.29681 -0.33752 -0.19620
v -0.29681 -0.33752 -0.19620
v -0.27941 -0.28254 -0.21848
v -0.27941 -0.28254 -0.21848
v -0.27941 -0.28254 -0.21848
v -0.27941 -0.28254 -0.21848
v -0.31048 -0.21872 -0.19722
v -0.30297 -0.21326 -0.19552
v -0.30735 -0.16014 -0.11374
v -0.26688 0.12060 -0.03750
v -0.26688 0.12060 -0.03750
v -0.26688 0.12060 -0.03750
v -0.29557 0.25203 0.29735
v -0.28036 0.35457 -0.16043
v -0.28036 0.35457 -0.16043
v -0.27989 0.42768 0.27755
v -0.27989 0.42768 0.27755
v -0.27989 0.42768 0.27755
v -0.27989 0.42768 0.27755
v -0.29457 0.45144 -0.07323
v -0.26244 0.48034 -0.06407
v -0.28468 -0.88924 -0.01967
v -0.28468 -0.88924 -0.01967
v -0.29104 -0.80882 -0.12453
v -0.26508 -0.70687 -0.21138
v -0.28173 -0.67647 -0.21577
v -0.28173 -0.67647 -0.21577
v -0.26638 -0.60032 0.05773
v -0.26638 -0.60032 0.05773
v -0.25035 -0.52041 -0.14259
v -0.25035 -0.52041 -0.14259
v -0.25035 -0.52041 -0.14259
v -0.28698 -0.40290 -0.20753
v -0.30808 -0.42444 0.11868
v -0.30808 -0.42444 0.11868
v -0.27843 -0.37461 0.09399
v -0.27843 -0.37461 0.09399
v -0.27843 -0.37461 0.09399
v -0.26698 -0.36386 0.12618
v -0.26698 -0.36386 0.12618
v -0.26698 -0.36386 0.12618
v -0.27907 -0.32483 -0.23855
v -0.27907 -0.32483 -0.23855
v -0.27907 -0.32483 -0.23855
v -0.27793 -0.26056 -0.27982
v -0.27793 -0.26056 -0.27982
v -0.29226 -0.26244 -0.20597
v -0.29226 -0.26244 -0.20597
v -0.28382 -0.20061 -0.03974
v -0.28414 -0.18174 -0.00251
v -0.27490 -0.07349 -0.08421
v -0.27613 0.14673 0.16488
v -0.27613 0.14673 0.16488
v -0.27934 0.18251 -0.04479
v -0.27934 0.18251 -0.04479
v -0.29407 0.22288 0.24199
v -0.28993 0.23369 0.24956
v -0.28993 0.23369 0.24956
v -0.25256 0.33845 0.33553
v -0.27010 0.38091 -0.15946
v -0.27010 0.38091 -0.15946
v -0.28291 0.51111 0.03936
v -0.28291 0.51111 0.03936
v -0.26596 -0.94174 -0.15438
v -0.26596 -0.94174 -0.15438
v -0.26596 -0.94174 -0.15438
v -0.27403 -0.83944 -0.09714
v -0.22376 -0.47156 0.09154
v -0.27189 -0.56939 -0.20495
v -0.27189 -0.56939 -0.20495
v -0.26836 -0.45029 0.14882
v -0.26836 -0.45029 0.14882
v -0.28130 -0.41036 0.16447
v -0.28130 -0.41036 0.16447
v -0.28130 -0.41036 0.16447
v -0.27646 -0.35429 -0.23102
v -0.27245 -0.26152 0.03239
v -0.27245 -0.26152 0.03239
v -0.26225 -0.11556 -0.00934
v -0.26865 0.12644 0.13090
v -0.26865 0.12644 0.13090
v -0.26865 0.12644 0.13090
v -0.27028 0.18304 0.20026
v -0.27028 0.18304 0.20026
v -0.27028 0.18304 0.20026
v -0.28260 0.19123 0.28384
v -0.28260 0.19123 0.28384
v -0.28260 0.19123 0.28384
v -0.28260 0.19123 0.28384
v -0.28260 0.19123 0.28384
v -0.28260 0.19123 0.28384
v -0.26576 0.13642 0.27231
v -0.26576 0.13642 0.27231
v -0.26576 0.13642 0.27231
v -0.26576 0.13642 0.27231
v -0.26576 0.13642 0.27231
v -0.27181 0.25598 0.31588
v -0.26684 0.21693 0.26297
v -0.26684 0.21693 0.26297
v -0.26684 0.21693 0.26297
v -0.27665 0.31661 -0.04316
v -0.27665 0.31661 -0.04316
v -0.27665 0.31661 -0.04316
v -0.24966 0.52199 0.20740
v -0.24966 0.52199 0.20740
v -0.24966 0.52199 0.20740
v -0.24966 0.52199 0.20740
v -0.24840 0.53556 0.13542
v -0.24840 0.53556 0.13542
v -0.23758 -0.92001 -0.02950
v -0.23758 -0.92001 -0.02950
v -0.23758 -0.92001 -0.02950
v -0.23758 -0.92001 -0.02950
v -0.26739 -0.83041 -0.22996
v -0.27400 -0.85121 -0.06377
v -0.24937 -0.76857 -0.13765
v -0.24937 -0.76857 -0.13765
v -0.27549 -0.71840 -0.18756
v -0.27549 -0.71840 -0.18756
v -0.27549 -0.71840 -0.18756
v -0.25817 -0.70912 -0.14933
v -0.24954 -0.63217 -0.22887
v -0.24954 -0.63217 -0.22887
v -0.24954 -0.63217 -0.22887
v -0.25682 -0.31367 -0.24523
v -0.25682 -0.31367 -0.24523
v -0.25682 -0.31367 -0.24523
v -0.25682 -0.31367 -0.24523
v -0.28106 -0.20200 0.00798
v -0.26765 -0.12027 -0.16855
v -0.28573 0.01673 -0.06776
v -0.28573 0.01673 -0.06776
v -0.28500 -0.00172 -0.07638
v -0.28308 -0.00404 -0.04548
v -0.28308 -0.00404 -0.04548
v -0.23879 0.07751 0.06122
v -0.23879 0.07751 0.06122
v -0.28302 0.14281 0.27117
v -0.28302 0.14281 0.27117
v -0.28302 0.14281 0.27117
v -0.28302 0.14281 0.27117
v -0.26926 0.14179 0.28132
v -0.26926 0.14179 0.28132
v -0.26926 0.14179 0.28132
v -0.26926 0.14179 0.28132
v -0.26926 0.14179 0.28132
v -0.28409 0.14905 0.26439
v -0.28409 0.14905 0.26439
v -0.28409 0.14905 0.26439
v -0.27861 0.16129 0.21549
v -0.27861 0.16129 0.21549
v -0.27585 0.23865 -0.05973
v -0.27011 0.26554 -0.05955
v -0.25372 0.27996 -0.10782
v -0.25372 0.27996 -0.10782
v -0.25372 0.27996 -0.10782
v -0.25372 0.27996 -0.10782
v -0.25372 0.27996 -0.10782
v -0.25372 0.27996 -0.10782
v -0.26042 0.34062 -0.12553
v -0.26042 0.34062 -0.12553
v -0.26042 0.34062 -0.12553
v -0.26042 0.34062 -0.12553
v -0.27241 0.33365 -0.14462
v -0.27241 0.33365 -0.14462
v -0.27241 0.33365 -0.14462
v -0.27241 0.33365 -0.14462
v -0.27241 0.33365 -0.14462
v -0.28241 0.32757 -0.11442
v -0.25625 0.35551 -0.13803
v -0.28103 0.47139 0.24163
v -0.28103 0.47139 0.24163
v -0.25759 -0.74095 -0.25488
v -0.26377 -0.70254 -0.24339
v -0.26377 -0.70254 -0.24339
v -0.26414 -0.68793 -0.26489
v -0.26556 -0.61003 -0.19447
v -0.26556 -0.61003 -0.19447
v -0.23103 -0.43352 -0.22356
v -0.22594 -0.41006 0.17100
v -0.22594 -0.41006 0.17100
v -0.22594 -0.41006 0.17100
v -0.22594 -0.41006 0.17100
v -0.22594 -0.41006 0.17100
v -0.22594 -0.41006 0.17100
v -0.26562 -0.35986 -0.22408
v -0.26562 -0.35986 -0.22408
v -0.24295 -0.29890 0.04299
v -0.28178 -0.25541 0.04458
v -0.28178 -0.25541 0.04458
v -0.26019 -0.19624 -0.27780
v -0.26633 -0.20260 0.02927
v -0.26633 -0.20260 0.02927
v -0.27632 -0.05318 -0.12052
v -0.25451 -0.05322 -0.18319
v -0.25451 -0.05322 -0.18319
v -0.26943 -0.08157 -0.00859
v -0.27812 -0.02138 -0.00435
v -0.27812 -0.02138 -0.00435
v -0.27425 -0.02507 -0.13847
v -0.26737 0.01799 -0.08002
v -0.25192 0.03431 -0.19473
v -0.25192 0.03431 -0.19473
v -0.28685 -0.01343 0.04886
v -0.27191 0.02706 0.06752
v -0.27191 0.02706 0.06752
v -0.25291 0.15602 0.29300
v -0.25291 0.15602 0.29300
v -0.25291 0.15602 0.29300
v -0.25995 0.11057 -0.10669
v -0.27614 0.29450 -0.16303
v -0.27614 0.29450 -0.16303
v -0.23882 0.27002 -0.19652
v -0.25776 0.31205 -0.13002
v -0.25776 0.31205 -0.13002
v -0.24143 0.39463 0.29869
v -0.24143 0.39463 0.29869
v -0.25732 0.37902 -0.17161
v -0.25732 0.37902 -0.17161
v -0.25732 0.37902 -0.17161
v -0.24113 -0.94316 -0.05049
v -0.24113 -0.94316 -0.05049
v -0.25315 -0.90759 -0.11657
v -0.25315 -0.90759 -0.11657
v -0.26657 -0.91050 -0.16616
v -0.26657 -0.91050 -0.16616
v -0.24498 -0.85895 -0.08481
v -0.26237 -0.83494 -0.08103
v -0.23353 -0.72590 -0.15861
v -0.23353 -0.72590 -0.15861
v -0.25474 -0.56775 -0.19903
v -0.26016 -0.46248 -0.20007
v -0.26016 -0.46248 -0.20007
v -0.25118 -0.32254 0.07419
v -0.24327 -0.25029 0.04511
v -0.24117 -0.15008 0.03144
v -0.24117 -0.15008 0.03144
v -0.26679 -0.03721 -0.14241
v -0.25779 -0.02266 0.11823
v -0.24955 0.00807 0.14038
v -0.24955 0.00807 0.14038
v -0.25892 0.10696 0.25089
v -0.25892 0.10696 0.25089
v -0.25892 0.10696 0.25089
v -0.25892 0.10696 0.25089
v -0.25892 0.10696 0.25089
v -0.24444 0.11748 0.22425
v -0.24444 0.11748 0.22425
v -0.24444 0.11748 0.22425
v -0.24444 0.11748 0.22425
v -0.22738 0.22205 0.33180
v -0.23534 0.19162 -0.17000
v -0.26997 0.28352 -0.21713
v -0.26997 0.28352 -0.21713
v -0.25962 0.36120 -0.18229
v -0.25962 0.36120 -0.18229
v -0.25962 0.36120 -0.18229
v -0.26747 0.47635 0.41372
v -0.26747 0.47635 0.41372
v -0.25750 0.51946 0.41019
v -0.25750 0.51946 0.41019
v -0.24223 0.47675 0.40458
v -0.23839 -0.81953 -0.23565
v -0.23839 -0.81953 -0.23565
v -0.25107 -0.65321 -0.05410
v -0.25330 -0.44400 0.16372
v -0.26038 -0.37333 0.10468
v -0.26038 -0.37333 0.10468
v -0.26038 -0.37333 0.10468
v -0.26038 -0.37333 0.10468
v -0.25773 -0.29387 -0.29511
v -0.23933 -0.08159 -0.22852
v -0.23933 -0.08159 -0.22852
v -0.24028 0.01042 -0.01212
v -0.24028 0.01042 -0.01212
v -0.24674 0.02270 -0.11113
v -0.24674 0.02270 -0.11113
v -0.24124 0.12047 -0.12798
v -0.25307 0.10973 0.26612
v -0.25307 0.10973 0.26612
v -0.25307 0.10973 0.26612
v -0.25307 0.10973 0.26612
v -0.25307 0.10973 0.26612
v -0.25307 0.10973 0.26612
v -0.25307 0.10973 0.26612
v -0.23299 0.12661 0.20061
v -0.24987 0.17561 -0.11123
v -0.24429 0.24776 -0.19914
v -0.24429 0.24776 -0.19914
v -0.25534 0.30381 -0.11818
v -0.25534 0.30381 -0.11818
v -0.21606 0.36277 -0.17454
v -0.21606 0.36277 -0.17454
v -0.21606 0.36277 -0.17454
v -0.21606 0.36277 -0.17454
v -0.25562 0.37378 -0.17186
v -0.25562 0.37378 -0.17186
v -0.25455 0.42421 0.30630
v -0.25455 0.42421 0.30630
v -0.25455 0.42421 0.30630
v -0.24352 0.45243 0.42091
v -0.24352 0.45243 0.42091
v -0.26245 0.49393 0.24814
v -0.26245 0.49393 0.24814
v -0.26374 0.60000 0.41110
v -0.26374 0.60000 0.41110
v -0.26374 0.60000 0.41110
v -0.24317 0.57087 0.41980
v -0.26131 0.61658 0.43835
v -0.26131 0.61658 0.43835
v -0.22712 0.63224 0.45494
v -0.22712 0.63224 0.45494
v -0.24469 -0.80356 -0.12323
v -0.22702 -0.68764 -0.12048
v -0.22755 -0.68569 -0.28549
v -0.22755 -0.68569 -0.28549
v -0.23499 -0.67390 -0.27847
v -0.23499 -0.67390 -0.27847
v -0.20970 -0.59945 -0.02600
v -0.20970 -0.59945 -0.02600
v -0.23061 -0.56489 0.03833
v -0.23061 -0.56489 0.03833
v -0.23061 -0.56489 0.03833
v -0.23061 -0.56489 0.03833
v -0.21242 -0.59479 -0.19935
v -0.21242 -0.59479 -0.19935
v -0.21242 -0.59479 -0.19935
v -0.23204 -0.44929 0.10193
v -0.23204 -0.44929 0.10193
v -0.23204 -0.44929 0.10193
v -0.21873 -0.43688 0.15599
v -0.21873 -0.43688 0.15599
v -0.24161 -0.13233 -0.29079
v -0.24161 -0.13233 -0.29079
v -0.24161 -0.13233 -0.29079
v -0.22660 -0.14238 0.05353
v -0.22660 -0.14238 0.05353
v -0.22921 -0.03913 -0.24150
v -0.22921 -0.03913 -0.24150
v -0.22324 -0.05534 0.13101
v -0.22324 -0.05534 0.13101
v -0.22324 -0.05534 0.13101
v -0.22079 0.02009 0.12177
v -0.22079 0.02009 0.12177
v -0.22079 0.02009 0.12177
v -0.26317 0.04015 0.14288
v -0.26317 0.04015 0.14288
v -0.24695 0.02040 0.16674
v -0.23601 0.03915 -0.14827
v -0.23601 0.03915 -0.14827
v -0.25038 0.10513 0.27687
v -0.25038 0.10513 0.27687
v -0.25038 0.10513 0.27687
v -0.25038 0.10513 0.27687
v -0.25038 0.10513 0.27687
v -0.20480 0.08925 0.24816
v -0.20480 0.08925 0.24816
v -0.20480 0.08925 0.24816
v -0.20480 0.08925 0.24816
v -0.23012 0.26857 -0.14998
v -0.23012 0.26857 -0.14998
v -0.24953 0.31304 0.32241
v -0.22792 0.37525 -0.20837
v -0.22792 0.37525 -0.20837
v -0.22792 0.37525 -0.20837
v -0.22792 0.37525 -0.20837
v -0.23209 0.48620 -0.07674
v -0.23377 0.49850 0.21759
v -0.23377 0.49850 0.21759
v -0.23377 0.49850 0.21759
v -0.20464 0.51917 -0.05390
v -0.20464 0.51917 -0.05390
v -0.24305 -0.93490 -0.06439
v -0.24305 -0.93490 -0.06439
v -0.24634 -0.64026 -0.25428
v -0.24634 -0.64026 -0.25428
v -0.24634 -0.64026 -0.25428
v -0.23558 -0.61204 -0.23045
v -0.18508 -0.62537 -0.18648
v -0.21823 -0.44388 -0.31682
v -0.21823 -0.44388 -0.31682
v -0.21823 -0.44388 -0.31682
v -0.23695 -0.35064 -0.28159
v -0.18196 -0.41697 -0.36774
v -0.18196 -0.41697 -0.36774
v -0.18196 -0.41697 -0.36774
v -0.24050 -0.37321 -0.25256
v -0.24050 -0.37321 -0.25256
v -0.23958 -0.33531 -0.28219
v -0.23343 -0.29430 0.06450
v -0.23343 -0.29430 0.06450
v -0.22632 -0.21401 -0.31837
v -0.22632 -0.21401 -0.31837
v -0.24340 -0.05743 0.09379
v -0.23112 -0.04653 -0.21084
v -0.23112 -0.04653 -0.21084
v -0.19782 0.00567 -0.29204
v -0.23046 0.03627 0.02394
v -0.25136 0.09269 -0.16440
v -0.25136 0.09269 -0.16440
v -0.24612 0.10504 -0.14951
v -0.24612 0.10504 -0.14951
v -0.22703 0.05611 -0.19495
v -0.22703 0.05611 -0.19495
v -0.22703 0.05611 -0.19495
v -0.24526 0.16436 -0.15973
v -0.24191 0.18133 -0.17420
v -0.22391 0.18254 0.30996
v -0.20642 0.25323 0.31257
v -0.24165 0.44186 0.27532
v -0.24165 0.44186 0.27532
v -0.24165 0.44186 0.27532
v -0.22830 0.56159 0.10981
v -0.22830 0.56159 0.10981
v -0.20858 0.52617 -0.03159
v -0.20858 0.52617 -0.03159
v -0.21969 -0.86191 -0.15306
v -0.17004 -0.68537 -0.32778
v -0.17004 -0.68537 -0.32778
v -0.17004 -0.68537 -0.32778
v -0.17004 -0.68537 -0.32778
v -0.23606 -0.68077 -0.29325
v -0.23606 -0.68077 -0.29325
v -0.22790 -0.66606 -0.28536
v -0.22790 -0.66606 -0.28536
v -0.23024 -0.56363 -0.00992
v -0.23024 -0.56363 -0.00992
v -0.10878 -0.46006 -0.21794
v -0.23107 -0.07953 0.13446
v -0.22717 -0.08114 0.10031
v -0.22717 -0.08114 0.10031
v -0.20650 -0.06120 0.15024
v -0.20650 -0.06120 0.15024
v -0.20650 -0.06120 0.15024
v -0.23935 -0.02175 0.16179
v -0.23935 -0.02175 0.16179
v -0.23935 -0.02175 0.16179
v -0.23935 -0.02175 0.16179
v -0.23935 -0.02175 0.16179
v -0.20972 0.06314 -0.27697
v -0.20972 0.06314 -0.27697
v -0.22492 0.00350 0.05386
v -0.22492 0.00350 0.05386
v -0.21424 0.05664 0.19521
v -0.21424 0.05664 0.19521
v -0.19452 0.08097 -0.25057
v -0.19452 0.08097 -0.25057
v -0.22568 0.05336 0.22198
v -0.22568 0.05336 0.22198
v -0.22568 0.05336 0.22198
v -0.21234 0.08338 0.12238
v -0.21847 0.11609 0.29386
v -0.21847 0.11609 0.29386
v -0.20189 0.29581 -0.20611
v -0.20189 0.29581 -0.20611
v -0.20189 0.29581 -0.20611
v -0.21025 0.33385 0.33938
v -0.21025 0.33385 0.33938
v -0.22253 0.41343 -0.16973
v -0.22253 0.41343 -0.16973
v -0.16116 0.56645 0.22190
v -0.16116 0.56645 0.22190
v -0.19919 0.55199 0.25422
v -0.19919 0.55199 0.25422
v -0.19919 0.55199 0.25422
v -0.18040 0.45286 0.39731
v -0.18040 0.45286 0.39731
v -0.24472 0.42833 0.43048
v -0.24472 0.42833 0.43048
v -0.24472 0.42833 0.43048
v -0.21360 0.55097 0.49149
v -0.21360 0.55097 0.49149
v -0.19649 0.56827 0.39909
v -0.19649 0.56827 0.39909
v -0.23095 0.59558 0.50008
v -0.23095 0.59558 0.50008
v -0.21988 0.59203 0.52554
v -0.21699 -0.91363 -0.10915
v -0.21699 -0.91363 -0.10915
v -0.20381 -0.83810 -0.12673
v -0.20381 -0.83810 -0.12673
v -0.18339 -0.69936 -0.19247
v -0.18339 -0.69936 -0.19247
v -0.18339 -0.69936 -0.19247
v -0.22839 -0.53067 -0.13457
v -0.22839 -0.53067 -0.13457
v -0.20831 -0.45828 -0.21708
v -0.20831 -0.45828 -0.21708
v -0.20947 -0.37916 0.10029
v -0.21481 -0.37360 -0.28276
v -0.21481 -0.37360 -0.28276
v -0.21481 -0.37360 -0.28276
v -0.22013 -0.33169 -0.34135
v -0.22013 -0.33169 -0.34135
v -0.19088 -0.26543 0.06600
v -0.19088 -0.26543 0.06600
v -0.19088 -0.26543 0.06600
v -0.21771 -0.14362 0.03788
v -0.21771 -0.14362 0.03788
v -0.24224 -0.10674 0.10512
v -0.22328 -0.16168 0.09172
v -0.22328 -0.16168 0.09172
v -0.22112 -0.13323 -0.28842
v -0.22112 -0.13323 -0.28842
v -0.22112 -0.13323 -0.28842
v -0.20733 -0.10591 0.11832
v -0.20733 -0.10591 0.11832
v -0.20733 -0.10591 0.11832
v -0.21922 -0.03322 -0.26211
v -0.21922 -0.03322 -0.26211
v -0.22810 -0.03677 0.18775
v -0.22810 -0.03677 0.18775
v -0.20001 0.04095 0.28481
v -0.20001 0.04095 0.28481
v -0.20001 0.04095 0.28481
v -0.21049 0.19596 -0.19893
v -0.21049 0.19596 -0.19893
v -0.21760 0.39893 0.43742
v -0.21760 0.39893 0.43742
v -0.19668 0.37730 0.48276
v -0.21094 0.53604 0.11092
v -0.21094 0.53604 0.11092
v -0.21094 0.53604 0.11092
v -0.22189 0.51795 0.15779
v -0.22189 0.51795 0.15779
v -0.21433 0.55740 0.01974
v -0.21433 0.55740 0.01974
v -0.21596 0.57074 0.51105
v -0.21596 0.57074 0.51105
v -0.22733 0.58546 0.52305
v -0.22733 0.58546 0.52305
v -0.21661 -0.85385 -0.14073
v -0.18747 -0.77613 -0.25826
v -0.18747 -0.77613 -0.25826
v -0.18747 -0.77613 -0.25826
v -0.21921 -0.72102 -0.17173
v -0.20245 -0.60804 -0.19635
v -0.20748 -0.57871 -0.02603
v -0.19991 -0.54918 -0.05864
v -0.19991 -0.54918 -0.05864
v -0.20099 -0.43342 -0.31432
v -0.20099 -0.43342 -0.31432
v -0.21144 -0.42381 -0.23664
v -0.21144 -0.42381 -0.23664
v -0.21643 -0.38529 -0.28615
v -0.21643 -0.38529 -0.28615
v -0.20518 -0.26616 0.06736
v -0.20518 -0.26616 0.06736
v -0.17563 -0.26379 0.09890
v -0.20235 -0.14149 -0.31712
v -0.20235 -0.14149 -0.31712
v -0.20505 -0.02163 0.17486
v -0.20505 -0.02163 0.17486
v -0.20505 -0.02163 0.17486
v -0.19882 0.13303 0.28254
v -0.20278 0.16946 -0.21382
v -0.19400 0.19836 0.31265
v -0.21872 0.26490 0.44678
v -0.22669 0.21919 0.50856
v -0.22669 0.21919 0.50856
v -0.22636 0.29297 0.51568
v -0.22636 0.29297 0.51568
v -0.22636 0.29297 0.51568
v -0.22035 0.31661 0.47695
v -0.20323 0.32638 0.44692
v -0.18926 0.37133 -0.21710
v -0.18926 0.37133 -0.21710
v -0.21406 0.51304 0.33046
v -0.21854 0.36921 0.35335
v -0.20498 0.50340 0.30496
v -0.18870 0.41379 0.35513
v -0.19976 0.49978 0.45815
v -0.19976 0.49978 0.45815
v -0.20515 0.55179 0.18781
v -0.19922 0.46271 0.56172
v -0.19922 0.46271 0.56172
v -0.19922 0.46271 0.56172
v -0.21413 0.55459 0.54043
v -0.21413 0.55459 0.54043
v -0.17118 -0.53482 -0.03297
v -0.18831 -0.03062 0.20836
v -0.20884 0.19249 0.49058
v -0.20884 0.19249 0.49058
v -0.18135 0.18310 0.49125
v -0.18135 0.18310 0.49125
v -0.19790 0.24117 0.50021
v -0.19346 0.24754 -0.20686
v -0.19346 0.24754 -0.20686
v -0.19905 0.27149 -0.19703
v -0.19905 0.27149 -0.19703
v -0.16819 0.27317 -0.24586
v -0.16819 0.27317 -0.24586
v -0.19937 0.30427 -0.19009
v -0.19937 0.30427 -0.19009
v -0.19937 0.30427 -0.19009
v -0.20481 0.28804 -0.19128
v -0.20481 0.28804 -0.19128
v -0.21561 0.33128 0.37689
v -0.21561 0.33128 0.37689
v -0.22279 0.32933 0.57798
v -0.22279 0.32933 0.57798
v -0.21187 0.29722 0.56110
v -0.19977 0.36936 0.37730
v -0.19977 0.36936 0.37730
v -0.20740 0.54484 0.05990
v -0.16704 -0.74364 -0.20436
v -0.16704 -0.74364 -0.20436
v -0.16496 -0.67306 -0.24021
v -0.16496 -0.67306 -0.24021
v -0.19207 -0.62047 -0.06793
v -0.19207 -0.62047 -0.06793
v -0.10526 -0.38145 -0.35679
v -0.10526 -0.38145 -0.35679
v -0.17956 -0.40545 -0.27296
v -0.17956 -0.40545 -0.27296
v -0.17956 -0.40545 -0.27296
v -0.18351 -0.02652 -0.27905
v -0.18351 -0.02652 -0.27905
v -0.18206 0.10483 0.31474
v -0.20272 0.17110 -0.22248
v -0.20272 0.17110 -0.22248
v -0.19331 0.16689 0.48387
v -0.19331 0.16689 0.48387
v -0.19331 0.16689 0.48387
v -0.19168 0.16794 0.46042
v -0.19168 0.16794 0.46042
v -0.17985 0.19715 0.41037
v -0.15385 0.16103 0.43027
v -0.15385 0.16103 0.43027
v -0.18102 0.23748 0.31759
v -0.18102 0.23748 0.31759
v -0.17613 0.28887 0.51131
v -0.17613 0.28887 0.51131
v -0.17613 0.28887 0.51131
v -0.17553 0.35014 0.58752
v -0.17553 0.35014 0.58752
v -0.17553 0.35014 0.58752
v -0.18301 0.34820 0.61157
v -0.19139 0.35833 0.43168
v -0.19139 0.35833 0.43168
v -0.21381 0.36340 0.54117
v -0.20652 0.38955 0.65755
v -0.20652 0.38955 0.65755
v -0.20652 0.38955 0.65755
v -0.17671 0.41409 0.67797
v -0.17671 0.41409 0.67797
v -0.20114 0.39943 0.66602
v -0.20114 0.39943 0.66602
v -0.18311 0.41033 0.50183
v -0.18311 0.41033 0.50183
v -0.19994 0.41098 0.56453
v -0.19994 0.41098 0.56453
v -0.18096 0.43895 0.61619
v -0.15887 0.41386 0.47423
v -0.15887 0.41386 0.47423
v -0.19477 0.51591 0.49394
v -0.19477 0.51591 0.49394
v -0.19830 0.52422 0.54095
v -0.19830 0.52422 0.54095
v -0.15609 0.53542 0.55862
v -0.13610 0.54373 0.45958
v -0.13610 0.54373 0.45958
v -0.18114 -0.74559 -0.29658
v -0.18114 -0.74559 -0.29658
v -0.17080 -0.65635 -0.23245
v -0.17080 -0.65635 -0.23245
v -0.17935 -0.61818 -0.09409
v -0.18741 -0.52881 -0.10402
v -0.18741 -0.52881 -0.10402
v -0.20026 -0.53951 -0.09198
v -0.20026 -0.53951 -0.09198
v -0.14946 -0.33661 0.07833
v -0.15000 -0.33078 -0.39447
v -0.16021 -0.29622 0.07767
v -0.18791 -0.28744 0.11686
v -0.18791 -0.28744 0.11686
v -0.20510 -0.24012 -0.34521
v -0.20510 -0.24012 -0.34521
v -0.13839 -0.17424 -0.40550
v -0.13839 -0.17424 -0.40550
v -0.14224 -0.16417 0.13072
v -0.14224 -0.16417 0.13072
v -0.15521 -0.07345 0.19599
v -0.14237 -0.06934 0.21630
v -0.14237 -0.06934 0.21630
v -0.14237 -0.06934 0.21630
v -0.14237 -0.06934 0.21630
v -0.15020 -0.03337 0.23251
v -0.15020 -0.03337 0.23251
v -0.15020 -0.03337 0.23251
v -0.15604 -0.01133 0.22636
v -0.15604 -0.01133 0.22636
v -0.17579 0.07521 0.27565
v -0.17579 0.07521 0.27565
v -0.17579 0.07521 0.27565
v -0.17579 0.07521 0.27565
v -0.17166 0.08110 -0.30192
v -0.17166 0.08110 -0.30192
v -0.17166 0.08110 -0.30192
v -0.17349 0.13739 -0.25417
v -0.17349 0.13739 -0.25417
v -0.17349 0.13739 -0.25417
v -0.18073 0.15055 0.31297
v -0.18655 0.18636 -0.23238
v -0.18655 0.18636 -0.23238
v -0.17256 0.13511 0.29556
v -0.17256 0.13511 0.29556
v -0.18662 0.29945 0.36162
v -0.18662 0.29945 0.36162
v -0.17203 0.26998 -0.21651
v -0.17203 0.26998 -0.21651
v -0.17203 0.26998 -0.21651
v -0.18282 0.44247 0.64921
v -0.18282 0.44247 0.64921
v -0.19555 0.41212 0.67801
v -0.19555 0.41212 0.67801
v -0.19574 0.45664 0.56692
v -0.19574 0.45664 0.56692
v -0.17904 0.47860 0.59480
v -0.17904 0.47860 0.59480
v -0.18063 0.52698 0.35662
v -0.18063 0.52698 0.35662
v -0.18277 0.54525 -0.07273
v -0.18277 0.54525 -0.07273
v -0.14437 0.56999 0.00655
v -0.18423 0.52655 -0.02322
v -0.18423 0.52655 -0.02322
v -0.17758 -0.63572 -0.16870
v -0.17161 -0.59508 -0.11600
v -0.15789 -0.52086 -0.11349
v -0.16578 -0.50576 -0.15979
v -0.16485 -0.49252 0.05202
v -0.16485 -0.49252 0.05202
v -0.18441 -0.36347 -0.30577
v -0.17804 -0.16118 0.06741
v -0.17804 -0.16118 0.06741
v -0.15076 -0.00928 -0.31982
v -0.15076 -0.00928 -0.31982
v -0.13706 -0.04926 0.23515
v -0.13706 -0.04926 0.23515
v -0.13706 -0.04926 0.23515
v -0.16466 -0.01408 -0.30437
v -0.16466 -0.01408 -0.30437
v -0.16747 0.00571 -0.30144
v -0.16747 0.00571 -0.30144
v -0.17193 0.04278 0.26995
v -0.17193 0.04278 0.26995
v -0.17193 0.04278 0.26995
v -0.17193 0.04278 0.26995
v -0.13460 0.04766 0.30700
v -0.13460 0.04766 0.30700
v -0.13460 0.04766 0.30700
v -0.15299 0.22624 -0.24943
v -0.15299 0.22624 -0.24943
v -0.15299 0.22624 -0.24943
v -0.15299 0.22624 -0.24943
v -0.14469 0.18663 0.36377
v -0.14469 0.18663 0.36377
v -0.14469 0.18663 0.36377
v -0.18312 0.35790 -0.19508
v -0.18312 0.35790 -0.19508
v -0.16015 0.39833 -0.18546
v -0.16015 0.39833 -0.18546
v -0.16015 0.39833 -0.18546
v -0.18033 0.43330 -0.18168
v -0.18033 0.43330 -0.18168
v -0.18033 0.43330 -0.18168
v -0.18658 0.44511 0.64709
v -0.18658 0.44511 0.64709
v -0.15441 0.42506 0.53073
v -0.15441 0.42506 0.53073
v -0.14580 0.49311 0.48824
v -0.14580 0.49311 0.48824
v -0.16406 0.47255 0.53408
v -0.15269 0.49489 -0.14091
v -0.15269 0.49489 -0.14091
v -0.11048 -0.50528 -0.07114
v -0.14683 -0.51249 0.00339
v -0.14456 -0.29073 0.06158
v -0.14456 -0.29073 0.06158
v -0.14920 0.00777 -0.33172
v -0.15232 -0.02154 0.25682
v -0.15232 -0.02154 0.25682
v -0.15232 -0.02154 0.25682
v -0.15232 -0.02154 0.25682
v -0.16410 0.09713 0.27280
v -0.16410 0.09713 0.27280
v -0.16410 0.09713 0.27280
v -0.16410 0.09713 0.27280
v -0.16410 0.09713 0.27280
v -0.17285 0.09644 -0.26057
v -0.17285 0.09644 -0.26057
v -0.17519 0.08764 -0.26799
v -0.17519 0.08764 -0.26799
v -0.16465 0.15024 0.30173
v -0.15715 0.17051 0.31381
v -0.15715 0.17051 0.31381
v -0.15715 0.17051 0.31381
v -0.11198 0.13958 0.32376
v -0.11198 0.13958 0.32376
v -0.16264 0.19943 0.34757
v -0.16154 0.26667 -0.22181
v -0.16154 0.26667 -0.22181
v -0.15046 0.26431 0.46107
v -0.15046 0.26431 0.46107
v -0.18309 0.29823 0.57917
v -0.18070 0.29891 0.60287
v -0.15398 0.33621 -0.22410
v -0.15398 0.33621 -0.22410
v -0.15121 0.39460 -0.21023
v -0.15121 0.39460 -0.21023
v -0.12895 0.44987 -0.18092
v -0.12895 0.44987 -0.18092
v -0.12895 0.44987 -0.18092
v -0.12895 0.44987 -0.18092
v -0.16051 0.46383 -0.15062
v -0.16797 0.46663 0.65690
v -0.16797 0.46663 0.65690
v -0.16797 0.46663 0.65690
v -0.16797 0.46663 0.65690
v -0.17915 0.47087 0.37538
v -0.16424 0.50237 0.60313
v -0.16424 0.50237 0.60313
v -0.15296 0.48039 0.64749
v -0.15296 0.48039 0.64749
v -0.16391 0.48743 0.53534
v -0.16975 0.50195 0.57636
v -0.16975 0.50195 0.57636
v -0.15587 0.48981 0.40020
v -0.15587 0.48981 0.40020
v -0.15587 0.48981 0.40020
v -0.12649 0.59871 0.09620
v -0.15560 -0.34660 -0.32458
v -0.15560 -0.34660 -0.32458
v -0.15560 -0.34660 -0.32458
v -0.16616 0.14839 -0.25362
v -0.16616 0.14839 -0.25362
v -0.17124 0.26817 0.62255
v -0.17124 0.26817 0.62255
v -0.17428 0.27529 0.58895
v -0.14687 0.43924 0.64835
v -0.14687 0.43924 0.64835
v -0.14687 0.43924 0.64835
v -0.14687 0.43924 0.64835
v -0.14708 0.45510 0.49801
v -0.16699 0.39650 0.69918
v -0.16699 0.39650 0.69918
v -0.16699 0.39650 0.69918
v -0.17202 0.44142 0.68757
v -0.17202 0.44142 0.68757
v -0.14519 0.47378 -0.14467
v -0.14519 0.47378 -0.14467
v -0.11753 0.55060 0.37204
v -0.11753 0.55060 0.37204
v -0.11753 0.55060 0.37204
v -0.11753 0.55060 0.37204
v -0.16952 0.51384 -0.03728
v -0.16952 0.51384 -0.03728
v -0.16373 0.54383 0.37475
v -0.16373 0.54383 0.37475
v -0.16373 0.54383 0.37475
v -0.14998 -0.70017 -0.27654
v -0.13994 -0.51852 -0.03516
v -0.13120 -0.50303 -0.14378
v -0.14677 -0.46527 -0.36171
v -0.15050 -0.40583 -0.26020
v -0.15050 -0.40583 -0.26020
v -0.13819 -0.29358 -0.40209
v -0.11745 -0.07577 0.16958
v -0.11745 -0.07577 0.16958
v -0.11745 -0.07577 0.16958
v -0.11745 -0.07577 0.16958
v -0.15876 -0.09020 0.16435
v -0.15876 -0.09020 0.16435
v -0.15367 0.06275 0.25225
v -0.09947 0.10289 -0.35380
v -0.09947 0.10289 -0.35380
v -0.14526 0.10851 0.28640
v -0.14526 0.10851 0.28640
v -0.14526 0.10851 0.28640
v -0.14526 0.10851 0.28640
v -0.14526 0.10851 0.28640
v -0.12819 0.11693 0.46263
v -0.12819 0.11693 0.46263
v -0.15820 0.23767 0.52454
v -0.14832 0.23780 0.60397
v -0.16494 0.28400 0.66768
v -0.16494 0.28400 0.66768
v -0.15624 0.27931 0.62900
v -0.15624 0.27931 0.62900
v -0.14962 0.38131 0.67144
v -0.14706 0.32637 0.71557
v -0.14706 0.32637 0.71557
v -0.16337 0.36097 0.63381
v -0.16414 0.34710 -0.23222
v -0.16414 0.34710 -0.23222
v -0.16046 0.41400 -0.20663
v -0.16046 0.41400 -0.20663
v -0.16046 0.41400 -0.20663
v -0.14282 0.49232 -0.05685
v -0.14282 0.49232 -0.05685
v -0.16227 0.52814 -0.03776
v -0.09200 0.56209 -0.07766
v -0.09200 0.56209 -0.07766
v -0.11162 0.62222 0.26254
v -0.11162 0.62222 0.26254
v -0.11162 0.62222 0.26254
v -0.14615 0.59879 0.13407
v -0.14651 -0.48018 -0.38361
v -0.14651 -0.48018 -0.38361
v -0.10371 -0.38955 -0.43260
v -0.10371 -0.38955 -0.43260
v -0.10371 -0.38955 -0.43260
v -0.10371 -0.38955 -0.43260
v -0.13861 -0.46757 -0.34978
v -0.13861 -0.46757 -0.34978
v -0.11829 0.00007 -0.33413
v -0.11829 0.00007 -0.33413
v -0.13528 0.10598 -0.29303
v -0.13528 0.10598 -0.29303
v -0.09932 0.19479 0.44345
v -0.09932 0.19479 0.44345
v -0.09932 0.19479 0.44345
v -0.13858 0.23165 0.63229
v -0.13193 0.26152 0.67724
v -0.11952 0.25508 0.75251
v -0.14872 0.33172 -0.23628
v -0.14872 0.33172 -0.23628
v -0.11273 0.42321 0.75003
v -0.11273 0.42321 0.75003
v -0.13585 0.36176 0.75525
v -0.13585 0.36176 0.75525
v -0.13585 0.36176 0.75525
v -0.10843 0.45810 0.71913
v -0.10843 0.45810 0.71913
v -0.14012 0.45835 0.71686
v -0.14848 0.48702 0.66915
v -0.14848 0.48702 0.66915
v -0.14848 0.48702 0.66915
v -0.14347 0.55218 0.57412
v -0.14347 0.55218 0.57412
v -0.10125 -0.43330 0.02726
v -0.10125 -0.43330 0.02726
v -0.14194 -0.45405 0.04780
v -0.10410 -0.45706 -0.39028
v -0.10410 -0.45706 -0.39028
v -0.10410 -0.45706 -0.39028
v -0.10410 -0.45706 -0.39028
v -0.11777 -0.36012 -0.33111
v -0.12384 -0.30986 0.10688
v -0.12384 -0.30986 0.10688
v -0.13246 -0.28941 0.06080
v -0.13246 -0.28941 0.06080
v -0.12413 -0.23318 -0.40398
v -0.11830 -0.22034 0.09897
v -0.13949 -0.13347 0.15604
v -0.13949 -0.13347 0.15604
v -0.09208 -0.00010 -0.35541
v -0.09208 -0.00010 -0.35541
v -0.09208 -0.00010 -0.35541
v -0.12906 0.03223 0.24873
v -0.11404 0.10376 0.31903
v -0.11404 0.10376 0.31903
v -0.10407 0.11640 0.33373
v -0.10407 0.11640 0.33373
v -0.14141 0.21998 0.54273
v -0.10246 0.23146 -0.28936
v -0.13021 0.31397 0.73462
v -0.13021 0.31397 0.73462
v -0.13688 0.35155 -0.23927
v -0.14517 0.38255 -0.21823
v -0.13131 0.46480 0.66676
v -0.13131 0.46480 0.66676
v -0.13570 0.53642 0.40924
v -0.13570 0.53642 0.40924
v -0.10182 0.60094 0.02899
v -0.13424 0.59319 0.22139
v -0.13424 0.59319 0.22139
v -0.08316 0.65328 0.21865
v -0.00873 0.68896 0.13711
v -0.08059 -0.42420 -0.22953
v -0.08059 -0.42420 -0.22953
v -0.11792 -0.33068 -0.34389
v -0.11792 -0.33068 -0.34389
v -0.13517 -0.29021 0.14686
v -0.13517 -0.29021 0.14686
v -0.13109 -0.21920 0.13184
v -0.13109 -0.21920 0.13184
v -0.12501 -0.31033 0.13783
v -0.12501 -0.31033 0.13783
v -0.12351 -0.17049 0.13018
v -0.12351 -0.17049 0.13018
v -0.12351 -0.17049 0.13018
v -0.09339 -0.06620 0.21578
v -0.09339 -0.06620 0.21578
v -0.09339 -0.06620 0.21578
v -0.14699 -0.07023 0.23762
v -0.14699 -0.07023 0.23762
v -0.14699 -0.07023 0.23762
v -0.12698 -0.02375 0.24757
v -0.12698 -0.02375 0.24757
v -0.09585 0.17672 -0.30155
v -0.09585 0.17672 -0.30155
v -0.15865 0.11091 -0.30990
v -0.15865 0.11091 -0.30990
v -0.13951 0.15358 -0.27827
v -0.10043 0.15839 0.42356
v -0.12158 0.20105 0.56681
v -0.12158 0.20105 0.56681
v -0.10907 0.44394 -0.15796
v -0.10907 0.44394 -0.15796
v -0.10907 0.44394 -0.15796
v -0.12217 0.49964 0.66896
v -0.12448 0.56939 0.48634
v -0.12448 0.56939 0.48634
v -0.08014 0.60459 0.38708
v -0.08014 0.60459 0.38708
v -0.08653 0.62915 0.36976
v -0.08653 0.62915 0.36976
v -0.08653 0.62915 0.36976
v -0.08653 0.62915 0.36976
v -0.09768 -0.47192 -0.00800
v -0.09061 -0.41903 -0.37439
v -0.09061 -0.41903 -0.37439
v -0.09061 -0.41903 -0.37439
v -0.09061 -0.41903 -0.37439
v -0.11714 -0.42567 0.06505
v -0.10231 -0.28711 -0.43161
v -0.11830 -0.32689 0.09372
v -0.11830 -0.32689 0.09372
v -0.11830 -0.32689 0.09372
v -0.10896 -0.30189 0.06142
v -0.10896 -0.30189 0.06142
v -0.10303 -0.08823 -0.37904
v -0.10371 -0.10148 0.20131
v -0.10371 -0.10148 0.20131
v -0.10371 -0.10148 0.20131
v -0.10371 -0.10148 0.20131
v -0.10371 -0.10148 0.20131
v -0.10371 -0.10148 0.20131
v -0.11693 -0.06810 0.23094
v -0.11770 -0.01997 0.25360
v -0.11770 -0.01997 0.25360
v -0.08550 0.12647 -0.32598
v -0.12957 0.14527 -0.32370
v -0.12957 0.14527 -0.32370
v -0.12318 0.22554 -0.26184
v -0.08941 0.15598 0.36984
v -0.08941 0.15598 0.36984
v -0.08941 0.15598 0.36984
v -0.12896 0.20596 0.48702
v -0.12003 0.20267 0.50566
v -0.12003 0.20267 0.50566
v -0.13141 0.21537 0.62110
v -0.13141 0.21537 0.62110
v -0.10505 0.20531 0.68986
v -0.10724 0.29780 -0.26599
v -0.11099 0.30762 0.73261
v -0.11099 0.30762 0.73261
v -0.11667 0.33338 0.76014
v -0.11667 0.33338 0.76014
v -0.11667 0.33338 0.76014
v -0.12689 0.35492 0.76916
v -0.12689 0.35492 0.76916
v -0.12689 0.35492 0.76916
v -0.10999 0.41508 -0.20260
v -0.12686 0.47887 -0.18394
v -0.12686 0.47887 -0.18394
v -0.12686 0.47887 -0.18394
v -0.09847 0.62199 0.07438
v -0.09847 0.62199 0.07438
v -0.10720 -0.42135 0.03315
v -0.10720 -0.42135 0.03315
v -0.11244 -0.30086 0.05756
v -0.11244 -0.30086 0.05756
v -0.11244 -0.30086 0.05756
v -0.10037 -0.33318 0.07628
v -0.10037 -0.33318 0.07628
v -0.10037 -0.33318 0.07628
v -0.10037 -0.33318 0.07628
v -0.10037 -0.33318 0.07628
v -0.09810 -0.22791 0.11288
v -0.09088 -0.08803 0.18159
v -0.09088 -0.08803 0.18159
v -0.10194 0.17649 -0.32358
v -0.10194 0.17649 -0.32358
v -0.09742 0.33760 0.76447
v -0.09742 0.33760 0.76447
v -0.09742 0.33760 0.76447
v -0.10733 0.33425 -0.25711
v -0.11005 0.47073 0.67546
v -0.11005 0.47073 0.67546
v -0.11005 0.47073 0.67546
v -0.11005 0.47073 0.67546
v -0.07609 -0.48297 -0.10046
v -0.04840 -0.04518 -0.35860
v -0.04840 -0.04518 -0.35860
v -0.10545 -0.13796 0.16172
v -0.11793 -0.07248 0.22437
v -0.10327 -0.02698 0.24044
v -0.10327 -0.02698 0.24044
v -0.10021 0.02552 0.25408
v -0.08741 0.09260 0.38725
v -0.08741 0.09260 0.38725
v -0.08741 0.09260 0.38725
v -0.05478 0.10215 0.45193
v -0.10889 0.18732 0.54678
v -0.11523 0.19047 0.59021
v -0.10804 0.21239 0.74062
v -0.10804 0.21239 0.74062
v -0.10501 0.20827 0.82509
v -0.10289 0.19040 0.77360
v -0.05017 -0.44435 -0.17000
v -0.10739 -0.42818 -0.39389
v -0.10739 -0.42818 -0.39389
v -0.08373 -0.36000 0.04959
v -0.08373 -0.36000 0.04959
v -0.08359 -0.34114 -0.44135
v -0.08359 -0.34114 -0.44135
v -0.08359 -0.34114 -0.44135
v -0.08359 -0.34114 -0.44135
v -0.08359 -0.34114 -0.44135
v -0.08359 -0.34114 -0.44135
v -0.05836 -0.37329 0.13250
v -0.05836 -0.37329 0.13250
v -0.08207 -0.18670 0.12830
v -0.08207 -0.18670 0.12830
v -0.08941 -0.07808 0.22919
v -0.08941 -0.07808 0.22919
v -0.08941 -0.07808 0.22919
v -0.07596 -0.03592 0.27458
v -0.07596 -0.03592 0.27458
v -0.08203 0.04402 0.27319
v -0.06813 0.10142 -0.32819
v -0.06813 0.10142 -0.32819
v -0.07015 0.20775 -0.29323
v -0.07015 0.20775 -0.29323
v -0.07356 0.16627 0.51699
v -0.09921 0.17843 0.49440
v -0.09921 0.17843 0.49440
v -0.08463 0.19352 0.65191
v -0.08463 0.19352 0.65191
v -0.09351 0.26162 0.81936
v -0.08477 0.27665 -0.28695
v -0.08536 0.37097 -0.23951
v -0.08536 0.37097 -0.23951
v -0.07096 0.39357 -0.21543
v -0.05900 0.45856 0.72072
v -0.05900 0.45856 0.72072
v -0.07823 0.49650 -0.11613
v -0.07823 0.49650 -0.11613
v -0.07823 0.49650 -0.11613
v -0.07823 0.49650 -0.11613
v -0.07823 0.49650 -0.11613
v -0.07928 0.54570 -0.08358
v -0.05031 0.62513 0.41812
v -0.05031 0.62513 0.41812
v -0.05031 0.62513 0.41812
v -0.02323 0.62405 0.58855
v -0.02382 0.66460 0.27965
v -0.02382 0.66460 0.27965
v -0.05292 -0.39289 -0.26926
v -0.05622 -0.38443 0.03012
v -0.10402 -0.37305 -0.44022
v -0.10402 -0.37305 -0.44022
v -0.10431 -0.14710 0.18468
v -0.10615 -0.12905 0.20841
v -0.10615 -0.12905 0.20841
v -0.10615 -0.12905 0.20841
v -0.10615 -0.12905 0.20841
v -0.08743 -0.15278 0.21523
v -0.08743 -0.15278 0.21523
v -0.08743 -0.15278 0.21523
v -0.08743 -0.15278 0.21523
v -0.08750 -0.18736 0.20865
v -0.08750 -0.18736 0.20865
v -0.08750 -0.18736 0.20865
v -0.08750 -0.18736 0.20865
v -0.09025 -0.02801 0.25199
v -0.07312 0.02158 0.25769
v -0.07312 0.02158 0.25769
v -0.07207 0.02625 -0.36329
v -0.07207 0.02625 -0.36329
v -0.05906 0.05020 0.31180
v -0.05906 0.05020 0.31180
v -0.08562 0.09922 0.33872
v -0.08562 0.09922 0.33872
v -0.09983 0.19652 0.75830
v -0.09983 0.19652 0.75830
v -0.05722 0.35021 0.80952
v -0.05722 0.35021 0.80952
v -0.05165 0.48789 0.72656
v -0.05165 0.48789 0.72656
v -0.06721 -0.22730 0.13712
v -0.06721 -0.22730 0.13712
v -0.08478 -0.14982 0.20309
v -0.06860 0.09221 0.36224
v -0.06860 0.09221 0.36224
v -0.06860 0.09221 0.36224
v -0.04213 0.14836 0.87877
v -0.04213 0.14836 0.87877
v -0.04213 0.14836 0.87877
v -0.08314 0.21540 0.86961
v -0.08314 0.21540 0.86961
v -0.09174 0.20604 -0.33269
v -0.09174 0.20604 -0.33269
v -0.04301 0.55126 0.69839
v -0.04301 0.55126 0.69839
v -0.03416 0.52007 -0.12608
v -0.03416 0.52007 -0.12608
v -0.07447 0.56419 -0.08372
v -0.07447 0.56419 -0.08372
v -0.08793 0.59183 0.36387
v -0.08793 0.59183 0.36387
v -0.08793 0.59183 0.36387
v -0.08335 0.60076 0.50393
v -0.06173 -0.39727 0.01804
v -0.04248 -0.46368 -0.42651
v -0.04248 -0.46368 -0.42651
v -0.06770 -0.45453 0.11213
v -0.05811 -0.45986 0.11155
v -0.05811 -0.45986 0.11155
v -0.06439 -0.36860 0.09292
v -0.06439 -0.36860 0.09292
v -0.07338 -0.29975 -0.45658
v -0.07338 -0.29975 -0.45658
v -0.07338 -0.29975 -0.45658
v -0.07338 -0.29975 -0.45658
v -0.08331 -0.30679 -0.43721
v -0.08331 -0.30679 -0.43721
v -0.08331 -0.30679 -0.43721
v -0.03648 -0.16173 -0.43259
v -0.03648 -0.16173 -0.43259
v -0.03648 -0.16173 -0.43259
v -0.03648 -0.16173 -0.43259
v -0.05986 -0.14996 0.20509
v -0.05986 -0.14996 0.20509
v -0.05986 -0.14996 0.20509
v -0.06128 -0.10789 0.18536
v -0.06128 -0.10789 0.18536
v -0.06128 -0.10789 0.18536
v -0.03727 -0.07514 0.24086
v -0.03727 -0.07514 0.24086
v -0.03727 -0.07514 0.24086
v -0.03727 -0.07514 0.24086
v -0.04538 -0.01485 0.26168
v -0.04538 -0.01485 0.26168
v -0.08480 0.01226 -0.36440
v -0.08480 0.01226 -0.36440
v -0.00796 0.17374 -0.34122
v -0.04284 0.14019 0.40909
v -0.04284 0.14019 0.40909
v -0.06531 0.10167 0.41791
v -0.04216 0.13601 0.81566
v -0.04216 0.13601 0.81566
v -0.04216 0.13601 0.81566
v -0.08154 0.15972 0.45026
v -0.08154 0.15972 0.45026
v -0.06587 0.44105 -0.20049
v -0.06587 0.44105 -0.20049
v -0.03890 0.59530 0.36474
v -0.03890 0.59530 0.36474
v -0.06286 0.62953 0.40384
v -0.06286 0.62953 0.40384
v -0.06286 0.62953 0.40384
v 0.04685 0.60812 -0.01037
v -0.03120 -0.42519 -0.02799
v -0.02704 -0.44140 -0.10830
v -0.02747 -0.39065 -0.22913
v -0.05187 -0.33104 -0.44766
v -0.05187 -0.33104 -0.44766
v -0.03547 -0.33893 0.14297
v -0.05581 -0.26154 0.14552
v -0.05581 -0.26154 0.14552
v -0.05798 0.08876 0.43965
v -0.05798 0.08876 0.43965
v -0.01678 0.08964 0.39219
v -0.01678 0.08964 0.39219
v -0.01678 0.08964 0.39219
v -0.01678 0.08964 0.39219
v -0.06394 0.15738 0.43890
v -0.06394 0.15738 0.43890
v -0.04672 0.14164 0.44516
v -0.03690 0.25821 -0.33384
v -0.03690 0.25821 -0.33384
v -0.03402 0.24014 -0.31132
v -0.03402 0.24014 -0.31132
v -0.06115 0.35986 -0.24981
v -0.06115 0.35986 -0.24981
v -0.01419 0.47324 0.68845
v -0.01419 0.47324 0.68845
v -0.01419 0.47324 0.68845
v -0.03647 0.51890 -0.13933
v -0.03647 0.51890 -0.13933
v 0.00607 0.56891 -0.07568
v -0.05448 -0.41688 -0.31820
v -0.06681 -0.40891 -0.45361
v -0.06047 -0.30854 -0.44196
v -0.04648 -0.19582 0.16796
v -0.04648 -0.19582 0.16796
v -0.04648 -0.19582 0.16796
v -0.05307 -0.13437 0.20215
v -0.05307 -0.13437 0.20215
v -0.05307 -0.13437 0.20215
v -0.04065 0.03598 0.33005
v -0.04065 0.03598 0.33005
v -0.05180 0.13825 0.73642
v -0.05435 0.14860 0.76787
v -0.05435 0.14860 0.76787
v -0.01542 0.15330 0.51572
v -0.01117 0.18784 0.90664
v -0.00790 0.27261 -0.28775
v -0.00790 0.27261 -0.28775
v -0.00490 0.32813 -0.24833
v -0.00490 0.32813 -0.24833
v -0.00351 0.43591 -0.21262
v -0.00351 0.43591 -0.21262
v -0.00351 0.43591 -0.21262
v -0.00351 0.43591 -0.21262
v -0.05729 -0.48895 0.11184
v -0.05729 -0.48895 0.11184
v -0.05117 -0.44936 -0.44338
v 0.01406 -0.50580 -0.40311
v -0.03979 -0.41529 -0.19778
v 0.04036 -0.42709 0.04682
v 0.04036 -0.42709 0.04682
v -0.05998 -0.27923 -0.45197
v -0.05998 -0.27923 -0.45197
v -0.01981 -0.22411 -0.45628
v -0.01981 -0.22411 -0.45628
v -0.01981 -0.22411 -0.45628
v -0.04008 -0.29205 0.16712
v -0.04008 -0.29205 0.16712
v -0.04392 -0.18105 0.19370
v -0.04392 -0.18105 0.19370
v -0.04392 -0.18105 0.19370
v -0.06121 -0.11668 0.21358
v -0.06121 -0.11668 0.21358
v -0.06121 -0.11668 0.21358
v -0.03476 0.01805 -0.36493
v 0.00658 0.14119 0.63888
v 0.00658 0.14119 0.63888
v -0.03639 0.33603 -0.27176
v -0.03639 0.33603 -0.27176
v -0.02546 0.50257 0.73769
v -0.02546 0.50257 0.73769
v -0.02546 0.50257 0.73769
v -0.02786 0.54959 -0.10838
v -0.02786 0.54959 -0.10838
v 0.01301 0.66521 0.38971
v 0.01173 -0.40515 -0.08992
v -0.03453 -0.40595 -0.48577
v -0.04738 -0.30528 -0.45110
v -0.04100 -0.33637 -0.46903
v -0.04100 -0.33637 -0.46903
v -0.01660 -0.25465 -0.44019
v -0.01660 -0.25465 -0.44019
v -0.05319 -0.22438 -0.42143
v -0.05319 -0.22438 -0.42143
v -0.03855 -0.19635 -0.40838
v -0.03855 -0.19635 -0.40838
v -0.02881 -0.28471 0.17766
v -0.02881 -0.28471 0.17766
v -0.04666 -0.12675 0.18377
v -0.04666 -0.12675 0.18377
v -0.04666 -0.12675 0.18377
v -0.03985 -0.19106 0.19850
v -0.03985 -0.19106 0.19850
v -0.03985 -0.19106 0.19850
v -0.03342 -0.11101 0.20242
v -0.03342 -0.11101 0.20242
v -0.03342 -0.11101 0.20242
v -0.03342 -0.11101 0.20242
v -0.03730 -0.02703 0.27053
v -0.03730 -0.02703 0.27053
v -0.01079 0.00398 -0.35633
v -0.00228 0.05346 -0.36693
v -0.01014 0.09892 0.43951
v -0.01014 0.09892 0.43951
v -0.01014 0.09892 0.43951
v -0.05527 0.08448 0.78187
v -0.05527 0.08448 0.78187
v -0.05527 0.08448 0.78187
v -0.01537 0.11285 0.80953
v -0.01537 0.11285 0.80953
v -0.01537 0.11285 0.80953
v -0.05845 0.08652 0.76860
v -0.05845 0.08652 0.76860
v -0.00329 0.30152 0.87269
v -0.02089 0.38337 0.79342
v -0.02356 0.48413 -0.16083
v -0.02356 0.48413 -0.16083
v -0.02356 0.48413 -0.16083
v -0.02356 0.48413 -0.16083
v -0.02356 0.48413 -0.16083
v -0.03348 0.59828 0.35951
v -0.00906 0.61809 0.34937
v -0.00906 0.61809 0.34937
v -0.00906 0.61809 0.34937
v 0.03802 0.63786 0.04194
v 0.03802 0.63786 0.04194
v 0.03802 0.63786 0.04194
v 0.03802 0.63786 0.04194
v -0.00161 0.66034 0.01715
v -0.00161 0.66034 0.01715
v -0.00161 0.66034 0.01715
v -0.00161 0.66034 0.01715
v -0.03775 -0.50637 -0.48491
v -0.03775 -0.50637 -0.48491
v -0.04030 -0.48797 -0.52868
v 0.01389 -0.43196 -0.54790
v 0.01389 -0.43196 -0.54790
v 0.01389 -0.43196 -0.54790
v 0.01389 -0.43196 -0.54790
v -0.00825 -0.34367 -0.47477
v -0.00825 -0.34367 -0.47477
v -0.00825 -0.34367 -0.47477
v -0.00513 -0.17960 -0.44757
v -0.01131 -0.22111 0.18804
v -0.01131 -0.22111 0.18804
v -0.01131 -0.22111 0.18804
v -0.01131 -0.22111 0.18804
v -0.03183 -0.12459 -0.41086
v -0.02164 -0.10058 0.20232
v -0.02164 -0.10058 0.20232
v -0.03535 0.20926 0.92145
v 0.05722 0.34703 -0.23444
v 0.05722 0.34703 -0.23444
v -0.02887 0.46578 -0.15169
v -0.02887 0.46578 -0.15169
v -0.03734 -0.53742 -0.58838
v -0.02635 -0.55188 0.11834
v -0.02635 -0.55188 0.11834
v -0.01270 -0.45562 0.10114
v -0.01382 -0.45749 -0.34241
v 0.00944 -0.39778 0.16618
v -0.02355 -0.29759 -0.46237
v 0.01468 0.02751 0.34904
v 0.01809 0.15701 0.89159
v 0.01809 0.15701 0.89159
v -0.02857 -0.49244 -0.44365
v -0.02857 -0.49244 -0.44365
v -0.01393 -0.37857 -0.48726
v -0.01393 -0.37857 -0.48726
v -0.01109 -0.32910 0.17837
v -0.01109 -0.32910 0.17837
v -0.01967 -0.28349 -0.47072
v -0.02274 -0.22828 -0.44363
v -0.02274 -0.22828 -0.44363
v -0.02550 -0.19227 0.20376
v -0.02550 -0.19227 0.20376
v -0.03453 -0.13890 0.20496
v -0.02041 -0.18038 0.21087
v -0.02041 -0.18038 0.21087
v -0.02041 -0.18038 0.21087
v -0.02041 -0.18038 0.21087
v -0.01438 -0.08203 0.21482
v -0.01438 -0.08203 0.21482
v -0.01438 -0.08203 0.21482
v -0.01438 -0.08203 0.21482
v 0.00624 -0.00495 0.29421
v -0.01204 0.20759 0.93591
v 0.00635 0.38728 0.79637
v 0.00635 0.38728 0.79637
v 0.01279 0.62651 0.37018
v 0.01279 0.62651 0.37018
v 0.03363 0.66632 0.00376
v 0.03363 0.66632 0.00376
v 0.02246 -0.61851 -0.58597
v 0.02246 -0.61851 -0.58597
v -0.00687 -0.53912 0.10976
v -0.00687 -0.53912 0.10976
v -0.01854 -0.56065 0.12015
v -0.01854 -0.56065 0.12015
v 0.00855 -0.52935 0.13751
v 0.00855 -0.52935 0.13751
v 0.03132 -0.52453 -0.41855
v 0.03132 -0.52453 -0.41855
v 0.02650 -0.44998 -0.31802
v 0.01538 -0.39766 -0.51253
v 0.02375 -0.38519 -0.17613
v 0.06848 -0.41915 -0.00360
v 0.02922 -0.43470 0.06088
v 0.05369 -0.27545 0.17295
v 0.02654 -0.27604 -0.47489
v 0.02654 -0.27604 -0.47489
v -0.01750 -0.23412 0.20558
v -0.01750 -0.23412 0.20558
v -0.01750 -0.23412 0.20558
v -0.01474 -0.02950 0.29118
v -0.01474 -0.02950 0.29118
v 0.02374 0.00025 0.29005
v 0.02374 0.00025 0.29005
v 0.02772 0.10620 -0.33507
v 0.02772 0.10620 -0.33507
v -0.00828 0.14816 0.41510
v -0.00828 0.14816 0.41510
v 0.04022 0.21913 -0.33128
v 0.00070 0.28938 -0.31688
v 0.00070 0.28938 -0.31688
v 0.00070 0.28938 -0.31688
v 0.00112 0.35073 0.81051
v -0.00801 0.35156 0.80980
v -0.01698 0.43510 -0.16886
v -0.01698 0.43510 -0.16886
v 0.03462 0.63512 0.39583
v 0.03462 0.63512 0.39583
v 0.00663 -0.53780 -0.45479
v 0.00663 -0.53780 -0.45479
v 0.00270 -0.43669 -0.56974
v 0.00270 -0.43669 -0.56974
v 0.01664 -0.36603 0.17951
v 0.01936 -0.32428 -0.47806
v 0.01936 -0.32428 -0.47806
v -0.01144 -0.29685 -0.47421
v 0.01161 -0.16031 -0.43997
v 0.07006 -0.17750 0.18341
v 0.07006 -0.17750 0.18341
v 0.01045 -0.10252 -0.40990
v 0.01045 -0.10252 -0.40990
v 0.01969 -0.10871 -0.41729
v 0.01969 -0.10871 -0.41729
v 0.00497 -0.12223 0.22976
v 0.00497 -0.12223 0.22976
v 0.00497 -0.12223 0.22976
v 0.00497 -0.12223 0.22976
v 0.01432 -0.07214 0.25399
v 0.01432 -0.07214 0.25399
v 0.01432 -0.07214 0.25399
v 0.01432 -0.07214 0.25399
v 0.00844 0.05895 -0.36076
v 0.02567 0.15101 0.54706
v 0.06438 0.50652 0.70007
v 0.06438 0.50652 0.70007
v 0.04522 0.53050 0.71189
v 0.04522 0.53050 0.71189
v 0.07106 0.54118 0.69094
v 0.07106 0.54118 0.69094
v 0.03730 0.63594 0.52318
v 0.03726 0.63334 0.49445
v 0.08932 0.64931 0.34345
v -0.02062 -0.53668 -0.60317
v -0.02062 -0.53668 -0.60317
v 0.04713 -0.58702 -0.72672
v 0.04713 -0.58702 -0.72672
v 0.04713 -0.58702 -0.72672
v 0.00470 -0.52036 -0.61750
v 0.00470 -0.52036 -0.61750
v 0.00273 -0.29649 -0.47847
v 0.01827 -0.24788 -0.45828
v 0.01827 -0.24788 -0.45828
v 0.00570 -0.04394 -0.39769
v 0.00570 -0.04394 -0.39769
v 0.00570 -0.04394 -0.39769
v 0.00570 -0.04394 -0.39769
v 0.03828 -0.04499 -0.39550
v 0.03828 -0.04499 -0.39550
v 0.03828 -0.04499 -0.39550
v 0.03828 -0.04499 -0.39550
v 0.03318 -0.02722 0.29607
v 0.03318 -0.02722 0.29607
v 0.03318 -0.02722 0.29607
v 0.03318 -0.02722 0.29607
v 0.03318 -0.02722 0.29607
v -0.00717 -0.01495 0.41651
v -0.00717 -0.01495 0.41651
v 0.02827 0.07381 0.42651
v 0.02827 0.07381 0.42651
v 0.02827 0.07381 0.42651
v 0.02827 0.07381 0.42651
v 0.02219 0.12126 0.39009
v 0.02219 0.12126 0.39009
v 0.03575 0.11956 0.39937
v 0.03575 0.11956 0.39937
v 0.03575 0.11956 0.39937
v 0.00782 0.15214 0.49031
v 0.08632 0.57752 -0.07561
v 0.08632 0.57752 -0.07561
v 0.02684 -0.63619 -0.63796
v 0.02684 -0.63619 -0.63796
v 0.01166 -0.51955 -0.62524
v 0.01374 -0.51486 -0.39830
v 0.01374 -0.51486 -0.39830
v 0.09353 -0.47756 -0.42121
v 0.09353 -0.47756 -0.42121
v 0.09353 -0.47756 -0.42121
v 0.02320 -0.40479 -0.04178
v 0.00898 -0.37588 -0.51108
v 0.00148 -0.15144 0.23464
v 0.00148 -0.15144 0.23464
v 0.00334 -0.14634 0.24107
v 0.00334 -0.14634 0.24107
v 0.00629 -0.12155 -0.44104
v 0.00629 -0.12155 -0.44104
v 0.03118 -0.07847 0.21056
v 0.02874 -0.04067 0.24644
v 0.02874 -0.04067 0.24644
v 0.02874 -0.04067 0.24644
v 0.02874 -0.04067 0.24644
v 0.02874 -0.04067 0.24644
v 0.02462 -0.06784 -0.41729
v 0.02462 -0.06784 -0.41729
v 0.04063 -0.04104 0.26609
v 0.04063 -0.04104 0.26609
v 0.04063 -0.04104 0.26609
v 0.01879 -0.02623 -0.43920
v 0.01879 -0.02623 -0.43920
v 0.07653 0.08963 0.42742
v 0.07653 0.08963 0.42742
v 0.03080 0.17916 -0.32720
v 0.05335 0.24272 0.89928
v 0.05335 0.24272 0.89928
v 0.10943 0.46668 0.72887
v 0.10943 0.46668 0.72887
v 0.04968 0.49744 0.75145
v 0.04968 0.49744 0.75145
v 0.07413 -0.60917 -0.55554
v 0.02466 -0.54150 -0.65600
v 0.01369 -0.58551 0.12290
v 0.01369 -0.58551 0.12290
v 0.05660 -0.51420 -0.62894
v 0.03353 -0.47729 0.10367
v 0.02490 -0.47994 -0.38695
v 0.06947 0.00024 -0.37242
v 0.06947 0.00024 -0.37242
v 0.02949 0.05781 0.37685
v 0.02949 0.05781 0.37685
v 0.05643 0.49059 -0.15174
v 0.05643 0.49059 -0.15174
v 0.07444 0.62083 0.34368
v 0.07444 0.62083 0.34368
v 0.07444 0.62083 0.34368
v 0.03616 0.65911 0.02332
v 0.03616 0.65911 0.02332
v 0.03616 0.65911 0.02332
v 0.03616 0.65911 0.02332
v 0.05461 -0.62884 -0.73574
v 0.05461 -0.62884 -0.73574
v 0.05461 -0.62884 -0.73574
v 0.03454 -0.54544 0.13511
v 0.03590 -0.43576 -0.54097
v 0.03590 -0.43576 -0.54097
v 0.10371 -0.30456 0.14845
v 0.06838 0.04434 -0.36697
v 0.06798 0.06830 0.36979
v 0.06798 0.06830 0.36979
v 0.06798 0.06830 0.36979
v 0.06798 0.06830 0.36979
v 0.05216 0.10045 -0.32761
v 0.05216 0.10045 -0.32761
v 0.05216 0.10045 -0.32761
v 0.05216 0.10045 -0.32761
v 0.04605 0.13060 0.77787
v 0.04605 0.13060 0.77787
v 0.06491 0.15733 0.69658
v 0.06491 0.15733 0.69658
v 0.08200 0.16594 0.46081
v 0.04570 0.34134 -0.27230
v 0.04570 0.34134 -0.27230
v 0.04160 0.31443 -0.23823
v 0.04160 0.31443 -0.23823
v 0.04440 0.59992 0.35658
v 0.04440 0.59992 0.35658
v 0.05478 0.60579 0.37390
v 0.08436 0.61032 0.40648
v 0.08436 0.61032 0.40648
v 0.08436 0.61032 0.40648
v 0.08436 0.61032 0.40648
v 0.08436 0.61032 0.40648
v 0.06081 0.65046 0.28818
v 0.06511 0.66519 0.25901
v 0.06245 -0.49168 0.09252
v 0.03875 -0.50457 -0.39806
v 0.03875 -0.50457 -0.39806
v 0.03875 -0.50457 -0.39806
v 0.06514 -0.44097 -0.32225
v 0.06395 -0.41547 -0.16839
v 0.03303 -0.35349 -0.49279
v 0.06780 -0.17276 0.15780
v 0.06780 -0.17276 0.15780
v 0.02973 -0.18187 -0.47793
v 0.03167 -0.12059 -0.41436
v 0.05878 -0.08743 -0.39262
v 0.05878 -0.08743 -0.39262
v 0.05809 0.01052 0.31021
v 0.05809 0.01052 0.31021
v 0.05809 0.01052 0.31021
v 0.05809 0.01052 0.31021
v 0.08005 0.09397 -0.36881
v 0.04624 0.10956 0.80163
v 0.04624 0.10956 0.80163
v 0.05204 0.24675 -0.32382
v 0.02472 0.31491 -0.29598
v 0.02472 0.31491 -0.29598
v 0.07225 0.32395 -0.28123
v 0.04976 0.34312 0.80946
v 0.06431 0.44328 0.74682
v 0.06431 0.44328 0.74682
v 0.03811 0.39468 -0.22320
v 0.06937 -0.59703 -0.53209
v 0.06937 -0.59703 -0.53209
v 0.09481 -0.51662 -0.46799
v 0.09481 -0.51662 -0.46799
v 0.04583 -0.51534 -0.40515
v 0.04583 -0.51534 -0.40515
v 0.08947 -0.44641 -0.53443
v 0.08947 -0.44641 -0.53443
v 0.04447 -0.46494 0.09324
v 0.10565 -0.47702 -0.09892
v 0.05410 -0.36545 -0.48816
v 0.09933 -0.36170 0.15140
v 0.05170 -0.31700 -0.47029
v 0.06557 -0.22829 0.18676
v 0.05407 -0.21916 -0.45013
v 0.04675 -0.04879 0.28623
v 0.04675 -0.04879 0.28623
v 0.04799 -0.02957 0.25410
v 0.04799 -0.02957 0.25410
v 0.04799 -0.02957 0.25410
v 0.04799 -0.02957 0.25410
v 0.07772 0.09543 0.32765
v 0.07772 0.09543 0.32765
v 0.06367 0.09427 0.41031
v 0.06367 0.09427 0.41031
v 0.05868 0.10313 0.77694
v 0.05868 0.10313 0.77694
v 0.04578 0.19399 0.89853
v 0.04578 0.19399 0.89853
v 0.04578 0.19399 0.89853
v 0.10100 0.60050 0.55186
v 0.04602 0.63219 0.38247
v 0.04463 -0.66653 0.10794
v 0.04463 -0.66653 0.10794
v 0.06723 -0.43416 0.07152
v 0.06723 -0.43416 0.07152
v 0.08722 -0.33691 0.15337
v 0.08427 -0.15972 -0.41432
v 0.03583 0.09553 -0.69463
v 0.03583 0.09553 -0.69463
v 0.03583 0.09553 -0.69463
v 0.03583 0.09553 -0.69463
v 0.02768 0.04123 -0.69781
v 0.02768 0.04123 -0.69781
v 0.02768 0.04123 -0.69781
v 0.04856 0.13266 -0.71234
v 0.04856 0.13266 -0.71234
v 0.05494 0.06945 -0.69829
v 0.05494 0.06945 -0.69829
v 0.05494 0.06945 -0.69829
v 0.05459 0.13992 0.80809
v 0.05459 0.13992 0.80809
v 0.10225 0.19995 0.84593
v 0.10225 0.19995 0.84593
v 0.11206 0.19129 0.41803
v 0.11206 0.19129 0.41803
v 0.11206 0.19129 0.41803
v 0.10708 0.40261 -0.22396
v 0.10708 0.40261 -0.22396
v 0.05873 0.36324 0.80629
v 0.05873 0.36324 0.80629
v 0.10845 0.61485 0.45228
v 0.11923 -0.55393 0.11613
v 0.11923 -0.55393 0.11613
v 0.08641 -0.56766 0.10334
v 0.09804 -0.53524 -0.68065
v 0.07988 -0.45082 -0.33209
v 0.07988 -0.45082 -0.33209
v 0.13141 -0.46207 -0.19397
v 0.07778 -0.24851 -0.44333
v 0.07778 -0.24851 -0.44333
v 0.12502 -0.09229 0.22326
v 0.10368 -0.02098 0.28917
v 0.10368 -0.02098 0.28917
v 0.10930 -0.02750 -0.70024
v 0.10930 -0.02750 -0.70024
v 0.10930 -0.02750 -0.70024
v 0.06879 0.17117 0.70229
v 0.06879 0.17117 0.70229
v 0.06879 0.17117 0.70229
v 0.05657 0.34476 0.81176
v 0.05657 0.34476 0.81176
v 0.10278 0.40780 -0.19805
v 0.04770 0.45678 -0.21325
v 0.04770 0.45678 -0.21325
v 0.10525 0.44106 -0.17473
v 0.12175 0.44619 0.66894
v 0.12175 0.44619 0.66894
v 0.12175 0.44619 0.66894
v 0.12885 0.64164 0.19409
v 0.12885 0.64164 0.19409
v 0.11299 -0.45671 0.10086
v 0.15294 -0.37028 -0.30189
v 0.15294 -0.37028 -0.30189
v 0.15294 -0.37028 -0.30189
v 0.15294 -0.37028 -0.30189
v 0.06327 -0.32870 -0.47826
v 0.08383 0.11903 0.38607
v 0.08688 0.13392 -0.31754
v 0.08688 0.13392 -0.31754
v 0.08688 0.13392 -0.31754
v 0.11011 0.21018 0.75552
v 0.11011 0.21018 0.75552
v 0.07846 0.27292 -0.31366
v 0.07846 0.27292 -0.31366
v 0.06672 0.37813 0.79809
v 0.06672 0.37813 0.79809
v 0.06672 0.37813 0.79809
v 0.11508 0.48554 0.68341
v 0.16381 0.57420 -0.02127
v 0.10580 -0.57868 -0.56194
v 0.09144 -0.50610 -0.59360
v 0.09144 -0.50610 -0.59360
v 0.09820 -0.45753 -0.02171
v 0.09238 -0.13864 -0.40252
v 0.08292 -0.05629 -0.38121
v 0.08292 -0.05629 -0.38121
v 0.07364 -0.03764 -0.71541
v 0.07364 -0.03764 -0.71541
v 0.14641 -0.02934 -0.73961
v 0.14641 -0.02934 -0.73961
v 0.12686 0.03763 0.33987
v 0.12686 0.03763 0.33987
v 0.15872 0.13411 0.32421
v 0.15872 0.13411 0.32421
v 0.13382 0.12106 0.38381
v 0.13382 0.12106 0.38381
v 0.06867 0.13329 -0.30085
v 0.06867 0.13329 -0.30085
v 0.08009 0.11055 -0.29967
v 0.08009 0.11055 -0.29967
v 0.08009 0.11055 -0.29967
v 0.07796 0.15984 0.79279
v 0.12054 0.18461 0.56066
v 0.09464 0.22568 -0.31675
v 0.09464 0.22568 -0.31675
v 0.10202 0.23711 0.83857
v 0.10202 0.23711 0.83857
v 0.10835 0.25796 0.81380
v 0.11259 0.40263 -0.19430
v 0.11259 0.40263 -0.19430
v 0.10077 0.55716 0.35656
v 0.10077 0.55716 0.35656
v 0.10077 0.55716 0.35656
v 0.07467 0.62503 0.37831
v 0.07467 0.62503 0.37831
v 0.07467 0.62503 0.37831
v 0.10440 0.62203 0.37566
v 0.10440 0.62203 0.37566
v 0.10440 0.62203 0.37566
v 0.12157 -0.42199 0.13442
v 0.09606 -0.46003 -0.52148
v 0.09606 -0.46003 -0.52148
v 0.09606 -0.46003 -0.52148
v 0.11425 -0.48454 -0.05718
v 0.07689 -0.44915 -0.03693
v 0.12561 -0.40446 0.03281
v 0.09213 -0.39956 -0.47275
v 0.09213 -0.39956 -0.47275
v 0.09832 -0.26590 -0.45810
v 0.09832 -0.26590 -0.45810
v 0.12823 -0.08908 -0.77395
v 0.12823 -0.08908 -0.77395
v 0.11739 -0.09814 -0.35052
v 0.11739 -0.09814 -0.35052
v 0.11682 -0.00814 0.31260
v 0.11682 -0.00814 0.31260
v 0.11682 -0.00814 0.31260
v 0.11682 -0.00814 0.31260
v 0.13050 0.18147 0.50454
v 0.13050 0.18147 0.50454
v 0.09980 0.18837 0.62627
v 0.09550 0.18104 0.74298
v 0.09550 0.18104 0.74298
v 0.08928 0.23377 -0.30164
v 0.08928 0.23377 -0.30164
v 0.09952 0.30524 0.75821
v 0.09952 0.30524 0.75821
v 0.10424 0.41190 0.75775
v 0.10424 0.41190 0.75775
v 0.09435 0.51937 0.69042
v 0.09435 0.51937 0.69042
v 0.14162 0.52866 -0.10303
v 0.13085 0.61413 0.08800
v 0.13085 0.61413 0.08800
v 0.13085 0.61413 0.08800
v 0.14734 0.59027 0.28491
v 0.14734 0.59027 0.28491
v 0.11292 -0.60116 -0.61495
v 0.11292 -0.60116 -0.61495
v 0.11216 -0.57652 -0.78337
v 0.11216 -0.57652 -0.78337
v 0.12207 -0.27839 -0.41010
v 0.12207 -0.27839 -0.41010
v 0.12207 -0.27839 -0.41010
v 0.10254 -0.40207 -0.47785
v 0.10254 -0.40207 -0.47785
v 0.10793 -0.13956 0.18039
v 0.10793 -0.13956 0.18039
v 0.10793 -0.13956 0.18039
v 0.12635 -0.06525 0.21206
v 0.12635 -0.06525 0.21206
v 0.08988 0.00300 -0.33996
v 0.08988 0.00300 -0.33996
v 0.08762 -0.00486 0.32226
v 0.08762 -0.00486 0.32226
v 0.10535 0.12224 0.34877
v 0.08688 0.11058 0.43612
v 0.09094 0.10848 0.45085
v 0.09094 0.10848 0.45085
v 0.11993 0.16630 0.39297
v 0.11993 0.16630 0.39297
v 0.10450 0.17194 0.51780
v 0.08748 0.17833 0.76563
v 0.16668 0.55683 0.53756
v 0.16668 0.55683 0.53756
v 0.09637 0.60896 0.36280
v 0.11750 -0.39307 -0.44962
v 0.11750 -0.39307 -0.44962
v 0.10233 -0.25098 0.15494
v 0.14919 -0.09022 -0.74866
v 0.14297 -0.06740 -0.78903
v 0.13625 0.05848 -0.35456
v 0.10080 0.21513 -0.30074
v 0.14300 0.24072 -0.28947
v 0.10232 0.24021 0.82881
v 0.10232 0.24021 0.82881
v 0.11516 0.30247 -0.27804
v 0.11516 0.30247 -0.27804
v 0.12405 0.25984 0.75582
v 0.12405 0.25984 0.75582
v 0.16170 -0.64525 -0.72723
v 0.16170 -0.64525 -0.72723
v 0.16170 -0.64525 -0.72723
v 0.16170 -0.64525 -0.72723
v 0.12502 -0.39386 -0.40399
v 0.12384 -0.48660 -0.04412
v 0.11038 -0.44114 -0.35533
v 0.11038 -0.44114 -0.35533
v 0.13656 -0.48803 -0.12121
v 0.14166 -0.40155 0.07663
v 0.14166 -0.40155 0.07663
v 0.10883 -0.37562 -0.44244
v 0.10883 -0.37562 -0.44244
v 0.13606 -0.39189 -0.26279
v 0.11099 -0.34701 -0.44369
v 0.17017 0.02003 0.32393
v 0.17017 0.02003 0.32393
v 0.18067 -0.00398 -0.33654
v 0.18067 -0.00398 -0.33654
v 0.12561 0.02604 -0.35444
v 0.10090 0.07694 0.36070
v 0.12019 0.11041 0.34337
v 0.12019 0.11041 0.34337
v 0.15886 0.11090 -0.31361
v 0.14628 0.17930 -0.30233
v 0.14628 0.17930 -0.30233
v 0.11103 0.23061 0.81483
v 0.11103 0.23061 0.81483
v 0.17153 -0.56919 -0.73202
v 0.17153 -0.56919 -0.73202
v 0.12707 -0.55979 -0.66528
v 0.12707 -0.55979 -0.66528
v 0.12707 -0.55979 -0.66528
v 0.12707 -0.55979 -0.66528
v 0.15261 -0.50310 0.09297
v 0.15261 -0.50310 0.09297
v 0.11824 -0.38380 -0.43446
v 0.14465 -0.28549 -0.41536
v 0.11962 -0.22362 0.14848
v 0.15856 0.11508 0.34633
v 0.13509 0.09480 -0.32132
v 0.13509 0.09480 -0.32132
v 0.12522 0.13594 0.35067
v 0.10692 0.21472 0.81101
v 0.10692 0.21472 0.81101
v 0.10692 0.21472 0.81101
v 0.12085 0.22281 -0.28440
v 0.12085 0.22281 -0.28440
v 0.13896 0.32070 -0.25941
v 0.13896 0.32070 -0.25941
v 0.12884 0.43928 -0.19930
v 0.12884 0.43928 -0.19930
v 0.15485 0.51119 -0.11608
v 0.15485 0.51119 -0.11608
v 0.13188 0.47987 0.69871
v 0.13188 0.47987 0.69871
v 0.13188 0.47987 0.69871
v 0.19337 -0.65304 -0.82197
v 0.19337 -0.65304 -0.82197
v 0.19337 -0.65304 -0.82197
v 0.12655 -0.40237 -0.34599
v 0.12655 -0.40237 -0.34599
v 0.15789 -0.22777 0.12507
v 0.12524 -0.22973 0.14537
v 0.14503 -0.15155 0.14501
v 0.14503 -0.15155 0.14501
v 0.17650 -0.16304 -0.37143
v 0.17650 -0.16304 -0.37143
v 0.12271 -0.18732 0.20811
v 0.12271 -0.18732 0.20811
v 0.13203 0.14626 0.42119
v 0.13426 0.15651 0.41176
v 0.13727 0.21900 0.45363
v 0.13727 0.21900 0.45363
v 0.13099 0.20723 0.60420
v 0.13099 0.20723 0.60420
v 0.13465 0.36785 0.75549
v 0.14892 0.38083 -0.23348
v 0.14164 0.37853 0.72019
v 0.12303 0.42903 -0.18156
v 0.12303 0.42903 -0.18156
v 0.13465 0.47242 -0.16380
v 0.13465 0.47242 -0.16380
v 0.14913 0.48156 0.65284
v 0.13641 0.49244 0.66633
v 0.16020 0.52058 0.59402
v 0.16020 0.52058 0.59402
v 0.16351 0.55951 0.45379
v 0.16351 0.55951 0.45379
v 0.16351 0.55951 0.45379
v 0.17306 0.57210 0.33280
v 0.13873 -0.39717 -0.38987
v 0.12690 -0.40035 -0.24634
v 0.13858 -0.35201 -0.40125
v 0.15910 -0.12599 0.20177
v 0.15910 -0.12599 0.20177
v 0.15910 -0.12599 0.20177
v 0.15910 -0.12599 0.20177
v 0.17119 -0.06897 0.22308
v 0.17119 -0.06897 0.22308
v 0.17119 -0.06897 0.22308
v 0.17119 -0.06897 0.22308
v 0.17017 0.08842 -0.34526
v 0.17017 0.08842 -0.34526
v 0.21763 0.22021 0.45078
v 0.15998 0.15842 0.32870
v 0.15998 0.15842 0.32870
v 0.15998 0.15842 0.32870
v 0.15998 0.15842 0.32870
v 0.14012 0.14405 0.48280
v 0.14012 0.14405 0.48280
v 0.12802 0.23912 0.41244
v 0.12802 0.23912 0.41244
v 0.13913 0.21855 0.44662
v 0.13913 0.21855 0.44662
v 0.12894 0.30335 -0.27104
v 0.12578 0.31673 0.73545
v 0.15877 0.40770 0.69699
v 0.15877 0.40770 0.69699
v 0.13597 0.54249 -0.06950
v 0.17857 0.52564 -0.07727
v 0.17857 0.52564 -0.07727
v 0.17857 0.52564 -0.07727
v 0.14268 0.52083 0.36504
v 0.14268 0.52083 0.36504
v 0.16728 0.51009 0.40534
v 0.16728 0.51009 0.40534
v 0.20026 0.53928 0.33937
v 0.20026 0.53928 0.33937
v 0.15635 -0.61275 -0.84991
v 0.15635 -0.61275 -0.84991
v 0.14809 -0.46692 0.03657
v 0.16742 -0.42748 0.10800
v 0.16380 -0.23649 0.09975
v 0.17119 0.11987 0.31361
v 0.16715 0.15550 0.46636
v 0.17990 0.20553 0.36913
v 0.17990 0.20553 0.36913
v 0.15230 0.22268 0.58683
v 0.15230 0.22268 0.58683
v 0.17003 0.21471 0.51117
v 0.17003 0.21471 0.51117
v 0.14480 0.22118 -0.28363
v 0.15076 0.23481 0.64300
v 0.14634 0.29746 0.72336
v 0.17340 0.36993 -0.22007
v 0.14108 0.40608 -0.21100
v 0.15359 0.39590 -0.21645
v 0.14313 0.44930 0.66820
v 0.15056 0.44969 0.71521
v 0.15056 0.44969 0.71521
v 0.14739 0.43446 0.70293
v 0.14739 0.43446 0.70293
v 0.16492 0.60764 0.25197
v 0.16492 0.60764 0.25197
v 0.25428 -0.54669 -0.09229
v 0.25428 -0.54669 -0.09229
v 0.15171 -0.49585 -0.00898
v 0.15517 -0.51374 0.10848
v 0.15517 -0.51374 0.10848
v 0.16152 -0.45643 0.07152
v 0.16152 -0.45643 0.07152
v 0.14446 -0.40782 -0.34377
v 0.14446 -0.40782 -0.34377
v 0.16580 -0.33901 -0.31237
v 0.16580 -0.33901 -0.31237
v 0.15302 -0.31514 -0.38996
v 0.15302 -0.31514 -0.38996
v 0.15302 -0.31514 -0.38996
v 0.16882 -0.17508 0.18462
v 0.16882 -0.17508 0.18462
v 0.16882 -0.17508 0.18462
v 0.16882 -0.17508 0.18462
v 0.16882 -0.17508 0.18462
v 0.16882 -0.17508 0.18462
v 0.17662 -0.05114 0.18958
v 0.17662 -0.05114 0.18958
v 0.17662 -0.05114 0.18958
v 0.17662 -0.05114 0.18958
v 0.22329 0.28143 0.47075
v 0.22329 0.28143 0.47075
v 0.22329 0.28143 0.47075
v 0.14388 0.25413 0.41742
v 0.14388 0.25413 0.41742
v 0.16840 0.26556 0.48291
v 0.15807 0.43855 -0.20284
v 0.15807 0.43855 -0.20284
v 0.23939 0.54059 0.28320
v 0.23939 0.54059 0.28320
v 0.16032 -0.60746 -0.69252
v 0.16032 -0.60746 -0.69252
v 0.17150 -0.54706 -0.82268
v 0.17150 -0.54706 -0.82268
v 0.17150 -0.54706 -0.82268
v 0.18881 -0.50668 -0.14638
v 0.21707 -0.49918 -0.16706
v 0.21553 -0.42609 -0.24851
v 0.21553 -0.42609 -0.24851
v 0.19137 -0.31415 -0.38931
v 0.22544 -0.19252 -0.35540
v 0.16068 -0.14391 0.21703
v 0.16068 -0.14391 0.21703
v 0.17651 -0.06905 -0.73651
v 0.17651 -0.06905 -0.73651
v 0.17651 -0.06905 -0.73651
v 0.21178 -0.02132 0.19307
v 0.17697 -0.06229 -0.79290
v 0.16548 -0.03227 0.23394
v 0.17289 0.00278 0.27494
v 0.17289 0.00278 0.27494
v 0.16951 0.07029 0.33802
v 0.17267 0.17134 -0.27706
v 0.17267 0.17134 -0.27706
v 0.15351 0.28101 -0.25957
v 0.15424 0.36090 0.68644
v 0.21321 0.38910 -0.20271
v 0.21321 0.38910 -0.20271
v 0.17539 0.45237 0.67401
v 0.20800 -0.55050 -0.79663
v 0.23994 -0.55166 -0.02698
v 0.23994 -0.55166 -0.02698
v 0.23994 -0.55166 -0.02698
v 0.16704 -0.52097 0.10207
v 0.16704 -0.52097 0.10207
v 0.18090 -0.46193 0.09820
v 0.18090 -0.46193 0.09820
v 0.18090 -0.46193 0.09820
v 0.18090 -0.46193 0.09820
v 0.16922 -0.22065 0.14706
v 0.16922 -0.22065 0.14706
v 0.19982 0.00099 0.25098
v 0.18382 0.14174 0.34561
v 0.16746 0.20883 0.39435
v 0.16746 0.20883 0.39435
v 0.16976 0.25113 -0.25032
v 0.18222 0.24932 0.54099
v 0.19795 0.28428 -0.25088
v 0.19795 0.28428 -0.25088
v 0.18173 0.29324 0.61752
v 0.15959 0.31659 0.69111
v 0.15180 0.36714 0.69073
v 0.16018 0.38620 0.65943
v 0.16726 0.39542 -0.22311
v 0.16260 0.40859 0.53974
v 0.16260 0.40859 0.53974
v 0.19238 0.41535 0.50523
v 0.17407 0.48707 0.47507
v 0.17407 0.48707 0.47507
v 0.17211 0.46299 0.64351
v 0.16821 0.57942 -0.06738
v 0.16821 0.57942 -0.06738
v 0.14923 -0.49791 -0.02706
v 0.17421 -0.51314 0.00018
v 0.17421 -0.51314 0.00018
v 0.17785 -0.50807 0.02306
v 0.16000 -0.29176 -0.33957
v 0.16000 -0.29176 -0.33957
v 0.16000 -0.29176 -0.33957
v 0.18676 -0.04161 -0.32450
v 0.21488 0.05910 0.31620
v 0.21488 0.05910 0.31620
v 0.18625 0.09341 0.32306
v 0.19565 0.10844 -0.30080
v 0.19565 0.10844 -0.30080
v 0.19627 0.21502 0.35506
v 0.18942 0.34299 -0.23294
v 0.18942 0.34299 -0.23294
v 0.17485 0.36957 0.62073
v 0.17485 0.36957 0.62073
v 0.17485 0.36957 0.62073
v 0.17485 0.36957 0.62073
v 0.17393 0.40025 0.66479
v 0.17393 0.40025 0.66479
v 0.17211 0.47568 -0.15183
v 0.17211 0.47568 -0.15183
v 0.17293 0.47965 0.53749
v 0.22846 0.44311 -0.12454
v 0.22846 0.44311 -0.12454
v 0.22846 0.44311 -0.12454
v 0.20093 0.44243 0.39343
v 0.20093 0.44243 0.39343
v 0.23306 -0.51957 0.07452
v 0.18339 -0.29742 0.08847
v 0.18339 -0.29742 0.08847
v 0.18339 -0.29742 0.08847
v 0.18339 -0.29742 0.08847
v 0.19390 -0.30556 -0.32957
v 0.18084 -0.21650 0.09511
v 0.18084 -0.21650 0.09511
v 0.17880 -0.26701 0.15014
v 0.17880 -0.26701 0.15014
v 0.19412 -0.16918 0.16475
v 0.19412 -0.16918 0.16475
v 0.23729 -0.19309 -0.86271
v 0.23729 -0.19309 -0.86271
v 0.23729 -0.19309 -0.86271
v 0.19568 0.21885 0.34146
v 0.19568 0.21885 0.34146
v 0.19258 0.27348 0.46317
v 0.19258 0.27348 0.46317
v 0.17489 0.45211 -0.19708
v 0.17489 0.45211 -0.19708
v 0.16937 0.42398 0.46564
v 0.16937 0.42398 0.46564
v 0.19547 0.44804 0.45762
v 0.23083 0.49673 0.54836
v 0.20023 0.46388 -0.18008
v 0.20023 0.46388 -0.18008
v 0.21591 0.53867 0.50112
v 0.17490 0.52259 0.56237
v 0.17490 0.52259 0.56237
v 0.23604 0.54687 -0.01750
v 0.26498 0.48172 0.26695
v 0.26498 0.48172 0.26695
v 0.24903 -0.49663 -0.91990
v 0.24903 -0.49663 -0.91990
v 0.22727 -0.52001 -0.84384
v 0.22727 -0.52001 -0.84384
v 0.22727 -0.52001 -0.84384
v 0.17989 -0.38742 0.08558
v 0.17989 -0.38742 0.08558
v 0.19718 -0.44306 0.09820
v 0.19067 -0.35410 -0.36088
v 0.19067 -0.35410 -0.36088
v 0.19802 -0.25986 0.11758
v 0.22602 -0.26160 0.10133
v 0.19629 -0.17375 0.19461
v 0.19629 -0.17375 0.19461
v 0.24938 -0.11417 -0.82294
v 0.24938 -0.11417 -0.82294
v 0.21122 -0.09656 0.16468
v 0.21122 -0.09656 0.16468
v 0.22277 -0.01370 -0.29618
v 0.22277 -0.01370 -0.29618
v 0.19069 0.07339 0.31564
v 0.19069 0.07339 0.31564
v 0.19069 0.07339 0.31564
v 0.21627 0.10562 0.31900
v 0.21627 0.10562 0.31900
v 0.20437 0.09915 -0.27852
v 0.20437 0.09915 -0.27852
v 0.21784 0.21320 0.50603
v 0.21784 0.21320 0.50603
v 0.19477 0.20655 -0.24607
v 0.19477 0.20655 -0.24607
v 0.19829 0.24243 -0.23975
v 0.19829 0.24243 -0.23975
v 0.19541 0.26795 -0.22846
v 0.19541 0.26795 -0.22846
v 0.19541 0.26795 -0.22846
v 0.19451 0.30955 -0.24514
v 0.19451 0.30955 -0.24514
v 0.20198 0.40032 0.65193
v 0.22251 0.40785 0.46909
v 0.22251 0.40785 0.46909
v 0.20984 0.51724 0.33150
v 0.20984 0.51724 0.33150
v 0.20984 0.51724 0.33150
v 0.23436 0.58926 0.39967
v 0.23436 0.58926 0.39967
v 0.25153 0.63491 0.47688
v 0.25153 0.63491 0.47688
v 0.25503 0.51099 0.20370
v 0.25503 0.51099 0.20370
v 0.24367 -0.56044 -0.80792
v 0.24367 -0.56044 -0.80792
v 0.24367 -0.56044 -0.80792
v 0.20259 -0.52178 0.01495
v 0.20259 -0.52178 0.01495
v 0.20048 -0.37186 0.13453
v 0.20048 -0.37186 0.13453
v 0.20048 -0.37186 0.13453
v 0.20484 -0.37172 0.15831
v 0.20484 -0.37172 0.15831
v 0.18602 -0.21293 0.07464
v 0.18602 -0.21293 0.07464
v 0.18602 -0.21293 0.07464
v 0.18777 -0.18878 0.03928
v 0.18777 -0.18878 0.03928
v 0.18777 -0.18878 0.03928
v 0.20427 -0.15790 0.18657
v 0.20427 -0.15790 0.18657
v 0.19717 -0.11699 0.17300
v 0.19717 -0.11699 0.17300
v 0.22962 -0.10681 -0.77538
v 0.22962 -0.10681 -0.77538
v 0.19746 -0.06461 0.19057
v 0.19746 -0.06461 0.19057
v 0.20424 -0.01268 0.23060
v 0.20424 -0.01268 0.23060
v 0.19930 0.08070 0.28377
v 0.19930 0.08070 0.28377
v 0.20545 0.10699 -0.25491
v 0.20545 0.10699 -0.25491
v 0.20545 0.10699 -0.25491
v 0.20046 0.17331 0.33863
v 0.20046 0.17331 0.33863
v 0.24551 0.31550 0.42462
v 0.19172 0.31808 0.59478
v 0.19241 0.35547 0.57171
v 0.19241 0.35547 0.57171
v 0.19241 0.35547 0.57171
v 0.19241 0.35547 0.57171
v 0.19241 0.35547 0.57171
v 0.20283 0.41707 0.63694
v 0.20283 0.41707 0.63694
v 0.21551 0.40304 0.59856
v 0.21551 0.40304 0.59856
v 0.19724 0.47153 -0.16529
v 0.19724 0.47153 -0.16529
v 0.21988 0.48571 -0.10930
v 0.18953 0.47491 0.60000
v 0.18953 0.47491 0.60000
v 0.18953 0.47491 0.60000
v 0.21216 0.50135 0.47223
v 0.21216 0.50135 0.47223
v 0.24924 0.51189 0.13783
v 0.23182 -0.57873 -0.90804
v 0.23182 -0.57873 -0.90804
v 0.21211 -0.46626 0.12137
v 0.21211 -0.46626 0.12137
v 0.21211 -0.46626 0.12137
v 0.20781 -0.32712 0.10558
v 0.27125 -0.31056 -0.30042
v 0.27125 -0.31056 -0.30042
v 0.27125 -0.31056 -0.30042
v 0.21477 -0.24439 0.18531
v 0.21477 -0.24439 0.18531
v 0.23019 -0.07962 -0.29584
v 0.23019 -0.07962 -0.29584
v 0.22224 -0.04833 0.15676
v 0.22224 -0.04833 0.15676
v 0.22224 -0.04833 0.15676
v 0.22224 -0.04833 0.15676
v 0.22893 0.06250 0.30634
v 0.22893 0.06250 0.30634
v 0.24819 0.11003 0.29945
v 0.24819 0.11003 0.29945
v 0.24819 0.11003 0.29945
v 0.24819 0.11003 0.29945
v 0.24819 0.11003 0.29945
v 0.24819 0.11003 0.29945
v 0.21446 0.19719 0.33556
v 0.20822 0.23938 0.33885
v 0.20822 0.23938 0.33885
v 0.19785 0.25978 0.37769
v 0.20051 0.34938 0.62718
v 0.20051 0.34938 0.62718
v 0.21831 0.36254 0.63888
v 0.21831 0.36254 0.63888
v 0.21831 0.36254 0.63888
v 0.21831 0.36254 0.63888
v 0.21904 0.39211 0.50468
v 0.21904 0.39211 0.50468
v 0.24019 0.40102 -0.18890
v 0.24019 0.40102 -0.18890
v 0.20122 0.42332 0.38523
v 0.20122 0.42332 0.38523
v 0.26013 0.42005 0.35730
v 0.26013 0.42005 0.35730
v 0.21044 0.49346 -0.06641
v 0.21044 0.49346 -0.06641
v 0.18287 0.55887 0.13841
v 0.18287 0.55887 0.13841
v 0.23648 -0.55363 0.03069
v 0.23648 -0.55363 0.03069
v 0.25286 -0.56056 0.07798
v 0.25286 -0.56056 0.07798
v 0.19836 -0.37904 -0.36768
v 0.19836 -0.37904 -0.36768
v 0.22466 -0.33463 0.16884
v 0.23723 -0.16821 0.02107
v 0.23723 -0.16821 0.02107
v 0.23723 -0.16821 0.02107
v 0.21783 -0.07445 0.15553
v 0.20381 -0.10603 0.12264
v 0.22940 -0.09155 0.11081
v 0.22940 -0.09155 0.11081
v 0.22563 -0.01905 -0.28737
v 0.22563 -0.01905 -0.28737
v 0.22563 -0.01905 -0.28737
v 0.22563 -0.01905 -0.28737
v 0.22563 -0.01905 -0.28737
v 0.21059 0.01912 0.15955
v 0.22292 0.02657 0.19085
v 0.23291 0.00764 0.13846
v 0.22206 0.16682 -0.23735
v 0.22303 0.21569 -0.21900
v 0.22303 0.21569 -0.21900
v 0.23852 0.20841 0.33635
v 0.23852 0.20841 0.33635
v 0.26000 0.30479 0.32005
v 0.26000 0.30479 0.32005
v 0.26204 0.36207 0.36109
v 0.26204 0.36207 0.36109
v 0.21646 0.26405 0.43975
v 0.20260 0.26842 -0.21621
v 0.20260 0.26842 -0.21621
v 0.20260 0.26842 -0.21621
v 0.20077 0.27011 0.37710
v 0.20077 0.27011 0.37710
v 0.26842 0.29187 -0.19589
v 0.20286 0.29288 0.37631
v 0.20286 0.29288 0.37631
v 0.21199 0.34062 0.37444
v 0.21199 0.34062 0.37444
v 0.23270 0.45976 -0.25729
v 0.23270 0.45976 -0.25729
v 0.23270 0.45976 -0.25729
v 0.21536 0.45309 -0.17618
v 0.24048 0.44930 -0.13742
v 0.24048 0.44930 -0.13742
v 0.24385 0.62816 0.44778
v 0.24297 -0.48580 -0.89494
v 0.24297 -0.48580 -0.89494
v 0.24896 -0.55388 0.09537
v 0.24896 -0.55388 0.09537
v 0.24896 -0.55388 0.09537
v 0.24538 -0.38781 0.12005
v 0.23590 -0.41006 -0.33586
v 0.23590 -0.41006 -0.33586
v 0.23590 -0.41006 -0.33586
v 0.26312 -0.36458 0.16651
v 0.26312 -0.36458 0.16651
v 0.26312 -0.36458 0.16651
v 0.21803 -0.38848 0.19174
v 0.21803 -0.38848 0.19174
v 0.23333 -0.27579 0.15216
v 0.23333 -0.27579 0.15216
v 0.24765 -0.31713 0.10861
v 0.21119 -0.18386 0.17236
v 0.21783 -0.17562 0.17101
v 0.23904 -0.11618 0.12077
v 0.23904 -0.11618 0.12077
v 0.23904 -0.11618 0.12077
v 0.23904 -0.11618 0.12077
v 0.22671 -0.00870 0.20805
v 0.22671 -0.00870 0.20805
v 0.26538 0.05966 0.25949
v 0.26538 0.05966 0.25949
v 0.26538 0.05966 0.25949
v 0.26538 0.05966 0.25949
v 0.26538 0.05966 0.25949
v 0.24575 0.09221 -0.22456
v 0.24575 0.09221 -0.22456
v 0.24310 0.12213 -0.22531
v 0.22645 0.14341 -0.25056
v 0.22645 0.14341 -0.25056
v 0.21785 0.15283 0.33823
v 0.21785 0.15283 0.33823
v 0.22331 0.20859 0.33088
v 0.22331 0.20859 0.33088
v 0.23584 0.30683 0.34032
v 0.22411 0.24963 0.51659
v 0.22411 0.24963 0.51659
v 0.23031 0.28041 -0.24343
v 0.23031 0.28041 -0.24343
v 0.20369 0.30512 0.56780
v 0.20369 0.30512 0.56780
v 0.20369 0.30512 0.56780
v 0.23293 0.33494 0.57092
v 0.23293 0.33494 0.57092
v 0.23293 0.33494 0.57092
v 0.24274 0.33612 0.57500
v 0.24274 0.33612 0.57500
v 0.24274 0.33612 0.57500
v 0.23351 0.36838 -0.17849
v 0.22088 0.37708 0.58594
v 0.22088 0.37708 0.58594
v 0.22341 0.40915 0.55604
v 0.22341 0.40915 0.55604
v 0.22582 0.56462 0.49372
v 0.22998 0.51276 0.17330
v 0.29826 -0.56897 -0.89442
v 0.20628 -0.58002 -0.06917
v 0.20628 -0.58002 -0.06917
v 0.22459 -0.60275 -0.14756
v 0.22459 -0.60275 -0.14756
v 0.22938 -0.62638 -0.16430
v 0.23246 -0.21420 0.17194
v 0.26930 -0.20848 -0.33240
v 0.26930 -0.20848 -0.33240
v 0.28183 -0.21378 -0.81531
v 0.28183 -0.21378 -0.81531
v 0.28183 -0.21378 -0.81531
v 0.23500 -0.15236 0.16139
v 0.23500 -0.15236 0.16139
v 0.22505 -0.11673 -0.34480
v 0.22505 -0.11673 -0.34480
v 0.23749 -0.12555 -0.34379
v 0.23749 -0.12555 -0.34379
v 0.24499 0.04463 0.25515
v 0.24499 0.04463 0.25515
v 0.21889 0.07419 0.14778
v 0.21889 0.07419 0.14778
v 0.26474 0.14865 0.21530
v 0.26474 0.14865 0.21530
v 0.27615 0.06283 -0.26454
v 0.27615 0.06283 -0.26454
v 0.23666 0.23471 -0.19431
v 0.23666 0.23471 -0.19431
v 0.25498 0.23952 0.52781
v 0.25498 0.23952 0.52781
v 0.21408 0.26840 0.44433
v 0.21187 0.27632 -0.19618
v 0.21187 0.27632 -0.19618
v 0.23707 0.29947 0.45467
v 0.23235 0.35982 0.47579
v 0.21940 0.37081 0.57411
v 0.21940 0.37081 0.57411
v 0.23285 0.48999 -0.09280
v 0.22647 0.51750 -0.06455
v 0.22647 0.51750 -0.06455
v 0.24258 0.53232 0.43829
v 0.24258 0.53232 0.43829
v 0.21580 -0.73299 -0.22932
v 0.23118 -0.66683 -0.29816
v 0.23118 -0.66683 -0.29816
v 0.25487 -0.77743 -0.25214
v 0.25487 -0.77743 -0.25214
v 0.22243 -0.67944 -0.21754
v 0.23739 -0.66362 -0.14802
v 0.21886 -0.61392 -0.05405
v 0.21886 -0.61392 -0.05405
v 0.23340 -0.59313 -0.01776
v 0.23340 -0.59313 -0.01776
v 0.22944 -0.57014 -0.03056
v 0.22742 -0.23042 0.04994
v 0.22742 -0.23042 0.04994
v 0.27102 -0.21182 0.03002
v 0.22108 -0.15830 0.12925
v 0.22108 -0.15830 0.12925
v 0.22108 -0.15830 0.12925
v 0.22790 -0.05977 -0.30892
v 0.22790 -0.05977 -0.30892
v 0.22790 -0.05977 -0.30892
v 0.22790 -0.05977 -0.30892
v 0.22790 -0.05977 -0.30892
v 0.22790 -0.05977 -0.30892
v 0.23130 -0.08883 -0.33372
v 0.25288 -0.00811 -0.28722
v 0.25288 -0.00811 -0.28722
v 0.25288 -0.00811 -0.28722
v 0.25288 -0.00811 -0.28722
v 0.26446 -0.01356 0.12949
v 0.23275 0.13371 0.32748
v 0.23275 0.13371 0.32748
v 0.23275 0.13371 0.32748
v 0.23275 0.13371 0.32748
v 0.23834 0.21445 -0.22408
v 0.23834 0.21445 -0.22408
v 0.24902 0.34744 0.49242
v 0.25346 0.38844 0.36212
v 0.26096 0.47090 -0.09293
v 0.25355 0.42850 0.32560
v 0.25057 0.50519 -0.08601
v 0.25057 0.50519 -0.08601
v 0.25220 0.49887 0.17539
v 0.27687 0.57306 0.40082
v 0.27687 0.57306 0.40082
v 0.27687 0.57306 0.40082
v 0.24693 -0.78694 -0.15216
v 0.24693 -0.78694 -0.15216
v 0.24693 -0.78694 -0.15216
v 0.24851 -0.70383 -0.15965
v 0.24851 -0.70383 -0.15965
v 0.25558 -0.62402 -0.21700
v 0.25633 -0.63032 -0.01004
v 0.26777 -0.57936 -0.17204
v 0.26777 -0.57936 -0.17204
v 0.26777 -0.57936 -0.17204
v 0.28141 -0.61600 0.06579
v 0.28141 -0.61600 0.06579
v 0.23698 -0.38869 0.20208
v 0.23698 -0.38869 0.20208
v 0.24400 -0.24681 0.06751
v 0.24400 -0.24681 0.06751
v 0.25195 -0.26468 0.11953
v 0.25195 -0.26468 0.11953
v 0.25195 -0.26468 0.11953
v 0.25195 -0.26468 0.11953
v 0.24699 -0.17255 0.16355
v 0.24699 -0.17255 0.16355
v 0.24699 -0.17255 0.16355
v 0.24699 -0.17255 0.16355
v 0.24699 -0.17255 0.16355
v 0.24431 -0.16947 0.14012
v 0.24431 -0.16947 0.14012
v 0.25720 -0.13982 0.04757
v 0.25720 -0.13982 0.04757
v 0.25720 -0.13982 0.04757
v 0.25720 -0.13982 0.04757
v 0.25720 -0.13982 0.04757
v 0.23016 -0.13365 0.06860
v 0.23016 -0.13365 0.06860
v 0.25206 -0.08821 -0.32509
v 0.25553 -0.06654 -0.32568
v 0.25553 -0.06654 -0.32568
v 0.25553 -0.06654 -0.32568
v 0.26248 -0.06732 -0.32424
v 0.26248 -0.06732 -0.32424
v 0.26248 -0.06732 -0.32424
v 0.23840 0.00764 0.07348
v 0.24112 0.12831 0.31879
v 0.24112 0.12831 0.31879
v 0.24112 0.12831 0.31879
v 0.24982 0.12483 0.31279
v 0.24982 0.12483 0.31279
v 0.24982 0.12483 0.31279
v 0.25714 0.17064 -0.20667
v 0.25714 0.17064 -0.20667
v 0.27641 0.20387 0.32016
v 0.27641 0.20387 0.32016
v 0.27641 0.20387 0.32016
v 0.22856 0.27612 -0.17329
v 0.25521 0.28281 -0.14728
v 0.25521 0.28281 -0.14728
v 0.24066 0.31718 0.47441
v 0.25640 0.38799 -0.15322
v 0.25640 0.38799 -0.15322
v 0.26106 0.42648 0.43689
v 0.26106 0.42648 0.43689
v 0.26106 0.42648 0.43689
v 0.25233 -0.80202 -0.17811
v 0.27272 -0.70094 -0.30603
v 0.25529 -0.66730 -0.08448
v 0.27602 -0.63953 -0.23996
v 0.27602 -0.63953 -0.23996
v 0.24523 -0.60460 0.00105
v 0.24523 -0.60460 0.00105
v 0.28949 -0.54104 -0.84568
v 0.28949 -0.54104 -0.84568
v 0.30212 -0.47504 -0.95300
v 0.30212 -0.47504 -0.95300
v 0.28900 -0.52387 -0.12640
v 0.28900 -0.52387 -0.12640
v 0.26018 -0.35892 -0.33386
v 0.26018 -0.35892 -0.33386
v 0.27537 -0.28250 -0.33601
v 0.27537 -0.28250 -0.33601
v 0.30424 -0.24333 -0.92346
v 0.30424 -0.24333 -0.92346
v 0.30424 -0.24333 -0.92346
v 0.30424 -0.24333 -0.92346
v 0.24582 -0.13881 0.04977
v 0.24582 -0.13881 0.04977
v 0.24613 -0.16353 0.10927
v 0.26434 -0.11132 0.04712
v 0.28724 -0.16371 -0.81597
v 0.28724 -0.16371 -0.81597
v 0.25486 -0.15628 -0.36571
v 0.25486 -0.15628 -0.36571
v 0.26560 -0.02281 -0.33728
v 0.26560 -0.02281 -0.33728
v 0.26560 -0.02281 -0.33728
v 0.24964 0.06227 0.28968
v 0.24964 0.06227 0.28968
v 0.27529 0.07277 -0.21447
v 0.26060 0.10882 -0.21053
v 0.25711 0.22393 -0.16936
v 0.27169 0.25802 -0.18686
v 0.27169 0.25802 -0.18686
v 0.29758 0.29394 -0.13492
v 0.24510 0.31546 0.48486
v 0.27578 0.47899 0.42197
v 0.27578 0.47899 0.42197
v 0.26306 0.47897 0.20167
v 0.26306 0.47897 0.20167
v 0.26306 0.47897 0.20167
v 0.27476 0.54563 0.13391
v 0.27476 0.54563 0.13391
v 0.27476 0.54563 0.13391
v 0.27476 0.54563 0.13391
v 0.27476 0.54563 0.13391
v 0.26249 0.63344 0.44935
v 0.26249 0.63344 0.44935
v 0.26249 0.63344 0.44935
v 0.27222 -0.83685 -0.15312
v 0.27647 -0.72856 -0.13098
v 0.27647 -0.72856 -0.13098
v 0.27647 -0.72856 -0.13098
v 0.27067 -0.71572 -0.13942
v 0.27067 -0.71572 -0.13942
v 0.29791 -0.69882 -0.10009
v 0.29791 -0.69882 -0.10009
v 0.25561 -0.56125 -0.13326
v 0.28670 -0.58598 0.09219
v 0.28670 -0.58598 0.09219
v 0.28670 -0.58598 0.09219
v 0.28846 -0.54358 0.11343
v 0.28846 -0.54358 0.11343
v 0.29075 -0.44726 0.13244
v 0.27736 -0.31922 -0.27567
v 0.27736 -0.31922 -0.27567
v 0.30736 -0.32384 -0.25446
v 0.30736 -0.32384 -0.25446
v 0.30736 -0.32384 -0.25446
v 0.28928 -0.37249 0.11059
v 0.29338 -0.32814 0.08462
v 0.29338 -0.32814 0.08462
v 0.29338 -0.32814 0.08462
v 0.26947 -0.24792 0.13202
v 0.26947 -0.24792 0.13202
v 0.26767 -0.17221 0.02833
v 0.26767 -0.17221 0.02833
v 0.26972 -0.07473 0.09221
v 0.28624 -0.01295 -0.24086
v 0.28624 -0.01295 -0.24086
v 0.28624 -0.01295 -0.24086
v 0.26820 0.03936 0.28076
v 0.26820 0.03936 0.28076
v 0.27884 0.13058 0.25594
v 0.27652 0.11094 0.18745
v 0.27652 0.11094 0.18745
v 0.27652 0.11094 0.18745
v 0.28908 0.17931 -0.14610
v 0.25734 0.34157 0.30521
v 0.25734 0.34157 0.30521
v 0.25244 0.38328 -0.13721
v 0.25244 0.38328 -0.13721
v 0.26947 0.41977 -0.10486
v 0.26947 0.41977 -0.10486
v 0.26947 0.41977 -0.10486
v 0.25769 0.44852 0.23451
v 0.25769 0.44852 0.23451
v 0.27819 0.51617 -0.02561
v 0.27536 -0.92010 -0.10450
v 0.27536 -0.92010 -0.10450
v 0.27536 -0.92010 -0.10450
v 0.26251 -0.91175 -0.03947
v 0.26251 -0.91175 -0.03947
v 0.28361 -0.77209 -0.11668
v 0.28361 -0.77209 -0.11668
v 0.32577 -0.55792 0.11785
v 0.32577 -0.55792 0.11785
v 0.28745 -0.44214 -0.87229
v 0.28745 -0.44214 -0.87229
v 0.27688 -0.43438 -0.21448
v 0.30662 -0.49276 -0.16069
v 0.30662 -0.49276 -0.16069
v 0.26382 -0.21887 0.14782
v 0.26382 -0.21887 0.14782
v 0.28493 -0.26488 0.05093
v 0.28493 -0.26488 0.05093
v 0.26816 -0.18602 0.11050
v 0.26816 -0.18602 0.11050
v 0.26816 -0.18602 0.11050
v 0.27710 -0.18857 0.12735
v 0.27710 -0.18857 0.12735
v 0.28603 -0.19790 -0.36205
v 0.28603 -0.19790 -0.36205
v 0.30785 -0.19711 -0.00371
v 0.30785 -0.19711 -0.00371
v 0.27179 -0.16175 -0.01972
v 0.27179 -0.16175 -0.01972
v 0.27179 -0.16175 -0.01972
v 0.27911 -0.15318 -0.00167
v 0.27911 -0.15318 -0.00167
v 0.27911 -0.15318 -0.00167
v 0.27911 -0.15318 -0.00167
v 0.27763 -0.11595 0.01385
v 0.28818 -0.14069 -0.33307
v 0.28818 -0.14069 -0.33307
v 0.28818 -0.14069 -0.33307
v 0.26886 -0.06013 -0.18143
v 0.27040 -0.14688 -0.26666
v 0.24986 -0.05310 -0.24476
v 0.24986 -0.05310 -0.24476
v 0.27700 -0.06946 -0.26972
v 0.26795 -0.03425 -0.26650
v 0.26795 -0.03425 -0.26650
v 0.26795 -0.03425 -0.26650
v 0.27955 0.00912 -0.23786
v 0.27955 0.00912 -0.23786
v 0.29653 0.10556 0.26314
v 0.29653 0.10556 0.26314
v 0.24207 0.11121 0.29323
v 0.24207 0.11121 0.29323
v 0.24207 0.11121 0.29323
v 0.30334 0.17008 0.28527
v 0.27240 0.12553 0.29386
v 0.25313 0.12853 0.28553
v 0.27051 0.16922 0.28920
v 0.27051 0.16922 0.28920
v 0.27051 0.16922 0.28920
v 0.27051 0.16922 0.28920
v 0.27051 0.16922 0.28920
v 0.25784 0.19926 0.30763
v 0.25784 0.19926 0.30763
v 0.25784 0.19926 0.30763
v 0.26147 0.30739 0.32581
v 0.29961 0.34929 -0.12614
v 0.29961 0.34929 -0.12614
v 0.29961 0.34929 -0.12614
v 0.27426 0.42350 -0.13332
v 0.27426 0.42350 -0.13332
v 0.26256 0.46190 0.21994
v 0.26600 0.52670 0.14529
v 0.26600 0.52670 0.14529
v 0.26600 0.52670 0.14529
v 0.26723 -0.94330 -0.01145
v 0.26723 -0.94330 -0.01145
v 0.26723 -0.94330 -0.01145
v 0.26965 -0.89573 -0.02341
v 0.29852 -0.90541 -0.09420
v 0.29852 -0.90541 -0.09420
v 0.27394 -0.82374 -0.09562
v 0.28360 -0.68274 -0.27562
v 0.27208 -0.57996 -0.19441
v 0.27208 -0.57996 -0.19441
v 0.26560 -0.15413 -0.32927
v 0.26560 -0.15413 -0.32927
v 0.29338 -0.11451 -0.31922
v 0.29338 -0.11451 -0.31922
v 0.27812 -0.02692 0.06041
v 0.27812 -0.02692 0.06041
v 0.27141 -0.00571 0.03485
v 0.28887 -0.04049 0.08081
v 0.30058 0.04402 0.03096
v 0.28895 0.08569 0.10269
v 0.28895 0.08569 0.10269
v 0.28725 0.08570 -0.17085
v 0.27785 0.13822 0.20797
v 0.27785 0.13822 0.20797
v 0.27803 0.17751 0.23833
v 0.27803 0.17751 0.23833
v 0.27464 0.36432 0.30863
v 0.28096 0.41406 0.28228
v 0.28096 0.41406 0.28228
v 0.30574 0.44854 -0.09633
v 0.30574 0.44854 -0.09633
v 0.30574 0.44854 -0.09633
v 0.28795 0.50427 -0.01277
v 0.28865 -0.87677 -0.04830
v 0.28865 -0.87677 -0.04830
v 0.31835 -0.83351 -0.20333
v 0.30105 -0.66514 -0.02085
v 0.38262 -0.54397 0.13924
v 0.28287 -0.36555 -0.88594
v 0.28287 -0.36555 -0.88594
v 0.28931 -0.37176 -0.92873
v 0.28931 -0.37176 -0.92873
v 0.28926 -0.28143 -0.30742
v 0.28926 -0.28143 -0.30742
v 0.28942 -0.30899 -0.86675
v 0.28942 -0.30899 -0.86675
v 0.28591 -0.31186 0.07107
v 0.28591 -0.31186 0.07107
v 0.28898 -0.19628 -0.29588
v 0.28565 -0.16412 0.05115
v 0.28565 -0.16412 0.05115
v 0.28799 -0.13359 -0.27329
v 0.28472 -0.07607 -0.29400
v 0.30346 -0.09548 -0.03753
v 0.32197 0.00481 -0.06563
v 0.29364 -0.03455 -0.17409
v 0.27784 0.00010 0.00632
v 0.27784 0.00010 0.00632
v 0.28340 0.05192 -0.16772
v 0.28817 0.08270 0.18042
v 0.31786 0.17331 0.25274
v 0.31786 0.17331 0.25274
v 0.28414 0.16490 -0.15020
v 0.30622 0.23250 0.29983
v 0.30622 0.23250 0.29983
v 0.29210 0.20210 -0.12977
v 0.29981 0.37937 -0.11505
v 0.30238 0.51223 0.16153
v 0.30238 0.51223 0.16153
v 0.30238 0.51223 0.16153
v 0.30238 0.51223 0.16153
v 0.31769 -0.59958 -0.19514
v 0.31769 -0.59958 -0.19514
v 0.28855 -0.63606 -0.22297
v 0.27198 -0.45688 0.40374
v 0.27198 -0.45688 0.40374
v 0.27198 -0.45688 0.40374
v 0.27453 -0.50703 0.43521
v 0.27453 -0.50703 0.43521
v 0.28273 -0.44119 0.43514
v 0.28273 -0.44119 0.43514
v 0.29814 -0.45231 -0.19859
v 0.28804 -0.33705 -0.88455
v 0.28804 -0.33705 -0.88455
v 0.30028 -0.29672 0.06176
v 0.34267 -0.30970 -0.86635
v 0.34267 -0.30970 -0.86635
v 0.29303 -0.24552 -0.30410
v 0.29303 -0.24552 -0.30410
v 0.31898 -0.20052 -0.03150
v 0.31898 -0.20052 -0.03150
v 0.31254 -0.17546 -0.04930
v 0.31254 -0.17546 -0.04930
v 0.31195 -0.05068 -0.31118
v 0.29974 0.01250 -0.01743
v 0.29974 0.01250 -0.01743
v 0.30974 0.01650 -0.12534
v 0.29034 0.01827 -0.05213
v 0.30151 0.09513 -0.08174
v 0.29671 0.17685 -0.12288
v 0.29617 0.23190 -0.08076
v 0.32438 0.34043 -0.02627
v 0.32438 0.34043 -0.02627
v 0.33389 0.33682 0.27613
v 0.27911 0.42296 -0.07998
v 0.27911 0.42296 -0.07998
v 0.30395 0.40868 -0.10436
v 0.30395 0.40868 -0.10436
v 0.30395 0.40868 -0.10436
v 0.28700 0.44558 -0.01684
v 0.28700 0.44558 -0.01684
v 0.28488 0.47654 -0.05386
v 0.28488 0.47654 -0.05386
v 0.30243 0.46625 0.22979
v 0.30243 0.46625 0.22979
v 0.32514 0.48390 0.17704
v 0.32514 0.48390 0.17704
v 0.32514 0.48390 0.17704
v 0.32219 0.49327 0.09910
v 0.32793 0.49140 0.11843
v 0.31113 -0.94187 -0.08938
v 0.31113 -0.94187 -0.08938
v 0.31113 -0.94187 -0.08938
v 0.29444 -0.91526 -0.08250
v 0.29444 -0.91526 -0.08250
v 0.29769 -0.90781 -0.08201
v 0.29769 -0.90781 -0.08201
v 0.29769 -0.90781 -0.08201
v 0.29769 -0.90781 -0.08201
v 0.31266 -0.86000 -0.18257
v 0.31266 -0.86000 -0.18257
v 0.30889 -0.84254 -0.05602
v 0.30889 -0.84254 -0.05602
v 0.32389 -0.71755 -0.14713
v 0.32389 -0.71755 -0.14713
v 0.32389 -0.71755 -0.14713
v 0.29603 -0.68324 -0.27227
v 0.29603 -0.68324 -0.27227
v 0.30729 -0.63796 -0.22815
v 0.30729 -0.63796 -0.22815
v 0.32546 -0.51267 -0.12799
v 0.32546 -0.51267 -0.12799
v 0.32546 -0.51267 -0.12799
v 0.30927 -0.49482 0.42460
v 0.30927 -0.49482 0.42460
v 0.34951 -0.43248 0.40725
v 0.34951 -0.43248 0.40725
v 0.34951 -0.43248 0.40725
v 0.34278 -0.44657 -0.88396
v 0.34278 -0.44657 -0.88396
v 0.29633 -0.22936 -0.28935
v 0.32282 -0.25671 -0.28011
v 0.32282 -0.25671 -0.28011
v 0.30353 -0.08744 -0.07216
v 0.32483 -0.13126 -0.16660
v 0.27941 -0.07238 -0.17762
v 0.33185 -0.14312 -0.13797
v 0.34185 -0.13907 -0.11525
v 0.34185 -0.13907 -0.11525
v 0.31089 0.09718 -0.04619
v 0.29935 0.09043 0.08373
v 0.29935 0.09043 0.08373
v 0.29935 0.09043 0.08373
v 0.34216 0.00419 0.16971
v 0.34216 0.00419 0.16971
v 0.34216 0.00419 0.16971
v 0.34216 0.00419 0.16971
v 0.29368 0.12943 -0.09100
v 0.29556 0.15186 -0.12430
v 0.31035 0.47684 -0.03992
v 0.31035 0.47684 -0.03992
v 0.31035 0.47684 -0.03992
v 0.31933 0.39938 0.27160
v 0.31933 0.39938 0.27160
v 0.31656 -0.92521 0.03457
v 0.31656 -0.92521 0.03457
v 0.30780 -0.91722 -0.12830
v 0.30780 -0.91722 -0.12830
v 0.30780 -0.91722 -0.12830
v 0.32451 -0.79979 -0.09663
v 0.32451 -0.79979 -0.09663
v 0.36195 -0.43081 -0.90617
v 0.30375 -0.40795 -0.21335
v 0.30375 -0.40795 -0.21335
v 0.34291 -0.38584 0.09463
v 0.33792 -0.16827 -0.05169
v 0.33792 -0.16827 -0.05169
v 0.33792 -0.16827 -0.05169
v 0.31163 -0.03699 -0.15815
v 0.31544 0.00384 -0.01599
v 0.30896 0.24988 0.28624
v 0.30896 0.24988 0.28624
v 0.33335 -0.94024 -0.13581
v 0.33335 -0.94024 -0.13581
v 0.34363 -0.94373 0.02747
v 0.37406 -0.88326 0.05284
v 0.37406 -0.88326 0.05284
v 0.37406 -0.88326 0.05284
v 0.31583 -0.86159 -0.02450
v 0.31583 -0.86159 -0.02450
v 0.31583 -0.86159 -0.02450
v 0.33953 -0.88663 -0.02776
v 0.33953 -0.88663 -0.02776
v 0.31382 -0.69246 -0.25442
v 0.31382 -0.69246 -0.25442
v 0.33292 -0.39078 0.44228
v 0.33292 -0.39078 0.44228
v 0.31674 -0.41911 -0.19764
v 0.31674 -0.41911 -0.19764
v 0.32116 -0.40809 -0.19554
v 0.32116 -0.40809 -0.19554
v 0.32707 -0.36656 -0.20704
v 0.33414 -0.37374 -0.26007
v 0.33414 -0.37374 -0.26007
v 0.33414 -0.37374 -0.26007
v 0.30924 -0.28809 -0.24881
v 0.30924 -0.28809 -0.24881
v 0.33480 -0.21522 -0.23051
v 0.33392 -0.16187 -0.06576
v 0.33392 -0.16187 -0.06576
v 0.31150 0.16084 -0.02221
v 0.31150 0.16084 -0.02221
v 0.31206 0.10832 0.03708
v 0.31206 0.10832 0.03708
v 0.31166 0.12186 0.04487
v 0.31166 0.12186 0.04487
v 0.32375 0.15535 0.25572
v 0.32375 0.15535 0.25572
v 0.31504 0.14095 0.23875
v 0.32014 0.28357 -0.17865
v 0.32014 0.28357 -0.17865
v 0.33295 0.26386 -0.00827
v 0.33295 0.26386 -0.00827
v 0.33880 0.32871 -0.06771
v 0.31407 0.36861 0.28353
v 0.31407 0.36861 0.28353
v 0.31252 0.44394 0.07914
v 0.31252 0.44394 0.07914
v 0.31747 0.43190 0.03192
v 0.35566 0.47396 0.02189
v 0.35566 0.47396 0.02189
v 0.33485 -0.68652 -0.15621
v 0.33485 -0.68652 -0.15621
v 0.33485 -0.68652 -0.15621
v 0.34612 -0.67314 -0.02906
v 0.34845 -0.63648 0.06508
v 0.35015 -0.59365 0.11680
v 0.33670 -0.43141 -0.18654
v 0.33670 -0.43141 -0.18654
v 0.37552 -0.50997 0.12646
v 0.34430 -0.40102 -0.94211
v 0.34430 -0.40102 -0.94211
v 0.32670 -0.25815 -0.24044
v 0.32670 -0.25815 -0.24044
v 0.32670 -0.25815 -0.24044
v 0.35798 0.00304 0.21022
v 0.31081 0.14971 0.03699
v 0.31081 0.14971 0.03699
v 0.32552 0.21365 -0.00853
v 0.32677 0.19937 0.03562
v 0.32677 0.19937 0.03562
v 0.32434 0.29228 -0.15903
v 0.32434 0.29228 -0.15903
v 0.32812 0.33904 -0.13461
v 0.32812 0.33904 -0.13461
v 0.36752 0.40176 0.04424
v 0.36752 0.40176 0.04424
v 0.36752 0.40176 0.04424
v 0.32831 -0.72171 -0.20261
v 0.33482 -0.68506 -0.24563
v 0.32456 -0.70901 -0.18867
v 0.33056 -0.71631 -0.18670
v 0.33056 -0.71631 -0.18670
v 0.32868 -0.67633 -0.24011
v 0.33429 -0.58984 -0.18312
v 0.33429 -0.58984 -0.18312
v 0.32674 -0.46474 -0.16671
v 0.35588 -0.40356 0.45287
v 0.35588 -0.40356 0.45287
v 0.34364 -0.44062 -0.16886
v 0.33517 -0.23878 -0.89035
v 0.33517 -0.23878 -0.89035
v 0.34643 -0.20934 -0.05072
v 0.32930 -0.18918 -0.07222
v 0.32930 -0.18918 -0.07222
v 0.32711 0.06189 0.05636
v 0.32711 0.06189 0.05636
v 0.35765 -0.02506 0.10228
v 0.35765 -0.02506 0.10228
v 0.36194 0.07740 0.02324
v 0.36194 0.07740 0.02324
v 0.32717 0.15981 0.24170
v 0.38937 0.14485 0.22007
v 0.36536 0.15633 0.00918
v 0.35272 0.31189 -0.12026
v 0.35272 0.31189 -0.12026
v 0.35812 0.34213 0.27120
v 0.35812 0.34213 0.27120
v 0.35769 0.30596 0.01535
v 0.35769 0.30596 0.01535
v 0.35769 0.30596 0.01535
v 0.35455 0.36809 -0.05180
v 0.35948 0.41245 0.07628
v 0.34339 0.41725 0.23286
v 0.34855 -0.73674 -0.19347
v 0.34855 -0.73674 -0.19347
v 0.34855 -0.73674 -0.19347
v 0.35632 -0.68086 -0.07842
v 0.35632 -0.68086 -0.07842
v 0.33629 -0.61840 -0.15448
v 0.33629 -0.61840 -0.15448
v 0.34569 -0.56916 0.13030
v 0.34569 -0.56916 0.13030
v 0.35900 -0.51653 -0.11869
v 0.35900 -0.51653 -0.11869
v 0.36599 -0.42636 0.10178
v 0.36599 -0.42636 0.10178
v 0.39228 -0.34786 0.37970
v 0.39228 -0.34786 0.37970
v 0.35727 -0.33824 0.05553
v 0.35727 -0.33824 0.05553
v 0.33106 -0.29229 -0.19527
v 0.33106 -0.29229 -0.19527
v 0.33106 -0.29229 -0.19527
v 0.35194 -0.35368 -0.18740
v 0.33658 -0.29785 -0.92943
v 0.33658 -0.29785 -0.92943
v 0.35201 -0.29481 -0.90943
v 0.35201 -0.29481 -0.90943
v 0.35201 -0.29481 -0.90943
v 0.35201 -0.29481 -0.90943
v 0.35785 -0.27019 -0.23072
v 0.35785 -0.27019 -0.23072
v 0.35785 -0.27019 -0.23072
v 0.35785 -0.27019 -0.23072
v 0.35282 -0.02217 0.14380
v 0.35282 -0.02217 0.14380
v 0.35282 -0.02217 0.14380
v 0.34714 0.02140 0.06255
v 0.34714 0.02140 0.06255
v 0.36703 0.25472 0.01907
v 0.34122 0.35414 0.24307
v 0.34122 0.35414 0.24307
v 0.38348 0.32893 0.02877
v 0.38348 0.32893 0.02877
v 0.38348 0.32893 0.02877
v 0.36631 0.47525 0.13985
v 0.36631 0.47525 0.13985
v 0.37078 -0.93941 0.10000
v 0.37078 -0.93941 0.10000
v 0.37078 -0.93941 0.10000
v 0.38932 -0.89372 0.10818
v 0.38932 -0.89372 0.10818
v 0.38932 -0.89372 0.10818
v 0.37025 -0.85379 -0.00061
v 0.34190 -0.66474 -0.17498
v 0.34190 -0.66474 -0.17498
v 0.36310 -0.65739 0.02189
v 0.36310 -0.65739 0.02189
v 0.35036 -0.58977 -0.17599
v 0.35036 -0.58977 -0.17599
v 0.35451 -0.55292 -0.15685
v 0.35451 -0.55292 -0.15685
v 0.37722 -0.58204 0.12529
v 0.37722 -0.58204 0.12529
v 0.35330 -0.28667 -0.18145
v 0.35330 -0.28667 -0.18145
v 0.35330 -0.28667 -0.18145
v 0.37486 -0.23130 -0.16229
v 0.34265 0.22331 0.26361
v 0.38438 0.24677 0.25721
v 0.38438 0.24677 0.25721
v 0.35792 0.28488 -0.14847
v 0.35792 0.28488 -0.14847
v 0.35775 0.31649 -0.10243
v 0.35166 0.41950 0.14629
v 0.35166 0.41950 0.14629
v 0.35166 0.41950 0.14629
v 0.35166 0.41950 0.14629
v 0.37361 0.46394 0.10450
v 0.37361 0.46394 0.10450
v 0.37361 0.46394 0.10450
v 0.35520 -0.83807 -0.06927
v 0.39599 -0.85820 -0.05529
v 0.38845 -0.82403 -0.12786
v 0.37383 -0.65096 -0.02426
v 0.37383 -0.65096 -0.02426
v 0.36047 -0.41897 0.40161
v 0.36047 -0.41897 0.40161
v 0.34024 -0.47242 0.40411
v 0.34024 -0.47242 0.40411
v 0.38468 -0.36628 0.35055
v 0.38468 -0.36628 0.35055
v 0.36766 -0.39625 -0.16190
v 0.35630 -0.35843 -0.91621
v 0.35630 -0.35843 -0.91621
v 0.36897 -0.27443 -0.04563
v 0.37413 -0.25701 -0.08908
v 0.37413 -0.25701 -0.08908
v 0.36472 -0.23074 -0.08213
v 0.34103 0.00666 0.16548
v 0.34103 0.00666 0.16548
v 0.36948 -0.00545 0.20736
v 0.36948 -0.00545 0.20736
v 0.37071 0.30195 0.23432
v 0.37071 0.30195 0.23432
v 0.37071 0.30195 0.23432
v 0.37071 0.30195 0.23432
v 0.37511 0.36254 -0.01948
v 0.37511 0.36254 -0.01948
v 0.44063 -0.94560 -0.05993
v 0.44063 -0.94560 -0.05993
v 0.44063 -0.94560 -0.05993
v 0.44063 -0.94560 -0.05993
v 0.44063 -0.94560 -0.05993
v 0.38998 -0.94252 0.03979
v 0.38998 -0.94252 0.03979
v 0.38998 -0.94252 0.03979
v 0.37386 -0.57789 -0.15681
v 0.37386 -0.57789 -0.15681
v 0.39771 -0.40963 0.44022
v 0.39771 -0.40963 0.44022
v 0.37648 -0.40331 0.08819
v 0.36199 0.01358 0.05434
v 0.38235 0.13487 0.01186
v 0.39898 0.17989 0.24118
v 0.39898 0.17989 0.24118
v 0.38534 0.22965 0.23154
v 0.38534 0.22965 0.23154
v 0.36768 0.39133 0.20920
v 0.38594 0.39598 0.07449
v 0.38594 0.39598 0.07449
v 0.37327 -0.63456 -0.11298
v 0.38744 -0.60642 -0.13139
v 0.36405 -0.56279 0.50076
v 0.36405 -0.56279 0.50076
v 0.39625 -0.60812 0.49789
v 0.39625 -0.60812 0.49789
v 0.39625 -0.60812 0.49789
v 0.39625 -0.60812 0.49789
v 0.36806 -0.60002 0.50093
v 0.36806 -0.60002 0.50093
v 0.36825 -0.56778 0.52788
v 0.36825 -0.56778 0.52788
v 0.40820 -0.55088 -0.04787
v 0.41479 -0.41637 0.06243
v 0.41479 -0.41637 0.06243
v 0.36622 -0.32375 -0.15912
v 0.37720 -0.28473 -0.16161
v 0.37720 -0.28473 -0.16161
v 0.37720 -0.28473 -0.16161
v 0.37861 -0.32891 -0.00115
v 0.36539 -0.23900 -0.13589
v 0.36539 -0.23900 -0.13589
v 0.36812 -0.00864 0.19378
v 0.36124 0.02556 0.03821
v 0.38031 0.00766 0.21943
v 0.37988 0.04862 0.22612
v 0.40499 0.00859 0.03974
v 0.40029 0.28153 0.03323
v 0.40029 0.28153 0.03323
v 0.35271 0.30583 0.22069
v 0.35271 0.30583 0.22069
v 0.35271 0.30583 0.22069
v 0.39865 0.31051 0.18201
v 0.39865 0.31051 0.18201
v 0.39865 0.31051 0.18201
v 0.40478 -0.87227 0.00346
v 0.42552 -0.87029 -0.14231
v 0.42552 -0.87029 -0.14231
v 0.39001 -0.63520 -0.01236
v 0.40189 -0.58429 0.13011
v 0.40189 -0.58429 0.13011
v 0.40189 -0.58429 0.13011
v 0.39003 -0.51595 0.56875
v 0.39003 -0.51595 0.56875
v 0.38034 -0.38811 -0.12428
v 0.38387 -0.35816 -0.13515
v 0.38177 -0.32329 -0.13157
v 0.38484 -0.33936 -0.20092
v 0.38484 -0.33936 -0.20092
v 0.39597 -0.36105 0.00532
v 0.38999 -0.29251 -0.10377
v 0.37964 -0.22793 -0.14202
v 0.37350 -0.13153 0.22513
v 0.37350 -0.13153 0.22513
v 0.38323 -0.10139 0.19203
v 0.38338 -0.13964 0.19017
v 0.37929 -0.11332 0.15843
v 0.38648 -0.07696 0.12612
v 0.39338 -0.02654 0.19725
v 0.39338 -0.02654 0.19725
v 0.37877 -0.00940 0.21032
v 0.37877 -0.00940 0.21032
v 0.38945 0.10762 0.00907
v 0.39553 0.08853 0.02719
v 0.38320 0.26119 0.22438
v 0.38320 0.26119 0.22438
v 0.40162 0.31182 -0.00985
v 0.41430 0.31044 -0.07103
v 0.41430 0.31044 -0.07103
v 0.41430 0.31044 -0.07103
v 0.41430 0.31044 -0.07103
v 0.40958 0.33494 0.16554
v 0.39514 -0.94918 0.05205
v 0.39514 -0.94918 0.05205
v 0.41607 -0.93361 -0.15498
v 0.41607 -0.93361 -0.15498
v 0.40315 -0.58103 -0.10142
v 0.41676 -0.61287 0.05107
v 0.39413 -0.61839 0.08990
v 0.39413 -0.61839 0.08990
v 0.42385 -0.57094 0.11910
v 0.42385 -0.57094 0.11910
v 0.37701 -0.41759 -0.13377
v 0.39303 -0.33800 0.35227
v 0.40068 -0.35147 -0.01593
v 0.40128 -0.20799 0.19812
v 0.40128 -0.20799 0.19812
v 0.38543 -0.18894 0.22293
v 0.37883 -0.11664 0.24258
v 0.37883 -0.11664 0.24258
v 0.39340 -0.14607 0.27792
v 0.39205 -0.06627 0.17034
v 0.39362 -0.09677 0.09106
v 0.39362 -0.09677 0.09106
v 0.39803 0.13124 0.21029
v 0.39803 0.13124 0.21029
v 0.43501 0.12765 0.03808
v 0.43501 0.12765 0.03808
v 0.39449 0.34246 0.07049
v 0.39449 0.34246 0.07049
v 0.40195 -0.90881 0.09444
v 0.40195 -0.90881 0.09444
v 0.40706 -0.91364 0.03190
v 0.40706 -0.91364 0.03190
v 0.40706 -0.91364 0.03190
v 0.41143 -0.87353 -0.03957
v 0.41314 -0.60357 0.03177
v 0.39779 -0.49614 0.52480
v 0.39779 -0.49614 0.52480
v 0.39959 -0.46316 0.08796
v 0.39959 -0.46316 0.08796
v 0.39981 -0.42417 0.52652
v 0.39981 -0.42417 0.52652
v 0.39981 -0.42417 0.52652
v 0.42421 -0.36462 0.37836
v 0.42172 -0.41845 0.03978
v 0.41271 -0.32480 0.43198
v 0.41271 -0.32480 0.43198
v 0.39645 -0.33263 -0.08427
v 0.41144 -0.20116 0.15925
v 0.41144 -0.20116 0.15925
v 0.41144 -0.20116 0.15925
v 0.40822 -0.16563 0.15283
v 0.40822 -0.16563 0.15283
v 0.43874 -0.08351 0.06988
v 0.41438 0.21937 0.06032
v 0.41438 0.21937 0.06032
v 0.40384 0.24753 0.21198
v 0.42504 0.24667 0.18074
v 0.39758 0.28187 0.19459
v 0.40407 0.28693 0.05106
v 0.41440 0.34661 0.06836
v 0.41440 0.34661 0.06836
v 0.38824 0.34676 0.09064
v 0.38824 0.34676 0.09064
v 0.41262 0.34447 0.11037
v 0.41262 0.34447 0.11037
v 0.41262 0.34447 0.11037
v 0.40567 -0.94488 0.14293
v 0.40567 -0.94488 0.14293
v 0.40230 -0.91129 0.13065
v 0.40230 -0.91129 0.13065
v 0.41260 -0.84829 -0.11226
v 0.45587 -0.43475 0.43519
v 0.45587 -0.43475 0.43519
v 0.40711 -0.41160 -0.07850
v 0.41380 -0.39204 0.02756
v 0.41969 -0.39620 0.02346
v 0.44157 -0.31139 0.46617
v 0.41607 -0.38128 -0.04619
v 0.40626 -0.34152 -0.06623
v 0.46608 -0.24123 0.18897
v 0.46608 -0.24123 0.18897
v 0.45559 -0.08009 0.29724
v 0.45559 -0.08009 0.29724
v 0.45559 -0.08009 0.29724
v 0.41353 -0.03351 0.05432
v 0.42206 0.03594 0.21142
v 0.42660 0.30994 -0.01535
v 0.42660 0.30994 -0.01535
v 0.42177 -0.95000 0.02193
v 0.40947 -0.93032 0.03197
v 0.40947 -0.93032 0.03197
v 0.42443 -0.92494 0.06625
v 0.42443 -0.92494 0.06625
v 0.42443 -0.92494 0.06625
v 0.43162 -0.86442 -0.10230
v 0.39587 -0.60739 0.51105
v 0.39587 -0.60739 0.51105
v 0.43132 -0.55975 0.53877
v 0.43132 -0.55975 0.53877
v 0.43132 -0.55975 0.53877
v 0.42662 -0.53731 0.54447
v 0.43346 -0.47677 -0.05238
v 0.41484 -0.50784 -0.02981
v 0.41933 -0.50710 0.08222
v 0.41933 -0.50710 0.08222
v 0.43691 -0.47311 0.45116
v 0.43691 -0.47311 0.45116
v 0.43691 -0.47311 0.45116
v 0.43691 -0.47311 0.45116
v 0.43691 -0.47311 0.45116
v 0.43455 -0.51335 0.52748
v 0.43455 -0.51335 0.52748
v 0.43455 -0.51335 0.52748
v 0.43455 -0.51335 0.52748
v 0.43095 -0.44485 -0.05609
v 0.42428 -0.38791 0.33512
v 0.42883 -0.35270 0.31836
v 0.42883 -0.35270 0.31836
v 0.40493 -0.33515 -0.06598
v 0.40028 -0.30946 0.39164
v 0.39758 -0.29613 0.37239
v 0.39494 -0.27463 0.34453
v 0.41384 -0.31181 0.28360
v 0.41384 -0.31181 0.28360
v 0.41384 -0.31181 0.28360
v 0.41384 -0.31181 0.28360
v 0.40661 -0.26988 0.34084
v 0.40661 -0.26988 0.34084
v 0.41356 -0.25915 0.25969
v 0.41356 -0.25915 0.25969
v 0.41337 -0.23074 0.22244
v 0.43841 -0.21640 0.35752
v 0.43841 -0.21640 0.35752
v 0.43841 -0.21640 0.35752
v 0.41722 -0.13565 0.29772
v 0.41722 -0.13565 0.29772
v 0.44053 -0.13002 0.08922
v 0.42628 -0.03104 0.22704
v 0.42628 -0.03104 0.22704
v 0.46312 0.01513 0.05225
v 0.44303 0.06434 0.19642
v 0.44303 0.06434 0.19642
v 0.44993 0.15428 0.14783
v 0.41296 0.21667 0.20806
v 0.41338 0.29881 0.16974
v 0.44733 -0.88873 -0.02290
v 0.44733 -0.88873 -0.02290
v 0.41718 -0.56159 0.02174
v 0.42324 -0.33446 0.37250
v 0.46326 -0.23288 0.42166
v 0.46326 -0.23288 0.42166
v 0.46326 -0.23288 0.42166
v 0.42677 -0.20618 0.35855
v 0.42677 -0.20618 0.35855
v 0.43060 -0.18824 0.13661
v 0.42075 -0.17521 0.14367
v 0.42075 -0.17521 0.14367
v 0.42734 -0.07004 0.24664
v 0.42734 -0.07004 0.24664
v 0.42734 -0.07004 0.24664
v 0.42734 -0.07004 0.24664
v 0.43940 0.09061 0.05187
v 0.43940 0.09061 0.05187
v 0.43465 0.10791 0.18047
v 0.48529 -0.94687 -0.08853
v 0.48529 -0.94687 -0.08853
v 0.48529 -0.94687 -0.08853
v 0.48529 -0.94687 -0.08853
v 0.42703 -0.87460 0.03765
v 0.43562 -0.53964 0.06755
v 0.41918 -0.52344 0.00196
v 0.43228 -0.54339 0.07579
v 0.43535 -0.47598 0.00905
v 0.44456 -0.39734 0.52597
v 0.44456 -0.39734 0.52597
v 0.42828 0.18759 0.09851
v 0.42828 0.18759 0.09851
v 0.43990 0.15229 0.06169
v 0.43990 0.15229 0.06169
v 0.43002 0.23378 0.09332
v 0.43002 0.23378 0.09332
v 0.44278 0.22462 0.14239
v 0.41494 0.31084 0.12202
v 0.41494 0.31084 0.12202
v 0.42367 0.26878 0.14649
v 0.45132 0.31565 0.11538
v 0.45132 0.31565 0.11538
v 0.45089 -0.88995 -0.03909
v 0.46740 -0.85928 0.03867
v 0.44316 -0.47967 0.54069
v 0.44316 -0.47967 0.54069
v 0.44334 -0.37058 0.47879
v 0.44812 -0.27787 0.44429
v 0.44812 -0.27787 0.44429
v 0.43481 0.15664 0.08151
v 0.43481 0.15664 0.08151
v 0.44653 0.22028 0.11846
v 0.44538 0.33441 0.10741
v 0.44538 0.33441 0.10741
v 0.47175 -0.89944 -0.11756
v 0.47175 -0.89944 -0.11756
v 0.47175 -0.89944 -0.11756
v 0.47952 -0.93235 0.02006
v 0.47952 -0.93235 0.02006
v 0.44810 -0.52521 0.52843
v 0.44810 -0.52521 0.52843
v 0.43823 -0.45555 0.50227
v 0.43823 -0.45555 0.50227
v 0.47888 -0.36068 0.33299
v 0.47888 -0.36068 0.33299
v 0.45135 -0.34773 0.47702
v 0.44550 -0.30385 0.44074
v 0.45215 -0.26153 0.44104
v 0.45215 -0.26153 0.44104
v 0.46475 -0.15608 0.11624
v 0.46475 -0.15608 0.11624
v 0.45722 -0.16155 0.34102
v 0.51066 -0.11507 0.31923
v 0.51066 -0.11507 0.31923
v 0.51066 -0.11507 0.31923
v 0.46502 -0.15315 0.10398
v 0.44776 0.15562 0.09195
v 0.44776 0.15562 0.09195
v 0.43371 0.22272 0.16161
v 0.45780 -0.36564 0.30635
v 0.47411 -0.23160 0.41806
v 0.47411 -0.23160 0.41806
v 0.47411 -0.23160 0.41806
v 0.44614 -0.22075 0.38474
v 0.45833 -0.20282 0.36263
v 0.45833 -0.20282 0.36263
v 0.47349 -0.08007 0.29171
v 0.47349 -0.08007 0.29171
v 0.47626 -0.09950 0.05452
v 0.47204 -0.08244 0.27633
v 0.47204 -0.08244 0.27633
v 0.47204 -0.08244 0.27633
v 0.45628 0.32854 0.10449
v 0.45628 0.32854 0.10449
v 0.48043 -0.93475 -0.11628
v 0.48043 -0.93475 -0.11628
v 0.48043 -0.93475 -0.11628
v 0.48043 -0.93475 -0.11628
v 0.49313 -0.93542 0.08541
v 0.49647 -0.90789 0.12321
v 0.49647 -0.90789 0.12321
v 0.46405 -0.42727 0.38740
v 0.48302 -0.30701 0.44473
v 0.50394 -0.06349 0.03522
v 0.50394 -0.06349 0.03522
v 0.49962 -0.04616 0.23388
v 0.49962 -0.04616 0.23388
v 0.45642 0.02925 0.19226
v 0.48307 0.08137 0.08591
v 0.48307 0.08137 0.08591
v 0.48539 0.05600 0.15748
v 0.50817 -0.88558 -0.01961
v 0.50817 -0.88558 -0.01961
v 0.46529 -0.47830 0.49643
v 0.46529 -0.47830 0.49643
v 0.49619 -0.36785 0.47862
v 0.48647 -0.27613 0.44967
v 0.48647 -0.27613 0.44967
v 0.50436 -0.22537 0.38603
v 0.50436 -0.22537 0.38603
v 0.50436 -0.22537 0.38603
v 0.48432 0.03850 0.17967
v 0.48432 0.03850 0.17967
v 0.50339 -0.89091 0.06953
v 0.50339 -0.89091 0.06953
v 0.49983 -0.47887 0.46181
v 0.49983 -0.47887 0.46181
v 0.49983 -0.47887 0.46181
v 0.49983 -0.47887 0.46181
v 0.48757 0.01474 0.07740
v 0.48757 0.01474 0.07740
v 0.47595 0.09792 0.11391
v 0.49719 -0.94336 0.00084
v 0.49719 -0.94336 0.00084
v 0.49719 -0.94336 0.00084
v 0.47391 -0.61925 0.50136
v 0.47391 -0.61925 0.50136
v 0.47391 -0.61925 0.50136
v 0.47391 -0.61925 0.50136
v 0.47391 -0.61925 0.50136
v 0.51364 -0.60236 0.50561
v 0.51364 -0.60236 0.50561
v 0.51364 -0.60236 0.50561
v 0.51364 -0.60236 0.50561
v 0.51364 -0.60236 0.50561
v 0.51364 -0.60236 0.50561
v 0.51364 -0.60236 0.50561
v 0.51364 -0.60236 0.50561
v 0.46039 -0.63478 0.47402
v 0.46039 -0.63478 0.47402
v 0.46043 -0.58985 0.48864
v 0.46043 -0.58985 0.48864
v 0.46043 -0.58985 0.48864
v 0.48206 -0.58637 0.53717
v 0.48206 -0.58637 0.53717
v 0.48206 -0.58637 0.53717
v 0.47996 -0.55590 0.55280
v 0.47996 -0.55590 0.55280
v 0.47996 -0.55590 0.55280
v 0.50084 -0.52825 0.50725
v 0.50084 -0.52825 0.50725
v 0.50084 -0.52825 0.50725
v 0.50084 -0.52825 0.50725
v 0.50084 -0.52825 0.50725
v 0.51626 -0.49777 0.55204
v 0.51626 -0.49777 0.55204
v 0.51626 -0.49777 0.55204
v 0.51626 -0.49777 0.55204
v 0.51626 -0.49777 0.55204
v 0.49693 -0.33815 0.29179
v 0.49693 -0.33815 0.29179
v 0.51696 -0.34355 0.44555
v 0.51696 -0.34355 0.44555
v 0.51066 -0.31749 0.29693
v 0.51066 -0.31749 0.29693
v 0.50616 -0.15952 0.33205
v 0.50616 -0.15952 0.33205
v 0.51310 -0.42648 0.36687
v 0.51310 -0.42648 0.36687
v 0.51310 -0.42648 0.36687
v 0.51310 -0.42648 0.36687
v 0.51310 -0.42648 0.36687
v 0.49031 -0.16036 0.12880
v 0.49031 -0.16036 0.12880
v 0.52200 -0.08211 0.28594
v 0.52200 -0.08211 0.28594
v 0.52200 -0.08211 0.28594
v 0.55333 -0.91936 -0.02625
v 0.55333 -0.91936 -0.02625
v 0.55333 -0.91936 -0.02625
v 0.55333 -0.91936 -0.02625
v 0.51718 -0.29347 0.44379
v 0.51718 -0.29347 0.44379
v 0.51258 -0.24449 0.44502
v 0.51258 -0.24449 0.44502
v 0.51258 -0.24449 0.44502
v 0.50324 -0.23797 0.40407
v 0.50324 -0.23797 0.40407
v 0.50187 -0.16246 0.13903
v 0.50187 -0.16246 0.13903
v 0.51542 -0.09849 0.06315
v 0.51542 -0.09849 0.06315
v 0.51542 -0.09849 0.06315
v 0.53110 -0.09182 0.26151
v 0.53110 -0.09182 0.26151
v 0.52683 -0.03560 0.10689
v 0.52683 -0.03560 0.10689
v 0.52099 -0.44559 0.49807
v 0.52099 -0.44559 0.49807
v 0.52099 -0.44559 0.49807
v 0.52099 -0.44559 0.49807
v 0.52099 -0.44559 0.49807
v 0.52796 -0.35323 0.37626
v 0.52796 -0.35323 0.37626
v 0.54628 -0.19417 0.19894
v 0.54628 -0.19417 0.19894
v 0.51392 -0.18688 0.14508
v 0.51392 -0.18688 0.14508
v 0.51392 -0.18688 0.14508
v 0.51392 -0.18688 0.14508
v 0.52390 -0.20365 0.34661
v 0.52390 -0.20365 0.34661
v 0.50361 0.01984 0.15288
v 0.50361 0.01984 0.15288
v 0.51026 0.02396 0.14328
v 0.51026 0.02396 0.14328
v 0.55313 -0.91383 0.00538
v 0.55313 -0.91383 0.00538
v 0.52587 -0.55497 0.48367
v 0.52587 -0.55497 0.48367
v 0.51194 -0.60824 0.41988
v 0.51194 -0.60824 0.41988
v 0.51194 -0.60824 0.41988
v 0.51262 -0.61759 0.41890
v 0.51262 -0.61759 0.41890
v 0.53073 -0.52183 0.44336
v 0.53073 -0.52183 0.44336
v 0.53655 -0.35337 0.35345
v 0.53655 -0.35337 0.35345
v 0.53537 -0.40346 0.48183
v 0.53537 -0.40346 0.48183
v 0.52194 -0.27503 0.42760
v 0.52194 -0.27503 0.42760
v 0.52194 -0.27503 0.42760
v 0.53959 -0.25696 0.36878
v 0.52965 -0.08652 0.06925
v 0.52965 -0.08652 0.06925
v 0.52965 -0.08652 0.06925
v 0.52844 -0.05127 0.08707
v 0.51757 -0.00908 0.17719
v 0.52449 -0.03229 0.19256
v 0.52081 -0.51167 0.47829
v 0.53499 -0.37212 0.39813
v 0.53092 -0.33387 0.41864
v 0.52789 -0.32642 0.30236
v 0.52789 -0.32642 0.30236
v 0.52240 -0.12841 0.12226
v 0.51369 -0.06829 0.20964
v 0.54836 -0.04139 0.18538
v 0.53242 -0.02067 0.16050
v 0.52011 0.00438 0.14026
v 0.54866 -0.51760 0.50927
v 0.54866 -0.51760 0.50927
v 0.54112 -0.41197 0.47446
v 0.53368 -0.29858 0.42682
v 0.53071 -0.22467 0.23356
v 0.54063 -0.19036 0.29075
v 0.53413 -0.11283 0.11013
v 0.53413 -0.11283 0.11013
v 0.52652 -0.06620 0.07622
v 0.52652 -0.06620 0.07622
v 0.56522 -0.47956 0.45552
v 0.53371 -0.31383 0.40804
v 0.54580 -0.11142 0.25679
v 0.54580 -0.11142 0.25679
v 0.53474 -0.04687 0.15503
v 0.53350 -0.02404 0.13651
v 0.54327 -0.03147 0.16230
v 0.54375 -0.57687 0.47510
v 0.54375 -0.57687 0.47510
v 0.54899 -0.32629 0.38978
v 0.55703 -0.18535 0.24687
v 0.55836 -0.15112 0.18717
v 0.55836 -0.15112 0.18717
v 0.53420 -0.14248 0.21351
v 0.53420 -0.14248 0.21351
v 0.55144 -0.06890 0.14975
v 0.54092 -0.06759 0.17792
v 0.55036 -0.10821 0.23153
v 0.56460 -0.54327 0.49320
vt 0.16906 0.75077
vt 0.18193 0.76586
vt 0.60107 0.02745
vt 0.17742 0.15980
vt 0.19434 0.76161
vt 0.17219 0.16435
vt 0.19996 0.76684
vt 0.60973 0.03076
vt 0.17411 0.16846
vt 0.18966 0.76493
vt 0.72570 0.13600
vt 0.19676 0.74613
vt 0.53972 0.18862
vt 0.17545 0.71923
vt 0.42139 0.12673
vt 0.54200 0.18939
vt 0.17317 0.72480
vt 0.40368 0.12690
vt 0.50342 0.41423
vt 0.18637 0.74251
vt 0.86885 0.12078
vt 0.16027 0.77933
vt 0.18448 0.77605
vt 0.15892 0.76607
vt 0.16343 0.75872
vt 0.14830 0.76595
vt 0.55326 0.41748
vt 0.13653 0.76957
vt 0.15410 0.77510
vt 0.54466 0.41557
vt 0.14513 0.75595
vt 0.19272 0.77088
vt 0.60586 0.02565
vt 0.17922 0.16459
vt 0.52034 0.19092
vt 0.19483 0.73780
vt 0.84795 0.11539
vt 0.18118 0.78350
vt 0.84199 0.11939
vt 0.15839 0.16329
vt 0.18713 0.78064
vt 0.52105 0.40943
vt 0.16874 0.74423
vt 0.16120 0.75520
vt 0.15025 0.76138
vt 0.81041 0.13457
vt 0.14880 0.78596
vt 0.53854 0.41288
vt 0.15125 0.75506
vt 0.55029 0.41739
vt 0.13950 0.76171
vt 0.55374 0.40474
vt 0.53624 0.56293
vt 0.71363 0.14107
vt 0.50635 0.18813
vt 0.20882 0.74999
vt 0.18745 0.15667
vt 0.72007 0.14677
vt 0.20238 0.75159
vt 0.41372 0.13090
vt 0.15251 0.75826
vt 0.12109 0.80113
vt 0.12347 0.78891
vt 0.97599 0.16429
vt 0.10481 0.78276
vt 0.10899 0.79840
vt 0.97440 0.17718
vt 0.10124 0.79566
vt 0.97222 0.16869
vt 0.09707 0.78716
vt 0.71021 0.15301
vt 0.54245 0.57073
vt 0.51415 0.18650
vt 0.84033 0.12732
vt 0.14990 0.15536
vt 0.86073 0.12474
vt 0.16839 0.78406
vt 0.19993 0.05755
vt 0.79998 0.13553
vt 0.15922 0.78872
vt 0.97175 0.16033
vt 0.10496 0.77881
vt 0.58444 0.40088
vt 0.10534 0.77275
vt 0.91282 0.12838
vt 0.43408 0.13285
vt 0.11136 0.81250
vt 0.64795 0.03180
vt 0.90283 0.09434
vt 0.65793 0.03955
vt 0.91282 0.08425
vt 0.64002 0.37443
vt 0.64960 0.03883
vt 0.90449 0.09105
vt 0.63322 0.36610
vt 0.52979 0.55388
vt 0.49141 0.66162
vt 0.70459 0.14896
vt 0.54559 0.57104
vt 0.51446 0.18422
vt 0.55711 0.58447
vt 0.52200 0.63430
vt 0.52789 0.17662
vt 0.42644 0.13533
vt 0.54748 0.18079
vt 0.52667 0.41142
vt 0.16312 0.74897
vt 0.53102 0.40408
vt 0.10391 0.80141
vt 0.54003 0.56364
vt 0.50117 0.65137
vt 0.16589 0.15502
vt 0.19810 0.77315
vt 0.41503 0.13423
vt 0.41123 0.13389
vt 0.40467 0.13417
vt 0.50851 0.40696
vt 0.54377 0.40383
vt 0.90995 0.14398
vt 0.12697 0.80830
vt 0.09588 0.80237
vt 0.96585 0.17934
vt 0.08974 0.79782
vt 0.97713 0.07666
vt 0.90721 0.09651
vt 0.62776 0.36882
vt 0.82471 0.29915
vt 0.90878 0.08666
vt 0.63761 0.37039
vt 0.18634 0.15081
vt 0.72030 0.15263
vt 0.39111 0.11963
vt 0.17217 0.13984
vt 0.58254 0.26954
vt 0.40742 0.13734
vt 0.54514 0.24102
vt 0.16526 0.80427
vt 0.86381 0.12765
vt 0.16532 0.79282
vt 0.20065 0.06012
vt 0.15432 0.79128
vt 0.15399 0.79710
vt 0.83213 0.14218
vt 0.12707 0.80560
vt 0.10315 0.81518
vt 0.95846 0.16377
vt 0.09474 0.78224
vt 0.56978 0.56204
vt 0.55875 0.57199
vt 0.55128 0.56193
vt 0.49945 0.64012
vt 0.84418 0.14014
vt 0.15512 0.14254
vt 0.56549 0.26071
vt 0.84970 0.12840
vt 0.41329 0.14870
vt 0.74066 0.16177
vt 0.85561 0.13315
vt 0.86167 0.12532
vt 0.16745 0.78808
vt 0.52880 0.39380
vt 0.54053 0.24090
vt 0.16515 0.80888
vt 0.18896 0.06689
vt 0.55135 0.22719
vt 0.15143 0.79806
vt 0.80671 0.14830
vt 0.56903 0.21039
vt 0.89949 0.13825
vt 0.95554 0.15256
vt 0.58898 0.39390
vt 0.10080 0.77103
vt 0.08662 0.81524
vt 0.08062 0.81196
vt 0.97216 0.07252
vt 0.91217 0.09549
vt 0.61850 0.52381
vt 0.59006 0.53185
vt 0.50497 0.64878
vt 0.15701 0.14077
vt 0.56738 0.26657
vt 0.39349 0.14157
vt 0.09739 0.05420
vt 0.41081 0.11762
vt 0.50733 0.39956
vt 0.85741 0.13634
vt 0.56322 0.24747
vt 0.17171 0.78619
vt 0.57962 0.39170
vt 0.44891 0.14993
vt 0.10030 0.82959
vt 0.12308 0.45772
vt 0.09487 0.82755
vt 0.12851 0.45156
vt 0.96636 0.17225
vt 0.09179 0.79072
vt 0.96202 0.18213
vt 0.08334 0.80060
vt 0.07773 0.80688
vt 0.96045 0.07345
vt 0.92389 0.09717
vt 0.84139 0.29595
vt 0.54609 0.12263
vt 0.82865 0.26787
vt 0.83401 0.27582
vt 0.54345 0.13254
vt 0.83856 0.27050
vt 0.53840 0.12481
vt 0.83083 0.27556
vt 0.59343 0.52686
vt 0.46438 0.59798
vt 0.58106 0.56569
vt 0.50321 0.61035
vt 0.57637 0.57108
vt 0.50860 0.61504
vt 0.56717 0.57774
vt 0.51527 0.62424
vt 0.53030 0.39614
vt 0.54888 0.22931
vt 0.15356 0.80053
vt 0.53198 0.40158
vt 0.18909 0.05235
vt 0.75635 0.04248
vt 0.79639 0.14636
vt 0.56590 0.23858
vt 0.89408 0.14795
vt 0.69971 0.06592
vt 0.82827 0.15303
vt 0.13093 0.80745
vt 0.07575 0.81505
vt 0.14764 0.45282
vt 0.66481 0.14914
vt 0.28564 0.43578
vt 0.04428 0.29005
vt 0.66480 0.12894
vt 0.04832 0.17331
vt 0.65771 0.14011
vt 0.04219 0.16622
vt 0.26459 0.44287
vt 0.63081 0.38563
vt 0.84151 0.31263
vt 0.52313 0.13678
vt 0.40620 0.05633
vt 0.84281 0.29082
vt 0.61104 0.54177
vt 0.47929 0.58037
vt 0.50084 0.65725
vt 0.71402 0.16383
vt 0.16304 0.13713
vt 0.57341 0.26286
vt 0.84596 0.13762
vt 0.42626 0.14642
vt 0.53934 0.16971
vt 0.78892 0.08222
vt 0.58399 0.25154
vt 0.79457 0.08643
vt 0.13326 0.06689
vt 0.72279 0.02874
vt 0.09033 0.04943
vt 0.41558 0.11458
vt 0.58965 0.25344
vt 0.77588 0.08341
vt 0.57096 0.24247
vt 0.54795 0.23964
vt 0.58443 0.39935
vt 0.95479 0.17257
vt 0.47520 0.21531
vt 0.26753 0.43483
vt 0.02881 0.16694
vt 0.25121 0.44216
vt 0.32810 0.20425
vt 0.09623 0.23934
vt 0.03858 0.29111
vt 0.31509 0.20297
vt 0.05122 0.29346
vt 0.32773 0.20062
vt 0.92306 0.08748
vt 0.98175 0.08390
vt 0.84056 0.29757
vt 0.29006 0.92212
vt 0.61194 0.51655
vt 0.74951 0.08643
vt 0.45407 0.57946
vt 0.62554 0.51946
vt 0.62851 0.52562
vt 0.46314 0.56289
vt 0.62554 0.52651
vt 0.49263 0.61633
vt 0.51343 0.64875
vt 0.72661 0.17236
vt 0.51933 0.15683
vt 0.51271 0.64047
vt 0.51860 0.16876
vt 0.49924 0.62931
vt 0.50752 0.64773
vt 0.41747 0.14872
vt 0.53881 0.16741
vt 0.57401 0.24636
vt 0.57335 0.24795
vt 0.59473 0.22914
vt 0.53640 0.39141
vt 0.59953 0.19308
vt 0.55461 0.39537
vt 0.88650 0.13804
vt 0.46041 0.13409
vt 0.58825 0.34568
vt 0.46239 0.14729
vt 0.11572 0.47120
vt 0.60161 0.35889
vt 0.12826 0.45635
vt 0.95352 0.17703
vt 0.07274 0.79550
vt 0.45453 0.21418
vt 0.24686 0.42779
vt 0.02314 0.17261
vt 0.02894 0.28914
vt 0.30545 0.20493
vt 0.98258 0.19715
vt 0.92498 0.09588
vt 0.84247 0.30116
vt 0.54572 0.13836
vt 0.05583 0.10575
vt 0.84438 0.26824
vt 0.92493 0.08642
vt 0.63785 0.38654
vt 0.28900 0.93665
vt 0.17204 0.03838
vt 0.44580 0.54115
vt 0.64924 0.50978
vt 0.17103 0.03989
vt 0.44731 0.54217
vt 0.63885 0.51237
vt 0.16064 0.04248
vt 0.44990 0.55255
vt 0.72795 0.16221
vt 0.39307 0.14567
vt 0.11768 0.06026
vt 0.72918 0.15874
vt 0.40000 0.11352
vt 0.12488 0.06248
vt 0.73638 0.15948
vt 0.40720 0.11277
vt 0.51699 0.63887
vt 0.52289 0.16613
vt 0.10316 0.05376
vt 0.41125 0.10135
vt 0.60248 0.25777
vt 0.50777 0.38329
vt 0.76769 0.03767
vt 0.57724 0.23638
vt 0.58536 0.21852
vt 0.52916 0.39360
vt 0.76035 0.03814
vt 0.79689 0.15070
vt 0.57802 0.22021
vt 0.95602 0.16240
vt 0.59243 0.39438
vt 0.14762 0.46544
vt 0.06392 0.80616
vt 0.48665 0.22486
vt 0.27898 0.42963
vt 0.66662 0.15067
vt 0.28772 0.43396
vt 0.05572 0.29198
vt 0.33223 0.20210
vt 0.10036 0.23258
vt 0.76162 0.08124
vt 0.45254 0.56735
vt 0.76891 0.08285
vt 0.45324 0.56006
vt 0.46913 0.58858
vt 0.48618 0.60891
vt 0.17922 0.14129
vt 0.39412 0.11011
vt 0.58959 0.27490
vt 0.71826 0.03564
vt 0.58501 0.25797
vt 0.55722 0.23809
vt 0.59761 0.20164
vt 0.59805 0.19006
vt 0.55763 0.39252
vt 0.46357 0.14021
vt 0.59648 0.35180
vt 0.14105 0.46388
vt 0.03369 0.09350
vt 0.05589 0.81138
vt 0.49129 0.22333
vt 0.28363 0.42977
vt 0.00342 0.18819
vt 0.22582 0.42091
vt 0.96861 0.21240
vt 0.06394 0.27764
vt 0.67721 0.14032
vt 0.02402 0.27941
vt 0.02806 0.18395
vt 0.41651 0.15479
vt 0.73683 0.16785
vt 0.52954 0.16134
vt 0.40305 0.10353
vt 0.72716 0.03390
vt 0.58900 0.24908
vt 0.59925 0.25452
vt 0.51103 0.37987
vt 0.94780 0.15988
vt 0.59036 0.38616
vt 0.60985 0.31029
vt 0.46055 0.15381
vt 0.12623 0.46936
vt 0.94721 0.17458
vt 0.09105 0.79306
vt 0.68410 0.26807
vt 0.05740 0.81904
vt 0.16598 0.46366
vt 0.05636 0.09431
vt 0.05279 0.78871
vt 0.67502 0.15283
vt 0.29371 0.42556
vt 0.00883 0.18747
vt 0.09517 0.24285
vt 0.31951 0.21678
vt 0.08764 0.25347
vt 0.85163 0.28559
vt 0.06053 0.11349
vt 0.25672 0.30875
vt 0.06275 0.10467
vt 0.84686 0.26132
vt 0.24790 0.31208
vt 0.06352 0.11015
vt 0.25339 0.31787
vt 0.63781 0.39712
vt 0.28905 0.94476
vt 0.52749 0.14990
vt 0.03760 0.11874
vt 0.36670 0.07568
vt 0.28365 0.91103
vt 0.58604 0.26563
vt 0.58622 0.25781
vt 0.59958 0.21152
vt 0.53616 0.38360
vt 0.89074 0.14650
vt 0.04546 0.80326
vt 0.48639 0.20771
vt 0.01493 0.77730
vt 0.46523 0.19993
vt 0.48196 0.20490
vt 0.62766 0.40447
vt 0.86036 0.32373
vt 0.85467 0.30241
vt 0.51416 0.14768
vt 0.39531 0.06020
vt 0.96861 0.08614
vt 0.85370 0.29980
vt 0.28933 0.92435
vt 0.39863 0.10101
vt 0.59684 0.27039
vt 0.58768 0.21750
vt 0.53019 0.38554
vt 0.81085 0.15647
vt 0.57491 0.20625
vt 0.58052 0.20391
vt 0.60032 0.19896
vt 0.54872 0.38660
vt 0.88346 0.14768
vt 0.70646 0.05530
vt 0.57861 0.33264
vt 0.58079 0.17392
vt 0.57376 0.38215
vt 0.14521 0.46983
vt 0.16304 0.46641
vt 0.06394 0.78846
vt 0.04581 0.09717
vt 0.05462 0.79925
vt 0.05137 0.80021
vt 0.04658 0.81327
vt 0.67799 0.14965
vt 0.29450 0.42260
vt 0.06750 0.27603
vt 0.67882 0.14213
vt 0.11213 0.22270
vt 0.10886 0.24677
vt 0.11316 0.24324
vt 0.30658 0.22576
vt 0.07471 0.25926
vt 0.29193 0.17959
vt 0.04929 0.11958
vt 0.25139 0.30002
vt 0.59450 0.26268
vt 0.07538 0.02321
vt 0.71067 0.05147
vt 0.83254 0.16748
vt 0.56104 0.18456
vt 0.60791 0.05364
vt 0.58261 0.32843
vt 0.88135 0.14041
vt 0.58588 0.34454
vt 0.05399 0.78469
vt 0.05328 0.82105
vt 0.17010 0.46942
vt 0.04527 0.78641
vt 0.04111 0.79414
vt 0.03280 0.78222
vt 0.03697 0.80519
vt 0.18642 0.46825
vt 0.02684 0.79133
vt 0.02970 0.77443
vt 0.47668 0.20456
vt 0.28213 0.22905
vt 0.95847 0.19079
vt 0.52409 0.27922
vt 0.10693 0.25015
vt 0.11530 0.24564
vt 0.52357 0.27787
vt 0.10641 0.25273
vt 0.29248 0.08643
vt 0.53291 0.28454
vt 0.60517 0.29612
vt 0.11575 0.25160
vt 0.50669 0.27797
vt 0.08953 0.26091
vt 0.30675 0.19287
vt 0.08335 0.25861
vt 0.30057 0.18862
vt 0.05471 0.12061
vt 0.38382 0.07382
vt 0.26384 0.30597
vt 0.59274 0.27019
vt 0.06787 0.02588
vt 0.59202 0.19895
vt 0.93604 0.17489
vt 0.61723 0.32530
vt 0.68311 0.25689
vt 0.14318 0.47964
vt 0.62907 0.35736
vt 0.03890 0.81017
vt 0.18448 0.47305
vt 0.49925 0.22510
vt 0.03232 0.76443
vt 0.29158 0.41432
vt 0.02174 0.79833
vt 0.01634 0.78232
vt 0.11890 0.22670
vt 0.47873 0.20161
vt 0.00883 0.78495
vt 0.11075 0.25786
vt 0.31200 0.08132
vt 0.13526 0.23290
vt 0.11281 0.26293
vt 0.58600 0.29834
vt 0.09657 0.26307
vt 0.39853 0.66941
vt 0.39111 0.07080
vt 0.85790 0.30268
vt 0.28293 0.93767
vt 0.19529 0.90413
vt 0.20156 0.90929
vt 0.12896 0.13195
vt 0.19100 0.89771
vt 0.19075 0.91037
vt 0.18443 0.91209
vt 0.18272 0.89844
vt 0.64875 0.02199
vt 0.17184 0.91098
vt 0.64795 0.02468
vt 0.17264 0.91279
vt 0.57798 0.18406
vt 0.46792 0.12939
vt 0.59131 0.34099
vt 0.08053 0.78780
vt 0.69462 0.25913
vt 0.05608 0.78184
vt 0.17125 0.47276
vt 0.02163 0.81119
vt 0.20176 0.47887
vt 0.49750 0.21882
vt 0.02604 0.76619
vt 0.02002 0.77360
vt 0.01109 0.19563
vt 0.96117 0.20230
vt 0.46180 0.19947
vt 0.25413 0.41713
vt 0.30062 0.08156
vt 0.12388 0.24374
vt 0.48638 0.28498
vt 0.28645 0.18587
vt 0.97122 0.22853
vt 0.51445 0.28745
vt 0.58672 0.29321
vt 0.50053 0.29050
vt 0.57279 0.29015
vt 0.50695 0.28957
vt 0.57922 0.29109
vt 0.86510 0.25590
vt 0.24756 0.29384
vt 0.11152 0.13151
vt 0.20844 0.90287
vt 0.09814 0.14307
vt 0.09033 0.03651
vt 0.22181 0.90540
vt 0.21014 0.88453
vt 0.81282 0.76123
vt 0.18858 0.89507
vt 0.87502 0.23998
vt 0.19075 0.92261
vt 0.65133 0.02490
vt 0.16926 0.90367
vt 0.57426 0.17801
vt 0.62114 0.05420
vt 0.56967 0.37785
vt 0.58916 0.31520
vt 0.46543 0.14390
vt 0.60537 0.35550
vt 0.12866 0.47807
vt 0.61455 0.35849
vt 0.58313 0.37555
vt 0.60262 0.31788
vt 0.60478 0.31907
vt 0.15358 0.47684
vt 0.06929 0.77509
vt 0.70586 0.25805
vt 0.68269 0.14103
vt 0.11917 0.22380
vt 0.12704 0.23046
vt 0.45764 0.19620
vt 0.00342 0.80605
vt 0.21997 0.47987
vt 0.56885 0.07604
vt 0.09780 0.27219
vt 0.39976 0.67756
vt 0.57434 0.29534
vt 0.38687 0.67241
vt 0.09293 0.04248
vt 0.22448 0.90280
vt 0.10165 0.04189
vt 0.05587 0.25439
vt 0.22360 0.89408
vt 0.79936 0.75888
vt 0.22061 0.88735
vt 0.80235 0.75671
vt 0.87116 0.24370
vt 0.19448 0.92275
vt 0.59465 0.26732
vt 0.07074 0.02314
vt 0.60437 0.33037
vt 0.16499 0.47712
vt 0.05083 0.77939
vt 0.04841 0.77486
vt 0.72674 0.25858
vt 0.03221 0.75994
vt 0.29608 0.40735
vt 0.74294 0.25093
vt 0.69161 0.14653
vt 0.30486 0.40898
vt 0.22836 0.41215
vt 0.13552 0.22661
vt 0.05687 0.43896
vt 0.00734 0.26232
vt 0.01138 0.20103
vt 0.13503 0.26130
vt 0.09156 0.42164
vt 0.43699 0.69392
vt 0.57323 0.09424
vt 0.07960 0.27400
vt 0.38156 0.68194
vt 0.96045 0.09521
vt 0.28037 0.93343
vt 0.38243 0.07479
vt 0.26286 0.30157
vt 0.28275 0.89530
vt 0.86847 0.21719
vt 0.16796 0.92867
vt 0.15633 0.90377
vt 0.61649 0.05207
vt 0.58620 0.31984
vt 0.90940 0.06230
vt 0.18063 0.47604
vt 0.01397 0.79723
vt 0.12805 0.23075
vt 0.00342 0.26170
vt 0.00746 0.20166
vt 0.95514 0.20062
vt 0.11381 0.26748
vt 0.41577 0.67884
vt 0.55402 0.28745
vt 0.36656 0.68030
vt 0.60098 0.06097
vt 0.25597 0.29777
vt 0.64938 0.40783
vt 0.27748 0.94667
vt 0.86077 0.07284
vt 0.27483 0.92455
vt 0.20467 0.92231
vt 0.81650 0.75183
vt 0.73779 0.03764
vt 0.86503 0.22995
vt 0.18073 0.93188
vt 0.59272 0.33017
vt 0.58766 0.32569
vt 0.59480 0.33990
vt 0.57355 0.37290
vt 0.59304 0.31994
vt 0.21970 0.04277
vt 0.30505 0.40331
vt 0.69005 0.14461
vt 0.12500 0.22021
vt 0.30681 0.41054
vt 0.13779 0.22128
vt 0.31960 0.40518
vt 0.05153 0.42833
vt 0.23407 0.40883
vt 0.94784 0.19593
vt 0.45166 0.19499
vt 0.22118 0.48991
vt 0.24399 0.40239
vt 0.48937 0.29433
vt 0.56163 0.28633
vt 0.59755 0.06839
vt 0.25663 0.29434
vt 0.03955 0.24831
vt 0.22752 0.91041
vt 0.05093 0.23854
vt 0.79267 0.74302
vt 0.22603 0.91269
vt 0.22283 0.92568
vt 0.81268 0.74459
vt 0.89239 0.08063
vt 0.86093 0.24854
vt 0.19931 0.92707
vt 0.83643 0.82267
vt 0.18612 0.88185
vt 0.83684 0.75192
vt 0.86834 0.22341
vt 0.17419 0.93060
vt 0.86331 0.22590
vt 0.86857 0.20453
vt 0.15531 0.93259
vt 0.17917 0.89035
vt 0.16085 0.92511
vt 0.14459 0.92493
vt 0.70594 0.25178
vt 0.15631 0.49074
vt 0.64220 0.35618
vt 0.17487 0.48080
vt 0.22741 0.39402
vt 0.94172 0.20094
vt 0.13691 0.23551
vt 0.06577 0.43147
vt 0.46452 0.19741
vt 0.00463 0.79916
vt 0.27748 0.17283
vt 0.29432 0.23293
vt 0.27967 0.17242
vt 0.46826 0.29834
vt 0.54053 0.28232
vt 0.81822 0.03564
vt 0.97068 0.24665
vt 0.35306 0.68543
vt 0.59702 0.04293
vt 0.97498 0.24964
vt 0.36619 0.68305
vt 0.59224 0.06023
vt 0.25999 0.28902
vt 0.63731 0.41353
vt 0.26351 0.94326
vt 0.89527 0.09198
vt 0.70851 0.40617
vt 0.21834 0.93841
vt 0.22146 0.93107
vt 0.89472 0.08485
vt 0.20245 0.93129
vt 0.74895 0.04541
vt 0.85170 0.24111
vt 0.74192 0.04116
vt 0.86178 0.23408
vt 0.14393 0.92670
vt 0.14634 0.93114
vt 0.62456 0.35146
vt 0.62329 0.32734
vt 0.72633 0.25322
vt 0.73008 0.25235
vt 0.90322 0.06396
vt 0.18243 0.48222
vt 0.21228 0.48337
vt 0.81538 0.02964
vt 0.97058 0.24949
vt 0.62646 0.41433
vt 0.87021 0.31288
vt 0.86328 0.07607
vt 0.27141 0.28918
vt 0.27420 0.92204
vt 0.27030 0.28956
vt 0.27531 0.91579
vt 0.02391 0.24311
vt 0.23164 0.92604
vt 0.03470 0.24492
vt 0.23151 0.91525
vt 0.89148 0.09786
vt 0.71208 0.40997
vt 0.85795 0.21999
vt 0.85545 0.21487
vt 0.16565 0.94421
vt 0.15064 0.89410
vt 0.87232 0.74271
vt 0.85557 0.20643
vt 0.15721 0.94467
vt 0.14669 0.90646
vt 0.14169 0.91521
vt 0.13416 0.93540
vt 0.62230 0.34281
vt 0.14862 0.48510
vt 0.63451 0.35831
vt 0.28514 0.23217
vt 0.27686 0.23624
vt 0.26221 0.16911
vt 0.98513 0.25277
vt 0.95128 0.19052
vt 0.65479 0.10362
vt 0.57669 0.08603
vt 0.08781 0.27792
vt 0.38976 0.68540
vt 0.08450 0.28076
vt 0.53507 0.05029
vt 0.38646 0.69154
vt 0.85340 0.07517
vt 0.27170 0.93192
vt 0.85990 0.22905
vt 0.17275 0.88291
vt 0.85021 0.74211
vt 0.13571 0.91708
vt 0.22705 0.03564
vt 0.13220 0.92476
vt 0.38262 0.05420
vt 0.13118 0.94503
vt 0.11552 0.91871
vt 0.16578 0.49086
vt 0.65167 0.35659
vt 0.89404 0.06180
vt 0.18397 0.49140
vt 0.20316 0.49587
vt 0.01578 0.91287
vt 0.21765 0.49739
vt 0.24362 0.39491
vt 0.28556 0.23758
vt 0.27091 0.16776
vt 0.58447 0.05322
vt 0.98226 0.26219
vt 0.27228 0.16946
vt 0.39335 0.69045
vt 0.87125 0.26813
vt 0.59013 0.07568
vt 0.25234 0.28692
vt 0.02952 0.22894
vt 0.01527 0.23756
vt 0.23510 0.93468
vt 0.23121 0.94568
vt 0.18571 0.87627
vt 0.83724 0.73331
vt 0.13823 0.89963
vt 0.12982 0.94230
vt 0.12617 0.94401
vt 0.63575 0.31521
vt 0.70163 0.24189
vt 0.72451 0.24780
vt 0.72633 0.24987
vt 0.05811 0.02732
vt 0.20752 0.04932
vt 0.29834 0.39676
vt 0.73538 0.24035
vt 0.54270 0.05862
vt 0.71826 0.04932
vt 0.06066 0.42001
vt 0.59222 0.04984
vt 0.97790 0.25445
vt 0.38124 0.68755
vt 0.27277 0.28708
vt 0.27284 0.92144
vt 0.84326 0.08694
vt 0.29110 0.27831
vt 0.25451 0.94206
vt 0.01486 0.23368
vt 0.23948 0.93509
vt 0.70421 0.41464
vt 0.22264 0.94739
vt 0.81430 0.73001
vt 0.87377 0.09282
vt 0.72629 0.42768
vt 0.21420 0.40478
vt 0.88239 0.10170
vt 0.72109 0.41906
vt 0.85039 0.23228
vt 0.64621 0.33317
vt 0.05863 0.89819
vt 0.06075 0.03467
vt 0.20753 0.04197
vt 0.63785 0.19287
vt 0.21068 0.04515
vt 0.30277 0.40093
vt 0.64101 0.18969
vt 0.31346 0.39343
vt 0.79913 0.19727
vt 0.07394 0.42635
vt 0.97228 0.25119
vt 0.80908 0.02817
vt 0.97021 0.25579
vt 0.34392 0.69291
vt 0.52295 0.04297
vt 0.37742 0.70365
vt 0.87838 0.27579
vt 0.24916 0.28056
vt 0.63531 0.41766
vt 0.85869 0.08039
vt 0.27792 0.28487
vt 0.66877 0.41830
vt 0.25809 0.94739
vt 0.23416 0.94039
vt 0.70174 0.41858
vt 0.22511 0.94945
vt 0.22927 0.03426
vt 0.12999 0.92320
vt 0.23771 0.03530
vt 0.12155 0.91444
vt 0.63357 0.34553
vt 0.63921 0.35161
vt 0.71042 0.24177
vt 0.73055 0.24313
vt 0.05949 0.02839
vt 0.53876 0.05754
vt 0.63391 0.18660
vt 0.31900 0.39970
vt 0.04982 0.42285
vt 0.27830 0.24268
vt 0.26366 0.16267
vt 0.94484 0.18900
vt 0.66122 0.10217
vt 0.98153 0.26476
vt 0.64300 0.42380
vt 0.70493 0.41925
vt 0.71268 0.42502
vt 0.84646 0.24771
vt 0.85090 0.83216
vt 0.85104 0.20631
vt 0.15709 0.94741
vt 0.36963 0.04945
vt 0.85222 0.03760
vt 0.84696 0.19340
vt 0.14417 0.95264
vt 0.12918 0.94765
vt 0.12790 0.94725
vt 0.11542 0.92804
vt 0.16948 0.50244
vt 0.65537 0.34511
vt 0.04947 0.91013
vt 0.05417 0.41975
vt 0.98500 0.26559
vt 0.66534 0.11645
vt 0.45361 0.08811
vt 0.48291 0.09495
vt 0.09544 0.41606
vt 0.43701 0.69950
vt 0.35460 0.69605
vt 0.35675 0.70360
vt 0.58447 0.06921
vt 0.25891 0.28126
vt 0.85475 0.08250
vt 0.24386 0.95098
vt 0.69014 0.42249
vt 0.23672 0.95201
vt 0.06219 0.22811
vt 0.80413 0.73260
vt 0.87158 0.08838
vt 0.21470 0.40034
vt 0.85723 0.83041
vt 0.84874 0.22167
vt 0.20045 0.08643
vt 0.17751 0.87344
vt 0.08545 0.02457
vt 0.16580 0.87924
vt 0.85715 0.73543
vt 0.09301 0.02726
vt 0.23503 0.05799
vt 0.16328 0.87168
vt 0.79932 0.06069
vt 0.84229 0.03752
vt 0.15411 0.95736
vt 0.81442 0.06096
vt 0.13901 0.96705
vt 0.37435 0.05247
vt 0.13945 0.94971
vt 0.12493 0.91065
vt 0.12049 0.90191
vt 0.09506 0.92110
vt 0.72738 0.23561
vt 0.04333 0.86258
vt 0.18402 0.49951
vt 0.03492 0.91184
vt 0.64773 0.18500
vt 0.31029 0.39527
vt 0.65027 0.18403
vt 0.07448 0.40964
vt 0.97882 0.26537
vt 0.75845 0.67857
vt 0.52781 0.04627
vt 0.38105 0.69879
vt 0.62782 0.42620
vt 0.88208 0.31303
vt 0.11572 0.40311
vt 0.27061 0.27876
vt 0.83438 0.72258
vt 0.87664 0.10303
vt 0.71529 0.42480
vt 0.18358 0.86636
vt 0.83937 0.73306
vt 0.19416 0.07567
vt 0.17420 0.86268
vt 0.84875 0.73610
vt 0.84626 0.21025
vt 0.13923 0.89371
vt 0.88372 0.73402
vt 0.10495 0.90351
vt 0.65674 0.30555
vt 0.72262 0.23385
vt 0.04809 0.87057
vt 0.73591 0.23423
vt 0.72438 0.04895
vt 0.03480 0.85427
vt 0.31834 0.39354
vt 0.99277 0.04258
vt 0.34912 0.03791
vt 0.90088 0.04189
vt 0.78579 0.19716
vt 0.03989 0.41670
vt 0.10160 0.02854
vt 0.19229 0.01987
vt 0.43311 0.02475
vt 0.77292 0.20112
vt 0.69873 0.02540
vt 0.05510 0.41416
vt 0.31344 0.38984
vt 0.79183 0.20087
vt 0.64634 0.17860
vt 0.21553 0.50015
vt 0.24152 0.39215
vt 0.00342 0.91146
vt 0.47577 0.09521
vt 0.50506 0.08784
vt 0.33643 0.10205
vt 0.42053 0.70661
vt 0.56282 0.32543
vt 0.40362 0.70690
vt 0.42568 0.02532
vt 0.88875 0.28369
vt 0.25168 0.27019
vt 0.12083 0.37377
vt 0.65397 0.42586
vt 0.26785 0.27875
vt 0.85167 0.09229
vt 0.28726 0.27297
vt 0.00457 0.23025
vt 0.29905 0.27910
vt 0.24657 0.94538
vt 0.01355 0.22618
vt 0.22264 0.06885
vt 0.70054 0.43005
vt 0.62236 0.13003
vt 0.80194 0.06592
vt 0.84491 0.03229
vt 0.84165 0.20071
vt 0.15149 0.95893
vt 0.12525 0.89944
vt 0.10605 0.94092
vt 0.03330 0.33679
vt 0.07387 0.91724
vt 0.07820 0.91926
vt 0.03853 0.33742
vt 0.07875 0.91200
vt 0.64525 0.32192
vt 0.05959 0.88694
vt 0.99268 0.05396
vt 0.36050 0.04089
vt 0.10010 0.02881
vt 0.77442 0.19706
vt 0.99591 0.05420
vt 0.10034 0.02642
vt 0.91249 0.04248
vt 0.77418 0.20030
vt 0.02827 0.41356
vt 0.35903 0.04248
vt 0.18799 0.02173
vt 0.77588 0.19681
vt 0.53812 0.06277
vt 0.72242 0.04538
vt 0.02173 0.91535
vt 0.01542 0.91531
vt 0.22633 0.38676
vt 0.11076 0.07075
vt 0.00342 0.04639
vt 0.80322 0.04297
vt 0.28766 0.15050
vt 0.01203 0.92665
vt 0.22217 0.38833
vt 0.09651 0.07491
vt 0.93604 0.19367
vt 0.67003 0.10825
vt 0.09815 0.07940
vt 0.01603 0.04200
vt 0.81584 0.04736
vt 0.27902 0.15489
vt 0.74734 0.67803
vt 0.94120 0.19674
vt 0.67101 0.11118
vt 0.46388 0.08784
vt 0.49318 0.09521
vt 0.67499 0.42816
vt 0.68401 0.42671
vt 0.24284 0.95850
vt 0.68744 0.42662
vt 0.70574 0.42629
vt 0.63044 0.12627
vt 0.83559 0.22887
vt 0.18115 0.07413
vt 0.24556 0.06885
vt 0.66418 0.07373
vt 0.29992 0.06451
vt 0.17413 0.86115
vt 0.84883 0.72309
vt 0.84372 0.21156
vt 0.16234 0.95396
vt 0.87494 0.72709
vt 0.13780 0.89084
vt 0.88516 0.73621
vt 0.12390 0.96658
vt 0.12539 0.89444
vt 0.89756 0.73258
vt 0.09029 0.92963
vt 0.70361 0.07277
vt 0.09030 0.94436
vt 0.09696 0.90334
vt 0.04820 0.33858
vt 0.08282 0.90234
vt 0.08369 0.93385
vt 0.03042 0.34111
vt 0.00347 0.34474
vt 0.06974 0.94707
vt 0.08095 0.88984
vt 0.06508 0.34004
vt 0.07144 0.88546
vt 0.90915 0.03974
vt 0.77752 0.20414
vt 0.03162 0.40972
vt 0.05182 0.92638
vt 0.27469 0.15576
vt 0.73814 0.67715
vt 0.73239 0.68592
vt 0.01096 0.04544
vt 0.81076 0.04392
vt 0.08767 0.40703
vt 0.91764 0.58096
vt 0.97926 0.26822
vt 0.74350 0.02953
vt 0.75800 0.68158
vt 0.42075 0.03076
vt 0.88791 0.28863
vt 0.88509 0.30415
vt 0.12375 0.39423
vt 0.63516 0.42605
vt 0.12306 0.40588
vt 0.26603 0.27193
vt 0.27167 0.27602
vt 0.01137 0.22039
vt 0.29728 0.26924
vt 0.71568 0.42883
vt 0.84243 0.23567
vt 0.85493 0.84392
vt 0.86939 0.72902
vt 0.88636 0.72717
vt 0.11306 0.89393
vt 0.90990 0.72667
vt 0.08654 0.93477
vt 0.08312 0.87354
vt 0.08220 0.34529
vt 0.07590 0.86834
vt 0.19390 0.02490
vt 0.44003 0.02979
vt 0.76600 0.20273
vt 0.91650 0.05551
vt 0.08254 0.05356
vt 0.52783 0.07080
vt 0.73045 0.04332
vt 0.62297 0.17334
vt 0.05020 0.84864
vt 0.04713 0.40373
vt 0.03278 0.94126
vt 0.26198 0.15431
vt 0.73556 0.67860
vt 0.98345 0.27073
vt 0.67022 0.12158
vt 0.75382 0.68103
vt 0.24013 0.22036
vt 0.89844 0.55394
vt 0.25026 0.22271
vt 0.88831 0.55477
vt 0.24022 0.22629
vt 0.65653 0.43267
vt 0.14443 0.42220
vt 0.03592 0.22452
vt 0.84085 0.72952
vt 0.08796 0.02881
vt 0.22998 0.06022
vt 0.64860 0.06564
vt 0.85745 0.73119
vt 0.14684 0.97065
vt 0.06297 0.05383
vt 0.09696 0.95500
vt 0.04637 0.34747
vt 0.07535 0.90417
vt 0.02311 0.34595
vt 0.07247 0.92743
vt 0.04950 0.93139
vt 0.43938 0.02621
vt 0.76665 0.20410
vt 0.91788 0.05193
vt 0.70500 0.02686
vt 0.08116 0.04998
vt 0.34424 0.03076
vt 0.02074 0.40976
vt 0.04805 0.85419
vt 0.03654 0.92745
vt 0.26621 0.14828
vt 0.72716 0.68464
vt 0.00902 0.04601
vt 0.80883 0.04335
vt 0.09131 0.08643
vt 0.68045 0.11976
vt 0.99619 0.09033
vt 0.75418 0.69127
vt 0.74344 0.03076
vt 0.75677 0.68198
vt 0.35940 0.07882
vt 0.09462 0.41011
vt 0.44376 0.70546
vt 0.23451 0.22599
vt 0.90406 0.55225
vt 0.34302 0.09248
vt 0.43010 0.70360
vt 0.26918 0.22124
vt 0.86939 0.55455
vt 0.46838 0.70330
vt 0.87623 0.55251
vt 0.86550 0.54815
vt 0.47479 0.70387
vt 0.86182 0.54425
vt 0.47868 0.71190
vt 0.27904 0.27187
vt 0.02033 0.21887
vt 0.20934 0.05627
vt 0.68797 0.43522
vt 0.21099 0.05904
vt 0.69074 0.43347
vt 0.04252 0.21479
vt 0.19613 0.37295
vt 0.05764 0.21971
vt 0.20426 0.35784
vt 0.81245 0.72419
vt 0.86187 0.78791
vt 0.70932 0.43877
vt 0.62929 0.13875
vt 0.19723 0.41368
vt 0.64795 0.07230
vt 0.28369 0.07373
vt 0.83961 0.72453
vt 0.29639 0.07081
vt 0.84252 0.72140
vt 0.04834 0.05329
vt 0.41030 0.07771
vt 0.10889 0.96963
vt 0.11125 0.88874
vt 0.91171 0.72325
vt 0.70956 0.08647
vt 0.08699 0.95805
vt 0.82706 0.03564
vt 0.14014 0.03723
vt 0.09080 0.87054
vt 0.07782 0.35205
vt 0.06006 0.07512
vt 0.07308 0.87271
vt 0.06502 0.06516
vt 0.06836 0.86775
vt 0.07300 0.86215
vt 0.01438 0.34847
vt 0.06860 0.93615
vt 0.91851 0.04941
vt 0.70608 0.02433
vt 0.08053 0.04745
vt 0.34487 0.02823
vt 0.01966 0.40913
vt 0.76183 0.21544
vt 0.92922 0.05615
vt 0.06982 0.05420
vt 0.61634 0.16403
vt 0.27776 0.14495
vt 0.01470 0.93655
vt 0.06851 0.40893
vt 0.98015 0.27686
vt 0.73486 0.03042
vt 0.75712 0.68848
vt 0.32285 0.71171
vt 0.35378 0.71073
vt 0.71305 0.10791
vt 0.29801 0.10300
vt 0.42292 0.71034
vt 0.51834 0.32158
vt 0.35914 0.71718
vt 0.41748 0.02882
vt 0.88746 0.29189
vt 0.21667 0.06695
vt 0.69864 0.43081
vt 0.61639 0.13078
vt 0.62199 0.13331
vt 0.19005 0.41065
vt 0.18208 0.97575
vt 0.09814 0.10725
vt 0.48066 0.14990
vt 0.16017 0.96747
vt 0.17575 0.98771
vt 0.10667 0.11921
vt 0.57100 0.69928
vt 0.83782 0.21470
vt 0.16547 0.96065
vt 0.15657 0.96761
vt 0.29662 0.03760
vt 0.87602 0.72485
vt 0.39111 0.08130
vt 0.12807 0.97611
vt 0.09129 0.87928
vt 0.70911 0.07926
vt 0.08873 0.95085
vt 0.07647 0.96993
vt 0.06928 0.89569
vt 0.78208 0.03188
vt 0.05602 0.93994
vt 0.78558 0.03311
vt 0.05312 0.93644
vt 0.00342 0.35059
vt 0.77490 0.03760
vt 0.06462 0.94712
vt 0.03918 0.93884
vt 0.03520 0.94224
vt 0.03785 0.40291
vt 0.05446 0.39880
vt 0.09877 0.40708
vt 0.90654 0.58645
vt 0.43649 0.70849
vt 0.55680 0.33154
vt 0.39760 0.71162
vt 0.52358 0.32322
vt 0.36438 0.71626
vt 0.13448 0.40280
vt 0.68805 0.44873
vt 0.59912 0.14871
vt 0.51221 0.09521
vt 0.17595 0.44385
vt 0.20752 0.05743
vt 0.68913 0.43322
vt 0.69258 0.43514
vt 0.60909 0.13512
vt 0.20455 0.36917
vt 0.86195 0.79925
vt 0.89049 0.84812
vt 0.09648 0.86973
vt 0.55945 0.07786
vt 0.09686 0.87775
vt 0.82568 0.03113
vt 0.09217 0.86602
vt 0.21524 0.21338
vt 0.83495 0.02841
vt 0.14737 0.03344
vt 0.08291 0.86331
vt 0.20752 0.21067
vt 0.94005 0.72625
vt 0.06296 0.96639
vt 0.68379 0.69276
vt 0.06187 0.35108
vt 0.07698 0.88867
vt 0.07731 0.07666
vt 0.06449 0.85546
vt 0.05877 0.96018
vt 0.68798 0.69633
vt 0.75340 0.21054
vt 0.60791 0.16893
vt 0.06526 0.84917
vt 0.05821 0.87257
vt 0.35237 0.02424
vt 0.02224 0.40163
vt 0.31872 0.02490
vt 0.98877 0.07460
vt 0.73845 0.69460
vt 0.07340 0.39970
vt 0.93192 0.57140
vt 0.56495 0.06530
vt 0.33193 0.71298
vt 0.87727 0.59900
vt 0.42394 0.72739
vt 0.88067 0.59141
vt 0.48602 0.18799
vt 0.43153 0.71846
vt 0.23461 0.24082
vt 0.90396 0.55779
vt 0.95850 0.13818
vt 0.22885 0.22571
vt 0.90972 0.55000
vt 0.98731 0.13087
vt 0.88091 0.53567
vt 0.26172 0.23704
vt 0.46556 0.71910
vt 0.87043 0.53365
vt 0.48929 0.71100
vt 0.49527 0.71360
vt 0.89359 0.30241
vt 0.12233 0.39248
vt 0.27093 0.26226
vt 0.14007 0.39661
vt 0.00342 0.20862
vt 0.30352 0.25747
vt 0.17266 0.41206
vt 0.21229 0.39846
vt 0.86239 0.82853
vt 0.83025 0.23468
vt 0.86711 0.84791
vt 0.85608 0.71923
vt 0.83178 0.21479
vt 0.16557 0.96775
vt 0.49717 0.14910
vt 0.15572 0.98151
vt 0.59103 0.69031
vt 0.28662 0.03082
vt 0.64795 0.09323
vt 0.88280 0.71486
vt 0.11154 0.89242
vt 0.91142 0.72116
vt 0.10287 0.87662
vt 0.54053 0.07877
vt 0.11578 0.87977
vt 0.04890 0.05811
vt 0.41009 0.08252
vt 0.10910 0.96908
vt 0.55363 0.08252
vt 0.93213 0.09521
vt 0.10268 0.87352
vt 0.71190 0.09131
vt 0.08560 0.96289
vt 0.21016 0.20457
vt 0.93652 0.72360
vt 0.75049 0.21657
vt 0.83113 0.08154
vt 0.00458 0.39730
vt 0.47207 0.05411
vt 0.03176 0.94805
vt 0.22194 0.23208
vt 0.91663 0.54837
vt 0.92171 0.53772
vt 0.68799 0.09909
vt 0.27295 0.11182
vt 0.39786 0.71570
vt 0.69900 0.10334
vt 0.28396 0.10757
vt 0.53564 0.33056
vt 0.37644 0.71490
vt 0.26512 0.10279
vt 0.87627 0.53107
vt 0.87281 0.52825
vt 0.49469 0.71185
vt 0.13637 0.39990
vt 0.66672 0.44464
vt 0.53353 0.07888
vt 0.15463 0.42751
vt 0.29843 0.26588
vt 0.19412 0.41297
vt 0.20101 0.37296
vt 0.20795 0.38062
vt 0.86908 0.81069
vt 0.10219 0.10667
vt 0.48312 0.14585
vt 0.83099 0.22658
vt 0.86637 0.85251
vt 0.16831 0.96854
vt 0.49443 0.14948
vt 0.28998 0.03099
vt 0.88263 0.71822
vt 0.88319 0.71128
vt 0.11104 0.97582
vt 0.63572 0.69449
vt 0.15044 0.04150
vt 0.08288 0.86024
vt 0.94008 0.71819
vt 0.02622 0.39702
vt 0.03799 0.95155
vt 0.04156 0.39588
vt 0.94811 0.54617
vt 0.95885 0.53166
vt 0.39600 0.48684
vt 0.65874 0.17236
vt 0.94152 0.52999
vt 0.39607 0.46951
vt 0.93597 0.53908
vt 0.93367 0.54614
vt 0.75619 0.69756
vt 0.32080 0.72079
vt 0.88982 0.57350
vt 0.92361 0.56812
vt 0.89208 0.57949
vt 0.91314 0.56770
vt 0.97528 0.12762
vt 0.89294 0.54350
vt 0.41593 0.71706
vt 0.23975 0.10672
vt 0.90164 0.51917
vt 0.50377 0.71846
vt 0.88006 0.52417
vt 0.49877 0.71495
vt 0.87583 0.80466
vt 0.93797 0.71426
vt 0.96512 0.53588
vt 0.40019 0.49311
vt 0.75330 0.23955
vt 0.40665 0.49532
vt 0.40276 0.48168
vt 0.20981 0.17555
vt 0.01964 0.94992
vt 0.26670 0.13765
vt 0.01402 0.94761
vt 0.25523 0.13040
vt 0.73313 0.70251
vt 0.32071 0.02114
vt 0.99253 0.07659
vt 0.74044 0.69519
vt 0.31689 0.02142
vt 0.99225 0.07278
vt 0.72314 0.19209
vt 0.93252 0.56259
vt 0.67338 0.17152
vt 0.93298 0.51535
vt 0.66941 0.16896
vt 0.72687 0.18315
vt 0.92357 0.56249
vt 0.38588 0.71653
vt 0.29312 0.25362
vt 0.16226 0.41485
vt 0.61969 0.14990
vt 0.17884 0.42327
vt 0.03267 0.21065
vt 0.19120 0.38280
vt 0.49533 0.12336
vt 0.89132 0.88074
vt 0.82350 0.22227
vt 0.22686 0.09374
vt 0.87386 0.86104
vt 0.08403 0.96688
vt 0.66273 0.69891
vt 0.01959 0.39308
vt 0.47025 0.05995
vt 0.03760 0.95359
vt 0.97114 0.53746
vt 0.75049 0.24128
vt 0.40384 0.49913
vt 0.97089 0.54297
vt 0.75087 0.24679
vt 0.96403 0.55473
vt 0.97252 0.55005
vt 0.75976 0.25387
vt 0.05076 0.39283
vt 0.95456 0.57652
vt 0.65771 0.16056
vt 0.53312 0.46068
vt 0.40787 0.47047
vt 0.67562 0.16042
vt 0.17139 0.12114
vt 0.55103 0.47508
vt 0.68127 0.16218
vt 0.21240 0.23824
vt 0.92617 0.54972
vt 0.92498 0.52400
vt 0.69207 0.16770
vt 0.18064 0.12842
vt 0.91883 0.49666
vt 0.69687 0.16070
vt 0.18641 0.12141
vt 0.69406 0.16644
vt 0.18297 0.12715
vt 0.49854 0.03867
vt 0.91395 0.53324
vt 0.12549 0.09424
vt 0.91380 0.51851
vt 0.90722 0.50637
vt 0.77455 0.11768
vt 0.91312 0.53972
vt 0.76611 0.09370
vt 0.88914 0.53509
vt 0.25420 0.10693
vt 0.88719 0.52405
vt 0.50304 0.72859
vt 0.88261 0.54316
vt 0.47977 0.73328
vt 0.52636 0.08788
vt 0.16180 0.43652
vt 0.62152 0.14853
vt 0.18277 0.42145
vt 0.19174 0.38895
vt 0.21273 0.39128
vt 0.87202 0.82135
vt 0.21022 0.38845
vt 0.86900 0.81852
vt 0.86608 0.70513
vt 0.59125 0.70679
vt 0.65516 0.09049
vt 0.64865 0.08128
vt 0.87763 0.71416
vt 0.13421 0.98242
vt 0.61255 0.69384
vt 0.11873 0.99658
vt 0.62803 0.70951
vt 0.11637 0.87061
vt 0.90659 0.70343
vt 0.22729 0.20263
vt 0.26925 0.02365
vt 0.97374 0.03467
vt 0.85570 0.04567
vt 0.23030 0.19786
vt 0.08564 0.84670
vt 0.82178 0.10282
vt 0.93732 0.70530
vt 0.08046 0.84814
vt 0.94250 0.70667
vt 0.75854 0.22226
vt 0.61304 0.15721
vt 0.80740 0.09361
vt 0.11794 0.09912
vt 0.83688 0.17854
vt 0.38620 0.19143
vt 0.68801 0.70170
vt 0.46338 0.06787
vt 0.18394 0.18024
vt 0.04552 0.96103
vt 0.03033 0.39277
vt 0.19544 0.17718
vt 0.03402 0.95591
vt 0.86879 0.02923
vt 0.02671 0.39085
vt 0.72996 0.19957
vt 0.94000 0.56618
vt 0.21509 0.18059
vt 0.26213 0.13130
vt 0.01437 0.95218
vt 0.19308 0.12285
vt 0.90640 0.49861
vt 0.18595 0.12584
vt 0.91353 0.49185
vt 0.50941 0.03570
vt 0.90307 0.51795
vt 0.14137 0.08933
vt 0.89791 0.51140
vt 0.16650 0.06689
vt 0.88654 0.56735
vt 0.51392 0.32770
vt 0.35472 0.72232
vt 0.37334 0.73134
vt 0.97244 0.38115
vt 0.36635 0.72198
vt 0.18762 0.40647
vt 0.19716 0.39409
vt 0.87895 0.82358
vt 0.87710 0.83446
vt 0.82945 0.70874
vt 0.87732 0.78470
vt 0.49955 0.14196
vt 0.11566 0.88548
vt 0.90729 0.71184
vt 0.07998 0.97645
vt 0.66678 0.70661
vt 0.27397 0.02490
vt 0.23155 0.19343
vt 0.93359 0.70221
vt 0.08110 0.97282
vt 0.66565 0.70334
vt 0.07646 0.97213
vt 0.67030 0.70268
vt 0.75092 0.22316
vt 0.82764 0.07495
vt 0.79978 0.09451
vt 0.11032 0.09821
vt 0.75206 0.23193
vt 0.83634 0.06618
vt 0.00616 0.38193
vt 0.20481 0.18506
vt 0.25439 0.12683
vt 0.02465 0.95991
vt 0.72211 0.70608
vt 0.73981 0.22607
vt 0.96650 0.56567
vt 0.29541 0.11930
vt 0.75304 0.69901
vt 0.32598 0.72224
vt 0.55029 0.06885
vt 0.76254 0.70440
vt 0.32824 0.72763
vt 0.55503 0.06063
vt 0.78369 0.04869
vt 0.32913 0.72289
vt 0.19370 0.12374
vt 0.90578 0.49911
vt 0.50200 0.04541
vt 0.91049 0.52645
vt 0.77762 0.09906
vt 0.89450 0.53643
vt 0.89933 0.52566
vt 0.49790 0.31587
vt 0.33870 0.72939
vt 0.89009 0.81363
vt 0.88155 0.79612
vt 0.65883 0.09427
vt 0.87686 0.70398
vt 0.67078 0.70698
vt 0.78467 0.09912
vt 0.09521 0.09361
vt 0.82749 0.10232
vt 0.94010 0.70580
vt 0.76369 0.22500
vt 0.85986 0.03122
vt 0.01778 0.38886
vt 0.05498 0.83723
vt 0.96798 0.70857
vt 0.17432 0.18039
vt 0.05514 0.96253
vt 0.05721 0.96428
vt 0.68955 0.70087
vt 0.03026 0.38899
vt 0.03502 0.38723
vt 0.97029 0.57741
vt 0.34132 0.05811
vt 0.97756 0.57507
vt 0.33406 0.04749
vt 0.96349 0.56948
vt 0.21431 0.18305
vt 0.26088 0.12884
vt 0.52132 0.45491
vt 0.41390 0.47624
vt 0.54907 0.46288
vt 0.55463 0.46304
vt 0.33019 0.02204
vt 0.74794 0.70585
vt 0.76166 0.70650
vt 0.32242 0.72973
vt 0.48850 0.30530
vt 0.79576 0.04480
vt 0.77464 0.71173
vt 0.32930 0.73496
vt 0.33642 0.72755
vt 0.19875 0.11936
vt 0.90072 0.49681
vt 0.56733 0.50244
vt 0.61081 0.22034
vt 0.89973 0.56295
vt 0.14696 0.08585
vt 0.89233 0.50944
vt 0.89749 0.49902
vt 0.52392 0.72932
vt 0.89584 0.52537
vt 0.89243 0.51573
vt 0.50721 0.72538
vt 0.24329 0.24658
vt 0.89528 0.55711
vt 0.46582 0.72864
vt 0.39441 0.73554
vt 0.81787 0.20845
vt 0.50352 0.13519
vt 0.87949 0.87317
vt 0.18652 0.18197
vt 0.04294 0.96090
vt 0.66553 0.03662
vt 0.55926 0.45582
vt 0.55136 0.45749
vt 0.19232 0.11440
vt 0.56532 0.49601
vt 0.38133 0.34717
vt 0.82943 0.35533
vt 0.90343 0.53414
vt 0.57726 0.48596
vt 0.61104 0.23682
vt 0.82471 0.34339
vt 0.57453 0.49652
vt 0.60986 0.22626
vt 0.49702 0.31091
vt 0.33782 0.73115
vt 0.18133 0.06135
vt 0.88100 0.56373
vt 0.06556 0.08744
vt 0.45921 0.73765
vt 0.96898 0.38413
vt 0.36305 0.72543
vt 0.17047 0.06294
vt 0.88259 0.56309
vt 0.06396 0.08680
vt 0.17247 0.43181
vt 0.88317 0.80518
vt 0.88522 0.83069
vt 0.11493 0.11780
vt 0.22004 0.09383
vt 0.88069 0.85804
vt 0.59999 0.70956
vt 0.95324 0.08317
vt 0.09560 0.86148
vt 0.23616 0.20883
vt 0.92736 0.69761
vt 0.94354 0.08440
vt 0.09899 0.86271
vt 0.95990 0.70612
vt 0.36924 0.20361
vt 0.69313 0.71866
vt 0.76636 0.22943
vt 0.86254 0.03564
vt 0.02046 0.38443
vt 0.31104 0.27499
vt 0.97065 0.70414
vt 0.76579 0.24627
vt 0.41913 0.51087
vt 0.53623 0.44865
vt 0.55489 0.44868
vt 0.67613 0.03514
vt 0.56986 0.45954
vt 0.66704 0.03310
vt 0.56077 0.45843
vt 0.57074 0.48240
vt 0.44574 0.04003
vt 0.58111 0.46949
vt 0.56190 0.47762
vt 0.32764 0.02395
vt 0.75050 0.70347
vt 0.78836 0.05322
vt 0.76622 0.70433
vt 0.32326 0.72756
vt 0.96271 0.38919
vt 0.35845 0.73170
vt 0.96728 0.38077
vt 0.95077 0.37280
vt 0.35356 0.74364
vt 0.86417 0.58945
vt 0.46545 0.17149
vt 0.43349 0.73903
vt 0.40330 0.73092
vt 0.11499 0.12294
vt 0.55615 0.70761
vt 0.43334 0.07471
vt 0.36768 0.03775
vt 0.40967 0.04241
vt 0.57744 0.71766
vt 0.11685 0.11500
vt 0.47510 0.13120
vt 0.07778 0.97981
vt 0.66898 0.71424
vt 0.82833 0.17645
vt 0.69386 0.71025
vt 0.51718 0.43858
vt 0.28200 0.51346
vt 0.42592 0.49258
vt 0.56155 0.44724
vt 0.57211 0.45426
vt 0.58979 0.45274
vt 0.33125 0.02490
vt 0.74689 0.70709
vt 0.58921 0.49224
vt 0.37756 0.33915
vt 0.37549 0.02409
vt 0.59043 0.47780
vt 0.36312 0.34458
vt 0.62480 0.22234
vt 0.83846 0.33870
vt 0.61736 0.22229
vt 0.89593 0.49393
vt 0.61539 0.21555
vt 0.52901 0.73038
vt 0.88063 0.51626
vt 0.50668 0.73155
vt 0.84337 0.69380
vt 0.89226 0.79051
vt 0.83849 0.70336
vt 0.12496 0.12451
vt 0.47757 0.12309
vt 0.41748 0.06477
vt 0.56158 0.71757
vt 0.88838 0.87470
vt 0.66370 0.08363
vt 0.87236 0.69911
vt 0.66167 0.09445
vt 0.87717 0.70113
vt 0.61418 0.71286
vt 0.89340 0.69781
vt 0.10915 0.86466
vt 0.91380 0.70279
vt 0.07782 0.98481
vt 0.89323 0.02457
vt 0.66894 0.72039
vt 0.95273 0.70034
vt 0.01934 0.37710
vt 0.98597 0.57618
vt 0.98300 0.57273
vt 0.32861 0.04564
vt 0.54051 0.44450
vt 0.72334 0.71795
vt 0.58559 0.46658
vt 0.35189 0.34326
vt 0.75155 0.70987
vt 0.75883 0.70792
vt 0.38733 0.34351
vt 0.83309 0.35100
vt 0.88433 0.55499
vt 0.46795 0.73338
vt 0.37862 0.74134
vt 0.87099 0.59912
vt 0.42382 0.73372
vt 0.42317 0.74572
vt 0.40402 0.76321
vt 0.20361 0.09814
vt 0.89711 0.85084
vt 0.50726 0.12634
vt 0.88834 0.87770
vt 0.40779 0.08973
vt 0.81967 0.08876
vt 0.39111 0.09326
vt 0.83635 0.09229
vt 0.41252 0.09186
vt 0.81494 0.09088
vt 0.11785 0.87073
vt 0.06982 0.21196
vt 0.90511 0.69903
vt 0.84420 0.04494
vt 0.24181 0.19798
vt 0.92961 0.69196
vt 0.26904 0.02257
vt 0.97874 0.03446
vt 0.92866 0.70455
vt 0.82532 0.10827
vt 0.93958 0.69985
vt 0.81907 0.17845
vt 0.71047 0.71951
vt 0.83382 0.18041
vt 0.69501 0.70475
vt 0.70504 0.70925
vt 0.42566 0.50113
vt 0.54616 0.44005
vt 0.31098 0.51869
vt 0.73389 0.10483
vt 0.77325 0.71640
vt 0.33470 0.73963
vt 0.52896 0.73656
vt 0.87658 0.53688
vt 0.48606 0.73601
vt 0.86831 0.56019
vt 0.07824 0.08390
vt 0.86254 0.56427
vt 0.08401 0.08797
vt 0.05551 0.17991
vt 0.45867 0.74493
vt 0.89310 0.79879
vt 0.48650 0.11992
vt 0.48089 0.35693
vt 0.89476 0.88487
vt 0.57052 0.72074
vt 0.84516 0.69754
vt 0.60151 0.71799
vt 0.66500 0.08672
vt 0.99239 0.28420
vt 0.86837 0.69781
vt 0.66719 0.09431
vt 0.48901 0.02790
vt 0.64823 0.71782
vt 0.97021 0.02712
vt 0.84662 0.05322
vt 0.83481 0.04354
vt 0.87485 0.04679
vt 0.23938 0.20138
vt 0.92132 0.69438
vt 0.92916 0.69749
vt 0.82673 0.11045
vt 0.94047 0.69767
vt 0.69867 0.72194
vt 0.82699 0.18365
vt 0.70309 0.71159
vt 0.72195 0.71309
vt 0.97370 0.56425
vt 0.30840 0.12651
vt 0.77490 0.26807
vt 0.52742 0.44120
vt 0.53180 0.44043
vt 0.29661 0.51832
vt 0.55892 0.44341
vt 0.32373 0.52100
vt 0.57507 0.44105
vt 0.73892 0.71683
vt 0.43727 0.04443
vt 0.58511 0.46509
vt 0.37664 0.03076
vt 0.59158 0.47114
vt 0.35645 0.34007
vt 0.37876 0.02570
vt 0.59370 0.47620
vt 0.36152 0.34247
vt 0.76647 0.71619
vt 0.48779 0.31211
vt 0.78146 0.71222
vt 0.32859 0.73545
vt 0.98291 0.14518
vt 0.38928 0.74212
vt 0.84617 0.69520
vt 0.89086 0.78913
vt 0.66638 0.09521
vt 0.48877 0.02881
vt 0.87448 0.69643
vt 0.66921 0.09082
vt 0.49636 0.02441
vt 0.99091 0.28841
vt 0.86689 0.69360
vt 0.89246 0.77900
vt 0.89162 0.69306
vt 0.24240 0.20601
vt 0.92448 0.69137
vt 0.82050 0.18362
vt 0.71042 0.71808
vt 0.43408 0.03739
vt 0.59260 0.47213
vt 0.35745 0.33555
vt 0.74748 0.71681
vt 0.31396 0.18408
vt 0.38872 0.33852
vt 0.67594 0.27532
vt 0.83808 0.34896
vt 0.89817 0.82052
vt 0.46826 0.10287
vt 0.65834 0.73066
vt 0.91275 0.69479
vt 0.92813 0.69772
vt 0.82364 0.11384
vt 0.93882 0.69428
vt 0.95116 0.69356
vt 0.98859 0.56016
vt 0.30887 0.14139
vt 0.32463 0.25130
vt 0.43638 0.51434
vt 0.30627 0.51571
vt 0.31647 0.51720
vt 0.58700 0.44271
vt 0.35181 0.51551
vt 0.60684 0.44175
vt 0.59474 0.43755
vt 0.90426 0.83685
vt 0.42426 0.06561
vt 0.56837 0.71680
vt 0.86059 0.68969
vt 0.89637 0.78526
vt 0.37905 0.04248
vt 0.42104 0.03768
vt 0.10889 0.03109
vt 0.16666 0.18734
vt 0.46516 0.37523
vt 0.58882 0.72239
vt 0.11747 0.21141
vt 0.85746 0.68373
vt 0.07363 0.21240
vt 0.90130 0.68930
vt 0.84326 0.04773
vt 0.24275 0.19483
vt 0.92682 0.69102
vt 0.83166 0.12026
vt 0.93672 0.68786
vt 0.95550 0.68929
vt 0.36187 0.19760
vt 0.69279 0.72602
vt 0.81303 0.17649
vt 0.71777 0.72555
vt 0.29927 0.50741
vt 0.52915 0.43473
vt 0.29397 0.51343
vt 0.56616 0.43828
vt 0.33097 0.51001
vt 0.60549 0.45428
vt 0.73395 0.72211
vt 0.75611 0.72197
vt 0.31554 0.74520
vt 0.76142 0.72536
vt 0.38586 0.32652
vt 0.66395 0.26469
vt 0.41357 0.04991
vt 0.15298 0.04894
vt 0.40261 0.04387
vt 0.94754 0.38821
vt 0.34452 0.74688
vt 0.94778 0.37665
vt 0.86349 0.55290
vt 0.06401 0.16855
vt 0.47003 0.75344
vt 0.51007 0.75980
vt 0.44482 0.16153
vt 0.43750 0.75966
vt 0.90361 0.86017
vt 0.90284 0.78984
vt 0.37155 0.03768
vt 0.41354 0.04248
vt 0.91060 0.69452
vt 0.82833 0.04297
vt 0.83548 0.05468
vt 0.86837 0.04736
vt 0.01712 0.05811
vt 0.82275 0.04736
vt 0.82990 0.05908
vt 0.86279 0.04297
vt 0.01154 0.05371
vt 0.82178 0.05907
vt 0.00342 0.05372
vt 0.07379 0.19352
vt 0.90114 0.69057
vt 0.82636 0.11690
vt 0.32798 0.28174
vt 0.95023 0.68719
vt 0.89137 0.03076
vt 0.67513 0.72510
vt 0.33129 0.26903
vt 0.95695 0.68389
vt 0.01828 0.37042
vt 0.98704 0.57156
vt 0.59115 0.43898
vt 0.35596 0.51358
vt 0.60318 0.47509
vt 0.36041 0.32611
vt 0.63814 0.21535
vt 0.85180 0.33695
vt 0.08317 0.21033
vt 0.89176 0.68580
vt 0.90996 0.68993
vt 0.01663 0.36642
vt 0.98868 0.56603
vt 0.32904 0.25718
vt 0.61945 0.42767
vt 0.31299 0.32256
vt 0.38426 0.50002
vt 0.61730 0.44342
vt 0.32874 0.33220
vt 0.81810 0.18576
vt 0.71736 0.72047
vt 0.64017 0.20046
vt 0.53588 0.75515
vt 0.39707 0.04620
vt 0.93718 0.38267
vt 0.94665 0.37230
vt 0.35214 0.74776
vt 0.07524 0.08936
vt 0.05518 0.18129
vt 0.45729 0.74460
vt 0.49019 0.74568
vt 0.90154 0.79268
vt 0.46864 0.34644
vt 0.90606 0.89711
vt 0.83838 0.68592
vt 0.96115 0.29834
vt 0.83713 0.68367
vt 0.98259 0.29686
vt 0.90092 0.77509
vt 0.11861 0.03467
vt 0.15693 0.19092
vt 0.23389 0.07764
vt 0.59854 0.72479
vt 0.11696 0.03012
vt 0.46613 0.38330
vt 0.59689 0.72246
vt 0.12451 0.18528
vt 0.37360 0.06689
vt 0.84326 0.06592
vt 0.63096 0.73346
vt 0.69092 0.03007
vt 0.19971 0.03199
vt 0.90993 0.68408
vt 0.24935 0.20513
vt 0.54300 0.02942
vt 0.91981 0.68441
vt 0.25499 0.19209
vt 0.32666 0.03246
vt 0.61507 0.03832
vt 0.92751 0.67877
vt 0.82863 0.12744
vt 0.94167 0.68068
vt 0.89111 0.02747
vt 0.67184 0.72210
vt 0.70977 0.74016
vt 0.27393 0.50019
vt 0.43919 0.50540
vt 0.78056 0.25677
vt 0.60463 0.42477
vt 0.68056 0.04693
vt 0.36944 0.50003
vt 0.51878 0.43034
vt 0.28360 0.50928
vt 0.74404 0.11483
vt 0.32471 0.74978
vt 0.87050 0.56544
vt 0.45749 0.75612
vt 0.86245 0.55626
vt 0.06107 0.17190
vt 0.46668 0.75049
vt 0.36937 0.77626
vt 0.90871 0.80349
vt 0.90969 0.82236
vt 0.90959 0.85075
vt 0.46367 0.37760
vt 0.59119 0.72984
vt 0.10940 0.20896
vt 0.09121 0.20836
vt 0.88372 0.68313
vt 0.78228 0.25167
vt 0.43563 0.51748
vt 0.32546 0.14209
vt 0.79196 0.26282
vt 0.34122 0.25014
vt 0.88232 0.20492
vt 0.51611 0.42979
vt 0.28093 0.50515
vt 0.28240 0.50110
vt 0.80522 0.18604
vt 0.72962 0.73336
vt 0.80454 0.18074
vt 0.72537 0.73403
vt 0.75350 0.72766
vt 0.31312 0.75089
vt 0.33648 0.18349
vt 0.65343 0.27227
vt 0.86060 0.34591
vt 0.39734 0.04932
vt 0.93773 0.38294
vt 0.35403 0.76668
vt 0.90324 0.87167
vt 0.46228 0.35931
vt 0.59647 0.72782
vt 0.07578 0.20308
vt 0.74951 0.07373
vt 0.89916 0.68094
vt 0.68726 0.03076
vt 0.54108 0.03564
vt 0.91359 0.68248
vt 0.00342 0.35986
vt 0.33561 0.26474
vt 0.35082 0.50230
vt 0.59340 0.42773
vt 0.35821 0.50289
vt 0.29898 0.49375
vt 0.32226 0.31529
vt 0.79841 0.17521
vt 0.73300 0.74017
vt 0.74605 0.74087
vt 0.31347 0.76410
vt 0.75869 0.11768
vt 0.55029 0.04189
vt 0.77136 0.74120
vt 0.32186 0.76443
vt 0.95432 0.29853
vt 0.83029 0.68348
vt 0.46468 0.34981
vt 0.91935 0.89162
vt 0.90670 0.84338
vt 0.96885 0.32147
vt 0.92552 0.78592
vt 0.23871 0.07655
vt 0.60336 0.72794
vt 0.25165 0.07757
vt 0.21631 0.02750
vt 0.61631 0.73737
vt 0.09838 0.20328
vt 0.87655 0.67943
vt 0.20701 0.03467
vt 0.75298 0.06768
vt 0.90263 0.68034
vt 0.68311 0.02808
vt 0.54299 0.03149
vt 0.91775 0.68440
vt 0.67320 0.73386
vt 0.60791 0.06885
vt 0.32791 0.48858
vt 0.74790 0.73348
vt 0.30796 0.75671
vt 0.64429 0.21190
vt 0.85796 0.33434
vt 0.54511 0.75928
vt 0.39014 0.04204
vt 0.93570 0.37574
vt 0.46336 0.76831
vt 0.91880 0.81804
vt 0.45472 0.36001
vt 0.59724 0.73090
vt 0.45865 0.37635
vt 0.58994 0.73239
vt 0.22009 0.03467
vt 0.60914 0.73813
vt 0.35889 0.06427
vt 0.85798 0.06330
vt 0.36547 0.06121
vt 0.85139 0.06023
vt 0.09666 0.20081
vt 0.87827 0.67678
vt 0.76574 0.07002
vt 0.99585 0.22119
vt 0.91538 0.68098
vt 0.20936 0.03354
vt 0.75063 0.06656
vt 0.90027 0.67938
vt 0.53646 0.03016
vt 0.55322 0.13090
vt 0.26561 0.11963
vt 0.91908 0.67787
vt 0.00342 0.07178
vt 0.93881 0.67878
vt 0.66989 0.73949
vt 0.68152 0.74149
vt 0.64721 0.12315
vt 0.79352 0.25170
vt 0.44687 0.51510
vt 0.93776 0.03857
vt 0.66846 0.04385
vt 0.36150 0.50311
vt 0.94713 0.03191
vt 0.67512 0.05322
vt 0.36800 0.49374
vt 0.93701 0.03810
vt 0.35838 0.50386
vt 0.34897 0.31344
vt 0.36820 0.31757
vt 0.42642 0.05282
vt 0.14014 0.05184
vt 0.56246 0.05322
vt 0.93469 0.39111
vt 0.33402 0.75972
vt 0.45627 0.75739
vt 0.07370 0.18470
vt 0.81564 0.38037
vt 0.45388 0.76313
vt 0.98664 0.17725
vt 0.05081 0.02884
vt 0.28499 0.08964
vt 0.38166 0.77419
vt 0.99192 0.16794
vt 0.04150 0.03467
vt 0.25350 0.03438
vt 0.37583 0.76488
vt 0.45492 0.33642
vt 0.90718 0.91083
vt 0.44464 0.34074
vt 0.36670 0.10400
vt 0.44013 0.35390
vt 0.15888 0.29612
vt 0.56748 0.74529
vt 0.38388 0.08326
vt 0.45731 0.37464
vt 0.58822 0.74009
vt 0.62677 0.74082
vt 0.57909 0.13428
vt 0.23975 0.11443
vt 0.29443 0.05407
vt 0.89321 0.67267
vt 0.63969 0.73455
vt 0.53369 0.02771
vt 0.92153 0.67510
vt 0.32730 0.32097
vt 0.75048 0.75547
vt 0.31673 0.77870
vt 0.42517 0.05713
vt 0.14138 0.05615
vt 0.43062 0.32912
vt 0.93953 0.30580
vt 0.81551 0.67621
vt 0.96214 0.30900
vt 0.91280 0.87736
vt 0.85171 0.66780
vt 0.59905 0.73649
vt 0.34861 0.26028
vt 0.31502 0.30841
vt 0.38728 0.48588
vt 0.36120 0.13818
vt 0.90933 0.90114
vt 0.38095 0.09146
vt 0.58002 0.73875
vt 0.10709 0.20064
vt 0.86784 0.67262
vt 0.60236 0.73741
vt 0.21928 0.02847
vt 0.61533 0.73668
vt 0.57231 0.13058
vt 0.31696 0.04639
vt 0.55977 0.13030
vt 0.56952 0.12891
vt 0.24931 0.11657
vt 0.31975 0.04519
vt 0.29980 0.04451
vt 0.33204 0.03857
vt 0.61345 0.04443
vt 0.51709 0.03564
vt 0.92589 0.67339
vt 0.94400 0.66855
vt 0.32690 0.31549
vt 0.36912 0.31117
vt 0.64860 0.24692
vt 0.07884 0.17981
vt 0.45877 0.76826
vt 0.24522 0.03297
vt 0.37269 0.77316
vt 0.43118 0.31007
vt 0.92132 0.93458
vt 0.94253 0.31037
vt 0.81851 0.67163
vt 0.93747 0.30763
vt 0.81345 0.67437
vt 0.94483 0.31400
vt 0.82080 0.66801
vt 0.47051 0.33215
vt 0.92340 0.89524
vt 0.92227 0.87163
vt 0.57554 0.74564
vt 0.92162 0.83829
vt 0.93213 0.79776
vt 0.96706 0.31885
vt 0.88045 0.65740
vt 0.12901 0.07787
vt 0.60411 0.74826
vt 0.58214 0.13016
vt 0.30713 0.04451
vt 0.29855 0.05713
vt 0.00872 0.06693
vt 0.93823 0.67348
vt 0.35074 0.27414
vt 0.94522 0.66444
vt 0.33936 0.19921
vt 0.69391 0.74854
vt 0.27534 0.49207
vt 0.44730 0.50353
vt 0.72044 0.75147
vt 0.79639 0.18205
vt 0.73694 0.74219
vt 0.29736 0.76542
vt 0.36053 0.31240
vt 0.36073 0.31455
vt 0.56057 0.04170
vt 0.33214 0.76127
vt 0.08397 0.17379
vt 0.46480 0.77339
vt 0.46200 0.32903
vt 0.91760 0.90376
vt 0.43499 0.35278
vt 0.15375 0.29349
vt 0.85917 0.66611
vt 0.11768 0.07861
vt 0.59278 0.74657
vt 0.59922 0.73934
vt 0.63130 0.74475
vt 0.99576 0.19377
vt 0.90346 0.65356
vt 0.45507 0.02685
vt 0.64487 0.74448
vt 0.45333 0.02468
vt 0.64342 0.74665
vt 0.33658 0.03507
vt 0.60400 0.04092
vt 0.14602 0.02588
vt 0.63818 0.03369
vt 0.51941 0.02644
vt 0.75049 0.02899
vt 0.91943 0.04248
vt 0.92821 0.66665
vt 0.68281 0.74401
vt 0.30634 0.48409
vt 0.35494 0.17567
vt 0.87906 0.34318
vt 0.66090 0.20534
vt 0.53905 0.77588
vt 0.43315 0.55182
vt 0.53413 0.78195
vt 0.49472 0.77402
vt 0.48797 0.77401
vt 0.45249 0.78624
vt 0.42714 0.32929
vt 0.14589 0.28801
vt 0.39812 0.31747
vt 0.11687 0.30393
vt 0.01893 0.63879
vt 0.42377 0.33313
vt 0.14253 0.29396
vt 0.59931 0.74267
vt 0.13562 0.07397
vt 0.61072 0.74632
vt 0.07762 0.03287
vt 0.48097 0.10258
vt 0.56982 0.03761
vt 0.65864 0.74337
vt 0.07814 0.04053
vt 0.57748 0.03710
vt 0.74756 0.12510
vt 0.65839 0.75102
vt 0.01997 0.06578
vt 0.18038 0.02783
vt 0.92999 0.03259
vt 0.14606 0.20506
vt 0.93877 0.66222
vt 0.64651 0.14990
vt 0.79422 0.25710
vt 0.63818 0.12905
vt 0.80254 0.25475
vt 0.45589 0.52100
vt 0.37103 0.66162
vt 0.80111 0.26331
vt 0.89148 0.19749
vt 0.80430 0.26113
vt 0.89466 0.19790
vt 0.36465 0.65087
vt 0.29301 0.48829
vt 0.90888 0.36917
vt 0.35404 0.78554
vt 0.41897 0.30592
vt 0.92235 0.94679
vt 0.14071 0.29559
vt 0.35126 0.12753
vt 0.91927 0.89049
vt 0.33252 0.13291
vt 0.95910 0.44547
vt 0.93802 0.89587
vt 0.92149 0.80673
vt 0.58065 0.74414
vt 0.13916 0.02473
vt 0.63933 0.02683
vt 0.14036 0.02322
vt 0.64084 0.02803
vt 0.44775 0.02783
vt 0.64040 0.74351
vt 0.92673 0.66269
vt 0.52681 0.02822
vt 0.75388 0.03076
vt 0.47900 0.08057
vt 0.14502 0.21672
vt 0.93560 0.66327
vt 0.48542 0.10819
vt 0.65302 0.74781
vt 0.17334 0.02608
vt 0.92674 0.03964
vt 0.93552 0.66047
vt 0.06787 0.03595
vt 0.57290 0.04736
vt 0.46723 0.51728
vt 0.37124 0.65791
vt 0.71105 0.74926
vt 0.33516 0.30013
vt 0.77111 0.50383
vt 0.88965 0.33641
vt 0.54304 0.79096
vt 0.87561 0.33111
vt 0.54834 0.77693
vt 0.93346 0.92743
vt 0.13348 0.29865
vt 0.93163 0.31520
vt 0.80761 0.66680
vt 0.13984 0.30615
vt 0.95706 0.31987
vt 0.92189 0.88782
vt 0.95850 0.12061
vt 0.66902 0.75835
vt 0.35209 0.25375
vt 0.89320 0.21240
vt 0.91590 0.38959
vt 0.33616 0.77851
vt 0.09332 0.18604
vt 0.97314 0.06247
vt 0.81628 0.36075
vt 0.05038 0.03322
vt 0.24463 0.03467
vt 0.28543 0.08465
vt 0.37728 0.77375
vt 0.39600 0.30764
vt 0.92887 0.96976
vt 0.00910 0.64055
vt 0.81702 0.66190
vt 0.16051 0.30129
vt 0.56659 0.75046
vt 0.87361 0.64565
vt 0.67938 0.75809
vt 0.36113 0.25540
vt 0.64026 0.09717
vt 0.90224 0.20994
vt 0.16884 0.62414
vt 0.02002 0.02322
vt 0.35986 0.03076
vt 0.90874 0.03271
vt 0.69256 0.75428
vt 0.36056 0.47931
vt 0.74259 0.53017
vt 0.62147 0.06506
vt 0.34146 0.47488
vt 0.28608 0.47086
vt 0.74915 0.75276
vt 0.30784 0.77599
vt 0.74283 0.75180
vt 0.31584 0.77503
vt 0.81137 0.36781
vt 0.45558 0.77569
vt 0.45965 0.77813
vt 0.09565 0.17128
vt 0.98790 0.06494
vt 0.87874 0.02352
vt 0.36632 0.53558
vt 0.46730 0.78508
vt 0.43951 0.77954
vt 0.43265 0.78055
vt 0.95367 0.32666
vt 0.34539 0.12747
vt 0.96454 0.45182
vt 0.92515 0.89043
vt 0.93135 0.87262
vt 0.93107 0.83648
vt 0.58592 0.74979
vt 0.98975 0.19430
vt 0.90457 0.65409
vt 0.62623 0.74901
vt 0.64063 0.74947
vt 0.49344 0.11279
vt 0.64842 0.75584
vt 0.35881 0.26940
vt 0.25244 0.05811
vt 0.94763 0.65637
vt 0.15526 0.62646
vt 0.69103 0.76083
vt 0.36614 0.47926
vt 0.74817 0.53511
vt 0.72693 0.75425
vt 0.74294 0.74783
vt 0.30227 0.77106
vt 0.74506 0.75900
vt 0.35874 0.30097
vt 0.38227 0.29756
vt 0.63498 0.25856
vt 0.76168 0.75098
vt 0.93305 0.47354
vt 0.93234 0.92192
vt 0.94811 0.45464
vt 0.93832 0.90686
vt 0.96287 0.45434
vt 0.92681 0.89210
vt 0.93250 0.43815
vt 0.16204 0.31387
vt 0.95996 0.32244
vt 0.94086 0.82015
vt 0.58310 0.75474
vt 0.86019 0.64668
vt 0.59449 0.75417
vt 0.89153 0.65461
vt 0.61747 0.75473
vt 0.17807 0.02464
vt 0.92492 0.03491
vt 0.75840 0.02896
vt 0.92943 0.04245
vt 0.48353 0.07796
vt 0.14954 0.21492
vt 0.90453 0.20356
vt 0.34780 0.65654
vt 0.81086 0.25856
vt 0.36722 0.65681
vt 0.36034 0.47634
vt 0.74237 0.53662
vt 0.32371 0.30191
vt 0.38891 0.47937
vt 0.77093 0.51528
vt 0.50145 0.78898
vt 0.08664 0.17692
vt 0.91260 0.32247
vt 0.78857 0.65953
vt 0.96719 0.32778
vt 0.93184 0.78011
vt 0.86601 0.64953
vt 0.63144 0.76182
vt 0.34287 0.16654
vt 0.95681 0.06045
vt 0.17928 0.63614
vt 0.27701 0.65373
vt 0.33011 0.16846
vt 0.46826 0.23226
vt 0.16652 0.63422
vt 0.35159 0.16355
vt 0.96553 0.06344
vt 0.33674 0.16205
vt 0.95068 0.06494
vt 0.27615 0.65986
vt 0.36766 0.47730
vt 0.74969 0.52798
vt 0.37655 0.46611
vt 0.75858 0.51388
vt 0.27603 0.46380
vt 0.65805 0.51591
vt 0.47558 0.49340
vt 0.76354 0.76718
vt 0.31919 0.79041
vt 0.36347 0.29887
vt 0.63629 0.24459
vt 0.47806 0.79073
vt 0.93905 0.34000
vt 0.81503 0.64201
vt 0.93583 0.33229
vt 0.12769 0.31589
vt 0.98004 0.43919
vt 0.93481 0.87493
vt 0.94691 0.84248
vt 0.18462 0.04541
vt 0.61058 0.76030
vt 0.92348 0.64065
vt 0.49661 0.07594
vt 0.16262 0.20669
vt 0.31396 0.14928
vt 0.48744 0.23283
vt 0.27569 0.68263
vt 0.62281 0.06181
vt 0.34281 0.47396
vt 0.72483 0.52064
vt 0.35913 0.29938
vt 0.75055 0.47986
vt 0.76476 0.76617
vt 0.77627 0.75323
vt 0.32171 0.77646
vt 0.77258 0.76675
vt 0.62149 0.27686
vt 0.89254 0.35049
vt 0.71700 0.45603
vt 0.31643 0.52822
vt 0.41740 0.79553
vt 0.96189 0.33853
vt 0.27940 0.03237
vt 0.98713 0.42027
vt 0.95197 0.86784
vt 0.69161 0.59136
vt 0.59174 0.75689
vt 0.90596 0.19802
vt 0.36802 0.02840
vt 0.90088 0.03035
vt 0.70042 0.76244
vt 0.35531 0.46426
vt 0.73734 0.51147
vt 0.64795 0.05811
vt 0.73308 0.76046
vt 0.36697 0.29699
vt 0.63442 0.24651
vt 0.74734 0.47202
vt 0.89097 0.34709
vt 0.36681 0.80374
vt 0.92604 0.46923
vt 0.91860 0.45217
vt 0.14814 0.31434
vt 0.93911 0.80202
vt 0.63639 0.76373
vt 0.75805 0.12775
vt 0.65574 0.76151
vt 0.47906 0.23639
vt 0.14799 0.64502
vt 0.14994 0.66212
vt 0.26644 0.68307
vt 0.37496 0.26243
vt 0.16163 0.61031
vt 0.61895 0.08171
vt 0.92355 0.19448
vt 0.91770 0.19754
vt 0.36100 0.65052
vt 0.02773 0.02710
vt 0.36374 0.02447
vt 0.02239 0.02979
vt 0.36642 0.02420
vt 0.90637 0.02615
vt 0.74609 0.52330
vt 0.30953 0.46181
vt 0.19590 0.13771
vt 0.72198 0.76426
vt 0.25610 0.01941
vt 0.75685 0.50515
vt 0.75103 0.50025
vt 0.76355 0.76848
vt 0.32616 0.79171
vt 0.80132 0.35457
vt 0.35459 0.54807
vt 0.45557 0.78893
vt 0.98128 0.06149
vt 0.87646 0.03014
vt 0.81727 0.36070
vt 0.88345 0.03076
vt 0.81656 0.35372
vt 0.46006 0.78978
vt 0.84602 0.64146
vt 0.93554 0.44135
vt 0.16509 0.31542
vt 0.56089 0.76459
vt 0.94288 0.81035
vt 0.93411 0.80559
vt 0.94555 0.78921
vt 0.94699 0.42714
vt 0.57509 0.76367
vt 0.18115 0.04058
vt 0.60649 0.76512
vt 0.49188 0.25014
vt 0.13591 0.65785
vt 0.76614 0.13759
vt 0.64590 0.76960
vt 0.26624 0.05754
vt 0.16571 0.20118
vt 0.94325 0.64257
vt 0.15088 0.61267
vt 0.29635 0.45947
vt 0.67837 0.51822
vt 0.32495 0.46668
vt 0.35237 0.46769
vt 0.73439 0.51832
vt 0.19945 0.13581
vt 0.72388 0.76300
vt 0.34984 0.28928
vt 0.73797 0.48914
vt 0.62560 0.25599
vt 0.73786 0.46408
vt 0.43303 0.55695
vt 0.53401 0.78742
vt 0.89589 0.38065
vt 0.26318 0.09521
vt 0.29150 0.53469
vt 0.39248 0.79600
vt 0.33776 0.54029
vt 0.43874 0.79987
vt 0.91359 0.47451
vt 0.94257 0.94138
vt 0.10356 0.31920
vt 0.02140 0.65407
vt 0.19243 0.03500
vt 0.96171 0.39868
vt 0.60356 0.77070
vt 0.94579 0.42773
vt 0.57450 0.76612
vt 0.99505 0.18487
vt 0.58643 0.11034
vt 0.91237 0.64466
vt 0.16795 0.22480
vt 0.92983 0.64033
vt 0.96329 0.11298
vt 0.66966 0.76314
vt 0.25938 0.05527
vt 0.15165 0.61953
vt 0.35276 0.65025
vt 0.46966 0.51236
vt 0.47062 0.51285
vt 0.37675 0.65348
vt 0.91444 0.18691
vt 0.36315 0.63989
vt 0.29946 0.46558
vt 0.73971 0.51895
vt 0.39712 0.54815
vt 0.49809 0.80441
vt 0.81349 0.35560
vt 0.95243 0.42562
vt 0.57662 0.76963
vt 0.88620 0.64598
vt 0.49681 0.24420
vt 0.14100 0.66131
vt 0.68270 0.77403
vt 0.19966 0.14019
vt 0.72551 0.77562
vt 0.25537 0.02170
vt 0.75455 0.50442
vt 0.65632 0.05116
vt 0.74002 0.76908
vt 0.35538 0.46098
vt 0.73741 0.49981
vt 0.67627 0.08317
vt 0.88721 0.48486
vt 0.95403 0.96776
vt 0.26935 0.82776
vt 0.96314 0.42580
vt 0.94514 0.80728
vt 0.97458 0.43691
vt 0.94197 0.88039
vt 0.94812 0.82539
vt 0.97485 0.34527
vt 0.94932 0.77891
vt 0.95411 0.42152
vt 0.58071 0.76759
vt 0.94801 0.85865
vt 0.95382 0.41480
vt 0.17825 0.19852
vt 0.15750 0.60013
vt 0.98462 0.11218
vt 0.66802 0.78447
vt 0.67508 0.77153
vt 0.17087 0.61641
vt 0.62800 0.08727
vt 0.17873 0.61188
vt 0.69501 0.77935
vt 0.19929 0.14861
vt 0.71108 0.77639
vt 0.36924 0.46404
vt 0.75127 0.50667
vt 0.11563 0.33315
vt 0.26822 0.80989
vt 0.69634 0.09131
vt 0.90176 0.46479
vt 0.13130 0.32271
vt 0.28390 0.80768
vt 0.95099 0.34784
vt 0.82697 0.63417
vt 0.95599 0.42344
vt 0.60189 0.77601
vt 0.89263 0.64191
vt 0.17983 0.60286
vt 0.19482 0.16846
vt 0.69123 0.77376
vt 0.35321 0.64703
vt 0.26136 0.02588
vt 0.36835 0.46501
vt 0.75037 0.51041
vt 0.20350 0.13838
vt 0.72130 0.77042
vt 0.66069 0.04688
vt 0.74430 0.77467
vt 0.77216 0.77229
vt 0.32499 0.79552
vt 0.89278 0.38476
vt 0.34454 0.80163
vt 0.89492 0.34350
vt 0.43497 0.56623
vt 0.53595 0.79624
vt 0.96147 0.99002
vt 0.00342 0.67315
vt 0.24709 0.82959
vt 0.26904 0.03857
vt 0.97677 0.42780
vt 0.89165 0.63292
vt 0.89119 0.64060
vt 0.59514 0.11865
vt 0.90956 0.63595
vt 0.78003 0.15283
vt 0.63066 0.78349
vt 0.58990 0.10383
vt 0.90115 0.64119
vt 0.36978 0.64460
vt 0.36756 0.64219
vt 0.28439 0.45788
vt 0.66642 0.50940
vt 0.31976 0.45935
vt 0.70179 0.51216
vt 0.73733 0.47443
vt 0.75843 0.77701
vt 0.72904 0.47192
vt 0.76975 0.77093
vt 0.32915 0.79416
vt 0.77994 0.77366
vt 0.33333 0.79689
vt 0.42420 0.56583
vt 0.42737 0.56328
vt 0.72634 0.12842
vt 0.41038 0.55666
vt 0.37744 0.54752
vt 0.42725 0.20335
vt 0.47841 0.80367
vt 0.44999 0.80591
vt 0.96646 0.42658
vt 0.94586 0.85479
vt 0.96379 0.41598
vt 0.13266 0.04169
vt 0.95343 0.10498
vt 0.78378 0.17841
vt 0.91556 0.63264
vt 0.96682 0.10214
vt 0.19631 0.09916
vt 0.78879 0.16502
vt 0.92896 0.62980
vt 0.93491 0.11768
vt 0.68973 0.78200
vt 0.37673 0.62723
vt 0.61865 0.07600
vt 0.92385 0.18877
vt 0.34805 0.64175
vt 0.19001 0.60253
vt 0.48217 0.50449
vt 0.38425 0.64512
vt 0.65674 0.50467
vt 0.47933 0.48216
vt 0.28274 0.45744
vt 0.66477 0.50951
vt 0.74022 0.77232
vt 0.73262 0.48644
vt 0.61279 0.27027
vt 0.72359 0.46507
vt 0.89721 0.37740
vt 0.88721 0.38136
vt 0.89358 0.03785
vt 0.35365 0.80721
vt 0.79279 0.34472
vt 0.35659 0.55661
vt 0.36605 0.55913
vt 0.41564 0.20423
vt 0.79712 0.33120
vt 0.45153 0.81230
vt 0.95277 0.99658
vt 0.01288 0.66445
vt 0.95083 0.78832
vt 0.84473 0.63068
vt 0.88960 0.63154
vt 0.18095 0.59990
vt 0.38039 0.64243
vt 0.92853 0.17770
vt 0.35755 0.63068
vt 0.31568 0.45435
vt 0.69771 0.50854
vt 0.29791 0.45018
vt 0.67993 0.51041
vt 0.72092 0.77604
vt 0.71090 0.50569
vt 0.72978 0.49097
vt 0.75586 0.78276
vt 0.76436 0.77517
vt 0.76197 0.77811
vt 0.89756 0.35066
vt 0.89931 0.33962
vt 0.43885 0.57332
vt 0.89856 0.34251
vt 0.43597 0.57689
vt 0.33003 0.53621
vt 0.43100 0.80400
vt 0.12702 0.16150
vt 0.97578 0.81860
vt 0.95169 0.79903
vt 0.94849 0.34844
vt 0.82447 0.63356
vt 0.96196 0.34993
vt 0.95399 0.78011
vt 0.26956 0.03437
vt 0.97729 0.42908
vt 0.98467 0.41292
vt 0.69895 0.59438
vt 0.96644 0.40731
vt 0.13623 0.10710
vt 0.59492 0.77798
vt 0.13037 0.05322
vt 0.94189 0.10270
vt 0.17139 0.09861
vt 0.60073 0.10935
vt 0.77976 0.18994
vt 0.90403 0.63036
vt 0.13134 0.03467
vt 0.17976 0.23008
vt 0.78092 0.16083
vt 0.93315 0.62852
vt 0.08820 0.12061
vt 0.50171 0.47222
vt 0.99630 0.12061
vt 0.65791 0.50115
vt 0.48305 0.47863
vt 0.67330 0.49846
vt 0.77199 0.77916
vt 0.32416 0.80239
vt 0.33736 0.55196
vt 0.43834 0.82150
vt 0.68515 0.08350
vt 0.27750 0.81888
vt 0.09433 0.33314
vt 0.57095 0.34081
vt 0.02832 0.66801
vt 0.96040 0.83130
vt 0.96704 0.83616
vt 0.96668 0.85530
vt 0.67850 0.60606
vt 0.59516 0.78699
vt 0.62373 0.79499
vt 0.13228 0.04590
vt 0.91135 0.63227
vt 0.50323 0.24135
vt 0.26632 0.54834
vt 0.26717 0.69240
vt 0.18802 0.22926
vt 0.14220 0.66930
vt 0.17714 0.21966
vt 0.17888 0.21003
vt 0.74942 0.84694
vt 0.16930 0.60029
vt 0.20522 0.15047
vt 0.70921 0.78259
vt 0.73498 0.77809
vt 0.72111 0.47607
vt 0.93323 0.14502
vt 0.76037 0.79211
vt 0.42917 0.57269
vt 0.10045 0.34172
vt 0.14236 0.15813
vt 0.78786 0.42116
vt 0.97241 0.80325
vt 0.94679 0.35123
vt 0.82277 0.63077
vt 0.99564 0.27686
vt 0.96066 0.35449
vt 0.83664 0.62752
vt 0.42514 0.44752
vt 0.54187 0.19816
vt 0.89332 0.63026
vt 0.18521 0.21566
vt 0.18609 0.59693
vt 0.92561 0.17692
vt 0.36347 0.62990
vt 0.72796 0.78191
vt 0.68694 0.50228
vt 0.57275 0.06885
vt 0.73574 0.78853
vt 0.70492 0.49196
vt 0.72220 0.48647
vt 0.72212 0.47460
vt 0.71476 0.47012
vt 0.76185 0.78132
vt 0.59466 0.08293
vt 0.39763 0.58297
vt 0.38952 0.58138
vt 0.38244 0.56454
vt 0.22327 0.16645
vt 0.42201 0.57019
vt 0.88964 0.36873
vt 0.35598 0.80477
vt 0.95110 0.80327
vt 0.77881 0.41478
vt 0.95697 0.79687
vt 0.95783 0.79150
vt 0.97828 0.40182
vt 0.13787 0.10160
vt 0.71005 0.59302
vt 0.65918 0.78590
vt 0.18875 0.20033
vt 0.16668 0.58963
vt 0.17474 0.59636
vt 0.19965 0.16525
vt 0.69444 0.78799
vt 0.35424 0.62845
vt 0.57697 0.05505
vt 0.74954 0.78653
vt 0.90501 0.36182
vt 0.70567 0.47403
vt 0.78062 0.07471
vt 0.41665 0.59214
vt 0.90480 0.35146
vt 0.42701 0.58493
vt 0.94519 0.12468
vt 0.33614 0.80569
vt 0.39710 0.56628
vt 0.95160 0.13233
vt 0.77306 0.79570
vt 0.34255 0.81893
vt 0.36326 0.57502
vt 0.39974 0.21214
vt 0.97079 0.77941
vt 0.99335 0.23821
vt 0.33252 0.10905
vt 0.87529 0.62693
vt 0.46379 0.44693
vt 0.70681 0.60098
vt 0.54284 0.20089
vt 0.89430 0.62753
vt 0.53098 0.20041
vt 0.88243 0.62801
vt 0.60667 0.11402
vt 0.90542 0.62441
vt 0.48779 0.35021
vt 0.51750 0.27100
vt 0.11147 0.68347
vt 0.35105 0.62755
vt 0.20420 0.59414
vt 0.66866 0.49660
vt 0.49449 0.47409
vt 0.77517 0.78311
vt 0.32551 0.80634
vt 0.38022 0.57936
vt 0.22217 0.18127
vt 0.22830 0.17562
vt 0.39965 0.56227
vt 0.93855 0.12745
vt 0.32950 0.81229
vt 0.38856 0.55241
vt 0.40295 0.55619
vt 0.50392 0.80635
vt 0.36770 0.82071
vt 0.33354 0.56579
vt 0.26596 0.57786
vt 0.55910 0.36365
vt 0.04016 0.68623
vt 0.08936 0.34625
vt 0.56459 0.34578
vt 0.16038 0.53642
vt 0.99268 0.25935
vt 0.44264 0.44775
vt 0.42957 0.44369
vt 0.14508 0.11625
vt 0.58577 0.78682
vt 0.53266 0.20492
vt 0.53225 0.21150
vt 0.60718 0.10700
vt 0.90434 0.62390
vt 0.13001 0.68631
vt 0.24686 0.70299
vt 0.12549 0.02654
vt 0.77507 0.17150
vt 0.91092 0.10615
vt 0.66574 0.79436
vt 0.28743 0.05457
vt 0.18307 0.20047
vt 0.17003 0.59531
vt 0.87061 0.06986
vt 0.17760 0.58930
vt 0.20488 0.16744
vt 0.69225 0.79004
vt 0.50043 0.48825
vt 0.38971 0.62887
vt 0.86572 0.05908
vt 0.71748 0.78778
vt 0.87415 0.05760
vt 0.72591 0.78861
vt 0.88015 0.05495
vt 0.73191 0.78793
vt 0.22569 0.37939
vt 0.57410 0.06291
vt 0.74168 0.78772
vt 0.42398 0.58492
vt 0.38103 0.58315
vt 0.23465 0.18506
vt 0.79194 0.32895
vt 0.34871 0.55745
vt 0.44968 0.81455
vt 0.43424 0.21999
vt 0.46570 0.82031
vt 0.38286 0.52981
vt 0.48384 0.82435
vt 0.31868 0.55892
vt 0.41966 0.82517
vt 0.09779 0.35010
vt 0.15088 0.53256
vt 0.25039 0.80784
vt 0.78084 0.41131
vt 0.96364 0.79340
vt 0.50635 0.20550
vt 0.67627 0.07568
vt 0.85780 0.62292
vt 0.68186 0.07466
vt 0.85783 0.62189
vt 0.35237 0.11230
vt 0.54368 0.20210
vt 0.89514 0.62631
vt 0.35804 0.12061
vt 0.54936 0.20251
vt 0.48931 0.44590
vt 0.17542 0.10693
vt 0.90806 0.62203
vt 0.77703 0.17630
vt 0.91767 0.62370
vt 0.25745 0.53586
vt 0.25804 0.70127
vt 0.13157 0.02977
vt 0.78115 0.16399
vt 0.18625 0.22044
vt 0.74579 0.85735
vt 0.18509 0.20795
vt 0.17175 0.59329
vt 0.21043 0.16559
vt 0.69409 0.79029
vt 0.77390 0.97141
vt 0.88651 0.06614
vt 0.19351 0.59302
vt 0.37058 0.60484
vt 0.69958 0.48612
vt 0.69416 0.47734
vt 0.77731 0.07058
vt 0.07080 0.09689
vt 0.49445 0.45483
vt 0.92725 0.07568
vt 0.79178 0.06813
vt 0.42046 0.58098
vt 0.69873 0.11543
vt 0.41145 0.58428
vt 0.94202 0.12565
vt 0.33298 0.81159
vt 0.34613 0.81691
vt 0.71561 0.12153
vt 0.60882 0.08926
vt 0.41179 0.56739
vt 0.38177 0.56118
vt 0.23222 0.16309
vt 0.40419 0.82381
vt 0.02088 0.68218
vt 0.22687 0.81213
vt 0.95965 0.36182
vt 0.96587 0.76840
vt 0.42412 0.44018
vt 0.45681 0.44119
vt 0.16400 0.10602
vt 0.67580 0.98210
vt 0.70564 0.61915
vt 0.61152 0.10918
vt 0.88774 0.61956
vt 0.52839 0.10422
vt 0.65025 0.79610
vt 0.19048 0.23779
vt 0.77321 0.16017
vt 0.14307 0.06391
vt 0.73741 0.87470
vt 0.27845 0.05713
vt 0.16747 0.58633
vt 0.27393 0.04596
vt 0.19657 0.20427
vt 0.20166 0.02452
vt 0.32824 0.08643
vt 0.89795 0.16004
vt 0.17864 0.58181
vt 0.19912 0.58973
vt 0.35044 0.62272
vt 0.20903 0.59120
vt 0.35956 0.61793
vt 0.77588 0.06868
vt 0.94028 0.07378
vt 0.77897 0.06450
vt 0.94303 0.06960
vt 0.42092 0.59379
vt 0.52036 0.06604
vt 0.58643 0.09619
vt 0.38939 0.58685
vt 0.93648 0.14222
vt 0.76317 0.79845
vt 0.76988 0.33097
vt 0.36133 0.57951
vt 0.76911 0.31713
vt 0.35477 0.58028
vt 0.88609 0.04541
vt 0.35621 0.81469
vt 0.30335 0.54767
vt 0.40432 0.80822
vt 0.78832 0.40761
vt 0.97160 0.78971
vt 0.78995 0.39650
vt 0.97545 0.77860
vt 0.14688 0.12211
vt 0.57991 0.78863
vt 0.86655 0.61724
vt 0.55419 0.21413
vt 0.36523 0.24268
vt 0.49414 0.43428
vt 0.77292 0.16630
vt 0.76519 0.17372
vt 0.76241 0.17032
vt 0.15322 0.07471
vt 0.51416 0.10223
vt 0.63799 0.04096
vt 0.90967 0.10408
vt 0.66810 0.02588
vt 0.66448 0.79503
vt 0.75325 0.87405
vt 0.75501 0.86669
vt 0.75056 0.87900
vt 0.70815 0.79420
vt 0.71963 0.79442
vt 0.79943 0.96298
vt 0.25841 0.04159
vt 0.20175 0.58408
vt 0.34602 0.60736
vt 0.22440 0.57903
vt 0.75549 0.31668
vt 0.35566 0.59390
vt 0.37414 0.61693
vt 0.73202 0.78962
vt 0.22856 0.37771
vt 0.81182 0.96232
vt 0.73389 0.33108
vt 0.35942 0.61551
vt 0.73753 0.80508
vt 0.73924 0.33058
vt 0.35923 0.61016
vt 0.75045 0.32844
vt 0.35879 0.59894
vt 0.92041 0.12842
vt 0.77697 0.79669
vt 0.31136 0.81992
vt 0.93946 0.12999
vt 0.94857 0.13088
vt 0.33952 0.82175
vt 0.47700 0.82254
vt 0.55656 0.35778
vt 0.16842 0.53273
vt 0.78838 0.39241
vt 0.97453 0.77451
vt 0.40354 0.43153
vt 0.44255 0.43237
vt 0.15570 0.12939
vt 0.57262 0.79745
vt 0.65243 0.99043
vt 0.50806 0.22021
vt 0.68378 0.06097
vt 0.85951 0.60820
vt 0.68971 0.07156
vt 0.85390 0.61880
vt 0.52892 0.21322
vt 0.88037 0.61520
vt 0.45916 0.43184
vt 0.90197 0.62040
vt 0.90390 0.61884
vt 0.76476 0.17611
vt 0.15901 0.07237
vt 0.24605 0.12975
vt 0.72147 0.88315
vt 0.19153 0.22574
vt 0.74672 0.86265
vt 0.20061 0.21366
vt 0.31885 0.07459
vt 0.88612 0.16943
vt 0.76278 0.85057
vt 0.03901 0.50910
vt 0.69062 0.79976
vt 0.77043 0.96428
vt 0.77746 0.96446
vt 0.70265 0.79523
vt 0.78246 0.97039
vt 0.88170 0.07023
vt 0.18870 0.58893
vt 0.26199 0.04288
vt 0.20179 0.58765
vt 0.35078 0.60688
vt 0.50190 0.47969
vt 0.99650 0.10984
vt 0.73483 0.79613
vt 0.22217 0.37120
vt 0.08263 0.09781
vt 0.49710 0.46665
vt 0.99170 0.09781
vt 0.50397 0.45965
vt 0.40495 0.60027
vt 0.50439 0.06947
vt 0.50628 0.45937
vt 0.92802 0.06386
vt 0.50535 0.07178
vt 0.75550 0.79688
vt 0.59201 0.02862
vt 0.40848 0.59038
vt 0.58447 0.03564
vt 0.40146 0.58284
vt 0.38682 0.54632
vt 0.41252 0.81928
vt 0.23007 0.80984
vt 0.13245 0.15023
vt 0.79452 0.43107
vt 0.11403 0.15453
vt 0.79986 0.44948
vt 0.80541 0.45342
vt 0.89484 0.61541
vt 0.61998 0.80529
vt 0.69979 0.98962
vt 0.49265 0.33908
vt 0.52797 0.25986
vt 0.23232 0.52360
vt 0.77430 0.18461
vt 0.90937 0.61481
vt 0.53711 0.11572
vt 0.64154 0.79490
vt 0.53918 0.11548
vt 0.63946 0.79782
vt 0.19582 0.21468
vt 0.75925 0.85159
vt 0.76619 0.87681
vt 0.04242 0.52002
vt 0.78368 0.86095
vt 0.05991 0.50925
vt 0.68372 0.80690
vt 0.76352 0.97368
vt 0.72410 0.79762
vt 0.80390 0.95717
vt 0.50915 0.48207
vt 0.39483 0.62269
vt 0.37521 0.61591
vt 0.23327 0.37553
vt 0.81368 0.95761
vt 0.37764 0.60861
vt 0.38260 0.59443
vt 0.59348 0.03140
vt 0.40570 0.59185
vt 0.35000 0.81996
vt 0.88232 0.03976
vt 0.35664 0.81846
vt 0.37379 0.55391
vt 0.23937 0.15582
vt 0.83046 0.46869
vt 0.81492 0.48486
vt 0.62194 0.60974
vt 0.84090 0.47405
vt 0.59596 0.61530
vt 0.81788 0.46592
vt 0.81416 0.44959
vt 0.80249 0.42752
vt 0.19717 0.31787
vt 0.79760 0.41899
vt 0.20570 0.31446
vt 0.79220 0.42200
vt 0.02637 0.09912
vt 0.47953 0.43659
vt 0.48390 0.42634
vt 0.76675 0.18600
vt 0.15771 0.03076
vt 0.38382 0.11899
vt 0.52373 0.10729
vt 0.62842 0.04150
vt 0.76611 0.02682
vt 0.98528 0.04754
vt 0.00342 0.02801
vt 0.65492 0.79557
vt 0.64809 0.79637
vt 0.64055 0.04736
vt 0.97314 0.04244
vt 0.66553 0.02584
vt 0.74686 0.97900
vt 0.74558 0.88111
vt 0.87720 0.07373
vt 0.20722 0.02089
vt 0.46585 0.02382
vt 0.18420 0.58543
vt 0.71934 0.79802
vt 0.79914 0.96417
vt 0.38651 0.59734
vt 0.76169 0.31870
vt 0.34997 0.82656
vt 0.34732 0.57829
vt 0.51551 0.05235
vt 0.35160 0.82412
vt 0.41301 0.82450
vt 0.36499 0.54434
vt 0.24742 0.14625
vt 0.43043 0.22998
vt 0.84313 0.45056
vt 0.18175 0.26709
vt 0.39666 0.29834
vt 0.82361 0.45232
vt 0.17236 0.31091
vt 0.80486 0.46580
vt 0.20751 0.30907
vt 0.10828 0.16467
vt 0.79437 0.45523
vt 0.64249 0.61833
vt 0.80297 0.39936
vt 0.22533 0.30318
vt 0.69214 0.06711
vt 0.85385 0.61434
vt 0.02253 0.09499
vt 0.47568 0.43269
vt 0.53153 0.21759
vt 0.88298 0.61083
vt 0.84424 0.15756
vt 0.38836 0.23922
vt 0.77481 0.18935
vt 0.90462 0.61199
vt 0.16577 0.02467
vt 0.37774 0.11094
vt 0.86588 0.14722
vt 0.76930 0.18862
vt 0.16027 0.02530
vt 0.74756 0.18166
vt 0.37534 0.13818
vt 0.22885 0.13401
vt 0.87357 0.17447
vt 0.44092 0.06787
vt 0.23379 0.12766
vt 0.71737 0.89541
vt 0.64824 0.80124
vt 0.76770 0.03076
vt 0.00991 0.03194
vt 0.73313 0.98804
vt 0.76789 0.03042
vt 0.65314 0.80369
vt 0.73295 0.98770
vt 0.75056 0.89426
vt 0.20596 0.02286
vt 0.46381 0.02579
vt 0.18294 0.58347
vt 0.20514 0.02490
vt 0.46240 0.02783
vt 0.18212 0.58142
vt 0.70905 0.80244
vt 0.78885 0.96008
vt 0.24951 0.04540
vt 0.92000 0.15518
vt 0.20069 0.57518
vt 0.81363 0.95224
vt 0.24476 0.36535
vt 0.81520 0.94613
vt 0.38228 0.60445
vt 0.76011 0.80226
vt 0.00342 0.32866
vt 0.37347 0.57877
vt 0.24371 0.18068
vt 0.39600 0.22627
vt 0.84667 0.45666
vt 0.61393 0.61950
vt 0.19002 0.30931
vt 0.80850 0.47119
vt 0.62835 0.62027
vt 0.80030 0.41457
vt 0.21012 0.31168
vt 0.15544 0.52180
vt 0.24152 0.80328
vt 0.04524 0.69870
vt 0.21631 0.78777
vt 0.11900 0.16966
vt 0.98394 0.82661
vt 0.58464 0.80315
vt 0.66444 0.98996
vt 0.60259 0.80672
vt 0.68240 0.99047
vt 0.34912 0.05280
vt 0.17345 0.05280
vt 0.09967 0.69920
vt 0.22325 0.73334
vt 0.22937 0.13134
vt 0.71615 0.89984
vt 0.37794 0.12369
vt 0.72261 0.90046
vt 0.24408 0.52233
vt 0.24850 0.71463
vt 0.55812 0.03467
vt 0.63224 0.80190
vt 0.97660 0.05420
vt 0.01227 0.03467
vt 0.74340 0.99076
vt 0.32594 0.07520
vt 0.88673 0.16234
vt 0.76586 0.96191
vt 0.77433 0.96099
vt 0.80137 0.95131
vt 0.72957 0.80585
vt 0.23546 0.36147
vt 0.24766 0.35539
vt 0.38474 0.60485
vt 0.24717 0.16835
vt 0.40833 0.22972
vt 0.31821 0.56644
vt 0.26531 0.57831
vt 0.41919 0.82706
vt 0.47963 0.02682
vt 0.63037 0.06885
vt 0.28097 0.57556
vt 0.40327 0.82980
vt 0.56844 0.94844
vt 0.37639 0.53015
vt 0.44462 0.22660
vt 0.47737 0.82692
vt 0.85486 0.45079
vt 0.82942 0.44559
vt 0.19547 0.26015
vt 0.17910 0.30434
vt 0.82640 0.44757
vt 0.17712 0.30570
vt 0.82243 0.43833
vt 0.18636 0.29930
vt 0.11739 0.16181
vt 0.79592 0.39316
vt 0.39600 0.42266
vt 0.23153 0.30193
vt 0.78596 0.38817
vt 0.40596 0.42225
vt 0.42859 0.42171
vt 0.44689 0.12158
vt 0.70360 0.62059
vt 0.44581 0.11454
vt 0.67269 0.97131
vt 0.70252 0.62763
vt 0.44615 0.42205
vt 0.00342 0.09097
vt 0.47900 0.06093
vt 0.45657 0.42109
vt 0.88692 0.60671
vt 0.84818 0.15463
vt 0.86596 0.17899
vt 0.36694 0.23553
vt 0.73121 0.88987
vt 0.31656 0.05346
vt 0.66592 0.80927
vt 0.74572 0.96811
vt 0.32384 0.06982
vt 0.88135 0.16444
vt 0.77944 0.85140
vt 0.77483 0.86749
vt 0.00983 0.58789
vt 0.05105 0.50648
vt 0.79089 0.94585
vt 0.34253 0.59872
vt 0.23303 0.57966
vt 0.75900 0.80133
vt 0.00718 0.32959
vt 0.76757 0.80533
vt 0.01478 0.32559
vt 0.73502 0.27506
vt 0.32592 0.57359
vt 0.25816 0.57957
vt 0.36579 0.83061
vt 0.30420 0.02202
vt 0.39463 0.02955
vt 0.40786 0.29166
vt 0.15243 0.26343
vt 0.42313 0.29468
vt 0.83964 0.44223
vt 0.18524 0.25847
vt 0.40259 0.41348
vt 0.23756 0.29276
vt 0.54630 0.35246
vt 0.17867 0.52228
vt 0.67655 0.62047
vt 0.98808 0.83467
vt 0.66283 0.62746
vt 0.89374 0.60804
vt 0.85500 0.15092
vt 0.49386 0.06885
vt 0.47143 0.42308
vt 0.37276 0.12340
vt 0.86272 0.15968
vt 0.45570 0.06530
vt 0.37066 0.11944
vt 0.86212 0.15573
vt 0.62247 0.80922
vt 0.70227 0.99658
vt 0.48735 0.41769
vt 0.70246 0.91240
vt 0.35565 0.23456
vt 0.49566 0.42616
vt 0.71076 0.91616
vt 0.21729 0.13916
vt 0.87043 0.18604
vt 0.35989 0.23284
vt 0.71278 0.91192
vt 0.72152 0.90827
vt 0.55029 0.02700
vt 0.63591 0.80973
vt 0.71571 0.98978
vt 0.73464 0.95415
vt 0.71426 0.97417
vt 0.30713 0.06201
vt 0.73629 0.96903
vt 0.73245 0.97489
vt 0.67167 0.02098
vt 0.66091 0.80497
vt 0.74072 0.97414
vt 0.32174 0.05504
vt 0.75091 0.96741
vt 0.77356 0.84971
vt 0.04979 0.50178
vt 0.90084 0.05239
vt 0.89823 0.16151
vt 0.05111 0.51457
vt 0.06494 0.50018
vt 0.90159 0.16136
vt 0.89677 0.05420
vt 0.88721 0.05334
vt 0.91185 0.16245
vt 0.19255 0.57656
vt 0.06474 0.50789
vt 0.48001 0.91196
vt 0.25388 0.04834
vt 0.91891 0.15812
vt 0.19960 0.57954
vt 0.22500 0.57869
vt 0.90283 0.07185
vt 0.75102 0.81241
vt 0.73002 0.28214
vt 0.76845 0.80646
vt 0.34049 0.82969
vt 0.26130 0.57843
vt 0.48169 0.03127
vt 0.27653 0.57762
vt 0.40594 0.82775
vt 0.14502 0.26232
vt 0.38549 0.17361
vt 0.42972 0.29357
vt 0.15620 0.26175
vt 0.87096 0.43695
vt 0.41028 0.28622
vt 0.17311 0.26075
vt 0.61820 0.62205
vt 0.10303 0.16568
vt 0.64235 0.61935
vt 0.55560 0.02611
vt 0.63275 0.80442
vt 0.64206 0.81095
vt 0.72186 0.98652
vt 0.47190 0.07549
vt 0.74244 0.89734
vt 0.74742 0.90334
vt 0.73925 0.89254
vt 0.75910 0.90425
vt 0.76889 0.88740
vt 0.01576 0.60780
vt 0.76890 0.95167
vt 0.00342 0.58307
vt 0.05746 0.50617
vt 0.79047 0.85554
vt 0.06669 0.50613
vt 0.23838 0.57559
vt 0.33715 0.58169
vt 0.25006 0.57411
vt 0.77433 0.81385
vt 0.01678 0.31707
vt 0.34918 0.83708
vt 0.36881 0.83290
vt 0.16065 0.25729
vt 0.36986 0.18227
vt 0.58278 0.63022
vt 0.20497 0.29856
vt 0.40587 0.40013
vt 0.52831 0.35567
vt 0.19666 0.52335
vt 0.52977 0.36572
vt 0.06950 0.69569
vt 0.68265 0.98375
vt 0.71248 0.62338
vt 0.51502 0.35116
vt 0.20995 0.52181
vt 0.48283 0.06412
vt 0.46040 0.42285
vt 0.70265 0.98104
vt 0.36865 0.13734
vt 0.44176 0.06119
vt 0.71738 0.97573
vt 0.73089 0.98060
vt 0.72633 0.92034
vt 0.74989 0.92695
vt 0.74065 0.95243
vt 0.45919 0.07542
vt 0.74879 0.91004
vt 0.76096 0.95093
vt 0.01646 0.58954
vt 0.78948 0.85215
vt 0.06570 0.49677
vt 0.78750 0.94681
vt 0.20741 0.56817
vt 0.49487 0.90946
vt 0.79624 0.94201
vt 0.75808 0.81246
vt 0.47314 0.03467
vt 0.63686 0.06100
vt 0.27313 0.56907
vt 0.40976 0.83629
vt 0.60791 0.95737
vt 0.63774 0.63006
vt 0.62917 0.62321
vt 0.14322 0.53708
vt 0.32666 0.40734
vt 0.90088 0.24863
vt 0.32726 0.41912
vt 0.90148 0.24124
vt 0.13954 0.52970
vt 0.32918 0.40366
vt 0.67234 0.62547
vt 0.52161 0.35534
vt 0.20336 0.52214
vt 0.46395 0.41947
vt 0.20978 0.50931
vt 0.23666 0.74893
vt 0.61128 0.81087
vt 0.69108 0.98297
vt 0.48655 0.41508
vt 0.70166 0.91893
vt 0.34870 0.22498
vt 0.70754 0.92311
vt 0.73686 0.98463
vt 0.45361 0.08057
vt 0.75170 0.91562
vt 0.75264 0.94097
vt 0.75306 0.92377
vt 0.77111 0.93073
vt 0.79031 0.94039
vt 0.80324 0.93050
vt 0.27319 0.34910
vt 0.82874 0.91770
vt 0.23192 0.56167
vt 0.92014 0.07666
vt 0.74086 0.27732
vt 0.91678 0.07083
vt 0.76497 0.81343
vt 0.73513 0.28316
vt 0.03546 0.32147
vt 0.75569 0.27918
vt 0.50745 0.05908
vt 0.35915 0.83218
vt 0.26233 0.56906
vt 0.54979 0.92591
vt 0.64050 0.05435
vt 0.41340 0.84164
vt 0.55394 0.93831
vt 0.39509 0.84095
vt 0.39963 0.84230
vt 0.38623 0.03467
vt 0.87953 0.43582
vt 0.41141 0.28326
vt 0.30937 0.02315
vt 0.41302 0.28718
vt 0.30948 0.02490
vt 0.38939 0.02667
vt 0.87153 0.43408
vt 0.41314 0.28641
vt 0.86030 0.45771
vt 0.57656 0.62888
vt 0.16869 0.25253
vt 0.36182 0.18408
vt 0.19806 0.24901
vt 0.58019 0.94609
vt 0.71845 0.34800
vt 0.58825 0.97549
vt 0.61808 0.62497
vt 0.59889 0.96513
vt 0.62872 0.62762
vt 0.11863 0.17822
vt 0.99250 0.82698
vt 0.65816 0.63189
vt 0.33542 0.41625
vt 0.90964 0.24373
vt 0.05772 0.04381
vt 0.13749 0.53625
vt 0.91909 0.24781
vt 0.17763 0.50928
vt 0.23253 0.78108
vt 0.69488 0.97950
vt 0.60865 0.81786
vt 0.68846 0.97733
vt 0.72822 0.92848
vt 0.71793 0.95067
vt 0.73176 0.95325
vt 0.71514 0.94394
vt 0.08447 0.06299
vt 0.71609 0.93860
vt 0.77159 0.92238
vt 0.77001 0.89186
vt 0.01465 0.61225
vt 0.79813 0.54397
vt 0.24789 0.01979
vt 0.50400 0.02272
vt 0.03491 0.59205
vt 0.02597 0.49106
vt 0.77917 0.93291
vt 0.78444 0.94073
vt 0.50146 0.05901
vt 0.03004 0.31598
vt 0.36243 0.83817
vt 0.24662 0.56509
vt 0.53408 0.91609
vt 0.38124 0.16280
vt 0.44053 0.28198
vt 0.87374 0.44496
vt 0.56312 0.62774
vt 0.40226 0.28404
vt 0.17874 0.24887
vt 0.71831 0.33614
vt 0.22731 0.77738
vt 0.65293 0.96165
vt 0.68276 0.62678
vt 0.44302 0.40946
vt 0.34814 0.21902
vt 0.09940 0.06207
vt 0.70923 0.92367
vt 0.74007 0.94868
vt 0.74967 0.91528
vt 0.08369 0.49886
vt 0.49896 0.91265
vt 0.55771 0.63374
vt 0.40050 0.27804
vt 0.43886 0.27562
vt 0.37138 0.15851
vt 0.21146 0.10512
vt 0.70666 0.30102
vt 0.16422 0.25090
vt 0.36629 0.17668
vt 0.72034 0.31919
vt 0.15833 0.24533
vt 0.71478 0.31996
vt 0.58609 0.97130
vt 0.61592 0.62915
vt 0.12769 0.52802
vt 0.34098 0.39181
vt 0.65030 0.95796
vt 0.68014 0.62984
vt 0.65289 0.95747
vt 0.68273 0.63088
vt 0.66265 0.96017
vt 0.43408 0.10824
vt 0.66096 0.97262
vt 0.69079 0.63392
vt 0.45420 0.11409
vt 0.68108 0.96998
vt 0.69820 0.96568
vt 0.09610 0.06113
vt 0.71074 0.92698
vt 0.78655 0.91674
vt 0.81467 0.54682
vt 0.77421 0.90282
vt 0.80233 0.54695
vt 0.77739 0.90099
vt 0.80552 0.54686
vt 0.78526 0.85145
vt 0.06149 0.49539
vt 0.05810 0.49743
vt 0.73558 0.81723
vt 0.23739 0.35009
vt 0.81075 0.91347
vt 0.83888 0.55186
vt 0.26345 0.34571
vt 0.23939 0.56633
vt 0.52685 0.91329
vt 0.05801 0.31547
vt 0.77824 0.28517
vt 0.76715 0.28634
vt 0.04456 0.30534
vt 0.37695 0.84881
vt 0.20535 0.24644
vt 0.17317 0.29062
vt 0.58748 0.94822
vt 0.20304 0.28797
vt 0.22516 0.28743
vt 0.23731 0.28703
vt 0.64741 0.95535
vt 0.67725 0.63453
vt 0.41385 0.40179
vt 0.06262 0.70861
vt 0.21887 0.77038
vt 0.46124 0.10999
vt 0.99386 0.02735
vt 0.68812 0.96801
vt 0.02570 0.48734
vt 0.78393 0.90284
vt 0.81206 0.54666
vt 0.79896 0.91353
vt 0.79560 0.90316
vt 0.82372 0.55041
vt 0.73762 0.81822
vt 0.24200 0.34911
vt 0.74861 0.81911
vt 0.72803 0.28884
vt 0.77004 0.29809
vt 0.30518 0.09832
vt 0.53464 0.96950
vt 0.57922 0.95913
vt 0.58783 0.96923
vt 0.58220 0.95585
vt 0.58049 0.95539
vt 0.71688 0.35730
vt 0.58988 0.96794
vt 0.61020 0.95455
vt 0.64003 0.63396
vt 0.66942 0.63219
vt 0.34637 0.39482
vt 0.92059 0.23709
vt 0.64525 0.95120
vt 0.10074 0.70646
vt 0.23102 0.73227
vt 0.69959 0.92344
vt 0.34332 0.22105
vt 0.70432 0.92849
vt 0.02135 0.61869
vt 0.79143 0.55049
vt 0.04178 0.60790
vt 0.77100 0.55766
vt 0.01770 0.62646
vt 0.79507 0.55867
vt 0.06253 0.49458
vt 0.05902 0.47997
vt 0.81361 0.55947
vt 0.74223 0.82489
vt 0.25111 0.34244
vt 0.23317 0.55598
vt 0.52063 0.91618
vt 0.28296 0.34127
vt 0.82064 0.90792
vt 0.84876 0.55767
vt 0.74748 0.29505
vt 0.77757 0.29620
vt 0.53828 0.92519
vt 0.57568 0.95698
vt 0.60552 0.63731
vt 0.71266 0.35889
vt 0.19145 0.28558
vt 0.58881 0.92995
vt 0.16469 0.08248
vt 0.60348 0.94782
vt 0.39995 0.40880
vt 0.24048 0.28808
vt 0.62742 0.93941
vt 0.65725 0.63977
vt 0.43350 0.40403
vt 0.64860 0.88762
vt 0.11761 0.54272
vt 0.92914 0.25428
vt 0.45420 0.40608
vt 0.66930 0.89848
vt 0.98584 0.02837
vt 0.03128 0.03716
vt 0.68010 0.95740
vt 0.66568 0.95555
vt 0.36193 0.05420
vt 0.16064 0.05420
vt 0.36121 0.04950
vt 0.16136 0.04950
vt 0.08758 0.71042
vt 0.22654 0.74543
vt 0.99103 0.03467
vt 0.02295 0.04346
vt 0.33545 0.07178
vt 0.68529 0.96573
vt 0.24170 0.02588
vt 0.51019 0.02881
vt 0.04110 0.59814
vt 0.03086 0.61723
vt 0.78191 0.55519
vt 0.83673 0.55987
vt 0.10818 0.49128
vt 0.52345 0.92279
vt 0.28612 0.33521
vt 0.85416 0.56373
vt 0.51753 0.97314
vt 0.40466 0.85131
vt 0.55190 0.94704
vt 0.38457 0.14743
vt 0.22254 0.11831
vt 0.45590 0.26925
vt 0.37384 0.14551
vt 0.11084 0.04999
vt 0.22446 0.10758
vt 0.70756 0.31358
vt 0.15381 0.08380
vt 0.59260 0.95263
vt 0.21501 0.28399
vt 0.59433 0.90638
vt 0.61021 0.95287
vt 0.64004 0.63774
vt 0.61887 0.94837
vt 0.64870 0.63871
vt 0.39692 0.40140
vt 0.23930 0.28067
vt 0.03452 0.04239
vt 0.30420 0.03760
vt 0.68142 0.95416
vt 0.69443 0.94965
vt 0.07745 0.49095
vt 0.80627 0.07296
vt 0.08296 0.48114
vt 0.73589 0.82611
vt 0.24448 0.34122
vt 0.25529 0.34126
vt 0.07378 0.30628
vt 0.79402 0.29437
vt 0.32915 0.10205
vt 0.53881 0.94553
vt 0.06396 0.30112
vt 0.39636 0.85303
vt 0.54925 0.95535
vt 0.71109 0.32971
vt 0.70151 0.32642
vt 0.70329 0.34347
vt 0.20417 0.28147
vt 0.59584 0.91723
vt 0.06090 0.04639
vt 0.92167 0.24913
vt 0.04834 0.04164
vt 0.91692 0.24854
vt 0.12194 0.54957
vt 0.92735 0.26112
vt 0.65567 0.94956
vt 0.07263 0.71143
vt 0.22495 0.76038
vt 0.68429 0.92225
vt 0.33936 0.21051
vt 0.68839 0.93245
vt 0.34099 0.21273
vt 0.24847 0.02078
vt 0.50342 0.02371
vt 0.03717 0.58321
vt 0.02371 0.48464
vt 0.49129 0.04899
vt 0.81923 0.07834
vt 0.09592 0.48435
vt 0.51119 0.92485
vt 0.75507 0.29988
vt 0.52542 0.98447
vt 0.44732 0.05390
vt 0.78760 0.11420
vt 0.74170 0.05908
vt 0.41833 0.25284
vt 0.69103 0.32751
vt 0.62441 0.02691
vt 0.20840 0.11904
vt 0.44175 0.26473
vt 0.17421 0.09131
vt 0.61300 0.94837
vt 0.68569 0.22607
vt 0.93042 0.24006
vt 0.43891 0.40157
vt 0.78008 0.55868
vt 0.80857 0.56347
vt 0.06725 0.47771
vt 0.48252 0.92324
vt 0.80225 0.07899
vt 0.07894 0.48092
vt 0.53219 0.93075
vt 0.77715 0.30242
vt 0.31228 0.09400
vt 0.59969 0.93807
vt 0.60630 0.94239
vt 0.69991 0.19009
vt 0.56387 0.10184
vt 0.69924 0.17944
vt 0.95654 0.05322
vt 0.55322 0.10940
vt 0.35586 0.44287
vt 0.69995 0.18135
vt 0.34923 0.44097
vt 0.70628 0.18892
vt 0.34928 0.43339
vt 0.61935 0.92277
vt 0.43584 0.39257
vt 0.65095 0.89686
vt 0.67271 0.94891
vt 0.30886 0.03198
vt 0.35169 0.06723
vt 0.68187 0.94949
vt 0.67149 0.91180
vt 0.31490 0.03476
vt 0.69262 0.94345
vt 0.03792 0.58640
vt 0.78289 0.55851
vt 0.02679 0.48210
vt 0.03641 0.48220
vt 0.77890 0.56878
vt 0.84303 0.56768
vt 0.50639 0.97209
vt 0.48809 0.05322
vt 0.82014 0.08154
vt 0.09684 0.48858
vt 0.47900 0.04243
vt 0.09794 0.47779
vt 0.51320 0.93714
vt 0.69945 0.31262
vt 0.57414 0.65539
vt 0.69457 0.34687
vt 0.59954 0.91443
vt 0.39639 0.39560
vt 0.24044 0.27487
vt 0.61150 0.88096
vt 0.71588 0.20110
vt 0.35439 0.42122
vt 0.65759 0.94072
vt 0.66462 0.94328
vt 0.67281 0.94244
vt 0.34245 0.06544
vt 0.66904 0.95873
vt 0.66394 0.91028
vt 0.68005 0.93591
vt 0.69522 0.94489
vt 0.05297 0.08643
vt 0.06679 0.57904
vt 0.05971 0.58681
vt 0.06869 0.58725
vt 0.06251 0.59470
vt 0.05397 0.60229
vt 0.04212 0.58558
vt 0.01875 0.47903
vt 0.03810 0.58251
vt 0.02278 0.48246
vt 0.80217 0.56513
vt 0.79768 0.56656
vt 0.08635 0.48142
vt 0.50162 0.92718
vt 0.27704 0.33095
vt 0.74189 0.83936
vt 0.74297 0.30908
vt 0.26267 0.32797
vt 0.51318 0.99658
vt 0.51894 0.94101
vt 0.21128 0.12061
vt 0.44463 0.26352
vt 0.55927 0.65317
vt 0.39600 0.25860
vt 0.61226 0.93535
vt 0.60478 0.89953
vt 0.23099 0.27670
vt 0.60349 0.89041
vt 0.39953 0.39044
vt 0.61464 0.88355
vt 0.65066 0.94295
vt 0.11529 0.54917
vt 0.66619 0.91527
vt 0.08475 0.58538
vt 0.06764 0.16162
vt 0.08028 0.57955
vt 0.05172 0.08233
vt 0.06329 0.57494
vt 0.07020 0.56663
vt 0.05146 0.59191
vt 0.05862 0.61053
vt 0.75415 0.56611
vt 0.05582 0.47793
vt 0.47109 0.93049
vt 0.80688 0.57584
vt 0.47024 0.97095
vt 0.29592 0.33262
vt 0.52071 0.96334
vt 0.11438 0.05322
vt 0.22123 0.11112
vt 0.62256 0.03369
vt 0.20654 0.11225
vt 0.69891 0.30594
vt 0.69789 0.32273
vt 0.60697 0.90406
vt 0.70556 0.20575
vt 0.57953 0.10976
vt 0.42485 0.39614
vt 0.63996 0.89086
vt 0.70596 0.22266
vt 0.35669 0.39966
vt 0.93091 0.21979
vt 0.93664 0.25459
vt 0.65046 0.90218
vt 0.11219 0.53044
vt 0.35972 0.37631
vt 0.67062 0.93132
vt 0.08315 0.59451
vt 0.05850 0.15924
vt 0.72963 0.57030
vt 0.07480 0.59602
vt 0.73798 0.56954
vt 0.75727 0.57671
vt 0.82842 0.57099
vt 0.49179 0.96572
vt 0.49841 0.93010
vt 0.49820 0.93744
vt 0.50647 0.93418
vt 0.50766 0.96790
vt 0.29542 0.32795
vt 0.52168 0.96384
vt 0.30065 0.33409
vt 0.52172 0.95860
vt 0.30529 0.32837
vt 0.70792 0.04443
vt 0.52118 0.95397
vt 0.12286 0.04183
vt 0.23263 0.11959
vt 0.11497 0.04472
vt 0.22974 0.11170
vt 0.69761 0.33981
vt 0.68451 0.22017
vt 0.94408 0.24124
vt 0.65207 0.92997
vt 0.65666 0.90505
vt 0.65569 0.90602
vt 0.36650 0.37316
vt 0.65919 0.92238
vt 0.66853 0.92709
vt 0.06549 0.14640
vt 0.72021 0.58314
vt 0.03369 0.06949
vt 0.05470 0.56210
vt 0.58931 0.15749
vt 0.76901 0.57079
vt 0.03343 0.47229
vt 0.27575 0.32508
vt 0.51307 0.98350
vt 0.43756 0.25727
vt 0.62257 0.02977
vt 0.20656 0.11617
vt 0.63063 0.03104
vt 0.44797 0.25664
vt 0.69483 0.29787
vt 0.69314 0.33747
vt 0.95963 0.05305
vt 0.55339 0.10931
vt 0.96615 0.04186
vt 0.56458 0.11764
vt 0.36409 0.43151
vt 0.36299 0.42624
vt 0.63676 0.92383
vt 0.62946 0.91853
vt 0.41453 0.39150
vt 0.62963 0.89221
vt 0.68826 0.21116
vt 0.01287 0.12744
vt 0.00342 0.15869
vt 0.74001 0.09717
vt 0.36541 0.41116
vt 0.70619 0.20171
vt 0.57549 0.11840
vt 0.00342 0.10951
vt 0.36485 0.42061
vt 0.64426 0.92470
vt 0.93666 0.26475
vt 0.11875 0.55713
vt 0.93773 0.26869
vt 0.67003 0.92703
vt 0.10859 0.53992
vt 0.10546 0.54444
vt 0.10041 0.55099
vt 0.10914 0.56530
vt 0.08772 0.15867
vt 0.93421 0.27686
vt 0.36700 0.91327
vt 0.09929 0.55185
vt 0.44630 0.10107
vt 0.09677 0.57092
vt 0.08210 0.15874
vt 0.07335 0.15878
vt 0.08673 0.54793
vt 0.55728 0.16152
vt 0.43883 0.09716
vt 0.06776 0.56198
vt 0.57625 0.16650
vt 0.74634 0.57713
vt 0.04318 0.57859
vt 0.01770 0.47130
vt 0.78044 0.58244
vt 0.04010 0.46736
vt 0.45537 0.93375
vt 0.47650 0.94517
vt 0.49116 0.93102
vt 0.51045 0.94002
vt 0.42702 0.25126
vt 0.68945 0.31882
vt 0.61683 0.90642
vt 0.11446 0.54442
vt 0.09060 0.53287
vt 0.43300 0.08209
vt 0.37160 0.35472
vt 0.08433 0.54769
vt 0.44157 0.09691
vt 0.73267 0.57480
vt 0.07705 0.59817
vt 0.73573 0.57249
vt 0.05234 0.57398
vt 0.59167 0.16413
vt 0.25613 0.09521
vt 0.00853 0.47105
vt 0.79817 0.57687
vt 0.46154 0.96771
vt 0.46561 0.93750
vt 0.55615 0.66943
vt 0.69913 0.03761
vt 0.44060 0.05420
vt 0.41161 0.24234
vt 0.69422 0.30459
vt 0.62199 0.89566
vt 0.62580 0.91107
vt 0.62111 0.89372
vt 0.63694 0.90940
vt 0.03067 0.10987
vt 0.36720 0.39335
vt 0.82096 0.57426
vt 0.48433 0.95675
vt 0.81266 0.57699
vt 0.47603 0.96540
vt 0.83181 0.57466
vt 0.49517 0.95797
vt 0.49302 0.94644
vt 0.71066 0.04389
vt 0.51328 0.95123
vt 0.50340 0.94548
vt 0.70910 0.03534
vt 0.51441 0.95279
vt 0.68862 0.32262
vt 0.68474 0.30435
vt 0.01133 0.10641
vt 0.36687 0.41270
vt 0.36692 0.38707
vt 0.10117 0.52755
vt 0.36804 0.36529
vt 0.81368 0.57579
vt 0.47705 0.96075
vt 0.49200 0.95207
vt 0.70723 0.03674
vt 0.51882 0.95466
vt 0.56729 0.66625
vt 0.68799 0.04443
vt 0.68372 0.34105
vt 0.43712 0.24370
vt 0.68189 0.30872
vt 0.57270 0.12158
vt 0.36804 0.42339
vt 0.01700 0.11543
vt 0.36572 0.40703
vt 0.94948 0.26525
vt 0.35552 0.90167
vt 0.36880 0.38170
vt 0.36742 0.37139
vt 0.09733 0.52831
vt 0.36899 0.36145
vt 0.40186 0.03076
vt 0.74022 0.58282
vt 0.57017 0.15711
vt 0.58109 0.14455
vt 0.56134 0.09318
vt 0.41322 0.90490
vt 0.74091 0.58289
vt 0.81344 0.57883
vt 0.47681 0.95829
vt 0.49258 0.94193
vt 0.94453 0.27151
vt 0.43045 0.08293
vt 0.37415 0.35442
vt 0.38585 0.88168
vt 0.43702 0.09076
vt 0.56047 0.15685
vt 0.43415 0.09596
vt 0.58931 0.15328
vt 0.24528 0.08463
vt 0.75351 0.58553
vt 0.24562 0.08824
vt 0.00562 0.46055
vt 0.42089 0.91498
vt 0.70654 0.03418
vt 0.51744 0.95535
vt 0.69628 0.04413
vt 0.43408 0.05135
vt 0.79695 0.12744
vt 0.68168 0.34075
vt 0.45247 0.24050
vt 0.46135 0.23972
vt 0.67791 0.28449
vt 0.94600 0.25247
vt 0.37624 0.37213
vt 0.76197 0.59203
vt 0.42534 0.97162
vt 0.01414 0.45407
vt 0.42941 0.92495
vt 0.03186 0.46422
vt 0.79600 0.58713
vt 0.45937 0.95971
vt 0.45341 0.94290
vt 0.42780 0.23697
vt 0.67516 0.31804
vt 0.00464 0.14805
vt 0.37207 0.41237
vt 0.37933 0.38643
vt 0.37705 0.36488
vt 0.96292 0.03467
vt 0.55518 0.14603
vt 0.42334 0.09046
vt 0.38731 0.88921
vt 0.03403 0.45766
vt 0.44930 0.93769
vt 0.44874 0.23809
vt 0.67628 0.29710
vt 0.00477 0.15619
vt 0.74252 0.08239
vt 0.21912 0.08643
vt 0.40538 0.17350
vt 0.78035 0.58818
vt 0.44372 0.96171
vt 0.46326 0.95314
vt 0.75598 0.05856
vt 0.76318 0.05076
vt 0.67774 0.31324
vt 0.23931 0.04665
vt 0.94019 0.04680
vt 0.56592 0.02680
vt 0.79248 0.03564
vt 0.03775 0.14690
vt 0.22998 0.04268
vt 0.94952 0.04580
vt 0.56989 0.02580
vt 0.80181 0.03167
vt 0.25928 0.07764
vt 0.45459 0.04639
vt 0.83936 0.10000
vt 0.61865 0.11572
vt 0.24249 0.05029
vt 0.93701 0.05322
vt 0.57283 0.02979
vt 0.26222 0.06514
vt 0.03084 0.14989
vt 0.79439 0.02792
vt 0.03003 0.13849
vt 0.45834 0.03897
vt 0.02287 0.13481
vt 0.46550 0.03530
vt 0.85027 0.10791
vt 0.27669 0.07463
vt 0.01637 0.14551
vt 0.63606 0.11534
vt 0.00342 0.07876
vt 0.20752 0.07575
vt 0.00921 0.13499
vt 0.38405 0.41695
vt 0.86393 0.09938
vt 0.64322 0.10482
vt 0.01058 0.08238
vt 0.95372 0.27493
vt 0.36081 0.91135
vt 0.38421 0.38072
vt 0.35955 0.87523
vt 0.09085 0.13593
vt 0.36567 0.91014
vt 0.55089 0.09424
vt 0.40278 0.90189
vt 0.66846 0.22212
vt 0.72021 0.07927
vt 0.95752 0.25729
vt 0.39307 0.19580
vt 0.34006 0.89371
vt 0.40786 0.02781
vt 0.73921 0.58883
vt 0.58883 0.14189
vt 0.23389 0.08598
vt 0.42096 0.91272
vt 0.81407 0.10629
vt 0.74961 0.05292
vt 0.77637 0.05713
vt 0.66455 0.31960
vt 0.38426 0.36895
vt 0.37131 0.87564
vt 0.38318 0.35744
vt 0.95679 0.02724
vt 0.38282 0.87535
vt 0.42360 0.08622
vt 0.38435 0.88497
vt 0.41058 0.02541
vt 0.73872 0.59154
vt 0.75375 0.59473
vt 0.22705 0.02686
vt 0.41712 0.96506
vt 0.00342 0.44667
vt 0.41868 0.91846
vt 0.04085 0.06201
vt 0.43189 0.95478
vt 0.38516 0.40469
vt 0.02284 0.08350
vt 0.22694 0.07791
vt 0.39756 0.16498
vt 0.33557 0.86289
vt 0.96102 0.25509
vt 0.35727 0.89150
vt 0.06783 0.12756
vt 0.39464 0.93316
vt 0.05518 0.13516
vt 0.73298 0.59437
vt 0.87646 0.11017
vt 0.39635 0.94581
vt 0.54053 0.09007
vt 0.39241 0.89847
vt 0.02782 0.05121
vt 0.44491 0.94398
vt 0.02686 0.05346
vt 0.44588 0.94624
vt 0.77633 0.04970
vt 0.66460 0.31217
vt 0.73395 0.05656
vt 0.42325 0.16836
vt 0.72143 0.07155
vt 0.43577 0.18335
vt 0.29736 0.88126
vt 0.71924 0.07178
vt 0.43796 0.18358
vt 0.41547 0.17783
vt 0.31766 0.87574
vt 0.96303 0.26044
vt 0.35724 0.89686
vt 0.38854 0.39479
vt 0.34547 0.86670
vt 0.38538 0.36462
vt 0.95459 0.03441
vt 0.37564 0.87944
vt 0.37989 0.89326
vt 0.75656 0.59807
vt 0.22986 0.02351
vt 0.41993 0.96363
vt 0.42821 0.95944
vt 0.43812 0.93827
vt 0.43267 0.93466
vt 0.41308 0.16963
vt 0.35283 0.88637
vt 0.36182 0.88155
vt 0.96100 0.27245
vt 0.36357 0.90886
vt 0.74672 0.59637
vt 0.42421 0.93065
vt 0.43053 0.93635
vt 0.43540 0.94219
vt 0.44128 0.94694
vt 0.41447 0.16235
vt 0.31866 0.86026
vt 0.34347 0.86843
vt 0.37011 0.87962
vt 0.38747 0.92503
vt 0.39553 0.91159
vt 0.75038 0.59912
vt 0.41375 0.95402
vt 0.23464 0.02425
vt 0.42470 0.96199
vt 0.32759 0.87288
vt 0.36653 0.88404
vt 0.90271 0.11766
vt 0.41408 0.91957
vt 0.42924 0.94348
vt 0.43461 0.94783
vt 0.43286 0.94177
vt 0.42840 0.17037
vt 0.30473 0.86828
vt 0.36360 0.88833
vt 0.39671 0.92190
vt 0.88635 0.12061
vt 0.40475 0.93593
vt 0.89254 0.11493
vt 0.40678 0.92974
vt 0.42407 0.94472
vt 0.42438 0.93810
vt 0.41483 0.92550
vt 0.31263 0.86403
vn -0.9397 -0.0524 0.3379
vn -0.9944 -0.1055 0.0109
vn -0.7822 -0.6112 0.1208
vn -0.7822 -0.6112 0.1208
vn -0.7822 -0.6112 0.1208
vn -0.3397 -0.9402 0.0266
vn -0.3397 -0.9402 0.0266
vn -0.7407 -0.0256 0.6714
vn -0.7407 -0.0256 0.6714
vn -0.7407 -0.0256 0.6714
vn -0.9136 0.1520 -0.3772
vn -0.9136 0.1520 -0.3772
vn -0.4325 -0.4305 0.7922
vn -0.4325 -0.4305 0.7922
vn -0.6049 0.6704 -0.4298
vn -0.6049 0.6704 -0.4298
vn -0.6049 0.6704 -0.4298
vn -0.9688 0.2177 -0.1185
vn -0.9688 0.2177 -0.1185
vn -0.9688 0.2177 -0.1185
vn -0.8945 0.1034 -0.4349
vn -0.8945 0.1034 -0.4349
vn -0.9649 -0.2097 -0.1582
vn -0.9933 0.0977 0.0611
vn -0.8971 0.1629 0.4108
vn -0.9930 -0.0723 0.0938
vn -0.9574 0.2615 0.1223
vn -0.9574 0.2615 0.1223
vn -0.9170 -0.0737 -0.3921
vn -0.6451 0.0499 0.7625
vn -0.6451 0.0499 0.7625
vn -0.7392 -0.4943 -0.4574
vn -0.4927 -0.3451 0.7989
vn -0.4927 -0.3451 0.7989
vn -0.3693 -0.6252 0.6876
vn -0.3693 -0.6252 0.6876
vn -0.6783 0.0744 -0.7310
vn -0.6783 0.0744 -0.7310
vn -0.2767 -0.7791 -0.5625
vn -0.2767 -0.7791 -0.5625
vn -0.2767 -0.7791 -0.5625
vn -0.2293 0.2920 0.9285
vn -0.2293 0.2920 0.9285
vn -0.8038 0.2568 0.5367
vn -0.9718 0.1847 0.1466
vn -0.7536 -0.2546 -0.6061
vn -0.7536 -0.2546 -0.6061
vn -0.6216 0.1910 0.7597
vn -0.6216 0.1910 0.7597
vn -0.5521 0.6677 0.4993
vn -0.5521 0.6677 0.4993
vn -0.2722 0.5216 0.8086
vn -0.7587 -0.6321 0.1574
vn -0.7587 -0.6321 0.1574
vn -0.7587 -0.6321 0.1574
vn -0.7587 -0.6321 0.1574
vn -0.6830 -0.0011 -0.7304
vn -0.6830 -0.0011 -0.7304
vn -0.6830 -0.0011 -0.7304
vn -0.1636 0.9154 -0.3678
vn -0.7512 0.2018 0.6285
vn -0.9262 -0.2523 -0.2801
vn -0.9953 0.0967 -0.0041
vn -0.9881 0.0305 0.1507
vn -0.9881 0.0305 0.1507
vn -0.9921 -0.0248 -0.1232
vn -0.7659 0.6419 -0.0378
vn -0.7659 0.6419 -0.0378
vn -0.4717 0.8051 0.3597
vn -0.4717 0.8051 0.3597
vn -0.0694 0.2410 -0.9680
vn -0.2869 -0.6612 0.6932
vn -0.2869 -0.6612 0.6932
vn -0.1398 -0.2136 -0.9669
vn -0.1398 -0.2136 -0.9669
vn -0.5037 0.0276 -0.8635
vn -0.5037 0.0276 -0.8635
vn -0.8731 0.0948 -0.4783
vn -0.8731 0.0948 -0.4783
vn -0.8731 0.0948 -0.4783
vn -0.7988 0.3517 0.4881
vn -0.7988 0.3517 0.4881
vn -0.4269 0.4317 0.7946
vn -0.4269 0.4317 0.7946
vn -0.5679 -0.3230 -0.7571
vn -0.5679 -0.3230 -0.7571
vn -0.5679 -0.3230 -0.7571
vn 0.0000 0.0000 0.0000
vn 0.0000 0.0000 0.0000
vn -0.2715 0.7958 0.5412
vn -0.2715 0.7958 0.5412
vn -0.2715 0.7958 0.5412
vn -0.2776 0.1205 0.9531
vn -0.2776 0.1205 0.9531
vn -0.2776 0.1205 0.9531
vn 0.0431 -0.9550 0.2935
vn 0.0431 -0.9550 0.2935
vn 0.0431 -0.9550 0.2935
vn -0.7655 -0.4536 0.4563
vn -0.7655 -0.4536 0.4563
vn -0.1131 -0.4066 0.9066
vn -0.1131 -0.4066 0.9066
vn -0.1131 -0.4066 0.9066
vn 0.0408 0.9979 0.0501
vn 0.0408 0.9979 0.0501
vn -0.5255 0.3705 0.7659
vn -0.5255 0.3705 0.7659
vn -0.1897 0.3690 0.9099
vn -0.9350 0.2363 -0.2644
vn 0.0688 -0.8063 0.5875
vn 0.0688 -0.8063 0.5875
vn -0.0007 -0.9012 -0.4334
vn -0.0007 -0.9012 -0.4334
vn -0.0115 0.7830 -0.6219
vn 0.0045 0.8028 0.5962
vn 0.3950 0.1091 0.9122
vn 0.3950 0.1091 0.9122
vn 0.0792 0.2450 0.9663
vn -0.5585 -0.6174 -0.5540
vn -0.5585 -0.6174 -0.5540
vn -0.9445 0.2691 -0.1884
vn -0.8210 0.4646 0.3318
vn -0.8210 0.4646 0.3318
vn -0.5401 -0.6737 -0.5043
vn -0.5401 -0.6737 -0.5043
vn -0.5401 -0.6737 -0.5043
vn -0.5401 -0.6737 -0.5043
vn -0.5496 0.2566 -0.7950
vn -0.5496 0.2566 -0.7950
vn 0.2130 -0.6348 -0.7428
vn 0.2130 -0.6348 -0.7428
vn 0.2130 -0.6348 -0.7428
vn 0.3480 -0.8962 -0.2751
vn 0.3480 -0.8962 -0.2751
vn -0.0801 0.9783 -0.1912
vn -0.6089 -0.6671 -0.4293
vn -0.6089 -0.6671 -0.4293
vn -0.7219 -0.5972 -0.3495
vn -0.7219 -0.5972 -0.3495
vn -0.8330 0.5133 -0.2066
vn -0.8330 0.5133 -0.2066
vn -0.5782 0.5540 -0.5990
vn -0.4260 -0.5956 -0.6810
vn -0.4260 -0.5956 -0.6810
vn -0.9266 0.1473 -0.3460
vn -0.2077 0.8559 0.4736
vn -0.2077 0.8559 0.4736
vn -0.9847 0.0929 0.1477
vn -0.9583 0.1589 0.2377
vn -0.1090 -0.8469 -0.5205
vn -0.1090 -0.8469 -0.5205
vn 0.7782 -0.2807 -0.5618
vn 0.7782 -0.2807 -0.5618
vn 0.7782 -0.2807 -0.5618
vn -0.1760 0.0153 -0.9843
vn 0.4751 0.7547 -0.4524
vn 0.4751 0.7547 -0.4524
vn -0.2753 -0.5690 -0.7749
vn -0.6703 -0.6020 -0.4340
vn -0.6703 -0.6020 -0.4340
vn 0.2927 0.0943 0.9516
vn -0.0694 0.3391 -0.9382
vn -0.0694 0.3391 -0.9382
vn 0.3190 0.8000 0.5081
vn 0.3190 0.8000 0.5081
vn 0.3190 0.8000 0.5081
vn 0.3187 -0.5957 -0.7372
vn 0.3187 -0.5957 -0.7372
vn -0.1175 -0.3735 -0.9201
vn -0.1304 0.6604 0.7395
vn -0.1304 0.6604 0.7395
vn -0.1304 0.6604 0.7395
vn -0.9280 0.2299 -0.2932
vn -0.9282 0.3702 -0.0368
vn -0.1307 0.5868 0.7991
vn -0.1307 0.5868 0.7991
vn -0.9929 -0.0494 0.1079
vn -0.9232 -0.3444 -0.1704
vn 0.7618 -0.6462 0.0455
vn 0.1260 -0.6971 -0.7058
vn 0.1260 -0.6971 -0.7058
vn 0.8082 0.1712 0.5634
vn 0.8082 0.1712 0.5634
vn 0.8082 0.1712 0.5634
vn 0.8082 0.1712 0.5634
vn 0.5536 -0.5013 -0.6650
vn 0.5536 -0.5013 -0.6650
vn 0.5536 -0.5013 -0.6650
vn 0.3328 0.3661 0.8690
vn -0.3996 -0.5336 -0.7454
vn -0.3996 -0.5336 -0.7454
vn -0.3996 -0.5336 -0.7454
vn -0.8150 0.2604 -0.5176
vn -0.8150 0.2604 -0.5176
vn -0.4029 0.7406 0.5378
vn -0.4029 0.7406 0.5378
vn -0.6171 0.4999 0.6077
vn -0.6171 0.4999 0.6077
vn -0.8952 0.3177 0.3126
vn 0.3002 0.1477 0.9424
vn 0.3002 0.1477 0.9424
vn 0.3002 0.1477 0.9424
vn -0.4626 -0.1612 0.8718
vn -0.4626 -0.1612 0.8718
vn -0.5147 -0.8370 -0.1858
vn -0.0283 0.7885 0.6144
vn -0.0283 0.7885 0.6144
vn -0.8534 0.3720 -0.3650
vn -0.8534 0.3720 -0.3650
vn 0.5962 -0.6285 -0.4995
vn 0.5962 -0.6285 -0.4995
vn 0.7132 0.5461 0.4395
vn 0.7132 0.5461 0.4395
vn -0.8288 0.3201 0.4588
vn -0.8288 0.3201 0.4588
vn 0.3354 0.8070 0.4861
vn 0.3354 0.8070 0.4861
vn 0.1675 0.5858 0.7930
vn 0.5258 0.5803 -0.6219
vn 0.5258 0.5803 -0.6219
vn 0.3354 0.3102 0.8896
vn 0.8483 0.4735 0.2373
vn 0.8483 0.4735 0.2373
vn 0.8483 0.4735 0.2373
vn 0.8483 0.4735 0.2373
vn 0.1397 -0.7623 -0.6320
vn 0.1397 -0.7623 -0.6320
vn 0.1397 -0.7623 -0.6320
vn 0.1397 -0.7623 -0.6320
vn -0.7852 0.3584 -0.5050
vn -0.7852 0.3584 -0.5050
vn -0.8426 -0.5350 0.0614
vn -0.8426 -0.5350 0.0614
vn -0.9354 0.3339 0.1161
vn -0.9354 0.3339 0.1161
vn -0.9354 0.3339 0.1161
vn -0.9806 -0.1243 0.1515
vn -0.9806 -0.1243 0.1515
vn -0.9806 -0.1243 0.1515
vn -0.5384 -0.3984 -0.7426
vn -0.5384 -0.3984 -0.7426
vn -0.7230 0.1993 -0.6615
vn -0.7230 0.1993 -0.6615
vn -0.7230 0.1993 -0.6615
vn -0.3657 0.6950 0.6191
vn -0.3657 0.6950 0.6191
vn 0.7925 -0.5940 -0.1386
vn 0.7925 -0.5940 -0.1386
vn 0.9887 -0.0809 -0.1259
vn 0.9887 -0.0809 -0.1259
vn 0.3886 -0.0466 -0.9202
vn 0.2509 -0.2461 0.9362
vn 0.2509 -0.2461 0.9362
vn -0.0000 0.0000 0.0000
vn -0.0000 0.0000 0.0000
vn 0.9976 0.0664 0.0174
vn 0.9976 0.0664 0.0174
vn 0.9976 0.0664 0.0174
vn 0.9976 0.0664 0.0174
vn 0.9976 0.0664 0.0174
vn 0.9976 0.0664 0.0174
vn 0.9676 -0.1874 -0.1689
vn 0.9676 -0.1874 -0.1689
vn 0.7634 -0.4778 -0.4348
vn -0.0934 -0.2229 0.9704
vn -0.1853 0.6073 0.7725
vn 0.5817 -0.8042 -0.1221
vn 0.5817 -0.8042 -0.1221
vn -0.6251 -0.7437 -0.2370
vn -0.6251 -0.7437 -0.2370
vn -0.7142 0.6992 0.0325
vn -0.7142 0.6992 0.0325
vn -0.9549 0.2785 -0.1027
vn -0.9549 0.2785 -0.1027
vn -0.9941 0.1069 -0.0204
vn -0.9941 0.1069 -0.0204
vn -0.0370 0.7501 0.6603
vn -0.0370 0.7501 0.6603
vn -0.0370 0.7501 0.6603
vn -0.0370 0.7501 0.6603
vn -0.5399 -0.8111 -0.2251
vn -0.5399 -0.8111 -0.2251
vn -0.5399 -0.8111 -0.2251
vn -0.9827 0.0280 0.1832
vn 0.5464 0.6495 0.5288
vn 0.5464 0.6495 0.5288
vn -0.8648 0.3382 0.3712
vn 0.9412 -0.2348 -0.2429
vn 0.9454 -0.2787 0.1691
vn 0.9454 -0.2787 0.1691
vn 0.9454 -0.2787 0.1691
vn 0.9942 0.0168 0.1066
vn 0.9942 0.0168 0.1066
vn 0.7331 -0.5172 -0.4417
vn 0.4355 -0.7278 0.5297
vn 0.5829 0.7722 -0.2529
vn 0.5829 0.7722 -0.2529
vn 0.6077 0.7238 0.3268
vn 0.9237 0.3788 0.0574
vn 0.9803 0.1078 0.1655
vn 0.9803 0.1078 0.1655
vn 0.1628 0.4765 0.8640
vn 0.1628 0.4765 0.8640
vn 0.0913 -0.1723 -0.9808
vn 0.0913 -0.1723 -0.9808
vn 0.0913 -0.1723 -0.9808
vn 0.0108 -0.7006 -0.7134
vn 0.0108 -0.7006 -0.7134
vn 0.0108 -0.7006 -0.7134
vn -0.3778 0.1553 -0.9128
vn -0.6522 0.0273 0.7575
vn -0.6522 0.0273 0.7575
vn 0.4391 -0.8371 0.3261
vn 0.4391 -0.8371 0.3261
vn -0.6476 0.6622 -0.3770
vn -0.7981 0.4777 -0.3671
vn -0.7981 0.4777 -0.3671
vn -0.7981 0.4777 -0.3671
vn -0.0086 -0.9999 0.0115
vn -0.0086 -0.9999 0.0115
vn -0.3773 -0.6964 0.6104
vn -0.3773 -0.6964 0.6104
vn -0.3773 -0.6964 0.6104
vn -0.4388 0.8128 -0.3831
vn -0.4388 0.8128 -0.3831
vn -0.4388 0.8128 -0.3831
vn 0.0000 0.0000 -0.0000
vn 0.0000 0.0000 -0.0000
vn 0.7558 0.3403 0.5595
vn 0.7558 0.3403 0.5595
vn 0.7558 0.3403 0.5595
vn -0.8875 -0.4487 0.1047
vn -0.8875 -0.4487 0.1047
vn -0.8875 -0.4487 0.1047
vn 0.4545 0.4486 -0.7695
vn 0.9066 0.2130 -0.3643
vn 0.9066 0.2130 -0.3643
vn 0.9066 0.2130 -0.3643
vn 0.9066 0.2130 -0.3643
vn 0.1400 -0.1589 0.9773
vn 0.1400 -0.1589 0.9773
vn 0.1400 -0.1589 0.9773
vn 0.3207 -0.6488 0.6901
vn 0.3207 -0.6488 0.6901
vn 0.0018 -0.2986 0.9544
vn 0.0018 -0.2986 0.9544
vn 0.0018 -0.2986 0.9544
vn 0.0018 -0.2986 0.9544
vn 0.8110 -0.5210 -0.2663
vn 0.8110 -0.5210 -0.2663
vn 0.8110 -0.5210 -0.2663
vn 0.8110 -0.5210 -0.2663
vn 0.8927 -0.3207 -0.3167
vn 0.8927 -0.3207 -0.3167
vn 0.8927 -0.3207 -0.3167
vn 0.2356 0.8791 0.4143
vn 0.2356 0.8791 0.4143
vn -0.5945 0.3748 -0.7114
vn -0.8846 0.4652 -0.0338
vn -0.0387 -0.8993 -0.4357
vn -0.0387 -0.8993 -0.4357
vn -0.5701 0.4204 0.7059
vn -0.5701 0.4204 0.7059
vn -0.8589 0.0156 0.5119
vn -0.8589 0.0156 0.5119
vn -0.8589 0.0156 0.5119
vn 0.9938 0.0814 0.0751
vn 0.9938 0.0814 0.0751
vn 0.8773 -0.4795 0.0224
vn 0.8773 -0.4795 0.0224
vn 0.8807 -0.3536 -0.3151
vn 0.9997 0.0254 -0.0060
vn 0.3551 -0.8682 0.3466
vn 0.3551 -0.8682 0.3466
vn 0.3551 -0.8682 0.3466
vn 0.6520 0.3832 -0.6543
vn 0.6520 0.3832 -0.6543
vn 0.9668 0.2255 0.1199
vn 0.7097 0.3741 0.5969
vn 0.7898 0.2527 0.5589
vn 0.7898 0.2527 0.5589
vn 0.0856 -0.6845 -0.7240
vn 0.0856 -0.6845 -0.7240
vn 0.0755 0.2638 -0.9616
vn -0.8919 0.4521 -0.0075
vn -0.8919 0.4521 -0.0075
vn 0.5952 -0.4970 -0.6315
vn 0.5952 -0.4970 -0.6315
vn -0.3567 -0.3729 -0.8566
vn -0.3567 -0.3729 -0.8566
vn -0.3567 -0.3729 -0.8566
vn -0.8104 0.0053 0.5858
vn -0.8104 0.0053 0.5858
vn -0.7163 0.4793 -0.5072
vn -0.7163 0.4793 -0.5072
vn 0.6872 -0.2841 0.6686
vn 0.6872 -0.2841 0.6686
vn 0.6872 -0.2841 0.6686
vn -0.5651 -0.1053 0.8183
vn 0.7388 0.1693 -0.6523
vn 0.7388 0.1693 -0.6523
vn 0.7594 0.3616 0.5409
vn 0.7594 0.3616 0.5409
vn 0.5553 0.4733 0.6838
vn 0.5553 0.4733 0.6838
vn 0.5553 0.4733 0.6838
vn 0.2397 -0.0593 -0.9690
vn 0.2397 -0.0593 -0.9690
vn -0.1254 0.2839 0.9506
vn -0.1254 0.2839 0.9506
vn -0.1254 0.2839 0.9506
vn -0.7720 0.3917 -0.5006
vn -0.7720 0.3917 -0.5006
vn -0.9012 0.3153 0.2975
vn -0.9012 0.3153 0.2975
vn 0.0406 -0.9819 -0.1850
vn 0.0406 -0.9819 -0.1850
vn -0.5062 0.7263 -0.4649
vn -0.6429 0.6737 0.3644
vn -0.8147 0.5775 0.0524
vn -0.8147 0.5775 0.0524
vn -0.1123 -0.9911 -0.0720
vn -0.6422 0.6507 0.4052
vn -0.6422 0.6507 0.4052
vn -0.6666 -0.3567 0.6546
vn -0.6666 -0.3567 0.6546
vn -0.6666 -0.3567 0.6546
vn -0.1198 0.2839 0.9513
vn -0.1198 0.2839 0.9513
vn -0.5286 0.2730 -0.8038
vn -0.5286 0.2730 -0.8038
vn -0.3081 0.9508 0.0338
vn -0.3081 0.9508 0.0338
vn -0.3081 0.9508 0.0338
vn -0.3081 0.9508 0.0338
vn 0.6177 -0.2375 -0.7497
vn 0.6457 0.3686 -0.6687
vn 0.7138 -0.1639 0.6809
vn 0.7138 -0.1639 0.6809
vn 0.1983 -0.7590 -0.6201
vn -0.9649 0.2204 -0.1430
vn 0.5546 -0.5180 -0.6512
vn 0.5546 -0.5180 -0.6512
vn 0.6735 -0.7264 0.1371
vn 0.6036 -0.7714 -0.2017
vn -0.1313 -0.7710 -0.6231
vn -0.1313 -0.7710 -0.6231
vn 0.0025 -0.8454 0.5342
vn -0.5901 0.8032 0.0817
vn -0.5901 0.8032 0.0817
vn -0.5901 0.8032 0.0817
vn -0.5901 0.8032 0.0817
vn -0.5901 0.8032 0.0817
vn -0.0954 -0.6005 0.7939
vn -0.0954 -0.6005 0.7939
vn 0.7620 -0.6123 -0.2108
vn 0.7620 -0.6123 -0.2108
vn 0.7037 -0.6264 -0.3355
vn 0.7037 -0.6264 -0.3355
vn 0.9856 -0.1656 -0.0350
vn 0.3838 0.2475 0.8896
vn 0.3838 0.2475 0.8896
vn 0.4394 -0.8765 -0.1965
vn 0.4394 -0.8765 -0.1965
vn 0.4394 -0.8765 -0.1965
vn 0.7203 0.2125 0.6603
vn 0.7203 0.2125 0.6603
vn -0.0423 0.1313 -0.9904
vn -0.2945 0.2839 -0.9125
vn -0.6576 -0.1841 0.7305
vn -0.8277 0.5416 -0.1469
vn -0.8277 0.5416 -0.1469
vn -0.9905 -0.0037 0.1373
vn -0.7473 0.5547 -0.3658
vn -0.4189 -0.4166 0.8069
vn -0.4189 -0.4166 0.8069
vn -0.7172 -0.4641 0.5199
vn -0.7172 -0.4641 0.5199
vn -0.7172 -0.4641 0.5199
vn -0.8385 0.4590 0.2936
vn -0.8891 0.1552 0.4306
vn -0.7611 0.5732 -0.3036
vn -0.7611 0.5732 -0.3036
vn -0.7611 0.5732 -0.3036
vn -0.8644 0.4920 -0.1034
vn 0.0911 0.6973 0.7110
vn 0.8413 0.2333 -0.4877
vn 0.8413 0.2333 -0.4877
vn 0.7975 -0.5616 -0.2203
vn 0.7975 -0.5616 -0.2203
vn 0.7975 -0.5616 -0.2203
vn 0.7975 -0.5616 -0.2203
vn 0.7975 -0.5616 -0.2203
vn 0.6089 -0.5816 -0.5394
vn 0.6089 -0.5816 -0.5394
vn -0.6074 -0.0175 0.7942
vn -0.5588 0.5435 -0.6265
vn -0.5588 0.5435 -0.6265
vn -0.9278 -0.1083 0.3571
vn -0.9862 0.1522 -0.0658
vn -0.9944 -0.0338 0.1006
vn -0.8324 0.3008 -0.4655
vn -0.8324 0.3008 -0.4655
vn -0.9611 0.2444 -0.1291
vn -0.8851 -0.0592 0.4617
vn 0.7501 -0.6611 0.0153
vn -0.6251 0.5077 -0.5929
vn -0.6251 0.5077 -0.5929
vn -0.8546 -0.4490 -0.2611
vn -0.8546 -0.4490 -0.2611
vn -0.8858 0.0013 0.4641
vn -0.7395 0.5735 0.3525
vn -0.7395 0.5735 0.3525
vn -0.9999 -0.0054 -0.0162
vn -0.9999 -0.0054 -0.0162
vn -0.9999 -0.0054 -0.0162
vn -0.9999 -0.0054 -0.0162
vn -0.7192 0.6831 0.1267
vn -0.7192 0.6831 0.1267
vn -0.7192 0.6831 0.1267
vn -0.4652 -0.8233 -0.3253
vn -0.4652 -0.8233 -0.3253
vn 0.2914 0.8338 0.4689
vn 0.2914 0.8338 0.4689
vn 0.2914 0.8338 0.4689
vn 0.7778 -0.6249 -0.0672
vn 0.7778 -0.6249 -0.0672
vn 0.9720 0.2299 -0.0493
vn 0.4177 -0.3292 0.8468
vn 0.4177 -0.3292 0.8468
vn 0.4177 -0.3292 0.8468
vn 0.4008 -0.0059 -0.9162
vn 0.4008 -0.0059 -0.9162
vn -0.6119 0.3881 -0.6891
vn -0.6119 0.3881 -0.6891
vn -0.4998 -0.7570 0.4210
vn -0.4998 -0.7570 0.4210
vn -0.4998 -0.7570 0.4210
vn -0.8162 0.4210 -0.3956
vn -0.9379 0.3102 0.1555
vn -0.8140 -0.1423 0.5632
vn -0.8737 -0.1974 -0.4446
vn -0.8737 -0.1974 -0.4446
vn -0.8432 0.4141 0.3429
vn -0.6748 0.3238 0.6631
vn -0.6748 0.3238 0.6631
vn -0.6141 0.5042 0.6072
vn -0.9391 0.0600 -0.3383
vn -0.9391 0.0600 -0.3383
vn -0.9391 0.0600 -0.3383
vn -0.5041 -0.8276 -0.2471
vn -0.5041 -0.8276 -0.2471
vn -0.5844 0.8072 -0.0833
vn -0.9990 0.0309 0.0335
vn -0.9358 -0.3151 -0.1583
vn -0.9904 -0.1358 0.0245
vn -0.9904 -0.1358 0.0245
vn -0.8795 -0.0945 -0.4664
vn -0.9823 0.1716 -0.0753
vn -0.9643 0.2549 0.0717
vn -0.9444 0.3152 -0.0938
vn -0.9444 0.3152 -0.0938
vn -0.9408 0.3303 -0.0761
vn -0.9408 0.3303 -0.0761
vn 0.9116 -0.1418 0.3859
vn 0.6939 -0.4397 -0.5703
vn 0.6939 -0.4397 -0.5703
vn -0.4233 -0.4450 0.7892
vn -0.4233 -0.4450 0.7892
vn -0.8038 0.0574 0.5921
vn -0.5008 0.3685 -0.7832
vn -0.5990 0.2729 -0.7528
vn -0.5990 0.2729 -0.7528
vn 0.0733 -0.4987 -0.8637
vn 0.0733 -0.4987 -0.8637
vn -0.9922 -0.1053 0.0661
vn -0.4771 0.7238 -0.4984
vn -0.4771 0.7238 -0.4984
vn 0.5717 -0.5875 0.5728
vn 0.5717 -0.5875 0.5728
vn -0.9276 -0.0313 0.3722
vn -0.9276 -0.0313 0.3722
vn -0.9395 0.1186 -0.3215
vn -0.9395 0.1186 -0.3215
vn -0.9395 0.1186 -0.3215
vn -0.7875 0.5798 0.2092
vn -0.7875 0.5798 0.2092
vn -0.8747 0.3654 -0.3183
vn -0.8747 0.3654 -0.3183
vn -0.3132 0.9374 0.1524
vn -0.3132 0.9374 0.1524
vn 0.1966 -0.7956 0.5730
vn 0.1966 -0.7956 0.5730
vn -0.9625 -0.1211 -0.2427
vn -0.9625 -0.1211 -0.2427
vn -0.8921 -0.3297 -0.3091
vn -0.8921 -0.3297 -0.3091
vn -0.8921 -0.3297 -0.3091
vn -0.8547 -0.0459 0.5172
vn -0.8547 -0.0459 0.5172
vn -0.8061 0.2585 0.5323
vn -0.8505 -0.0896 -0.5182
vn -0.8505 -0.0896 -0.5182
vn -0.9330 0.3364 0.1276
vn -0.9330 0.3364 0.1276
vn 0.7890 -0.0488 0.6124
vn 0.7890 -0.0488 0.6124
vn 0.7890 -0.0488 0.6124
vn 0.7890 -0.0488 0.6124
vn 0.7706 -0.4197 -0.4796
vn 0.7706 -0.4197 -0.4796
vn 0.7316 -0.2989 -0.6127
vn 0.7316 -0.2989 -0.6127
vn 0.8273 0.3015 0.4740
vn 0.8273 0.3015 0.4740
vn 0.8450 0.1873 0.5009
vn 0.0344 0.1682 -0.9851
vn -0.6165 -0.2725 0.7387
vn -0.6165 -0.2725 0.7387
vn -0.6548 -0.6033 0.4553
vn -0.6548 -0.6033 0.4553
vn -0.7605 -0.1596 0.6294
vn -0.6277 -0.3823 -0.6781
vn -0.6277 -0.3823 -0.6781
vn -0.6277 -0.3823 -0.6781
vn -0.6466 0.7511 0.1333
vn -0.6466 0.7511 0.1333
vn -0.6466 0.7511 0.1333
vn -0.8944 0.3736 -0.2461
vn -0.8944 0.3736 -0.2461
vn -0.7220 -0.5429 -0.4289
vn -0.7220 -0.5429 -0.4289
vn -0.7450 -0.6421 0.1805
vn -0.7450 -0.6421 0.1805
vn -0.7450 -0.6421 0.1805
vn -0.7450 -0.6421 0.1805
vn -0.1111 -0.6503 0.7515
vn -0.1111 -0.6503 0.7515
vn -0.6645 -0.4574 -0.5909
vn -0.6645 -0.4574 -0.5909
vn 0.0000 0.0000 0.0000
vn 0.0000 0.0000 0.0000
vn 0.8862 -0.0775 0.4567
vn -0.0791 0.1397 -0.9870
vn -0.7794 -0.0940 0.6194
vn -0.6824 -0.2903 0.6709
vn -0.6824 -0.2903 0.6709
vn -0.4231 -0.6223 0.6586
vn -0.4231 -0.6223 0.6586
vn -0.4231 -0.6223 0.6586
vn -0.5125 -0.4919 0.7038
vn -0.5125 -0.4919 0.7038
vn 0.2332 -0.9555 -0.1806
vn -0.8433 -0.3951 0.3644
vn -0.8433 -0.3951 0.3644
vn -0.4912 -0.8224 -0.2870
vn -0.4912 -0.8224 -0.2870
vn -0.5356 0.4278 0.7281
vn -0.5356 0.4278 0.7281
vn -0.5356 0.4278 0.7281
vn -0.5628 0.8129 -0.1496
vn -0.5628 0.8129 -0.1496
vn -0.5628 0.8129 -0.1496
vn -0.5874 0.7600 0.2780
vn -0.5874 0.7600 0.2780
vn 0.3459 0.8303 0.4369
vn 0.3459 0.8303 0.4369
vn 0.3459 0.8303 0.4369
vn -0.9603 0.1486 -0.2360
vn -0.9603 0.1486 -0.2360
vn -0.7872 0.4263 0.4456
vn 0.7897 -0.5217 0.3229
vn 0.7897 -0.5217 0.3229
vn -0.4391 0.4899 -0.7532
vn -0.4391 0.4899 -0.7532
vn -0.8933 0.3681 -0.2578
vn -0.7669 -0.5603 -0.3129
vn -0.5215 0.0370 -0.8525
vn -0.5215 0.0370 -0.8525
vn -0.5215 0.0370 -0.8525
vn -0.5752 0.7097 0.4066
vn -0.5752 0.7097 0.4066
vn -0.9224 0.1300 -0.3638
vn -0.9224 0.1300 -0.3638
vn 0.2795 0.8715 0.4029
vn 0.2795 0.8715 0.4029
vn -0.5420 0.2733 -0.7947
vn -0.5420 0.2733 -0.7947
vn -0.7074 0.7067 0.0070
vn -0.7074 0.7067 0.0070
vn -0.8953 -0.0885 -0.4366
vn -0.2467 -0.0905 0.9649
vn -0.6920 -0.1563 -0.7047
vn -0.6920 -0.1563 -0.7047
vn -0.6920 -0.1563 -0.7047
vn 0.9779 -0.2002 0.0595
vn 0.8590 -0.5090 0.0559
vn 0.8489 -0.3575 -0.3893
vn 0.9172 -0.0567 0.3945
vn 0.9172 -0.0567 0.3945
vn -0.3443 -0.7819 0.5196
vn -0.3443 -0.7819 0.5196
vn -0.4285 -0.8102 0.4000
vn -0.4285 -0.8102 0.4000
vn -0.4285 -0.8102 0.4000
vn -0.4838 -0.6768 0.5549
vn -0.4838 -0.6768 0.5549
vn -0.4838 -0.6768 0.5549
vn 0.5281 -0.6908 0.4939
vn -0.2087 -0.0792 -0.9748
vn 0.4425 -0.6998 0.5608
vn 0.4425 -0.6998 0.5608
vn 0.4425 -0.6998 0.5608
vn -0.6713 0.6996 -0.2446
vn -0.6713 0.6996 -0.2446
vn 0.7426 0.5114 0.4325
vn 0.7426 0.5114 0.4325
vn -0.6268 -0.7761 0.0686
vn -0.6268 -0.7761 0.0686
vn 0.1301 -0.8385 0.5292
vn 0.1301 -0.8385 0.5292
vn -0.9103 -0.4024 -0.0966
vn -0.9176 -0.2563 -0.3037
vn 0.1955 -0.4680 0.8618
vn -0.6903 -0.1215 -0.7133
vn -0.6903 -0.1215 -0.7133
vn -0.6903 -0.1215 -0.7133
vn -0.6903 -0.1215 -0.7133
vn -0.5255 0.2341 0.8179
vn -0.5255 0.2341 0.8179
vn -0.8766 -0.1350 -0.4619
vn -0.8766 -0.1350 -0.4619
vn -0.7088 -0.0956 -0.6989
vn -0.8365 0.0813 -0.5419
vn -0.8365 0.0813 -0.5419
vn -0.6572 0.3874 0.6465
vn -0.9706 0.2336 0.0584
vn -0.9168 0.3659 0.1600
vn -0.0333 -0.5121 0.8583
vn 0.5485 -0.1173 -0.8279
vn 0.5485 -0.1173 -0.8279
vn 0.2462 0.1623 -0.9555
vn 0.0658 -0.9014 -0.4279
vn 0.0658 -0.9014 -0.4279
vn -0.4432 0.0898 0.8919
vn -0.4432 0.0898 0.8919
vn -0.9546 0.1433 -0.2612
vn -0.9546 0.1433 -0.2612
vn -0.0266 -0.9053 0.4240
vn -0.7635 0.1882 -0.6178
vn -0.7635 0.1882 -0.6178
vn -0.6734 0.5879 -0.4482
vn -0.6734 0.5879 -0.4482
vn -0.6734 0.5879 -0.4482
vn -0.6734 0.5879 -0.4482
vn -0.6734 0.5879 -0.4482
vn -0.7302 0.2596 -0.6320
vn -0.7302 0.2596 -0.6320
vn -0.5148 0.7667 -0.3836
vn 0.2572 0.9082 0.3301
vn 0.2572 0.9082 0.3301
vn 0.0139 -0.2952 -0.9553
vn -0.7467 0.6232 0.2326
vn -0.9500 -0.1458 -0.2762
vn -0.9500 -0.1458 -0.2762
vn -0.9500 -0.1458 -0.2762
vn -0.8140 -0.5503 -0.1859
vn -0.5320 0.6160 -0.5810
vn -0.5320 0.6160 -0.5810
vn -0.5125 -0.4010 -0.7593
vn -0.5125 -0.4010 -0.7593
vn -0.6174 -0.2898 -0.7313
vn -0.6174 -0.2898 -0.7313
vn -0.8121 0.3984 0.4263
vn -0.8452 0.1646 -0.5085
vn 0.8187 -0.2777 -0.5027
vn 0.8253 -0.5225 0.2141
vn -0.5053 -0.3739 0.7777
vn -0.5794 -0.2911 0.7613
vn -0.2837 0.6291 -0.7237
vn -0.2837 0.6291 -0.7237
vn -0.2951 0.2747 -0.9151
vn -0.5384 -0.1519 -0.8289
vn -0.5384 -0.1519 -0.8289
vn 0.1548 -0.9861 -0.0607
vn 0.1548 -0.9861 -0.0607
vn -0.4784 0.8408 0.2534
vn -0.4784 0.8408 0.2534
vn -0.4784 0.8408 0.2534
vn 0.4313 0.7166 0.5482
vn 0.4313 0.7166 0.5482
vn -0.6719 -0.7364 -0.0795
vn -0.6719 -0.7364 -0.0795
vn -0.4540 -0.8843 0.1087
vn -0.4540 -0.8843 0.1087
vn -0.5365 0.4113 -0.7369
vn -0.5365 0.4113 -0.7369
vn -0.6907 -0.1426 -0.7090
vn -0.6643 -0.0610 -0.7449
vn -0.6643 -0.0610 -0.7449
vn -0.5463 0.4202 0.7245
vn -0.5463 0.4202 0.7245
vn -0.6825 0.0477 -0.7293
vn -0.6825 0.0477 -0.7293
vn -0.8433 0.5042 0.1863
vn -0.9211 0.3847 0.0592
vn -0.9250 0.3722 0.0766
vn 0.9302 -0.3605 -0.0684
vn 0.6258 -0.3509 -0.6966
vn 0.6258 -0.3509 -0.6966
vn -0.3464 0.8134 -0.4673
vn -0.7106 -0.6196 -0.3335
vn -0.7106 -0.6196 -0.3335
vn -0.7106 -0.6196 -0.3335
vn -0.7106 -0.6196 -0.3335
vn -0.7106 -0.6196 -0.3335
vn -0.5722 0.8055 -0.1539
vn -0.5722 0.8055 -0.1539
vn -0.5722 0.8055 -0.1539
vn -0.5685 0.7978 -0.2008
vn -0.5685 0.7978 -0.2008
vn -0.5685 0.7978 -0.2008
vn -0.6788 0.7014 0.2176
vn -0.6788 0.7014 0.2176
vn -0.5271 -0.2131 -0.8227
vn -0.6564 0.3445 0.6711
vn -0.6564 0.3445 0.6711
vn -0.8325 0.4645 0.3019
vn -0.8920 0.2240 0.3927
vn -0.8920 0.2240 0.3927
vn -0.8050 0.1299 -0.5789
vn -0.8050 0.1299 -0.5789
vn -0.9256 0.3260 0.1923
vn 0.5437 0.2019 -0.8146
vn 0.5437 0.2019 -0.8146
vn 0.1921 0.2354 -0.9527
vn 0.1921 0.2354 -0.9527
vn -0.2772 0.2405 -0.9302
vn -0.2772 0.2405 -0.9302
vn -0.3810 0.1600 -0.9106
vn -0.3810 0.1600 -0.9106
vn -0.5268 0.6641 -0.5306
vn -0.5268 0.6641 -0.5306
vn -0.7611 -0.0208 -0.6483
vn -0.7611 -0.0208 -0.6483
vn -0.0282 -0.8504 0.5254
vn -0.5472 0.8289 0.1160
vn 0.1417 -0.9898 0.0148
vn 0.1708 0.7556 0.6323
vn 0.1708 0.7556 0.6323
vn -0.1692 -0.9482 0.2688
vn -0.8267 -0.5203 -0.2142
vn -0.8267 -0.5203 -0.2142
vn -0.8353 -0.4388 -0.3313
vn -0.1315 -0.3378 0.9320
vn -0.1315 -0.3378 0.9320
vn -0.7025 0.5205 0.4853
vn -0.6396 -0.1019 -0.7619
vn -0.8529 0.3384 -0.3976
vn 0.6032 -0.6717 0.4300
vn 0.6032 -0.6717 0.4300
vn 0.0221 -0.4234 0.9057
vn -0.2626 -0.1268 0.9565
vn -0.5944 -0.7376 0.3202
vn -0.5944 -0.7376 0.3202
vn -0.5944 -0.7376 0.3202
vn -0.5944 -0.7376 0.3202
vn -0.5944 -0.7376 0.3202
vn -0.5944 -0.7376 0.3202
vn -0.4221 -0.0917 0.9019
vn -0.8150 -0.2572 -0.5193
vn -0.8150 -0.2572 -0.5193
vn -0.5393 0.8411 -0.0411
vn 0.7229 0.3779 0.5784
vn 0.7229 0.3779 0.5784
vn -0.6748 0.5773 0.4597
vn -0.6748 0.5773 0.4597
vn -0.6748 0.5773 0.4597
vn -0.6449 -0.7554 0.1163
vn -0.6449 -0.7554 0.1163
vn -0.7189 -0.2820 -0.6353
vn -0.7189 -0.2820 -0.6353
vn 0.3187 -0.4707 0.8228
vn -0.0733 0.8223 -0.5643
vn -0.0733 0.8223 -0.5643
vn -0.0733 0.8223 -0.5643
vn -0.3745 0.6205 -0.6890
vn -0.3745 0.6205 -0.6890
vn -0.5321 -0.3235 -0.7824
vn 0.6541 -0.7482 -0.1113
vn 0.6541 -0.7482 -0.1113
vn -0.7399 -0.0341 -0.6718
vn -0.7399 -0.0341 -0.6718
vn -0.7399 -0.0341 -0.6718
vn -0.6288 -0.3716 0.6830
vn -0.6288 -0.3716 0.6830
vn -0.6288 -0.3716 0.6830
vn -0.5115 -0.8467 -0.1465
vn -0.5115 -0.8467 -0.1465
vn -0.5311 0.2294 0.8157
vn -0.6879 0.3550 -0.6331
vn -0.4890 0.6359 -0.5972
vn -0.4890 0.6359 -0.5972
vn -0.4890 0.6359 -0.5972
vn -0.4380 0.8650 -0.2447
vn -0.4380 0.8650 -0.2447
vn 0.3680 -0.8852 0.2845
vn 0.3680 -0.8852 0.2845
vn 0.3439 -0.6018 -0.7208
vn -0.0464 0.6997 0.7129
vn -0.0464 0.6997 0.7129
vn -0.8112 0.1978 -0.5503
vn -0.8112 0.1978 -0.5503
vn -0.8343 -0.5011 -0.2300
vn -0.6159 -0.1120 -0.7799
vn -0.6159 -0.1120 -0.7799
vn -0.9716 0.1802 -0.1534
vn -0.9716 0.1802 -0.1534
vn -0.9489 -0.0091 0.3155
vn -0.9489 -0.0091 0.3155
vn 0.8157 -0.4360 -0.3802
vn 0.8344 -0.3246 -0.4454
vn 0.3302 -0.5475 0.7689
vn -0.0625 -0.6729 0.7371
vn -0.5580 -0.5317 0.6371
vn -0.5580 -0.5317 0.6371
vn -0.5580 -0.5317 0.6371
vn -0.6023 -0.6580 0.4520
vn -0.6023 -0.6580 0.4520
vn -0.3112 -0.7477 -0.5866
vn -0.3112 -0.7477 -0.5866
vn -0.3112 -0.7477 -0.5866
vn -0.3112 -0.7477 -0.5866
vn -0.6622 0.1752 -0.7285
vn 0.2762 -0.5979 -0.7525
vn -0.0695 0.6142 -0.7861
vn -0.1656 -0.1740 -0.9707
vn -0.1681 -0.7156 -0.6780
vn -0.1681 -0.7156 -0.6780
vn -0.7469 0.0547 -0.6627
vn -0.7469 0.0547 -0.6627
vn -0.8954 -0.1731 -0.4103
vn -0.8954 -0.1731 -0.4103
vn -0.8954 -0.1731 -0.4103
vn -0.8954 -0.1731 -0.4103
vn -0.9767 -0.1945 -0.0906
vn -0.8334 0.4072 -0.3736
vn -0.9399 0.3215 -0.1153
vn -0.3192 -0.3241 -0.8906
vn -0.3192 -0.3241 -0.8906
vn -0.3192 -0.3241 -0.8906
vn -0.3503 -0.4738 0.8080
vn -0.2886 -0.8949 -0.3404
vn -0.2886 -0.8949 -0.3404
vn -0.5424 0.5669 0.6200
vn -0.5424 0.5669 0.6200
vn -0.5424 0.5669 0.6200
vn -0.5424 0.5669 0.6200
vn -0.4510 0.7461 -0.4899
vn -0.4685 0.7718 -0.4299
vn -0.0672 0.8415 0.5361
vn -0.0672 0.8415 0.5361
vn -0.5363 0.7405 0.4051
vn -0.9943 -0.0999 -0.0386
vn -0.8373 -0.0235 -0.5462
vn -0.8373 -0.0235 -0.5462
vn 0.5201 -0.6734 0.5254
vn 0.5201 -0.6734 0.5254
vn 0.4456 -0.0635 -0.8930
vn 0.4456 -0.0635 -0.8930
vn 0.4456 -0.0635 -0.8930
vn -0.5071 -0.3066 -0.8055
vn -0.8851 0.1180 0.4501
vn -0.8851 0.1180 0.4501
vn -0.5153 0.5793 0.6316
vn -0.5153 0.5793 0.6316
vn -0.5153 0.5793 0.6316
vn -0.5543 0.6243 0.5505
vn -0.5543 0.6243 0.5505
vn -0.5543 0.6243 0.5505
vn -0.8923 -0.4177 -0.1713
vn -0.8923 -0.4177 -0.1713
vn -0.8923 -0.4177 -0.1713
vn -0.8713 -0.0362 -0.4894
vn -0.8713 -0.0362 -0.4894
vn 0.0000 0.0000 0.0000
vn 0.0000 0.0000 0.0000
vn -0.8973 0.0843 0.4334
vn -0.9001 0.1674 0.4023
vn -0.9756 0.2041 -0.0810
vn -0.1648 -0.6532 0.7390
vn -0.1648 -0.6532 0.7390
vn -0.6203 -0.0566 -0.7823
vn -0.6203 -0.0566 -0.7823
vn -0.6113 -0.2381 0.7548
vn -0.5438 -0.3727 0.7519
vn -0.5438 -0.3727 0.7519
vn -0.2361 0.2412 0.9413
vn -0.5953 0.4373 -0.6741
vn -0.5953 0.4373 -0.6741
vn -0.5440 0.8376 -0.0502
vn -0.5440 0.8376 -0.0502
vn 0.4299 -0.7650 -0.4796
vn 0.4299 -0.7650 -0.4796
vn 0.4299 -0.7650 -0.4796
vn -0.6420 0.6298 0.4372
vn 0.3721 -0.3645 0.8537
vn 0.3111 0.5531 -0.7729
vn 0.3111 0.5531 -0.7729
vn -0.3677 -0.7311 0.5747
vn -0.3677 -0.7311 0.5747
vn -0.5483 0.1219 0.8274
vn -0.5483 0.1219 0.8274
vn -0.5483 0.1219 0.8274
vn -0.6873 -0.0304 -0.7257
vn -0.9182 0.1359 0.3722
vn -0.9182 0.1359 0.3722
vn -0.8879 0.2068 0.4110
vn -0.0214 -0.8290 0.5588
vn -0.0214 -0.8290 0.5588
vn -0.0214 -0.8290 0.5588
vn -0.5911 -0.7982 0.1161
vn -0.5911 -0.7982 0.1161
vn -0.5911 -0.7982 0.1161
vn -0.7758 -0.3576 0.5199
vn -0.7758 -0.3576 0.5199
vn -0.7758 -0.3576 0.5199
vn -0.7758 -0.3576 0.5199
vn -0.7758 -0.3576 0.5199
vn -0.7758 -0.3576 0.5199
vn -0.7865 -0.2743 -0.5533
vn -0.7865 -0.2743 -0.5533
vn -0.7865 -0.2743 -0.5533
vn -0.7865 -0.2743 -0.5533
vn -0.7865 -0.2743 -0.5533
vn -0.2050 -0.1754 0.9629
vn -0.8389 -0.4691 0.2758
vn -0.8389 -0.4691 0.2758
vn -0.8389 -0.4691 0.2758
vn -0.8246 -0.5167 -0.2303
vn -0.8246 -0.5167 -0.2303
vn -0.8246 -0.5167 -0.2303
vn -0.4698 0.7826 0.4083
vn -0.4698 0.7826 0.4083
vn -0.4698 0.7826 0.4083
vn -0.4698 0.7826 0.4083
vn -0.5668 0.8225 -0.0460
vn -0.5668 0.8225 -0.0460
vn 0.7786 0.2406 0.5795
vn 0.7786 0.2406 0.5795
vn 0.7786 0.2406 0.5795
vn 0.7786 0.2406 0.5795
vn -0.3633 -0.2495 -0.8976
vn 0.3343 0.6880 0.6442
vn 0.0090 0.5359 0.8442
vn 0.0090 0.5359 0.8442
vn -0.8356 -0.4225 0.3511
vn -0.8356 -0.4225 0.3511
vn -0.8356 -0.4225 0.3511
vn -0.0966 -0.8796 0.4659
vn -0.6234 0.4104 -0.6655
vn -0.6234 0.4104 -0.6655
vn -0.6234 0.4104 -0.6655
vn -0.8110 -0.2916 -0.5072
vn -0.8110 -0.2916 -0.5072
vn -0.8110 -0.2916 -0.5072
vn -0.8110 -0.2916 -0.5072
vn -0.9107 0.1449 0.3868
vn -0.9066 0.3068 -0.2898
vn -0.9133 0.3864 -0.1285
vn -0.9133 0.3864 -0.1285
vn -0.9932 -0.1164 -0.0015
vn -0.6188 0.6383 0.4579
vn -0.6188 0.6383 0.4579
vn -0.3347 -0.8288 0.4483
vn -0.3347 -0.8288 0.4483
vn -0.7739 -0.3489 0.5286
vn -0.7739 -0.3489 0.5286
vn -0.7739 -0.3489 0.5286
vn -0.7739 -0.3489 0.5286
vn -0.2624 -0.2636 0.9283
vn -0.2624 -0.2636 0.9283
vn -0.2624 -0.2636 0.9283
vn -0.2624 -0.2636 0.9283
vn -0.2624 -0.2636 0.9283
vn 0.6622 0.3866 -0.6419
vn 0.6622 0.3866 -0.6419
vn 0.6622 0.3866 -0.6419
vn 0.0448 -0.3419 -0.9387
vn 0.0448 -0.3419 -0.9387
vn -0.8923 0.0190 -0.4510
vn -0.8878 0.0858 -0.4521
vn -0.9487 -0.2876 -0.1310
vn -0.9487 -0.2876 -0.1310
vn -0.9487 -0.2876 -0.1310
vn -0.9487 -0.2876 -0.1310
vn -0.9487 -0.2876 -0.1310
vn -0.9487 -0.2876 -0.1310
vn -0.7811 -0.2867 -0.5548
vn -0.7811 -0.2867 -0.5548
vn -0.7811 -0.2867 -0.5548
vn -0.7811 -0.2867 -0.5548
vn -0.8167 0.3855 -0.4295
vn -0.8167 0.3855 -0.4295
vn -0.8167 0.3855 -0.4295
vn -0.8167 0.3855 -0.4295
vn -0.8167 0.3855 -0.4295
vn -0.6010 -0.1019 -0.7928
vn 0.0451 -0.9394 -0.3399
vn 0.0000 0.0000 0.0000
vn 0.0000 0.0000 0.0000
vn -0.6798 -0.1200 -0.7235
vn -0.9597 0.0172 -0.2805
vn -0.9597 0.0172 -0.2805
vn -0.7519 0.2209 -0.6212
vn -0.2096 0.3945 -0.8947
vn -0.2096 0.3945 -0.8947
vn -0.4775 -0.3454 -0.8079
vn 0.4739 0.6967 0.5385
vn 0.4739 0.6967 0.5385
vn 0.4739 0.6967 0.5385
vn 0.4739 0.6967 0.5385
vn 0.4739 0.6967 0.5385
vn 0.4739 0.6967 0.5385
vn -0.6458 -0.2816 -0.7096
vn -0.6458 -0.2816 -0.7096
vn -0.4418 0.4329 0.7858
vn -0.5124 0.1196 0.8504
vn -0.5124 0.1196 0.8504
vn -0.8587 0.2130 -0.4661
vn -0.7762 0.3635 0.5151
vn -0.7762 0.3635 0.5151
vn -0.9668 -0.1707 -0.1899
vn -0.9490 0.0587 -0.3097
vn -0.9490 0.0587 -0.3097
vn -0.9667 -0.1664 0.1945
vn -0.9900 0.0042 0.1408
vn -0.9900 0.0042 0.1408
vn -0.9521 -0.0018 -0.3059
vn -0.3131 0.9197 0.2370
vn -0.9062 0.2748 -0.3214
vn -0.9062 0.2748 -0.3214
vn -0.9420 -0.2572 0.2156
vn -0.4841 0.8735 -0.0505
vn -0.4841 0.8735 -0.0505
vn -0.2408 -0.4369 0.8667
vn -0.2408 -0.4369 0.8667
vn -0.2408 -0.4369 0.8667
vn -0.9751 -0.1295 -0.1798
vn -0.9766 -0.2129 -0.0301
vn -0.9766 -0.2129 -0.0301
vn -0.3532 0.4407 -0.8253
vn -0.6427 0.2682 0.7176
vn -0.6427 0.2682 0.7176
vn -0.4267 0.2943 0.8552
vn -0.4267 0.2943 0.8552
vn -0.7365 -0.0446 -0.6749
vn -0.7365 -0.0446 -0.6749
vn -0.7365 -0.0446 -0.6749
vn 0.3212 -0.9455 -0.0534
vn 0.3212 -0.9455 -0.0534
vn 0.6240 -0.7027 -0.3417
vn 0.6240 -0.7027 -0.3417
vn 0.7065 -0.5562 -0.4377
vn 0.7065 -0.5562 -0.4377
vn 0.5052 0.5533 0.6623
vn 0.0715 0.7619 0.6437
vn 0.1716 -0.0807 0.9819
vn 0.1716 -0.0807 0.9819
vn 0.3093 0.5537 -0.7732
vn -0.4105 -0.4762 -0.7777
vn -0.4105 -0.4762 -0.7777
vn -0.6450 0.5443 0.5364
vn -0.4300 0.0372 0.9021
vn -0.5516 0.1988 0.8100
vn -0.5516 0.1988 0.8100
vn -0.9273 -0.0648 -0.3687
vn -0.8121 -0.3999 0.4249
vn -0.8956 -0.0365 0.4434
vn -0.8956 -0.0365 0.4434
vn -0.5937 -0.4389 0.6745
vn -0.5937 -0.4389 0.6745
vn -0.5937 -0.4389 0.6745
vn -0.5937 -0.4389 0.6745
vn -0.5937 -0.4389 0.6745
vn -0.8311 -0.4791 0.2824
vn -0.8311 -0.4791 0.2824
vn -0.8311 -0.4791 0.2824
vn -0.8311 -0.4791 0.2824
vn -0.2291 -0.2344 0.9448
vn -0.9159 0.0756 -0.3942
vn -0.5611 0.2318 -0.7947
vn -0.5611 0.2318 -0.7947
vn -0.1358 -0.7638 -0.6311
vn -0.1358 -0.7638 -0.6311
vn -0.1358 -0.7638 -0.6311
vn -0.8622 -0.2503 -0.4405
vn -0.8622 -0.2503 -0.4405
vn -0.9985 -0.0256 -0.0486
vn -0.9985 -0.0256 -0.0486
vn -0.2335 -0.2009 -0.9514
vn 0.5360 -0.6532 -0.5348
vn 0.5360 -0.6532 -0.5348
vn 0.4630 -0.7273 0.5066
vn 0.0055 -0.4873 0.8732
vn 0.3422 0.4413 0.8296
vn 0.3422 0.4413 0.8296
vn 0.3422 0.4413 0.8296
vn 0.3422 0.4413 0.8296
vn -0.8109 -0.1028 -0.5760
vn -0.8993 0.2618 -0.3502
vn -0.8993 0.2618 -0.3502
vn -0.9516 0.3072 -0.0059
vn -0.9516 0.3072 -0.0059
vn -0.9885 0.0836 -0.1260
vn -0.9885 0.0836 -0.1260
vn -0.9679 -0.0648 -0.2427
vn -0.7615 -0.4212 -0.4926
vn -0.7615 -0.4212 -0.4926
vn -0.7615 -0.4212 -0.4926
vn -0.7615 -0.4212 -0.4926
vn -0.7615 -0.4212 -0.4926
vn -0.7615 -0.4212 -0.4926
vn -0.7615 -0.4212 -0.4926
vn -0.8268 -0.5572 0.0766
vn -0.9570 0.0046 -0.2900
vn -0.4525 -0.8794 -0.1479
vn -0.4525 -0.8794 -0.1479
vn -0.0235 -0.5708 -0.8208
vn -0.0235 -0.5708 -0.8208
vn -0.5566 -0.0225 -0.8305
vn -0.5566 -0.0225 -0.8305
vn -0.5566 -0.0225 -0.8305
vn -0.5566 -0.0225 -0.8305
vn -0.3012 -0.6372 -0.7094
vn -0.3012 -0.6372 -0.7094
vn -0.1375 0.5681 0.8114
vn -0.1375 0.5681 0.8114
vn -0.1375 0.5681 0.8114
vn -0.9102 -0.3069 -0.2780
vn -0.9102 -0.3069 -0.2780
vn 0.4950 0.6055 0.6231
vn 0.4950 0.6055 0.6231
vn -0.1980 0.2275 -0.9534
vn -0.1980 0.2275 -0.9534
vn -0.1980 0.2275 -0.9534
vn -0.9044 -0.0490 0.4238
vn -0.6489 -0.2432 0.7209
vn -0.6489 -0.2432 0.7209
vn 0.3842 0.9202 -0.0747
vn 0.3842 0.9202 -0.0747
vn 0.3772 0.5284 0.7606
vn 0.4875 -0.6953 0.5281
vn -0.5798 0.0346 -0.8140
vn -0.5798 0.0346 -0.8140
vn -0.9457 -0.2419 -0.2171
vn -0.9457 -0.2419 -0.2171
vn 0.6137 -0.6289 0.4774
vn 0.6137 -0.6289 0.4774
vn 0.6413 -0.6125 0.4622
vn 0.6413 -0.6125 0.4622
vn 0.6413 -0.6125 0.4622
vn 0.6413 -0.6125 0.4622
vn 0.4640 0.6140 -0.6385
vn 0.4640 0.6140 -0.6385
vn 0.4640 0.6140 -0.6385
vn 0.6571 -0.1250 0.7434
vn 0.6571 -0.1250 0.7434
vn 0.6571 -0.1250 0.7434
vn 0.5023 -0.8279 0.2495
vn 0.5023 -0.8279 0.2495
vn -0.7167 0.3420 -0.6078
vn -0.7167 0.3420 -0.6078
vn -0.7167 0.3420 -0.6078
vn -0.8182 -0.4071 0.4059
vn -0.8182 -0.4071 0.4059
vn -0.8973 -0.0549 -0.4380
vn -0.8973 -0.0549 -0.4380
vn -0.8313 -0.3558 0.4270
vn -0.8313 -0.3558 0.4270
vn -0.8313 -0.3558 0.4270
vn -0.4228 0.8890 -0.1760
vn -0.4228 0.8890 -0.1760
vn -0.4228 0.8890 -0.1760
vn -0.5508 0.7684 -0.3259
vn -0.5508 0.7684 -0.3259
vn -0.7402 -0.3449 0.5773
vn -0.9999 0.0066 -0.0135
vn -0.9999 0.0066 -0.0135
vn -0.8989 -0.4364 0.0382
vn -0.8989 -0.4364 0.0382
vn -0.8989 -0.4364 0.0382
vn -0.8989 -0.4364 0.0382
vn -0.8989 -0.4364 0.0382
vn -0.8278 -0.5372 -0.1620
vn -0.8278 -0.5372 -0.1620
vn -0.8278 -0.5372 -0.1620
vn -0.8278 -0.5372 -0.1620
vn -0.8131 -0.1887 -0.5507
vn -0.8131 -0.1887 -0.5507
vn -0.0230 -0.0793 0.9966
vn -0.5012 0.2457 -0.8298
vn -0.5012 0.2457 -0.8298
vn -0.5012 0.2457 -0.8298
vn -0.5012 0.2457 -0.8298
vn -0.3697 0.7367 -0.5662
vn -0.4935 0.8403 0.2245
vn -0.4935 0.8403 0.2245
vn -0.4935 0.8403 0.2245
vn -0.5071 0.6602 -0.5540
vn -0.5071 0.6602 -0.5540
vn 0.5099 -0.8342 -0.2101
vn 0.5099 -0.8342 -0.2101
vn -0.7475 0.4029 -0.5281
vn -0.7475 0.4029 -0.5281
vn -0.7475 0.4029 -0.5281
vn 0.1936 0.7470 -0.6360
vn 0.7700 0.5415 -0.3375
vn -0.9052 -0.3456 -0.2474
vn -0.9052 -0.3456 -0.2474
vn -0.9052 -0.3456 -0.2474
vn -0.8948 -0.4255 0.1355
vn -0.7139 -0.1438 -0.6853
vn -0.7139 -0.1438 -0.6853
vn -0.7139 -0.1438 -0.6853
vn -0.6606 -0.4776 -0.5792
vn -0.6606 -0.4776 -0.5792
vn -0.9317 -0.2086 -0.2972
vn -0.6470 0.3969 0.6511
vn -0.6470 0.3969 0.6511
vn -0.7101 0.1727 -0.6826
vn -0.7101 0.1727 -0.6826
vn -0.8781 -0.4066 0.2523
vn -0.9175 0.1011 -0.3847
vn -0.9175 0.1011 -0.3847
vn -0.7805 -0.0457 -0.6235
vn -0.9064 -0.3024 0.2950
vn -0.9863 -0.1525 -0.0627
vn -0.9863 -0.1525 -0.0627
vn -0.9756 0.0186 -0.2190
vn -0.9756 0.0186 -0.2190
vn -0.8981 0.2701 -0.3470
vn -0.8981 0.2701 -0.3470
vn -0.8981 0.2701 -0.3470
vn -0.9333 0.0044 -0.3592
vn -0.7818 0.1473 -0.6058
vn -0.0470 -0.4925 0.8690
vn -0.0382 -0.0684 0.9969
vn -0.7419 0.5663 0.3590
vn -0.7419 0.5663 0.3590
vn -0.7419 0.5663 0.3590
vn 0.1545 0.9664 0.2053
vn 0.1545 0.9664 0.2053
vn -0.6312 0.7391 -0.2353
vn -0.6312 0.7391 -0.2353
vn 0.7779 -0.5475 -0.3085
vn -0.1319 -0.0588 -0.9895
vn -0.1319 -0.0588 -0.9895
vn -0.1319 -0.0588 -0.9895
vn -0.1319 -0.0588 -0.9895
vn 0.0000 0.0000 0.0000
vn 0.0000 0.0000 0.0000
vn 0.1929 0.8193 -0.5400
vn 0.1929 0.8193 -0.5400
vn 0.9428 0.0319 0.3320
vn 0.9428 0.0319 0.3320
vn 0.1953 -0.7640 -0.6149
vn -0.7441 -0.1962 0.6386
vn -0.8488 -0.4488 0.2794
vn -0.8488 -0.4488 0.2794
vn -0.4200 -0.7820 0.4605
vn -0.4200 -0.7820 0.4605
vn -0.4200 -0.7820 0.4605
vn -0.8735 0.4771 0.0967
vn -0.8735 0.4771 0.0967
vn -0.8735 0.4771 0.0967
vn -0.8735 0.4771 0.0967
vn -0.8735 0.4771 0.0967
vn -0.7874 0.2115 -0.5791
vn -0.7874 0.2115 -0.5791
vn -0.9810 -0.0053 0.1940
vn -0.9810 -0.0053 0.1940
vn -0.9599 0.2020 -0.1941
vn -0.9599 0.2020 -0.1941
vn -0.8092 0.2994 -0.5055
vn -0.8092 0.2994 -0.5055
vn -0.6306 -0.4200 0.6527
vn -0.6306 -0.4200 0.6527
vn -0.6306 -0.4200 0.6527
vn -0.9213 -0.3465 0.1768
vn -0.4703 -0.0884 0.8781
vn -0.4703 -0.0884 0.8781
vn -0.5226 0.3367 -0.7833
vn -0.5226 0.3367 -0.7833
vn -0.5226 0.3367 -0.7833
vn -0.8984 -0.0424 0.4371
vn -0.8984 -0.0424 0.4371
vn -0.3162 0.7031 -0.6370
vn -0.3162 0.7031 -0.6370
vn -0.7824 0.6063 0.1422
vn -0.7824 0.6063 0.1422
vn -0.7134 0.6851 0.1470
vn -0.7134 0.6851 0.1470
vn -0.7134 0.6851 0.1470
vn -0.2724 -0.0718 -0.9595
vn -0.2724 -0.0718 -0.9595
vn -0.6030 -0.1209 0.7885
vn -0.6030 -0.1209 0.7885
vn -0.6030 -0.1209 0.7885
vn -0.7255 -0.2950 0.6218
vn -0.7255 -0.2950 0.6218
vn 0.3870 0.4307 -0.8153
vn 0.3870 0.4307 -0.8153
vn -0.9816 0.0310 0.1884
vn -0.9816 0.0310 0.1884
vn 0.5062 0.7696 0.3892
vn 0.8462 -0.4850 -0.2205
vn 0.8462 -0.4850 -0.2205
vn 0.7953 0.2239 0.5634
vn 0.7953 0.2239 0.5634
vn 0.7944 -0.4112 0.4470
vn 0.7944 -0.4112 0.4470
vn 0.7944 -0.4112 0.4470
vn 0.6375 -0.2737 -0.7202
vn 0.6375 -0.2737 -0.7202
vn -0.1070 -0.6937 -0.7123
vn -0.1070 -0.6937 -0.7123
vn 0.1824 0.1467 0.9722
vn 0.0369 -0.9276 0.3718
vn 0.0369 -0.9276 0.3718
vn 0.0369 -0.9276 0.3718
vn -0.7329 -0.0068 -0.6803
vn -0.7329 -0.0068 -0.6803
vn -0.8201 -0.4509 0.3524
vn -0.8201 -0.4509 0.3524
vn -0.8201 -0.4509 0.3524
vn -0.4743 0.1264 0.8712
vn -0.4743 0.1264 0.8712
vn -0.8243 -0.3209 0.4665
vn 0.3372 -0.3619 -0.8691
vn 0.3372 -0.3619 -0.8691
vn -0.4060 0.4854 -0.7743
vn -0.4060 0.4854 -0.7743
vn -0.4060 0.4854 -0.7743
vn -0.3090 -0.5688 0.7623
vn -0.3090 -0.5688 0.7623
vn -0.3090 -0.5688 0.7623
vn -0.7872 0.1371 -0.6012
vn -0.7872 0.1371 -0.6012
vn -0.5848 -0.6009 0.5449
vn -0.5848 -0.6009 0.5449
vn -0.5657 -0.6875 0.4554
vn -0.5657 -0.6875 0.4554
vn -0.5657 -0.6875 0.4554
vn -0.7578 0.2059 -0.6191
vn -0.7578 0.2059 -0.6191
vn -0.7870 -0.6020 -0.1353
vn -0.7870 -0.6020 -0.1353
vn -0.9389 0.2456 0.2410
vn 0.3759 0.8631 0.3372
vn 0.3759 0.8631 0.3372
vn 0.3759 0.8631 0.3372
vn 0.0000 0.0000 0.0000
vn 0.0000 0.0000 0.0000
vn -0.4549 0.8713 -0.1840
vn -0.4549 0.8713 -0.1840
vn -0.9537 -0.2888 0.0835
vn -0.9537 -0.2888 0.0835
vn -0.9781 -0.2058 0.0320
vn -0.9781 -0.2058 0.0320
vn 0.7981 -0.5691 -0.1977
vn 0.6473 -0.6463 -0.4040
vn 0.6473 -0.6463 -0.4040
vn 0.6473 -0.6463 -0.4040
vn 0.5937 0.2716 0.7575
vn 0.7694 0.6143 -0.1751
vn 0.9236 0.1453 0.3549
vn 0.6488 -0.7592 0.0510
vn 0.6488 -0.7592 0.0510
vn 0.3422 -0.4900 0.8017
vn 0.3422 -0.4900 0.8017
vn -0.4760 -0.5398 -0.6943
vn -0.4760 -0.5398 -0.6943
vn 0.1368 -0.4374 0.8888
vn 0.1368 -0.4374 0.8888
vn -0.0180 0.3463 0.9379
vn -0.0180 0.3463 0.9379
vn -0.3748 0.1973 0.9058
vn -0.7062 0.2871 -0.6472
vn -0.7062 0.2871 -0.6472
vn -0.8141 -0.1833 0.5510
vn -0.8141 -0.1833 0.5510
vn -0.8141 -0.1833 0.5510
vn -0.2740 -0.2455 0.9299
vn -0.7067 0.1849 -0.6830
vn 0.2328 -0.0240 0.9722
vn -0.9394 -0.1476 -0.3094
vn -0.8633 -0.2434 0.4422
vn -0.8633 -0.2434 0.4422
vn -0.8990 -0.2622 0.3508
vn -0.8990 -0.2622 0.3508
vn -0.8990 -0.2622 0.3508
vn -0.9400 0.2939 -0.1735
vn -0.9499 0.2971 -0.0971
vn -0.3622 0.3043 -0.8810
vn -0.3622 0.3043 -0.8810
vn -0.9081 0.3347 0.2515
vn -0.8656 0.1607 0.4742
vn -0.8463 0.5212 0.1100
vn -0.7536 0.2022 0.6254
vn -0.5645 -0.2483 0.7872
vn -0.5645 -0.2483 0.7872
vn -0.6864 0.7267 -0.0272
vn -0.9967 0.0370 0.0721
vn -0.9967 0.0370 0.0721
vn -0.9967 0.0370 0.0721
vn -0.3157 0.2085 0.9257
vn -0.3157 0.2085 0.9257
vn 0.5014 -0.8646 0.0337
vn -0.3998 0.5839 0.7065
vn -0.8994 -0.4171 -0.1310
vn -0.8994 -0.4171 -0.1310
vn 0.0364 -0.4164 0.9085
vn 0.0364 -0.4164 0.9085
vn 0.5284 -0.0525 0.8474
vn -0.7183 0.2013 -0.6659
vn -0.7183 0.2013 -0.6659
vn 0.1136 -0.9925 -0.0457
vn 0.1136 -0.9925 -0.0457
vn -0.6063 0.0280 -0.7948
vn -0.6063 0.0280 -0.7948
vn 0.0000 0.0000 0.0000
vn 0.0000 0.0000 0.0000
vn 0.0000 0.0000 0.0000
vn 0.0000 0.0000 -0.0000
vn 0.0000 0.0000 -0.0000
vn -0.8788 -0.3716 0.2994
vn -0.8788 -0.3716 0.2994
vn -0.9854 0.0839 0.1479
vn -0.9854 0.0839 0.1479
vn 0.1093 -0.8140 0.5705
vn -0.9786 0.1733 0.1106
vn -0.9786 0.1733 0.1106
vn -0.1815 0.9618 -0.2047
vn 0.9453 -0.1420 0.2937
vn 0.9453 -0.1420 0.2937
vn 0.7880 0.5914 -0.1712
vn 0.7880 0.5914 -0.1712
vn 0.7364 -0.4927 0.4637
vn 0.7364 -0.4927 0.4637
vn 0.4686 -0.1684 0.8672
vn 0.4686 -0.1684 0.8672
vn -0.0353 -0.6320 -0.7742
vn -0.0353 -0.6320 -0.7742
vn -0.0353 -0.6320 -0.7742
vn -0.6647 0.1766 -0.7259
vn -0.6647 0.1766 -0.7259
vn -0.0956 0.0578 0.9937
vn -0.7364 0.1559 -0.6584
vn -0.7364 0.1559 -0.6584
vn -0.2910 -0.8163 0.4990
vn -0.2910 -0.8163 0.4990
vn -0.2910 -0.8163 0.4990
vn -0.7583 -0.5465 -0.3555
vn -0.7583 -0.5465 -0.3555
vn -0.7035 -0.4424 -0.5562
vn -0.6010 -0.6346 -0.4858
vn -0.6010 -0.6346 -0.4858
vn -0.7164 -0.3914 0.5776
vn -0.7164 -0.3914 0.5776
vn -0.5465 -0.7409 0.3904
vn -0.5465 -0.7409 0.3904
vn -0.5465 -0.7409 0.3904
vn -0.4021 -0.5418 0.7381
vn -0.4021 -0.5418 0.7381
vn -0.4021 -0.5418 0.7381
vn 0.2499 -0.7924 0.5565
vn -0.9640 0.0120 -0.2658
vn -0.9640 0.0120 -0.2658
vn -0.9485 0.2726 -0.1615
vn -0.9479 -0.0567 0.3133
vn -0.9479 -0.0567 0.3133
vn -0.9479 -0.0567 0.3133
vn 0.6497 -0.4101 0.6400
vn 0.6497 -0.4101 0.6400
vn 0.0737 -0.6894 0.7206
vn 0.0737 -0.6894 0.7206
vn -0.7311 0.5803 -0.3588
vn -0.7311 0.5803 -0.3588
vn -0.9539 0.2841 0.0967
vn -0.9539 0.2841 0.0967
vn -0.9331 0.3595 -0.0049
vn -0.5744 0.0733 0.8153
vn -0.5744 0.0733 0.8153
vn -0.6861 -0.4085 0.6020
vn -0.6861 -0.4085 0.6020
vn -0.6818 -0.5119 -0.5226
vn -0.6818 -0.5119 -0.5226
vn -0.0080 0.7792 0.6267
vn 0.4621 0.8810 -0.1012
vn 0.4621 0.8810 -0.1012
vn 0.7606 -0.4805 -0.4366
vn 0.7606 -0.4805 -0.4366
vn 0.7714 0.5957 -0.2236
vn 0.7714 0.5957 -0.2236
vn 0.9666 -0.0395 0.2532
vn 0.2287 -0.9121 -0.3404
vn 0.2287 -0.9121 -0.3404
vn 0.9193 -0.3915 -0.0398
vn 0.9193 -0.3915 -0.0398
vn 0.2932 -0.1074 0.9500
vn -0.6193 0.0191 -0.7849
vn -0.4624 -0.8323 -0.3056
vn -0.6667 -0.6034 0.4375
vn -0.6667 -0.6034 0.4375
vn -0.6345 0.0386 -0.7719
vn -0.6345 0.0386 -0.7719
vn -0.6016 0.2393 -0.7621
vn -0.6016 0.2393 -0.7621
vn -0.5780 -0.5303 0.6202
vn -0.5780 -0.5303 0.6202
vn 0.0610 -0.9817 -0.1803
vn -0.5647 -0.7947 0.2228
vn -0.5647 -0.7947 0.2228
vn -0.5647 -0.7947 0.2228
vn -0.5647 -0.7947 0.2228
vn -0.6968 -0.1125 0.7084
vn -0.6968 -0.1125 0.7084
vn -0.6968 -0.1125 0.7084
vn -0.4596 -0.3546 0.8143
vn -0.4596 -0.3546 0.8143
vn 0.3950 -0.3798 -0.8365
vn 0.3950 -0.3798 -0.8365
vn 0.3950 -0.3798 -0.8365
vn 0.3950 -0.3798 -0.8365
vn -0.6387 0.4755 -0.6050
vn -0.6387 0.4755 -0.6050
vn -0.6387 0.4755 -0.6050
vn -0.6501 0.1801 -0.7382
vn -0.6501 0.1801 -0.7382
vn -0.6501 0.1801 -0.7382
vn -0.0569 -0.4145 0.9083
vn -0.6790 0.1684 -0.7146
vn -0.6790 0.1684 -0.7146
vn 0.2163 0.0562 0.9747
vn 0.2163 0.0562 0.9747
vn -0.8780 -0.3489 -0.3278
vn -0.8780 -0.3489 -0.3278
vn -0.5155 -0.5237 -0.6782
vn -0.5155 -0.5237 -0.6782
vn -0.5155 -0.5237 -0.6782
vn -0.6677 0.5310 0.5217
vn -0.6677 0.5310 0.5217
vn -0.7302 0.4949 0.4711
vn -0.7302 0.4949 0.4711
vn -0.8456 0.4378 -0.3055
vn -0.8456 0.4378 -0.3055
vn -0.7810 0.0448 0.6229
vn -0.7810 0.0448 0.6229
vn -0.5165 0.2171 0.8283
vn -0.5165 0.2171 0.8283
vn 0.2080 0.9400 -0.2703
vn 0.2080 0.9400 -0.2703
vn -0.4481 0.8795 -0.1603
vn 0.0115 0.9628 -0.2699
vn 0.0115 0.9628 -0.2699
vn 0.9961 -0.0530 0.0698
vn 0.8903 0.4052 -0.2078
vn 0.3163 -0.9261 -0.2057
vn 0.2060 -0.8724 -0.4433
vn 0.5319 -0.3744 0.7595
vn 0.5319 -0.3744 0.7595
vn 0.5616 0.0478 0.8260
vn -0.5111 -0.2675 0.8168
vn -0.5111 -0.2675 0.8168
vn -0.6862 0.1725 -0.7067
vn -0.6862 0.1725 -0.7067
vn -0.5360 -0.3697 0.7590
vn -0.5360 -0.3697 0.7590
vn -0.5360 -0.3697 0.7590
vn -0.5518 -0.2727 -0.7881
vn -0.5518 -0.2727 -0.7881
vn -0.6282 -0.1128 -0.7699
vn -0.6282 -0.1128 -0.7699
vn 0.3277 -0.4532 -0.8290
vn 0.3277 -0.4532 -0.8290
vn 0.3277 -0.4532 -0.8290
vn 0.3277 -0.4532 -0.8290
vn 0.6839 -0.4936 0.5373
vn 0.6839 -0.4936 0.5373
vn 0.6839 -0.4936 0.5373
vn -0.6521 0.1180 -0.7489
vn -0.6521 0.1180 -0.7489
vn -0.6521 0.1180 -0.7489
vn -0.6521 0.1180 -0.7489
vn -0.4702 -0.2446 0.8480
vn -0.4702 -0.2446 0.8480
vn -0.4702 -0.2446 0.8480
vn -0.6263 -0.0088 -0.7796
vn -0.6263 -0.0088 -0.7796
vn -0.3410 0.5169 -0.7852
vn -0.3410 0.5169 -0.7852
vn -0.3410 0.5169 -0.7852
vn -0.1404 -0.2138 -0.9667
vn -0.1404 -0.2138 -0.9667
vn -0.1404 -0.2138 -0.9667
vn -0.8322 0.5445 -0.1048
vn -0.8322 0.5445 -0.1048
vn -0.7657 0.3641 -0.5303
vn -0.7657 0.3641 -0.5303
vn -0.8431 -0.4361 0.3147
vn -0.8431 -0.4361 0.3147
vn -0.7039 -0.1401 -0.6964
vn 0.5450 0.8055 -0.2326
vn 0.5450 0.8055 -0.2326
vn 0.5479 -0.8339 0.0667
vn 0.6336 -0.6749 0.3782
vn 0.1273 0.2666 0.9554
vn 0.1273 0.2666 0.9554
vn -0.5712 -0.0234 -0.8205
vn -0.3191 -0.3449 0.8827
vn -0.3191 -0.3449 0.8827
vn -0.3191 -0.3449 0.8827
vn -0.3191 -0.3449 0.8827
vn -0.0223 -0.7256 0.6878
vn -0.0223 -0.7256 0.6878
vn -0.0223 -0.7256 0.6878
vn -0.0223 -0.7256 0.6878
vn -0.0223 -0.7256 0.6878
vn -0.6242 0.2288 -0.7470
vn -0.6242 0.2288 -0.7470
vn -0.6566 0.3373 -0.6746
vn -0.6566 0.3373 -0.6746
vn -0.2063 -0.3759 0.9034
vn -0.4195 -0.2543 0.8714
vn -0.4195 -0.2543 0.8714
vn -0.4195 -0.2543 0.8714
vn -0.8797 -0.4401 0.1801
vn -0.8797 -0.4401 0.1801
vn -0.8807 -0.4092 -0.2387
vn -0.8477 0.0297 -0.5297
vn -0.8477 0.0297 -0.5297
vn -0.4035 -0.7286 0.5535
vn -0.4035 -0.7286 0.5535
vn -0.9981 -0.0487 -0.0390
vn -0.9696 0.0860 0.2290
vn -0.7182 0.1410 -0.6814
vn -0.7182 0.1410 -0.6814
vn -0.1891 0.5096 -0.8393
vn -0.1891 0.5096 -0.8393
vn -0.1959 0.5856 -0.7866
vn -0.1959 0.5856 -0.7866
vn -0.1959 0.5856 -0.7866
vn -0.1959 0.5856 -0.7866
vn -0.3601 0.7118 -0.6030
vn -0.8686 0.4635 0.1749
vn -0.8686 0.4635 0.1749
vn -0.8686 0.4635 0.1749
vn -0.8686 0.4635 0.1749
vn -0.9308 0.3523 -0.0970
vn -0.8581 0.3545 0.3714
vn -0.8581 0.3545 0.3714
vn -0.8083 0.5103 0.2938
vn -0.8083 0.5103 0.2938
vn -0.6666 -0.7025 -0.2492
vn -0.8422 0.4951 0.2134
vn -0.8422 0.4951 0.2134
vn -0.2130 0.6780 -0.7035
vn -0.2130 0.6780 -0.7035
vn -0.2130 0.6780 -0.7035
vn -0.7472 0.6253 -0.2251
vn 0.0777 -0.8873 -0.4546
vn 0.0777 -0.8873 -0.4546
vn 0.0777 -0.8873 -0.4546
vn -0.6968 0.1809 -0.6941
vn -0.6968 0.1809 -0.6941
vn -0.8354 -0.5117 0.2006
vn -0.8354 -0.5117 0.2006
vn -0.9326 -0.3599 -0.0259
vn -0.8581 0.2030 0.4716
vn -0.8581 0.2030 0.4716
vn -0.8581 0.2030 0.4716
vn -0.8581 0.2030 0.4716
vn -0.9869 0.1544 0.0472
vn -0.9345 -0.0661 0.3498
vn -0.9345 -0.0661 0.3498
vn -0.9345 -0.0661 0.3498
vn -0.9187 -0.0448 0.3923
vn -0.9187 -0.0448 0.3923
vn -0.7469 0.2847 -0.6010
vn -0.7469 0.2847 -0.6010
vn -0.7613 0.4053 0.5062
vn -0.7613 0.4053 0.5062
vn -0.7613 0.4053 0.5062
vn -0.7613 0.4053 0.5062
vn 0.7904 0.6108 0.0475
vn 0.7904 0.6108 0.0475
vn -0.1837 -0.1438 0.9724
vn -0.1837 -0.1438 0.9724
vn -0.1837 -0.1438 0.9724
vn 0.9764 -0.1905 -0.1019
vn 0.5851 -0.7600 0.2829
vn 0.4084 -0.8659 -0.2888
vn -0.5359 -0.8423 -0.0581
vn -0.0156 -0.7805 -0.6249
vn -0.0156 -0.7805 -0.6249
vn -0.6172 0.0874 -0.7819
vn -0.4175 -0.4886 0.7661
vn -0.4175 -0.4886 0.7661
vn -0.4175 -0.4886 0.7661
vn -0.4175 -0.4886 0.7661
vn -0.2623 -0.5575 0.7877
vn -0.2623 -0.5575 0.7877
vn -0.3490 -0.5321 0.7714
vn -0.2657 0.4346 -0.8605
vn -0.2657 0.4346 -0.8605
vn -0.4164 -0.5080 0.7540
vn -0.4164 -0.5080 0.7540
vn -0.4164 -0.5080 0.7540
vn -0.4164 -0.5080 0.7540
vn -0.4164 -0.5080 0.7540
vn 0.2936 -0.3023 0.9069
vn 0.2936 -0.3023 0.9069
vn -0.8541 -0.5042 -0.1278
vn -0.7744 -0.6259 0.0919
vn -0.9346 -0.1354 0.3289
vn -0.9346 -0.1354 0.3289
vn -0.6734 -0.6157 0.4092
vn -0.6734 -0.6157 0.4092
vn -0.9854 0.0401 0.1653
vn -0.9290 -0.0693 0.3637
vn -0.9290 -0.0693 0.3637
vn -0.9579 0.1667 0.2337
vn -0.3720 0.2301 -0.8993
vn -0.3720 0.2301 -0.8993
vn -0.6964 -0.3910 0.6018
vn -0.6964 -0.3910 0.6018
vn -0.6964 -0.3910 0.6018
vn 0.0148 0.8447 -0.5351
vn 0.0148 0.8447 -0.5351
vn -0.5447 0.2916 -0.7863
vn -0.3966 0.8405 -0.3692
vn -0.3966 0.8405 -0.3692
vn -0.6068 0.7798 0.1539
vn -0.6068 0.7798 0.1539
vn -0.6068 0.7798 0.1539
vn -0.5935 0.8024 -0.0616
vn -0.4561 -0.4561 -0.7642
vn -0.4561 -0.4561 -0.7642
vn -0.3577 -0.1828 -0.9158
vn -0.3577 -0.1828 -0.9158
vn -0.3577 -0.1828 -0.9158
vn -0.3577 -0.1828 -0.9158
vn 0.4996 -0.3240 0.8034
vn 0.4996 -0.3240 0.8034
vn -0.5278 0.1055 -0.8428
vn -0.5278 0.1055 -0.8428
vn -0.7678 0.6095 -0.1974
vn -0.7678 0.6095 -0.1974
vn -0.4837 -0.7274 0.4868
vn -0.4837 -0.7274 0.4868
vn -0.4837 -0.7274 0.4868
vn -0.8021 -0.4247 0.4197
vn -0.8659 -0.4287 0.2576
vn -0.9540 -0.0841 0.2877
vn -0.4598 0.2299 -0.8577
vn -0.4598 0.2299 -0.8577
vn -0.4454 0.6095 0.6558
vn -0.4454 0.6095 0.6558
vn -0.9035 -0.0385 0.4269
vn -0.9035 -0.0385 0.4269
vn -0.9035 -0.0385 0.4269
vn 0.4591 -0.8617 0.2160
vn 0.4591 -0.8617 0.2160
vn -0.4999 0.5297 0.6851
vn -0.5064 0.6465 0.5706
vn -0.5064 0.6465 0.5706
vn -0.5064 0.6465 0.5706
vn -0.6157 0.7276 0.3026
vn -0.6157 0.7276 0.3026
vn 0.6180 -0.4706 0.6298
vn 0.6180 -0.4706 0.6298
vn 0.2884 -0.3303 0.8987
vn 0.6907 -0.6851 -0.2317
vn 0.6907 -0.6851 -0.2317
vn 0.6907 -0.6851 -0.2317
vn 0.6907 -0.6851 -0.2317
vn -0.3611 -0.8590 -0.3630
vn -0.3406 -0.1054 0.9343
vn -0.3406 -0.1054 0.9343
vn -0.3560 -0.7362 -0.5755
vn -0.3560 -0.7362 -0.5755
vn -0.3932 0.2102 -0.8951
vn -0.3595 0.0832 0.9294
vn -0.5184 -0.2050 0.8302
vn -0.5184 -0.2050 0.8302
vn -0.4615 0.2193 -0.8596
vn -0.4615 0.2193 -0.8596
vn -0.4615 0.2193 -0.8596
vn -0.3629 -0.1428 0.9208
vn -0.6638 -0.3298 0.6713
vn -0.6638 -0.3298 0.6713
vn -0.7953 -0.5718 0.2013
vn -0.7953 -0.5718 0.2013
vn -0.7270 -0.6856 0.0359
vn -0.4501 0.0692 -0.8903
vn -0.5614 -0.5866 0.5838
vn -0.5614 -0.5866 0.5838
vn -0.1969 0.5136 -0.8352
vn -0.1082 0.5310 -0.8405
vn 0.7355 -0.6375 -0.2295
vn 0.7355 -0.6375 -0.2295
vn -0.7895 0.6080 -0.0840
vn -0.7895 0.6080 -0.0840
vn -0.2708 0.8655 -0.4214
vn -0.7412 0.6682 0.0645
vn -0.7412 0.6682 0.0645
vn -0.5571 0.8271 0.0754
vn -0.1714 0.9835 -0.0586
vn 0.1969 -0.7483 -0.6335
vn 0.1969 -0.7483 -0.6335
vn -0.1869 -0.7986 0.5722
vn -0.1869 -0.7986 0.5722
vn 0.0000 0.0000 0.0000
vn 0.0000 0.0000 0.0000
vn 0.0000 0.0000 0.0000
vn 0.0000 0.0000 0.0000
vn 0.0000 0.0000 0.0000
vn 0.0000 0.0000 0.0000
vn -0.6271 -0.7387 0.2471
vn -0.6271 -0.7387 0.2471
vn -0.6271 -0.7387 0.2471
vn -0.1048 -0.9924 -0.0638
vn -0.1048 -0.9924 -0.0638
vn -0.1048 -0.9924 -0.0638
vn -0.3047 -0.6620 0.6848
vn -0.3047 -0.6620 0.6848
vn -0.3047 -0.6620 0.6848
vn -0.5335 0.7802 0.3266
vn -0.5335 0.7802 0.3266
vn -0.8123 0.5574 -0.1718
vn -0.8123 0.5574 -0.1718
vn -0.6771 0.2042 -0.7070
vn -0.6771 0.2042 -0.7070
vn -0.5021 0.2808 -0.8180
vn 0.4828 0.1611 0.8608
vn -0.7427 -0.6691 0.0254
vn -0.7427 -0.6691 0.0254
vn 0.0028 0.6650 -0.7469
vn 0.0028 0.6650 -0.7469
vn 0.0028 0.6650 -0.7469
vn -0.6210 0.6613 0.4207
vn -0.6510 0.7589 -0.0176
vn -0.6510 0.7589 -0.0176
vn -0.6761 0.7365 0.0200
vn -0.6761 0.7365 0.0200
vn -0.7046 0.6832 0.1917
vn -0.7046 0.6832 0.1917
vn -0.7046 0.6832 0.1917
vn -0.7046 0.6832 0.1917
vn 0.5978 -0.6245 0.5026
vn -0.5069 -0.8452 0.1693
vn -0.5069 -0.8452 0.1693
vn -0.5069 -0.8452 0.1693
vn -0.5069 -0.8452 0.1693
vn 0.3593 -0.3370 0.8702
vn -0.4820 0.1156 -0.8685
vn -0.8008 -0.5958 -0.0615
vn -0.8008 -0.5958 -0.0615
vn -0.8008 -0.5958 -0.0615
vn -0.4360 -0.6599 -0.6119
vn -0.4360 -0.6599 -0.6119
vn 0.2635 0.1619 -0.9510
vn -0.0704 -0.9358 -0.3453
vn -0.0704 -0.9358 -0.3453
vn -0.0704 -0.9358 -0.3453
vn -0.0704 -0.9358 -0.3453
vn -0.0704 -0.9358 -0.3453
vn -0.0704 -0.9358 -0.3453
vn -0.2347 -0.5109 0.8270
vn -0.2628 -0.1443 0.9540
vn -0.2628 -0.1443 0.9540
vn -0.1730 -0.0980 -0.9800
vn -0.5219 0.2836 -0.8045
vn -0.5219 0.2836 -0.8045
vn -0.4503 0.0875 -0.8886
vn -0.7328 -0.6500 -0.2014
vn -0.7328 -0.6500 -0.2014
vn -0.7328 -0.6500 -0.2014
vn -0.7072 -0.6914 -0.1478
vn -0.6620 -0.7491 -0.0248
vn -0.6620 -0.7491 -0.0248
vn -0.7493 -0.6357 0.1855
vn -0.7493 -0.6357 0.1855
vn -0.8374 -0.5287 0.1387
vn -0.4634 0.2453 -0.8515
vn 0.7099 -0.1052 -0.6964
vn 0.7099 -0.1052 -0.6964
vn -0.4141 -0.5227 0.7452
vn -0.4141 -0.5227 0.7452
vn -0.4141 -0.5227 0.7452
vn -0.5157 0.0652 0.8543
vn -0.5157 0.0652 0.8543
vn -0.5157 0.0652 0.8543
vn 0.0258 0.6041 -0.7965
vn 0.3788 0.7183 -0.5836
vn 0.3788 0.7183 -0.5836
vn 0.3788 0.7183 -0.5836
vn -0.4489 0.7905 -0.4167
vn -0.4489 0.7905 -0.4167
vn 0.6394 -0.4770 0.6030
vn 0.6394 -0.4770 0.6030
vn -0.1934 0.1980 0.9609
vn -0.1934 0.1980 0.9609
vn -0.1934 0.1980 0.9609
vn -0.0468 -0.3002 0.9527
vn -0.0468 -0.3002 0.9527
vn -0.0468 -0.3002 0.9527
vn -0.0468 -0.3002 0.9527
vn -0.0468 -0.3002 0.9527
vn -0.4774 0.0056 0.8787
vn -0.4073 -0.5069 0.7597
vn -0.4073 -0.5069 0.7597
vn -0.7794 0.4125 -0.4715
vn -0.7794 0.4125 -0.4715
vn -0.7898 0.1071 0.6039
vn -0.7898 0.1071 0.6039
vn -0.7898 0.1071 0.6039
vn -0.2605 0.4186 -0.8700
vn -0.1812 -0.2641 0.9473
vn -0.1812 -0.2641 0.9473
vn -0.1812 -0.2641 0.9473
vn -0.1812 -0.2641 0.9473
vn 0.5446 -0.8205 -0.1735
vn -0.2875 0.3227 -0.9018
vn -0.2875 0.3227 -0.9018
vn -0.4282 0.0489 0.9024
vn 0.1812 0.3375 0.9237
vn 0.1547 0.3426 0.9266
vn 0.1547 0.3426 0.9266
vn -0.2053 -0.1686 0.9641
vn -0.5261 -0.3775 0.7621
vn -0.5261 -0.3775 0.7621
vn -0.5261 -0.3775 0.7621
vn 0.2776 0.4648 0.8408
vn -0.6734 -0.7364 -0.0652
vn -0.4589 -0.8745 0.1574
vn -0.9194 -0.3931 -0.0119
vn -0.9194 -0.3931 -0.0119
vn -0.9333 -0.2405 0.2665
vn -0.7569 -0.6497 0.0703
vn 0.5747 -0.7718 -0.2721
vn 0.9294 -0.1998 -0.3104
vn 0.9294 -0.1998 -0.3104
vn -0.0434 -0.8674 0.4956
vn -0.0434 -0.8674 0.4956
vn -0.6387 -0.1596 -0.7527
vn -0.6387 -0.1596 -0.7527
vn -0.6387 -0.1596 -0.7527
vn -0.6387 -0.1596 -0.7527
vn -0.6387 -0.1596 -0.7527
vn -0.6387 -0.1596 -0.7527
vn -0.5382 -0.1386 0.8313
vn -0.5382 -0.1386 0.8313
vn -0.6359 -0.5557 0.5356
vn -0.6359 -0.5557 0.5356
vn 0.0129 -0.7969 0.6039
vn 0.0129 -0.7969 0.6039
vn 0.0129 -0.7969 0.6039
vn -0.1911 -0.3639 0.9117
vn -0.1911 -0.3639 0.9117
vn -0.3997 -0.7047 0.5862
vn -0.1771 0.3983 -0.9000
vn -0.1771 0.3983 -0.9000
vn -0.6965 0.4285 -0.5755
vn -0.6965 0.4285 -0.5755
vn -0.3347 -0.9296 0.1540
vn -0.7438 -0.6684 0.0014
vn -0.7438 -0.6684 0.0014
vn -0.4426 -0.8948 0.0590
vn -0.4426 -0.8948 0.0590
vn -0.8504 0.2902 0.4389
vn -0.1953 0.2816 -0.9394
vn 0.1146 0.6939 -0.7109
vn 0.1146 0.6939 -0.7109
vn 0.1404 0.6845 -0.7154
vn -0.0473 0.7896 0.6118
vn -0.0473 0.7896 0.6118
vn -0.4973 0.6057 -0.6212
vn -0.4973 0.6057 -0.6212
vn -0.4973 0.6057 -0.6212
vn -0.4973 0.6057 -0.6212
vn -0.4973 0.6057 -0.6212
vn -0.4748 0.2946 -0.8293
vn -0.3833 0.9223 0.0494
vn -0.3833 0.9223 0.0494
vn -0.3833 0.9223 0.0494
vn -0.2304 0.9199 0.3175
vn -0.1784 0.9752 0.1310
vn -0.1784 0.9752 0.1310
vn -0.3517 -0.9348 0.0495
vn -0.0941 -0.6751 0.7317
vn 0.0000 0.0000 0.0000
vn 0.0000 0.0000 0.0000
vn -0.8902 0.0991 0.4447
vn 0.0000 -0.0000 0.0000
vn 0.0000 -0.0000 0.0000
vn 0.0000 -0.0000 0.0000
vn 0.0000 -0.0000 0.0000
vn 0.0000 -0.0000 0.0000
vn 0.0000 -0.0000 0.0000
vn 0.0000 -0.0000 0.0000
vn 0.0000 -0.0000 0.0000
vn -0.4443 -0.7700 0.4579
vn -0.4443 -0.7700 0.4579
vn -0.4443 -0.7700 0.4579
vn -0.4443 -0.7700 0.4579
vn -0.3467 0.8015 0.4873
vn -0.3955 -0.7240 0.5652
vn -0.3955 -0.7240 0.5652
vn -0.1519 0.0658 -0.9862
vn -0.1519 0.0658 -0.9862
vn -0.5630 -0.6286 0.5366
vn -0.5630 -0.6286 0.5366
vn -0.7006 -0.2322 0.6748
vn -0.7006 -0.2322 0.6748
vn -0.6720 -0.7147 -0.1941
vn -0.6720 -0.7147 -0.1941
vn -0.4723 0.4394 0.7641
vn -0.4723 0.4394 0.7641
vn 0.4593 -0.8856 0.0688
vn 0.4593 -0.8856 0.0688
vn -0.6736 -0.0854 0.7341
vn -0.6736 -0.0854 0.7341
vn -0.3030 0.5962 0.7434
vn -0.5318 -0.7157 0.4527
vn -0.5318 -0.7157 0.4527
vn -0.5318 -0.7157 0.4527
vn -0.5932 -0.6652 0.4535
vn -0.5932 -0.6652 0.4535
vn -0.5932 -0.6652 0.4535
vn -0.6887 0.2095 0.6941
vn -0.6887 0.2095 0.6941
vn -0.2550 0.1682 -0.9522
vn -0.2550 0.1682 -0.9522
vn -0.3126 0.7560 0.5750
vn -0.3126 0.7560 0.5750
vn -0.5002 0.5196 -0.6927
vn -0.5002 0.5196 -0.6927
vn -0.1286 0.8264 -0.5482
vn -0.1286 0.8264 -0.5482
vn 0.2986 -0.4534 0.8398
vn 0.2986 -0.4534 0.8398
vn 0.2986 -0.4534 0.8398
vn -0.5431 0.8347 0.0916
vn 0.1501 -0.7563 0.6368
vn -0.8441 -0.5318 -0.0678
vn -0.8441 -0.5318 -0.0678
vn -0.2805 0.0018 0.9599
vn -0.8727 -0.3634 0.3261
vn -0.8727 -0.3634 0.3261
vn -0.4977 -0.5696 -0.6540
vn -0.4977 -0.5696 -0.6540
vn -0.5965 0.2112 -0.7743
vn -0.5965 0.2112 -0.7743
vn -0.5965 0.2112 -0.7743
vn -0.5965 0.2112 -0.7743
vn 0.1851 -0.1495 -0.9713
vn 0.1851 -0.1495 -0.9713
vn 0.1851 -0.1495 -0.9713
vn -0.4792 0.3277 -0.8142
vn -0.4792 0.3277 -0.8142
vn -0.4792 0.3277 -0.8142
vn -0.4792 0.3277 -0.8142
vn -0.2029 0.2660 0.9424
vn -0.2029 0.2660 0.9424
vn -0.2029 0.2660 0.9424
vn -0.5971 -0.4384 0.6718
vn -0.5971 -0.4384 0.6718
vn -0.5971 -0.4384 0.6718
vn -0.1850 -0.7270 0.6613
vn -0.1850 -0.7270 0.6613
vn -0.1850 -0.7270 0.6613
vn -0.1850 -0.7270 0.6613
vn -0.2776 0.1136 0.9540
vn -0.2776 0.1136 0.9540
vn -0.0332 -0.3802 -0.9243
vn -0.0332 -0.3802 -0.9243
vn -0.0126 -0.0129 -0.9998
vn 0.1270 -0.3231 0.9378
vn 0.1270 -0.3231 0.9378
vn -0.5070 -0.7235 -0.4684
vn -0.5121 -0.8354 0.1998
vn -0.5121 -0.8354 0.1998
vn -0.5121 -0.8354 0.1998
vn -0.6297 -0.7741 -0.0659
vn -0.6297 -0.7741 -0.0659
vn -0.3331 0.6606 -0.6728
vn -0.3331 0.6606 -0.6728
vn -0.2998 0.8355 -0.4605
vn -0.2998 0.8355 -0.4605
vn -0.4952 0.8215 0.2825
vn -0.4952 0.8215 0.2825
vn -0.4952 0.8215 0.2825
vn 0.0478 0.8969 -0.4397
vn 0.3875 -0.9017 0.1917
vn 0.6658 -0.7443 -0.0525
vn -0.0571 -0.9906 0.1247
vn -0.5548 0.2314 -0.7991
vn -0.5548 0.2314 -0.7991
vn -0.7105 -0.1344 0.6907
vn -0.6764 -0.1546 0.7202
vn -0.6764 -0.1546 0.7202
vn -0.3207 -0.9350 -0.1513
vn -0.3207 -0.9350 -0.1513
vn 0.0073 -0.7662 0.6426
vn 0.0073 -0.7662 0.6426
vn 0.0073 -0.7662 0.6426
vn 0.0073 -0.7662 0.6426
vn -0.6706 -0.6736 -0.3109
vn -0.6706 -0.6736 -0.3109
vn -0.2716 -0.9526 0.1370
vn -0.3918 0.5707 -0.7217
vn -0.3918 0.5707 -0.7217
vn -0.4844 0.5240 -0.7005
vn -0.4844 0.5240 -0.7005
vn 0.1009 0.7475 -0.6566
vn 0.1009 0.7475 -0.6566
vn 0.0379 0.6994 0.7137
vn 0.0379 0.6994 0.7137
vn 0.0379 0.6994 0.7137
vn -0.1331 0.6165 -0.7760
vn -0.1331 0.6165 -0.7760
vn -0.0893 0.9256 -0.3679
vn -0.4566 -0.7919 0.4054
vn -0.8470 0.1151 -0.5189
vn 0.0139 -0.1426 -0.9897
vn -0.5260 -0.3886 0.7565
vn -0.5260 -0.3886 0.7565
vn -0.5260 -0.3886 0.7565
vn 0.2450 0.6566 0.7133
vn 0.2450 0.6566 0.7133
vn 0.2450 0.6566 0.7133
vn -0.4686 -0.6912 0.5501
vn -0.4686 -0.6912 0.5501
vn -0.6689 -0.6901 -0.2763
vn -0.5252 -0.8468 -0.0848
vn -0.5252 -0.8468 -0.0848
vn -0.2153 -0.9742 0.0678
vn -0.4372 -0.5319 0.7252
vn -0.4576 0.4291 -0.7788
vn -0.4576 0.4291 -0.7788
vn 0.1283 0.7625 -0.6341
vn 0.1283 0.7625 -0.6341
vn -0.1227 0.3328 -0.9350
vn -0.1227 0.3328 -0.9350
vn -0.1227 0.3328 -0.9350
vn -0.1227 0.3328 -0.9350
vn -0.1743 -0.2080 -0.9625
vn -0.1743 -0.2080 -0.9625
vn -0.9281 -0.3113 0.2041
vn -0.3208 -0.9002 0.2944
vn 0.5428 -0.7148 -0.4408
vn -0.3112 -0.9468 0.0822
vn -0.3112 -0.9468 0.0822
vn 0.5229 -0.3812 -0.7624
vn 0.5229 -0.3812 -0.7624
vn -0.1076 0.0850 -0.9906
vn -0.1076 0.0850 -0.9906
vn -0.1076 0.0850 -0.9906
vn -0.7867 -0.1713 0.5931
vn -0.7867 -0.1713 0.5931
vn 0.7218 -0.4653 0.5124
vn 0.7218 -0.4653 0.5124
vn 0.7218 -0.4653 0.5124
vn -0.0290 -0.4706 0.8819
vn -0.0290 -0.4706 0.8819
vn -0.0290 -0.4706 0.8819
vn -0.0418 -0.0519 -0.9978
vn -0.2010 -0.9686 -0.1465
vn -0.2010 -0.9686 -0.1465
vn -0.0795 0.4652 -0.8817
vn -0.0795 0.4652 -0.8817
vn -0.3507 -0.1041 0.9307
vn -0.3507 -0.1041 0.9307
vn -0.3507 -0.1041 0.9307
vn 0.0224 0.6667 -0.7450
vn 0.0224 0.6667 -0.7450
vn -0.1197 0.9589 0.2573
vn 0.1387 -0.9881 -0.0661
vn -0.7226 0.1894 -0.6648
vn -0.5957 0.3527 -0.7216
vn -0.4922 0.0344 -0.8698
vn -0.4922 0.0344 -0.8698
vn -0.2211 0.1812 -0.9583
vn -0.2211 0.1812 -0.9583
vn 0.0000 0.0000 0.0000
vn 0.0000 0.0000 0.0000
vn 0.0000 0.0000 0.0000
vn 0.0000 0.0000 0.0000
vn -0.1779 -0.0783 0.9809
vn -0.1779 -0.0783 0.9809
vn 0.0175 -0.1945 0.9807
vn 0.0175 -0.1945 0.9807
vn 0.0175 -0.1945 0.9807
vn 0.7972 0.0167 0.6035
vn 0.7972 0.0167 0.6035
vn 0.7972 0.0167 0.6035
vn 0.7552 -0.3587 -0.5486
vn 0.7552 -0.3587 -0.5486
vn 0.7552 -0.3587 -0.5486
vn 0.7552 -0.3587 -0.5486
vn -0.1247 -0.5175 0.8466
vn -0.1247 -0.5175 0.8466
vn -0.1751 0.2174 -0.9602
vn -0.0165 0.1177 -0.9929
vn 0.2331 -0.2864 0.9293
vn 0.2331 -0.2864 0.9293
vn 0.2331 -0.2864 0.9293
vn 0.0000 0.0000 -0.0000
vn 0.0000 0.0000 -0.0000
vn 0.0000 0.0000 -0.0000
vn 0.0297 -0.9912 0.1291
vn 0.0297 -0.9912 0.1291
vn 0.0297 -0.9912 0.1291
vn 0.0000 0.0000 -0.0000
vn 0.0000 0.0000 -0.0000
vn -0.2199 0.5878 0.7785
vn -0.1007 0.6047 0.7901
vn -0.1372 0.6861 -0.7144
vn -0.1372 0.6861 -0.7144
vn -0.1372 0.6861 -0.7144
vn -0.1372 0.6861 -0.7144
vn -0.1372 0.6861 -0.7144
vn -0.3008 0.7717 0.5604
vn 0.2057 -0.8158 0.5406
vn 0.2057 -0.8158 0.5406
vn 0.2057 -0.8158 0.5406
vn 0.0794 0.3605 -0.9294
vn 0.0794 0.3605 -0.9294
vn 0.0794 0.3605 -0.9294
vn 0.0794 0.3605 -0.9294
vn -0.5073 0.6226 -0.5958
vn -0.5073 0.6226 -0.5958
vn -0.5073 0.6226 -0.5958
vn -0.5073 0.6226 -0.5958
vn -0.8283 -0.5148 0.2210
vn -0.8283 -0.5148 0.2210
vn -0.9004 0.2567 -0.3512
vn -0.5534 0.4988 -0.6670
vn -0.5534 0.4988 -0.6670
vn -0.5534 0.4988 -0.6670
vn -0.5534 0.4988 -0.6670
vn -0.2900 0.3936 -0.8723
vn -0.2900 0.3936 -0.8723
vn -0.2900 0.3936 -0.8723
vn -0.2073 0.0988 -0.9733
vn 0.0327 0.0428 0.9985
vn 0.0327 0.0428 0.9985
vn 0.0327 0.0428 0.9985
vn 0.0327 0.0428 0.9985
vn -0.3099 0.4892 -0.8153
vn -0.1234 -0.5031 0.8554
vn -0.1234 -0.5031 0.8554
vn -0.3632 0.4051 0.8390
vn -0.2061 0.4844 -0.8502
vn -0.2061 0.4844 -0.8502
vn 0.0000 0.0000 0.0000
vn 0.0000 0.0000 0.0000
vn -0.9431 -0.2238 -0.2458
vn -0.7640 -0.2769 0.5828
vn -0.7640 -0.2769 0.5828
vn -0.2790 -0.3054 -0.9104
vn -0.3165 -0.7713 0.5522
vn -0.4433 -0.1888 0.8763
vn -0.4297 0.1460 -0.8911
vn -0.1818 -0.8650 0.4677
vn 0.2753 -0.8234 0.4962
vn 0.2753 -0.8234 0.4962
vn -0.6230 -0.6400 0.4497
vn -0.6230 -0.6400 0.4497
vn -0.1023 0.5397 -0.8356
vn -0.1023 0.5397 -0.8356
vn -0.3177 -0.0884 0.9441
vn -0.3177 -0.0884 0.9441
vn -0.3743 0.3776 -0.8470
vn -0.4468 -0.0794 -0.8911
vn -0.4468 -0.0794 -0.8911
vn -0.9437 -0.1424 -0.2986
vn -0.9437 -0.1424 -0.2986
vn -0.7588 -0.0633 0.6483
vn 0.8031 0.1158 0.5844
vn 0.8031 0.1158 0.5844
vn 0.8031 0.1158 0.5844
vn 0.8031 0.1158 0.5844
vn 0.0530 -0.5136 0.8564
vn 0.0530 -0.5136 0.8564
vn 0.0530 -0.5136 0.8564
vn 0.0530 -0.5136 0.8564
vn -0.3431 0.4003 0.8497
vn 0.2219 -0.1946 0.9555
vn 0.0325 0.6732 0.7388
vn 0.0325 0.6732 0.7388
vn -0.1716 0.8446 -0.5072
vn -0.1716 0.8446 -0.5072
vn 0.0687 0.9713 -0.2276
vn 0.0687 0.9713 -0.2276
vn -0.5934 -0.7412 0.3140
vn -0.5934 -0.7412 0.3140
vn -0.0968 -0.2606 -0.9606
vn -0.0968 -0.2606 -0.9606
vn 0.5454 -0.8381 -0.0079
vn 0.5454 -0.8381 -0.0079
vn -0.2671 -0.2663 0.9261
vn -0.2671 -0.2663 0.9261
vn -0.0059 -0.8145 0.5801
vn -0.0059 -0.8145 0.5801
vn 0.1175 -0.8788 0.4624
vn 0.0649 0.5192 -0.8522
vn 0.0751 -0.9955 -0.0576
vn -0.0152 -0.9997 0.0192
vn -0.3695 -0.5663 -0.7367
vn 0.3240 -0.1507 0.9340
vn -0.0600 0.2127 -0.9753
vn -0.0600 0.2127 -0.9753
vn -0.0502 -0.4969 0.8663
vn -0.0502 -0.4969 0.8663
vn -0.0502 -0.4969 0.8663
vn -0.3239 -0.3172 0.8914
vn -0.3239 -0.3172 0.8914
vn -0.3299 -0.6549 0.6799
vn -0.3299 -0.6549 0.6799
vn 0.0965 0.1484 -0.9842
vn 0.0965 0.1484 -0.9842
vn 0.1722 -0.6308 0.7566
vn 0.1722 -0.6308 0.7566
vn 0.0979 0.1185 -0.9881
vn -0.0737 0.5731 -0.8161
vn -0.0737 0.5731 -0.8161
vn -0.0737 0.5731 -0.8161
vn 0.0433 0.7007 0.7121
vn -0.0636 0.4288 0.9011
vn 0.0000 -0.0000 0.0000
vn 0.0000 -0.0000 0.0000
vn 0.2874 0.9212 0.2624
vn 0.2874 0.9212 0.2624
vn -0.4306 -0.7788 0.4561
vn -0.4306 -0.7788 0.4561
vn -0.2890 0.6860 -0.6678
vn -0.2890 0.6860 -0.6678
vn 0.1397 -0.1616 0.9769
vn 0.0287 0.2544 -0.9667
vn 0.0287 0.2544 -0.9667
vn -0.3802 -0.0838 -0.9211
vn -0.5364 0.2791 -0.7964
vn -0.0516 -0.5883 0.8070
vn -0.0516 -0.5883 0.8070
vn -0.2560 0.4936 -0.8312
vn -0.2560 0.4936 -0.8312
vn -0.1521 0.3978 -0.9048
vn -0.1521 0.3978 -0.9048
vn 0.0000 0.0000 0.0000
vn 0.0000 0.0000 0.0000
vn 0.0000 0.0000 0.0000
vn 0.0000 0.0000 0.0000
vn 0.2116 -0.7712 0.6004
vn 0.2116 -0.7712 0.6004
vn 0.2116 -0.7712 0.6004
vn 0.2116 -0.7712 0.6004
vn -0.0459 0.0436 -0.9980
vn 0.3540 -0.9350 0.0221
vn -0.0437 -0.9002 0.4333
vn -0.0437 -0.9002 0.4333
vn 0.1203 0.7214 0.6820
vn 0.1203 0.7214 0.6820
vn 0.3859 0.7834 0.4871
vn 0.3859 0.7834 0.4871
vn 0.2455 0.9384 0.2431
vn 0.1130 0.9926 -0.0440
vn 0.4329 0.9015 -0.0017
vn -0.5946 0.5610 -0.5759
vn -0.5946 0.5610 -0.5759
vn -0.7857 0.2624 -0.5603
vn -0.7857 0.2624 -0.5603
vn -0.7857 0.2624 -0.5603
vn -0.4526 0.4592 -0.7644
vn -0.4526 0.4592 -0.7644
vn -0.0585 0.0740 -0.9955
vn 0.1789 0.1843 -0.9664
vn 0.1789 0.1843 -0.9664
vn -0.2342 0.3482 -0.9077
vn -0.2342 0.3482 -0.9077
vn -0.2342 0.3482 -0.9077
vn -0.2342 0.3482 -0.9077
vn 0.2355 0.3816 -0.8938
vn 0.2355 0.3816 -0.8938
vn 0.2355 0.3816 -0.8938
vn 0.2355 0.3816 -0.8938
vn -0.0368 -0.7397 0.6719
vn -0.0368 -0.7397 0.6719
vn -0.0368 -0.7397 0.6719
vn -0.0368 -0.7397 0.6719
vn -0.0368 -0.7397 0.6719
vn 0.0000 0.0000 0.0000
vn 0.0000 0.0000 0.0000
vn -0.2533 -0.8224 -0.5094
vn -0.2533 -0.8224 -0.5094
vn -0.2533 -0.8224 -0.5094
vn -0.2533 -0.8224 -0.5094
vn 0.4816 -0.8703 0.1029
vn 0.4816 -0.8703 0.1029
vn 0.2323 -0.7844 -0.5751
vn 0.2323 -0.7844 -0.5751
vn 0.2323 -0.7844 -0.5751
vn 0.1230 -0.9924 -0.0102
vn 0.0658 0.8546 -0.5152
vn 0.0658 0.8546 -0.5152
vn -0.4064 -0.9132 -0.0302
vn -0.4064 -0.9132 -0.0302
vn -0.4011 0.6992 -0.5918
vn -0.3227 0.2478 0.9135
vn -0.3227 0.2478 0.9135
vn 0.6524 -0.6641 0.3652
vn 0.6524 -0.6641 0.3652
vn 0.6524 -0.6641 0.3652
vn -0.4377 -0.8977 0.0494
vn -0.3302 0.4066 -0.8518
vn 0.0000 0.0000 -0.0000
vn 0.0000 0.0000 -0.0000
vn 0.0000 0.0000 -0.0000
vn 0.0000 0.0000 -0.0000
vn 0.1281 0.6122 -0.7803
vn 0.1281 0.6122 -0.7803
vn 0.0566 -0.3192 0.9460
vn 0.1081 -0.8276 0.5508
vn 0.1081 -0.8276 0.5508
vn 0.1081 -0.8276 0.5508
vn 0.1081 -0.8276 0.5508
vn 0.1081 -0.8276 0.5508
vn 0.0000 0.0000 0.0000
vn 0.0000 0.0000 0.0000
vn -0.0446 -0.7685 0.6383
vn -0.0446 -0.7685 0.6383
vn -0.0446 -0.7685 0.6383
vn 0.0000 0.0000 0.0000
vn 0.0000 0.0000 0.0000
vn 0.5386 -0.5059 0.6737
vn 0.5386 -0.5059 0.6737
vn 0.2506 0.0112 -0.9680
vn 0.4909 0.4796 0.7273
vn 0.4909 0.4796 0.7273
vn 0.0489 -0.9877 0.1487
vn 0.0489 -0.9877 0.1487
vn 0.2613 0.4849 0.8346
vn 0.2613 0.4849 0.8346
vn 0.1384 -0.9083 0.3948
vn -0.3628 0.7260 -0.5842
vn -0.6719 -0.6834 0.2855
vn -0.6719 -0.6834 0.2855
vn 0.1127 0.7541 -0.6471
vn -0.1188 -0.1737 -0.9776
vn 0.2777 -0.8570 0.4342
vn 0.2957 0.0349 -0.9546
vn 0.2957 0.0349 -0.9546
vn 0.0114 -0.6489 0.7608
vn 0.0114 -0.6489 0.7608
vn 0.0266 0.7426 -0.6692
vn 0.0266 0.7426 -0.6692
vn -0.1416 -0.6280 0.7652
vn -0.1416 -0.6280 0.7652
vn -0.1416 -0.6280 0.7652
vn 0.4964 0.8373 -0.2291
vn 0.4964 0.8373 -0.2291
vn 0.4964 0.8373 -0.2291
vn 0.4964 0.8373 -0.2291
vn -0.6461 -0.5733 -0.5038
vn -0.6461 -0.5733 -0.5038
vn -0.6461 -0.5733 -0.5038
vn 0.1980 -0.2018 0.9592
vn 0.3140 0.6763 -0.6664
vn 0.3140 0.6763 -0.6664
vn 0.4361 -0.0660 0.8975
vn 0.0503 0.0514 -0.9974
vn 0.1282 0.0164 0.9916
vn 0.1282 0.0164 0.9916
vn 0.1282 0.0164 0.9916
vn 0.1282 0.0164 0.9916
vn 0.1746 0.7009 -0.6916
vn 0.1746 0.7009 -0.6916
vn 0.1746 0.7009 -0.6916
vn 0.1746 0.7009 -0.6916
vn 0.4384 -0.8757 -0.2021
vn 0.4384 -0.8757 -0.2021
vn 0.6021 -0.7648 -0.2293
vn 0.6021 -0.7648 -0.2293
vn 0.2808 -0.9573 -0.0687
vn -0.5459 0.8360 -0.0555
vn -0.5459 0.8360 -0.0555
vn -0.2783 0.9586 -0.0595
vn -0.2783 0.9586 -0.0595
vn 0.4219 0.8172 0.3927
vn 0.4219 0.8172 0.3927
vn 0.4711 0.6959 -0.5420
vn 0.6048 0.7366 -0.3028
vn 0.6048 0.7366 -0.3028
vn 0.6048 0.7366 -0.3028
vn 0.6048 0.7366 -0.3028
vn 0.6048 0.7366 -0.3028
vn 0.3961 0.9163 0.0588
vn 0.3090 0.9186 0.2465
vn -0.1589 -0.0621 -0.9853
vn 0.5797 -0.4405 0.6855
vn 0.5797 -0.4405 0.6855
vn 0.5797 -0.4405 0.6855
vn 0.1668 -0.7185 0.6753
vn -0.5836 -0.7661 -0.2693
vn 0.2851 0.3746 -0.8823
vn 0.0245 0.0587 0.9980
vn 0.0245 0.0587 0.9980
vn 0.2413 0.2636 -0.9340
vn 0.4104 0.4742 -0.7789
vn 0.2698 0.2643 -0.9259
vn 0.2698 0.2643 -0.9259
vn -0.0137 -0.6474 0.7620
vn -0.0137 -0.6474 0.7620
vn -0.0137 -0.6474 0.7620
vn -0.0137 -0.6474 0.7620
vn 0.0586 0.5855 -0.8085
vn 0.4650 -0.8744 0.1382
vn 0.4650 -0.8744 0.1382
vn 0.2766 0.2474 -0.9286
vn 0.1013 0.5725 -0.8136
vn 0.1013 0.5725 -0.8136
vn 0.2148 0.4717 -0.8552
vn 0.2023 0.5861 0.7846
vn 0.1220 0.8097 0.5740
vn 0.1220 0.8097 0.5740
vn 0.2445 0.3567 -0.9017
vn 0.4153 -0.7374 0.5328
vn 0.4153 -0.7374 0.5328
vn 0.8667 -0.4045 0.2919
vn 0.8667 -0.4045 0.2919
vn 0.3421 -0.8410 0.4191
vn 0.3421 -0.8410 0.4191
vn 0.4338 0.7287 -0.5299
vn 0.4338 0.7287 -0.5299
vn -0.0076 -0.5468 -0.8373
vn -0.5556 -0.8215 -0.1283
vn 0.4093 0.4461 -0.7959
vn 0.3217 -0.1516 0.9346
vn 0.1601 0.2883 -0.9441
vn -0.0400 0.1512 0.9877
vn -0.1634 -0.2553 -0.9530
vn 0.9124 -0.2350 0.3353
vn 0.9124 -0.2350 0.3353
vn 0.5062 -0.8568 0.0986
vn 0.5062 -0.8568 0.0986
vn 0.5062 -0.8568 0.0986
vn 0.5062 -0.8568 0.0986
vn 0.4505 -0.4807 0.7523
vn 0.4505 -0.4807 0.7523
vn 0.1873 -0.5236 -0.8311
vn 0.1873 -0.5236 -0.8311
vn 0.0000 -0.0000 -0.0000
vn 0.0000 -0.0000 -0.0000
vn 0.5764 -0.3052 0.7580
vn 0.5764 -0.3052 0.7580
vn 0.5764 -0.3052 0.7580
vn 0.4553 0.8113 0.3667
vn -0.4304 -0.8989 -0.0824
vn -0.1270 -0.4508 -0.8836
vn -0.1270 -0.4508 -0.8836
vn 0.2733 -0.8453 -0.4591
vn 0.2733 -0.8453 -0.4591
vn 0.3206 0.0244 0.9469
vn 0.5180 0.3118 -0.7965
vn -0.1167 0.0959 -0.9885
vn -0.1167 0.0959 -0.9885
vn -0.1167 0.0959 -0.9885
vn -0.1167 0.0959 -0.9885
vn -0.6579 0.2963 -0.6923
vn -0.6579 0.2963 -0.6923
vn -0.6579 0.2963 -0.6923
vn 0.0922 -0.0720 0.9931
vn 0.0922 -0.0720 0.9931
vn 0.3634 0.2567 0.8956
vn 0.3634 0.2567 0.8956
vn 0.3634 0.2567 0.8956
vn 0.4226 -0.5963 0.6825
vn 0.4226 -0.5963 0.6825
vn 0.7096 -0.5740 0.4088
vn 0.7096 -0.5740 0.4088
vn -0.1695 -0.2160 0.9616
vn -0.1695 -0.2160 0.9616
vn -0.1695 -0.2160 0.9616
vn -0.2237 0.7397 -0.6346
vn -0.2237 0.7397 -0.6346
vn -0.5551 0.4877 0.6737
vn -0.5551 0.4877 0.6737
vn 0.5144 0.8575 0.0122
vn 0.4180 -0.3059 0.8554
vn 0.4180 -0.3059 0.8554
vn 0.2668 -0.1192 -0.9563
vn 0.0076 0.9267 -0.3757
vn 0.3871 -0.8219 0.4178
vn 0.3871 -0.8219 0.4178
vn -0.3781 -0.7439 -0.5510
vn 0.1540 -0.0432 -0.9871
vn 0.1540 -0.0432 -0.9871
vn -0.0424 -0.2258 0.9733
vn 0.2054 -0.8614 0.4645
vn 0.2054 -0.8614 0.4645
vn 0.2344 -0.1167 0.9651
vn 0.2344 -0.1167 0.9651
vn 0.2344 -0.1167 0.9651
vn 0.6805 -0.7180 -0.1464
vn 0.6805 -0.7180 -0.1464
vn 0.6805 -0.7180 -0.1464
vn 0.7425 0.1635 0.6496
vn 0.7425 0.1635 0.6496
vn 0.2493 0.4806 -0.8407
vn 0.1278 0.6163 -0.7771
vn 0.1278 0.6163 -0.7771
vn 0.3286 0.0757 -0.9414
vn 0.4836 0.5833 0.6527
vn 0.4836 0.5833 0.6527
vn 0.4836 0.5833 0.6527
vn 0.5652 0.8228 -0.0600
vn 0.5652 0.8228 -0.0600
vn -0.0124 -0.2457 -0.9693
vn 0.3772 -0.9105 0.1695
vn 0.3772 -0.9105 0.1695
vn 0.3772 -0.9105 0.1695
vn 0.3772 -0.9105 0.1695
vn 0.5692 0.2232 -0.7913
vn 0.2358 -0.2171 0.9472
vn 0.1543 0.0602 -0.9862
vn 0.1543 0.0602 -0.9862
vn 0.1543 0.0602 -0.9862
vn 0.7753 -0.6298 0.0475
vn 0.7753 -0.6298 0.0475
vn 0.2770 0.4250 -0.8618
vn 0.2770 0.4250 -0.8618
vn 0.4871 0.4395 0.7547
vn 0.4871 0.4395 0.7547
vn 0.4871 0.4395 0.7547
vn -0.4769 -0.8350 0.2743
vn 0.3673 0.9236 -0.1097
vn 0.9868 -0.0969 0.1300
vn 0.8957 0.4314 -0.1082
vn 0.8957 0.4314 -0.1082
vn -0.4133 -0.6870 0.5976
vn 0.3468 0.2901 -0.8920
vn 0.5142 0.4938 -0.7013
vn 0.5142 0.4938 -0.7013
vn -0.5711 -0.6962 0.4349
vn -0.5711 -0.6962 0.4349
vn 0.5117 0.8155 -0.2705
vn 0.5117 0.8155 -0.2705
vn 0.1677 -0.2885 0.9427
vn 0.1677 -0.2885 0.9427
vn -0.4510 0.7081 0.5433
vn -0.4510 0.7081 0.5433
vn 0.4891 -0.7926 0.3641
vn 0.4891 -0.7926 0.3641
vn 0.6781 -0.5605 -0.4753
vn 0.6781 -0.5605 -0.4753
vn -0.5060 0.6833 -0.5264
vn -0.5060 0.6833 -0.5264
vn -0.5060 0.6833 -0.5264
vn 0.8044 -0.5941 -0.0035
vn 0.4023 -0.9087 0.1111
vn 0.2808 0.1025 -0.9543
vn 0.2808 0.1025 -0.9543
vn 0.8398 0.1976 0.5057
vn 0.8398 0.1976 0.5057
vn 0.7569 0.5010 0.4196
vn -0.2987 0.6437 -0.7046
vn -0.2987 0.6437 -0.7046
vn 0.5093 0.8293 0.2299
vn 0.5093 0.8293 0.2299
vn 0.5093 0.8293 0.2299
vn 0.0051 -0.9995 0.0326
vn 0.0051 -0.9995 0.0326
vn 0.0051 -0.9995 0.0326
vn 0.5520 0.5762 0.6027
vn 0.5520 0.5762 0.6027
vn 0.5520 0.5762 0.6027
vn 0.4775 -0.1040 0.8724
vn 0.9482 0.1647 -0.2715
vn 0.9482 0.1647 -0.2715
vn 0.9482 0.1647 -0.2715
vn -0.5093 -0.8601 -0.0304
vn -0.6012 -0.7432 0.2937
vn -0.3722 -0.8412 0.3923
vn 0.5690 0.3490 -0.7446
vn 0.5690 0.3490 -0.7446
vn 0.5823 0.1386 -0.8011
vn 0.5823 0.1386 -0.8011
vn -0.7514 -0.3593 -0.5534
vn -0.7514 -0.3593 -0.5534
vn 0.4010 0.2843 -0.8709
vn 0.4010 0.2843 -0.8709
vn 0.0652 -0.7508 0.6574
vn 0.0652 -0.7508 0.6574
vn 0.0652 -0.7508 0.6574
vn 0.0652 -0.7508 0.6574
vn 0.6046 -0.7943 -0.0595
vn 0.6046 -0.7943 -0.0595
vn 0.4060 -0.9030 0.1402
vn 0.7496 -0.6451 -0.1482
vn 0.7496 -0.6451 -0.1482
vn 0.5303 -0.0859 -0.8435
vn 0.5303 -0.0859 -0.8435
vn 0.7784 0.2572 0.5726
vn 0.7784 0.2572 0.5726
vn 0.5785 0.5566 0.5963
vn 0.5785 0.5566 0.5963
vn 0.5290 0.6539 0.5408
vn 0.5290 0.6539 0.5408
vn 0.1723 0.6865 -0.7064
vn 0.5942 0.7768 -0.2085
vn 0.5942 0.7768 -0.2085
vn 0.5942 0.7768 -0.2085
vn 0.5942 0.7799 0.1966
vn 0.5942 0.7799 0.1966
vn 0.9360 -0.0474 0.3487
vn 0.9360 -0.0474 0.3487
vn -0.4630 0.7780 -0.4246
vn -0.4630 0.7780 -0.4246
vn 0.5996 0.0408 -0.7993
vn 0.5996 0.0408 -0.7993
vn 0.5996 0.0408 -0.7993
vn 0.6966 0.1392 -0.7038
vn 0.6966 0.1392 -0.7038
vn 0.1206 -0.5270 0.8413
vn 0.1206 -0.5270 0.8413
vn 0.1206 -0.5270 0.8413
vn 0.1548 -0.6406 0.7521
vn 0.1548 -0.6406 0.7521
vn 0.3042 -0.0634 -0.9505
vn 0.3042 -0.0634 -0.9505
vn -0.0632 -0.5006 0.8634
vn -0.0632 -0.5006 0.8634
vn 0.6969 -0.5692 -0.4363
vn -0.7021 0.4289 0.5684
vn -0.6662 0.0197 0.7455
vn -0.6662 0.0197 0.7455
vn 0.6101 -0.7563 0.2363
vn 0.6101 -0.7563 0.2363
vn 0.4685 -0.8736 0.1320
vn 0.7801 -0.6256 0.0085
vn 0.3906 0.8615 0.3244
vn 0.3906 0.8615 0.3244
vn -0.0512 -0.1622 0.9854
vn 0.8567 0.2461 -0.4532
vn 0.8567 0.2461 -0.4532
vn 0.4010 -0.0792 0.9127
vn -0.3657 -0.7569 0.5416
vn -0.1639 0.5287 -0.8328
vn 0.3399 -0.1213 -0.9326
vn 0.6169 0.6512 -0.4420
vn 0.4700 0.1148 -0.8752
vn 0.8751 -0.1225 0.4682
vn 0.8751 -0.1225 0.4682
vn 0.4469 0.2207 -0.8669
vn 0.4469 0.2207 -0.8669
vn 0.9237 -0.2466 0.2933
vn 0.9237 -0.2466 0.2933
vn 0.6230 -0.6488 0.4369
vn 0.6230 -0.6488 0.4369
vn 0.6230 -0.6488 0.4369
vn 0.6230 -0.6488 0.4369
vn 0.9669 -0.2070 -0.1490
vn -0.6554 -0.6310 0.4151
vn 0.7289 -0.6170 0.2967
vn 0.7289 -0.6170 0.2967
vn -0.4946 -0.8370 -0.2340
vn -0.4122 -0.7888 -0.4559
vn -0.4122 -0.7888 -0.4559
vn 0.9344 0.0028 -0.3561
vn 0.9344 0.0028 -0.3561
vn -0.3715 -0.7323 -0.5707
vn 0.8863 0.0420 -0.4612
vn 0.3918 -0.6785 0.6214
vn 0.3918 -0.6785 0.6214
vn 0.2975 -0.0736 -0.9519
vn 0.2975 -0.0736 -0.9519
vn 0.3832 0.0775 -0.9204
vn 0.4926 -0.1420 0.8586
vn -0.2967 0.5933 0.7483
vn -0.2967 0.5933 0.7483
vn 0.1681 0.1938 -0.9665
vn 0.4544 0.3129 -0.8341
vn 0.4544 0.3129 -0.8341
vn 0.9709 -0.1529 0.1844
vn 0.9709 -0.1529 0.1844
vn 0.5945 0.7329 0.3309
vn 0.5945 0.7329 0.3309
vn 0.8774 0.3101 0.3660
vn 0.8774 0.3101 0.3660
vn 0.8774 0.3101 0.3660
vn 0.8774 0.3101 0.3660
vn 0.6154 -0.7873 0.0389
vn 0.6154 -0.7873 0.0389
vn 0.8923 -0.0373 -0.4498
vn 0.5968 0.1085 -0.7950
vn 0.4497 -0.0987 0.8877
vn 0.2679 -0.1485 0.9519
vn 0.1579 0.8971 -0.4127
vn 0.1579 0.8971 -0.4127
vn 0.7132 -0.6980 -0.0642
vn 0.9797 -0.1330 0.1500
vn 0.9797 -0.1330 0.1500
vn 0.9797 -0.1330 0.1500
vn 0.4310 0.2223 -0.8746
vn 0.4310 0.2223 -0.8746
vn 0.3683 0.4107 -0.8341
vn 0.3683 0.4107 -0.8341
vn -0.2926 0.4932 -0.8193
vn -0.2926 0.4932 -0.8193
vn 0.1801 0.7690 -0.6134
vn 0.1801 0.7690 -0.6134
vn 0.5113 0.5803 0.6340
vn 0.5113 0.5803 0.6340
vn 0.5113 0.5803 0.6340
vn 0.0352 -0.9723 -0.2309
vn 0.0352 -0.9723 -0.2309
vn 0.0352 -0.9723 -0.2309
vn 0.8133 -0.5690 0.1217
vn 0.8133 -0.5690 0.1217
vn 0.5522 -0.1517 0.8198
vn 0.5112 -0.1008 0.8535
vn 0.1803 -0.5981 0.7809
vn 0.1803 -0.5981 0.7809
vn 0.4665 0.3626 -0.8068
vn 0.4665 0.3626 -0.8068
vn -0.3547 -0.7258 0.5895
vn -0.3547 -0.7258 0.5895
vn 0.5031 -0.5835 -0.6375
vn 0.6620 -0.5324 -0.5276
vn 0.8201 -0.4384 -0.3679
vn 0.8201 -0.4384 -0.3679
vn 0.7518 -0.6334 0.1832
vn 0.7518 -0.6334 0.1832
vn 0.7630 -0.0455 0.6447
vn 0.2704 0.4662 -0.8424
vn 0.7707 0.2444 0.5884
vn -0.4915 0.5142 -0.7029
vn -0.4915 0.5142 -0.7029
vn 0.3224 0.6587 -0.6798
vn 0.3224 0.6587 -0.6798
vn 0.6735 0.6143 0.4112
vn 0.6455 0.7148 0.2691
vn 0.7103 0.5312 0.4619
vn 0.7103 0.5312 0.4619
vn -0.1352 0.9224 -0.3617
vn -0.1352 0.9224 -0.3617
vn -0.1352 0.9224 -0.3617
vn 0.7263 0.6866 0.0332
vn 0.9212 -0.3581 -0.1521
vn -0.3879 -0.6322 -0.6707
vn 0.8063 -0.0134 -0.5913
vn 0.1270 -0.2487 0.9602
vn 0.1270 -0.2487 0.9602
vn 0.1270 -0.2487 0.9602
vn 0.1270 -0.2487 0.9602
vn 0.6235 0.1191 0.7727
vn 0.6235 0.1191 0.7727
vn 0.6235 0.1191 0.7727
vn 0.6235 0.1191 0.7727
vn 0.5314 0.3024 -0.7913
vn 0.5314 0.3024 -0.7913
vn 0.7745 -0.4861 -0.4048
vn 0.2115 -0.1477 0.9662
vn 0.2115 -0.1477 0.9662
vn 0.2115 -0.1477 0.9662
vn 0.2115 -0.1477 0.9662
vn -0.5618 0.1934 0.8043
vn -0.5618 0.1934 0.8043
vn 0.8701 -0.4044 -0.2817
vn 0.8701 -0.4044 -0.2817
vn 0.8721 -0.3330 -0.3586
vn 0.8721 -0.3330 -0.3586
vn 0.4044 0.3396 -0.8492
vn 0.8422 -0.0705 0.5345
vn 0.8265 0.4551 0.3314
vn 0.8265 0.4551 0.3314
vn 0.2473 0.4668 -0.8491
vn 0.5004 0.4684 -0.7281
vn 0.5004 0.4684 -0.7281
vn 0.5004 0.4684 -0.7281
vn 0.6565 0.5175 0.5488
vn 0.6565 0.5175 0.5488
vn 0.2779 0.5709 -0.7726
vn 0.2779 0.5709 -0.7726
vn 0.4084 0.1349 0.9028
vn 0.4084 0.1349 0.9028
vn -0.6967 -0.0983 -0.7106
vn -0.6967 -0.0983 -0.7106
vn -0.7729 -0.4888 0.4047
vn 0.4617 -0.0216 0.8868
vn 0.6730 -0.0594 0.7373
vn 0.3585 -0.2309 0.9045
vn 0.6813 -0.7275 -0.0811
vn 0.5877 -0.3096 0.7475
vn 0.5877 -0.3096 0.7475
vn 0.6893 -0.6981 0.1936
vn 0.6893 -0.6981 0.1936
vn 0.8340 -0.5345 -0.1365
vn 0.8340 -0.5345 -0.1365
vn 0.5382 0.0800 -0.8390
vn 0.8215 -0.5094 0.2562
vn 0.8607 -0.0070 0.5090
vn 0.3990 0.3651 -0.8411
vn 0.2264 0.5829 -0.7804
vn 0.1920 0.3967 -0.8976
vn -0.6626 -0.6308 0.4037
vn 0.6001 0.2748 0.7513
vn 0.6001 0.2748 0.7513
vn -0.4842 -0.7056 0.5173
vn -0.4842 -0.7056 0.5173
vn 0.6763 0.7366 -0.0036
vn 0.6763 0.7366 -0.0036
vn -0.6363 -0.6869 -0.3513
vn -0.6363 -0.6869 -0.3513
vn -0.6677 -0.6764 0.3108
vn -0.5756 -0.0494 0.8163
vn -0.5756 -0.0494 0.8163
vn -0.7621 -0.6453 -0.0524
vn -0.7621 -0.6453 -0.0524
vn 0.8771 -0.4316 -0.2108
vn 0.8771 -0.4316 -0.2108
vn 0.7691 -0.3854 -0.5098
vn 0.7691 -0.3854 -0.5098
vn 0.7162 -0.4574 -0.5272
vn 0.7162 -0.4574 -0.5272
vn 0.7162 -0.4574 -0.5272
vn 0.3935 -0.8832 0.2552
vn 0.3935 -0.8832 0.2552
vn 0.3935 -0.8832 0.2552
vn 0.3935 -0.8832 0.2552
vn 0.3935 -0.8832 0.2552
vn 0.3935 -0.8832 0.2552
vn 0.5813 0.0766 0.8100
vn 0.5813 0.0766 0.8100
vn 0.5813 0.0766 0.8100
vn 0.5813 0.0766 0.8100
vn -0.8016 0.1673 0.5740
vn -0.8016 0.1673 0.5740
vn -0.8016 0.1673 0.5740
vn -0.3282 -0.3833 0.8633
vn -0.3282 -0.3833 0.8633
vn 0.7731 -0.5468 -0.3215
vn -0.0263 0.5413 -0.8404
vn -0.0263 0.5413 -0.8404
vn 0.6691 0.5950 0.4454
vn 0.6691 0.5950 0.4454
vn 0.8254 -0.0715 0.5600
vn 0.8254 -0.0715 0.5600
vn -0.6215 0.7675 -0.1572
vn -0.6215 0.7675 -0.1572
vn -0.6215 0.7675 -0.1572
vn -0.3198 -0.8816 -0.3472
vn -0.0357 -0.7869 -0.6161
vn 0.1614 -0.6329 -0.7572
vn 0.1614 -0.6329 -0.7572
vn 0.4624 0.0118 -0.8866
vn 0.2993 0.1476 -0.9427
vn 0.0394 -0.2678 0.9627
vn 0.0394 -0.2678 0.9627
vn 0.3723 -0.1660 0.9131
vn 0.3723 -0.1660 0.9131
vn 0.3723 -0.1660 0.9131
vn 0.4452 -0.7683 0.4599
vn -0.1653 0.4865 -0.8579
vn 0.4110 -0.7709 0.4866
vn 0.5947 -0.6339 0.4944
vn 0.5947 -0.6339 0.4944
vn 0.1712 0.1842 0.9679
vn 0.6891 0.2855 -0.6661
vn 0.6891 0.2855 -0.6661
vn 0.3222 0.3349 -0.8855
vn 0.9293 0.0237 0.3685
vn 0.4793 0.2290 -0.8473
vn 0.4793 0.2290 -0.8473
vn 0.7982 0.3562 0.4859
vn -0.0743 0.9688 0.2365
vn -0.7528 -0.6577 0.0280
vn -0.7528 -0.6577 0.0280
vn -0.7528 -0.6577 0.0280
vn 0.7685 -0.2662 0.5819
vn 0.7685 -0.2662 0.5819
vn 0.7593 -0.0452 0.6492
vn 0.7593 -0.0452 0.6492
vn 0.7593 -0.0452 0.6492
vn 0.7593 -0.0452 0.6492
vn -0.7889 -0.5090 0.3443
vn -0.7889 -0.5090 0.3443
vn 0.4417 -0.6918 0.5713
vn 0.0250 -0.2971 0.9545
vn 0.8135 -0.5732 -0.0977
vn 0.8135 -0.5732 -0.0977
vn 0.6991 0.0105 -0.7149
vn 0.9066 -0.4120 0.0906
vn 0.5412 0.1830 -0.8208
vn 0.5412 0.1830 -0.8208
vn 0.9460 -0.2136 0.2438
vn 0.9231 0.1047 0.3700
vn 0.9504 -0.1529 0.2707
vn 0.9368 0.3480 0.0353
vn 0.3996 0.1078 -0.9104
vn 0.9586 0.1649 -0.2322
vn 0.9586 0.1649 -0.2322
vn 0.7705 0.5898 0.2418
vn 0.9125 -0.2376 0.3329
vn 0.9125 -0.2376 0.3329
vn 0.8208 0.5097 0.2578
vn 0.3433 0.7088 -0.6162
vn 0.3433 0.7088 -0.6162
vn -0.5206 -0.8498 0.0830
vn -0.5527 -0.8294 0.0811
vn -0.5527 -0.8294 0.0811
vn -0.6575 -0.6351 0.4053
vn -0.2621 -0.7551 0.6009
vn -0.2621 -0.7551 0.6009
vn -0.2621 -0.7551 0.6009
vn 0.4715 0.1694 -0.8654
vn 0.8123 -0.3218 0.4865
vn 0.8123 -0.3218 0.4865
vn 0.2388 0.0220 0.9708
vn 0.6228 0.0922 -0.7769
vn 0.6228 0.0922 -0.7769
vn 0.8490 -0.5242 0.0667
vn 0.4843 0.3949 -0.7807
vn 0.4843 0.3949 -0.7807
vn 0.8673 -0.1669 0.4689
vn 0.8673 -0.1669 0.4689
vn 0.8673 -0.1669 0.4689
vn 0.8673 -0.1669 0.4689
vn -0.1722 -0.6829 0.7099
vn -0.1722 -0.6829 0.7099
vn 0.0736 0.9955 -0.0595
vn 0.0736 0.9955 -0.0595
vn 0.7333 -0.4515 -0.5084
vn 0.5261 0.5730 -0.6284
vn 0.5261 0.5730 -0.6284
vn 0.5261 0.5730 -0.6284
vn 0.3205 0.0110 -0.9472
vn 0.3205 0.0110 -0.9472
vn -0.7115 -0.6145 0.3408
vn 0.5471 0.1020 0.8308
vn 0.5471 0.1020 0.8308
vn 0.5471 0.1020 0.8308
vn 0.5471 0.1020 0.8308
vn 0.2258 -0.4809 -0.8472
vn -0.0024 -0.9781 0.2082
vn -0.0024 -0.9781 0.2082
vn -0.8716 -0.0997 0.4800
vn -0.8716 -0.0997 0.4800
vn -0.7065 -0.3023 0.6400
vn -0.7065 -0.3023 0.6400
vn -0.8835 -0.2263 -0.4101
vn -0.8835 -0.2263 -0.4101
vn -0.8835 -0.2263 -0.4101
vn 0.7780 -0.5644 0.2760
vn 0.7780 -0.5644 0.2760
vn 0.8726 -0.4531 0.1823
vn 0.8726 -0.4531 0.1823
vn -0.3576 0.1136 -0.9269
vn -0.3576 0.1136 -0.9269
vn 0.8045 0.4639 0.3708
vn 0.8045 0.4639 0.3708
vn 0.4112 0.0137 0.9114
vn 0.9666 -0.1675 0.1940
vn 0.5076 0.8616 -0.0028
vn 0.5076 0.8616 -0.0028
vn 0.6885 -0.6965 -0.2023
vn 0.3989 0.5097 0.7623
vn 0.3989 0.5097 0.7623
vn 0.3443 0.9315 -0.1173
vn 0.8891 0.4511 0.0777
vn 0.8891 0.4511 0.0777
vn -0.8327 0.3000 -0.4653
vn -0.8327 0.3000 -0.4653
vn -0.2484 0.7016 0.6679
vn -0.2484 0.7016 0.6679
vn -0.2484 0.7016 0.6679
vn -0.4429 0.0582 0.8947
vn -0.4429 0.0582 0.8947
vn -0.5795 0.1284 0.8048
vn -0.6209 -0.4068 0.6701
vn -0.6209 -0.4068 0.6701
vn 0.0435 -0.1673 -0.9850
vn -0.2562 -0.7424 -0.6190
vn -0.2984 -0.6290 0.7179
vn -0.2984 -0.6290 0.7179
vn 0.4065 0.7426 -0.5323
vn 0.4065 0.7426 -0.5323
vn 0.8629 0.1423 0.4850
vn 0.8629 0.1423 0.4850
vn 0.5717 -0.0377 -0.8196
vn 0.5717 -0.0377 -0.8196
vn 0.9190 -0.3660 -0.1465
vn 0.9190 -0.3660 -0.1465
vn 0.9190 -0.3660 -0.1465
vn 0.2191 -0.3564 0.9083
vn 0.2191 -0.3564 0.9083
vn 0.5882 0.7197 -0.3690
vn 0.5882 0.7197 -0.3690
vn 0.6686 -0.5839 0.4604
vn 0.6686 -0.5839 0.4604
vn 0.6386 0.1928 -0.7450
vn 0.6386 0.1928 -0.7450
vn 0.5414 0.2266 -0.8096
vn 0.5414 0.2266 -0.8096
vn 0.6821 -0.4469 -0.5788
vn 0.6821 -0.4469 -0.5788
vn 0.6821 -0.4469 -0.5788
vn 0.1607 0.3097 -0.9372
vn 0.1607 0.3097 -0.9372
vn 0.7475 -0.3630 0.5564
vn 0.9374 0.1983 0.2863
vn 0.9374 0.1983 0.2863
vn 0.6635 0.5137 0.5440
vn 0.6635 0.5137 0.5440
vn 0.6635 0.5137 0.5440
vn -0.3004 0.4087 -0.8618
vn -0.3004 0.4087 -0.8618
vn 0.0013 0.7998 0.6003
vn 0.0013 0.7998 0.6003
vn 0.7987 0.5905 -0.1154
vn 0.7987 0.5905 -0.1154
vn 0.5095 0.4442 0.7370
vn 0.5095 0.4442 0.7370
vn 0.5095 0.4442 0.7370
vn -0.6186 -0.7700 0.1560
vn -0.6186 -0.7700 0.1560
vn -0.2229 -0.3455 -0.9116
vn -0.2229 -0.3455 -0.9116
vn -0.2229 -0.3455 -0.9116
vn -0.6788 -0.7340 -0.0203
vn -0.6788 -0.7340 -0.0203
vn 0.2709 -0.7322 -0.6249
vn 0.2709 -0.7322 -0.6249
vn 0.2709 -0.7322 -0.6249
vn 0.2446 0.3763 0.8936
vn 0.2446 0.3763 0.8936
vn 0.2446 0.3763 0.8936
vn 0.7567 0.2702 0.5953
vn 0.7567 0.2702 0.5953
vn 0.7263 0.0245 0.6869
vn 0.7263 0.0245 0.6869
vn 0.7319 0.3747 0.5691
vn 0.7319 0.3747 0.5691
vn 0.7937 -0.1101 0.5983
vn 0.7937 -0.1101 0.5983
vn 0.5195 -0.7274 0.4483
vn 0.5195 -0.7274 0.4483
vn 0.5861 -0.4726 0.6581
vn 0.5861 -0.4726 0.6581
vn 0.6660 0.2064 -0.7169
vn 0.6660 0.2064 -0.7169
vn 0.6660 0.2064 -0.7169
vn -0.1164 0.2026 0.9723
vn -0.1164 0.2026 0.9723
vn 0.9506 -0.1331 -0.2803
vn 0.9945 0.0872 0.0587
vn -0.3516 -0.8248 0.4428
vn -0.3516 -0.8248 0.4428
vn -0.3516 -0.8248 0.4428
vn -0.3516 -0.8248 0.4428
vn -0.3516 -0.8248 0.4428
vn 0.8837 0.2964 0.3621
vn 0.8837 0.2964 0.3621
vn 0.8810 0.3622 0.3044
vn 0.8810 0.3622 0.3044
vn 0.5367 0.8219 0.1908
vn 0.5367 0.8219 0.1908
vn 0.2923 0.7303 -0.6175
vn 0.8626 0.4888 0.1304
vn 0.8626 0.4888 0.1304
vn 0.8626 0.4888 0.1304
vn 0.6894 -0.4107 0.5967
vn 0.6894 -0.4107 0.5967
vn 0.3876 0.9139 0.1208
vn -0.1562 -0.4981 -0.8529
vn -0.1562 -0.4981 -0.8529
vn -0.3678 -0.1645 0.9152
vn -0.3678 -0.1645 0.9152
vn -0.3678 -0.1645 0.9152
vn -0.1864 0.2169 0.9582
vn 0.2975 -0.9504 0.0902
vn 0.2975 -0.9504 0.0902
vn 0.2975 -0.9504 0.0902
vn -0.1562 -0.1124 0.9813
vn -0.1562 -0.1124 0.9813
vn 0.3354 0.3161 -0.8875
vn 0.3354 0.3161 -0.8875
vn 0.6666 -0.3877 0.6367
vn 0.6666 -0.3877 0.6367
vn 0.6666 -0.3877 0.6367
vn 0.6666 -0.3877 0.6367
vn 0.4192 -0.4168 0.8066
vn 0.4192 -0.4168 0.8066
vn 0.4216 -0.7162 0.5562
vn 0.4216 -0.7162 0.5562
vn 0.4216 -0.7162 0.5562
vn 0.4216 -0.7162 0.5562
vn 0.4216 -0.7162 0.5562
vn 0.4216 -0.7162 0.5562
vn -0.3419 0.4075 0.8468
vn 0.8782 -0.3916 0.2746
vn 0.8782 -0.3916 0.2746
vn 0.7196 -0.3092 0.6218
vn -0.3622 -0.9021 0.2346
vn -0.3622 -0.9021 0.2346
vn 0.6355 -0.1866 0.7492
vn 0.6355 -0.1866 0.7492
vn 0.6355 -0.1866 0.7492
vn 0.6355 -0.1866 0.7492
vn 0.4946 0.8069 -0.3228
vn 0.4946 0.8069 -0.3228
vn 0.8335 -0.2544 -0.4905
vn 0.8335 -0.2544 -0.4905
vn 0.9606 0.1618 0.2259
vn 0.9606 0.1618 0.2259
vn 0.6021 0.3975 0.6924
vn 0.6021 0.3975 0.6924
vn 0.2859 0.7530 -0.5926
vn 0.2859 0.7530 -0.5926
vn 0.7368 0.6739 -0.0554
vn 0.7368 0.6739 -0.0554
vn -0.5692 -0.8186 0.0764
vn -0.5692 -0.8186 0.0764
vn -0.7730 -0.5964 0.2163
vn -0.7730 -0.5964 0.2163
vn -0.2535 -0.5580 -0.7902
vn -0.2535 -0.5580 -0.7902
vn 0.1065 0.2012 0.9737
vn 0.4001 -0.7720 -0.4939
vn 0.4001 -0.7720 -0.4939
vn 0.4001 -0.7720 -0.4939
vn 0.7280 -0.5061 0.4625
vn 0.9142 0.1295 0.3839
vn 0.2342 -0.5492 0.8022
vn 0.2342 -0.5492 0.8022
vn 0.5804 -0.0115 -0.8142
vn 0.5804 -0.0115 -0.8142
vn 0.5804 -0.0115 -0.8142
vn 0.5804 -0.0115 -0.8142
vn 0.5804 -0.0115 -0.8142
vn 0.9723 -0.1060 -0.2082
vn 0.9048 0.2246 -0.3617
vn 0.8247 0.5542 0.1128
vn 0.3531 0.2415 -0.9039
vn 0.5629 0.2983 -0.7709
vn 0.5629 0.2983 -0.7709
vn 0.2838 0.0094 0.9588
vn 0.2838 0.0094 0.9588
vn 0.3660 -0.1007 0.9252
vn 0.3660 -0.1007 0.9252
vn 0.8149 -0.2299 0.5320
vn 0.8149 -0.2299 0.5320
vn 0.7453 -0.3703 -0.5544
vn 0.6235 -0.3972 -0.6734
vn 0.6235 -0.3972 -0.6734
vn 0.6235 -0.3972 -0.6734
vn 0.9029 -0.4240 -0.0710
vn 0.9029 -0.4240 -0.0710
vn 0.6644 0.3481 -0.6614
vn 0.9780 -0.1502 0.1445
vn 0.9780 -0.1502 0.1445
vn 0.9686 -0.0048 0.2486
vn 0.9686 -0.0048 0.2486
vn 0.3939 0.3685 -0.8420
vn 0.3939 0.3685 -0.8420
vn 0.3939 0.3685 -0.8420
vn 0.6453 0.6964 -0.3141
vn 0.7252 0.6867 -0.0512
vn 0.7252 0.6867 -0.0512
vn -0.5767 0.7530 -0.3169
vn -0.7981 0.6009 -0.0437
vn -0.7981 0.6009 -0.0437
vn -0.6139 -0.5541 0.5622
vn -0.6139 -0.5541 0.5622
vn -0.6139 -0.5541 0.5622
vn -0.3434 0.0954 0.9343
vn 0.1152 -0.9632 0.2427
vn 0.1152 -0.9632 0.2427
vn 0.1152 -0.9632 0.2427
vn 0.7850 -0.1906 -0.5895
vn 0.7850 -0.1906 -0.5895
vn 0.7850 -0.1906 -0.5895
vn -0.5730 0.0744 0.8162
vn -0.5730 0.0744 0.8162
vn 0.9350 -0.2230 0.2758
vn 0.9350 -0.2230 0.2758
vn 0.1893 0.4314 0.8821
vn 0.5341 0.1261 0.8360
vn 0.5186 0.1455 0.8426
vn 0.8521 -0.2037 0.4821
vn 0.8521 -0.2037 0.4821
vn 0.8521 -0.2037 0.4821
vn 0.8521 -0.2037 0.4821
vn 0.6527 -0.6324 0.4172
vn 0.6527 -0.6324 0.4172
vn 0.3416 -0.3970 0.8519
vn 0.3416 -0.3970 0.8519
vn 0.3416 -0.3970 0.8519
vn 0.3416 -0.3970 0.8519
vn 0.3416 -0.3970 0.8519
vn 0.7111 0.5571 -0.4290
vn 0.7111 0.5571 -0.4290
vn 0.7616 0.0500 -0.6461
vn 0.7221 0.0762 -0.6876
vn 0.7221 0.0762 -0.6876
vn 0.2536 -0.1675 0.9527
vn 0.2536 -0.1675 0.9527
vn 0.3154 0.0695 0.9464
vn 0.3154 0.0695 0.9464
vn 0.9674 -0.1628 0.1941
vn -0.6954 -0.4160 0.5860
vn -0.6954 -0.4160 0.5860
vn 0.4381 -0.5672 -0.6973
vn 0.4381 -0.5672 -0.6973
vn -0.8572 -0.4153 0.3044
vn -0.8572 -0.4153 0.3044
vn -0.8572 -0.4153 0.3044
vn 0.8767 -0.0014 0.4811
vn 0.8767 -0.0014 0.4811
vn 0.8767 -0.0014 0.4811
vn -0.1534 -0.9748 0.1617
vn -0.1534 -0.9748 0.1617
vn -0.1534 -0.9748 0.1617
vn 0.6199 0.3197 -0.7166
vn 0.9671 0.2212 0.1257
vn 0.9671 0.2212 0.1257
vn 0.9531 0.3019 0.0216
vn 0.9531 0.3019 0.0216
vn 0.9217 -0.3139 0.2281
vn 0.7213 0.6890 -0.0710
vn 0.7544 -0.6463 -0.1145
vn -0.9740 0.2092 -0.0870
vn -0.9740 0.2092 -0.0870
vn -0.7219 0.5607 -0.4055
vn -0.7219 0.5607 -0.4055
vn -0.9555 0.1702 -0.2410
vn 0.6236 -0.1585 0.7655
vn 0.5971 -0.0504 -0.8006
vn 0.5971 -0.0504 -0.8006
vn -0.1632 -0.5382 0.8268
vn -0.1632 -0.5382 0.8268
vn -0.1632 -0.5382 0.8268
vn 0.6976 0.6598 0.2792
vn 0.6976 0.6598 0.2792
vn -0.9267 -0.0308 -0.3745
vn -0.9267 -0.0308 -0.3745
vn -0.7317 0.2359 -0.6395
vn -0.7317 0.2359 -0.6395
vn 0.9367 -0.3282 -0.1216
vn 0.9367 -0.3282 -0.1216
vn 0.7081 -0.5601 0.4300
vn 0.7081 -0.5601 0.4300
vn 0.9055 -0.3845 -0.1798
vn 0.9055 -0.3845 -0.1798
vn 0.7280 0.2485 -0.6390
vn 0.7280 0.2485 -0.6390
vn 0.7080 0.4591 -0.5366
vn 0.7080 0.4591 -0.5366
vn 0.9665 -0.2370 0.0983
vn 0.9665 -0.2370 0.0983
vn 0.8645 -0.3516 -0.3592
vn 0.1390 -0.9326 0.3331
vn 0.1390 -0.9326 0.3331
vn 0.9066 -0.3070 -0.2895
vn 0.9391 0.3366 -0.0689
vn 0.9417 0.3133 0.1229
vn 0.9417 0.3133 0.1229
vn -0.1401 0.6894 -0.7107
vn 0.0241 0.6749 -0.7375
vn 0.0241 0.6749 -0.7375
vn 0.6668 -0.0963 0.7390
vn 0.6668 -0.0963 0.7390
vn -0.9566 -0.2657 -0.1195
vn -0.7356 0.2281 -0.6379
vn -0.7356 0.2281 -0.6379
vn -0.5144 -0.6166 -0.5959
vn -0.5144 -0.6166 -0.5959
vn -0.9669 0.2365 0.0955
vn -0.9626 -0.2672 0.0443
vn -0.8050 -0.5150 0.2945
vn -0.8050 -0.5150 0.2945
vn -0.8721 -0.1329 0.4709
vn -0.8721 -0.1329 0.4709
vn -0.8445 0.1660 0.5091
vn 0.3074 0.5244 0.7940
vn 0.3074 0.5244 0.7940
vn 0.4256 0.3868 0.8181
vn 0.8868 0.3195 0.3339
vn 0.8868 0.3195 0.3339
vn 0.8868 0.3195 0.3339
vn -0.7470 0.3145 -0.5857
vn -0.7470 0.3145 -0.5857
vn -0.7470 0.3145 -0.5857
vn -0.7470 0.3145 -0.5857
vn -0.7470 0.3145 -0.5857
vn -0.7470 0.3145 -0.5857
vn 0.0575 0.5301 -0.8460
vn -0.2763 0.9162 -0.2904
vn -0.2763 0.9162 -0.2904
vn -0.2763 0.9162 -0.2904
vn -0.2763 0.9162 -0.2904
vn 0.9455 0.1379 0.2951
vn 0.4190 -0.2310 0.8781
vn 0.4190 -0.2310 0.8781
vn 0.4190 -0.2310 0.8781
vn 0.4190 -0.2310 0.8781
vn 0.7450 0.3479 -0.5692
vn 0.7450 0.3479 -0.5692
vn 0.9761 0.2048 0.0724
vn 0.4306 0.0731 0.8996
vn 0.4184 0.6240 -0.6599
vn 0.9665 0.1319 0.2203
vn 0.5154 0.6621 -0.5440
vn 0.5154 0.6621 -0.5440
vn 0.0106 0.8897 0.4564
vn 0.9019 -0.0559 -0.4282
vn 0.9019 -0.0559 -0.4282
vn 0.9019 -0.0559 -0.4282
vn -0.9718 -0.0518 0.2301
vn -0.9718 -0.0518 0.2301
vn -0.9718 -0.0518 0.2301
vn -0.8305 -0.3511 0.4324
vn -0.8305 -0.3511 0.4324
vn -0.6737 0.5363 -0.5084
vn -0.6337 -0.6975 0.3345
vn -0.6917 0.5532 -0.4642
vn -0.6917 0.5532 -0.4642
vn -0.6917 0.5532 -0.4642
vn -0.6100 -0.6015 0.5158
vn -0.6100 -0.6015 0.5158
vn 0.6094 -0.5001 0.6152
vn 0.6094 -0.5001 0.6152
vn 0.4860 0.5647 0.6670
vn 0.4860 0.5647 0.6670
vn 0.7908 -0.5552 -0.2576
vn 0.7908 -0.5552 -0.2576
vn 0.7908 -0.5552 -0.2576
vn 0.7908 -0.5552 -0.2576
vn 0.6447 0.2295 0.7292
vn 0.6447 0.2295 0.7292
vn 0.6447 0.2295 0.7292
vn 0.6447 0.2295 0.7292
vn 0.6447 0.2295 0.7292
vn 0.7977 0.4282 -0.4247
vn 0.7977 0.4282 -0.4247
vn 0.9078 0.3749 0.1880
vn 0.9078 0.3749 0.1880
vn 0.9078 0.3749 0.1880
vn 0.9078 0.3749 0.1880
vn 0.9078 0.3749 0.1880
vn 0.9570 -0.2370 0.1670
vn 0.9570 -0.2370 0.1670
vn -0.1354 0.4395 -0.8880
vn -0.4354 -0.2247 -0.8717
vn -0.4354 -0.2247 -0.8717
vn -0.4354 -0.2247 -0.8717
vn 0.4476 0.0780 -0.8908
vn 0.4476 0.0780 -0.8908
vn 0.4476 0.0780 -0.8908
vn 0.9039 0.1403 0.4041
vn 0.6580 -0.0310 0.7523
vn 0.6580 -0.0310 0.7523
vn 0.6580 -0.0310 0.7523
vn 0.6486 -0.3737 0.6630
vn 0.6486 -0.3737 0.6630
vn 0.6486 -0.3737 0.6630
vn 0.7985 0.1991 -0.5682
vn 0.7985 0.1991 -0.5682
vn 0.7497 -0.0124 0.6617
vn 0.7497 -0.0124 0.6617
vn 0.7497 -0.0124 0.6617
vn 0.7271 0.3157 -0.6097
vn 0.8962 -0.1083 -0.4301
vn 0.8962 -0.1083 -0.4301
vn 0.9872 -0.1393 0.0776
vn 0.7006 0.3177 -0.6390
vn 0.7006 0.3177 -0.6390
vn 0.8142 -0.2807 0.5082
vn 0.8142 -0.2807 0.5082
vn 0.8142 -0.2807 0.5082
vn -0.8339 -0.5392 -0.1175
vn 0.3792 -0.3191 -0.8685
vn -0.5002 -0.7236 0.4757
vn -0.1614 0.7751 -0.6109
vn -0.1614 0.7751 -0.6109
vn -0.8267 -0.4358 0.3558
vn -0.8267 -0.4358 0.3558
vn 0.6564 -0.0802 0.7502
vn 0.6564 -0.0802 0.7502
vn 0.0850 -0.1734 -0.9812
vn 0.0850 -0.1734 -0.9812
vn -0.1558 -0.5006 -0.8516
vn -0.1558 -0.5006 -0.8516
vn 0.7290 -0.2263 -0.6460
vn 0.7290 -0.2263 -0.6460
vn 0.6978 -0.0582 -0.7139
vn 0.6978 -0.0582 -0.7139
vn 0.0091 0.3905 -0.9205
vn 0.0091 0.3905 -0.9205
vn 0.0091 0.3905 -0.9205
vn 0.0091 0.3905 -0.9205
vn 0.8319 -0.1667 0.5293
vn 0.8319 -0.1667 0.5293
vn 0.5678 0.7436 0.3531
vn 0.9242 -0.2613 0.2786
vn 0.8696 0.4428 0.2186
vn 0.8696 0.4428 0.2186
vn 0.1118 0.2851 -0.9520
vn 0.1118 0.2851 -0.9520
vn 0.1637 0.7455 -0.6461
vn 0.1637 0.7455 -0.6461
vn 0.1637 0.7455 -0.6461
vn -0.9637 -0.2450 -0.1058
vn -0.9637 -0.2450 -0.1058
vn 0.9213 0.3728 -0.1105
vn 0.8303 0.1085 -0.5467
vn 0.7996 0.3144 -0.5116
vn 0.4033 -0.8284 -0.3888
vn 0.4033 -0.8284 -0.3888
vn 0.1268 -0.9137 0.3860
vn 0.9853 0.1701 -0.0168
vn 0.8844 -0.1993 -0.4220
vn 0.8844 -0.1993 -0.4220
vn 0.4300 0.7877 0.4411
vn 0.4300 0.7877 0.4411
vn 0.4300 0.7877 0.4411
vn 0.4079 0.9096 0.0792
vn 0.4079 0.9096 0.0792
vn 0.4079 0.9096 0.0792
vn 0.4079 0.9096 0.0792
vn 0.4079 0.9096 0.0792
vn 0.9723 0.2091 0.1050
vn 0.9723 0.2091 0.1050
vn 0.9723 0.2091 0.1050
vn -0.7812 -0.5624 -0.2708
vn -0.1909 -0.0756 0.9787
vn -0.1909 -0.0756 0.9787
vn -0.1909 -0.0756 0.9787
vn -0.7595 -0.1173 0.6398
vn -0.7595 -0.1173 0.6398
vn -0.2267 -0.9043 0.3616
vn -0.2267 -0.9043 0.3616
vn -0.6655 0.6444 -0.3766
vn -0.3682 -0.5381 0.7582
vn -0.3682 -0.5381 0.7582
vn -0.3682 -0.5381 0.7582
vn -0.2776 -0.3872 0.8792
vn -0.2776 -0.3872 0.8792
vn 0.0449 0.1045 0.9935
vn 0.2988 -0.7042 -0.6441
vn 0.2988 -0.7042 -0.6441
vn 0.5483 -0.5244 -0.6515
vn 0.5483 -0.5244 -0.6515
vn 0.5483 -0.5244 -0.6515
vn 0.1793 0.2343 0.9555
vn 0.5458 0.5279 0.6507
vn 0.5458 0.5279 0.6507
vn 0.5458 0.5279 0.6507
vn 0.5413 -0.3386 0.7696
vn 0.5413 -0.3386 0.7696
vn 0.8881 -0.4038 -0.2196
vn 0.8881 -0.4038 -0.2196
vn 0.8042 -0.3140 0.5047
vn 0.8068 -0.1386 -0.5743
vn 0.8068 -0.1386 -0.5743
vn 0.8068 -0.1386 -0.5743
vn 0.9598 0.1303 0.2487
vn 0.9598 0.1303 0.2487
vn 0.5621 -0.2529 -0.7875
vn -0.0946 -0.8595 0.5023
vn -0.0946 -0.8595 0.5023
vn -0.0946 -0.8595 0.5023
vn 0.8543 0.1296 -0.5033
vn 0.7486 0.1294 0.6502
vn 0.7486 0.1294 0.6502
vn 0.0000 0.0000 0.0000
vn 0.0000 0.0000 0.0000
vn 0.9317 -0.2320 -0.2795
vn 0.9317 -0.2320 -0.2795
vn 0.9317 -0.2320 -0.2795
vn 0.9814 0.1711 -0.0868
vn 0.9814 0.1711 -0.0868
vn 0.6202 0.7217 -0.3075
vn -0.7170 -0.5424 -0.4379
vn -0.7170 -0.5424 -0.4379
vn -0.7170 -0.5424 -0.4379
vn -0.9883 -0.1503 -0.0244
vn -0.9883 -0.1503 -0.0244
vn -0.3152 0.4630 0.8284
vn -0.3152 0.4630 0.8284
vn -0.2540 -0.3344 0.9076
vn -0.2540 -0.3344 0.9076
vn -0.2402 0.2444 0.9395
vn -0.2402 0.2444 0.9395
vn 0.3499 -0.4559 -0.8184
vn 0.2601 -0.6556 -0.7089
vn 0.2601 -0.6556 -0.7089
vn 0.9868 -0.1513 0.0573
vn 0.9868 -0.1513 0.0573
vn 0.4837 0.4574 0.7462
vn 0.4837 0.4574 0.7462
vn 0.9903 -0.1173 -0.0740
vn 0.9903 -0.1173 -0.0740
vn 0.9903 -0.1173 -0.0740
vn 0.7613 0.6083 0.2243
vn 0.7613 0.6083 0.2243
vn 0.8454 -0.2279 -0.4831
vn 0.8454 -0.2279 -0.4831
vn 0.5928 0.5630 0.5759
vn 0.5928 0.5630 0.5759
vn 0.7885 0.2558 0.5593
vn 0.7885 0.2558 0.5593
vn 0.7885 0.2558 0.5593
vn 0.8514 0.0463 0.5224
vn 0.8514 0.0463 0.5224
vn 0.8514 0.0463 0.5224
vn 0.8514 0.0463 0.5224
vn 0.8958 -0.2831 0.3427
vn 0.8343 0.1810 -0.5208
vn 0.8343 0.1810 -0.5208
vn 0.8343 0.1810 -0.5208
vn 0.8962 0.2540 -0.3638
vn 0.8753 0.3890 -0.2874
vn 0.9880 -0.1529 -0.0214
vn 0.9880 -0.1529 -0.0214
vn 0.8047 0.0261 0.5931
vn 0.7867 0.5521 0.2762
vn 0.7867 0.5521 0.2762
vn 0.7867 0.5521 0.2762
vn 0.9790 -0.0338 -0.2008
vn 0.9790 -0.0338 -0.2008
vn 0.8192 -0.4780 -0.3169
vn 0.8192 -0.4780 -0.3169
vn 0.6936 -0.1754 0.6986
vn 0.6936 -0.1754 0.6986
vn 0.6936 -0.1754 0.6986
vn 0.4932 -0.2182 0.8421
vn 0.9363 -0.3509 0.0134
vn -0.8544 0.3954 -0.3371
vn 0.7424 -0.1453 0.6540
vn 0.7424 -0.1453 0.6540
vn 0.7424 -0.1453 0.6540
vn 0.7424 -0.1453 0.6540
vn 0.7424 -0.1453 0.6540
vn 0.6173 -0.0875 0.7818
vn 0.6173 -0.0875 0.7818
vn 0.6173 -0.0875 0.7818
vn 0.4724 -0.0302 0.8809
vn 0.5266 0.4401 -0.7273
vn 0.5266 0.4401 -0.7273
vn 0.5266 0.4401 -0.7273
vn 0.2535 0.5445 -0.7995
vn 0.2535 0.5445 -0.7995
vn -0.2320 0.7318 0.6408
vn -0.3230 0.7229 0.6108
vn -0.3230 0.7229 0.6108
vn -0.3230 0.7229 0.6108
vn -0.6058 -0.7426 0.2856
vn -0.6058 -0.7426 0.2856
vn -0.6058 -0.7426 0.2856
vn -0.5582 0.5006 0.6617
vn -0.6159 -0.5798 -0.5334
vn -0.6159 -0.5798 -0.5334
vn -0.4777 0.5391 0.6937
vn 0.3779 0.6553 -0.6540
vn -0.0219 0.6623 -0.7489
vn -0.0219 0.6623 -0.7489
vn 0.0000 0.0000 0.0000
vn 0.0000 0.0000 0.0000
vn 0.9739 0.1856 -0.1309
vn 0.9739 0.1856 -0.1309
vn 0.9644 0.0574 0.2583
vn 0.9644 0.0574 0.2583
vn 0.8578 -0.0596 0.5105
vn 0.9771 0.1973 0.0799
vn 0.6733 -0.5325 0.5129
vn -0.2012 -0.9532 0.2258
vn -0.2012 -0.9532 0.2258
vn 0.9465 0.0131 -0.3226
vn -0.6441 -0.4551 0.6148
vn -0.6441 -0.4551 0.6148
vn 0.1657 -0.9545 0.2481
vn 0.1657 -0.9545 0.2481
vn 0.3223 0.2718 0.9068
vn 0.1802 0.6442 0.7433
vn 0.1802 0.6442 0.7433
vn 0.9109 -0.0108 -0.4124
vn 0.9109 -0.0108 -0.4124
vn 0.9109 -0.0108 -0.4124
vn 0.6075 0.7776 -0.1622
vn -0.5324 0.5541 0.6399
vn -0.5324 0.5541 0.6399
vn 0.5296 -0.3034 -0.7922
vn -0.3046 -0.8721 0.3829
vn -0.0123 -0.0187 0.9997
vn -0.8452 0.1813 0.5027
vn -0.8452 0.1813 0.5027
vn -0.8643 0.0399 -0.5013
vn -0.8643 0.0399 -0.5013
vn 0.7116 -0.2789 -0.6449
vn 0.7116 -0.2789 -0.6449
vn -0.6189 -0.4440 0.6479
vn -0.6189 -0.4440 0.6479
vn 0.4077 0.4768 0.7787
vn 0.4077 0.4768 0.7787
vn 0.9969 -0.0785 -0.0076
vn 0.6533 0.6601 0.3709
vn 0.6533 0.6601 0.3709
vn 0.9770 -0.0159 0.2126
vn 0.9358 -0.2397 -0.2586
vn 0.9704 -0.1781 0.1631
vn 0.9828 -0.0568 0.1759
vn 0.8879 -0.2246 -0.4014
vn 0.8887 -0.0952 0.4485
vn 0.8887 -0.0952 0.4485
vn 0.9839 0.1585 -0.0829
vn -0.8241 -0.5368 0.1810
vn 0.5305 -0.5706 0.6268
vn 0.5305 -0.5706 0.6268
vn 0.9101 0.0829 -0.4061
vn 0.6409 -0.2008 0.7409
vn 0.6409 -0.2008 0.7409
vn 0.8778 0.2733 -0.3933
vn 0.5746 0.3765 -0.7267
vn 0.7258 0.6771 0.1212
vn 0.7258 0.6771 0.1212
vn 0.7258 0.6771 0.1212
vn 0.7258 0.6771 0.1212
vn 0.5484 0.3008 -0.7802
vn 0.5484 0.3008 -0.7802
vn 0.2598 0.5883 -0.7658
vn -0.5334 0.2011 -0.8216
vn -0.5334 0.2011 -0.8216
vn -0.5334 0.2011 -0.8216
vn -0.7421 -0.4627 0.4850
vn -0.7421 -0.4627 0.4850
vn -0.3769 0.1336 0.9166
vn -0.3769 0.1336 0.9166
vn 0.4173 -0.4429 -0.7935
vn -0.6568 -0.1730 0.7340
vn -0.6568 -0.1730 0.7340
vn 0.4487 0.5180 0.7283
vn 0.5379 -0.0473 0.8417
vn 0.5379 -0.0473 0.8417
vn 0.7933 0.1936 -0.5772
vn 0.7933 0.1936 -0.5772
vn 0.6820 0.4959 0.5375
vn 0.6820 0.4959 0.5375
vn 0.6512 0.0353 0.7581
vn 0.6512 0.0353 0.7581
vn 0.9725 0.1934 -0.1296
vn 0.9938 -0.0052 0.1115
vn 0.9938 -0.0052 0.1115
vn 0.9274 0.3342 -0.1681
vn 0.9733 0.2150 -0.0806
vn 0.9809 -0.0639 -0.1837
vn 0.9817 0.0261 -0.1884
vn 0.9351 0.0247 -0.3536
vn 0.7503 -0.5550 -0.3593
vn 0.7503 -0.5550 -0.3593
vn 0.4469 0.0291 0.8941
vn 0.6341 0.6849 -0.3590
vn 0.6341 0.6849 -0.3590
vn 0.9252 0.3695 0.0866
vn 0.9252 0.3695 0.0866
vn 0.9252 0.3695 0.0866
vn 0.9445 -0.2184 -0.2452
vn 0.9445 -0.2184 -0.2452
vn 0.6698 0.3366 -0.6618
vn 0.6698 0.3366 -0.6618
vn 0.3020 0.7086 0.6377
vn 0.3020 0.7086 0.6377
vn 0.5740 0.7041 0.4180
vn 0.5740 0.7041 0.4180
vn 0.5740 0.7041 0.4180
vn 0.5807 0.8082 -0.0977
vn 0.5664 0.8240 0.0154
vn -0.1460 -0.9869 -0.0691
vn -0.1460 -0.9869 -0.0691
vn -0.1460 -0.9869 -0.0691
vn -0.0000 0.0000 0.0000
vn -0.0000 0.0000 0.0000
vn -0.0334 -0.9801 -0.1955
vn -0.0334 -0.9801 -0.1955
vn -0.0334 -0.9801 -0.1955
vn -0.0334 -0.9801 -0.1955
vn -0.1873 -0.6277 -0.7556
vn -0.1873 -0.6277 -0.7556
vn -0.1815 0.6351 0.7508
vn -0.1815 0.6351 0.7508
vn 0.5883 0.3656 0.7212
vn 0.5883 0.3656 0.7212
vn 0.5883 0.3656 0.7212
vn 0.6036 0.4674 -0.6459
vn 0.6036 0.4674 -0.6459
vn 0.5970 0.5186 -0.6120
vn 0.5970 0.5186 -0.6120
vn 0.0682 0.3362 -0.9393
vn 0.0682 0.3362 -0.9393
vn 0.0682 0.3362 -0.9393
vn 0.4408 -0.7234 0.5315
vn 0.4408 -0.7234 0.5315
vn 0.2676 -0.6433 -0.7174
vn 0.2676 -0.6433 -0.7174
vn 0.2676 -0.6433 -0.7174
vn 0.4157 -0.0143 0.9094
vn 0.4157 -0.0143 0.9094
vn 0.7792 0.3924 -0.4888
vn 0.8735 0.0003 -0.4868
vn 0.8735 0.0003 -0.4868
vn 0.9756 0.1767 0.1305
vn 0.7950 0.4651 -0.3895
vn 0.7771 0.6257 0.0686
vn 0.8433 0.4991 -0.1993
vn 0.8661 0.4995 -0.0216
vn 0.8661 0.4995 -0.0216
vn 0.9847 -0.1196 -0.1266
vn -0.0452 -0.9348 -0.3524
vn -0.0452 -0.9348 -0.3524
vn -0.0452 -0.9348 -0.3524
vn -0.8182 -0.5604 0.1282
vn -0.8182 -0.5604 0.1282
vn -0.8182 -0.5604 0.1282
vn -0.8182 -0.5604 0.1282
vn 0.9872 0.0246 -0.1573
vn 0.9955 -0.0195 -0.0930
vn 0.8176 0.3546 -0.4535
vn 0.8176 0.3546 -0.4535
vn 0.8176 0.3546 -0.4535
vn 0.5153 0.4453 0.7322
vn 0.5153 0.4453 0.7322
vn -0.7326 0.3247 0.5982
vn -0.7326 0.3247 0.5982
vn -0.7776 -0.4911 -0.3926
vn -0.7776 -0.4911 -0.3926
vn -0.7776 -0.4911 -0.3926
vn 0.3254 0.6880 0.6487
vn 0.3254 0.6880 0.6487
vn 0.9661 -0.2557 -0.0361
vn 0.7231 -0.3017 -0.6214
vn 0.7231 -0.3017 -0.6214
vn 0.3563 0.3861 0.8509
vn 0.8892 0.1992 0.4120
vn 0.8892 0.1992 0.4120
vn 0.8892 0.1992 0.4120
vn 0.9438 -0.2537 -0.2120
vn 0.8098 0.5087 0.2922
vn 0.5147 0.0737 0.8542
vn 0.5147 0.0737 0.8542
vn -0.0381 -0.7596 -0.6492
vn -0.0381 -0.7596 -0.6492
vn -0.0669 -0.9958 0.0631
vn -0.1018 0.8653 0.4909
vn -0.1018 0.8653 0.4909
vn -0.1018 0.8653 0.4909
vn 0.0532 0.9453 0.3217
vn 0.0532 0.9453 0.3217
vn 0.0532 0.9453 0.3217
vn -0.3660 0.7570 0.5413
vn -0.3660 0.7570 0.5413
vn 0.7610 -0.1297 -0.6357
vn 0.7610 -0.1297 -0.6357
vn -0.6675 0.6409 0.3791
vn -0.6675 0.6409 0.3791
vn 0.5202 -0.2139 -0.8268
vn 0.5202 -0.2139 -0.8268
vn 0.6663 -0.1735 -0.7252
vn 0.6663 -0.1735 -0.7252
vn 0.7972 -0.1533 -0.5839
vn 0.7828 -0.3271 -0.5294
vn 0.7828 -0.3271 -0.5294
vn 0.7828 -0.3271 -0.5294
vn 0.8588 -0.1482 -0.4904
vn 0.8588 -0.1482 -0.4904
vn 0.7861 0.3820 -0.4858
vn 0.7600 0.4436 0.4749
vn 0.7600 0.4436 0.4749
vn 0.9880 -0.0814 -0.1313
vn 0.9880 -0.0814 -0.1313
vn -0.4470 -0.6209 -0.6439
vn -0.4470 -0.6209 -0.6439
vn -0.0411 -0.1121 -0.9928
vn -0.0411 -0.1121 -0.9928
vn 0.8941 -0.3282 -0.3048
vn 0.8941 -0.3282 -0.3048
vn -0.1229 -0.2814 0.9517
vn 0.3962 0.1296 -0.9090
vn 0.3962 0.1296 -0.9090
vn 0.7489 -0.1119 -0.6532
vn 0.7489 -0.1119 -0.6532
vn 0.1528 -0.9217 0.3567
vn 0.4399 0.1664 0.8825
vn 0.4399 0.1664 0.8825
vn 0.8264 -0.4413 -0.3497
vn 0.8264 -0.4413 -0.3497
vn 0.5485 0.8255 -0.1332
vn 0.9426 0.0948 -0.3202
vn 0.9426 0.0948 -0.3202
vn 0.7851 -0.6193 0.0122
vn 0.7851 -0.6193 0.0122
vn 0.7851 -0.6193 0.0122
vn 0.1744 -0.9441 0.2799
vn -0.2317 -0.7824 0.5781
vn -0.1333 -0.7470 0.6513
vn 0.5481 -0.3994 -0.7349
vn 0.5481 -0.3994 -0.7349
vn 0.3703 0.3276 0.8692
vn 0.4569 0.0707 -0.8867
vn 0.4569 0.0707 -0.8867
vn 0.9143 -0.1579 -0.3729
vn 0.9143 -0.1579 -0.3729
vn 0.9143 -0.1579 -0.3729
vn -0.3977 -0.3124 0.8627
vn 0.7175 -0.2296 -0.6577
vn 0.7175 -0.2296 -0.6577
vn 0.9680 -0.2287 -0.1033
vn -0.0917 -0.3516 -0.9316
vn -0.0917 -0.3516 -0.9316
vn 0.5637 -0.4729 -0.6772
vn 0.5637 -0.4729 -0.6772
vn 0.5230 0.6189 -0.5860
vn 0.5230 0.6189 -0.5860
vn 0.6995 0.6785 -0.2243
vn 0.6995 0.6785 -0.2243
vn 0.6995 0.6785 -0.2243
vn 0.7359 0.5747 0.3580
vn 0.9850 0.1675 -0.0409
vn 0.9914 -0.1236 -0.0419
vn 0.9536 0.3006 -0.0174
vn 0.9536 0.3006 -0.0174
vn 0.9031 0.2532 -0.3467
vn 0.2574 0.4835 -0.8366
vn 0.2574 0.4835 -0.8366
vn 0.3837 -0.5121 -0.7685
vn -0.4093 0.2158 0.8865
vn -0.4093 0.2158 0.8865
vn 0.7014 -0.2177 -0.6787
vn 0.8817 0.4695 -0.0475
vn 0.8817 0.4695 -0.0475
vn 0.8201 0.4792 0.3128
vn 0.8431 0.2632 0.4690
vn 0.8431 0.2632 0.4690
vn -0.5963 -0.3586 -0.7182
vn -0.5963 -0.3586 -0.7182
vn -0.8208 -0.4722 -0.3214
vn -0.8208 -0.4722 -0.3214
vn -0.4216 -0.3474 -0.8376
vn -0.4216 -0.3474 -0.8376
vn 0.2429 -0.4028 0.8825
vn 0.1576 -0.2282 0.9608
vn 0.0044 -0.0566 -0.9984
vn 0.5744 -0.8161 -0.0639
vn 0.5744 -0.8161 -0.0639
vn 0.8936 0.0304 0.4479
vn 0.8936 0.0304 0.4479
vn 0.6027 -0.0542 -0.7961
vn 0.6027 -0.0542 -0.7961
vn 0.6027 -0.0542 -0.7961
vn 0.6174 0.6916 -0.3748
vn 0.5421 0.8360 -0.0846
vn 0.7555 0.4530 0.4733
vn 0.9214 0.2728 -0.2769
vn 0.9214 0.2728 -0.2769
vn 0.9214 0.2728 -0.2769
vn 0.7933 -0.6073 -0.0432
vn 0.7933 -0.6073 -0.0432
vn 0.7770 0.1672 -0.6069
vn 0.7770 0.1672 -0.6069
vn -0.2545 -0.2551 0.9328
vn -0.2545 -0.2551 0.9328
vn 0.6866 0.0892 -0.7215
vn 0.6866 0.0892 -0.7215
vn 0.5762 0.3175 0.7531
vn 0.5762 0.3175 0.7531
vn -0.7341 0.5642 -0.3779
vn -0.7341 0.5642 -0.3779
vn 0.6634 0.5259 0.5322
vn 0.6634 0.5259 0.5322
vn 0.7450 -0.2771 -0.6068
vn 0.7450 -0.2771 -0.6068
vn 0.7450 -0.2771 -0.6068
vn 0.7824 -0.0354 -0.6217
vn 0.0000 0.0000 0.0000
vn 0.0000 0.0000 0.0000
vn 0.9110 0.2218 -0.3476
vn 0.9110 0.2218 -0.3476
vn 0.9110 0.2218 -0.3476
vn 0.9110 0.2218 -0.3476
vn 0.7060 -0.2077 -0.6771
vn 0.7060 -0.2077 -0.6771
vn 0.7060 -0.2077 -0.6771
vn 0.7060 -0.2077 -0.6771
vn -0.7707 -0.5719 0.2810
vn -0.7707 -0.5719 0.2810
vn -0.7707 -0.5719 0.2810
vn -0.7072 -0.4893 -0.5104
vn -0.7072 -0.4893 -0.5104
vn 0.5796 0.0922 -0.8097
vn 0.9267 0.1289 0.3530
vn 0.9267 0.1289 0.3530
vn 0.0358 -0.9943 -0.1000
vn 0.0358 -0.9943 -0.1000
vn 0.0358 -0.9943 -0.1000
vn 0.7178 0.6245 0.3078
vn 0.7178 0.6245 0.3078
vn -0.2370 -0.7680 0.5950
vn -0.2370 -0.7680 0.5950
vn -0.2370 -0.7680 0.5950
vn -0.6468 0.4990 0.5767
vn -0.6468 0.4990 0.5767
vn -0.6468 0.4990 0.5767
vn -0.2660 0.8322 0.4866
vn 0.8671 -0.1413 -0.4777
vn 0.8671 -0.1413 -0.4777
vn 0.2687 -0.8969 0.3513
vn 0.2687 -0.8969 0.3513
vn 0.6692 -0.0575 -0.7409
vn 0.6692 -0.0575 -0.7409
vn 0.2543 0.5887 -0.7674
vn 0.2543 0.5887 -0.7674
vn -0.0313 -0.6874 0.7256
vn -0.0313 -0.6874 0.7256
vn 0.8401 -0.2612 -0.4755
vn 0.8401 -0.2612 -0.4755
vn 0.8401 -0.2612 -0.4755
vn 0.8737 0.3533 -0.3344
vn 0.4319 -0.2882 0.8546
vn 0.7362 0.1190 0.6662
vn 0.7362 0.1190 0.6662
vn 0.6986 0.2861 -0.6559
vn 0.6986 0.2861 -0.6559
vn -0.2046 -0.9649 0.1645
vn 0.9168 0.3983 0.0306
vn 0.9168 0.3983 0.0306
vn 0.9168 0.3983 0.0306
vn 0.9168 0.3983 0.0306
vn 0.9830 -0.1176 -0.1409
vn 0.9830 -0.1176 -0.1409
vn 0.9830 -0.1176 -0.1409
vn 0.5413 0.8235 0.1697
vn 0.4071 0.8086 0.4247
vn 0.6018 0.7089 0.3679
vn 0.6166 -0.7748 0.1397
vn 0.6166 -0.7748 0.1397
vn 0.2306 -0.7962 -0.5594
vn 0.2306 -0.7962 -0.5594
vn 0.0000 0.0000 0.0000
vn 0.0000 0.0000 0.0000
vn -0.6243 -0.4988 -0.6012
vn -0.6243 -0.4988 -0.6012
vn 0.7596 -0.2238 -0.6107
vn 0.9141 0.0572 -0.4014
vn 0.9141 0.0572 -0.4014
vn 0.8435 0.4404 0.3075
vn 0.9272 0.2921 0.2343
vn 0.9272 0.2921 0.2343
vn -0.4884 -0.5005 0.7148
vn 0.0000 0.0000 0.0000
vn 0.0000 0.0000 0.0000
vn -0.5520 -0.8017 0.2295
vn -0.5520 -0.8017 0.2295
vn 0.6656 0.2005 0.7189
vn 0.6656 0.2005 0.7189
vn 0.6656 0.2005 0.7189
vn 0.6656 0.2005 0.7189
vn 0.6830 0.6815 -0.2628
vn 0.6830 0.6815 -0.2628
vn 0.0685 -0.9940 0.0857
vn 0.0685 -0.9940 0.0857
vn 0.0685 -0.9940 0.0857
vn 0.0685 -0.9940 0.0857
vn 0.0685 -0.9940 0.0857
vn 0.3595 -0.9172 0.1716
vn 0.3595 -0.9172 0.1716
vn 0.3595 -0.9172 0.1716
vn 0.6759 0.2062 -0.7076
vn 0.6759 0.2062 -0.7076
vn -0.6754 -0.7002 -0.2312
vn -0.6754 -0.7002 -0.2312
vn 0.5341 0.3893 0.7505
vn -0.6222 -0.5564 -0.5507
vn -0.1786 -0.0295 -0.9835
vn 0.7410 -0.0487 0.6697
vn 0.7410 -0.0487 0.6697
vn 0.7766 0.1538 0.6110
vn 0.7766 0.1538 0.6110
vn 0.9849 -0.1718 -0.0234
vn 0.8575 0.5126 0.0442
vn 0.8575 0.5126 0.0442
vn 0.8645 -0.4761 -0.1612
vn 0.8746 -0.3366 -0.3489
vn -0.7257 0.3926 -0.5650
vn -0.7257 0.3926 -0.5650
vn 0.6609 -0.6719 -0.3342
vn 0.6609 -0.6719 -0.3342
vn 0.6609 -0.6719 -0.3342
vn 0.6609 -0.6719 -0.3342
vn -0.8145 -0.5799 0.0195
vn -0.8145 -0.5799 0.0195
vn -0.5473 -0.4342 0.7155
vn -0.5473 -0.4342 0.7155
vn 0.9083 -0.1892 -0.3731
vn 0.9144 0.2051 0.3491
vn 0.9144 0.2051 0.3491
vn 0.8634 -0.0258 -0.5038
vn -0.5235 -0.6760 0.5186
vn -0.5235 -0.6760 0.5186
vn -0.5235 -0.6760 0.5186
vn 0.7879 0.4757 0.3912
vn 0.9854 0.0140 -0.1699
vn 0.9854 0.0140 -0.1699
vn -0.5753 -0.7759 0.2591
vn -0.4443 -0.3533 -0.8233
vn 0.1304 -0.2628 0.9560
vn 0.1559 -0.0554 0.9862
vn -0.0071 -0.1434 -0.9896
vn 0.7073 0.0445 -0.7055
vn 0.7073 0.0445 -0.7055
vn 0.9440 0.1752 0.2796
vn 0.9440 0.1752 0.2796
vn 0.9440 0.1752 0.2796
vn 0.8031 0.1514 0.5763
vn 0.8031 0.1514 0.5763
vn 0.8031 0.1514 0.5763
vn 0.2875 0.9438 0.1629
vn 0.4970 0.0032 -0.8677
vn 0.4970 0.0032 -0.8677
vn 0.8865 -0.4343 -0.1597
vn -0.0121 -0.6393 0.7689
vn -0.0121 -0.6393 0.7689
vn -0.0121 -0.6393 0.7689
vn -0.3879 -0.0500 0.9203
vn -0.3879 -0.0500 0.9203
vn 0.8406 -0.0844 -0.5350
vn 0.8689 -0.0742 -0.4894
vn 0.9179 0.0761 -0.3894
vn 0.9659 0.0390 -0.2558
vn 0.9659 0.0390 -0.2558
vn 0.7491 0.5521 0.3660
vn 0.9593 0.2223 -0.1741
vn 0.9646 0.2144 0.1538
vn -0.9179 0.3170 0.2388
vn -0.9179 0.3170 0.2388
vn -0.9890 0.1466 -0.0215
vn -0.9192 -0.2785 -0.2784
vn -0.9928 -0.0581 -0.1048
vn -0.9503 -0.2792 0.1378
vn -0.5474 -0.4443 0.7092
vn -0.5474 -0.4443 0.7092
vn -0.3284 -0.6740 0.6617
vn -0.3284 -0.6740 0.6617
vn 0.3793 -0.2245 -0.8976
vn 0.1348 -0.2277 -0.9644
vn 0.6347 0.3382 0.6948
vn 0.6347 0.3382 0.6948
vn -0.1854 -0.9554 0.2300
vn 0.7206 0.5348 -0.4412
vn 0.7206 0.5348 -0.4412
vn 0.7206 0.5348 -0.4412
vn 0.7206 0.5348 -0.4412
vn 0.7942 0.4377 0.4214
vn 0.0000 -0.0000 0.0000
vn 0.0000 -0.0000 0.0000
vn 0.1792 -0.6868 -0.7044
vn 0.1792 -0.6868 -0.7044
vn 0.9793 -0.0179 -0.2014
vn 0.8447 -0.5312 0.0658
vn 0.5044 -0.7773 0.3760
vn 0.5044 -0.7773 0.3760
vn 0.8227 0.0426 0.5668
vn 0.8227 0.0426 0.5668
vn 0.9444 0.0384 -0.3266
vn -0.9769 -0.1136 -0.1811
vn 0.9298 0.3558 0.0945
vn -0.7469 -0.5697 -0.3431
vn -0.7469 -0.5697 -0.3431
vn -0.9734 -0.2290 -0.0023
vn -0.7180 0.5529 0.4229
vn -0.7180 0.5529 0.4229
vn -0.8727 0.1557 0.4628
vn -0.8934 0.2534 0.3710
vn -0.7298 -0.4126 -0.5452
vn -0.7298 -0.4126 -0.5452
vn 0.6400 0.0211 0.7681
vn 0.6400 0.0211 0.7681
vn 0.6686 0.1517 -0.7280
vn 0.6686 0.1517 -0.7280
vn 0.9945 -0.1043 0.0035
vn 0.9945 -0.1043 0.0035
vn 0.9988 -0.0415 -0.0268
vn 0.9988 -0.0415 -0.0268
vn -0.1110 0.3515 0.9296
vn -0.1110 0.3515 0.9296
vn -0.1110 0.3515 0.9296
vn 0.4668 0.8614 0.2001
vn 0.9142 -0.3503 -0.2036
vn -0.6997 -0.1392 -0.7007
vn -0.6997 -0.1392 -0.7007
vn 0.5901 0.1987 0.7825
vn 0.5901 0.1987 0.7825
vn -0.7624 0.1725 0.6236
vn -0.7624 0.1725 0.6236
vn -0.7624 0.1725 0.6236
vn -0.1108 -0.8229 -0.5573
vn 0.8709 0.3860 0.3043
vn -0.7205 0.5954 0.3556
vn -0.7205 0.5954 0.3556
vn 0.9686 0.1992 -0.1485
vn -0.6834 -0.5598 -0.4687
vn -0.6834 -0.5598 -0.4687
vn -0.6834 -0.5598 -0.4687
vn -0.8362 -0.3778 -0.3975
vn -0.8362 -0.3778 -0.3975
vn -0.4754 -0.4377 -0.7632
vn 0.8652 0.2027 -0.4587
vn 0.8652 0.2027 -0.4587
vn 0.7385 0.2667 0.6192
vn 0.8712 0.1927 0.4516
vn 0.7371 0.2926 0.6092
vn 0.9781 0.1681 -0.1228
vn 0.9223 0.3797 0.0723
vn 0.9223 0.3797 0.0723
vn 0.8923 0.1784 -0.4147
vn 0.8923 0.1784 -0.4147
vn 0.8651 0.4207 -0.2733
vn 0.8651 0.4207 -0.2733
vn 0.8651 0.4207 -0.2733
vn -0.7820 -0.6223 -0.0349
vn -0.7820 -0.6223 -0.0349
vn 0.8459 0.4571 0.2750
vn 0.8459 0.4571 0.2750
vn 0.6427 0.7579 0.1120
vn -0.3376 -0.6884 -0.6420
vn -0.3376 -0.6884 -0.6420
vn 0.9106 0.1153 -0.3968
vn 0.7259 0.5629 0.3953
vn 0.9508 0.3099 -0.0010
vn -0.4779 0.4829 0.7338
vn 0.9648 0.2625 -0.0129
vn 0.9306 0.3089 0.1964
vn 0.0435 -0.7567 -0.6523
vn 0.0435 -0.7567 -0.6523
vn -0.5206 0.5442 0.6580
vn -0.5206 0.5442 0.6580
vn -0.5206 0.5442 0.6580
vn -0.2318 -0.2371 -0.9434
vn 0.1645 0.0410 0.9855
vn 0.9483 0.2487 -0.1971
vn 0.9483 0.2487 -0.1971
vn 0.4956 -0.8685 -0.0094
vn -0.6689 0.5363 0.5148
vn -0.6689 0.5363 0.5148
vn -0.4861 -0.5535 0.6763
vn -0.4861 -0.5535 0.6763
vn -0.4861 -0.5535 0.6763
vn 0.5830 0.8087 0.0782
vn 0.0000 -0.0000 -0.0000
vn 0.0000 -0.0000 -0.0000
vn 0.7729 -0.5497 -0.3170
vn 0.7729 -0.5497 -0.3170
vn 0.7729 -0.5497 -0.3170
vn 0.6271 -0.0771 0.7751
vn 0.9976 -0.0616 -0.0319
vn 0.9603 -0.2728 -0.0588
vn 0.7702 0.2705 0.5777
vn 0.7702 0.2705 0.5777
vn -0.2973 -0.7626 -0.5745
vn -0.2973 -0.7626 -0.5745
vn -0.2973 -0.7626 -0.5745
vn -0.2973 -0.7626 -0.5745
vn -0.2973 -0.7626 -0.5745
vn 0.6522 -0.5387 -0.5334
vn 0.6522 -0.5387 -0.5334
vn 0.6522 -0.5387 -0.5334
vn 0.6522 -0.5387 -0.5334
vn 0.7595 -0.0693 -0.6469
vn 0.0224 -0.9809 -0.1930
vn -0.4936 -0.5514 -0.6726
vn -0.4936 -0.5514 -0.6726
vn 0.8307 0.5215 -0.1950
vn -0.8565 0.3528 0.3766
vn -0.9879 0.0478 0.1475
vn -0.9230 0.3783 0.0712
vn -0.4982 -0.5224 -0.6920
vn -0.4982 -0.5224 -0.6920
vn -0.4982 -0.5224 -0.6920
vn -0.4982 -0.5224 -0.6920
vn -0.9771 0.0488 0.2070
vn -0.9771 0.0488 0.2070
vn -0.8566 -0.3983 -0.3281
vn -0.8566 -0.3983 -0.3281
vn -0.4473 -0.7297 -0.5171
vn -0.6952 0.3487 0.6286
vn -0.6952 0.3487 0.6286
vn -0.6952 0.3487 0.6286
vn -0.4610 0.4249 0.7790
vn -0.4610 0.4249 0.7790
vn -0.2775 -0.5932 -0.7557
vn -0.2245 0.3879 0.8939
vn -0.2245 0.3879 0.8939
vn 0.3032 0.0942 -0.9483
vn 0.5754 0.2713 0.7716
vn 0.5754 0.2713 0.7716
vn 0.9139 0.1188 0.3881
vn 0.7397 0.2213 0.6355
vn 0.8915 0.1812 0.4152
vn 0.9365 0.1815 -0.3001
vn 0.9365 0.1815 -0.3001
vn 0.9928 -0.0639 -0.1009
vn -0.9806 0.1912 0.0421
vn -0.6911 0.5541 0.4640
vn -0.6911 0.5541 0.4640
vn -0.6911 0.5541 0.4640
vn -0.8327 0.3800 0.4028
vn -0.8327 0.3800 0.4028
vn -0.1566 -0.5919 -0.7907
vn -0.4378 -0.5947 -0.6743
vn -0.4378 -0.5947 -0.6743
vn -0.7060 0.5251 0.4753
vn -0.7060 0.5251 0.4753
vn -0.7060 0.5251 0.4753
vn -0.7060 0.5251 0.4753
vn 0.6706 0.1170 -0.7325
vn 0.6706 0.1170 -0.7325
vn 0.6733 0.3108 0.6709
vn 0.2862 -0.8174 -0.5000
vn 0.2862 -0.8174 -0.5000
vn 0.2862 -0.8174 -0.5000
vn 0.2862 -0.8174 -0.5000
vn -0.4455 0.6699 0.5940
vn 0.9843 0.0356 -0.1727
vn 0.9258 -0.2399 -0.2921
vn 0.9811 -0.0762 0.1778
vn 0.9958 0.0394 0.0826
vn 0.0984 0.5635 0.8202
vn 0.0984 0.5635 0.8202
vn 0.8918 0.2085 -0.4016
vn 0.8918 0.2085 -0.4016
vn 0.9538 0.2596 -0.1513
vn 0.9538 0.2596 -0.1513
vn 0.8777 0.1784 -0.4447
vn 0.8777 0.1784 -0.4447
vn 0.9272 0.2852 0.2429
vn 0.9955 0.0843 -0.0426
vn 0.9955 0.0843 -0.0426
vn 0.9584 0.2677 0.0987
vn 0.3491 -0.9197 -0.1798
vn 0.3491 -0.9197 -0.1798
vn 0.2972 0.9544 0.0266
vn 0.2690 0.9540 -0.1324
vn 0.5981 0.1375 0.7896
vn 0.5981 0.1375 0.7896
vn -0.5169 0.6360 0.5730
vn -0.6100 0.3475 0.7122
vn -0.6100 0.3475 0.7122
vn 0.8212 0.2752 -0.5000
vn 0.8212 0.2752 -0.5000
vn 0.9777 0.1909 -0.0871
vn 0.3313 0.9396 -0.0857
vn 0.3313 0.9396 -0.0857
vn 0.6119 0.6066 -0.5075
vn 0.6119 0.6066 -0.5075
vn 0.6119 0.6066 -0.5075
vn 0.5806 -0.7300 -0.3605
vn 0.5806 -0.7300 -0.3605
vn 0.8706 0.0582 0.4885
vn 0.8706 0.0582 0.4885
vn 0.4025 -0.0442 0.9144
vn 0.4025 -0.0442 0.9144
vn 0.0196 -0.6777 -0.7351
vn 0.0196 -0.6777 -0.7351
vn -0.0618 0.4764 0.8771
vn 0.3858 0.4061 0.8284
vn -0.0628 0.5186 0.8527
vn -0.0628 0.5186 0.8527
vn 0.0276 -0.6327 -0.7739
vn 0.0276 -0.6327 -0.7739
vn -0.2846 0.5316 0.7978
vn 0.4572 0.4358 0.7753
vn 0.4572 0.4358 0.7753
vn 0.4572 0.4358 0.7753
vn 0.0384 -0.7082 -0.7050
vn 0.9313 0.3138 -0.1852
vn 0.9313 0.3138 -0.1852
vn 0.9530 0.1185 0.2787
vn 0.0322 -0.8662 -0.4987
vn -0.0695 0.7243 0.6860
vn -0.0695 0.7243 0.6860
vn -0.0695 0.7243 0.6860
vn 0.0614 0.8915 0.4489
vn -0.1873 0.6516 0.7351
vn -0.1873 0.6516 0.7351
vn 0.1494 0.8967 0.4167
vn 0.1494 0.8967 0.4167
vn -0.2259 -0.5102 -0.8299
vn 0.0703 0.8081 0.5848
vn 0.0703 0.8081 0.5848
vn 0.0703 0.8081 0.5848
vn 0.7661 0.4407 0.4679
vn 0.7661 0.4407 0.4679
vn 0.5784 -0.7600 -0.2963
vn 0.5784 -0.7600 -0.2963
vn 0.5784 -0.7600 -0.2963
vn 0.5784 -0.7600 -0.2963
vn 0.3858 -0.9099 0.1523
vn -0.2252 0.4385 0.8700
vn -0.2252 0.4385 0.8700
vn -0.5159 -0.6343 -0.5758
vn 0.1531 0.3692 0.9166
vn 0.3415 0.1177 -0.9325
vn 0.3415 0.1177 -0.9325
vn 0.4263 0.5822 0.6923
vn 0.4263 0.5822 0.6923
vn 0.2242 0.4139 0.8823
vn 0.8731 0.3312 -0.3579
vn 0.8731 0.3312 -0.3579
vn 0.8783 0.3923 0.2732
vn -0.0311 0.8832 0.4679
vn -0.0311 0.8832 0.4679
vn -0.6179 -0.7799 0.1000
vn -0.6179 -0.7799 0.1000
vn 0.2706 0.4163 0.8680
vn -0.1058 0.2713 0.9567
vn -0.1058 0.2713 0.9567
vn 0.2736 0.6313 0.7257
vn 0.2736 0.6313 0.7257
vn 0.2736 0.6313 0.7257
vn 0.4514 0.4850 0.7490
vn 0.4514 0.4850 0.7490
vn 0.8723 0.4785 -0.1004
vn 0.8723 0.4785 -0.1004
vn -0.4713 -0.8344 -0.2857
vn -0.4713 -0.8344 -0.2857
vn -0.4713 -0.8344 -0.2857
vn -0.4713 -0.8344 -0.2857
vn 0.7239 0.3045 -0.6191
vn 0.7239 0.3045 -0.6191
vn 0.9004 0.4185 0.1192
vn -0.2972 -0.5507 0.7800
vn -0.2972 -0.5507 0.7800
vn -0.2972 -0.5507 0.7800
vn -0.6823 -0.6472 0.3400
vn -0.6823 -0.6472 0.3400
vn -0.6823 -0.6472 0.3400
vn -0.6823 -0.6472 0.3400
vn -0.6823 -0.6472 0.3400
vn 0.9404 -0.3241 -0.1032
vn 0.9404 -0.3241 -0.1032
vn 0.9404 -0.3241 -0.1032
vn 0.9404 -0.3241 -0.1032
vn 0.9404 -0.3241 -0.1032
vn 0.9404 -0.3241 -0.1032
vn 0.9404 -0.3241 -0.1032
vn 0.9404 -0.3241 -0.1032
vn 0.0000 0.0000 0.0000
vn 0.0000 0.0000 0.0000
vn -0.9156 0.0861 -0.3927
vn -0.9156 0.0861 -0.3927
vn -0.9156 0.0861 -0.3927
vn -0.3684 -0.5645 0.7387
vn -0.3684 -0.5645 0.7387
vn -0.3684 -0.5645 0.7387
vn -0.7225 0.0811 0.6866
vn -0.7225 0.0811 0.6866
vn -0.7225 0.0811 0.6866
vn 0.2122 -0.0307 -0.9767
vn 0.2122 -0.0307 -0.9767
vn 0.2122 -0.0307 -0.9767
vn 0.2122 -0.0307 -0.9767
vn 0.2122 -0.0307 -0.9767
vn 0.2147 0.1600 0.9635
vn 0.2147 0.1600 0.9635
vn 0.2147 0.1600 0.9635
vn 0.2147 0.1600 0.9635
vn 0.2147 0.1600 0.9635
vn 0.2521 -0.5381 -0.8043
vn 0.2521 -0.5381 -0.8043
vn 0.5425 0.3964 0.7407
vn 0.5425 0.3964 0.7407
vn 0.5719 -0.5772 -0.5829
vn 0.5719 -0.5772 -0.5829
vn 0.7862 0.2867 0.5475
vn 0.7862 0.2867 0.5475
vn 0.2315 -0.5504 -0.8022
vn 0.2315 -0.5504 -0.8022
vn 0.2315 -0.5504 -0.8022
vn 0.2315 -0.5504 -0.8022
vn 0.2315 -0.5504 -0.8022
vn -0.0239 -0.9722 -0.2330
vn -0.0239 -0.9722 -0.2330
vn 0.3562 0.8699 0.3411
vn 0.3562 0.8699 0.3411
vn 0.3562 0.8699 0.3411
vn 0.7722 -0.5025 -0.3889
vn 0.7722 -0.5025 -0.3889
vn 0.7722 -0.5025 -0.3889
vn 0.7722 -0.5025 -0.3889
vn 0.4165 -0.0253 0.9088
vn 0.4165 -0.0253 0.9088
vn 0.4259 0.5968 0.6800
vn 0.4259 0.5968 0.6800
vn 0.4259 0.5968 0.6800
vn 0.7966 0.5348 0.2816
vn 0.7966 0.5348 0.2816
vn 0.4251 -0.6344 -0.6456
vn 0.4251 -0.6344 -0.6456
vn 0.4742 -0.6501 -0.5937
vn 0.4742 -0.6501 -0.5937
vn 0.4742 -0.6501 -0.5937
vn 0.6717 0.6658 0.3249
vn 0.6717 0.6658 0.3249
vn 0.9399 0.2146 -0.2657
vn 0.9399 0.2146 -0.2657
vn 0.7998 0.0201 0.6000
vn 0.7998 0.0201 0.6000
vn 0.7998 0.0201 0.6000
vn 0.7998 0.0201 0.6000
vn 0.7998 0.0201 0.6000
vn 0.8426 -0.4178 -0.3397
vn 0.8426 -0.4178 -0.3397
vn 0.7553 -0.5164 -0.4036
vn 0.7553 -0.5164 -0.4036
vn 0.7586 -0.3773 -0.5311
vn 0.7586 -0.3773 -0.5311
vn 0.7586 -0.3773 -0.5311
vn 0.7586 -0.3773 -0.5311
vn 0.7890 0.3682 0.4918
vn 0.7890 0.3682 0.4918
vn 0.7661 0.5708 0.2955
vn 0.7661 0.5708 0.2955
vn 0.0154 0.6422 -0.7664
vn 0.0154 0.6422 -0.7664
vn 0.3277 0.2594 0.9085
vn 0.3277 0.2594 0.9085
vn -0.9155 -0.1407 0.3769
vn -0.9155 -0.1407 0.3769
vn 0.3329 -0.4108 -0.8488
vn 0.3329 -0.4108 -0.8488
vn 0.3329 -0.4108 -0.8488
vn -0.0000 -0.0000 -0.0000
vn -0.0000 -0.0000 -0.0000
vn -0.0446 -0.4930 -0.8689
vn -0.0446 -0.4930 -0.8689
vn 0.5686 -0.7706 -0.2880
vn 0.5686 -0.7706 -0.2880
vn 0.5483 0.4371 0.7129
vn 0.5483 0.4371 0.7129
vn 0.9379 0.3241 0.1238
vn 0.9379 0.3241 0.1238
vn 0.9379 0.3241 0.1238
vn 0.9996 -0.0003 0.0283
vn 0.8685 -0.1024 -0.4851
vn 0.8685 -0.1024 -0.4851
vn 0.8685 -0.1024 -0.4851
vn 0.9832 0.0786 -0.1649
vn 0.6143 0.6189 0.4896
vn 0.5684 0.6647 0.4850
vn -0.9323 -0.2417 0.2692
vn 0.9681 0.1040 -0.2282
vn 0.9637 0.1526 0.2190
vn 0.9098 -0.0294 -0.4140
vn 0.9098 -0.0294 -0.4140
vn 0.3692 -0.6351 -0.6785
vn 0.6896 0.5375 0.4853
vn 0.6012 0.4374 0.6688
vn 0.6889 0.6475 0.3260
vn 0.8931 0.4342 -0.1173
vn 0.1862 0.0171 0.9824
vn 0.1862 0.0171 0.9824
vn 0.9178 0.2528 0.3063
vn 0.9333 0.2677 0.2393
vn 0.9270 -0.3622 -0.0974
vn 0.8864 0.3030 0.3500
vn 0.9833 -0.1572 -0.0920
vn 0.9833 -0.1572 -0.0920
vn 0.9372 0.0467 -0.3457
vn 0.9372 0.0467 -0.3457
vn 0.9680 -0.0195 -0.2501
vn 0.8073 -0.4441 0.3888
vn 0.9532 0.2351 0.1903
vn 0.9532 0.2351 0.1903
vn 0.9758 0.2167 0.0286
vn 0.9640 0.2461 -0.1006
vn 0.9322 -0.0463 -0.3589
vn 0.0415 -0.7100 0.7029
vn 0.0415 -0.7100 0.7029
vn 0.9920 0.0758 0.1006
vn 0.9893 -0.0678 0.1295
vn 0.8302 0.3224 -0.4547
vn 0.8302 0.3224 -0.4547
vn 0.9586 -0.0529 -0.2800
vn 0.9586 -0.0529 -0.2800
vn 0.9747 -0.1207 -0.1883
vn 0.8905 -0.2485 -0.3811
vn 0.9801 0.1397 0.1413
vn 0.9248 -0.1806 -0.3348
usemtl ratman-scout
s 1
f 1/1/1 2/2/2 5/5/5
f 2/2/2 7/7/7 10/10/10
f 12/12/12 14/14/14 17/17/17
f 2/2/2 10/10/10 5/5/5
f 1/1/1 5/5/5 20/20/20
f 2/2/2 22/22/22 23/23/23
f 24/24/24 2/2/2 1/1/1
f 24/24/24 1/1/1 25/25/25
f 26/26/26 28/28/28 29/29/29
f 31/31/31 26/26/26 29/29/29
f 26/26/26 31/31/31 28/28/28
f 7/7/7 2/2/2 32/32/32
f 9/9/9 6/6/6 34/34/34
f 12/12/12 36/36/36 14/14/14
f 23/23/23 32/32/32 2/2/2
f 3/3/3 8/8/8 33/33/33
f 17/17/17 20/20/20 12/12/12
f 38/38/38 41/41/41 23/23/23
f 1/1/1 20/20/20 43/43/43
f 23/23/23 22/22/22 38/38/38
f 1/1/1 44/44/44 25/25/25
f 24/24/24 29/29/29 2/2/2
f 2/2/2 29/29/29 22/22/22
f 24/24/24 25/25/25 45/45/45
f 24/24/24 45/45/45 29/29/29
f 45/45/45 31/31/31 29/29/29
f 29/29/29 28/28/28 47/47/47
f 31/31/31 45/45/45 49/49/49
f 28/28/28 31/31/31 51/51/51
f 27/27/27 50/50/50 52/52/52
f 12/12/12 56/56/56 36/36/36
f 34/34/34 6/6/6 4/4/4
f 12/12/12 20/20/20 59/59/59
f 15/15/15 60/60/60 18/18/18
f 61/61/61 25/25/25 44/44/44
f 45/45/45 25/25/25 61/61/61
f 45/45/45 61/61/61 49/49/49
f 28/28/28 62/62/62 47/47/47
f 63/63/63 62/62/62 28/28/28
f 65/65/65 66/66/66 62/62/62
f 65/65/65 68/68/68 66/66/66
f 68/68/68 65/65/65 70/70/70
f 54/54/54 11/11/11 71/71/71
f 55/55/55 73/73/73 35/35/35
f 37/37/37 74/74/74 39/39/39
f 37/37/37 76/76/76 74/74/74
f 37/37/37 21/21/21 76/76/76
f 29/29/29 80/80/80 22/22/22
f 29/29/29 47/47/47 80/80/80
f 61/61/61 44/44/44 49/49/49
f 30/30/30 52/52/52 50/50/50
f 63/63/63 28/28/28 82/82/82
f 65/65/65 62/62/62 63/63/63
f 63/63/63 82/82/82 65/65/65
f 28/28/28 84/84/84 82/82/82
f 66/66/66 87/87/87 62/62/62
f 66/66/66 68/68/68 87/87/87
f 89/89/89 91/91/91 94/94/94
f 54/54/54 71/71/71 98/98/98
f 72/72/72 53/53/53 99/99/99
f 35/35/35 73/73/73 100/100/100
f 5/5/5 59/59/59 20/20/20
f 13/13/13 35/35/35 103/103/103
f 16/16/16 13/13/13 105/105/105
f 1/1/1 43/43/43 107/107/107
f 42/42/42 108/108/108 106/106/106
f 44/44/44 1/1/1 49/49/49
f 83/83/83 27/27/27 52/52/52
f 68/68/68 109/109/109 87/87/87
f 88/88/88 93/93/93 90/90/90
f 53/53/53 96/96/96 110/110/110
f 11/11/11 58/58/58 71/71/71
f 53/53/53 110/110/110 99/99/99
f 32/32/32 113/113/113 7/7/7
f 23/23/23 113/113/113 32/32/32
f 23/23/23 41/41/41 113/113/113
f 60/60/60 114/114/114 115/115/115
f 60/60/60 15/15/15 114/114/114
f 19/19/19 117/117/117 42/42/42
f 15/15/15 104/104/104 114/114/114
f 107/107/107 49/49/49 1/1/1
f 48/48/48 118/118/118 30/30/30
f 62/62/62 87/87/87 120/120/120
f 69/69/69 64/64/64 81/81/81
f 68/68/68 121/121/121 109/109/109
f 121/121/121 68/68/68 123/123/123
f 94/94/94 125/125/125 91/91/91
f 94/94/94 91/91/91 128/128/128
f 57/57/57 4/4/4 130/130/130
f 6/6/6 133/133/133 4/4/4
f 60/60/60 135/135/135 18/18/18
f 18/18/18 135/135/135 116/116/116
f 60/60/60 115/115/115 135/135/135
f 80/80/80 137/137/137 139/139/139
f 22/22/22 80/80/80 77/77/77
f 141/141/141 137/137/137 80/80/80
f 141/141/141 142/142/142 137/137/137
f 48/48/48 106/106/106 108/108/108
f 30/30/30 118/118/118 52/52/52
f 47/47/47 62/62/62 144/144/144
f 109/109/109 121/121/121 145/145/145
f 67/67/67 69/69/69 146/146/146
f 68/68/68 147/147/147 123/123/123
f 148/148/148 149/149/149 150/150/150
f 99/99/99 110/110/110 150/150/150
f 99/99/99 150/150/150 149/149/149
f 4/4/4 133/133/133 130/130/130
f 99/99/99 149/149/149 101/101/101
f 35/35/35 100/100/100 103/103/103
f 40/40/40 75/75/75 153/153/153
f 76/76/76 155/155/155 74/74/74
f 114/114/114 156/156/156 115/115/115
f 114/114/114 104/104/104 156/156/156
f 76/76/76 158/158/158 155/155/155
f 76/76/76 159/159/159 158/158/158
f 42/42/42 117/117/117 161/161/161
f 159/159/159 138/138/138 158/158/158
f 42/42/42 161/161/161 108/108/108
f 137/137/137 142/142/142 163/163/163
f 160/160/160 77/77/77 139/139/139
f 139/139/139 77/77/77 80/80/80
f 140/140/140 78/78/78 164/164/164
f 79/79/79 46/46/46 167/167/167
f 120/120/120 144/144/144 62/62/62
f 85/85/85 169/169/169 119/119/119
f 109/109/109 145/145/145 87/87/87
f 82/82/82 84/84/84 172/172/172
f 121/121/121 173/173/173 145/145/145
f 174/174/174 173/173/173 121/121/121
f 121/121/121 123/123/123 174/174/174
f 95/95/95 129/129/129 126/126/126
f 125/125/125 176/176/176 91/91/91
f 177/177/177 148/148/148 178/178/178
f 148/148/148 150/150/150 178/178/178
f 71/71/71 58/58/58 131/131/131
f 111/111/111 179/179/179 151/151/151
f 6/6/6 112/112/112 133/133/133
f 112/112/112 40/40/40 180/180/180
f 117/117/117 185/185/185 161/161/161
f 13/13/13 103/103/103 105/105/105
f 139/139/139 137/137/137 188/188/188
f 138/138/138 186/186/186 158/158/158
f 141/141/141 166/166/166 142/142/142
f 48/48/48 108/108/108 118/118/118
f 143/143/143 167/167/167 46/46/46
f 52/52/52 189/189/189 83/83/83
f 145/145/145 191/191/191 87/87/87
f 191/191/191 145/145/145 193/193/193
f 81/81/81 170/170/170 69/69/69
f 123/123/123 147/147/147 196/196/196
f 173/173/173 193/193/193 145/145/145
f 122/122/122 195/195/195 197/197/197
f 174/174/174 123/123/123 199/199/199
f 124/124/124 175/175/175 200/200/200
f 204/204/204 205/205/205 207/207/207
f 204/204/204 209/209/209 205/205/205
f 177/177/177 178/178/178 210/210/210
f 150/150/150 210/210/210 178/178/178
f 149/149/149 148/148/148 212/212/212
f 149/149/149 212/212/212 214/214/214
f 149/149/149 214/214/214 216/216/216
f 40/40/40 153/153/153 180/180/180
f 149/149/149 216/216/216 101/101/101
f 116/116/116 135/135/135 182/182/182
f 115/115/115 156/156/156 135/135/135
f 155/155/155 158/158/158 186/186/186
f 108/108/108 161/161/161 218/218/218
f 142/142/142 220/220/220 163/163/163
f 108/108/108 218/218/218 221/221/221
f 78/78/78 222/222/222 164/164/164
f 79/79/79 167/167/167 224/224/224
f 118/118/118 108/108/108 221/221/221
f 120/120/120 229/229/229 144/144/144
f 174/174/174 230/230/230 173/173/173
f 232/232/232 235/235/235 237/237/237
f 129/129/129 240/240/240 126/126/126
f 91/91/91 176/176/176 201/201/201
f 209/209/209 244/244/244 205/205/205
f 129/129/129 92/92/92 240/240/240
f 177/177/177 245/245/245 148/148/148
f 245/245/245 212/212/212 148/148/148
f 111/111/111 97/97/97 247/247/247
f 215/215/215 213/213/213 217/217/217
f 180/180/180 249/249/249 112/112/112
f 74/74/74 186/186/186 251/251/251
f 74/74/74 155/155/155 186/186/186
f 103/103/103 253/253/253 105/105/105
f 254/254/254 256/256/256 262/262/262
f 263/263/263 261/261/261 255/255/255
f 136/136/136 162/162/162 264/264/264
f 136/136/136 264/264/264 187/187/187
f 166/166/166 220/220/220 142/142/142
f 119/119/119 169/169/169 226/226/226
f 83/83/83 265/265/265 171/171/171
f 69/69/69 170/170/170 146/146/146
f 146/146/146 266/266/266 195/195/195
f 195/195/195 266/266/266 197/197/197
f 123/123/123 198/198/198 199/199/199
f 239/239/239 268/268/268 233/233/233
f 270/270/270 268/268/268 239/239/239
f 238/238/238 236/236/236 269/269/269
f 271/271/271 274/274/274 276/276/276
f 91/91/91 201/201/201 277/277/277
f 203/203/203 206/206/206 208/208/208
f 177/177/177 281/281/281 284/284/284
f 177/177/177 210/210/210 281/281/281
f 284/284/284 285/285/285 287/287/287
f 177/177/177 284/284/284 245/245/245
f 284/284/284 287/287/287 245/245/245
f 151/151/151 288/288/288 211/211/211
f 111/111/111 247/247/247 289/289/289
f 179/179/179 292/292/292 151/151/151
f 151/151/151 292/292/292 294/294/294
f 179/179/179 295/295/295 292/292/292
f 74/74/74 251/251/251 152/152/152
f 104/104/104 296/296/296 156/156/156
f 263/263/263 261/261/261 298/298/298
f 263/263/263 298/298/298 299/299/299
f 263/263/263 299/299/299 225/225/225
f 221/221/221 218/218/218 301/301/301
f 118/118/118 221/221/221 301/301/301
f 52/52/52 118/118/118 303/303/303
f 189/189/189 52/52/52 303/303/303
f 85/85/85 304/304/304 169/169/169
f 190/190/190 307/307/307 86/86/86
f 265/265/265 83/83/83 189/189/189
f 310/310/310 192/192/192 194/194/194
f 199/199/199 198/198/198 312/312/312
f 270/270/270 314/314/314 268/268/268
f 269/269/269 236/236/236 315/315/315
f 273/273/273 234/234/234 275/275/275
f 271/271/271 317/317/317 274/274/274
f 127/127/127 320/320/320 202/202/202
f 205/205/205 323/323/323 207/207/207
f 92/92/92 325/325/325 240/240/240
f 327/327/327 330/330/330 333/333/333
f 284/284/284 281/281/281 332/332/332
f 284/284/284 332/332/332 285/285/285
f 332/332/332 329/329/329 285/285/285
f 287/287/287 285/285/285 245/245/245
f 151/151/151 294/294/294 288/288/288
f 98/98/98 71/71/71 248/248/248
f 131/131/131 335/335/335 71/71/71
f 179/179/179 111/111/111 295/295/295
f 295/295/295 111/111/111 289/289/289
f 217/217/217 213/213/213 292/292/292
f 131/131/131 338/338/338 335/335/335
f 341/341/341 338/338/338 131/131/131
f 102/102/102 217/217/217 292/292/292
f 103/103/103 293/293/293 344/344/344
f 342/342/342 184/184/184 339/339/339
f 184/184/184 342/342/342 260/260/260
f 182/182/182 135/135/135 156/156/156
f 261/261/261 299/299/299 298/298/298
f 185/185/185 348/348/348 161/161/161
f 104/104/104 252/252/252 296/296/296
f 263/263/263 225/225/225 350/350/350
f 223/223/223 353/353/353 349/349/349
f 265/265/265 189/189/189 171/171/171
f 170/170/170 356/356/356 146/146/146
f 310/310/310 194/194/194 358/358/358
f 197/197/197 266/266/266 311/311/311
f 173/173/173 230/230/230 193/193/193
f 194/194/194 231/231/231 358/358/358
f 174/174/174 199/199/199 359/359/359
f 233/233/233 268/268/268 361/361/361
f 232/232/232 362/362/362 235/235/235
f 364/364/364 275/275/275 234/234/234
f 273/273/273 316/316/316 234/234/234
f 276/276/276 365/365/365 271/271/271
f 127/127/127 241/241/241 320/320/320
f 331/331/331 328/328/328 334/334/334
f 282/282/282 367/367/367 369/369/369
f 283/283/283 370/370/370 334/334/334
f 331/331/331 334/334/334 370/370/370
f 286/286/286 331/331/331 370/370/370
f 283/283/283 211/211/211 368/368/368
f 286/286/286 370/370/370 368/368/368
f 211/211/211 371/371/371 368/368/368
f 211/211/211 372/372/372 371/371/371
f 246/246/246 286/286/286 368/368/368
f 213/213/213 368/368/368 372/372/372
f 246/246/246 368/368/368 213/213/213
f 288/288/288 372/372/372 211/211/211
f 294/294/294 292/292/292 288/288/288
f 213/213/213 288/288/288 292/292/292
f 132/132/132 374/374/374 342/342/342
f 249/249/249 133/133/133 112/112/112
f 340/340/340 337/337/337 257/257/257
f 260/260/260 339/339/339 342/342/342
f 338/338/338 157/157/157 335/335/335
f 182/182/182 156/156/156 336/336/336
f 261/261/261 250/250/250 299/299/299
f 261/261/261 377/377/377 250/250/250
f 251/251/251 186/186/186 152/152/152
f 187/187/187 299/299/299 154/154/154
f 187/187/187 378/378/378 299/299/299
f 225/225/225 299/299/299 378/378/378
f 187/187/187 264/264/264 378/378/378
f 263/263/263 350/350/350 261/261/261
f 162/162/162 219/219/219 264/264/264
f 218/218/218 161/161/161 301/301/301
f 165/165/165 225/225/225 378/378/378
f 224/224/224 167/167/167 354/354/354
f 165/165/165 378/378/378 219/219/219
f 143/143/143 228/228/228 167/167/167
f 302/302/302 379/379/379 380/380/380
f 303/303/303 381/381/381 189/189/189
f 86/86/86 382/382/382 305/305/305
f 358/358/358 384/384/384 310/310/310
f 174/174/174 386/386/386 230/230/230
f 174/174/174 359/359/359 386/386/386
f 267/267/267 387/387/387 360/360/360
f 269/269/269 315/315/315 389/389/389
f 235/235/235 362/362/362 393/393/393
f 315/315/315 236/236/236 395/395/395
f 324/324/324 91/91/91 277/277/277
f 208/208/208 206/206/206 242/242/242
f 371/371/371 372/372/372 368/368/368
f 213/213/213 372/372/372 288/288/288
f 71/71/71 335/335/335 248/248/248
f 295/295/295 343/343/343 292/292/292
f 295/295/295 289/289/289 343/343/343
f 130/130/130 133/133/133 373/373/373
f 154/154/154 250/250/250 181/181/181
f 344/344/344 398/398/398 103/103/103
f 342/342/342 399/399/399 260/260/260
f 250/250/250 377/377/377 134/134/134
f 103/103/103 398/398/398 253/253/253
f 258/258/258 400/400/400 376/376/376
f 259/259/259 345/345/345 183/183/183
f 161/161/161 348/348/348 403/403/403
f 355/355/355 168/168/168 351/351/351
f 219/219/219 378/378/378 264/264/264
f 356/356/356 404/404/404 146/146/146
f 310/310/310 408/408/408 192/192/192
f 266/266/266 409/409/409 311/311/311
f 231/231/231 413/413/413 358/358/358
f 199/199/199 312/312/312 415/415/415
f 359/359/359 199/199/199 415/415/415
f 233/233/233 417/417/417 363/363/363
f 315/315/315 418/418/418 389/389/389
f 364/364/364 234/234/234 392/392/392
f 272/272/272 366/366/366 419/419/419
f 419/419/419 421/421/421 272/272/272
f 205/205/205 422/422/422 323/323/323
f 205/205/205 244/244/244 422/422/422
f 201/201/201 319/319/319 277/277/277
f 423/423/423 425/425/425 428/428/428
f 240/240/240 325/325/325 430/430/430
f 206/206/206 321/321/321 432/432/432
f 436/436/436 375/375/375 134/134/134
f 260/260/260 399/399/399 346/346/346
f 377/377/377 437/437/437 436/436/436
f 154/154/154 299/299/299 250/250/250
f 377/377/377 401/401/401 437/437/437
f 296/296/296 396/396/396 156/156/156
f 350/350/350 401/401/401 261/261/261
f 161/161/161 403/403/403 301/301/301
f 301/301/301 439/439/439 118/118/118
f 226/226/226 169/169/169 440/440/440
f 86/86/86 307/307/307 382/382/382
f 357/357/357 171/171/171 405/405/405
f 266/266/266 146/146/146 409/409/409
f 412/412/412 230/230/230 386/386/386
f 386/386/386 359/359/359 415/415/415
f 386/386/386 441/441/441 412/412/412
f 361/361/361 388/388/388 233/233/233
f 267/267/267 442/442/442 387/387/387
f 267/267/267 313/313/313 444/444/444
f 267/267/267 445/445/445 442/442/442
f 316/316/316 394/394/394 234/234/234
f 241/241/241 447/447/447 320/320/320
f 279/279/279 320/320/320 448/448/448
f 423/423/423 322/322/322 425/425/425
f 279/279/279 448/448/448 452/452/452
f 242/242/242 432/432/432 449/449/449
f 335/335/335 290/290/290 248/248/248
f 342/342/342 374/374/374 454/454/454
f 157/157/157 290/290/290 335/335/335
f 342/342/342 454/454/454 399/399/399
f 297/297/297 253/253/253 398/398/398
f 401/401/401 350/350/350 300/300/300
f 351/351/351 168/168/168 456/456/456
f 352/352/352 457/457/457 301/301/301
f 459/459/459 460/460/460 168/168/168
f 118/118/118 439/439/439 462/462/462
f 118/118/118 462/462/462 303/303/303
f 379/379/379 302/302/302 461/461/461
f 440/440/440 463/463/463 226/226/226
f 189/189/189 381/381/381 467/467/467
f 189/189/189 467/467/467 405/405/405
f 307/307/307 190/190/190 407/407/407
f 171/171/171 189/189/189 405/405/405
f 146/146/146 404/404/404 409/409/409
f 384/384/384 358/358/358 468/468/468
f 358/358/358 413/413/413 469/469/469
f 312/312/312 470/470/470 415/415/415
f 414/414/414 471/471/471 385/385/385
f 473/473/473 386/386/386 472/472/472
f 412/412/412 441/441/441 474/474/474
f 386/386/386 473/473/473 441/441/441
f 362/362/362 416/416/416 475/475/475
f 270/270/270 390/390/390 314/314/314
f 364/364/364 392/392/392 477/477/477
f 366/366/366 480/480/480 419/419/419
f 366/366/366 481/481/481 480/480/480
f 317/317/317 271/271/271 482/482/482
f 419/419/419 480/480/480 421/421/421
f 423/423/423 485/485/485 322/322/322
f 429/429/429 486/486/486 424/424/424
f 206/206/206 432/432/432 242/242/242
f 344/344/344 291/291/291 398/398/398
f 377/377/377 436/436/436 134/134/134
f 157/157/157 397/397/397 290/290/290
f 300/300/300 402/402/402 487/487/487
f 168/168/168 460/460/460 456/456/456
f 301/301/301 457/457/457 439/439/439
f 167/167/167 228/228/228 490/490/490
f 227/227/227 464/464/464 489/489/489
f 440/440/440 494/494/494 463/463/463
f 440/440/440 169/169/169 494/494/494
f 169/169/169 304/304/304 494/494/494
f 408/408/408 310/310/310 384/384/384
f 358/358/358 469/469/469 468/468/468
f 312/312/312 410/410/410 470/470/470
f 415/415/415 470/470/470 496/496/496
f 413/413/413 498/498/498 469/469/469
f 472/472/472 415/415/415 499/499/499
f 415/415/415 499/499/499 472/472/472
f 412/412/412 474/474/474 497/497/497
f 472/472/472 499/499/499 473/473/473
f 473/473/473 500/500/500 441/441/441
f 473/473/473 501/501/501 500/500/500
f 500/500/500 501/501/501 441/441/441
f 502/502/502 441/441/441 504/504/504
f 233/233/233 388/388/388 417/417/417
f 501/501/501 505/505/505 504/504/504
f 475/475/475 393/393/393 362/362/362
f 267/267/267 444/444/444 506/506/506
f 267/267/267 506/506/506 445/445/445
f 445/445/445 506/506/506 444/444/444
f 317/317/317 482/482/482 507/507/507
f 480/480/480 510/510/510 421/421/421
f 420/420/420 482/482/482 271/271/271
f 511/511/511 510/510/510 481/481/481
f 513/513/513 510/510/510 511/511/511
f 511/511/511 517/517/517 513/513/513
f 509/509/509 512/512/512 515/515/515
f 519/519/519 521/521/521 510/510/510
f 518/518/518 509/509/509 515/515/515
f 447/447/447 448/448/448 320/320/320
f 427/427/427 486/486/486 429/429/429
f 322/322/322 485/485/485 433/433/433
f 423/423/423 523/523/523 485/485/485
f 375/375/375 436/436/436 526/526/526
f 375/375/375 526/526/526 455/455/455
f 401/401/401 487/487/487 437/437/437
f 300/300/300 487/487/487 401/401/401
f 461/461/461 438/438/438 379/379/379
f 379/379/379 528/528/528 380/380/380
f 167/167/167 490/490/490 458/458/458
f 459/459/459 491/491/491 460/460/460
f 404/404/404 529/529/529 409/409/409
f 384/384/384 532/532/532 408/408/408
f 415/415/415 496/496/496 499/499/499
f 501/501/501 473/473/473 499/499/499
f 474/474/474 441/441/441 534/534/534
f 441/441/441 502/502/502 534/534/534
f 441/441/441 501/501/501 504/504/504
f 417/417/417 388/388/388 538/538/538
f 504/504/504 539/539/539 502/502/502
f 475/475/475 478/478/478 393/393/393
f 504/504/504 505/505/505 540/540/540
f 366/366/366 479/479/479 541/541/541
f 366/366/366 541/541/541 481/481/481
f 442/442/442 445/445/445 542/542/542
f 445/445/445 444/444/444 542/542/542
f 544/544/544 517/517/517 546/546/546
f 544/544/544 546/546/546 547/547/547
f 544/544/544 549/549/549 517/517/517
f 448/448/448 447/447/447 552/552/552
f 244/244/244 552/552/552 422/422/422
f 486/486/486 525/525/525 424/424/424
f 326/326/326 553/553/553 431/431/431
f 326/326/326 280/280/280 553/553/553
f 554/554/554 555/555/555 557/557/557
f 558/558/558 555/555/555 554/554/554
f 558/558/558 559/559/559 555/555/555
f 554/554/554 557/557/557 560/560/560
f 554/554/554 560/560/560 559/559/559
f 554/554/554 559/559/559 558/558/558
f 399/399/399 454/454/454 346/346/346
f 437/437/437 487/487/487 436/436/436
f 562/562/562 564/564/564 559/559/559
f 528/528/528 438/438/438 456/456/456
f 456/456/456 460/460/460 528/528/528
f 438/438/438 528/528/528 379/379/379
f 528/528/528 460/460/460 380/380/380
f 380/380/380 565/565/565 466/466/466
f 382/382/382 566/566/566 305/305/305
f 384/384/384 468/468/468 532/532/532
f 410/410/410 568/568/568 470/470/470
f 470/470/470 570/570/570 496/496/496
f 498/498/498 571/571/571 469/469/469
f 535/535/535 571/571/571 498/498/498
f 474/474/474 534/534/534 497/497/497
f 501/501/501 499/499/499 505/505/505
f 503/503/503 573/573/573 535/535/535
f 417/417/417 538/538/538 476/476/476
f 442/442/442 574/574/574 387/387/387
f 443/443/443 576/576/576 575/575/575
f 315/315/315 577/577/577 418/418/418
f 395/395/395 577/577/577 315/315/315
f 444/444/444 313/313/313 579/579/579
f 511/511/511 481/481/481 541/541/541
f 511/511/511 582/582/582 517/517/517
f 510/510/510 480/480/480 481/481/481
f 520/520/520 584/584/584 522/522/522
f 548/548/548 587/587/587 516/516/516
f 518/518/518 588/588/588 583/583/583
f 590/590/590 588/588/588 518/518/518
f 323/323/323 422/422/422 592/592/592
f 426/426/426 323/323/323 592/592/592
f 243/243/243 450/450/450 551/551/551
f 594/594/594 556/556/556 596/596/596
f 557/557/557 595/595/595 599/599/599
f 557/557/557 599/599/599 601/601/601
f 603/603/603 555/555/555 559/559/559
f 455/455/455 526/526/526 347/347/347
f 557/557/557 601/601/601 560/560/560
f 562/562/562 559/559/559 605/605/605
f 460/460/460 565/565/565 380/380/380
f 460/460/460 491/491/491 565/565/565
f 306/306/306 567/567/567 495/495/495
f 466/466/466 565/565/565 606/606/606
f 405/405/405 467/467/467 608/608/608
f 307/307/307 610/610/610 382/382/382
f 308/308/308 408/408/408 612/612/612
f 309/309/309 613/613/613 611/611/611
f 406/406/406 615/615/615 616/616/616
f 406/406/406 616/616/616 530/530/530
f 469/469/469 617/617/617 468/468/468
f 470/470/470 618/618/618 570/570/570
f 387/387/387 574/574/574 536/536/536
f 479/479/479 621/621/621 541/541/541
f 505/505/505 543/543/543 540/540/540
f 504/504/504 543/543/543 539/539/539
f 540/540/540 543/543/543 504/504/504
f 443/443/443 543/543/543 576/576/576
f 511/511/511 541/541/541 622/622/622
f 511/511/511 622/622/622 582/582/582
f 444/444/444 579/579/579 623/623/623
f 545/545/545 514/514/514 581/581/581
f 421/421/421 510/510/510 483/483/483
f 521/521/521 483/483/483 510/510/510
f 522/522/522 584/584/584 484/484/484
f 518/518/518 515/515/515 586/586/586
f 544/544/544 547/547/547 627/627/627
f 548/548/548 589/589/589 587/587/587
f 544/544/544 627/627/627 549/549/549
f 548/548/548 629/629/629 589/589/589
f 430/430/430 446/446/446 240/240/240
f 485/485/485 523/523/523 433/433/433
f 595/595/595 598/598/598 632/632/632
f 595/595/595 632/632/632 635/635/635
f 599/599/599 595/595/595 635/635/635
f 599/599/599 635/635/635 637/637/637
f 598/598/598 557/557/557 555/555/555
f 555/555/555 603/603/603 640/640/640
f 526/526/526 436/436/436 487/487/487
f 526/526/526 487/487/487 641/641/641
f 347/347/347 526/526/526 487/487/487
f 605/605/605 560/560/560 601/601/601
f 559/559/559 564/564/564 603/603/603
f 559/559/559 560/560/560 605/605/605
f 604/604/604 563/563/563 561/561/561
f 383/383/383 611/611/611 567/567/567
f 616/616/616 643/643/643 530/530/530
f 408/408/408 532/532/532 612/612/612
f 468/468/468 617/617/617 532/532/532
f 618/618/618 470/470/470 568/568/568
f 469/469/469 644/644/644 617/617/617
f 469/469/469 571/571/571 644/644/644
f 496/496/496 570/570/570 499/499/499
f 570/570/570 645/645/645 499/499/499
f 499/499/499 646/646/646 505/505/505
f 538/538/538 649/649/649 476/476/476
f 505/505/505 537/537/537 575/575/575
f 478/478/478 475/475/475 651/651/651
f 505/505/505 575/575/575 576/576/576
f 390/390/390 653/653/653 314/314/314
f 505/505/505 576/576/576 543/543/543
f 654/654/654 546/546/546 582/582/582
f 444/444/444 623/623/623 542/542/542
f 394/394/394 316/316/316 656/656/656
f 546/546/546 658/658/658 547/547/547
f 518/518/518 586/586/586 590/590/590
f 630/630/630 550/550/550 663/663/663
f 452/452/452 448/448/448 552/552/552
f 278/278/278 451/451/451 664/664/664
f 280/280/280 665/665/665 553/553/553
f 434/434/434 524/524/524 666/666/666
f 527/527/527 642/642/642 488/488/488
f 347/347/347 487/487/487 402/402/402
f 564/564/564 670/670/670 603/603/603
f 601/601/601 671/671/671 605/605/605
f 605/605/605 671/671/671 564/564/564
f 465/465/465 495/495/495 493/493/493
f 565/565/565 491/491/491 606/606/606
f 492/492/492 672/672/672 607/607/607
f 611/611/611 613/613/613 567/567/567
f 405/405/405 608/608/608 614/614/614
f 411/411/411 531/531/531 569/569/569
f 499/499/499 645/645/645 646/646/646
f 571/571/571 535/535/535 675/675/675
f 505/505/505 646/646/646 537/537/537
f 502/502/502 539/539/539 572/572/572
f 539/539/539 543/543/543 676/676/676
f 654/654/654 582/582/582 677/677/677
f 318/318/318 508/508/508 680/680/680
f 316/316/316 678/678/678 656/656/656
f 395/395/395 657/657/657 577/577/577
f 658/658/658 681/681/681 547/547/547
f 547/547/547 681/681/681 627/627/627
f 589/589/589 629/629/629 683/683/683
f 427/427/427 593/593/593 486/486/486
f 525/525/525 486/486/486 686/686/686
f 667/667/667 525/525/525 686/686/686
f 430/430/430 687/687/687 446/446/446
f 435/435/435 690/690/690 453/453/453
f 555/555/555 640/640/640 691/691/691
f 600/600/600 638/638/638 692/692/692
f 669/669/669 694/694/694 602/602/602
f 493/493/493 495/495/495 696/696/696
f 493/493/493 697/697/697 673/673/673
f 696/696/696 567/567/567 698/698/698
f 608/608/608 699/699/699 614/614/614
f 613/613/613 698/698/698 567/567/567
f 618/618/618 646/646/646 570/570/570
f 476/476/476 649/649/649 702/702/702
f 478/478/478 703/703/703 620/620/620
f 621/621/621 704/704/704 541/541/541
f 622/622/622 704/704/704 706/706/706
f 653/653/653 709/709/709 314/314/314
f 539/539/539 676/676/676 572/572/572
f 622/622/622 541/541/541 704/704/704
f 622/622/622 706/706/706 677/677/677
f 418/418/418 577/577/577 389/389/389
f 677/677/677 582/582/582 622/622/622
f 508/508/508 710/710/710 680/680/680
f 623/623/623 579/579/579 711/711/711
f 587/587/587 589/589/589 591/591/591
f 683/683/683 715/715/715 589/589/589
f 630/630/630 663/663/663 684/684/684
f 667/667/667 686/686/686 717/717/717
f 431/431/431 553/553/553 688/688/688
f 631/631/631 597/597/597 633/633/633
f 598/598/598 719/719/719 635/635/635
f 636/636/636 721/721/721 638/638/638
f 555/555/555 722/722/722 598/598/598
f 555/555/555 723/723/723 722/722/722
f 555/555/555 691/691/691 723/723/723
f 638/638/638 724/724/724 692/692/692
f 640/640/640 727/727/727 691/691/691
f 639/639/639 602/602/602 726/726/726
f 599/599/599 729/729/729 601/601/601
f 694/694/694 731/731/731 733/733/733
f 732/732/732 670/670/670 735/735/735
f 731/731/731 734/734/734 733/733/733
f 601/601/601 736/736/736 671/671/671
f 732/732/732 695/695/695 670/670/670
f 564/564/564 737/737/737 670/670/670
f 564/564/564 738/738/738 737/737/737
f 495/495/495 567/567/567 696/696/696
f 609/609/609 673/673/673 700/700/700
f 616/616/616 615/615/615 643/643/643
f 569/569/569 531/531/531 739/739/739
f 619/619/619 569/569/569 739/739/739
f 617/617/617 644/644/644 740/740/740
f 647/647/647 619/619/619 739/739/739
f 644/644/644 571/571/571 742/742/742
f 570/570/570 646/646/646 645/645/645
f 390/390/390 743/743/743 653/653/653
f 654/654/654 677/677/677 706/706/706
f 314/314/314 709/709/709 713/713/713
f 676/676/676 624/624/624 572/572/572
f 578/578/578 680/680/680 391/391/391
f 546/546/546 654/654/654 745/745/745
f 577/577/577 657/657/657 679/679/679
f 676/676/676 748/748/748 624/624/624
f 543/543/543 748/748/748 676/676/676
f 623/623/623 747/747/747 542/542/542
f 584/584/584 749/749/749 751/751/751
f 584/584/584 751/751/751 484/484/484
f 585/585/585 755/755/755 758/758/758
f 583/583/583 714/714/714 752/752/752
f 583/583/583 588/588/588 714/714/714
f 684/684/684 663/663/663 759/759/759
f 549/549/549 627/627/627 662/662/662
f 686/686/686 486/486/486 761/761/761
f 446/446/446 687/687/687 762/762/762
f 690/690/690 665/665/665 453/453/453
f 553/553/553 763/763/763 688/688/688
f 598/598/598 722/722/722 719/719/719
f 766/766/766 767/767/767 723/723/723
f 691/691/691 766/766/766 723/723/723
f 766/766/766 727/727/727 769/769/769
f 766/766/766 691/691/691 727/727/727
f 600/600/600 692/692/692 730/730/730
f 694/694/694 771/771/771 602/602/602
f 693/693/693 772/772/772 770/770/770
f 733/733/733 773/773/773 694/694/694
f 729/729/729 736/736/736 601/601/601
f 670/670/670 737/737/737 735/735/735
f 737/737/737 738/738/738 735/735/735
f 738/738/738 774/774/774 735/735/735
f 735/735/735 774/774/774 775/775/775
f 697/697/697 493/493/493 696/696/696
f 673/673/673 697/697/697 696/696/696
f 673/673/673 696/696/696 700/700/700
f 615/615/615 700/700/700 696/696/696
f 643/643/643 615/615/615 696/696/696
f 613/613/613 776/776/776 698/698/698
f 530/530/530 643/643/643 777/777/777
f 613/613/613 533/533/533 776/776/776
f 644/644/644 742/742/742 740/740/740
f 647/647/647 778/778/778 779/779/779
f 571/571/571 675/675/675 781/781/781
f 646/646/646 648/648/648 537/537/537
f 647/647/647 779/779/779 650/650/650
f 478/478/478 651/651/651 703/703/703
f 655/655/655 708/708/708 746/746/746
f 391/391/391 680/680/680 744/744/744
f 625/625/625 782/782/782 573/573/573
f 314/314/314 713/713/713 580/580/580
f 507/507/507 482/482/482 750/750/750
f 758/758/758 755/755/755 784/784/784
f 684/684/684 759/759/759 756/756/756
f 422/422/422 552/552/552 786/786/786
f 716/716/716 685/685/685 760/760/760
f 435/435/435 789/789/789 690/690/690
f 668/668/668 791/791/791 435/435/435
f 435/435/435 791/791/791 789/789/789
f 634/634/634 718/718/718 720/720/720
f 722/722/722 793/793/793 795/795/795
f 723/723/723 793/793/793 722/722/722
f 764/764/764 768/768/768 796/796/796
f 602/602/602 771/771/771 726/726/726
f 733/733/733 798/798/798 773/773/773
f 733/733/733 734/734/734 799/799/799
f 736/736/736 801/801/801 671/671/671
f 734/734/734 803/803/803 799/799/799
f 671/671/671 805/805/805 564/564/564
f 564/564/564 805/805/805 806/806/806
f 775/775/775 774/774/774 807/807/807
f 696/696/696 808/808/808 643/643/643
f 533/533/533 810/810/810 776/776/776
f 532/532/532 617/617/617 809/809/809
f 647/647/647 739/739/739 778/778/778
f 781/781/781 742/742/742 571/571/571
f 476/476/476 702/702/702 652/652/652
f 507/507/507 750/750/750 811/811/811
f 758/758/758 814/814/814 585/585/585
f 584/584/584 813/813/813 749/749/749
f 683/683/683 753/753/753 715/715/715
f 626/626/626 661/661/661 817/817/817
f 662/662/662 627/627/627 818/818/818
f 662/662/662 818/818/818 820/820/820
f 447/447/447 786/786/786 552/552/552
f 667/667/667 717/717/717 790/790/790
f 690/690/690 824/824/824 665/665/665
f 722/722/722 795/795/795 719/719/719
f 718/718/718 794/794/794 720/720/720
f 638/638/638 721/721/721 724/724/724
f 798/798/798 825/825/825 773/773/773
f 736/736/736 729/729/729 826/826/826
f 799/799/799 798/798/798 733/733/733
f 564/564/564 806/806/806 738/738/738
f 738/738/738 806/806/806 828/828/828
f 807/807/807 774/774/774 830/830/830
f 735/735/735 775/775/775 832/832/832
f 774/774/774 738/738/738 830/830/830
f 833/833/833 807/807/807 830/830/830
f 696/696/696 698/698/698 808/808/808
f 808/808/808 698/698/698 776/776/776
f 808/808/808 777/777/777 643/643/643
f 809/809/809 617/617/617 740/740/740
f 742/742/742 834/834/834 740/740/740
f 781/781/781 837/837/837 742/742/742
f 780/780/780 674/674/674 836/836/836
f 535/535/535 838/838/838 675/675/675
f 705/705/705 652/652/652 702/702/702
f 653/653/653 743/743/743 709/709/709
f 782/782/782 840/840/840 573/573/573
f 507/507/507 811/811/811 812/812/812
f 508/508/508 815/815/815 710/710/710
f 750/750/750 842/842/842 811/811/811
f 758/758/758 845/845/845 814/814/814
f 813/813/813 846/846/846 749/749/749
f 749/749/749 846/846/846 843/843/843
f 749/749/749 843/843/843 751/751/751
f 628/628/628 847/847/847 819/819/819
f 592/592/592 422/422/422 848/848/848
f 486/486/486 593/593/593 761/761/761
f 716/716/716 760/760/760 849/849/849
f 717/717/717 850/850/850 790/790/790
f 553/553/553 665/665/665 763/763/763
f 720/720/720 794/794/794 851/851/851
f 793/793/793 723/723/723 853/853/853
f 723/723/723 767/767/767 853/853/853
f 766/766/766 854/854/854 767/767/767
f 730/730/730 692/692/692 856/856/856
f 735/735/735 832/832/832 804/804/804
f 805/805/805 671/671/671 857/857/857
f 832/832/832 775/775/775 858/858/858
f 738/738/738 828/828/828 830/830/830
f 807/807/807 859/859/859 775/775/775
f 776/776/776 810/810/810 808/808/808
f 531/531/531 861/861/861 739/739/739
f 530/530/530 777/777/777 860/860/860
f 739/739/739 862/862/862 778/778/778
f 778/778/778 862/862/862 863/863/863
f 779/779/779 778/778/778 867/867/867
f 675/675/675 838/838/838 837/837/837
f 779/779/779 867/867/867 650/650/650
f 649/649/649 866/866/866 702/702/702
f 535/535/535 573/573/573 838/838/838
f 746/746/746 708/708/708 870/870/870
f 782/782/782 625/625/625 840/840/840
f 546/546/546 745/745/745 658/658/658
f 757/757/757 871/871/871 844/844/844
f 663/663/663 822/822/822 873/873/873
f 819/819/819 847/847/847 822/822/822
f 789/789/789 791/791/791 875/875/875
f 665/665/665 878/878/878 763/763/763
f 824/824/824 878/878/878 665/665/665
f 794/794/794 792/792/792 851/851/851
f 792/792/792 852/852/852 879/879/879
f 767/767/767 854/854/854 853/853/853
f 765/765/765 797/797/797 881/881/881
f 721/721/721 883/883/883 724/724/724
f 796/796/796 884/884/884 887/887/887
f 796/796/796 768/768/768 884/884/884
f 773/773/773 889/889/889 771/771/771
f 825/825/825 889/889/889 773/773/773
f 798/798/798 889/889/889 825/825/825
f 730/730/730 856/856/856 827/827/827
f 736/736/736 826/826/826 801/801/801
f 801/801/801 857/857/857 671/671/671
f 805/805/805 828/828/828 806/806/806
f 805/805/805 857/857/857 828/828/828
f 808/808/808 890/890/890 777/777/777
f 893/893/893 895/895/895 865/865/865
f 702/702/702 898/898/898 705/705/705
f 707/707/707 705/705/705 898/898/898
f 573/573/573 840/840/840 838/838/838
f 746/746/746 870/870/870 900/900/900
f 746/746/746 900/900/900 659/659/659
f 812/812/812 811/811/811 842/842/842
f 784/784/784 901/901/901 758/758/758
f 754/754/754 902/902/902 783/783/783
f 756/756/756 759/759/759 904/904/904
f 663/663/663 906/906/906 759/759/759
f 848/848/848 422/422/422 907/907/907
f 446/446/446 762/762/762 909/909/909
f 592/592/592 848/848/848 907/907/907
f 593/593/593 908/908/908 761/761/761
f 689/689/689 910/910/910 823/823/823
f 689/689/689 787/787/787 910/910/910
f 688/688/688 763/763/763 913/913/913
f 854/854/854 914/914/914 853/853/853
f 766/766/766 882/882/882 916/916/916
f 768/768/768 725/725/725 884/884/884
f 830/830/830 828/828/828 918/918/918
f 859/859/859 858/858/858 775/775/775
f 830/830/830 920/920/920 833/833/833
f 807/807/807 833/833/833 859/859/859
f 810/810/810 921/921/921 808/808/808
f 810/810/810 922/922/922 921/921/921
f 923/923/923 739/739/739 861/861/861
f 739/739/739 923/923/923 862/862/862
f 862/862/862 924/924/924 863/863/863
f 863/863/863 924/924/924 778/778/778
f 778/778/778 924/924/924 867/867/867
f 894/894/894 927/927/927 897/897/897
f 892/892/892 864/864/864 925/925/925
f 865/865/865 895/895/895 701/701/701
f 702/702/702 896/896/896 898/898/898
f 707/707/707 898/898/898 928/928/928
f 815/815/815 932/932/932 710/710/710
f 625/625/625 712/712/712 840/840/840
f 758/758/758 934/934/934 872/872/872
f 903/903/903 901/901/901 784/784/784
f 663/663/663 873/873/873 906/906/906
f 682/682/682 847/847/847 628/628/628
f 446/446/446 909/909/909 785/785/785
f 762/762/762 935/935/935 909/909/909
f 790/790/790 850/850/850 874/874/874
f 788/788/788 874/874/874 911/911/911
f 854/854/854 766/766/766 916/916/916
f 881/881/881 797/797/797 915/915/915
f 797/797/797 936/936/936 915/915/915
f 797/797/797 888/888/888 937/937/937
f 726/726/726 771/771/771 938/938/938
f 804/804/804 941/941/941 800/800/800
f 804/804/804 832/832/832 945/945/945
f 946/946/946 945/945/945 832/832/832
f 946/946/946 832/832/832 859/859/859
f 859/859/859 947/947/947 946/946/946
f 829/829/829 917/917/917 919/919/919
f 833/833/833 948/948/948 859/859/859
f 741/741/741 922/922/922 810/810/810
f 834/834/834 742/742/742 949/949/949
f 708/708/708 929/929/929 870/870/870
f 929/929/929 952/952/952 870/870/870
f 680/680/680 710/710/710 744/744/744
f 845/845/845 953/953/953 814/814/814
f 816/816/816 954/954/954 933/933/933
f 812/812/812 842/842/842 930/930/930
f 813/813/813 931/931/931 846/846/846
f 934/934/934 845/845/845 872/872/872
f 682/682/682 660/660/660 958/958/958
f 904/904/904 759/759/759 959/959/959
f 759/759/759 960/960/960 959/959/959
f 786/786/786 907/907/907 422/422/422
f 849/849/849 760/760/760 961/961/961
f 910/910/910 963/963/963 823/823/823
f 876/876/876 823/823/823 963/963/963
f 913/913/913 763/763/763 964/964/964
f 763/763/763 878/878/878 964/964/964
f 792/792/792 879/879/879 851/851/851
f 854/854/854 916/916/916 966/966/966
f 883/883/883 721/721/721 968/968/968
f 725/725/725 969/969/969 884/884/884
f 798/798/798 972/972/972 889/889/889
f 974/974/974 826/826/826 855/855/855
f 826/826/826 976/976/976 801/801/801
f 974/974/974 980/980/980 826/826/826
f 983/983/983 946/946/946 985/985/985
f 804/804/804 945/945/945 941/941/941
f 946/946/946 983/983/983 945/945/945
f 832/832/832 945/945/945 987/987/987
f 828/828/828 857/857/857 988/988/988
f 828/828/828 920/920/920 918/918/918
f 828/828/828 988/988/988 920/920/920
f 859/859/859 832/832/832 858/858/858
f 920/920/920 988/988/988 989/989/989
f 859/859/859 990/990/990 947/947/947
f 833/833/833 920/920/920 989/989/989
f 833/833/833 990/990/990 948/948/948
f 890/890/890 860/860/860 777/777/777
f 808/808/808 921/921/921 890/890/890
f 862/862/862 923/923/923 991/991/991
f 862/862/862 991/991/991 924/924/924
f 837/837/837 993/993/993 742/742/742
f 838/838/838 993/993/993 837/837/837
f 897/897/897 995/995/995 997/997/997
f 896/896/896 996/996/996 898/898/898
f 709/709/709 743/743/743 713/713/713
f 900/900/900 870/870/870 998/998/998
f 744/744/744 710/710/710 932/932/932
f 931/931/931 843/843/843 846/846/846
f 900/900/900 998/998/998 659/659/659
f 934/934/934 758/758/758 999/999/999
f 873/873/873 1002/1002/1002 906/906/906
f 822/822/822 1002/1002/1002 873/873/873
f 822/822/822 847/847/847 906/906/906
f 909/909/909 1003/1003/1003 785/785/785
f 761/761/761 908/908/908 962/962/962
f 850/850/850 962/962/962 1006/1006/1006
f 853/853/853 914/914/914 964/964/964
f 853/853/853 964/964/964 880/880/880
f 914/914/914 854/854/854 964/964/964
f 724/724/724 883/883/883 1007/1007/1007
f 937/937/937 888/888/888 1009/1009/1009
f 692/692/692 724/724/724 856/856/856
f 728/728/728 939/939/939 971/971/971
f 974/974/974 855/855/855 1010/1010/1010
f 974/974/974 1010/1010/1010 1013/1013/1013
f 798/798/798 1015/1015/1015 972/972/972
f 799/799/799 940/940/940 798/798/798
f 798/798/798 940/940/940 1015/1015/1015
f 857/857/857 801/801/801 1016/1016/1016
f 942/942/942 831/831/831 986/986/986
f 946/946/946 947/947/947 985/985/985
f 989/989/989 1018/1018/1018 833/833/833
f 948/948/948 990/990/990 859/859/859
f 921/921/921 922/922/922 890/890/890
f 923/923/923 861/861/861 1020/1020/1020
f 835/835/835 950/950/950 741/741/741
f 993/993/993 949/949/949 742/742/742
f 867/867/867 924/924/924 1022/1022/1022
f 924/924/924 991/991/991 1022/1022/1022
f 928/928/928 898/898/898 1025/1025/1025
f 1029/1029/1029 899/899/899 1034/1034/1034
f 929/929/929 1030/1030/1030 1036/1036/1036
f 995/995/995 897/897/897 1039/1039/1039
f 995/995/995 1039/1039/1039 997/997/997
f 929/929/929 1036/1036/1036 952/952/952
f 838/838/838 840/840/840 1040/1040/1040
f 713/713/713 1041/1041/1041 841/841/841
f 934/934/934 953/953/953 845/845/845
f 758/758/758 901/901/901 999/999/999
f 901/901/901 903/903/903 999/999/999
f 682/682/682 958/958/958 1046/1046/1046
f 759/759/759 906/906/906 960/960/960
f 847/847/847 682/682/682 1046/1046/1046
f 847/847/847 1046/1046/1046 1048/1048/1048
f 909/909/909 935/935/935 1003/1003/1003
f 962/962/962 908/908/908 1051/1051/1051
f 762/762/762 1053/1053/1053 935/935/935
f 1006/1006/1006 962/962/962 1054/1054/1054
f 874/874/874 850/850/850 911/911/911
f 687/687/687 1053/1053/1053 762/762/762
f 911/911/911 850/850/850 1056/1056/1056
f 910/910/910 1055/1055/1055 963/963/963
f 876/876/876 963/963/963 1055/1055/1055
f 879/879/879 1057/1057/1057 1060/1060/1060
f 851/851/851 879/879/879 1060/1060/1060
f 854/854/854 966/966/966 964/964/964
f 915/915/915 1062/1062/1062 965/965/965
f 915/915/915 936/936/936 1062/1062/1062
f 887/887/887 884/884/884 1008/1008/1008
f 724/724/724 1007/1007/1007 856/856/856
f 771/771/771 889/889/889 938/938/938
f 1015/1015/1015 940/940/940 1066/1066/1066
f 984/984/984 1064/1064/1064 981/981/981
f 982/982/982 1065/1065/1065 943/943/943
f 940/940/940 944/944/944 1066/1066/1066
f 857/857/857 1016/1016/1016 988/988/988
f 988/988/988 1068/1068/1068 989/989/989
f 990/990/990 1069/1069/1069 947/947/947
f 833/833/833 1018/1018/1018 990/990/990
f 1071/1071/1071 1072/1072/1072 1074/1074/1074
f 890/890/890 1075/1075/1075 860/860/860
f 741/741/741 890/890/890 922/922/922
f 741/741/741 950/950/950 890/890/890
f 1026/1026/1026 1077/1077/1077 1081/1081/1081
f 1078/1078/1078 1027/1027/1027 1086/1086/1086
f 926/926/926 868/868/868 1089/1089/1089
f 1029/1029/1029 1084/1084/1084 1088/1088/1088
f 897/897/897 927/927/927 1039/1039/1039
f 839/839/839 1091/1091/1091 994/994/994
f 996/996/996 1037/1037/1037 898/898/898
f 839/839/839 1092/1092/1092 1091/1091/1091
f 1094/1094/1094 1100/1100/1100 1103/1103/1103
f 1093/1093/1093 743/743/743 1099/1099/1099
f 744/744/744 1108/1108/1108 1101/1101/1101
f 743/743/743 1041/1041/1041 713/713/713
f 932/932/932 1108/1108/1108 744/744/744
f 954/954/954 1109/1109/1109 1102/1102/1102
f 954/954/954 1102/1102/1102 933/933/933
f 932/932/932 1101/1101/1101 1108/1108/1108
f 934/934/934 999/999/999 953/953/953
f 1043/1043/1043 955/955/955 1110/1110/1110
f 821/821/821 905/905/905 1001/1001/1001
f 962/962/962 1051/1051/1051 1054/1054/1054
f 850/850/850 1006/1006/1006 1056/1056/1056
f 912/912/912 1053/1053/1053 687/687/687
f 912/912/912 1112/1112/1112 1053/1053/1053
f 912/912/912 1113/1113/1113 1112/1112/1112
f 964/964/964 1114/1114/1114 913/913/913
f 1059/1059/1059 964/964/964 878/878/878
f 880/880/880 964/964/964 1059/1059/1059
f 1115/1115/1115 1113/1113/1113 965/965/965
f 1114/1114/1114 964/964/964 966/966/966
f 965/965/965 1062/1062/1062 1115/1115/1115
f 936/936/936 1116/1116/1116 1062/1062/1062
f 936/936/936 797/797/797 1116/1116/1116
f 797/797/797 937/937/937 1116/1116/1116
f 972/972/972 1118/1118/1118 889/889/889
f 973/973/973 1012/1012/1012 1119/1119/1119
f 1015/1015/1015 1125/1125/1125 972/972/972
f 980/980/980 976/976/976 826/826/826
f 802/802/802 977/977/977 1127/1127/1127
f 1068/1068/1068 1016/1016/1016 1128/1128/1128
f 947/947/947 1130/1130/1130 985/985/985
f 1068/1068/1068 1128/1128/1128 1131/1131/1131
f 989/989/989 1068/1068/1068 1018/1018/1018
f 947/947/947 1069/1069/1069 1130/1130/1130
f 990/990/990 1133/1133/1133 1135/1135/1135
f 990/990/990 1018/1018/1018 1136/1136/1136
f 990/990/990 1072/1072/1072 1133/1133/1133
f 1072/1072/1072 990/990/990 1136/1136/1136
f 1072/1072/1072 1136/1136/1136 1138/1138/1138
f 1072/1072/1072 1139/1139/1139 1133/1133/1133
f 1074/1074/1074 1072/1072/1072 1138/1138/1138
f 1073/1073/1073 1137/1137/1137 1140/1140/1140
f 1072/1072/1072 1071/1071/1071 1139/1139/1139
f 1070/1070/1070 1073/1073/1073 1140/1140/1140
f 1071/1071/1071 1142/1142/1142 1139/1139/1139
f 1143/1143/1143 1145/1145/1145 1138/1138/1138
f 1070/1070/1070 1140/1140/1140 1141/1141/1141
f 860/860/860 1075/1075/1075 1019/1019/1019
f 923/923/923 1020/1020/1020 991/991/991
f 1080/1080/1080 1088/1088/1088 1034/1034/1034
f 1079/1079/1079 1031/1031/1031 1082/1082/1082
f 1028/1028/1028 1083/1083/1083 1146/1146/1146
f 994/994/994 1149/1149/1149 951/951/951
f 1029/1029/1029 1034/1034/1034 1084/1084/1084
f 899/899/899 1038/1038/1038 1034/1034/1034
f 839/839/839 1042/1042/1042 1092/1092/1092
f 870/870/870 952/952/952 1036/1036/1036
f 1150/1150/1150 1097/1097/1097 1106/1106/1106
f 743/743/743 1093/1093/1093 1041/1041/1041
f 1151/1151/1151 1107/1107/1107 1152/1152/1152
f 1105/1105/1105 1096/1096/1096 1154/1154/1154
f 659/659/659 998/998/998 1155/1155/1155
f 999/999/999 903/903/903 1157/1157/1157
f 659/659/659 1155/1155/1155 957/957/957
f 1111/1111/1111 956/956/956 1044/1044/1044
f 907/907/907 786/786/786 1161/1161/1161
f 786/786/786 1004/1004/1004 1162/1162/1162
f 1003/1003/1003 935/935/935 1164/1164/1164
f 1054/1054/1054 1051/1051/1051 1166/1166/1166
f 1006/1006/1006 1054/1054/1054 1167/1167/1167
f 1054/1054/1054 1167/1167/1167 1006/1006/1006
f 1058/1058/1058 877/877/877 1169/1169/1169
f 1112/1112/1112 1113/1113/1113 1115/1115/1115
f 1009/1009/1009 885/885/885 1170/1170/1170
f 889/889/889 1171/1171/1171 938/938/938
f 1014/1014/1014 1011/1011/1011 1124/1124/1124
f 974/974/974 1123/1123/1123 980/980/980
f 1127/1127/1127 977/977/977 1173/1173/1173
f 1017/1017/1017 1174/1174/1174 1129/1129/1129
f 988/988/988 1016/1016/1016 1068/1068/1068
f 1068/1068/1068 1131/1131/1131 1175/1175/1175
f 1018/1018/1018 1068/1068/1068 1175/1175/1175
f 1139/1139/1139 1177/1177/1177 1133/1133/1133
f 1143/1143/1143 1178/1178/1178 1180/1180/1180
f 1143/1143/1143 1180/1180/1180 1145/1145/1145
f 1032/1032/1032 1087/1087/1087 1181/1181/1181
f 926/926/926 1089/1089/1089 1186/1186/1186
f 1088/1088/1088 1084/1084/1084 1034/1034/1034
f 1147/1147/1147 1084/1084/1084 1029/1029/1029
f 869/869/869 1187/1187/1187 1090/1090/1090
f 1036/1036/1036 1030/1030/1030 1190/1190/1190
f 1191/1191/1191 994/994/994 1091/1091/1091
f 1151/1151/1151 1152/1152/1152 1193/1193/1193
f 1098/1098/1098 1092/1092/1092 1042/1042/1042
f 870/870/870 1036/1036/1036 998/998/998
f 953/953/953 999/999/999 1194/1194/1194
f 1000/1000/1000 1159/1159/1159 1196/1196/1196
f 1197/1197/1197 1199/1199/1199 1201/1201/1201
f 847/847/847 1048/1048/1048 906/906/906
f 907/907/907 1161/1161/1161 1050/1050/1050
f 935/935/935 1202/1202/1202 1164/1164/1164
f 1054/1054/1054 1166/1166/1166 1167/1167/1167
f 1053/1053/1053 1202/1202/1202 935/935/935
f 877/877/877 1056/1056/1056 1169/1169/1169
f 1057/1057/1057 1168/1168/1168 1060/1060/1060
f 851/851/851 1060/1060/1060 1204/1204/1204
f 851/851/851 1204/1204/1204 720/720/720
f 1009/1009/1009 1170/1170/1170 937/937/937
f 1124/1124/1124 1011/1011/1011 1205/1205/1205
f 972/972/972 1125/1125/1125 1118/1118/1118
f 975/975/975 978/978/978 1206/1206/1206
f 1015/1015/1015 1066/1066/1066 1125/1125/1125
f 1210/1210/1210 1067/1067/1067 985/985/985
f 985/985/985 1130/1130/1130 1210/1210/1210
f 1017/1017/1017 802/802/802 1174/1174/1174
f 1132/1132/1132 1129/1129/1129 1176/1176/1176
f 1069/1069/1069 1212/1212/1212 1130/1130/1130
f 1069/1069/1069 1135/1135/1135 1212/1212/1212
f 1069/1069/1069 990/990/990 1135/1135/1135
f 1133/1133/1133 1177/1177/1177 1135/1135/1135
f 1140/1140/1140 1137/1137/1137 1213/1213/1213
f 1214/1214/1214 1149/1149/1149 1216/1216/1216
f 1149/1149/1149 1217/1217/1217 1216/1216/1216
f 951/951/951 1214/1214/1214 891/891/891
f 1149/1149/1149 1214/1214/1214 951/951/951
f 1033/1033/1033 1182/1182/1182 1218/1218/1218
f 1183/1183/1183 1088/1088/1088 1219/1219/1219
f 927/927/927 1188/1188/1188 1039/1039/1039
f 1024/1024/1024 992/992/992 1225/1225/1225
f 1187/1187/1187 869/869/869 1023/1023/1023
f 1149/1149/1149 994/994/994 1226/1226/1226
f 994/994/994 1191/1191/1191 1226/1226/1226
f 1091/1091/1091 1092/1092/1092 1191/1191/1191
f 1150/1150/1150 1192/1192/1192 1227/1227/1227
f 1150/1150/1150 1227/1227/1227 1097/1097/1097
f 1095/1095/1095 1104/1104/1104 1229/1229/1229
f 1152/1152/1152 1107/1107/1107 1234/1234/1234
f 1104/1104/1104 1153/1153/1153 1229/1229/1229
f 954/954/954 1195/1195/1195 1109/1109/1109
f 1196/1196/1196 1159/1159/1159 1236/1236/1236
f 957/957/957 1155/1155/1155 1238/1238/1238
f 958/958/958 1239/1239/1239 1046/1046/1046
f 1197/1197/1197 1201/1201/1201 1240/1240/1240
f 1045/1045/1045 1237/1237/1237 1242/1242/1242
f 1198/1198/1198 1241/1241/1241 1200/1200/1200
f 1245/1245/1245 1200/1200/1200 1247/1247/1247
f 1248/1248/1248 1245/1245/1245 1247/1247/1247
f 1248/1248/1248 1247/1247/1247 1250/1250/1250
f 1162/1162/1162 1161/1161/1161 786/786/786
f 1165/1165/1165 1163/1163/1163 1005/1005/1005
f 1167/1167/1167 1252/1252/1252 1006/1006/1006
f 1006/1006/1006 1252/1252/1252 1056/1056/1056
f 1060/1060/1060 1253/1253/1253 1204/1204/1204
f 1062/1062/1062 1255/1255/1255 1115/1115/1115
f 1061/1061/1061 1256/1256/1256 1254/1254/1254
f 967/967/967 720/720/720 1258/1258/1258
f 967/967/967 1258/1258/1258 1260/1260/1260
f 1170/1170/1170 1264/1264/1264 937/937/937
f 885/885/885 1264/1264/1264 1170/1170/1170
f 886/886/886 970/970/970 1266/1266/1266
f 856/856/856 1007/1007/1007 1269/1269/1269
f 1205/1205/1205 1011/1011/1011 1271/1271/1271
f 889/889/889 1118/1118/1118 1171/1171/1171
f 1207/1207/1207 979/979/979 1120/1120/1120
f 977/977/977 1209/1209/1209 1173/1173/1173
f 802/802/802 1127/1127/1127 1174/1174/1174
f 1130/1130/1130 1212/1212/1212 1274/1274/1274
f 1136/1136/1136 1018/1018/1018 1275/1275/1275
f 1136/1136/1136 1275/1275/1275 1138/1138/1138
f 1135/1135/1135 1177/1177/1177 1278/1278/1278
f 1178/1178/1178 1143/1143/1143 1281/1281/1281
f 1177/1177/1177 1139/1139/1139 1278/1278/1278
f 1142/1142/1142 1278/1278/1278 1139/1139/1139
f 1144/1144/1144 1213/1213/1213 1137/1137/1137
f 1140/1140/1140 1213/1213/1213 1215/1215/1215
f 1144/1144/1144 1282/1282/1282 1213/1213/1213
f 1144/1144/1144 1179/1179/1179 1282/1282/1282
f 1286/1286/1286 1180/1180/1180 1287/1287/1287
f 1140/1140/1140 1215/1215/1215 1288/1288/1288
f 1286/1286/1286 1284/1284/1284 1180/1180/1180
f 1216/1216/1216 1217/1217/1217 1289/1289/1289
f 1292/1292/1292 1222/1222/1222 1185/1185/1185
f 1290/1290/1290 1184/1184/1184 1220/1220/1220
f 1035/1035/1035 1221/1221/1221 1291/1291/1291
f 1034/1034/1034 1219/1219/1219 1084/1084/1084
f 1088/1088/1088 1034/1034/1034 1219/1219/1219
f 1188/1188/1188 1298/1298/1298 1039/1039/1039
f 1149/1149/1149 1226/1226/1226 1217/1217/1217
f 1189/1189/1189 1024/1024/1024 1225/1225/1225
f 1030/1030/1030 1148/1148/1148 1190/1190/1190
f 1227/1227/1227 1299/1299/1299 1097/1097/1097
f 1154/1154/1154 1096/1096/1096 1230/1230/1230
f 998/998/998 1036/1036/1036 1301/1301/1301
f 1100/1100/1100 1231/1231/1231 1103/1103/1103
f 1102/1102/1102 1109/1109/1109 1232/1232/1232
f 903/903/903 1302/1302/1302 1157/1157/1157
f 959/959/959 1306/1306/1306 904/904/904
f 1243/1243/1243 1239/1239/1239 1309/1309/1309
f 960/960/960 1311/1311/1311 959/959/959
f 960/960/960 906/906/906 1311/1311/1311
f 1249/1249/1249 1251/1251/1251 1246/1246/1246
f 1162/1162/1162 1313/1313/1313 1161/1161/1161
f 1167/1167/1167 1166/1166/1166 1252/1252/1252
f 1115/1115/1115 1255/1255/1255 1112/1112/1112
f 1060/1060/1060 1168/1168/1168 1253/1253/1253
f 1314/1314/1314 1256/1256/1256 1061/1061/1061
f 1117/1117/1117 1317/1317/1317 1063/1063/1063
f 720/720/720 1204/1204/1204 1258/1258/1258
f 937/937/937 1264/1264/1264 1116/1116/1116
f 968/968/968 1262/1262/1262 883/883/883
f 1266/1266/1266 970/970/970 1318/1318/1318
f 856/856/856 1271/1271/1271 1011/1011/1011
f 856/856/856 1269/1269/1269 1271/1271/1271
f 1205/1205/1205 1271/1271/1271 1124/1124/1124
f 1210/1210/1210 1319/1319/1319 1322/1322/1322
f 1319/1319/1319 1210/1210/1210 1323/1323/1323
f 1126/1126/1126 1322/1322/1322 1327/1327/1327
f 1126/1126/1126 1328/1328/1328 1322/1322/1322
f 1210/1210/1210 1322/1322/1322 1328/1328/1328
f 1126/1126/1126 1067/1067/1067 1328/1328/1328
f 1210/1210/1210 1328/1328/1328 1067/1067/1067
f 1210/1210/1210 1130/1130/1130 1323/1323/1323
f 1127/1127/1127 1173/1173/1173 1330/1330/1330
f 1130/1130/1130 1274/1274/1274 1332/1332/1332
f 1018/1018/1018 1175/1175/1175 1275/1275/1275
f 1138/1138/1138 1275/1275/1275 1333/1333/1333
f 1135/1135/1135 1335/1335/1335 1212/1212/1212
f 1277/1277/1277 1334/1334/1334 1134/1134/1134
f 1138/1138/1138 1333/1333/1333 1143/1143/1143
f 1143/1143/1143 1333/1333/1333 1281/1281/1281
f 1278/1278/1278 1142/1142/1142 1336/1336/1336
f 1214/1214/1214 1337/1337/1337 891/891/891
f 1339/1339/1339 1289/1289/1289 1217/1217/1217
f 1339/1339/1339 1217/1217/1217 1341/1341/1341
f 891/891/891 1337/1337/1337 1076/1076/1076
f 1220/1220/1220 1184/1184/1184 1296/1296/1296
f 1338/1338/1338 1340/1340/1340 1343/1343/1343
f 1222/1222/1222 1297/1297/1297 1185/1185/1185
f 992/992/992 1021/1021/1021 1225/1225/1225
f 1034/1034/1034 1038/1038/1038 1219/1219/1219
f 1219/1219/1219 1038/1038/1038 1295/1295/1295
f 1345/1345/1345 1341/1341/1341 1226/1226/1226
f 1217/1217/1217 1226/1226/1226 1341/1341/1341
f 1191/1191/1191 1345/1345/1345 1226/1226/1226
f 1191/1191/1191 1346/1346/1346 1345/1345/1345
f 1148/1148/1148 1347/1347/1347 1190/1190/1190
f 1148/1148/1148 1347/1347/1347 1190/1190/1190
f 1092/1092/1092 1098/1098/1098 1191/1191/1191
f 1036/1036/1036 1190/1190/1190 1348/1348/1348
f 1193/1193/1193 1152/1152/1152 1228/1228/1228
f 1036/1036/1036 1348/1348/1348 1301/1301/1301
f 998/998/998 1301/1301/1301 1155/1155/1155
f 1195/1195/1195 1232/1232/1232 1109/1109/1109
f 1159/1159/1159 1304/1304/1304 1236/1236/1236
f 1235/1235/1235 1303/1303/1303 1158/1158/1158
f 1159/1159/1159 1304/1304/1304 1236/1236/1236
f 1238/1238/1238 1155/1155/1155 1349/1349/1349
f 1239/1239/1239 1351/1351/1351 1309/1309/1309
f 1243/1243/1243 1309/1309/1309 1046/1046/1046
f 1048/1048/1048 1046/1046/1046 1353/1353/1353
f 906/906/906 1048/1048/1048 1355/1355/1355
f 1165/1165/1165 1203/1203/1203 1356/1356/1356
f 1112/1112/1112 1357/1357/1357 1053/1053/1053
f 1255/1255/1255 1357/1357/1357 1112/1112/1112
f 1256/1256/1256 1361/1361/1361 1254/1254/1254
f 1257/1257/1257 1255/1255/1255 1362/1362/1362
f 1257/1257/1257 1363/1363/1363 1255/1255/1255
f 1257/1257/1257 1315/1315/1315 1363/1363/1363
f 1063/1063/1063 1317/1317/1317 1316/1316/1316
f 1261/1261/1261 1259/1259/1259 1365/1365/1365
f 971/971/971 939/939/939 1367/1367/1367
f 1326/1326/1326 1118/1118/1118 1125/1125/1125
f 1208/1208/1208 1121/1121/1121 1267/1267/1267
f 1127/1127/1127 1330/1330/1330 1174/1174/1174
f 1129/1129/1129 1174/1174/1174 1176/1176/1176
f 1368/1368/1368 1281/1281/1281 1370/1370/1370
f 1281/1281/1281 1368/1368/1368 1372/1372/1372
f 1372/1372/1372 1376/1376/1376 1281/1281/1281
f 1178/1178/1178 1281/1281/1281 1180/1180/1180
f 1142/1142/1142 1379/1379/1379 1336/1336/1336
f 1213/1213/1213 1282/1282/1282 1381/1381/1381
f 1140/1140/1140 1288/1288/1288 1342/1342/1342
f 1283/1283/1283 1285/1285/1285 1383/1383/1383
f 1142/1142/1142 1385/1385/1385 1379/1379/1379
f 1140/1140/1140 1342/1342/1342 1141/1141/1141
f 1339/1339/1339 1344/1344/1344 1289/1289/1289
f 1189/1189/1189 1384/1384/1384 1389/1389/1389
f 1344/1344/1344 1341/1341/1341 1345/1345/1345
f 1021/1021/1021 1076/1076/1076 1390/1390/1390
f 1021/1021/1021 1390/1390/1390 1225/1225/1225
f 1223/1223/1223 1391/1391/1391 1293/1293/1293
f 1294/1294/1294 1392/1392/1392 1224/1224/1224
f 1085/1085/1085 1224/1224/1224 1392/1392/1392
f 1189/1189/1189 1225/1225/1225 1384/1384/1384
f 1191/1191/1191 1098/1098/1098 1300/1300/1300
f 1152/1152/1152 1234/1234/1234 1395/1395/1395
f 1301/1301/1301 1396/1396/1396 1155/1155/1155
f 1196/1196/1196 1236/1236/1236 1234/1234/1234
f 904/904/904 1306/1306/1306 1399/1399/1399
f 1309/1309/1309 1351/1351/1351 1401/1401/1401
f 1350/1350/1350 1402/1402/1402 1400/1400/1400
f 1199/1199/1199 1405/1405/1405 1201/1201/1201
f 1241/1241/1241 1409/1409/1409 1411/1411/1411
f 1244/1244/1244 1405/1405/1405 1199/1199/1199
f 1244/1244/1244 1412/1412/1412 1405/1405/1405
f 1250/1250/1250 1247/1247/1247 1414/1414/1414
f 1416/1416/1416 1251/1251/1251 1415/1415/1415
f 1313/1313/1313 1417/1417/1417 1050/1050/1050
f 1160/1160/1160 1312/1312/1312 1049/1049/1049
f 1313/1313/1313 1162/1162/1162 1417/1417/1417
f 1165/1165/1165 1356/1356/1356 1163/1163/1163
f 1252/1252/1252 1166/1166/1166 1419/1419/1419
f 1252/1252/1252 1419/1419/1419 1056/1056/1056
f 1056/1056/1056 1419/1419/1419 1169/1169/1169
f 1253/1253/1253 1168/1168/1168 1421/1421/1421
f 1364/1364/1364 1316/1316/1316 1317/1317/1317
f 1317/1317/1317 1117/1117/1117 1265/1265/1265
f 1318/1318/1318 970/970/970 1424/1424/1424
f 1367/1367/1367 1425/1425/1425 971/971/971
f 1172/1172/1172 1427/1427/1427 939/939/939
f 1118/1118/1118 1426/1426/1426 1171/1171/1171
f 1268/1268/1268 1122/1122/1122 1270/1270/1270
f 1209/1209/1209 1269/1269/1269 1428/1428/1428
f 1322/1322/1322 1319/1319/1319 1430/1430/1430
f 1327/1327/1327 1322/1322/1322 1430/1430/1430
f 1323/1323/1323 1130/1130/1130 1432/1432/1432
f 1174/1174/1174 1330/1330/1330 1436/1436/1436
f 1276/1276/1276 1176/1176/1176 1438/1438/1438
f 1439/1439/1439 1370/1370/1370 1441/1441/1441
f 1272/1272/1272 1211/1211/1211 1442/1442/1442
f 1275/1275/1275 1370/1370/1370 1333/1333/1333
f 1368/1368/1368 1370/1370/1370 1439/1439/1439
f 1368/1368/1368 1439/1439/1439 1447/1447/1447
f 1368/1368/1368 1447/1447/1447 1372/1372/1372
f 1335/1335/1335 1449/1449/1449 1212/1212/1212
f 1281/1281/1281 1333/1333/1333 1370/1370/1370
f 1279/1279/1279 1374/1374/1374 1371/1371/1371
f 1277/1277/1277 1448/1448/1448 1334/1334/1334
f 1450/1450/1450 1377/1377/1377 1373/1373/1373
f 1214/1214/1214 1382/1382/1382 1337/1337/1337
f 1337/1337/1337 1382/1382/1382 1076/1076/1076
f 1287/1287/1287 1384/1384/1384 1286/1286/1286
f 1385/1385/1385 1142/1142/1142 1344/1344/1344
f 1295/1295/1295 1452/1452/1452 1219/1219/1219
f 1188/1188/1188 1388/1388/1388 1298/1298/1298
f 1224/1224/1224 1454/1454/1454 1392/1392/1392
f 1191/1191/1191 1456/1456/1456 1346/1346/1346
f 1191/1191/1191 1300/1300/1300 1456/1456/1456
f 1228/1228/1228 1152/1152/1152 1395/1395/1395
f 1301/1301/1301 1348/1348/1348 1396/1396/1396
f 1304/1304/1304 1234/1234/1234 1236/1236/1236
f 1409/1409/1409 1458/1458/1458 1459/1459/1459
f 1240/1240/1240 1201/1201/1201 1405/1405/1405
f 1241/1241/1241 1411/1411/1411 1200/1200/1200
f 959/959/959 1311/1311/1311 1306/1306/1306
f 906/906/906 1355/1355/1355 1311/1311/1311
f 1460/1460/1460 1307/1307/1307 1463/1463/1463
f 1046/1046/1046 1309/1309/1309 1462/1462/1462
f 1046/1046/1046 1462/1462/1462 1353/1353/1353
f 1047/1047/1047 1352/1352/1352 1465/1465/1465
f 1200/1200/1200 1468/1468/1468 1247/1247/1247
f 1415/1415/1415 1470/1470/1470 1416/1416/1416
f 1163/1163/1163 1356/1356/1356 1471/1471/1471
f 1163/1163/1163 1471/1471/1471 1420/1420/1420
f 1202/1202/1202 1053/1053/1053 1472/1472/1472
f 1169/1169/1169 1419/1419/1419 1475/1475/1475
f 1255/1255/1255 1363/1363/1363 1357/1357/1357
f 1266/1266/1266 1318/1318/1318 1476/1476/1476
f 1365/1365/1365 1259/1259/1259 1477/1477/1477
f 1365/1365/1365 1477/1477/1477 1478/1478/1478
f 1366/1366/1366 1479/1479/1479 1263/1263/1263
f 1320/1320/1320 1324/1324/1324 1480/1480/1480
f 1118/1118/1118 1482/1482/1482 1426/1426/1426
f 1118/1118/1118 1326/1326/1326 1482/1482/1482
f 1430/1430/1430 1319/1319/1319 1484/1484/1484
f 1326/1326/1326 1429/1429/1429 1482/1482/1482
f 1173/1173/1173 1209/1209/1209 1487/1487/1487
f 1330/1330/1330 1173/1173/1173 1487/1487/1487
f 1130/1130/1130 1332/1332/1332 1432/1432/1432
f 1174/1174/1174 1436/1436/1436 1488/1488/1488
f 1174/1174/1174 1488/1488/1488 1176/1176/1176
f 1440/1440/1440 1369/1369/1369 1445/1445/1445
f 1439/1439/1439 1441/1441/1441 1447/1447/1447
f 1444/1444/1444 1212/1212/1212 1489/1489/1489
f 1449/1449/1449 1489/1489/1489 1212/1212/1212
f 1376/1376/1376 1281/1281/1281 1372/1372/1372
f 1375/1375/1375 1491/1491/1491 1280/1280/1280
f 1278/1278/1278 1336/1336/1336 1449/1449/1449
f 1180/1180/1180 1492/1492/1492 1287/1287/1287
f 1287/1287/1287 1389/1389/1389 1384/1384/1384
f 1076/1076/1076 1382/1382/1382 1390/1390/1390
f 1345/1345/1345 1385/1385/1385 1344/1344/1344
f 1345/1345/1345 1346/1346/1346 1385/1385/1385
f 1085/1085/1085 1392/1392/1392 1494/1494/1494
f 1085/1085/1085 1494/1494/1494 1148/1148/1148
f 1148/1148/1148 1494/1494/1494 1347/1347/1347
f 1346/1346/1346 1456/1456/1456 1495/1495/1495
f 1190/1190/1190 1496/1496/1496 1348/1348/1348
f 1497/1497/1497 1498/1498/1498 1501/1501/1501
f 1503/1503/1503 1497/1497/1497 1501/1501/1501
f 1503/1503/1503 1504/1504/1504 1497/1497/1497
f 1304/1304/1304 1505/1505/1505 1234/1234/1234
f 1507/1507/1507 1397/1397/1397 1508/1508/1508
f 1509/1509/1509 1156/1156/1156 1397/1397/1397
f 904/904/904 1399/1399/1399 1305/1305/1305
f 1508/1508/1508 1510/1510/1510 1507/1507/1507
f 1507/1507/1507 1509/1509/1509 1397/1397/1397
f 1408/1408/1408 1240/1240/1240 1457/1457/1457
f 1350/1350/1350 1156/1156/1156 1509/1509/1509
f 1407/1407/1407 1511/1511/1511 1410/1410/1410
f 1309/1309/1309 1401/1401/1401 1513/1513/1513
f 1354/1354/1354 1047/1047/1047 1465/1465/1465
f 1468/1468/1468 1200/1200/1200 1411/1411/1411
f 1469/1469/1469 1414/1414/1414 1468/1468/1468
f 1469/1469/1469 1515/1515/1515 1517/1517/1517
f 1470/1470/1470 1518/1518/1518 1416/1416/1416
f 1468/1468/1468 1414/1414/1414 1247/1247/1247
f 1251/1251/1251 1413/1413/1413 1246/1246/1246
f 1163/1163/1163 1420/1420/1420 1418/1418/1418
f 1052/1052/1052 1418/1418/1418 1420/1420/1420
f 1166/1166/1166 1051/1051/1051 1419/1419/1419
f 1169/1169/1169 1475/1475/1475 1422/1422/1422
f 1253/1253/1253 1421/1421/1421 1258/1258/1258
f 1253/1253/1253 1258/1258/1258 1204/1204/1204
f 1479/1479/1479 1519/1519/1519 1263/1263/1263
f 1007/1007/1007 883/883/883 1262/1262/1262
f 939/939/939 1427/1427/1427 1367/1367/1367
f 1485/1485/1485 1321/1321/1321 1481/1481/1481
f 1485/1485/1485 1481/1481/1481 1431/1431/1431
f 1329/1329/1329 1486/1486/1486 1434/1434/1434
f 1273/1273/1273 1443/1443/1443 1331/1331/1331
f 1378/1378/1378 1451/1451/1451 1520/1520/1520
f 1180/1180/1180 1281/1281/1281 1492/1492/1492
f 1284/1284/1284 1390/1390/1390 1382/1382/1382
f 1225/1225/1225 1390/1390/1390 1384/1384/1384
f 1346/1346/1346 1495/1495/1495 1385/1385/1385
f 1498/1498/1498 1497/1497/1497 1521/1521/1521
f 1499/1499/1499 1524/1524/1524 1525/1525/1525
f 1527/1527/1527 1300/1300/1300 1529/1529/1529
f 1227/1227/1227 1528/1528/1528 1299/1299/1299
f 1228/1228/1228 1395/1395/1395 1531/1531/1531
f 1227/1227/1227 1530/1530/1530 1528/1528/1528
f 1393/1393/1393 1532/1532/1532 1535/1535/1535
f 1395/1395/1395 1234/1234/1234 1534/1534/1534
f 1508/1508/1508 1397/1397/1397 1538/1538/1538
f 1503/1503/1503 1501/1501/1501 1540/1540/1540
f 1539/1539/1539 1500/1500/1500 1541/1541/1541
f 1508/1508/1508 1538/1538/1538 1543/1543/1543
f 1503/1503/1503 1540/1540/1540 1504/1504/1504
f 1508/1508/1508 1543/1543/1543 1510/1510/1510
f 1353/1353/1353 1462/1462/1462 1544/1544/1544
f 1353/1353/1353 1544/1544/1544 1466/1466/1466
f 1469/1469/1469 1468/1468/1468 1515/1515/1515
f 1203/1203/1203 1471/1471/1471 1356/1356/1356
f 1203/1203/1203 1474/1474/1474 1471/1471/1471
f 1475/1475/1475 1419/1419/1419 1545/1545/1545
f 1357/1357/1357 1472/1472/1472 1053/1053/1053
f 1364/1364/1364 1317/1317/1317 1547/1547/1547
f 1258/1258/1258 1421/1421/1421 1549/1549/1549
f 1317/1317/1317 1265/1265/1265 1547/1547/1547
f 1431/1431/1431 1481/1481/1481 1551/1551/1551
f 1482/1482/1482 1429/1429/1429 1553/1553/1553
f 1444/1444/1444 1489/1489/1489 1332/1332/1332
f 1449/1449/1449 1336/1336/1336 1556/1556/1556
f 1378/1378/1378 1520/1520/1520 1493/1493/1493
f 1284/1284/1284 1384/1384/1384 1390/1390/1390
f 1392/1392/1392 1558/1558/1558 1494/1494/1494
f 1456/1456/1456 1560/1560/1560 1495/1495/1495
f 1347/1347/1347 1494/1494/1494 1190/1190/1190
f 1522/1522/1522 1563/1563/1563 1524/1524/1524
f 1497/1497/1497 1564/1564/1564 1521/1521/1521
f 1522/1522/1522 1524/1524/1524 1499/1499/1499
f 1497/1497/1497 1566/1566/1566 1567/1567/1567
f 1348/1348/1348 1569/1569/1569 1396/1396/1396
f 1500/1500/1500 1571/1571/1571 1541/1541/1541
f 1541/1541/1541 1574/1574/1574 1539/1539/1539
f 1539/1539/1539 1574/1574/1574 1577/1577/1577
f 1497/1497/1497 1504/1504/1504 1543/1543/1543
f 1504/1504/1504 1579/1579/1579 1543/1543/1543
f 1540/1540/1540 1580/1580/1580 1504/1504/1504
f 1581/1581/1581 1539/1539/1539 1577/1577/1577
f 1581/1581/1581 1577/1577/1577 1584/1584/1584
f 1581/1581/1581 1584/1584/1584 1586/1586/1586
f 1589/1589/1589 1459/1459/1459 1580/1580/1580
f 1591/1591/1591 1589/1589/1589 1580/1580/1580
f 1540/1540/1540 1591/1591/1591 1580/1580/1580
f 1540/1540/1540 1583/1583/1583 1592/1592/1592
f 1409/1409/1409 1459/1459/1459 1594/1594/1594
f 1240/1240/1240 1405/1405/1405 1578/1578/1578
f 1409/1409/1409 1594/1594/1594 1596/1596/1596
f 1399/1399/1399 1306/1306/1306 1311/1311/1311
f 1409/1409/1409 1596/1596/1596 1512/1512/1512
f 1464/1464/1464 1308/1308/1308 1461/1461/1461
f 1514/1514/1514 1467/1467/1467 1597/1597/1597
f 1518/1518/1518 1599/1599/1599 1416/1416/1416
f 1416/1416/1416 1601/1601/1601 1251/1251/1251
f 1359/1359/1359 1602/1602/1602 1473/1473/1473
f 1422/1422/1422 1475/1475/1475 1545/1545/1545
f 1547/1547/1547 1265/1265/1265 1604/1604/1604
f 1423/1423/1423 1606/1606/1606 1550/1550/1550
f 1476/1476/1476 1605/1605/1605 1266/1266/1266
f 1605/1605/1605 1476/1476/1476 1318/1318/1318
f 1477/1477/1477 1259/1259/1259 1550/1550/1550
f 1424/1424/1424 1607/1607/1607 1609/1609/1609
f 1269/1269/1269 1611/1611/1611 1428/1428/1428
f 1433/1433/1433 1612/1612/1612 1325/1325/1325
f 1435/1435/1435 1613/1613/1613 1614/1614/1614
f 1436/1436/1436 1615/1615/1615 1488/1488/1488
f 1432/1432/1432 1332/1332/1332 1616/1616/1616
f 1332/1332/1332 1618/1618/1618 1616/1616/1616
f 1438/1438/1438 1176/1176/1176 1488/1488/1488
f 1332/1332/1332 1489/1489/1489 1618/1618/1618
f 1370/1370/1370 1275/1275/1275 1620/1620/1620
f 1370/1370/1370 1620/1620/1620 1447/1447/1447
f 1373/1373/1373 1622/1622/1622 1626/1626/1626
f 1449/1449/1449 1556/1556/1556 1489/1489/1489
f 1373/1373/1373 1626/1626/1626 1450/1450/1450
f 1520/1520/1520 1629/1629/1629 1493/1493/1493
f 1389/1389/1389 1287/1287/1287 1630/1630/1630
f 1392/1392/1392 1454/1454/1454 1558/1558/1558
f 1388/1388/1388 1633/1633/1633 1298/1298/1298
f 1380/1380/1380 1386/1386/1386 1638/1638/1638
f 1495/1495/1495 1641/1641/1641 1385/1385/1385
f 1495/1495/1495 1560/1560/1560 1641/1641/1641
f 1190/1190/1190 1494/1494/1494 1642/1642/1642
f 1559/1559/1559 1455/1455/1455 1639/1639/1639
f 1521/1521/1521 1564/1564/1564 1561/1561/1561
f 1456/1456/1456 1644/1644/1644 1641/1641/1641
f 1646/1646/1646 1496/1496/1496 1642/1642/1642
f 1190/1190/1190 1642/1642/1642 1496/1496/1496
f 1300/1300/1300 1527/1527/1527 1456/1456/1456
f 1497/1497/1497 1567/1567/1567 1564/1564/1564
f 1348/1348/1348 1496/1496/1496 1569/1569/1569
f 1566/1566/1566 1497/1497/1497 1648/1648/1648
f 1529/1529/1529 1651/1651/1651 1527/1527/1527
f 1397/1397/1397 1570/1570/1570 1538/1538/1538
f 1499/1499/1499 1525/1525/1525 1502/1502/1502
f 1502/1502/1502 1525/1525/1525 1573/1573/1573
f 1497/1497/1497 1543/1543/1543 1648/1648/1648
f 1536/1536/1536 1533/1533/1533 1394/1394/1394
f 1533/1533/1533 1233/1233/1233 1394/1394/1394
f 1537/1537/1537 1647/1647/1647 1542/1542/1542
f 1504/1504/1504 1580/1580/1580 1579/1579/1579
f 1580/1580/1580 1459/1459/1459 1579/1579/1579
f 1458/1458/1458 1579/1579/1579 1459/1459/1459
f 1305/1305/1305 1399/1399/1399 1506/1506/1506
f 1457/1457/1457 1240/1240/1240 1578/1578/1578
f 1592/1592/1592 1583/1583/1583 1653/1653/1653
f 1587/1587/1587 1654/1654/1654 1582/1582/1582
f 1583/1583/1583 1655/1655/1655 1653/1653/1653
f 1654/1654/1654 1585/1585/1585 1652/1652/1652
f 1459/1459/1459 1589/1589/1589 1594/1594/1594
f 1589/1589/1589 1591/1591/1591 1657/1657/1657
f 1591/1591/1591 1659/1659/1659 1657/1657/1657
f 1659/1659/1659 1515/1515/1515 1657/1657/1657
f 1510/1510/1510 1661/1661/1661 1507/1507/1507
f 1354/1354/1354 1662/1662/1662 1310/1310/1310
f 1411/1411/1411 1512/1512/1512 1596/1596/1596
f 1462/1462/1462 1309/1309/1309 1664/1664/1664
f 1544/1544/1544 1666/1666/1666 1466/1466/1466
f 1518/1518/1518 1516/1516/1516 1599/1599/1599
f 1354/1354/1354 1465/1465/1465 1662/1662/1662
f 1416/1416/1416 1599/1599/1599 1601/1601/1601
f 1251/1251/1251 1601/1601/1601 1413/1413/1413
f 1474/1474/1474 1546/1546/1546 1471/1471/1471
f 1420/1420/1420 1471/1471/1471 1546/1546/1546
f 1423/1423/1423 1548/1548/1548 1667/1667/1667
f 1423/1423/1423 1667/1667/1667 1606/1606/1606
f 1550/1550/1550 1606/1606/1606 1477/1477/1477
f 1609/1609/1609 1668/1668/1668 1424/1424/1424
f 1478/1478/1478 1477/1477/1477 1609/1609/1609
f 1519/1519/1519 1479/1479/1479 1610/1610/1610
f 1608/1608/1608 1669/1669/1669 1610/1610/1610
f 1425/1425/1425 1367/1367/1367 1670/1670/1670
f 1007/1007/1007 1671/1671/1671 1269/1269/1269
f 1431/1431/1431 1551/1551/1551 1673/1673/1673
f 1433/1433/1433 1617/1617/1617 1612/1612/1612
f 1438/1438/1438 1488/1488/1488 1675/1675/1675
f 1275/1275/1275 1437/1437/1437 1674/1674/1674
f 1490/1490/1490 1557/1557/1557 1677/1677/1677
f 1451/1451/1451 1680/1680/1680 1520/1520/1520
f 1336/1336/1336 1681/1681/1681 1556/1556/1556
f 1336/1336/1336 1683/1683/1683 1681/1681/1681
f 1452/1452/1452 1632/1632/1632 1685/1685/1685
f 1454/1454/1454 1691/1691/1691 1558/1558/1558
f 1452/1452/1452 1295/1295/1295 1632/1632/1632
f 1558/1558/1558 1646/1646/1646 1494/1494/1494
f 1456/1456/1456 1527/1527/1527 1644/1644/1644
f 1526/1526/1526 1692/1692/1692 1643/1643/1643
f 1537/1537/1537 1696/1696/1696 1647/1647/1647
f 1530/1530/1530 1650/1650/1650 1528/1528/1528
f 1541/1541/1541 1571/1571/1571 1574/1574/1574
f 1234/1234/1234 1699/1699/1699 1395/1395/1395
f 1234/1234/1234 1505/1505/1505 1699/1699/1699
f 1506/1506/1506 1399/1399/1399 1703/1703/1703
f 1654/1654/1654 1587/1587/1587 1585/1585/1585
f 1543/1543/1543 1579/1579/1579 1510/1510/1510
f 1398/1398/1398 1704/1704/1704 1701/1701/1701
f 1592/1592/1592 1591/1591/1591 1540/1540/1540
f 1592/1592/1592 1653/1653/1653 1708/1708/1708
f 1588/1588/1588 1656/1656/1656 1709/1709/1709
f 1515/1515/1515 1710/1710/1710 1657/1657/1657
f 1595/1595/1595 1593/1593/1593 1711/1711/1711
f 1515/1515/1515 1598/1598/1598 1713/1713/1713
f 1662/1662/1662 1714/1714/1714 1310/1310/1310
f 1411/1411/1411 1596/1596/1596 1468/1468/1468
f 1462/1462/1462 1664/1664/1664 1544/1544/1544
f 1318/1318/1318 1548/1548/1548 1605/1605/1605
f 1548/1548/1548 1318/1318/1318 1667/1667/1667
f 1667/1667/1667 1668/1668/1668 1606/1606/1606
f 1318/1318/1318 1424/1424/1424 1668/1668/1668
f 1477/1477/1477 1606/1606/1606 1609/1609/1609
f 1610/1610/1610 1716/1716/1716 1519/1519/1519
f 1263/1263/1263 1519/1519/1519 1717/1717/1717
f 1269/1269/1269 1671/1671/1671 1611/1611/1611
f 1483/1483/1483 1555/1555/1555 1427/1427/1427
f 1487/1487/1487 1209/1209/1209 1719/1719/1719
f 1209/1209/1209 1428/1428/1428 1719/1719/1719
f 1436/1436/1436 1487/1487/1487 1719/1719/1719
f 1450/1450/1450 1626/1626/1626 1679/1679/1679
f 1287/1287/1287 1492/1492/1492 1627/1627/1627
f 1453/1453/1453 1686/1686/1686 1690/1690/1690
f 1380/1380/1380 1638/1638/1638 1720/1720/1720
f 1687/1687/1687 1634/1634/1634 1721/1721/1721
f 1389/1389/1389 1630/1630/1630 1728/1728/1728
f 1387/1387/1387 1725/1725/1725 1632/1632/1632
f 1385/1385/1385 1731/1731/1731 1732/1732/1732
f 1385/1385/1385 1641/1641/1641 1731/1731/1731
f 1642/1642/1642 1494/1494/1494 1646/1646/1646
f 1646/1646/1646 1734/1734/1734 1496/1496/1496
f 1496/1496/1496 1734/1734/1734 1735/1735/1735
f 1538/1538/1538 1738/1738/1738 1740/1740/1740
f 1697/1697/1697 1538/1538/1538 1740/1740/1740
f 1570/1570/1570 1738/1738/1738 1538/1538/1538
f 1649/1649/1649 1741/1741/1741 1526/1526/1526
f 1525/1525/1525 1744/1744/1744 1573/1573/1573
f 1576/1576/1576 1745/1745/1745 1746/1746/1746
f 1395/1395/1395 1748/1748/1748 1531/1531/1531
f 1699/1699/1699 1748/1748/1748 1395/1395/1395
f 1577/1577/1577 1574/1574/1574 1584/1584/1584
f 1699/1699/1699 1505/1505/1505 1749/1749/1749
f 1589/1589/1589 1710/1710/1710 1594/1594/1594
f 1399/1399/1399 1754/1754/1754 1706/1706/1706
f 1755/1755/1755 1754/1754/1754 1399/1399/1399
f 1707/1707/1707 1652/1652/1652 1756/1756/1756
f 1579/1579/1579 1406/1406/1406 1760/1760/1760
f 1579/1579/1579 1760/1760/1760 1510/1510/1510
f 1311/1311/1311 1755/1755/1755 1399/1399/1399
f 1658/1658/1658 1590/1590/1590 1761/1761/1761
f 1762/1762/1762 1591/1591/1591 1763/1763/1763
f 1598/1598/1598 1765/1765/1765 1713/1713/1713
f 1515/1515/1515 1762/1762/1762 1766/1766/1766
f 1412/1412/1412 1768/1768/1768 1405/1405/1405
f 1468/1468/1468 1596/1596/1596 1598/1598/1598
f 1466/1466/1466 1666/1666/1666 1663/1663/1663
f 1513/1513/1513 1771/1771/1771 1309/1309/1309
f 1546/1546/1546 1548/1548/1548 1423/1423/1423
f 1547/1547/1547 1358/1358/1358 1364/1364/1364
f 1318/1318/1318 1668/1668/1668 1667/1667/1667
f 1606/1606/1606 1668/1668/1668 1609/1609/1609
f 1610/1610/1610 1669/1669/1669 1716/1716/1716
f 1425/1425/1425 1669/1669/1669 1608/1608/1608
f 1262/1262/1262 1671/1671/1671 1007/1007/1007
f 1427/1427/1427 1555/1555/1555 1367/1367/1367
f 1429/1429/1429 1772/1772/1772 1553/1553/1553
f 1431/1431/1431 1673/1673/1673 1773/1773/1773
f 1428/1428/1428 1611/1611/1611 1719/1719/1719
f 1435/1435/1435 1718/1718/1718 1613/1613/1613
f 1520/1520/1520 1680/1680/1680 1629/1629/1629
f 1379/1379/1379 1683/1683/1683 1336/1336/1336
f 1685/1685/1685 1632/1632/1632 1689/1689/1689
f 1386/1386/1386 1733/1733/1733 1638/1638/1638
f 1640/1640/1640 1775/1775/1775 1730/1730/1730
f 1643/1643/1643 1775/1775/1775 1640/1640/1640
f 1496/1496/1496 1735/1735/1735 1569/1569/1569
f 1526/1526/1526 1741/1741/1741 1692/1692/1692
f 1530/1530/1530 1742/1742/1742 1650/1650/1650
f 1778/1778/1778 1745/1745/1745 1779/1779/1779
f 1746/1746/1746 1745/1745/1745 1778/1778/1778
f 1576/1576/1576 1572/1572/1572 1745/1745/1745
f 1699/1699/1699 1505/1505/1505 1748/1748/1748
f 1585/1585/1585 1575/1575/1575 1780/1780/1780
f 1652/1652/1652 1585/1585/1585 1780/1780/1780
f 1710/1710/1710 1784/1784/1784 1594/1594/1594
f 1785/1785/1785 1788/1788/1788 1781/1781/1781
f 1652/1652/1652 1780/1780/1780 1756/1756/1756
f 1788/1788/1788 1758/1758/1758 1781/1781/1781
f 1515/1515/1515 1713/1713/1713 1710/1710/1710
f 1592/1592/1592 1757/1757/1757 1591/1591/1591
f 1592/1592/1592 1708/1708/1708 1757/1757/1757
f 1591/1591/1591 1757/1757/1757 1763/1763/1763
f 1311/1311/1311 1791/1791/1791 1755/1755/1755
f 1510/1510/1510 1760/1760/1760 1793/1793/1793
f 1793/1793/1793 1760/1760/1760 1769/1769/1769
f 1515/1515/1515 1659/1659/1659 1762/1762/1762
f 1596/1596/1596 1712/1712/1712 1765/1765/1765
f 1714/1714/1714 1790/1790/1790 1310/1310/1310
f 1765/1765/1765 1598/1598/1598 1596/1596/1596
f 1516/1516/1516 1767/1767/1767 1599/1599/1599
f 1663/1663/1663 1797/1797/1797 1715/1715/1715
f 1661/1661/1661 1510/1510/1510 1793/1793/1793
f 1660/1660/1660 1792/1792/1792 1798/1798/1798
f 1413/1413/1413 1601/1601/1601 1770/1770/1770
f 1666/1666/1666 1797/1797/1797 1663/1663/1663
f 1474/1474/1474 1801/1801/1801 1546/1546/1546
f 1474/1474/1474 1603/1603/1603 1801/1801/1801
f 1716/1716/1716 1802/1802/1802 1519/1519/1519
f 1425/1425/1425 1670/1670/1670 1803/1803/1803
f 1425/1425/1425 1803/1803/1803 1669/1669/1669
f 1263/1263/1263 1717/1717/1717 1672/1672/1672
f 1324/1324/1324 1804/1804/1804 1480/1480/1480
f 1551/1551/1551 1773/1773/1773 1673/1673/1673
f 1555/1555/1555 1774/1774/1774 1806/1806/1806
f 1617/1617/1617 1807/1807/1807 1612/1612/1612
f 1447/1447/1447 1620/1620/1620 1809/1809/1809
f 1447/1447/1447 1813/1813/1813 1372/1372/1372
f 1557/1557/1557 1682/1682/1682 1677/1677/1677
f 1684/1684/1684 1380/1380/1380 1720/1720/1720
f 1688/1688/1688 1722/1722/1722 1635/1635/1635
f 1729/1729/1729 1631/1631/1631 1814/1814/1814
f 1720/1720/1720 1638/1638/1638 1816/1816/1816
f 1646/1646/1646 1558/1558/1558 1819/1819/1819
f 1734/1734/1734 1646/1646/1646 1819/1819/1819
f 1562/1562/1562 1565/1565/1565 1523/1523/1523
f 1525/1525/1525 1524/1524/1524 1823/1823/1823
f 1643/1643/1643 1692/1692/1692 1775/1775/1775
f 1779/1779/1779 1824/1824/1824 1778/1778/1778
f 1778/1778/1778 1824/1824/1824 1825/1825/1825
f 1779/1779/1779 1572/1572/1572 1824/1824/1824
f 1779/1779/1779 1745/1745/1745 1572/1572/1572
f 1826/1826/1826 1777/1777/1777 1828/1828/1828
f 1778/1778/1778 1827/1827/1827 1746/1746/1746
f 1746/1746/1746 1827/1827/1827 1830/1830/1830
f 1827/1827/1827 1832/1832/1832 1830/1830/1830
f 1576/1576/1576 1746/1746/1746 1833/1833/1833
f 1746/1746/1746 1830/1830/1830 1833/1833/1833
f 1748/1748/1748 1505/1505/1505 1835/1835/1835
f 1506/1506/1506 1700/1700/1700 1750/1750/1750
f 1505/1505/1505 1749/1749/1749 1835/1835/1835
f 1833/1833/1833 1830/1830/1830 1576/1576/1576
f 1506/1506/1506 1703/1703/1703 1750/1750/1750
f 1703/1703/1703 1706/1706/1706 1754/1754/1754
f 1703/1703/1703 1754/1754/1754 1838/1838/1838
f 1705/1705/1705 1836/1836/1836 1752/1752/1752
f 1760/1760/1760 1406/1406/1406 1769/1769/1769
f 1796/1796/1796 1665/1665/1665 1839/1839/1839
f 1841/1841/1841 1839/1839/1839 1665/1665/1665
f 1544/1544/1544 1843/1843/1843 1666/1666/1666
f 1544/1544/1544 1664/1664/1664 1843/1843/1843
f 1350/1350/1350 1844/1844/1844 1402/1402/1402
f 1513/1513/1513 1847/1847/1847 1771/1771/1771
f 1546/1546/1546 1801/1801/1801 1548/1548/1548
f 1603/1603/1603 1360/1360/1360 1801/1801/1801
f 1548/1548/1548 1801/1801/1801 1360/1360/1360
f 1324/1324/1324 1848/1848/1848 1804/1804/1804
f 1325/1325/1325 1853/1853/1853 1849/1849/1849
f 1480/1480/1480 1804/1804/1804 1854/1854/1854
f 1481/1481/1481 1855/1855/1855 1551/1551/1551
f 1275/1275/1275 1674/1674/1674 1620/1620/1620
f 1812/1812/1812 1446/1446/1446 1808/1808/1808
f 1677/1677/1677 1857/1857/1857 1490/1490/1490
f 1287/1287/1287 1627/1627/1627 1630/1630/1630
f 1681/1681/1681 1683/1683/1683 1676/1676/1676
f 1684/1684/1684 1720/1720/1720 1677/1677/1677
f 1638/1638/1638 1733/1733/1733 1859/1859/1859
f 1645/1645/1645 1818/1818/1818 1726/1726/1726
f 1646/1646/1646 1727/1727/1727 1819/1819/1819
f 1776/1776/1776 1732/1732/1732 1731/1731/1731
f 1734/1734/1734 1819/1819/1819 1735/1735/1735
f 1523/1523/1523 1565/1565/1565 1822/1822/1822
f 1776/1776/1776 1694/1694/1694 1732/1732/1732
f 1570/1570/1570 1736/1736/1736 1738/1738/1738
f 1525/1525/1525 1862/1862/1862 1744/1744/1744
f 1778/1778/1778 1825/1825/1825 1863/1863/1863
f 1778/1778/1778 1863/1863/1863 1829/1829/1829
f 1827/1827/1827 1829/1829/1829 1864/1864/1864
f 1827/1827/1827 1864/1864/1864 1832/1832/1832
f 1832/1832/1832 1864/1864/1864 1865/1865/1865
f 1531/1531/1531 1748/1748/1748 1867/1867/1867
f 1747/1747/1747 1834/1834/1834 1866/1866/1866
f 1868/1868/1868 1785/1785/1785 1871/1871/1871
f 1785/1785/1785 1781/1781/1781 1830/1830/1830
f 1576/1576/1576 1830/1830/1830 1781/1781/1781
f 1702/1702/1702 1837/1837/1837 1749/1749/1749
f 1786/1786/1786 1873/1873/1873 1789/1789/1789
f 1789/1789/1789 1873/1873/1873 1875/1875/1875
f 1755/1755/1755 1791/1791/1791 1754/1754/1754
f 1713/1713/1713 1712/1712/1712 1710/1710/1710
f 1765/1765/1765 1712/1712/1712 1713/1713/1713
f 1757/1757/1757 1876/1876/1876 1763/1763/1763
f 1767/1767/1767 1880/1880/1880 1599/1599/1599
f 1766/1766/1766 1762/1762/1762 1879/1879/1879
f 1762/1762/1762 1763/1763/1763 1879/1879/1879
f 1665/1665/1665 1842/1842/1842 1841/1841/1841
f 1664/1664/1664 1309/1309/1309 1771/1771/1771
f 1350/1350/1350 1509/1509/1509 1844/1844/1844
f 1669/1669/1669 1803/1803/1803 1716/1716/1716
f 1670/1670/1670 1367/1367/1367 1803/1803/1803
f 1717/1717/1717 1882/1882/1882 1672/1672/1672
f 1671/1671/1671 1881/1881/1881 1883/1883/1883
f 1848/1848/1848 1884/1884/1884 1804/1804/1804
f 1804/1804/1804 1884/1884/1884 1854/1854/1854
f 1853/1853/1853 1325/1325/1325 1612/1612/1612
f 1671/1671/1671 1883/1883/1883 1611/1611/1611
f 1806/1806/1806 1774/1774/1774 1888/1888/1888
f 1614/1614/1614 1613/1613/1613 1889/1889/1889
f 1613/1613/1613 1718/1718/1718 1891/1891/1891
f 1615/1615/1615 1890/1890/1890 1488/1488/1488
f 1807/1807/1807 1617/1617/1617 1893/1893/1893
f 1617/1617/1617 1619/1619/1619 1893/1893/1893
f 1675/1675/1675 1488/1488/1488 1894/1894/1894
f 1809/1809/1809 1620/1620/1620 1895/1895/1895
f 1618/1618/1618 1489/1489/1489 1897/1897/1897
f 1372/1372/1372 1813/1813/1813 1809/1809/1809
f 1680/1680/1680 1724/1724/1724 1629/1629/1629
f 1720/1720/1720 1857/1857/1857 1677/1677/1677
f 1631/1631/1631 1900/1900/1900 1814/1814/1814
f 1725/1725/1725 1689/1689/1689 1632/1632/1632
f 1725/1725/1725 1817/1817/1817 1689/1689/1689
f 1735/1735/1735 1819/1819/1819 1901/1901/1901
f 1740/1740/1740 1903/1903/1903 1697/1697/1697
f 1825/1825/1825 1824/1824/1824 1905/1905/1905
f 1531/1531/1531 1906/1906/1906 1695/1695/1695
f 1530/1530/1530 1693/1693/1693 1742/1742/1742
f 1572/1572/1572 1743/1743/1743 1824/1824/1824
f 1829/1829/1829 1863/1863/1863 1864/1864/1864
f 1871/1871/1871 1832/1832/1832 1907/1907/1907
f 1871/1871/1871 1830/1830/1830 1832/1832/1832
f 1749/1749/1749 1909/1909/1909 1835/1835/1835
f 1749/1749/1749 1910/1910/1910 1909/1909/1909
f 1785/1785/1785 1830/1830/1830 1871/1871/1871
f 1787/1787/1787 1912/1912/1912 1874/1874/1874
f 1787/1787/1787 1783/1783/1783 1912/1912/1912
f 1712/1712/1712 1594/1594/1594 1784/1784/1784
f 1789/1789/1789 1875/1875/1875 1759/1759/1759
f 1759/1759/1759 1875/1875/1875 1877/1877/1877
f 1797/1797/1797 1840/1840/1840 1715/1715/1715
f 1770/1770/1770 1601/1601/1601 1914/1914/1914
f 1599/1599/1599 1880/1880/1880 1601/1601/1601
f 1664/1664/1664 1771/1771/1771 1915/1915/1915
f 1401/1401/1401 1917/1917/1917 1513/1513/1513
f 1402/1402/1402 1916/1916/1916 1400/1400/1400
f 1404/1404/1404 1918/1918/1918 1917/1917/1917
f 1513/1513/1513 1919/1919/1919 1847/1847/1847
f 1555/1555/1555 1921/1921/1921 1367/1367/1367
f 1805/1805/1805 1920/1920/1920 1554/1554/1554
f 1806/1806/1806 1888/1888/1888 1921/1921/1921
f 1551/1551/1551 1922/1922/1922 1773/1773/1773
f 1774/1774/1774 1923/1923/1923 1888/1888/1888
f 1924/1924/1924 1926/1926/1926 1928/1928/1928
f 1488/1488/1488 1890/1890/1890 1894/1894/1894
f 1620/1620/1620 1674/1674/1674 1930/1930/1930
f 1622/1622/1622 1373/1373/1373 1934/1934/1934
f 1622/1622/1622 1934/1934/1934 1626/1626/1626
f 1678/1678/1678 1623/1623/1623 1936/1936/1936
f 1723/1723/1723 1939/1939/1939 1628/1628/1628
f 1631/1631/1631 1629/1629/1629 1940/1940/1940
f 1558/1558/1558 1691/1691/1691 1819/1819/1819
f 1636/1636/1636 1941/1941/1941 1943/1943/1943
f 1695/1695/1695 1945/1945/1945 1733/1733/1733
f 1740/1740/1740 1738/1738/1738 1903/1903/1903
f 1525/1525/1525 1823/1823/1823 1946/1946/1946
f 1525/1525/1525 1946/1946/1946 1862/1862/1862
f 1825/1825/1825 1905/1905/1905 1947/1947/1947
f 1531/1531/1531 1867/1867/1867 1906/1906/1906
f 1785/1785/1785 1868/1868/1868 1781/1781/1781
f 1837/1837/1837 1753/1753/1753 1749/1749/1749
f 1784/1784/1784 1710/1710/1710 1712/1712/1712
f 1715/1715/1715 1840/1840/1840 1951/1951/1951
f 1764/1764/1764 1878/1878/1878 1952/1952/1952
f 1880/1880/1880 1954/1954/1954 1601/1601/1601
f 1661/1661/1661 1799/1799/1799 1955/1955/1955
f 1507/1507/1507 1957/1957/1957 1509/1509/1509
f 1661/1661/1661 1957/1957/1957 1507/1507/1507
f 1717/1717/1717 1961/1961/1961 1882/1882/1882
f 1551/1551/1551 1855/1855/1855 1962/1962/1962
f 1883/1883/1883 1966/1966/1966 1611/1611/1611
f 1807/1807/1807 1967/1967/1967 1612/1612/1612
f 1613/1613/1613 1968/1968/1968 1889/1889/1889
f 1613/1613/1613 1891/1891/1891 1971/1971/1971
f 1893/1893/1893 1967/1967/1967 1807/1807/1807
f 1925/1925/1925 1929/1929/1929 1927/1927/1927
f 1619/1619/1619 1973/1973/1973 1893/1893/1893
f 1619/1619/1619 1899/1899/1899 1973/1973/1973
f 1937/1937/1937 1624/1624/1624 1974/1974/1974
f 1373/1373/1373 1810/1810/1810 1934/1934/1934
f 1938/1938/1938 1980/1980/1980 1680/1680/1680
f 1680/1680/1680 1980/1980/1980 1724/1724/1724
f 1489/1489/1489 1856/1856/1856 1897/1897/1897
f 1723/1723/1723 1981/1981/1981 1939/1939/1939
f 1631/1631/1631 1940/1940/1940 1982/1982/1982
f 1631/1631/1631 1982/1982/1982 1900/1900/1900
f 1944/1944/1944 1983/1983/1983 1638/1638/1638
f 1736/1736/1736 1902/1902/1902 1903/1903/1903
f 1565/1565/1565 1568/1568/1568 1822/1822/1822
f 1944/1944/1944 1985/1985/1985 1983/1983/1983
f 1733/1733/1733 1942/1942/1942 1859/1859/1859
f 1695/1695/1695 1986/1986/1986 1945/1945/1945
f 1567/1567/1567 1566/1566/1566 1987/1987/1987
f 1648/1648/1648 1987/1987/1987 1566/1566/1566
f 1697/1697/1697 1987/1987/1987 1648/1648/1648
f 1990/1990/1990 1824/1824/1824 1860/1860/1860
f 1824/1824/1824 1990/1990/1990 1991/1991/1991
f 1905/1905/1905 1991/1991/1991 1947/1947/1947
f 1993/1993/1993 1863/1863/1863 1825/1825/1825
f 1824/1824/1824 1991/1991/1991 1905/1905/1905
f 1695/1695/1695 1906/1906/1906 1986/1986/1986
f 1864/1864/1864 1995/1995/1995 1865/1865/1865
f 1867/1867/1867 1996/1996/1996 1906/1906/1906
f 1832/1832/1832 1998/1998/1998 1907/1907/1907
f 1871/1871/1871 1907/1907/1907 2000/2000/2000
f 1872/1872/1872 2004/2004/2004 1869/1869/1869
f 1749/1749/1749 2005/2005/2005 1910/1910/1910
f 1790/1790/1790 2006/2006/2006 1751/1751/1751
f 1790/1790/1790 1714/1714/1714 2006/2006/2006
f 1764/1764/1764 1952/1952/1952 1880/1880/1880
f 1600/1600/1600 1953/1953/1953 1913/1913/1913
f 1800/1800/1800 1794/1794/1794 1956/1956/1956
f 1771/1771/1771 2010/2010/2010 1915/1915/1915
f 1661/1661/1661 1955/1955/1955 1957/1957/1957
f 1847/1847/1847 2010/2010/2010 1771/1771/1771
f 1717/1717/1717 1519/1519/1519 1961/1961/1961
f 1519/1519/1519 1802/1802/1802 1961/1961/1961
f 1849/1849/1849 1853/1853/1853 1887/1887/1887
f 1883/1883/1883 1881/1881/1881 2011/2011/2011
f 1883/1883/1883 2011/2011/2011 1966/1966/1966
f 1613/1613/1613 1971/1971/1971 1968/1968/1968
f 1719/1719/1719 2015/2015/2015 1892/1892/1892
f 1719/1719/1719 2019/2019/2019 2015/2015/2015
f 1891/1891/1891 2013/2013/2013 2016/2016/2016
f 1890/1890/1890 2021/2021/2021 1894/1894/1894
f 1811/1811/1811 1896/1896/1896 2023/2023/2023
f 1810/1810/1810 2022/2022/2022 1934/1934/1934
f 1724/1724/1724 1980/1980/1980 1982/1982/1982
f 1720/1720/1720 1816/1816/1816 1899/1899/1899
f 1821/1821/1821 1729/1729/1729 1814/1814/1814
f 1737/1737/1737 1904/1904/1904 1739/1739/1739
f 1636/1636/1636 1858/1858/1858 1941/1941/1941
f 1984/1984/1984 1943/1943/1943 1941/1941/1941
f 1985/1985/1985 2025/2025/2025 1983/1983/1983
f 1945/1945/1945 1942/1942/1942 1733/1733/1733
f 1825/1825/1825 1947/1947/1947 1993/1993/1993
f 1990/1990/1990 1860/1860/1860 1991/1991/1991
f 1863/1863/1863 1993/1993/1993 1864/1864/1864
f 1824/1824/1824 1743/1743/1743 1860/1860/1860
f 1864/1864/1864 1993/1993/1993 1995/1995/1995
f 1865/1865/1865 2027/2027/2027 1832/1832/1832
f 1831/1831/1831 2026/2026/2026 1997/1997/1997
f 1867/1867/1867 1835/1835/1835 2029/2029/2029
f 1835/1835/1835 1909/1909/1909 2029/2029/2029
f 1870/1870/1870 2002/2002/2002 1999/1999/1999
f 1871/1871/1871 2000/2000/2000 2003/2003/2003
f 1910/1910/1910 2005/2005/2005 1909/1909/1909
f 1749/1749/1749 1753/1753/1753 2005/2005/2005
f 1782/1782/1782 1869/1869/1869 2031/2031/2031
f 1874/1874/1874 1912/1912/1912 2033/2033/2033
f 1715/1715/1715 1951/1951/1951 2008/2008/2008
f 1769/1769/1769 1913/1913/1913 1793/1793/1793
f 1509/1509/1509 1957/1957/1957 1844/1844/1844
f 1803/1803/1803 2034/2034/2034 1716/1716/1716
f 1855/1855/1855 1885/1885/1885 1962/1962/1962
f 1719/1719/1719 1611/1611/1611 2019/2019/2019
f 1891/1891/1891 2013/2013/2013 1971/1971/1971
f 1973/1973/1973 2036/2036/2036 1893/1893/1893
f 1932/1932/1932 2037/2037/2037 1621/1621/1621
f 1621/1621/1621 2037/2037/2037 1896/1896/1896
f 1980/1980/1980 1938/1938/1938 2038/2038/2038
f 1940/1940/1940 2040/2040/2040 1982/1982/1982
f 1982/1982/1982 1940/1940/1940 2040/2040/2040
f 1981/1981/1981 2039/2039/2039 1939/1939/1939
f 1939/1939/1939 1981/1981/1981 2039/2039/2039
f 1982/1982/1982 2041/2041/2041 1900/1900/1900
f 1697/1697/1697 1903/1903/1903 2042/2042/2042
f 1946/1946/1946 1823/1823/1823 2045/2045/2045
f 1948/1948/1948 1992/1992/1992 2046/2046/2046
f 1948/1948/1948 2046/2046/2046 1994/1994/1994
f 1994/1994/1994 2046/2046/2046 2047/2047/2047
f 1995/1995/1995 2048/2048/2048 1865/1865/1865
f 1865/1865/1865 2048/2048/2048 2050/2050/2050
f 2048/2048/2048 2051/2051/2051 2050/2050/2050
f 1867/1867/1867 2029/2029/2029 1996/1996/1996
f 1907/1907/1907 1998/1998/1998 2027/2027/2027
f 1908/1908/1908 2028/2028/2028 2001/2001/2001
f 2001/2001/2001 2028/2028/2028 2004/2004/2004
f 2005/2005/2005 1753/1753/1753 1950/1950/1950
f 2007/2007/2007 1950/1950/1950 1753/1753/1753
f 1782/1782/1782 2031/2031/2031 1911/1911/1911
f 1847/1847/1847 1919/1919/1919 2010/2010/2010
f 1803/1803/1803 2052/2052/2052 2034/2034/2034
f 2053/2053/2053 1886/1886/1886 1850/1850/1850
f 1966/1966/1966 2011/2011/2011 2055/2055/2055
f 1611/1611/1611 1966/1966/1966 2019/2019/2019
f 1612/1612/1612 1967/1967/1967 1853/1853/1853
f 1853/1853/1853 1967/1967/1967 2062/2062/2062
f 1968/1968/1968 1971/1971/1971 2016/2016/2016
f 1970/1970/1970 2064/2064/2064 1890/1890/1890
f 2017/2017/2017 1972/1972/1972 2014/2014/2014
f 1890/1890/1890 2064/2064/2064 2021/2021/2021
f 1894/1894/1894 2066/2066/2066 1675/1675/1675
f 1932/1932/1932 1675/1675/1675 2066/2066/2066
f 1896/1896/1896 2037/2037/2037 2023/2023/2023
f 1938/1938/1938 1979/1979/1979 2069/2069/2069
f 1625/1625/1625 1933/1933/1933 1975/1975/1975
f 2038/2038/2038 1938/1938/1938 2069/2069/2069
f 2038/2038/2038 2069/2069/2069 1980/1980/1980
f 1980/1980/1980 2071/2071/2071 1982/1982/1982
f 1980/1980/1980 2069/2069/2069 2071/2071/2071
f 1981/1981/1981 2070/2070/2070 2039/2039/2039
f 1720/1720/1720 1899/1899/1899 1857/1857/1857
f 1900/1900/1900 2041/2041/2041 1814/1814/1814
f 1814/1814/1814 2041/2041/2041 2072/2072/2072
f 1815/1815/1815 1637/1637/1637 2073/2073/2073
f 1698/1698/1698 2043/2043/2043 1988/1988/1988
f 1984/1984/1984 1941/1941/1941 2024/2024/2024
f 1942/1942/1942 1945/1945/1945 2076/2076/2076
f 2046/2046/2046 2077/2077/2077 2047/2047/2047
f 1991/1991/1991 1860/1860/1860 2078/2078/2078
f 1994/1994/1994 2047/2047/2047 2081/2081/2081
f 1995/1995/1995 1993/1993/1993 2080/2080/2080
f 1945/1945/1945 1986/1986/1986 2076/2076/2076
f 1865/1865/1865 2050/2050/2050 2082/2082/2082
f 1906/1906/1906 1996/1996/1996 2083/2083/2083
f 1996/1996/1996 2029/2029/2029 2083/2083/2083
f 1909/1909/1909 2005/2005/2005 2029/2029/2029
f 2005/2005/2005 1950/1950/1950 2084/2084/2084
f 1950/1950/1950 2086/2086/2086 2084/2084/2084
f 1869/1869/1869 2087/2087/2087 2031/2031/2031
f 1840/1840/1840 2093/2093/2093 1951/1951/1951
f 1841/1841/1841 1842/1842/1842 2094/2094/2094
f 1913/1913/1913 1953/1953/1953 2095/2095/2095
f 1880/1880/1880 2098/2098/2098 1954/1954/1954
f 1845/1845/1845 2099/2099/2099 1403/1403/1403
f 1803/1803/1803 1367/1367/1367 2052/2052/2052
f 1887/1887/1887 2054/2054/2054 1965/1965/1965
f 1921/1921/1921 1888/1888/1888 2101/2101/2101
f 2012/2012/2012 2102/2102/2102 2056/2056/2056
f 2103/2103/2103 2057/2057/2057 1851/1851/1851
f 1923/1923/1923 1552/1552/1552 1888/1888/1888
f 1966/1966/1966 2055/2055/2055 2019/2019/2019
f 1852/1852/1852 2058/2058/2058 2104/2104/2104
f 2037/2037/2037 1932/1932/1932 2105/2105/2105
f 2106/2106/2106 1976/1976/1976 2110/2110/2110
f 2107/2107/2107 2111/2111/2111 2114/2114/2114
f 1977/1977/1977 2108/2108/2108 2112/2112/2112
f 2039/2039/2039 2070/2070/2070 2118/2118/2118
f 2041/2041/2041 2120/2120/2120 2072/2072/2072
f 1816/1816/1816 2122/2122/2122 1899/1899/1899
f 1814/1814/1814 2072/2072/2072 2124/2124/2124
f 1821/1821/1821 1814/1814/1814 2124/2124/2124
f 1638/1638/1638 1983/1983/1983 2074/2074/2074
f 1903/1903/1903 1902/1902/1902 2126/2126/2126
f 1992/1992/1992 2079/2079/2079 2077/2077/2077
f 2046/2046/2046 1992/1992/1992 2077/2077/2077
f 2047/2047/2047 2077/2077/2077 2081/2081/2081
f 2051/2051/2051 2048/2048/2048 2127/2127/2127
f 1986/1986/1986 1906/1906/1906 2076/2076/2076
f 2082/2082/2082 2027/2027/2027 1865/1865/1865
f 2028/2028/2028 2130/2130/2130 2004/2004/2004
f 2005/2005/2005 2084/2084/2084 2029/2029/2029
f 1874/1874/1874 2033/2033/2033 2132/2132/2132
f 1913/1913/1913 1955/1955/1955 1793/1793/1793
f 1917/1917/1917 1918/1918/1918 1513/1513/1513
f 1404/1404/1404 2100/2100/2100 1918/1918/1918
f 2054/2054/2054 1853/1853/1853 1965/1965/1965
f 1853/1853/1853 2062/2062/2062 1965/1965/1965
f 1888/1888/1888 1552/1552/1552 1964/1964/1964
f 1894/1894/1894 2021/2021/2021 2134/2134/2134
f 1894/1894/1894 2134/2134/2134 2066/2066/2066
f 2105/2105/2105 1932/1932/1932 2117/2117/2117
f 2117/2117/2117 2135/2135/2135 2105/2105/2105
f 2105/2105/2105 2135/2135/2135 2037/2037/2037
f 2109/2109/2109 2115/2115/2115 2113/2113/2113
f 1934/1934/1934 2068/2068/2068 1978/1978/1978
f 1935/1935/1935 1979/1979/1979 2069/2069/2069
f 1975/1975/1975 1933/1933/1933 2067/2067/2067
f 1901/1901/1901 2136/2136/2136 2125/2125/2125
f 1903/1903/1903 2126/2126/2126 2137/2137/2137
f 2051/2051/2051 2139/2139/2139 2050/2050/2050
f 2050/2050/2050 2139/2139/2139 2142/2142/2142
f 2024/2024/2024 2075/2075/2075 2144/2144/2144
f 2024/2024/2024 1941/1941/1941 2075/2075/2075
f 1995/1995/1995 2080/2080/2080 2048/2048/2048
f 1906/1906/1906 2083/2083/2083 2076/2076/2076
f 2050/2050/2050 2142/2142/2142 2082/2082/2082
f 2004/2004/2004 2130/2130/2130 1869/1869/1869
f 1875/1875/1875 1873/1873/1873 2131/2131/2131
f 1839/1839/1839 1841/1841/1841 2092/2092/2092
f 1878/1878/1878 2147/2147/2147 1952/1952/1952
f 1841/1841/1841 2094/2094/2094 2149/2149/2149
f 1880/1880/1880 1952/1952/1952 2147/2147/2147
f 1842/1842/1842 2150/2150/2150 2094/2094/2094
f 2152/2152/2152 1956/1956/1956 1794/1794/1794
f 1954/1954/1954 2098/2098/2098 2155/2155/2155
f 1882/1882/1882 1961/1961/1961 2156/2156/2156
f 1963/1963/1963 2061/2061/2061 2157/2157/2157
f 2012/2012/2012 1882/1882/1882 2156/2156/2156
f 1888/1888/1888 1964/1964/1964 2101/2101/2101
f 1970/1970/1970 2159/2159/2159 2161/2161/2161
f 1970/1970/1970 2161/2161/2161 2064/2064/2064
f 1969/1969/1969 2018/2018/2018 2162/2162/2162
f 2059/2059/2059 2164/2164/2164 2168/2168/2168
f 2021/2021/2021 2064/2064/2064 2134/2134/2134
f 1967/1967/1967 2174/2174/2174 2062/2062/2062
f 1967/1967/1967 1893/1893/1893 2174/2174/2174
f 1931/1931/1931 2065/2065/2065 2116/2116/2116
f 1893/1893/1893 2036/2036/2036 2174/2174/2174
f 2135/2135/2135 2177/2177/2177 2037/2037/2037
f 2037/2037/2037 2180/2180/2180 2023/2023/2023
f 1973/1973/1973 1899/1899/1899 2036/2036/2036
f 2068/2068/2068 1934/1934/1934 2181/2181/2181
f 2118/2118/2118 2185/2185/2185 2039/2039/2039
f 2040/2040/2040 2186/2186/2186 1982/1982/1982
f 2187/2187/2187 1898/1898/1898 2121/2121/2121
f 1901/1901/1901 1819/1819/1819 2136/2136/2136
f 1983/1983/1983 2189/2189/2189 2074/2074/2074
f 2045/2045/2045 2191/2191/2191 1946/1946/1946
f 1568/1568/1568 1989/1989/1989 2192/2192/2192
f 2051/2051/2051 2193/2193/2193 2139/2139/2139
f 1862/1862/1862 1946/1946/1946 2191/2191/2191
f 2196/2196/2196 2078/2078/2078 1860/1860/1860
f 2025/2025/2025 2145/2145/2145 1983/1983/1983
f 2049/2049/2049 2081/2081/2081 2128/2128/2128
f 1951/1951/1951 2093/2093/2093 2199/2199/2199
f 2092/2092/2092 1841/1841/1841 2149/2149/2149
f 1793/1793/1793 1955/1955/1955 2200/2200/2200
f 2098/2098/2098 1880/1880/1880 2147/2147/2147
f 1913/1913/1913 2095/2095/2095 2202/2202/2202
f 1913/1913/1913 2202/2202/2202 1955/1955/1955
f 1954/1954/1954 2155/2155/2155 2097/2097/2097
f 1915/1915/1915 2010/2010/2010 2205/2205/2205
f 1958/1958/1958 1956/1956/1956 2152/2152/2152
f 1919/1919/1919 1513/1513/1513 1918/1918/1918
f 1961/1961/1961 1802/1802/1802 2206/2206/2206
f 2034/2034/2034 2052/2052/2052 2207/2207/2207
f 1921/1921/1921 2101/2101/2101 2208/2208/2208
f 2012/2012/2012 2156/2156/2156 2102/2102/2102
f 2056/2056/2056 2163/2163/2163 2020/2020/2020
f 2061/2061/2061 2169/2169/2169 2209/2209/2209
f 2063/2063/2063 2211/2211/2211 2212/2212/2212
f 2064/2064/2064 2213/2213/2213 2134/2134/2134
f 2060/2060/2060 2171/2171/2171 2165/2165/2165
f 1934/1934/1934 2022/2022/2022 2181/2181/2181
f 2022/2022/2022 2178/2178/2178 2181/2181/2181
f 2070/2070/2070 2185/2185/2185 2118/2118/2118
f 1982/1982/1982 2186/2186/2186 2041/2041/2041
f 1568/1568/1568 2214/2214/2214 1822/1822/1822
f 1989/1989/1989 2217/2217/2217 2192/2192/2192
f 2197/2197/2197 2221/2221/2221 2222/2222/2222
f 2197/2197/2197 2077/2077/2077 2079/2079/2079
f 2077/2077/2077 2197/2197/2197 2222/2222/2222
f 2144/2144/2144 2075/2075/2075 2223/2223/2223
f 2076/2076/2076 2083/2083/2083 2226/2226/2226
f 2029/2029/2029 2084/2084/2084 2227/2227/2227
f 2032/2032/2032 2088/2088/2088 2230/2230/2230
f 2091/2091/2091 2148/2148/2148 2232/2232/2232
f 1843/1843/1843 1664/1664/1664 2234/2234/2234
f 1959/1959/1959 2153/2153/2153 2203/2203/2203
f 1802/1802/1802 1716/1716/1716 2206/2206/2206
f 1961/1961/1961 2206/2206/2206 2156/2156/2156
f 1921/1921/1921 2208/2208/2208 1367/1367/1367
f 1964/1964/1964 2235/2235/2235 2101/2101/2101
f 2236/2236/2236 2061/2061/2061 2209/2209/2209
f 2170/2170/2170 2237/2237/2237 2210/2210/2210
f 2167/2167/2167 2237/2237/2237 2170/2170/2170
f 2116/2116/2116 2065/2065/2065 2238/2238/2238
f 2135/2135/2135 2117/2117/2117 2177/2177/2177
f 2177/2177/2177 2243/2243/2243 2037/2037/2037
f 2136/2136/2136 1819/1819/1819 2244/2244/2244
f 1903/1903/1903 2137/2137/2137 2042/2042/2042
f 2044/2044/2044 2138/2138/2138 2218/2218/2218
f 1823/1823/1823 2215/2215/2215 2045/2045/2045
f 1568/1568/1568 2192/2192/2192 2214/2214/2214
f 2196/2196/2196 1860/1860/1860 2220/2220/2220
f 2246/2246/2246 2248/2248/2248 2128/2128/2128
f 2051/2051/2051 2127/2127/2127 2247/2247/2247
f 2081/2081/2081 2077/2077/2077 2249/2249/2249
f 2143/2143/2143 2140/2140/2140 2250/2250/2250
f 2083/2083/2083 2252/2252/2252 2226/2226/2226
f 2027/2027/2027 2082/2082/2082 2129/2129/2129
f 2085/2085/2085 2254/2254/2254 2228/2228/2228
f 2084/2084/2084 2086/2086/2086 2253/2253/2253
f 2198/2198/2198 2255/2255/2255 1949/1949/1949
f 1960/1960/1960 2204/2204/2204 1846/1846/1846
f 2034/2034/2034 2207/2207/2207 1716/1716/1716
f 1969/1969/1969 2160/2160/2160 2259/2259/2259
f 2159/2159/2159 1970/1970/1970 2260/2260/2260
f 2159/2159/2159 2260/2260/2260 2161/2161/2161
f 1969/1969/1969 2162/2162/2162 2160/2160/2160
f 2157/2157/2157 2061/2061/2061 2261/2261/2261
f 1964/1964/1964 2262/2262/2262 2235/2235/2235
f 2208/2208/2208 2263/2263/2263 1367/1367/1367
f 2102/2102/2102 2265/2265/2265 2056/2056/2056
f 2056/2056/2056 2265/2265/2265 2163/2163/2163
f 2167/2167/2167 2267/2267/2267 2237/2237/2237
f 2166/2166/2166 2268/2268/2268 2266/2266/2266
f 2174/2174/2174 2270/2270/2270 2167/2167/2167
f 2065/2065/2065 2133/2133/2133 2271/2271/2271
f 2065/2065/2065 2271/2271/2271 2238/2238/2238
f 2117/2117/2117 2240/2240/2240 2275/2275/2275
f 2117/2117/2117 2275/2275/2275 2177/2177/2177
f 2175/2175/2175 2276/2276/2276 2241/2241/2241
f 2277/2277/2277 2179/2179/2179 2242/2242/2242
f 2071/2071/2071 2069/2069/2069 2184/2184/2184
f 2188/2188/2188 2122/2122/2122 2279/2279/2279
f 2124/2124/2124 2072/2072/2072 2120/2120/2120
f 2123/2123/2123 2245/2245/2245 1820/1820/1820
f 1861/1861/1861 2190/2190/2190 2221/2221/2221
f 2128/2128/2128 2281/2281/2281 2246/2246/2246
f 2051/2051/2051 2247/2247/2247 2193/2193/2193
f 1983/1983/1983 2145/2145/2145 2189/2189/2189
f 2128/2128/2128 2081/2081/2081 2281/2281/2281
f 2082/2082/2082 2142/2142/2142 2129/2129/2129
f 2029/2029/2029 2282/2282/2282 2083/2083/2083
f 2227/2227/2227 2282/2282/2282 2029/2029/2029
f 1875/1875/1875 2284/2284/2284 1877/1877/1877
f 1877/1877/1877 2284/2284/2284 2146/2146/2146
f 2150/2150/2150 2288/2288/2288 2094/2094/2094
f 1843/1843/1843 2234/2234/2234 2151/2151/2151
f 2154/2154/2154 1795/1795/1795 2201/2201/2201
f 1955/1955/1955 2202/2202/2202 2200/2200/2200
f 2201/2201/2201 2204/2204/2204 2097/2097/2097
f 2204/2204/2204 2097/2097/2097 2289/2289/2289
f 1716/1716/1716 2207/2207/2207 2290/2290/2290
f 2206/2206/2206 1716/1716/1716 2290/2290/2290
f 1964/1964/1964 2158/2158/2158 2262/2262/2262
f 2061/2061/2061 2236/2236/2236 2261/2261/2261
f 1367/1367/1367 2263/2263/2263 2052/2052/2052
f 2236/2236/2236 2209/2209/2209 2291/2291/2291
f 2210/2210/2210 2292/2292/2292 2294/2294/2294
f 2237/2237/2237 2292/2292/2292 2210/2210/2210
f 2237/2237/2237 2296/2296/2296 2292/2292/2292
f 2237/2237/2237 2267/2267/2267 2296/2296/2296
f 2133/2133/2133 2212/2212/2212 2271/2271/2271
f 2297/2297/2297 2172/2172/2172 2299/2299/2299
f 2271/2271/2271 2301/2301/2301 2238/2238/2238
f 2274/2274/2274 2239/2239/2239 2303/2303/2303
f 2273/2273/2273 2306/2306/2306 2176/2176/2176
f 2278/2278/2278 2177/2177/2177 2308/2308/2308
f 2243/2243/2243 2305/2305/2305 2037/2037/2037
f 2278/2278/2278 2308/2308/2308 2243/2243/2243
f 2037/2037/2037 2305/2305/2305 2180/2180/2180
f 2278/2278/2278 2243/2243/2243 2312/2312/2312
f 2278/2278/2278 2184/2184/2184 2180/2180/2180
f 2071/2071/2071 2184/2184/2184 2314/2314/2314
f 2186/2186/2186 2071/2071/2071 2314/2314/2314
f 1899/1899/1899 2315/2315/2315 2036/2036/2036
f 1899/1899/1899 2188/2188/2188 2315/2315/2315
f 2122/2122/2122 2316/2316/2316 2279/2279/2279
f 2119/2119/2119 2245/2245/2245 2123/2123/2123
f 2045/2045/2045 2215/2215/2215 2319/2319/2319
f 2043/2043/2043 2216/2216/2216 1988/1988/1988
f 2320/2320/2320 2323/2323/2323 2326/2326/2326
f 2221/2221/2221 2190/2190/2190 2222/2222/2222
f 2081/2081/2081 2249/2249/2249 2281/2281/2281
f 2075/2075/2075 2225/2225/2225 2223/2223/2223
f 2143/2143/2143 2328/2328/2328 2130/2130/2130
f 1869/1869/1869 2130/2130/2130 2329/2329/2329
f 1869/1869/1869 2329/2329/2329 2087/2087/2087
f 2092/2092/2092 2233/2233/2233 2333/2333/2333
f 2149/2149/2149 2094/2094/2094 2288/2288/2288
f 1664/1664/1664 1915/1915/1915 2234/2234/2234
f 2154/2154/2154 2201/2201/2201 2335/2335/2335
f 2154/2154/2154 2335/2335/2335 2338/2338/2338
f 2010/2010/2010 2342/2342/2342 2205/2205/2205
f 2155/2155/2155 2098/2098/2098 2097/2097/2097
f 1846/1846/1846 2204/2204/2204 2289/2289/2289
f 2010/2010/2010 1919/1919/1919 2346/2346/2346
f 2261/2261/2261 2236/2236/2236 2347/2347/2347
f 2236/2236/2236 2349/2349/2349 2347/2347/2347
f 2261/2261/2261 2347/2347/2347 2157/2157/2157
f 2236/2236/2236 2351/2351/2351 2349/2349/2349
f 2236/2236/2236 2291/2291/2291 2351/2351/2351
f 2156/2156/2156 2265/2265/2265 2102/2102/2102
f 2209/2209/2209 2293/2293/2293 2355/2355/2355
f 2267/2267/2267 2270/2270/2270 2296/2296/2296
f 2174/2174/2174 2357/2357/2357 2270/2270/2270
f 2298/2298/2298 2300/2300/2300 2173/2173/2173
f 2302/2302/2302 2361/2361/2361 2240/2240/2240
f 2036/2036/2036 2362/2362/2362 2174/2174/2174
f 2243/2243/2243 2308/2308/2308 2305/2305/2305
f 2179/2179/2179 2309/2309/2309 2242/2242/2242
f 2309/2309/2309 2179/2179/2179 2363/2363/2363
f 2041/2041/2041 2186/2186/2186 2120/2120/2120
f 2214/2214/2214 2192/2192/2192 2217/2217/2217
f 2045/2045/2045 2319/2319/2319 2191/2191/2191
f 2325/2325/2325 2322/2322/2322 2327/2327/2327
f 2321/2321/2321 2194/2194/2194 2324/2324/2324
f 2248/2248/2248 2325/2325/2325 2195/2195/2195
f 2222/2222/2222 2249/2249/2249 2077/2077/2077
f 2143/2143/2143 2250/2250/2250 2365/2365/2365
f 2143/2143/2143 2365/2365/2365 2328/2328/2328
f 2282/2282/2282 2252/2252/2252 2083/2083/2083
f 2086/2086/2086 1950/1950/1950 2366/2366/2366
f 2199/2199/2199 2093/2093/2093 2334/2334/2334
f 2089/2089/2089 2368/2368/2368 2330/2330/2330
f 1875/1875/1875 2131/2131/2131 2284/2284/2284
f 2033/2033/2033 2285/2285/2285 2132/2132/2132
f 2203/2203/2203 2153/2153/2153 2336/2336/2336
f 2096/2096/2096 2203/2203/2203 2336/2336/2336
f 2349/2349/2349 2370/2370/2370 2347/2347/2347
f 2371/2371/2371 2160/2160/2160 2373/2373/2373
f 2262/2262/2262 2374/2374/2374 2235/2235/2235
f 2064/2064/2064 2161/2161/2161 2375/2375/2375
f 2209/2209/2209 2351/2351/2351 2291/2291/2291
f 2209/2209/2209 2355/2355/2355 2351/2351/2351
f 2156/2156/2156 2206/2206/2206 2265/2265/2265
f 2292/2292/2292 2376/2376/2376 2294/2294/2294
f 2292/2292/2292 2296/2296/2296 2376/2376/2376
f 2240/2240/2240 2361/2361/2361 2305/2305/2305
f 2274/2274/2274 2303/2303/2303 2307/2307/2307
f 2180/2180/2180 2305/2305/2305 2364/2364/2364
f 2278/2278/2278 2312/2312/2312 2364/2364/2364
f 2188/2188/2188 2279/2279/2279 2315/2315/2315
f 2245/2245/2245 2119/2119/2119 2377/2377/2377
f 2122/2122/2122 1816/1816/1816 2316/2316/2316
f 2325/2325/2325 2248/2248/2248 2281/2281/2281
f 2248/2248/2248 2246/2246/2246 2281/2281/2281
f 2141/2141/2141 2195/2195/2195 2379/2379/2379
f 2222/2222/2222 2190/2190/2190 2249/2249/2249
f 2140/2140/2140 2378/2378/2378 2250/2250/2250
f 2254/2254/2254 2283/2283/2283 2228/2228/2228
f 1950/1950/1950 2257/2257/2257 2366/2366/2366
f 2199/2199/2199 2334/2334/2334 2258/2258/2258
f 1918/1918/1918 2100/2100/2100 1919/1919/1919
f 2158/2158/2158 2348/2348/2348 2381/2381/2381
f 2158/2158/2158 2381/2381/2381 2262/2262/2262
f 2160/2160/2160 2162/2162/2162 2373/2373/2373
f 2354/2354/2354 2382/2382/2382 2350/2350/2350
f 2376/2376/2376 2356/2356/2356 2294/2294/2294
f 2212/2212/2212 2211/2211/2211 2271/2271/2271
f 2271/2271/2271 2211/2211/2211 2384/2384/2384
f 2302/2302/2302 2272/2272/2272 2385/2385/2385
f 2296/2296/2296 2386/2386/2386 2376/2376/2376
f 2295/2295/2295 2269/2269/2269 2387/2387/2387
f 2389/2389/2389 2310/2310/2310 2358/2358/2358
f 2391/2391/2391 2389/2389/2389 2392/2392/2392
f 2391/2391/2391 2310/2310/2310 2389/2389/2389
f 2278/2278/2278 2364/2364/2364 2399/2399/2399
f 2278/2278/2278 2399/2399/2399 2184/2184/2184
f 2314/2314/2314 2400/2400/2400 2186/2186/2186
f 2322/2322/2322 2325/2325/2325 2195/2195/2195
f 2365/2365/2365 2250/2250/2250 2401/2401/2401
f 2087/2087/2087 2329/2329/2329 2402/2402/2402
f 2230/2230/2230 2088/2088/2088 2403/2403/2403
f 2090/2090/2090 2331/2331/2331 2369/2369/2369
f 2335/2335/2335 2201/2201/2201 2405/2405/2405
f 2335/2335/2335 2405/2405/2405 2338/2338/2338
f 2201/2201/2201 2097/2097/2097 2405/2405/2405
f 1846/1846/1846 2289/2289/2289 2100/2100/2100
f 1919/1919/1919 2407/2407/2407 2346/2346/2346
f 2347/2347/2347 2370/2370/2370 2408/2408/2408
f 2371/2371/2371 2410/2410/2410 2412/2412/2412
f 2372/2372/2372 2413/2413/2413 2415/2415/2415
f 2373/2373/2373 2410/2410/2410 2371/2371/2371
f 2348/2348/2348 2417/2417/2417 2381/2381/2381
f 2372/2372/2372 2415/2415/2415 2375/2375/2375
f 2161/2161/2161 2372/2372/2372 2375/2375/2375
f 2374/2374/2374 2418/2418/2418 2235/2235/2235
f 2052/2052/2052 2290/2290/2290 2207/2207/2207
f 2383/2383/2383 2419/2419/2419 2353/2353/2353
f 2263/2263/2263 2420/2420/2420 2052/2052/2052
f 2206/2206/2206 2421/2421/2421 2265/2265/2265
f 2264/2264/2264 2422/2422/2422 2162/2162/2162
f 2211/2211/2211 2063/2063/2063 2384/2384/2384
f 2385/2385/2385 2423/2423/2423 2302/2302/2302
f 2386/2386/2386 2296/2296/2296 2425/2425/2425
f 2296/2296/2296 2388/2388/2388 2425/2425/2425
f 2426/2426/2426 2389/2389/2389 2358/2358/2358
f 2311/2311/2311 2393/2393/2393 2359/2359/2359
f 2310/2310/2310 2391/2391/2391 2392/2392/2392
f 2314/2314/2314 2430/2430/2430 2400/2400/2400
f 2120/2120/2120 2186/2186/2186 2432/2432/2432
f 2214/2214/2214 2217/2217/2217 2318/2318/2318
f 2074/2074/2074 2189/2189/2189 2434/2434/2434
f 2191/2191/2191 2319/2319/2319 2436/2436/2436
f 2224/2224/2224 2437/2437/2437 2145/2145/2145
f 2223/2223/2223 2225/2225/2225 2251/2251/2251
f 2223/2223/2223 2251/2251/2251 2438/2438/2438
f 2328/2328/2328 2441/2441/2441 2130/2130/2130
f 2130/2130/2130 2442/2442/2442 2329/2329/2329
f 2334/2334/2334 2444/2444/2444 2258/2258/2258
f 2097/2097/2097 2446/2446/2446 2289/2289/2289
f 2347/2347/2347 2408/2408/2408 2447/2447/2447
f 2412/2412/2412 2410/2410/2410 2414/2414/2414
f 2416/2416/2416 2347/2347/2347 2447/2447/2447
f 2349/2349/2349 2449/2449/2449 2370/2370/2370
f 2101/2101/2101 2235/2235/2235 2208/2208/2208
f 2162/2162/2162 2422/2422/2422 2373/2373/2373
f 2064/2064/2064 2451/2451/2451 2385/2385/2385
f 2376/2376/2376 2453/2453/2453 2356/2356/2356
f 2376/2376/2376 2386/2386/2386 2454/2454/2454
f 2425/2425/2425 2376/2376/2376 2386/2386/2386
f 2386/2386/2386 2425/2425/2425 2454/2454/2454
f 2390/2390/2390 2427/2427/2427 2394/2394/2394
f 2395/2395/2395 2428/2428/2428 2360/2360/2360
f 2174/2174/2174 2455/2455/2455 2357/2357/2357
f 2174/2174/2174 2362/2362/2362 2455/2455/2455
f 2305/2305/2305 2457/2457/2457 2364/2364/2364
f 2362/2362/2362 2459/2459/2459 2461/2461/2461
f 2182/2182/2182 2396/2396/2396 2462/2462/2462
f 2397/2397/2397 2183/2183/2183 2463/2463/2463
f 2314/2314/2314 2184/2184/2184 2469/2469/2469
f 2316/2316/2316 2470/2470/2470 2279/2279/2279
f 2316/2316/2316 1816/1816/1816 2470/2470/2470
f 2190/2190/2190 2435/2435/2435 2249/2249/2249
f 2249/2249/2249 2471/2471/2471 2281/2281/2281
f 2250/2250/2250 2378/2378/2378 2401/2401/2401
f 2282/2282/2282 2439/2439/2439 2252/2252/2252
f 2130/2130/2130 2441/2441/2441 2442/2442/2442
f 2086/2086/2086 2366/2366/2366 2253/2253/2253
f 2329/2329/2329 2442/2442/2442 2402/2402/2402
f 2285/2285/2285 2033/2033/2033 2473/2473/2473
f 2148/2148/2148 2287/2287/2287 2232/2232/2232
f 2147/2147/2147 2475/2475/2475 2477/2477/2477
f 2147/2147/2147 2477/2477/2477 2098/2098/2098
f 2098/2098/2098 2477/2477/2477 2478/2478/2478
f 2336/2336/2336 2404/2404/2404 2445/2445/2445
f 2405/2405/2405 2097/2097/2097 2446/2446/2446
f 2097/2097/2097 2478/2478/2478 2479/2479/2479
f 2098/2098/2098 2478/2478/2478 2097/2097/2097
f 2009/2009/2009 2343/2343/2343 2339/2339/2339
f 2336/2336/2336 2445/2445/2445 2096/2096/2096
f 2289/2289/2289 2480/2480/2480 2100/2100/2100
f 2370/2370/2370 2481/2481/2481 2483/2483/2483
f 2481/2481/2481 2370/2370/2370 2486/2486/2486
f 2370/2370/2370 2449/2449/2449 2486/2486/2486
f 2449/2449/2449 2349/2349/2349 2351/2351/2351
f 2263/2263/2263 2208/2208/2208 2420/2420/2420
f 2064/2064/2064 2375/2375/2375 2451/2451/2451
f 2423/2423/2423 2385/2385/2385 2451/2451/2451
f 2376/2376/2376 2454/2454/2454 2453/2453/2453
f 2454/2454/2454 2488/2488/2488 2453/2453/2453
f 2425/2425/2425 2488/2488/2488 2454/2454/2454
f 2388/2388/2388 2490/2490/2490 2425/2425/2425
f 2388/2388/2388 2270/2270/2270 2490/2490/2490
f 2362/2362/2362 2036/2036/2036 2459/2459/2459
f 2184/2184/2184 2399/2399/2399 2469/2469/2469
f 2036/2036/2036 2315/2315/2315 2494/2494/2494
f 2315/2315/2315 2498/2498/2498 2494/2494/2494
f 2430/2430/2430 2503/2503/2503 2400/2400/2400
f 2186/2186/2186 2400/2400/2400 2432/2432/2432
f 2119/2119/2119 2431/2431/2431 2377/2377/2377
f 2505/2505/2505 2507/2507/2507 2318/2318/2318
f 2138/2138/2138 2245/2245/2245 2218/2218/2218
f 2317/2317/2317 2506/2506/2506 2504/2504/2504
f 2073/2073/2073 2433/2433/2433 1815/1815/1815
f 2217/2217/2217 2510/2510/2510 2318/2318/2318
f 2318/2318/2318 2510/2510/2510 2512/2512/2512
f 2318/2318/2318 2512/2512/2512 2507/2507/2507
f 2195/2195/2195 2325/2325/2325 2379/2379/2379
f 2249/2249/2249 2435/2435/2435 2515/2515/2515
f 2145/2145/2145 2437/2437/2437 2189/2189/2189
f 2224/2224/2224 2439/2439/2439 2437/2437/2437
f 2443/2443/2443 2332/2332/2332 2256/2256/2256
f 2030/2030/2030 2229/2229/2229 2472/2472/2472
f 2150/2150/2150 2516/2516/2516 2288/2288/2288
f 1915/1915/1915 2205/2205/2205 2234/2234/2234
f 2097/2097/2097 2479/2479/2479 2446/2446/2446
f 2370/2370/2370 2483/2483/2483 2518/2518/2518
f 2370/2370/2370 2518/2518/2518 2408/2408/2408
f 2487/2487/2487 2520/2520/2520 2482/2482/2482
f 2381/2381/2381 2417/2417/2417 2522/2522/2522
f 2380/2380/2380 2521/2521/2521 2523/2523/2523
f 2381/2381/2381 2525/2525/2525 2262/2262/2262
f 2374/2374/2374 2262/2262/2262 2418/2418/2418
f 2206/2206/2206 2290/2290/2290 2526/2526/2526
f 2206/2206/2206 2526/2526/2526 2421/2421/2421
f 2235/2235/2235 2418/2418/2418 2208/2208/2208
f 2208/2208/2208 2418/2418/2418 2420/2420/2420
f 2052/2052/2052 2420/2420/2420 2290/2290/2290
f 2419/2419/2419 2383/2383/2383 2527/2527/2527
f 2383/2383/2383 2356/2356/2356 2527/2527/2527
f 2356/2356/2356 2453/2453/2453 2527/2527/2527
f 2488/2488/2488 2425/2425/2425 2453/2453/2453
f 2528/2528/2528 2464/2464/2464 2530/2530/2530
f 2362/2362/2362 2533/2533/2533 2455/2455/2455
f 2531/2531/2531 2465/2465/2465 2529/2529/2529
f 2459/2459/2459 2036/2036/2036 2461/2461/2461
f 2534/2534/2534 2539/2539/2539 2399/2399/2399
f 2036/2036/2036 2494/2494/2494 2541/2541/2541
f 2469/2469/2469 2544/2544/2544 2314/2314/2314
f 2429/2429/2429 2313/2313/2313 2499/2499/2499
f 2491/2491/2491 2495/2495/2495 2545/2545/2545
f 2319/2319/2319 2547/2547/2547 2436/2436/2436
f 2434/2434/2434 2189/2189/2189 2549/2549/2549
f 2249/2249/2249 2515/2515/2515 2471/2471/2471
f 2365/2365/2365 2401/2401/2401 2550/2550/2550
f 2365/2365/2365 2550/2550/2550 2328/2328/2328
f 2283/2283/2283 2254/2254/2254 2440/2440/2440
f 2441/2441/2441 2402/2402/2402 2442/2442/2442
f 2285/2285/2285 2473/2473/2473 2552/2552/2552
f 2285/2285/2285 2552/2552/2552 2554/2554/2554
f 2146/2146/2146 2284/2284/2284 2474/2474/2474
f 2151/2151/2151 2234/2234/2234 2517/2517/2517
f 2409/2409/2409 2556/2556/2556 2448/2448/2448
f 2482/2482/2482 2557/2557/2557 2484/2484/2484
f 2411/2411/2411 2559/2559/2559 2415/2415/2415
f 2450/2450/2450 2560/2560/2560 2487/2487/2487
f 2373/2373/2373 2561/2561/2561 2410/2410/2410
f 2262/2262/2262 2562/2562/2562 2418/2418/2418
f 2302/2302/2302 2423/2423/2423 2361/2361/2361
f 2270/2270/2270 2357/2357/2357 2490/2490/2490
f 2458/2458/2458 2532/2532/2532 2460/2460/2460
f 2036/2036/2036 2494/2494/2494 2461/2461/2461
f 2035/2035/2035 2540/2540/2540 2492/2492/2492
f 2314/2314/2314 2544/2544/2544 2503/2503/2503
f 2315/2315/2315 2564/2564/2564 2498/2498/2498
f 2279/2279/2279 2564/2564/2564 2315/2315/2315
f 2245/2245/2245 2377/2377/2377 2565/2565/2565
f 2245/2245/2245 2565/2565/2565 2218/2218/2218
f 2189/2189/2189 2437/2437/2437 2549/2549/2549
f 2441/2441/2441 2328/2328/2328 2550/2550/2550
f 2233/2233/2233 2567/2567/2567 2333/2333/2333
f 2286/2286/2286 2555/2555/2555 2475/2475/2475
f 2336/2336/2336 2569/2569/2569 2404/2404/2404
f 2344/2344/2344 2572/2572/2572 2340/2340/2340
f 2406/2406/2406 2573/2573/2573 2345/2345/2345
f 2483/2483/2483 2576/2576/2576 2518/2518/2518
f 2559/2559/2559 2579/2579/2579 2415/2415/2415
f 2482/2482/2482 2520/2520/2520 2557/2557/2557
f 2558/2558/2558 2410/2410/2410 2561/2561/2561
f 2487/2487/2487 2560/2560/2560 2520/2520/2520
f 2415/2415/2415 2579/2579/2579 2375/2375/2375
f 2450/2450/2450 2352/2352/2352 2580/2580/2580
f 2353/2353/2353 2419/2419/2419 2581/2581/2581
f 2451/2451/2451 2582/2582/2582 2423/2423/2423
f 2362/2362/2362 2461/2461/2461 2533/2533/2533
f 2459/2459/2459 2461/2461/2461 2533/2533/2533
f 2398/2398/2398 2535/2535/2535 2466/2466/2466
f 2400/2400/2400 2503/2503/2503 2432/2432/2432
f 2470/2470/2470 2583/2583/2583 2279/2279/2279
f 2219/2219/2219 2566/2566/2566 2586/2586/2586
f 2434/2434/2434 2591/2591/2591 1816/1816/1816
f 2281/2281/2281 2592/2592/2592 2325/2325/2325
f 2281/2281/2281 2595/2595/2595 2592/2592/2592
f 2515/2515/2515 2435/2435/2435 2596/2596/2596
f 2254/2254/2254 2598/2598/2598 2440/2440/2440
f 2254/2254/2254 2600/2600/2600 2598/2598/2598
f 2441/2441/2441 2550/2550/2550 2402/2402/2402
f 2258/2258/2258 2334/2334/2334 2568/2568/2568
f 2338/2338/2338 2405/2405/2405 2602/2602/2602
f 2405/2405/2405 2446/2446/2446 2603/2603/2603
f 2446/2446/2446 2479/2479/2479 2608/2608/2608
f 2100/2100/2100 2480/2480/2480 2609/2609/2609
f 1919/1919/1919 2100/2100/2100 2610/2610/2610
f 2561/2561/2561 2611/2611/2611 2558/2558/2558
f 2521/2521/2521 2612/2612/2612 2523/2523/2523
f 2262/2262/2262 2525/2525/2525 2562/2562/2562
f 2418/2418/2418 2562/2562/2562 2615/2615/2615
f 2290/2290/2290 2420/2420/2420 2616/2616/2616
f 2451/2451/2451 2375/2375/2375 2579/2579/2579
f 2419/2419/2419 2527/2527/2527 2617/2617/2617
f 2527/2527/2527 2453/2453/2453 2617/2617/2617
f 2305/2305/2305 2361/2361/2361 2619/2619/2619
f 2357/2357/2357 2455/2455/2455 2620/2620/2620
f 2455/2455/2455 2533/2533/2533 2620/2620/2620
f 2304/2304/2304 2618/2618/2618 2456/2456/2456
f 2533/2533/2533 2461/2461/2461 2621/2621/2621
f 2494/2494/2494 2623/2623/2623 2461/2461/2461
f 2540/2540/2540 2622/2622/2622 2492/2492/2492
f 2494/2494/2494 2498/2498/2498 2623/2623/2623
f 2493/2493/2493 2546/2546/2546 2496/2496/2496
f 2377/2377/2377 2624/2624/2624 2565/2565/2565
f 2508/2508/2508 2547/2547/2547 2319/2319/2319
f 2591/2591/2591 2628/2628/2628 1816/1816/1816
f 2592/2592/2592 2629/2629/2629 2325/2325/2325
f 2471/2471/2471 2515/2515/2515 2596/2596/2596
f 2439/2439/2439 2631/2631/2631 2437/2437/2437
f 2439/2439/2439 2632/2632/2632 2634/2634/2634
f 2440/2440/2440 2598/2598/2598 2633/2633/2633
f 2402/2402/2402 2550/2550/2550 2635/2635/2635
f 2402/2402/2402 2635/2635/2635 2636/2636/2636
f 2366/2366/2366 2257/2257/2257 2638/2638/2638
f 2571/2571/2571 2337/2337/2337 2601/2601/2601
f 2405/2405/2405 2603/2603/2603 2602/2602/2602
f 2446/2446/2446 2608/2608/2608 2603/2603/2603
f 2404/2404/2404 2569/2569/2569 2445/2445/2445
f 2100/2100/2100 2609/2609/2609 2610/2610/2610
f 2448/2448/2448 2556/2556/2556 2640/2640/2640
f 2448/2448/2448 2640/2640/2640 2417/2417/2417
f 2417/2417/2417 2642/2642/2642 2522/2522/2522
f 2522/2522/2522 2642/2642/2642 2644/2644/2644
f 2522/2522/2522 2644/2644/2644 2614/2614/2614
f 2560/2560/2560 2450/2450/2450 2646/2646/2646
f 2373/2373/2373 2422/2422/2422 2647/2647/2647
f 2526/2526/2526 2290/2290/2290 2648/2648/2648
f 2617/2617/2617 2649/2649/2649 2419/2419/2419
f 2451/2451/2451 2579/2579/2579 2650/2650/2650
f 2453/2453/2453 2651/2651/2651 2617/2617/2617
f 2489/2489/2489 2452/2452/2452 2424/2424/2424
f 2453/2453/2453 2425/2425/2425 2651/2651/2651
f 2453/2453/2453 2490/2490/2490 2651/2651/2651
f 2361/2361/2361 2423/2423/2423 2652/2652/2652
f 2357/2357/2357 2653/2653/2653 2490/2490/2490
f 2364/2364/2364 2457/2457/2457 2399/2399/2399
f 2461/2461/2461 2623/2623/2623 2621/2621/2621
f 2494/2494/2494 2623/2623/2623 2541/2541/2541
f 2542/2542/2542 2654/2654/2654 2500/2500/2500
f 2536/2536/2536 2656/2656/2656 2467/2467/2467
f 2468/2468/2468 2657/2657/2657 2543/2543/2543
f 2377/2377/2377 2431/2431/2431 2624/2624/2624
f 2219/2219/2219 2586/2586/2586 2660/2660/2660
f 2512/2512/2512 2662/2662/2662 2507/2507/2507
f 2434/2434/2434 2549/2549/2549 2591/2591/2591
f 2629/2629/2629 2592/2592/2592 2664/2664/2664
f 2401/2401/2401 2378/2378/2378 2666/2666/2666
f 2401/2401/2401 2666/2666/2666 2550/2550/2550
f 2439/2439/2439 2634/2634/2634 2631/2631/2631
f 2253/2253/2253 2366/2366/2366 2599/2599/2599
f 2230/2230/2230 2403/2403/2403 2637/2637/2637
f 2478/2478/2478 2477/2477/2477 2669/2669/2669
f 2445/2445/2445 2569/2569/2569 2670/2670/2670
f 2670/2670/2670 2604/2604/2604 2445/2445/2445
f 2558/2558/2558 2611/2611/2611 2671/2671/2671
f 2520/2520/2520 2560/2560/2560 2557/2557/2557
f 2561/2561/2561 2647/2647/2647 2611/2611/2611
f 2561/2561/2561 2373/2373/2373 2647/2647/2647
f 2264/2264/2264 2673/2673/2673 2422/2422/2422
f 2290/2290/2290 2616/2616/2616 2648/2648/2648
f 2265/2265/2265 2421/2421/2421 2674/2674/2674
f 2451/2451/2451 2650/2650/2650 2675/2675/2675
f 2617/2617/2617 2651/2651/2651 2649/2649/2649
f 2451/2451/2451 2675/2675/2675 2582/2582/2582
f 2357/2357/2357 2620/2620/2620 2653/2653/2653
f 2621/2621/2621 2676/2676/2676 2533/2533/2533
f 2543/2543/2543 2657/2657/2657 2655/2655/2655
f 2677/2677/2677 2681/2681/2681 2684/2684/2684
f 2681/2681/2681 2686/2686/2686 2684/2684/2684
f 2511/2511/2511 2219/2219/2219 2513/2513/2513
f 2678/2678/2678 2685/2685/2685 2687/2687/2687
f 2325/2325/2325 2629/2629/2629 2689/2689/2689
f 2325/2325/2325 2691/2691/2691 2379/2379/2379
f 2435/2435/2435 2693/2693/2693 2596/2596/2596
f 2598/2598/2598 2600/2600/2600 2367/2367/2367
f 2632/2632/2632 2597/2597/2597 2696/2696/2696
f 2635/2635/2635 2698/2698/2698 2636/2636/2636
f 2478/2478/2478 2700/2700/2700 2479/2479/2479
f 2409/2409/2409 2519/2519/2519 2556/2556/2556
f 2672/2672/2672 2702/2702/2702 2559/2559/2559
f 2611/2611/2611 2703/2703/2703 2671/2671/2671
f 2640/2640/2640 2642/2642/2642 2417/2417/2417
f 2557/2557/2557 2560/2560/2560 2704/2704/2704
f 2643/2643/2643 2641/2641/2641 2613/2613/2613
f 2615/2615/2615 2562/2562/2562 2706/2706/2706
f 2450/2450/2450 2580/2580/2580 2646/2646/2646
f 2420/2420/2420 2707/2707/2707 2616/2616/2616
f 2653/2653/2653 2709/2709/2709 2490/2490/2490
f 2490/2490/2490 2709/2709/2709 2651/2651/2651
f 2619/2619/2619 2361/2361/2361 2652/2652/2652
f 2621/2621/2621 2623/2623/2623 2676/2676/2676
f 2399/2399/2399 2710/2710/2710 2534/2534/2534
f 2655/2655/2655 2657/2657/2657 2501/2501/2501
f 2659/2659/2659 2712/2712/2712 2502/2502/2502
f 2432/2432/2432 2503/2503/2503 2626/2626/2626
f 2279/2279/2279 2583/2583/2583 2564/2564/2564
f 2624/2624/2624 2584/2584/2584 2565/2565/2565
f 2686/2686/2686 2681/2681/2681 2713/2713/2713
f 2509/2509/2509 2663/2663/2663 2548/2548/2548
f 2436/2436/2436 2547/2547/2547 2695/2695/2695
f 2281/2281/2281 2471/2471/2471 2717/2717/2717
f 2437/2437/2437 2631/2631/2631 2549/2549/2549
f 2632/2632/2632 2696/2696/2696 2634/2634/2634
f 2635/2635/2635 2550/2550/2550 2719/2719/2719
f 2635/2635/2635 2719/2719/2719 2698/2698/2698
f 2638/2638/2638 2257/2257/2257 2721/2721/2721
f 2257/2257/2257 2722/2722/2722 2724/2724/2724
f 2258/2258/2258 2568/2568/2568 2723/2723/2723
f 2231/2231/2231 2726/2726/2726 2473/2473/2473
f 2608/2608/2608 2479/2479/2479 2700/2700/2700
f 2446/2446/2446 2608/2608/2608 2289/2289/2289
f 1919/1919/1919 2610/2610/2610 2729/2729/2729
f 2559/2559/2559 2702/2702/2702 2579/2579/2579
f 2557/2557/2557 2704/2704/2704 2484/2484/2484
f 2647/2647/2647 2673/2673/2673 2730/2730/2730
f 2422/2422/2422 2673/2673/2673 2647/2647/2647
f 2419/2419/2419 2649/2649/2649 2581/2581/2581
f 2418/2418/2418 2615/2615/2615 2733/2733/2733
f 2420/2420/2420 2418/2418/2418 2733/2733/2733
f 2651/2651/2651 2709/2709/2709 2735/2735/2735
f 2653/2653/2653 2620/2620/2620 2709/2709/2709
f 2620/2620/2620 2533/2533/2533 2676/2676/2676
f 2658/2658/2658 2537/2537/2537 2711/2711/2711
f 2470/2470/2470 2628/2628/2628 2583/2583/2583
f 1816/1816/1816 2628/2628/2628 2470/2470/2470
f 2513/2513/2513 2219/2219/2219 2736/2736/2736
f 2593/2593/2593 2630/2630/2630 2665/2665/2665
f 2549/2549/2549 2739/2739/2739 2591/2591/2591
f 2280/2280/2280 2716/2716/2716 2594/2594/2594
f 2471/2471/2471 2740/2740/2740 2717/2717/2717
f 2634/2634/2634 2743/2743/2743 2631/2631/2631
f 2598/2598/2598 2367/2367/2367 2697/2697/2697
f 2699/2699/2699 2745/2745/2745 2637/2637/2637
f 2230/2230/2230 2637/2637/2637 2725/2725/2725
f 2473/2473/2473 2726/2726/2726 2747/2747/2747
f 2205/2205/2205 2748/2748/2748 2234/2234/2234
f 2670/2670/2670 2569/2569/2569 2604/2604/2604
f 2639/2639/2639 2749/2749/2749 2641/2641/2641
f 2613/2613/2613 2641/2641/2641 2524/2524/2524
f 2560/2560/2560 2646/2646/2646 2751/2751/2751
f 2562/2562/2562 2525/2525/2525 2706/2706/2706
f 2647/2647/2647 2730/2730/2730 2611/2611/2611
f 2421/2421/2421 2526/2526/2526 2752/2752/2752
f 2651/2651/2651 2735/2735/2735 2649/2649/2649
f 2623/2623/2623 2753/2753/2753 2676/2676/2676
f 2623/2623/2623 2755/2755/2755 2753/2753/2753
f 2623/2623/2623 2498/2498/2498 2755/2755/2755
f 2682/2682/2682 2756/2756/2756 2714/2714/2714
f 2679/2679/2679 2758/2758/2758 2683/2683/2683
f 2624/2624/2624 2760/2760/2760 2584/2584/2584
f 2586/2586/2586 2763/2763/2763 2660/2660/2660
f 2219/2219/2219 2660/2660/2660 2764/2764/2764
f 2588/2588/2588 2766/2766/2766 2768/2768/2768
f 2589/2589/2589 2737/2737/2737 2767/2767/2767
f 2630/2630/2630 2771/2771/2771 2690/2690/2690
f 2325/2325/2325 2689/2689/2689 2691/2691/2691
f 2471/2471/2471 2596/2596/2596 2772/2772/2772
f 2630/2630/2630 2593/2593/2593 2771/2771/2771
f 2379/2379/2379 2691/2691/2691 2667/2667/2667
f 2549/2549/2549 2774/2774/2774 2739/2739/2739
f 2551/2551/2551 2776/2776/2776 2777/2777/2777
f 2698/2698/2698 2719/2719/2719 2744/2744/2744
f 2366/2366/2366 2638/2638/2638 2778/2778/2778
f 2602/2602/2602 2603/2603/2603 2782/2782/2782
f 2605/2605/2605 2570/2570/2570 2783/2783/2783
f 2289/2289/2289 2608/2608/2608 2788/2788/2788
f 2560/2560/2560 2751/2751/2751 2704/2704/2704
f 2579/2579/2579 2702/2702/2702 2789/2789/2789
f 2645/2645/2645 2790/2790/2790 2750/2750/2750
f 2526/2526/2526 2648/2648/2648 2793/2793/2793
f 2646/2646/2646 2580/2580/2580 2791/2791/2791
f 2526/2526/2526 2794/2794/2794 2752/2752/2752
f 2421/2421/2421 2795/2795/2795 2674/2674/2674
f 2735/2735/2735 2797/2797/2797 2649/2649/2649
f 2709/2709/2709 2620/2620/2620 2799/2799/2799
f 2676/2676/2676 2799/2799/2799 2620/2620/2620
f 2399/2399/2399 2457/2457/2457 2710/2710/2710
f 2683/2683/2683 2801/2801/2801 2757/2757/2757
f 2497/2497/2497 2802/2802/2802 2754/2754/2754
f 2498/2498/2498 2564/2564/2564 2803/2803/2803
f 2502/2502/2502 2712/2712/2712 2805/2805/2805
f 2503/2503/2503 2806/2806/2806 2626/2626/2626
f 2680/2680/2680 2688/2688/2688 2759/2759/2759
f 2219/2219/2219 2764/2764/2764 2736/2736/2736
f 2663/2663/2663 2514/2514/2514 2548/2548/2548
f 2767/2767/2767 2737/2737/2737 2769/2769/2769
f 2693/2693/2693 2808/2808/2808 2596/2596/2596
f 2717/2717/2717 2592/2592/2592 2595/2595/2595
f 2740/2740/2740 2471/2471/2471 2810/2810/2810
f 2593/2593/2593 2718/2718/2718 2812/2812/2812
f 2668/2668/2668 2692/2692/2692 2551/2551/2551
f 2551/2551/2551 2692/2692/2692 2776/2776/2776
f 2631/2631/2631 2774/2774/2774 2549/2549/2549
f 2631/2631/2631 2814/2814/2814 2774/2774/2774
f 2719/2719/2719 2550/2550/2550 2815/2815/2815
f 2367/2367/2367 2779/2779/2779 2697/2697/2697
f 2638/2638/2638 2721/2721/2721 2778/2778/2778
f 2637/2637/2637 2745/2745/2745 2817/2817/2817
f 2473/2473/2473 2747/2747/2747 2552/2552/2552
f 2555/2555/2555 2820/2820/2820 2475/2475/2475
f 2475/2475/2475 2820/2820/2820 2477/2477/2477
f 2288/2288/2288 2567/2567/2567 2233/2233/2233
f 2288/2288/2288 2516/2516/2516 2821/2821/2821
f 2234/2234/2234 2748/2748/2748 2517/2517/2517
f 2601/2601/2601 2780/2780/2780 2571/2571/2571
f 2603/2603/2603 2608/2608/2608 2782/2782/2782
f 2342/2342/2342 2824/2824/2824 2205/2205/2205
f 2609/2609/2609 2826/2826/2826 2610/2610/2610
f 2289/2289/2289 2788/2788/2788 2480/2480/2480
f 2407/2407/2407 1919/1919/1919 2575/2575/2575
f 2556/2556/2556 2828/2828/2828 2640/2640/2640
f 2485/2485/2485 2830/2830/2830 2578/2578/2578
f 2671/2671/2671 2703/2703/2703 2701/2701/2701
f 2650/2650/2650 2579/2579/2579 2789/2789/2789
f 2526/2526/2526 2793/2793/2793 2794/2794/2794
f 2581/2581/2581 2649/2649/2649 2792/2792/2792
f 2649/2649/2649 2797/2797/2797 2792/2792/2792
f 2733/2733/2733 2615/2615/2615 2706/2706/2706
f 2735/2735/2735 2833/2833/2833 2797/2797/2797
f 2797/2797/2797 2833/2833/2833 2835/2835/2835
f 2652/2652/2652 2423/2423/2423 2838/2838/2838
f 2539/2539/2539 2534/2534/2534 2840/2840/2840
f 2538/2538/2538 2839/2839/2839 2712/2712/2712
f 2564/2564/2564 2842/2842/2842 2803/2803/2803
f 2625/2625/2625 2804/2804/2804 2843/2843/2843
f 2627/2627/2627 2844/2844/2844 2761/2761/2761
f 2759/2759/2759 2688/2688/2688 2715/2715/2715
f 2661/2661/2661 2845/2845/2845 2765/2765/2765
f 2846/2846/2846 2547/2547/2547 2847/2847/2847
f 2547/2547/2547 2846/2846/2846 2695/2695/2695
f 2736/2736/2736 2849/2849/2849 2513/2513/2513
f 2596/2596/2596 2851/2851/2851 2772/2772/2772
f 2593/2593/2593 2812/2812/2812 2852/2852/2852
f 2593/2593/2593 2852/2852/2852 2771/2771/2771
f 2551/2551/2551 2777/2777/2777 2816/2816/2816
f 2288/2288/2288 2821/2821/2821 2567/2567/2567
f 2478/2478/2478 2669/2669/2669 2854/2854/2854
f 2606/2606/2606 2784/2784/2784 2786/2786/2786
f 2785/2785/2785 2855/2855/2855 2787/2787/2787
f 2575/2575/2575 1919/1919/1919 2729/2729/2729
f 2611/2611/2611 2730/2730/2730 2703/2703/2703
f 2797/2797/2797 2857/2857/2857 2792/2792/2792
f 2735/2735/2735 2709/2709/2709 2833/2833/2833
f 2582/2582/2582 2858/2858/2858 2423/2423/2423
f 2619/2619/2619 2652/2652/2652 2838/2838/2838
f 2456/2456/2456 2618/2618/2618 2836/2836/2836
f 2457/2457/2457 2838/2838/2838 2710/2710/2710
f 2756/2756/2756 2800/2800/2800 2859/2859/2859
f 2756/2756/2756 2859/2859/2859 2714/2714/2714
f 2683/2683/2683 2860/2860/2860 2801/2801/2801
f 2583/2583/2583 2628/2628/2628 2861/2861/2861
f 2770/2770/2770 2738/2738/2738 2590/2590/2590
f 2596/2596/2596 2808/2808/2808 2851/2851/2851
f 2690/2690/2690 2771/2771/2771 2692/2692/2692
f 2471/2471/2471 2772/2772/2772 2810/2810/2810
f 2852/2852/2852 2741/2741/2741 2771/2771/2771
f 2811/2811/2811 2717/2717/2717 2740/2740/2740
f 2812/2812/2812 2741/2741/2741 2852/2852/2852
f 2813/2813/2813 2862/2862/2862 2773/2773/2773
f 2814/2814/2814 2631/2631/2631 2863/2863/2863
f 2777/2777/2777 2776/2776/2776 2865/2865/2865
f 2631/2631/2631 2867/2867/2867 2863/2863/2863
f 2816/2816/2816 2777/2777/2777 2869/2869/2869
f 2257/2257/2257 2724/2724/2724 2721/2721/2721
f 2820/2820/2820 2555/2555/2555 2553/2553/2553
f 2571/2571/2571 2780/2780/2780 2855/2855/2855
f 2785/2785/2785 2571/2571/2571 2855/2855/2855
f 2574/2574/2574 2822/2822/2822 2341/2341/2341
f 2519/2519/2519 2872/2872/2872 2556/2556/2556
f 2556/2556/2556 2872/2872/2872 2828/2828/2828
f 2639/2639/2639 2827/2827/2827 2749/2749/2749
f 2704/2704/2704 2829/2829/2829 2484/2484/2484
f 2790/2790/2790 2749/2749/2749 2750/2750/2750
f 2790/2790/2790 2874/2874/2874 2641/2641/2641
f 2794/2794/2794 2793/2793/2793 2752/2752/2752
f 2752/2752/2752 2793/2793/2793 2875/2875/2875
f 2525/2525/2525 2877/2877/2877 2706/2706/2706
f 2707/2707/2707 2878/2878/2878 2616/2616/2616
f 2752/2752/2752 2795/2795/2795 2421/2421/2421
f 2752/2752/2752 2875/2875/2875 2795/2795/2795
f 2673/2673/2673 2879/2879/2879 2730/2730/2730
f 2797/2797/2797 2882/2882/2882 2857/2857/2857
f 2796/2796/2796 2834/2834/2834 2881/2881/2881
f 2420/2420/2420 2733/2733/2733 2883/2883/2883
f 2832/2832/2832 2884/2884/2884 2834/2834/2834
f 2675/2675/2675 2650/2650/2650 2582/2582/2582
f 2708/2708/2708 2798/2798/2798 2831/2831/2831
f 2844/2844/2844 2807/2807/2807 2886/2886/2886
f 2841/2841/2841 2563/2563/2563 2887/2887/2887
f 2844/2844/2844 2886/2886/2886 2761/2761/2761
f 2583/2583/2583 2861/2861/2861 2889/2889/2889
f 2587/2587/2587 2761/2761/2761 2890/2890/2890
f 2585/2585/2585 2891/2891/2891 2762/2762/2762
f 2587/2587/2587 2890/2890/2890 2892/2892/2892
f 2591/2591/2591 2739/2739/2739 2893/2893/2893
f 2739/2739/2739 2774/2774/2774 2895/2895/2895
f 2771/2771/2771 2741/2741/2741 2692/2692/2692
f 2777/2777/2777 2865/2865/2865 2897/2897/2897
f 2743/2743/2743 2867/2867/2867 2631/2631/2631
f 2478/2478/2478 2854/2854/2854 2700/2700/2700
f 2575/2575/2575 2729/2729/2729 2824/2824/2824
f 2704/2704/2704 2898/2898/2898 2829/2829/2829
f 2751/2751/2751 2902/2902/2902 2704/2704/2704
f 2730/2730/2730 2701/2701/2701 2703/2703/2703
f 2641/2641/2641 2749/2749/2749 2790/2790/2790
f 2730/2730/2730 2904/2904/2904 2701/2701/2701
f 2641/2641/2641 2874/2874/2874 2524/2524/2524
f 2790/2790/2790 2856/2856/2856 2874/2874/2874
f 2856/2856/2856 2906/2906/2906 2874/2874/2874
f 2674/2674/2674 2795/2795/2795 2880/2880/2880
f 2833/2833/2833 2799/2799/2799 2907/2907/2907
f 2799/2799/2799 2676/2676/2676 2907/2907/2907
f 2423/2423/2423 2858/2858/2858 2908/2908/2908
f 2583/2583/2583 2889/2889/2889 2564/2564/2564
f 2892/2892/2892 2890/2890/2890 2909/2909/2909
f 2628/2628/2628 2591/2591/2591 2911/2911/2911
f 2845/2845/2845 2912/2912/2912 2765/2765/2765
f 2741/2741/2741 2915/2915/2915 2692/2692/2692
f 2776/2776/2776 2692/2692/2692 2915/2915/2915
f 2914/2914/2914 2740/2740/2740 2896/2896/2896
f 2915/2915/2915 2897/2897/2897 2865/2865/2865
f 2776/2776/2776 2915/2915/2915 2865/2865/2865
f 2775/2775/2775 2864/2864/2864 2913/2913/2913
f 2813/2813/2813 2916/2916/2916 2862/2862/2862
f 2777/2777/2777 2897/2897/2897 2869/2869/2869
f 2634/2634/2634 2919/2919/2919 2743/2743/2743
f 2697/2697/2697 2779/2779/2779 2921/2921/2921
f 2723/2723/2723 2568/2568/2568 2923/2923/2923
f 2553/2553/2553 2926/2926/2926 2820/2820/2820
f 2609/2609/2609 2480/2480/2480 2826/2826/2826
f 2577/2577/2577 2927/2927/2927 2519/2519/2519
f 2519/2519/2519 2927/2927/2927 2872/2872/2872
f 2750/2750/2750 2827/2827/2827 2901/2901/2901
f 2749/2749/2749 2827/2827/2827 2750/2750/2750
f 2648/2648/2648 2616/2616/2616 2878/2878/2878
f 2876/2876/2876 2524/2524/2524 2931/2931/2931
f 2876/2876/2876 2931/2931/2931 2705/2705/2705
f 2856/2856/2856 2881/2881/2881 2906/2906/2906
f 2834/2834/2834 2884/2884/2884 2881/2881/2881
f 2881/2881/2881 2884/2884/2884 2906/2906/2906
f 2650/2650/2650 2789/2789/2789 2582/2582/2582
f 2582/2582/2582 2789/2789/2789 2932/2932/2932
f 2582/2582/2582 2908/2908/2908 2858/2858/2858
f 2582/2582/2582 2933/2933/2933 2908/2908/2908
f 2423/2423/2423 2908/2908/2908 2935/2935/2935
f 2423/2423/2423 2935/2935/2935 2838/2838/2838
f 2676/2676/2676 2753/2753/2753 2937/2937/2937
f 2939/2939/2939 2710/2710/2710 2838/2838/2838
f 2840/2840/2840 2534/2534/2534 2710/2710/2710
f 2683/2683/2683 2758/2758/2758 2860/2860/2860
f 2805/2805/2805 2712/2712/2712 2885/2885/2885
f 2564/2564/2564 2889/2889/2889 2888/2888/2888
f 2591/2591/2591 2893/2893/2893 2911/2911/2911
f 2661/2661/2661 2912/2912/2912 2845/2845/2845
f 2548/2548/2548 2514/2514/2514 2940/2940/2940
f 2850/2850/2850 2941/2941/2941 2514/2514/2514
f 2514/2514/2514 2941/2941/2941 2940/2940/2940
f 2693/2693/2693 2942/2942/2942 2808/2808/2808
f 2810/2810/2810 2772/2772/2772 2944/2944/2944
f 2773/2773/2773 2862/2862/2862 2894/2894/2894
f 2740/2740/2740 2810/2810/2810 2944/2944/2944
f 2740/2740/2740 2944/2944/2944 2868/2868/2868
f 2896/2896/2896 2740/2740/2740 2868/2868/2868
f 2866/2866/2866 2742/2742/2742 2918/2918/2918
f 2746/2746/2746 2720/2720/2720 2946/2946/2946
f 2696/2696/2696 2947/2947/2947 2634/2634/2634
f 2818/2818/2818 2746/2746/2746 2948/2948/2948
f 2721/2721/2721 2949/2949/2949 2778/2778/2778
f 2637/2637/2637 2817/2817/2817 2725/2725/2725
f 2721/2721/2721 2724/2724/2724 2949/2949/2949
f 2724/2724/2724 2951/2951/2951 2949/2949/2949
f 2722/2722/2722 2951/2951/2951 2724/2724/2724
f 2552/2552/2552 2747/2747/2747 2924/2924/2924
f 2819/2819/2819 2953/2953/2953 2476/2476/2476
f 2819/2819/2819 2954/2954/2954 2953/2953/2953
f 2476/2476/2476 2953/2953/2953 2956/2956/2956
f 2476/2476/2476 2956/2956/2956 2853/2853/2853
f 2477/2477/2477 2854/2854/2854 2669/2669/2669
f 2700/2700/2700 2959/2959/2959 2608/2608/2608
f 2480/2480/2480 2788/2788/2788 2960/2960/2960
f 2827/2827/2827 2871/2871/2871 2901/2901/2901
f 2704/2704/2704 2902/2902/2902 2898/2898/2898
f 2874/2874/2874 2961/2961/2961 2524/2524/2524
f 2961/2961/2961 2931/2931/2931 2524/2524/2524
f 2705/2705/2705 2931/2931/2931 2732/2732/2732
f 2420/2420/2420 2962/2962/2962 2707/2707/2707
f 2906/2906/2906 2963/2963/2963 2874/2874/2874
f 2420/2420/2420 2883/2883/2883 2962/2962/2962
f 2884/2884/2884 2963/2963/2963 2906/2906/2906
f 2933/2933/2933 2582/2582/2582 2932/2932/2932
f 2710/2710/2710 2939/2939/2939 2967/2967/2967
f 2754/2754/2754 2802/2802/2802 2936/2936/2936
f 2840/2840/2840 2710/2710/2710 2971/2971/2971
f 2628/2628/2628 2973/2973/2973 2861/2861/2861
f 2628/2628/2628 2911/2911/2911 2973/2973/2973
f 2940/2940/2940 2974/2974/2974 2548/2548/2548
f 2661/2661/2661 2977/2977/2977 2912/2912/2912
f 2848/2848/2848 2548/2548/2548 2980/2980/2980
f 2694/2694/2694 2981/2981/2981 2984/2984/2984
f 2693/2693/2693 2983/2983/2983 2942/2942/2942
f 2917/2917/2917 2814/2814/2814 2863/2863/2863
f 2867/2867/2867 2985/2985/2985 2863/2863/2863
f 2867/2867/2867 2919/2919/2919 2985/2985/2985
f 2816/2816/2816 2986/2986/2986 2946/2946/2946
f 2720/2720/2720 2816/2816/2816 2946/2946/2946
f 2746/2746/2746 2946/2946/2946 2948/2948/2948
f 2818/2818/2818 2948/2948/2948 2988/2988/2988
f 2950/2950/2950 2921/2921/2921 2779/2779/2779
f 2723/2723/2723 2923/2923/2923 2952/2952/2952
f 2821/2821/2821 2989/2989/2989 2990/2990/2990
f 2516/2516/2516 2989/2989/2989 2821/2821/2821
f 2780/2780/2780 2993/2993/2993 2855/2855/2855
f 2781/2781/2781 2607/2607/2607 2994/2994/2994
f 2607/2607/2607 2957/2957/2957 2995/2995/2995
f 2205/2205/2205 2824/2824/2824 2748/2748/2748
f 2855/2855/2855 2997/2997/2997 2787/2787/2787
f 2788/2788/2788 2998/2998/2998 2960/2960/2960
f 2578/2578/2578 2830/2830/2830 3000/3000/3000
f 2702/2702/2702 2905/2905/2905 2789/2789/2789
f 2795/2795/2795 2875/2875/2875 3001/3001/3001
f 2789/2789/2789 2905/2905/2905 3002/3002/3002
f 2795/2795/2795 3001/3001/3001 2880/2880/2880
f 2789/2789/2789 3002/3002/3002 3003/3003/3003
f 2908/2908/2908 2933/2933/2933 2932/2932/2932
f 2837/2837/2837 2934/2934/2934 2938/2938/2938
f 2755/2755/2755 2937/2937/2937 2753/2753/2753
f 2890/2890/2890 2761/2761/2761 3004/3004/3004
f 2891/2891/2891 2975/2975/2975 2762/2762/2762
f 3005/3005/3005 2548/2548/2548 2974/2974/2974
f 2548/2548/2548 3005/3005/3005 2980/2980/2980
f 2847/2847/2847 2979/2979/2979 2846/2846/2846
f 2849/2849/2849 2736/2736/2736 3006/3006/3006
f 2862/2862/2862 2916/2916/2916 2894/2894/2894
f 2851/2851/2851 2808/2808/2808 3008/3008/3008
f 2851/2851/2851 3008/3008/3008 2772/2772/2772
f 2808/2808/2808 2942/2942/2942 3010/3010/3010
f 2863/2863/2863 3012/3012/3012 2917/2917/2917
f 2869/2869/2869 2945/2945/2945 3013/3013/3013
f 2816/2816/2816 2869/2869/2869 3014/3014/3014
f 2985/2985/2985 2919/2919/2919 2863/2863/2863
f 2634/2634/2634 3015/3015/3015 2919/2919/2919
f 2634/2634/2634 2947/2947/2947 3015/3015/3015
f 2696/2696/2696 3016/3016/3016 2947/2947/2947
f 2947/2947/2947 3016/3016/3016 3017/3017/3017
f 2696/2696/2696 2920/2920/2920 3016/3016/3016
f 2950/2950/2950 2952/2952/2952 2921/2921/2921
f 2726/2726/2726 3018/3018/3018 2747/2747/2747
f 3019/3019/3019 2924/2924/2924 3021/3021/3021
f 2747/2747/2747 3021/3021/3021 2924/2924/2924
f 2480/2480/2480 2960/2960/2960 2826/2826/2826
f 2610/2610/2610 3024/3024/3024 2729/2729/2729
f 2577/2577/2577 2999/2999/2999 2927/2927/2927
f 2648/2648/2648 2878/2878/2878 3026/3026/3026
f 2648/2648/2648 3026/3026/3026 2793/2793/2793
f 2875/2875/2875 3027/3027/3027 3001/3001/3001
f 2905/2905/2905 3029/3029/3029 3002/3002/3002
f 2730/2730/2730 3030/3030/3030 2904/2904/2904
f 2730/2730/2730 2879/2879/2879 3030/3030/3030
f 2930/2930/2930 3032/3032/3032 2731/2731/2731
f 2931/2931/2931 3034/3034/3034 3033/3033/3033
f 2961/2961/2961 3034/3034/3034 2931/2931/2931
f 2963/2963/2963 2961/2961/2961 2874/2874/2874
f 2884/2884/2884 2832/2832/2832 2963/2963/2963
f 2832/2832/2832 3036/3036/3036 2963/2963/2963
f 2789/2789/2789 3003/3003/3003 2932/2932/2932
f 2908/2908/2908 2932/2932/2932 2935/2935/2935
f 2967/2967/2967 2939/2939/2939 3044/3044/3044
f 2967/2967/2967 2971/2971/2971 2710/2710/2710
f 2840/2840/2840 2971/2971/2971 3048/3048/3048
f 2890/2890/2890 3004/3004/3004 2909/2909/2909
f 2892/2892/2892 2909/2909/2909 2978/2978/2978
f 2660/2660/2660 2763/2763/2763 2976/2976/2976
f 2940/2940/2940 2941/2941/2941 2974/2974/2974
f 2895/2895/2895 2893/2893/2893 2739/2739/2739
f 2736/2736/2736 2764/2764/2764 3006/3006/3006
f 2695/2695/2695 2846/2846/2846 3050/3050/3050
f 3009/3009/3009 2809/2809/2809 3011/3011/3011
f 2772/2772/2772 3008/3008/3008 2944/2944/2944
f 2982/2982/2982 2695/2695/2695 3053/3053/3053
f 3013/3013/3013 2945/2945/2945 3009/3009/3009
f 2984/2984/2984 2981/2981/2981 2943/2943/2943
f 2981/2981/2981 3054/3054/3054 2943/2943/2943
f 2817/2817/2817 2987/2987/2987 2725/2725/2725
f 2952/2952/2952 3056/3056/3056 2921/2921/2921
f 2567/2567/2567 2821/2821/2821 2922/2922/2922
f 2826/2826/2826 3058/3058/3058 2610/2610/2610
f 2610/2610/2610 3058/3058/3058 3024/3024/3024
f 2870/2870/2870 3059/3059/3059 2900/2900/2900
f 2830/2830/2830 3063/3063/3063 3000/3000/3000
f 2707/2707/2707 3064/3064/3064 2878/2878/2878
f 2707/2707/2707 3065/3065/3065 3064/3064/3064
f 2707/2707/2707 2962/2962/2962 3066/3066/3066
f 2962/2962/2962 2883/2883/2883 3066/3066/3066
f 3033/3033/3033 3034/3034/3034 2732/2732/2732
f 2961/2961/2961 3036/3036/3036 3034/3034/3034
f 2963/2963/2963 3036/3036/3036 2961/2961/2961
f 2833/2833/2833 2907/2907/2907 3038/3038/3038
f 2907/2907/2907 2676/2676/2676 3068/3068/3068
f 2676/2676/2676 2937/2937/2937 3069/3069/3069
f 2934/2934/2934 3042/3042/3042 2938/2938/2938
f 2964/2964/2964 3039/3039/3039 3070/3070/3070
f 2859/2859/2859 3072/3072/3072 2714/2714/2714
f 3046/3046/3046 3075/3075/3075 2839/2839/2839
f 2860/2860/2860 2758/2758/2758 3076/3076/3076
f 2839/2839/2839 3075/3075/3075 3077/3077/3077
f 2803/2803/2803 2842/2842/2842 2888/2888/2888
f 2839/2839/2839 3077/3077/3077 2712/2712/2712
f 2885/2885/2885 2712/2712/2712 3078/3078/3078
f 2761/2761/2761 3080/3080/3080 3004/3004/3004
f 2846/2846/2846 2979/2979/2979 3050/3050/3050
f 2916/2916/2916 3081/3081/3081 2894/2894/2894
f 2943/2943/2943 3054/3054/3054 3011/3011/3011
f 2981/2981/2981 3052/3052/3052 3054/3054/3054
f 2863/2863/2863 2919/2919/2919 3083/3083/3083
f 2816/2816/2816 3014/3014/3014 2986/2986/2986
f 2986/2986/2986 3084/3084/3084 2946/2946/2946
f 2920/2920/2920 3086/3086/3086 3016/3016/3016
f 2920/2920/2920 3055/3055/3055 3086/3086/3086
f 2747/2747/2747 3018/3018/3018 3021/3021/3021
f 3020/3020/3020 3087/3087/3087 2925/2925/2925
f 2819/2819/2819 2925/2925/2925 2954/2954/2954
f 2959/2959/2959 2700/2700/2700 2854/2854/2854
f 2898/2898/2898 3088/3088/3088 2829/2829/2829
f 2875/2875/2875 2793/2793/2793 3091/3091/3091
f 3028/3028/3028 2904/2904/2904 3092/3092/3092
f 3029/3029/3029 3093/3093/3093 3002/3002/3002
f 3001/3001/3001 3031/3031/3031 2880/2880/2880
f 3003/3003/3003 3002/3002/3002 3096/3096/3096
f 2676/2676/2676 3069/3069/3069 3068/3068/3068
f 2935/2935/2935 2932/2932/2932 3099/3099/3099
f 2715/2715/2715 3074/3074/3074 2759/2759/2759
f 2712/2712/2712 3077/3077/3077 3100/3100/3100
f 2909/2909/2909 3101/3101/3101 2978/2978/2978
f 2850/2850/2850 3103/3103/3103 2941/2941/2941
f 2917/2917/2917 3012/3012/3012 3082/3082/3082
f 3102/3102/3102 2849/2849/2849 3006/3006/3006
f 3053/3053/3053 2695/2695/2695 3050/3050/3050
f 3012/3012/3012 2863/2863/2863 3104/3104/3104
f 3009/3009/3009 3105/3105/3105 3013/3013/3013
f 3083/3083/3083 3107/3107/3107 2863/2863/2863
f 2869/2869/2869 3108/3108/3108 3014/3014/3014
f 2986/2986/2986 3014/3014/3014 3109/3109/3109
f 3109/3109/3109 3084/3084/3084 2986/2986/2986
f 2948/2948/2948 3084/3084/3084 3110/3110/3110
f 2948/2948/2948 2946/2946/2946 3084/3084/3084
f 3110/3110/3110 3084/3084/3084 3111/3111/3111
f 3110/3110/3110 2988/2988/2988 2948/2948/2948
f 3110/3110/3110 3111/3111/3111 2988/2988/2988
f 3016/3016/3016 3112/3112/3112 3017/3017/3017
f 3016/3016/3016 3086/3086/3086 3112/3112/3112
f 3114/3114/3114 3115/3115/3115 3116/3116/3116
f 3087/3087/3087 3020/3020/3020 3022/3022/3022
f 2954/2954/2954 2925/2925/2925 3087/3087/3087
f 2953/2953/2953 2954/2954/2954 3087/3087/3087
f 2953/2953/2953 3118/3118/3118 2956/2956/2956
f 2607/2607/2607 2995/2995/2995 2994/2994/2994
f 2989/2989/2989 2516/2516/2516 3119/3119/3119
f 2903/2903/2903 3060/3060/3060 2899/2899/2899
f 2793/2793/2793 3026/3026/3026 3091/3091/3091
f 2875/2875/2875 3121/3121/3121 3027/3027/3027
f 3027/3027/3027 3123/3123/3123 3124/3124/3124
f 2878/2878/2878 3064/3064/3064 3026/3026/3026
f 3027/3027/3027 3124/3124/3124 3001/3001/3001
f 2904/2904/2904 3095/3095/3095 3092/3092/3092
f 3030/3030/3030 3095/3095/3095 2904/2904/2904
f 3002/3002/3002 3093/3093/3093 3096/3096/3096
f 2707/2707/2707 3066/3066/3066 3065/3065/3065
f 3034/3034/3034 3036/3036/3036 3125/3125/3125
f 2907/2907/2907 3068/3068/3068 3038/3038/3038
f 2803/2803/2803 3128/3128/3128 2937/2937/2937
f 2860/2860/2860 3076/3076/3076 2801/2801/2801
f 2803/2803/2803 2888/2888/2888 3128/3128/3128
f 2712/2712/2712 3100/3100/3100 3078/3078/3078
f 2886/2886/2886 3130/3130/3130 2761/2761/2761
f 2761/2761/2761 3130/3130/3130 3080/3080/3080
f 3004/3004/3004 3080/3080/3080 3131/3131/3131
f 2893/2893/2893 3133/3133/3133 2911/2911/2911
f 2765/2765/2765 2912/2912/2912 3134/3134/3134
f 2765/2765/2765 3134/3134/3134 3007/3007/3007
f 3012/3012/3012 3104/3104/3104 3082/3082/3082
f 3009/3009/3009 3011/3011/3011 3105/3105/3105
f 3104/3104/3104 2863/2863/2863 3107/3107/3107
f 3105/3105/3105 3108/3108/3108 3013/3013/3013
f 2869/2869/2869 3013/3013/3013 3108/3108/3108
f 2919/2919/2919 3136/3136/3136 3083/3083/3083
f 3084/3084/3084 3109/3109/3109 3138/3138/3138
f 3084/3084/3084 3138/3138/3138 3111/3111/3111
f 2947/2947/2947 3017/3017/3017 3015/3015/3015
f 3111/3111/3111 3138/3138/3138 2727/2727/2727
f 2727/2727/2727 2988/2988/2988 3111/3111/3111
f 2726/2726/2726 3137/3137/3137 3018/3018/3018
f 3021/3021/3021 3018/3018/3018 3141/3141/3141
f 3056/3056/3056 2952/2952/2952 3144/3144/3144
f 3114/3114/3114 3116/3116/3116 3145/3145/3145
f 2952/2952/2952 3148/3148/3148 3144/3144/3144
f 2953/2953/2953 3087/3087/3087 3118/3118/3118
f 2995/2995/2995 3149/3149/3149 2994/2994/2994
f 2821/2821/2821 2990/2990/2990 2922/2922/2922
f 2855/2855/2855 2993/2993/2993 2997/2997/2997
f 2748/2748/2748 3120/3120/3120 2517/2517/2517
f 3027/3027/3027 3121/3121/3121 3123/3123/3123
f 3001/3001/3001 3151/3151/3151 3031/3031/3031
f 3003/3003/3003 3096/3096/3096 3154/3154/3154
f 2733/2733/2733 3066/3066/3066 2883/2883/2883
f 3127/3127/3127 3156/3156/3156 3035/3035/3035
f 3003/3003/3003 3154/3154/3154 3158/3158/3158
f 3003/3003/3003 3158/3158/3158 3099/3099/3099
f 2932/2932/2932 3003/3003/3003 3099/3099/3099
f 3099/3099/3099 3160/3160/3160 3162/3162/3162
f 2934/2934/2934 3161/3161/3161 3042/3042/3042
f 2800/2800/2800 3164/3164/3164 2859/2859/2859
f 2967/2967/2967 3071/3071/3071 2971/2971/2971
f 2909/2909/2909 3004/3004/3004 3101/3101/3101
f 2912/2912/2912 3166/3166/3166 3134/3134/3134
f 3054/3054/3054 3052/3052/3052 3168/3168/3168
f 3014/3014/3014 3108/3108/3108 3109/3109/3109
f 3138/3138/3138 3109/3109/3109 3108/3108/3108
f 2919/2919/2919 3015/3015/3015 3136/3136/3136
f 3015/3015/3015 3017/3017/3017 3112/3112/3112
f 3018/3018/3018 3137/3137/3137 3141/3141/3141
f 3022/3022/3022 3142/3142/3142 3087/3087/3087
f 3055/3055/3055 3170/3170/3170 3086/3086/3086
f 3117/3117/3117 3173/3173/3173 3174/3174/3174
f 3116/3116/3116 3115/3115/3115 3172/3172/3172
f 3056/3056/3056 3144/3144/3144 3171/3171/3171
f 3145/3145/3145 3175/3175/3175 3114/3114/3114
f 3171/3171/3171 3144/3144/3144 3177/3177/3177
f 3116/3116/3116 3178/3178/3178 3145/3145/3145
f 2923/2923/2923 2992/2992/2992 2952/2952/2952
f 2853/2853/2853 2956/2956/2956 3179/3179/3179
f 3120/3120/3120 2748/2748/2748 3181/3181/3181
f 2728/2728/2728 3023/3023/3023 3182/3182/3182
f 3060/3060/3060 2873/2873/2873 2899/2899/2899
f 3063/3063/3063 3185/3185/3185 3000/3000/3000
f 3062/3062/3062 3187/3187/3187 3184/3184/3184
f 2829/2829/2829 3088/3088/3088 3061/3061/3061
f 2875/2875/2875 3091/3091/3091 3121/3121/3121
f 3001/3001/3001 3124/3124/3124 3151/3151/3151
f 3190/3190/3190 3097/3097/3097 3191/3191/3191
f 3094/3094/3094 3189/3189/3189 3152/3152/3152
f 2734/2734/2734 3035/3035/3035 3067/3067/3067
f 3038/3038/3038 3068/3068/3068 3193/3193/3193
f 3098/3098/3098 3194/3194/3194 3159/3159/3159
f 3098/3098/3098 3195/3195/3195 3194/3194/3194
f 3157/3157/3157 3195/3195/3195 3098/3098/3098
f 2935/2935/2935 3099/3099/3099 3162/3162/3162
f 3044/3044/3044 3197/3197/3197 3071/3071/3071
f 2966/2966/2966 2970/2970/2970 3043/3043/3043
f 2965/2965/2965 3040/3040/3040 2968/2968/2968
f 3076/3076/3076 2758/2758/2758 3198/3198/3198
f 2970/2970/2970 3201/3201/3201 3047/3047/3047
f 2888/2888/2888 2889/2889/2889 3203/3203/3203
f 3078/3078/3078 3129/3129/3129 2885/2885/2885
f 2861/2861/2861 3203/3203/3203 2889/2889/2889
f 2861/2861/2861 2973/2973/2973 3203/3203/3203
f 3080/3080/3080 3206/3206/3206 3131/3131/3131
f 3101/3101/3101 3004/3004/3004 3208/3208/3208
f 3209/3209/3209 3132/3132/3132 2894/2894/2894
f 2895/2895/2895 3133/3133/3133 2893/2893/2893
f 2894/2894/2894 3081/3081/3081 3209/3209/3209
f 2980/2980/2980 3005/3005/3005 3212/3212/3212
f 2912/2912/2912 2977/2977/2977 3166/3166/3166
f 3104/3104/3104 3214/3214/3214 3082/3082/3082
f 2979/2979/2979 3211/3211/3211 3050/3050/3050
f 3104/3104/3104 3216/3216/3216 3214/3214/3214
f 3104/3104/3104 3218/3218/3218 3216/3216/3216
f 3054/3054/3054 3105/3105/3105 3011/3011/3011
f 3083/3083/3083 3221/3221/3221 3107/3107/3107
f 3083/3083/3083 3136/3136/3136 3221/3221/3221
f 3142/3142/3142 3140/3140/3140 3222/3222/3222
f 3172/3172/3172 3115/3115/3115 3223/3223/3223
f 3173/3173/3173 3224/3224/3224 3174/3174/3174
f 2993/2993/2993 3225/3225/3225 2997/2997/2997
f 2958/2958/2958 3228/3228/3228 2996/2996/2996
f 2989/2989/2989 3119/3119/3119 2990/2990/2990
f 2854/2854/2854 3231/3231/3231 2959/2959/2959
f 2854/2854/2854 3180/3180/3180 3231/3231/3231
f 2728/2728/2728 3232/3232/3232 2823/2823/2823
f 2873/2873/2873 3236/3236/3236 2899/2899/2899
f 3124/3124/3124 3123/3123/3123 3238/3238/3238
f 3241/3241/3241 3243/3243/3243 3160/3160/3160
f 3159/3159/3159 3194/3194/3194 3239/3239/3239
f 3037/3037/3037 3192/3192/3192 3126/3126/3126
f 3244/3244/3244 3153/3153/3153 3247/3247/3247
f 3246/3246/3246 3158/3158/3158 3154/3154/3154
f 3161/3161/3161 3196/3196/3196 3042/3042/3042
f 3044/3044/3044 3251/3251/3251 3253/3253/3253
f 3041/3041/3041 2969/2969/2969 3250/3250/3250
f 3071/3071/3071 3197/3197/3197 3251/3251/3251
f 3071/3071/3071 3251/3251/3251 2971/2971/2971
f 2801/2801/2801 3076/3076/3076 3165/3165/3165
f 2970/2970/2970 3043/3043/3043 3252/3252/3252
f 2970/2970/2970 3252/3252/3252 3201/3201/3201
f 3074/3074/3074 3255/3255/3255 2759/2759/2759
f 3200/3200/3200 3256/3256/3256 3045/3045/3045
f 3077/3077/3077 3075/3075/3075 3258/3258/3258
f 3260/3260/3260 3129/3129/3129 3078/3078/3078
f 3131/3131/3131 3208/3208/3208 3004/3004/3004
f 3082/3082/3082 3214/3214/3214 3263/3263/3263
f 2978/2978/2978 3101/3101/3101 3266/3266/3266
f 2941/2941/2941 3103/3103/3103 3267/3267/3267
f 3104/3104/3104 3107/3107/3107 3218/3218/3218
f 3053/3053/3053 3050/3050/3050 3169/3169/3169
f 3054/3054/3054 3168/3168/3168 3105/3105/3105
f 3168/3168/3168 3108/3108/3108 3105/3105/3105
f 3108/3108/3108 3268/3268/3268 3138/3138/3138
f 3138/3138/3138 3268/3268/3268 3168/3168/3168
f 3168/3168/3168 3269/3269/3269 3138/3138/3138
f 3140/3140/3140 3275/3275/3275 3222/3222/3222
f 3142/3142/3142 3222/3222/3222 3087/3087/3087
f 3118/3118/3118 3087/3087/3087 3275/3275/3275
f 2956/2956/2956 3118/3118/3118 3277/3277/3277
f 3144/3144/3144 3279/3279/3279 3177/3177/3177
f 2952/2952/2952 3280/3280/3280 3148/3148/3148
f 2955/2955/2955 3276/3276/3276 3281/3281/3281
f 3116/3116/3116 3284/3284/3284 3178/3178/3178
f 2826/2826/2826 2960/2960/2960 3227/3227/3227
f 2824/2824/2824 3286/3286/3286 2748/2748/2748
f 3000/3000/3000 3287/3287/3287 2928/2928/2928
f 3000/3000/3000 3185/3185/3185 3287/3287/3287
f 3123/3123/3123 3121/3121/3121 3091/3091/3091
f 3030/3030/3030 3289/3289/3289 3095/3095/3095
f 3097/3097/3097 3291/3291/3291 3191/3191/3191
f 3191/3191/3191 3291/3291/3291 3190/3190/3190
f 3155/3155/3155 3190/3190/3190 3292/3292/3292
f 3192/3192/3192 3293/3293/3293 3126/3126/3126
f 3249/3249/3249 3155/3155/3155 3292/3292/3292
f 3160/3160/3160 3297/3297/3297 3162/3162/3162
f 3157/3157/3157 3245/3245/3245 3195/3195/3195
f 2937/2937/2937 3299/3299/3299 3069/3069/3069
f 2937/2937/2937 3128/3128/3128 3299/3299/3299
f 2759/2759/2759 3255/3255/3255 3199/3199/3199
f 3047/3047/3047 3257/3257/3257 3301/3301/3301
f 3128/3128/3128 2888/2888/2888 3203/3203/3203
f 3077/3077/3077 3258/3258/3258 3100/3100/3100
f 3206/3206/3206 3130/3130/3130 3261/3261/3261
f 3080/3080/3080 3130/3130/3130 3206/3206/3206
f 3206/3206/3206 3305/3305/3305 3131/3131/3131
f 3260/3260/3260 3307/3307/3307 3205/3205/3205
f 3209/3209/3209 3081/3081/3081 3262/3262/3262
f 2978/2978/2978 3266/3266/3266 3312/3312/3312
f 3166/3166/3166 3313/3313/3313 3134/3134/3134
f 3103/3103/3103 3007/3007/3007 3315/3315/3315
f 3168/3168/3168 3268/3268/3268 3108/3108/3108
f 3270/3270/3270 3316/3316/3316 3318/3318/3318
f 3139/3139/3139 3270/3270/3270 3318/3318/3318
f 3139/3139/3139 3318/3318/3318 3274/3274/3274
f 3114/3114/3114 3323/3323/3323 3115/3115/3115
f 3086/3086/3086 3170/3170/3170 3325/3325/3325
f 3175/3175/3175 3283/3283/3283 3114/3114/3114
f 2994/2994/2994 3149/3149/3149 3327/3327/3327
f 3277/3277/3277 3118/3118/3118 3275/3275/3275
f 3283/3283/3283 3175/3175/3175 3179/3179/3179
f 2993/2993/2993 3328/3328/3328 3225/3225/3225
f 3117/3117/3117 3174/3174/3174 3285/3285/3285
f 3179/3179/3179 2956/2956/2956 3283/3283/3283
f 2952/2952/2952 3331/3331/3331 3280/3280/3280
f 2952/2952/2952 2992/2992/2992 3331/3331/3331
f 2996/2996/2996 3228/3228/3228 3150/3150/3150
f 3332/3332/3332 2823/2823/2823 3232/3232/3232
f 3120/3120/3120 3181/3181/3181 2992/2992/2992
f 2898/2898/2898 3234/3234/3234 3088/3088/3088
f 3123/3123/3123 3091/3091/3091 3335/3335/3335
f 3237/3237/3237 3122/3122/3122 3334/3334/3334
f 3124/3124/3124 3337/3337/3337 3151/3151/3151
f 3193/3193/3193 3068/3068/3068 3339/3339/3339
f 3035/3035/3035 3156/3156/3156 3067/3067/3067
f 3127/3127/3127 3295/3295/3295 3156/3156/3156
f 3160/3160/3160 3340/3340/3340 3297/3297/3297
f 3161/3161/3161 3296/3296/3296 3196/3196/3196
f 3245/3245/3245 3248/3248/3248 3341/3341/3341
f 3197/3197/3197 3297/3297/3297 3251/3251/3251
f 3076/3076/3076 3198/3198/3198 3165/3165/3165
f 3344/3344/3344 3345/3345/3345 3346/3346/3346
f 3344/3344/3344 3257/3257/3257 3345/3345/3345
f 3128/3128/3128 3352/3352/3352 3299/3299/3299
f 3075/3075/3075 3046/3046/3046 3300/3300/3300
f 3128/3128/3128 3203/3203/3203 3352/3352/3352
f 3353/3353/3353 3354/3354/3354 3355/3355/3355
f 3204/3204/3204 3306/3306/3306 3304/3304/3304
f 3131/3131/3131 3305/3305/3305 3208/3208/3208
f 3132/3132/3132 3209/3209/3209 2910/2910/2910
f 3214/3214/3214 3356/3356/3356 3263/3263/3263
f 3214/3214/3214 3357/3357/3357 3356/3356/3356
f 3266/3266/3266 3360/3360/3360 3312/3312/3312
f 2978/2978/2978 3362/3362/3362 3167/3167/3167
f 3007/3007/3007 3134/3134/3134 3364/3364/3364
f 3365/3365/3365 2974/2974/2974 2941/2941/2941
f 3167/3167/3167 3362/3362/3362 3314/3314/3314
f 3007/3007/3007 3364/3364/3364 3315/3315/3315
f 2941/2941/2941 3267/3267/3267 3365/3365/3365
f 3217/3217/3217 3213/3213/3213 3215/3215/3215
f 3218/3218/3218 3366/3366/3366 3214/3214/3214
f 3315/3315/3315 3370/3370/3370 3103/3103/3103
f 3220/3220/3220 3135/3135/3135 3106/3106/3106
f 3107/3107/3107 3136/3136/3136 3371/3371/3371
f 3169/3169/3169 3050/3050/3050 3272/3272/3272
f 3373/3373/3373 3375/3375/3375 3267/3267/3267
f 3222/3222/3222 3275/3275/3275 3087/3087/3087
f 3282/3282/3282 3322/3322/3322 3113/3113/3113
f 3170/3170/3170 3377/3377/3377 3325/3325/3325
f 3143/3143/3143 3379/3379/3379 3278/3278/3278
f 3148/3148/3148 3381/3381/3381 3144/3144/3144
f 2993/2993/2993 3326/3326/3326 3328/3328/3328
f 3178/3178/3178 3175/3175/3175 3145/3145/3145
f 2960/2960/2960 2998/2998/2998 3227/3227/3227
f 2824/2824/2824 3333/3333/3333 3286/3286/3286
f 2825/2825/2825 3226/3226/3226 3057/3057/3057
f 3182/3182/3182 3023/3023/3023 3057/3057/3057
f 2959/2959/2959 3231/3231/3231 3382/3382/3382
f 3061/3061/3061 3088/3088/3088 3234/3234/3234
f 3061/3061/3061 3234/3234/3234 3186/3186/3186
f 3238/3238/3238 3337/3337/3337 3124/3124/3124
f 3237/3237/3237 3334/3334/3334 3336/3336/3336
f 3184/3184/3184 3187/3187/3187 3383/3383/3383
f 3031/3031/3031 3386/3386/3386 3290/3290/3290
f 3190/3190/3190 3291/3291/3291 3388/3388/3388
f 3338/3338/3338 3389/3389/3389 3192/3192/3192
f 3239/3239/3239 3194/3194/3194 3392/3392/3392
f 3160/3160/3160 3396/3396/3396 3340/3340/3340
f 3160/3160/3160 3243/3243/3243 3396/3396/3396
f 3194/3194/3194 3397/3397/3397 3392/3392/3392
f 3249/3249/3249 3292/3292/3292 3399/3399/3399
f 3251/3251/3251 3297/3297/3297 3400/3400/3400
f 3400/3400/3400 3401/3401/3401 3251/3251/3251
f 3253/3253/3253 3251/3251/3251 3401/3401/3401
f 3345/3345/3345 3402/3402/3402 3346/3346/3346
f 3257/3257/3257 3201/3201/3201 3345/3345/3345
f 3344/3344/3344 3346/3346/3346 3301/3301/3301
f 3258/3258/3258 3075/3075/3075 3406/3406/3406
f 3260/3260/3260 3078/3078/3078 3408/3408/3408
f 2911/2911/2911 3210/3210/3210 2973/2973/2973
f 3413/3413/3413 3210/3210/3210 3263/3263/3263
f 3264/3264/3264 3415/3415/3415 3414/3414/3414
f 3263/3263/3263 3356/3356/3356 3416/3416/3416
f 3266/3266/3266 3101/3101/3101 3419/3419/3419
f 3101/3101/3101 3208/3208/3208 3419/3419/3419
f 2978/2978/2978 3312/3312/3312 3421/3421/3421
f 3214/3214/3214 3366/3366/3366 3357/3357/3357
f 3313/3313/3313 3361/3361/3361 3422/3422/3422
f 3370/3370/3370 3315/3315/3315 3364/3364/3364
f 3211/3211/3211 3423/3423/3423 3050/3050/3050
f 3218/3218/3218 3107/3107/3107 3425/3425/3425
f 3369/3369/3369 3363/3363/3363 3372/3372/3372
f 3370/3370/3370 3373/3373/3373 3267/3267/3267
f 3370/3370/3370 3267/3267/3267 3103/3103/3103
f 3427/3427/3427 3271/3271/3271 3049/3049/3049
f 3428/3428/3428 3430/3430/3430 3272/3272/3272
f 3273/3273/3273 3434/3434/3434 3317/3317/3317
f 3317/3317/3317 3434/3434/3434 3319/3319/3319
f 3136/3136/3136 3015/3015/3015 3436/3436/3436
f 3277/3277/3277 3438/3438/3438 3440/3440/3440
f 3275/3275/3275 3438/3438/3438 3277/3277/3277
f 3379/3379/3379 3143/3143/3143 3380/3380/3380
f 3178/3178/3178 3284/3284/3284 3441/3441/3441
f 3333/3333/3333 3233/3233/3233 3442/3442/3442
f 3288/3288/3288 3443/3443/3443 2929/2929/2929
f 3445/3445/3445 3447/3447/3447 3448/3448/3448
f 3031/3031/3031 3151/3151/3151 3386/3386/3386
f 3064/3064/3064 3065/3065/3065 3026/3026/3026
f 3190/3190/3190 3388/3388/3388 3292/3292/3292
f 3240/3240/3240 3393/3393/3393 3242/3242/3242
f 3340/3340/3340 3394/3394/3394 3398/3398/3398
f 3340/3340/3340 3398/3398/3398 3297/3297/3297
f 3194/3194/3194 3195/3195/3195 3397/3397/3397
f 3400/3400/3400 3297/3297/3297 3449/3449/3449
f 3297/3297/3297 3398/3398/3398 3449/3449/3449
f 3069/3069/3069 3450/3450/3450 3068/3068/3068
f 3195/3195/3195 3245/3245/3245 3341/3341/3341
f 3164/3164/3164 3453/3453/3453 2859/2859/2859
f 3072/3072/3072 2859/2859/2859 3453/3453/3453
f 3401/3401/3401 3456/3456/3456 3253/3253/3253
f 3457/3457/3457 3459/3459/3459 3298/3298/3298
f 3402/3402/3402 3345/3345/3345 3201/3201/3201
f 3257/3257/3257 3344/3344/3344 3301/3301/3301
f 3075/3075/3075 3300/3300/3300 3406/3406/3406
f 3100/3100/3100 3258/3258/3258 3461/3461/3461
f 3463/3463/3463 3465/3465/3465 3353/3353/3353
f 3210/3210/3210 3413/3413/3413 3467/3467/3467
f 3208/3208/3208 3305/3305/3305 3311/3311/3311
f 3208/3208/3208 3419/3419/3419 3266/3266/3266
f 3418/3418/3418 3207/3207/3207 3265/3265/3265
f 3266/3266/3266 3419/3419/3419 3360/3360/3360
f 2974/2974/2974 3212/3212/3212 3005/3005/3005
f 3312/3312/3312 3360/3360/3360 3421/3421/3421
f 2978/2978/2978 3421/3421/3421 3362/3362/3362
f 3469/3469/3469 3357/3357/3357 3366/3366/3366
f 3211/3211/3211 3471/3471/3471 3423/3423/3423
f 3365/3365/3365 3473/3473/3473 2974/2974/2974
f 3368/3368/3368 3475/3475/3475 3470/3470/3470
f 3473/3473/3473 3476/3476/3476 2974/2974/2974
f 3313/3313/3313 3364/3364/3364 3134/3134/3134
f 3219/3219/3219 3426/3426/3426 3367/3367/3367
f 3313/3313/3313 3422/3422/3422 3364/3364/3364
f 3365/3365/3365 3267/3267/3267 3473/3473/3473
f 3107/3107/3107 3371/3371/3371 3425/3425/3425
f 3429/3429/3429 3051/3051/3051 3424/3424/3424
f 3372/3372/3372 3363/3363/3363 3374/3374/3374
f 3428/3428/3428 3423/3423/3423 3430/3430/3430
f 3327/3327/3327 3267/3267/3267 3375/3375/3375
f 3477/3477/3477 3267/3267/3267 3327/3327/3327
f 3015/3015/3015 3112/3112/3112 3436/3436/3436
f 3477/3477/3477 3327/3327/3327 3223/3223/3223
f 3438/3438/3438 3431/3431/3431 3479/3479/3479
f 3440/3440/3440 3479/3479/3479 3477/3477/3477
f 3439/3439/3439 3478/3478/3478 3437/3437/3437
f 3440/3440/3440 3438/3438/3438 3479/3479/3479
f 3323/3323/3323 3477/3477/3477 3223/3223/3223
f 3438/3438/3438 3275/3275/3275 3320/3320/3320
f 3323/3323/3323 3440/3440/3440 3477/3477/3477
f 3440/3440/3440 3323/3323/3323 3283/3283/3283
f 3277/3277/3277 3440/3440/3440 3283/3283/3283
f 3176/3176/3176 3379/3379/3379 3324/3324/3324
f 3177/3177/3177 3378/3378/3378 3171/3171/3171
f 3176/3176/3176 3278/3278/3278 3379/3379/3379
f 3280/3280/3280 3331/3331/3331 3480/3480/3480
f 2991/2991/2991 3481/3481/3481 3330/3330/3330
f 2992/2992/2992 3181/3181/3181 3482/3482/3482
f 3286/3286/3286 3333/3333/3333 3442/3442/3442
f 3284/3284/3284 3483/3483/3483 3441/3441/3441
f 2748/2748/2748 3286/3286/3286 3181/3181/3181
f 3179/3179/3179 3175/3175/3175 3230/3230/3230
f 2959/2959/2959 3382/3382/3382 3229/3229/3229
f 3485/3485/3485 3486/3486/3486 3488/3488/3488
f 3485/3485/3485 3490/3490/3490 3486/3486/3486
f 3448/3448/3448 3491/3491/3491 3445/3445/3445
f 3445/3445/3445 3491/3491/3491 3492/3492/3492
f 3492/3492/3492 3494/3494/3494 3496/3496/3496
f 3492/3492/3492 3496/3496/3496 3445/3445/3445
f 3445/3445/3445 3496/3496/3496 3090/3090/3090
f 3151/3151/3151 3337/3337/3337 3386/3386/3386
f 3156/3156/3156 3295/3295/3295 3067/3067/3067
f 3068/3068/3068 3390/3390/3390 3339/3339/3339
f 3249/3249/3249 3399/3399/3399 3498/3498/3498
f 3249/3249/3249 3498/3498/3498 3499/3499/3499
f 3073/3073/3073 3454/3454/3454 3254/3254/3254
f 3252/3252/3252 3455/3455/3455 3500/3500/3500
f 3402/3402/3402 3201/3201/3201 3500/3500/3500
f 3252/3252/3252 3500/3500/3500 3201/3201/3201
f 3458/3458/3458 3508/3508/3508 3509/3509/3509
f 3457/3457/3457 3298/3298/3298 3503/3503/3503
f 3348/3348/3348 3503/3503/3503 3298/3298/3298
f 3510/3510/3510 3504/3504/3504 3349/3349/3349
f 3303/3303/3303 3514/3514/3514 3407/3407/3407
f 3259/3259/3259 3407/3407/3407 3462/3462/3462
f 3202/3202/3202 2972/2972/2972 3350/3350/3350
f 3078/3078/3078 3100/3100/3100 3461/3461/3461
f 3353/3353/3353 3465/3465/3465 3354/3354/3354
f 3260/3260/3260 3408/3408/3408 3307/3307/3307
f 3264/3264/3264 3417/3417/3417 3415/3415/3415
f 3208/3208/3208 3518/3518/3518 3419/3419/3419
f 3418/3418/3418 3515/3515/3515 3207/3207/3207
f 3419/3419/3419 3208/3208/3208 3518/3518/3518
f 3419/3419/3419 3518/3518/3518 3360/3360/3360
f 3469/3469/3469 3519/3519/3519 3357/3357/3357
f 3473/3473/3473 3267/3267/3267 3476/3476/3476
f 3272/3272/3272 3430/3430/3430 3433/3433/3433
f 3136/3136/3136 3436/3436/3436 3371/3371/3371
f 3479/3479/3479 3521/3521/3521 3477/3477/3477
f 3438/3438/3438 3320/3320/3320 3431/3431/3431
f 3112/3112/3112 3086/3086/3086 3436/3436/3436
f 3323/3323/3323 3223/3223/3223 3115/3115/3115
f 3326/3326/3326 3522/3522/3522 3328/3328/3328
f 3176/3176/3176 3324/3324/3324 3376/3376/3376
f 3148/3148/3148 3280/3280/3280 3523/3523/3523
f 3226/3226/3226 3329/3329/3329 3524/3524/3524
f 3480/3480/3480 3331/3331/3331 3482/3482/3482
f 3181/3181/3181 3526/3526/3526 3482/3482/3482
f 3286/3286/3286 3442/3442/3442 3527/3527/3527
f 3182/3182/3182 3232/3232/3232 2728/2728/2728
f 3441/3441/3441 3175/3175/3175 3178/3178/3178
f 3441/3441/3441 3483/3483/3483 3528/3528/3528
f 3490/3490/3490 3531/3531/3531 3534/3534/3534
f 3534/3534/3534 3491/3491/3491 3490/3490/3490
f 3491/3491/3491 3448/3448/3448 3490/3490/3490
f 3491/3491/3491 3534/3534/3534 3492/3492/3492
f 3448/3448/3448 3536/3536/3536 3490/3490/3490
f 3493/3493/3493 3537/3537/3537 3495/3495/3495
f 3447/3447/3447 3539/3539/3539 3448/3448/3448
f 3496/3496/3496 3494/3494/3494 3541/3541/3541
f 3444/3444/3444 3025/3025/3025 3446/3446/3446
f 3444/3444/3444 3089/3089/3089 3025/3025/3025
f 3395/3395/3395 3242/3242/3242 3543/3543/3543
f 3192/3192/3192 3389/3389/3389 3293/3293/3293
f 3498/3498/3498 3399/3399/3399 3546/3546/3546
f 3195/3195/3195 3341/3341/3341 3547/3547/3547
f 3400/3400/3400 3449/3449/3449 3552/3552/3552
f 3400/3400/3400 3552/3552/3552 3401/3401/3401
f 3401/3401/3401 3552/3552/3552 3456/3456/3456
f 3500/3500/3500 3455/3455/3455 3556/3556/3556
f 3404/3404/3404 3560/3560/3560 3563/3563/3563
f 3402/3402/3402 3500/3500/3500 3558/3558/3558
f 3509/3509/3509 3565/3565/3565 3458/3458/3458
f 3302/3302/3302 3347/3347/3347 3403/3403/3403
f 3508/3508/3508 3565/3565/3565 3509/3509/3509
f 3505/3505/3505 3566/3566/3566 3569/3569/3569
f 3355/3355/3355 3514/3514/3514 3572/3572/3572
f 3355/3355/3355 3572/3572/3572 3463/3463/3463
f 3353/3353/3353 3355/3355/3355 3463/3463/3463
f 3352/3352/3352 2973/2973/2973 3467/3467/3467
f 3079/3079/3079 3462/3462/3462 3411/3411/3411
f 3210/3210/3210 3467/3467/3467 2973/2973/2973
f 3575/3575/3575 3208/3208/3208 3578/3578/3578
f 3208/3208/3208 3311/3311/3311 3578/3578/3578
f 3208/3208/3208 3575/3575/3575 3518/3518/3518
f 3416/3416/3416 3356/3356/3356 3357/3357/3357
f 3358/3358/3358 3580/3580/3580 3417/3417/3417
f 3357/3357/3357 3519/3519/3519 3579/3579/3579
f 3420/3420/3420 3359/3359/3359 3581/3581/3581
f 2974/2974/2974 3476/3476/3476 3212/3212/3212
f 3475/3475/3475 3584/3584/3584 3470/3470/3470
f 3584/3584/3584 3475/3475/3475 3586/3586/3586
f 3430/3430/3430 3423/3423/3423 3471/3471/3471
f 3476/3476/3476 3267/3267/3267 3521/3521/3521
f 3521/3521/3521 3587/3587/3587 3476/3476/3476
f 3521/3521/3521 3431/3431/3431 3587/3587/3587
f 3521/3521/3521 3267/3267/3267 3477/3477/3477
f 3479/3479/3479 3431/3431/3431 3521/3521/3521
f 3321/3321/3321 3435/3435/3435 3432/3432/3432
f 3326/3326/3326 3374/3374/3374 3363/3363/3363
f 3326/3326/3326 3363/3363/3363 3522/3522/3522
f 3086/3086/3086 3588/3588/3588 3436/3436/3436
f 3085/3085/3085 3324/3324/3324 3146/3146/3146
f 3223/3223/3223 3327/3327/3327 3590/3590/3590
f 3379/3379/3379 3380/3380/3380 3324/3324/3324
f 3149/3149/3149 3590/3590/3590 3327/3327/3327
f 3174/3174/3174 3591/3591/3591 3484/3484/3484
f 3174/3174/3174 3484/3484/3484 3285/3285/3285
f 3441/3441/3441 3230/3230/3230 3175/3175/3175
f 3490/3490/3490 3485/3485/3485 3531/3531/3531
f 3485/3485/3485 3593/3593/3593 3531/3531/3531
f 3487/3487/3487 3594/3594/3594 3489/3489/3489
f 3493/3493/3493 3535/3535/3535 3595/3595/3595
f 3490/3490/3490 3596/3596/3596 3486/3486/3486
f 3448/3448/3448 3539/3539/3539 3536/3536/3536
f 3495/3495/3495 3537/3537/3537 3599/3599/3599
f 3496/3496/3496 3541/3541/3541 3090/3090/3090
f 2873/2873/2873 3601/3601/3601 3236/3236/3236
f 3287/3287/3287 3185/3185/3185 3602/3602/3602
f 3334/3334/3334 3090/3090/3090 3336/3336/3336
f 3065/3065/3065 3066/3066/3066 3605/3605/3605
f 3242/3242/3242 3393/3393/3393 3543/3543/3543
f 3396/3396/3396 3544/3544/3544 3340/3340/3340
f 3340/3340/3340 3544/3544/3544 3394/3394/3394
f 3390/3390/3390 3068/3068/3068 3606/3606/3606
f 3397/3397/3397 3195/3195/3195 3547/3547/3547
f 3068/3068/3068 3450/3450/3450 3608/3608/3608
f 3499/3499/3499 3343/3343/3343 3249/3249/3249
f 3299/3299/3299 3460/3460/3460 3069/3069/3069
f 3165/3165/3165 3198/3198/3198 3612/3612/3612
f 3556/3556/3556 3455/3455/3455 3551/3551/3551
f 3614/3614/3614 3563/3563/3563 3560/3560/3560
f 3502/3502/3502 3616/3616/3616 3559/3559/3559
f 3615/3615/3615 3617/3617/3617 3564/3564/3564
f 3564/3564/3564 3617/3617/3617 3405/3405/3405
f 3199/3199/3199 3255/3255/3255 3619/3619/3619
f 3458/3458/3458 3565/3565/3565 3460/3460/3460
f 3565/3565/3565 3621/3621/3621 3460/3460/3460
f 3508/3508/3508 3570/3570/3570 3565/3565/3565
f 3511/3511/3511 3622/3622/3622 3506/3506/3506
f 3407/3407/3407 3514/3514/3514 3462/3462/3462
f 3355/3355/3355 3354/3354/3354 3514/3514/3514
f 3354/3354/3354 3462/3462/3462 3514/3514/3514
f 3309/3309/3309 3409/3409/3409 3625/3625/3625
f 3414/3414/3414 3627/3627/3627 3468/3468/3468
f 3465/3465/3465 3462/3462/3462 3354/3354/3354
f 3415/3415/3415 3628/3628/3628 3414/3414/3414
f 3573/3573/3573 3308/3308/3308 3516/3516/3516
f 3575/3575/3575 3578/3578/3578 3518/3518/3518
f 3360/3360/3360 3518/3518/3518 3583/3583/3583
f 3520/3520/3520 3470/3470/3470 3629/3629/3629
f 3470/3470/3470 3584/3584/3584 3629/3629/3629
f 3476/3476/3476 3472/3472/3472 3212/3212/3212
f 3474/3474/3474 3367/3367/3367 3631/3631/3631
f 3474/3474/3474 3631/3631/3631 3632/3632/3632
f 3474/3474/3474 3632/3632/3632 3585/3585/3585
f 3476/3476/3476 3587/3587/3587 3633/3633/3633
f 3587/3587/3587 3431/3431/3431 3633/3633/3633
f 3422/3422/3422 3524/3524/3524 3364/3364/3364
f 3086/3086/3086 3147/3147/3147 3588/3588/3588
f 3146/3146/3146 3324/3324/3324 3380/3380/3380
f 3174/3174/3174 3224/3224/3224 3591/3591/3591
f 3524/3524/3524 3057/3057/3057 3226/3226/3226
f 3150/3150/3150 3635/3635/3635 3592/3592/3592
f 3280/3280/3280 3480/3480/3480 3523/3523/3523
f 3480/3480/3480 3526/3526/3526 3523/3523/3523
f 3442/3442/3442 3638/3638/3638 3527/3527/3527
f 3482/3482/3482 3526/3526/3526 3480/3480/3480
f 3442/3442/3442 3233/3233/3233 3638/3638/3638
f 3286/3286/3286 3642/3642/3642 3181/3181/3181
f 3441/3441/3441 3644/3644/3644 3230/3230/3230
f 3531/3531/3531 3593/3593/3593 3647/3647/3647
f 3485/3485/3485 3488/3488/3488 3593/3593/3593
f 3534/3534/3534 3531/3531/3531 3648/3648/3648
f 3534/3534/3534 3648/3648/3648 3651/3651/3651
f 3595/3595/3595 3535/3535/3535 3654/3654/3654
f 3490/3490/3490 3536/3536/3536 3596/3596/3596
f 2929/2929/2929 3443/3443/3443 2873/2873/2873
f 3537/3537/3537 3542/3542/3542 3599/3599/3599
f 3494/3494/3494 3598/3598/3598 3541/3541/3541
f 3603/3603/3603 3443/3443/3443 3288/3288/3288
f 3446/3446/3446 3655/3655/3655 3538/3538/3538
f 3385/3385/3385 3336/3336/3336 3656/3656/3656
f 3387/3387/3387 3660/3660/3660 3291/3291/3291
f 3026/3026/3026 3065/3065/3065 3605/3605/3605
f 3291/3291/3291 3661/3661/3661 3388/3388/3388
f 3391/3391/3391 3607/3607/3607 3294/3294/3294
f 3067/3067/3067 3663/3663/3663 3666/3666/3666
f 3067/3067/3067 3295/3295/3295 3663/3663/3663
f 3292/3292/3292 3667/3667/3667 3399/3399/3399
f 3399/3399/3399 3670/3670/3670 3546/3546/3546
f 3398/3398/3398 3548/3548/3548 3449/3449/3449
f 3449/3449/3449 3671/3671/3671 3552/3552/3552
f 3342/3342/3342 3674/3674/3674 3550/3550/3550
f 3460/3460/3460 3621/3621/3621 3069/3069/3069
f 3557/3557/3557 3553/3553/3553 3501/3501/3501
f 3303/3303/3303 3405/3405/3405 3675/3675/3675
f 3352/3352/3352 3467/3467/3467 3677/3677/3677
f 3625/3625/3625 3409/3409/3409 3679/3679/3679
f 3626/3626/3626 3680/3680/3680 3310/3310/3310
f 3465/3465/3465 3681/3681/3681 3462/3462/3462
f 3466/3466/3466 3464/3464/3464 3684/3684/3684
f 3573/3573/3573 3576/3576/3576 3308/3308/3308
f 3574/3574/3574 3517/3517/3517 3577/3577/3577
f 3573/3573/3573 3576/3576/3576 3308/3308/3308
f 3518/3518/3518 3311/3311/3311 3578/3578/3578
f 3417/3417/3417 3685/3685/3685 3415/3415/3415
f 3415/3415/3415 3685/3685/3685 3628/3628/3628
f 3518/3518/3518 3578/3578/3578 3583/3583/3583
f 3685/3685/3685 3417/3417/3417 3580/3580/3580
f 3476/3476/3476 3633/3633/3633 3472/3472/3472
f 3431/3431/3431 3472/3472/3472 3633/3633/3633
f 3422/3422/3422 3361/3361/3361 3686/3686/3686
f 3689/3689/3689 3589/3589/3589 3691/3691/3691
f 3484/3484/3484 3591/3591/3591 3634/3634/3634
f 3636/3636/3636 3232/3232/3232 3693/3693/3693
f 3150/3150/3150 3228/3228/3228 3530/3530/3530
f 3526/3526/3526 3181/3181/3181 3695/3695/3695
f 3528/3528/3528 3644/3644/3644 3441/3441/3441
f 3382/3382/3382 3646/3646/3646 3229/3229/3229
f 3382/3382/3382 3231/3231/3231 3646/3646/3646
f 3533/3533/3533 3698/3698/3698 3700/3700/3700
f 3531/3531/3531 3701/3701/3701 3648/3648/3648
f 3595/3595/3595 3654/3654/3654 3493/3493/3493
f 3493/3493/3493 3654/3654/3654 3537/3537/3537
f 2873/2873/2873 3443/3443/3443 3601/3601/3601
f 3336/3336/3336 3090/3090/3090 3541/3541/3541
f 3655/3655/3655 3025/3025/3025 3604/3604/3604
f 3446/3446/3446 3025/3025/3025 3655/3655/3655
f 3235/3235/3235 3600/3600/3600 3188/3188/3188
f 3291/3291/3291 3703/3703/3703 3661/3661/3661
f 3384/3384/3384 3188/3188/3188 3706/3706/3706
f 3067/3067/3067 3707/3707/3707 3709/3709/3709
f 3068/3068/3068 3608/3608/3608 3606/3606/3606
f 3449/3449/3449 3548/3548/3548 3671/3671/3671
f 3552/3552/3552 3671/3671/3671 3710/3710/3710
f 3498/3498/3498 3713/3713/3713 3499/3499/3499
f 3549/3549/3549 3711/3711/3711 3672/3672/3672
f 3711/3711/3711 3549/3549/3549 3715/3715/3715
f 3711/3711/3711 3715/3715/3715 3718/3718/3718
f 3069/3069/3069 3621/3621/3621 3719/3719/3719
f 3502/3502/3502 3717/3717/3717 3616/3616/3616
f 3616/3616/3616 3717/3717/3717 3714/3714/3714
f 3502/3502/3502 3554/3554/3554 3717/3717/3717
f 3343/3343/3343 3499/3499/3499 3721/3721/3721
f 3343/3343/3343 3721/3721/3721 3724/3724/3724
f 3342/3342/3342 3723/3723/3723 3674/3674/3674
f 3560/3560/3560 3726/3726/3726 3614/3614/3614
f 3254/3254/3254 3454/3454/3454 3618/3618/3618
f 3615/3615/3615 3729/3729/3729 3730/3730/3730
f 3565/3565/3565 3570/3570/3570 3621/3621/3621
f 3621/3621/3621 3570/3570/3570 3732/3732/3732
f 3734/3734/3734 3735/3735/3735 3737/3737/3737
f 3738/3738/3738 3741/3741/3741 3737/3737/3737
f 3507/3507/3507 3623/3623/3623 3567/3567/3567
f 3568/3568/3568 3624/3624/3624 3571/3571/3571
f 3352/3352/3352 3677/3677/3677 3740/3740/3740
f 3351/3351/3351 3739/3739/3739 3512/3512/3512
f 3468/3468/3468 3627/3627/3627 3743/3743/3743
f 3681/3681/3681 3744/3744/3744 3462/3462/3462
f 3747/3747/3747 3680/3680/3680 3410/3410/3410
f 3747/3747/3747 3310/3310/3310 3680/3680/3680
f 3748/3748/3748 3412/3412/3412 3749/3749/3749
f 3747/3747/3747 3750/3750/3750 3310/3310/3310
f 3751/3751/3751 3746/3746/3746 3752/3752/3752
f 3747/3747/3747 3753/3753/3753 3750/3750/3750
f 3520/3520/3520 3629/3629/3629 3580/3580/3580
f 3420/3420/3420 3581/3581/3581 3757/3757/3757
f 3362/3362/3362 3421/3421/3421 3760/3760/3760
f 3687/3687/3687 3362/3362/3362 3760/3760/3760
f 3371/3371/3371 3436/3436/3436 3762/3762/3762
f 3422/3422/3422 3686/3686/3686 3524/3524/3524
f 3688/3688/3688 3690/3690/3690 3588/3588/3588
f 3328/3328/3328 3522/3522/3522 3363/3363/3363
f 3524/3524/3524 3329/3329/3329 3364/3364/3364
f 3147/3147/3147 3764/3764/3764 3588/3588/3588
f 3637/3637/3637 3694/3694/3694 3766/3766/3766
f 3527/3527/3527 3769/3769/3769 3286/3286/3286
f 3484/3484/3484 3634/3634/3634 3529/3529/3529
f 3642/3642/3642 3286/3286/3286 3769/3769/3769
f 3770/3770/3770 3773/3773/3773 3699/3699/3699
f 3531/3531/3531 3647/3647/3647 3774/3774/3774
f 3699/3699/3699 3773/3773/3773 3532/3532/3532
f 3532/3532/3532 3773/3773/3773 3776/3776/3776
f 3593/3593/3593 3488/3488/3488 3647/3647/3647
f 3532/3532/3532 3776/3776/3776 3702/3702/3702
f 3535/3535/3535 3652/3652/3652 3654/3654/3654
f 3594/3594/3594 3487/3487/3487 3777/3777/3777
f 3487/3487/3487 3597/3597/3597 3777/3777/3777
f 3536/3536/3536 3539/3539/3539 3596/3596/3596
f 3540/3540/3540 3779/3779/3779 3597/3597/3597
f 3336/3336/3336 3541/3541/3541 3656/3656/3656
f 3655/3655/3655 3604/3604/3604 3538/3538/3538
f 3291/3291/3291 3660/3660/3660 3703/3703/3703
f 3188/3188/3188 3600/3600/3600 3706/3706/3706
f 3067/3067/3067 3666/3666/3666 3707/3707/3707
f 3388/3388/3388 3661/3661/3661 3292/3292/3292
f 3545/3545/3545 3668/3668/3668 3497/3497/3497
f 3450/3450/3450 3069/3069/3069 3719/3719/3719
f 3673/3673/3673 3715/3715/3715 3549/3549/3549
f 3555/3555/3555 3711/3711/3711 3718/3718/3718
f 3723/3723/3723 3728/3728/3728 3674/3674/3674
f 3561/3561/3561 3673/3673/3673 3727/3727/3727
f 3781/3781/3781 3621/3621/3621 3732/3732/3732
f 3615/3615/3615 3730/3730/3730 3617/3617/3617
f 3405/3405/3405 3617/3617/3617 3675/3675/3675
f 3737/3737/3737 3735/3735/3735 3738/3738/3738
f 3570/3570/3570 3782/3782/3782 3732/3732/3732
f 3303/3303/3303 3675/3675/3675 3514/3514/3514
f 3572/3572/3572 3785/3785/3785 3786/3786/3786
f 3572/3572/3572 3787/3787/3787 3785/3785/3785
f 3572/3572/3572 3514/3514/3514 3787/3787/3787
f 3572/3572/3572 3786/3786/3786 3788/3788/3788
f 3572/3572/3572 3788/3788/3788 3463/3463/3463
f 3462/3462/3462 3744/3744/3744 3411/3411/3411
f 3463/3463/3463 3789/3789/3789 3682/3682/3682
f 3414/3414/3414 3628/3628/3628 3791/3791/3791
f 3748/3748/3748 3749/3749/3749 3755/3755/3755
f 3578/3578/3578 3311/3311/3311 3583/3583/3583
f 3466/3466/3466 3684/3684/3684 3793/3793/3793
f 3465/3465/3465 3794/3794/3794 3681/3681/3681
f 3758/3758/3758 3582/3582/3582 3753/3753/3753
f 3629/3629/3629 3685/3685/3685 3580/3580/3580
f 3629/3629/3629 3584/3584/3584 3586/3586/3586
f 3426/3426/3426 3631/3631/3631 3367/3367/3367
f 3687/3687/3687 3760/3760/3760 3796/3796/3796
f 3183/3183/3183 3687/3687/3687 3798/3798/3798
f 3686/3686/3686 3182/3182/3182 3524/3524/3524
f 3693/3693/3693 3182/3182/3182 3797/3797/3797
f 3694/3694/3694 3798/3798/3798 3766/3766/3766
f 3148/3148/3148 3523/3523/3523 3801/3801/3801
f 3693/3693/3693 3232/3232/3232 3182/3182/3182
f 3637/3637/3637 3766/3766/3766 3798/3798/3798
f 3637/3637/3637 3798/3798/3798 3768/3768/3768
f 3057/3057/3057 3524/3524/3524 3182/3182/3182
f 3527/3527/3527 3638/3638/3638 3769/3769/3769
f 3150/3150/3150 3530/3530/3530 3635/3635/3635
f 3181/3181/3181 3802/3802/3802 3695/3695/3695
f 3642/3642/3642 3802/3802/3802 3181/3181/3181
f 3700/3700/3700 3698/3698/3698 3772/3772/3772
f 3770/3770/3770 3803/3803/3803 3773/3773/3773
f 3698/3698/3698 3533/3533/3533 3775/3775/3775
f 3489/3489/3489 3594/3594/3594 3805/3805/3805
f 3537/3537/3537 3654/3654/3654 3806/3806/3806
f 3537/3537/3537 3806/3806/3806 3542/3542/3542
f 3604/3604/3604 3778/3778/3778 3538/3538/3538
f 3066/3066/3066 3708/3708/3708 3605/3605/3605
f 3703/3703/3703 3807/3807/3807 3661/3661/3661
f 3184/3184/3184 3383/3383/3383 3705/3705/3705
f 3184/3184/3184 3705/3705/3705 3808/3808/3808
f 3808/3808/3808 3810/3810/3810 3184/3184/3184
f 3607/3607/3607 3609/3609/3609 3294/3294/3294
f 3663/3663/3663 3295/3295/3295 3813/3813/3813
f 3163/3163/3163 3810/3810/3810 3814/3814/3814
f 3294/3294/3294 3609/3609/3609 3812/3812/3812
f 3811/3811/3811 3165/3165/3165 3612/3612/3612
f 3452/3452/3452 3163/3163/3163 3814/3814/3814
f 3498/3498/3498 3670/3670/3670 3713/3713/3713
f 3669/3669/3669 3816/3816/3816 3712/3712/3712
f 3451/3451/3451 3720/3720/3720 3818/3818/3818
f 3715/3715/3715 3673/3673/3673 3561/3561/3561
f 3621/3621/3621 3732/3732/3732 3719/3719/3719
f 3780/3780/3780 3731/3731/3731 3620/3620/3620
f 3616/3616/3616 3714/3714/3714 3819/3819/3819
f 3559/3559/3559 3616/3616/3616 3819/3819/3819
f 3738/3738/3738 3735/3735/3735 3821/3821/3821
f 3822/3822/3822 3738/3738/3738 3783/3783/3783
f 3738/3738/3738 3821/3821/3821 3783/3783/3783
f 3617/3617/3617 3823/3823/3823 3824/3824/3824
f 3675/3675/3675 3617/3617/3617 3787/3787/3787
f 3571/3571/3571 3822/3822/3822 3783/3783/3783
f 3617/3617/3617 3785/3785/3785 3787/3787/3787
f 3737/3737/3737 3741/3741/3741 3678/3678/3678
f 3736/3736/3736 3676/3676/3676 3742/3742/3742
f 3737/3737/3737 3743/3743/3743 3825/3825/3825
f 3513/3513/3513 3741/3741/3741 3624/3624/3624
f 3786/3786/3786 3785/3785/3785 3827/3827/3827
f 3827/3827/3827 3788/3788/3788 3786/3786/3786
f 3468/3468/3468 3743/3743/3743 3678/3678/3678
f 3828/3828/3828 3627/3627/3627 3414/3414/3414
f 3412/3412/3412 3745/3745/3745 3749/3749/3749
f 3683/3683/3683 3829/3829/3829 3792/3792/3792
f 3310/3310/3310 3750/3750/3750 3582/3582/3582
f 3466/3466/3466 3793/3793/3793 3795/3795/3795
f 3794/3794/3794 3830/3830/3830 3681/3681/3681
f 3685/3685/3685 3832/3832/3832 3628/3628/3628
f 3759/3759/3759 3754/3754/3754 3833/3833/3833
f 3421/3421/3421 3759/3759/3759 3833/3833/3833
f 3629/3629/3629 3586/3586/3586 3835/3835/3835
f 3425/3425/3425 3371/3371/3371 3630/3630/3630
f 3687/3687/3687 3796/3796/3796 3798/3798/3798
f 3588/3588/3588 3836/3836/3836 3436/3436/3436
f 3588/3588/3588 3690/3690/3690 3836/3836/3836
f 3588/3588/3588 3764/3764/3764 3799/3799/3799
f 3589/3589/3589 3800/3800/3800 3691/3691/3691
f 3765/3765/3765 3148/3148/3148 3801/3801/3801
f 3695/3695/3695 3802/3802/3802 3526/3526/3526
f 3639/3639/3639 3837/3837/3837 3767/3767/3767
f 3641/3641/3641 3768/3768/3768 3839/3839/3839
f 3228/3228/3228 3645/3645/3645 3530/3530/3530
f 3651/3651/3651 3648/3648/3648 3653/3653/3653
f 3597/3597/3597 3842/3842/3842 3843/3843/3843
f 3597/3597/3597 3779/3779/3779 3842/3842/3842
f 3385/3385/3385 3656/3656/3656 3659/3659/3659
f 3845/3845/3845 3847/3847/3847 3850/3850/3850
f 3707/3707/3707 3666/3666/3666 3851/3851/3851
f 3292/3292/3292 3661/3661/3661 3667/3667/3667
f 3811/3811/3811 3602/3602/3602 3185/3185/3185
f 3810/3810/3810 3808/3808/3808 3852/3852/3852
f 3810/3810/3810 3852/3852/3852 3814/3814/3814
f 3713/3713/3713 3817/3817/3817 3854/3854/3854
f 3815/3815/3815 3855/3855/3855 3454/3454/3454
f 3608/3608/3608 3450/3450/3450 3857/3857/3857
f 3451/3451/3451 3818/3818/3818 3858/3858/3858
f 3499/3499/3499 3713/3713/3713 3859/3859/3859
f 3716/3716/3716 3562/3562/3562 3820/3820/3820
f 3735/3735/3735 3818/3818/3818 3821/3821/3821
f 3723/3723/3723 3861/3861/3861 3728/3728/3728
f 3730/3730/3730 3823/3823/3823 3617/3617/3617
f 3822/3822/3822 3571/3571/3571 3863/3863/3863
f 3738/3738/3738 3822/3822/3822 3863/3863/3863
f 3738/3738/3738 3863/3863/3863 3741/3741/3741
f 3785/3785/3785 3617/3617/3617 3824/3824/3824
f 3514/3514/3514 3675/3675/3675 3787/3787/3787
f 3624/3624/3624 3741/3741/3741 3863/3863/3863
f 3826/3826/3826 3784/3784/3784 3864/3864/3864
f 3743/3743/3743 3627/3627/3627 3866/3866/3866
f 3867/3867/3867 3828/3828/3828 3868/3868/3868
f 3414/3414/3414 3791/3791/3791 3828/3828/3828
f 3463/3463/3463 3788/3788/3788 3789/3789/3789
f 3683/3683/3683 3790/3790/3790 3829/3829/3829
f 3791/3791/3791 3628/3628/3628 3832/3832/3832
f 3750/3750/3750 3753/3753/3753 3582/3582/3582
f 3685/3685/3685 3869/3869/3869 3832/3832/3832
f 3629/3629/3629 3835/3835/3835 3685/3685/3685
f 3586/3586/3586 3870/3870/3870 3835/3835/3835
f 3586/3586/3586 3872/3872/3872 3870/3870/3870
f 3371/3371/3371 3762/3762/3762 3630/3630/3630
f 3585/3585/3585 3632/3632/3632 3871/3871/3871
f 3760/3760/3760 3421/3421/3421 3873/3873/3873
f 3436/3436/3436 3836/3836/3836 3762/3762/3762
f 3692/3692/3692 3875/3875/3875 3878/3878/3878
f 3875/3875/3875 3692/3692/3692 3880/3880/3880
f 3523/3523/3523 3526/3526/3526 3882/3882/3882
f 3768/3768/3768 3798/3798/3798 3883/3883/3883
f 3641/3641/3641 3768/3768/3768 3883/3883/3883
f 3640/3640/3640 3885/3885/3885 3838/3838/3838
f 3643/3643/3643 3884/3884/3884 3887/3887/3887
f 3642/3642/3642 3888/3888/3888 3802/3802/3802
f 3642/3642/3642 3840/3840/3840 3889/3889/3889
f 3698/3698/3698 3892/3892/3892 3772/3772/3772
f 3696/3696/3696 3893/3893/3893 3895/3895/3895
f 3697/3697/3697 3896/3896/3896 3890/3890/3890
f 3894/3894/3894 3698/3698/3698 3898/3898/3898
f 3773/3773/3773 3803/3803/3803 3776/3776/3776
f 3488/3488/3488 3899/3899/3899 3647/3647/3647
f 3489/3489/3489 3805/3805/3805 3900/3900/3900
f 3776/3776/3776 3901/3901/3901 3702/3702/3702
f 3649/3649/3649 3702/3702/3702 3903/3903/3903
f 3777/3777/3777 3907/3907/3907 3594/3594/3594
f 3597/3597/3597 3843/3843/3843 3909/3909/3909
f 3778/3778/3778 3604/3604/3604 3910/3910/3910
f 3846/3846/3846 3914/3914/3914 3848/3848/3848
f 3846/3846/3846 3917/3917/3917 3914/3914/3914
f 3600/3600/3600 3918/3918/3918 3706/3706/3706
f 3707/3707/3707 3851/3851/3851 3709/3709/3709
f 3811/3811/3811 3612/3612/3612 3602/3602/3602
f 3858/3858/3858 3920/3920/3920 3922/3922/3922
f 3818/3818/3818 3920/3920/3920 3858/3858/3858
f 3499/3499/3499 3859/3859/3859 3721/3721/3721
f 3818/3818/3818 3735/3735/3735 3920/3920/3920
f 3725/3725/3725 3722/3722/3722 3860/3860/3860
f 3199/3199/3199 3619/3619/3619 3613/3613/3613
f 3725/3725/3725 3860/3860/3860 3862/3862/3862
f 3730/3730/3730 3729/3729/3729 3923/3923/3923
f 3734/3734/3734 3924/3924/3924 3735/3735/3735
f 3730/3730/3730 3923/3923/3923 3823/3823/3823
f 3734/3734/3734 3925/3925/3925 3924/3924/3924
f 3734/3734/3734 3926/3926/3926 3925/3925/3925
f 3925/3925/3925 3926/3926/3926 3924/3924/3924
f 3926/3926/3926 3734/3734/3734 3928/3928/3928
f 3734/3734/3734 3737/3737/3737 3825/3825/3825
f 3571/3571/3571 3624/3624/3624 3863/3863/3863
f 3743/3743/3743 3866/3866/3866 3825/3825/3825
f 3788/3788/3788 3827/3827/3827 3865/3865/3865
f 3627/3627/3627 3828/3828/3828 3866/3866/3866
f 3828/3828/3828 3867/3867/3867 3866/3866/3866
f 3868/3868/3868 3929/3929/3929 3867/3867/3867
f 3788/3788/3788 3865/3865/3865 3930/3930/3930
f 3829/3829/3829 3790/3790/3790 3935/3935/3935
f 3789/3789/3789 3788/3788/3788 3930/3930/3930
f 3868/3868/3868 3828/3828/3828 3791/3791/3791
f 3868/3868/3868 3791/3791/3791 3937/3937/3937
f 3791/3791/3791 3832/3832/3832 3938/3938/3938
f 3938/3938/3938 3937/3937/3937 3791/3791/3791
f 3832/3832/3832 3869/3869/3869 3938/3938/3938
f 3869/3869/3869 3685/3685/3685 3835/3835/3835
f 3835/3835/3835 3870/3870/3870 3869/3869/3869
f 3690/3690/3690 3877/3877/3877 3836/3836/3836
f 3691/3691/3691 3800/3800/3800 3879/3879/3879
f 3523/3523/3523 3882/3882/3882 3941/3941/3941
f 3798/3798/3798 3942/3942/3942 3883/3883/3883
f 3525/3525/3525 3939/3939/3939 3881/3881/3881
f 3804/3804/3804 3771/3771/3771 3944/3944/3944
f 3774/3774/3774 3946/3946/3946 3891/3891/3891
f 3698/3698/3698 3775/3775/3775 3898/3898/3898
f 3698/3698/3698 3775/3775/3775 3898/3898/3898
f 3898/3898/3898 3698/3698/3698 3892/3892/3892
f 3897/3897/3897 3774/3774/3774 3891/3891/3891
f 3774/3774/3774 3647/3647/3647 3946/3946/3946
f 3776/3776/3776 3803/3803/3803 3901/3901/3901
f 3702/3702/3702 3901/3901/3901 3949/3949/3949
f 3702/3702/3702 3949/3949/3949 3903/3903/3903
f 3777/3777/3777 3909/3909/3909 3907/3907/3907
f 3777/3777/3777 3597/3597/3597 3909/3909/3909
f 3843/3843/3843 3842/3842/3842 3909/3909/3909
f 3658/3658/3658 3542/3542/3542 3704/3704/3704
f 3657/3657/3657 3703/3703/3703 3660/3660/3660
f 3443/3443/3443 3951/3951/3951 3601/3601/3601
f 3666/3666/3666 3953/3953/3953 3851/3851/3851
f 3853/3853/3853 3809/3809/3809 3855/3855/3855
f 3815/3815/3815 3853/3853/3853 3855/3855/3855
f 3670/3670/3670 3954/3954/3954 3817/3817/3817
f 3609/3609/3609 3922/3922/3922 3812/3812/3812
f 3608/3608/3608 3857/3857/3857 3921/3921/3921
f 3783/3783/3783 3821/3821/3821 3733/3733/3733
f 3861/3861/3861 3955/3955/3955 3728/3728/3728
f 3734/3734/3734 3923/3923/3923 3928/3928/3928
f 3923/3923/3923 3734/3734/3734 3958/3958/3958
f 3734/3734/3734 3825/3825/3825 3958/3958/3958
f 3824/3824/3824 3959/3959/3959 3785/3785/3785
f 3865/3865/3865 3785/3785/3785 3959/3959/3959
f 3867/3867/3867 3929/3929/3929 3865/3865/3865
f 3869/3869/3869 3870/3870/3870 3938/3938/3938
f 3937/3937/3937 3938/3938/3938 3870/3870/3870
f 3755/3755/3755 3749/3749/3749 3960/3960/3960
f 3756/3756/3756 3961/3961/3961 3834/3834/3834
f 3760/3760/3760 3873/3873/3873 3796/3796/3796
f 3836/3836/3836 3877/3877/3877 3762/3762/3762
f 3798/3798/3798 3796/3796/3796 3942/3942/3942
f 3879/3879/3879 3800/3800/3800 3940/3940/3940
f 3523/3523/3523 3941/3941/3941 3801/3801/3801
f 3526/3526/3526 3802/3802/3802 3941/3941/3941
f 3642/3642/3642 3889/3889/3889 3888/3888/3888
f 3948/3948/3948 3963/3963/3963 3892/3892/3892
f 3772/3772/3772 3964/3964/3964 3945/3945/3945
f 3804/3804/3804 3965/3965/3965 3969/3969/3969
f 3804/3804/3804 3944/3944/3944 3965/3965/3965
f 3902/3902/3902 3804/3804/3804 3969/3969/3969
f 3901/3901/3901 3968/3968/3968 3971/3971/3971
f 3907/3907/3907 3974/3974/3974 3594/3594/3594
f 3908/3908/3908 3973/3973/3973 3906/3906/3906
f 3601/3601/3601 3951/3951/3951 3919/3919/3919
f 3443/3443/3443 3603/3603/3603 3951/3951/3951
f 3708/3708/3708 3911/3911/3911 3605/3605/3605
f 3850/3850/3850 3847/3847/3847 3913/3913/3913
f 3850/3850/3850 3913/3913/3913 3976/3976/3976
f 3851/3851/3851 3953/3953/3953 3978/3978/3978
f 3809/3809/3809 3706/3706/3706 3855/3855/3855
f 3667/3667/3667 3661/3661/3661 3954/3954/3954
f 3952/3952/3952 3979/3979/3979 3977/3977/3977
f 3667/3667/3667 3954/3954/3954 3399/3399/3399
f 3952/3952/3952 3981/3981/3981 3979/3979/3979
f 3665/3665/3665 3981/3981/3981 3952/3952/3952
f 3662/3662/3662 3982/3982/3982 3664/3664/3664
f 3665/3665/3665 3986/3986/3986 3981/3981/3981
f 3670/3670/3670 3399/3399/3399 3954/3954/3954
f 3817/3817/3817 3954/3954/3954 3854/3854/3854
f 3713/3713/3713 3854/3854/3854 3859/3859/3859
f 3454/3454/3454 3855/3855/3855 3618/3618/3618
f 3735/3735/3735 3987/3987/3987 3920/3920/3920
f 3818/3818/3818 3720/3720/3720 3821/3821/3821
f 3733/3733/3733 3821/3821/3821 3720/3720/3720
f 3735/3735/3735 3924/3924/3924 3987/3987/3987
f 3923/3923/3923 3729/3729/3729 3989/3989/3989
f 3923/3923/3923 3958/3958/3958 3823/3823/3823
f 3865/3865/3865 3959/3959/3959 3867/3867/3867
f 3867/3867/3867 3959/3959/3959 3824/3824/3824
f 3867/3867/3867 3824/3824/3824 3866/3866/3866
f 3790/3790/3790 3931/3931/3931 3935/3935/3935
f 3792/3792/3792 3829/3829/3829 3935/3935/3935
f 3930/3930/3930 3865/3865/3865 3990/3990/3990
f 3932/3932/3932 3991/3991/3991 3993/3993/3993
f 3990/3990/3990 3994/3994/3994 3992/3992/3992
f 3937/3937/3937 3990/3990/3990 3868/3868/3868
f 3990/3990/3990 3865/3865/3865 3929/3929/3929
f 3744/3744/3744 3681/3681/3681 3996/3996/3996
f 3793/3793/3793 3998/3998/3998 3795/3795/3795
f 3831/3831/3831 3795/3795/3795 3998/3998/3998
f 3681/3681/3681 3830/3830/3830 3996/3996/3996
f 3632/3632/3632 3631/3631/3631 4000/4000/4000
f 3762/3762/3762 3999/3999/3999 3630/3630/3630
f 3870/3870/3870 3872/3872/3872 4001/4001/4001
f 3871/3871/3871 3632/3632/3632 4003/4003/4003
f 3796/3796/3796 3873/3873/3873 4004/4004/4004
f 3796/3796/3796 4004/4004/4004 3942/3942/3942
f 3876/3876/3876 3874/3874/3874 3761/3761/3761
f 4007/4007/4007 4008/4008/4008 3880/3880/3880
f 4006/4006/4006 3879/3879/3879 4009/4009/4009
f 3802/3802/3802 4010/4010/4010 3941/3941/3941
f 3647/3647/3647 3899/3899/3899 3946/3946/3946
f 3594/3594/3594 3974/3974/3974 3805/3805/3805
f 3649/3649/3649 3903/3903/3903 4011/4011/4011
f 3650/3650/3650 4012/4012/4012 3654/3654/3654
f 3806/3806/3806 3654/3654/3654 4014/4014/4014
f 3542/3542/3542 3806/3806/3806 4015/4015/4015
f 3542/3542/3542 4015/4015/4015 3704/3704/3704
f 3704/3704/3704 4015/4015/4015 4016/4016/4016
f 3851/3851/3851 3978/3978/3978 4018/4018/4018
f 3661/3661/3661 4019/4019/4019 3954/3954/3954
f 3602/3602/3602 3612/3612/3612 4020/4020/4020
f 3663/3663/3663 3813/3813/3813 3984/3984/3984
f 3985/3985/3985 3664/3664/3664 4022/4022/4022
f 3920/3920/3920 3987/3987/3987 3922/3922/3922
f 3729/3729/3729 3957/3957/3957 3989/3989/3989
f 3923/3923/3923 3989/3989/3989 3928/3928/3928
f 3824/3824/3824 3823/3823/3823 3958/3958/3958
f 3825/3825/3825 3866/3866/3866 3958/3958/3958
f 3958/3958/3958 3866/3866/3866 3824/3824/3824
f 3793/3793/3793 3936/3936/3936 4025/4025/4025
f 3868/3868/3868 3990/3990/3990 3929/3929/3929
f 3990/3990/3990 4026/4026/4026 3994/3994/3994
f 3831/3831/3831 3749/3749/3749 3997/3997/3997
f 3990/3990/3990 4028/4028/4028 4026/4026/4026
f 3870/3870/3870 3990/3990/3990 3937/3937/3937
f 3870/3870/3870 4001/4001/4001 3990/3990/3990
f 4029/4029/4029 4026/4026/4026 4028/4028/4028
f 3632/3632/3632 4000/4000/4000 4032/4032/4032
f 3421/3421/3421 3833/3833/3833 3873/3873/3873
f 3762/3762/3762 4031/4031/4031 3999/3999/3999
f 3762/3762/3762 4033/4033/4033 4031/4031/4031
f 3763/3763/3763 3875/3875/3875 4034/4034/4034
f 3880/3880/3880 4035/4035/4035 3875/3875/3875
f 4035/4035/4035 3880/3880/3880 4008/4008/4008
f 3940/3940/3940 4009/4009/4009 3879/3879/3879
f 3964/3964/3964 3772/3772/3772 3892/3892/3892
f 3971/3971/3971 3949/3949/3949 3901/3901/3901
f 4038/4038/4038 4039/4039/4039 4040/4040/4040
f 4041/4041/4041 4038/4038/4038 4040/4040/4040
f 3908/3908/3908 4043/4043/4043 3973/3973/3973
f 3973/3973/3973 4043/4043/4043 4039/4039/4039
f 3842/3842/3842 3779/3779/3779 4045/4045/4045
f 3709/3709/3709 4018/4018/4018 4046/4046/4046
f 3851/3851/3851 4018/4018/4018 3709/3709/3709
f 3661/3661/3661 3807/3807/3807 4019/4019/4019
f 3978/3978/3978 3980/3980/3980 4018/4018/4018
f 3976/3976/3976 3913/3913/3913 4047/4047/4047
f 3849/3849/3849 3975/3975/3975 3844/3844/3844
f 3979/3979/3979 3981/3981/3981 4049/4049/4049
f 3986/3986/3986 4024/4024/4024 3981/3981/3981
f 3922/3922/3922 4024/4024/4024 3812/3812/3812
f 3922/3922/3922 3987/3987/3987 4024/4024/4024
f 3613/3613/3613 3619/3619/3619 4051/4051/4051
f 3862/3862/3862 4052/4052/4052 4054/4054/4054
f 3861/3861/3861 4053/4053/4053 3955/3955/3955
f 3931/3931/3931 4055/4055/4055 4057/4057/4057
f 3931/3931/3931 4057/4057/4057 3935/3935/3935
f 3931/3931/3931 4059/4059/4059 4055/4055/4055
f 3932/3932/3932 3993/3993/3993 4060/4060/4060
f 3793/3793/3793 4025/4025/4025 3998/3998/3998
f 3997/3997/3997 3749/3749/3749 3745/3745/3745
f 3831/3831/3831 4061/4061/4061 4062/4062/4062
f 4027/4027/4027 4030/4030/4030 4063/4063/4063
f 4001/4001/4001 4028/4028/4028 3990/3990/3990
f 4028/4028/4028 4001/4001/4001 4029/4029/4029
f 4030/4030/4030 4002/4002/4002 4063/4063/4063
f 3632/3632/3632 4032/4032/4032 4065/4065/4065
f 3833/3833/3833 4066/4066/4066 3873/3873/3873
f 4069/4069/4069 4001/4001/4001 3872/3872/3872
f 3875/3875/3875 4035/4035/4035 4071/4071/4071
f 4008/4008/4008 4072/4072/4072 4035/4035/4035
f 4008/4008/4008 4007/4007/4007 4072/4072/4072
f 3884/3884/3884 3943/3943/3943 4073/4073/4073
f 3884/3884/3884 4073/4073/4073 3887/3887/3887
f 3840/3840/3840 3886/3886/3886 3889/3889/3889
f 3805/3805/3805 3974/3974/3974 4075/4075/4075
f 3950/3950/3950 4076/4076/4076 3905/3905/3905
f 4039/4039/4039 4038/4038/4038 4074/4074/4074
f 4039/4039/4039 4074/4074/4074 3973/3973/3973
f 4038/4038/4038 4041/4041/4041 4074/4074/4074
f 4042/4042/4042 3905/3905/3905 4076/4076/4076
f 4040/4040/4040 4013/4013/4013 4041/4041/4041
f 3904/3904/3904 4041/4041/4041 4013/4013/4013
f 4043/4043/4043 4040/4040/4040 4039/4039/4039
f 3654/3654/3654 4012/4012/4012 4077/4077/4077
f 3654/3654/3654 4077/4077/4077 4014/4014/4014
f 3908/3908/3908 4080/4080/4080 4043/4043/4043
f 3908/3908/3908 3841/3841/3841 4080/4080/4080
f 3704/3704/3704 4016/4016/4016 4082/4082/4082
f 3807/3807/3807 3703/3703/3703 4081/4081/4081
f 3709/3709/3709 4084/4084/4084 3912/3912/3912
f 4046/4046/4046 4084/4084/4084 3709/3709/3709
f 4046/4046/4046 4018/4018/4018 4084/4084/4084
f 3914/3914/3914 3917/3917/3917 4048/4048/4048
f 3954/3954/3954 4019/4019/4019 4085/4085/4085
f 3979/3979/3979 4049/4049/4049 4017/4017/4017
f 3846/3846/3846 4088/4088/4088 3917/3917/3917
f 3706/3706/3706 3918/3918/3918 3855/3855/3855
f 3844/3844/3844 3975/3975/3975 4087/4087/4087
f 3812/3812/3812 4024/4024/4024 3983/3983/3983
f 3854/3854/3854 3954/3954/3954 4089/4089/4089
f 3981/3981/3981 4093/4093/4093 4094/4094/4094
f 4095/4095/4095 4097/4097/4097 3610/3610/3610
f 3854/3854/3854 4089/4089/4089 3859/3859/3859
f 4024/4024/4024 4093/4093/4093 3981/3981/3981
f 4023/4023/4023 4101/4101/4101 4091/4091/4091
f 4024/4024/4024 3987/3987/3987 4104/4104/4104
f 4096/4096/4096 3611/3611/3611 4098/4098/4098
f 3935/3935/3935 4057/4057/4057 4107/4107/4107
f 4055/4055/4055 4108/4108/4108 4057/4057/4057
f 3831/3831/3831 3998/3998/3998 4061/4061/4061
f 4002/4002/4002 4110/4110/4110 4063/4063/4063
f 3961/3961/3961 4112/4112/4112 3834/3834/3834
f 4112/4112/4112 4067/4067/4067 3834/3834/3834
f 4068/4068/4068 3871/3871/3871 4113/4113/4113
f 3886/3886/3886 4116/4116/4116 3889/3889/3889
f 3887/3887/3887 4073/4073/4073 4117/4117/4117
f 3945/3945/3945 3964/3964/3964 4120/4120/4120
f 3944/3944/3944 4118/4118/4118 4121/4121/4121
f 3950/3950/3950 3972/3972/3972 4124/4124/4124
f 4013/4013/4013 4040/4040/4040 4126/4126/4126
f 4126/4126/4126 4040/4040/4040 4043/4043/4043
f 4080/4080/4080 4126/4126/4126 4043/4043/4043
f 3806/3806/3806 4014/4014/4014 4127/4127/4127
f 3806/3806/3806 4127/4127/4127 4015/4015/4015
f 3842/3842/3842 4045/4045/4045 4130/4130/4130
f 3841/3841/3841 4129/4129/4129 4080/4080/4080
f 3779/3779/3779 4132/4132/4132 4045/4045/4045
f 3807/3807/3807 4081/4081/4081 4133/4133/4133
f 3912/3912/3912 4084/4084/4084 3779/3779/3779
f 4021/4021/4021 3951/3951/3951 3603/3603/3603
f 4017/4017/4017 4049/4049/4049 4083/4083/4083
f 3981/3981/3981 4094/4094/4094 4049/4049/4049
f 3664/3664/3664 3982/3982/3982 4022/4022/4022
f 3612/3612/3612 4099/4099/4099 4020/4020/4020
f 3619/3619/3619 3856/3856/3856 4051/4051/4051
f 4093/4093/4093 4104/4104/4104 4137/4137/4137
f 3612/3612/3612 4050/4050/4050 4099/4099/4099
f 3924/3924/3924 4138/4138/4138 3987/3987/3987
f 3924/3924/3924 3926/3926/3926 4138/4138/4138
f 3995/3995/3995 4060/4060/4060 3993/3993/3993
f 3831/3831/3831 4062/4062/4062 4139/4139/4139
f 3831/3831/3831 4139/4139/4139 3749/3749/3749
f 3960/3960/3960 3749/3749/3749 4139/4139/4139
f 3960/3960/3960 4139/4139/4139 4141/4141/4141
f 4033/4033/4033 4142/4142/4142 4031/4031/4031
f 4033/4033/4033 4064/4064/4064 4142/4142/4142
f 3632/3632/3632 4065/4065/4065 4144/4144/4144
f 3632/3632/3632 4144/4144/4144 4003/4003/4003
f 3873/3873/3873 4066/4066/4066 4004/4004/4004
f 4034/4034/4034 3875/3875/3875 4071/4071/4071
f 4005/4005/4005 4067/4067/4067 3943/3943/3943
f 4073/4073/4073 3943/3943/3943 4067/4067/4067
f 4007/4007/4007 4146/4146/4146 4072/4072/4072
f 4073/4073/4073 4151/4151/4151 4117/4117/4117
f 3802/3802/3802 3888/3888/3888 4010/4010/4010
f 3947/3947/3947 3900/3900/3900 3962/3962/3962
f 3972/3972/3972 3970/3970/3970 3967/3967/3967
f 3944/3944/3944 4121/4121/4121 3965/3965/3965
f 3950/3950/3950 4152/4152/4152 4153/4153/4153
f 3950/3950/3950 4124/4124/4124 4152/4152/4152
f 4076/4076/4076 3950/3950/3950 4154/4154/4154
f 4077/4077/4077 4155/4155/4155 4014/4014/4014
f 4129/4129/4129 4044/4044/4044 4131/4131/4131
f 3779/3779/3779 4084/4084/4084 4132/4132/4132
f 3915/3915/3915 4157/4157/4157 4159/4159/4159
f 3917/3917/3917 4162/4162/4162 4158/4158/4158
f 3856/3856/3856 3919/3919/3919 3951/3951/3951
f 3916/3916/3916 4087/4087/4087 4161/4161/4161
f 4094/4094/4094 4163/4163/4163 4049/4049/4049
f 4099/4099/4099 4164/4164/4164 4020/4020/4020
f 3856/3856/3856 3951/3951/3951 4100/4100/4100
f 3856/3856/3856 4100/4100/4100 4051/4051/4051
f 3860/3860/3860 4166/4166/4166 3862/3862/3862
f 3987/3987/3987 4138/4138/4138 4104/4104/4104
f 3862/3862/3862 4166/4166/4166 4052/4052/4052
f 4054/4054/4054 4166/4166/4166 4168/4168/4168
f 4054/4054/4054 4052/4052/4052 4166/4166/4166
f 3955/3955/3955 4053/4053/4053 4169/4169/4169
f 3933/3933/3933 4105/4105/4105 4170/4170/4170
f 3936/3936/3936 4173/4173/4173 4025/4025/4025
f 4027/4027/4027 4063/4063/4063 3995/3995/3995
f 3998/3998/3998 4062/4062/4062 4061/4061/4061
f 4110/4110/4110 4002/4002/4002 4070/4070/4070
f 3960/3960/3960 4141/4141/4141 4176/4176/4176
f 3960/3960/3960 4176/4176/4176 4111/4111/4111
f 4071/4071/4071 4035/4035/4035 4178/4178/4178
f 4006/4006/4006 4149/4149/4149 4145/4145/4145
f 4010/4010/4010 3888/3888/3888 3889/3889/3889
f 3892/3892/3892 3963/3963/3963 4183/4183/4183
f 3892/3892/3892 4183/4183/4183 3964/3964/3964
f 3964/3964/3964 4187/4187/4187 4120/4120/4120
f 3950/3950/3950 4153/4153/4153 4154/4154/4154
f 4014/4014/4014 4155/4155/4155 4127/4127/4127
f 4079/4079/4079 4188/4188/4188 4125/4125/4125
f 4015/4015/4015 4127/4127/4127 4016/4016/4016
f 4080/4080/4080 4129/4129/4129 4189/4189/4189
f 4082/4082/4082 4016/4016/4016 4134/4134/4134
f 3917/3917/3917 4191/4191/4191 4048/4048/4048
f 4021/4021/4021 4165/4165/4165 3951/3951/3951
f 3954/3954/3954 4192/4192/4192 4089/4089/4089
f 4100/4100/4100 3951/3951/3951 4165/4165/4165
f 4093/4093/4093 4137/4137/4137 4094/4094/4094
f 4135/4135/4135 4102/4102/4102 4092/4092/4092
f 4104/4104/4104 4137/4137/4137 4093/4093/4093
f 4053/4053/4053 4167/4167/4167 4169/4169/4169
f 3926/3926/3926 3928/3928/3928 4138/4138/4138
f 4171/4171/4171 4106/4106/4106 3934/3934/3934
f 4058/4058/4058 4109/4109/4109 4193/4193/4193
f 4109/4109/4109 4056/4056/4056 4193/4193/4193
f 4109/4109/4109 4056/4056/4056 4193/4193/4193
f 4025/4025/4025 4062/4062/4062 3998/3998/3998
f 3995/3995/3995 4063/4063/4063 4194/4194/4194
f 4139/4139/4139 4195/4195/4195 4198/4198/4198
f 4032/4032/4032 4143/4143/4143 4065/4065/4065
f 4003/4003/4003 4144/4144/4144 3871/3871/3871
f 4073/4073/4073 4067/4067/4067 4199/4199/4199
f 4146/4146/4146 4200/4200/4200 4072/4072/4072
f 4073/4073/4073 4199/4199/4199 4151/4151/4151
f 4006/4006/4006 4009/4009/4009 4149/4149/4149
f 3972/3972/3972 3967/3967/3967 4124/4124/4124
f 4078/4078/4078 4013/4013/4013 4202/4202/4202
f 4013/4013/4013 4126/4126/4126 4203/4203/4203
f 4013/4013/4013 4203/4203/4203 4202/4202/4202
f 4016/4016/4016 4127/4127/4127 4134/4134/4134
f 4204/4204/4204 4206/4206/4206 4210/4210/4210
f 4204/4204/4204 4210/4210/4210 4212/4212/4212
f 4131/4131/4131 4083/4083/4083 4129/4129/4129
f 4083/4083/4083 4163/4163/4163 4214/4214/4214
f 4083/4083/4083 4049/4049/4049 4163/4163/4163
f 4160/4160/4160 4158/4158/4158 3917/3917/3917
f 3917/3917/3917 4158/4158/4158 4191/4191/4191
f 3954/3954/3954 4085/4085/4085 4192/4192/4192
f 4192/4192/4192 4215/4215/4215 4089/4089/4089
f 4137/4137/4137 4217/4217/4217 4094/4094/4094
f 4137/4137/4137 4104/4104/4104 4220/4220/4220
f 3860/3860/3860 4090/4090/4090 4166/4166/4166
f 4090/4090/4090 4221/4221/4221 4166/4166/4166
f 4136/4136/4136 4218/4218/4218 4222/4222/4222
f 3988/3988/3988 3956/3956/3956 3927/3927/3927
f 4172/4172/4172 3935/3935/3935 4224/4224/4224
f 4056/4056/4056 4225/4225/4225 4193/4193/4193
f 4056/4056/4056 4225/4225/4225 4193/4193/4193
f 4025/4025/4025 4226/4226/4226 4227/4227/4227
f 4225/4225/4225 4056/4056/4056 4228/4228/4228
f 4025/4025/4025 4227/4227/4227 4062/4062/4062
f 3995/3995/3995 4194/4194/4194 4060/4060/4060
f 4139/4139/4139 4198/4198/4198 4141/4141/4141
f 4114/4114/4114 4229/4229/4229 4070/4070/4070
f 4231/4231/4231 4234/4234/4234 4174/4174/4174
f 4112/4112/4112 4199/4199/4199 4067/4067/4067
f 4112/4112/4112 4148/4148/4148 4199/4199/4199
f 4148/4148/4148 4151/4151/4151 4199/4199/4199
f 3889/3889/3889 4150/4150/4150 4010/4010/4010
f 3889/3889/3889 4116/4116/4116 4150/4150/4150
f 4124/4124/4124 3967/3967/3967 4237/4237/4237
f 3805/3805/3805 4075/4075/4075 4238/4238/4238
f 4152/4152/4152 4124/4124/4124 4237/4237/4237
f 4128/4128/4128 4156/4156/4156 4240/4240/4240
f 4126/4126/4126 4189/4189/4189 4203/4203/4203
f 4134/4134/4134 4127/4127/4127 4242/4242/4242
f 4133/4133/4133 4241/4241/4241 3807/3807/3807
f 4129/4129/4129 4083/4083/4083 4189/4189/4189
f 4204/4204/4204 4212/4212/4212 4244/4244/4244
f 4246/4246/4246 4094/4094/4094 4217/4217/4217
f 4217/4217/4217 4247/4247/4247 4246/4246/4246
f 4217/4217/4217 4248/4248/4248 4247/4247/4247
f 4103/4103/4103 4249/4249/4249 4219/4219/4219
f 4166/4166/4166 4221/4221/4221 4251/4251/4251
f 4137/4137/4137 4248/4248/4248 4217/4217/4217
f 4104/4104/4104 4138/4138/4138 4250/4250/4250
f 4137/4137/4137 4223/4223/4223 4248/4248/4248
f 4248/4248/4248 4223/4223/4223 4252/4252/4252
f 4223/4223/4223 4220/4220/4220 4253/4253/4253
f 4223/4223/4223 4253/4253/4253 4168/4168/4168
f 4169/4169/4169 4167/4167/4167 3955/3955/3955
f 3928/3928/3928 4253/4253/4253 4138/4138/4138
f 4255/4255/4255 4256/4256/4256 4257/4257/4257
f 4256/4256/4256 4258/4258/4258 4257/4257/4257
f 4107/4107/4107 4057/4057/4057 4259/4259/4259
f 4107/4107/4107 4260/4260/4260 3935/3935/3935
f 3935/3935/3935 4260/4260/4260 4224/4224/4224
f 4224/4224/4224 4260/4260/4260 4262/4262/4262
f 4224/4224/4224 4262/4262/4262 4172/4172/4172
f 4025/4025/4025 4173/4173/4173 4263/4263/4263
f 4025/4025/4025 4263/4263/4263 4226/4226/4226
f 4060/4060/4060 4264/4264/4264 4265/4265/4265
f 4194/4194/4194 4264/4264/4264 4060/4060/4060
f 4198/4198/4198 4266/4266/4266 4233/4233/4233
f 4235/4235/4235 4233/4233/4233 4266/4266/4266
f 4113/4113/4113 3871/3871/3871 4144/4144/4144
f 4113/4113/4113 4144/4144/4144 4268/4268/4268
f 4071/4071/4071 4270/4270/4270 4034/4034/4034
f 4177/4177/4177 4273/4273/4273 4112/4112/4112
f 4072/4072/4072 4200/4200/4200 4035/4035/4035
f 3964/3964/3964 4183/4183/4183 4187/4187/4187
f 4187/4187/4187 4275/4275/4275 4120/4120/4120
f 3962/3962/3962 4238/4238/4238 4276/4276/4276
f 3900/3900/3900 4238/4238/4238 3962/3962/3962
f 3900/3900/3900 3805/3805/3805 4238/4238/4238
f 4154/4154/4154 4239/4239/4239 4076/4076/4076
f 4156/4156/4156 4078/4078/4078 4240/4240/4240
f 4078/4078/4078 4202/4202/4202 4278/4278/4278
f 4128/4128/4128 4279/4279/4279 4281/4281/4281
f 4202/4202/4202 4203/4203/4203 4278/4278/4278
f 4078/4078/4078 4278/4278/4278 4214/4214/4214
f 4127/4127/4127 4280/4280/4280 4242/4242/4242
f 4211/4211/4211 4209/4209/4209 4213/4213/4213
f 3807/3807/3807 4241/4241/4241 4282/4282/4282
f 4213/4213/4213 4209/4209/4209 4245/4245/4245
f 4163/4163/4163 4284/4284/4284 4214/4214/4214
f 4163/4163/4163 4094/4094/4094 4284/4284/4284
f 4246/4246/4246 4284/4284/4284 4094/4094/4094
f 4087/4087/4087 4285/4285/4285 4161/4161/4161
f 4221/4221/4221 4090/4090/4090 4251/4251/4251
f 4166/4166/4166 4251/4251/4251 4286/4286/4286
f 4220/4220/4220 4250/4250/4250 4253/4253/4253
f 4168/4168/4168 4252/4252/4252 4223/4223/4223
f 3957/3957/3957 4253/4253/4253 3928/3928/3928
f 3957/3957/3957 4168/4168/4168 4253/4253/4253
f 4257/4257/4257 4287/4287/4287 4289/4289/4289
f 4255/4255/4255 4257/4257/4257 4289/4289/4289
f 4291/4291/4291 4255/4255/4255 4292/4292/4292
f 4256/4256/4256 4293/4293/4293 4259/4259/4259
f 4057/4057/4057 4294/4294/4294 4259/4259/4259
f 4259/4259/4259 4293/4293/4293 4260/4260/4260
f 4107/4107/4107 4259/4259/4259 4260/4260/4260
f 4263/4263/4263 4261/4261/4261 4226/4226/4226
f 4062/4062/4062 4227/4227/4227 4296/4296/4296
f 4063/4063/4063 4298/4298/4298 4194/4194/4194
f 4063/4063/4063 4110/4110/4110 4298/4298/4298
f 4062/4062/4062 4195/4195/4195 4139/4139/4139
f 4070/4070/4070 4229/4229/4229 4110/4110/4110
f 4197/4197/4197 4232/4232/4232 4140/4140/4140
f 4232/4232/4232 4175/4175/4175 4140/4140/4140
f 4144/4144/4144 4065/4065/4065 4271/4271/4271
f 4064/4064/4064 4033/4033/4033 4269/4269/4269
f 4301/4301/4301 4230/4230/4230 4115/4115/4115
f 4178/4178/4178 4270/4270/4270 4071/4071/4071
f 4148/4148/4148 4112/4112/4112 4273/4273/4273
f 4123/4123/4123 4119/4119/4119 4303/4303/4303
f 3966/3966/3966 4186/4186/4186 4305/4305/4305
f 4237/4237/4237 4307/4307/4307 4152/4152/4152
f 4152/4152/4152 4307/4307/4307 4153/4153/4153
f 4078/4078/4078 4214/4214/4214 4240/4240/4240
f 4279/4279/4279 4128/4128/4128 4308/4308/4308
f 4128/4128/4128 4240/4240/4240 4308/4308/4308
f 4189/4189/4189 4083/4083/4083 4278/4278/4278
f 4205/4205/4205 4310/4310/4310 4208/4208/4208
f 3807/3807/3807 4282/4282/4282 4019/4019/4019
f 4284/4284/4284 4246/4246/4246 4214/4214/4214
f 4192/4192/4192 4085/4085/4085 4311/4311/4311
f 4048/4048/4048 4191/4191/4191 4315/4315/4315
f 4158/4158/4158 4162/4162/4162 4316/4316/4316
f 4216/4216/4216 4317/4317/4317 4090/4090/4090
f 4248/4248/4248 4246/4246/4246 4247/4247/4247
f 3975/3975/3975 4318/4318/4318 4087/4087/4087
f 3976/3976/3976 4047/4047/4047 4319/4319/4319
f 4248/4248/4248 4252/4252/4252 4320/4320/4320
f 4138/4138/4138 4253/4253/4253 4250/4250/4250
f 4257/4257/4257 4321/4321/4321 4287/4287/4287
f 4257/4257/4257 4324/4324/4324 4321/4321/4321
f 4289/4289/4289 4292/4292/4292 4255/4255/4255
f 4258/4258/4258 4294/4294/4294 4257/4257/4257
f 4259/4259/4259 4294/4294/4294 4258/4258/4258
f 4259/4259/4259 4258/4258/4258 4256/4256/4256
f 4256/4256/4256 4255/4255/4255 4293/4293/4293
f 4058/4058/4058 4326/4326/4326 4295/4295/4295
f 4226/4226/4226 4261/4261/4261 4227/4227/4227
f 4060/4060/4060 4265/4265/4265 4056/4056/4056
f 4056/4056/4056 4265/4265/4265 4228/4228/4228
f 4194/4194/4194 4298/4298/4298 4264/4264/4264
f 4110/4110/4110 4229/4229/4229 4327/4327/4327
f 4198/4198/4198 4195/4195/4195 4266/4266/4266
f 4267/4267/4267 4329/4329/4329 4330/4330/4330
f 4236/4236/4236 4267/4267/4267 4331/4331/4331
f 4301/4301/4301 4332/4332/4332 4230/4230/4230
f 4113/4113/4113 4333/4333/4333 4300/4300/4300
f 4335/4335/4335 4300/4300/4300 4337/4337/4337
f 4147/4147/4147 4036/4036/4036 4201/4201/4201
f 3963/3963/3963 4277/4277/4277 4183/4183/4183
f 4122/4122/4122 4302/4302/4302 4340/4340/4340
f 4122/4122/4122 4340/4340/4340 4342/4342/4342
f 4123/4123/4123 4303/4303/4303 3966/3966/3966
f 3967/3967/3967 4306/4306/4306 4237/4237/4237
f 4154/4154/4154 4153/4153/4153 4307/4307/4307
f 4154/4154/4154 4307/4307/4307 4344/4344/4344
f 4154/4154/4154 4344/4344/4344 4239/4239/4239
f 4203/4203/4203 4189/4189/4189 4278/4278/4278
f 4243/4243/4243 4281/4281/4281 4283/4283/4283
f 4019/4019/4019 4282/4282/4282 4085/4085/4085
f 4204/4204/4204 4244/4244/4244 4309/4309/4309
f 4313/4313/4313 4190/4190/4190 4309/4309/4309
f 4244/4244/4244 4313/4313/4313 4309/4309/4309
f 4158/4158/4158 4346/4346/4346 4191/4191/4191
f 4158/4158/4158 4316/4316/4316 4346/4346/4346
f 4246/4246/4246 4248/4248/4248 4347/4347/4347
f 4251/4251/4251 4348/4348/4348 4349/4349/4349
f 4251/4251/4251 4090/4090/4090 4348/4348/4348
f 4251/4251/4251 4349/4349/4349 4286/4286/4286
f 4047/4047/4047 4350/4350/4350 4319/4319/4319
f 4166/4166/4166 4351/4351/4351 4352/4352/4352
f 4286/4286/4286 4351/4351/4351 4166/4166/4166
f 4252/4252/4252 4168/4168/4168 4320/4320/4320
f 4166/4166/4166 4320/4320/4320 4168/4168/4168
f 4322/4322/4322 4353/4353/4353 4288/4288/4288
f 4257/4257/4257 4294/4294/4294 4324/4324/4324
f 4291/4291/4291 4292/4292/4292 4356/4356/4356
f 4290/4290/4290 4355/4355/4355 4254/4254/4254
f 4058/4058/4058 4193/4193/4193 4326/4326/4326
f 4193/4193/4193 4358/4358/4358 4326/4326/4326
f 4225/4225/4225 4358/4358/4358 4193/4193/4193
f 4225/4225/4225 4228/4228/4228 4358/4358/4358
f 4227/4227/4227 4359/4359/4359 4296/4296/4296
f 4062/4062/4062 4296/4296/4296 4195/4195/4195
f 4298/4298/4298 4110/4110/4110 4327/4327/4327
f 4267/4267/4267 4330/4330/4330 4331/4331/4331
f 4177/4177/4177 4236/4236/4236 4273/4273/4273
f 4113/4113/4113 4268/4268/4268 4333/4333/4333
f 4272/4272/4272 4179/4179/4179 4361/4361/4361
f 4300/4300/4300 4333/4333/4333 4337/4337/4337
f 4148/4148/4148 4334/4334/4334 4037/4037/4037
f 4148/4148/4148 4273/4273/4273 4339/4339/4339
f 4187/4187/4187 4183/4183/4183 4362/4362/4362
f 4363/4363/4363 4185/4185/4185 4365/4365/4365
f 4186/4186/4186 4364/4364/4364 4305/4305/4305
f 4274/4274/4274 4186/4186/4186 4119/4119/4119
f 4186/4186/4186 4303/4303/4303 4119/4119/4119
f 3966/3966/3966 4303/4303/4303 4186/4186/4186
f 4123/4123/4123 4343/4343/4343 4303/4303/4303
f 4307/4307/4307 4368/4368/4368 4344/4344/4344
f 4208/4208/4208 4370/4370/4370 4372/4372/4372
f 4245/4245/4245 4209/4209/4209 4373/4373/4373
f 4214/4214/4214 4278/4278/4278 4083/4083/4083
f 4245/4245/4245 4373/4373/4373 4374/4374/4374
f 4214/4214/4214 4375/4375/4375 4376/4376/4376
f 4086/4086/4086 4378/4378/4378 4312/4312/4312
f 4309/4309/4309 4379/4379/4379 4384/4384/4384
f 4246/4246/4246 4388/4388/4388 4214/4214/4214
f 4309/4309/4309 4190/4190/4190 4379/4379/4379
f 4192/4192/4192 4311/4311/4311 4215/4215/4215
f 4090/4090/4090 4317/4317/4317 4348/4348/4348
f 4162/4162/4162 4389/4389/4389 4316/4316/4316
f 4248/4248/4248 4320/4320/4320 4347/4347/4347
f 4162/4162/4162 4391/4391/4391 4389/4389/4389
f 4320/4320/4320 4352/4352/4352 4351/4351/4351
f 4390/4390/4390 4161/4161/4161 4285/4285/4285
f 4320/4320/4320 4392/4392/4392 4352/4352/4352
f 4318/4318/4318 4393/4393/4393 4087/4087/4087
f 4166/4166/4166 4392/4392/4392 4320/4320/4320
f 4166/4166/4166 4352/4352/4352 4392/4392/4392
f 4394/4394/4394 4285/4285/4285 4393/4393/4393
f 4395/4395/4395 4396/4396/4396 4285/4285/4285
f 4395/4395/4395 4285/4285/4285 4394/4394/4394
f 4400/4400/4400 4289/4289/4289 4402/4402/4402
f 4288/4288/4288 4404/4404/4404 4403/4403/4403
f 4287/4287/4287 4402/4402/4402 4289/4289/4289
f 4289/4289/4289 4400/4400/4400 4292/4292/4292
f 4400/4400/4400 4405/4405/4405 4292/4292/4292
f 4292/4292/4292 4408/4408/4408 4356/4356/4356
f 4295/4295/4295 4326/4326/4326 4410/4410/4410
f 4260/4260/4260 4293/4293/4293 4411/4411/4411
f 4227/4227/4227 4261/4261/4261 4359/4359/4359
f 4261/4261/4261 4412/4412/4412 4359/4359/4359
f 4228/4228/4228 4265/4265/4265 4413/4413/4413
f 4296/4296/4296 4359/4359/4359 4414/4414/4414
f 4297/4297/4297 4416/4416/4416 4196/4196/4196
f 4267/4267/4267 4417/4417/4417 4329/4329/4329
f 4331/4331/4331 4330/4330/4330 4236/4236/4236
f 4301/4301/4301 4328/4328/4328 4332/4332/4332
f 4336/4336/4336 4328/4328/4328 4301/4301/4301
f 4336/4336/4336 4339/4339/4339 4328/4328/4328
f 4236/4236/4236 4418/4418/4418 4273/4273/4273
f 4268/4268/4268 4360/4360/4360 4333/4333/4333
f 4179/4179/4179 4037/4037/4037 4361/4361/4361
f 4037/4037/4037 4334/4334/4334 4361/4361/4361
f 4148/4148/4148 4339/4339/4339 4334/4334/4334
f 4343/4343/4343 4341/4341/4341 4303/4303/4303
f 4307/4307/4307 4237/4237/4237 4420/4420/4420
f 4240/4240/4240 4214/4214/4214 4308/4308/4308
f 4214/4214/4214 4376/4376/4376 4421/4421/4421
f 4214/4214/4214 4421/4421/4421 4308/4308/4308
f 4371/4371/4371 4369/4369/4369 4207/4207/4207
f 4310/4310/4310 4372/4372/4372 4208/4208/4208
f 4214/4214/4214 4388/4388/4388 4375/4375/4375
f 4347/4347/4347 4388/4388/4388 4246/4246/4246
f 4347/4347/4347 4351/4351/4351 4388/4388/4388
f 4320/4320/4320 4351/4351/4351 4347/4347/4347
f 4087/4087/4087 4422/4422/4422 4285/4285/4285
f 4087/4087/4087 4393/4393/4393 4422/4422/4422
f 4285/4285/4285 4396/4396/4396 4390/4390/4390
f 4395/4395/4395 4400/4400/4400 4396/4396/4396
f 4400/4400/4400 4402/4402/4402 4396/4396/4396
f 4395/4395/4395 4394/4394/4394 4393/4393/4393
f 4395/4395/4395 4423/4423/4423 4400/4400/4400
f 4395/4395/4395 4393/4393/4393 4423/4423/4423
f 4401/4401/4401 4427/4427/4427 4407/4407/4407
f 4325/4325/4325 4428/4428/4428 4323/4323/4323
f 4325/4325/4325 4430/4430/4430 4428/4428/4428
f 4292/4292/4292 4405/4405/4405 4408/4408/4408
f 4324/4324/4324 4294/4294/4294 4429/4429/4429
f 4295/4295/4295 4410/4410/4410 4430/4430/4430
f 4255/4255/4255 4356/4356/4356 4431/4431/4431
f 4293/4293/4293 4255/4255/4255 4431/4431/4431
f 4264/4264/4264 4435/4435/4435 4265/4265/4265
f 4297/4297/4297 4415/4415/4415 4437/4437/4437
f 4417/4417/4417 4267/4267/4267 4196/4196/4196
f 4417/4417/4417 4330/4330/4330 4329/4329/4329
f 4230/4230/4230 4332/4332/4332 4328/4328/4328
f 4271/4271/4271 4360/4360/4360 4144/4144/4144
f 4268/4268/4268 4144/4144/4144 4360/4360/4360
f 4183/4183/4183 4277/4277/4277 4441/4441/4441
f 4187/4187/4187 4362/4362/4362 4366/4366/4366
f 4363/4363/4363 4365/4365/4365 4304/4304/4304
f 4237/4237/4237 4306/4306/4306 4442/4442/4442
f 4308/4308/4308 4443/4443/4443 4279/4279/4279
f 4283/4283/4283 4281/4281/4281 4279/4279/4279
f 4308/4308/4308 4421/4421/4421 4443/4443/4443
f 4421/4421/4421 4376/4376/4376 4444/4444/4444
f 4283/4283/4283 4445/4445/4445 4378/4378/4378
f 4086/4086/4086 4283/4283/4283 4378/4378/4378
f 4311/4311/4311 4377/4377/4377 4215/4215/4215
f 4317/4317/4317 4446/4446/4446 4349/4349/4349
f 4349/4349/4349 4446/4446/4446 4286/4286/4286
f 4351/4351/4351 4446/4446/4446 4375/4375/4375
f 4351/4351/4351 4286/4286/4286 4446/4446/4446
f 4348/4348/4348 4317/4317/4317 4349/4349/4349
f 4314/4314/4314 4448/4448/4448 4047/4047/4047
f 4285/4285/4285 4422/4422/4422 4393/4393/4393
f 4400/4400/4400 4423/4423/4423 4426/4426/4426
f 4404/4404/4404 4353/4353/4353 4403/4403/4403
f 4404/4404/4404 4288/4288/4288 4353/4353/4353
f 4264/4264/4264 4298/4298/4298 4435/4435/4435
f 4297/4297/4297 4437/4437/4437 4416/4416/4416
f 4328/4328/4328 4450/4450/4450 4452/4452/4452
f 4417/4417/4417 4196/4196/4196 4330/4330/4330
f 4328/4328/4328 4454/4454/4454 4450/4450/4450
f 4236/4236/4236 4330/4330/4330 4455/4455/4455
f 4328/4328/4328 4339/4339/4339 4454/4454/4454
f 4339/4339/4339 4457/4457/4457 4454/4454/4454
f 4236/4236/4236 4455/4455/4455 4418/4418/4418
f 4418/4418/4418 4458/4458/4458 4273/4273/4273
f 4456/4456/4456 4338/4338/4338 4459/4459/4459
f 4307/4307/4307 4461/4461/4461 4368/4368/4368
f 4307/4307/4307 4420/4420/4420 4461/4461/4461
f 4237/4237/4237 4442/4442/4442 4462/4462/4462
f 4344/4344/4344 4368/4368/4368 4239/4239/4239
f 4279/4279/4279 4445/4445/4445 4283/4283/4283
f 4421/4421/4421 4444/4444/4444 4446/4446/4446
f 4421/4421/4421 4446/4446/4446 4216/4216/4216
f 4421/4421/4421 4216/4216/4216 4443/4443/4443
f 4378/4378/4378 4445/4445/4445 4443/4443/4443
f 4310/4310/4310 4385/4385/4385 4372/4372/4372
f 4378/4378/4378 4443/4443/4443 4216/4216/4216
f 4245/4245/4245 4374/4374/4374 4464/4464/4464
f 4376/4376/4376 4446/4446/4446 4444/4444/4444
f 4245/4245/4245 4464/4464/4464 4314/4314/4314
f 4376/4376/4376 4375/4375/4375 4446/4446/4446
f 4317/4317/4317 4216/4216/4216 4446/4446/4446
f 4351/4351/4351 4375/4375/4375 4388/4388/4388
f 4190/4190/4190 4345/4345/4345 4379/4379/4379
f 4448/4448/4448 4465/4465/4465 4047/4047/4047
f 4350/4350/4350 4467/4467/4467 4319/4319/4319
f 4393/4393/4393 4318/4318/4318 4466/4466/4466
f 4393/4393/4393 4466/4466/4466 4423/4423/4423
f 4403/4403/4403 4353/4353/4353 4397/4397/4397
f 4323/4323/4323 4428/4428/4428 4354/4354/4354
f 4293/4293/4293 4431/4431/4431 4411/4411/4411
f 4228/4228/4228 4413/4413/4413 4358/4358/4358
f 4413/4413/4413 4265/4265/4265 4435/4435/4435
f 4450/4450/4450 4469/4469/4469 4452/4452/4452
f 4196/4196/4196 4416/4416/4416 4330/4330/4330
f 4457/4457/4457 4470/4470/4470 4454/4454/4454
f 4458/4458/4458 4455/4455/4455 4457/4457/4457
f 4418/4418/4418 4455/4455/4455 4458/4458/4458
f 4273/4273/4273 4458/4458/4458 4457/4457/4457
f 4457/4457/4457 4460/4460/4460 4273/4273/4273
f 4338/4338/4338 4471/4471/4471 4459/4459/4459
f 4276/4276/4276 4473/4473/4473 4438/4438/4438
f 4366/4366/4366 4362/4362/4362 4476/4476/4476
f 4367/4367/4367 4442/4442/4442 4306/4306/4306
f 4237/4237/4237 4462/4462/4462 4420/4420/4420
f 4279/4279/4279 4443/4443/4443 4445/4445/4445
f 4374/4374/4374 4373/4373/4373 4479/4479/4479
f 4385/4385/4385 4478/4478/4478 4372/4372/4372
f 4374/4374/4374 4479/4479/4479 4387/4387/4387
f 4387/4387/4387 4464/4464/4464 4374/4374/4374
f 4480/4480/4480 4386/4386/4386 4380/4380/4380
f 4314/4314/4314 4464/4464/4464 4448/4448/4448
f 4391/4391/4391 4482/4482/4482 4389/4389/4389
f 4465/4465/4465 4484/4484/4484 4047/4047/4047
f 4047/4047/4047 4484/4484/4484 4350/4350/4350
f 4350/4350/4350 4485/4485/4485 4467/4467/4467
f 4466/4466/4466 4486/4486/4486 4423/4423/4423
f 4428/4428/4428 4489/4489/4489 4354/4354/4354
f 4409/4409/4409 4406/4406/4406 4490/4490/4490
f 4409/4409/4409 4490/4490/4490 4491/4491/4491
f 4410/4410/4410 4326/4326/4326 4494/4494/4494
f 4357/4357/4357 4409/4409/4409 4491/4491/4491
f 4359/4359/4359 4412/4412/4412 4414/4414/4414
f 4449/4449/4449 4453/4453/4453 4495/4495/4495
f 4416/4416/4416 4497/4497/4497 4330/4330/4330
f 4330/4330/4330 4497/4497/4497 4455/4455/4455
f 4457/4457/4457 4455/4455/4455 4470/4470/4470
f 4339/4339/4339 4273/4273/4273 4472/4472/4472
f 4183/4183/4183 4419/4419/4419 4362/4362/4362
f 4276/4276/4276 4238/4238/4238 4473/4473/4473
f 4239/4239/4239 4368/4368/4368 4475/4475/4475
f 4386/4386/4386 4480/4480/4480 4463/4463/4463
f 4482/4482/4482 4391/4391/4391 4498/4498/4498
f 4398/4398/4398 4498/4498/4498 4391/4391/4391
f 4350/4350/4350 4484/4484/4484 4485/4485/4485
f 4425/4425/4425 4487/4487/4487 4500/4500/4500
f 4427/4427/4427 4424/4424/4424 4502/4502/4502
f 4407/4407/4407 4427/4427/4427 4504/4504/4504
f 4406/4406/4406 4503/4503/4503 4490/4490/4490
f 4432/4432/4432 4357/4357/4357 4505/4505/4505
f 4326/4326/4326 4358/4358/4358 4507/4507/4507
f 4412/4412/4412 4434/4434/4434 4509/4509/4509
f 4327/4327/4327 4451/4451/4451 4298/4298/4298
f 4449/4449/4449 4495/4495/4495 4468/4468/4468
f 4497/4497/4497 4416/4416/4416 4470/4470/4470
f 4454/4454/4454 4470/4470/4470 4496/4496/4496
f 4455/4455/4455 4497/4497/4497 4470/4470/4470
f 4459/4459/4459 4471/4471/4471 4511/4511/4511
f 4273/4273/4273 4460/4460/4460 4512/4512/4512
f 4273/4273/4273 4512/4512/4512 4472/4472/4472
f 4474/4474/4474 4513/4513/4513 4439/4439/4439
f 4476/4476/4476 4517/4517/4517 4366/4366/4366
f 4366/4366/4366 4517/4517/4517 4518/4518/4518
f 4442/4442/4442 4367/4367/4367 4519/4519/4519
f 4463/4463/4463 4480/4480/4480 4447/4447/4447
f 4316/4316/4316 4520/4520/4520 4346/4346/4346
f 4485/4485/4485 4484/4484/4484 4521/4521/4521
f 4485/4485/4485 4521/4521/4521 4467/4467/4467
f 4502/4502/4502 4504/4504/4504 4427/4427/4427
f 4358/4358/4358 4522/4522/4522 4507/4507/4507
f 4412/4412/4412 4509/4509/4509 4524/4524/4524
f 4412/4412/4412 4526/4526/4526 4414/4414/4414
f 4452/4452/4452 4469/4469/4469 4299/4299/4299
f 4495/4495/4495 4527/4527/4527 4468/4468/4468
f 4416/4416/4416 4529/4529/4529 4496/4496/4496
f 4470/4470/4470 4416/4416/4416 4496/4496/4496
f 4476/4476/4476 4362/4362/4362 4419/4419/4419
f 4461/4461/4461 4420/4420/4420 4531/4531/4531
f 4383/4383/4383 4533/4533/4533 4481/4481/4481
f 4448/4448/4448 4481/4481/4481 4534/4534/4534
f 4316/4316/4316 4482/4482/4482 4520/4520/4520
f 4465/4465/4465 4448/4448/4448 4484/4484/4484
f 4316/4316/4316 4389/4389/4389 4482/4482/4482
f 4467/4467/4467 4535/4535/4535 4487/4487/4487
f 4502/4502/4502 4538/4538/4538 4504/4504/4504
f 4428/4428/4428 4430/4430/4430 4489/4489/4489
f 4490/4490/4490 4503/4503/4503 4537/4537/4537
f 4410/4410/4410 4489/4489/4489 4430/4430/4430
f 4490/4490/4490 4537/4537/4537 4491/4491/4491
f 4357/4357/4357 4491/4491/4491 4505/4505/4505
f 4433/4433/4433 4506/4506/4506 4508/4508/4508
f 4412/4412/4412 4524/4524/4524 4526/4526/4526
f 4414/4414/4414 4526/4526/4526 4540/4540/4540
f 4437/4437/4437 4415/4415/4415 4529/4529/4529
f 4415/4415/4415 4541/4541/4541 4529/4529/4529
f 4299/4299/4299 4469/4469/4469 4436/4436/4436
f 4437/4437/4437 4529/4529/4529 4416/4416/4416
f 4419/4419/4419 4183/4183/4183 4530/4530/4530
f 4368/4368/4368 4461/4461/4461 4475/4475/4475
f 4442/4442/4442 4543/4543/4543 4462/4462/4462
f 4381/4381/4381 4544/4544/4544 4532/4532/4532
f 4484/4484/4484 4534/4534/4534 4521/4521/4521
f 4487/4487/4487 4535/4535/4535 4500/4500/4500
f 4538/4538/4538 4502/4502/4502 4424/4424/4424
f 4410/4410/4410 4494/4494/4494 4489/4489/4489
f 4435/4435/4435 4527/4527/4527 4548/4548/4548
f 4435/4435/4435 4468/4468/4468 4527/4527/4527
f 4529/4529/4529 4550/4550/4550 4496/4496/4496
f 4184/4184/4184 4553/4553/4553 4531/4531/4531
f 4442/4442/4442 4519/4519/4519 4543/4543/4543
f 4554/4554/4554 4559/4559/4559 4567/4567/4567
f 4555/4555/4555 4568/4568/4568 4560/4560/4560
f 4556/4556/4556 4569/4569/4569 4561/4561/4561
f 4571/4571/4571 4558/4558/4558 4573/4573/4573
f 4571/4571/4571 4558/4558/4558 4575/4575/4575
f 4575/4575/4575 4571/4571/4571 4573/4573/4573
f 4571/4571/4571 4575/4575/4575 4579/4579/4579
f 4481/4481/4481 4584/4584/4584 4534/4534/4534
f 4484/4484/4484 4448/4448/4448 4534/4534/4534
f 4398/4398/4398 4588/4588/4588 4498/4498/4498
f 4521/4521/4521 4534/4534/4534 4590/4590/4590
f 4397/4397/4397 4353/4353/4353 4592/4592/4592
f 4493/4493/4493 4539/4539/4539 4595/4595/4595
f 4326/4326/4326 4507/4507/4507 4494/4494/4494
f 4435/4435/4435 4548/4548/4548 4413/4413/4413
f 4496/4496/4496 4550/4550/4550 4528/4528/4528
f 4462/4462/4462 4543/4543/4543 4420/4420/4420
f 4557/4557/4557 4562/4562/4562 4572/4572/4572
f 4532/4532/4532 4544/4544/4544 4579/4579/4579
f 4379/4379/4379 4345/4345/4345 4596/4596/4596
f 4533/4533/4533 4584/4584/4584 4481/4481/4481
f 4520/4520/4520 4598/4598/4598 4346/4346/4346
f 4520/4520/4520 4482/4482/4482 4598/4598/4598
f 4399/4399/4399 4593/4593/4593 4589/4589/4589
f 4494/4494/4494 4602/4602/4602 4489/4489/4489
f 4506/4506/4506 4604/4604/4604 4508/4508/4508
f 4358/4358/4358 4413/4413/4413 4522/4522/4522
f 4548/4548/4548 4522/4522/4522 4413/4413/4413
f 4526/4526/4526 4524/4524/4524 4540/4540/4540
f 4541/4541/4541 4525/4525/4525 4529/4529/4529
f 4550/4550/4550 4529/4529/4529 4528/4528/4528
f 4180/4180/4180 4440/4440/4440 4514/4514/4514
f 4181/4181/4181 4515/4515/4515 4606/4606/4606
f 4476/4476/4476 4542/4542/4542 4517/4517/4517
f 4420/4420/4420 4543/4543/4543 4477/4477/4477
f 4570/4570/4570 4578/4578/4578 4563/4563/4563
f 4575/4575/4575 4583/4583/4583 4579/4579/4579
f 4579/4579/4579 4583/4583/4583 4532/4532/4532
f 4382/4382/4382 4597/4597/4597 4545/4545/4545
f 4521/4521/4521 4610/4610/4610 4467/4467/4467
f 4500/4500/4500 4535/4535/4535 4612/4612/4612
f 4424/4424/4424 4615/4615/4615 4538/4538/4538
f 4499/4499/4499 4615/4615/4615 4424/4424/4424
f 4601/4601/4601 4617/4617/4617 4488/4488/4488
f 4505/4505/4505 4491/4491/4491 4603/4603/4603
f 4507/4507/4507 4522/4522/4522 4619/4619/4619
f 4509/4509/4509 4622/4622/4622 4524/4524/4524
f 4549/4549/4549 4528/4528/4528 4625/4625/4625
f 4475/4475/4475 4609/4609/4609 4516/4516/4516
f 4461/4461/4461 4531/4531/4531 4475/4475/4475
f 4574/4574/4574 4564/4564/4564 4576/4576/4576
f 4534/4534/4534 4584/4584/4584 4626/4626/4626
f 4483/4483/4483 4632/4632/4632 4600/4600/4600
f 4498/4498/4498 4631/4631/4631 4482/4482/4482
f 4521/4521/4521 4590/4590/4590 4610/4610/4610
f 4467/4467/4467 4610/4610/4610 4535/4535/4535
f 4353/4353/4353 4633/4633/4633 4592/4592/4592
f 4501/4501/4501 4614/4614/4614 4616/4616/4616
f 4354/4354/4354 4489/4489/4489 4636/4636/4636
f 4539/4539/4539 4640/4640/4640 4595/4595/4595
f 4489/4489/4489 4618/4618/4618 4636/4636/4636
f 4602/4602/4602 4494/4494/4494 4618/4618/4618
f 4494/4494/4494 4507/4507/4507 4619/4619/4619
f 4494/4494/4494 4619/4619/4619 4618/4618/4618
f 4510/4510/4510 4605/4605/4605 4623/4623/4623
f 4529/4529/4529 4525/4525/4525 4642/4642/4642
f 4528/4528/4528 4529/4529/4529 4625/4625/4625
f 4529/4529/4529 4642/4642/4642 4625/4625/4625
f 4624/4624/4624 4641/4641/4641 4643/4643/4643
f 4182/4182/4182 4607/4607/4607 4551/4551/4551
f 4552/4552/4552 4608/4608/4608 4645/4645/4645
f 4542/4542/4542 4518/4518/4518 4517/4517/4517
f 4531/4531/4531 4609/4609/4609 4475/4475/4475
f 4648/4648/4648 4650/4650/4650 4653/4653/4653
f 4648/4648/4648 4654/4654/4654 4650/4650/4650
f 4498/4498/4498 4588/4588/4588 4656/4656/4656
f 4590/4590/4590 4534/4534/4534 4658/4658/4658
f 4610/4610/4610 4612/4612/4612 4535/4535/4535
f 4612/4612/4612 4535/4535/4535 4660/4660/4660
f 4536/4536/4536 4613/4613/4613 4661/4661/4661
f 4616/4616/4616 4663/4663/4663 4539/4539/4539
f 4539/4539/4539 4663/4663/4663 4640/4640/4640
f 4619/4619/4619 4522/4522/4522 4664/4664/4664
f 4549/4549/4549 4625/4625/4625 4667/4667/4667
f 4668/4668/4668 4525/4525/4525 4669/4669/4669
f 4525/4525/4525 4668/4668/4668 4642/4642/4642
f 4531/4531/4531 4553/4553/4553 4646/4646/4646
f 4577/4577/4577 4565/4565/4565 4585/4585/4585
f 4580/4580/4580 4586/4586/4586 4566/4566/4566
f 4547/4547/4547 4654/4654/4654 4670/4670/4670
f 4581/4581/4581 4627/4627/4627 4587/4587/4587
f 4546/4546/4546 4628/4628/4628 4582/4582/4582
f 4534/4534/4534 4626/4626/4626 4658/4658/4658
f 4600/4600/4600 4632/4632/4632 4671/4671/4671
f 4498/4498/4498 4656/4656/4656 4631/4631/4631
f 4591/4591/4591 4672/4672/4672 4611/4611/4611
f 4593/4593/4593 4674/4674/4674 4589/4589/4589
f 4612/4612/4612 4610/4610/4610 4660/4660/4660
f 4614/4614/4614 4662/4662/4662 4616/4616/4616
f 4353/4353/4353 4635/4635/4635 4633/4633/4633
f 4618/4618/4618 4675/4675/4675 4636/4636/4636
f 4618/4618/4618 4619/4619/4619 4675/4675/4675
f 4525/4525/4525 4623/4623/4623 4676/4676/4676
f 4669/4669/4669 4525/4525/4525 4677/4677/4677
f 4549/4549/4549 4667/4667/4667 4523/4523/4523
f 4668/4668/4668 4678/4678/4678 4642/4642/4642
f 4644/4644/4644 4679/4679/4679 4625/4625/4625
f 4644/4644/4644 4642/4642/4642 4679/4679/4679
f 4652/4652/4652 4649/4649/4649 4647/4647/4647
f 4670/4670/4670 4648/4648/4648 4680/4680/4680
f 4648/4648/4648 4670/4670/4670 4654/4654/4654
f 4547/4547/4547 4670/4670/4670 4680/4680/4680
f 4599/4599/4599 4654/4654/4654 4547/4547/4547
f 4629/4629/4629 4547/4547/4547 4680/4680/4680
f 4659/4659/4659 4682/4682/4682 4672/4672/4672
f 4591/4591/4591 4659/4659/4659 4672/4672/4672
f 4588/4588/4588 4673/4673/4673 4656/4656/4656
f 4611/4611/4611 4672/4672/4672 4683/4683/4683
f 4611/4611/4611 4683/4683/4683 4662/4662/4662
f 4593/4593/4593 4634/4634/4634 4684/4684/4684
f 4594/4594/4594 4639/4639/4639 4492/4492/4492
f 4493/4493/4493 4640/4640/4640 4685/4685/4685
f 4675/4675/4675 4686/4686/4686 4636/4636/4636
f 4675/4675/4675 4619/4619/4619 4686/4686/4686
f 4621/4621/4621 4689/4689/4689 4687/4687/4687
f 4688/4688/4688 4620/4620/4620 4665/4665/4665
f 4493/4493/4493 4623/4623/4623 4605/4605/4605
f 4523/4523/4523 4689/4689/4689 4666/4666/4666
f 4525/4525/4525 4676/4676/4676 4677/4677/4677
f 4668/4668/4668 4669/4669/4669 4678/4678/4678
f 4642/4642/4642 4678/4678/4678 4679/4679/4679
f 4531/4531/4531 4646/4646/4646 4609/4609/4609
f 4659/4659/4659 4630/4630/4630 4682/4682/4682
f 4600/4600/4600 4671/4671/4671 4690/4690/4690
f 4672/4672/4672 4691/4691/4691 4683/4683/4683
f 4684/4684/4684 4663/4663/4663 4593/4593/4593
f 4623/4623/4623 4693/4693/4693 4676/4676/4676
f 4689/4689/4689 4667/4667/4667 4687/4687/4687
f 4523/4523/4523 4667/4667/4667 4689/4689/4689
f 4689/4689/4689 4523/4523/4523 4667/4667/4667
f 4677/4677/4677 4678/4678/4678 4669/4669/4669
f 4694/4694/4694 4625/4625/4625 4695/4695/4695
f 4679/4679/4679 4694/4694/4694 4695/4695/4695
f 4625/4625/4625 4679/4679/4679 4695/4695/4695
f 4678/4678/4678 4696/4696/4696 4679/4679/4679
f 4648/4648/4648 4650/4650/4650 4697/4697/4697
f 4648/4648/4648 4697/4697/4697 4680/4680/4680
f 4600/4600/4600 4690/4690/4690 4655/4655/4655
f 4630/4630/4630 4681/4681/4681 4682/4682/4682
f 4682/4682/4682 4690/4690/4690 4671/4671/4671
f 4682/4682/4682 4671/4671/4671 4672/4672/4672
f 4671/4671/4671 4632/4632/4632 4672/4672/4672
f 4672/4672/4672 4632/4632/4632 4691/4691/4691
f 4632/4632/4632 4657/4657/4657 4699/4699/4699
f 4691/4691/4691 4632/4632/4632 4699/4699/4699
f 4691/4691/4691 4699/4699/4699 4683/4683/4683
f 4663/4663/4663 4674/4674/4674 4593/4593/4593
f 4662/4662/4662 4683/4683/4683 4616/4616/4616
f 4616/4616/4616 4683/4683/4683 4699/4699/4699
f 4663/4663/4663 4616/4616/4616 4699/4699/4699
f 4640/4640/4640 4663/4663/4663 4685/4685/4685
f 4700/4700/4700 4663/4663/4663 4684/4684/4684
f 4684/4684/4684 4634/4634/4634 4700/4700/4700
f 4634/4634/4634 4638/4638/4638 4702/4702/4702
f 4638/4638/4638 4687/4687/4687 4667/4667/4667
f 4667/4667/4667 4704/4704/4704 4638/4638/4638
f 4623/4623/4623 4493/4493/4493 4693/4693/4693
f 4694/4694/4694 4704/4704/4704 4705/4705/4705
f 4694/4694/4694 4706/4706/4706 4704/4704/4704
f 4676/4676/4676 4693/4693/4693 4707/4707/4707
f 4625/4625/4625 4704/4704/4704 4667/4667/4667
f 4676/4676/4676 4707/4707/4707 4677/4677/4677
f 4704/4704/4704 4625/4625/4625 4705/4705/4705
f 4706/4706/4706 4694/4694/4694 4696/4696/4696
f 4625/4625/4625 4694/4694/4694 4705/4705/4705
f 4694/4694/4694 4679/4679/4679 4696/4696/4696
f 4678/4678/4678 4677/4677/4677 4696/4696/4696
f 4698/4698/4698 4651/4651/4651 4708/4708/4708
f 4655/4655/4655 4708/4708/4708 4651/4651/4651
f 4698/4698/4698 4708/4708/4708 4681/4681/4681
f 4655/4655/4655 4690/4690/4690 4708/4708/4708
f 4674/4674/4674 4699/4699/4699 4657/4657/4657
f 4663/4663/4663 4699/4699/4699 4674/4674/4674
f 4663/4663/4663 4700/4700/4700 4685/4685/4685
f 4685/4685/4685 4700/4700/4700 4493/4493/4493
f 4637/4637/4637 4703/4703/4703 4701/4701/4701
f 4704/4704/4704 4706/4706/4706 4707/4707/4707
f 4706/4706/4706 4696/4696/4696 4707/4707/4707
f 4677/4677/4677 4707/4707/4707 4696/4696/4696
f 4707/4707/4707 4693/4693/4693 4704/4704/4704
f 4692/4692/4692 4701/4701/4701 4703/4703/4703
f 4693/4693/4693 4493/4493/4493 4700/4700/4700
f 4681/4681/4681 4708/4708/4708 4690/4690/4690
f 4681/4681/4681 4690/4690/4690 4682/4682/4682
f 4634/4634/4634 4693/4693/4693 4700/4700/4700
f 4634/4634/4634 4702/4702/4702 4693/4693/4693
