# goblin-shaman - Tower Lords enemy model. MIT licence, (c) 2026 Imyala. Y up, faces +Z, feet at y=-0.95.
mtllib goblin-shaman_5k.mtl
o goblin-shaman
v -0.71386 0.45402 0.22671
v -0.71386 0.45402 0.22671
v -0.71386 0.45402 0.22671
v -0.66654 0.41935 0.22275
v -0.66654 0.41935 0.22275
v -0.66654 0.41935 0.22275
v -0.66654 0.41935 0.22275
v -0.66654 0.41935 0.22275
v -0.68875 0.40423 0.26421
v -0.68875 0.40423 0.26421
v -0.68875 0.40423 0.26421
v -0.68875 0.40423 0.26421
v -0.66604 0.44517 0.31418
v -0.66604 0.44517 0.31418
v -0.66604 0.44517 0.31418
v -0.63387 0.47160 0.28642
v -0.63387 0.47160 0.28642
v -0.67140 0.47377 0.23766
v -0.67140 0.47377 0.23766
v -0.67140 0.47377 0.23766
v -0.67140 0.47377 0.23766
v -0.68465 0.49455 0.21312
v -0.68465 0.49455 0.21312
v -0.68465 0.49455 0.21312
v -0.68465 0.49455 0.21312
v -0.68465 0.49455 0.21312
v -0.68370 0.50208 0.27515
v -0.68370 0.50208 0.27515
v -0.66097 0.54895 0.17130
v -0.66097 0.54895 0.17130
v -0.66769 0.51313 0.16109
v -0.64696 0.43324 0.31459
v -0.64696 0.43324 0.31459
v -0.64696 0.43324 0.31459
v -0.64696 0.43324 0.31459
v -0.63674 0.50651 0.16738
v -0.63674 0.50651 0.16738
v -0.64222 0.54634 0.21281
v -0.64222 0.54634 0.21281
v -0.65288 0.12552 0.22823
v -0.65288 0.12552 0.22823
v -0.65288 0.12552 0.22823
v -0.65288 0.12552 0.22823
v -0.63068 0.20736 0.21894
v -0.63068 0.20736 0.21894
v -0.63068 0.20736 0.21894
v -0.63068 0.20736 0.21894
v -0.64264 0.16656 0.18813
v -0.64264 0.16656 0.18813
v -0.62753 0.20736 0.23888
v -0.62753 0.20736 0.23888
v -0.62753 0.20736 0.23888
v -0.62753 0.20736 0.23888
v -0.62753 0.20736 0.23888
v -0.65230 0.38597 0.27832
v -0.65230 0.38597 0.27832
v -0.65230 0.38597 0.27832
v -0.62829 0.39818 0.21130
v -0.62829 0.39818 0.21130
v -0.62829 0.39818 0.21130
v -0.62829 0.39818 0.21130
v -0.62829 0.39818 0.21130
v -0.62829 0.39818 0.21130
v -0.62829 0.39818 0.21130
v -0.62829 0.39818 0.21130
v -0.62829 0.39818 0.21130
v -0.62829 0.39818 0.21130
v -0.62829 0.39818 0.21130
v -0.63458 0.35844 0.23506
v -0.63458 0.35844 0.23506
v -0.63458 0.35844 0.23506
v -0.63458 0.35844 0.23506
v -0.63458 0.35844 0.23506
v -0.63458 0.35844 0.23506
v -0.61849 0.41955 0.22970
v -0.61849 0.41955 0.22970
v -0.61849 0.41955 0.22970
v -0.61849 0.41955 0.22970
v -0.61849 0.41955 0.22970
v -0.61849 0.41955 0.22970
v -0.61849 0.41955 0.22970
v -0.62291 0.49738 0.21431
v -0.62291 0.49738 0.21431
v -0.62291 0.49738 0.21431
v -0.62291 0.49738 0.21431
v -0.63034 0.50279 0.25974
v -0.63034 0.50279 0.25974
v -0.63438 0.12046 0.25653
v -0.63438 0.12046 0.25653
v -0.61533 0.13681 0.26102
v -0.61533 0.13681 0.26102
v -0.61533 0.13681 0.26102
v -0.62114 0.36462 0.29928
v -0.62114 0.36462 0.29928
v -0.61820 0.51900 0.18237
v -0.61820 0.51900 0.18237
v -0.61820 0.51900 0.18237
v -0.61820 0.51900 0.18237
v -0.62582 0.52814 0.23040
v -0.62582 0.52814 0.23040
v -0.59518 0.54754 0.17472
v -0.59518 0.54754 0.17472
v -0.59518 0.54754 0.17472
v -0.59518 0.54754 0.17472
v -0.59860 0.13041 0.24968
v -0.60917 0.13421 0.20262
v -0.60917 0.13421 0.20262
v -0.62308 0.19636 0.21416
v -0.63236 0.30876 0.23281
v -0.63236 0.30876 0.23281
v -0.63236 0.30876 0.23281
v -0.61402 0.47296 0.28737
v -0.61402 0.47296 0.28737
v -0.59727 0.54511 0.23440
v -0.59727 0.54511 0.23440
v -0.59727 0.54511 0.23440
v -0.60911 0.40293 0.24361
v -0.60911 0.40293 0.24361
v -0.60911 0.40293 0.24361
v -0.60911 0.40293 0.24361
v -0.60911 0.40293 0.24361
v -0.61528 0.52131 0.25459
v -0.61528 0.52131 0.25459
v -0.61528 0.52131 0.25459
v -0.63948 0.71001 0.24553
v -0.63948 0.71001 0.24553
v -0.63948 0.71001 0.24553
v -0.61630 0.60839 0.25815
v -0.62055 0.66828 0.25875
v -0.60436 0.39059 0.22718
v -0.60436 0.39059 0.22718
v -0.60436 0.39059 0.22718
v -0.59056 0.38888 0.30620
v -0.59056 0.38888 0.30620
v -0.59957 0.50663 0.27248
v -0.62091 0.52514 0.24370
v -0.62091 0.52514 0.24370
v -0.60848 0.64845 0.17393
v -0.58149 0.57549 0.17034
v -0.58149 0.57549 0.17034
v -0.59777 0.68031 0.32977
v -0.59777 0.68031 0.32977
v -0.58105 0.72229 0.33188
v -0.58105 0.72229 0.33188
v -0.60490 0.27977 0.21475
v -0.60490 0.27977 0.21475
v -0.60490 0.27977 0.21475
v -0.60154 0.45289 0.28290
v -0.60154 0.45289 0.28290
v -0.60203 0.57064 0.21833
v -0.60203 0.57064 0.21833
v -0.60203 0.57064 0.21833
v -0.60203 0.57064 0.21833
v -0.59989 0.59221 0.31234
v -0.59989 0.59221 0.31234
v -0.59803 0.62959 0.32721
v -0.59803 0.62959 0.32721
v -0.59803 0.62959 0.32721
v -0.59482 0.68538 0.15315
v -0.59482 0.68538 0.15315
v -0.57145 0.76270 0.28944
v -0.57145 0.76270 0.28944
v -0.57145 0.76270 0.28944
v -0.57145 0.76270 0.28944
v -0.61888 0.73229 0.26763
v -0.61888 0.73229 0.26763
v -0.59814 -0.02990 0.19355
v -0.59814 -0.02990 0.19355
v -0.58885 -0.05008 0.21873
v -0.58885 -0.05008 0.21873
v -0.59363 -0.02225 0.21094
v -0.58544 0.34129 0.20551
v -0.58544 0.34129 0.20551
v -0.58909 0.40884 0.20724
v -0.58909 0.40884 0.20724
v -0.56817 0.50710 0.27259
v -0.56817 0.50710 0.27259
v -0.58710 0.57454 0.21022
v -0.58710 0.57454 0.21022
v -0.60161 0.59397 0.25865
v -0.60161 0.59397 0.25865
v -0.58486 0.55168 0.28214
v -0.58486 0.55168 0.28214
v -0.56587 0.59403 0.14223
v -0.54934 0.74366 0.14315
v -0.54934 0.74366 0.14315
v -0.54934 0.74366 0.14315
v -0.58723 -0.05847 0.18795
v -0.58723 -0.05847 0.18795
v -0.58555 0.46989 0.20592
v -0.58555 0.46989 0.20592
v -0.58555 0.46989 0.20592
v -0.58555 0.46989 0.20592
v -0.57319 0.56348 0.29781
v -0.57319 0.56348 0.29781
v -0.57319 0.56348 0.29781
v -0.58368 0.59240 0.22533
v -0.58368 0.59240 0.22533
v -0.57574 0.57632 0.23647
v -0.57574 0.57632 0.23647
v -0.57943 0.76115 0.19595
v -0.57943 0.76115 0.19595
v -0.55900 0.00599 0.19030
v -0.55900 0.00599 0.19030
v -0.58335 0.29529 0.18835
v -0.58335 0.29529 0.18835
v -0.58335 0.29529 0.18835
v -0.57329 0.38751 0.19068
v -0.57329 0.38751 0.19068
v -0.58278 0.44035 0.18990
v -0.58278 0.44035 0.18990
v -0.58278 0.44035 0.18990
v -0.58278 0.44035 0.18990
v -0.57604 0.43067 0.16347
v -0.57604 0.43067 0.16347
v -0.58201 0.58796 0.29538
v -0.56725 0.64200 0.29046
v -0.56725 0.64200 0.29046
v -0.53660 0.70569 0.12044
v -0.57133 -0.11401 0.21560
v -0.57133 -0.11401 0.21560
v -0.57133 -0.11401 0.21560
v -0.57810 -0.11248 0.19253
v -0.57810 -0.11248 0.19253
v -0.55150 0.00574 0.21344
v -0.55150 0.00574 0.21344
v -0.55150 0.00574 0.21344
v -0.56604 0.02944 0.20291
v -0.56604 0.02944 0.20291
v -0.57042 0.27955 0.19169
v -0.57042 0.27955 0.19169
v -0.57042 0.27955 0.19169
v -0.57042 0.27955 0.19169
v -0.57042 0.27955 0.19169
v -0.57042 0.27955 0.19169
v -0.57717 0.20611 0.18686
v -0.57717 0.20611 0.18686
v -0.57717 0.20611 0.18686
v -0.57717 0.20611 0.18686
v -0.56283 0.26353 0.18733
v -0.56283 0.26353 0.18733
v -0.57190 0.48936 0.25876
v -0.57190 0.48936 0.25876
v -0.57190 0.48936 0.25876
v -0.56437 0.51933 0.17455
v -0.56437 0.51933 0.17455
v -0.57129 0.71369 0.33512
v -0.56912 0.75090 0.18463
v -0.56912 0.75090 0.18463
v -0.53991 -0.07288 0.19696
v -0.53991 -0.07288 0.19696
v -0.57024 0.13866 0.19677
v -0.57024 0.13866 0.19677
v -0.55387 0.48433 0.21579
v -0.55387 0.48433 0.21579
v -0.55387 0.48433 0.21579
v -0.55561 0.58764 0.16292
v -0.55784 0.54859 0.24931
v -0.55784 0.54859 0.24931
v -0.55784 0.54859 0.24931
v -0.55784 0.54859 0.24931
v -0.53753 0.60866 0.29880
v -0.54042 0.61910 0.35172
v -0.54042 0.61910 0.35172
v -0.54379 0.55736 0.32993
v -0.54379 0.55736 0.32993
v -0.54379 0.55736 0.32993
v -0.48070 0.73683 0.33630
v -0.48070 0.73683 0.33630
v -0.48070 0.73683 0.33630
v -0.52922 0.79133 0.22996
v -0.55930 0.45138 0.23945
v -0.55930 0.45138 0.23945
v -0.52256 0.52903 0.16686
v -0.53081 0.42467 0.26636
v -0.53081 0.42467 0.26636
v -0.53700 0.44236 0.20642
v -0.53700 0.44236 0.20642
v -0.52489 0.40674 0.19534
v -0.52489 0.40674 0.19534
v -0.54156 0.50269 0.26017
v -0.54156 0.50269 0.26017
v -0.54156 0.50269 0.26017
v -0.52411 0.45736 0.19776
v -0.52411 0.45736 0.19776
v -0.53794 0.52006 0.30353
v -0.53794 0.52006 0.30353
v -0.52712 0.22939 0.18497
v -0.52712 0.22939 0.18497
v -0.50542 0.20305 0.16827
v -0.50542 0.20305 0.16827
v -0.54816 0.06373 0.16526
v -0.54816 0.06373 0.16526
v -0.54816 0.06373 0.16526
v -0.53406 0.11311 0.17562
v -0.53406 0.11311 0.17562
v -0.53486 0.15086 0.20086
v -0.53486 0.15086 0.20086
v -0.52800 0.36185 0.20665
v -0.52800 0.36185 0.20665
v -0.53140 0.39512 0.26704
v -0.53140 0.39512 0.26704
v -0.51727 0.50140 0.28312
v -0.53015 0.56942 0.33444
v -0.51021 0.60402 0.14683
v -0.52521 0.62382 0.35127
v -0.52521 0.62382 0.35127
v -0.53460 0.75170 0.13946
v -0.53460 0.75170 0.13946
v -0.51415 0.20698 0.23288
v -0.51415 0.20698 0.23288
v -0.51415 0.20698 0.23288
v -0.51415 0.20698 0.23288
v -0.51118 0.34038 0.26100
v -0.51118 0.34038 0.26100
v -0.51527 0.42002 0.27264
v -0.50473 0.52319 0.33224
v -0.50473 0.52319 0.33224
v -0.51827 0.58810 0.33410
v -0.48381 0.67125 0.35409
v -0.48381 0.67125 0.35409
v -0.51628 -0.22458 0.13785
v -0.51628 -0.22458 0.13785
v -0.50737 -0.32103 0.14486
v -0.51161 -0.28610 0.22482
v -0.50940 -0.26514 0.23032
v -0.50940 -0.26514 0.23032
v -0.51961 0.14467 0.17797
v -0.51053 0.16739 0.18883
v -0.51311 0.27657 0.24393
v -0.51311 0.27657 0.24393
v -0.51311 0.27657 0.24393
v -0.51311 0.27657 0.24393
v -0.52570 0.29824 0.20190
v -0.52570 0.29824 0.20190
v -0.50417 0.32989 0.18269
v -0.50288 0.38692 0.18344
v -0.49084 0.43617 0.17407
v -0.48347 0.58299 0.32787
v -0.48537 0.69030 0.12803
v -0.48357 0.76544 0.19779
v -0.48357 0.76544 0.19779
v -0.49477 -0.23028 0.22778
v -0.49477 -0.23028 0.22778
v -0.52016 -0.17799 0.16126
v -0.52016 -0.17799 0.16126
v -0.50875 -0.17500 0.19834
v -0.50875 -0.17500 0.19834
v -0.48686 0.29991 0.17861
v -0.48807 0.54367 0.16806
v -0.42553 -0.31020 0.24248
v -0.42553 -0.31020 0.24248
v -0.46585 -0.29938 0.06098
v -0.49616 -0.19080 0.24564
v -0.49616 -0.19080 0.24564
v -0.49616 -0.19080 0.24564
v -0.48057 0.21281 0.16953
v -0.48057 0.21281 0.16953
v -0.49128 0.25860 0.25474
v -0.49128 0.25860 0.25474
v -0.46441 0.29899 0.26236
v -0.46441 0.29899 0.26236
v -0.47506 0.38341 0.27498
v -0.46979 0.41433 0.27736
v -0.47683 0.46051 0.19050
v -0.47683 0.46051 0.19050
v -0.50525 0.51233 0.17448
v -0.47674 0.53984 0.16773
v -0.50841 0.65566 0.30398
v -0.50841 0.65566 0.30398
v -0.50782 -0.35211 0.18527
v -0.45927 -0.33392 0.07340
v -0.46507 -0.17044 0.24232
v -0.46507 -0.17044 0.24232
v -0.48885 0.06700 0.19214
v -0.48885 0.06700 0.19214
v -0.49809 0.14681 0.21902
v -0.48747 0.46709 0.27053
v -0.48747 0.46709 0.27053
v -0.48747 0.46709 0.27053
v -0.47860 0.53141 0.31743
v -0.47860 0.53141 0.31743
v -0.47860 0.53141 0.31743
v -0.45311 0.61981 0.15522
v -0.48922 0.64649 0.29587
v -0.48408 -0.34435 0.22735
v -0.47010 -0.28697 0.04454
v -0.47010 -0.28697 0.04454
v -0.47010 -0.28697 0.04454
v -0.47010 -0.28697 0.04454
v -0.47010 -0.28697 0.04454
v -0.47010 -0.28697 0.04454
v -0.47078 -0.16884 0.18872
v -0.47078 -0.16884 0.18872
v -0.47078 -0.16884 0.18872
v -0.49232 0.00235 0.20731
v -0.49232 0.00235 0.20731
v -0.46615 0.15408 0.23701
v -0.45233 0.02514 0.15988
v -0.46462 0.27468 0.25204
v -0.46462 0.27468 0.25204
v -0.46462 0.27468 0.25204
v -0.46462 0.27468 0.25204
v -0.46263 0.31285 0.16798
v -0.46263 0.31285 0.16798
v -0.46164 0.36249 0.18641
v -0.45545 0.32759 0.25730
v -0.45545 0.32759 0.25730
v -0.48195 0.48291 0.18404
v -0.48195 0.48291 0.18404
v -0.47206 0.52966 0.28614
v -0.47206 0.52966 0.28614
v -0.47206 0.52966 0.28614
v -0.48279 0.55268 0.30193
v -0.48279 0.55268 0.30193
v -0.47668 0.54701 0.30893
v -0.47668 0.54701 0.30893
v -0.43460 0.75468 0.25683
v -0.43460 0.75468 0.25683
v -0.43460 0.75468 0.25683
v -0.45712 -0.23776 0.07102
v -0.46881 -0.02151 0.16606
v -0.43594 0.45311 0.19187
v -0.43594 0.45311 0.19187
v -0.43368 0.40421 0.18960
v -0.43368 0.40421 0.18960
v -0.43368 0.40421 0.18960
v -0.43368 0.40421 0.18960
v -0.44277 0.41895 0.25976
v -0.44277 0.41895 0.25976
v -0.44277 0.41895 0.25976
v -0.44277 0.41895 0.25976
v -0.46451 -0.36963 0.13176
v -0.46451 -0.36963 0.13176
v -0.46451 -0.36963 0.13176
v -0.46451 -0.36963 0.13176
v -0.42961 -0.24435 0.25281
v -0.42961 -0.24435 0.25281
v -0.44480 -0.16721 0.14429
v -0.44480 -0.16721 0.14429
v -0.47222 -0.09323 0.19861
v -0.47222 -0.09323 0.19861
v -0.43936 0.22144 0.18241
v -0.43936 0.22144 0.18241
v -0.45871 0.21056 0.25199
v -0.45871 0.21056 0.25199
v -0.46352 0.25421 0.17691
v -0.45403 0.37522 0.25633
v -0.45403 0.37522 0.25633
v -0.44951 0.51659 0.20806
v -0.44951 0.51659 0.20806
v -0.46962 0.53593 0.30302
v -0.46962 0.53593 0.30302
v -0.46647 0.67612 0.35664
v -0.46647 0.67612 0.35664
v -0.44462 0.72233 0.18389
v -0.42686 -0.35458 0.24244
v -0.42686 -0.35458 0.24244
v -0.42686 -0.35458 0.24244
v -0.44910 -0.35155 0.08665
v -0.44910 -0.35155 0.08665
v -0.44910 -0.35155 0.08665
v -0.46198 -0.32587 0.05635
v -0.46198 -0.32587 0.05635
v -0.46198 -0.32587 0.05635
v -0.44756 -0.17516 0.21160
v -0.44756 -0.17516 0.21160
v -0.43235 -0.07062 0.21203
v -0.43235 -0.07062 0.21203
v -0.44722 0.02913 0.22416
v -0.42943 0.10876 0.18554
v -0.42943 0.10876 0.18554
v -0.43862 0.05267 0.16268
v -0.43862 0.05267 0.16268
v -0.44206 0.52667 0.23747
v -0.45617 0.53820 0.29207
v -0.45617 0.53820 0.29207
v -0.45485 0.57045 0.16359
v -0.43387 0.53668 0.18881
v -0.43387 0.53668 0.18881
v -0.45175 0.58347 0.30952
v -0.45175 0.58347 0.30952
v -0.45449 0.59224 0.26236
v -0.45449 0.59224 0.26236
v -0.44302 0.66065 0.33155
v -0.44302 0.66065 0.33155
v -0.45169 0.67290 0.30661
v -0.45770 -0.51832 0.12249
v -0.45770 -0.51832 0.12249
v -0.46267 -0.54518 0.20415
v -0.46267 -0.54518 0.20415
v -0.44485 -0.49094 0.17599
v -0.44485 -0.49094 0.17599
v -0.44471 -0.49918 0.14163
v -0.44471 -0.49918 0.14163
v -0.43551 -0.37253 0.12868
v -0.43551 -0.37253 0.12868
v -0.45237 -0.32125 0.02989
v -0.45237 -0.32125 0.02989
v -0.45237 -0.32125 0.02989
v -0.45237 -0.32125 0.02989
v -0.43942 -0.27614 0.26310
v -0.43942 -0.27614 0.26310
v -0.43942 -0.27614 0.26310
v -0.44813 0.13123 0.22294
v -0.44813 0.13123 0.22294
v -0.46416 0.24138 -0.25961
v -0.46416 0.24138 -0.25961
v -0.43694 0.24078 -0.30151
v -0.43694 0.24078 -0.30151
v -0.42166 0.22181 -0.27782
v -0.44489 0.26822 -0.26447
v -0.44489 0.26822 -0.26447
v -0.44489 0.26822 -0.26447
v -0.44489 0.26822 -0.26447
v -0.42248 0.25330 0.19755
v -0.42248 0.25330 0.19755
v -0.44044 0.29235 0.19533
v -0.44044 0.29235 0.19533
v -0.43458 0.33836 0.20058
v -0.43458 0.33836 0.20058
v -0.44666 0.38626 0.25634
v -0.44666 0.38626 0.25634
v -0.44623 0.45655 0.25329
v -0.42883 0.57228 0.24430
v -0.42883 0.57228 0.24430
v -0.43453 0.61235 0.17745
v -0.43977 0.67096 0.15933
v -0.43102 0.76629 0.24676
v -0.43102 0.76629 0.24676
v -0.43102 0.76629 0.24676
v -0.43521 -0.61932 0.14720
v -0.43521 -0.61932 0.14720
v -0.43521 -0.61932 0.14720
v -0.43521 -0.61932 0.14720
v -0.37877 -0.64508 0.18060
v -0.37877 -0.64508 0.18060
v -0.44759 -0.46594 0.15019
v -0.44759 -0.46594 0.15019
v -0.41900 -0.36509 0.19605
v -0.41900 -0.36509 0.19605
v -0.42091 -0.37694 0.07604
v -0.42091 -0.37694 0.07604
v -0.44109 -0.35930 0.05304
v -0.44109 -0.35930 0.05304
v -0.43910 -0.30716 0.02464
v -0.43910 -0.30716 0.02464
v -0.43910 -0.30716 0.02464
v -0.43650 -0.25697 0.03030
v -0.43650 -0.25697 0.03030
v -0.43650 -0.25697 0.03030
v -0.40479 -0.19803 0.23972
v -0.40479 -0.19803 0.23972
v -0.47390 0.29017 -0.28186
v -0.47390 0.29017 -0.28186
v -0.45746 0.27554 -0.31800
v -0.45746 0.27554 -0.31800
v -0.42424 0.60172 0.27425
v -0.42424 0.60172 0.27425
v -0.42424 0.60172 0.27425
v -0.42424 0.60172 0.27425
v -0.41330 0.67996 0.23591
v -0.41330 0.67996 0.23591
v -0.44508 0.77667 0.18934
v -0.44508 0.77667 0.18934
v -0.42767 -0.55670 0.12168
v -0.42767 -0.55670 0.12168
v -0.42100 -0.44080 0.12162
v -0.39000 -0.23315 0.07421
v -0.39000 -0.23315 0.07421
v -0.42687 -0.19290 0.20099
v -0.42687 -0.19290 0.20099
v -0.41477 -0.16762 0.19897
v -0.41477 -0.16762 0.19897
v -0.41477 -0.16762 0.19897
v -0.43105 -0.05691 0.15722
v -0.43105 -0.05691 0.15722
v -0.42464 0.04805 0.18052
v -0.43354 0.08963 0.19848
v -0.43354 0.08963 0.19848
v -0.44185 0.23000 0.21689
v -0.44147 0.22959 -0.25209
v -0.44147 0.22959 -0.25209
v -0.44147 0.22959 -0.25209
v -0.44147 0.22959 -0.25209
v -0.39640 0.25973 -0.32102
v -0.39640 0.25973 -0.32102
v -0.43966 0.30431 0.20834
v -0.44113 0.41183 0.23485
v -0.43667 0.41516 0.23336
v -0.43667 0.41516 0.23336
v -0.43976 0.58114 0.18397
v -0.43976 0.58114 0.18397
v -0.42524 0.59645 0.18708
v -0.42524 0.59645 0.18708
v -0.42524 0.59645 0.18708
v -0.42475 0.67179 0.20196
v -0.42475 0.67179 0.20196
v -0.41162 0.73219 0.16710
v -0.41162 0.73219 0.16710
v -0.41162 0.73219 0.16710
v -0.41162 0.73219 0.16710
v -0.44501 -0.75729 0.13060
v -0.44501 -0.75729 0.13060
v -0.43122 -0.72313 0.18552
v -0.43122 -0.72313 0.18552
v -0.39383 -0.57203 0.18282
v -0.39383 -0.57203 0.18282
v -0.38336 -0.47982 0.13465
v -0.38336 -0.47982 0.13465
v -0.40892 -0.36143 0.12172
v -0.40892 -0.36143 0.12172
v -0.40892 -0.36143 0.12172
v -0.38975 -0.37793 0.05347
v -0.38975 -0.37793 0.05347
v -0.38975 -0.37793 0.05347
v -0.41919 -0.34368 0.01951
v -0.41919 -0.34368 0.01951
v -0.41996 -0.25874 0.01000
v -0.41996 -0.25874 0.01000
v -0.40818 -0.16026 0.16140
v -0.40818 -0.16026 0.16140
v -0.40818 -0.16026 0.16140
v -0.38944 -0.15086 0.14701
v -0.38944 -0.15086 0.14701
v -0.42222 0.00412 0.20761
v -0.42222 0.00412 0.20761
v -0.42291 0.23577 -0.26953
v -0.42291 0.23577 -0.26953
v -0.42291 0.23577 -0.26953
v -0.42291 0.23577 -0.26953
v -0.40874 0.28166 -0.29750
v -0.41183 0.58653 0.25181
v -0.41183 0.58653 0.25181
v -0.41183 0.58653 0.25181
v -0.41183 0.58653 0.25181
v -0.41183 0.58653 0.25181
v -0.41559 0.66065 0.26989
v -0.41559 0.66065 0.26989
v -0.41559 0.66065 0.26989
v -0.41741 -0.85471 0.15045
v -0.42849 -0.79621 0.12338
v -0.42849 -0.79621 0.12338
v -0.40998 -0.92726 0.10750
v -0.40998 -0.92726 0.10750
v -0.39095 -0.82346 0.17224
v -0.39095 -0.82346 0.17224
v -0.39095 -0.82346 0.17224
v -0.38667 -0.61586 0.11778
v -0.41548 -0.34172 0.23936
v -0.40360 -0.30726 0.21697
v -0.39300 -0.26195 0.21094
v -0.41586 -0.24774 0.22109
v -0.41586 -0.24774 0.22109
v -0.40877 0.19295 -0.24307
v -0.40877 0.19295 -0.24307
v -0.40877 0.19295 -0.24307
v -0.39389 0.25815 -0.26341
v -0.39389 0.25815 -0.26341
v -0.39833 0.57492 0.24010
v -0.39833 0.57492 0.24010
v -0.40765 0.71827 0.26104
v -0.40765 0.71827 0.26104
v -0.40765 0.71827 0.26104
v -0.40765 0.71827 0.26104
v -0.40678 0.75868 0.18214
v -0.41799 -0.94029 0.15782
v -0.41799 -0.94029 0.15782
v -0.40637 -0.77247 0.11064
v -0.38867 -0.54414 0.13959
v -0.38867 -0.54414 0.13959
v -0.38243 -0.37622 0.09546
v -0.38243 -0.37622 0.09546
v -0.40326 -0.35340 0.09817
v -0.40326 -0.35340 0.09817
v -0.40326 -0.35340 0.09817
v -0.38036 -0.33527 0.20481
v -0.41083 -0.33542 0.01544
v -0.41083 -0.33542 0.01544
v -0.41083 -0.33542 0.01544
v -0.38538 -0.26388 0.01012
v -0.38538 -0.26388 0.01012
v -0.39795 0.22849 -0.27327
v -0.39795 0.22849 -0.27327
v -0.38693 0.60176 0.21582
v -0.38693 0.60176 0.21582
v -0.38693 0.60176 0.21582
v -0.38693 0.60176 0.21582
v -0.40562 0.58840 0.27449
v -0.40562 0.58840 0.27449
v -0.40562 0.58840 0.27449
v -0.39167 0.66186 0.22446
v -0.39167 0.66186 0.22446
v -0.39167 0.66186 0.22446
v -0.39167 0.66186 0.22446
v -0.39167 0.66186 0.22446
v -0.39238 0.78378 0.24404
v -0.39238 0.78378 0.24404
v -0.41044 0.80660 0.19702
v -0.41044 0.80660 0.19702
v -0.41044 0.80660 0.19702
v -0.38892 0.80423 0.18223
v -0.38892 0.80423 0.18223
v -0.39407 -0.75643 0.17427
v -0.39407 -0.75643 0.17427
v -0.38981 -0.30131 -0.02177
v -0.40363 -0.33986 -0.05260
v -0.40646 -0.25078 0.18635
v -0.40646 -0.25078 0.18635
v -0.37116 -0.27570 0.18708
v -0.37116 -0.27570 0.18708
v -0.37116 -0.27570 0.18708
v -0.36620 -0.23209 0.19055
v -0.36620 -0.23209 0.19055
v -0.38271 -0.22609 0.04625
v -0.37704 -0.16289 0.21352
v -0.37704 -0.16289 0.21352
v -0.37704 -0.16289 0.21352
v -0.40008 0.59448 0.27719
v -0.40008 0.59448 0.27719
v -0.40008 0.59448 0.27719
v -0.40008 0.59448 0.27719
v -0.41203 0.63363 0.27997
v -0.41203 0.63363 0.27997
v -0.40014 0.75223 0.25810
v -0.40014 0.75223 0.25810
v -0.40164 0.74305 0.17649
v -0.40164 0.74305 0.17649
v -0.38745 0.81647 0.21280
v -0.38333 -0.73339 0.12210
v -0.38333 -0.73339 0.12210
v -0.37716 -0.51563 0.15978
v -0.37716 -0.51563 0.15978
v -0.39950 -0.33356 0.17266
v -0.39950 -0.33356 0.17266
v -0.39033 -0.35841 -0.01149
v -0.39146 -0.31634 -0.04145
v -0.40142 -0.28279 0.17883
v -0.40142 -0.28279 0.17883
v -0.38894 -0.28012 0.00674
v -0.37463 -0.24411 0.23923
v -0.37463 -0.24411 0.23923
v -0.39482 -0.16754 0.19014
v -0.35064 -0.17987 0.18393
v -0.35064 -0.17987 0.18393
v -0.36832 0.15979 -0.21743
v -0.36832 0.15979 -0.21743
v -0.36832 0.15979 -0.21743
v -0.39070 0.17740 -0.21984
v -0.39070 0.17740 -0.21984
v -0.38833 0.28072 -0.28198
v -0.39764 0.66606 0.25673
v -0.39764 0.66606 0.25673
v -0.39414 0.67403 0.24962
v -0.39414 0.67403 0.24962
v -0.38393 0.71851 0.19369
v -0.38393 0.71851 0.19369
v -0.38155 0.83474 0.19041
v -0.38155 0.83474 0.19041
v -0.37354 -0.94603 0.16192
v -0.37354 -0.94603 0.16192
v -0.37354 -0.94603 0.16192
v -0.38142 -0.81092 0.10868
v -0.38142 -0.81092 0.10868
v -0.34214 -0.36484 0.07296
v -0.34214 -0.36484 0.07296
v -0.34214 -0.36484 0.07296
v -0.34214 -0.36484 0.07296
v -0.36860 -0.35882 -0.06962
v -0.36860 -0.35882 -0.06962
v -0.36860 -0.35882 -0.06962
v -0.36281 -0.38346 -0.00225
v -0.36281 -0.38346 -0.00225
v -0.38167 -0.32191 -0.06866
v -0.38167 -0.32191 -0.06866
v -0.37231 -0.31511 0.15176
v -0.37231 -0.31511 0.15176
v -0.36841 -0.28672 -0.01391
v -0.36841 -0.28672 -0.01391
v -0.36841 -0.28672 -0.01391
v -0.37278 0.22096 -0.17997
v -0.37278 0.22096 -0.17997
v -0.37278 0.22096 -0.17997
v -0.33480 0.22613 -0.19856
v -0.30734 0.60437 0.28203
v -0.30734 0.60437 0.28203
v -0.38460 0.73307 0.23289
v -0.34782 0.89948 0.25635
v -0.34782 0.89948 0.25635
v -0.37159 -0.87696 0.15492
v -0.35885 -0.82496 0.13943
v -0.37041 -0.61151 0.12700
v -0.37041 -0.61151 0.12700
v -0.37813 -0.38223 0.04549
v -0.37813 -0.38223 0.04549
v -0.37813 -0.38223 0.04549
v -0.37260 -0.25354 -0.01690
v -0.37260 -0.25354 -0.01690
v -0.35143 -0.25623 0.02302
v -0.35143 -0.25623 0.02302
v -0.38401 0.61616 0.21727
v -0.38401 0.61616 0.21727
v -0.35033 -0.94428 0.12072
v -0.35033 -0.94428 0.12072
v -0.35563 -0.62184 0.14122
v -0.37302 -0.38642 -0.04314
v -0.37302 -0.38642 -0.04314
v -0.35092 -0.28104 -0.01335
v -0.33806 -0.27111 0.11176
v -0.33806 -0.27111 0.11176
v -0.33806 -0.27111 0.11176
v -0.33806 -0.27111 0.11176
v -0.34086 -0.24201 0.09153
v -0.34086 -0.24201 0.09153
v -0.31822 0.17454 -0.21903
v -0.35480 0.60314 0.25494
v -0.35480 0.60314 0.25494
v -0.35480 0.60314 0.25494
v -0.35480 0.60314 0.25494
v -0.35480 0.60314 0.25494
v -0.30393 0.64153 0.23223
v -0.33423 0.81720 0.20147
v -0.33423 0.81720 0.20147
v -0.36928 0.90765 0.24849
v -0.36928 0.90765 0.24849
v -0.38740 0.93705 0.21297
v -0.38740 0.93705 0.21297
v -0.35924 0.94058 0.18129
v -0.35924 0.94058 0.18129
v -0.35924 0.94058 0.18129
v -0.35822 -0.35132 0.12417
v -0.35822 -0.35132 0.12417
v -0.35822 -0.35132 0.12417
v -0.34859 -0.32601 0.12670
v -0.34859 -0.32601 0.12670
v -0.34859 -0.32601 0.12670
v -0.34859 -0.32601 0.12670
v -0.34857 -0.26291 -0.05087
v -0.34857 -0.26291 -0.05087
v -0.34857 -0.26291 -0.05087
v -0.34176 0.16298 -0.19630
v -0.29901 0.18853 -0.20465
v -0.29901 0.18853 -0.20465
v -0.34695 0.24015 -0.29048
v -0.36869 0.32684 0.24324
v -0.36869 0.32684 0.24324
v -0.36869 0.32684 0.24324
v -0.36869 0.32684 0.24324
v -0.36869 0.32684 0.24324
v -0.36782 0.30826 0.24569
v -0.36782 0.30826 0.24569
v -0.36275 0.32947 0.24455
v -0.36275 0.32947 0.24455
v -0.36275 0.32947 0.24455
v -0.36275 0.32947 0.24455
v -0.38352 0.40380 0.24493
v -0.38352 0.40380 0.24493
v -0.38352 0.40380 0.24493
v -0.38352 0.40380 0.24493
v -0.38352 0.40380 0.24493
v -0.35810 0.35840 0.25606
v -0.35810 0.35840 0.25606
v -0.35810 0.35840 0.25606
v -0.36762 0.37441 0.22265
v -0.36762 0.37441 0.22265
v -0.36573 0.43572 0.23938
v -0.36745 0.41873 0.26655
v -0.36745 0.41873 0.26655
v -0.36745 0.41873 0.26655
v -0.36815 0.44985 0.25340
v -0.36815 0.44985 0.25340
v -0.36815 0.44985 0.25340
v -0.36815 0.44985 0.25340
v -0.37397 0.58132 0.25202
v -0.37397 0.58132 0.25202
v -0.31793 0.65535 0.29045
v -0.31793 0.65535 0.29045
v -0.31856 0.86321 0.24763
v -0.33792 -0.40020 0.02074
v -0.34377 -0.29970 -0.08647
v -0.34377 -0.29970 -0.08647
v -0.34377 -0.29970 -0.08647
v -0.34377 -0.29970 -0.08647
v -0.33742 0.28842 -0.25982
v -0.36665 0.35846 0.23123
v -0.36665 0.35846 0.23123
v -0.34037 0.39973 0.23931
v -0.34037 0.39973 0.23931
v -0.35134 0.38539 0.27033
v -0.35134 0.38539 0.27033
v -0.35134 0.38539 0.27033
v -0.35083 0.43589 0.24428
v -0.35083 0.43589 0.24428
v -0.35458 0.53628 0.24776
v -0.35458 0.53628 0.24776
v -0.29392 0.84845 0.16330
v -0.33277 -0.37606 -0.05099
v -0.33277 -0.37606 -0.05099
v -0.33164 -0.37809 0.02766
v -0.33840 -0.33530 -0.08093
v -0.33840 -0.33530 -0.08093
v -0.33840 -0.33530 -0.08093
v -0.32631 -0.27749 0.11282
v -0.32631 -0.27749 0.11282
v -0.32767 -0.25785 -0.03473
v -0.33314 0.12874 -0.22083
v -0.33719 0.11085 -0.18721
v -0.33719 0.11085 -0.18721
v -0.33719 0.11085 -0.18721
v -0.33719 0.11085 -0.18721
v -0.31478 0.30117 -0.28559
v -0.31478 0.30117 -0.28559
v -0.35278 0.39268 0.22717
v -0.31962 0.92837 0.23511
v -0.31962 0.92837 0.23511
v -0.31962 0.92837 0.23511
v -0.33925 -0.30188 0.11791
v -0.33925 -0.30188 0.11791
v -0.33714 -0.26032 0.02078
v -0.33714 -0.26032 0.02078
v -0.35633 -0.02830 -0.23162
v -0.35633 -0.02830 -0.23162
v -0.35633 -0.02830 -0.23162
v -0.35633 -0.02830 -0.23162
v -0.31808 -0.05879 -0.24227
v -0.31808 -0.05879 -0.24227
v -0.31808 -0.05879 -0.24227
v -0.31808 -0.05879 -0.24227
v -0.31808 -0.05879 -0.24227
v -0.31808 -0.05879 -0.24227
v -0.33289 -0.07543 -0.21624
v -0.33289 -0.07543 -0.21624
v -0.33289 -0.07543 -0.21624
v -0.32766 -0.03873 -0.20595
v -0.32766 -0.03873 -0.20595
v -0.32766 -0.03873 -0.20595
v -0.32766 -0.03873 -0.20595
v -0.31114 0.15938 -0.16628
v -0.29063 0.17097 -0.08977
v -0.29063 0.17097 -0.08977
v -0.26044 0.19652 -0.07421
v -0.26044 0.19652 -0.07421
v -0.29055 0.83339 0.23621
v -0.29055 0.83339 0.23621
v -0.29055 0.83339 0.23621
v -0.30637 0.89637 0.17805
v -0.30637 0.89637 0.17805
v -0.30637 0.89637 0.17805
v -0.31738 0.92467 0.20089
v -0.31738 0.92467 0.20089
v -0.31231 -0.40029 -0.02494
v -0.32520 -0.32700 -0.10674
v -0.32520 -0.32700 -0.10674
v -0.32717 -0.38378 -0.06655
v -0.32717 -0.38378 -0.06655
v -0.33414 -0.32982 -0.08256
v -0.32318 -0.28455 -0.06663
v -0.32318 -0.28455 -0.06663
v -0.32318 -0.28455 -0.06663
v -0.32318 -0.28455 -0.06663
v -0.31386 -0.27897 -0.04965
v -0.31386 -0.27897 -0.04965
v -0.31954 -0.28434 0.06390
v -0.31954 -0.28434 0.06390
v -0.32973 -0.25904 0.00334
v -0.32973 -0.25904 0.00334
v -0.32973 -0.25904 0.00334
v -0.23021 0.15853 -0.11659
v -0.23021 0.15853 -0.11659
v -0.23070 0.28918 -0.27798
v -0.23070 0.28918 -0.27798
v -0.23070 0.28918 -0.27798
v -0.23070 0.28918 -0.27798
v -0.28306 0.31598 -0.23843
v -0.28306 0.31598 -0.23843
v -0.28306 0.31598 -0.23843
v -0.31406 0.60833 0.25460
v -0.31406 0.60833 0.25460
v -0.30596 0.68838 0.26985
v -0.30596 0.68838 0.26985
v -0.30596 0.68838 0.26985
v -0.29602 -0.39164 0.02570
v -0.29602 -0.39164 0.02570
v -0.30590 -0.35101 0.04749
v -0.30590 -0.35101 0.04749
v -0.31801 -0.35990 0.06354
v -0.31801 -0.35990 0.06354
v -0.29085 -0.26597 -0.00153
v -0.29085 -0.26597 -0.00153
v -0.31881 -0.07444 -0.22439
v -0.31881 -0.07444 -0.22439
v -0.31881 -0.07444 -0.22439
v -0.31881 -0.07444 -0.22439
v -0.31825 -0.03130 -0.23732
v -0.31825 -0.03130 -0.23732
v -0.31825 -0.03130 -0.23732
v -0.31825 -0.03130 -0.23732
v -0.31825 -0.03130 -0.23732
v -0.32262 0.11793 -0.22206
v -0.32262 0.11793 -0.22206
v -0.31157 0.09011 -0.15515
v -0.31157 0.09011 -0.15515
v -0.31998 0.14850 -0.16880
v -0.32289 -0.91238 -0.07870
v -0.32289 -0.91238 -0.07870
v -0.30003 -0.92817 -0.09656
v -0.30003 -0.92817 -0.09656
v -0.32993 -0.92831 -0.06462
v -0.32993 -0.92831 -0.06462
v -0.32409 -0.92276 -0.04397
v -0.32409 -0.92276 -0.04397
v -0.31770 -0.93683 -0.07308
v -0.26004 -0.89016 -0.09425
v -0.30425 -0.90342 -0.04580
v -0.29857 -0.38905 -0.06416
v -0.29857 -0.38905 -0.06416
v -0.29857 -0.38905 -0.06416
v -0.28804 -0.39583 -0.02923
v -0.31984 -0.32949 -0.07887
v -0.31984 -0.32949 -0.07887
v -0.30359 -0.32929 0.06793
v -0.30359 -0.32929 0.06793
v -0.28746 -0.28224 -0.04432
v -0.28746 -0.28224 -0.04432
v -0.28746 -0.28224 -0.04432
v -0.31171 -0.27765 0.01317
v -0.30616 -0.03108 -0.19198
v -0.30616 -0.03108 -0.19198
v -0.30895 -0.04003 -0.27378
v -0.30895 -0.04003 -0.27378
v -0.30895 -0.04003 -0.27378
v -0.30187 0.12447 -0.19851
v -0.30187 0.12447 -0.19851
v -0.30157 0.25657 -0.26660
v -0.30157 0.25657 -0.26660
v -0.33177 -0.92434 -0.00918
v -0.33177 -0.92434 -0.00918
v -0.29630 -0.88898 -0.02054
v -0.29630 -0.88898 -0.02054
v -0.31978 -0.63947 -0.09444
v -0.29852 -0.66126 -0.15940
v -0.29852 -0.66126 -0.15940
v -0.32079 -0.68142 -0.06042
v -0.32079 -0.68142 -0.06042
v -0.29408 -0.61726 -0.15070
v -0.29408 -0.61726 -0.15070
v -0.30486 -0.62104 -0.00520
v -0.30583 -0.66569 0.02181
v -0.30583 -0.66569 0.02181
v -0.30583 -0.66569 0.02181
v -0.31307 -0.36770 -0.07207
v -0.31307 -0.36770 -0.07207
v -0.31357 -0.12925 -0.22740
v -0.31357 -0.12925 -0.22740
v -0.29141 -0.08708 -0.21729
v -0.29141 -0.08708 -0.21729
v -0.29141 -0.08708 -0.21729
v -0.30625 -0.10020 -0.24802
v -0.30625 -0.10020 -0.24802
v -0.30625 -0.10020 -0.24802
v -0.30625 -0.10020 -0.24802
v -0.29841 -0.06437 -0.23810
v -0.26730 -0.92759 -0.01537
v -0.26730 -0.92759 -0.01537
v -0.26730 -0.92759 -0.01537
v -0.29446 -0.64415 -0.14793
v -0.28846 -0.59490 0.01006
v -0.28846 -0.59490 0.01006
v -0.28801 -0.63400 0.02988
v -0.28801 -0.63400 0.02988
v -0.27888 -0.34167 0.04920
v -0.28903 -0.37255 -0.08714
v -0.26977 -0.03566 -0.24023
v -0.28028 0.88066 0.21606
v -0.28028 0.88066 0.21606
v -0.24524 -0.90029 -0.12998
v -0.24524 -0.90029 -0.12998
v -0.29654 -0.88904 -0.04700
v -0.28573 -0.69579 -0.15421
v -0.28573 -0.69579 -0.15421
v -0.28573 -0.69579 -0.15421
v -0.28573 -0.69579 -0.15421
v -0.26477 -0.64263 0.03558
v -0.27776 -0.58324 -0.12932
v -0.28993 -0.62083 0.02705
v -0.28993 -0.62083 0.02705
v -0.27827 -0.57809 -0.05783
v -0.27039 -0.37850 0.00310
v -0.26374 -0.28333 -0.07986
v -0.26374 -0.28333 -0.07986
v -0.26374 -0.28333 -0.07986
v -0.28209 -0.28046 -0.03204
v -0.27561 -0.28977 0.01611
v -0.27561 -0.28977 0.01611
v -0.26336 0.05198 -0.16065
v -0.26336 0.05198 -0.16065
v -0.26336 0.05198 -0.16065
v -0.26595 0.14561 -0.14880
v -0.23026 0.58592 0.27133
v -0.23026 0.58592 0.27133
v -0.23026 0.58592 0.27133
v -0.31360 -0.93450 0.04522
v -0.31360 -0.93450 0.04522
v -0.27617 -0.93153 0.00325
v -0.27617 -0.93153 0.00325
v -0.27617 -0.93153 0.00325
v -0.22608 -0.93616 0.00310
v -0.22608 -0.93616 0.00310
v -0.26753 -0.88472 -0.01366
v -0.26753 -0.88472 -0.01366
v -0.23193 -0.87080 -0.07494
v -0.26972 -0.70163 -0.10662
v -0.23008 -0.69822 0.02101
v -0.23008 -0.69822 0.02101
v -0.23008 -0.69822 0.02101
v -0.25518 -0.55227 -0.11556
v -0.25996 -0.39605 -0.08980
v -0.25996 -0.39605 -0.08980
v -0.25996 -0.39605 -0.08980
v -0.25996 -0.39605 -0.08980
v -0.24444 -0.31847 -0.11418
v -0.25990 0.17091 -0.19360
v -0.25990 0.17091 -0.19360
v -0.25810 0.31590 -0.21554
v -0.25810 0.31590 -0.21554
v -0.28083 0.31378 -0.23260
v -0.28083 0.31378 -0.23260
v -0.28083 0.31378 -0.23260
v -0.24234 0.35345 -0.23576
v -0.24234 0.35345 -0.23576
v -0.24597 0.63832 0.30233
v -0.24597 0.63832 0.30233
v -0.25543 0.70125 0.30920
v -0.25543 0.70125 0.30920
v -0.25543 0.70125 0.30920
v -0.27064 0.69981 0.24022
v -0.27064 0.69981 0.24022
v -0.27432 -0.88946 0.00738
v -0.27245 -0.59134 -0.14331
v -0.27245 -0.59134 -0.14331
v -0.27034 -0.33003 0.04023
v -0.24418 -0.34773 0.01567
v -0.24418 -0.34773 0.01567
v -0.26557 -0.28767 -0.06158
v -0.26557 -0.28767 -0.06158
v -0.26871 0.10696 -0.14491
v -0.22858 0.21803 -0.11708
v -0.28265 0.48435 -0.20468
v -0.25537 0.46011 -0.22561
v -0.25537 0.46011 -0.22561
v -0.25537 0.46011 -0.22561
v -0.27001 0.44530 -0.17303
v -0.27001 0.44530 -0.17303
v -0.27001 0.44530 -0.17303
v -0.27224 0.50741 -0.13255
v -0.27224 0.50741 -0.13255
v -0.27224 0.50741 -0.13255
v -0.25868 0.59922 0.31390
v -0.25868 0.59922 0.31390
v -0.21802 -0.94394 -0.13693
v -0.21802 -0.94394 -0.13693
v -0.26422 -0.92358 -0.12163
v -0.26422 -0.92358 -0.12163
v -0.26422 -0.92358 -0.12163
v -0.25642 -0.90897 0.01250
v -0.25642 -0.90897 0.01250
v -0.18562 -0.51948 -0.14532
v -0.26105 -0.57386 -0.15331
v -0.26105 -0.57386 -0.15331
v -0.25078 -0.55194 0.01273
v -0.25078 -0.55194 0.01273
v -0.25727 -0.54259 -0.05320
v -0.24641 -0.36818 0.00300
v -0.24641 -0.36818 0.00300
v -0.24641 -0.36818 0.00300
v -0.26388 -0.30375 0.01368
v -0.26388 -0.30375 0.01368
v -0.24621 -0.30460 -0.02420
v -0.24621 -0.30460 -0.02420
v -0.24621 -0.30460 -0.02420
v -0.24736 -0.31493 0.00590
v -0.24736 -0.31493 0.00590
v -0.24736 -0.31493 0.00590
v -0.27013 0.05769 -0.13351
v -0.27013 0.05769 -0.13351
v -0.24214 0.09366 -0.14639
v -0.24214 0.09366 -0.14639
v -0.21837 0.12696 -0.04374
v -0.21837 0.12696 -0.04374
v -0.23694 0.30947 -0.28989
v -0.23694 0.30947 -0.28989
v -0.23694 0.30947 -0.28989
v -0.26449 0.63771 0.24360
v -0.24151 -0.88855 0.00363
v -0.20420 -0.51221 0.01609
v -0.20420 -0.51221 0.01609
v -0.22272 0.14168 -0.06276
v -0.23767 0.27235 -0.23637
v -0.23767 0.27235 -0.23637
v -0.23767 0.27235 -0.23637
v -0.25173 0.48736 -0.22976
v -0.25173 0.48736 -0.22976
v -0.25176 0.49152 -0.21863
v -0.25176 0.49152 -0.21863
v -0.22545 0.51403 -0.13450
v -0.22545 0.51403 -0.13450
v -0.24883 0.50145 -0.14961
v -0.24883 0.50145 -0.14961
v -0.24473 0.51703 -0.13888
v -0.24473 0.51703 -0.13888
v -0.24303 0.54140 -0.19752
v -0.24303 0.54140 -0.19752
v -0.24303 0.54140 -0.19752
v -0.26846 -0.81320 -0.13663
v -0.26846 -0.81320 -0.13663
v -0.25549 -0.77135 -0.12396
v -0.25549 -0.77135 -0.12396
v -0.23522 -0.76057 -0.15808
v -0.23522 -0.76057 -0.15808
v -0.23522 -0.76057 -0.15808
v -0.22975 -0.68270 -0.04521
v -0.22975 -0.68270 -0.04521
v -0.22975 -0.68270 -0.04521
v -0.24586 -0.68847 -0.13125
v -0.24586 -0.68847 -0.13125
v -0.23537 -0.53779 -0.14706
v -0.23537 -0.53779 -0.14706
v -0.23061 -0.38743 -0.04953
v -0.23061 -0.38743 -0.04953
v -0.25752 -0.28673 -0.10272
v -0.25752 -0.28673 -0.10272
v -0.24788 -0.27156 -0.10235
v -0.24788 -0.27156 -0.10235
v -0.20465 0.12247 -0.20106
v -0.20465 0.12247 -0.20106
v -0.23150 0.16706 -0.04124
v -0.23150 0.16706 -0.04124
v -0.23150 0.16706 -0.04124
v -0.22500 0.15413 -0.09904
v -0.24906 -0.93563 0.06916
v -0.24906 -0.93563 0.06916
v -0.22904 -0.90700 0.07712
v -0.22904 -0.90700 0.07712
v -0.22904 -0.90700 0.07712
v -0.22904 -0.90700 0.07712
v -0.22093 -0.87867 0.03735
v -0.22093 -0.87867 0.03735
v -0.22093 -0.87867 0.03735
v -0.22951 -0.59952 0.02265
v -0.22222 -0.47754 -0.10655
v -0.22222 -0.47754 -0.10655
v -0.23124 -0.48721 -0.02908
v -0.23124 -0.48721 -0.02908
v -0.24479 -0.50603 -0.14517
v -0.24479 -0.50603 -0.14517
v -0.22249 -0.35663 -0.02647
v -0.22249 -0.35663 -0.02647
v -0.22081 -0.23941 -0.05139
v -0.22081 -0.23941 -0.05139
v -0.22117 0.18579 -0.03728
v -0.22117 0.18579 -0.03728
v -0.21069 0.44046 -0.20992
v -0.21069 0.44046 -0.20992
v -0.23214 0.67490 0.24678
v -0.23214 0.67490 0.24678
v -0.20692 -0.93081 0.05423
v -0.20692 -0.93081 0.05423
v -0.22870 -0.89685 0.07060
v -0.22870 -0.89685 0.07060
v -0.19943 -0.72216 -0.16458
v -0.19943 -0.72216 -0.16458
v -0.19943 -0.72216 -0.16458
v -0.19943 -0.72216 -0.16458
v -0.24859 -0.77166 -0.08329
v -0.24859 -0.77166 -0.08329
v -0.24859 -0.77166 -0.08329
v -0.22413 -0.79844 -0.06880
v -0.22920 -0.78989 -0.06692
v -0.22920 -0.78989 -0.06692
v -0.22920 -0.78989 -0.06692
v -0.22920 -0.78989 -0.06692
v -0.20118 -0.69144 -0.16972
v -0.20118 -0.69144 -0.16972
v -0.21057 -0.63445 -0.12442
v -0.21057 -0.63445 -0.12442
v -0.21057 -0.63445 -0.12442
v -0.21366 -0.61552 0.00539
v -0.16211 -0.51174 -0.12471
v -0.16211 -0.51174 -0.12471
v -0.16211 -0.51174 -0.12471
v -0.24175 -0.50420 0.00618
v -0.24175 -0.50420 0.00618
v -0.24175 -0.50420 0.00618
v -0.18841 -0.48133 -0.13524
v -0.18841 -0.48133 -0.13524
v -0.18841 -0.48133 -0.13524
v -0.18841 -0.48133 -0.13524
v -0.21773 -0.32492 -0.04259
v -0.21773 -0.32492 -0.04259
v -0.20649 -0.22848 -0.12767
v -0.20649 -0.22848 -0.12767
v -0.23747 -0.25549 -0.10280
v -0.23525 0.02833 -0.13132
v -0.23525 0.02833 -0.13132
v -0.23525 0.02833 -0.13132
v -0.23781 0.04082 -0.11783
v -0.23781 0.04082 -0.11783
v -0.23922 0.26025 -0.24935
v -0.23922 0.26025 -0.24935
v -0.24245 0.27858 -0.30821
v -0.24245 0.27858 -0.30821
v -0.24245 0.27858 -0.30821
v -0.20803 0.32341 -0.18674
v -0.20881 0.32937 -0.29153
v -0.20881 0.32937 -0.29153
v -0.19662 0.39867 -0.23289
v -0.19662 0.39867 -0.23289
v -0.18065 0.38486 -0.18740
v -0.18065 0.38486 -0.18740
v -0.18325 -0.94540 -0.04736
v -0.14964 -0.94559 -0.04717
v -0.14964 -0.94559 -0.04717
v -0.21907 -0.89294 -0.13610
v -0.21308 -0.79667 -0.14459
v -0.21308 -0.79667 -0.14459
v -0.21457 -0.81346 -0.11910
v -0.23159 -0.78405 -0.17520
v -0.23159 -0.78405 -0.17520
v -0.20030 -0.67474 -0.12244
v -0.20030 -0.67474 -0.12244
v -0.20030 -0.67474 -0.12244
v -0.21675 -0.77390 -0.03988
v -0.21675 -0.77390 -0.03988
v -0.22917 -0.71343 -0.05143
v -0.21397 -0.73165 0.01677
v -0.21397 -0.73165 0.01677
v -0.21037 -0.67390 0.03935
v -0.20401 -0.63990 -0.08491
v -0.21540 -0.47359 0.00457
v -0.21540 -0.47359 0.00457
v -0.12974 -0.29222 -0.12076
v -0.12974 -0.29222 -0.12076
v -0.12974 -0.29222 -0.12076
v -0.19551 -0.19159 -0.09430
v -0.18975 0.04493 -0.17618
v -0.18975 0.04493 -0.17618
v -0.18975 0.04493 -0.17618
v -0.20218 0.11496 -0.04079
v -0.20218 0.11496 -0.04079
v -0.20218 0.11496 -0.04079
v -0.21555 0.27506 -0.29123
v -0.21555 0.27506 -0.29123
v -0.21555 0.27506 -0.29123
v -0.19690 -0.91549 -0.17385
v -0.19690 -0.91549 -0.17385
v -0.21432 -0.89602 -0.16044
v -0.21432 -0.89602 -0.16044
v -0.18273 -0.88147 -0.00849
v -0.18273 -0.88147 -0.00849
v -0.19701 -0.78708 -0.03526
v -0.19701 -0.78708 -0.03526
v -0.21932 -0.77365 -0.08405
v -0.21932 -0.77365 -0.08405
v -0.21932 -0.77365 -0.08405
v -0.21932 -0.77365 -0.08405
v -0.21456 -0.76239 -0.13293
v -0.21456 -0.76239 -0.13293
v -0.21456 -0.76239 -0.13293
v -0.21456 -0.76239 -0.13293
v -0.21456 -0.76239 -0.13293
v -0.19818 -0.48956 -0.14599
v -0.19818 -0.48956 -0.14599
v -0.14139 -0.22092 -0.04710
v -0.14139 -0.22092 -0.04710
v -0.23286 -0.20524 -0.05059
v -0.23286 -0.20524 -0.05059
v -0.23286 -0.20524 -0.05059
v -0.21908 -0.20584 -0.02947
v -0.21908 -0.20584 -0.02947
v -0.21908 -0.20584 -0.02947
v -0.19689 -0.18236 -0.04799
v -0.19689 -0.18236 -0.04799
v -0.19689 -0.18236 -0.04799
v -0.16020 0.03348 -0.07847
v -0.16020 0.03348 -0.07847
v -0.21862 0.08518 -0.12816
v -0.22401 0.36902 -0.23116
v -0.22401 0.36902 -0.23116
v -0.17607 0.39800 -0.20530
v -0.17607 0.39800 -0.20530
v -0.17607 0.39800 -0.20530
v -0.17607 0.39800 -0.20530
v -0.17586 0.43395 -0.11915
v -0.17586 0.43395 -0.11915
v -0.17586 0.43395 -0.11915
v -0.19982 0.52954 -0.20604
v -0.19982 0.52954 -0.20604
v -0.19502 -0.84777 -0.06921
v -0.19502 -0.84777 -0.06921
v -0.19502 -0.84777 -0.06921
v -0.19502 -0.84777 -0.06921
v -0.19502 -0.84777 -0.06921
v -0.20313 -0.87211 -0.14142
v -0.20313 -0.87211 -0.14142
v -0.20313 -0.87211 -0.14142
v -0.19177 -0.79816 -0.15267
v -0.19177 -0.79816 -0.15267
v -0.18559 -0.81663 -0.05553
v -0.18559 -0.81663 -0.05553
v -0.18559 -0.81663 -0.05553
v -0.18559 -0.81663 -0.05553
v -0.20147 -0.58457 0.01453
v -0.18588 -0.30109 -0.03318
v -0.15159 -0.19330 -0.02781
v -0.15159 -0.19330 -0.02781
v -0.15159 -0.19330 -0.02781
v -0.15159 -0.19330 -0.02781
v -0.15159 -0.19330 -0.02781
v -0.15159 -0.19330 -0.02781
v -0.21008 -0.16366 -0.09696
v -0.21351 -0.19105 -0.11007
v -0.21351 -0.19105 -0.11007
v -0.21351 -0.19105 -0.11007
v -0.21009 -0.17439 -0.09850
v -0.21009 -0.17439 -0.09850
v -0.21563 -0.17589 -0.11647
v -0.21563 -0.17589 -0.11647
v -0.22061 0.05850 0.03981
v -0.21023 0.02208 0.02115
v -0.21023 0.02208 0.02115
v -0.21023 0.02208 0.02115
v -0.21023 0.02208 0.02115
v -0.21629 0.00982 0.04771
v -0.21629 0.00982 0.04771
v -0.17550 0.11272 -0.08444
v -0.17550 0.11272 -0.08444
v -0.20537 0.16496 -0.18245
v -0.20537 0.16496 -0.18245
v -0.21175 0.23283 -0.08231
v -0.20064 0.23330 -0.04822
v -0.19537 0.40694 -0.14218
v -0.19537 0.40694 -0.14218
v -0.16007 -0.94561 -0.08581
v -0.19713 -0.85289 -0.09203
v -0.19713 -0.85289 -0.09203
v -0.19713 -0.85289 -0.09203
v -0.19713 -0.85289 -0.09203
v -0.18192 -0.85353 -0.06702
v -0.18192 -0.85353 -0.06702
v -0.18192 -0.85353 -0.06702
v -0.18192 -0.85353 -0.06702
v -0.20152 -0.83486 -0.09459
v -0.18287 -0.78831 -0.12180
v -0.18287 -0.78831 -0.12180
v -0.18287 -0.78831 -0.12180
v -0.18287 -0.78831 -0.12180
v -0.18313 -0.75708 -0.00642
v -0.20238 -0.72846 0.01559
v -0.20148 -0.70558 -0.07968
v -0.20148 -0.70558 -0.07968
v -0.15909 -0.62525 -0.11592
v -0.15909 -0.62525 -0.11592
v -0.13887 -0.66221 -0.10440
v -0.19776 -0.14569 -0.11071
v -0.19776 -0.14569 -0.11071
v -0.21400 0.05561 -0.03817
v -0.21400 0.05561 -0.03817
v -0.20063 0.03045 -0.04006
v -0.20063 0.03045 -0.04006
v -0.20204 0.02211 -0.01000
v -0.20204 0.02211 -0.01000
v -0.17338 0.02468 -0.02129
v -0.17338 0.02468 -0.02129
v -0.17338 0.02468 -0.02129
v -0.17338 0.02468 -0.02129
v -0.18687 0.03895 -0.07148
v -0.18687 0.03895 -0.07148
v -0.18687 0.03895 -0.07148
v -0.20887 0.08240 -0.02063
v -0.20849 0.17558 -0.00757
v -0.20243 0.22201 -0.15686
v -0.20243 0.22201 -0.15686
v -0.21140 0.27857 -0.14538
v -0.19701 0.24182 -0.22917
v -0.19701 0.24182 -0.22917
v -0.20333 0.31363 -0.21174
v -0.20324 0.25576 -0.04298
v -0.20304 0.31234 -0.09196
v -0.18424 0.46622 -0.20979
v -0.18424 0.46622 -0.20979
v -0.17654 0.48657 -0.17799
v -0.17654 0.48657 -0.17799
v -0.17654 0.48657 -0.17799
v -0.16132 -0.87760 -0.18641
v -0.16132 -0.87760 -0.18641
v -0.18479 -0.71170 0.02085
v -0.19362 -0.70838 0.02930
v -0.15915 -0.69210 -0.06311
v -0.15915 -0.69210 -0.06311
v -0.15915 -0.69210 -0.06311
v -0.19729 -0.65848 -0.11183
v -0.19729 -0.65848 -0.11183
v -0.20921 -0.61489 -0.11464
v -0.20921 -0.61489 -0.11464
v -0.19076 -0.58038 -0.10143
v -0.19076 -0.58038 -0.10143
v -0.19076 -0.58038 -0.10143
v -0.18341 -0.61332 0.00568
v -0.15413 -0.58818 0.05679
v -0.15413 -0.58818 0.05679
v -0.16794 -0.47957 -0.05380
v -0.18741 -0.48067 -0.12090
v -0.22394 -0.46405 -0.21433
v -0.22394 -0.46405 -0.21433
v -0.22394 -0.46405 -0.21433
v -0.22394 -0.46405 -0.21433
v -0.18334 -0.43504 -0.21190
v -0.21867 -0.38533 -0.21480
v -0.21867 -0.38533 -0.21480
v -0.13634 -0.28590 -0.09940
v -0.13634 -0.28590 -0.09940
v -0.22781 -0.20606 -0.17716
v -0.22781 -0.20606 -0.17716
v -0.22781 -0.20606 -0.17716
v -0.22781 -0.20606 -0.17716
v -0.21292 -0.20959 -0.20540
v -0.21292 -0.20959 -0.20540
v -0.21292 -0.20959 -0.20540
v -0.18106 -0.18264 -0.17891
v -0.18106 -0.18264 -0.17891
v -0.22072 -0.20239 -0.14019
v -0.22072 -0.20239 -0.14019
v -0.18919 -0.19953 -0.14845
v -0.18919 -0.19953 -0.14845
v -0.18919 -0.19953 -0.14845
v -0.19916 -0.17680 -0.14796
v -0.20748 -0.13042 -0.10724
v -0.18764 -0.13337 -0.08022
v -0.21695 -0.06971 0.00842
v -0.21695 -0.06971 0.00842
v -0.18679 -0.06772 0.03694
v -0.18679 -0.06772 0.03694
v -0.18679 -0.06772 0.03694
v -0.21531 0.04642 -0.19128
v -0.21531 0.04642 -0.19128
v -0.21531 0.04642 -0.19128
v -0.18876 -0.06377 -0.23326
v -0.18876 -0.06377 -0.23326
v -0.20447 -0.05928 -0.22386
v -0.20447 -0.05928 -0.22386
v -0.20447 -0.05928 -0.22386
v -0.17706 0.09214 -0.21057
v -0.17706 0.09214 -0.21057
v -0.17706 0.09214 -0.21057
v -0.16609 0.00367 -0.23981
v -0.20608 0.08610 -0.11417
v -0.20608 0.08610 -0.11417
v -0.19181 0.10754 0.05148
v -0.19181 0.10754 0.05148
v -0.19039 0.16369 0.00328
v -0.19255 0.15979 -0.19986
v -0.19255 0.15979 -0.19986
v -0.19097 0.28906 -0.02358
v -0.15608 0.39676 -0.10539
v -0.15608 0.39676 -0.10539
v -0.15608 0.39676 -0.10539
v -0.18686 -0.88798 0.01467
v -0.18686 -0.88798 0.01467
v -0.16308 -0.81446 -0.15684
v -0.16308 -0.81446 -0.15684
v -0.16284 -0.73329 -0.19364
v -0.16284 -0.73329 -0.19364
v -0.13435 -0.61528 0.01916
v -0.13435 -0.61528 0.01916
v -0.13435 -0.61528 0.01916
v -0.16607 -0.53696 -0.00437
v -0.18378 -0.47490 -0.23366
v -0.18378 -0.47490 -0.23366
v -0.18378 -0.47490 -0.23366
v -0.18378 -0.47490 -0.23366
v -0.20518 -0.51135 -0.22868
v -0.20518 -0.51135 -0.22868
v -0.18326 -0.48747 -0.14826
v -0.18326 -0.48747 -0.14826
v -0.16277 -0.48273 -0.00661
v -0.16277 -0.48273 -0.00661
v -0.16277 -0.48273 -0.00661
v -0.16004 -0.32377 -0.23098
v -0.14870 -0.20807 -0.16527
v -0.18543 -0.20833 -0.19475
v -0.18543 -0.20833 -0.19475
v -0.16388 -0.13779 -0.02311
v -0.16388 -0.13779 -0.02311
v -0.18339 -0.03348 -0.01637
v -0.18339 -0.03348 -0.01637
v -0.18339 -0.03348 -0.01637
v -0.18339 -0.03348 -0.01637
v -0.18325 0.08017 0.00008
v -0.18325 0.08017 0.00008
v -0.14492 0.07934 -0.09612
v -0.14492 0.07934 -0.09612
v -0.14492 0.07934 -0.09612
v -0.17821 0.09736 -0.12496
v -0.17821 0.09736 -0.12496
v -0.18314 0.09813 0.07968
v -0.18314 0.09813 0.07968
v -0.17515 0.11399 -0.02709
v -0.17515 0.11399 -0.02709
v -0.17515 0.11399 -0.02709
v -0.19769 0.07001 0.08447
v -0.19769 0.07001 0.08447
v -0.19769 0.07001 0.08447
v -0.17919 0.23052 0.09182
v -0.17919 0.23052 0.09182
v -0.19138 0.26196 0.01503
v -0.18533 0.23379 0.04638
v -0.16531 0.30123 -0.21676
v -0.16531 0.30123 -0.21676
v -0.16531 0.30123 -0.21676
v -0.17630 0.33419 0.00147
v -0.16936 -0.93096 -0.19623
v -0.16936 -0.93096 -0.19623
v -0.17214 -0.79360 -0.15680
v -0.15962 -0.70133 0.01514
v -0.11748 -0.67915 -0.18822
v -0.11748 -0.67915 -0.18822
v -0.16700 -0.68866 -0.23883
v -0.16700 -0.68866 -0.23883
v -0.19098 -0.69054 -0.23251
v -0.19098 -0.69054 -0.23251
v -0.18023 -0.63957 -0.23790
v -0.18023 -0.63957 -0.23790
v -0.17253 -0.53893 -0.04404
v -0.17253 -0.53893 -0.04404
v -0.15292 -0.46556 -0.08874
v -0.15292 -0.46556 -0.08874
v -0.17830 -0.31919 -0.20688
v -0.17830 -0.31919 -0.20688
v -0.16941 -0.26505 -0.22569
v -0.16941 -0.26505 -0.22569
v -0.17182 -0.16634 -0.20233
v -0.17182 -0.16634 -0.20233
v -0.16224 -0.11533 -0.16719
v -0.18368 -0.01463 -0.02696
v -0.18368 -0.01463 -0.02696
v -0.17621 -0.04660 -0.03323
v -0.17621 -0.04660 -0.03323
v -0.17621 -0.04660 -0.03323
v -0.17621 -0.04660 -0.03323
v -0.18493 -0.06712 -0.01911
v -0.18493 -0.06712 -0.01911
v -0.17728 0.05983 -0.00368
v -0.17728 0.05983 -0.00368
v -0.17728 0.05983 -0.00368
v -0.17404 0.09742 -0.07728
v -0.17404 0.09742 -0.07728
v -0.16624 0.19969 0.09092
v -0.16624 0.19969 0.09092
v -0.16624 0.19969 0.09092
v -0.16495 0.36419 -0.26737
v -0.16349 0.36434 -0.04348
v -0.16349 0.36434 -0.04348
v -0.15187 0.44494 -0.21673
v -0.15187 0.44494 -0.21673
v -0.17327 0.47771 -0.14901
v -0.13566 -0.88667 -0.20139
v -0.13566 -0.88667 -0.20139
v -0.12580 -0.77964 -0.14823
v -0.12580 -0.77964 -0.14823
v -0.14213 -0.76550 -0.11693
v -0.14213 -0.76550 -0.11693
v -0.14213 -0.76550 -0.11693
v -0.14213 -0.76550 -0.11693
v -0.14981 -0.79964 -0.04116
v -0.13956 -0.70317 -0.20223
v -0.15265 -0.63654 -0.24930
v -0.15265 -0.63654 -0.24930
v -0.13649 -0.60589 -0.24216
v -0.13649 -0.60589 -0.24216
v -0.18730 -0.61015 -0.23669
v -0.19176 -0.60954 -0.22934
v -0.19176 -0.60954 -0.22934
v -0.15824 -0.53025 0.01150
v -0.16395 -0.38318 -0.21371
v -0.17781 -0.28749 -0.20130
v -0.17781 -0.28749 -0.20130
v -0.17108 -0.23441 -0.01580
v -0.17108 -0.23441 -0.01580
v -0.18327 -0.23913 -0.00223
v -0.18327 -0.23913 -0.00223
v -0.18327 -0.23913 -0.00223
v -0.14873 -0.10158 -0.10949
v -0.18150 -0.08218 -0.25505
v -0.18150 -0.08218 -0.25505
v -0.15806 -0.03595 -0.28230
v -0.15806 -0.03595 -0.28230
v -0.14334 0.00099 -0.22070
v -0.14334 0.00099 -0.22070
v -0.14382 0.03901 -0.19884
v -0.14382 0.03901 -0.19884
v -0.17182 0.10089 -0.00280
v -0.17182 0.10089 -0.00280
v -0.16661 0.14627 0.03171
v -0.16661 0.14627 0.03171
v -0.15718 0.15695 -0.26150
v -0.15718 0.15695 -0.26150
v -0.17756 0.17728 0.12050
v -0.17756 0.17728 0.12050
v -0.16547 0.29147 0.07682
v -0.16547 0.29147 0.07682
v -0.16504 0.30003 0.05175
v -0.14837 0.36065 -0.18339
v -0.14837 0.36065 -0.18339
v -0.14837 0.36065 -0.18339
v -0.18460 0.38069 -0.15175
v -0.18460 0.38069 -0.15175
v -0.15878 0.43803 -0.22199
v -0.15878 0.43803 -0.22199
v -0.15495 -0.93010 -0.01285
v -0.14939 -0.86669 -0.04929
v -0.14939 -0.86669 -0.04929
v -0.14281 -0.85236 -0.17193
v -0.14281 -0.85236 -0.17193
v -0.16598 -0.84157 -0.07156
v -0.13034 -0.80328 -0.06050
v -0.13034 -0.80328 -0.06050
v -0.13034 -0.80328 -0.06050
v -0.13034 -0.80328 -0.06050
v -0.14632 -0.56858 -0.18332
v -0.14632 -0.56858 -0.18332
v -0.16601 -0.47871 -0.22956
v -0.16601 -0.47871 -0.22956
v -0.14377 -0.40043 -0.21067
v -0.15955 -0.50140 0.02425
v -0.15955 -0.50140 0.02425
v -0.14982 -0.51509 -0.01210
v -0.14982 -0.51509 -0.01210
v -0.14982 -0.51509 -0.01210
v -0.14982 -0.51509 -0.01210
v -0.15729 -0.45330 -0.05898
v -0.15729 -0.45330 -0.05898
v -0.15729 -0.45330 -0.05898
v -0.15729 -0.45330 -0.05898
v -0.14819 -0.45399 -0.12770
v -0.14819 -0.45399 -0.12770
v -0.14918 -0.39548 -0.11619
v -0.14918 -0.39548 -0.11619
v -0.15368 -0.30470 -0.21014
v -0.14425 -0.03496 -0.25976
v -0.15159 0.04904 -0.04644
v -0.15159 0.04904 -0.04644
v -0.15818 0.05553 0.02773
v -0.15899 0.17590 0.05193
v -0.15899 0.17590 0.05193
v -0.15096 0.27659 0.09702
v -0.15212 0.31131 0.06752
v -0.15527 0.33350 0.04289
v -0.15553 0.43538 -0.11160
v -0.14033 0.46461 -0.18962
v -0.14033 0.46461 -0.18962
v -0.14033 0.46461 -0.18962
v -0.15205 0.46186 -0.13316
v -0.15205 0.46186 -0.13316
v -0.14178 0.46870 -0.18603
v -0.14178 0.46870 -0.18603
v -0.14178 0.46870 -0.18603
v -0.16125 0.48018 -0.15222
v -0.16125 0.48018 -0.15222
v -0.11372 -0.94092 -0.20778
v -0.11372 -0.94092 -0.20778
v -0.11372 -0.94092 -0.20778
v -0.14156 -0.83312 -0.07076
v -0.14156 -0.83312 -0.07076
v -0.14823 -0.80832 -0.04049
v -0.14823 -0.80832 -0.04049
v -0.14823 -0.80832 -0.04049
v -0.12479 -0.75030 -0.10103
v -0.12479 -0.75030 -0.10103
v -0.12479 -0.75030 -0.10103
v -0.12479 -0.75030 -0.10103
v -0.12479 -0.75030 -0.10103
v -0.13529 -0.73401 -0.03176
v -0.13529 -0.73401 -0.03176
v -0.13529 -0.73401 -0.03176
v -0.13278 -0.53604 0.03762
v -0.15195 -0.54782 -0.11048
v -0.15195 -0.54782 -0.11048
v -0.14391 -0.48190 -0.12520
v -0.14391 -0.48190 -0.12520
v -0.15876 -0.40455 -0.03369
v -0.15876 -0.40455 -0.03369
v -0.15876 -0.40455 -0.03369
v -0.13217 -0.41689 -0.05758
v -0.13217 -0.41689 -0.05758
v -0.13217 -0.41689 -0.05758
v -0.12919 -0.20000 -0.19063
v -0.12919 -0.20000 -0.19063
v -0.12919 -0.20000 -0.19063
v -0.11927 -0.24291 0.01823
v -0.11927 -0.24291 0.01823
v -0.11927 -0.24291 0.01823
v -0.11927 -0.24291 0.01823
v -0.14002 -0.14048 -0.20761
v -0.14002 -0.14048 -0.20761
v -0.14121 0.08946 -0.24657
v -0.14321 0.12369 0.10426
v -0.14853 0.09878 -0.25228
v -0.14853 0.09878 -0.25228
v -0.15150 0.19099 0.06418
v -0.15150 0.19099 0.06418
v -0.13460 0.26223 0.14715
v -0.13460 0.26223 0.14715
v -0.13460 0.26223 0.14715
v -0.13460 0.26223 0.14715
v -0.12259 0.36519 -0.22686
v -0.14813 0.37352 0.03072
v -0.14813 0.37352 0.03072
v -0.14707 0.38413 0.00157
v -0.15112 0.36789 -0.04536
v -0.15112 0.36789 -0.04536
v -0.15253 0.38942 -0.05330
v -0.15253 0.38942 -0.05330
v -0.12214 -0.89167 -0.06954
v -0.12214 -0.89167 -0.06954
v -0.12214 -0.89167 -0.06954
v -0.12214 -0.89167 -0.06954
v -0.12214 -0.89167 -0.06954
v -0.13860 -0.85797 -0.07026
v -0.13860 -0.85797 -0.07026
v -0.11045 -0.69783 -0.01896
v -0.11045 -0.69783 -0.01896
v -0.11045 -0.69783 -0.01896
v -0.12671 -0.62785 -0.24583
v -0.12671 -0.62785 -0.24583
v -0.12925 -0.47302 -0.03271
v -0.12925 -0.47302 -0.03271
v -0.12925 -0.47302 -0.03271
v -0.12925 -0.47302 -0.03271
v -0.14230 -0.40104 -0.09370
v -0.14230 -0.40104 -0.09370
v -0.11407 -0.28452 -0.22674
v -0.13957 -0.22240 -0.21899
v -0.13555 -0.18481 -0.21650
v -0.16864 -0.08731 -0.15191
v -0.16864 -0.08731 -0.15191
v -0.13708 -0.12884 -0.21783
v -0.13708 -0.12884 -0.21783
v -0.13708 -0.12884 -0.21783
v -0.14071 -0.10522 -0.05238
v -0.14071 -0.10522 -0.05238
v -0.14071 -0.10522 -0.05238
v -0.14071 -0.10522 -0.05238
v -0.15187 0.01340 -0.06083
v -0.15187 0.01340 -0.06083
v -0.16911 0.03570 0.09431
v -0.13726 0.06393 0.13307
v -0.13726 0.06393 0.13307
v -0.14318 0.18398 0.12918
v -0.14318 0.18398 0.12918
v -0.14318 0.18398 0.12918
v -0.10696 0.21368 0.18888
v -0.10696 0.21368 0.18888
v -0.13011 0.22753 0.08648
v -0.13011 0.22753 0.08648
v -0.12654 0.25406 -0.27759
v -0.12948 0.23992 0.15186
v -0.12948 0.23992 0.15186
v -0.12245 0.36048 0.07970
v -0.12245 0.36048 0.07970
v -0.12245 0.36048 0.07970
v -0.12245 0.36048 0.07970
v -0.14318 0.34595 0.06218
v -0.14318 0.34595 0.06218
v -0.13164 0.41158 -0.03425
v -0.13164 0.41158 -0.03425
v -0.13435 0.39674 -0.24414
v -0.15419 0.39444 -0.07143
v -0.15419 0.39444 -0.07143
v -0.13377 0.42447 -0.08666
v -0.13377 0.42447 -0.08666
v -0.13377 0.42447 -0.08666
v -0.14317 0.44816 -0.10705
v -0.14317 0.44816 -0.10705
v -0.14168 0.43992 -0.13102
v -0.14168 0.43992 -0.13102
v -0.13502 -0.81282 -0.14562
v -0.13502 -0.81282 -0.14562
v -0.12009 -0.79266 -0.05499
v -0.12009 -0.79266 -0.05499
v -0.12713 -0.66774 -0.24219
v -0.12713 -0.66774 -0.24219
v -0.10882 -0.66756 -0.25526
v -0.10832 -0.52223 -0.24996
v -0.12301 -0.58802 -0.26334
v -0.13553 -0.51117 -0.13916
v -0.12490 -0.45634 -0.05664
v -0.12490 -0.45634 -0.05664
v -0.11132 -0.21211 -0.01773
v -0.11132 -0.21211 -0.01773
v -0.11132 -0.21211 -0.01773
v -0.11756 -0.04859 -0.13796
v -0.11756 -0.04859 -0.13796
v -0.08509 0.00934 -0.32080
v -0.08509 0.00934 -0.32080
v -0.08509 0.00934 -0.32080
v -0.13053 -0.00406 -0.10161
v -0.14301 0.02824 0.12421
v -0.14301 0.02824 0.12421
v -0.14482 0.29424 0.11619
v -0.14482 0.29424 0.11619
v -0.14482 0.29424 0.11619
v -0.11872 0.28917 0.09784
v -0.11872 0.28917 0.09784
v -0.11872 0.28917 0.09784
v -0.11872 0.28917 0.09784
v -0.13957 0.37530 0.04422
v -0.13957 0.37530 0.04422
v -0.13957 0.37530 0.04422
v -0.13957 0.37530 0.04422
v -0.13732 0.39765 0.01188
v -0.13732 0.39765 0.01188
v -0.13404 0.39539 0.02891
v -0.13404 0.39539 0.02891
v -0.13541 0.40487 -0.24272
v -0.12991 0.42932 -0.23838
v -0.12991 0.42932 -0.23838
v -0.13565 0.45604 -0.15012
v -0.13565 0.45604 -0.15012
v -0.13565 0.45604 -0.15012
v -0.08838 0.46218 -0.21700
v -0.08838 0.46218 -0.21700
v -0.11165 -0.86712 -0.16346
v -0.11165 -0.86712 -0.16346
v -0.13088 -0.83802 -0.10148
v -0.10307 -0.78862 -0.10774
v -0.13186 -0.77637 -0.09589
v -0.13186 -0.77637 -0.09589
v -0.13186 -0.77637 -0.09589
v -0.12767 -0.77230 -0.06881
v -0.12767 -0.77230 -0.06881
v -0.02090 -0.62202 -0.13807
v -0.07568 -0.59197 -0.15952
v -0.12490 -0.66019 0.05412
v -0.12490 -0.66019 0.05412
v -0.12490 -0.66019 0.05412
v -0.12490 -0.66019 0.05412
v -0.12490 -0.66019 0.05412
v -0.12133 -0.51661 0.04483
v -0.12133 -0.51661 0.04483
v -0.12033 -0.48659 -0.12127
v -0.09136 -0.34922 -0.25141
v -0.11421 -0.25288 -0.08391
v -0.11421 -0.25288 -0.08391
v -0.12008 -0.17569 -0.22134
v -0.11585 -0.09703 -0.19161
v -0.11585 -0.09703 -0.19161
v -0.12045 -0.08480 -0.05156
v -0.12045 -0.08480 -0.05156
v -0.11174 -0.03046 -0.30403
v -0.11174 -0.03046 -0.30403
v -0.11707 -0.00630 -0.02162
v -0.11707 -0.00630 -0.02162
v -0.13575 0.09926 0.12777
v -0.13575 0.09926 0.12777
v -0.10189 0.10748 -0.26203
v -0.11435 0.18713 0.17092
v -0.11435 0.18713 0.17092
v -0.11435 0.18713 0.17092
v -0.12564 0.37282 0.04012
v -0.12564 0.37282 0.04012
v -0.12564 0.37282 0.04012
v -0.12564 0.37282 0.04012
v -0.10941 0.42213 0.00289
v -0.10941 0.42213 0.00289
v -0.12190 0.39085 0.03099
v -0.12190 0.39085 0.03099
v -0.13331 0.43491 -0.10093
v -0.11463 -0.87504 -0.10062
v -0.12043 -0.81418 -0.13303
v -0.11944 -0.62738 0.06961
v -0.04554 -0.58398 -0.19506
v -0.04554 -0.58398 -0.19506
v -0.10718 -0.59811 0.07072
v -0.09958 -0.50612 0.02975
v -0.09958 -0.50612 0.02975
v -0.09958 -0.50612 0.02975
v -0.09950 -0.45861 -0.04511
v -0.09980 -0.46695 -0.02062
v -0.10547 -0.48055 -0.26530
v -0.08416 -0.24311 -0.21126
v -0.08416 -0.24311 -0.21126
v -0.09034 -0.23000 -0.00844
v -0.09034 -0.23000 -0.00844
v -0.07669 -0.19955 -0.24777
v -0.10541 -0.03533 0.05717
v -0.07986 0.03328 -0.26342
v -0.07986 0.03328 -0.26342
v -0.10874 -0.00406 -0.11897
v -0.11924 0.01748 -0.16114
v -0.08821 0.26915 0.12462
v -0.08821 0.26915 0.12462
v -0.08821 0.26915 0.12462
v -0.09835 0.27539 0.17431
v -0.09835 0.27539 0.17431
v -0.11600 0.28246 0.15189
v -0.09811 0.40983 -0.21402
v -0.09811 0.40983 -0.21402
v -0.08837 0.43589 0.00981
v -0.08837 0.43589 0.00981
v -0.11189 0.45694 -0.15873
v -0.10129 -0.93256 -0.11219
v -0.10129 -0.93256 -0.11219
v -0.11776 -0.85773 -0.10793
v -0.10419 -0.65696 -0.21112
v -0.09766 -0.64290 0.00398
v -0.09766 -0.64290 0.00398
v -0.09766 -0.64290 0.00398
v -0.09766 -0.64290 0.00398
v -0.09766 -0.64290 0.00398
v -0.11143 -0.64328 0.05650
v -0.10462 -0.55704 0.05613
v -0.10462 -0.55704 0.05613
v -0.09735 -0.37051 -0.22572
v -0.11911 -0.30706 -0.04234
v -0.11911 -0.30706 -0.04234
v -0.11134 -0.32824 -0.03198
v -0.11547 -0.29233 -0.00558
v -0.11547 -0.29233 -0.00558
v -0.08942 -0.24348 -0.25019
v -0.08942 -0.24348 -0.25019
v -0.10448 -0.20924 -0.19845
v -0.10448 -0.20924 -0.19845
v -0.11299 -0.18304 0.00878
v -0.08579 -0.14681 0.03342
v -0.08579 -0.14681 0.03342
v -0.10370 -0.07216 -0.21748
v -0.10370 -0.07216 -0.21748
v -0.11597 -0.06437 -0.03725
v -0.11597 -0.06437 -0.03725
v -0.10547 0.06800 0.15423
v -0.11494 0.09318 0.14067
v -0.11568 0.15368 0.11535
v -0.11568 0.15368 0.11535
v -0.11568 0.15368 0.11535
v -0.11218 0.16169 0.12576
v -0.11218 0.16169 0.12576
v -0.11218 0.16169 0.12576
v -0.11218 0.16169 0.12576
v -0.11179 0.32393 0.08567
v -0.11179 0.32393 0.08567
v -0.12027 0.33312 0.11011
v -0.12027 0.33312 0.11011
v -0.12127 0.33757 0.09803
v -0.09231 0.39970 0.04961
v -0.09231 0.39970 0.04961
v -0.09231 0.39970 0.04961
v -0.09231 0.39970 0.04961
v -0.09901 -0.87436 -0.11510
v -0.12082 -0.70168 -0.25301
v -0.12082 -0.70168 -0.25301
v -0.10153 -0.76342 -0.24512
v -0.10153 -0.76342 -0.24512
v -0.08550 -0.50153 0.05074
v -0.08550 -0.50153 0.05074
v -0.08335 -0.47076 0.02851
v -0.08335 -0.47076 0.02851
v -0.08335 -0.47076 0.02851
v -0.08335 -0.47076 0.02851
v -0.10293 -0.45611 -0.10781
v -0.10268 -0.41356 -0.08887
v -0.10106 -0.39602 -0.13573
v -0.10106 -0.39602 -0.13573
v -0.10284 -0.39543 -0.06485
v -0.10653 -0.31699 -0.15502
v -0.10653 -0.31699 -0.15502
v -0.10091 -0.31312 -0.09008
v -0.10091 -0.31312 -0.09008
v -0.10710 -0.31108 0.00011
v -0.10710 -0.31108 0.00011
v -0.09357 -0.29012 -0.16415
v -0.08323 -0.28614 -0.04855
v -0.08809 -0.27220 -0.17913
v -0.09280 -0.20257 0.03425
v -0.09280 -0.20257 0.03425
v -0.06205 0.04405 0.18960
v -0.06205 0.04405 0.18960
v -0.09294 0.12619 -0.29841
v -0.08173 0.17600 0.15653
v -0.08173 0.17600 0.15653
v -0.08173 0.17600 0.15653
v -0.11115 0.34407 0.12274
v -0.11115 0.34407 0.12274
v -0.07814 -0.91130 -0.14714
v -0.07814 -0.91130 -0.14714
v -0.06064 -0.70161 -0.22740
v -0.06064 -0.70161 -0.22740
v -0.06201 -0.59367 -0.21982
v -0.06201 -0.59367 -0.21982
v -0.09657 -0.55644 -0.25664
v -0.08081 -0.45270 -0.16146
v -0.08081 -0.45270 -0.16146
v -0.09982 -0.43785 -0.14278
v -0.09982 -0.43785 -0.14278
v -0.09882 -0.43260 -0.12901
v -0.09882 -0.43260 -0.12901
v -0.06654 -0.35387 -0.16118
v -0.09777 -0.38553 -0.01527
v -0.08333 -0.37922 0.01999
v -0.08333 -0.37922 0.01999
v -0.06633 -0.31941 0.03981
v -0.06633 -0.31941 0.03981
v -0.06633 -0.31941 0.03981
v -0.06633 -0.31941 0.03981
v -0.06633 -0.31941 0.03981
v -0.09918 -0.12719 -0.21694
v -0.10312 -0.09326 0.02041
v -0.10312 -0.09326 0.02041
v -0.06602 -0.07838 0.08921
v -0.06602 -0.07838 0.08921
v 0.00215 0.02825 -0.26126
v -0.05982 0.06694 0.17834
v -0.10917 0.11457 0.16702
v -0.08983 0.26366 0.19910
v -0.08983 0.26366 0.19910
v -0.07994 0.30764 -0.30719
v -0.06904 0.35119 0.15136
v -0.06904 0.35119 0.15136
v -0.06904 0.35119 0.15136
v -0.09620 0.41068 0.03895
v -0.09620 0.41068 0.03895
v -0.05127 0.45807 0.02636
v -0.05094 0.47311 -0.01577
v -0.05094 0.47311 -0.01577
v -0.07224 0.47950 -0.12933
v -0.08484 -0.79928 -0.19938
v -0.08484 -0.79928 -0.19938
v -0.08484 -0.79928 -0.19938
v -0.08458 -0.77279 -0.19620
v -0.08458 -0.77279 -0.19620
v -0.08458 -0.77279 -0.19620
v -0.08458 -0.77279 -0.19620
v -0.08458 -0.77279 -0.19620
v -0.09743 -0.71939 -0.20321
v -0.09743 -0.71939 -0.20321
v -0.09743 -0.71939 -0.20321
v -0.09743 -0.71939 -0.20321
v -0.09238 -0.75918 -0.19314
v -0.09238 -0.75918 -0.19314
v -0.08024 -0.76611 -0.25945
v -0.08343 -0.67182 0.03006
v -0.08343 -0.67182 0.03006
v -0.09148 -0.62264 0.04768
v -0.09148 -0.62264 0.04768
v -0.06619 -0.58271 0.03819
v -0.06619 -0.58271 0.03819
v -0.04594 -0.51233 -0.21524
v -0.07585 -0.50121 0.02847
v -0.07585 -0.50121 0.02847
v -0.08746 -0.44446 -0.13628
v -0.08746 -0.44446 -0.13628
v -0.08874 -0.41177 -0.26054
v -0.08350 -0.42064 0.01495
v -0.08350 -0.42064 0.01495
v -0.08350 -0.42064 0.01495
v -0.04932 -0.38002 -0.25148
v -0.08134 -0.30832 -0.17515
v -0.07748 -0.17227 0.04692
v -0.04042 -0.13786 -0.23131
v -0.07749 -0.06309 -0.16142
v -0.06140 -0.04848 -0.11771
v -0.05210 -0.07142 0.16049
v -0.05210 -0.07142 0.16049
v -0.05210 -0.07142 0.16049
v -0.05210 -0.07142 0.16049
v -0.05210 -0.07142 0.16049
v -0.05210 -0.07142 0.16049
v -0.08804 -0.03132 0.02973
v -0.08804 -0.03132 0.02973
v -0.07097 -0.03447 -0.03306
v -0.10293 0.03124 0.11570
v -0.10293 0.03124 0.11570
v -0.10293 0.03124 0.11570
v -0.07818 0.10820 -0.27177
v -0.05328 0.16976 -0.32350
v -0.04949 0.24748 -0.32820
v -0.06281 0.33145 0.15646
v -0.06147 0.53578 -0.13701
v -0.06043 -0.80088 -0.20667
v -0.06043 -0.80088 -0.20667
v -0.03318 -0.64188 -0.00990
v -0.03318 -0.64188 -0.00990
v -0.03318 -0.64188 -0.00990
v -0.03318 -0.64188 -0.00990
v -0.03318 -0.64188 -0.00990
v -0.03318 -0.64188 -0.00990
v -0.01631 -0.66779 -0.21406
v -0.01631 -0.66779 -0.21406
v -0.01631 -0.66779 -0.21406
v -0.01631 -0.66779 -0.21406
v -0.00280 -0.60557 -0.07143
v -0.00280 -0.60557 -0.07143
v -0.03411 -0.55052 -0.23224
v -0.03647 -0.48530 -0.20826
v -0.03647 -0.48530 -0.20826
v -0.03647 -0.48530 -0.20826
v -0.04743 -0.43310 -0.21797
v -0.04743 -0.43310 -0.21797
v -0.07078 -0.43931 -0.16792
v -0.07078 -0.43931 -0.16792
v -0.08683 -0.31424 -0.16894
v -0.08058 -0.23150 -0.24474
v -0.08058 -0.23150 -0.24474
v -0.05707 -0.21406 -0.25994
v -0.05707 -0.21406 -0.25994
v -0.05707 -0.21406 -0.25994
v -0.08631 -0.12001 0.05484
v -0.08631 -0.12001 0.05484
v -0.07771 -0.10614 0.01715
v -0.00895 -0.05374 -0.08602
v -0.00895 -0.05374 -0.08602
v -0.06707 -0.01354 0.08961
v -0.06707 -0.01354 0.08961
v -0.07273 0.02366 0.10588
v -0.07273 0.02366 0.10588
v -0.03557 0.00309 -0.19706
v -0.08687 0.01699 0.14407
v -0.08687 0.01699 0.14407
v -0.05454 0.00790 0.19917
v -0.05454 0.00790 0.19917
v -0.04863 0.42256 0.09285
v -0.04863 0.42256 0.09285
v -0.09662 0.44301 -0.00940
v -0.09662 0.44301 -0.00940
v -0.08218 -0.80102 -0.25259
v -0.08218 -0.80102 -0.25259
v -0.05808 -0.72728 -0.20318
v -0.05808 -0.72728 -0.20318
v -0.05644 -0.54139 0.01039
v -0.05644 -0.54139 0.01039
v -0.05892 -0.40946 0.03549
v -0.05892 -0.40946 0.03549
v -0.05892 -0.40946 0.03549
v -0.05892 -0.40946 0.03549
v -0.06677 -0.41516 0.02301
v -0.06677 -0.41516 0.02301
v -0.06677 -0.41516 0.02301
v -0.06798 -0.36865 0.03041
v -0.06798 -0.36865 0.03041
v -0.06798 -0.36865 0.03041
v -0.04757 -0.27339 0.02588
v -0.04757 -0.27339 0.02588
v -0.04757 -0.27339 0.02588
v -0.04757 -0.27339 0.02588
v -0.04757 -0.27339 0.02588
v -0.04884 -0.29537 -0.20372
v -0.04884 -0.29537 -0.20372
v -0.05999 -0.22658 -0.00227
v -0.05999 -0.22658 -0.00227
v -0.06904 -0.23081 0.04240
v -0.06827 -0.13924 0.07005
v -0.06827 -0.13924 0.07005
v -0.06405 -0.09369 0.01689
v -0.07560 0.01124 -0.32290
v -0.07560 0.01124 -0.32290
v -0.06947 0.01994 0.14852
v -0.05038 0.15421 0.22608
v -0.05038 0.15421 0.22608
v -0.04870 0.26798 0.16743
v -0.04870 0.26798 0.16743
v -0.04870 0.26798 0.16743
v -0.06179 0.27677 0.20669
v -0.06179 0.27677 0.20669
v -0.07620 0.37601 0.12712
v -0.07620 0.37601 0.12712
v -0.03500 -0.80632 -0.27386
v -0.03500 -0.80632 -0.27386
v -0.01564 -0.71606 -0.26618
v -0.02622 -0.63691 -0.08927
v -0.02622 -0.63691 -0.08927
v -0.07301 -0.62152 -0.01277
v -0.07301 -0.62152 -0.01277
v -0.07301 -0.62152 -0.01277
v -0.06341 -0.45628 0.04148
v -0.03886 -0.38172 0.06272
v -0.07081 -0.26696 0.04708
v -0.07042 -0.23470 0.02970
v -0.07042 -0.23470 0.02970
v -0.04649 -0.25982 0.07812
v -0.04563 -0.20798 0.07906
v -0.04563 -0.20798 0.07906
v -0.04563 -0.20798 0.07906
v -0.05532 -0.17594 -0.24019
v -0.07191 -0.18506 0.04461
v -0.07191 -0.18506 0.04461
v -0.04358 -0.12896 0.05540
v -0.04464 -0.06633 -0.17284
v -0.04516 0.06819 0.18724
v -0.05601 0.11305 -0.28959
v -0.04150 0.13997 0.18565
v -0.04150 0.13997 0.18565
v -0.04150 0.13997 0.18565
v -0.04331 0.22112 0.20365
v -0.04331 0.22112 0.20365
v -0.02188 0.35746 -0.33042
v -0.00973 0.52413 -0.18646
v -0.06493 -0.40461 -0.21799
v -0.06493 -0.40461 -0.21799
v -0.01149 -0.38205 -0.21650
v -0.01149 -0.38205 -0.21650
v -0.01149 -0.38205 -0.21650
v -0.01149 -0.38205 -0.21650
v -0.01149 -0.38205 -0.21650
v -0.03864 -0.31803 -0.21401
v -0.03864 -0.31803 -0.21401
v -0.05717 -0.28598 0.05549
v -0.06390 -0.16084 0.09577
v -0.06390 -0.16084 0.09577
v -0.00381 -0.19296 0.16096
v -0.00381 -0.19296 0.16096
v -0.00381 -0.19296 0.16096
v -0.04273 -0.11751 0.01528
v -0.02956 -0.10495 -0.04845
v -0.05204 0.01090 0.18390
v -0.03350 0.13241 -0.30291
v -0.04396 0.33403 0.16788
v -0.04396 0.33403 0.16788
v -0.04654 0.35332 0.20008
v -0.04654 0.35332 0.20008
v -0.04996 0.44844 -0.21023
v -0.04996 0.44844 -0.21023
v -0.02758 0.50289 -0.08256
v -0.05047 -0.82178 -0.26637
v -0.05047 -0.82178 -0.26637
v -0.03309 -0.68035 -0.22278
v -0.03309 -0.68035 -0.22278
v -0.04980 -0.77129 0.04932
v -0.04980 -0.77129 0.04932
v -0.04980 -0.77129 0.04932
v -0.04980 -0.77129 0.04932
v -0.05585 -0.61960 0.05538
v -0.03607 -0.59617 -0.03688
v -0.03607 -0.59617 -0.03688
v -0.03191 -0.57761 -0.00968
v -0.03191 -0.57761 -0.00968
v -0.03191 -0.57761 -0.00968
v -0.04737 -0.44343 0.05475
v -0.05479 -0.36709 0.04527
v -0.04262 -0.35576 0.04339
v -0.04262 -0.35576 0.04339
v -0.04262 -0.35576 0.04339
v -0.04532 -0.29773 -0.23863
v -0.04826 -0.24403 0.01869
v -0.04826 -0.24403 0.01869
v -0.04150 -0.10054 -0.24582
v -0.04150 -0.10054 -0.24582
v -0.02154 -0.12650 0.13157
v -0.02154 -0.12650 0.13157
v -0.02154 -0.12650 0.13157
v -0.03027 0.00979 0.08469
v -0.03027 0.00979 0.08469
v -0.04357 0.03896 -0.34575
v -0.04357 0.03896 -0.34575
v 0.00518 0.23678 -0.35072
v -0.03880 0.31661 -0.33199
v -0.03734 0.38161 0.18327
v -0.03734 0.38161 0.18327
v -0.03734 0.38161 0.18327
v -0.03734 0.38161 0.18327
v -0.01017 0.42164 -0.27229
v -0.01017 0.42164 -0.27229
v -0.02429 0.42097 -0.26455
v -0.02429 0.42097 -0.26455
v -0.00428 0.51854 -0.11864
v -0.04842 -0.72842 -0.22287
v -0.02745 -0.75179 -0.20907
v -0.02745 -0.75179 -0.20907
v -0.00289 -0.66692 0.03398
v -0.02541 -0.68712 0.05514
v -0.01334 -0.60568 0.04661
v -0.01353 -0.57252 0.06953
v -0.02056 -0.48925 0.05971
v -0.02211 -0.42635 0.08614
v -0.02211 -0.42635 0.08614
v -0.02018 -0.37800 0.07126
v -0.01397 -0.33114 0.06810
v -0.01397 -0.33114 0.06810
v -0.01397 -0.33114 0.06810
v -0.01920 -0.33100 -0.22030
v -0.01920 -0.33100 -0.22030
v -0.04144 -0.30030 0.08561
v -0.04144 -0.30030 0.08561
v -0.03214 -0.24641 -0.24510
v -0.03214 -0.24641 -0.24510
v -0.04399 -0.25265 0.08352
v -0.04399 -0.25265 0.08352
v -0.04072 -0.21458 0.08974
v -0.01261 -0.20700 -0.25591
v -0.03332 -0.15214 -0.25303
v -0.03951 -0.09849 0.14623
v -0.03951 -0.09849 0.14623
v -0.04314 -0.08163 0.16124
v -0.04314 -0.08163 0.16124
v 0.01156 -0.10406 -0.25033
v -0.04352 -0.05635 0.13355
v -0.04352 -0.05635 0.13355
v -0.01908 -0.06383 0.13414
v -0.01908 -0.06383 0.13414
v -0.01908 -0.06383 0.13414
v -0.04543 -0.01492 0.12690
v -0.04543 -0.01492 0.12690
v -0.01831 0.01216 0.17209
v -0.03694 0.06904 0.21343
v -0.01082 0.09933 0.18595
v -0.01082 0.09933 0.18595
v -0.01203 0.10180 0.20698
v -0.01203 0.10180 0.20698
v -0.01383 0.12499 0.25348
v -0.01383 0.12499 0.25348
v 0.01166 0.48056 0.12394
v 0.01166 0.48056 0.12394
v 0.05642 0.48767 0.03812
v 0.05642 0.48767 0.03812
v -0.02735 0.46318 -0.19957
v -0.02735 0.46318 -0.19957
v -0.03552 -0.79617 -0.26528
v -0.01944 -0.56485 0.02263
v -0.01944 -0.56485 0.02263
v -0.01953 -0.49482 0.02184
v -0.01953 -0.49482 0.02184
v -0.01953 -0.49482 0.02184
v -0.01953 -0.49482 0.02184
v -0.04837 -0.49703 0.01516
v -0.04837 -0.49703 0.01516
v -0.00613 -0.33713 0.05935
v -0.00613 -0.33713 0.05935
v -0.03703 -0.29440 0.04446
v -0.03703 -0.29440 0.04446
v -0.03342 -0.27973 -0.27383
v -0.03342 -0.27973 -0.27383
v -0.01268 -0.12757 -0.00981
v -0.01268 -0.12757 -0.00981
v -0.03597 -0.08302 -0.10215
v -0.00585 -0.04610 -0.17601
v -0.02222 -0.01238 0.18776
v -0.01889 0.13335 -0.32083
v 0.00889 -0.58608 -0.19838
v 0.00889 -0.58608 -0.19838
v -0.02354 -0.57862 -0.04944
v -0.02354 -0.57862 -0.04944
v 0.00114 -0.31195 0.07104
v -0.01785 -0.26535 0.08184
v -0.01785 -0.26535 0.08184
v -0.01785 -0.26535 0.08184
v -0.03164 -0.10846 0.14966
v -0.02159 -0.10925 0.19556
v -0.02159 -0.10925 0.19556
v -0.02159 -0.10925 0.19556
v 0.00037 -0.01528 0.09159
v 0.00037 -0.01528 0.09159
v 0.00037 -0.01528 0.09159
v 0.00037 -0.01528 0.09159
v -0.00508 0.09846 0.23581
v 0.01905 0.16344 0.24608
v 0.01259 0.27421 0.20477
v 0.01259 0.27421 0.20477
v -0.00469 0.32635 0.20241
v -0.00469 0.32635 0.20241
v -0.02668 0.45668 -0.21015
v -0.01087 -0.76879 -0.26710
v -0.01087 -0.76879 -0.26710
v -0.02245 -0.76953 0.04248
v -0.02245 -0.76953 0.04248
v 0.00050 -0.74997 0.03292
v 0.00050 -0.74997 0.03292
v 0.00050 -0.74997 0.03292
v 0.00050 -0.74997 0.03292
v 0.00492 -0.77161 -0.28714
v 0.00492 -0.77161 -0.28714
v 0.00492 -0.77161 -0.28714
v 0.00492 -0.77161 -0.28714
v -0.02443 -0.68716 -0.22508
v -0.02443 -0.68716 -0.22508
v -0.01475 -0.60133 -0.21399
v -0.01475 -0.60133 -0.21399
v -0.00266 -0.61208 -0.00476
v -0.00266 -0.61208 -0.00476
v -0.01434 -0.48209 0.08296
v -0.00779 -0.44679 0.08899
v -0.00779 -0.44679 0.08899
v 0.01014 -0.48338 -0.25378
v 0.01668 -0.38380 0.07845
v -0.00216 -0.35086 -0.22373
v -0.00216 -0.35086 -0.22373
v -0.00216 -0.35086 -0.22373
v 0.01972 -0.27578 -0.25656
v 0.01972 -0.27578 -0.25656
v 0.01972 -0.27578 -0.25656
v 0.00402 -0.27982 -0.28171
v 0.00402 -0.27982 -0.28171
v -0.01652 -0.23735 0.11333
v -0.03592 -0.15651 0.12346
v -0.03592 -0.15651 0.12346
v 0.03070 -0.14345 0.14326
v 0.00042 -0.07304 0.15822
v 0.00042 -0.07304 0.15822
v -0.01236 0.02529 0.14431
v 0.00885 0.06415 -0.32173
v 0.01377 0.28274 0.23016
v 0.01377 0.28274 0.23016
v 0.01377 0.28274 0.23016
v -0.03283 0.38405 0.12620
v -0.03283 0.38405 0.12620
v -0.03283 0.38405 0.12620
v 0.00045 0.44896 0.13947
v 0.00045 0.44896 0.13947
v 0.00045 0.44896 0.13947
v 0.00045 0.44896 0.13947
v 0.04251 0.48618 -0.19590
v 0.04251 0.48618 -0.19590
v 0.03184 0.51131 -0.19386
v 0.03184 0.51131 -0.19386
v -0.00017 -0.71225 -0.25392
v -0.00017 -0.71225 -0.25392
v -0.00493 -0.65492 -0.23746
v -0.00493 -0.65492 -0.23746
v -0.00493 -0.65492 -0.23746
v -0.00493 -0.65492 -0.23746
v 0.00265 -0.66745 0.05443
v -0.00820 -0.52064 0.07606
v 0.00441 -0.50329 0.08535
v 0.04069 -0.45000 0.11455
v 0.04069 -0.45000 0.11455
v 0.04069 -0.45000 0.11455
v 0.02933 -0.30218 0.08933
v 0.02933 -0.30218 0.08933
v 0.00764 -0.11943 -0.27223
v 0.00764 -0.11943 -0.27223
v 0.03964 -0.18316 0.05313
v 0.00705 -0.09811 -0.00258
v 0.00705 -0.09811 -0.00258
v 0.00705 -0.09811 -0.00258
v 0.03392 -0.09396 0.19560
v 0.03392 -0.09396 0.19560
v 0.03392 -0.09396 0.19560
v 0.02595 -0.01147 0.11230
v 0.02566 -0.01233 0.24492
v 0.02566 -0.01233 0.24492
v 0.02566 -0.01233 0.24492
v 0.01669 0.03098 -0.33661
v 0.01669 0.03098 -0.33661
v -0.00366 0.04510 0.26005
v 0.00330 0.06637 0.31347
v 0.00330 0.06637 0.31347
v 0.02557 0.11846 -0.31320
v 0.02129 0.38050 0.20568
v 0.02129 0.38050 0.20568
v 0.04187 0.36644 0.15462
v 0.04187 0.36644 0.15462
v -0.01100 0.39421 -0.29331
v 0.01490 0.42434 0.11160
v 0.01490 0.42434 0.11160
v 0.01490 0.42434 0.11160
v 0.01490 0.42434 0.11160
v 0.01007 0.43766 -0.24560
v -0.00351 0.45843 0.08654
v -0.00195 -0.83337 -0.28640
v -0.00195 -0.83337 -0.28640
v -0.00650 -0.80119 -0.27234
v -0.00650 -0.80119 -0.27234
v -0.00865 -0.50997 0.02891
v -0.00865 -0.50997 0.02891
v 0.01652 -0.59804 0.06313
v 0.02418 -0.52969 0.04561
v 0.02418 -0.52969 0.04561
v 0.04473 -0.61584 0.09827
v -0.00525 -0.45626 0.08537
v -0.00525 -0.45626 0.08537
v 0.03639 -0.43115 0.09117
v 0.03639 -0.43115 0.09117
v 0.03639 -0.43115 0.09117
v 0.03639 -0.43115 0.09117
v 0.03639 -0.43115 0.09117
v 0.03639 -0.43115 0.09117
v 0.01674 -0.43275 0.07250
v 0.01674 -0.43275 0.07250
v 0.01674 -0.43275 0.07250
v -0.00594 -0.33063 0.09536
v 0.05411 -0.29104 0.13350
v 0.03469 -0.04066 -0.15480
v 0.03469 -0.04066 -0.15480
v 0.03730 -0.08034 -0.19304
v 0.00574 -0.01072 0.06062
v 0.00574 -0.01072 0.06062
v 0.00574 -0.01072 0.06062
v 0.00574 -0.01072 0.06062
v 0.00574 -0.01072 0.06062
v 0.00574 -0.01072 0.06062
v 0.00574 -0.01072 0.06062
v 0.00574 -0.01072 0.06062
v 0.01205 -0.02884 0.21406
v 0.01205 -0.02884 0.21406
v 0.02702 0.05287 -0.30225
v -0.00149 0.10621 0.24905
v -0.00149 0.10621 0.24905
v 0.03915 0.13180 -0.33814
v 0.01962 0.20635 0.24012
v 0.08941 0.54819 -0.09821
v 0.08941 0.54819 -0.09821
v 0.04849 0.55429 -0.14765
v 0.04849 0.55429 -0.14765
v 0.04714 0.56914 -0.12314
v 0.04696 -0.82283 -0.28154
v 0.04696 -0.82283 -0.28154
v 0.04696 -0.82283 -0.28154
v 0.04696 -0.82283 -0.28154
v 0.01623 -0.75235 0.05869
v 0.02859 -0.72777 -0.22645
v 0.02859 -0.72777 -0.22645
v -0.00749 -0.61546 -0.23541
v -0.00749 -0.61546 -0.23541
v -0.00449 -0.59414 -0.23507
v -0.00449 -0.59414 -0.23507
v 0.02874 -0.51132 -0.27025
v 0.00656 -0.53970 0.07997
v 0.01635 -0.50084 0.05345
v 0.03941 -0.48098 0.10998
v 0.03941 -0.48098 0.10998
v 0.01417 -0.32649 0.07067
v 0.00948 -0.28591 0.12465
v 0.00948 -0.28591 0.12465
v 0.04665 -0.25489 0.12157
v 0.02124 -0.18468 0.02045
v 0.02124 -0.18468 0.02045
v 0.00707 -0.04019 -0.11545
v 0.00707 -0.04019 -0.11545
v -0.00149 -0.04237 0.08999
v -0.00149 -0.04237 0.08999
v -0.00149 -0.04237 0.08999
v -0.00149 -0.04237 0.08999
v -0.00149 -0.04237 0.08999
v -0.00149 -0.04237 0.08999
v 0.02675 -0.00305 0.31101
v 0.02675 -0.00305 0.31101
v 0.02675 -0.00305 0.31101
v 0.00455 0.22566 0.28227
v 0.00455 0.22566 0.28227
v 0.02633 -0.83690 0.05501
v 0.02175 -0.84777 0.07102
v 0.02175 -0.84777 0.07102
v 0.01458 -0.79705 0.06282
v 0.03424 -0.83521 0.07584
v 0.03424 -0.83521 0.07584
v 0.02101 -0.57138 -0.19907
v 0.02101 -0.57138 -0.19907
v 0.00996 -0.51627 -0.23023
v 0.00996 -0.51627 -0.23023
v 0.02814 -0.52503 0.08314
v 0.02814 -0.52503 0.08314
v 0.00840 -0.47001 -0.23172
v 0.00840 -0.47001 -0.23172
v 0.04035 -0.48618 0.03612
v 0.04035 -0.48618 0.03612
v 0.04740 -0.38507 -0.21560
v 0.04740 -0.38507 -0.21560
v 0.04740 -0.38507 -0.21560
v 0.04740 -0.38507 -0.21560
v 0.03686 -0.38143 0.08436
v 0.00733 -0.32484 -0.22785
v 0.00733 -0.32484 -0.22785
v 0.10707 -0.18134 -0.26155
v 0.09516 -0.14266 0.16067
v 0.09516 -0.14266 0.16067
v 0.04028 -0.05797 0.13261
v 0.04028 -0.05797 0.13261
v 0.01585 0.02593 0.09168
v 0.01585 0.02593 0.09168
v 0.01585 0.02593 0.09168
v 0.00490 -0.00827 -0.19491
v 0.09188 0.00585 0.19252
v 0.02706 0.12454 0.26729
v 0.04280 0.14746 -0.34351
v 0.01941 0.28928 0.27727
v 0.01941 0.28928 0.27727
v 0.03474 0.37074 -0.31763
v 0.00850 0.35715 -0.32803
v 0.04283 0.40184 -0.29947
v 0.04283 0.40184 -0.29947
v 0.04789 0.50249 0.09003
v 0.04789 0.50249 0.09003
v 0.08054 -0.65540 -0.20846
v 0.08054 -0.65540 -0.20846
v 0.03670 -0.62453 -0.20738
v 0.05300 -0.66953 0.08803
v 0.04810 -0.52082 -0.24891
v 0.02819 -0.42828 0.06005
v 0.02819 -0.42828 0.06005
v 0.02183 -0.30153 -0.23268
v 0.02183 -0.30153 -0.23268
v 0.03349 -0.25367 -0.28481
v 0.05796 -0.19690 0.16367
v 0.05796 -0.19690 0.16367
v 0.07106 -0.12844 -0.26161
v 0.07106 -0.12844 -0.26161
v 0.07106 -0.12844 -0.26161
v 0.02070 -0.08593 0.19098
v 0.02070 -0.08593 0.19098
v 0.10908 -0.01506 -0.19168
v 0.04292 0.12074 -0.32325
v 0.05649 0.30017 -0.34428
v 0.04386 0.41504 0.18431
v 0.04386 0.41504 0.18431
v 0.04386 0.41504 0.18431
v 0.04840 -0.82687 -0.29194
v 0.04840 -0.82687 -0.29194
v 0.04492 -0.74395 -0.27434
v 0.04492 -0.74395 -0.27434
v 0.07295 -0.68222 -0.27050
v 0.07295 -0.68222 -0.27050
v 0.07295 -0.68222 -0.27050
v 0.05105 -0.70107 0.06110
v 0.05105 -0.70107 0.06110
v 0.08159 -0.59664 -0.27253
v 0.08159 -0.59664 -0.27253
v 0.04535 -0.56956 -0.19580
v 0.04535 -0.56956 -0.19580
v 0.01713 -0.42563 -0.23083
v 0.01713 -0.42563 -0.23083
v 0.05909 -0.38124 -0.25340
v 0.03484 -0.38758 -0.22614
v 0.04215 -0.38354 -0.22296
v 0.04215 -0.38354 -0.22296
v 0.04215 -0.38354 -0.22296
v 0.05923 -0.12861 0.01980
v 0.05923 -0.12861 0.01980
v 0.08244 -0.11663 0.20267
v 0.08244 -0.11663 0.20267
v 0.04125 -0.10709 -0.23559
v 0.05446 -0.03022 0.09043
v 0.05446 -0.03022 0.09043
v 0.05446 -0.03022 0.09043
v 0.05446 -0.03022 0.09043
v 0.05446 -0.03022 0.09043
v 0.05446 -0.03022 0.09043
v 0.05446 -0.03022 0.09043
v 0.01272 -0.07172 0.10889
v 0.01272 -0.07172 0.10889
v 0.01272 -0.07172 0.10889
v 0.01272 -0.07172 0.10889
v 0.03815 0.24954 0.27435
v 0.03815 0.24954 0.27435
v 0.04290 0.36324 0.23163
v 0.04290 0.36324 0.23163
v 0.03932 0.47064 0.06397
v 0.07489 -0.75102 0.06957
v 0.04912 -0.66211 -0.27631
v 0.06542 -0.67959 -0.25964
v 0.05972 -0.52962 -0.25144
v 0.06247 -0.57053 0.03424
v 0.06247 -0.57053 0.03424
v 0.03607 -0.54576 0.06923
v 0.03545 -0.51445 0.07064
v 0.03545 -0.51445 0.07064
v 0.07115 -0.43543 -0.20700
v 0.10758 -0.43721 0.06705
v 0.10758 -0.43721 0.06705
v 0.10758 -0.43721 0.06705
v 0.03447 -0.31890 0.10526
v 0.03447 -0.31890 0.10526
v 0.03447 -0.31890 0.10526
v 0.03447 -0.31890 0.10526
v 0.03411 -0.01588 0.04670
v 0.03411 -0.01588 0.04670
v 0.03411 -0.01588 0.04670
v 0.03411 -0.01588 0.04670
v 0.04980 -0.00453 0.25628
v 0.04980 -0.00453 0.25628
v 0.03679 -0.00200 0.05138
v 0.03679 -0.00200 0.05138
v 0.03679 -0.00200 0.05138
v 0.03679 -0.00200 0.05138
v 0.03679 -0.00200 0.05138
v 0.04027 0.01729 0.06536
v 0.04027 0.01729 0.06536
v 0.04027 0.01729 0.06536
v 0.05639 0.01193 0.07772
v 0.05639 0.01193 0.07772
v 0.05639 0.01193 0.07772
v 0.05639 0.01193 0.07772
v 0.08506 0.03108 0.09988
v 0.05219 0.05987 0.32556
v 0.05219 0.05987 0.32556
v 0.06438 0.01702 -0.37404
v 0.06438 0.01702 -0.37404
v 0.03747 0.23786 0.29539
v 0.03747 0.23786 0.29539
v 0.07153 -0.54819 0.04280
v 0.07153 -0.54819 0.04280
v 0.07000 -0.44531 -0.23727
v 0.07000 -0.44531 -0.23727
v 0.07000 -0.44531 -0.23727
v 0.08052 -0.40581 0.08663
v 0.08052 -0.40581 0.08663
v 0.08052 -0.40581 0.08663
v 0.08052 -0.40581 0.08663
v 0.08052 -0.40581 0.08663
v 0.05417 -0.38638 0.09902
v 0.06815 -0.35245 -0.23795
v 0.08155 -0.35490 -0.26332
v 0.08155 -0.35490 -0.26332
v 0.07091 -0.32891 -0.22275
v 0.06093 -0.30564 -0.22944
v 0.06093 -0.30564 -0.22944
v 0.07094 -0.35483 -0.27711
v 0.07094 -0.35483 -0.27711
v 0.09455 -0.20593 -0.28925
v 0.05437 -0.20113 0.03223
v 0.05437 -0.20113 0.03223
v 0.08291 -0.18884 0.02109
v 0.08291 -0.18884 0.02109
v 0.07903 -0.04211 -0.12133
v 0.07903 -0.04211 -0.12133
v 0.08155 -0.02604 0.21361
v 0.06023 0.02429 0.14892
v 0.09091 0.08281 0.27281
v 0.03265 0.28838 0.22722
v 0.03265 0.28838 0.22722
v 0.08059 0.43306 0.19346
v 0.08059 0.43306 0.19346
v 0.08059 0.43306 0.19346
v 0.11223 -0.61199 -0.27892
v 0.09402 -0.61171 -0.11000
v 0.07806 -0.60299 0.00329
v 0.07806 -0.60299 0.00329
v 0.06087 -0.53548 0.07065
v 0.07097 -0.51519 0.08052
v 0.07097 -0.51519 0.08052
v 0.06821 -0.52035 -0.24965
v 0.06821 -0.52035 -0.24965
v 0.06821 -0.52035 -0.24965
v 0.07392 -0.49825 -0.20779
v 0.08333 -0.44243 -0.25176
v 0.08333 -0.44243 -0.25176
v 0.05610 -0.49258 -0.26620
v 0.13092 -0.43991 -0.20720
v 0.07697 -0.38740 -0.23563
v 0.07697 -0.38740 -0.23563
v 0.07710 -0.38737 -0.21729
v 0.07710 -0.38737 -0.21729
v 0.07710 -0.38737 -0.21729
v 0.07710 -0.38737 -0.21729
v 0.07156 -0.17881 0.06738
v 0.05534 -0.08610 0.19486
v 0.12153 0.02242 0.14896
v 0.04690 0.14051 0.26621
v 0.05607 0.28952 0.27438
v 0.05607 0.28952 0.27438
v 0.07368 0.27083 0.25095
v 0.07368 0.27083 0.25095
v 0.06279 0.32849 0.26845
v 0.09131 0.52934 0.01737
v 0.09131 0.52934 0.01737
v 0.06124 0.47230 0.14864
v 0.06124 0.47230 0.14864
v 0.08622 -0.80981 0.08180
v 0.08622 -0.80981 0.08180
v 0.08510 -0.66258 -0.28339
v 0.10347 -0.65533 -0.21681
v 0.10347 -0.65533 -0.21681
v 0.10347 -0.65533 -0.21681
v 0.07263 -0.56637 -0.25779
v 0.07263 -0.56637 -0.25779
v 0.12183 -0.60611 -0.01639
v 0.12183 -0.60611 -0.01639
v 0.05932 -0.49680 0.07846
v 0.05932 -0.49680 0.07846
v 0.08496 -0.53092 -0.27077
v 0.08496 -0.53092 -0.27077
v 0.11631 -0.38780 -0.20157
v 0.11631 -0.38780 -0.20157
v 0.11631 -0.38780 -0.20157
v 0.11631 -0.38780 -0.20157
v 0.07546 -0.33906 0.10672
v 0.05618 -0.33434 0.09884
v 0.08763 -0.29507 0.10930
v 0.08763 -0.29507 0.10930
v 0.08763 -0.29507 0.10930
v 0.06253 -0.12774 0.08503
v 0.03208 -0.08562 0.13461
v 0.03208 -0.08562 0.13461
v 0.03208 -0.08562 0.13461
v 0.03208 -0.08562 0.13461
v 0.09201 -0.07650 0.12474
v 0.09201 -0.07650 0.12474
v 0.09201 -0.07650 0.12474
v 0.09201 -0.07650 0.12474
v 0.09201 -0.07650 0.12474
v 0.05498 -0.09134 0.15129
v 0.05498 -0.09134 0.15129
v 0.11698 -0.06789 0.15469
v 0.07633 -0.00521 0.04299
v 0.07633 -0.00521 0.04299
v 0.07633 -0.00521 0.04299
v 0.07633 -0.00521 0.04299
v 0.08087 0.04321 0.27680
v 0.06927 0.05892 -0.29956
v 0.07603 0.05807 -0.33963
v 0.07603 0.05807 -0.33963
v 0.07603 0.05807 -0.33963
v 0.05959 0.19261 0.24725
v 0.12413 0.25911 -0.36575
v 0.05507 0.25048 0.28717
v 0.05507 0.25048 0.28717
v 0.05991 0.22846 0.28738
v 0.05991 0.22846 0.28738
v 0.06833 0.25777 0.29720
v 0.06833 0.25777 0.29720
v 0.07572 0.40295 -0.32044
v 0.07572 0.40295 -0.32044
v 0.11060 -0.41544 0.08575
v 0.11060 -0.41544 0.08575
v 0.09393 -0.38309 -0.26230
v 0.09393 -0.38309 -0.26230
v 0.08803 -0.38653 -0.19277
v 0.08803 -0.38653 -0.19277
v 0.05611 -0.30033 0.08583
v 0.05611 -0.30033 0.08583
v 0.05611 -0.30033 0.08583
v 0.13699 -0.25450 -0.25449
v 0.14292 -0.14528 0.10132
v 0.08587 -0.12480 -0.26064
v 0.08587 -0.12480 -0.26064
v 0.12020 -0.05716 0.11252
v 0.12020 -0.05716 0.11252
v 0.12020 -0.05716 0.11252
v 0.11729 -0.01750 0.07888
v 0.11729 -0.01750 0.07888
v 0.11729 -0.01750 0.07888
v 0.11729 -0.01750 0.07888
v 0.11729 -0.01750 0.07888
v 0.11729 -0.01750 0.07888
v 0.08039 0.01176 0.07348
v 0.08039 0.01176 0.07348
v 0.08039 0.01176 0.07348
v 0.08039 0.01176 0.07348
v 0.10450 0.13663 -0.33662
v 0.10450 0.13663 -0.33662
v 0.10731 0.17483 -0.35873
v 0.08457 0.29914 -0.35610
v 0.08603 0.35400 0.24515
v 0.08603 0.35400 0.24515
v 0.07499 0.35546 0.22067
v 0.07499 0.35546 0.22067
v 0.07780 0.41233 0.22940
v 0.06446 0.46840 -0.24498
v 0.12399 0.49285 -0.19654
v 0.10592 0.50124 0.08572
v 0.06443 0.55663 -0.15924
v 0.06443 0.55663 -0.15924
v 0.08217 0.57223 -0.14553
v 0.08217 0.57223 -0.14553
v 0.10861 -0.66661 0.05703
v 0.09309 -0.57082 0.05262
v 0.09011 -0.49491 0.06187
v 0.09011 -0.49491 0.06187
v 0.08242 -0.46709 0.09870
v 0.08085 -0.48275 -0.26103
v 0.08085 -0.48275 -0.26103
v 0.08085 -0.48275 -0.26103
v 0.08085 -0.48275 -0.26103
v 0.15438 -0.14924 -0.25776
v 0.15438 -0.14924 -0.25776
v 0.13417 -0.13822 -0.23048
v 0.13417 -0.13822 -0.23048
v 0.11631 -0.08771 -0.20263
v 0.13527 -0.08928 -0.17050
v 0.09862 -0.00873 0.11452
v 0.09862 -0.00873 0.11452
v 0.07738 0.03281 -0.26501
v 0.11291 0.09273 -0.32128
v 0.11291 0.09273 -0.32128
v 0.09440 0.17605 0.24565
v 0.10943 0.41780 0.21041
v 0.10943 0.41780 0.21041
v 0.08728 0.53836 -0.04817
v 0.08728 0.53836 -0.04817
v 0.09343 -0.67612 -0.24785
v 0.09343 -0.67612 -0.24785
v 0.09442 -0.67013 -0.25348
v 0.09442 -0.67013 -0.25348
v 0.10282 -0.67759 0.03492
v 0.10277 -0.58222 -0.18369
v 0.10277 -0.58222 -0.18369
v 0.08516 -0.60031 -0.15384
v 0.13020 -0.57923 0.01716
v 0.13020 -0.57923 0.01716
v 0.13020 -0.57923 0.01716
v 0.08470 -0.46193 -0.23793
v 0.08470 -0.46193 -0.23793
v 0.08470 -0.46193 -0.23793
v 0.08470 -0.46193 -0.23793
v 0.08686 -0.43076 -0.25859
v 0.08686 -0.43076 -0.25859
v 0.08686 -0.43076 -0.25859
v 0.10175 -0.38104 0.09167
v 0.08911 -0.29899 -0.21007
v 0.08911 -0.29899 -0.21007
v 0.14886 -0.25742 -0.27379
v 0.10911 -0.24271 0.12100
v 0.08871 -0.09065 0.19004
v 0.09518 0.05569 -0.29095
v 0.11664 0.06780 0.24847
v 0.11664 0.06780 0.24847
v 0.11392 0.13699 -0.34820
v 0.11392 0.13699 -0.34820
v 0.09405 0.21366 0.24142
v 0.09150 0.26728 0.27237
v 0.09150 0.26728 0.27237
v 0.08134 0.40945 0.22616
v 0.10187 0.47617 -0.21844
v 0.13030 0.49858 -0.16706
v 0.13030 0.49858 -0.16706
v 0.08432 0.52090 -0.01673
v 0.08656 0.59374 -0.13574
v 0.09129 0.58300 -0.10950
v 0.09129 0.58300 -0.10950
v 0.07472 0.65115 -0.15571
v 0.08790 0.64338 -0.18814
v 0.08790 0.64338 -0.18814
v 0.07058 0.66243 -0.15344
v 0.07058 0.66243 -0.15344
v 0.07058 0.66243 -0.15344
v 0.11545 -0.58630 0.04969
v 0.12485 -0.57170 -0.24516
v 0.11864 -0.45214 -0.22865
v 0.08961 -0.36799 -0.22438
v 0.10083 -0.34014 -0.26164
v 0.09673 -0.36265 -0.22437
v 0.12968 -0.21049 0.10660
v 0.12968 -0.21049 0.10660
v 0.10530 -0.17945 0.15276
v 0.10530 -0.17945 0.15276
v 0.15067 -0.10810 0.12419
v 0.15067 -0.10810 0.12419
v 0.15067 -0.10810 0.12419
v 0.18754 -0.03314 -0.12541
v 0.18754 -0.03314 -0.12541
v 0.10204 0.02051 0.24281
v 0.10204 0.02051 0.24281
v 0.10204 0.02051 0.24281
v 0.10247 0.08193 -0.34462
v 0.10247 0.08193 -0.34462
v 0.10247 0.08193 -0.34462
v 0.10247 0.08193 -0.34462
v 0.10163 0.22037 -0.36317
v 0.11324 0.26926 0.22705
v 0.11324 0.26926 0.22705
v 0.12062 0.31314 0.24547
v 0.12062 0.31314 0.24547
v 0.10486 0.32843 -0.34138
v 0.10896 0.44597 -0.27198
v 0.11236 0.57168 -0.05953
v 0.11236 0.57168 -0.05953
v 0.12470 0.54967 -0.03641
v 0.12470 0.54967 -0.03641
v 0.12470 0.54967 -0.03641
v 0.12470 0.54967 -0.03641
v 0.08061 0.58898 -0.08523
v 0.08061 0.58898 -0.08523
v 0.10826 0.69923 -0.15927
v 0.10826 0.69923 -0.15927
v 0.11381 -0.77936 0.05286
v 0.11381 -0.77936 0.05286
v 0.11047 -0.82122 -0.27516
v 0.11047 -0.82122 -0.27516
v 0.11495 -0.80211 -0.25714
v 0.09366 -0.55765 0.03736
v 0.12392 -0.50676 0.02750
v 0.12392 -0.50676 0.02750
v 0.11433 -0.42878 -0.23544
v 0.15872 -0.41613 -0.23939
v 0.15872 -0.41613 -0.23939
v 0.12155 -0.31216 -0.21182
v 0.12155 -0.31216 -0.21182
v 0.11496 -0.27186 0.08838
v 0.11496 -0.27186 0.08838
v 0.11496 -0.27186 0.08838
v 0.11496 -0.27186 0.08838
v 0.11496 -0.27186 0.08838
v 0.15182 -0.22573 0.07359
v 0.15182 -0.22573 0.07359
v 0.11104 -0.10340 0.00761
v 0.11104 -0.10340 0.00761
v 0.13343 -0.10614 -0.23128
v 0.11946 -0.09891 0.15993
v 0.11946 -0.09891 0.15993
v 0.11946 -0.09891 0.15993
v 0.11946 -0.09891 0.15993
v 0.12222 -0.03665 -0.12109
v 0.15228 -0.05023 -0.11468
v 0.15228 -0.05023 -0.11468
v 0.23521 0.03229 -0.25684
v 0.23521 0.03229 -0.25684
v 0.12009 0.06766 -0.34344
v 0.12009 0.06766 -0.34344
v 0.12009 0.06766 -0.34344
v 0.09582 0.09386 0.24409
v 0.09582 0.09386 0.24409
v 0.09582 0.09386 0.24409
v 0.10301 0.22159 0.27228
v 0.10301 0.22159 0.27228
v 0.09742 0.35601 0.23629
v 0.09742 0.35601 0.23629
v 0.09742 0.35601 0.23629
v 0.11187 0.39520 -0.31668
v 0.11187 0.39520 -0.31668
v 0.13055 0.50432 -0.17918
v 0.11087 0.55828 -0.17979
v 0.11087 0.55828 -0.17979
v 0.11087 0.55828 -0.17979
v 0.09464 0.57991 -0.15907
v 0.09464 0.57991 -0.15907
v 0.12388 0.61680 -0.09497
v 0.12388 0.61680 -0.09497
v 0.12444 -0.74100 -0.24484
v 0.15031 -0.68404 -0.19378
v 0.15031 -0.68404 -0.19378
v 0.13522 -0.49435 0.03749
v 0.13522 -0.49435 0.03749
v 0.14397 -0.45960 0.05927
v 0.14397 -0.45960 0.05927
v 0.13156 -0.43359 0.06468
v 0.13156 -0.43359 0.06468
v 0.12820 -0.35648 -0.24971
v 0.08475 -0.34922 0.07829
v 0.13736 -0.29609 0.08183
v 0.13736 -0.29609 0.08183
v 0.13736 -0.29609 0.08183
v 0.13952 -0.13776 0.05106
v 0.13316 -0.16522 0.12969
v 0.13316 -0.16522 0.12969
v 0.13316 -0.16522 0.12969
v 0.10252 0.04314 -0.35495
v 0.10252 0.04314 -0.35495
v 0.12165 0.03546 -0.31854
v 0.12165 0.03546 -0.31854
v 0.12165 0.03546 -0.31854
v 0.10503 0.07373 -0.32880
v 0.10503 0.07373 -0.32880
v 0.12439 0.08424 -0.33011
v 0.12439 0.08424 -0.33011
v 0.12090 0.12926 -0.33042
v 0.12136 0.14221 -0.34959
v 0.12136 0.14221 -0.34959
v 0.14709 0.18859 0.23988
v 0.14129 0.25464 0.22291
v 0.16078 0.32534 -0.34366
v 0.12384 0.29311 -0.34811
v 0.12511 0.39735 -0.31352
v 0.12511 0.39735 -0.31352
v 0.15426 0.49561 0.02295
v 0.15426 0.49561 0.02295
v 0.13275 0.58595 -0.06205
v 0.13275 0.58595 -0.06205
v 0.17964 -0.59795 -0.16318
v 0.17964 -0.59795 -0.16318
v 0.17964 -0.59795 -0.16318
v 0.14258 -0.41605 0.08181
v 0.14258 -0.41605 0.08181
v 0.12757 -0.37932 -0.17817
v 0.12757 -0.37932 -0.17817
v 0.16297 -0.32174 -0.21146
v 0.16297 -0.32174 -0.21146
v 0.16297 -0.32174 -0.21146
v 0.11545 -0.32109 -0.25008
v 0.17535 -0.32573 0.06676
v 0.17535 -0.32573 0.06676
v 0.15806 -0.12458 0.08351
v 0.14799 -0.10371 -0.22813
v 0.14799 -0.10371 -0.22813
v 0.11508 -0.11936 0.10093
v 0.15310 -0.06600 0.13992
v 0.15310 -0.06600 0.13992
v 0.13835 -0.00110 0.19219
v 0.18074 0.01676 0.20370
v 0.18074 0.01676 0.20370
v 0.14064 0.07346 0.20382
v 0.14064 0.07346 0.20382
v 0.12453 0.10955 0.20450
v 0.12453 0.10955 0.20450
v 0.14121 0.11573 0.23745
v 0.14121 0.11573 0.23745
v 0.17643 0.10812 -0.31707
v 0.18814 0.17277 0.24327
v 0.18814 0.17277 0.24327
v 0.18899 0.37675 -0.31948
v 0.18899 0.37675 -0.31948
v 0.11160 0.36658 0.15502
v 0.11160 0.36658 0.15502
v 0.12391 0.40694 0.12995
v 0.12391 0.40694 0.12995
v 0.15844 0.43822 0.15935
v 0.15844 0.43822 0.15935
v 0.13230 0.44403 -0.26492
v 0.12443 0.45397 -0.25112
v 0.13406 0.55602 -0.18287
v 0.12041 0.64069 -0.18593
v 0.13975 0.66819 -0.18278
v 0.15848 0.64582 -0.10525
v 0.15848 0.64582 -0.10525
v 0.13887 -0.65385 0.04303
v 0.13887 -0.65385 0.04303
v 0.13638 -0.63379 -0.04441
v 0.15362 -0.43688 -0.20185
v 0.15362 -0.43688 -0.20185
v 0.14888 -0.21606 0.08500
v 0.16708 -0.13177 -0.20396
v 0.13918 -0.07956 -0.02574
v 0.13918 -0.07956 -0.02574
v 0.13918 -0.07956 -0.02574
v 0.11982 -0.01054 -0.18923
v 0.11982 -0.01054 -0.18923
v 0.14639 0.00568 0.10726
v 0.14639 0.00568 0.10726
v 0.13053 0.02685 0.10676
v 0.17510 0.01899 -0.34323
v 0.17510 0.01899 -0.34323
v 0.15738 0.05405 -0.29322
v 0.15738 0.05405 -0.29322
v 0.13596 0.23136 -0.35898
v 0.13497 0.29348 -0.35630
v 0.13991 0.50506 0.06020
v 0.14731 0.53187 -0.16696
v 0.12338 -0.86662 -0.27008
v 0.12338 -0.86662 -0.27008
v 0.14853 -0.82295 -0.26571
v 0.15038 -0.79835 0.05776
v 0.15038 -0.79835 0.05776
v 0.15600 -0.70588 -0.21466
v 0.15600 -0.70588 -0.21466
v 0.15600 -0.70588 -0.21466
v 0.13316 -0.62756 -0.06709
v 0.19728 -0.66324 -0.07174
v 0.14272 -0.68499 0.01191
v 0.14272 -0.68499 0.01191
v 0.14402 -0.56168 0.02116
v 0.14828 -0.41259 -0.22233
v 0.13567 -0.31781 -0.24785
v 0.17233 -0.28511 0.07478
v 0.17233 -0.28511 0.07478
v 0.19905 -0.15439 -0.23344
v 0.19905 -0.15439 -0.23344
v 0.13658 -0.15260 0.00198
v 0.13658 -0.15260 0.00198
v 0.18279 -0.05381 0.15325
v 0.18279 -0.05381 0.15325
v 0.15020 -0.03964 0.13687
v 0.15020 -0.03964 0.13687
v 0.15020 -0.03964 0.13687
v 0.15020 -0.03964 0.13687
v 0.15020 -0.03964 0.13687
v 0.14646 0.04058 0.22022
v 0.14646 0.04058 0.22022
v 0.14490 0.09020 0.20039
v 0.14490 0.09020 0.20039
v 0.14751 0.21268 0.22444
v 0.15270 0.32864 0.20885
v 0.14858 0.33566 0.22638
v 0.16706 0.62161 -0.16820
v 0.16706 0.62161 -0.16820
v 0.14455 0.60280 -0.08086
v 0.14455 0.60280 -0.08086
v 0.15695 0.69106 -0.16114
v 0.15695 0.69106 -0.16114
v 0.15695 0.69106 -0.16114
v 0.14926 -0.87280 -0.26474
v 0.14926 -0.87280 -0.26474
v 0.17251 -0.72447 -0.21297
v 0.17251 -0.72447 -0.21297
v 0.17251 -0.72447 -0.21297
v 0.16578 -0.59333 -0.19973
v 0.16578 -0.59333 -0.19973
v 0.14421 -0.65893 -0.19290
v 0.16857 -0.66430 0.01148
v 0.15738 -0.49854 0.05136
v 0.15738 -0.49854 0.05136
v 0.15738 -0.49854 0.05136
v 0.15738 -0.49854 0.05136
v 0.15738 -0.49854 0.05136
v 0.14820 -0.47770 0.05453
v 0.14820 -0.47770 0.05453
v 0.18394 -0.39791 -0.17920
v 0.18394 -0.39791 -0.17920
v 0.16914 -0.36371 -0.21151
v 0.15910 -0.31950 0.10408
v 0.15910 -0.31950 0.10408
v 0.15155 -0.15149 0.10941
v 0.15155 -0.15149 0.10941
v 0.15155 -0.15149 0.10941
v 0.20719 -0.04385 0.02782
v 0.14466 0.11828 0.21705
v 0.14466 0.11828 0.21705
v 0.16982 0.21764 -0.34916
v 0.15600 0.36934 0.19955
v 0.15600 0.36934 0.19955
v 0.17593 0.35206 0.15967
v 0.14929 0.38471 0.13093
v 0.14929 0.38471 0.13093
v 0.17043 0.43474 -0.26549
v 0.16852 0.47298 -0.21318
v 0.17223 -0.56995 -0.21524
v 0.16223 -0.52688 0.03403
v 0.16012 -0.49055 0.10349
v 0.16012 -0.49055 0.10349
v 0.18377 -0.47507 0.12098
v 0.18377 -0.47507 0.12098
v 0.17063 -0.48411 -0.20412
v 0.17063 -0.48411 -0.20412
v 0.19456 -0.39961 0.06422
v 0.19456 -0.39961 0.06422
v 0.19456 -0.39961 0.06422
v 0.19456 -0.39961 0.06422
v 0.18815 -0.39430 -0.14623
v 0.18815 -0.39430 -0.14623
v 0.18815 -0.39430 -0.14623
v 0.14610 -0.38775 -0.17871
v 0.14610 -0.38775 -0.17871
v 0.14610 -0.38775 -0.17871
v 0.17840 -0.38586 0.05537
v 0.17840 -0.38586 0.05537
v 0.17840 -0.38586 0.05537
v 0.14924 -0.27391 -0.24646
v 0.14924 -0.27391 -0.24646
v 0.17504 -0.10909 -0.01265
v 0.17504 -0.10909 -0.01265
v 0.17504 -0.10909 -0.01265
v 0.15496 -0.13004 0.09005
v 0.17032 -0.01594 -0.34743
v 0.15235 -0.00004 -0.33326
v 0.15235 -0.00004 -0.33326
v 0.15021 0.06071 0.20663
v 0.15021 0.06071 0.20663
v 0.15587 0.06082 0.20660
v 0.15587 0.06082 0.20660
v 0.14279 0.16794 -0.35019
v 0.15343 0.24691 0.17752
v 0.15343 0.24691 0.17752
v 0.17983 0.26929 -0.34136
v 0.17081 0.27295 0.22483
v 0.17081 0.27295 0.22483
v 0.18021 0.45315 0.07912
v 0.14990 0.55279 -0.16895
v 0.14990 0.55279 -0.16895
v 0.15216 0.55987 -0.16985
v 0.15216 0.55987 -0.16985
v 0.16138 0.57168 -0.08392
v 0.16138 0.57168 -0.08392
v 0.17524 0.57317 -0.13827
v 0.17524 0.57317 -0.13827
v 0.17524 0.57317 -0.13827
v 0.17548 -0.68823 0.05121
v 0.15212 -0.67393 0.03058
v 0.17822 -0.67345 -0.18287
v 0.17822 -0.67345 -0.18287
v 0.17601 -0.66500 -0.20389
v 0.17601 -0.66500 -0.20389
v 0.18064 -0.63612 0.05827
v 0.19280 -0.67915 0.01155
v 0.15946 -0.53088 -0.23961
v 0.17614 -0.50723 -0.20171
v 0.16629 -0.55144 0.08060
v 0.15632 -0.41879 0.10735
v 0.15632 -0.41879 0.10735
v 0.15632 -0.41879 0.10735
v 0.15632 -0.41879 0.10735
v 0.16215 -0.37726 -0.18587
v 0.16215 -0.37726 -0.18587
v 0.15798 -0.27555 -0.23258
v 0.15544 -0.22934 -0.24505
v 0.16353 -0.18389 0.06122
v 0.16353 -0.18389 0.06122
v 0.21029 -0.06603 0.08208
v 0.20751 -0.04407 -0.08048
v 0.20751 -0.04407 -0.08048
v 0.16523 0.05259 0.20565
v 0.16825 0.14167 0.21847
v 0.16825 0.14167 0.21847
v 0.19208 0.34157 0.20041
v 0.19208 0.34157 0.20041
v 0.19208 0.34157 0.20041
v 0.16989 0.50139 -0.01451
v 0.16898 0.54609 -0.15407
v 0.16898 0.54609 -0.15407
v 0.16703 0.55427 -0.13250
v 0.16703 0.55427 -0.13250
v 0.16703 0.55427 -0.13250
v 0.15931 0.60400 -0.10832
v 0.15931 0.60400 -0.10832
v 0.18913 -0.88088 -0.25679
v 0.18913 -0.88088 -0.25679
v 0.18136 -0.82069 -0.24669
v 0.18136 -0.82069 -0.24669
v 0.17722 -0.58306 0.12940
v 0.17722 -0.58306 0.12940
v 0.17722 -0.58306 0.12940
v 0.17557 -0.45239 0.11950
v 0.17557 -0.45239 0.11950
v 0.17687 -0.46651 -0.20153
v 0.17687 -0.46651 -0.20153
v 0.18070 -0.27036 -0.23122
v 0.18070 -0.27036 -0.23122
v 0.17679 -0.26358 0.05902
v 0.17956 -0.21077 0.02979
v 0.17956 -0.21077 0.02979
v 0.17956 -0.21077 0.02979
v 0.16283 -0.12639 0.08732
v 0.16283 -0.12639 0.08732
v 0.16820 -0.10183 0.03012
v 0.17045 -0.08772 -0.20910
v 0.18861 -0.08867 -0.07471
v 0.18301 -0.00718 0.11893
v 0.18301 -0.00718 0.11893
v 0.18512 0.01680 0.13868
v 0.18512 0.01680 0.13868
v 0.15513 -0.00237 0.17521
v 0.17978 0.28495 0.20114
v 0.17978 0.28495 0.20114
v 0.17978 0.28495 0.20114
v 0.19524 0.30342 0.19016
v 0.18479 0.36241 0.19827
v 0.18479 0.36241 0.19827
v 0.18479 0.36241 0.19827
v 0.16849 0.43859 0.15820
v 0.16849 0.43859 0.15820
v 0.20238 0.43871 0.12176
v 0.16162 0.54227 -0.10426
v 0.16162 0.54227 -0.10426
v 0.16162 0.54227 -0.10426
v 0.16162 0.54227 -0.10426
v 0.17406 -0.69517 0.03904
v 0.17406 -0.69517 0.03904
v 0.19150 -0.72863 0.06729
v 0.19150 -0.72863 0.06729
v 0.18482 -0.53078 0.04141
v 0.18482 -0.53078 0.04141
v 0.18482 -0.53078 0.04141
v 0.17378 -0.47677 -0.22133
v 0.21510 -0.51102 0.00602
v 0.21510 -0.51102 0.00602
v 0.18847 -0.37849 -0.21307
v 0.20227 -0.32289 -0.18079
v 0.20227 -0.32289 -0.18079
v 0.18442 -0.28795 -0.25072
v 0.18442 -0.28795 -0.25072
v 0.19106 -0.17057 0.05088
v 0.19106 -0.17057 0.05088
v 0.19106 -0.17057 0.05088
v 0.19106 -0.17057 0.05088
v 0.21962 -0.10039 -0.17292
v 0.17852 -0.10332 0.05477
v 0.17852 -0.10332 0.05477
v 0.18848 -0.03077 -0.33695
v 0.18848 -0.03077 -0.33695
v 0.27245 0.01487 -0.23767
v 0.27245 0.01487 -0.23767
v 0.27245 0.01487 -0.23767
v 0.20488 0.05825 0.18933
v 0.18802 0.14645 -0.32736
v 0.20638 0.23003 0.19330
v 0.20638 0.23003 0.19330
v 0.19903 0.40393 0.15992
v 0.19903 0.40393 0.15992
v 0.19903 0.40393 0.15992
v 0.18467 0.46483 0.05283
v 0.18244 0.54912 -0.15036
v 0.18244 0.54912 -0.15036
v 0.17622 0.56433 -0.13199
v 0.17622 0.56433 -0.13199
v 0.17622 0.56433 -0.13199
v 0.17622 0.56433 -0.13199
v 0.18267 0.60006 -0.14318
v 0.18267 0.60006 -0.14318
v 0.21052 0.65898 -0.16190
v 0.21052 0.65898 -0.16190
v 0.17365 -0.78277 -0.25073
v 0.17365 -0.78277 -0.25073
v 0.19634 -0.76452 -0.22372
v 0.19634 -0.76452 -0.22372
v 0.18713 -0.68715 0.03397
v 0.18713 -0.68715 0.03397
v 0.20650 -0.58895 0.05744
v 0.20650 -0.58895 0.05744
v 0.20650 -0.58895 0.05744
v 0.20375 -0.50234 0.14498
v 0.18748 -0.46966 0.12732
v 0.19426 -0.38316 0.03162
v 0.19426 -0.38316 0.03162
v 0.19426 -0.38316 0.03162
v 0.20975 -0.35442 0.03668
v 0.20975 -0.35442 0.03668
v 0.20699 -0.15650 -0.22189
v 0.20699 -0.15650 -0.22189
v 0.18453 -0.04087 -0.34082
v 0.18453 -0.04087 -0.34082
v 0.20437 0.02253 0.16767
v 0.20437 0.02253 0.16767
v 0.18639 0.02982 0.20211
v 0.22505 0.14802 0.17662
v 0.22505 0.14802 0.17662
v 0.18588 0.53448 -0.15426
v 0.18588 0.53448 -0.15426
v 0.17412 0.55228 -0.14500
v 0.17992 0.55068 -0.13922
v 0.19030 0.57278 -0.10712
v 0.19030 0.57278 -0.10712
v 0.19030 0.57278 -0.10712
v 0.18915 -0.78934 -0.23763
v 0.18915 -0.78934 -0.23763
v 0.19458 -0.72602 0.07182
v 0.19458 -0.72602 0.07182
v 0.19965 -0.68345 0.07190
v 0.19965 -0.68345 0.07190
v 0.27360 -0.69301 -0.00418
v 0.27360 -0.69301 -0.00418
v 0.27360 -0.69301 -0.00418
v 0.27360 -0.69301 -0.00418
v 0.21524 -0.47439 -0.01242
v 0.21524 -0.47439 -0.01242
v 0.21524 -0.47439 -0.01242
v 0.18724 -0.42516 0.13686
v 0.18724 -0.42516 0.13686
v 0.22097 -0.36584 -0.13732
v 0.19034 -0.19943 0.05276
v 0.19034 -0.19943 0.05276
v 0.18765 -0.20168 -0.22660
v 0.19254 -0.13509 0.07646
v 0.19587 0.01051 0.13339
v 0.19587 0.01051 0.13339
v 0.24912 0.04484 0.17745
v 0.24912 0.04484 0.17745
v 0.24338 0.10303 -0.26543
v 0.24338 0.10303 -0.26543
v 0.19582 0.25771 0.23371
v 0.26251 0.47344 -0.03614
v 0.26251 0.47344 -0.03614
v 0.23534 0.46684 -0.16242
v 0.23534 0.46684 -0.16242
v 0.23534 0.46684 -0.16242
v 0.18402 0.54597 -0.14192
v 0.18402 0.54597 -0.14192
v 0.18532 0.69016 -0.14234
v 0.18532 0.69016 -0.14234
v 0.23063 -0.78199 -0.22967
v 0.23063 -0.78199 -0.22967
v 0.23965 -0.73577 -0.22148
v 0.23965 -0.73577 -0.22148
v 0.23965 -0.73577 -0.22148
v 0.21663 -0.61337 -0.13073
v 0.21663 -0.61337 -0.13073
v 0.21708 -0.44716 -0.16602
v 0.21708 -0.44716 -0.16602
v 0.21708 -0.44716 -0.16602
v 0.21373 -0.43035 0.10898
v 0.21373 -0.43035 0.10898
v 0.21354 -0.21323 0.01307
v 0.21354 -0.21323 0.01307
v 0.21354 -0.21323 0.01307
v 0.21354 -0.21323 0.01307
v 0.21354 -0.21323 0.01307
v 0.21211 -0.20483 0.04791
v 0.21211 -0.20483 0.04791
v 0.19819 -0.21204 0.04784
v 0.19819 -0.21204 0.04784
v 0.22509 -0.16625 -0.20021
v 0.21378 -0.17812 0.03332
v 0.21378 -0.17812 0.03332
v 0.21378 -0.17812 0.03332
v 0.20633 -0.14810 0.04826
v 0.26134 -0.08296 0.00725
v 0.26134 -0.08296 0.00725
v 0.21802 -0.07154 -0.18870
v 0.21802 -0.07154 -0.18870
v 0.20649 0.14907 -0.31950
v 0.20649 0.14907 -0.31950
v 0.20067 0.22247 0.24977
v 0.20067 0.22247 0.24977
v 0.22340 0.33689 -0.31227
v 0.23130 0.37985 -0.28957
v 0.23130 0.37985 -0.28957
v 0.21798 0.43637 -0.23242
v 0.21798 0.43637 -0.23242
v 0.21625 0.46398 0.03408
v 0.21625 0.46398 0.03408
v 0.19482 0.54382 -0.11524
v 0.19482 0.54382 -0.11524
v 0.20575 -0.84586 -0.24442
v 0.20575 -0.84586 -0.24442
v 0.21084 -0.73281 -0.19928
v 0.21084 -0.73281 -0.19928
v 0.25475 -0.62202 -0.16891
v 0.24208 -0.61317 0.11623
v 0.20134 -0.59867 0.15009
v 0.20134 -0.59867 0.15009
v 0.20953 -0.57787 0.15674
v 0.21702 -0.52282 0.16080
v 0.28198 -0.53516 -0.13476
v 0.28198 -0.53516 -0.13476
v 0.20831 -0.48662 0.12802
v 0.23343 -0.46260 -0.01529
v 0.23343 -0.46260 -0.01529
v 0.22639 -0.48496 0.15208
v 0.22639 -0.48496 0.15208
v 0.22249 -0.45139 -0.12790
v 0.22249 -0.45139 -0.12790
v 0.22249 -0.45139 -0.12790
v 0.22202 -0.40796 -0.15332
v 0.22202 -0.40796 -0.15332
v 0.22975 -0.35495 -0.12620
v 0.21883 -0.28104 0.01645
v 0.23989 -0.22434 -0.21287
v 0.23989 -0.22434 -0.21287
v 0.22757 -0.11003 -0.18839
v 0.20111 -0.07972 0.01765
v 0.22820 -0.04655 0.05790
v 0.23152 -0.04901 -0.08113
v 0.23152 -0.04901 -0.08113
v 0.23152 -0.04901 -0.08113
v 0.25321 -0.05010 -0.13724
v 0.25321 -0.05010 -0.13724
v 0.25321 -0.05010 -0.13724
v 0.25321 -0.05010 -0.13724
v 0.23493 0.02497 -0.31253
v 0.23493 0.02497 -0.31253
v 0.23493 0.02497 -0.31253
v 0.23493 0.02497 -0.31253
v 0.23493 0.02497 -0.31253
v 0.23493 0.02497 -0.31253
v 0.27962 0.02200 0.15425
v 0.27962 0.02200 0.15425
v 0.27962 0.02200 0.15425
v 0.22798 0.15998 0.19036
v 0.25860 0.19041 0.18282
v 0.25860 0.19041 0.18282
v 0.25860 0.19041 0.18282
v 0.25860 0.19041 0.18282
v 0.25860 0.19041 0.18282
v 0.25860 0.19041 0.18282
v 0.21242 0.30329 0.18136
v 0.22734 0.52585 -0.14392
v 0.22734 0.52585 -0.14392
v 0.22244 -0.79240 -0.22532
v 0.25566 -0.70344 -0.17976
v 0.25566 -0.70344 -0.17976
v 0.25566 -0.70344 -0.17976
v 0.22219 -0.70260 0.05075
v 0.22219 -0.70260 0.05075
v 0.22219 -0.70260 0.05075
v 0.27337 -0.61068 0.07887
v 0.27337 -0.61068 0.07887
v 0.27337 -0.61068 0.07887
v 0.23464 -0.50664 -0.21572
v 0.23476 -0.44677 -0.22631
v 0.23066 -0.40618 -0.13673
v 0.23703 -0.40795 -0.06207
v 0.22177 -0.41081 0.00233
v 0.22177 -0.41081 0.00233
v 0.22177 -0.41081 0.00233
v 0.24358 -0.36967 -0.05359
v 0.23366 -0.43787 -0.19807
v 0.25026 -0.33633 -0.02211
v 0.23182 -0.20101 -0.19488
v 0.23182 -0.20101 -0.19488
v 0.21451 -0.11764 0.01723
v 0.24540 -0.05864 -0.00394
v 0.23883 -0.04315 -0.02251
v 0.22854 0.02703 -0.28402
v 0.22854 0.02703 -0.28402
v 0.28736 0.23045 -0.29369
v 0.28736 0.23045 -0.29369
v 0.28736 0.23045 -0.29369
v 0.21261 0.42303 0.09890
v 0.27478 0.41037 0.05102
v 0.27478 0.41037 0.05102
v 0.27478 0.41037 0.05102
v 0.22544 0.54465 -0.10275
v 0.22544 0.54465 -0.10275
v 0.23463 -0.61180 -0.23072
v 0.23463 -0.61180 -0.23072
v 0.23463 -0.61180 -0.23072
v 0.23292 -0.61099 -0.21349
v 0.23292 -0.61099 -0.21349
v 0.23292 -0.61099 -0.21349
v 0.23576 -0.60775 -0.11664
v 0.23576 -0.60775 -0.11664
v 0.25955 -0.57536 0.15993
v 0.23000 -0.52394 0.14955
v 0.23159 -0.49869 0.12351
v 0.24217 -0.46718 -0.05397
v 0.24217 -0.46718 -0.05397
v 0.24217 -0.46718 -0.05397
v 0.27079 -0.42391 0.07209
v 0.27079 -0.42391 0.07209
v 0.22244 -0.30016 -0.18385
v 0.22244 -0.30016 -0.18385
v 0.22398 -0.10945 0.02994
v 0.23164 0.06589 0.17391
v 0.24368 0.09189 0.15109
v 0.22415 0.24033 0.13757
v 0.22415 0.24033 0.13757
v 0.23631 0.24441 0.16878
v 0.23631 0.24441 0.16878
v 0.23631 0.24441 0.16878
v 0.23631 0.24441 0.16878
v 0.23266 0.24522 0.21438
v 0.22082 0.31135 0.17691
v 0.24377 0.34001 0.15464
v 0.24377 0.34001 0.15464
v 0.24377 0.34001 0.15464
v 0.25211 0.38739 -0.25592
v 0.25211 0.38739 -0.25592
v 0.25211 0.38739 -0.25592
v 0.24816 -0.71206 0.07126
v 0.24816 -0.71206 0.07126
v 0.24846 -0.65281 0.07876
v 0.24846 -0.65281 0.07876
v 0.24277 -0.58710 -0.13554
v 0.24277 -0.58710 -0.13554
v 0.26870 -0.42436 0.01820
v 0.26870 -0.42436 0.01820
v 0.22028 -0.30417 -0.02489
v 0.22127 -0.27596 0.05209
v 0.22127 -0.27596 0.05209
v 0.24817 -0.21716 0.03678
v 0.24817 -0.21716 0.03678
v 0.25071 -0.20157 -0.19763
v 0.25071 -0.20157 -0.19763
v 0.25071 -0.20157 -0.19763
v 0.23131 -0.14868 -0.18414
v 0.23300 -0.13578 0.01705
v 0.23300 -0.13578 0.01705
v 0.23300 -0.13578 0.01705
v 0.25043 -0.08909 0.00308
v 0.26505 -0.03533 -0.04221
v 0.23814 0.23945 0.20391
v 0.23814 0.23945 0.20391
v 0.22458 0.38306 0.12709
v 0.22458 0.38306 0.12709
v 0.24585 0.53835 -0.10427
v 0.23393 -0.78455 0.01476
v 0.23393 -0.78455 0.01476
v 0.23393 -0.78455 0.01476
v 0.23393 -0.78455 0.01476
v 0.24291 -0.74439 -0.04702
v 0.24291 -0.74439 -0.04702
v 0.23414 -0.80933 -0.01985
v 0.23414 -0.80933 -0.01985
v 0.23597 -0.76281 -0.01529
v 0.23597 -0.76281 -0.01529
v 0.26590 -0.64640 -0.20865
v 0.26590 -0.64640 -0.20865
v 0.26590 -0.64640 -0.20865
v 0.26590 -0.64640 -0.20865
v 0.26590 -0.64640 -0.20865
v 0.26601 -0.61927 -0.23836
v 0.26601 -0.61927 -0.23836
v 0.26601 -0.61927 -0.23836
v 0.23513 -0.60225 0.14453
v 0.23513 -0.60225 0.14453
v 0.22867 -0.41549 -0.02260
v 0.22867 -0.41549 -0.02260
v 0.24652 -0.48352 0.12517
v 0.24652 -0.48352 0.12517
v 0.28160 -0.40766 0.03266
v 0.28160 -0.40766 0.03266
v 0.25170 -0.28097 -0.13485
v 0.25170 -0.28097 -0.13485
v 0.24405 -0.29696 -0.16202
v 0.22618 -0.25989 -0.17081
v 0.22618 -0.25989 -0.17081
v 0.22591 -0.23480 -0.15805
v 0.22591 -0.23480 -0.15805
v 0.22591 -0.23480 -0.15805
v 0.22591 -0.23480 -0.15805
v 0.25454 -0.25418 -0.02522
v 0.25454 -0.25418 -0.02522
v 0.25454 -0.25418 -0.02522
v 0.23823 -0.23922 0.04531
v 0.23823 -0.23922 0.04531
v 0.23855 -0.24417 -0.16032
v 0.23855 -0.24417 -0.16032
v 0.23855 -0.24417 -0.16032
v 0.23855 -0.24417 -0.16032
v 0.22331 -0.22519 -0.16642
v 0.22331 -0.22519 -0.16642
v 0.25449 -0.12753 -0.16991
v 0.25449 -0.12753 -0.16991
v 0.25449 -0.12753 -0.16991
v 0.23957 -0.10542 -0.17561
v 0.24083 -0.02037 -0.30972
v 0.24083 -0.02037 -0.30972
v 0.27672 0.12076 -0.26785
v 0.30355 0.14670 -0.25417
v 0.26549 0.19233 0.16319
v 0.26549 0.19233 0.16319
v 0.26549 0.19233 0.16319
v 0.26549 0.19233 0.16319
v 0.26077 0.22003 0.18958
v 0.26077 0.22003 0.18958
v 0.26077 0.22003 0.18958
v 0.26077 0.22003 0.18958
v 0.27906 0.25698 0.16013
v 0.27906 0.25698 0.16013
v 0.27681 0.44497 -0.15397
v 0.27681 0.44497 -0.15397
v 0.26143 0.50236 -0.14891
v 0.26143 0.50236 -0.14891
v 0.27920 0.52094 -0.10063
v 0.27920 0.52094 -0.10063
v 0.23776 -0.81736 0.00479
v 0.23776 -0.81736 0.00479
v 0.25241 -0.78806 0.04176
v 0.25241 -0.78806 0.04176
v 0.25241 -0.78806 0.04176
v 0.25241 -0.78806 0.04176
v 0.26094 -0.78173 -0.07595
v 0.26094 -0.78173 -0.07595
v 0.25323 -0.78594 0.00603
v 0.25323 -0.78594 0.00603
v 0.25323 -0.78594 0.00603
v 0.25323 -0.78594 0.00603
v 0.24294 -0.74681 -0.01739
v 0.24294 -0.74681 -0.01739
v 0.24642 -0.76155 0.00938
v 0.25138 -0.69854 0.01492
v 0.24773 -0.73916 0.05104
v 0.24773 -0.73916 0.05104
v 0.26662 -0.72199 -0.21923
v 0.26662 -0.72199 -0.21923
v 0.26662 -0.72199 -0.21923
v 0.26590 -0.50423 0.12009
v 0.26590 -0.50423 0.12009
v 0.24674 -0.45790 -0.03139
v 0.24674 -0.45790 -0.03139
v 0.24957 -0.43704 -0.09777
v 0.25522 -0.43107 -0.00886
v 0.25522 -0.43107 -0.00886
v 0.25713 -0.33936 -0.19348
v 0.25713 -0.33936 -0.19348
v 0.25130 -0.41772 -0.05707
v 0.25250 -0.41349 -0.09747
v 0.24927 -0.37170 -0.16918
v 0.24972 -0.30923 -0.10268
v 0.24972 -0.30923 -0.10268
v 0.26629 -0.29944 -0.07881
v 0.26629 -0.29944 -0.07881
v 0.26629 -0.29944 -0.07881
v 0.26828 -0.29071 -0.05554
v 0.26828 -0.29071 -0.05554
v 0.29093 -0.25111 0.02355
v 0.29093 -0.25111 0.02355
v 0.26369 -0.15256 0.02589
v 0.26369 -0.15256 0.02589
v 0.26369 -0.15256 0.02589
v 0.29918 0.01070 -0.00018
v 0.29918 0.01070 -0.00018
v 0.24984 0.02898 -0.25037
v 0.24984 0.02898 -0.25037
v 0.28218 0.30605 0.13402
v 0.28218 0.30605 0.13402
v 0.28218 0.30605 0.13402
v 0.28218 0.30605 0.13402
v 0.25113 0.36129 0.12698
v 0.25113 0.36129 0.12698
v 0.25710 -0.89031 -0.14218
v 0.25710 -0.89031 -0.14218
v 0.26243 -0.94047 -0.15243
v 0.26243 -0.94047 -0.15243
v 0.26243 -0.94047 -0.15243
v 0.23881 -0.93255 -0.08098
v 0.23881 -0.93255 -0.08098
v 0.27724 -0.86125 -0.12209
v 0.27724 -0.86125 -0.12209
v 0.25955 -0.94066 -0.02614
v 0.28974 -0.75553 -0.07790
v 0.28974 -0.75553 -0.07790
v 0.27293 -0.71049 -0.02260
v 0.27293 -0.71049 -0.02260
v 0.27293 -0.71049 -0.02260
v 0.25253 -0.70592 0.09361
v 0.28099 -0.62412 0.05824
v 0.28099 -0.62412 0.05824
v 0.29712 -0.57800 0.01694
v 0.29712 -0.57800 0.01694
v 0.29712 -0.57800 0.01694
v 0.25870 -0.46302 -0.00918
v 0.25870 -0.46302 -0.00918
v 0.26971 -0.47016 0.10654
v 0.26023 -0.41951 -0.00433
v 0.26023 -0.41951 -0.00433
v 0.26023 -0.41951 -0.00433
v 0.24785 -0.41898 -0.09184
v 0.25733 -0.34478 -0.16353
v 0.25733 -0.34478 -0.16353
v 0.25670 -0.29955 -0.18539
v 0.25670 -0.29955 -0.18539
v 0.27356 -0.24547 -0.16493
v 0.27356 -0.24547 -0.16493
v 0.27356 -0.24547 -0.16493
v 0.25958 -0.24348 -0.14854
v 0.25958 -0.24348 -0.14854
v 0.26567 -0.11243 -0.00358
v 0.28444 -0.09828 -0.10643
v 0.28444 -0.09828 -0.10643
v 0.26422 0.08089 0.15587
v 0.26422 0.08089 0.15587
v 0.26235 0.18997 -0.28770
v 0.28696 0.23310 -0.28228
v 0.28696 0.23310 -0.28228
v 0.28696 0.23310 -0.28228
v 0.27303 -0.94412 -0.02885
v 0.27303 -0.94412 -0.02885
v 0.29601 -0.92559 -0.16544
v 0.29601 -0.92559 -0.16544
v 0.25445 -0.86826 -0.07398
v 0.26701 -0.85772 -0.09691
v 0.26701 -0.85772 -0.09691
v 0.26701 -0.85772 -0.09691
v 0.25393 -0.83761 -0.04678
v 0.25393 -0.83761 -0.04678
v 0.25842 -0.86513 -0.04920
v 0.26385 -0.79418 -0.06605
v 0.26385 -0.79418 -0.06605
v 0.26273 -0.77468 -0.22607
v 0.26273 -0.77468 -0.22607
v 0.31127 -0.68505 0.11619
v 0.31127 -0.68505 0.11619
v 0.26296 -0.58956 -0.09068
v 0.26296 -0.58956 -0.09068
v 0.26296 -0.58956 -0.09068
v 0.26296 -0.58956 -0.09068
v 0.28016 -0.54018 -0.01687
v 0.28016 -0.54018 -0.01687
v 0.28188 -0.44077 -0.19285
v 0.28188 -0.44077 -0.19285
v 0.26795 -0.46119 -0.17639
v 0.28647 -0.33787 -0.14039
v 0.28647 -0.33787 -0.14039
v 0.29008 -0.21637 -0.12518
v 0.29008 -0.21637 -0.12518
v 0.29008 -0.21637 -0.12518
v 0.27466 -0.25039 -0.18704
v 0.27466 -0.25039 -0.18704
v 0.27466 -0.25039 -0.18704
v 0.27125 -0.16175 -0.17331
v 0.27125 -0.16175 -0.17331
v 0.27125 -0.16175 -0.17331
v 0.28368 -0.10544 -0.03843
v 0.28368 -0.10544 -0.03843
v 0.28368 -0.10544 -0.03843
v 0.29370 -0.00613 0.09001
v 0.29370 -0.00613 0.09001
v 0.30376 0.05568 -0.22437
v 0.27032 0.09946 -0.24908
v 0.27032 0.09946 -0.24908
v 0.28003 0.29676 0.15142
v 0.28003 0.29676 0.15142
v 0.28003 0.29676 0.15142
v 0.30298 0.33467 -0.26439
v 0.30298 0.33467 -0.26439
v 0.31333 0.44042 -0.08757
v 0.31333 0.44042 -0.08757
v 0.26564 -0.94057 -0.01988
v 0.26564 -0.94057 -0.01988
v 0.26857 -0.88266 -0.00458
v 0.26857 -0.88266 -0.00458
v 0.27575 -0.94135 0.00747
v 0.27575 -0.94135 0.00747
v 0.28273 -0.85223 0.00084
v 0.28273 -0.85223 0.00084
v 0.28273 -0.85223 0.00084
v 0.27956 -0.79898 -0.06356
v 0.27956 -0.79898 -0.06356
v 0.30313 -0.79888 0.04257
v 0.30313 -0.79888 0.04257
v 0.30313 -0.79888 0.04257
v 0.30313 -0.79888 0.04257
v 0.29086 -0.78653 0.02973
v 0.29086 -0.78653 0.02973
v 0.29086 -0.78653 0.02973
v 0.29086 -0.78653 0.02973
v 0.29086 -0.78653 0.02973
v 0.30001 -0.75572 0.05593
v 0.30001 -0.75572 0.05593
v 0.30001 -0.75572 0.05593
v 0.27094 -0.67189 -0.21183
v 0.27094 -0.67189 -0.21183
v 0.27094 -0.67189 -0.21183
v 0.27094 -0.67189 -0.21183
v 0.30860 -0.55949 -0.05818
v 0.30011 -0.44390 -0.14417
v 0.30011 -0.44390 -0.14417
v 0.29109 -0.31312 -0.14618
v 0.29109 -0.31312 -0.14618
v 0.29109 -0.31312 -0.14618
v 0.29109 -0.31312 -0.14618
v 0.31698 -0.20060 0.02229
v 0.31698 -0.20060 0.02229
v 0.31698 -0.20060 0.02229
v 0.31698 -0.20060 0.02229
v 0.28252 -0.20768 0.03805
v 0.28069 -0.11829 -0.10584
v 0.28069 -0.11829 -0.10584
v 0.29242 -0.02051 -0.14124
v 0.30764 0.02365 0.01850
v 0.30764 0.02365 0.01850
v 0.28651 0.34472 0.11538
v 0.28651 0.34472 0.11538
v 0.26444 -0.87919 0.00681
v 0.27696 -0.90868 0.07381
v 0.27696 -0.90868 0.07381
v 0.30544 -0.83546 -0.00279
v 0.30544 -0.83546 -0.00279
v 0.30544 -0.83546 -0.00279
v 0.30544 -0.83546 -0.00279
v 0.30712 -0.66111 -0.20213
v 0.30712 -0.66111 -0.20213
v 0.30712 -0.66111 -0.20213
v 0.30712 -0.66111 -0.20213
v 0.30712 -0.66111 -0.20213
v 0.30712 -0.66111 -0.20213
v 0.28280 -0.60945 0.09107
v 0.28719 -0.59961 -0.10494
v 0.28719 -0.59961 -0.10494
v 0.29636 -0.58396 -0.07209
v 0.29636 -0.58396 -0.07209
v 0.29455 -0.57574 -0.04710
v 0.29455 -0.57574 -0.04710
v 0.29455 -0.57574 -0.04710
v 0.29455 -0.57574 -0.04710
v 0.29984 -0.54346 0.11943
v 0.29984 -0.54346 0.11943
v 0.29771 -0.53624 -0.08255
v 0.29286 -0.47740 0.07399
v 0.29286 -0.47740 0.07399
v 0.33854 -0.14588 -0.04185
v 0.33854 -0.14588 -0.04185
v 0.33854 -0.14588 -0.04185
v 0.28835 0.18152 0.17479
v 0.28835 0.18152 0.17479
v 0.31312 0.19544 -0.26795
v 0.31312 0.19544 -0.26795
v 0.29512 0.26048 -0.28931
v 0.29512 0.26048 -0.28931
v 0.28120 0.48279 -0.15442
v 0.28120 0.48279 -0.15442
v 0.29512 -0.95000 0.08408
v 0.29512 -0.95000 0.08408
v 0.29342 -0.85508 -0.13614
v 0.29342 -0.85508 -0.13614
v 0.29342 -0.85508 -0.13614
v 0.32122 -0.84994 0.01592
v 0.32122 -0.84994 0.01592
v 0.32122 -0.84994 0.01592
v 0.32122 -0.84994 0.01592
v 0.32122 -0.84994 0.01592
v 0.32122 -0.84994 0.01592
v 0.28066 -0.84667 -0.10916
v 0.31441 -0.79795 -0.06076
v 0.31441 -0.79795 -0.06076
v 0.28679 -0.74367 -0.17836
v 0.28679 -0.74367 -0.17836
v 0.28679 -0.74367 -0.17836
v 0.28679 -0.74367 -0.17836
v 0.28189 -0.72579 -0.20352
v 0.28189 -0.72579 -0.20352
v 0.30164 -0.65194 -0.01641
v 0.30164 -0.65194 -0.01641
v 0.31721 -0.58900 0.10526
v 0.31721 -0.58900 0.10526
v 0.29373 -0.56634 0.13190
v 0.29373 -0.56634 0.13190
v 0.29373 -0.56634 0.13190
v 0.29311 -0.51621 0.11376
v 0.29311 -0.51621 0.11376
v 0.28644 -0.50588 0.10759
v 0.28644 -0.50588 0.10759
v 0.28644 -0.50588 0.10759
v 0.28597 -0.49255 0.10238
v 0.28597 -0.49255 0.10238
v 0.27989 -0.44997 0.02579
v 0.29660 -0.46303 0.04485
v 0.27514 -0.42591 0.03822
v 0.27514 -0.42591 0.03822
v 0.30608 -0.47559 -0.17317
v 0.28954 -0.38163 -0.12766
v 0.31593 -0.37021 -0.04959
v 0.31593 -0.37021 -0.04959
v 0.33622 -0.25967 -0.00915
v 0.33622 -0.25967 -0.00915
v 0.29959 -0.22372 0.04689
v 0.29463 -0.14163 -0.13961
v 0.29463 -0.14163 -0.13961
v 0.29463 -0.14163 -0.13961
v 0.29974 -0.02375 -0.12130
v 0.28790 0.10977 -0.25556
v 0.28093 0.17362 0.12607
v 0.28093 0.17362 0.12607
v 0.30229 0.16853 0.15998
v 0.30229 0.16853 0.15998
v 0.27119 0.38495 0.06079
v 0.27119 0.38495 0.06079
v 0.31014 0.37889 0.02786
v 0.31014 0.37889 0.02786
v 0.34043 0.36810 -0.16069
v 0.34043 0.36810 -0.16069
v 0.30011 0.49383 -0.13186
v 0.30011 0.49383 -0.13186
v 0.32521 -0.94440 -0.07571
v 0.28945 -0.75119 -0.18706
v 0.28945 -0.75119 -0.18706
v 0.28945 -0.75119 -0.18706
v 0.29171 -0.75227 -0.18014
v 0.29171 -0.75227 -0.18014
v 0.29871 -0.72960 0.09212
v 0.29871 -0.72960 0.09212
v 0.29611 -0.71723 -0.16180
v 0.30802 -0.69153 -0.14290
v 0.30802 -0.69153 -0.14290
v 0.30802 -0.69153 -0.14290
v 0.30972 -0.61306 -0.19489
v 0.30972 -0.61306 -0.19489
v 0.30972 -0.61306 -0.19489
v 0.30972 -0.61306 -0.19489
v 0.31275 -0.53840 -0.18639
v 0.31275 -0.53840 -0.18639
v 0.31275 -0.53840 -0.18639
v 0.31275 -0.53840 -0.18639
v 0.29737 -0.60662 -0.06035
v 0.31562 -0.53791 -0.16771
v 0.31562 -0.53791 -0.16771
v 0.31562 -0.53791 -0.16771
v 0.31281 -0.56207 -0.09926
v 0.29622 -0.48274 0.05574
v 0.30054 -0.29941 0.01053
v 0.30054 -0.29941 0.01053
v 0.29381 -0.28383 -0.14663
v 0.29381 -0.28383 -0.14663
v 0.30423 -0.20240 -0.15596
v 0.30423 -0.20240 -0.15596
v 0.30423 -0.20240 -0.15596
v 0.30423 -0.20240 -0.15596
v 0.30423 -0.20240 -0.15596
v 0.30423 -0.20240 -0.15596
v 0.30423 -0.20240 -0.15596
v 0.30423 -0.20240 -0.15596
v 0.30282 0.00760 -0.01748
v 0.32370 -0.02843 -0.25064
v 0.32370 -0.02843 -0.25064
v 0.29670 -0.03309 -0.24239
v 0.29670 -0.03309 -0.24239
v 0.29670 -0.03309 -0.24239
v 0.32303 -0.00660 -0.18287
v 0.32303 -0.00660 -0.18287
v 0.31746 0.09285 -0.22947
v 0.31746 0.09285 -0.22947
v 0.28886 0.11468 0.09310
v 0.28886 0.11468 0.09310
v 0.29834 0.28826 0.11831
v 0.29834 0.28826 0.11831
v 0.32849 0.49283 -0.09568
v 0.32849 0.49283 -0.09568
v 0.32849 0.49283 -0.09568
v 0.31074 -0.94427 -0.00267
v 0.30582 -0.89497 0.10023
v 0.30582 -0.89497 0.10023
v 0.32137 -0.87665 0.06850
v 0.32455 -0.85714 -0.01535
v 0.32455 -0.85714 -0.01535
v 0.32455 -0.85714 -0.01535
v 0.32455 -0.85714 -0.01535
v 0.33724 -0.85319 0.00621
v 0.33724 -0.85319 0.00621
v 0.33724 -0.85319 0.00621
v 0.33724 -0.85319 0.00621
v 0.33724 -0.85319 0.00621
v 0.33724 -0.85319 0.00621
v 0.33724 -0.85319 0.00621
v 0.32969 -0.82275 -0.09138
v 0.32969 -0.82275 -0.09138
v 0.30602 -0.72914 -0.15854
v 0.30602 -0.72914 -0.15854
v 0.32633 -0.72402 -0.03048
v 0.32633 -0.72402 -0.03048
v 0.32040 -0.64385 0.03114
v 0.32040 -0.64385 0.03114
v 0.37042 -0.71350 -0.10543
v 0.37042 -0.71350 -0.10543
v 0.33294 -0.58596 0.05593
v 0.33294 -0.58596 0.05593
v 0.33454 -0.54982 -0.02671
v 0.33454 -0.54982 -0.02671
v 0.31944 -0.20339 0.00175
v 0.31944 -0.20339 0.00175
v 0.30267 0.04115 -0.02455
v 0.30267 0.04115 -0.02455
v 0.30267 0.04115 -0.02455
v 0.29360 0.08343 0.00007
v 0.29360 0.08343 0.00007
v 0.29360 0.08343 0.00007
v 0.31256 0.07288 0.02637
v 0.31256 0.07288 0.02637
v 0.31256 0.07288 0.02637
v 0.31256 0.07288 0.02637
v 0.29922 0.08749 0.10630
v 0.29922 0.08749 0.10630
v 0.30439 0.08413 0.16163
v 0.30439 0.08413 0.16163
v 0.30439 0.08413 0.16163
v 0.29940 0.25844 -0.27695
v 0.29978 0.23576 0.12834
v 0.29687 0.35649 0.09753
v 0.29687 0.35649 0.09753
v 0.33160 0.31717 0.06725
v 0.33160 0.31717 0.06725
v 0.33160 0.31717 0.06725
v 0.33160 0.31717 0.06725
v 0.37430 -0.94448 -0.03228
v 0.37430 -0.94448 -0.03228
v 0.32009 -0.93961 0.13538
v 0.32009 -0.93961 0.13538
v 0.32009 -0.93961 0.13538
v 0.35839 -0.86776 0.02321
v 0.35839 -0.86776 0.02321
v 0.32323 -0.86858 -0.13085
v 0.32323 -0.86858 -0.13085
v 0.32323 -0.86858 -0.13085
v 0.31892 -0.85472 -0.11045
v 0.31892 -0.85472 -0.11045
v 0.30986 -0.69600 -0.19437
v 0.30986 -0.69600 -0.19437
v 0.30427 -0.70462 -0.20772
v 0.30427 -0.70462 -0.20772
v 0.33561 -0.70950 0.01785
v 0.34491 -0.66103 -0.08192
v 0.34491 -0.66103 -0.08192
v 0.31966 -0.62258 0.01499
v 0.32782 -0.67747 0.05934
v 0.33671 -0.62330 -0.05678
v 0.33671 -0.62330 -0.05678
v 0.32606 -0.57943 -0.05013
v 0.32606 -0.57943 -0.05013
v 0.32873 -0.55538 0.10239
v 0.31671 -0.49850 0.07001
v 0.32096 -0.50523 -0.13360
v 0.32096 -0.50523 -0.13360
v 0.32807 -0.13644 -0.05561
v 0.32807 -0.13644 -0.05561
v 0.32807 -0.13644 -0.05561
v 0.32990 -0.15218 -0.07388
v 0.32990 -0.15218 -0.07388
v 0.33863 -0.02766 -0.12224
v 0.33863 -0.02766 -0.12224
v 0.33863 -0.02766 -0.12224
v 0.34610 -0.00014 -0.10225
v 0.34610 -0.00014 -0.10225
v 0.35766 -0.00865 -0.01438
v 0.35766 -0.00865 -0.01438
v 0.31103 -0.00155 0.08977
v 0.31103 -0.00155 0.08977
v 0.31103 -0.00155 0.08977
v 0.30923 -0.02489 0.12357
v 0.32217 0.17562 0.10778
v 0.30492 0.26542 -0.26570
v 0.31154 0.23137 0.11822
v 0.33045 0.24762 0.09339
v 0.31231 0.36812 0.03725
v 0.32082 -0.94267 0.03559
v 0.33221 -0.88996 0.04633
v 0.33929 -0.88449 -0.12233
v 0.33929 -0.88449 -0.12233
v 0.31235 -0.62254 0.03983
v 0.33713 -0.61606 -0.09153
v 0.33713 -0.61606 -0.09153
v 0.32872 -0.57798 -0.17232
v 0.32872 -0.57798 -0.17232
v 0.32872 -0.57798 -0.17232
v 0.32872 -0.57798 -0.17232
v 0.33132 -0.53719 0.07456
v 0.31760 -0.19760 -0.12508
v 0.31760 -0.19760 -0.12508
v 0.31760 -0.19760 -0.12508
v 0.31760 -0.19760 -0.12508
v 0.31760 -0.19760 -0.12508
v 0.31760 -0.19760 -0.12508
v 0.32465 -0.04471 0.13328
v 0.32465 -0.04471 0.13328
v 0.32465 -0.04471 0.13328
v 0.32465 -0.04471 0.13328
v 0.31901 -0.01069 0.12530
v 0.31901 -0.01069 0.12530
v 0.32732 -0.03083 0.05765
v 0.32732 -0.03083 0.05765
v 0.32732 -0.03083 0.05765
v 0.35875 0.06962 -0.15396
v 0.31869 0.08590 0.12687
v 0.31869 0.08590 0.12687
v 0.31869 0.08590 0.12687
v 0.32054 0.08024 0.04861
v 0.35022 0.37212 -0.02347
v 0.35022 0.37212 -0.02347
v 0.32749 0.40866 -0.06592
v 0.32749 0.40866 -0.06592
v 0.32749 0.40866 -0.06592
v 0.32749 0.40866 -0.06592
v 0.36345 0.44472 -0.12955
v 0.36345 0.44472 -0.12955
v 0.34619 -0.94245 0.07728
v 0.34619 -0.94245 0.07728
v 0.36029 -0.93049 -0.11448
v 0.36029 -0.93049 -0.11448
v 0.36029 -0.93049 -0.11448
v 0.35956 -0.90310 -0.11308
v 0.35956 -0.90310 -0.11308
v 0.35956 -0.90310 -0.11308
v 0.35956 -0.90310 -0.11308
v 0.34170 -0.90189 0.07131
v 0.33270 -0.81210 -0.06258
v 0.33270 -0.81210 -0.06258
v 0.33270 -0.81210 -0.06258
v 0.34521 -0.77741 0.02677
v 0.34521 -0.77741 0.02677
v 0.33762 -0.74265 -0.13352
v 0.33762 -0.74265 -0.13352
v 0.31854 -0.63683 -0.04701
v 0.31854 -0.63683 -0.04701
v 0.31854 -0.63683 -0.04701
v 0.34785 -0.63459 -0.03310
v 0.34785 -0.63459 -0.03310
v 0.34743 -0.57683 -0.17178
v 0.34743 -0.57683 -0.17178
v 0.34743 -0.57683 -0.17178
v 0.34743 -0.57683 -0.17178
v 0.34743 -0.57683 -0.17178
v 0.33130 -0.22297 -0.16187
v 0.33130 -0.22297 -0.16187
v 0.34262 -0.21442 -0.13645
v 0.34262 -0.21442 -0.13645
v 0.34262 -0.21442 -0.13645
v 0.34262 -0.21442 -0.13645
v 0.34262 -0.21442 -0.13645
v 0.34262 -0.21442 -0.13645
v 0.34262 -0.21442 -0.13645
v 0.33962 -0.19081 -0.12034
v 0.33962 -0.19081 -0.12034
v 0.33962 -0.19081 -0.12034
v 0.33962 -0.19081 -0.12034
v 0.34445 -0.15215 -0.07572
v 0.34445 -0.15215 -0.07572
v 0.32047 -0.05623 -0.22723
v 0.32047 -0.05623 -0.22723
v 0.32474 -0.07515 -0.21708
v 0.32474 -0.07515 -0.21708
v 0.32474 -0.07515 -0.21708
v 0.32474 -0.07515 -0.21708
v 0.32474 -0.07515 -0.21708
v 0.32673 -0.04508 0.11937
v 0.32673 -0.04508 0.11937
v 0.32673 -0.04508 0.11937
v 0.32673 -0.04508 0.11937
v 0.36256 -0.07249 -0.21832
v 0.36256 -0.07249 -0.21832
v 0.36256 -0.07249 -0.21832
v 0.35834 -0.07590 -0.25149
v 0.35834 -0.07590 -0.25149
v 0.36079 0.08865 -0.02927
v 0.36079 0.08865 -0.02927
v 0.32952 0.21206 0.09111
v 0.34515 0.33943 0.00805
v 0.34515 0.33943 0.00805
v 0.34515 0.33943 0.00805
v 0.36011 -0.85684 -0.04026
v 0.32962 -0.81788 -0.01184
v 0.32962 -0.81788 -0.01184
v 0.32962 -0.81788 -0.01184
v 0.34296 -0.75924 -0.02911
v 0.34296 -0.75924 -0.02911
v 0.34248 -0.64755 -0.04050
v 0.34248 -0.64755 -0.04050
v 0.34248 -0.64755 -0.04050
v 0.33208 -0.58454 -0.17349
v 0.33208 -0.58454 -0.17349
v 0.39231 -0.40312 -0.09059
v 0.34823 -0.26307 -0.05251
v 0.32065 -0.20356 -0.10265
v 0.32065 -0.20356 -0.10265
v 0.34339 -0.20120 -0.04168
v 0.34339 -0.20120 -0.04168
v 0.34949 -0.20319 -0.01941
v 0.34949 -0.20319 -0.01941
v 0.32037 -0.08131 0.11812
v 0.32037 -0.08131 0.11812
v 0.35776 -0.09939 -0.20222
v 0.35776 -0.09939 -0.20222
v 0.35776 -0.09939 -0.20222
v 0.33747 0.06505 0.07067
v 0.34637 0.05464 0.04580
v 0.34637 0.05464 0.04580
v 0.33576 0.11759 -0.20904
v 0.36332 0.25479 0.02444
v 0.33748 0.32886 0.06053
v 0.33748 0.32886 0.06053
v 0.36377 -0.88920 -0.08034
v 0.36377 -0.88920 -0.08034
v 0.34098 -0.85520 -0.02361
v 0.34098 -0.85520 -0.02361
v 0.34098 -0.85520 -0.02361
v 0.34098 -0.85520 -0.02361
v 0.34440 -0.84494 -0.02907
v 0.33440 -0.80935 -0.04915
v 0.33440 -0.80935 -0.04915
v 0.36217 -0.76199 -0.00607
v 0.35118 -0.45875 -0.00315
v 0.35118 -0.45875 -0.00315
v 0.33126 -0.42751 0.00830
v 0.33126 -0.42751 0.00830
v 0.34355 -0.37160 0.01108
v 0.34355 -0.37160 0.01108
v 0.34355 -0.37160 0.01108
v 0.34804 -0.22465 -0.11218
v 0.34804 -0.22465 -0.11218
v 0.33883 -0.20211 -0.07872
v 0.38434 -0.09927 -0.16415
v 0.38434 -0.09927 -0.16415
v 0.35110 -0.02358 0.06566
v 0.35110 -0.02358 0.06566
v 0.35467 0.10664 -0.19553
v 0.33119 0.14809 0.07917
v 0.36062 0.14639 -0.19261
v 0.34089 0.20450 0.06280
v 0.34585 0.40462 -0.03432
v 0.34585 0.40462 -0.03432
v 0.34585 0.40462 -0.03432
v 0.34585 0.40462 -0.03432
v 0.33464 0.40373 -0.04814
v 0.33464 0.40373 -0.04814
v 0.37597 0.41710 -0.15397
v 0.37597 0.41710 -0.15397
v 0.36180 0.42853 -0.10449
v 0.36180 0.42853 -0.10449
v 0.36180 0.42853 -0.10449
v 0.36985 -0.94273 -0.04810
v 0.36985 -0.94273 -0.04810
v 0.34395 -0.66576 -0.03682
v 0.35206 -0.67357 -0.04516
v 0.35206 -0.67357 -0.04516
v 0.35206 -0.67357 -0.04516
v 0.37461 -0.40659 0.06679
v 0.37461 -0.40659 0.06679
v 0.36588 -0.19515 -0.06975
v 0.36588 -0.19515 -0.06975
v 0.36588 -0.19515 -0.06975
v 0.35845 -0.17906 -0.04456
v 0.38112 -0.20792 -0.05464
v 0.38112 -0.20792 -0.05464
v 0.38112 -0.20792 -0.05464
v 0.36138 0.04453 -0.06887
v 0.34701 0.15021 0.01852
v 0.34701 0.15021 0.01852
v 0.34471 0.17208 0.05034
v 0.35781 0.17286 0.04349
v 0.35846 0.30566 0.00404
v 0.35414 0.41455 -0.03409
v 0.35414 0.41455 -0.03409
v 0.36500 -0.89217 0.06612
v 0.36500 -0.89217 0.06612
v 0.36067 -0.67727 -0.05503
v 0.36067 -0.67727 -0.05503
v 0.37386 -0.66222 -0.02757
v 0.37386 -0.66222 -0.02757
v 0.37580 -0.66916 -0.04937
v 0.37580 -0.66916 -0.04937
v 0.38291 -0.33592 -0.00848
v 0.38291 -0.33592 -0.00848
v 0.38379 -0.30522 -0.08681
v 0.38379 -0.30522 -0.08681
v 0.36676 0.07553 -0.15832
v 0.38357 0.10634 0.02177
v 0.38357 0.10634 0.02177
v 0.37827 0.26810 -0.14742
v 0.37827 0.26810 -0.14742
v 0.37827 0.26810 -0.14742
v 0.36933 0.31107 -0.01951
v 0.36105 0.34403 -0.03575
v 0.38751 -0.93537 0.06104
v 0.38751 -0.93537 0.06104
v 0.38751 -0.93537 0.06104
v 0.39234 -0.76275 -0.10196
v 0.39234 -0.76275 -0.10196
v 0.34559 -0.76372 -0.10375
v 0.34559 -0.76372 -0.10375
v 0.39337 -0.74006 -0.07251
v 0.39337 -0.74006 -0.07251
v 0.37400 -0.46293 0.02790
v 0.38862 -0.23889 -0.06619
v 0.38862 -0.23889 -0.06619
v 0.38171 -0.07574 -0.11990
v 0.38171 -0.07574 -0.11990
v 0.35757 -0.05660 -0.12046
v 0.35757 -0.05660 -0.12046
v 0.38392 -0.06236 -0.15941
v 0.41148 0.01562 -0.07404
v 0.41148 0.01562 -0.07404
v 0.36701 0.08206 -0.06804
v 0.36701 0.08206 -0.06804
v 0.37086 0.19686 0.00787
v 0.38369 0.27431 0.01187
v 0.37956 0.35825 -0.04474
v 0.37956 0.35825 -0.04474
v 0.37956 0.35825 -0.04474
v 0.36354 0.39830 -0.05060
v 0.36354 0.39830 -0.05060
v 0.38644 -0.90687 0.09831
v 0.38644 -0.90687 0.09831
v 0.36811 -0.77603 -0.10944
v 0.36811 -0.77603 -0.10944
v 0.37341 -0.47683 -0.02447
v 0.37341 -0.47683 -0.02447
v 0.37341 -0.47683 -0.02447
v 0.38764 -0.45663 -0.05523
v 0.38326 -0.37246 0.03467
v 0.37798 -0.12085 -0.18476
v 0.37798 -0.12085 -0.18476
v 0.40689 0.01198 -0.10272
v 0.40689 0.01198 -0.10272
v 0.40575 -0.06281 -0.08709
v 0.40575 -0.06281 -0.08709
v 0.40575 -0.06281 -0.08709
v 0.35975 0.04452 -0.11683
v 0.35975 0.04452 -0.11683
v 0.37790 0.11119 -0.13005
v 0.37790 0.11119 -0.13005
v 0.42671 0.10816 -0.05500
v 0.40155 0.20794 -0.14401
v 0.39814 0.26347 -0.02278
v 0.37220 0.41725 -0.05538
v 0.37220 0.41725 -0.05538
v 0.37952 -0.93795 -0.02791
v 0.37994 -0.90652 0.10888
v 0.37994 -0.90652 0.10888
v 0.39645 -0.90051 -0.05479
v 0.39645 -0.90051 -0.05479
v 0.39885 -0.87783 -0.00256
v 0.37581 -0.49270 0.03537
v 0.37581 -0.49270 0.03537
v 0.37581 -0.49270 0.03537
v 0.37581 -0.49270 0.03537
v 0.40228 -0.48943 0.08818
v 0.40228 -0.48943 0.08818
v 0.40228 -0.48943 0.08818
v 0.40228 -0.48943 0.08818
v 0.40340 -0.42447 0.10244
v 0.40340 -0.42447 0.10244
v 0.40220 -0.32186 -0.03424
v 0.40220 -0.32186 -0.03424
v 0.40220 -0.32186 -0.03424
v 0.42496 -0.35330 -0.06142
v 0.42496 -0.35330 -0.06142
v 0.39260 -0.12728 -0.20427
v 0.39260 -0.12728 -0.20427
v 0.38559 0.03756 -0.10158
v 0.38559 0.03756 -0.10158
v 0.38559 0.03756 -0.10158
v 0.38559 0.03756 -0.10158
v 0.39839 0.03150 -0.03449
v 0.35191 0.16791 -0.01009
v 0.35191 0.16791 -0.01009
v 0.35191 0.16791 -0.01009
v 0.35191 0.16791 -0.01009
v 0.38049 0.17130 -0.05065
v 0.38049 0.17130 -0.05065
v 0.43395 0.25396 -0.18301
v 0.43395 0.25396 -0.18301
v 0.39360 0.44897 -0.08139
v 0.39360 0.44897 -0.08139
v 0.39776 -0.92863 -0.05645
v 0.39776 -0.92863 -0.05645
v 0.43724 -0.92658 0.05163
v 0.43724 -0.92658 0.05163
v 0.43724 -0.92658 0.05163
v 0.39353 -0.80684 -0.08964
v 0.39353 -0.80684 -0.08964
v 0.39353 -0.80684 -0.08964
v 0.39704 -0.79464 -0.08475
v 0.39704 -0.79464 -0.08475
v 0.41466 -0.47335 -0.04455
v 0.41466 -0.47335 -0.04455
v 0.42514 -0.37195 0.05923
v 0.39383 -0.07716 -0.11422
v 0.39383 -0.07716 -0.11422
v 0.39383 -0.07716 -0.11422
v 0.39383 -0.07716 -0.11422
v 0.38958 0.14127 0.02280
v 0.37650 0.16116 -0.07638
v 0.37650 0.16116 -0.07638
v 0.38804 0.12543 -0.10985
v 0.38804 0.12543 -0.10985
v 0.38804 0.12543 -0.10985
v 0.46079 0.16839 -0.03387
v 0.46079 0.16839 -0.03387
v 0.38711 0.29744 -0.05410
v 0.37737 0.34423 -0.11062
v 0.37737 0.34423 -0.11062
v 0.39207 0.33326 -0.09744
v 0.39801 0.35328 -0.08895
v 0.39801 0.35328 -0.08895
v 0.46289 0.30813 -0.16941
v 0.40058 0.42063 -0.04039
v 0.40058 0.42063 -0.04039
v 0.38166 0.42280 -0.13372
v 0.38166 0.42280 -0.13372
v 0.38166 0.42280 -0.13372
v 0.38166 0.42280 -0.13372
v 0.42270 0.43896 -0.13219
v 0.42270 0.43896 -0.13219
v 0.42349 -0.91853 0.07863
v 0.42349 -0.91853 0.07863
v 0.40934 -0.49349 -0.00362
v 0.41474 -0.38839 0.08585
v 0.41474 -0.38839 0.08585
v 0.41875 -0.06243 -0.11133
v 0.41875 -0.06243 -0.11133
v 0.41875 -0.06243 -0.11133
v 0.41056 0.05412 -0.04993
v 0.40058 0.20071 -0.09329
v 0.38359 0.26838 -0.11010
v 0.38359 0.26838 -0.11010
v 0.38359 0.26838 -0.11010
v 0.45805 0.21623 -0.15855
v 0.45403 -0.93337 0.02810
v 0.45403 -0.93337 0.02810
v 0.42515 -0.94305 0.08141
v 0.42515 -0.94305 0.08141
v 0.40754 -0.92473 -0.04085
v 0.40317 -0.53137 0.06774
v 0.40317 -0.53137 0.06774
v 0.42616 -0.44467 -0.07061
v 0.41845 -0.13637 -0.15513
v 0.41845 -0.13637 -0.15513
v 0.43157 -0.10308 -0.12077
v 0.43157 -0.10308 -0.12077
v 0.43157 -0.10308 -0.12077
v 0.43339 -0.09870 -0.13975
v 0.43718 0.00624 -0.03649
v 0.43718 0.00624 -0.03649
v 0.43824 0.07164 -0.11177
v 0.42261 0.35233 -0.11184
v 0.42261 0.35233 -0.11184
v 0.44805 -0.39501 0.09926
v 0.44805 -0.39501 0.09926
v 0.45822 -0.40890 -0.05888
v 0.45822 -0.40890 -0.05888
v 0.45822 -0.40890 -0.05888
v 0.45822 -0.40890 -0.05888
v 0.44204 -0.34113 -0.00423
v 0.48013 0.14161 -0.02164
v 0.48013 0.14161 -0.02164
v 0.42026 0.37011 -0.09124
v 0.42026 0.37011 -0.09124
v 0.43302 -0.92409 -0.00975
v 0.43302 -0.92409 -0.00975
v 0.43852 -0.91494 0.02013
v 0.43852 -0.91494 0.02013
v 0.44160 -0.51637 0.01685
v 0.45808 -0.44293 -0.04894
v 0.45808 -0.44293 -0.04894
v 0.45808 -0.44293 -0.04894
v 0.44069 -0.17099 -0.14260
v 0.44069 -0.17099 -0.14260
v 0.46772 0.02813 -0.04639
v 0.46772 0.02813 -0.04639
v 0.46772 0.02813 -0.04639
v 0.44896 0.04829 -0.09121
v 0.44896 0.04829 -0.09121
v 0.43500 0.38586 -0.06388
v 0.43500 0.38586 -0.06388
v 0.41060 0.38183 -0.12762
v 0.41060 0.38183 -0.12762
v 0.41060 0.38183 -0.12762
v 0.42159 0.39777 -0.12162
v 0.45717 -0.51128 0.02580
v 0.43147 -0.49066 0.11982
v 0.43147 -0.49066 0.11982
v 0.45549 -0.53780 0.07630
v 0.43177 -0.45935 0.13117
v 0.43177 -0.45935 0.13117
v 0.48193 -0.37341 0.03114
v 0.48193 -0.37341 0.03114
v 0.42614 0.34209 -0.11404
v 0.42614 0.34209 -0.11404
v 0.47134 0.43554 -0.02285
v 0.45990 0.47235 -0.03177
v 0.45990 0.47235 -0.03177
v 0.46102 0.45015 -0.11900
v 0.46102 0.45015 -0.11900
v 0.43492 -0.13878 -0.13904
v 0.44080 -0.10129 -0.09135
v 0.44080 -0.10129 -0.09135
v 0.50475 0.15080 -0.10666
v 0.50475 0.15080 -0.10666
v 0.45183 0.12042 -0.05015
v 0.50668 0.17877 -0.07629
v 0.50414 0.24009 -0.10824
v 0.50414 0.24009 -0.10824
v 0.44208 0.35055 -0.13205
v 0.44208 0.35055 -0.13205
v 0.46776 0.31075 -0.13896
v 0.46776 0.31075 -0.13896
v 0.46776 0.31075 -0.13896
v 0.46776 0.31075 -0.13896
v 0.43715 0.39480 -0.09507
v 0.44957 0.50402 -0.07914
v 0.44957 0.50402 -0.07914
v 0.44589 -0.52082 0.12041
v 0.44589 -0.52082 0.12041
v 0.43796 -0.49042 0.13622
v 0.43796 -0.49042 0.13622
v 0.43796 -0.49042 0.13622
v 0.48891 -0.48049 -0.00762
v 0.48891 -0.48049 -0.00762
v 0.48891 -0.48049 -0.00762
v 0.48891 -0.48049 -0.00762
v 0.46261 0.21507 -0.13586
v 0.46261 0.21507 -0.13586
v 0.45601 -0.46791 0.12529
v 0.45601 -0.46791 0.12529
v 0.45601 -0.46791 0.12529
v 0.47880 -0.41332 0.13164
v 0.47880 -0.41332 0.13164
v 0.47880 -0.41332 0.13164
v 0.47880 -0.41332 0.13164
v 0.45624 -0.35863 -0.01812
v 0.45624 -0.35863 -0.01812
v 0.45624 -0.35863 -0.01812
v 0.45624 -0.35863 -0.01812
v 0.47163 0.25072 -0.20920
v 0.46400 -0.53332 0.15361
v 0.46400 -0.53332 0.15361
v 0.46400 -0.53332 0.15361
v 0.48549 0.21518 -0.20441
v 0.48549 0.21518 -0.20441
v 0.48803 0.28617 -0.13997
v 0.48803 0.28617 -0.13997
v 0.48291 -0.53230 0.08247
v 0.47195 -0.52793 0.09120
v 0.47795 -0.49319 0.03125
v 0.47795 -0.49319 0.03125
v 0.45564 -0.48974 0.15281
v 0.45564 -0.48974 0.15281
v 0.45564 -0.48974 0.15281
v 0.45564 -0.48974 0.15281
v 0.46758 -0.45693 -0.01483
v 0.49225 -0.42222 -0.00966
v 0.46609 -0.39165 -0.05708
v 0.46609 -0.39165 -0.05708
v 0.52784 0.15517 -0.06196
v 0.52784 0.15517 -0.06196
v 0.49767 0.42025 -0.10723
v 0.51091 0.40000 -0.06112
v 0.51091 0.40000 -0.06112
v 0.47950 0.45643 -0.03849
v 0.47950 0.45643 -0.03849
v 0.47978 -0.54642 0.11285
v 0.50748 -0.55693 0.12213
v 0.51829 -0.51160 0.04820
v 0.51829 -0.51160 0.04820
v 0.48069 -0.48888 0.17585
v 0.48069 -0.48888 0.17585
v 0.48069 -0.48888 0.17585
v 0.49500 -0.43780 0.11833
v 0.49500 -0.43780 0.11833
v 0.47680 -0.38082 0.05520
v 0.48197 -0.39407 -0.02027
v 0.49828 0.13651 -0.07174
v 0.48384 0.24515 -0.18916
v 0.48384 0.24515 -0.18916
v 0.50301 0.18234 -0.14534
v 0.50301 0.18234 -0.14534
v 0.50301 0.18234 -0.14534
v 0.50105 0.27208 -0.16823
v 0.50105 0.27208 -0.16823
v 0.50937 0.45163 -0.08390
v 0.50937 0.45163 -0.08390
v 0.50937 0.45163 -0.08390
v 0.50937 0.45163 -0.08390
v 0.46831 0.45427 -0.09602
v 0.46831 0.45427 -0.09602
v 0.51154 -0.56082 0.15492
v 0.51154 -0.56082 0.15492
v 0.51154 -0.56082 0.15492
v 0.52816 0.07902 -0.07543
v 0.52816 0.07902 -0.07543
v 0.52688 -0.46192 0.01202
v 0.52688 -0.46192 0.01202
v 0.49682 -0.43691 -0.00674
v 0.51447 -0.42228 0.00418
v 0.49817 -0.40887 0.00605
v 0.49998 -0.39965 0.05024
v 0.49998 -0.39965 0.05024
v 0.51233 -0.40956 0.11169
v 0.51233 -0.40956 0.11169
v 0.55122 0.13432 -0.10736
v 0.54284 0.17380 -0.06090
v 0.54284 0.17380 -0.06090
v 0.49092 0.21528 -0.17830
v 0.49092 0.21528 -0.17830
v 0.49092 0.21528 -0.17830
v 0.50575 -0.55010 0.21605
v 0.50575 -0.55010 0.21605
v 0.50575 -0.55010 0.21605
v 0.51083 -0.46900 0.03061
v 0.51083 -0.46900 0.03061
v 0.52370 0.07879 -0.08540
v 0.52370 0.07879 -0.08540
v 0.50336 0.18400 -0.15333
v 0.50336 0.18400 -0.15333
v 0.52821 -0.56522 0.11828
v 0.51601 -0.46128 0.15966
v 0.51601 -0.46128 0.15966
v 0.51406 -0.54759 0.24126
v 0.51406 -0.54759 0.24126
v 0.51143 -0.58923 0.26385
v 0.51143 -0.58923 0.26385
v 0.52379 -0.56981 0.29695
v 0.52379 -0.56981 0.29695
v 0.52611 -0.59172 0.19447
v 0.52611 -0.59172 0.19447
v 0.53024 -0.56985 0.13436
v 0.53024 -0.56985 0.13436
v 0.55515 -0.54144 0.07196
v 0.55515 -0.54144 0.07196
v 0.51924 -0.44558 0.03528
v 0.52396 -0.42004 0.06773
v 0.52396 -0.42004 0.06773
v 0.52042 -0.41589 0.02882
v 0.52042 -0.41589 0.02882
v 0.52042 -0.41589 0.02882
v 0.52042 -0.41589 0.02882
v 0.52107 0.09364 -0.07230
v 0.52107 0.09364 -0.07230
v 0.56875 0.21165 -0.18240
v 0.56875 0.21165 -0.18240
v 0.54277 0.18101 -0.16459
v 0.54277 0.18101 -0.16459
v 0.53559 0.23106 -0.12089
v 0.53559 0.23106 -0.12089
v 0.53559 0.23106 -0.12089
v 0.53559 0.23106 -0.12089
v 0.52419 0.24789 -0.10948
v 0.52419 0.24789 -0.10948
v 0.51748 0.25655 -0.16987
v 0.52763 0.24177 -0.15899
v 0.52204 -0.53694 0.28932
v 0.52204 -0.53694 0.28932
v 0.54644 -0.54034 0.32176
v 0.54644 -0.54034 0.32176
v 0.54644 -0.54034 0.32176
v 0.52505 -0.41262 0.05637
v 0.52505 -0.41262 0.05637
v 0.51956 -0.43756 0.01648
v 0.51956 -0.43756 0.01648
v 0.56018 0.13308 -0.09039
v 0.56018 0.13308 -0.09039
v 0.55465 0.16671 -0.13813
v 0.55465 0.16671 -0.13813
v 0.57214 0.16712 -0.12091
v 0.57214 0.16712 -0.12091
v 0.57214 0.16712 -0.12091
v 0.57214 0.16712 -0.12091
v 0.58802 0.20746 -0.14588
v 0.53592 -0.54744 0.24032
v 0.54719 -0.52914 0.20539
v 0.56217 -0.50662 0.27958
v 0.56217 -0.50662 0.27958
v 0.56217 -0.50662 0.27958
v 0.54834 -0.47269 0.05712
v 0.54834 -0.47269 0.05712
v 0.56041 -0.56571 0.21165
v 0.56041 -0.56571 0.21165
v 0.56041 -0.56571 0.21165
v 0.56733 -0.54553 0.22868
v 0.56733 -0.54553 0.22868
v 0.59517 -0.40540 0.10200
v 0.59517 -0.40540 0.10200
v 0.55860 0.16316 -0.05940
v 0.55860 0.16316 -0.05940
v 0.56438 -0.55113 0.26828
v 0.56438 -0.55113 0.26828
v 0.56438 -0.55113 0.26828
v 0.55603 -0.52403 0.08078
v 0.55603 -0.52403 0.08078
v 0.56437 -0.48883 0.16839
v 0.56437 -0.48883 0.16839
v 0.57157 -0.41612 0.15133
v 0.57157 -0.41612 0.15133
v 0.57157 -0.41612 0.15133
v 0.62201 0.18451 -0.09908
v 0.62201 0.18451 -0.09908
v 0.62201 0.18451 -0.09908
v 0.62201 0.18451 -0.09908
v 0.62201 0.18451 -0.09908
v 0.58978 -0.44920 0.15530
v 0.58978 -0.44920 0.15530
v 0.58978 -0.44920 0.15530
v 0.61556 -0.44243 0.11498
v 0.61533 -0.53471 0.18170
v 0.61533 -0.53471 0.18170
v 0.61533 -0.53471 0.18170
v 0.58083 -0.54770 0.25937
v 0.58083 -0.54770 0.25937
v 0.58083 -0.54770 0.25937
v 0.59362 -0.59877 0.25361
v 0.59749 -0.48708 0.17521
v 0.59749 -0.48708 0.17521
v 0.61881 -0.60505 0.24596
v 0.59289 -0.54738 0.31296
v 0.59289 -0.54738 0.31296
v 0.59289 -0.54738 0.31296
v 0.62361 -0.53873 0.24587
v 0.62361 -0.53873 0.24587
v 0.62878 -0.52482 0.15933
v 0.62878 -0.52482 0.15933
v 0.60467 -0.48010 0.12772
v 0.61000 -0.43077 0.20755
v 0.61000 -0.43077 0.20755
v 0.61118 -0.37801 0.20316
v 0.61118 -0.37801 0.20316
v 0.60868 0.20118 -0.13081
v 0.62837 -0.54331 0.27325
v 0.65557 -0.50717 0.19172
v 0.65557 -0.50717 0.19172
v 0.60096 -0.39013 0.21825
v 0.62706 0.14723 -0.15698
v 0.62706 0.14723 -0.15698
v 0.63638 0.19100 -0.16089
v 0.63638 0.19100 -0.16089
v 0.67550 0.18664 -0.09788
v 0.67550 0.18664 -0.09788
v 0.67550 0.18664 -0.09788
v 0.60896 -0.49241 0.32217
v 0.60896 -0.49241 0.32217
v 0.63778 -0.55331 0.32488
v 0.63778 -0.55331 0.32488
v 0.64184 -0.54276 0.34698
v 0.64184 -0.54276 0.34698
v 0.64184 -0.54276 0.34698
v 0.63359 -0.40520 0.27281
v 0.63359 -0.40520 0.27281
v 0.64481 -0.36678 0.25642
v 0.64481 -0.36678 0.25642
v 0.64481 -0.36678 0.25642
v 0.64144 -0.41260 0.18101
v 0.64144 -0.41260 0.18101
v 0.67295 0.11436 -0.10966
v 0.67226 0.15283 -0.10411
v 0.69022 0.14843 -0.13781
v 0.69022 0.14843 -0.13781
v 0.69022 0.14843 -0.13781
v 0.69568 -0.53244 0.23546
v 0.69568 -0.53244 0.23546
v 0.69568 -0.53244 0.23546
v 0.69826 0.19822 -0.15076
v 0.69826 0.19822 -0.15076
v 0.69826 0.19822 -0.15076
v 0.68548 -0.51121 0.27004
v 0.67812 -0.47789 0.26281
v 0.67812 -0.47789 0.26281
v 0.67812 -0.47789 0.26281
v 0.69266 -0.51399 0.27248
v 0.69266 -0.51399 0.27248
v 0.69266 -0.51399 0.27248
v 0.67127 -0.47958 0.29604
v 0.67127 -0.47958 0.29604
v 0.69389 -0.46881 0.29339
v 0.69389 -0.46881 0.29339
vt 0.74658 0.04926
vt 0.43018 0.10693
vt 0.83325 0.14640
vt 0.75560 0.05029
vt 0.81299 0.10506
vt 0.18511 0.07568
vt 0.83222 0.15870
vt 0.01925 0.28857
vt 0.75953 0.03951
vt 0.43992 0.10041
vt 0.82377 0.11084
vt 0.04639 0.03867
vt 0.45291 0.09450
vt 0.05938 0.04932
vt 0.85599 0.15882
vt 0.84878 0.16719
vt 0.03284 0.28008
vt 0.54691 0.06833
vt 0.30216 0.06885
vt 0.60889 0.04911
vt 0.83610 0.15743
vt 0.54053 0.07178
vt 0.30560 0.06345
vt 0.15771 0.06575
vt 0.24968 0.34872
vt 0.82972 0.15399
vt 0.55665 0.07153
vt 0.84585 0.15424
vt 0.26383 0.35488
vt 0.81885 0.16015
vt 0.25452 0.35313
vt 0.83686 0.09998
vt 0.05948 0.04621
vt 0.85610 0.16379
vt 0.02286 0.28349
vt 0.17017 0.07764
vt 0.25279 0.36118
vt 0.82964 0.16502
vt 0.05226 0.28225
vt 0.17899 0.08772
vt 0.64209 0.01709
vt 0.54346 0.09814
vt 0.96860 0.09846
vt 0.15771 0.09014
vt 0.66435 0.22213
vt 0.45166 0.22409
vt 0.98988 0.10088
vt 0.16832 0.09814
vt 0.97927 0.10889
vt 0.15772 0.08495
vt 0.56473 0.09155
vt 0.66435 0.21695
vt 0.45166 0.21890
vt 0.98988 0.09569
vt 0.89443 0.02751
vt 0.19955 0.06701
vt 0.01057 0.28487
vt 0.88818 0.02434
vt 0.18213 0.07018
vt 0.22463 0.36337
vt 0.61475 0.22412
vt 0.07373 0.10303
vt 0.50127 0.22607
vt 0.11916 0.14209
vt 0.35303 0.01544
vt 0.18994 0.14209
vt 0.82925 0.16864
vt 0.03426 0.36989
vt 0.88982 0.03467
vt 0.08406 0.09685
vt 0.49094 0.21990
vt 0.36752 0.03067
vt 0.02393 0.36371
vt 0.00342 0.28027
vt 0.62264 0.05117
vt 0.57712 0.10537
vt 0.35781 0.02100
vt 0.19550 0.13954
vt 0.83403 0.17119
vt 0.98389 0.07820
vt 0.03981 0.36511
vt 0.28955 0.06271
vt 0.62149 0.05518
vt 0.17376 0.06544
vt 0.55689 0.10937
vt 0.55265 0.05766
vt 0.84184 0.16811
vt 0.64945 0.01577
vt 0.96729 0.09111
vt 0.65062 0.02002
vt 0.54639 0.08838
vt 0.97154 0.08994
vt 0.02553 0.34702
vt 0.00502 0.27677
vt 0.17499 0.07374
vt 0.25604 0.36600
vt 0.55127 0.11768
vt 0.22135 0.13947
vt 0.83421 0.16928
vt 0.04753 0.27799
vt 0.26346 0.37198
vt 0.81974 0.17725
vt 0.23389 0.12842
vt 0.49336 0.90171
vt 0.96987 0.09289
vt 0.17673 0.09438
vt 0.97086 0.10512
vt 0.98702 0.10212
vt 0.63799 0.21853
vt 0.09698 0.09743
vt 0.47802 0.22048
vt 0.05370 0.35011
vt 0.03319 0.27492
vt 0.70195 0.01514
vt 0.83525 0.17670
vt 0.05195 0.27057
vt 0.35596 0.02844
vt 0.12040 0.13711
vt 0.36143 0.01668
vt 0.98632 0.08252
vt 0.03549 0.36149
vt 0.69726 0.00989
vt 0.84050 0.17202
vt 0.04576 0.27525
vt 0.37939 0.09229
vt 0.09426 0.34008
vt 0.86862 0.24733
vt 0.12068 0.33680
vt 0.10511 0.33665
vt 0.35916 0.03271
vt 0.11719 0.13587
vt 0.03229 0.36576
vt 0.03184 0.34522
vt 0.01133 0.26882
vt 0.04194 0.27116
vt 0.69580 0.01272
vt 0.83767 0.17056
vt 0.11027 0.35870
vt 0.12923 0.35963
vt 0.50063 0.90528
vt 0.10198 0.31818
vt 0.40071 0.32220
vt 0.09107 0.31763
vt 0.41162 0.31786
vt 0.19385 0.36945
vt 0.08838 0.13601
vt 0.00348 0.36899
vt 0.04848 0.35128
vt 0.02797 0.27168
vt 0.83107 0.17547
vt 0.05858 0.27180
vt 0.13049 0.34715
vt 0.49937 0.89993
vt 0.12489 0.32272
vt 0.37781 0.32275
vt 0.33035 0.07178
vt 0.11517 0.31885
vt 0.38752 0.32227
vt 0.10067 0.36410
vt 0.52920 0.90181
vt 0.39081 0.07460
vt 0.08057 0.32867
vt 0.85094 0.23591
vt 0.42213 0.31536
vt 0.38514 0.08693
vt 0.86327 0.24158
vt 0.98632 0.19404
vt 0.72255 0.15625
vt 0.99287 0.18880
vt 0.63137 0.14600
vt 0.99084 0.19603
vt 0.20984 0.37451
vt 0.01947 0.37140
vt 0.22740 0.37356
vt 0.03703 0.37095
vt 0.06257 0.35396
vt 0.04206 0.26300
vt 0.05960 0.26792
vt 0.12948 0.34926
vt 0.86207 0.03857
vt 0.12443 0.33667
vt 0.85107 0.03247
vt 0.13542 0.33057
vt 0.50545 0.90933
vt 0.08551 0.36670
vt 0.84519 0.27395
vt 0.54435 0.91363
vt 0.98486 0.18662
vt 0.71512 0.15908
vt 0.24327 0.37448
vt 0.99245 0.06511
vt 0.25407 0.12031
vt 0.05290 0.37129
vt 0.85414 0.02839
vt 0.13236 0.32649
vt 0.37034 0.31581
vt 0.06424 0.26704
vt 0.12484 0.34533
vt 0.06006 0.26497
vt 0.12902 0.34244
vt 0.08097 0.35297
vt 0.85301 0.26022
vt 0.98547 0.20338
vt 0.73188 0.16642
vt 0.22192 0.09967
vt 0.63891 0.28174
vt 0.42779 0.90479
vt 0.66288 0.27912
vt 0.03148 0.37525
vt 0.26175 0.12447
vt 0.67662 0.28159
vt 0.04522 0.37545
vt 0.46550 0.90494
vt 0.04271 0.38232
vt 0.46298 0.90669
vt 0.37670 0.31811
vt 0.32080 0.06378
vt 0.39075 0.31427
vt 0.53448 0.91694
vt 0.99205 0.17218
vt 0.70068 0.16322
vt 0.61475 0.14144
vt 0.98605 0.17258
vt 0.70108 0.16146
vt 0.99149 0.20331
vt 0.73182 0.16837
vt 0.64588 0.13629
vt 0.98875 0.20947
vt 0.73798 0.16460
vt 0.21782 0.10303
vt 0.94922 0.16377
vt 0.63481 0.27838
vt 0.04004 0.16648
vt 0.00342 0.37499
vt 0.42369 0.90815
vt 0.19873 0.10127
vt 0.93013 0.16553
vt 0.61572 0.28013
vt 0.02095 0.16473
vt 0.94506 0.16180
vt 0.03588 0.16846
vt 0.05796 0.35755
vt 0.34814 0.56993
vt 0.43548 0.42529
vt 0.06575 0.37944
vt 0.48603 0.90973
vt 0.40939 0.31532
vt 0.08363 0.35591
vt 0.85033 0.26316
vt 0.71138 0.17139
vt 0.62544 0.13327
vt 0.91260 0.16373
vt 0.00342 0.16653
vt 0.05666 0.36872
vt 0.34945 0.58110
vt 0.47693 0.91245
vt 0.50379 0.91200
vt 0.07336 0.36001
vt 0.05285 0.26032
vt 0.13623 0.33910
vt 0.45088 0.42164
vt 0.38208 0.30654
vt 0.33672 0.05680
vt 0.38480 0.30729
vt 0.13395 0.31814
vt 0.13135 0.07610
vt 0.36875 0.30817
vt 0.82735 0.22373
vt 0.41540 0.29177
vt 0.97075 0.47017
vt 0.83996 0.25138
vt 0.35802 0.57495
vt 0.42560 0.42202
vt 0.48855 0.92059
vt 0.36496 0.56795
vt 0.41866 0.41461
vt 0.36036 0.58354
vt 0.46602 0.91684
vt 0.36962 0.58642
vt 0.45676 0.91999
vt 0.14816 0.33628
vt 0.13193 0.09424
vt 0.43894 0.41740
vt 0.35646 0.58579
vt 0.46992 0.92019
vt 0.14364 0.32500
vt 0.13287 0.08297
vt 0.41573 0.58911
vt 0.41065 0.91941
vt 0.58944 0.17256
vt 0.40381 0.92505
vt 0.55322 0.17334
vt 0.45879 0.59424
vt 0.36759 0.91394
vt 0.56606 0.17064
vt 0.44596 0.59154
vt 0.57587 0.16409
vt 0.43614 0.58498
vt 0.38129 0.58348
vt 0.44509 0.91918
vt 0.37265 0.56778
vt 0.41098 0.41476
vt 0.13824 0.08827
vt 0.37188 0.30463
vt 0.50805 0.92380
vt 0.84286 0.05029
vt 0.38602 0.30334
vt 0.84136 0.27490
vt 0.54644 0.91746
vt 0.59046 0.15576
vt 0.42155 0.57666
vt 0.64073 0.64404
vt 0.40483 0.92278
vt 0.38687 0.56935
vt 0.39675 0.40951
vt 0.41745 0.41057
vt 0.14150 0.07550
vt 0.35986 0.29802
vt 0.37674 0.30154
vt 0.84359 0.03953
vt 0.39836 0.29258
vt 0.92992 0.29326
vt 0.84923 0.44395
vt 0.93174 0.26819
vt 0.95253 0.27727
vt 0.95396 0.28272
vt 0.51800 0.64281
vt 0.57426 0.17004
vt 0.58017 0.16721
vt 0.40346 0.57379
vt 0.81387 0.03488
vt 0.38016 0.41001
vt 0.65882 0.64377
vt 0.39783 0.58471
vt 0.42855 0.91978
vt 0.43678 0.92537
vt 0.45161 0.92571
vt 0.46441 0.92884
vt 0.37541 0.29249
vt 0.53048 0.93026
vt 0.82809 0.25974
vt 0.55001 0.93073
vt 0.95330 0.29178
vt 0.52706 0.63900
vt 0.93601 0.30537
vt 0.85532 0.44294
vt 0.94565 0.30615
vt 0.86496 0.44591
vt 0.42899 0.92988
vt 0.49236 0.92956
vt 0.95712 0.27101
vt 0.69605 0.80733
vt 0.90994 0.27382
vt 0.95794 0.30205
vt 0.53732 0.63937
vt 0.87725 0.44918
vt 0.59198 0.17223
vt 0.40634 0.93151
vt 0.80820 0.03955
vt 0.37549 0.40434
vt 0.38599 0.39735
vt 0.98974 0.71317
vt 0.40793 0.40012
vt 0.41597 0.39875
vt 0.89891 0.50808
vt 0.47074 0.93248
vt 0.48421 0.92510
vt 0.49136 0.93251
vt 0.83057 0.04592
vt 0.39430 0.29897
vt 0.94225 0.26011
vt 0.91317 0.26484
vt 0.54262 0.63128
vt 0.87639 0.45726
vt 0.60434 0.63747
vt 0.36844 0.92936
vt 0.62509 0.63987
vt 0.14599 0.09155
vt 0.90062 0.48727
vt 0.42969 0.40335
vt 0.14829 0.07935
vt 0.40576 0.00915
vt 0.36200 0.29122
vt 0.51215 0.93865
vt 0.39192 0.29398
vt 0.95319 0.26213
vt 0.90566 0.27705
vt 0.68834 0.02402
vt 0.19812 0.03960
vt 0.37097 0.04834
vt 0.33552 0.10977
vt 0.82497 0.45596
vt 0.54303 0.63277
vt 0.86246 0.45578
vt 0.30713 0.93405
vt 0.58754 0.63837
vt 0.35163 0.92846
vt 0.62698 0.63156
vt 0.35756 0.93885
vt 0.80127 0.03537
vt 0.37967 0.39740
vt 0.98705 0.71949
vt 0.65833 0.63117
vt 0.96520 0.70957
vt 0.43235 0.93617
vt 0.44526 0.93643
vt 0.39342 0.39502
vt 0.98842 0.70573
vt 0.90474 0.50976
vt 0.47656 0.93115
vt 0.14999 0.08749
vt 0.36154 0.28952
vt 0.91689 0.48321
vt 0.41129 0.01318
vt 0.36753 0.29231
vt 0.40982 0.01136
vt 0.36606 0.29073
vt 0.81536 0.24439
vt 0.97539 0.49083
vt 0.77675 0.35791
vt 0.83186 0.45933
vt 0.34543 0.93457
vt 0.89699 0.50772
vt 0.46881 0.94311
vt 0.88428 0.50831
vt 0.26514 0.08154
vt 0.97082 0.68582
vt 0.45610 0.94370
vt 0.88811 0.49007
vt 0.41717 0.39172
vt 0.28338 0.07918
vt 0.98906 0.68198
vt 0.92834 0.25555
vt 0.64373 0.38330
vt 0.78448 0.64111
vt 0.99208 0.84674
vt 0.52340 0.62207
vt 0.71318 0.80464
vt 0.85090 0.46253
vt 0.30755 0.94081
vt 0.56269 0.63314
vt 0.32679 0.93368
vt 0.96895 0.73333
vt 0.40859 0.94222
vt 0.98704 0.73616
vt 0.64166 0.62963
vt 0.41711 0.93594
vt 0.40580 0.39465
vt 0.98817 0.69335
vt 0.91349 0.50351
vt 0.48532 0.93959
vt 0.36317 0.28889
vt 0.91852 0.47883
vt 0.39962 0.28807
vt 0.95496 0.46489
vt 0.53880 0.94086
vt 0.95711 0.25947
vt 0.78840 0.63133
vt 0.68452 0.80734
vt 0.91661 0.26026
vt 0.98808 0.84204
vt 0.23235 0.28470
vt 0.90873 0.26693
vt 0.67822 0.02095
vt 0.22900 0.29257
vt 0.54139 0.62673
vt 0.86840 0.46181
vt 0.97665 0.80926
vt 0.56856 0.62278
vt 0.59450 0.62664
vt 0.96976 0.76262
vt 0.37930 0.94481
vt 0.96382 0.77720
vt 0.36471 0.94242
vt 0.91611 0.49587
vt 0.36377 0.28539
vt 0.91911 0.48167
vt 0.49932 0.93820
vt 0.91871 0.50852
vt 0.49054 0.94365
vt 0.37553 0.28424
vt 0.93088 0.47714
vt 0.93316 0.48940
vt 0.86381 0.10791
vt 0.39560 0.28197
vt 0.95094 0.47141
vt 0.95413 0.47789
vt 0.64132 0.34465
vt 0.99031 0.88539
vt 0.66255 0.33767
vt 0.73885 0.64064
vt 0.65523 0.35176
vt 0.75295 0.63600
vt 0.64630 0.34962
vt 0.98694 0.88042
vt 0.98455 0.84749
vt 0.23589 0.27377
vt 0.90186 0.26813
vt 0.67942 0.02783
vt 0.33091 0.11868
vt 0.23150 0.29945
vt 0.96248 0.27986
vt 0.51514 0.62462
vt 0.70491 0.80197
vt 0.97949 0.75678
vt 0.62104 0.62688
vt 0.53305 0.37588
vt 0.35247 0.39585
vt 0.52216 0.36881
vt 0.34539 0.40674
vt 0.52832 0.36484
vt 0.53179 0.37088
vt 0.34746 0.39711
vt 0.47900 0.41985
vt 0.85110 0.98188
vt 0.97289 0.72505
vt 0.41687 0.94661
vt 0.97231 0.71490
vt 0.42702 0.94194
vt 0.97367 0.70293
vt 0.43898 0.94347
vt 0.40868 0.39274
vt 0.98817 0.69048
vt 0.89788 0.49175
vt 0.92797 0.49409
vt 0.85911 0.10124
vt 0.51021 0.94348
vt 0.52545 0.94212
vt 0.81443 0.24701
vt 0.71670 0.19343
vt 0.77977 0.35698
vt 0.64775 0.31839
vt 0.71957 0.63350
vt 0.10791 0.46771
vt 0.98447 0.91165
vt 0.71288 0.61882
vt 0.60900 0.82341
vt 0.64852 0.35827
vt 0.98769 0.87177
vt 0.78566 0.62928
vt 0.68179 0.81940
vt 0.91385 0.25366
vt 0.23968 0.28745
vt 0.90787 0.25824
vt 0.23443 0.29344
vt 0.19287 0.04766
vt 0.36572 0.04028
vt 0.32746 0.11502
vt 0.20592 0.04834
vt 0.37877 0.03960
vt 0.82127 0.46469
vt 0.53544 0.61561
vt 0.87571 0.47293
vt 0.52727 0.37842
vt 0.85865 0.98640
vt 0.51787 0.37414
vt 0.85437 0.99580
vt 0.93562 0.48631
vt 0.86690 0.10005
vt 0.76654 0.01070
vt 0.93408 0.24247
vt 0.95596 0.49627
vt 0.75732 0.35237
vt 0.81809 0.26194
vt 0.55293 0.94074
vt 0.64111 0.33467
vt 0.98251 0.89537
vt 0.98077 0.86524
vt 0.71608 0.85107
vt 0.83269 0.47678
vt 0.53678 0.62135
vt 0.86565 0.46719
vt 0.97325 0.83447
vt 0.54335 0.61821
vt 0.86512 0.47034
vt 0.96240 0.80569
vt 0.33622 0.94438
vt 0.96846 0.77841
vt 0.97313 0.76760
vt 0.61023 0.62309
vt 0.97791 0.73111
vt 0.53501 0.36999
vt 0.19385 0.38176
vt 0.34657 0.39389
vt 0.29971 0.91553
vt 0.51709 0.35827
vt 0.83850 0.99658
vt 0.97569 0.71179
vt 0.98258 0.68384
vt 0.27651 0.08076
vt 0.98219 0.68297
vt 0.93027 0.50977
vt 0.50210 0.94212
vt 0.93425 0.50897
vt 0.84424 0.10031
vt 0.50608 0.94589
vt 0.95384 0.50510
vt 0.52566 0.94602
vt 0.96954 0.51416
vt 0.39795 0.11377
vt 0.95821 0.14111
vt 0.54137 0.94943
vt 0.14378 0.47202
vt 0.98702 0.94752
vt 0.69259 0.63246
vt 0.13490 0.45775
vt 0.73187 0.62274
vt 0.62799 0.82284
vt 0.97099 0.87538
vt 0.65196 0.83536
vt 0.97763 0.84461
vt 0.68274 0.83872
vt 0.24280 0.27558
vt 0.39806 0.12083
vt 0.61638 0.03943
vt 0.24778 0.29332
vt 0.32228 0.12451
vt 0.24013 0.30215
vt 0.32248 0.10243
vt 0.81599 0.46899
vt 0.96349 0.83256
vt 0.85535 0.47205
vt 0.30936 0.95033
vt 0.73748 0.83215
vt 0.85161 0.47693
vt 0.97550 0.78983
vt 0.58800 0.62014
vt 0.53047 0.36516
vt 0.34174 0.39843
vt 0.48472 0.42828
vt 0.29488 0.91392
vt 0.84171 0.99047
vt 0.86107 0.09682
vt 0.46045 0.04150
vt 0.94442 0.02384
vt 0.00342 0.20500
vt 0.93731 0.24642
vt 0.95094 0.48744
vt 0.26035 0.03431
vt 0.93633 0.22715
vt 0.16910 0.46686
vt 0.15390 0.47390
vt 0.98272 0.95764
vt 0.18796 0.47803
vt 0.97791 0.99170
vt 0.66650 0.62199
vt 0.16098 0.46120
vt 0.56262 0.82559
vt 0.97185 0.91075
vt 0.68786 0.80814
vt 0.69682 0.81396
vt 0.70860 0.81553
vt 0.52252 0.61849
vt 0.71229 0.81289
vt 0.14697 0.02100
vt 0.20235 0.39129
vt 0.29121 0.92506
vt 0.49226 0.42246
vt 0.83784 0.98161
vt 0.85802 0.09331
vt 0.94137 0.02686
vt 0.96592 0.48974
vt 0.42237 0.11274
vt 0.95459 0.11669
vt 0.76728 0.35090
vt 0.54825 0.95069
vt 0.19135 0.46495
vt 0.97999 0.99509
vt 0.97697 0.95146
vt 0.97237 0.89211
vt 0.63524 0.83408
vt 0.91260 0.13084
vt 0.24968 0.28241
vt 0.27295 0.05518
vt 0.68483 0.84485
vt 0.24427 0.28170
vt 0.68954 0.81712
vt 0.32011 0.12236
vt 0.38701 0.13072
vt 0.24230 0.30321
vt 0.31349 0.10377
vt 0.81603 0.47798
vt 0.52950 0.35867
vt 0.49121 0.43018
vt 0.85171 0.09035
vt 0.93506 0.01988
vt 0.00989 0.21436
vt 0.50746 0.95585
vt 0.86696 0.09521
vt 0.76170 0.01416
vt 0.93892 0.24594
vt 0.95126 0.49925
vt 0.24854 0.04053
vt 0.89368 0.10791
vt 0.52308 0.95462
vt 0.94255 0.22684
vt 0.97162 0.12111
vt 0.78431 0.34693
vt 0.80908 0.25994
vt 0.70622 0.20636
vt 0.56071 0.94974
vt 0.97694 0.13718
vt 0.56009 0.95534
vt 0.68393 0.62280
vt 0.58005 0.82506
vt 0.37814 0.14039
vt 0.38816 0.14841
vt 0.98841 0.03760
vt 0.71150 0.82192
vt 0.98193 0.02842
vt 0.41601 0.02094
vt 0.70502 0.82173
vt 0.99327 0.02713
vt 0.71636 0.82083
vt 0.82542 0.47868
vt 0.54458 0.60840
vt 0.73435 0.81486
vt 0.86890 0.48015
vt 0.86766 0.09377
vt 0.76025 0.01258
vt 0.46252 0.03491
vt 0.94036 0.24436
vt 0.47269 0.03418
vt 0.93726 0.23418
vt 0.96342 0.11746
vt 0.77611 0.34895
vt 0.96103 0.13867
vt 0.54419 0.95203
vt 0.70365 0.20226
vt 0.97098 0.94130
vt 0.58604 0.83862
vt 0.74653 0.61841
vt 0.64265 0.82883
vt 0.79386 0.62421
vt 0.68998 0.82548
vt 0.39299 0.13772
vt 0.38205 0.14551
vt 0.41416 0.02881
vt 0.70318 0.82388
vt 0.31442 0.10799
vt 0.52346 0.60777
vt 0.71324 0.80817
vt 0.86283 0.47553
vt 0.72994 0.82255
vt 0.86121 0.48701
vt 0.15559 0.01433
vt 0.21287 0.39991
vt 0.28069 0.93368
vt 0.15102 0.01496
vt 0.20705 0.39533
vt 0.83640 0.98643
vt 0.89523 0.09952
vt 0.94100 0.22575
vt 0.25507 0.03989
vt 0.94191 0.22367
vt 0.40486 0.10657
vt 0.95465 0.13420
vt 0.69890 0.20808
vt 0.56803 0.95725
vt 0.19284 0.46388
vt 0.96844 0.99658
vt 0.53076 0.82827
vt 0.97049 0.96146
vt 0.56589 0.84211
vt 0.60400 0.03436
vt 0.91556 0.13669
vt 0.23682 0.16344
vt 0.26016 0.28826
vt 0.39309 0.15283
vt 0.25328 0.32532
vt 0.50218 0.33261
vt 0.39950 0.13532
vt 0.25478 0.30781
vt 0.38350 0.15258
vt 0.50558 0.32301
vt 0.40576 0.02124
vt 0.69478 0.83091
vt 0.30908 0.10970
vt 0.37435 0.13835
vt 0.80978 0.48239
vt 0.21171 0.38401
vt 0.32871 0.37514
vt 0.61572 0.27100
vt 0.31884 0.37998
vt 0.03058 0.19714
vt 0.96447 0.24178
vt 0.95844 0.12401
vt 0.68207 0.19094
vt 0.81439 0.33535
vt 0.54872 0.83009
vt 0.56224 0.83412
vt 0.96762 0.90962
vt 0.61773 0.83735
vt 0.39918 0.12291
vt 0.61336 0.04150
vt 0.25080 0.29540
vt 0.36572 0.13913
vt 0.80900 0.48130
vt 0.94379 0.14967
vt 0.81938 0.48681
vt 0.01065 0.21398
vt 0.51120 0.95661
vt 0.96240 0.99613
vt 0.53122 0.83898
vt 0.61504 0.83365
vt 0.40027 0.14595
vt 0.25213 0.31844
vt 0.80992 0.48694
vt 0.93992 0.12660
vt 0.08996 0.04756
vt 0.70622 0.84131
vt 0.84245 0.49028
vt 0.94749 0.13186
vt 0.83719 0.48955
vt 0.26767 0.92984
vt 0.04327 0.17617
vt 0.98666 0.38862
vt 0.99130 0.46772
vt 0.01824 0.20419
vt 0.50782 0.96421
vt 0.51780 0.97743
vt 0.98031 0.13218
vt 0.56347 0.96956
vt 0.67995 0.19298
vt 0.81651 0.34093
vt 0.67230 0.20221
vt 0.82416 0.34564
vt 0.67139 0.21045
vt 0.82508 0.33832
vt 0.59554 0.96305
vt 0.28466 0.05464
vt 0.91907 0.12338
vt 0.25598 0.27494
vt 0.28716 0.04806
vt 0.92565 0.12272
vt 0.07568 0.05029
vt 0.69195 0.83743
vt 0.36816 0.14796
vt 0.80017 0.48755
vt 0.49697 0.30768
vt 0.21977 0.39908
vt 0.30953 0.38156
vt 0.26267 0.92620
vt 0.52503 0.34541
vt 0.66255 0.01318
vt 0.38485 0.01226
vt 0.81299 0.08843
vt 0.99027 0.46045
vt 0.98826 0.53955
vt 0.65771 0.01296
vt 0.38462 0.01709
vt 0.66323 0.01164
vt 0.38330 0.01157
vt 0.81367 0.08689
vt 0.98860 0.53887
vt 0.39820 0.03955
vt 0.83300 0.09229
vt 0.02295 0.03955
vt 0.95166 0.01719
vt 0.99413 0.44044
vt 0.82119 0.08568
vt 0.03475 0.03666
vt 0.99160 0.53135
vt 0.99000 0.44808
vt 0.98291 0.52718
vt 0.98950 0.43214
vt 0.39432 0.03393
vt 0.95584 0.01331
vt 0.99432 0.51566
vt 0.38623 0.03735
vt 0.00342 0.17964
vt 0.99013 0.42847
vt 0.99090 0.50757
vt 0.03760 0.18115
vt 0.99165 0.39429
vt 0.87451 0.09076
vt 0.96172 0.22853
vt 0.80496 0.32774
vt 0.26125 0.30183
vt 0.89060 0.04736
vt 0.97068 0.04201
vt 0.79092 0.48880
vt 0.49573 0.31724
vt 0.82317 0.98067
vt 0.98974 0.45223
vt 0.98514 0.53133
vt 0.98291 0.44150
vt 0.98724 0.52060
vt 0.02774 0.03295
vt 0.96003 0.02197
vt 0.99530 0.52433
vt 0.98563 0.43210
vt 0.98853 0.51120
vt 0.98660 0.40600
vt 0.98944 0.48510
vt 0.57159 0.98003
vt 0.26259 0.32048
vt 0.49287 0.33709
vt 0.26289 0.30003
vt 0.88135 0.04597
vt 0.96143 0.04341
vt 0.49433 0.32649
vt 0.93826 0.12632
vt 0.08830 0.04450
vt 0.80437 0.49298
vt 0.27155 0.94175
vt 0.37141 0.17990
vt 0.21338 0.08838
vt 0.22096 0.41263
vt 0.27260 0.94640
vt 0.53602 0.09796
vt 0.81728 0.98737
vt 0.98614 0.44333
vt 0.24384 0.05760
vt 0.82190 0.32802
vt 0.59237 0.97335
vt 0.08196 0.04786
vt 0.69822 0.83971
vt 0.94273 0.15025
vt 0.81880 0.49052
vt 0.00342 0.03678
vt 0.21942 0.02088
vt 0.83070 0.03026
vt 0.99614 0.05811
vt 0.01135 0.03955
vt 0.20947 0.02881
vt 0.91204 0.01416
vt 0.01161 0.01873
vt 0.43313 0.06480
vt 0.56885 0.03317
vt 0.01567 0.03278
vt 0.90771 0.01031
vt 0.98389 0.05201
vt 0.82325 0.02358
vt 0.99343 0.05065
vt 0.33252 0.18478
vt 0.27012 0.98528
vt 0.22773 0.40001
vt 0.30736 0.35169
vt 0.63708 0.24755
vt 0.29951 0.34765
vt 0.64493 0.24350
vt 0.98452 0.12315
vt 0.79721 0.32046
vt 0.56767 0.98091
vt 0.22900 0.06592
vt 0.81358 0.32458
vt 0.58405 0.97680
vt 0.23494 0.05856
vt 0.59140 0.97393
vt 0.26791 0.31371
vt 0.78564 0.49363
vt 0.49090 0.32433
vt 0.26405 0.32452
vt 0.49141 0.33910
vt 0.49322 0.32507
vt 0.89454 0.04201
vt 0.97462 0.04736
vt 0.79607 0.49415
vt 0.49037 0.31330
vt 0.80049 0.49657
vt 0.48795 0.31185
vt 0.93649 0.13904
vt 0.24269 0.14251
vt 0.94306 0.15479
vt 0.81426 0.49245
vt 0.24004 0.13594
vt 0.24877 0.40024
vt 0.65278 0.25452
vt 0.52828 0.31519
vt 0.51416 0.10107
vt 0.52202 0.08310
vt 0.79542 0.98539
vt 0.81689 0.01611
vt 0.52107 0.40743
vt 0.80903 0.97511
vt 0.02884 0.20427
vt 0.50917 0.97480
vt 0.84804 0.07036
vt 0.52998 0.97690
vt 0.96483 0.21995
vt 0.24881 0.17041
vt 0.27215 0.30054
vt 0.24624 0.15985
vt 0.26958 0.29488
vt 0.24309 0.16216
vt 0.26643 0.29070
vt 0.81300 0.50256
vt 0.25015 0.13774
vt 0.90797 0.01397
vt 0.98414 0.04835
vt 0.57292 0.02853
vt 0.05478 0.10581
vt 0.20952 0.02166
vt 0.82080 0.03174
vt 0.99536 0.04821
vt 0.01290 0.02588
vt 0.06599 0.10918
vt 0.37325 0.18896
vt 0.26881 0.94456
vt 0.22004 0.08004
vt 0.22762 0.41802
vt 0.22543 0.40284
vt 0.35053 0.30932
vt 0.89928 0.39369
vt 0.34459 0.31396
vt 0.89464 0.38774
vt 0.35236 0.30566
vt 0.90294 0.39552
vt 0.35084 0.30029
vt 0.90831 0.39400
vt 0.90074 0.39234
vt 0.33419 0.31336
vt 0.34568 0.30076
vt 0.83740 0.05746
vt 0.27148 0.32390
vt 0.48397 0.34047
vt 0.27422 0.31482
vt 0.85289 0.06299
vt 0.48950 0.32498
vt 0.92480 0.13800
vt 0.24684 0.15420
vt 0.80187 0.50344
vt 0.77617 0.26709
vt 0.48109 0.31270
vt 0.24473 0.14078
vt 0.99542 0.04506
vt 0.06605 0.09739
vt 0.00342 0.02361
vt 0.43800 0.06717
vt 0.06372 0.11865
vt 0.37495 0.18284
vt 0.26342 0.94286
vt 0.53124 0.33362
vt 0.51626 0.42288
vt 0.35284 0.29124
vt 0.91735 0.39600
vt 0.14027 0.03955
vt 0.34362 0.29420
vt 0.72422 0.25020
vt 0.72989 0.26709
vt 0.04292 0.45346
vt 0.73513 0.24136
vt 0.34814 0.70763
vt 0.71845 0.26483
vt 0.05436 0.45462
vt 0.71943 0.22700
vt 0.73104 0.21998
vt 0.35203 0.68626
vt 0.17822 0.70022
vt 0.84295 0.06123
vt 0.48775 0.33492
vt 0.65305 0.03028
vt 0.04053 0.10660
vt 0.64209 0.02765
vt 0.57620 0.02668
vt 0.05149 0.10397
vt 0.64550 0.03564
vt 0.42236 0.06787
vt 0.57961 0.03467
vt 0.04808 0.11196
vt 0.05739 0.10938
vt 0.15030 0.03821
vt 0.33608 0.29285
vt 0.91574 0.37924
vt 0.04737 0.45452
vt 0.71264 0.22304
vt 0.18274 0.68182
vt 0.72280 0.21788
vt 0.18286 0.69199
vt 0.25326 0.15742
vt 0.48150 0.33618
vt 0.06486 0.10993
vt 0.80950 0.31779
vt 0.57996 0.98358
vt 0.33034 0.32265
vt 0.98151 0.37000
vt 0.34368 0.30108
vt 0.80908 0.21631
vt 0.73886 0.26574
vt 0.03394 0.45679
vt 0.35726 0.73202
vt 0.18890 0.69423
vt 0.70961 0.25927
vt 0.71938 0.21862
vt 0.18236 0.68856
vt 0.70827 0.24069
vt 0.27881 0.30642
vt 0.77588 0.26092
vt 0.47492 0.31298
vt 0.18089 0.23859
vt 0.80506 0.50483
vt 0.81758 0.50652
vt 0.25411 0.14393
vt 0.23257 0.08147
vt 0.24015 0.42793
vt 0.25341 0.96170
vt 0.23948 0.40359
vt 0.05062 0.19992
vt 0.50334 0.99658
vt 0.98451 0.24658
vt 0.34811 0.27710
vt 0.93150 0.39127
vt 0.15133 0.03337
vt 0.33838 0.28801
vt 0.92058 0.38154
vt 0.32536 0.28805
vt 0.92054 0.36852
vt 0.13916 0.03776
vt 0.33614 0.29241
vt 0.32688 0.30834
vt 0.36142 0.71965
vt 0.52785 0.16735
vt 0.37173 0.68647
vt 0.19792 0.70868
vt 0.70155 0.25569
vt 0.28152 0.33057
vt 0.78424 0.14893
vt 0.74658 0.25994
vt 0.47394 0.34229
vt 0.46990 0.32212
vt 0.29937 0.37869
vt 0.25251 0.93079
vt 0.82338 0.01016
vt 0.52756 0.40745
vt 0.81747 0.01460
vt 0.52165 0.40800
vt 0.80845 0.97360
vt 0.53166 0.39769
vt 0.79845 0.97442
vt 0.51696 0.99250
vt 0.98043 0.23296
vt 0.85826 0.08350
vt 0.53332 0.99004
vt 0.97797 0.21660
vt 0.84033 0.07954
vt 0.53295 0.98609
vt 0.33790 0.28694
vt 0.71171 0.26291
vt 0.06110 0.46024
vt 0.25548 0.15439
vt 0.26228 0.15899
vt 0.81165 0.13636
vt 0.77476 0.26140
vt 0.18564 0.23746
vt 0.23876 0.41364
vt 0.29123 0.35879
vt 0.01825 0.10725
vt 0.02455 0.11269
vt 0.33695 0.14283
vt 0.86758 0.14697
vt 0.02840 0.09902
vt 0.86377 0.13330
vt 0.62080 0.18838
vt 0.91402 0.03511
vt 0.01225 0.08850
vt 0.63695 0.18896
vt 0.04323 0.18886
vt 0.97712 0.24312
vt 0.97443 0.38135
vt 0.88414 0.36642
vt 0.33528 0.32048
vt 0.98644 0.37605
vt 0.88812 0.37843
vt 0.33325 0.28561
vt 0.92299 0.37641
vt 0.07978 0.48281
vt 0.70717 0.26551
vt 0.06564 0.46320
vt 0.70147 0.22234
vt 0.19253 0.67065
vt 0.69904 0.23948
vt 0.26171 0.16431
vt 0.28505 0.30644
vt 0.80836 0.14168
vt 0.81695 0.50957
vt 0.25716 0.14756
vt 0.80710 0.51416
vt 0.80129 0.12515
vt 0.77035 0.25637
vt 0.81493 0.51386
vt 0.26146 0.15047
vt 0.80911 0.12784
vt 0.23081 0.07442
vt 0.23839 0.42645
vt 0.24567 0.41710
vt 0.74463 0.73916
vt 0.28857 0.33973
vt 0.65586 0.23558
vt 0.51578 0.09580
vt 0.51892 0.08838
vt 0.79704 0.98849
vt 0.51680 0.98768
vt 0.32937 0.28791
vt 0.03904 0.04882
vt 0.20464 0.66032
vt 0.65473 0.24052
vt 0.53910 0.31701
vt 0.53284 0.07873
vt 0.53287 0.41877
vt 0.01747 0.11377
vt 0.34403 0.14378
vt 0.01638 0.11087
vt 0.34511 0.14377
vt 0.90186 0.03562
vt 0.63867 0.17680
vt 0.90794 0.03955
vt 0.63540 0.18288
vt 0.00975 0.09014
vt 0.63945 0.18181
vt 0.00342 0.10539
vt 0.35808 0.14604
vt 0.64578 0.18137
vt 0.00342 0.46128
vt 0.34814 0.66455
vt 0.01430 0.46465
vt 0.35151 0.65367
vt 0.94605 0.06440
vt 0.48413 0.06150
vt 0.01710 0.46992
vt 0.51063 0.17139
vt 0.97748 0.31343
vt 0.37181 0.70368
vt 0.03584 0.46715
vt 0.36763 0.72605
vt 0.69779 0.26388
vt 0.07501 0.46988
vt 0.28915 0.32010
vt 0.79470 0.14669
vt 0.47330 0.31387
vt 0.17495 0.23771
vt 0.47080 0.30992
vt 0.17504 0.24165
vt 0.37221 0.08951
vt 0.23814 0.94338
vt 0.29199 0.33908
vt 0.65245 0.23493
vt 0.88277 0.58385
vt 0.65414 0.24996
vt 0.33134 0.27088
vt 0.93772 0.37449
vt 0.67098 0.02047
vt 0.81108 0.16721
vt 0.32613 0.26881
vt 0.93979 0.36929
vt 0.66064 0.02783
vt 0.80074 0.15985
vt 0.32402 0.27915
vt 0.19806 0.68302
vt 0.68213 0.25335
vt 0.17716 0.17174
vt 0.68464 0.23321
vt 0.17950 0.15160
vt 0.68954 0.26339
vt 0.08327 0.46743
vt 0.29126 0.31410
vt 0.80070 0.13868
vt 0.78730 0.24976
vt 0.18829 0.25001
vt 0.28930 0.33805
vt 0.87790 0.58282
vt 0.33184 0.15445
vt 0.87919 0.14290
vt 0.52647 0.99609
vt 0.98402 0.22345
vt 0.80513 0.17341
vt 0.93384 0.36354
vt 0.66929 0.02311
vt 0.80938 0.16457
vt 0.95603 0.06609
vt 0.49412 0.07080
vt 0.02708 0.47922
vt 0.36609 0.64088
vt 0.37626 0.01689
vt 0.51611 0.02438
vt 0.30073 0.17972
vt 0.30450 0.17276
vt 0.50499 0.14352
vt 0.37122 0.01264
vt 0.30499 0.17498
vt 0.19814 0.73251
vt 0.03507 0.47877
vt 0.37924 0.73605
vt 0.82503 0.19677
vt 0.73975 0.30386
vt 0.04989 0.47633
vt 0.20218 0.68718
vt 0.85693 0.18417
vt 0.77165 0.30394
vt 0.08179 0.48892
vt 0.68906 0.22404
vt 0.18223 0.14243
vt 0.19488 0.65824
vt 0.68311 0.26081
vt 0.16837 0.17920
vt 0.77955 0.30668
vt 0.08969 0.48209
vt 0.79651 0.13044
vt 0.76507 0.24896
vt 0.46004 0.29872
vt 0.16846 0.25285
vt 0.17492 0.24583
vt 0.24746 0.43408
vt 0.74642 0.73524
vt 0.24610 0.96785
vt 0.24679 0.43084
vt 0.74575 0.73173
vt 0.52946 0.07558
vt 0.53247 0.42192
vt 0.51416 0.08035
vt 0.79848 0.99325
vt 0.24797 0.90279
vt 0.54058 0.40550
vt 0.78973 0.98891
vt 0.23923 0.88959
vt 0.78656 0.97367
vt 0.23606 0.87157
vt 0.54770 0.38953
vt 0.88700 0.13704
vt 0.90743 0.35738
vt 0.77877 0.17725
vt 0.90748 0.34865
vt 0.32354 0.32424
vt 0.28480 0.17322
vt 0.97315 0.34306
vt 0.29143 0.16885
vt 0.93994 0.06885
vt 0.47803 0.06244
vt 0.03941 0.47900
vt 0.37947 0.72376
vt 0.36586 0.62856
vt 0.51202 0.14768
vt 0.20138 0.72836
vt 0.50902 0.16340
vt 0.52674 0.15866
vt 0.20210 0.71737
vt 0.20304 0.70236
vt 0.37850 0.71400
vt 0.17538 0.14285
vt 0.20173 0.65028
vt 0.77357 0.22609
vt 0.44009 0.31529
vt 0.41195 0.53329
vt 0.17713 0.26244
vt 0.35205 0.08564
vt 0.75825 0.74690
vt 0.23427 0.96354
vt 0.66007 0.23481
vt 0.23795 0.21232
vt 0.89631 0.58373
vt 0.51857 0.07943
vt 0.53862 0.41807
vt 0.24098 0.90371
vt 0.96894 0.37395
vt 0.87454 0.36093
vt 0.32230 0.33057
vt 0.97347 0.36889
vt 0.78882 0.16058
vt 0.31409 0.29107
vt 0.31322 0.17571
vt 0.20651 0.73178
vt 0.50054 0.14774
vt 0.36865 0.01709
vt 0.52372 0.02490
vt 0.45265 0.03984
vt 0.52496 0.02198
vt 0.43994 0.04108
vt 0.28783 0.18213
vt 0.32373 0.07871
vt 0.97353 0.33415
vt 0.68525 0.26360
vt 0.08755 0.47955
vt 0.79211 0.22912
vt 0.39341 0.51414
vt 0.46045 0.09717
vt 0.92396 0.09717
vt 0.18850 0.25889
vt 0.46403 0.09168
vt 0.41549 0.06898
vt 0.19399 0.25874
vt 0.80213 0.24354
vt 0.91461 0.09122
vt 0.18917 0.26484
vt 0.16621 0.52711
vt 0.76593 0.72150
vt 0.25178 0.41930
vt 0.53643 0.39364
vt 0.79368 0.97322
vt 0.54889 0.38611
vt 0.32080 0.16345
vt 0.88819 0.14169
vt 0.78122 0.96650
vt 0.88824 0.11930
vt 0.61785 0.16391
vt 0.81339 0.60411
vt 0.35500 0.15727
vt 0.64270 0.17014
vt 0.33455 0.01075
vt 0.28572 0.01075
vt 0.30440 0.15993
vt 0.27655 0.10736
vt 0.31729 0.30685
vt 0.28562 0.15361
vt 0.31940 0.32562
vt 0.97056 0.36267
vt 0.28270 0.17283
vt 0.96761 0.34345
vt 0.30795 0.16803
vt 0.46826 0.05291
vt 0.28464 0.10491
vt 0.20948 0.73946
vt 0.20535 0.67914
vt 0.77127 0.24068
vt 0.48158 0.09124
vt 0.79929 0.23177
vt 0.90283 0.09406
vt 0.39795 0.06572
vt 0.96478 0.16455
vt 0.38623 0.50913
vt 0.17644 0.26970
vt 0.67139 0.03546
vt 0.75035 0.08954
vt 0.17303 0.26258
vt 0.75336 0.08865
vt 0.17604 0.26691
vt 0.67533 0.03491
vt 0.17137 0.26652
vt 0.91099 0.56278
vt 0.74505 0.10812
vt 0.21380 0.21023
vt 0.51798 0.47170
vt 0.92046 0.56763
vt 0.51479 0.46480
vt 0.92365 0.56073
vt 0.26299 0.41214
vt 0.66701 0.24616
vt 0.28519 0.37579
vt 0.23833 0.93233
vt 0.86567 0.59453
vt 0.86555 0.58567
vt 0.88317 0.12529
vt 0.61083 0.16898
vt 0.89743 0.35136
vt 0.32861 0.01021
vt 0.27979 0.01021
vt 0.29846 0.15860
vt 0.27522 0.10791
vt 0.33511 0.01416
vt 0.28629 0.01416
vt 0.27505 0.10396
vt 0.31388 0.30628
vt 0.29780 0.16329
vt 0.49072 0.14393
vt 0.44284 0.04932
vt 0.33197 0.08545
vt 0.96529 0.34089
vt 0.21012 0.72398
vt 0.20512 0.71654
vt 0.50167 0.16544
vt 0.97013 0.31938
vt 0.39018 0.72206
vt 0.37658 0.61569
vt 0.39544 0.71907
vt 0.68318 0.03955
vt 0.17287 0.27437
vt 0.22252 0.20925
vt 0.91174 0.58305
vt 0.21598 0.21273
vt 0.91828 0.58354
vt 0.21381 0.21236
vt 0.92045 0.57573
vt 0.00342 0.07844
vt 0.04734 0.08154
vt 0.21448 0.21981
vt 0.51865 0.48274
vt 0.26003 0.43132
vt 0.16803 0.52854
vt 0.75900 0.71968
vt 0.90478 0.57849
vt 0.88055 0.57510
vt 0.28443 0.36914
vt 0.86848 0.61391
vt 0.85378 0.61093
vt 0.86333 0.63271
vt 0.23616 0.91235
vt 0.54180 0.40804
vt 0.85971 0.58431
vt 0.84500 0.59704
vt 0.33854 0.16132
vt 0.78334 0.96767
vt 0.34383 0.16333
vt 0.63153 0.16409
vt 0.76035 0.05798
vt 0.27393 0.15218
vt 0.95969 0.36410
vt 0.20969 0.71219
vt 0.20739 0.71132
vt 0.95913 0.31588
vt 0.24960 0.07325
vt 0.39017 0.70834
vt 0.38025 0.72100
vt 0.36665 0.62433
vt 0.74483 0.30132
vt 0.05497 0.47668
vt 0.75380 0.29789
vt 0.48686 0.52827
vt 0.06394 0.48148
vt 0.21005 0.68661
vt 0.79152 0.02881
vt 0.21766 0.68007
vt 0.16305 0.15803
vt 0.16811 0.17547
vt 0.54208 0.03204
vt 0.52255 0.04639
vt 0.41549 0.75501
vt 0.63912 0.79343
vt 0.64667 0.78287
vt 0.43596 0.75638
vt 0.65959 0.79206
vt 0.78174 0.12029
vt 0.77522 0.22780
vt 0.46558 0.29290
vt 0.73291 0.09326
vt 0.15559 0.25868
vt 0.70619 0.79443
vt 0.14825 0.25776
vt 0.48164 0.75787
vt 0.70528 0.79056
vt 0.45343 0.28681
vt 0.71228 0.78228
vt 0.74252 0.09142
vt 0.16520 0.25963
vt 0.45554 0.29120
vt 0.74037 0.08322
vt 0.16306 0.26038
vt 0.16318 0.26629
vt 0.17377 0.27834
vt 0.18079 0.27758
vt 0.72119 0.10986
vt 0.18994 0.20848
vt 0.72171 0.10202
vt 0.19046 0.21632
vt 0.49463 0.46760
vt 0.35244 0.09229
vt 0.75161 0.75083
vt 0.24091 0.96315
vt 0.76500 0.14414
vt 0.23401 0.99179
vt 0.76745 0.14297
vt 0.75442 0.75930
vt 0.23810 0.99063
vt 0.27783 0.38310
vt 0.90225 0.62787
vt 0.23097 0.95126
vt 0.22812 0.97426
vt 0.25504 0.41906
vt 0.65906 0.25389
vt 0.54019 0.46382
vt 0.89824 0.55975
vt 0.88365 0.57228
vt 0.28186 0.38031
vt 0.23500 0.93368
vt 0.85106 0.57926
vt 0.89339 0.11572
vt 0.09717 0.02528
vt 0.82306 0.60053
vt 0.79484 0.16227
vt 0.31516 0.28504
vt 0.28161 0.16859
vt 0.96015 0.34769
vt 0.02419 0.48873
vt 0.37560 0.64378
vt 0.78174 0.02367
vt 0.49166 0.02610
vt 0.22280 0.68712
vt 0.21456 0.66676
vt 0.53926 0.04248
vt 0.51973 0.03595
vt 0.41267 0.76545
vt 0.63630 0.78299
vt 0.52979 0.03692
vt 0.51025 0.04151
vt 0.77796 0.31006
vt 0.08810 0.48343
vt 0.16170 0.14576
vt 0.03564 0.08891
vt 0.21541 0.65266
vt 0.45196 0.77162
vt 0.44501 0.29342
vt 0.48197 0.76502
vt 0.70560 0.78342
vt 0.03074 0.15771
vt 0.19564 0.27643
vt 0.01854 0.07716
vt 0.62935 0.01718
vt 0.19936 0.21721
vt 0.50353 0.48146
vt 0.53308 0.47718
vt 0.18663 0.53925
vt 0.27094 0.42082
vt 0.67496 0.24920
vt 0.16162 0.53904
vt 0.26229 0.41614
vt 0.66631 0.25670
vt 0.53774 0.45649
vt 0.90069 0.55242
vt 0.66710 0.23125
vt 0.23770 0.21935
vt 0.17957 0.54804
vt 0.72412 0.18701
vt 0.53043 0.45524
vt 0.90800 0.55117
vt 0.76585 0.18220
vt 0.86627 0.54926
vt 0.85810 0.56922
vt 0.86542 0.56107
vt 0.55169 0.41127
vt 0.84789 0.62948
vt 0.22792 0.89691
vt 0.83932 0.57275
vt 0.96178 0.37797
vt 0.86873 0.35377
vt 0.96250 0.34226
vt 0.21623 0.70949
vt 0.03827 0.50053
vt 0.38739 0.62970
vt 0.35710 0.76981
vt 0.58073 0.77862
vt 0.35661 0.76358
vt 0.58024 0.78486
vt 0.36986 0.76637
vt 0.59350 0.78206
vt 0.76458 0.28297
vt 0.47608 0.51335
vt 0.15914 0.16711
vt 0.78365 0.29459
vt 0.45315 0.76687
vt 0.67678 0.78156
vt 0.46722 0.76918
vt 0.69086 0.77925
vt 0.14905 0.26901
vt 0.49289 0.76856
vt 0.15819 0.28227
vt 0.01364 0.07991
vt 0.03712 0.07887
vt 0.02195 0.08154
vt 0.62594 0.01904
vt 0.02881 0.08081
vt 0.50012 0.48584
vt 0.62061 0.01678
vt 0.49478 0.48217
vt 0.22362 0.21880
vt 0.52779 0.47816
vt 0.18565 0.53396
vt 0.66739 0.24430
vt 0.16652 0.54374
vt 0.75783 0.17884
vt 0.56415 0.45356
vt 0.87429 0.54949
vt 0.22782 0.88054
vt 0.77393 0.01416
vt 0.83148 0.58443
vt 0.33301 0.16974
vt 0.77493 0.96947
vt 0.62923 0.16324
vt 0.95302 0.36646
vt 0.14740 0.22832
vt 0.95046 0.33864
vt 0.17523 0.21450
vt 0.34256 0.07952
vt 0.95470 0.33496
vt 0.24365 0.00868
vt 0.17891 0.20636
vt 0.21878 0.73505
vt 0.03202 0.49479
vt 0.37065 0.77354
vt 0.59428 0.77489
vt 0.37862 0.77774
vt 0.60225 0.77069
vt 0.37751 0.76453
vt 0.37767 0.76337
vt 0.60130 0.78506
vt 0.21659 0.66502
vt 0.66015 0.77783
vt 0.46139 0.76700
vt 0.68502 0.78143
vt 0.40302 0.07641
vt 0.95971 0.16143
vt 0.40619 0.07764
vt 0.20107 0.25008
vt 0.95654 0.15790
vt 0.17319 0.28584
vt 0.75934 0.14893
vt 0.23213 0.99658
vt 0.75225 0.13691
vt 0.22603 0.98456
vt 0.76827 0.12730
vt 0.77031 0.75848
vt 0.77395 0.11742
vt 0.77019 0.75279
vt 0.23429 0.22021
vt 0.18588 0.54464
vt 0.55026 0.46896
vt 0.19485 0.55643
vt 0.88540 0.64111
vt 0.22580 0.93441
vt 0.55832 0.44587
vt 0.88011 0.54180
vt 0.45339 0.11409
vt 0.85043 0.55316
vt 0.84820 0.55968
vt 0.55609 0.39582
vt 0.89539 0.13600
vt 0.83244 0.62081
vt 0.88597 0.12777
vt 0.60400 0.16618
vt 0.77673 0.97084
vt 0.22622 0.86134
vt 0.78769 0.17322
vt 0.77821 0.15674
vt 0.30543 0.30167
vt 0.27769 0.15874
vt 0.95488 0.35754
vt 0.27816 0.09981
vt 0.48263 0.05420
vt 0.28812 0.09055
vt 0.16908 0.19169
vt 0.22385 0.73599
vt 0.48379 0.54956
vt 0.06701 0.49303
vt 0.41168 0.77007
vt 0.63531 0.77837
vt 0.65566 0.77258
vt 0.02743 0.04670
vt 0.21625 0.65751
vt 0.02490 0.05615
vt 0.77078 0.27466
vt 0.46988 0.50504
vt 0.21878 0.66107
vt 0.16028 0.15937
vt 0.28074 0.04053
vt 0.04329 0.09033
vt 0.29956 0.04789
vt 0.15791 0.17724
vt 0.78666 0.30471
vt 0.15817 0.17425
vt 0.80187 0.30172
vt 0.68055 0.77516
vt 0.75811 0.13665
vt 0.17454 0.53116
vt 0.76817 0.71317
vt 0.19382 0.53284
vt 0.55796 0.46370
vt 0.20011 0.56414
vt 0.85430 0.54791
vt 0.84527 0.55558
vt 0.83950 0.56198
vt 0.81301 0.60214
vt 0.75732 0.06369
vt 0.80542 0.62243
vt 0.77193 0.96242
vt 0.62511 0.15772
vt 0.77200 0.06440
vt 0.33918 0.17236
vt 0.75826 0.06263
vt 0.77230 0.96149
vt 0.62987 0.16011
vt 0.76705 0.05964
vt 0.94732 0.38056
vt 0.13330 0.22998
vt 0.86572 0.33931
vt 0.28036 0.09346
vt 0.16133 0.19436
vt 0.47797 0.04900
vt 0.16777 0.18649
vt 0.21919 0.73730
vt 0.95019 0.33101
vt 0.23975 0.08838
vt 0.24779 0.01318
vt 0.18286 0.20223
vt 0.22529 0.72222
vt 0.25776 0.08414
vt 0.39637 0.70018
vt 0.22256 0.71798
vt 0.22321 0.66652
vt 0.47839 0.53062
vt 0.07241 0.49157
vt 0.15680 0.17659
vt 0.77941 0.30407
vt 0.26807 0.03395
vt 0.05597 0.08995
vt 0.21646 0.63234
vt 0.27128 0.04017
vt 0.30903 0.05442
vt 0.22337 0.63555
vt 0.43994 0.29132
vt 0.38797 0.55145
vt 0.70777 0.76879
vt 0.00342 0.14612
vt 0.20639 0.24910
vt 0.97318 0.15258
vt 0.82136 0.38552
vt 0.14768 0.27573
vt 0.49961 0.77682
vt 0.22165 0.95196
vt 0.21371 0.55056
vt 0.90052 0.63871
vt 0.22355 0.94954
vt 0.56189 0.46052
vt 0.20329 0.56806
vt 0.58041 0.43895
vt 0.85803 0.53488
vt 0.15576 0.33545
vt 0.10868 0.64529
vt 0.21681 0.88028
vt 0.67626 0.01300
vt 0.82910 0.56514
vt 0.82634 0.57272
vt 0.77485 0.01094
vt 0.83056 0.58492
vt 0.78045 0.01131
vt 0.82496 0.58699
vt 0.77295 0.16323
vt 0.26514 0.08841
vt 0.29834 0.30694
vt 0.14610 0.19404
vt 0.90166 0.34150
vt 0.27390 0.09269
vt 0.15487 0.19423
vt 0.05006 0.25342
vt 0.40283 0.69686
vt 0.22902 0.70858
vt 0.37291 0.78028
vt 0.59654 0.76815
vt 0.15299 0.15254
vt 0.29443 0.05518
vt 0.78171 0.28002
vt 0.22413 0.65014
vt 0.15638 0.16840
vt 0.80043 0.29588
vt 0.46216 0.78357
vt 0.47831 0.77694
vt 0.48808 0.77799
vt 0.16216 0.28955
vt 0.77828 0.58232
vt 0.14502 0.27875
vt 0.77008 0.59946
vt 0.50264 0.77759
vt 0.03921 0.15169
vt 0.18803 0.28490
vt 0.80301 0.42131
vt 0.77102 0.55645
vt 0.17080 0.52189
vt 0.76810 0.71691
vt 0.21113 0.52769
vt 0.22120 0.53503
vt 0.15485 0.44914
vt 0.47925 0.01545
vt 0.22019 0.56624
vt 0.18606 0.45068
vt 0.23571 0.57396
vt 0.09605 0.63811
vt 0.57138 0.45472
vt 0.20909 0.57756
vt 0.21784 0.90917
vt 0.57461 0.43772
vt 0.86383 0.53365
vt 0.55907 0.08154
vt 0.89111 0.08350
vt 0.45414 0.12528
vt 0.83249 0.55241
vt 0.44958 0.11989
vt 0.83627 0.55697
vt 0.81920 0.58203
vt 0.76967 0.92203
vt 0.21987 0.87208
vt 0.10600 0.02588
vt 0.82366 0.59170
vt 0.10204 0.01807
vt 0.81585 0.59566
vt 0.77022 0.93566
vt 0.80969 0.60096
vt 0.77267 0.94096
vt 0.61940 0.15502
vt 0.81184 0.60719
vt 0.95285 0.34726
vt 0.16660 0.21382
vt 0.17184 0.19026
vt 0.22651 0.73323
vt 0.36254 0.78017
vt 0.58617 0.76826
vt 0.36259 0.78493
vt 0.62400 0.76337
vt 0.38326 0.78125
vt 0.46887 0.53807
vt 0.15186 0.15876
vt 0.78605 0.28624
vt 0.11627 0.12734
vt 0.97525 0.16193
vt 0.39112 0.50651
vt 0.78076 0.43604
vt 0.76501 0.57869
vt 0.74225 0.12513
vt 0.78546 0.78450
vt 0.20706 0.97279
vt 0.77365 0.72752
vt 0.21890 0.52575
vt 0.14557 0.45064
vt 0.46362 0.11946
vt 0.84971 0.54293
vt 0.11700 0.64795
vt 0.54053 0.08057
vt 0.90965 0.07878
vt 0.45885 0.12625
vt 0.85102 0.54770
vt 0.67403 0.01254
vt 0.22900 0.03988
vt 0.44491 0.12082
vt 0.82863 0.56163
vt 0.07860 0.03760
vt 0.82282 0.57004
vt 0.07774 0.03317
vt 0.82341 0.56562
vt 0.22014 0.86996
vt 0.76922 0.97510
vt 0.21871 0.86361
vt 0.62359 0.15346
vt 0.76759 0.06592
vt 0.80765 0.61216
vt 0.75842 0.96954
vt 0.20792 0.85507
vt 0.94678 0.36138
vt 0.15249 0.21846
vt 0.16005 0.20235
vt 0.17290 0.20397
vt 0.24912 0.01135
vt 0.17608 0.20089
vt 0.22345 0.72900
vt 0.17714 0.19385
vt 0.22454 0.72794
vt 0.42610 0.72782
vt 0.41186 0.73340
vt 0.79083 0.02121
vt 0.47998 0.02856
vt 0.95988 0.10586
vt 0.23389 0.09615
vt 0.22526 0.69879
vt 0.47028 0.49024
vt 0.22619 0.66147
vt 0.46248 0.53342
vt 0.44534 0.78947
vt 0.78380 0.22205
vt 0.40172 0.52371
vt 0.49045 0.78201
vt 0.76456 0.59264
vt 0.51090 0.78311
vt 0.80322 0.42662
vt 0.76576 0.55623
vt 0.74660 0.13548
vt 0.21399 0.98313
vt 0.18099 0.51677
vt 0.77714 0.70672
vt 0.21983 0.54421
vt 0.16403 0.44875
vt 0.21143 0.94728
vt 0.55497 0.04973
vt 0.23104 0.56706
vt 0.18688 0.44319
vt 0.67041 0.01318
vt 0.23263 0.04053
vt 0.44385 0.12445
vt 0.82928 0.56270
vt 0.81646 0.57238
vt 0.76389 0.91238
vt 0.07459 0.03263
vt 0.82459 0.56507
vt 0.77010 0.93937
vt 0.15043 0.20212
vt 0.16625 0.21055
vt 0.22668 0.69026
vt 0.41970 0.74264
vt 0.40610 0.60496
vt 0.22987 0.68266
vt 0.13287 0.05615
vt 0.46755 0.49416
vt 0.23184 0.65874
vt 0.45520 0.51362
vt 0.45737 0.50726
vt 0.41120 0.78581
vt 0.39918 0.55682
vt 0.69656 0.75709
vt 0.11162 0.12188
vt 0.98070 0.15952
vt 0.48425 0.79329
vt 0.20147 0.50923
vt 0.75716 0.11891
vt 0.78682 0.76958
vt 0.77931 0.73203
vt 0.77658 0.74299
vt 0.58220 0.44480
vt 0.21901 0.58838
vt 0.16782 0.34131
vt 0.16519 0.32839
vt 0.11210 0.63587
vt 0.11394 0.64046
vt 0.72435 0.46501
vt 0.21045 0.86867
vt 0.28974 0.03388
vt 0.75842 0.91058
vt 0.76454 0.95439
vt 0.13547 0.20513
vt 0.89057 0.33608
vt 0.15493 0.20402
vt 0.04404 0.50398
vt 0.48447 0.03564
vt 0.24097 0.10919
vt 0.28190 0.07178
vt 0.05602 0.23914
vt 0.23234 0.69430
vt 0.22876 0.69440
vt 0.11963 0.04929
vt 0.23053 0.67198
vt 0.66344 0.76052
vt 0.15673 0.13052
vt 0.41580 0.51290
vt 0.42131 0.51021
vt 0.09542 0.12842
vt 0.41197 0.50335
vt 0.57959 0.01455
vt 0.47283 0.78998
vt 0.39038 0.55349
vt 0.70537 0.76237
vt 0.81891 0.40108
vt 0.93241 0.07178
vt 0.82531 0.41050
vt 0.76140 0.59937
vt 0.51737 0.78627
vt 0.80694 0.43193
vt 0.76459 0.55251
vt 0.15591 0.44088
vt 0.16246 0.44334
vt 0.47210 0.01904
vt 0.54053 0.04938
vt 0.17818 0.44354
vt 0.47119 0.01634
vt 0.54323 0.05029
vt 0.21930 0.56044
vt 0.18026 0.44262
vt 0.54956 0.07877
vt 0.90062 0.08194
vt 0.89823 0.07559
vt 0.46204 0.12584
vt 0.89707 0.07873
vt 0.06689 0.02779
vt 0.24129 0.03354
vt 0.44632 0.13311
vt 0.82229 0.56023
vt 0.15061 0.20589
vt 0.35371 0.78181
vt 0.57735 0.76662
vt 0.33767 0.78683
vt 0.56130 0.76160
vt 0.13406 0.05070
vt 0.23550 0.65755
vt 0.12060 0.06299
vt 0.00342 0.06299
vt 0.45836 0.49449
vt 0.23606 0.64955
vt 0.45455 0.52992
vt 0.44349 0.52500
vt 0.73767 0.03063
vt 0.43893 0.53718
vt 0.43878 0.51876
vt 0.12744 0.13379
vt 0.41839 0.54220
vt 0.14432 0.13525
vt 0.41738 0.52532
vt 0.09054 0.12624
vt 0.41685 0.50187
vt 0.41140 0.54457
vt 0.41037 0.51452
vt 0.40674 0.54847
vt 0.98006 0.14842
vt 0.82553 0.39601
vt 0.23590 0.52986
vt 0.14968 0.42959
vt 0.20910 0.94241
vt 0.08228 0.07124
vt 0.22730 0.56416
vt 0.18399 0.43471
vt 0.46533 0.12821
vt 0.12995 0.63919
vt 0.14100 0.21422
vt 0.88149 0.33006
vt 0.03243 0.51530
vt 0.57737 0.75098
vt 0.06049 0.51495
vt 0.60543 0.75133
vt 0.39147 0.78812
vt 0.45367 0.54387
vt 0.09714 0.51006
vt 0.73584 0.04150
vt 0.44981 0.53901
vt 0.73942 0.04014
vt 0.44844 0.53543
vt 0.42797 0.54380
vt 0.43620 0.50587
vt 0.43456 0.49670
vt 0.23607 0.62575
vt 0.08838 0.11564
vt 0.41902 0.49155
vt 0.50509 0.06787
vt 0.82698 0.36563
vt 0.24048 0.61020
vt 0.50306 0.78744
vt 0.82193 0.42442
vt 0.76125 0.53752
vt 0.20980 0.49803
vt 0.79041 0.67791
vt 0.80814 0.76902
vt 0.15563 0.42901
vt 0.16801 0.44184
vt 0.16740 0.32195
vt 0.10905 0.63365
vt 0.20572 0.89524
vt 0.47276 0.13916
vt 0.83490 0.53378
vt 0.13180 0.62825
vt 0.81944 0.56300
vt 0.76046 0.90300
vt 0.74878 0.90628
vt 0.29947 0.04053
vt 0.74869 0.91723
vt 0.75423 0.94675
vt 0.34450 0.09422
vt 0.67766 0.09180
vt 0.08350 0.01960
vt 0.33761 0.09339
vt 0.68455 0.09187
vt 0.08356 0.01272
vt 0.01392 0.50908
vt 0.39595 0.65404
vt 0.32373 0.09521
vt 0.69843 0.08853
vt 0.02781 0.50574
vt 0.39261 0.64016
vt 0.33408 0.09260
vt 0.39392 0.65051
vt 0.33697 0.79237
vt 0.94910 0.10889
vt 0.23604 0.70182
vt 0.99403 0.58259
vt 0.23395 0.68903
vt 0.98745 0.57221
vt 0.24052 0.67865
vt 0.62657 0.74715
vt 0.46628 0.49450
vt 0.23801 0.65746
vt 0.45152 0.53733
vt 0.09928 0.50833
vt 0.42908 0.79016
vt 0.51611 0.01514
vt 0.44533 0.49801
vt 0.23602 0.63652
vt 0.43734 0.80040
vt 0.41613 0.54743
vt 0.82882 0.40388
vt 0.50029 0.80272
vt 0.75459 0.58479
vt 0.75041 0.57343
vt 0.03662 0.01399
vt 0.11246 0.04821
vt 0.22833 0.49984
vt 0.80575 0.10555
vt 0.11966 0.42701
vt 0.79403 0.65938
vt 0.19434 0.51027
vt 0.78469 0.69337
vt 0.78913 0.70969
vt 0.21669 0.52653
vt 0.14635 0.44022
vt 0.28857 0.45034
vt 0.20527 0.94709
vt 0.19879 0.93109
vt 0.19781 0.91088
vt 0.12667 0.62663
vt 0.75143 0.94875
vt 0.67725 0.09814
vt 0.08984 0.02002
vt 0.93604 0.10110
vt 0.25773 0.11279
vt 0.26514 0.07151
vt 0.05242 0.23887
vt 0.77451 0.02180
vt 0.24910 0.69403
vt 0.04122 0.52683
vt 0.39817 0.02182
vt 0.41369 0.62675
vt 0.55128 0.49355
vt 0.03642 0.22943
vt 0.43081 0.71050
vt 0.39301 0.80436
vt 0.46214 0.55604
vt 0.08866 0.52159
vt 0.63360 0.74469
vt 0.44857 0.55856
vt 0.64717 0.74754
vt 0.45018 0.54555
vt 0.10062 0.51267
vt 0.41767 0.54581
vt 0.58271 0.01314
vt 0.47595 0.79228
vt 0.58724 0.01709
vt 0.18604 0.08663
vt 0.48048 0.79839
vt 0.83088 0.41747
vt 0.75688 0.52857
vt 0.75465 0.53837
vt 0.73677 0.56519
vt 0.80525 0.72346
vt 0.13471 0.43090
vt 0.29790 0.45712
vt 0.14438 0.43237
vt 0.29643 0.45289
vt 0.79833 0.75233
vt 0.22406 0.52283
vt 0.29275 0.44296
vt 0.23839 0.52046
vt 0.30115 0.42864
vt 0.81635 0.54899
vt 0.74809 0.88899
vt 0.28760 0.03887
vt 0.76057 0.91557
vt 0.32789 0.79186
vt 0.55152 0.75657
vt 0.02575 0.51597
vt 0.40284 0.64222
vt 0.98492 0.56146
vt 0.24306 0.66791
vt 0.52250 0.00980
vt 0.44242 0.49267
vt 0.39050 0.11377
vt 0.24241 0.63361
vt 0.52046 0.01304
vt 0.44391 0.49592
vt 0.24037 0.63509
vt 0.52393 0.05383
vt 0.43182 0.49399
vt 0.24006 0.62300
vt 0.10034 0.11077
vt 0.99182 0.15059
vt 0.50146 0.05591
vt 0.82335 0.37759
vt 0.24536 0.59824
vt 0.41276 0.55486
vt 0.68298 0.74791
vt 0.11251 0.11400
vt 0.98859 0.15791
vt 0.82765 0.38866
vt 0.83484 0.41247
vt 0.75219 0.52462
vt 0.75110 0.53844
vt 0.74170 0.12464
vt 0.78793 0.78504
vt 0.29727 0.44180
vt 0.24538 0.55850
vt 0.08059 0.62340
vt 0.23014 0.58808
vt 0.17809 0.33018
vt 0.11017 0.62296
vt 0.17469 0.31997
vt 0.11246 0.62636
vt 0.82845 0.54009
vt 0.13826 0.63011
vt 0.32651 0.80413
vt 0.55014 0.74431
vt 0.34998 0.80916
vt 0.03178 0.23758
vt 0.42472 0.71513
vt 0.27549 0.06622
vt 0.05167 0.23358
vt 0.76416 0.02254
vt 0.24125 0.64578
vt 0.24763 0.62640
vt 0.82887 0.37926
vt 0.98588 0.14960
vt 0.82435 0.38765
vt 0.83693 0.38112
vt 0.91650 0.05991
vt 0.83718 0.39460
vt 0.07568 0.28122
vt 0.49039 0.79884
vt 0.92246 0.06887
vt 0.82822 0.40056
vt 0.74577 0.52843
vt 0.74605 0.58776
vt 0.15596 0.42520
vt 0.19950 0.94583
vt 0.07291 0.08169
vt 0.23487 0.55480
vt 0.17462 0.42425
vt 0.23955 0.57589
vt 0.09799 0.62156
vt 0.19063 0.88229
vt 0.73798 0.96160
vt 0.44116 0.55857
vt 0.65458 0.75209
vt 0.43530 0.55818
vt 0.66819 0.06233
vt 0.97340 0.25425
vt 0.66044 0.73820
vt 0.62557 0.49481
vt 0.41866 0.55753
vt 0.67708 0.74526
vt 0.83105 0.37432
vt 0.84152 0.40685
vt 0.75106 0.51793
vt 0.85847 0.39850
vt 0.08656 0.27732
vt 0.73544 0.50098
vt 0.74555 0.53886
vt 0.74213 0.55543
vt 0.30181 0.43261
vt 0.19365 0.94079
vt 0.83936 0.52949
vt 0.12734 0.62173
vt 0.83435 0.52112
vt 0.13236 0.62240
vt 0.71183 0.46402
vt 0.19793 0.85864
vt 0.74262 0.93459
vt 0.32249 0.80010
vt 0.54613 0.74833
vt 0.03796 0.52247
vt 0.58289 0.74381
vt 0.63037 0.04834
vt 0.66396 0.04834
vt 0.98319 0.62123
vt 0.24478 0.72768
vt 0.24321 0.68824
vt 0.04540 0.22699
vt 0.77376 0.02881
vt 0.05247 0.22216
vt 0.42324 0.69445
vt 0.24943 0.67733
vt 0.24541 0.64244
vt 0.24349 0.62260
vt 0.52728 0.06042
vt 0.23654 0.02588
vt 0.24665 0.61965
vt 0.45873 0.80144
vt 0.10797 0.11094
vt 0.99164 0.15246
vt 0.74523 0.60673
vt 0.50999 0.80244
vt 0.09814 0.05615
vt 0.22082 0.48552
vt 0.80198 0.66690
vt 0.14078 0.42133
vt 0.30746 0.45840
vt 0.79625 0.79098
vt 0.19627 0.96509
vt 0.18360 0.91366
vt 0.19503 0.89291
vt 0.82699 0.52549
vt 0.59717 0.08545
vt 0.13971 0.62001
vt 0.74515 0.86548
vt 0.70148 0.48016
vt 0.18759 0.86560
vt 0.70515 0.47814
vt 0.19126 0.86578
vt 0.73656 0.94397
vt 0.02546 0.51848
vt 0.01938 0.52393
vt 0.41080 0.64859
vt 0.97100 0.59410
vt 0.25112 0.70579
vt 0.25426 0.68462
vt 0.25421 0.67600
vt 0.25238 0.65436
vt 0.29572 0.11608
vt 0.25198 0.63800
vt 0.25248 0.62543
vt 0.53368 0.06787
vt 0.22909 0.01946
vt 0.25410 0.61325
vt 0.42203 0.55917
vt 0.67371 0.74020
vt 0.51699 0.06290
vt 0.83888 0.37060
vt 0.19252 0.08277
vt 0.47207 0.80487
vt 0.83834 0.38299
vt 0.07611 0.29284
vt 0.07696 0.28294
vt 0.48232 0.80995
vt 0.49658 0.80456
vt 0.10542 0.05148
vt 0.79731 0.66309
vt 0.80343 0.10535
vt 0.79636 0.65918
vt 0.73144 0.60791
vt 0.03885 0.02100
vt 0.80352 0.11255
vt 0.04521 0.02084
vt 0.79717 0.11240
vt 0.12164 0.41842
vt 0.13435 0.42527
vt 0.30352 0.44742
vt 0.31057 0.43568
vt 0.24210 0.53636
vt 0.23495 0.54423
vt 0.16405 0.41628
vt 0.06299 0.08936
vt 0.24042 0.54487
vt 0.25251 0.55090
vt 0.07300 0.61389
vt 0.80127 0.54091
vt 0.73242 0.88091
vt 0.71342 0.11670
vt 0.72078 0.90322
vt 0.70595 0.46125
vt 0.19205 0.85481
vt 0.55279 0.74444
vt 0.97530 0.56757
vt 0.25267 0.67401
vt 0.10400 0.06925
vt 0.02001 0.06925
vt 0.97532 0.54936
vt 0.25265 0.65580
vt 0.11150 0.06982
vt 0.01251 0.06982
vt 0.22705 0.02173
vt 0.25614 0.61481
vt 0.50629 0.06137
vt 0.24810 0.60370
vt 0.19218 0.09024
vt 0.46341 0.80454
vt 0.27686 0.20207
vt 0.73774 0.54538
vt 0.74380 0.56938
vt 0.73596 0.58859
vt 0.30956 0.43160
vt 0.18985 0.94055
vt 0.00342 0.22437
vt 0.43385 0.74350
vt 0.04213 0.22243
vt 0.42542 0.70478
vt 0.25802 0.60826
vt 0.51601 0.05382
vt 0.83790 0.37968
vt 0.25309 0.59615
vt 0.79935 0.66220
vt 0.79782 0.09643
vt 0.10983 0.41907
vt 0.80196 0.65026
vt 0.92648 0.01392
vt 0.54952 0.01685
vt 0.85912 0.01697
vt 0.13426 0.41337
vt 0.24791 0.54401
vt 0.08299 0.60535
vt 0.19403 0.32047
vt 0.11179 0.60703
vt 0.18953 0.32109
vt 0.12534 0.61152
vt 0.70578 0.46400
vt 0.36689 0.06358
vt 0.55990 0.73804
vt 0.63748 0.04788
vt 0.65685 0.04788
vt 0.64345 0.04280
vt 0.65088 0.04280
vt 0.97012 0.61569
vt 0.25786 0.72213
vt 0.36616 0.06769
vt 0.22900 0.04904
vt 0.33554 0.81450
vt 0.55917 0.73393
vt 0.03618 0.52472
vt 0.39531 0.02686
vt 0.42770 0.74756
vt 0.41410 0.60947
vt 0.43085 0.69317
vt 0.25704 0.68629
vt 0.25400 0.65249
vt 0.41836 0.03611
vt 0.25570 0.64332
vt 0.41047 0.81586
vt 0.26207 0.62694
vt 0.42719 0.56006
vt 0.98151 0.25668
vt 0.66855 0.73577
vt 0.20600 0.08575
vt 0.29541 0.08987
vt 0.46444 0.81835
vt 0.20192 0.09229
vt 0.46339 0.81427
vt 0.08325 0.28886
vt 0.84872 0.40798
vt 0.74378 0.51073
vt 0.81556 0.66386
vt 0.60400 0.02686
vt 0.79210 0.10613
vt 0.31212 0.44290
vt 0.18264 0.95854
vt 0.46138 0.06222
vt 0.19433 0.31387
vt 0.11401 0.60672
vt 0.59834 0.08482
vt 0.09315 0.08936
vt 0.74398 0.88032
vt 0.60699 0.06794
vt 0.09660 0.07248
vt 0.62354 0.02683
vt 0.73533 0.87687
vt 0.68779 0.46030
vt 0.17389 0.84883
vt 0.72717 0.96353
vt 0.17666 0.84229
vt 0.57460 0.73525
vt 0.53973 0.49775
vt 0.04456 0.52979
vt 0.39209 0.01847
vt 0.58950 0.73649
vt 0.55463 0.49651
vt 0.25842 0.70068
vt 0.25560 0.66252
vt 0.25888 0.65800
vt 0.40576 0.03695
vt 0.59155 0.04226
vt 0.26831 0.64415
vt 0.83985 0.37011
vt 0.26535 0.60572
vt 0.53564 0.14795
vt 0.50508 0.81521
vt 0.72414 0.52902
vt 0.28199 0.19441
vt 0.73261 0.54350
vt 0.80941 0.70177
vt 0.61372 0.01815
vt 0.78339 0.09642
vt 0.11380 0.40464
vt 0.13525 0.40672
vt 0.25028 0.51521
vt 0.19873 0.13177
vt 0.32200 0.41674
vt 0.81192 0.78861
vt 0.18060 0.96716
vt 0.25421 0.53013
vt 0.26810 0.53566
vt 0.05776 0.60944
vt 0.17829 0.94442
vt 0.13942 0.60476
vt 0.72991 0.85966
vt 0.79781 0.07430
vt 0.72456 0.87293
vt 0.18780 0.87273
vt 0.08936 0.07888
vt 0.62729 0.03323
vt 0.78662 0.08936
vt 0.73157 0.88412
vt 0.69622 0.47322
vt 0.73636 0.89063
vt 0.35010 0.06590
vt 0.54311 0.73572
vt 0.35847 0.06471
vt 0.55148 0.73690
vt 0.97250 0.55330
vt 0.25548 0.65974
vt 0.96595 0.57619
vt 0.96396 0.55842
vt 0.26401 0.66487
vt 0.26936 0.68727
vt 0.41771 0.03857
vt 0.25636 0.64578
vt 0.36572 0.09930
vt 0.28051 0.11477
vt 0.13255 0.06302
vt 0.59645 0.04834
vt 0.97700 0.07625
vt 0.26719 0.63925
vt 0.28562 0.11963
vt 0.12744 0.06787
vt 0.26208 0.63967
vt 0.25618 0.61312
vt 0.10161 0.30282
vt 0.72543 0.58307
vt 0.81660 0.74134
vt 0.72475 0.59301
vt 0.92766 0.02197
vt 0.54834 0.02490
vt 0.85107 0.01837
vt 0.81096 0.05449
vt 0.26413 0.05546
vt 0.70478 0.02348
vt 0.13544 0.41197
vt 0.31682 0.46465
vt 0.24226 0.51091
vt 0.31846 0.42477
vt 0.81460 0.77968
vt 0.25135 0.54602
vt 0.06812 0.61069
vt 0.17476 0.94095
vt 0.09415 0.60520
vt 0.21332 0.15243
vt 0.71220 0.93866
vt 0.72284 0.95151
vt 0.17234 0.83112
vt 0.72319 0.94514
vt 0.35284 0.07861
vt 0.24232 0.04759
vt 0.32222 0.82543
vt 0.54585 0.72300
vt 0.26195 0.72275
vt 0.42537 0.64234
vt 0.53569 0.50523
vt 0.59976 0.73716
vt 0.56489 0.49585
vt 0.60530 0.73638
vt 0.57043 0.49663
vt 0.40320 0.82070
vt 0.25944 0.66747
vt 0.96600 0.55092
vt 0.58350 0.04345
vt 0.26797 0.65221
vt 0.26141 0.61204
vt 0.84903 0.37434
vt 0.09001 0.30148
vt 0.09967 0.29342
vt 0.28567 0.21692
vt 0.72892 0.53751
vt 0.73261 0.57284
vt 0.80941 0.73111
vt 0.91943 0.01434
vt 0.55657 0.01727
vt 0.68984 0.05047
vt 0.80908 0.04685
vt 0.15088 0.05047
vt 0.26601 0.04783
vt 0.26746 0.51762
vt 0.20114 0.11459
vt 0.03971 0.60334
vt 0.19194 0.30033
vt 0.09917 0.60912
vt 0.96340 0.63829
vt 0.96459 0.64111
vt 0.26338 0.74756
vt 0.26152 0.73437
vt 0.96134 0.63785
vt 0.26663 0.74429
vt 0.43700 0.74368
vt 0.42340 0.60169
vt 0.62555 0.73262
vt 0.59067 0.50038
vt 0.63086 0.07080
vt 0.26504 0.66366
vt 0.63757 0.73303
vt 0.60270 0.49998
vt 0.95976 0.54711
vt 0.26822 0.65356
vt 0.66842 0.07764
vt 0.97506 0.02695
vt 0.97261 0.26956
vt 0.62478 0.51012
vt 0.26731 0.62633
vt 0.98827 0.25914
vt 0.67531 0.73330
vt 0.48899 0.84106
vt 0.00342 0.58556
vt 0.83232 0.65933
vt 0.78174 0.11279
vt 0.12316 0.40299
vt 0.85915 0.02100
vt 0.14497 0.40934
vt 0.31945 0.45658
vt 0.80885 0.75177
vt 0.33922 0.43037
vt 0.07288 0.60327
vt 0.17381 0.93688
vt 0.19580 0.30163
vt 0.11571 0.60525
vt 0.17591 0.87884
vt 0.18273 0.88237
vt 0.68771 0.48722
vt 0.17381 0.87075
vt 0.47998 0.12256
vt 0.72300 0.88972
vt 0.29541 0.08035
vt 0.43887 0.62353
vt 0.42748 0.61550
vt 0.27151 0.70122
vt 0.62436 0.72271
vt 0.36785 0.10739
vt 0.26506 0.63850
vt 0.99433 0.26291
vt 0.68137 0.72953
vt 0.47018 0.82193
vt 0.10261 0.27834
vt 0.71938 0.50028
vt 0.55213 0.14519
vt 0.71597 0.61084
vt 0.50274 0.83170
vt 0.61252 0.02158
vt 0.78683 0.09762
vt 0.83594 0.75093
vt 0.17378 0.94383
vt 0.17026 0.89718
vt 0.63482 0.03564
vt 0.80552 0.08694
vt 0.72404 0.86521
vt 0.24337 0.05029
vt 0.32117 0.82581
vt 0.34273 0.82490
vt 0.56636 0.72353
vt 0.26611 0.01416
vt 0.35877 0.83219
vt 0.58241 0.71625
vt 0.95697 0.60298
vt 0.27100 0.70942
vt 0.38102 0.83443
vt 0.60465 0.71400
vt 0.44333 0.74283
vt 0.42973 0.60121
vt 0.64911 0.73076
vt 0.61424 0.50225
vt 0.66065 0.71985
vt 0.62413 0.50685
vt 0.66650 0.07627
vt 0.97314 0.02558
vt 0.62518 0.50875
vt 0.29555 0.20234
vt 0.82298 0.69595
vt 0.10791 0.39203
vt 0.82901 0.64841
vt 0.72372 0.60408
vt 0.67529 0.04732
vt 0.82363 0.04674
vt 0.16542 0.04732
vt 0.25146 0.04771
vt 0.52697 0.11499
vt 0.40771 0.08472
vt 0.02831 0.12713
vt 0.68615 0.05811
vt 0.15457 0.05811
vt 0.51611 0.12578
vt 0.41856 0.09551
vt 0.20067 0.30238
vt 0.10538 0.60038
vt 0.16154 0.02834
vt 0.13493 0.59915
vt 0.72523 0.89650
vt 0.95078 0.61596
vt 0.36400 0.82599
vt 0.58309 0.71820
vt 0.62208 0.71969
vt 0.95401 0.56904
vt 0.27397 0.67549
vt 0.26711 0.66905
vt 0.62896 0.06805
vt 0.26695 0.66091
vt 0.61169 0.51629
vt 0.95850 0.08252
vt 0.19385 0.02100
vt 0.28570 0.64083
vt 0.84399 0.36576
vt 0.31494 0.01009
vt 0.09651 0.31006
vt 0.26669 0.61007
vt 0.81834 0.05811
vt 0.25676 0.05908
vt 0.52168 0.11126
vt 0.03360 0.12340
vt 0.20076 0.12882
vt 0.32828 0.41379
vt 0.69671 0.02588
vt 0.90012 0.01416
vt 0.20225 0.03188
vt 0.42529 0.02724
vt 0.32490 0.46706
vt 0.69580 0.02225
vt 0.89921 0.00915
vt 0.32580 0.46342
vt 0.89502 0.01054
vt 0.43214 0.03234
vt 0.14133 0.39880
vt 0.32999 0.46021
vt 0.33745 0.45445
vt 0.21750 0.11081
vt 0.05607 0.59673
vt 0.82432 0.79834
vt 0.16820 0.97079
vt 0.20049 0.29691
vt 0.10234 0.60056
vt 0.95165 0.56323
vt 0.27632 0.66968
vt 0.42766 0.02002
vt 0.42036 0.83142
vt 0.64400 0.71701
vt 0.26904 0.11595
vt 0.14402 0.06420
vt 0.96553 0.07743
vt 0.20201 0.01590
vt 0.27866 0.63266
vt 0.27181 0.62761
vt 0.66814 0.71749
vt 0.31598 0.09163
vt 0.44387 0.83442
vt 0.98722 0.27567
vt 0.99326 0.27308
vt 0.68030 0.71937
vt 0.31596 0.09521
vt 0.44388 0.83167
vt 0.48259 0.83781
vt 0.29429 0.22119
vt 0.72031 0.53445
vt 0.30171 0.21800
vt 0.71289 0.53735
vt 0.71390 0.57437
vt 0.82812 0.73264
vt 0.33653 0.42488
vt 0.33099 0.44170
vt 0.06203 0.58667
vt 0.45647 0.06299
vt 0.19924 0.31464
vt 0.50687 0.10451
vt 0.15308 0.58935
vt 0.71450 0.86283
vt 0.37703 0.84240
vt 0.45598 0.72052
vt 0.45183 0.69107
vt 0.27802 0.68392
vt 0.27355 0.66638
vt 0.61972 0.06824
vt 0.27618 0.66110
vt 0.57915 0.06101
vt 0.40085 0.83096
vt 0.62449 0.71748
vt 0.59536 0.51701
vt 0.42111 0.83489
vt 0.64474 0.71355
vt 0.40807 0.82781
vt 0.61052 0.53183
vt 0.43542 0.83323
vt 0.65905 0.71520
vt 0.97462 0.03467
vt 0.91205 0.02783
vt 0.97202 0.27728
vt 0.62418 0.51784
vt 0.71584 0.52531
vt 0.11585 0.39908
vt 0.34693 0.44169
vt 0.07703 0.59811
vt 0.20533 0.30238
vt 0.11577 0.59572
vt 0.44580 0.05682
vt 0.20991 0.30847
vt 0.12590 0.59398
vt 0.70436 0.10587
vt 0.71171 0.90861
vt 0.49522 0.11471
vt 0.71953 0.87449
vt 0.94783 0.63125
vt 0.28014 0.73769
vt 0.36388 0.83535
vt 0.30137 0.08252
vt 0.44483 0.62351
vt 0.55452 0.52469
vt 0.38889 0.83211
vt 0.61253 0.71633
vt 0.46321 0.69619
vt 0.28940 0.68474
vt 0.62275 0.06346
vt 0.27315 0.65632
vt 0.39811 0.83531
vt 0.62174 0.71312
vt 0.90186 0.02375
vt 0.97191 0.28747
vt 0.62407 0.52803
vt 0.86829 0.86262
vt 0.27735 0.61531
vt 0.27233 0.61408
vt 0.32114 0.00904
vt 0.08388 0.05786
vt 0.11033 0.30386
vt 0.82383 0.67900
vt 0.86572 0.06335
vt 0.06880 0.06140
vt 0.52115 0.12939
vt 0.41353 0.09912
vt 0.88130 0.06592
vt 0.05322 0.06396
vt 0.53673 0.12702
vt 0.39795 0.09675
vt 0.01854 0.13916
vt 0.87168 0.05902
vt 0.06285 0.05706
vt 0.12058 0.38305
vt 0.53265 0.10849
vt 0.19197 0.03271
vt 0.02262 0.12063
vt 0.33518 0.46924
vt 0.21317 0.12349
vt 0.82559 0.77898
vt 0.13996 0.02458
vt 0.82734 0.78939
vt 0.16518 0.96012
vt 0.09058 0.59481
vt 0.15267 0.90786
vt 0.20507 0.29905
vt 0.10562 0.59598
vt 0.20633 0.29900
vt 0.09990 0.59473
vt 0.20852 0.29644
vt 0.10752 0.59254
vt 0.67916 0.49268
vt 0.16526 0.87046
vt 0.19951 0.01613
vt 0.28648 0.63517
vt 0.43654 0.83764
vt 0.66017 0.71079
vt 0.90921 0.02146
vt 0.97224 0.28012
vt 0.31977 0.01514
vt 0.07568 0.06396
vt 0.27232 0.60524
vt 0.46997 0.84884
vt 0.69729 0.51649
vt 0.71212 0.61059
vt 0.50369 0.83555
vt 0.54406 0.12199
vt 0.01121 0.13413
vt 0.02565 0.57905
vt 0.54330 0.11169
vt 0.13368 0.38297
vt 0.89111 0.05932
vt 0.01197 0.12382
vt 0.34582 0.45991
vt 0.03595 0.57981
vt 0.19092 0.02830
vt 0.43104 0.03857
vt 0.14129 0.39256
vt 0.33623 0.46131
vt 0.34566 0.01416
vt 0.15778 0.93970
vt 0.15705 0.92977
vt 0.16296 0.89745
vt 0.16506 0.03955
vt 0.13253 0.58794
vt 0.15869 0.03668
vt 0.13291 0.59080
vt 0.14770 0.59007
vt 0.68208 0.47306
vt 0.66661 0.46046
vt 0.70791 0.89084
vt 0.71870 0.95452
vt 0.16819 0.83051
vt 0.20102 0.15868
vt 0.71409 0.95096
vt 0.28596 0.70046
vt 0.28193 0.67556
vt 0.61475 0.06297
vt 0.28115 0.65583
vt 0.27915 0.64860
vt 0.56938 0.06396
vt 0.61475 0.09521
vt 0.41063 0.83424
vt 0.63426 0.71419
vt 0.01709 0.05615
vt 0.49733 0.85336
vt 0.56854 0.13710
vt 0.50020 0.84810
vt 0.70421 0.59551
vt 0.69928 0.58715
vt 0.13596 0.38782
vt 0.90038 0.05446
vt 0.82769 0.76999
vt 0.13037 0.01981
vt 0.15559 0.95111
vt 0.08627 0.58576
vt 0.14912 0.58185
vt 0.70700 0.85843
vt 0.22633 0.14987
vt 0.71276 0.92565
vt 0.27200 0.00883
vt 0.58399 0.71092
vt 0.27054 0.00858
vt 0.58555 0.71066
vt 0.94352 0.59687
vt 0.45825 0.73968
vt 0.44465 0.60450
vt 0.45368 0.73192
vt 0.93640 0.57130
vt 0.46539 0.68747
vt 0.29158 0.67775
vt 0.42334 0.01620
vt 0.56396 0.05796
vt 0.41604 0.83524
vt 0.63968 0.71319
vt 0.43144 0.01564
vt 0.61631 0.08170
vt 0.42415 0.83581
vt 0.28418 0.62622
vt 0.99499 0.28040
vt 0.68203 0.71204
vt 0.46921 0.85192
vt 0.11591 0.29025
vt 0.11467 0.39040
vt 0.83232 0.77674
vt 0.21956 0.13085
vt 0.05813 0.57998
vt 0.34265 0.01171
vt 0.15533 0.93960
vt 0.09605 0.58585
vt 0.21454 0.30290
vt 0.10999 0.58651
vt 0.14695 0.58915
vt 0.67236 0.46616
vt 0.66497 0.45280
vt 0.15107 0.84560
vt 0.71353 0.91748
vt 0.20356 0.16427
vt 0.21039 0.16148
vt 0.11462 0.17381
vt 0.19837 0.17920
vt 0.18994 0.17718
vt 0.16209 0.80796
vt 0.19896 0.18213
vt 0.13527 0.17920
vt 0.16659 0.80301
vt 0.28774 0.67959
vt 0.61114 0.70275
vt 0.64222 0.70437
vt 0.66410 0.71191
vt 0.44770 0.83944
vt 0.66549 0.71006
vt 0.12126 0.28188
vt 0.73193 0.41991
vt 0.11492 0.27381
vt 0.70707 0.50312
vt 0.65283 0.14111
vt 0.01240 0.57113
vt 0.84675 0.66881
vt 0.68569 0.57543
vt 0.85633 0.73370
vt 0.20727 0.13232
vt 0.34186 0.41729
vt 0.04584 0.58377
vt 0.13309 0.02588
vt 0.79218 0.01416
vt 0.49854 0.01318
vt 0.15830 0.95392
vt 0.15852 0.91793
vt 0.22019 0.31468
vt 0.11050 0.58086
vt 0.22211 0.30989
vt 0.12191 0.57894
vt 0.15768 0.88984
vt 0.67052 0.48008
vt 0.22338 0.15854
vt 0.11168 0.16834
vt 0.22939 0.15281
vt 0.10596 0.16513
vt 0.44675 0.14646
vt 0.70303 0.92259
vt 0.21670 0.16303
vt 0.11618 0.17659
vt 0.14484 0.16941
vt 0.15680 0.79344
vt 0.94066 0.62333
vt 0.28731 0.72977
vt 0.32264 0.84194
vt 0.54627 0.70649
vt 0.55124 0.70533
vt 0.28208 0.67214
vt 0.93803 0.55246
vt 0.28994 0.65891
vt 0.64829 0.70549
vt 0.63499 0.07789
vt 0.42795 0.85449
vt 0.99157 0.28884
vt 0.67861 0.70361
vt 0.09098 0.06330
vt 0.76879 0.05029
vt 0.11743 0.29783
vt 0.28761 0.59784
vt 0.94367 0.83248
vt 0.12701 0.28584
vt 0.93983 0.82049
vt 0.30902 0.19578
vt 0.83645 0.69912
vt 0.69976 0.60295
vt 0.11252 0.38241
vt 0.78662 0.05815
vt 0.01479 0.57925
vt 0.83863 0.65952
vt 0.83935 0.73258
vt 0.69486 0.57264
vt 0.84717 0.73091
vt 0.73021 0.12991
vt 0.86872 0.76787
vt 0.78760 0.01385
vt 0.50311 0.01288
vt 0.15372 0.95763
vt 0.22634 0.13199
vt 0.90814 0.10436
vt 0.06491 0.58539
vt 0.21753 0.30292
vt 0.09811 0.58352
vt 0.67354 0.11002
vt 0.19122 0.10591
vt 0.13306 0.58497
vt 0.66976 0.49170
vt 0.15586 0.87248
vt 0.15100 0.84411
vt 0.19211 0.15505
vt 0.70663 0.95987
vt 0.15612 0.83008
vt 0.19750 0.16068
vt 0.16034 0.82446
vt 0.21416 0.17026
vt 0.12341 0.16534
vt 0.56713 0.70286
vt 0.31355 0.07653
vt 0.45701 0.63097
vt 0.64893 0.08810
vt 0.29288 0.65568
vt 0.46298 0.20678
vt 0.29516 0.64665
vt 0.45622 0.20538
vt 0.29193 0.63989
vt 0.44345 0.84655
vt 0.27976 0.61795
vt 0.76709 0.04399
vt 0.29344 0.60414
vt 0.94197 0.83878
vt 0.69817 0.52956
vt 0.12216 0.27011
vt 0.69983 0.50911
vt 0.74370 0.41390
vt 0.83423 0.79338
vt 0.15829 0.96400
vt 0.70068 0.12908
vt 0.83920 0.78391
vt 0.15332 0.96600
vt 0.79151 0.01005
vt 0.15764 0.95605
vt 0.50423 0.00941
vt 0.15260 0.95332
vt 0.15351 0.94161
vt 0.34229 0.00978
vt 0.15339 0.93825
vt 0.08953 0.57206
vt 0.10670 0.57357
vt 0.14314 0.89064
vt 0.15275 0.89902
vt 0.66632 0.49088
vt 0.15242 0.87192
vt 0.68799 0.11464
vt 0.69534 0.90716
vt 0.11539 0.16304
vt 0.45618 0.15313
vt 0.47824 0.73435
vt 0.46463 0.60859
vt 0.87827 0.91725
vt 0.45166 0.20092
vt 0.29480 0.63533
vt 0.70166 0.07066
vt 0.97411 0.29040
vt 0.98908 0.29961
vt 0.67612 0.69284
vt 0.86572 0.84545
vt 0.45266 0.84324
vt 0.30332 0.61185
vt 0.93805 0.84648
vt 0.69335 0.52112
vt 0.69597 0.60213
vt 0.50917 0.85170
vt 0.83749 0.67486
vt 0.12107 0.37366
vt 0.79518 0.06689
vt 0.35130 0.43045
vt 0.36232 0.42746
vt 0.04486 0.56331
vt 0.90283 0.11483
vt 0.05960 0.57374
vt 0.91222 0.11466
vt 0.06899 0.57793
vt 0.91382 0.10609
vt 0.07059 0.57359
vt 0.13908 0.94711
vt 0.92865 0.10458
vt 0.08542 0.56139
vt 0.64971 0.49243
vt 0.13581 0.87727
vt 0.17009 0.10959
vt 0.13580 0.58129
vt 0.16357 0.11279
vt 0.14629 0.57809
vt 0.15443 0.56911
vt 0.69426 0.87170
vt 0.66445 0.47824
vt 0.66649 0.47465
vt 0.15009 0.83067
vt 0.15364 0.80866
vt 0.14861 0.80151
vt 0.13095 0.15635
vt 0.47174 0.16436
vt 0.93414 0.59070
vt 0.29383 0.69715
vt 0.46699 0.70347
vt 0.61131 0.53773
vt 0.86822 0.87538
vt 0.12625 0.28332
vt 0.50187 0.85666
vt 0.31634 0.18959
vt 0.69826 0.54952
vt 0.84376 0.70779
vt 0.70330 0.59202
vt 0.83873 0.75029
vt 0.35339 0.45253
vt 0.04198 0.57224
vt 0.34927 0.45266
vt 0.85310 0.79033
vt 0.13942 0.97028
vt 0.70997 0.12425
vt 0.84849 0.77733
vt 0.14960 0.91507
vt 0.14985 0.89892
vt 0.69908 0.89748
vt 0.14664 0.83695
vt 0.31084 0.84530
vt 0.53447 0.70314
vt 0.32219 0.85184
vt 0.93115 0.62827
vt 0.29682 0.73471
vt 0.45849 0.63665
vt 0.57626 0.69465
vt 0.54138 0.53835
vt 0.46616 0.70937
vt 0.48283 0.71058
vt 0.46864 0.68883
vt 0.29483 0.70524
vt 0.29517 0.67319
vt 0.65250 0.69666
vt 0.45351 0.84849
vt 0.30253 0.60129
vt 0.94014 0.83592
vt 0.00548 0.04983
vt 0.49599 0.86497
vt 0.31566 0.20857
vt 0.69894 0.54231
vt 0.66694 0.13356
vt 0.02651 0.56278
vt 0.12792 0.37442
vt 0.90619 0.06787
vt 0.00342 0.12958
vt 0.80203 0.06614
vt 0.03020 0.57125
vt 0.59669 0.01709
vt 0.05106 0.57223
vt 0.90718 0.11572
vt 0.06395 0.57263
vt 0.09579 0.57195
vt 0.12594 0.57060
vt 0.12776 0.57167
vt 0.46545 0.18072
vt 0.14151 0.81362
vt 0.11977 0.15997
vt 0.46056 0.15802
vt 0.14271 0.15675
vt 0.48350 0.17889
vt 0.14414 0.79556
vt 0.30923 0.85203
vt 0.53286 0.69641
vt 0.46278 0.64148
vt 0.57142 0.69036
vt 0.53655 0.54264
vt 0.60552 0.69211
vt 0.57064 0.54089
vt 0.45542 0.62445
vt 0.47536 0.68894
vt 0.47310 0.20884
vt 0.65469 0.08449
vt 0.95474 0.17314
vt 0.29864 0.65677
vt 0.93405 0.89141
vt 0.46769 0.20802
vt 0.29626 0.65135
vt 0.62144 0.54561
vt 0.87411 0.86525
vt 0.66521 0.69124
vt 0.77287 0.03791
vt 0.94775 0.84486
vt 0.09717 0.04053
vt 0.69505 0.51439
vt 0.74727 0.41918
vt 0.86144 0.69387
vt 0.91448 0.11139
vt 0.07125 0.57269
vt 0.14079 0.91864
vt 0.18167 0.12114
vt 0.13652 0.56975
vt 0.17130 0.12632
vt 0.16383 0.11939
vt 0.14052 0.57149
vt 0.65454 0.47839
vt 0.65503 0.46479
vt 0.38796 0.85800
vt 0.29990 0.66414
vt 0.47103 0.19529
vt 0.50929 0.19704
vt 0.46700 0.19074
vt 0.51544 0.19301
vt 0.63391 0.69085
vt 0.59903 0.54215
vt 0.99041 0.01582
vt 0.67065 0.15853
vt 0.30831 0.63105
vt 0.93739 0.86569
vt 0.71741 0.06236
vt 0.97021 0.30615
vt 0.88268 0.86431
vt 0.70648 0.07080
vt 0.97192 0.29522
vt 0.87424 0.86261
vt 0.98811 0.02002
vt 0.30411 0.62748
vt 0.93509 0.86212
vt 0.61475 0.12184
vt 0.46492 0.85202
vt 0.32566 0.19726
vt 0.68894 0.54612
vt 0.85308 0.70439
vt 0.69416 0.51942
vt 0.14066 0.97936
vt 0.70867 0.13831
vt 0.14534 0.97523
vt 0.59571 0.01186
vt 0.05629 0.57125
vt 0.59424 0.01183
vt 0.05632 0.56978
vt 0.14782 0.93156
vt 0.54932 0.04248
vt 0.10469 0.57041
vt 0.13819 0.90521
vt 0.56161 0.03571
vt 0.11146 0.56589
vt 0.68860 0.89256
vt 0.44756 0.18092
vt 0.14597 0.83151
vt 0.44940 0.18115
vt 0.14538 0.82967
vt 0.72881 0.03399
vt 0.45247 0.15881
vt 0.56396 0.01904
vt 0.45286 0.17294
vt 0.13939 0.82621
vt 0.30335 0.70608
vt 0.29728 0.70237
vt 0.46427 0.62822
vt 0.54981 0.54412
vt 0.58688 0.68945
vt 0.55201 0.54355
vt 0.30469 0.69254
vt 0.48166 0.68893
vt 0.39812 0.85468
vt 0.62790 0.68942
vt 0.48686 0.20124
vt 0.45237 0.19428
vt 0.50830 0.17838
vt 0.68187 0.14859
vt 0.29837 0.63604
vt 0.97465 0.29939
vt 0.87237 0.85988
vt 0.46450 0.85429
vt 0.47651 0.85363
vt 0.13006 0.27496
vt 0.73885 0.43170
vt 0.86225 0.67976
vt 0.68050 0.56375
vt 0.86152 0.72202
vt 0.05418 0.56735
vt 0.92057 0.11102
vt 0.07733 0.56656
vt 0.64893 0.11377
vt 0.18189 0.13052
vt 0.12930 0.56036
vt 0.69128 0.91690
vt 0.44582 0.17705
vt 0.14101 0.83325
vt 0.44794 0.17144
vt 0.10008 0.19889
vt 0.14152 0.83112
vt 0.12008 0.15613
vt 0.46087 0.16516
vt 0.30713 0.86239
vt 0.53076 0.68604
vt 0.32278 0.86037
vt 0.54641 0.68806
vt 0.49508 0.18855
vt 0.51373 0.22109
vt 0.05811 0.16303
vt 0.46111 0.19113
vt 0.51330 0.18712
vt 0.63848 0.68923
vt 0.60361 0.54377
vt 0.62293 0.12091
vt 0.46584 0.86020
vt 0.93604 0.83033
vt 0.86572 0.07915
vt 0.86377 0.17104
vt 0.92844 0.81660
vt 0.10369 0.03759
vt 0.69211 0.52013
vt 0.69072 0.53500
vt 0.69013 0.59719
vt 0.68541 0.56225
vt 0.36291 0.44949
vt 0.03864 0.56272
vt 0.36346 0.44436
vt 0.04487 0.56218
vt 0.35566 0.43487
vt 0.55546 0.03259
vt 0.83537 0.13916
vt 0.11458 0.56356
vt 0.11938 0.55954
vt 0.65082 0.10835
vt 0.18133 0.12862
vt 0.13472 0.56226
vt 0.15452 0.56650
vt 0.69164 0.87200
vt 0.68284 0.88147
vt 0.44482 0.16410
vt 0.10149 0.19155
vt 0.49658 0.23357
vt 0.69343 0.94023
vt 0.47679 0.68178
vt 0.30298 0.70789
vt 0.48132 0.67444
vt 0.30751 0.71659
vt 0.48149 0.21143
vt 0.94636 0.18028
vt 0.30578 0.66515
vt 0.41218 0.85840
vt 0.95149 0.18815
vt 0.31365 0.66002
vt 0.43773 0.86222
vt 0.67582 0.68263
vt 0.87370 0.84575
vt 0.62389 0.12549
vt 0.46127 0.86117
vt 0.13722 0.27150
vt 0.74231 0.43439
vt 0.86676 0.16059
vt 0.93392 0.80615
vt 0.51003 0.87032
vt 0.10969 0.03352
vt 0.68804 0.52859
vt 0.71806 0.14630
vt 0.13594 0.98322
vt 0.44573 0.07824
vt 0.87811 0.22712
vt 0.87841 0.76289
vt 0.05565 0.55704
vt 0.13606 0.93714
vt 0.83334 0.13225
vt 0.10031 0.55665
vt 0.17137 0.13232
vt 0.14551 0.55856
vt 0.68371 0.87155
vt 0.68744 0.89939
vt 0.09607 0.20353
vt 0.13751 0.83246
vt 0.71631 0.03785
vt 0.56560 0.01674
vt 0.45056 0.17131
vt 0.09769 0.19876
vt 0.45985 0.17422
vt 0.13745 0.81922
vt 0.47516 0.17909
vt 0.13021 0.80390
vt 0.33263 0.85837
vt 0.55627 0.69007
vt 0.33738 0.86427
vt 0.56101 0.68417
vt 0.48019 0.68310
vt 0.30638 0.70580
vt 0.49661 0.20726
vt 0.31141 0.68028
vt 0.06572 0.18174
vt 0.52063 0.20010
vt 0.51640 0.19160
vt 0.98193 0.01590
vt 0.30823 0.62678
vt 0.92892 0.86141
vt 0.31226 0.61931
vt 0.93023 0.85394
vt 0.00342 0.04683
vt 0.49544 0.86703
vt 0.71703 0.14893
vt 0.13697 0.98584
vt 0.36846 0.43683
vt 0.04636 0.55717
vt 0.04826 0.56185
vt 0.07898 0.55179
vt 0.12408 0.22311
vt 0.09518 0.20455
vt 0.13662 0.83627
vt 0.13968 0.83164
vt 0.09673 0.20064
vt 0.72278 0.04150
vt 0.57206 0.01894
vt 0.45275 0.16484
vt 0.33093 0.86240
vt 0.55456 0.68604
vt 0.48212 0.67326
vt 0.30831 0.71591
vt 0.48344 0.67324
vt 0.30963 0.70484
vt 0.26363 0.17739
vt 0.50267 0.69302
vt 0.71383 0.40674
vt 0.91961 0.94196
vt 0.66973 0.10107
vt 0.31368 0.65049
vt 0.91747 0.88513
vt 0.51634 0.18003
vt 0.68954 0.15662
vt 0.88500 0.85691
vt 0.13703 0.27900
vt 0.93441 0.81365
vt 0.48370 0.86201
vt 0.75154 0.42774
vt 0.68367 0.13872
vt 0.04324 0.55938
vt 0.05216 0.54554
vt 0.12429 0.24993
vt 0.07466 0.77340
vt 0.12167 0.94843
vt 0.10750 0.55939
vt 0.17095 0.71379
vt 0.66720 0.92252
vt 0.63766 0.45160
vt 0.16923 0.74662
vt 0.12376 0.85385
vt 0.44579 0.17389
vt 0.09566 0.20134
vt 0.14248 0.14937
vt 0.48327 0.17400
vt 0.33284 0.87318
vt 0.55647 0.67525
vt 0.35435 0.04914
vt 0.34485 0.87553
vt 0.56849 0.67291
vt 0.48786 0.72591
vt 0.88671 0.92126
vt 0.47998 0.13623
vt 0.60864 0.55423
vt 0.87754 0.87805
vt 0.52322 0.18138
vt 0.68229 0.16351
vt 0.87456 0.08350
vt 0.35506 0.10836
vt 0.87260 0.17168
vt 0.39502 0.20443
vt 0.92409 0.81724
vt 0.87418 0.07444
vt 0.87223 0.16950
vt 0.87057 0.07446
vt 0.86861 0.17137
vt 0.49291 0.87174
vt 0.74035 0.43896
vt 0.87267 0.16255
vt 0.33057 0.22880
vt 0.74816 0.43507
vt 0.66650 0.54094
vt 0.76509 0.44574
vt 0.67777 0.59188
vt 0.51753 0.86990
vt 0.75244 0.10986
vt 0.13126 0.93646
vt 0.84802 0.13373
vt 0.09834 0.55813
vt 0.12686 0.88764
vt 0.63871 0.48465
vt 0.12481 0.87647
vt 0.64217 0.46979
vt 0.16131 0.76482
vt 0.16849 0.69554
vt 0.67923 0.90427
vt 0.44523 0.16695
vt 0.09286 0.19440
vt 0.31623 0.86671
vt 0.53987 0.68172
vt 0.47275 0.64365
vt 0.53438 0.55261
vt 0.56318 0.56402
vt 0.07497 0.16645
vt 0.52000 0.22514
vt 0.06438 0.15765
vt 0.52213 0.21974
vt 0.52408 0.20542
vt 0.58576 0.57110
vt 0.88566 0.90093
vt 0.52182 0.19601
vt 0.96408 0.19291
vt 0.91672 0.88207
vt 0.52652 0.19558
vt 0.69349 0.16680
vt 0.48989 0.13482
vt 0.60754 0.55563
vt 0.88745 0.87915
vt 0.61883 0.55551
vt 0.88084 0.86786
vt 0.88789 0.85408
vt 0.92497 0.83487
vt 0.63831 0.10895
vt 0.47781 0.87559
vt 0.50753 0.87239
vt 0.68216 0.53824
vt 0.86690 0.68605
vt 0.67426 0.56392
vt 0.77391 0.46871
vt 0.86776 0.72219
vt 0.66862 0.57851
vt 0.77363 0.48330
vt 0.70557 0.08574
vt 0.52310 0.87905
vt 0.73013 0.13181
vt 0.42627 0.07562
vt 0.87549 0.24658
vt 0.86865 0.78235
vt 0.05436 0.78564
vt 0.12387 0.96873
vt 0.04622 0.53761
vt 0.88027 0.66100
vt 0.11826 0.25587
vt 0.08209 0.55103
vt 0.09000 0.54307
vt 0.87250 0.01394
vt 0.87390 0.04762
vt 0.83302 0.28208
vt 0.12569 0.21209
vt 0.09737 0.65687
vt 0.11935 0.55508
vt 0.08440 0.20186
vt 0.12584 0.83851
vt 0.55376 0.67738
vt 0.79220 0.03668
vt 0.48440 0.63602
vt 0.54202 0.56426
vt 0.48930 0.67873
vt 0.31549 0.70982
vt 0.72811 0.40424
vt 0.32880 0.68592
vt 0.08310 0.17616
vt 0.94120 0.92056
vt 0.62805 0.67421
vt 0.41998 0.87426
vt 0.88515 0.86740
vt 0.90456 0.86786
vt 0.97755 0.18988
vt 0.65456 0.16560
vt 0.92130 0.86860
vt 0.90676 0.85791
vt 0.64593 0.67447
vt 0.91495 0.84924
vt 0.63621 0.10289
vt 0.48387 0.87349
vt 0.75607 0.44314
vt 0.67065 0.54385
vt 0.86966 0.70695
vt 0.72847 0.13127
vt 0.86699 0.77494
vt 0.77360 0.10315
vt 0.12549 0.01210
vt 0.11024 0.91531
vt 0.68018 0.88742
vt 0.50773 0.02062
vt 0.15455 0.69113
vt 0.66401 0.89986
vt 0.08490 0.19116
vt 0.51317 0.23296
vt 0.18638 0.01901
vt 0.16304 0.01901
vt 0.37708 0.87422
vt 0.18682 0.01453
vt 0.16260 0.01453
vt 0.60093 0.67466
vt 0.49283 0.72225
vt 0.89037 0.91980
vt 0.53514 0.21908
vt 0.52745 0.20572
vt 0.52787 0.19915
vt 0.50911 0.12971
vt 0.18580 0.04834
vt 0.90667 0.88326
vt 0.67270 0.17834
vt 0.93944 0.87201
vt 0.68173 0.67738
vt 0.87290 0.83984
vt 0.75820 0.43984
vt 0.05763 0.55008
vt 0.06439 0.54695
vt 0.81885 0.12762
vt 0.10298 0.55203
vt 0.82696 0.12446
vt 0.10404 0.54887
vt 0.86670 0.01759
vt 0.85986 0.05127
vt 0.10425 0.54982
vt 0.12145 0.55290
vt 0.12890 0.54693
vt 0.95459 0.02931
vt 0.67207 0.87293
vt 0.63330 0.47590
vt 0.14858 0.77093
vt 0.11940 0.87451
vt 0.32224 0.71228
vt 0.73345 0.40179
vt 0.49613 0.67145
vt 0.32232 0.69688
vt 0.48105 0.60577
vt 0.88546 0.91443
vt 0.65869 0.17780
vt 0.92543 0.87213
vt 0.91423 0.84088
vt 0.87657 0.07335
vt 0.87461 0.18799
vt 0.88356 0.07733
vt 0.88161 0.17270
vt 0.64112 0.10303
vt 0.21338 0.04834
vt 0.48373 0.87840
vt 0.49748 0.87336
vt 0.82741 0.07861
vt 0.75136 0.44319
vt 0.32634 0.23379
vt 0.76350 0.44682
vt 0.87648 0.71207
vt 0.83609 0.12399
vt 0.10275 0.54839
vt 0.14009 0.55192
vt 0.67706 0.88009
vt 0.07959 0.19155
vt 0.83093 0.01514
vt 0.84339 0.02947
vt 0.71876 0.38294
vt 0.60047 0.11768
vt 0.02065 0.02588
vt 0.70270 0.39338
vt 0.70976 0.37650
vt 0.59147 0.11762
vt 0.83658 0.01461
vt 0.71095 0.38859
vt 0.36809 0.88235
vt 0.21317 0.06689
vt 0.68091 0.12646
vt 0.59172 0.66609
vt 0.63330 0.59627
vt 0.17822 0.02100
vt 0.17120 0.02100
vt 0.37514 0.88238
vt 0.52879 0.22607
vt 0.07316 0.15910
vt 0.17236 0.04019
vt 0.91482 0.86982
vt 0.53175 0.19521
vt 0.68650 0.17204
vt 0.66245 0.18115
vt 0.92919 0.86778
vt 0.93506 0.04053
vt 0.88564 0.83485
vt 0.68256 0.67176
vt 0.69220 0.67641
vt 0.87629 0.82937
vt 0.94706 0.03382
vt 0.68378 0.01101
vt 0.69872 0.67648
vt 0.87961 0.82285
vt 0.40568 0.21508
vt 0.91414 0.82788
vt 0.54639 0.31566
vt 0.88097 0.07511
vt 0.87902 0.17844
vt 0.94463 0.03711
vt 0.68707 0.01160
vt 0.69629 0.67320
vt 0.87902 0.82528
vt 0.68311 0.01318
vt 0.70122 0.67716
vt 0.75350 0.49179
vt 0.72569 0.09424
vt 0.50298 0.87938
vt 0.50872 0.87551
vt 0.42700 0.08740
vt 0.87019 0.78162
vt 0.11300 0.94382
vt 0.10603 0.93708
vt 0.09050 0.54128
vt 0.87429 0.01904
vt 0.83252 0.28718
vt 0.12058 0.21159
vt 0.83237 0.11810
vt 0.09771 0.54251
vt 0.86620 0.04586
vt 0.10507 0.65511
vt 0.10731 0.53775
vt 0.11468 0.66277
vt 0.16355 0.74443
vt 0.11298 0.85954
vt 0.07554 0.20316
vt 0.11698 0.84462
vt 0.07092 0.19060
vt 0.52715 0.23912
vt 0.71616 0.37441
vt 0.59788 0.11668
vt 0.83859 0.02245
vt 0.45850 0.02686
vt 0.50293 0.04326
vt 0.60749 0.11287
vt 0.26693 0.20046
vt 0.69518 0.38367
vt 0.83057 0.01012
vt 0.83838 0.03174
vt 0.45871 0.02631
vt 0.71649 0.38258
vt 0.02002 0.01818
vt 0.71040 0.39275
vt 0.71736 0.38892
vt 0.71880 0.40530
vt 0.32213 0.71932
vt 0.72819 0.39474
vt 0.35794 0.05615
vt 0.34844 0.88254
vt 0.57207 0.66590
vt 0.53679 0.20059
vt 0.68518 0.17707
vt 0.18339 0.04247
vt 0.91253 0.88084
vt 0.89528 0.87542
vt 0.97228 0.19858
vt 0.91839 0.87387
vt 0.44791 0.88007
vt 0.63725 0.51645
vt 0.90586 0.87040
vt 0.89536 0.86930
vt 0.66313 0.67041
vt 0.89400 0.84220
vt 0.40343 0.33007
vt 0.90021 0.83965
vt 0.55815 0.32959
vt 0.40598 0.33438
vt 0.90626 0.83738
vt 0.55588 0.32354
vt 0.34521 0.12848
vt 0.89272 0.18153
vt 0.82971 0.07063
vt 0.88564 0.15591
vt 0.32864 0.24177
vt 0.88535 0.70115
vt 0.38768 0.47788
vt 0.73401 0.13077
vt 0.87253 0.76619
vt 0.12007 0.53694
vt 0.96342 0.03467
vt 0.12743 0.66956
vt 0.66209 0.87829
vt 0.14179 0.67139
vt 0.67016 0.88012
vt 0.67796 0.35544
vt 0.15036 0.11050
vt 0.67529 0.34241
vt 0.14897 0.12354
vt 0.00680 0.43966
vt 0.69387 0.34447
vt 0.02537 0.44580
vt 0.68318 0.36300
vt 0.10766 0.07982
vt 0.70813 0.34236
vt 0.25944 0.19365
vt 0.69467 0.39048
vt 0.02946 0.01953
vt 0.26381 0.18194
vt 0.70905 0.40219
vt 0.32338 0.71068
vt 0.33078 0.68942
vt 0.93584 0.92406
vt 0.93408 0.20947
vt 0.33497 0.67743
vt 0.92510 0.91207
vt 0.96397 0.19948
vt 0.91831 0.88218
vt 0.68166 0.17806
vt 0.97528 0.19988
vt 0.65283 0.17560
vt 0.91957 0.87086
vt 0.89682 0.87073
vt 0.44872 0.02197
vt 0.67013 0.66831
vt 0.45826 0.87996
vt 0.63935 0.50610
vt 0.22188 0.03693
vt 0.47231 0.88434
vt 0.33770 0.03576
vt 0.69647 0.66773
vt 0.88208 0.82510
vt 0.75743 0.44855
vt 0.76111 0.47529
vt 0.71809 0.07773
vt 0.06153 0.54161
vt 0.11868 0.24056
vt 0.11674 0.92583
vt 0.77429 0.10019
vt 0.12846 0.01221
vt 0.11034 0.91462
vt 0.70742 0.34146
vt 0.03893 0.43690
vt 0.14024 0.11967
vt 0.00342 0.43093
vt 0.69569 0.36118
vt 0.26535 0.22021
vt 0.68973 0.36392
vt 0.11420 0.07716
vt 0.70276 0.36915
vt 0.58447 0.11248
vt 0.70213 0.36199
vt 0.26617 0.20369
vt 0.69775 0.38044
vt 0.34424 0.05514
vt 0.55837 0.66691
vt 0.33865 0.70526
vt 0.95090 0.93990
vt 0.86963 0.03467
vt 0.48630 0.60641
vt 0.43279 0.26621
vt 0.89712 0.91507
vt 0.08106 0.14990
vt 0.91631 0.90223
vt 0.42154 0.88651
vt 0.63741 0.54281
vt 0.63987 0.66555
vt 0.44114 0.02018
vt 0.67193 0.66074
vt 0.70351 0.65980
vt 0.88815 0.81806
vt 0.42757 0.34057
vt 0.21613 0.03565
vt 0.47103 0.88463
vt 0.33643 0.04150
vt 0.74461 0.49268
vt 0.49408 0.88374
vt 0.27686 0.24374
vt 0.81299 0.06544
vt 0.75925 0.45761
vt 0.31192 0.24697
vt 0.88393 0.67770
vt 0.10156 0.26318
vt 0.06234 0.76272
vt 0.07373 0.76915
vt 0.11467 0.94936
vt 0.11765 0.53750
vt 0.96583 0.03014
vt 0.12502 0.66503
vt 0.13487 0.77313
vt 0.10618 0.88821
vt 0.53602 0.26005
vt 0.65399 0.93589
vt 0.70975 0.34238
vt 0.04126 0.43882
vt 0.71373 0.35744
vt 0.91951 0.99127
vt 0.71686 0.34218
vt 0.04837 0.43620
vt 0.57618 0.05004
vt 0.92775 0.04804
vt 0.71514 0.36534
vt 0.26209 0.20494
vt 0.69840 0.37919
vt 0.48975 0.04305
vt 0.60770 0.09969
vt 0.78297 0.05127
vt 0.93176 0.96949
vt 0.46849 0.02646
vt 0.49293 0.04639
vt 0.72265 0.38242
vt 0.77979 0.04806
vt 0.92842 0.96628
vt 0.33572 0.72363
vt 0.72946 0.39043
vt 0.93524 0.95827
vt 0.65610 0.07764
vt 0.36146 0.88366
vt 0.19742 0.06006
vt 0.20654 0.06558
vt 0.90557 0.90725
vt 0.64436 0.65719
vt 0.65006 0.54363
vt 0.45473 0.88890
vt 0.43994 0.01374
vt 0.67836 0.65954
vt 0.64954 0.50963
vt 0.35834 0.13525
vt 0.89949 0.16840
vt 0.42191 0.20115
vt 0.61714 0.33696
vt 0.89054 0.17024
vt 0.75590 0.47514
vt 0.29439 0.24619
vt 0.88360 0.73782
vt 0.88755 0.69629
vt 0.08297 0.25544
vt 0.45570 0.07098
vt 0.13749 0.67440
vt 0.71669 0.35834
vt 0.73411 0.35067
vt 0.05200 0.29638
vt 0.06051 0.02002
vt 0.71419 0.36970
vt 0.72092 0.02686
vt 0.59591 0.09909
vt 0.65890 0.06823
vt 0.36426 0.89307
vt 0.19462 0.05754
vt 0.43994 0.03126
vt 0.05379 0.03028
vt 0.63500 0.60010
vt 0.08555 0.17299
vt 0.49259 0.60903
vt 0.43541 0.26992
vt 0.87446 0.02598
vt 0.43134 0.26138
vt 0.88096 0.02646
vt 0.07182 0.14616
vt 0.42920 0.25488
vt 0.90845 0.91148
vt 0.54561 0.21079
vt 0.95174 0.90309
vt 0.89923 0.90121
vt 0.67319 0.18408
vt 0.93993 0.88591
vt 0.90510 0.15417
vt 0.31103 0.26123
vt 0.63137 0.35364
vt 0.83533 0.28417
vt 0.09506 0.65896
vt 0.09868 0.77405
vt 0.10354 0.92441
vt 0.12663 0.01009
vt 0.10822 0.90750
vt 0.07040 0.20459
vt 0.11184 0.84971
vt 0.73678 0.33993
vt 0.06828 0.43116
vt 0.67953 0.36461
vt 0.10400 0.08403
vt 0.14092 0.10134
vt 0.56618 0.04945
vt 0.05641 0.01516
vt 0.71906 0.36594
vt 0.27639 0.02686
vt 0.92483 0.98276
vt 0.03695 0.30789
vt 0.11102 0.08071
vt 0.25303 0.20468
vt 0.12360 0.08948
vt 0.25858 0.01092
vt 0.78174 0.03631
vt 0.49249 0.64647
vt 0.53156 0.57235
vt 0.64209 0.07479
vt 0.34745 0.88651
vt 0.50995 0.69620
vt 0.91643 0.93129
vt 0.09450 0.16930
vt 0.94806 0.91493
vt 0.54402 0.21674
vt 0.08839 0.16238
vt 0.95498 0.90904
vt 0.54386 0.20371
vt 0.95027 0.89600
vt 0.54213 0.20102
vt 0.68193 0.18241
vt 0.94866 0.89332
vt 0.68057 0.18229
vt 0.94731 0.88985
vt 0.92740 0.87878
vt 0.93236 0.88218
vt 0.66390 0.17948
vt 0.93063 0.87253
vt 0.64253 0.55187
vt 0.66055 0.65994
vt 0.57655 0.32199
vt 0.38758 0.34729
vt 0.42691 0.21651
vt 0.60178 0.34514
vt 0.89497 0.17441
vt 0.49931 0.88982
vt 0.28562 0.24982
vt 0.63247 0.37905
vt 0.88550 0.73263
vt 0.11010 0.94668
vt 0.83738 0.29683
vt 0.11094 0.21645
vt 0.83871 0.28802
vt 0.09168 0.66281
vt 0.50866 0.02723
vt 0.14794 0.68859
vt 0.49854 0.02881
vt 0.14637 0.69715
vt 0.14356 0.74617
vt 0.09644 0.87952
vt 0.06548 0.19872
vt 0.10692 0.84684
vt 0.02674 0.42334
vt 0.25663 0.01318
vt 0.77979 0.03857
vt 0.49318 0.64843
vt 0.25635 0.01139
vt 0.49377 0.64871
vt 0.33538 0.71684
vt 0.94464 0.95148
vt 0.49491 0.63960
vt 0.49801 0.63292
vt 0.45930 0.27979
vt 0.54511 0.57787
vt 0.18213 0.05566
vt 0.22184 0.05550
vt 0.67224 0.12289
vt 0.63688 0.58760
vt 0.65283 0.12068
vt 0.31742 0.03174
vt 0.63909 0.56820
vt 0.59642 0.02438
vt 0.43723 0.25833
vt 0.61992 0.65316
vt 0.31755 0.03099
vt 0.64394 0.56807
vt 0.89489 0.90793
vt 0.93519 0.88730
vt 0.41764 0.22684
vt 0.55815 0.30636
vt 0.46234 0.88961
vt 0.68597 0.65883
vt 0.48351 0.89232
vt 0.34890 0.03342
vt 0.70714 0.65612
vt 0.28369 0.02151
vt 0.74658 0.03174
vt 0.92293 0.02957
vt 0.43121 0.34424
vt 0.61667 0.38330
vt 0.88630 0.70564
vt 0.88937 0.23049
vt 0.04048 0.76955
vt 0.73291 0.02295
vt 0.69448 0.08154
vt 0.89058 0.22835
vt 0.88369 0.21287
vt 0.89155 0.74864
vt 0.07201 0.76405
vt 0.10241 0.95108
vt 0.85271 0.30541
vt 0.10236 0.23178
vt 0.47037 0.07022
vt 0.12281 0.67364
vt 0.05811 0.18932
vt 0.53996 0.24642
vt 0.09955 0.84710
vt 0.04573 0.42710
vt 0.74098 0.35423
vt 0.05887 0.30388
vt 0.05062 0.30793
vt 0.91687 0.05225
vt 0.71093 0.36407
vt 0.96943 0.01380
vt 0.91670 0.98463
vt 0.56201 0.05029
vt 0.91357 0.04664
vt 0.05225 0.01768
vt 0.71631 0.01859
vt 0.27387 0.02269
vt 0.97504 0.01709
vt 0.92231 0.98361
vt 0.11564 0.09346
vt 0.89694 0.97569
vt 0.49749 0.64270
vt 0.53533 0.57735
vt 0.24993 0.18546
vt 0.91277 0.95003
vt 0.34102 0.69455
vt 0.92879 0.92919
vt 0.53940 0.59409
vt 0.89329 0.94729
vt 0.09859 0.18213
vt 0.93523 0.91414
vt 0.07856 0.13577
vt 0.91375 0.90474
vt 0.77884 0.08936
vt 0.61641 0.34230
vt 0.88626 0.70748
vt 0.07178 0.25089
vt 0.38859 0.46996
vt 0.50648 0.07809
vt 0.07818 0.23990
vt 0.38623 0.45897
vt 0.86357 0.32275
vt 0.08502 0.24264
vt 0.06682 0.69754
vt 0.39116 0.46172
vt 0.85978 0.30198
vt 0.69678 0.05518
vt 0.86065 0.28759
vt 0.71116 0.05383
vt 0.06974 0.66238
vt 0.10711 0.90803
vt 0.10916 0.67103
vt 0.45264 0.07562
vt 0.14054 0.67904
vt 0.46286 0.08350
vt 0.65357 0.05525
vt 0.60181 0.06104
vt 0.13032 0.68691
vt 0.03803 0.41058
vt 0.21131 0.20068
vt 0.75012 0.34263
vt 0.08162 0.42467
vt 0.06801 0.30759
vt 0.92673 0.98739
vt 0.03885 0.31755
vt 0.10538 0.09178
vt 0.13317 0.10485
vt 0.88668 0.98761
vt 0.11068 0.09066
vt 0.89198 0.98400
vt 0.44901 0.02924
vt 0.04472 0.02827
vt 0.45125 0.03271
vt 0.04248 0.03174
vt 0.92534 0.94625
vt 0.50760 0.62499
vt 0.45137 0.26393
vt 0.92459 0.92366
vt 0.93612 0.93793
vt 0.88285 0.01079
vt 0.44156 0.25740
vt 0.07086 0.13797
vt 0.90766 0.91244
vt 0.94731 0.90619
vt 0.93890 0.89140
vt 0.62842 0.65177
vt 0.65281 0.55957
vt 0.30745 0.25851
vt 0.21470 0.00893
vt 0.63382 0.35721
vt 0.20995 0.00940
vt 0.62973 0.36196
vt 0.88917 0.19711
vt 0.89561 0.73288
vt 0.28289 0.14502
vt 0.89755 0.72768
vt 0.29004 0.14308
vt 0.90056 0.70484
vt 0.40288 0.48291
vt 0.88292 0.30627
vt 0.79932 0.02022
vt 0.04747 0.68106
vt 0.88899 0.29748
vt 0.09352 0.67638
vt 0.10567 0.90622
vt 0.10802 0.67366
vt 0.11224 0.68012
vt 0.14357 0.69471
vt 0.05568 0.42448
vt 0.04486 0.31074
vt 0.12899 0.10898
vt 0.88889 0.99174
vt 0.93105 0.92365
vt 0.56473 0.58544
vt 0.89690 0.92196
vt 0.30713 0.02759
vt 0.59227 0.03467
vt 0.80418 0.01148
vt 0.11377 0.01050
vt 0.94008 0.90146
vt 0.75006 0.02371
vt 0.75309 0.01174
vt 0.30127 0.01076
vt 0.48977 0.01904
vt 0.43245 0.34772
vt 0.61792 0.37527
vt 0.89414 0.29496
vt 0.32865 0.03174
vt 0.34594 0.02194
vt 0.03625 0.66975
vt 0.88530 0.29703
vt 0.04509 0.67182
vt 0.89053 0.31462
vt 0.80355 0.02783
vt 0.03986 0.68941
vt 0.06597 0.74442
vt 0.86019 0.29663
vt 0.70213 0.05011
vt 0.07020 0.67142
vt 0.86166 0.31697
vt 0.11377 0.01997
vt 0.14461 0.71050
vt 0.12327 0.02588
vt 0.06787 0.02002
vt 0.15411 0.72153
vt 0.65031 0.93026
vt 0.54905 0.25893
vt 0.09046 0.85960
vt 0.06652 0.41789
vt 0.05291 0.31438
vt 0.12354 0.12094
vt 0.01666 0.41422
vt 0.18994 0.19705
vt 0.12372 0.11382
vt 0.89130 0.99658
vt 0.00342 0.31785
vt 0.19031 0.18993
vt 0.05135 0.31321
vt 0.24827 0.20835
vt 0.12313 0.09424
vt 0.90443 0.97293
vt 0.79391 0.04569
vt 0.92765 0.96391
vt 0.47259 0.27735
vt 0.53182 0.58556
vt 0.88757 0.01430
vt 0.05594 0.13992
vt 0.44508 0.25486
vt 0.05652 0.13231
vt 0.91209 0.92678
vt 0.30743 0.02272
vt 0.64289 0.57819
vt 0.58740 0.03437
vt 0.79932 0.01118
vt 0.11863 0.01020
vt 0.29073 0.02686
vt 0.92139 0.03661
vt 0.29367 0.02463
vt 0.75656 0.02667
vt 0.92800 0.03955
vt 0.74658 0.01611
vt 0.30777 0.01514
vt 0.48682 0.01254
vt 0.61355 0.37823
vt 0.74736 0.00998
vt 0.30699 0.00900
vt 0.49100 0.01332
vt 0.61969 0.37404
vt 0.20947 0.01318
vt 0.62973 0.36244
vt 0.73685 0.01677
vt 0.89660 0.22441
vt 0.73949 0.01566
vt 0.68355 0.07425
vt 0.08577 0.03760
vt 0.90152 0.22177
vt 0.02833 0.76083
vt 0.89424 0.29858
vt 0.32503 0.03164
vt 0.34584 0.02555
vt 0.03615 0.67336
vt 0.08545 0.02776
vt 0.90082 0.22209
vt 0.02903 0.76115
vt 0.90171 0.23071
vt 0.02814 0.76978
vt 0.49885 0.09555
vt 0.40370 0.45761
vt 0.10300 0.68071
vt 0.63818 0.06104
vt 0.58643 0.05525
vt 0.13611 0.70230
vt 0.91023 0.98456
vt 0.72549 0.02057
vt 0.59356 0.09280
vt 0.91762 0.97443
vt 0.24561 0.19461
vt 0.91313 0.95918
vt 0.88135 0.01709
vt 0.05315 0.13370
vt 0.44787 0.25317
vt 0.80331 0.01318
vt 0.11464 0.01221
vt 0.37902 0.36714
vt 0.60090 0.35641
vt 0.43090 0.34851
vt 0.61637 0.36944
vt 0.76755 0.08313
vt 0.61698 0.35359
vt 0.77334 0.08154
vt 0.61647 0.34780
vt 0.32471 0.02222
vt 0.33643 0.02588
vt 0.67725 0.06567
vt 0.08963 0.02901
vt 0.90782 0.21791
vt 0.06478 0.68603
vt 0.86831 0.31770
vt 0.06207 0.69249
vt 0.07844 0.75874
vt 0.11411 0.69804
vt 0.65183 0.05829
vt 0.60007 0.05799
vt 0.89981 0.99297
vt 0.01193 0.31895
vt 0.26611 0.02172
vt 0.96729 0.01807
vt 0.91456 0.98413
vt 0.02668 0.31302
vt 0.91314 0.98146
vt 0.24783 0.20764
vt 0.90792 0.97221
vt 0.91912 0.95990
vt 0.59957 0.30992
vt 0.36456 0.35645
vt 0.59145 0.30694
vt 0.37268 0.35127
vt 0.42882 0.24561
vt 0.57691 0.30622
vt 0.60724 0.24727
vt 0.42542 0.35563
vt 0.61089 0.37192
vt 0.61675 0.36322
vt 0.90778 0.20801
vt 0.02206 0.74707
vt 0.80973 0.02595
vt 0.04174 0.68733
vt 0.07559 0.75523
vt 0.08637 0.68382
vt 0.08593 0.75447
vt 0.10103 0.68807
vt 0.12222 0.02110
vt 0.07609 0.01525
vt 0.15306 0.71332
vt 0.64554 0.92205
vt 0.07249 0.01816
vt 0.64845 0.92564
vt 0.55231 0.26611
vt 0.08720 0.86678
vt 0.54862 0.26314
vt 0.64139 0.94029
vt 0.09089 0.86381
vt 0.03392 0.41173
vt 0.20720 0.20023
vt 0.04842 0.13332
vt 0.04639 0.13121
vt 0.45463 0.25438
vt 0.90896 0.93691
vt 0.58601 0.29174
vt 0.59917 0.23278
vt 0.17236 0.03271
vt 0.76025 0.07728
vt 0.61856 0.36089
vt 0.62274 0.35434
vt 0.17568 0.02879
vt 0.76418 0.07332
vt 0.61524 0.35696
vt 0.40385 0.46909
vt 0.08692 0.69958
vt 0.40012 0.44161
vt 0.09260 0.69131
vt 0.09281 0.69309
vt 0.12733 0.70335
vt 0.15564 0.71326
vt 0.64338 0.92199
vt 0.37451 0.05566
vt 0.05000 0.31927
vt 0.45560 0.25694
vt 0.90639 0.93787
vt 0.04934 0.12554
vt 0.91353 0.93396
vt 0.45349 0.25547
vt 0.90786 0.93577
vt 0.43905 0.23633
vt 0.59701 0.25235
vt 0.40448 0.36493
vt 0.58994 0.36533
vt 0.06750 0.74556
vt 0.08382 0.23394
vt 0.40962 0.45302
vt 0.11757 0.74272
vt 0.08660 0.90552
vt 0.19971 0.45442
vt 0.12874 0.70947
vt 0.13730 0.71369
vt 0.38036 0.06689
vt 0.06229 0.40714
vt 0.04868 0.32512
vt 0.52660 0.59979
vt 0.89419 0.96009
vt 0.47807 0.26961
vt 0.52635 0.58764
vt 0.47192 0.26149
vt 0.90184 0.95420
vt 0.60066 0.30185
vt 0.18374 0.03179
vt 0.60718 0.35996
vt 0.90167 0.19651
vt 0.27039 0.13382
vt 0.89669 0.19665
vt 0.27536 0.14010
vt 0.03166 0.74584
vt 0.91455 0.72035
vt 0.72416 0.33252
vt 0.48877 0.09717
vt 0.40531 0.45933
vt 0.09905 0.70235
vt 0.11918 0.70131
vt 0.14100 0.71603
vt 0.63677 0.92476
vt 0.93407 0.45335
vt 0.64094 0.92628
vt 0.94448 0.45752
vt 0.07198 0.40742
vt 0.05837 0.32484
vt 0.48127 0.27109
vt 0.52315 0.59349
vt 0.60427 0.31546
vt 0.35986 0.36223
vt 0.28224 0.56006
vt 0.36511 0.36593
vt 0.59692 0.24113
vt 0.91340 0.21337
vt 0.01645 0.75243
vt 0.29319 0.12727
vt 0.05098 0.73110
vt 0.27375 0.12757
vt 0.24863 0.02056
vt 0.03154 0.72704
vt 0.90110 0.73147
vt 0.30165 0.13953
vt 0.07678 0.73820
vt 0.73289 0.30767
vt 0.42083 0.45254
vt 0.10193 0.74184
vt 0.11636 0.71032
vt 0.63869 0.92752
vt 0.94941 0.45527
vt 0.03917 0.40922
vt 0.07473 0.40911
vt 0.06112 0.32315
vt 0.01857 0.32744
vt 0.20546 0.18925
vt 0.03215 0.32807
vt 0.41846 0.05628
vt 0.72510 0.05000
vt 0.60839 0.29991
vt 0.29780 0.55944
vt 0.43219 0.05713
vt 0.73883 0.04916
vt 0.60754 0.28618
vt 0.31153 0.55255
vt 0.59066 0.28247
vt 0.59168 0.22352
vt 0.44407 0.23267
vt 0.58562 0.35166
vt 0.59199 0.25905
vt 0.57744 0.35872
vt 0.58608 0.26611
vt 0.91507 0.21844
vt 0.01478 0.75750
vt 0.90782 0.72751
vt 0.29984 0.13281
vt 0.05763 0.73080
vt 0.73089 0.32681
vt 0.41347 0.47247
vt 0.09152 0.70702
vt 0.66048 0.19599
vt 0.51016 0.34961
vt 0.40139 0.43701
vt 0.09240 0.71756
vt 0.50273 0.36015
vt 0.07213 0.90919
vt 0.21418 0.46368
vt 0.63312 0.93429
vt 0.42280 0.16335
vt 0.03175 0.40448
vt 0.20503 0.19656
vt 0.05985 0.39421
vt 0.04624 0.33805
vt 0.23312 0.19603
vt 0.48928 0.26594
vt 0.51514 0.60010
vt 0.89739 0.97156
vt 0.48611 0.26467
vt 0.89866 0.96839
vt 0.36077 0.37295
vt 0.27702 0.54933
vt 0.58603 0.23475
vt 0.90204 0.19503
vt 0.27002 0.13067
vt 0.37451 0.02515
vt 0.02781 0.73409
vt 0.41118 0.44394
vt 0.08977 0.72425
vt 0.50376 0.36684
vt 0.08048 0.73295
vt 0.50076 0.37554
vt 0.73026 0.30397
vt 0.63218 0.20217
vt 0.42969 0.43689
vt 0.12519 0.71846
vt 0.13736 0.73315
vt 0.93043 0.45392
vt 0.92758 0.45010
vt 0.13971 0.72752
vt 0.93278 0.44856
vt 0.06461 0.89511
vt 0.63131 0.92363
vt 0.95029 0.44789
vt 0.33821 0.13389
vt 0.63623 0.94789
vt 0.41600 0.16025
vt 0.08572 0.86530
vt 0.62556 0.94749
vt 0.42020 0.17092
vt 0.38972 0.06252
vt 0.05326 0.33447
vt 0.28766 0.55072
vt 0.58128 0.28678
vt 0.58873 0.22783
vt 0.38099 0.02440
vt 0.24854 0.02686
vt 0.03164 0.73334
vt 0.41663 0.46659
vt 0.10005 0.72865
vt 0.11764 0.73302
vt 0.91071 0.45231
vt 0.20109 0.44472
vt 0.22045 0.45732
vt 0.05373 0.38985
vt 0.22701 0.19780
vt 0.06759 0.39736
vt 0.05398 0.33490
vt 0.20908 0.19555
vt 0.42687 0.04623
vt 0.73351 0.06006
vt 0.36822 0.37594
vt 0.91743 0.20566
vt 0.01242 0.74473
vt 0.90878 0.19673
vt 0.38432 0.02686
vt 0.02107 0.73579
vt 0.02221 0.74073
vt 0.92123 0.71059
vt 0.42356 0.47904
vt 0.71721 0.31796
vt 0.39768 0.17089
vt 0.93253 0.44216
vt 0.58300 0.28330
vt 0.58007 0.22434
vt 0.37752 0.38428
vt 0.56299 0.35807
vt 0.32899 0.04932
vt 0.40771 0.13422
vt 0.58164 0.25125
vt 0.07253 0.22478
vt 0.43472 0.44385
vt 0.40230 0.17028
vt 0.93716 0.44277
vt 0.03028 0.33695
vt 0.21717 0.19538
vt 0.03805 0.33838
vt 0.22494 0.19301
vt 0.29298 0.54233
vt 0.36868 0.38424
vt 0.41030 0.14307
vt 0.27588 0.53805
vt 0.92643 0.20241
vt 0.00342 0.74147
vt 0.92917 0.71316
vt 0.43149 0.47335
vt 0.70954 0.32927
vt 0.92429 0.72481
vt 0.71442 0.32403
vt 0.40640 0.17411
vt 0.94125 0.43894
vt 0.32756 0.13230
vt 0.40535 0.16777
vt 0.94020 0.44528
vt 0.40949 0.17063
vt 0.29531 0.53828
vt 0.60786 0.27795
vt 0.31975 0.54497
vt 0.30844 0.53872
vt 0.59972 0.27500
vt 0.58431 0.21605
vt 0.57127 0.24205
vt 0.43112 0.12499
vt 0.39502 0.17181
vt 0.92987 0.44125
vt 0.95416 0.42949
vt 0.61589 0.92139
vt 0.96373 0.43247
vt 0.69678 0.04248
vt 0.42311 0.18088
vt 0.01179 0.74054
vt 0.25864 0.02166
vt 0.02154 0.72815
vt 0.47042 0.37471
vt 0.69992 0.29738
vt 0.42736 0.44936
vt 0.46992 0.36682
vt 0.46374 0.01670
vt 0.90336 0.42097
vt 0.31943 0.13346
vt 0.93207 0.43710
vt 0.30908 0.13525
vt 0.92173 0.43042
vt 0.41978 0.26361
vt 0.06334 0.89443
vt 0.40872 0.17467
vt 0.61858 0.93370
vt 0.43711 0.17790
vt 0.04256 0.07178
vt 0.31990 0.54122
vt 0.60780 0.27369
vt 0.58270 0.21473
vt 0.32401 0.54328
vt 0.42104 0.15283
vt 0.73291 0.06749
vt 0.28662 0.53003
vt 0.58936 0.42062
vt 0.89685 0.43176
vt 0.22163 0.45142
vt 0.02881 0.07051
vt 0.38746 0.23064
vt 0.32117 0.53859
vt 0.57208 0.21592
vt 0.38154 0.22899
vt 0.32282 0.53266
vt 0.62556 0.40315
vt 0.57606 0.34747
vt 0.31592 0.03872
vt 0.57795 0.25486
vt 0.41831 0.12115
vt 0.06233 0.91004
vt 0.04581 0.06315
vt 0.57893 0.08328
vt 0.32853 0.53651
vt 0.05873 0.91928
vt 0.22758 0.46924
vt 0.91533 0.42516
vt 0.41452 0.26387
vt 0.31004 0.53159
vt 0.31231 0.53444
vt 0.29673 0.53288
vt 0.59946 0.42392
vt 0.03448 0.06335
vt 0.59026 0.08545
vt 0.55322 0.20730
vt 0.38756 0.22349
vt 0.41917 0.14670
vt 0.42051 0.13768
vt 0.32450 0.04885
vt 0.40818 0.12974
vt 0.61475 0.20947
vt 0.44712 0.44032
vt 0.41534 0.19041
vt 0.41007 0.19385
vt 0.94493 0.41921
vt 0.61079 0.92313
vt 0.95960 0.42737
vt 0.31794 0.53241
vt 0.32035 0.52521
vt 0.30113 0.52239
vt 0.60387 0.42870
vt 0.55921 0.20752
vt 0.38104 0.21750
vt 0.21338 0.24614
vt 0.37733 0.23245
vt 0.31936 0.52845
vt 0.57260 0.23580
vt 0.41775 0.13037
vt 0.43944 0.44517
vt 0.05916 0.91148
vt 0.22715 0.46527
vt 0.53271 0.01633
vt 0.88834 0.42126
vt 0.23213 0.45388
vt 0.41113 0.27122
vt 0.05469 0.90448
vt 0.70935 0.03336
vt 0.60303 0.93494
vt 0.42350 0.19345
vt 0.95835 0.41961
vt 0.69867 0.03651
vt 0.42418 0.18277
vt 0.57178 0.07092
vt 0.55377 0.18882
vt 0.32887 0.52415
vt 0.44721 0.46012
vt 0.69383 0.31604
vt 0.29173 0.52016
vt 0.59446 0.41579
vt 0.42127 0.14150
vt 0.42411 0.13770
vt 0.42460 0.13421
vt 0.56658 0.23709
vt 0.43608 0.13181
vt 0.56337 0.22111
vt 0.62037 0.40218
vt 0.68784 0.30166
vt 0.46052 0.36282
vt 0.45102 0.43548
vt 0.54128 0.02490
vt 0.05732 0.91925
vt 0.22899 0.46245
vt 0.56966 0.19160
vt 0.93230 0.07900
vt 0.21989 0.26205
vt 0.29656 0.52434
vt 0.59930 0.41763
vt 0.44605 0.46018
vt 0.69499 0.31610
vt 0.53315 0.01841
vt 0.23223 0.45596
vt 0.31935 0.51982
vt 0.37186 0.22170
vt 0.22256 0.23896
vt 0.57622 0.19226
vt 0.93885 0.08116
vt 0.58209 0.18143
vt 0.35719 0.52418
vt 0.59069 0.18648
vt 0.36580 0.52096
vt 0.56405 0.18079
vt 0.33916 0.52036
vt 0.32353 0.51929
vt 0.62627 0.44385
vt 0.30731 0.51281
vt 0.61004 0.43646
vt 0.60051 0.41154
vt 0.36980 0.24561
vt 0.60894 0.40490
vt 0.56126 0.24265
vt 0.43052 0.13604
vt 0.74971 0.07568
vt 0.59883 0.40382
vt 0.44536 0.45632
vt 0.69567 0.31224
vt 0.39353 0.27490
vt 0.03708 0.92019
vt 0.04384 0.92816
vt 0.24247 0.45889
vt 0.45557 0.01904
vt 0.90101 0.41279
vt 0.40215 0.25891
vt 0.24060 0.44753
vt 0.45853 0.01467
vt 0.90538 0.41575
vt 0.40686 0.27164
vt 0.40422 0.26882
vt 0.58871 0.19503
vt 0.95135 0.08323
vt 0.59715 0.19414
vt 0.41088 0.05530
vt 0.37225 0.51508
vt 0.56006 0.23549
vt 0.60599 0.40297
vt 0.74407 0.07546
vt 0.59562 0.40946
vt 0.45553 0.44606
vt 0.68550 0.30198
vt 0.88428 0.40784
vt 0.24556 0.45201
vt 0.45291 0.37842
vt 0.88439 0.40329
vt 0.68240 0.29313
vt 0.25011 0.44753
vt 0.38852 0.26541
vt 0.93861 0.08684
vt 0.23067 0.25660
vt 0.58618 0.20291
vt 0.94881 0.09367
vt 0.39991 0.04653
vt 0.30345 0.51458
vt 0.60619 0.41859
vt 0.93115 0.09321
vt 0.34362 0.51144
vt 0.23410 0.26611
vt 0.76225 0.19498
vt 0.23590 0.26087
vt 0.35129 0.23670
vt 0.61785 0.40109
vt 0.45642 0.36243
vt 0.45512 0.43824
vt 0.94588 0.09424
vt 0.39697 0.05811
vt 0.35835 0.51041
vt 0.30960 0.51258
vt 0.61234 0.43194
vt 0.74658 0.19422
vt 0.23513 0.24613
vt 0.35742 0.22387
vt 0.57568 0.13317
vt 0.23700 0.22722
vt 0.43994 0.37274
vt 0.47160 0.43269
vt 0.66943 0.28861
vt 0.37969 0.25324
vt 0.26307 0.44186
vt 0.57672 0.12457
vt 0.24174 0.23582
vt 0.63171 0.41248
vt 0.62123 0.41072
vt 0.33584 0.49717
vt 0.75004 0.20746
vt 0.24838 0.25805
vt 0.35603 0.50614
vt 0.77023 0.19850
vt 0.23941 0.26143
vt 0.35453 0.50281
vt 0.74835 0.20283
vt 0.24374 0.24567
vt 0.35254 0.49626
vt 0.95423 0.05713
vt 0.36996 0.50300
vt 0.78416 0.20163
vt 0.35252 0.49502
vt 0.76672 0.20962
vt 0.33002 0.49367
vt 0.63276 0.43214
vt 0.62454 0.42051
vt 0.59030 0.12936
vt 0.64529 0.40769
vt 0.34712 0.21040
vt 0.58916 0.14308
vt 0.38315 0.26149
vt 0.77384 0.21085
vt 0.25884 0.25089
vt 0.64118 0.42755
vt 0.59308 0.13993
vt 0.02193 0.93694
vt 0.26438 0.45691
vt 0.37595 0.26931
vt 0.01950 0.92556
vt 0.36578 0.25293
vt 0.27698 0.44155
vt 0.97331 0.05510
vt 0.93994 0.05474
vt 0.78656 0.20581
vt 0.37306 0.49133
vt 0.78726 0.21330
vt 0.95303 0.04829
vt 0.37880 0.49028
vt 0.79301 0.21436
vt 0.60726 0.13601
vt 0.66226 0.40104
vt 0.33838 0.19655
vt 0.60300 0.14600
vt 0.65800 0.39106
vt 0.33926 0.21616
vt 0.63839 0.40297
vt 0.27632 0.44461
vt 0.27613 0.44316
vt 0.00551 0.93663
vt 0.28080 0.45193
vt 0.96338 0.06548
vt 0.34981 0.47628
vt 0.26927 0.25746
vt 0.65255 0.43412
vt 0.35986 0.26668
vt 0.00342 0.92369
vt 0.97632 0.06885
vt 0.26662 0.25194
vt 0.12199 0.04150
vt 0.26470 0.24328
vt 0.65966 0.41994
vt 0.13137 0.03899
vt 0.26848 0.25267
vt 0.66217 0.42933
vt 0.12243 0.03287
vt 0.66830 0.42038
vt 0.11963 0.03355
vt 0.66761 0.41758
vn -0.8890 0.4525 0.0696
vn -0.8890 0.4525 0.0696
vn -0.8890 0.4525 0.0696
vn -0.4105 -0.4978 -0.7640
vn -0.4105 -0.4978 -0.7640
vn -0.4105 -0.4978 -0.7640
vn -0.4105 -0.4978 -0.7640
vn -0.4105 -0.4978 -0.7640
vn -0.5509 -0.8024 0.2296
vn -0.5509 -0.8024 0.2296
vn -0.5509 -0.8024 0.2296
vn -0.5509 -0.8024 0.2296
vn -0.6973 0.3646 0.6171
vn -0.6973 0.3646 0.6171
vn -0.6973 0.3646 0.6171
vn -0.3877 0.7342 0.5574
vn -0.3877 0.7342 0.5574
vn -0.5313 -0.0883 -0.8426
vn -0.5313 -0.0883 -0.8426
vn -0.5313 -0.0883 -0.8426
vn -0.5313 -0.0883 -0.8426
vn -0.9134 -0.2952 -0.2804
vn -0.9134 -0.2952 -0.2804
vn -0.9134 -0.2952 -0.2804
vn -0.9134 -0.2952 -0.2804
vn -0.9134 -0.2952 -0.2804
vn -0.6162 0.4653 0.6355
vn -0.6162 0.4653 0.6355
vn -0.5181 0.7296 -0.4465
vn -0.5181 0.7296 -0.4465
vn -0.3765 -0.1303 -0.9172
vn -0.1639 -0.3987 0.9023
vn -0.1639 -0.3987 0.9023
vn -0.1639 -0.3987 0.9023
vn -0.1639 -0.3987 0.9023
vn 0.2240 -0.9386 -0.2623
vn 0.2240 -0.9386 -0.2623
vn -0.4182 0.8568 0.3016
vn -0.4182 0.8568 0.3016
vn -0.9773 -0.1252 0.1711
vn -0.9773 -0.1252 0.1711
vn -0.9773 -0.1252 0.1711
vn -0.9773 -0.1252 0.1711
vn -0.9235 0.3821 -0.0323
vn -0.9235 0.3821 -0.0323
vn -0.9235 0.3821 -0.0323
vn -0.9235 0.3821 -0.0323
vn -0.5078 0.0427 -0.8604
vn -0.5078 0.0427 -0.8604
vn -0.2084 0.4819 0.8511
vn -0.2084 0.4819 0.8511
vn -0.2084 0.4819 0.8511
vn -0.2084 0.4819 0.8511
vn -0.2084 0.4819 0.8511
vn -0.8950 -0.4376 0.0863
vn -0.8950 -0.4376 0.0863
vn -0.8950 -0.4376 0.0863
vn -0.6072 -0.2697 -0.7474
vn -0.6072 -0.2697 -0.7474
vn -0.6072 -0.2697 -0.7474
vn -0.6072 -0.2697 -0.7474
vn -0.6072 -0.2697 -0.7474
vn -0.6072 -0.2697 -0.7474
vn -0.6072 -0.2697 -0.7474
vn -0.6072 -0.2697 -0.7474
vn -0.6072 -0.2697 -0.7474
vn -0.6072 -0.2697 -0.7474
vn -0.6072 -0.2697 -0.7474
vn -0.2132 -0.8869 -0.4098
vn -0.2132 -0.8869 -0.4098
vn -0.2132 -0.8869 -0.4098
vn -0.2132 -0.8869 -0.4098
vn -0.2132 -0.8869 -0.4098
vn -0.2132 -0.8869 -0.4098
vn -0.2175 -0.0367 -0.9754
vn -0.2175 -0.0367 -0.9754
vn -0.2175 -0.0367 -0.9754
vn -0.2175 -0.0367 -0.9754
vn -0.2175 -0.0367 -0.9754
vn -0.2175 -0.0367 -0.9754
vn -0.2175 -0.0367 -0.9754
vn -0.3777 -0.5048 -0.7763
vn -0.3777 -0.5048 -0.7763
vn -0.3777 -0.5048 -0.7763
vn -0.3777 -0.5048 -0.7763
vn -0.1849 0.5149 0.8371
vn -0.1849 0.5149 0.8371
vn 0.0693 -0.9963 0.0517
vn 0.0693 -0.9963 0.0517
vn -0.3756 0.2128 0.9020
vn -0.3756 0.2128 0.9020
vn -0.3756 0.2128 0.9020
vn 0.2122 -0.6224 0.7534
vn 0.2122 -0.6224 0.7534
vn -0.1154 -0.3565 -0.9271
vn -0.1154 -0.3565 -0.9271
vn -0.1154 -0.3565 -0.9271
vn -0.1154 -0.3565 -0.9271
vn -0.3122 0.6557 0.6875
vn -0.3122 0.6557 0.6875
vn -0.5342 0.2508 -0.8073
vn -0.5342 0.2508 -0.8073
vn -0.5342 0.2508 -0.8073
vn -0.5342 0.2508 -0.8073
vn 0.9947 0.0002 0.1030
vn 0.5766 -0.5056 -0.6419
vn 0.5766 -0.5056 -0.6419
vn 0.8715 0.3400 -0.3533
vn 0.0000 -0.0000 0.0000
vn 0.0000 -0.0000 0.0000
vn 0.0000 -0.0000 0.0000
vn 0.2606 0.2025 0.9440
vn 0.2606 0.2025 0.9440
vn -0.2358 0.6394 0.7319
vn -0.2358 0.6394 0.7319
vn -0.2358 0.6394 0.7319
vn 0.9947 0.0973 -0.0325
vn 0.9947 0.0973 -0.0325
vn 0.9947 0.0973 -0.0325
vn 0.9947 0.0973 -0.0325
vn 0.9947 0.0973 -0.0325
vn -0.3581 0.6516 0.6687
vn -0.3581 0.6516 0.6687
vn -0.3581 0.6516 0.6687
vn -0.9643 0.2492 -0.0901
vn -0.9643 0.2492 -0.0901
vn -0.9643 0.2492 -0.0901
vn -0.9285 -0.3650 -0.0678
vn -0.9331 -0.1073 0.3433
vn 0.6622 -0.4912 0.5659
vn 0.6622 -0.4912 0.5659
vn 0.6622 -0.4912 0.5659
vn 0.9421 -0.1059 0.3181
vn 0.9421 -0.1059 0.3181
vn -0.0271 0.4991 0.8661
vn 0.0000 0.0000 0.0000
vn 0.0000 0.0000 0.0000
vn -0.9179 -0.2062 -0.3390
vn -0.8011 -0.2824 -0.5277
vn -0.8011 -0.2824 -0.5277
vn -0.7404 0.0234 0.6718
vn -0.7404 0.0234 0.6718
vn -0.7074 0.4800 0.5188
vn -0.7074 0.4800 0.5188
vn -0.5830 -0.5038 0.6374
vn -0.5830 -0.5038 0.6374
vn -0.5830 -0.5038 0.6374
vn 0.9591 -0.2390 0.1519
vn 0.9591 -0.2390 0.1519
vn -0.5908 0.8067 -0.0146
vn -0.5908 0.8067 -0.0146
vn -0.5908 0.8067 -0.0146
vn -0.5908 0.8067 -0.0146
vn -0.7479 -0.3522 0.5626
vn -0.7479 -0.3522 0.5626
vn -0.7160 -0.4172 0.5597
vn -0.7160 -0.4172 0.5597
vn -0.7160 -0.4172 0.5597
vn -0.7166 0.1339 -0.6845
vn -0.7166 0.1339 -0.6845
vn -0.3607 0.8351 0.4154
vn -0.3607 0.8351 0.4154
vn -0.3607 0.8351 0.4154
vn -0.3607 0.8351 0.4154
vn -0.6281 0.7771 0.0407
vn -0.6281 0.7771 0.0407
vn -0.8355 0.1817 -0.5186
vn -0.8355 0.1817 -0.5186
vn -0.5290 -0.1055 0.8420
vn -0.5290 -0.1055 0.8420
vn -0.6532 0.5890 0.4758
vn 0.5242 -0.1134 -0.8440
vn 0.5242 -0.1134 -0.8440
vn 0.5815 -0.1593 -0.7978
vn 0.5815 -0.1593 -0.7978
vn -0.0127 0.3829 0.9237
vn -0.0127 0.3829 0.9237
vn -0.6916 0.4820 0.5379
vn -0.6916 0.4820 0.5379
vn -0.7368 -0.6549 -0.1682
vn -0.7368 -0.6549 -0.1682
vn -0.7323 -0.6810 0.0011
vn -0.7323 -0.6810 0.0011
vn -0.2167 -0.2521 -0.9431
vn -0.6202 0.5520 -0.5574
vn -0.6202 0.5520 -0.5574
vn -0.6202 0.5520 -0.5574
vn -0.4213 -0.1461 -0.8951
vn -0.4213 -0.1461 -0.8951
vn 0.8026 -0.5823 -0.1292
vn 0.8026 -0.5823 -0.1292
vn 0.8026 -0.5823 -0.1292
vn 0.8026 -0.5823 -0.1292
vn -0.4722 -0.8459 0.2479
vn -0.4722 -0.8459 0.2479
vn -0.4722 -0.8459 0.2479
vn -0.7041 -0.7066 0.0700
vn -0.7041 -0.7066 0.0700
vn -0.9384 -0.2326 0.2557
vn -0.9384 -0.2326 0.2557
vn -0.5898 0.7808 -0.2062
vn -0.5898 0.7808 -0.2062
vn 0.1433 0.3523 -0.9249
vn 0.1433 0.3523 -0.9249
vn -0.9968 -0.0769 -0.0211
vn -0.9968 -0.0769 -0.0211
vn -0.9968 -0.0769 -0.0211
vn 0.8599 -0.0090 0.5103
vn 0.8599 -0.0090 0.5103
vn -0.9371 -0.1053 0.3327
vn -0.9371 -0.1053 0.3327
vn -0.9371 -0.1053 0.3327
vn -0.9371 -0.1053 0.3327
vn -0.0876 -0.0827 -0.9927
vn -0.0876 -0.0827 -0.9927
vn -0.0788 0.2285 0.9704
vn 0.0462 -0.8176 0.5740
vn 0.0462 -0.8176 0.5740
vn -0.2259 0.0278 -0.9738
vn 0.0594 -0.2837 0.9571
vn 0.0594 -0.2837 0.9571
vn 0.0594 -0.2837 0.9571
vn 0.0383 -0.4365 -0.8989
vn 0.0383 -0.4365 -0.8989
vn 0.4331 0.1636 0.8864
vn 0.4331 0.1636 0.8864
vn 0.4331 0.1636 0.8864
vn 0.0000 0.0000 0.0000
vn 0.0000 0.0000 0.0000
vn 0.9623 -0.0985 -0.2536
vn 0.9623 -0.0985 -0.2536
vn 0.9623 -0.0985 -0.2536
vn 0.9623 -0.0985 -0.2536
vn 0.9623 -0.0985 -0.2536
vn 0.9623 -0.0985 -0.2536
vn 0.0000 -0.0000 0.0000
vn 0.0000 -0.0000 0.0000
vn 0.0000 -0.0000 0.0000
vn 0.0000 -0.0000 0.0000
vn 0.0000 0.0000 0.0000
vn 0.0000 0.0000 0.0000
vn 0.5086 -0.7076 0.4905
vn 0.5086 -0.7076 0.4905
vn 0.5086 -0.7076 0.4905
vn 0.2755 -0.3519 -0.8946
vn 0.2755 -0.3519 -0.8946
vn -0.1326 0.3254 0.9362
vn 0.0000 0.0000 0.0000
vn 0.0000 0.0000 0.0000
vn 0.8297 -0.1455 -0.5390
vn 0.8297 -0.1455 -0.5390
vn 0.0000 0.0000 0.0000
vn 0.0000 0.0000 0.0000
vn -0.4481 -0.7409 -0.5002
vn -0.4481 -0.7409 -0.5002
vn -0.4481 -0.7409 -0.5002
vn -0.1350 -0.3419 -0.9300
vn -0.7305 -0.5727 0.3720
vn -0.7305 -0.5727 0.3720
vn -0.7305 -0.5727 0.3720
vn -0.7305 -0.5727 0.3720
vn -0.7100 -0.0265 0.7037
vn -0.2757 -0.1350 0.9517
vn -0.2757 -0.1350 0.9517
vn -0.7368 -0.3266 0.5920
vn -0.7368 -0.3266 0.5920
vn -0.7368 -0.3266 0.5920
vn 0.2417 0.6894 0.6828
vn 0.2417 0.6894 0.6828
vn 0.2417 0.6894 0.6828
vn 0.0410 0.9987 0.0294
vn -0.9049 -0.4125 0.1049
vn -0.9049 -0.4125 0.1049
vn -0.0711 -0.2780 -0.9580
vn -0.9039 -0.2627 0.3376
vn -0.9039 -0.2627 0.3376
vn -0.8373 -0.2911 -0.4629
vn -0.8373 -0.2911 -0.4629
vn -0.9160 -0.0688 -0.3952
vn -0.9160 -0.0688 -0.3952
vn -0.4656 -0.1521 0.8718
vn -0.4656 -0.1521 0.8718
vn -0.4656 -0.1521 0.8718
vn -0.3260 -0.2903 -0.8997
vn -0.3260 -0.2903 -0.8997
vn -0.5230 -0.6789 0.5153
vn -0.5230 -0.6789 0.5153
vn -0.9529 0.1245 -0.2765
vn -0.9529 0.1245 -0.2765
vn 0.2211 -0.1127 -0.9687
vn 0.2211 -0.1127 -0.9687
vn -0.5284 0.0993 -0.8432
vn -0.5284 0.0993 -0.8432
vn -0.5284 0.0993 -0.8432
vn -0.2039 -0.5696 0.7962
vn -0.2039 -0.5696 0.7962
vn -0.8009 -0.1787 0.5715
vn -0.8009 -0.1787 0.5715
vn -0.9757 -0.1004 -0.1948
vn -0.9757 -0.1004 -0.1948
vn -0.8179 -0.1538 0.5545
vn -0.8179 -0.1538 0.5545
vn -0.1204 -0.7493 0.6512
vn -0.4021 0.0247 0.9153
vn 0.1600 -0.2679 -0.9501
vn 0.5376 -0.3384 0.7723
vn 0.5376 -0.3384 0.7723
vn 0.3114 0.6914 -0.6519
vn 0.3114 0.6914 -0.6519
vn -0.7889 -0.2391 0.5660
vn -0.7889 -0.2391 0.5660
vn -0.7889 -0.2391 0.5660
vn -0.7889 -0.2391 0.5660
vn -0.6326 -0.2038 0.7472
vn -0.6326 -0.2038 0.7472
vn -0.1695 0.0468 0.9844
vn 0.1026 -0.5927 0.7988
vn 0.1026 -0.5927 0.7988
vn 0.2195 -0.3065 0.9262
vn 0.1306 -0.5362 0.8339
vn 0.1306 -0.5362 0.8339
vn -0.9695 0.0379 -0.2420
vn -0.9695 0.0379 -0.2420
vn -0.9539 -0.2925 -0.0675
vn -0.7661 -0.5210 0.3764
vn -0.7032 0.2525 0.6647
vn -0.7032 0.2525 0.6647
vn 0.8958 -0.3112 -0.3173
vn 0.8798 -0.3393 0.3329
vn -0.7661 -0.1260 0.6303
vn -0.7661 -0.1260 0.6303
vn -0.7661 -0.1260 0.6303
vn -0.7661 -0.1260 0.6303
vn -0.9829 0.0008 -0.1841
vn -0.9829 0.0008 -0.1841
vn -0.3908 0.0568 -0.9187
vn -0.3094 -0.0695 -0.9484
vn -0.0679 0.0768 -0.9947
vn 0.2956 0.0874 0.9513
vn 0.3601 0.0513 -0.9315
vn 0.2467 0.9613 -0.1230
vn 0.2467 0.9613 -0.1230
vn -0.8648 -0.0390 0.5006
vn -0.8648 -0.0390 0.5006
vn -0.6628 0.6660 -0.3423
vn -0.6628 0.6660 -0.3423
vn -0.8804 0.3627 0.3054
vn -0.8804 0.3627 0.3054
vn -0.1978 0.0625 -0.9783
vn 0.1148 -0.3191 -0.9407
vn -0.4748 -0.2248 0.8509
vn -0.4748 -0.2248 0.8509
vn -0.8939 -0.2229 -0.3890
vn -0.3438 0.1082 0.9328
vn -0.3438 0.1082 0.9328
vn -0.3438 0.1082 0.9328
vn -0.4196 -0.0429 -0.9067
vn -0.4196 -0.0429 -0.9067
vn -0.1670 -0.3841 0.9081
vn -0.1670 -0.3841 0.9081
vn 0.5147 -0.0789 0.8537
vn 0.5147 -0.0789 0.8537
vn 0.0698 -0.1768 0.9818
vn 0.1813 0.1231 0.9757
vn 0.5742 0.3064 -0.7592
vn 0.5742 0.3064 -0.7592
vn 0.1974 -0.3917 -0.8987
vn 0.2247 -0.3291 -0.9172
vn 0.7051 -0.4446 0.5525
vn 0.7051 -0.4446 0.5525
vn -0.9854 -0.1640 0.0464
vn -0.7665 -0.4904 -0.4148
vn -0.0230 0.9352 0.3535
vn -0.0230 0.9352 0.3535
vn -0.9295 -0.0557 -0.3645
vn -0.9295 -0.0557 -0.3645
vn -0.4287 -0.3230 0.8437
vn 0.3156 -0.2595 0.9127
vn 0.3156 -0.2595 0.9127
vn 0.3156 -0.2595 0.9127
vn 0.8039 -0.2369 0.5455
vn 0.8039 -0.2369 0.5455
vn 0.8039 -0.2369 0.5455
vn 0.3291 -0.1302 -0.9353
vn -0.3938 0.1622 0.9048
vn -0.4031 -0.7396 0.5389
vn -0.6946 0.3452 -0.6312
vn -0.6946 0.3452 -0.6312
vn -0.6946 0.3452 -0.6312
vn -0.6946 0.3452 -0.6312
vn -0.6946 0.3452 -0.6312
vn -0.6946 0.3452 -0.6312
vn -0.8896 0.4196 -0.1804
vn -0.8896 0.4196 -0.1804
vn -0.8896 0.4196 -0.1804
vn -0.7507 -0.1310 0.6475
vn -0.7507 -0.1310 0.6475
vn -0.3703 -0.1611 0.9148
vn -0.1172 0.0552 -0.9916
vn 0.2876 -0.1275 0.9492
vn 0.2876 -0.1275 0.9492
vn 0.2876 -0.1275 0.9492
vn 0.2876 -0.1275 0.9492
vn 0.3563 0.0246 -0.9340
vn 0.3563 0.0246 -0.9340
vn 0.1679 0.0228 -0.9855
vn 0.5959 -0.1272 0.7929
vn 0.5959 -0.1272 0.7929
vn 0.3320 -0.2606 -0.9066
vn 0.3320 -0.2606 -0.9066
vn 0.6927 -0.4419 0.5700
vn 0.6927 -0.4419 0.5700
vn 0.6927 -0.4419 0.5700
vn 0.9788 -0.0085 0.2048
vn 0.9788 -0.0085 0.2048
vn 0.5137 -0.3864 0.7660
vn 0.5137 -0.3864 0.7660
vn 0.5028 0.5187 0.6915
vn 0.5028 0.5187 0.6915
vn 0.5028 0.5187 0.6915
vn -0.3015 0.6141 -0.7294
vn -0.8305 -0.0345 -0.5560
vn 0.8272 0.4335 -0.3574
vn 0.8272 0.4335 -0.3574
vn 0.8709 -0.0210 -0.4911
vn 0.8709 -0.0210 -0.4911
vn 0.8709 -0.0210 -0.4911
vn 0.8709 -0.0210 -0.4911
vn 0.7647 0.1131 0.6344
vn 0.7647 0.1131 0.6344
vn 0.7647 0.1131 0.6344
vn 0.7647 0.1131 0.6344
vn -0.7098 -0.6954 0.1120
vn -0.7098 -0.6954 0.1120
vn -0.7098 -0.6954 0.1120
vn -0.7098 -0.6954 0.1120
vn 0.0574 0.0975 0.9936
vn 0.0574 0.0975 0.9936
vn -0.2685 0.5196 -0.8111
vn -0.2685 0.5196 -0.8111
vn -0.8193 -0.0975 0.5650
vn -0.8193 -0.0975 0.5650
vn 0.6379 0.0573 -0.7679
vn 0.6379 0.0573 -0.7679
vn 0.5521 -0.0861 0.8294
vn 0.5521 -0.0861 0.8294
vn 0.3402 0.1487 -0.9285
vn 0.8021 -0.1254 0.5839
vn 0.8021 -0.1254 0.5839
vn 0.8098 -0.3293 -0.4856
vn 0.8098 -0.3293 -0.4856
vn 0.1800 -0.7648 0.6186
vn 0.1800 -0.7648 0.6186
vn 0.7709 0.3479 0.5336
vn 0.7709 0.3479 0.5336
vn 0.3969 0.3975 -0.8273
vn -0.0533 -0.8737 0.4836
vn -0.0533 -0.8737 0.4836
vn -0.0533 -0.8737 0.4836
vn -0.5709 -0.7653 -0.2973
vn -0.5709 -0.7653 -0.2973
vn -0.5709 -0.7653 -0.2973
vn -0.8101 -0.5265 -0.2579
vn -0.8101 -0.5265 -0.2579
vn -0.8101 -0.5265 -0.2579
vn 0.0315 0.3519 0.9355
vn 0.0315 0.3519 0.9355
vn 0.5291 -0.0090 0.8485
vn 0.5291 -0.0090 0.8485
vn 0.2074 -0.0674 0.9759
vn 0.9986 0.0515 -0.0140
vn 0.9986 0.0515 -0.0140
vn 0.7915 0.0755 -0.6065
vn 0.7915 0.0755 -0.6065
vn 0.8691 -0.2219 0.4421
vn 0.9401 -0.3370 0.0517
vn 0.9401 -0.3370 0.0517
vn 0.5893 -0.2033 -0.7819
vn 0.8641 -0.3600 -0.3517
vn 0.8641 -0.3600 -0.3517
vn 0.8077 -0.3052 0.5044
vn 0.8077 -0.3052 0.5044
vn 0.8553 -0.4482 0.2599
vn 0.8553 -0.4482 0.2599
vn 0.4036 -0.2507 0.8799
vn 0.4036 -0.2507 0.8799
vn 0.8505 0.2958 0.4349
vn -0.9428 -0.0289 -0.3321
vn -0.9428 -0.0289 -0.3321
vn -0.7063 -0.1827 0.6839
vn -0.7063 -0.1827 0.6839
vn -0.4042 0.1213 0.9066
vn -0.4042 0.1213 0.9066
vn -0.4009 0.0727 -0.9132
vn -0.4009 0.0727 -0.9132
vn -0.4695 -0.4150 -0.7793
vn -0.4695 -0.4150 -0.7793
vn -0.6459 -0.5220 -0.5570
vn -0.6459 -0.5220 -0.5570
vn -0.6459 -0.5220 -0.5570
vn -0.6459 -0.5220 -0.5570
vn 0.1798 -0.1568 0.9711
vn 0.1798 -0.1568 0.9711
vn 0.1798 -0.1568 0.9711
vn 0.7839 -0.0362 0.6198
vn 0.7839 -0.0362 0.6198
vn -0.8997 -0.4006 -0.1732
vn -0.8997 -0.4006 -0.1732
vn -0.5070 -0.7022 -0.4998
vn -0.5070 -0.7022 -0.4998
vn -0.2162 -0.9610 -0.1722
vn -0.2041 0.4992 0.8421
vn -0.2041 0.4992 0.8421
vn -0.2041 0.4992 0.8421
vn -0.2041 0.4992 0.8421
vn 0.9822 0.0314 0.1854
vn 0.9822 0.0314 0.1854
vn 0.5057 0.0620 -0.8605
vn 0.5057 0.0620 -0.8605
vn 0.9967 -0.0771 -0.0268
vn 0.9967 -0.0771 -0.0268
vn 0.9291 -0.1004 0.3558
vn 0.9291 -0.1004 0.3558
vn 0.9540 0.2045 0.2191
vn 0.8184 -0.4285 0.3828
vn 0.8184 -0.4285 0.3828
vn 0.8308 -0.0815 -0.5506
vn 0.6607 0.0041 -0.7507
vn -0.6296 0.6825 0.3713
vn -0.6296 0.6825 0.3713
vn -0.6296 0.6825 0.3713
vn -0.9848 -0.1564 -0.0759
vn -0.9848 -0.1564 -0.0759
vn -0.9848 -0.1564 -0.0759
vn -0.9848 -0.1564 -0.0759
vn 0.1543 -0.1099 0.9819
vn 0.1543 -0.1099 0.9819
vn -0.8015 -0.1662 -0.5744
vn -0.8015 -0.1662 -0.5744
vn 0.0004 -0.3072 0.9516
vn 0.0004 -0.3072 0.9516
vn -0.2864 -0.9581 -0.0070
vn -0.2864 -0.9581 -0.0070
vn -0.4290 -0.7076 -0.5615
vn -0.4290 -0.7076 -0.5615
vn -0.3358 -0.0531 -0.9404
vn -0.3358 -0.0531 -0.9404
vn -0.3358 -0.0531 -0.9404
vn -0.5697 0.8196 -0.0608
vn -0.5697 0.8196 -0.0608
vn -0.5697 0.8196 -0.0608
vn 0.2013 0.3829 0.9016
vn 0.2013 0.3829 0.9016
vn -0.5518 0.8249 -0.1222
vn -0.5518 0.8249 -0.1222
vn -0.4430 0.0249 -0.8962
vn -0.4430 0.0249 -0.8962
vn 0.3127 -0.6070 0.7306
vn 0.3127 -0.6070 0.7306
vn 0.3127 -0.6070 0.7306
vn 0.3127 -0.6070 0.7306
vn 0.9460 0.1074 0.3059
vn 0.9460 0.1074 0.3059
vn -0.4557 0.6067 -0.6513
vn -0.4557 0.6067 -0.6513
vn -0.0407 0.0332 -0.9986
vn -0.0407 0.0332 -0.9986
vn -0.1175 -0.1120 -0.9867
vn 0.0788 0.8209 -0.5656
vn 0.0788 0.8209 -0.5656
vn -0.1514 0.7741 0.6147
vn -0.1514 0.7741 0.6147
vn 0.6371 0.2351 0.7340
vn 0.6371 0.2351 0.7340
vn 0.6371 0.2351 0.7340
vn 0.8623 0.0877 -0.4987
vn 0.8623 0.0877 -0.4987
vn 0.9845 0.0314 -0.1724
vn 0.8726 0.0950 0.4790
vn 0.8726 0.0950 0.4790
vn 0.9639 -0.0677 0.2575
vn -0.4696 0.5894 0.6573
vn -0.4696 0.5894 0.6573
vn -0.4696 0.5894 0.6573
vn -0.4696 0.5894 0.6573
vn 0.1299 0.0627 -0.9895
vn 0.1299 0.0627 -0.9895
vn 0.9886 0.0975 0.1147
vn 0.9652 -0.2008 0.1673
vn 0.7460 -0.6256 0.2282
vn 0.7460 -0.6256 0.2282
vn 0.6725 -0.1042 -0.7327
vn 0.6725 -0.1042 -0.7327
vn 0.7269 -0.2015 -0.6565
vn 0.7269 -0.2015 -0.6565
vn 0.7269 -0.2015 -0.6565
vn 0.7824 0.0188 -0.6225
vn 0.7824 0.0188 -0.6225
vn 0.4943 -0.4375 -0.7512
vn 0.4943 -0.4375 -0.7512
vn 0.4943 -0.4375 -0.7512
vn 0.4943 -0.4375 -0.7512
vn -0.9592 -0.0389 -0.2802
vn -0.9592 -0.0389 -0.2802
vn -0.5993 -0.0235 0.8002
vn -0.5993 -0.0235 0.8002
vn 0.6547 0.2260 0.7213
vn 0.6547 0.2260 0.7213
vn 0.6742 0.0593 -0.7361
vn 0.6742 0.0593 -0.7361
vn 0.8372 -0.3937 -0.3796
vn 0.8372 -0.3937 -0.3796
vn 0.8372 -0.3937 -0.3796
vn -0.4017 -0.8534 -0.3322
vn -0.4017 -0.8534 -0.3322
vn -0.4017 -0.8534 -0.3322
vn -0.4372 -0.5836 -0.6843
vn -0.4372 -0.5836 -0.6843
vn -0.2529 0.4288 -0.8673
vn -0.2529 0.4288 -0.8673
vn 0.8739 0.4757 -0.0996
vn 0.8739 0.4757 -0.0996
vn 0.8739 0.4757 -0.0996
vn 0.5113 0.6618 -0.5483
vn 0.5113 0.6618 -0.5483
vn 0.9891 0.0125 0.1466
vn 0.9891 0.0125 0.1466
vn 0.5293 0.1778 -0.8296
vn 0.5293 0.1778 -0.8296
vn 0.5293 0.1778 -0.8296
vn 0.5293 0.1778 -0.8296
vn 0.1180 0.9802 0.1590
vn 0.2760 -0.8362 0.4740
vn 0.2760 -0.8362 0.4740
vn 0.2760 -0.8362 0.4740
vn 0.2760 -0.8362 0.4740
vn 0.2760 -0.8362 0.4740
vn 0.8062 0.2427 0.5396
vn 0.8062 0.2427 0.5396
vn 0.8062 0.2427 0.5396
vn -0.9493 -0.0698 0.3064
vn -0.8708 -0.1145 -0.4781
vn -0.8708 -0.1145 -0.4781
vn -0.5208 -0.2033 -0.8291
vn -0.5208 -0.2033 -0.8291
vn -0.1940 -0.1187 0.9738
vn -0.1940 -0.1187 0.9738
vn -0.1940 -0.1187 0.9738
vn -0.1855 0.0753 -0.9798
vn 0.6629 0.0750 0.7450
vn 0.8196 -0.0245 0.5724
vn 0.7735 0.0669 0.6302
vn 0.6390 -0.5262 0.5611
vn 0.6390 -0.5262 0.5611
vn -0.7673 -0.6170 0.1750
vn -0.7673 -0.6170 0.1750
vn -0.7673 -0.6170 0.1750
vn -0.1666 0.3203 0.9326
vn -0.1666 0.3203 0.9326
vn 0.4531 -0.8624 -0.2259
vn 0.4531 -0.8624 -0.2259
vn 0.5820 -0.6847 0.4387
vn 0.5820 -0.6847 0.4387
vn 0.5820 -0.6847 0.4387
vn 0.5820 -0.6847 0.4387
vn -0.1036 0.2356 -0.9663
vn -0.7013 -0.4854 0.5220
vn -0.7013 -0.4854 0.5220
vn -0.2009 0.0542 -0.9781
vn 0.8230 0.0824 -0.5620
vn 0.8230 0.0824 -0.5620
vn 0.0188 -0.8925 0.4506
vn 0.0188 -0.8925 0.4506
vn -0.0183 -0.7348 0.6780
vn -0.0183 -0.7348 0.6780
vn -0.0183 -0.7348 0.6780
vn 0.9526 -0.2550 0.1661
vn -0.8538 -0.1762 -0.4900
vn -0.8538 -0.1762 -0.4900
vn -0.8538 -0.1762 -0.4900
vn -0.2019 0.1957 -0.9596
vn -0.2019 0.1957 -0.9596
vn 0.1088 -0.8592 0.4999
vn 0.1088 -0.8592 0.4999
vn 0.7939 -0.1521 -0.5888
vn 0.7939 -0.1521 -0.5888
vn 0.7939 -0.1521 -0.5888
vn 0.7939 -0.1521 -0.5888
vn -0.3072 -0.8582 0.4112
vn -0.3072 -0.8582 0.4112
vn -0.3072 -0.8582 0.4112
vn 0.2904 0.7098 -0.6418
vn 0.2904 0.7098 -0.6418
vn 0.2904 0.7098 -0.6418
vn 0.2904 0.7098 -0.6418
vn 0.2904 0.7098 -0.6418
vn 0.3573 -0.2778 0.8917
vn 0.3573 -0.2778 0.8917
vn -0.6556 0.7518 0.0710
vn -0.6556 0.7518 0.0710
vn -0.6556 0.7518 0.0710
vn -0.0164 -0.0622 -0.9979
vn -0.0164 -0.0622 -0.9979
vn 0.8150 -0.0575 0.5766
vn 0.8150 -0.0575 0.5766
vn -0.8654 0.4917 0.0965
vn -0.9283 -0.1757 -0.3278
vn 0.5485 -0.1282 0.8263
vn 0.5485 -0.1282 0.8263
vn 0.8028 -0.2140 0.5566
vn 0.8028 -0.2140 0.5566
vn 0.8028 -0.2140 0.5566
vn 0.7616 -0.4279 0.4867
vn 0.7616 -0.4279 0.4867
vn 0.0662 0.9469 -0.3148
vn 0.5656 0.4949 0.6596
vn 0.5656 0.4949 0.6596
vn 0.5656 0.4949 0.6596
vn 0.8927 0.0726 0.4447
vn 0.8927 0.0726 0.4447
vn 0.8927 0.0726 0.4447
vn 0.8927 0.0726 0.4447
vn -0.1036 -0.0676 0.9923
vn -0.1036 -0.0676 0.9923
vn 0.4697 0.1176 0.8750
vn 0.4697 0.1176 0.8750
vn 0.7093 -0.2436 -0.6615
vn 0.7093 -0.2436 -0.6615
vn -0.8207 0.5708 -0.0273
vn 0.9102 0.0149 -0.4139
vn 0.9102 0.0149 -0.4139
vn 0.6941 -0.0148 0.7197
vn 0.6941 -0.0148 0.7197
vn 0.9930 -0.0237 0.1157
vn 0.9930 -0.0237 0.1157
vn -0.7617 -0.6433 -0.0772
vn -0.7526 0.4819 -0.4487
vn 0.9146 -0.2634 0.3067
vn 0.9146 -0.2634 0.3067
vn -0.7015 0.1988 -0.6844
vn 0.6726 -0.2455 0.6981
vn 0.6726 -0.2455 0.6981
vn 0.1749 0.9831 -0.0548
vn 0.9585 0.2025 0.2007
vn 0.9585 0.2025 0.2007
vn -0.6528 -0.5825 -0.4843
vn -0.6528 -0.5825 -0.4843
vn -0.6528 -0.5825 -0.4843
vn -0.6380 -0.4354 0.6351
vn -0.6380 -0.4354 0.6351
vn -0.2735 0.9613 0.0322
vn 0.0941 0.8499 0.5185
vn 0.0941 0.8499 0.5185
vn 0.1305 0.9859 -0.1044
vn 0.1305 0.9859 -0.1044
vn 0.5253 -0.8259 -0.2047
vn 0.5253 -0.8259 -0.2047
vn -0.7064 0.1631 -0.6888
vn -0.7064 0.1631 -0.6888
vn 0.3917 -0.2464 0.8865
vn 0.3917 -0.2464 0.8865
vn 0.3917 -0.2464 0.8865
vn 0.4238 0.0594 -0.9038
vn 0.4238 0.0594 -0.9038
vn 0.5179 -0.7114 0.4751
vn 0.5179 -0.7114 0.4751
vn 0.5179 -0.7114 0.4751
vn 0.5179 -0.7114 0.4751
vn -0.4160 -0.4815 -0.7714
vn -0.4160 -0.4815 -0.7714
vn -0.4160 -0.4815 -0.7714
vn -0.6716 -0.7381 -0.0646
vn -0.6716 -0.7381 -0.0646
vn -0.6383 0.3171 -0.7014
vn -0.6383 0.3171 -0.7014
vn 0.7702 -0.3469 0.5352
vn 0.7702 -0.3469 0.5352
vn -0.6343 0.7234 -0.2727
vn -0.6343 0.7234 -0.2727
vn -0.6343 0.7234 -0.2727
vn -0.6895 0.1242 0.7135
vn -0.6895 0.1242 0.7135
vn -0.6895 0.1242 0.7135
vn 0.2979 0.9091 -0.2913
vn -0.2039 -0.7063 0.6779
vn -0.2039 -0.7063 0.6779
vn 0.9180 -0.3290 0.2214
vn -0.4366 0.3094 0.8448
vn -0.4366 0.3094 0.8448
vn 0.8009 0.0140 0.5986
vn 0.9758 0.1394 0.1688
vn 0.8443 0.2263 -0.4858
vn 0.8443 0.2263 -0.4858
vn -0.0298 -0.9425 0.3328
vn -0.0298 -0.9425 0.3328
vn -0.0298 -0.9425 0.3328
vn -0.6222 0.7789 0.0792
vn -0.6222 0.7789 0.0792
vn 0.2921 0.8414 -0.4547
vn 0.2921 0.8414 -0.4547
vn 0.3359 -0.4827 -0.8088
vn 0.3359 -0.4827 -0.8088
vn 0.7548 -0.3453 -0.5577
vn 0.7548 -0.3453 -0.5577
vn 0.9874 -0.0481 0.1510
vn -0.4052 -0.8673 -0.2891
vn -0.4052 -0.8673 -0.2891
vn -0.4477 0.8443 0.2944
vn 0.9454 0.3241 -0.0347
vn 0.9454 0.3241 -0.0347
vn 0.9454 0.3241 -0.0347
vn 0.9454 0.3241 -0.0347
vn 0.6152 0.7845 0.0785
vn 0.6152 0.7845 0.0785
vn 0.3331 -0.1668 -0.9280
vn 0.3445 -0.8814 -0.3234
vn 0.3445 -0.8814 -0.3234
vn 0.3445 -0.8814 -0.3234
vn 0.3445 -0.8814 -0.3234
vn 0.3445 -0.8814 -0.3234
vn 0.1138 -0.0507 -0.9922
vn 0.6694 -0.7072 -0.2277
vn 0.6694 -0.7072 -0.2277
vn -0.7975 -0.1731 0.5780
vn -0.7975 -0.1731 0.5780
vn -0.8112 0.5487 0.2023
vn -0.8112 0.5487 0.2023
vn -0.0696 0.4669 -0.8816
vn -0.0696 0.4669 -0.8816
vn -0.0696 0.4669 -0.8816
vn 0.7431 -0.4534 0.4921
vn 0.7431 -0.4534 0.4921
vn 0.7431 -0.4534 0.4921
vn 0.4337 -0.6273 0.6469
vn 0.4337 -0.6273 0.6469
vn 0.4337 -0.6273 0.6469
vn 0.4337 -0.6273 0.6469
vn -0.4137 0.6674 -0.6192
vn -0.4137 0.6674 -0.6192
vn -0.4137 0.6674 -0.6192
vn -0.5366 -0.3966 0.7448
vn 0.5094 0.3016 -0.8059
vn 0.5094 0.3016 -0.8059
vn 0.2764 -0.8028 -0.5283
vn -0.7678 -0.6057 -0.2090
vn -0.7678 -0.6057 -0.2090
vn -0.7678 -0.6057 -0.2090
vn -0.7678 -0.6057 -0.2090
vn -0.7678 -0.6057 -0.2090
vn 0.0000 -0.0000 0.0000
vn 0.0000 -0.0000 0.0000
vn 0.9287 -0.3551 0.1070
vn 0.9287 -0.3551 0.1070
vn 0.9287 -0.3551 0.1070
vn 0.9287 -0.3551 0.1070
vn -0.9776 -0.0563 0.2030
vn -0.9776 -0.0563 0.2030
vn -0.9776 -0.0563 0.2030
vn -0.9776 -0.0563 0.2030
vn -0.9776 -0.0563 0.2030
vn 0.0353 -0.3775 0.9253
vn 0.0353 -0.3775 0.9253
vn 0.0353 -0.3775 0.9253
vn -0.1833 0.0857 -0.9793
vn -0.1833 0.0857 -0.9793
vn -0.3605 0.3499 -0.8647
vn -0.5998 0.0532 0.7983
vn -0.5998 0.0532 0.7983
vn -0.5998 0.0532 0.7983
vn 0.2688 0.3991 0.8766
vn 0.2688 0.3991 0.8766
vn 0.2688 0.3991 0.8766
vn 0.2688 0.3991 0.8766
vn -0.7306 0.0704 -0.6792
vn -0.7306 0.0704 -0.6792
vn -0.2995 0.3221 0.8981
vn -0.2995 0.3221 0.8981
vn 0.4485 0.0981 0.8884
vn -0.1426 -0.9879 0.0602
vn -0.1845 0.3303 -0.9257
vn -0.1845 0.3303 -0.9257
vn -0.1845 0.3303 -0.9257
vn -0.1845 0.3303 -0.9257
vn -0.4027 0.8765 0.2638
vn -0.1548 -0.3894 -0.9080
vn -0.1548 -0.3894 -0.9080
vn 0.9958 -0.0799 -0.0437
vn 0.9958 -0.0799 -0.0437
vn 0.3797 -0.0068 0.9251
vn 0.3797 -0.0068 0.9251
vn 0.3797 -0.0068 0.9251
vn 0.4166 0.4131 -0.8098
vn 0.4166 0.4131 -0.8098
vn 0.1545 -0.0035 -0.9880
vn 0.1545 -0.0035 -0.9880
vn 0.4517 -0.3266 -0.8302
vn -0.1667 -0.8771 -0.4505
vn -0.1667 -0.8771 -0.4505
vn 0.2305 -0.7078 0.6677
vn -0.4655 -0.3999 -0.7895
vn -0.4655 -0.3999 -0.7895
vn -0.4655 -0.3999 -0.7895
vn 0.9590 -0.0702 0.2745
vn 0.9590 -0.0702 0.2745
vn 0.1021 0.9873 -0.1214
vn -0.7516 -0.1536 -0.6414
vn -0.4609 -0.8499 -0.2556
vn -0.4609 -0.8499 -0.2556
vn -0.4609 -0.8499 -0.2556
vn -0.4609 -0.8499 -0.2556
vn -0.2250 0.7985 -0.5584
vn -0.2250 0.7985 -0.5584
vn 0.3469 0.2255 -0.9104
vn 0.5801 0.6578 0.4804
vn 0.5801 0.6578 0.4804
vn 0.5801 0.6578 0.4804
vn 0.5917 0.1041 0.7994
vn 0.5917 0.1041 0.7994
vn 0.7233 0.6824 0.1052
vn 0.7233 0.6824 0.1052
vn -0.9319 0.1516 -0.3295
vn -0.9319 0.1516 -0.3295
vn -0.9319 0.1516 -0.3295
vn -0.9319 0.1516 -0.3295
vn -0.7678 -0.2402 -0.5940
vn -0.7678 -0.2402 -0.5940
vn -0.7678 -0.2402 -0.5940
vn -0.7678 -0.2402 -0.5940
vn -0.7678 -0.2402 -0.5940
vn -0.7678 -0.2402 -0.5940
vn -0.7791 -0.6127 0.1330
vn -0.7791 -0.6127 0.1330
vn -0.7791 -0.6127 0.1330
vn -0.5278 0.2278 0.8182
vn -0.5278 0.2278 0.8182
vn -0.5278 0.2278 0.8182
vn -0.5278 0.2278 0.8182
vn -0.4350 0.1715 0.8840
vn -0.6133 -0.7619 0.2085
vn -0.6133 -0.7619 0.2085
vn -0.4352 0.6288 0.6443
vn -0.4352 0.6288 0.6443
vn 0.6761 -0.6466 0.3531
vn 0.6761 -0.6466 0.3531
vn 0.6761 -0.6466 0.3531
vn 0.3787 0.6494 -0.6595
vn 0.3787 0.6494 -0.6595
vn 0.3787 0.6494 -0.6595
vn 0.2022 0.3098 -0.9291
vn 0.2022 0.3098 -0.9291
vn 0.0538 -0.9931 -0.1046
vn 0.2761 0.0091 -0.9611
vn 0.2761 0.0091 -0.9611
vn -0.5468 -0.5903 -0.5938
vn -0.5468 -0.5903 -0.5938
vn -0.3975 0.3573 -0.8452
vn 0.0828 0.6587 -0.7478
vn 0.0828 0.6587 -0.7478
vn 0.0828 0.6587 -0.7478
vn 0.0828 0.6587 -0.7478
vn 0.3324 0.7952 -0.5071
vn 0.3324 0.7952 -0.5071
vn 0.9605 0.1075 0.2568
vn 0.9605 0.1075 0.2568
vn 0.4155 0.8148 0.4044
vn 0.4155 0.8148 0.4044
vn 0.4155 0.8148 0.4044
vn -0.6030 -0.5920 0.5348
vn -0.6030 -0.5920 0.5348
vn 0.1459 -0.5190 -0.8422
vn 0.1459 -0.5190 -0.8422
vn 0.1459 -0.5190 -0.8422
vn 0.1459 -0.5190 -0.8422
vn -0.3943 0.0869 0.9149
vn -0.3943 0.0869 0.9149
vn -0.3943 0.0869 0.9149
vn -0.0318 -0.8000 -0.5992
vn -0.0318 -0.8000 -0.5992
vn -0.4103 0.9030 -0.1277
vn -0.4103 0.9030 -0.1277
vn -0.4103 0.9030 -0.1277
vn 0.3648 -0.7056 0.6075
vn 0.3648 -0.7056 0.6075
vn 0.2782 -0.6846 0.6738
vn 0.2782 -0.6846 0.6738
vn 0.6050 -0.5788 0.5467
vn 0.6050 -0.5788 0.5467
vn 0.4517 0.8915 0.0352
vn 0.4517 0.8915 0.0352
vn -0.1259 -0.6216 0.7731
vn -0.1259 -0.6216 0.7731
vn -0.1259 -0.6216 0.7731
vn -0.1259 -0.6216 0.7731
vn -0.1534 0.9652 -0.2116
vn -0.1534 0.9652 -0.2116
vn -0.1534 0.9652 -0.2116
vn -0.1534 0.9652 -0.2116
vn -0.1534 0.9652 -0.2116
vn 0.9671 -0.1708 -0.1885
vn 0.9671 -0.1708 -0.1885
vn -0.5612 -0.0899 0.8228
vn -0.5612 -0.0899 0.8228
vn -0.6612 0.1231 0.7401
vn -0.6001 0.5792 -0.5518
vn -0.6001 0.5792 -0.5518
vn -0.5453 -0.4452 -0.7103
vn -0.5453 -0.4452 -0.7103
vn -0.7261 0.6743 -0.1347
vn -0.7261 0.6743 -0.1347
vn -0.1570 -0.9810 0.1139
vn -0.1570 -0.9810 0.1139
vn -0.1032 -0.9931 0.0549
vn -0.4531 0.8490 -0.2717
vn -0.6841 0.6886 -0.2405
vn -0.1064 -0.8750 -0.4723
vn -0.1064 -0.8750 -0.4723
vn -0.1064 -0.8750 -0.4723
vn 0.1767 -0.9735 0.1449
vn -0.2735 0.3132 -0.9095
vn -0.2735 0.3132 -0.9095
vn 0.6827 0.3430 0.6452
vn 0.6827 0.3430 0.6452
vn 0.2737 0.8306 -0.4850
vn 0.2737 0.8306 -0.4850
vn 0.2737 0.8306 -0.4850
vn 0.4373 0.5921 0.6769
vn 0.5406 0.1135 0.8336
vn 0.5406 0.1135 0.8336
vn 0.0900 0.0851 -0.9923
vn 0.0900 0.0851 -0.9923
vn 0.0900 0.0851 -0.9923
vn 0.1269 -0.3126 -0.9414
vn 0.1269 -0.3126 -0.9414
vn 0.0498 -0.8023 0.5949
vn 0.0498 -0.8023 0.5949
vn -0.6389 -0.0080 0.7693
vn -0.6389 -0.0080 0.7693
vn -0.3350 0.7795 0.5293
vn -0.3350 0.7795 0.5293
vn -0.9251 0.3712 -0.0799
vn -0.6731 -0.0545 -0.7376
vn -0.6731 -0.0545 -0.7376
vn -0.7533 -0.6539 0.0698
vn -0.7533 -0.6539 0.0698
vn -0.8157 0.3799 -0.4362
vn -0.8157 0.3799 -0.4362
vn -0.9349 0.3343 0.1191
vn -0.7043 -0.4406 0.5567
vn -0.7043 -0.4406 0.5567
vn -0.7043 -0.4406 0.5567
vn -0.7109 -0.3972 -0.5803
vn -0.7109 -0.3972 -0.5803
vn 0.0000 0.0000 0.0000
vn 0.0000 0.0000 0.0000
vn 0.6334 -0.3323 0.6988
vn 0.6334 -0.3323 0.6988
vn 0.6334 -0.3323 0.6988
vn -0.1166 -0.7659 -0.6323
vn -0.1166 -0.7659 -0.6323
vn -0.1166 -0.7659 -0.6323
vn -0.1166 -0.7659 -0.6323
vn 0.8927 -0.4450 0.0713
vn -0.2180 -0.9185 0.3300
vn -0.2180 -0.9185 0.3300
vn -0.2180 -0.9185 0.3300
vn -0.2208 0.2961 -0.9293
vn -0.7777 0.5200 0.3532
vn -0.7777 0.5200 0.3532
vn -0.6036 0.1218 0.7880
vn -0.6036 0.1218 0.7880
vn 0.5624 0.1199 0.8181
vn -0.4170 -0.2590 -0.8712
vn 0.8534 0.5142 -0.0854
vn 0.8956 0.4016 0.1914
vn 0.8956 0.4016 0.1914
vn -0.5719 0.4251 -0.7016
vn -0.5719 0.4251 -0.7016
vn -0.4799 0.8411 -0.2495
vn -0.0489 -0.6248 -0.7792
vn -0.0489 -0.6248 -0.7792
vn -0.0489 -0.6248 -0.7792
vn -0.0489 -0.6248 -0.7792
vn 0.1941 -0.0512 0.9796
vn -0.8693 0.4742 -0.1397
vn -0.1721 0.2542 0.9517
vn -0.1721 0.2542 0.9517
vn -0.8245 0.5658 0.0070
vn 0.3906 -0.9119 0.1262
vn -0.7257 0.6347 -0.2656
vn -0.7257 0.6347 -0.2656
vn -0.7257 0.6347 -0.2656
vn 0.5871 0.8087 -0.0359
vn 0.5388 0.5779 0.6130
vn 0.5388 0.5779 0.6130
vn -0.2550 -0.6469 -0.7187
vn -0.2550 -0.6469 -0.7187
vn -0.2550 -0.6469 -0.7187
vn -0.3847 -0.0719 0.9202
vn 0.4714 -0.7398 -0.4802
vn 0.4714 -0.7398 -0.4802
vn 0.4714 -0.7398 -0.4802
vn -0.1593 -0.2520 0.9545
vn -0.1593 -0.2520 0.9545
vn -0.6955 -0.5016 -0.5144
vn -0.6955 -0.5016 -0.5144
vn -0.6955 -0.5016 -0.5144
vn -0.1647 -0.9813 0.0995
vn -0.1647 -0.9813 0.0995
vn -0.2678 0.9325 0.2425
vn -0.2678 0.9325 0.2425
vn -0.3074 0.9515 -0.0132
vn 0.0170 -0.9999 -0.0021
vn -0.4440 -0.7688 0.4602
vn -0.4440 -0.7688 0.4602
vn -0.4440 -0.7688 0.4602
vn -0.8585 0.5120 -0.0288
vn 0.4455 -0.8185 -0.3627
vn 0.4455 -0.8185 -0.3627
vn 0.4455 -0.8185 -0.3627
vn 0.4455 -0.8185 -0.3627
vn -0.2348 -0.1784 -0.9555
vn 0.3103 0.5013 -0.8077
vn 0.3103 0.5013 -0.8077
vn -0.5569 -0.0264 0.8301
vn -0.5569 -0.0264 0.8301
vn -0.5578 0.5626 0.6103
vn -0.5578 0.5626 0.6103
vn -0.5578 0.5626 0.6103
vn -0.5848 0.7949 -0.1617
vn -0.5848 0.7949 -0.1617
vn 0.7609 0.0197 0.6485
vn 0.7609 0.0197 0.6485
vn 0.2250 0.6886 0.6894
vn 0.2250 0.6886 0.6894
vn 0.2250 0.6886 0.6894
vn 0.0101 0.7020 -0.7121
vn 0.0101 0.7020 -0.7121
vn -0.7009 0.6909 0.1769
vn -0.0235 -0.0030 -0.9997
vn -0.0235 -0.0030 -0.9997
vn 0.6998 0.1725 0.6932
vn 0.6191 0.0264 0.7849
vn 0.6191 0.0264 0.7849
vn -0.4523 0.7763 0.4391
vn -0.4523 0.7763 0.4391
vn -0.1246 -0.0110 0.9921
vn 0.0760 0.9902 -0.1168
vn -0.9495 0.1904 -0.2493
vn -0.4403 -0.6476 -0.6219
vn -0.4403 -0.6476 -0.6219
vn -0.4403 -0.6476 -0.6219
vn -0.6547 -0.7002 0.2848
vn -0.6547 -0.7002 0.2848
vn -0.6547 -0.7002 0.2848
vn -0.7268 0.0702 0.6832
vn -0.7268 0.0702 0.6832
vn -0.7268 0.0702 0.6832
vn -0.0969 -0.3761 0.9215
vn -0.0969 -0.3761 0.9215
vn -0.1972 -0.9663 -0.1654
vn -0.1972 -0.9663 -0.1654
vn -0.4980 -0.0583 -0.8652
vn -0.4980 -0.0583 -0.8652
vn -0.4980 -0.0583 -0.8652
vn -0.4839 0.3427 0.8052
vn -0.4839 0.3427 0.8052
vn 0.3106 -0.0933 -0.9460
vn -0.2328 0.0934 -0.9680
vn -0.2328 0.0934 -0.9680
vn -0.8526 0.4611 0.2459
vn -0.8526 0.4611 0.2459
vn -0.8989 0.4381 0.0015
vn 0.7826 -0.4587 0.4209
vn 0.7826 -0.4587 0.4209
vn 0.7826 -0.4587 0.4209
vn 0.5420 0.2879 0.7896
vn 0.5420 0.2879 0.7896
vn 0.0278 0.4583 0.8884
vn 0.0278 0.4583 0.8884
vn 0.0278 0.4583 0.8884
vn 0.8126 0.4552 0.3640
vn 0.8126 0.4552 0.3640
vn 0.8126 0.4552 0.3640
vn -0.1067 -0.2728 0.9561
vn -0.1067 -0.2728 0.9561
vn -0.5952 -0.0125 0.8035
vn -0.5952 -0.0125 0.8035
vn -0.6999 -0.3338 0.6314
vn -0.6999 -0.3338 0.6314
vn -0.3207 0.5719 -0.7550
vn -0.3207 0.5719 -0.7550
vn -0.3207 0.5719 -0.7550
vn 0.6298 -0.1123 -0.7686
vn -0.2126 0.9573 0.1959
vn 0.0387 0.1732 0.9841
vn 0.0387 0.1732 0.9841
vn -0.4668 -0.8018 -0.3731
vn -0.1915 -0.7999 0.5688
vn -0.1915 -0.7999 0.5688
vn -0.1915 -0.7999 0.5688
vn 0.0572 0.2103 -0.9760
vn 0.0572 0.2103 -0.9760
vn 0.1919 0.2752 -0.9420
vn 0.1919 0.2752 -0.9420
vn 0.4052 0.6852 0.6052
vn 0.4052 0.6852 0.6052
vn -0.0638 0.6694 0.7402
vn -0.0638 0.6694 0.7402
vn -0.0825 0.7703 0.6323
vn -0.0825 0.7703 0.6323
vn -0.3863 0.9058 -0.1742
vn -0.3863 0.9058 -0.1742
vn -0.3863 0.9058 -0.1742
vn 0.7309 -0.6420 0.2315
vn 0.7309 -0.6420 0.2315
vn -0.7195 0.2385 0.6522
vn -0.7195 0.2385 0.6522
vn -0.6752 0.1786 -0.7157
vn -0.6752 0.1786 -0.7157
vn -0.6752 0.1786 -0.7157
vn -0.1979 -0.7717 -0.6044
vn -0.1979 -0.7717 -0.6044
vn -0.1979 -0.7717 -0.6044
vn 0.4807 -0.8372 -0.2610
vn 0.4807 -0.8372 -0.2610
vn -0.2288 0.1370 -0.9638
vn -0.2288 0.1370 -0.9638
vn 0.7115 -0.7025 0.0162
vn 0.7115 -0.7025 0.0162
vn -0.7177 0.1658 -0.6764
vn -0.7177 0.1658 -0.6764
vn -0.8044 0.5153 -0.2955
vn -0.8044 0.5153 -0.2955
vn -0.1895 -0.1602 -0.9687
vn -0.1895 -0.1602 -0.9687
vn -0.6107 -0.1152 0.7834
vn -0.6107 -0.1152 0.7834
vn -0.6107 -0.1152 0.7834
vn -0.4331 -0.8756 -0.2138
vn -0.5485 -0.7797 0.3019
vn -0.5485 -0.7797 0.3019
vn 0.4272 0.3803 0.8203
vn 0.4272 0.3803 0.8203
vn 0.4272 0.3803 0.8203
vn 0.4272 0.3803 0.8203
vn -0.4042 0.8624 0.3049
vn -0.4042 0.8624 0.3049
vn -0.4042 0.8624 0.3049
vn 0.1952 0.0120 0.9807
vn -0.7697 0.6384 0.0021
vn -0.7697 0.6384 0.0021
vn -0.6125 0.7905 0.0044
vn -0.6125 0.7905 0.0044
vn -0.6634 0.5427 -0.5151
vn -0.6634 0.5427 -0.5151
vn 0.6818 -0.5964 0.4235
vn 0.6818 -0.5964 0.4235
vn -0.5747 0.4781 0.6642
vn -0.5747 0.4781 0.6642
vn -0.7377 0.5192 0.4316
vn -0.7377 0.5192 0.4316
vn -0.3316 -0.6101 -0.7196
vn -0.3316 -0.6101 -0.7196
vn 0.9586 0.1268 -0.2552
vn 0.9586 0.1268 -0.2552
vn 0.7235 -0.3305 0.6060
vn 0.7235 -0.3305 0.6060
vn 0.0000 0.0000 -0.0000
vn 0.0000 0.0000 -0.0000
vn 0.6080 -0.5732 0.5494
vn 0.6080 -0.5732 0.5494
vn 0.6080 -0.5732 0.5494
vn 0.6080 -0.5732 0.5494
vn -0.9871 0.0286 -0.1575
vn -0.9871 0.0286 -0.1575
vn -0.9871 0.0286 -0.1575
vn -0.7563 -0.6246 0.1945
vn -0.7414 0.0760 0.6668
vn -0.7414 0.0760 0.6668
vn -0.7414 0.0760 0.6668
vn -0.7414 0.0760 0.6668
vn -0.7241 0.2490 -0.6432
vn -0.7241 0.2490 -0.6432
vn 0.2871 0.0077 -0.9579
vn 0.2871 0.0077 -0.9579
vn 0.2871 0.0077 -0.9579
vn -0.0400 0.1236 0.9915
vn 0.8938 -0.4453 0.0524
vn 0.8938 -0.4453 0.0524
vn 0.8938 -0.4453 0.0524
vn -0.6888 0.3756 0.6201
vn -0.6888 0.3756 0.6201
vn -0.6888 0.3756 0.6201
vn -0.0378 0.6947 -0.7183
vn -0.0378 0.6947 -0.7183
vn -0.0378 0.6947 -0.7183
vn -0.0378 0.6947 -0.7183
vn 0.8056 -0.4732 0.3564
vn 0.8056 -0.4732 0.3564
vn -0.6852 0.2125 -0.6967
vn -0.6852 0.2125 -0.6967
vn -0.7793 0.5386 -0.3204
vn -0.2348 -0.9717 -0.0241
vn -0.2348 -0.9717 -0.0241
vn -0.2348 -0.9717 -0.0241
vn -0.6928 -0.1525 0.7048
vn -0.6928 -0.1525 0.7048
vn 0.5373 -0.8248 0.1759
vn 0.5373 -0.8248 0.1759
vn -0.3033 -0.1519 -0.9407
vn -0.3033 -0.1519 -0.9407
vn -0.3033 -0.1519 -0.9407
vn 0.1019 -0.4967 0.8619
vn -0.1646 0.5121 -0.8430
vn -0.1646 0.5121 -0.8430
vn -0.4920 0.6986 -0.5196
vn -0.4920 0.6986 -0.5196
vn -0.8532 0.0339 0.5205
vn -0.8532 0.0339 0.5205
vn -0.1281 -0.9902 0.0559
vn 0.3620 -0.9228 0.1322
vn 0.3620 -0.9228 0.1322
vn -0.5488 0.7821 -0.2950
vn -0.8158 -0.2658 -0.5136
vn -0.8158 -0.2658 -0.5136
vn -0.6606 -0.6489 -0.3775
vn 0.0000 0.0000 0.0000
vn 0.0000 0.0000 0.0000
vn 0.2745 -0.6243 0.7314
vn 0.2745 -0.6243 0.7314
vn 0.2745 -0.6243 0.7314
vn -0.9105 -0.3245 0.2562
vn -0.9105 -0.3245 0.2562
vn -0.9479 0.0269 -0.3176
vn -0.3672 -0.5855 0.7228
vn -0.3672 -0.5855 0.7228
vn -0.0611 0.1067 0.9924
vn 0.2670 -0.9102 -0.3166
vn -0.1224 0.9223 0.3666
vn -0.1224 0.9223 0.3666
vn -0.3290 -0.6230 -0.7096
vn -0.3290 -0.6230 -0.7096
vn -0.3290 -0.6230 -0.7096
vn -0.9186 0.3897 -0.0652
vn -0.3945 -0.6706 -0.6282
vn -0.3945 -0.6706 -0.6282
vn -0.3945 -0.6706 -0.6282
vn -0.8794 -0.4760 -0.0109
vn -0.8794 -0.4760 -0.0109
vn -0.8794 -0.4760 -0.0109
vn 0.6740 -0.6876 -0.2700
vn 0.6740 -0.6876 -0.2700
vn 0.6740 -0.6876 -0.2700
vn -0.6165 -0.0437 -0.7862
vn -0.6165 -0.0437 -0.7862
vn -0.5997 0.4671 -0.6497
vn -0.5997 0.4671 -0.6497
vn 0.3155 0.8139 0.4878
vn 0.3155 0.8139 0.4878
vn -0.3070 -0.6122 0.7286
vn -0.3070 -0.6122 0.7286
vn -0.7504 0.5662 -0.3411
vn -0.7504 0.5662 -0.3411
vn -0.7504 0.5662 -0.3411
vn -0.7504 0.5662 -0.3411
vn -0.1305 0.9298 -0.3443
vn -0.1305 0.9298 -0.3443
vn -0.1305 0.9298 -0.3443
vn -0.1305 0.9298 -0.3443
vn -0.1305 0.9298 -0.3443
vn 0.0806 0.1223 -0.9892
vn 0.0806 0.1223 -0.9892
vn -0.0059 -0.2822 0.9593
vn -0.0059 -0.2822 0.9593
vn 0.1464 -0.6943 -0.7047
vn 0.1464 -0.6943 -0.7047
vn 0.1464 -0.6943 -0.7047
vn -0.9115 -0.0050 0.4112
vn -0.9115 -0.0050 0.4112
vn -0.9115 -0.0050 0.4112
vn -0.8586 0.2077 0.4686
vn -0.8586 0.2077 0.4686
vn -0.8586 0.2077 0.4686
vn -0.3562 -0.9340 0.0293
vn -0.3562 -0.9340 0.0293
vn -0.4777 0.0640 0.8762
vn -0.6304 0.6066 0.4844
vn -0.6304 0.6066 0.4844
vn -0.8904 0.4287 -0.1527
vn -0.8904 0.4287 -0.1527
vn -0.8904 0.4287 -0.1527
vn -0.8904 0.4287 -0.1527
vn -0.3040 -0.1036 0.9470
vn -0.3040 -0.1036 0.9470
vn -0.3040 -0.1036 0.9470
vn 0.6524 0.6560 -0.3796
vn 0.6524 0.6560 -0.3796
vn -0.6527 0.7195 0.2373
vn -0.6527 0.7195 0.2373
vn -0.6527 0.7195 0.2373
vn -0.6527 0.7195 0.2373
vn -0.6527 0.7195 0.2373
vn -0.7430 0.4676 -0.4788
vn -0.7430 0.4676 -0.4788
vn -0.7430 0.4676 -0.4788
vn -0.3810 -0.5691 -0.7286
vn -0.3810 -0.5691 -0.7286
vn -0.2561 -0.6155 0.7454
vn -0.2561 -0.6155 0.7454
vn -0.2561 -0.6155 0.7454
vn -0.2561 -0.6155 0.7454
vn -0.2004 0.2310 0.9521
vn 0.5653 -0.3832 0.7305
vn -0.0721 -0.7993 -0.5966
vn -0.0721 -0.7993 -0.5966
vn -0.0721 -0.7993 -0.5966
vn -0.0721 -0.7993 -0.5966
vn -0.0721 -0.7993 -0.5966
vn -0.0721 -0.7993 -0.5966
vn -0.9196 0.2763 0.2794
vn -0.9919 -0.1179 0.0467
vn -0.9919 -0.1179 0.0467
vn -0.9919 -0.1179 0.0467
vn -0.6786 -0.6872 0.2594
vn -0.6786 -0.6872 0.2594
vn -0.8707 0.2966 -0.3924
vn -0.8707 0.2966 -0.3924
vn -0.9927 0.1185 0.0208
vn 0.1470 -0.3967 0.9061
vn 0.1470 -0.3967 0.9061
vn 0.1470 -0.3967 0.9061
vn 0.1470 -0.3967 0.9061
vn -0.6608 -0.1205 0.7408
vn -0.6608 -0.1205 0.7408
vn -0.6801 -0.6616 0.3159
vn -0.6801 -0.6616 0.3159
vn -0.2247 0.6069 -0.7624
vn -0.2247 0.6069 -0.7624
vn -0.9688 0.2476 -0.0097
vn -0.9295 0.1575 0.3335
vn -0.6768 -0.7263 0.1200
vn -0.6768 -0.7263 0.1200
vn 0.2143 -0.9730 0.0863
vn -0.9724 -0.1652 0.1649
vn -0.9724 -0.1652 0.1649
vn -0.9724 -0.1652 0.1649
vn -0.9724 -0.1652 0.1649
vn 0.2675 0.7756 0.5717
vn 0.2675 0.7756 0.5717
vn 0.2675 0.7756 0.5717
vn 0.2675 0.7756 0.5717
vn -0.9658 -0.2388 -0.1013
vn -0.2143 0.6857 -0.6957
vn -0.2143 0.6857 -0.6957
vn -0.2143 0.6857 -0.6957
vn -0.2143 0.6857 -0.6957
vn 0.2518 -0.5486 0.7973
vn 0.2218 -0.4962 0.8394
vn -0.2711 0.4734 -0.8381
vn -0.2711 0.4734 -0.8381
vn 0.5312 -0.6985 0.4795
vn 0.5312 -0.6985 0.4795
vn -0.1674 -0.6234 -0.7638
vn -0.6454 0.4430 -0.6222
vn -0.6454 0.4430 -0.6222
vn 0.2205 -0.0613 -0.9735
vn 0.2205 -0.0613 -0.9735
vn -0.2182 -0.6725 -0.7072
vn -0.2182 -0.6725 -0.7072
vn -0.8812 -0.1483 -0.4489
vn -0.8812 -0.1483 -0.4489
vn 0.9373 -0.0274 -0.3474
vn 0.9373 -0.0274 -0.3474
vn 0.9373 -0.0274 -0.3474
vn 0.9373 -0.0274 -0.3474
vn -0.5177 0.3557 0.7781
vn -0.5177 0.3557 0.7781
vn -0.5177 0.3557 0.7781
vn -0.9874 0.1265 0.0955
vn -0.8790 0.1027 0.4656
vn -0.9853 0.0849 -0.1482
vn -0.9853 0.0849 -0.1482
vn -0.9355 0.2921 -0.1987
vn -0.8753 0.0547 -0.4804
vn -0.8753 0.0547 -0.4804
vn -0.1645 -0.8907 0.4239
vn -0.9927 0.0606 0.1045
vn -0.9279 0.3599 0.0973
vn 0.2265 0.5000 -0.8359
vn 0.2265 0.5000 -0.8359
vn 0.6614 0.6723 -0.3324
vn 0.6614 0.6723 -0.3324
vn 0.6614 0.6723 -0.3324
vn -0.3412 0.5529 -0.7602
vn -0.3412 0.5529 -0.7602
vn 0.3251 -0.5197 0.7901
vn 0.2039 -0.3157 0.9267
vn 0.3849 -0.5339 -0.7528
vn 0.3849 -0.5339 -0.7528
vn 0.3849 -0.5339 -0.7528
vn 0.5857 -0.5644 0.5817
vn 0.5857 -0.5644 0.5817
vn 0.9283 -0.3665 0.0621
vn 0.9283 -0.3665 0.0621
vn -0.6204 0.4968 -0.6069
vn -0.6204 0.4968 -0.6069
vn -0.6204 0.4968 -0.6069
vn -0.0928 -0.8305 0.5493
vn -0.6159 -0.0470 0.7864
vn -0.6159 -0.0470 0.7864
vn -0.2642 0.9644 0.0092
vn -0.4526 0.8917 -0.0053
vn -0.5375 -0.0320 -0.8427
vn -0.5375 -0.0320 -0.8427
vn -0.5375 -0.0320 -0.8427
vn -0.5375 -0.0320 -0.8427
vn 0.1188 -0.1294 0.9845
vn -0.8740 0.2541 0.4141
vn -0.8740 0.2541 0.4141
vn 0.6479 -0.6092 0.4572
vn 0.6479 -0.6092 0.4572
vn -0.8759 0.3006 -0.3774
vn -0.8759 0.3006 -0.3774
vn -0.8759 0.3006 -0.3774
vn -0.8759 0.3006 -0.3774
vn -0.6816 -0.1746 -0.7106
vn -0.6816 -0.1746 -0.7106
vn -0.6816 -0.1746 -0.7106
vn 0.0073 -0.9965 0.0832
vn 0.0073 -0.9965 0.0832
vn -0.8783 -0.3912 0.2748
vn -0.8783 -0.3912 0.2748
vn -0.3618 -0.8741 -0.3241
vn -0.3618 -0.8741 -0.3241
vn -0.3618 -0.8741 -0.3241
vn -0.8154 0.5756 -0.0609
vn -0.5998 0.7897 0.1285
vn -0.8511 0.3099 0.4239
vn -0.9275 -0.2842 -0.2427
vn -0.9275 -0.2842 -0.2427
vn 0.7121 -0.1251 0.6908
vn 0.7121 -0.1251 0.6908
vn 0.7121 -0.1251 0.6908
vn -0.9526 -0.3014 -0.0402
vn -0.9526 -0.3014 -0.0402
vn -0.9526 -0.3014 -0.0402
vn -0.7723 -0.1100 -0.6256
vn -0.7723 -0.1100 -0.6256
vn 0.1850 -0.3106 0.9323
vn 0.1850 -0.3106 0.9323
vn 0.1850 -0.3106 0.9323
vn -0.7981 -0.0617 -0.5993
vn -0.7981 -0.0617 -0.5993
vn -0.7981 -0.0617 -0.5993
vn -0.7438 0.1889 -0.6412
vn -0.1958 0.4552 0.8686
vn -0.1958 0.4552 0.8686
vn -0.9748 0.1738 0.1400
vn -0.9748 0.1738 0.1400
vn -0.9729 0.0665 0.2216
vn 0.1276 0.4002 -0.9075
vn 0.1276 0.4002 -0.9075
vn -0.9556 0.2125 0.2042
vn -0.9328 0.3510 0.0813
vn -0.9328 0.3510 0.0813
vn -0.9328 0.3510 0.0813
vn 0.7639 0.3752 0.5250
vn 0.7639 0.3752 0.5250
vn -0.4858 0.0080 -0.8740
vn -0.4858 0.0080 -0.8740
vn 0.0504 -0.9217 -0.3846
vn 0.0504 -0.9217 -0.3846
vn -0.0273 -0.2739 0.9614
vn -0.0273 -0.2739 0.9614
vn -0.0273 -0.2739 0.9614
vn 0.0925 -0.0180 0.9956
vn -0.0222 -0.0961 -0.9951
vn -0.0222 -0.0961 -0.9951
vn -0.0222 -0.0961 -0.9951
vn -0.0222 -0.0961 -0.9951
vn -0.0000 0.0000 0.0000
vn -0.0000 0.0000 0.0000
vn 0.6053 0.2631 -0.7513
vn 0.6053 0.2631 -0.7513
vn 0.0062 0.5499 0.8352
vn 0.0062 0.5499 0.8352
vn 0.0062 0.5499 0.8352
vn -0.2766 0.0899 -0.9568
vn -0.2744 -0.3955 -0.8765
vn -0.2282 -0.3129 0.9220
vn -0.2282 -0.3129 0.9220
vn -0.4266 0.5564 0.7130
vn -0.4266 0.5564 0.7130
vn 0.3205 -0.4569 -0.8298
vn 0.3205 -0.4569 -0.8298
vn 0.3205 -0.4569 -0.8298
vn 0.3205 -0.4569 -0.8298
vn 0.8636 -0.1936 0.4655
vn 0.8636 -0.1936 0.4655
vn -0.7416 0.3727 0.5578
vn -0.7416 0.3727 0.5578
vn -0.7416 0.3727 0.5578
vn -0.2923 -0.5431 0.7871
vn -0.2923 -0.5431 0.7871
vn 0.9299 -0.3125 0.1939
vn 0.9299 -0.3125 0.1939
vn -0.2252 -0.7978 -0.5594
vn -0.2252 -0.7978 -0.5594
vn -0.2252 -0.7978 -0.5594
vn -0.8049 -0.0304 0.5927
vn -0.8049 -0.0304 0.5927
vn -0.8049 -0.0304 0.5927
vn -0.9639 0.1156 0.2397
vn -0.9639 0.1156 0.2397
vn -0.9691 0.1149 0.2182
vn -0.9786 0.0821 0.1889
vn -0.5200 -0.0297 -0.8537
vn -0.5200 -0.0297 -0.8537
vn -0.5200 -0.0297 -0.8537
vn -0.9025 0.3601 0.2360
vn -0.4395 -0.3149 -0.8412
vn -0.4395 -0.3149 -0.8412
vn -0.0852 0.3694 -0.9254
vn 0.4866 -0.3093 0.8170
vn 0.4674 -0.4132 0.7815
vn 0.4674 -0.4132 0.7815
vn 0.2663 -0.4536 -0.8505
vn 0.2663 -0.4536 -0.8505
vn 0.0924 0.0060 0.9957
vn 0.0924 0.0060 0.9957
vn -0.9202 -0.3912 0.0130
vn -0.9202 -0.3912 0.0130
vn 0.8867 0.0694 -0.4571
vn 0.8867 0.0694 -0.4571
vn -0.3370 0.9070 0.2527
vn -0.3370 0.9070 0.2527
vn -0.2663 0.0974 0.9589
vn -0.2663 0.0974 0.9589
vn -0.4580 0.0588 -0.8870
vn -0.4580 0.0588 -0.8870
vn -0.4247 0.3903 -0.8168
vn -0.4247 0.3903 -0.8168
vn -0.8709 0.4410 -0.2169
vn -0.8799 0.1123 -0.4617
vn -0.8799 0.1123 -0.4617
vn 0.9141 -0.1876 -0.3595
vn 0.9141 -0.1876 -0.3595
vn 0.9141 -0.1876 -0.3595
vn 0.9141 -0.1876 -0.3595
vn 0.0000 0.0000 0.0000
vn 0.0000 0.0000 0.0000
vn 0.8651 -0.4964 -0.0720
vn 0.8651 -0.4964 -0.0720
vn 0.8651 -0.4964 -0.0720
vn -0.7551 -0.6285 -0.1865
vn -0.7551 -0.6285 -0.1865
vn 0.7607 -0.4428 0.4746
vn 0.7607 -0.4428 0.4746
vn 0.7607 -0.4428 0.4746
vn 0.5219 0.0007 -0.8530
vn -0.8470 0.5208 0.1067
vn -0.8470 0.5208 0.1067
vn -0.0668 0.3263 -0.9429
vn -0.0668 0.3263 -0.9429
vn 0.4061 0.6705 0.6209
vn -0.0372 0.3642 -0.9306
vn -0.0372 0.3642 -0.9306
vn 0.3688 0.5598 -0.7420
vn 0.3688 0.5598 -0.7420
vn -0.1407 0.9898 0.0207
vn -0.1407 0.9898 0.0207
vn -0.1407 0.9898 0.0207
vn -0.1407 0.9898 0.0207
vn 0.4187 -0.3288 0.8465
vn -0.3472 0.0342 -0.9372
vn -0.2270 -0.1881 -0.9556
vn -0.2270 -0.1881 -0.9556
vn 0.2253 -0.1311 0.9654
vn 0.2253 -0.1311 0.9654
vn -0.4553 0.0745 -0.8872
vn -0.0376 -0.1004 0.9942
vn -0.0376 -0.1004 0.9942
vn -0.5428 0.3676 0.7551
vn 0.0660 -0.1272 0.9897
vn -0.9859 -0.1182 0.1182
vn -0.9859 -0.1182 0.1182
vn 0.0809 -0.6492 -0.7563
vn 0.0809 -0.6492 -0.7563
vn -0.4872 0.0272 0.8729
vn -0.4872 0.0272 0.8729
vn -0.4872 0.0272 0.8729
vn -0.7744 0.6325 0.0149
vn 0.4312 -0.8736 -0.2256
vn 0.4312 -0.8736 -0.2256
vn -0.6981 0.1457 -0.7010
vn -0.6981 0.1457 -0.7010
vn 0.4782 -0.4810 0.7348
vn 0.4782 -0.4810 0.7348
vn -0.1457 -0.9890 -0.0260
vn -0.1457 -0.9890 -0.0260
vn -0.8630 -0.1715 -0.4752
vn -0.8630 -0.1715 -0.4752
vn -0.2186 -0.4938 0.8417
vn -0.2186 -0.4938 0.8417
vn -0.6588 -0.1029 -0.7452
vn -0.6588 -0.1029 -0.7452
vn -0.6136 -0.3172 0.7231
vn -0.6136 -0.3172 0.7231
vn -0.8015 0.3822 0.4600
vn -0.8015 0.3822 0.4600
vn -0.8731 0.3464 0.3429
vn -0.9866 0.1357 0.0911
vn -0.9866 0.1357 0.0911
vn -0.9866 0.1357 0.0911
vn -0.6123 -0.6824 0.3992
vn -0.6123 -0.6824 0.3992
vn -0.3848 0.6257 -0.6786
vn -0.3848 0.6257 -0.6786
vn 0.8125 0.0703 0.5788
vn 0.5095 0.7737 0.3764
vn 0.5095 0.7737 0.3764
vn -0.1175 0.4200 -0.8999
vn -0.1175 0.4200 -0.8999
vn 0.1243 -0.2511 0.9599
vn 0.6176 -0.5908 0.5191
vn 0.6176 -0.5908 0.5191
vn 0.6176 -0.5908 0.5191
vn 0.6176 -0.5908 0.5191
vn -0.5976 0.3037 -0.7421
vn -0.5976 0.3037 -0.7421
vn -0.5601 0.1138 -0.8206
vn -0.5601 0.1138 -0.8206
vn 0.2153 -0.1020 0.9712
vn 0.3452 0.7286 0.5916
vn 0.3452 0.7286 0.5916
vn 0.0079 0.9729 0.2312
vn 0.0079 0.9729 0.2312
vn 0.0079 0.9729 0.2312
vn 0.0079 0.9729 0.2312
vn -0.7844 0.4107 -0.4649
vn -0.7844 0.4107 -0.4649
vn -0.7844 0.4107 -0.4649
vn -0.7844 0.4107 -0.4649
vn -0.0882 0.2541 -0.9632
vn -0.0882 0.2541 -0.9632
vn -0.7545 0.6515 -0.0794
vn -0.7545 0.6515 -0.0794
vn 0.0786 -0.1117 0.9906
vn 0.6695 -0.6612 0.3385
vn -0.9243 -0.3769 0.0596
vn -0.9243 -0.3769 0.0596
vn -0.9735 -0.2200 0.0629
vn -0.9320 -0.0979 0.3490
vn -0.9320 -0.0979 0.3490
vn -0.8289 0.2614 0.4945
vn -0.8359 0.4329 0.3376
vn -0.8532 0.3199 0.4120
vn -0.4904 0.5601 0.6677
vn -0.3297 0.8881 -0.3204
vn -0.3297 0.8881 -0.3204
vn -0.3297 0.8881 -0.3204
vn 0.5792 0.6568 0.4828
vn 0.5792 0.6568 0.4828
vn 0.6465 0.7628 0.0125
vn 0.6465 0.7628 0.0125
vn 0.6465 0.7628 0.0125
vn 0.6437 0.7330 0.2201
vn 0.6437 0.7330 0.2201
vn 0.3550 -0.8492 -0.3910
vn 0.3550 -0.8492 -0.3910
vn 0.3550 -0.8492 -0.3910
vn 0.6451 -0.2276 0.7294
vn 0.6451 -0.2276 0.7294
vn 0.3864 -0.7541 0.5310
vn 0.3864 -0.7541 0.5310
vn 0.3864 -0.7541 0.5310
vn 0.5673 0.6470 -0.5095
vn 0.5673 0.6470 -0.5095
vn 0.5673 0.6470 -0.5095
vn 0.5673 0.6470 -0.5095
vn 0.5673 0.6470 -0.5095
vn 0.9041 -0.1826 0.3865
vn 0.9041 -0.1826 0.3865
vn 0.9041 -0.1826 0.3865
vn -0.3834 0.3236 0.8650
vn -0.7909 0.5934 -0.1497
vn -0.7909 0.5934 -0.1497
vn 0.9299 -0.2559 -0.2642
vn 0.9299 -0.2559 -0.2642
vn -0.2133 0.6582 0.7220
vn -0.2133 0.6582 0.7220
vn -0.2133 0.6582 0.7220
vn 0.7576 0.3183 -0.5698
vn 0.7576 0.3183 -0.5698
vn 0.7576 0.3183 -0.5698
vn -0.4646 -0.7548 0.4631
vn -0.4646 -0.7548 0.4631
vn -0.4646 -0.7548 0.4631
vn -0.2294 -0.0208 0.9731
vn -0.2294 -0.0208 0.9731
vn -0.2294 -0.0208 0.9731
vn -0.2294 -0.0208 0.9731
vn -0.5859 0.1316 -0.7996
vn -0.5859 0.1316 -0.7996
vn -0.6504 0.2437 -0.7195
vn -0.9713 0.0528 0.2320
vn -0.5330 -0.2249 -0.8157
vn -0.5330 -0.2249 -0.8157
vn -0.8553 0.3529 0.3795
vn -0.8553 0.3529 0.3795
vn -0.7348 0.0926 0.6719
vn -0.7348 0.0926 0.6719
vn -0.7348 0.0926 0.6719
vn -0.7348 0.0926 0.6719
vn -0.4005 0.2220 -0.8890
vn -0.8206 0.4421 0.3622
vn -0.8206 0.4421 0.3622
vn -0.8173 0.5662 0.1074
vn -0.8118 0.4832 0.3280
vn -0.8118 0.4832 0.3280
vn -0.8198 0.5120 0.2565
vn -0.8198 0.5120 0.2565
vn 0.8357 -0.0069 0.5491
vn 0.8357 -0.0069 0.5491
vn 0.8357 -0.0069 0.5491
vn 0.8357 -0.0069 0.5491
vn 0.8357 -0.0069 0.5491
vn 0.6035 0.2676 0.7511
vn 0.6035 0.2676 0.7511
vn 0.6067 -0.7617 0.2273
vn 0.6067 -0.7617 0.2273
vn 0.6067 -0.7617 0.2273
vn -0.1497 -0.0032 0.9887
vn -0.1497 -0.0032 0.9887
vn 0.9464 -0.0937 0.3090
vn 0.9464 -0.0937 0.3090
vn 0.9464 -0.0937 0.3090
vn 0.9464 -0.0937 0.3090
vn 0.9738 0.0360 0.2247
vn 0.9738 0.0360 0.2247
vn -0.2055 0.0486 -0.9775
vn -0.2748 0.0837 -0.9579
vn -0.2348 0.1700 -0.9571
vn -0.7457 0.6376 -0.1934
vn -0.7457 0.6376 -0.1934
vn -0.4239 0.4020 -0.8116
vn -0.4239 0.4020 -0.8116
vn -0.4239 0.4020 -0.8116
vn -0.6284 0.5211 0.5776
vn -0.6284 0.5211 0.5776
vn -0.6284 0.5211 0.5776
vn -0.6284 0.5211 0.5776
vn -0.8037 -0.5514 0.2239
vn -0.8037 -0.5514 0.2239
vn -0.9483 -0.3122 0.0568
vn -0.6984 0.1023 0.7083
vn -0.6984 0.1023 0.7083
vn -0.8564 0.0270 0.5156
vn -0.8564 0.0270 0.5156
vn -0.8564 0.0270 0.5156
vn -0.6048 0.4666 0.6454
vn -0.6048 0.4666 0.6454
vn -0.2769 -0.5376 0.7965
vn -0.2769 -0.5376 0.7965
vn -0.5951 0.1096 -0.7961
vn 0.6426 -0.6436 0.4158
vn 0.6426 -0.6436 0.4158
vn -0.6062 0.5576 0.5671
vn -0.6062 0.5576 0.5671
vn -0.6062 0.5576 0.5671
vn -0.6062 0.5576 0.5671
vn -0.7505 0.4464 0.4873
vn -0.7505 0.4464 0.4873
vn -0.7412 0.6533 0.1544
vn -0.7412 0.6533 0.1544
vn 0.4738 0.1368 -0.8700
vn 0.0000 -0.0000 0.0000
vn 0.0000 -0.0000 0.0000
vn -0.6403 0.7352 0.2225
vn -0.6403 0.7352 0.2225
vn -0.6403 0.7352 0.2225
vn -0.2914 0.8276 0.4797
vn -0.2914 0.8276 0.4797
vn -0.1447 0.7930 0.5918
vn -0.1447 0.7930 0.5918
vn 0.5727 0.2212 -0.7893
vn 0.5727 0.2212 -0.7893
vn 0.8305 0.2204 0.5116
vn 0.8305 0.2204 0.5116
vn -0.3893 -0.0817 0.9175
vn -0.3893 -0.0817 0.9175
vn -0.0173 0.0457 -0.9988
vn -0.0531 -0.0644 0.9965
vn -0.3091 0.0156 -0.9509
vn -0.8261 0.4896 -0.2792
vn 0.6597 0.7293 -0.1816
vn 0.6597 0.7293 -0.1816
vn -0.7808 -0.5629 -0.2710
vn -0.7808 -0.5629 -0.2710
vn -0.7808 -0.5629 -0.2710
vn -0.4858 0.8729 -0.0449
vn -0.4858 0.8729 -0.0449
vn -0.5069 0.2726 -0.8178
vn -0.5069 0.2726 -0.8178
vn -0.5069 0.2726 -0.8178
vn -0.5312 -0.8378 -0.1267
vn -0.6646 -0.5563 0.4989
vn -0.6646 -0.5563 0.4989
vn -0.6873 0.4693 0.5544
vn -0.6873 0.4693 0.5544
vn -0.6873 0.4693 0.5544
vn -0.6590 0.5671 0.4940
vn -0.6590 0.5671 0.4940
vn -0.6590 0.5671 0.4940
vn -0.6590 0.5671 0.4940
vn -0.5816 0.4303 0.6904
vn -0.5816 0.4303 0.6904
vn -0.5816 0.4303 0.6904
vn -0.5816 0.4303 0.6904
vn -0.6399 0.7242 0.2568
vn -0.6399 0.7242 0.2568
vn -0.5257 0.7078 0.4719
vn -0.5257 0.7078 0.4719
vn 0.1948 0.1450 -0.9701
vn 0.0881 0.4636 -0.8816
vn 0.0881 0.4636 -0.8816
vn 0.5171 0.7696 0.3746
vn 0.5171 0.7696 0.3746
vn 0.5171 0.7696 0.3746
vn -0.1030 0.5066 -0.8560
vn -0.1030 0.5066 -0.8560
vn 0.7055 0.4540 -0.5442
vn 0.7055 0.4540 -0.5442
vn 0.9225 -0.2179 0.3187
vn 0.9961 -0.0842 -0.0247
vn 0.0000 0.0000 0.0000
vn 0.0000 0.0000 0.0000
vn 0.0000 0.0000 0.0000
vn 0.9011 0.0636 0.4290
vn 0.9011 0.0636 0.4290
vn 0.1413 -0.8511 -0.5057
vn -0.0966 -0.7022 -0.7054
vn -0.5922 -0.7942 -0.1361
vn -0.5922 -0.7942 -0.1361
vn -0.5922 -0.7942 -0.1361
vn -0.5922 -0.7942 -0.1361
vn -0.5922 -0.7942 -0.1361
vn -0.5596 0.7048 0.4360
vn -0.5596 0.7048 0.4360
vn -0.8803 0.4684 0.0755
vn -0.3636 0.1813 -0.9137
vn -0.5265 -0.6510 0.5469
vn -0.5265 -0.6510 0.5469
vn -0.4418 0.1211 -0.8889
vn -0.5151 0.4533 -0.7274
vn -0.5151 0.4533 -0.7274
vn -0.8485 0.3758 0.3727
vn -0.8485 0.3758 0.3727
vn 0.6623 -0.7087 0.2431
vn 0.6623 -0.7087 0.2431
vn -0.7417 -0.6683 -0.0573
vn -0.7417 -0.6683 -0.0573
vn -0.7666 0.0198 0.6418
vn -0.7666 0.0198 0.6418
vn -0.3655 -0.0941 -0.9261
vn -0.5879 -0.6952 0.4135
vn -0.5879 -0.6952 0.4135
vn -0.5879 -0.6952 0.4135
vn -0.5734 0.6319 0.5214
vn -0.5734 0.6319 0.5214
vn -0.5734 0.6319 0.5214
vn -0.5734 0.6319 0.5214
vn -0.6234 0.6963 0.3558
vn -0.6234 0.6963 0.3558
vn -0.4054 0.8013 0.4400
vn -0.4054 0.8013 0.4400
vn -0.2991 0.9007 0.3151
vn 0.7429 0.4572 0.4890
vn 0.9712 0.2211 -0.0888
vn -0.2356 -0.1876 0.9536
vn 0.4339 -0.5925 0.6787
vn 0.4339 -0.5925 0.6787
vn 0.2845 0.1857 0.9405
vn -0.0904 0.6215 0.7782
vn -0.0904 0.6215 0.7782
vn -0.0904 0.6215 0.7782
vn -0.8993 0.4369 -0.0191
vn -0.8753 0.3485 0.3352
vn -0.1218 0.0450 -0.9915
vn -0.1231 -0.2388 0.9632
vn -0.1231 -0.2388 0.9632
vn -0.3317 0.0252 0.9430
vn -0.3317 0.0252 0.9430
vn -0.3449 0.2086 -0.9152
vn -0.7078 -0.7063 -0.0097
vn 0.3852 -0.8986 0.2100
vn 0.3852 -0.8986 0.2100
vn -0.2925 -0.8801 -0.3740
vn -0.2930 -0.8691 -0.3985
vn -0.5407 0.0825 0.8371
vn -0.5407 0.0825 0.8371
vn -0.5407 0.0825 0.8371
vn -0.6840 0.2106 0.6984
vn -0.6840 0.2106 0.6984
vn -0.6368 0.4212 0.6458
vn -0.4031 0.4808 -0.7787
vn -0.4031 0.4808 -0.7787
vn -0.6124 0.7620 0.2105
vn -0.6124 0.7620 0.2105
vn -0.5018 0.6796 0.5351
vn 0.5549 -0.7724 0.3090
vn 0.5549 -0.7724 0.3090
vn 0.7412 0.3832 0.5512
vn -0.3677 0.0149 -0.9298
vn 0.3635 -0.8454 0.3914
vn 0.3635 -0.8454 0.3914
vn 0.3635 -0.8454 0.3914
vn 0.3635 -0.8454 0.3914
vn 0.3635 -0.8454 0.3914
vn 0.6126 -0.3626 0.7023
vn 0.0623 0.1888 0.9800
vn 0.0623 0.1888 0.9800
vn 0.0389 -0.1372 0.9898
vn -0.9656 0.1149 -0.2331
vn -0.9656 0.1149 -0.2331
vn -0.9465 -0.2073 0.2473
vn -0.7829 0.1057 0.6132
vn -0.7829 0.1057 0.6132
vn -0.4219 -0.0435 -0.9056
vn -0.4219 -0.0435 -0.9056
vn -0.7022 -0.4830 -0.5231
vn -0.7022 -0.4830 -0.5231
vn -0.7687 0.1704 0.6165
vn -0.8281 0.0810 0.5547
vn -0.8281 0.0810 0.5547
vn -0.2638 0.7201 -0.6418
vn -0.2638 0.7201 -0.6418
vn -0.3700 0.8541 0.3655
vn -0.3700 0.8541 0.3655
vn -0.4992 0.1595 0.8517
vn -0.6011 -0.1327 0.7881
vn -0.4180 0.7827 -0.4611
vn -0.4180 0.7827 -0.4611
vn -0.4180 0.7827 -0.4611
vn -0.6530 -0.1207 0.7476
vn -0.6530 -0.1207 0.7476
vn -0.6530 -0.1207 0.7476
vn -0.6530 -0.1207 0.7476
vn -0.9986 -0.0527 -0.0020
vn -0.9986 -0.0527 -0.0020
vn -0.8308 0.5565 0.0109
vn -0.8308 0.5565 0.0109
vn -0.9510 -0.1220 -0.2840
vn -0.6428 0.6182 0.4524
vn -0.6428 0.6182 0.4524
vn -0.6428 0.6182 0.4524
vn -0.6428 0.6182 0.4524
vn 0.9076 0.3814 0.1758
vn -0.5752 -0.1292 -0.8078
vn -0.5752 -0.1292 -0.8078
vn -0.6802 -0.3149 0.6619
vn -0.6802 -0.3149 0.6619
vn 0.1657 0.0912 0.9820
vn 0.1657 0.0912 0.9820
vn -0.7435 0.3159 0.5893
vn -0.7435 0.3159 0.5893
vn -0.7435 0.3159 0.5893
vn -0.7435 0.3159 0.5893
vn -0.9713 0.2183 -0.0943
vn -0.9461 0.3229 -0.0264
vn -0.8775 0.2618 -0.4019
vn -0.8775 0.2618 -0.4019
vn -0.9852 -0.1603 -0.0613
vn -0.8921 -0.2969 -0.3406
vn -0.8921 -0.2969 -0.3406
vn -0.9719 0.1692 0.1637
vn -0.9719 0.1692 0.1637
vn -0.8296 -0.1485 0.5383
vn -0.8296 -0.1485 0.5383
vn -0.9143 0.1817 -0.3619
vn -0.9623 -0.2308 0.1438
vn -0.6688 -0.4081 -0.6214
vn -0.4843 -0.4046 0.7757
vn -0.4843 -0.4046 0.7757
vn -0.7426 -0.0571 0.6672
vn -0.7426 -0.0571 0.6672
vn -0.4681 -0.2467 -0.8485
vn -0.7403 -0.4448 0.5040
vn -0.7403 -0.4448 0.5040
vn -0.7403 -0.4448 0.5040
vn -0.6437 0.4974 0.5816
vn -0.6437 0.4974 0.5816
vn 0.9995 0.0139 -0.0285
vn 0.9995 0.0139 -0.0285
vn -0.6720 -0.3995 0.6236
vn -0.6720 -0.3995 0.6236
vn -0.8883 0.1999 -0.4135
vn -0.8883 0.1999 -0.4135
vn 0.3509 -0.0565 -0.9347
vn -0.6514 0.4733 -0.5930
vn -0.6514 0.4733 -0.5930
vn -0.8036 -0.4032 -0.4378
vn -0.8036 -0.4032 -0.4378
vn -0.8205 0.0713 -0.5672
vn -0.8205 0.0713 -0.5672
vn -0.7925 -0.1784 -0.5831
vn -0.9548 -0.1606 0.2503
vn -0.8018 -0.1206 0.5852
vn -0.8018 -0.1206 0.5852
vn -0.6307 0.0116 0.7759
vn -0.6307 0.0116 0.7759
vn -0.6307 0.0116 0.7759
vn -0.6307 0.0116 0.7759
vn -0.6307 0.0116 0.7759
vn -0.1259 0.4512 -0.8835
vn -0.8688 0.2414 0.4323
vn -0.8688 0.2414 0.4323
vn -0.6136 -0.7809 -0.1172
vn -0.6136 -0.7809 -0.1172
vn -0.1155 -0.8933 -0.4344
vn -0.4970 -0.0512 0.8663
vn -0.5471 -0.0162 0.8369
vn -0.5587 -0.5721 0.6005
vn -0.5587 -0.5721 0.6005
vn -0.6355 0.3151 -0.7049
vn -0.5979 0.5059 0.6217
vn -0.5979 0.5059 0.6217
vn -0.5979 0.5059 0.6217
vn -0.6465 0.6275 0.4339
vn -0.6465 0.6275 0.4339
vn -0.4189 0.8139 0.4025
vn -0.4229 0.8688 0.2575
vn -0.4229 0.8688 0.2575
vn -0.5832 0.7403 0.3344
vn 0.0000 0.0000 0.0000
vn 0.0000 0.0000 0.0000
vn 0.0000 0.0000 0.0000
vn -0.1373 -0.6869 -0.7137
vn -0.1373 -0.6869 -0.7137
vn -0.1373 -0.6869 -0.7137
vn -0.1373 -0.6869 -0.7137
vn -0.1373 -0.6869 -0.7137
vn -0.5478 -0.3538 0.7581
vn -0.5478 -0.3538 0.7581
vn -0.5478 -0.3538 0.7581
vn -0.5478 -0.3538 0.7581
vn 0.0000 0.0000 -0.0000
vn 0.0000 0.0000 -0.0000
vn -0.2581 -0.0009 -0.9661
vn 0.5780 -0.3913 0.7161
vn 0.5780 -0.3913 0.7161
vn 0.6940 -0.1347 0.7072
vn 0.6940 -0.1347 0.7072
vn -0.2843 -0.2307 -0.9306
vn -0.2843 -0.2307 -0.9306
vn -0.4831 0.0619 0.8734
vn -0.3746 -0.0107 0.9271
vn -0.3746 -0.0107 0.9271
vn -0.7813 -0.3511 -0.5160
vn -0.7813 -0.3511 -0.5160
vn 0.2661 -0.0161 -0.9638
vn -0.9241 0.0463 0.3794
vn -0.9241 0.0463 0.3794
vn -0.9241 0.0463 0.3794
vn 0.2192 0.0418 -0.9748
vn -0.5345 -0.3444 -0.7718
vn -0.8584 -0.3363 0.3873
vn -0.3960 -0.1361 -0.9081
vn 0.1033 0.9570 -0.2710
vn 0.2219 0.9555 0.1944
vn -0.4122 -0.0989 0.9057
vn -0.4122 -0.0989 0.9057
vn -0.4122 -0.0989 0.9057
vn -0.4122 -0.0989 0.9057
vn -0.4122 -0.0989 0.9057
vn -0.4122 -0.0989 0.9057
vn -0.5889 -0.7741 -0.2322
vn -0.5889 -0.7741 -0.2322
vn -0.5328 -0.8259 -0.1843
vn 0.2734 -0.0510 0.9605
vn 0.2734 -0.0510 0.9605
vn 0.2734 -0.0510 0.9605
vn -0.5104 0.3758 -0.7735
vn -0.4225 -0.1269 -0.8974
vn -0.4879 -0.0050 -0.8729
vn -0.5428 0.4900 0.6821
vn -0.5014 0.8652 -0.0043
vn -0.0000 0.0000 0.0000
vn -0.0000 0.0000 0.0000
vn 0.7112 -0.7025 0.0258
vn 0.7112 -0.7025 0.0258
vn 0.7112 -0.7025 0.0258
vn 0.7112 -0.7025 0.0258
vn 0.7112 -0.7025 0.0258
vn 0.7112 -0.7025 0.0258
vn 0.1454 -0.1467 0.9784
vn 0.1454 -0.1467 0.9784
vn 0.1454 -0.1467 0.9784
vn 0.1454 -0.1467 0.9784
vn 0.6185 -0.6691 0.4121
vn 0.6185 -0.6691 0.4121
vn -0.0201 0.0414 -0.9989
vn -0.5612 0.2376 -0.7928
vn -0.5612 0.2376 -0.7928
vn -0.5612 0.2376 -0.7928
vn -0.9211 -0.2278 0.3158
vn -0.9211 -0.2278 0.3158
vn -0.7876 -0.3291 -0.5209
vn -0.7876 -0.3291 -0.5209
vn -0.6028 -0.4065 -0.6865
vn -0.0904 -0.1126 -0.9895
vn -0.0904 -0.1126 -0.9895
vn -0.2470 0.1355 -0.9595
vn -0.2470 0.1355 -0.9595
vn -0.2470 0.1355 -0.9595
vn -0.6060 0.3248 0.7262
vn -0.6060 0.3248 0.7262
vn 0.0939 0.8181 0.5674
vn -0.5289 -0.7873 -0.3170
vn -0.5289 -0.7873 -0.3170
vn 0.4555 0.5238 0.7199
vn 0.4555 0.5238 0.7199
vn -0.0466 -0.8693 0.4921
vn -0.0466 -0.8693 0.4921
vn -0.2713 -0.8651 -0.4219
vn -0.1426 -0.9716 -0.1889
vn -0.1426 -0.9716 -0.1889
vn -0.6704 -0.3521 0.6532
vn -0.6704 -0.3521 0.6532
vn -0.5824 0.7593 0.2905
vn -0.5824 0.7593 0.2905
vn 0.0000 0.0000 -0.0000
vn 0.0000 0.0000 -0.0000
vn 0.0231 -0.4266 0.9041
vn 0.0231 -0.4266 0.9041
vn 0.1053 -0.1100 0.9883
vn 0.1053 -0.1100 0.9883
vn 0.6541 -0.6422 0.3998
vn 0.6541 -0.6422 0.3998
vn -0.4639 0.2732 0.8427
vn -0.4639 0.2732 0.8427
vn -0.4639 0.2732 0.8427
vn -0.4639 0.2732 0.8427
vn -0.6067 -0.2255 0.7622
vn -0.6067 -0.2255 0.7622
vn -0.6067 -0.2255 0.7622
vn -0.5937 0.1884 0.7823
vn -0.5937 0.1884 0.7823
vn -0.5937 0.1884 0.7823
vn -0.7091 0.0145 0.7049
vn -0.7091 0.0145 0.7049
vn -0.7091 0.0145 0.7049
vn -0.7091 0.0145 0.7049
vn -0.7091 0.0145 0.7049
vn -0.6129 -0.3975 0.6829
vn -0.6129 -0.3975 0.6829
vn -0.6816 -0.5002 0.5341
vn -0.6816 -0.5002 0.5341
vn -0.7795 -0.0419 0.6250
vn -0.3976 0.6249 0.6719
vn -0.3976 0.6249 0.6719
vn 0.4162 0.8355 0.3587
vn 0.6551 -0.7167 0.2393
vn 0.6551 -0.7167 0.2393
vn -0.0262 -0.9951 -0.0957
vn -0.7321 -0.6265 0.2673
vn -0.7321 -0.6265 0.2673
vn -0.4504 -0.5110 0.7321
vn -0.4504 -0.5110 0.7321
vn -0.4504 -0.5110 0.7321
vn -0.3421 -0.0332 0.9391
vn -0.3421 -0.0332 0.9391
vn -0.7792 0.4969 0.3820
vn -0.7792 0.4969 0.3820
vn -0.2541 -0.0048 -0.9672
vn -0.2541 -0.0048 -0.9672
vn -0.1855 0.1012 -0.9774
vn 0.6804 -0.7328 -0.0039
vn 0.6804 -0.7328 -0.0039
vn 0.4616 -0.8448 -0.2706
vn 0.4616 -0.8448 -0.2706
vn 0.4616 -0.8448 -0.2706
vn -0.6298 -0.1298 0.7658
vn -0.6226 -0.1387 0.7702
vn -0.8993 -0.0523 0.4342
vn -0.7702 -0.3390 -0.5403
vn -0.7702 -0.3390 -0.5403
vn -0.7471 -0.0031 0.6648
vn -0.8453 -0.1503 0.5127
vn -0.8453 -0.1503 0.5127
vn -0.8453 -0.1503 0.5127
vn -0.2592 0.2095 -0.9428
vn 0.5287 -0.2566 -0.8091
vn 0.5287 -0.2566 -0.8091
vn 0.3281 0.8667 0.3758
vn 0.0228 0.8979 -0.4397
vn -0.4116 0.4343 0.8012
vn -0.6544 0.3347 -0.6781
vn -0.3801 0.0035 0.9250
vn -0.3801 0.0035 0.9250
vn -0.3801 0.0035 0.9250
vn -0.4011 0.4784 0.7812
vn -0.4011 0.4784 0.7812
vn -0.4246 0.4957 -0.7576
vn -0.1870 0.7529 -0.6310
vn -0.4865 0.1011 0.8678
vn -0.4865 0.1011 0.8678
vn -0.7011 0.7040 -0.1136
vn -0.7011 0.7040 -0.1136
vn -0.7011 0.7040 -0.1136
vn -0.7011 0.7040 -0.1136
vn -0.7011 0.7040 -0.1136
vn -0.4942 -0.3523 0.7948
vn -0.4942 -0.3523 0.7948
vn -0.8260 -0.0834 0.5575
vn -0.8212 0.0896 0.5635
vn -0.8212 0.0896 0.5635
vn -0.5241 0.5114 0.6810
vn -0.5241 0.5114 0.6810
vn -0.5241 0.5114 0.6810
vn 0.5671 0.7727 0.2852
vn 0.1475 0.8921 0.4270
vn -0.2276 -0.8682 -0.4410
vn -0.1714 -0.0794 -0.9820
vn -0.5930 0.2367 0.7696
vn -0.5930 0.2367 0.7696
vn -0.6256 -0.0237 0.7798
vn -0.6256 -0.0237 0.7798
vn -0.2459 0.5435 -0.8026
vn -0.2459 0.5435 -0.8026
vn -0.5098 0.8482 0.1433
vn 0.2659 -0.6143 0.7429
vn 0.2659 -0.6143 0.7429
vn 0.4586 -0.3960 0.7955
vn 0.4586 -0.3960 0.7955
vn -0.6368 -0.2405 -0.7326
vn -0.6368 -0.2405 -0.7326
vn -0.6368 -0.2405 -0.7326
vn -0.6368 -0.2405 -0.7326
vn -0.1818 0.0817 0.9799
vn 0.8897 -0.4564 0.0108
vn 0.8897 -0.4564 0.0108
vn 0.3668 -0.4744 0.8003
vn 0.3668 -0.4744 0.8003
vn 0.3668 -0.4744 0.8003
vn -0.7745 0.1527 0.6139
vn -0.6346 0.1884 0.7495
vn -0.4827 0.1514 0.8626
vn -0.4827 0.1514 0.8626
vn -0.4827 0.1514 0.8626
vn -0.1223 -0.0132 -0.9924
vn -0.8131 -0.4429 -0.3778
vn -0.8131 -0.4429 -0.3778
vn -0.3027 0.2629 -0.9161
vn -0.3027 0.2629 -0.9161
vn -0.5982 -0.8011 0.0192
vn -0.5982 -0.8011 0.0192
vn -0.5982 -0.8011 0.0192
vn 0.1857 -0.5061 0.8423
vn 0.1857 -0.5061 0.8423
vn -0.2013 -0.0946 -0.9749
vn -0.2013 -0.0946 -0.9749
vn -0.2136 -0.0305 -0.9764
vn -0.2713 0.1109 -0.9561
vn -0.1856 0.8868 0.4233
vn -0.1856 0.8868 0.4233
vn -0.1856 0.8868 0.4233
vn -0.1856 0.8868 0.4233
vn -0.3355 0.6901 -0.6412
vn -0.3355 0.6901 -0.6412
vn -0.2966 0.7571 -0.5820
vn -0.2966 0.7571 -0.5820
vn -0.3567 0.7315 0.5811
vn -0.0407 -0.3664 -0.9296
vn 0.8458 -0.5187 0.1247
vn 0.8458 -0.5187 0.1247
vn 0.1376 -0.0033 -0.9905
vn 0.1293 -0.1139 0.9851
vn -0.3160 -0.0010 0.9488
vn -0.6258 -0.1558 0.7643
vn -0.6307 -0.1066 0.7687
vn -0.5558 0.2826 0.7818
vn -0.5558 0.2826 0.7818
vn -0.4112 -0.1105 0.9048
vn -0.6790 0.0925 0.7283
vn -0.6790 0.0925 0.7283
vn -0.6790 0.0925 0.7283
vn -0.7482 -0.2943 -0.5946
vn -0.7482 -0.2943 -0.5946
vn 0.0066 -0.6534 0.7570
vn 0.0066 -0.6534 0.7570
vn -0.4390 -0.6608 -0.6088
vn -0.4390 -0.6608 -0.6088
vn -0.6857 -0.3991 0.6088
vn -0.6857 -0.3991 0.6088
vn -0.6169 -0.4224 0.6641
vn -0.1379 0.0571 -0.9888
vn -0.1473 0.4188 -0.8960
vn -0.8629 -0.4738 0.1761
vn -0.8629 -0.4738 0.1761
vn -0.2309 0.7041 0.6715
vn -0.2309 0.7041 0.6715
vn 0.1581 0.8851 -0.4377
vn 0.4794 0.4752 0.7378
vn 0.4794 0.4752 0.7378
vn -0.0353 0.6748 0.7371
vn -0.0353 0.6748 0.7371
vn -0.0353 0.6748 0.7371
vn 0.0000 0.0000 0.0000
vn 0.0000 0.0000 0.0000
vn 0.0132 -0.8578 -0.5138
vn -0.8148 0.0115 0.5797
vn -0.4319 0.0493 0.9006
vn -0.4319 0.0493 0.9006
vn -0.9589 -0.2671 0.0954
vn -0.9589 -0.2671 0.0954
vn -0.3602 0.1539 0.9201
vn -0.3602 0.1539 0.9201
vn -0.5435 0.7312 0.4123
vn -0.5435 0.7312 0.4123
vn -0.3176 0.8945 0.3146
vn -0.3176 0.8945 0.3146
vn -0.0271 0.3802 -0.9245
vn -0.0271 0.3802 -0.9245
vn 0.3772 -0.3212 0.8687
vn 0.1702 -0.6577 -0.7338
vn 0.1702 -0.6577 -0.7338
vn 0.4483 -0.8847 -0.1277
vn 0.4483 -0.8847 -0.1277
vn 0.4483 -0.8847 -0.1277
vn 0.4483 -0.8847 -0.1277
vn 0.0000 0.0000 0.0000
vn 0.0000 0.0000 0.0000
vn -0.5028 -0.2463 0.8286
vn -0.5028 -0.2463 0.8286
vn 0.8519 -0.3362 0.4016
vn 0.8519 -0.3362 0.4016
vn -0.7486 -0.6459 -0.1499
vn -0.7486 -0.6459 -0.1499
vn 0.4010 0.8034 0.4401
vn 0.4010 0.8034 0.4401
vn -0.1718 0.8856 0.4316
vn 0.0077 0.8476 -0.5305
vn -0.0282 -0.7097 -0.7040
vn -0.2786 -0.3912 -0.8771
vn 0.1471 -0.9639 -0.2221
vn 0.1471 -0.9639 -0.2221
vn 0.2977 -0.8091 0.5067
vn 0.2977 -0.8091 0.5067
vn -0.5256 0.3993 0.7511
vn 0.0745 -0.8931 0.4436
vn 0.0745 -0.8931 0.4436
vn 0.0745 -0.8931 0.4436
vn -0.7910 -0.5909 0.1586
vn -0.3285 -0.7001 0.6340
vn -0.3285 -0.7001 0.6340
vn -0.3285 -0.7001 0.6340
vn -0.2754 0.7130 0.6448
vn -0.2754 0.7130 0.6448
vn -0.2754 0.7130 0.6448
vn -0.2754 0.7130 0.6448
vn -0.9355 0.1072 0.3367
vn -0.2696 0.2942 0.9169
vn -0.2595 -0.0344 0.9651
vn -0.2595 -0.0344 0.9651
vn -0.8219 0.0626 0.5662
vn -0.8219 0.0626 0.5662
vn -0.2382 0.8093 -0.5370
vn 0.1480 -0.3091 0.9394
vn 0.1480 -0.3091 0.9394
vn 0.0000 0.0000 0.0000
vn 0.0000 0.0000 0.0000
vn 0.1970 -0.2075 -0.9582
vn 0.1970 -0.2075 -0.9582
vn 0.1970 -0.2075 -0.9582
vn 0.1970 -0.2075 -0.9582
vn -0.0817 0.1140 -0.9901
vn -0.0817 0.1140 -0.9901
vn -0.0817 0.1140 -0.9901
vn -0.0817 0.1140 -0.9901
vn 0.6247 -0.3498 -0.6982
vn 0.6247 -0.3498 -0.6982
vn 0.0366 -0.1918 0.9807
vn 0.0366 -0.1918 0.9807
vn -0.1419 -0.9680 0.2070
vn -0.1419 -0.9680 0.2070
vn -0.5966 -0.1594 0.7866
vn -0.4394 -0.0564 0.8965
vn -0.4394 -0.0564 0.8965
vn -0.3995 -0.0028 -0.9167
vn -0.3719 -0.3994 0.8380
vn 0.7402 -0.1733 0.6496
vn 0.7402 -0.1733 0.6496
vn 0.7402 -0.1733 0.6496
vn -0.3260 -0.0976 -0.9403
vn -0.3260 -0.0976 -0.9403
vn -0.3260 -0.0976 -0.9403
vn -0.1538 -0.1591 -0.9752
vn -0.1538 -0.1591 -0.9752
vn -0.3856 0.0490 0.9214
vn 0.3443 0.8547 0.3885
vn 0.3443 0.8547 0.3885
vn -0.2565 -0.9618 -0.0955
vn -0.0772 0.8673 0.4918
vn -0.0772 0.8673 0.4918
vn 0.0752 -0.9950 -0.0659
vn -0.1418 0.3301 -0.9332
vn -0.5763 -0.5037 0.6436
vn -0.5763 -0.5037 0.6436
vn -0.5763 -0.5037 0.6436
vn 0.5931 0.4234 0.6848
vn 0.5931 0.4234 0.6848
vn 0.5931 0.4234 0.6848
vn 0.4005 -0.5604 0.7249
vn 0.4005 -0.5604 0.7249
vn 0.4005 -0.5604 0.7249
vn 0.4005 -0.5604 0.7249
vn -0.1664 0.6929 -0.7015
vn -0.1664 0.6929 -0.7015
vn 0.1277 0.4371 -0.8903
vn 0.1277 0.4371 -0.8903
vn 0.3140 -0.1450 0.9383
vn 0.3140 -0.1450 0.9383
vn 0.5005 -0.5302 -0.6844
vn 0.5005 -0.5302 -0.6844
vn 0.5005 -0.5302 -0.6844
vn 0.5005 -0.5302 -0.6844
vn -0.4341 -0.1122 0.8938
vn -0.5270 -0.0815 0.8459
vn -0.1752 -0.4220 0.8895
vn -0.2342 0.2000 0.9514
vn -0.2342 0.2000 0.9514
vn -0.2342 0.2000 0.9514
vn -0.7144 -0.5637 0.4145
vn -0.7144 -0.5637 0.4145
vn -0.1216 -0.0181 -0.9924
vn -0.1216 -0.0181 -0.9924
vn 0.4922 0.8586 0.1433
vn -0.7491 -0.6577 0.0796
vn -0.7491 -0.6577 0.0796
vn -0.7491 -0.6577 0.0796
vn -0.1260 0.6977 0.7052
vn -0.1260 0.6977 0.7052
vn -0.1260 0.6977 0.7052
vn -0.0131 0.5333 0.8458
vn -0.6622 -0.5070 0.5517
vn -0.6622 -0.5070 0.5517
vn -0.6622 -0.5070 0.5517
vn 0.0643 -0.9954 -0.0711
vn 0.0643 -0.9954 -0.0711
vn -0.8633 -0.4479 0.2326
vn -0.7559 0.2087 0.6205
vn -0.7559 0.2087 0.6205
vn -0.1487 0.2357 -0.9604
vn -0.5339 0.6363 0.5569
vn -0.5339 0.6363 0.5569
vn -0.4463 0.8419 0.3034
vn -0.4463 0.8419 0.3034
vn -0.0639 0.6318 -0.7725
vn -0.5637 -0.1333 0.8151
vn -0.5637 -0.1333 0.8151
vn -0.5637 -0.1333 0.8151
vn -0.5637 -0.1333 0.8151
vn -0.0900 0.7905 -0.6059
vn -0.5767 0.7751 -0.2580
vn -0.2903 -0.3361 -0.8960
vn -0.2903 -0.3361 -0.8960
vn -0.4878 -0.3112 0.8156
vn -0.4878 -0.3112 0.8156
vn 0.9821 0.1311 -0.1350
vn 0.9821 0.1311 -0.1350
vn 0.3105 -0.0246 -0.9503
vn -0.5232 -0.4649 0.7142
vn -0.5232 -0.4649 0.7142
vn 0.2893 -0.0016 0.9572
vn 0.4447 0.4212 -0.7905
vn 0.4447 0.4212 -0.7905
vn 0.0941 0.9147 0.3929
vn 0.0941 0.9147 0.3929
vn 0.0941 0.9147 0.3929
vn 0.0941 0.9147 0.3929
vn 0.0941 0.9147 0.3929
vn 0.0941 0.9147 0.3929
vn 0.0000 0.0000 0.0000
vn 0.0000 0.0000 0.0000
vn 0.0000 0.0000 0.0000
vn -0.2159 0.0158 0.9763
vn -0.0644 -0.1710 0.9832
vn 0.0023 0.9427 -0.3335
vn 0.0023 0.9427 -0.3335
vn -0.0451 0.6800 -0.7318
vn -0.1706 0.0619 0.9834
vn -0.1706 0.0619 0.9834
vn -0.1706 0.0619 0.9834
vn -0.1706 0.0619 0.9834
vn -0.1706 0.0619 0.9834
vn -0.1706 0.0619 0.9834
vn -0.1706 0.0619 0.9834
vn -0.1706 0.0619 0.9834
vn -0.2058 -0.9416 0.2665
vn -0.2058 -0.9416 0.2665
vn 0.2513 -0.9568 0.1465
vn -0.6613 0.3603 0.6579
vn -0.6613 0.3603 0.6579
vn -0.2669 -0.3033 -0.9147
vn -0.2456 0.3444 0.9061
vn -0.4413 0.8187 0.3674
vn -0.4413 0.8187 0.3674
vn -0.1847 0.8365 -0.5160
vn -0.1847 0.8365 -0.5160
vn -0.2604 0.7874 0.5588
vn 0.4990 -0.3417 0.7964
vn 0.4990 -0.3417 0.7964
vn 0.4990 -0.3417 0.7964
vn 0.4990 -0.3417 0.7964
vn -0.6646 -0.0136 0.7471
vn 0.1878 -0.4020 -0.8962
vn 0.1878 -0.4020 -0.8962
vn 0.9392 -0.0203 0.3427
vn 0.9392 -0.0203 0.3427
vn 0.2722 0.0271 -0.9619
vn 0.2722 0.0271 -0.9619
vn -0.2004 0.0438 -0.9787
vn -0.1744 0.1307 0.9760
vn 0.2875 -0.2769 -0.9169
vn 0.0320 -0.1370 0.9901
vn 0.0320 -0.1370 0.9901
vn -0.2148 -0.0814 0.9732
vn -0.6345 -0.5861 0.5038
vn -0.6345 -0.5861 0.5038
vn -0.0003 -0.3785 0.9256
vn -0.0067 0.3471 0.9378
vn -0.0067 0.3471 0.9378
vn -0.0786 -0.8852 -0.4585
vn -0.0786 -0.8852 -0.4585
vn 0.0000 0.0000 0.0000
vn 0.0000 0.0000 0.0000
vn 0.0000 0.0000 0.0000
vn 0.0000 0.0000 0.0000
vn 0.0000 0.0000 0.0000
vn 0.0000 0.0000 0.0000
vn -0.1895 -0.7294 0.6573
vn -0.1895 -0.7294 0.6573
vn -0.1895 -0.7294 0.6573
vn -0.9183 -0.3620 0.1603
vn -0.9183 -0.3620 0.1603
vn 0.4438 -0.2567 -0.8586
vn -0.9427 -0.3045 0.1362
vn -0.9427 -0.3045 0.1362
vn -0.7415 0.0436 0.6695
vn -0.2423 -0.1789 0.9535
vn -0.2423 -0.1789 0.9535
vn 0.3785 -0.8802 0.2863
vn 0.3785 -0.8802 0.2863
vn 0.5057 -0.0258 -0.8623
vn 0.5057 -0.0258 -0.8623
vn 0.2679 -0.0269 0.9631
vn 0.2679 -0.0269 0.9631
vn 0.4282 -0.0982 0.8983
vn 0.4282 -0.0982 0.8983
vn -0.6199 -0.2761 0.7345
vn -0.6199 -0.2761 0.7345
vn 0.1803 -0.0780 -0.9805
vn 0.1803 -0.0780 -0.9805
vn 0.1803 -0.0780 -0.9805
vn 0.1803 -0.0780 -0.9805
vn -0.3345 -0.1367 0.9324
vn 0.0656 -0.1888 -0.9798
vn 0.0656 -0.1888 -0.9798
vn 0.0048 0.1707 -0.9853
vn 0.2661 -0.9235 0.2762
vn 0.2661 -0.9235 0.2762
vn -0.0243 0.7432 0.6686
vn -0.0243 0.7432 0.6686
vn 0.0015 -0.8045 0.5940
vn 0.0015 -0.8045 0.5940
vn 0.0015 -0.8045 0.5940
vn -0.0810 -0.9033 -0.4212
vn 0.0324 -0.7627 -0.6460
vn -0.0461 0.6686 0.7422
vn -0.1384 -0.3189 -0.9376
vn -0.5944 0.3719 0.7130
vn -0.5944 0.3719 0.7130
vn -0.1352 0.4817 -0.8658
vn 0.1173 0.3823 -0.9166
vn -0.2408 0.7102 -0.6616
vn -0.2408 0.7102 -0.6616
vn -0.4379 0.8520 0.2869
vn -0.4379 0.8520 0.2869
vn -0.1134 -0.2821 0.9527
vn -0.1134 -0.2821 0.9527
vn -0.1553 -0.1452 0.9771
vn -0.0575 -0.0370 0.9977
vn 0.2117 -0.0613 0.9754
vn -0.2358 -0.0800 0.9685
vn -0.2358 -0.0800 0.9685
vn 0.1475 -0.2221 0.9638
vn 0.1475 -0.2221 0.9638
vn -0.0130 0.2255 -0.9742
vn 0.2121 -0.1383 0.9674
vn 0.2121 -0.1383 0.9674
vn 0.1545 0.5965 -0.7876
vn 0.1545 0.5965 -0.7876
vn 0.1545 0.5965 -0.7876
vn -0.0000 0.0000 -0.0000
vn -0.0000 0.0000 -0.0000
vn 0.0132 -0.8881 -0.4594
vn -0.1062 -0.5933 -0.7980
vn -0.1485 0.2140 -0.9655
vn -0.6764 0.4313 0.5970
vn -0.6764 0.4313 0.5970
vn -0.6764 0.4313 0.5970
vn 0.0000 0.0000 0.0000
vn 0.0000 0.0000 0.0000
vn 0.7594 0.0394 -0.6495
vn 0.7594 0.0394 -0.6495
vn -0.8685 -0.3751 -0.3240
vn -0.8685 -0.3751 -0.3240
vn -0.8685 -0.3751 -0.3240
vn -0.0293 -0.0338 -0.9990
vn -0.0293 -0.0338 -0.9990
vn -0.1259 0.0380 -0.9913
vn -0.1259 0.0380 -0.9913
vn -0.1172 -0.9319 0.3433
vn -0.1172 -0.9319 0.3433
vn 0.8489 -0.0481 -0.5264
vn 0.8489 -0.0481 -0.5264
vn 0.1577 -0.0280 0.9871
vn 0.1190 0.0490 -0.9917
vn 0.0918 0.9386 -0.3326
vn 0.0918 0.9386 -0.3326
vn 0.0918 0.9386 -0.3326
vn -0.3126 -0.9141 0.2583
vn -0.3126 -0.9141 0.2583
vn 0.2348 -0.4425 0.8655
vn 0.2348 -0.4425 0.8655
vn 0.0689 0.8665 -0.4943
vn 0.3232 0.8807 0.3462
vn 0.3232 0.8807 0.3462
vn 0.3232 0.8807 0.3462
vn 0.3232 0.8807 0.3462
vn 0.3232 0.8807 0.3462
vn 0.3232 0.8807 0.3462
vn 0.3232 0.8807 0.3462
vn 0.0000 0.0000 0.0000
vn 0.0000 0.0000 0.0000
vn 0.0000 0.0000 0.0000
vn 0.0000 0.0000 0.0000
vn 0.3760 -0.8916 -0.2525
vn 0.3760 -0.8916 -0.2525
vn -0.3245 0.5999 0.7313
vn -0.3245 0.5999 0.7313
vn -0.7019 0.6461 -0.2998
vn 0.1179 -0.1931 -0.9741
vn -0.1578 0.0248 -0.9872
vn 0.1287 -0.1134 0.9852
vn 0.1460 -0.0575 0.9876
vn -0.6327 -0.7511 -0.1886
vn -0.6327 -0.7511 -0.1886
vn 0.4179 0.2742 0.8661
vn 0.3810 -0.5567 0.7382
vn 0.3810 -0.5567 0.7382
vn 0.2515 -0.1084 -0.9618
vn 0.2245 0.2056 0.9525
vn 0.2245 0.2056 0.9525
vn 0.2245 0.2056 0.9525
vn -0.3143 -0.6215 0.7176
vn -0.3143 -0.6215 0.7176
vn -0.3143 -0.6215 0.7176
vn -0.3143 -0.6215 0.7176
vn 0.1036 -0.8988 -0.4260
vn 0.1036 -0.8988 -0.4260
vn 0.1036 -0.8988 -0.4260
vn 0.1036 -0.8988 -0.4260
vn 0.3929 -0.7267 0.5635
vn 0.3929 -0.7267 0.5635
vn 0.1957 0.9193 -0.3414
vn 0.1957 0.9193 -0.3414
vn 0.1957 0.9193 -0.3414
vn 0.1957 0.9193 -0.3414
vn 0.1957 0.9193 -0.3414
vn 0.0450 -0.8854 0.4627
vn 0.0450 -0.8854 0.4627
vn 0.0450 -0.8854 0.4627
vn -0.0028 0.5175 0.8557
vn -0.0028 0.5175 0.8557
vn -0.0028 0.5175 0.8557
vn -0.0028 0.5175 0.8557
vn -0.0555 -0.9849 0.1643
vn 0.4184 0.2228 0.8805
vn 0.4184 0.2228 0.8805
vn -0.0863 -0.0684 -0.9939
vn -0.0863 -0.0684 -0.9939
vn 0.0788 -0.0360 0.9962
vn 0.0788 -0.0360 0.9962
vn -0.4597 -0.1512 -0.8751
vn -0.4597 -0.1512 -0.8751
vn -0.1492 -0.0275 0.9884
vn -0.1492 -0.0275 0.9884
vn -0.1492 -0.0275 0.9884
vn -0.2361 -0.6076 0.7583
vn -0.2361 -0.6076 0.7583
vn -0.2361 -0.6076 0.7583
vn -0.2361 -0.6076 0.7583
vn -0.2361 -0.6076 0.7583
vn -0.1498 -0.3171 0.9365
vn -0.3494 -0.2299 0.9083
vn 0.0424 -0.0566 -0.9975
vn 0.0424 -0.0566 -0.9975
vn 0.3528 -0.1979 -0.9145
vn -0.2821 -0.9590 0.0259
vn -0.2821 -0.9590 0.0259
vn -0.0671 -0.2547 -0.9647
vn -0.0671 -0.2547 -0.9647
vn 0.0834 -0.0322 -0.9960
vn -0.2797 0.9302 -0.2377
vn -0.2797 0.9302 -0.2377
vn 0.0454 0.4480 0.8929
vn 0.0454 0.4480 0.8929
vn -0.0630 -0.3896 -0.9188
vn -0.0630 -0.3896 -0.9188
vn 0.2321 -0.9689 -0.0856
vn -0.0045 -0.9036 -0.4283
vn 0.4581 0.5563 0.6933
vn 0.0599 -0.7820 -0.6204
vn 0.0599 -0.7820 -0.6204
vn -0.3980 0.6369 0.6603
vn -0.3980 0.6369 0.6603
vn -0.3980 0.6369 0.6603
vn 0.4087 0.0050 -0.9127
vn -0.1370 -0.9678 -0.2110
vn 0.0843 -0.7661 0.6372
vn 0.0843 -0.7661 0.6372
vn -0.0538 0.1417 0.9885
vn 0.3192 -0.6696 0.6706
vn 0.3192 -0.6696 0.6706
vn -0.1793 -0.1450 0.9731
vn -0.1793 -0.1450 0.9731
vn -0.1793 -0.1450 0.9731
vn 0.1551 0.0563 -0.9863
vn 0.6978 -0.1353 -0.7034
vn 0.6978 -0.1353 -0.7034
vn 0.0571 0.2107 -0.9759
vn 0.1142 0.0106 -0.9934
vn -0.6519 -0.0896 0.7530
vn -0.6519 -0.0896 0.7530
vn 0.0908 0.9827 -0.1617
vn 0.0908 0.9827 -0.1617
vn 0.0908 0.9827 -0.1617
vn 0.0908 0.9827 -0.1617
vn -0.3797 0.9210 -0.0874
vn -0.0063 0.8092 0.5876
vn -0.1497 -0.9512 -0.2699
vn 0.1271 0.1219 0.9844
vn -0.0654 0.0684 0.9955
vn -0.0654 0.0684 0.9955
vn -0.0158 -0.9950 -0.0987
vn -0.0158 -0.9950 -0.0987
vn -0.1083 0.4954 0.8619
vn -0.1494 0.9869 -0.0606
vn -0.1494 0.9869 -0.0606
vn 0.0706 0.8628 0.5006
vn 0.0706 0.8628 0.5006
vn 0.4157 -0.0672 0.9070
vn 0.4157 -0.0672 0.9070
vn 0.4099 0.0222 -0.9119
vn 0.1495 -0.0048 -0.9887
vn 0.1495 -0.0048 -0.9887
vn 0.1495 -0.0048 -0.9887
vn -0.0406 -0.0553 0.9976
vn -0.0406 -0.0553 0.9976
vn -0.2985 -0.9478 0.1119
vn -0.2985 -0.9478 0.1119
vn 0.3176 -0.5378 0.7810
vn 0.3176 -0.5378 0.7810
vn 0.1037 0.1364 -0.9852
vn 0.1037 0.1364 -0.9852
vn 0.2837 0.3931 -0.8746
vn 0.2837 0.3931 -0.8746
vn 0.2837 0.3931 -0.8746
vn 0.2837 0.3931 -0.8746
vn 0.2316 -0.0650 0.9706
vn -0.0115 0.2435 0.9698
vn 0.6274 -0.6639 0.4070
vn 0.6274 -0.6639 0.4070
vn 0.6274 -0.6639 0.4070
vn 0.2796 -0.9463 -0.1624
vn 0.0000 0.0000 0.0000
vn 0.0000 0.0000 0.0000
vn 0.0000 0.0000 0.0000
vn 0.0000 0.0000 0.0000
vn -0.0092 -0.6474 -0.7621
vn -0.0092 -0.6474 -0.7621
vn -0.0092 -0.6474 -0.7621
vn -0.0092 -0.6474 -0.7621
vn -0.0092 -0.6474 -0.7621
vn 0.0000 0.0000 0.0000
vn 0.0000 0.0000 0.0000
vn -0.0745 0.6800 0.7294
vn -0.0921 0.7131 0.6950
vn -0.0921 0.7131 0.6950
vn -0.0921 0.7131 0.6950
vn -0.0921 0.7131 0.6950
vn 0.6848 -0.4843 0.5445
vn 0.0671 -0.9167 -0.3940
vn 0.0641 -0.4348 -0.8983
vn 0.0641 -0.4348 -0.8983
vn 0.0641 -0.4348 -0.8983
vn -0.0451 0.2718 0.9613
vn -0.0854 0.1385 -0.9867
vn -0.9859 -0.0917 -0.1400
vn -0.9859 -0.0917 -0.1400
vn 0.5668 -0.8077 -0.1624
vn 0.5668 -0.8077 -0.1624
vn 0.4510 0.1637 0.8774
vn 0.4510 0.1637 0.8774
vn -0.1478 0.5854 -0.7972
vn -0.1478 0.5854 -0.7972
vn 0.3294 -0.0707 0.9415
vn 0.3294 -0.0707 0.9415
vn 0.2719 -0.0375 -0.9616
vn 0.2719 -0.0375 -0.9616
vn 0.2647 -0.1563 -0.9516
vn 0.2647 -0.1563 -0.9516
vn 0.3569 -0.2993 0.8849
vn 0.3569 -0.2993 0.8849
vn 0.3569 -0.2993 0.8849
vn 0.0653 0.1431 -0.9876
vn -0.2730 0.9303 0.2452
vn 0.2209 0.4737 -0.8525
vn 0.2209 0.4737 -0.8525
vn -0.2467 0.6844 0.6861
vn -0.2467 0.6844 0.6861
vn -0.2467 0.6844 0.6861
vn 0.1646 -0.7987 -0.5788
vn 0.1646 -0.7987 -0.5788
vn 0.1646 -0.7987 -0.5788
vn 0.1646 -0.7987 -0.5788
vn 0.1646 -0.7987 -0.5788
vn 0.1646 -0.7987 -0.5788
vn -0.2425 -0.0648 0.9680
vn -0.2425 -0.0648 0.9680
vn -0.2425 -0.0648 0.9680
vn -0.2425 -0.0648 0.9680
vn -0.0523 -0.5593 -0.8273
vn -0.0523 -0.5593 -0.8273
vn -0.0759 -0.1585 -0.9844
vn -0.0468 0.2654 -0.9630
vn 0.2493 0.4976 0.8308
vn 0.2493 0.4976 0.8308
vn -0.2488 0.2197 0.9433
vn -0.2488 0.2197 0.9433
vn -0.5248 0.2693 0.8075
vn -0.0763 0.8209 -0.5659
vn 0.0374 0.9180 -0.3948
vn 0.1857 0.8513 0.4907
vn -0.0672 0.2930 -0.9538
vn -0.0672 0.2930 -0.9538
vn -0.4553 0.8711 -0.1838
vn -0.4553 0.8711 -0.1838
vn 0.4916 0.0595 0.8688
vn 0.4932 0.1389 0.8588
vn 0.5943 -0.2367 0.7686
vn 0.5943 -0.2367 0.7686
vn 0.6178 -0.2839 0.7333
vn 0.0903 0.0956 -0.9913
vn 0.0903 0.0956 -0.9913
vn 0.0903 0.0956 -0.9913
vn 0.0903 0.0956 -0.9913
vn 0.1933 0.5904 -0.7836
vn 0.1933 0.5904 -0.7836
vn 0.4524 0.5164 -0.7271
vn 0.4524 0.5164 -0.7271
vn 0.1190 0.8702 -0.4781
vn 0.0549 0.8072 -0.5877
vn 0.1139 0.8012 0.5875
vn 0.1139 0.8012 0.5875
vn 0.0282 -0.8142 -0.5800
vn -0.0514 0.0821 -0.9953
vn -0.0514 0.0821 -0.9953
vn 0.0930 0.2653 0.9597
vn 0.6312 0.4574 0.6264
vn 0.6312 0.4574 0.6264
vn -0.6097 0.7236 0.3236
vn -0.6097 0.7236 0.3236
vn 0.2168 -0.9040 0.3686
vn 0.2168 -0.9040 0.3686
vn -0.2855 -0.0209 0.9581
vn -0.2855 -0.0209 0.9581
vn -0.1950 -0.1851 -0.9632
vn -0.2656 -0.6088 0.7476
vn -0.2656 -0.6088 0.7476
vn -0.1217 -0.9164 -0.3812
vn -0.7186 -0.6602 0.2185
vn -0.7186 -0.6602 0.2185
vn -0.7186 -0.6602 0.2185
vn -0.5986 -0.0335 0.8004
vn -0.5986 -0.0335 0.8004
vn -0.5986 -0.0335 0.8004
vn -0.5986 -0.0335 0.8004
vn -0.9520 0.0917 -0.2920
vn -0.9520 0.0917 -0.2920
vn -0.9520 0.0917 -0.2920
vn 0.3639 0.2346 0.9014
vn 0.2139 -0.7634 -0.6095
vn 0.2139 -0.7634 -0.6095
vn 0.3442 0.0902 -0.9345
vn 0.4308 0.1686 0.8865
vn 0.4738 0.3591 0.8041
vn -0.0792 -0.9473 -0.3105
vn 0.8907 -0.0737 0.4486
vn 0.8907 -0.0737 0.4486
vn -0.0999 -0.4929 -0.8643
vn -0.0999 -0.4929 -0.8643
vn 0.0011 0.3679 0.9299
vn 0.0152 -0.8941 0.4477
vn 0.0152 -0.8941 0.4477
vn 0.8314 0.3430 0.4371
vn 0.0925 0.8026 -0.5893
vn 0.2124 0.6667 -0.7144
vn 0.2124 0.6667 -0.7144
vn -0.3730 0.8521 0.3672
vn -0.9959 0.0638 -0.0640
vn -0.9725 0.1087 0.2060
vn -0.9725 0.1087 0.2060
vn -0.8966 -0.3691 -0.2447
vn -0.6788 0.0342 -0.7335
vn -0.6788 0.0342 -0.7335
vn -0.5822 0.5051 0.6372
vn -0.5822 0.5051 0.6372
vn -0.5822 0.5051 0.6372
vn 0.3441 0.1712 0.9232
vn -0.4793 -0.0333 0.8770
vn -0.1858 -0.0975 0.9777
vn -0.1966 -0.1063 0.9747
vn 0.5820 -0.3035 -0.7545
vn -0.1352 -0.1458 0.9800
vn 0.5908 -0.5149 0.6212
vn 0.5908 -0.5149 0.6212
vn 0.4154 -0.0107 0.9096
vn 0.4154 -0.0107 0.9096
vn 0.5312 -0.7591 0.3762
vn 0.5312 -0.7591 0.3762
vn 0.5312 -0.7591 0.3762
vn 0.0228 0.8065 -0.5908
vn 0.0228 0.8065 -0.5908
vn 0.5456 -0.1869 0.8169
vn 0.5456 -0.1869 0.8169
vn 0.5456 -0.1869 0.8169
vn -0.1249 0.6100 -0.7825
vn -0.1249 0.6100 -0.7825
vn -0.1249 0.6100 -0.7825
vn -0.1249 0.6100 -0.7825
vn -0.0657 -0.0698 -0.9954
vn 0.3032 -0.8417 0.4468
vn 0.3032 -0.8417 0.4468
vn 0.6993 0.0821 0.7101
vn 0.6993 0.0821 0.7101
vn 0.0709 0.3716 -0.9257
vn -0.0268 0.8140 -0.5803
vn -0.6651 0.4077 0.6256
vn -0.6651 0.4077 0.6256
vn 0.2870 0.7457 0.6013
vn 0.2870 0.7457 0.6013
vn 0.2870 0.7457 0.6013
vn 0.2870 0.7457 0.6013
vn -0.7409 0.4510 0.4977
vn -0.7409 0.4510 0.4977
vn -0.3039 0.9459 0.1138
vn -0.3039 0.9459 0.1138
vn 0.6141 -0.4768 -0.6289
vn 0.6141 -0.4768 -0.6289
vn -0.3640 -0.1627 -0.9171
vn -0.3640 -0.1627 -0.9171
vn -0.4435 -0.2221 0.8683
vn 0.5467 0.0643 0.8349
vn 0.6741 -0.0937 0.7327
vn 0.6741 -0.0937 0.7327
vn -0.1610 -0.0918 0.9827
vn 0.4172 0.0379 -0.9080
vn 0.4172 0.0379 -0.9080
vn -0.5270 -0.8473 -0.0659
vn -0.5270 -0.8473 -0.0659
vn 0.3139 -0.1186 0.9420
vn 0.3139 -0.1186 0.9420
vn 0.3139 -0.1186 0.9420
vn 0.3139 -0.1186 0.9420
vn 0.3139 -0.1186 0.9420
vn 0.6444 -0.1191 0.7553
vn 0.6444 -0.1191 0.7553
vn 0.5576 -0.8258 0.0839
vn 0.5576 -0.8258 0.0839
vn 0.0114 0.8397 -0.5429
vn 0.4348 -0.0325 0.8999
vn 0.4348 -0.0325 0.8999
vn 0.4348 -0.0325 0.8999
vn 0.4348 -0.0325 0.8999
vn 0.0869 -0.8820 -0.4632
vn 0.6447 0.5636 0.5165
vn 0.6447 0.5636 0.5165
vn -0.0128 -0.8602 -0.5097
vn -0.0128 -0.8602 -0.5097
vn 0.1767 0.4062 -0.8966
vn 0.1767 0.4062 -0.8966
vn 0.1767 0.4062 -0.8966
vn 0.5425 -0.0205 0.8398
vn 0.5425 -0.0205 0.8398
vn 0.5425 -0.0205 0.8398
vn 0.8617 -0.3128 0.3996
vn 0.8617 -0.3128 0.3996
vn 0.5347 0.6111 0.5837
vn 0.5347 0.6111 0.5837
vn 0.5347 0.6111 0.5837
vn 0.0890 0.3507 -0.9323
vn 0.0890 0.3507 -0.9323
vn 0.1277 0.1616 -0.9786
vn -0.4662 0.4985 -0.7309
vn -0.4662 0.4985 -0.7309
vn -0.4662 0.4985 -0.7309
vn -0.5626 -0.2101 -0.7996
vn -0.5626 -0.2101 -0.7996
vn -0.3337 0.5730 0.7485
vn -0.3337 0.5730 0.7485
vn -0.5859 -0.0515 0.8087
vn -0.3614 -0.4308 0.8269
vn -0.3614 -0.4308 0.8269
vn 0.2290 -0.3014 0.9256
vn 0.2290 -0.3014 0.9256
vn -0.6737 -0.3487 0.6515
vn -0.6737 -0.3487 0.6515
vn -0.0710 -0.5587 0.8264
vn -0.0710 -0.5587 0.8264
vn 0.3308 0.0141 -0.9436
vn 0.3918 -0.0874 0.9159
vn 0.1674 -0.2364 0.9571
vn 0.1674 -0.2364 0.9571
vn 0.1674 -0.2364 0.9571
vn -0.6453 0.7461 -0.1639
vn 0.7089 -0.0872 0.6999
vn 0.7089 -0.0872 0.6999
vn 0.7089 -0.0872 0.6999
vn -0.2635 -0.5980 -0.7569
vn -0.2635 -0.5980 -0.7569
vn -0.4472 -0.8841 0.1355
vn -0.4472 -0.8841 0.1355
vn -0.4472 -0.8841 0.1355
vn 0.4455 0.4880 -0.7506
vn 0.4455 0.4880 -0.7506
vn 0.1517 0.3839 -0.9108
vn 0.1517 0.3839 -0.9108
vn 0.0364 -0.5010 -0.8647
vn 0.1909 -0.3175 -0.9288
vn 0.1909 -0.3175 -0.9288
vn 0.1368 0.3364 0.9317
vn 0.1942 0.1744 0.9653
vn 0.2395 0.2348 -0.9421
vn 0.0301 0.3012 -0.9531
vn 0.1633 0.6883 -0.7069
vn 0.1633 0.6883 -0.7069
vn 0.3927 0.8669 0.3071
vn 0.3927 0.8669 0.3071
vn 0.0908 0.5988 0.7957
vn 0.0908 0.5988 0.7957
vn -0.2377 -0.9003 0.3647
vn -0.2377 -0.9003 0.3647
vn -0.2377 -0.9003 0.3647
vn -0.5411 0.0023 0.8410
vn -0.5411 0.0023 0.8410
vn 0.2425 -0.2808 -0.9286
vn 0.2425 -0.2808 -0.9286
vn -0.0987 -0.9541 0.2826
vn -0.0987 -0.9541 0.2826
vn -0.0987 -0.9541 0.2826
vn 0.6599 -0.3154 -0.6820
vn 0.5492 -0.0595 0.8336
vn 0.5492 -0.0595 0.8336
vn -0.5751 0.7968 0.1854
vn 0.5008 0.1869 -0.8452
vn 0.5008 0.1869 -0.8452
vn 0.4245 -0.8782 -0.2206
vn 0.5528 0.1815 0.8133
vn 0.5528 0.1815 0.8133
vn -0.0377 -0.9621 -0.2700
vn 0.4640 -0.6033 0.6486
vn 0.4640 -0.6033 0.6486
vn 0.6169 0.3572 0.7013
vn 0.6169 0.3572 0.7013
vn 0.6442 -0.4759 0.5988
vn 0.6442 -0.4759 0.5988
vn 0.5749 -0.7511 0.3246
vn 0.5749 -0.7511 0.3246
vn 0.3983 -0.1301 -0.9080
vn 0.3933 -0.0052 0.9194
vn 0.3933 -0.0052 0.9194
vn 0.2687 0.5584 -0.7849
vn 0.2687 0.5584 -0.7849
vn 0.7071 0.6302 0.3206
vn 0.7071 0.6302 0.3206
vn 0.6864 -0.4817 0.5448
vn 0.6864 -0.4817 0.5448
vn 0.3893 0.6215 0.6799
vn 0.3893 0.6215 0.6799
vn 0.1928 0.7067 -0.6808
vn 0.1400 0.8349 -0.5323
vn 0.1494 -0.1966 -0.9690
vn 0.0030 -0.1236 -0.9923
vn 0.1591 0.2621 -0.9518
vn 0.1954 0.4413 0.8758
vn 0.1954 0.4413 0.8758
vn 0.9897 -0.0637 0.1281
vn 0.9897 -0.0637 0.1281
vn -0.6723 -0.7373 0.0667
vn 0.5693 0.2902 -0.7692
vn 0.5693 0.2902 -0.7692
vn 0.5986 0.0410 0.8000
vn 0.2847 0.5507 -0.7847
vn 0.7566 -0.5130 0.4054
vn 0.7566 -0.5130 0.4054
vn 0.7566 -0.5130 0.4054
vn 0.0616 -0.9202 -0.3866
vn 0.0616 -0.9202 -0.3866
vn -0.5814 -0.5013 0.6408
vn -0.5814 -0.5013 0.6408
vn -0.3927 -0.9102 0.1313
vn 0.3414 0.1867 -0.9212
vn 0.3414 0.1867 -0.9212
vn -0.2789 -0.7505 0.5991
vn -0.2789 -0.7505 0.5991
vn 0.2791 -0.0515 -0.9589
vn 0.2627 0.1377 -0.9550
vn 0.4688 0.8337 0.2919
vn 0.0497 -0.0678 -0.9965
vn -0.4979 -0.5154 -0.6974
vn -0.4979 -0.5154 -0.6974
vn 0.4270 0.0909 -0.8997
vn 0.0000 0.0000 0.0000
vn 0.0000 0.0000 0.0000
vn -0.9286 -0.3049 -0.2115
vn -0.9286 -0.3049 -0.2115
vn -0.9286 -0.3049 -0.2115
vn -0.3736 -0.9171 -0.1393
vn -0.1462 -0.9033 -0.4032
vn -0.8827 -0.3261 0.3385
vn -0.8827 -0.3261 0.3385
vn -0.3957 0.0406 0.9175
vn -0.4455 -0.0306 0.8947
vn 0.4208 -0.0020 -0.9072
vn 0.5715 0.1682 0.8032
vn 0.5715 0.1682 0.8032
vn 0.4699 -0.0084 -0.8827
vn 0.4699 -0.0084 -0.8827
vn -0.4235 0.7211 0.5484
vn -0.4235 0.7211 0.5484
vn 0.5060 -0.1391 0.8513
vn 0.5060 -0.1391 0.8513
vn 0.0033 0.6558 0.7550
vn 0.0033 0.6558 0.7550
vn 0.0033 0.6558 0.7550
vn 0.0033 0.6558 0.7550
vn 0.0033 0.6558 0.7550
vn 0.5011 0.1288 0.8558
vn 0.5011 0.1288 0.8558
vn 0.3415 -0.1213 0.9320
vn 0.3415 -0.1213 0.9320
vn 0.3976 0.6167 0.6794
vn 0.4638 -0.0711 0.8831
vn 0.4915 0.1294 0.8612
vn 0.4842 -0.1816 -0.8559
vn 0.4842 -0.1816 -0.8559
vn 0.5642 0.6063 0.5604
vn 0.5642 0.6063 0.5604
vn 0.1507 0.9871 -0.0550
vn 0.1507 0.9871 -0.0550
vn 0.1507 0.9871 -0.0550
vn -0.2336 -0.3385 0.9115
vn -0.2336 -0.3385 0.9115
vn -0.1265 -0.2819 0.9511
vn -0.1265 -0.2819 0.9511
vn -0.1265 -0.2819 0.9511
vn 0.3788 0.1143 -0.9184
vn 0.3788 0.1143 -0.9184
vn -0.2802 -0.2234 0.9336
vn -0.3350 -0.7649 -0.5501
vn -0.6283 -0.5263 -0.5729
vn -0.6283 -0.5263 -0.5729
vn -0.6283 -0.5263 -0.5729
vn -0.6283 -0.5263 -0.5729
vn -0.6283 -0.5263 -0.5729
vn -0.5440 -0.3428 0.7658
vn -0.5440 -0.3428 0.7658
vn 0.4587 0.4714 -0.7532
vn 0.4587 0.4714 -0.7532
vn -0.5537 -0.0152 0.8326
vn 0.2164 -0.0633 0.9743
vn 0.2164 -0.0633 0.9743
vn 0.5200 0.3099 0.7959
vn 0.5200 0.3099 0.7959
vn 0.5200 0.3099 0.7959
vn 0.4281 -0.8945 -0.1290
vn 0.3723 -0.7466 0.5514
vn 0.3723 -0.7466 0.5514
vn 0.3823 -0.0830 -0.9203
vn -0.0690 0.9772 0.2006
vn -0.0690 0.9772 0.2006
vn -0.3929 0.8884 0.2374
vn -0.2385 0.1232 0.9633
vn -0.2385 0.1232 0.9633
vn 0.2247 0.7353 -0.6395
vn 0.2956 0.8236 -0.4840
vn 0.3692 0.0472 -0.9282
vn 0.0676 0.1974 0.9780
vn -0.8733 -0.0429 0.4853
vn -0.8733 -0.0429 0.4853
vn -0.7368 -0.0395 0.6749
vn -0.7368 -0.0395 0.6749
vn -0.1885 -0.0012 -0.9821
vn -0.1885 -0.0012 -0.9821
vn 0.2608 0.8894 0.3754
vn 0.2608 0.8894 0.3754
vn 0.2608 0.8894 0.3754
vn 0.2608 0.8894 0.3754
vn 0.6806 0.5233 -0.5128
vn 0.6806 0.5233 -0.5128
vn 0.6806 0.5233 -0.5128
vn 0.1617 -0.6648 -0.7293
vn 0.1617 -0.6648 -0.7293
vn 0.1617 -0.6648 -0.7293
vn 0.4083 0.1325 0.9032
vn 0.4083 0.1325 0.9032
vn 0.4083 0.1325 0.9032
vn 0.3800 -0.7825 -0.4933
vn 0.3800 -0.7825 -0.4933
vn -0.7158 0.6945 0.0723
vn -0.7158 0.6945 0.0723
vn -0.7158 0.6945 0.0723
vn -0.1865 0.7044 0.6849
vn -0.2737 -0.0275 -0.9614
vn -0.4214 -0.5834 0.6943
vn -0.4214 -0.5834 0.6943
vn -0.0000 0.0000 0.0000
vn -0.0000 0.0000 0.0000
vn 0.2914 0.3294 0.8981
vn 0.2914 0.3294 0.8981
vn 0.3207 -0.2484 -0.9140
vn 0.5126 -0.0252 0.8583
vn 0.5126 -0.0252 0.8583
vn 0.4056 0.0843 -0.9101
vn 0.6277 -0.2737 0.7288
vn 0.6277 -0.2737 0.7288
vn 0.6105 0.7396 0.2833
vn 0.7847 -0.1002 -0.6117
vn 0.7847 -0.1002 -0.6117
vn 0.6680 0.2331 -0.7067
vn 0.6680 0.2331 -0.7067
vn 0.8202 0.1765 0.5441
vn 0.8202 0.1765 0.5441
vn 0.8856 -0.2204 -0.4089
vn 0.8856 -0.2204 -0.4089
vn 0.8856 -0.2204 -0.4089
vn -0.7532 -0.1717 0.6350
vn -0.7685 -0.0106 0.6398
vn -0.2425 -0.3372 0.9097
vn -0.2425 -0.3372 0.9097
vn 0.6371 0.0464 -0.7694
vn 0.6371 0.0464 -0.7694
vn -0.5079 0.0877 0.8569
vn -0.2919 -0.8876 -0.3565
vn 0.7310 -0.0427 -0.6810
vn -0.0937 0.0255 0.9953
vn -0.9255 -0.3592 -0.1199
vn -0.3780 0.6989 0.6071
vn -0.3780 0.6989 0.6071
vn -0.3780 0.6989 0.6071
vn -0.3780 0.6989 0.6071
vn 0.5711 -0.4492 -0.6871
vn 0.5711 -0.4492 -0.6871
vn 0.3666 -0.0219 -0.9301
vn 0.4906 -0.0684 -0.8687
vn 0.7178 -0.1568 0.6783
vn 0.7178 -0.1568 0.6783
vn 0.5991 -0.7977 0.0686
vn 0.1364 -0.9469 -0.2912
vn 0.1364 -0.9469 -0.2912
vn 0.3680 0.2018 0.9077
vn 0.5666 -0.6234 0.5389
vn 0.5666 -0.6234 0.5389
vn 0.5593 0.2177 0.7999
vn 0.5593 0.2177 0.7999
vn 0.5593 0.2177 0.7999
vn 0.4565 0.8264 0.3295
vn 0.3671 0.5200 -0.7712
vn 0.3671 0.5200 -0.7712
vn 0.6418 0.4318 -0.6337
vn 0.6418 0.4318 -0.6337
vn 0.6418 0.4318 -0.6337
vn 0.8071 0.1909 0.5587
vn 0.8071 0.1909 0.5587
vn 0.5018 -0.0094 -0.8649
vn 0.5018 -0.0094 -0.8649
vn -0.0747 -0.3390 0.9378
vn -0.0747 -0.3390 0.9378
vn -0.8436 -0.4130 0.3432
vn -0.8436 -0.4130 0.3432
vn -0.8436 -0.4130 0.3432
vn -0.7519 -0.2159 0.6230
vn -0.7519 -0.2159 0.6230
vn 0.1419 -0.1360 0.9805
vn 0.1419 -0.1360 0.9805
vn 0.6885 -0.2999 -0.6603
vn 0.6885 -0.2999 -0.6603
vn 0.7023 0.1530 0.6952
vn 0.6602 -0.1146 0.7423
vn 0.6602 -0.1146 0.7423
vn 0.6602 -0.1146 0.7423
vn 0.3956 0.5854 0.7077
vn 0.3956 0.5854 0.7077
vn -0.7422 0.6676 0.0579
vn -0.2824 0.8379 -0.4670
vn -0.0301 0.8627 0.5048
vn -0.3962 0.2982 0.8684
vn -0.3962 0.2982 0.8684
vn 0.1306 -0.9869 0.0947
vn 0.1306 -0.9869 0.0947
vn 0.3443 -0.9386 0.0226
vn -0.3915 -0.2795 0.8767
vn -0.3915 -0.2795 0.8767
vn -0.3915 -0.2795 0.8767
vn 0.2905 0.2079 0.9340
vn 0.2449 0.8408 0.4828
vn 0.2449 0.8408 0.4828
vn 0.2449 0.8408 0.4828
vn 0.0702 0.0995 0.9926
vn 0.0702 0.0995 0.9926
vn 0.6647 0.6832 0.3024
vn 0.4759 0.6696 0.5702
vn 0.4759 0.6696 0.5702
vn 0.4759 0.6696 0.5702
vn 0.4759 0.6696 0.5702
vn -0.0914 -0.8004 -0.5924
vn -0.0914 -0.8004 -0.5924
vn -0.7735 -0.2226 0.5934
vn -0.7735 -0.2226 0.5934
vn -0.9061 -0.0499 0.4201
vn -0.9061 -0.0499 0.4201
vn -0.9061 -0.0499 0.4201
vn 0.1114 0.0093 -0.9937
vn -0.1791 0.2704 -0.9459
vn -0.1791 0.2704 -0.9459
vn 0.3037 0.0289 -0.9523
vn 0.1710 -0.5038 0.8467
vn 0.1710 -0.5038 0.8467
vn 0.5448 -0.5970 -0.5889
vn 0.5448 -0.5970 -0.5889
vn 0.6503 -0.3053 0.6957
vn 0.6503 -0.3053 0.6957
vn 0.6503 -0.3053 0.6957
vn 0.6503 -0.3053 0.6957
vn 0.4312 0.3161 -0.8451
vn 0.1020 0.7427 0.6618
vn 0.1020 0.7427 0.6618
vn 0.0806 -0.8313 0.5499
vn 0.0806 -0.8313 0.5499
vn -0.0706 -0.9635 -0.2581
vn -0.0706 -0.9635 -0.2581
vn -0.0706 -0.9635 -0.2581
vn 0.4159 0.1352 0.8993
vn 0.3621 -0.2419 -0.9002
vn 0.2825 0.4271 0.8589
vn 0.2825 0.4271 0.8589
vn 0.3250 0.5249 0.7867
vn 0.3250 0.5249 0.7867
vn 0.3250 0.5249 0.7867
vn 0.3574 0.8423 0.4034
vn 0.2708 0.5339 -0.8010
vn 0.2708 0.5339 -0.8010
vn 0.8080 0.5703 -0.1480
vn 0.8080 0.5703 -0.1480
vn 0.8080 0.5703 -0.1480
vn 0.8080 0.5703 -0.1480
vn 0.9206 -0.2637 0.2879
vn 0.9206 -0.2637 0.2879
vn 0.9540 0.0638 -0.2929
vn 0.9540 0.0638 -0.2929
vn 0.3352 0.1267 -0.9336
vn 0.3352 0.1267 -0.9336
vn -0.1545 -0.2651 0.9518
vn -0.1545 -0.2651 0.9518
vn -0.2273 -0.9376 0.2632
vn -0.2273 -0.9376 0.2632
vn -0.7586 -0.5691 0.3173
vn -0.7586 -0.5691 0.3173
vn -0.7586 -0.5691 0.3173
vn -0.5623 0.2051 0.8011
vn -0.6001 -0.1659 0.7825
vn 0.8826 0.0359 0.4687
vn 0.8826 0.0359 0.4687
vn 0.8826 0.0359 0.4687
vn 0.7898 -0.2657 0.5528
vn 0.7898 -0.2657 0.5528
vn 0.7091 0.0638 -0.7022
vn 0.7091 0.0638 -0.7022
vn -0.6452 -0.7631 0.0379
vn -0.6452 -0.7631 0.0379
vn 0.2320 -0.9482 0.2172
vn 0.2320 -0.9482 0.2172
vn 0.3551 -0.4800 0.8022
vn 0.4659 -0.2222 0.8565
vn 0.4659 -0.2222 0.8565
vn 0.3788 0.5665 -0.7318
vn 0.3788 0.5665 -0.7318
vn -0.3919 0.8479 -0.3570
vn 0.0279 0.7745 -0.6320
vn 0.7637 0.2452 0.5972
vn 0.7637 0.2452 0.5972
vn 0.7637 0.2452 0.5972
vn -0.5201 -0.4382 0.7331
vn -0.5201 -0.4382 0.7331
vn 0.9443 -0.1399 -0.2979
vn 0.9443 -0.1399 -0.2979
vn 0.0170 -0.1271 0.9917
vn 0.0170 -0.1271 0.9917
vn 0.0633 -0.7734 -0.6308
vn 0.0633 -0.7734 -0.6308
vn 0.0633 -0.7734 -0.6308
vn 0.0633 -0.7734 -0.6308
vn 0.6558 0.2981 0.6936
vn 0.6558 0.2981 0.6936
vn 0.6558 0.2981 0.6936
vn -0.1058 0.4776 0.8722
vn -0.1058 0.4776 0.8722
vn 0.7680 -0.4272 -0.4772
vn 0.8137 -0.4089 0.4130
vn 0.8137 -0.4089 0.4130
vn 0.3357 0.2707 -0.9022
vn 0.7720 -0.3468 0.5327
vn -0.0662 -0.3483 0.9350
vn -0.0662 -0.3483 0.9350
vn 0.4455 0.1124 0.8882
vn 0.4455 0.1124 0.8882
vn 0.5925 0.1733 -0.7867
vn 0.5925 0.1733 -0.7867
vn 0.2746 0.5799 0.7670
vn 0.5455 0.7821 0.3012
vn 0.5455 0.7821 0.3012
vn 0.3395 0.6098 -0.7161
vn 0.3395 0.6098 -0.7161
vn 0.3395 0.6098 -0.7161
vn 0.8311 0.4797 -0.2812
vn 0.8311 0.4797 -0.2812
vn 0.4314 0.7070 0.5604
vn 0.4314 0.7070 0.5604
vn 0.4471 0.1147 -0.8871
vn 0.4471 0.1147 -0.8871
vn 0.1478 -0.2614 0.9538
vn 0.1478 -0.2614 0.9538
vn 0.1478 -0.2614 0.9538
vn 0.3944 -0.6768 -0.6217
vn 0.3944 -0.6768 -0.6217
vn 0.7054 -0.3356 -0.6243
vn 0.7054 -0.3356 -0.6243
vn 0.7054 -0.3356 -0.6243
vn 0.4425 0.6941 0.5679
vn 0.4425 0.6941 0.5679
vn 0.4861 -0.6658 0.5661
vn 0.4861 -0.6658 0.5661
vn 0.4861 -0.6658 0.5661
vn 0.4861 -0.6658 0.5661
vn 0.4861 -0.6658 0.5661
vn -0.2297 -0.1426 0.9627
vn -0.2297 -0.1426 0.9627
vn 0.0000 0.0000 0.0000
vn 0.0000 0.0000 0.0000
vn 0.4677 0.2870 -0.8360
vn 0.3564 0.2301 0.9055
vn 0.3564 0.2301 0.9055
vn 0.3564 0.2301 0.9055
vn 0.8660 -0.0689 0.4952
vn 0.6386 0.4554 0.6203
vn 0.6386 0.4554 0.6203
vn 0.3575 0.5882 -0.7254
vn 0.3575 0.5882 -0.7254
vn 0.5166 -0.2538 -0.8178
vn 0.5166 -0.2538 -0.8178
vn -0.3677 -0.8923 0.2618
vn -0.3677 -0.8923 0.2618
vn 0.4726 0.2183 -0.8538
vn 0.5498 0.5409 -0.6365
vn 0.5498 0.5409 -0.6365
vn 0.5301 0.6805 -0.5059
vn 0.5301 0.6805 -0.5059
vn 0.4648 0.7537 0.4645
vn 0.4648 0.7537 0.4645
vn 0.4670 0.8600 -0.2056
vn 0.4670 0.8600 -0.2056
vn -0.0809 -0.9930 0.0863
vn -0.0809 -0.9930 0.0863
vn -0.2260 -0.4966 0.8380
vn -0.2260 -0.4966 0.8380
vn 0.4678 0.1607 -0.8691
vn -0.1571 -0.9871 0.0291
vn -0.3818 -0.8266 0.4134
vn -0.3818 -0.8266 0.4134
vn -0.2848 -0.1411 0.9481
vn -0.3237 0.1250 0.9379
vn 0.6266 0.2410 -0.7411
vn 0.6266 0.2410 -0.7411
vn 0.1419 0.1345 0.9807
vn 0.3315 -0.2993 -0.8947
vn 0.3315 -0.2993 -0.8947
vn 0.3000 0.1405 0.9435
vn 0.3000 0.1405 0.9435
vn 0.7874 0.5180 -0.3341
vn 0.7874 0.5180 -0.3341
vn 0.7874 0.5180 -0.3341
vn 0.6136 0.5484 -0.5681
vn 0.6136 0.5484 -0.5681
vn 0.8256 -0.3598 -0.4347
vn 0.8074 0.0346 0.5889
vn 0.8342 -0.3602 -0.4176
vn 0.8342 -0.3602 -0.4176
vn 0.5492 0.3824 -0.7431
vn -0.3565 0.8815 0.3097
vn 0.4658 -0.8675 -0.1744
vn 0.4810 0.8568 0.1860
vn 0.4810 0.8568 0.1860
vn 0.4810 0.8568 0.1860
vn 0.6331 0.6939 -0.3430
vn 0.6331 0.6939 -0.3430
vn 0.6331 0.6939 -0.3430
vn 0.6331 0.6939 -0.3430
vn 0.6279 0.1182 -0.7693
vn 0.6279 0.1182 -0.7693
vn 0.6279 0.1182 -0.7693
vn 0.6279 0.1182 -0.7693
vn 0.6279 0.1182 -0.7693
vn 0.6279 0.1182 -0.7693
vn 0.6347 -0.4480 0.6296
vn 0.6347 -0.4480 0.6296
vn 0.6347 -0.4480 0.6296
vn 0.5545 -0.6317 0.5417
vn 0.5311 -0.0569 0.8454
vn 0.5311 -0.0569 0.8454
vn 0.5311 -0.0569 0.8454
vn 0.5311 -0.0569 0.8454
vn 0.5311 -0.0569 0.8454
vn 0.5311 -0.0569 0.8454
vn 0.4517 0.4374 0.7776
vn 0.3001 0.5777 -0.7591
vn 0.3001 0.5777 -0.7591
vn 0.0451 -0.2415 0.9693
vn -0.3760 -0.5541 0.7427
vn -0.3760 -0.5541 0.7427
vn -0.3760 -0.5541 0.7427
vn -0.4739 -0.8213 -0.3178
vn -0.4739 -0.8213 -0.3178
vn -0.4739 -0.8213 -0.3178
vn 0.1116 -0.4807 0.8697
vn 0.1116 -0.4807 0.8697
vn 0.1116 -0.4807 0.8697
vn -0.0599 -0.0775 0.9952
vn 0.1107 0.0988 -0.9889
vn 0.7144 0.6563 -0.2428
vn 0.9733 0.1457 -0.1772
vn 0.8161 0.5694 0.0986
vn 0.8161 0.5694 0.0986
vn 0.8161 0.5694 0.0986
vn 0.9649 -0.2392 0.1087
vn -0.3779 -0.1661 0.9108
vn 0.9247 0.0098 0.3806
vn 0.4464 -0.0030 -0.8948
vn 0.4464 -0.0030 -0.8948
vn 0.7463 -0.0704 0.6619
vn 0.1376 0.9087 0.3940
vn 0.4056 -0.9109 0.0761
vn -0.4084 -0.6868 0.6013
vn -0.4084 -0.6868 0.6013
vn 0.4624 -0.0317 -0.8861
vn 0.4624 -0.0317 -0.8861
vn 0.4624 -0.0317 -0.8861
vn 0.6375 0.6672 0.3852
vn 0.6159 0.6377 0.4626
vn 0.6159 0.6377 0.4626
vn 0.6159 0.6377 0.4626
vn 0.0285 0.6106 0.7915
vn 0.0285 0.6106 0.7915
vn -0.1209 -0.0549 -0.9911
vn -0.1209 -0.0549 -0.9911
vn -0.1209 -0.0549 -0.9911
vn 0.1012 -0.0391 0.9941
vn 0.1012 -0.0391 0.9941
vn 0.1012 -0.0391 0.9941
vn 0.7199 -0.3505 -0.5991
vn 0.7199 -0.3505 -0.5991
vn 0.3872 0.1010 0.9165
vn 0.4223 0.5471 0.7227
vn 0.2992 0.1089 0.9479
vn 0.9274 0.3391 0.1579
vn 0.9274 0.3391 0.1579
vn 0.9274 0.3391 0.1579
vn 0.5044 0.6499 0.5685
vn 0.5044 0.6499 0.5685
vn 0.2616 -0.5683 0.7801
vn 0.2616 -0.5683 0.7801
vn 0.5890 -0.8071 -0.0413
vn 0.2766 0.4937 0.8245
vn 0.4882 0.0103 0.8727
vn 0.5516 0.2229 0.8038
vn 0.5516 0.2229 0.8038
vn -0.3665 -0.9263 0.0871
vn -0.3665 -0.9263 0.0871
vn -0.3665 -0.9263 0.0871
vn -0.3665 -0.9263 0.0871
vn 0.5842 0.4427 0.6803
vn 0.5894 0.2865 0.7553
vn 0.6395 0.3665 0.6758
vn 0.6395 0.3665 0.6758
vn 0.6395 0.3665 0.6758
vn 0.5601 0.5369 -0.6309
vn 0.5601 0.5369 -0.6309
vn 0.5601 0.5369 -0.6309
vn -0.6569 -0.6285 0.4166
vn -0.6569 -0.6285 0.4166
vn -0.2625 0.1613 0.9513
vn -0.2625 0.1613 0.9513
vn -0.4677 -0.5152 0.7182
vn -0.4677 -0.5152 0.7182
vn 0.5174 0.7540 -0.4046
vn 0.5174 0.7540 -0.4046
vn 0.8657 -0.0760 0.4947
vn -0.4007 -0.8385 -0.3692
vn -0.4007 -0.8385 -0.3692
vn 0.1167 -0.2482 0.9617
vn 0.1167 -0.2482 0.9617
vn 0.4272 0.1729 -0.8875
vn 0.4272 0.1729 -0.8875
vn 0.4272 0.1729 -0.8875
vn 0.6996 0.1174 -0.7048
vn 0.2877 0.4102 0.8654
vn 0.2877 0.4102 0.8654
vn 0.2877 0.4102 0.8654
vn 0.9742 -0.1048 0.1997
vn 0.2706 -0.9627 -0.0046
vn 0.7857 -0.3658 0.4989
vn 0.7857 -0.3658 0.4989
vn 0.6903 0.5393 0.4824
vn 0.6903 0.5393 0.4824
vn 0.3030 0.8722 -0.3841
vn -0.9637 0.2068 0.1690
vn -0.9637 0.2068 0.1690
vn -0.9637 0.2068 0.1690
vn -0.9637 0.2068 0.1690
vn -0.7908 0.3358 -0.5118
vn -0.7908 0.3358 -0.5118
vn -0.9192 -0.2749 -0.2820
vn -0.9192 -0.2749 -0.2820
vn -0.8530 0.3819 0.3556
vn -0.8530 0.3819 0.3556
vn -0.3731 -0.1881 0.9085
vn -0.3731 -0.1881 0.9085
vn -0.3731 -0.1881 0.9085
vn -0.3731 -0.1881 0.9085
vn -0.3731 -0.1881 0.9085
vn 0.4698 0.0398 -0.8819
vn 0.4698 0.0398 -0.8819
vn 0.4698 0.0398 -0.8819
vn 0.3131 -0.6814 0.6615
vn 0.3131 -0.6814 0.6615
vn 0.8678 0.2118 0.4496
vn 0.8678 0.2118 0.4496
vn 0.5407 0.3317 0.7730
vn 0.5407 0.3317 0.7730
vn 0.3045 0.9523 -0.0198
vn 0.3045 0.9523 -0.0198
vn 0.8592 -0.1953 -0.4729
vn 0.8592 -0.1953 -0.4729
vn -0.6002 -0.1458 0.7864
vn 0.9912 0.0633 0.1159
vn 0.9912 0.0633 0.1159
vn 0.6243 -0.2813 -0.7288
vn 0.6243 -0.2813 -0.7288
vn 0.6243 -0.2813 -0.7288
vn 0.6243 -0.2813 -0.7288
vn 0.0985 -0.4210 0.9017
vn 0.0985 -0.4210 0.9017
vn 0.0985 -0.4210 0.9017
vn 0.3236 0.0970 0.9412
vn 0.3236 0.0970 0.9412
vn -0.4937 -0.1260 0.8604
vn -0.4937 -0.1260 0.8604
vn -0.4937 -0.1260 0.8604
vn -0.4937 -0.1260 0.8604
vn 0.0000 0.0000 0.0000
vn 0.0000 0.0000 0.0000
vn 0.7234 0.2562 -0.6411
vn 0.7234 0.2562 -0.6411
vn 0.7234 0.2562 -0.6411
vn 0.4328 0.4709 -0.7687
vn -0.2747 -0.9615 0.0081
vn -0.2747 -0.9615 0.0081
vn 0.4316 -0.4464 -0.7839
vn 0.4956 -0.2391 -0.8350
vn 0.6001 -0.0496 0.7983
vn 0.6001 -0.0496 0.7983
vn 0.6001 -0.0496 0.7983
vn 0.6001 -0.0496 0.7983
vn 0.5185 0.1909 0.8335
vn 0.5185 0.1909 0.8335
vn 0.5185 0.1909 0.8335
vn 0.5185 0.1909 0.8335
vn 0.7322 0.2363 0.6388
vn 0.7322 0.2363 0.6388
vn 0.4458 0.4384 -0.7804
vn 0.4458 0.4384 -0.7804
vn 0.2946 0.5292 -0.7957
vn 0.2946 0.5292 -0.7957
vn 0.2574 0.6109 0.7487
vn 0.2574 0.6109 0.7487
vn -0.3706 -0.7932 0.4832
vn -0.3706 -0.7932 0.4832
vn -0.3756 0.1712 0.9108
vn -0.3756 0.1712 0.9108
vn -0.3756 0.1712 0.9108
vn -0.3756 0.1712 0.9108
vn -0.7528 -0.0027 -0.6582
vn -0.7528 -0.0027 -0.6582
vn -0.5424 -0.1872 0.8190
vn -0.5424 -0.1872 0.8190
vn -0.5424 -0.1872 0.8190
vn -0.5424 -0.1872 0.8190
vn -0.9924 0.0226 0.1213
vn -0.9924 0.0226 0.1213
vn -0.9903 0.0025 0.1389
vn -0.9405 0.2128 -0.2651
vn -0.7283 -0.5763 0.3707
vn -0.7283 -0.5763 0.3707
vn 0.5459 -0.0402 -0.8369
vn 0.5459 -0.0402 -0.8369
vn 0.5459 -0.0402 -0.8369
vn 0.4139 0.3932 0.8210
vn 0.4139 0.3932 0.8210
vn 0.8266 -0.1180 0.5502
vn 0.8266 -0.1180 0.5502
vn 0.9402 -0.2214 -0.2587
vn 0.2994 0.1995 -0.9330
vn 0.2994 0.1995 -0.9330
vn 0.6559 0.1489 -0.7400
vn 0.6559 0.1489 -0.7400
vn 0.9356 0.3214 0.1463
vn 0.7460 0.6587 -0.0980
vn -0.6267 -0.1377 0.7670
vn 0.8918 -0.3633 -0.2697
vn 0.8918 -0.3633 -0.2697
vn -0.2547 -0.6169 -0.7447
vn -0.2547 -0.6169 -0.7447
vn -0.2547 -0.6169 -0.7447
vn -0.6015 -0.6391 0.4793
vn -0.6015 -0.6391 0.4793
vn 0.0975 -0.8531 -0.5126
vn 0.0975 -0.8531 -0.5126
vn 0.3291 0.5086 0.7956
vn 0.3291 0.5086 0.7956
vn 0.3291 0.5086 0.7956
vn 0.7085 -0.6777 0.1967
vn 0.7085 -0.6777 0.1967
vn -0.5220 -0.8044 0.2836
vn -0.5220 -0.8044 0.2836
vn 0.6999 0.3624 0.6155
vn 0.6999 0.3624 0.6155
vn 0.6999 0.3624 0.6155
vn 0.6999 0.3624 0.6155
vn 0.4781 0.5674 0.6705
vn 0.4781 0.5674 0.6705
vn -0.7765 0.3293 -0.5372
vn -0.7765 0.3293 -0.5372
vn -0.2142 -0.9387 -0.2703
vn -0.2142 -0.9387 -0.2703
vn -0.2142 -0.9387 -0.2703
vn -0.9966 -0.0045 0.0827
vn -0.9966 -0.0045 0.0827
vn -0.8591 0.5045 -0.0856
vn -0.8591 0.5045 -0.0856
vn -0.9895 0.0828 0.1181
vn 0.2033 0.4759 -0.8557
vn 0.2033 0.4759 -0.8557
vn -0.0643 0.7298 -0.6806
vn -0.0643 0.7298 -0.6806
vn -0.0643 0.7298 -0.6806
vn -0.5050 -0.3068 0.8067
vn 0.5094 0.5586 0.6546
vn 0.5094 0.5586 0.6546
vn 0.9067 0.1702 -0.3860
vn 0.9067 0.1702 -0.3860
vn 0.9067 0.1702 -0.3860
vn 0.6296 0.0467 -0.7755
vn 0.6296 0.0467 -0.7755
vn 0.5602 0.5485 0.6208
vn 0.3758 0.8383 -0.3950
vn 0.3758 0.8383 -0.3950
vn 0.3758 0.8383 -0.3950
vn 0.9573 -0.1157 -0.2649
vn -0.6612 -0.1094 0.7422
vn -0.6612 -0.1094 0.7422
vn 0.7214 0.0828 -0.6875
vn 0.7214 0.0828 -0.6875
vn 0.5849 -0.1841 -0.7899
vn 0.5849 -0.1841 -0.7899
vn 0.5849 -0.1841 -0.7899
vn 0.0454 -0.7667 0.6403
vn 0.0454 -0.7667 0.6403
vn 0.7117 0.4660 0.5257
vn 0.8869 0.4513 -0.0986
vn 0.8869 0.4513 -0.0986
vn 0.8620 0.0383 0.5054
vn 0.8620 0.0383 0.5054
vn 0.4912 -0.1827 -0.8517
vn 0.6799 -0.2508 -0.6890
vn 0.6799 -0.2508 -0.6890
vn 0.6799 -0.2508 -0.6890
vn -0.0914 -0.9958 0.0043
vn -0.0914 -0.9958 0.0043
vn 0.2989 0.0749 -0.9513
vn 0.2989 0.0749 -0.9513
vn -0.9936 -0.0687 -0.0892
vn -0.7225 0.4194 -0.5496
vn -0.7225 0.4194 -0.5496
vn -0.7225 0.4194 -0.5496
vn -0.8393 -0.3347 0.4284
vn -0.8393 -0.3347 0.4284
vn -0.9729 0.0826 0.2160
vn -0.3478 -0.7647 -0.5424
vn -0.3478 -0.7647 -0.5424
vn 0.0000 0.0000 0.0000
vn 0.0000 0.0000 0.0000
vn 0.5861 0.0977 0.8043
vn 0.5861 0.0977 0.8043
vn 0.1647 -0.9844 0.0620
vn 0.1647 -0.9844 0.0620
vn 0.1647 -0.9844 0.0620
vn 0.1647 -0.9844 0.0620
vn 0.7699 0.5567 0.3119
vn 0.7699 0.5567 0.3119
vn 0.6627 0.1313 -0.7373
vn 0.6627 0.1313 -0.7373
vn -0.5458 -0.1779 0.8188
vn -0.3520 -0.1500 0.9239
vn -0.3520 -0.1500 0.9239
vn 0.3247 -0.3449 -0.8807
vn 0.3247 -0.3449 -0.8807
vn 0.3247 -0.3449 -0.8807
vn 0.6125 -0.0619 -0.7880
vn 0.6125 -0.0619 -0.7880
vn 0.6125 -0.0619 -0.7880
vn 0.6206 0.3316 -0.7105
vn 0.6206 0.3316 -0.7105
vn 0.6206 0.3316 -0.7105
vn 0.6452 0.7000 0.3062
vn 0.6452 0.7000 0.3062
vn 0.6452 0.7000 0.3062
vn 0.7188 -0.6809 0.1401
vn 0.7188 -0.6809 0.1401
vn 0.6957 0.2265 -0.6817
vn 0.3468 -0.4153 -0.8410
vn 0.3468 -0.4153 -0.8410
vn 0.5739 0.1616 0.8028
vn 0.5739 0.1616 0.8028
vn 0.5739 0.1616 0.8028
vn 0.7815 0.2947 -0.5500
vn 0.7815 0.2947 -0.5500
vn 0.4092 0.5717 0.7112
vn 0.4092 0.5717 0.7112
vn -0.4155 -0.8850 0.2100
vn -0.4155 -0.8850 0.2100
vn -0.9400 -0.0468 0.3380
vn -0.9400 -0.0468 0.3380
vn -0.8480 -0.5198 0.1037
vn -0.8480 -0.5198 0.1037
vn -0.6955 0.5664 0.4421
vn -0.6955 0.5664 0.4421
vn -0.6955 0.5664 0.4421
vn -0.3834 0.2308 -0.8943
vn -0.3834 0.2308 -0.8943
vn 0.1650 -0.6380 0.7522
vn 0.1650 -0.6380 0.7522
vn 0.1650 -0.6380 0.7522
vn 0.1650 -0.6380 0.7522
vn -0.0951 0.1246 0.9876
vn -0.0951 0.1246 0.9876
vn -0.0951 0.1246 0.9876
vn -0.0951 0.1246 0.9876
vn -0.0951 0.1246 0.9876
vn 0.3075 -0.6002 0.7384
vn 0.3075 -0.6002 0.7384
vn 0.3075 -0.6002 0.7384
vn -0.3614 -0.8007 0.4778
vn -0.3614 -0.8007 0.4778
vn -0.3614 -0.8007 0.4778
vn -0.3614 -0.8007 0.4778
vn 0.7899 0.6131 0.0123
vn -0.2714 -0.2046 0.9405
vn -0.2714 -0.2046 0.9405
vn 0.9101 0.1477 -0.3871
vn 0.9101 0.1477 -0.3871
vn 0.9101 0.1477 -0.3871
vn 0.9101 0.1477 -0.3871
vn 0.5466 -0.2560 0.7973
vn 0.5466 -0.2560 0.7973
vn 0.5466 -0.2560 0.7973
vn 0.5466 -0.2560 0.7973
vn -0.1640 0.2022 0.9655
vn 0.7170 0.6303 -0.2976
vn 0.7170 0.6303 -0.2976
vn -0.1712 -0.9458 -0.2760
vn 0.9719 -0.2017 0.1218
vn 0.9719 -0.2017 0.1218
vn 0.6177 0.5935 0.5159
vn 0.6177 0.5935 0.5159
vn -0.8793 0.4160 0.2321
vn -0.7827 0.3841 0.4896
vn -0.7827 0.3841 0.4896
vn -0.2114 -0.6030 0.7692
vn -0.2114 -0.6030 0.7692
vn -0.2114 -0.6030 0.7692
vn -0.2114 -0.6030 0.7692
vn 0.6643 0.0353 -0.7467
vn 0.6643 0.0353 -0.7467
vn 0.6643 0.0353 -0.7467
vn 0.6643 0.0353 -0.7467
vn 0.6643 0.0353 -0.7467
vn 0.6643 0.0353 -0.7467
vn 0.3690 -0.9186 0.1415
vn -0.5895 -0.6112 0.5281
vn -0.5895 -0.6112 0.5281
vn -0.6468 -0.6847 0.3360
vn -0.6468 -0.6847 0.3360
vn 0.9428 -0.3313 -0.0378
vn 0.9428 -0.3313 -0.0378
vn 0.9428 -0.3313 -0.0378
vn 0.9428 -0.3313 -0.0378
vn 0.5581 0.3875 0.7338
vn 0.5581 0.3875 0.7338
vn 0.7931 0.6080 -0.0368
vn 0.7668 0.4327 0.4742
vn 0.7668 0.4327 0.4742
vn 0.6314 0.6132 0.4746
vn 0.6314 0.6132 0.4746
vn 0.6314 0.6132 0.4746
vn -0.2680 -0.8244 0.4986
vn -0.2680 -0.8244 0.4986
vn 0.7359 -0.0778 -0.6726
vn 0.7359 -0.0778 -0.6726
vn 0.5895 0.1309 -0.7971
vn 0.5895 0.1309 -0.7971
vn 0.4311 0.1933 -0.8813
vn 0.4311 0.1933 -0.8813
vn -0.3648 -0.9202 0.1421
vn -0.3648 -0.9202 0.1421
vn 0.2277 0.4401 -0.8686
vn 0.2277 0.4401 -0.8686
vn 0.2277 0.4401 -0.8686
vn -0.1572 0.7098 0.6866
vn -0.1572 0.7098 0.6866
vn -0.1572 0.7098 0.6866
vn -0.1572 0.7098 0.6866
vn -0.1572 0.7098 0.6866
vn -0.1572 0.7098 0.6866
vn -0.2565 0.7141 -0.6513
vn 0.2139 0.4616 -0.8609
vn 0.2139 0.4616 -0.8609
vn 0.5443 0.1814 -0.8191
vn 0.5443 0.1814 -0.8191
vn 0.5443 0.1814 -0.8191
vn 0.5443 0.1814 -0.8191
vn 0.0000 0.0000 0.0000
vn 0.0000 0.0000 0.0000
vn 0.7721 -0.2447 -0.5865
vn 0.7721 -0.2447 -0.5865
vn 0.5464 -0.6671 0.5064
vn 0.5464 -0.6671 0.5064
vn 0.6680 -0.3134 0.6750
vn 0.6680 -0.3134 0.6750
vn 0.6680 -0.3134 0.6750
vn 0.6709 0.3947 0.6278
vn 0.6709 0.3947 0.6278
vn 0.6272 0.5359 0.5652
vn 0.6272 0.5359 0.5652
vn 0.6272 0.5359 0.5652
vn 0.7906 0.3842 0.4768
vn 0.7906 0.3842 0.4768
vn 0.8036 0.1914 -0.5636
vn 0.9433 0.1977 -0.2666
vn 0.9500 0.3012 0.0829
vn 0.9500 0.3012 0.0829
vn 0.8874 0.1798 -0.4245
vn -0.4444 -0.0169 0.8956
vn -0.8404 -0.5281 -0.1217
vn -0.8404 -0.5281 -0.1217
vn 0.4255 0.2653 0.8652
vn 0.4255 0.2653 0.8652
vn 0.3048 -0.0296 0.9520
vn 0.6548 0.5554 -0.5127
vn 0.6548 0.5554 -0.5127
vn 0.6548 0.5554 -0.5127
vn -0.0824 -0.9820 -0.1698
vn 0.4612 -0.4093 -0.7872
vn -0.2166 -0.5010 0.8379
vn -0.2166 -0.5010 0.8379
vn 0.7711 0.1029 0.6283
vn 0.7711 0.1029 0.6283
vn 0.0000 0.0000 0.0000
vn 0.0000 0.0000 0.0000
vn 0.7478 0.4414 0.4960
vn 0.7478 0.4414 0.4960
vn 0.4160 0.4014 -0.8160
vn 0.4160 0.4014 -0.8160
vn 0.4722 0.5730 -0.6698
vn 0.4722 0.5730 -0.6698
vn 0.0667 -0.9937 -0.0902
vn 0.0000 0.0000 0.0000
vn 0.0000 0.0000 0.0000
vn 0.0000 0.0000 0.0000
vn 0.0000 0.0000 0.0000
vn 0.0000 0.0000 0.0000
vn -0.0661 -0.6413 0.7645
vn -0.0661 -0.6413 0.7645
vn -0.5059 -0.3348 0.7950
vn -0.5761 -0.6171 0.5360
vn -0.5761 -0.6171 0.5360
vn -0.5761 -0.6171 0.5360
vn -0.1980 -0.1233 0.9724
vn -0.1980 -0.1233 0.9724
vn -0.1980 -0.1233 0.9724
vn -0.1980 -0.1233 0.9724
vn 0.8969 0.0313 -0.4412
vn 0.8969 0.0313 -0.4412
vn 0.8969 0.0313 -0.4412
vn 0.8969 0.0313 -0.4412
vn -0.7201 -0.6729 0.1691
vn -0.4194 -0.2544 0.8714
vn -0.4194 -0.2544 0.8714
vn -0.4194 -0.2544 0.8714
vn 0.8556 0.4966 -0.1461
vn 0.9061 0.4222 -0.0286
vn -0.4854 -0.1688 0.8579
vn -0.4854 -0.1688 0.8579
vn 0.9775 -0.1314 -0.1653
vn 0.9775 -0.1314 -0.1653
vn 0.7997 -0.0820 -0.5947
vn 0.7997 -0.0820 -0.5947
vn 0.7997 -0.0820 -0.5947
vn 0.7997 -0.0820 -0.5947
vn 0.7997 -0.0820 -0.5947
vn 0.7997 -0.0820 -0.5947
vn 0.7997 -0.0820 -0.5947
vn 0.7997 -0.0820 -0.5947
vn 0.2721 -0.9324 0.2378
vn 0.6089 0.1534 -0.7783
vn 0.6089 0.1534 -0.7783
vn -0.8198 -0.4557 0.3467
vn -0.8198 -0.4557 0.3467
vn -0.8198 -0.4557 0.3467
vn -0.7065 -0.6656 0.2405
vn -0.7065 -0.6656 0.2405
vn 0.6541 -0.3190 -0.6859
vn 0.6541 -0.3190 -0.6859
vn 0.8538 -0.2705 0.4447
vn 0.8538 -0.2705 0.4447
vn 0.7802 0.1785 0.5995
vn 0.7802 0.1785 0.5995
vn 0.6270 0.6052 0.4905
vn 0.6270 0.6052 0.4905
vn 0.6270 0.6052 0.4905
vn -0.0108 -0.9992 -0.0377
vn -0.0498 0.7277 0.6841
vn -0.0498 0.7277 0.6841
vn -0.1026 0.9938 0.0422
vn 0.3540 0.1257 -0.9267
vn 0.3540 0.1257 -0.9267
vn 0.3540 0.1257 -0.9267
vn 0.3540 0.1257 -0.9267
vn 0.8848 0.2317 0.4042
vn 0.8848 0.2317 0.4042
vn 0.8848 0.2317 0.4042
vn 0.8848 0.2317 0.4042
vn 0.8848 0.2317 0.4042
vn 0.8848 0.2317 0.4042
vn 0.8848 0.2317 0.4042
vn 0.6020 0.5609 -0.5684
vn 0.6020 0.5609 -0.5684
vn -0.6871 -0.1962 0.6996
vn -0.6871 -0.1962 0.6996
vn 0.4709 0.6842 -0.5569
vn 0.4709 0.6842 -0.5569
vn 0.9622 0.1309 0.2388
vn 0.9622 0.1309 0.2388
vn 0.6789 0.2202 -0.7004
vn 0.6789 0.2202 -0.7004
vn 0.8977 -0.1799 -0.4022
vn 0.8977 -0.1799 -0.4022
vn 0.6006 0.0252 0.7992
vn 0.6006 0.0252 0.7992
vn 0.9041 0.0714 0.4214
vn 0.9041 0.0714 0.4214
vn 0.6873 0.0685 0.7231
vn 0.6873 0.0685 0.7231
vn 0.6873 0.0685 0.7231
vn 0.5168 -0.8359 0.1850
vn 0.5168 -0.8359 0.1850
vn 0.5168 -0.8359 0.1850
vn 0.7644 -0.6302 0.1360
vn 0.7644 -0.6302 0.1360
vn 0.7644 -0.6302 0.1360
vn 0.7644 -0.6302 0.1360
vn -0.9723 -0.1916 -0.1336
vn -0.9723 -0.1916 -0.1336
vn -0.7746 -0.3286 0.5404
vn -0.7746 -0.3286 0.5404
vn -0.7746 -0.3286 0.5404
vn 0.8910 -0.3421 -0.2985
vn 0.7967 0.1335 0.5895
vn 0.7496 0.2116 0.6271
vn 0.7496 0.2116 0.6271
vn 0.8142 0.3682 0.4489
vn 0.8142 0.3682 0.4489
vn 0.8142 0.3682 0.4489
vn 0.8142 0.3682 0.4489
vn 0.0934 -0.9951 0.0333
vn 0.0934 -0.9951 0.0333
vn 0.0844 -0.1301 0.9879
vn 0.0844 -0.1301 0.9879
vn 0.0844 -0.1301 0.9879
vn 0.3939 0.8830 0.2552
vn 0.3939 0.8830 0.2552
vn 0.5336 0.7700 -0.3499
vn 0.5336 0.7700 -0.3499
vn 0.5336 0.7700 -0.3499
vn 0.6178 0.5289 -0.5819
vn 0.6178 0.5289 -0.5819
vn 0.0000 0.0000 0.0000
vn 0.0000 0.0000 0.0000
vn 0.0000 0.0000 0.0000
vn 0.0000 0.0000 0.0000
vn 0.9870 0.1493 0.0597
vn -0.7105 -0.4107 0.5714
vn -0.7105 -0.4107 0.5714
vn 0.9663 0.2057 -0.1545
vn 0.9080 0.3992 0.1273
vn -0.7952 -0.6048 -0.0438
vn -0.7952 -0.6048 -0.0438
vn 0.5949 0.0329 0.8031
vn 0.5949 0.0329 0.8031
vn 0.8543 -0.0975 0.5105
vn 0.8746 0.4211 -0.2402
vn 0.9883 0.1482 -0.0357
vn 0.9883 0.1482 -0.0357
vn 0.7051 0.6630 -0.2516
vn 0.7051 0.6630 -0.2516
vn 0.7051 0.6630 -0.2516
vn 0.8045 0.4678 -0.3660
vn 0.8045 0.4678 -0.3660
vn -0.4520 -0.8560 0.2510
vn -0.4520 -0.8560 0.2510
vn -0.4520 -0.8560 0.2510
vn 0.3068 -0.9020 0.3039
vn 0.3068 -0.9020 0.3039
vn 0.2601 -0.5941 0.7612
vn 0.2601 -0.5941 0.7612
vn -0.3516 -0.8621 0.3650
vn -0.3516 -0.8621 0.3650
vn -0.3516 -0.8621 0.3650
vn -0.9723 -0.1858 0.1416
vn 0.9236 0.0851 0.3738
vn 0.7396 0.0272 -0.6725
vn 0.7906 0.0312 0.6116
vn 0.8321 0.1155 0.5425
vn 0.7607 0.5159 0.3940
vn 0.1001 -0.9949 0.0158
vn -0.1427 0.9608 0.2375
vn 0.6808 0.4008 -0.6131
vn 0.6808 0.4008 -0.6131
vn 0.7771 0.3824 0.4999
vn 0.8721 0.3902 -0.2954
vn 0.8721 0.3902 -0.2954
vn -0.7605 -0.6356 0.1331
vn -0.7605 -0.6356 0.1331
vn -0.7605 -0.6356 0.1331
vn -0.7605 -0.6356 0.1331
vn 0.8903 0.3314 0.3124
vn 0.0615 -0.9931 -0.0999
vn 0.0615 -0.9931 -0.0999
vn 0.0615 -0.9931 -0.0999
vn 0.0615 -0.9931 -0.0999
vn 0.0615 -0.9931 -0.0999
vn 0.0615 -0.9931 -0.0999
vn 0.0548 -0.1577 0.9860
vn 0.0548 -0.1577 0.9860
vn 0.0548 -0.1577 0.9860
vn 0.0548 -0.1577 0.9860
vn 0.8337 -0.0623 0.5486
vn 0.8337 -0.0623 0.5486
vn -0.7208 -0.0850 -0.6879
vn -0.7208 -0.0850 -0.6879
vn -0.7208 -0.0850 -0.6879
vn 0.8194 0.1248 -0.5595
vn 0.8895 -0.0307 0.4559
vn 0.8895 -0.0307 0.4559
vn 0.8895 -0.0307 0.4559
vn -0.7195 -0.6945 0.0069
vn 0.7055 0.5645 0.4285
vn 0.7055 0.5645 0.4285
vn 0.4470 0.8001 0.3999
vn 0.4470 0.8001 0.3999
vn 0.4470 0.8001 0.3999
vn 0.4470 0.8001 0.3999
vn 0.4055 0.4706 -0.7837
vn 0.4055 0.4706 -0.7837
vn 0.2959 -0.8127 0.5019
vn 0.2959 -0.8127 0.5019
vn 0.4269 -0.8209 -0.3793
vn 0.4269 -0.8209 -0.3793
vn 0.4269 -0.8209 -0.3793
vn 0.7002 0.1316 -0.7017
vn 0.7002 0.1316 -0.7017
vn 0.7002 0.1316 -0.7017
vn 0.7002 0.1316 -0.7017
vn 0.6452 0.5005 0.5773
vn 0.9201 0.3916 -0.0103
vn 0.9201 0.3916 -0.0103
vn 0.9201 0.3916 -0.0103
vn 0.6708 -0.2209 0.7080
vn 0.6708 -0.2209 0.7080
vn -0.8398 -0.4058 0.3608
vn -0.8398 -0.4058 0.3608
vn -0.8300 -0.5419 0.1321
vn -0.8300 -0.5419 0.1321
vn -0.8300 -0.5419 0.1321
vn 0.7784 0.5036 0.3748
vn 0.7784 0.5036 0.3748
vn 0.9342 0.3230 -0.1516
vn 0.9342 0.3230 -0.1516
vn 0.9342 0.3230 -0.1516
vn 0.9342 0.3230 -0.1516
vn 0.9342 0.3230 -0.1516
vn 0.0000 0.0000 0.0000
vn 0.0000 0.0000 0.0000
vn 0.6901 0.0969 -0.7172
vn 0.6901 0.0969 -0.7172
vn 0.6901 0.0969 -0.7172
vn 0.6901 0.0969 -0.7172
vn 0.6901 0.0969 -0.7172
vn 0.6901 0.0969 -0.7172
vn 0.6901 0.0969 -0.7172
vn 0.9272 0.3046 -0.2179
vn 0.9272 0.3046 -0.2179
vn 0.9272 0.3046 -0.2179
vn 0.9272 0.3046 -0.2179
vn -0.0000 0.0000 0.0000
vn -0.0000 0.0000 0.0000
vn -0.1451 -0.5794 -0.8021
vn -0.1451 -0.5794 -0.8021
vn -0.4073 -0.7198 -0.5621
vn -0.4073 -0.7198 -0.5621
vn -0.4073 -0.7198 -0.5621
vn -0.4073 -0.7198 -0.5621
vn -0.4073 -0.7198 -0.5621
vn 0.6854 -0.3982 -0.6096
vn 0.6854 -0.3982 -0.6096
vn 0.6854 -0.3982 -0.6096
vn 0.6854 -0.3982 -0.6096
vn 0.8565 0.1796 -0.4840
vn 0.8565 0.1796 -0.4840
vn 0.8565 0.1796 -0.4840
vn 0.0145 -0.5831 -0.8123
vn 0.0145 -0.5831 -0.8123
vn 0.6356 -0.2096 0.7431
vn 0.6356 -0.2096 0.7431
vn 0.9002 -0.0233 0.4349
vn 0.8309 0.3861 0.4006
vn 0.8309 0.3861 0.4006
vn 0.8309 0.3861 0.4006
vn 0.8687 0.4529 -0.2005
vn 0.8822 -0.3925 0.2602
vn 0.8822 -0.3925 0.2602
vn 0.8822 -0.3925 0.2602
vn 0.7901 0.0577 -0.6103
vn 0.7901 0.0577 -0.6103
vn -0.7630 -0.5731 0.2991
vn -0.7630 -0.5731 0.2991
vn -0.7630 -0.5731 0.2991
vn 0.0000 0.0000 0.0000
vn 0.0000 0.0000 0.0000
vn -0.2000 -0.3412 -0.9185
vn 0.8962 0.4366 0.0782
vn 0.9032 0.1716 -0.3933
vn 0.9032 0.1716 -0.3933
vn 0.8182 -0.5613 0.1244
vn 0.8182 -0.5613 0.1244
vn 0.6651 0.0337 0.7460
vn 0.6651 0.0337 0.7460
vn 0.0000 0.0000 0.0000
vn 0.0000 0.0000 0.0000
vn -0.7999 -0.4696 0.3737
vn -0.7999 -0.4696 0.3737
vn -0.7999 -0.4696 0.3737
vn 0.9371 -0.0147 0.3488
vn 0.5234 -0.2403 -0.8175
vn 0.5234 -0.2403 -0.8175
vn 0.7522 -0.1676 -0.6372
vn 0.8401 -0.0050 0.5425
vn 0.0000 0.0000 0.0000
vn 0.0000 0.0000 0.0000
vn 0.7219 0.6414 -0.2597
vn 0.7219 0.6414 -0.2597
vn 0.3609 0.8951 0.2619
vn 0.3609 0.8951 0.2619
vn 0.3609 0.8951 0.2619
vn 0.3609 0.8951 0.2619
vn 0.9082 0.3806 0.1739
vn 0.9551 0.0022 -0.2961
vn 0.9551 0.0022 -0.2961
vn 0.9920 0.0624 -0.1098
vn -0.7169 -0.5411 -0.4395
vn -0.7169 -0.5411 -0.4395
vn -0.8839 -0.1822 0.4306
vn -0.8839 -0.1822 0.4306
vn -0.6487 0.1576 0.7445
vn -0.6487 0.1576 0.7445
vn -0.6487 0.1576 0.7445
vn 0.3378 -0.8972 -0.2844
vn 0.3378 -0.8972 -0.2844
vn 0.9111 -0.1558 -0.3816
vn -0.6385 -0.6861 0.3486
vn -0.6385 -0.6861 0.3486
vn 0.8581 -0.1572 0.4888
vn 0.8581 -0.1572 0.4888
vn 0.7303 -0.2900 -0.6185
vn 0.9505 -0.0237 0.3098
vn 0.8493 0.0006 -0.5279
vn 0.9096 -0.0624 0.4108
vn -0.0446 0.1720 0.9841
vn -0.0446 0.1720 0.9841
vn -0.0446 0.1720 0.9841
vn -0.0446 0.1720 0.9841
vn -0.6834 0.5598 0.4687
vn -0.6834 0.5598 0.4687
vn 0.1776 0.3999 -0.8992
vn 0.1776 0.3999 -0.8992
vn 0.1373 0.9080 0.3958
vn 0.1373 0.9080 0.3958
vn 0.1373 0.9080 0.3958
vn 0.2884 -0.9348 -0.2073
vn 0.2884 -0.9348 -0.2073
vn 0.7850 0.1833 0.5918
vn -0.2022 -0.7163 0.6679
vn -0.2022 -0.7163 0.6679
vn -0.2022 -0.7163 0.6679
vn -0.7914 0.1252 0.5984
vn -0.7914 0.1252 0.5984
vn 0.4042 -0.4219 -0.8115
vn 0.4042 -0.4219 -0.8115
vn 0.4042 -0.4219 -0.8115
vn 0.7952 0.4657 0.3883
vn 0.9622 0.2415 -0.1260
vn 0.9622 0.2415 -0.1260
vn 0.9622 0.2415 -0.1260
vn 0.2791 0.3128 0.9079
vn 0.7515 0.2959 0.5896
vn 0.7515 0.2959 0.5896
vn 0.8006 0.0645 0.5957
vn 0.8803 -0.3287 0.3422
vn 0.8170 0.4978 0.2911
vn 0.2553 0.8565 0.4485
vn 0.2553 0.8565 0.4485
vn 0.1320 0.7789 0.6130
vn 0.1320 0.7789 0.6130
vn -0.8079 -0.4983 0.3146
vn -0.8079 -0.4983 0.3146
vn 0.0674 -0.2881 0.9552
vn 0.0674 -0.2881 0.9552
vn 0.9277 0.3715 -0.0357
vn 0.9277 0.3715 -0.0357
vn 0.1695 0.4951 0.8521
vn 0.1695 0.4951 0.8521
vn 0.6641 0.2944 -0.6872
vn 0.6641 0.2944 -0.6872
vn 0.9306 -0.1825 -0.3174
vn 0.3656 -0.7114 0.6002
vn 0.3656 -0.7114 0.6002
vn 0.7070 -0.0199 -0.7069
vn 0.7070 -0.0199 -0.7069
vn 0.7070 -0.0199 -0.7069
vn 0.8128 0.3921 0.4309
vn 0.9342 0.1187 0.3365
vn 0.2164 -0.9561 0.1978
vn 0.2164 -0.9561 0.1978
vn 0.2164 -0.9561 0.1978
vn 0.6744 -0.0171 -0.7382
vn 0.6744 -0.0171 -0.7382
vn -0.8028 -0.4586 0.3811
vn -0.8028 -0.4586 0.3811
vn 0.0699 -0.0754 0.9947
vn 0.0699 -0.0754 0.9947
vn -0.8157 -0.4264 0.3909
vn -0.0000 0.0000 0.0000
vn -0.0000 0.0000 0.0000
vn -0.6639 -0.6962 0.2731
vn -0.6639 -0.6962 0.2731
vn -0.5687 -0.5327 0.6267
vn -0.5687 -0.5327 0.6267
vn 0.7994 0.2115 -0.5624
vn 0.3026 -0.8095 -0.5031
vn 0.3026 -0.8095 -0.5031
vn 0.1848 -0.3260 0.9271
vn 0.1848 -0.3260 0.9271
vn 0.9114 -0.1674 0.3760
vn 0.8439 0.1553 0.5136
vn 0.5751 -0.1954 0.7944
vn 0.5751 -0.1954 0.7944
vn 0.5751 -0.1954 0.7944
vn 0.5620 0.6136 0.5547
vn 0.5620 0.6136 0.5547
vn -0.0326 0.9440 0.3283
vn -0.0326 0.9440 0.3283
vn -0.6494 -0.5546 0.5203
vn -0.6494 -0.5546 0.5203
vn -0.3622 -0.8670 -0.3421
vn -0.3622 -0.8670 -0.3421
vn -0.3622 -0.8670 -0.3421
vn -0.4550 -0.5234 -0.7205
vn -0.3611 0.6994 0.6169
vn -0.5602 -0.7289 0.3936
vn -0.5602 -0.7289 0.3936
vn 0.9152 0.1969 -0.3516
vn 0.9152 0.1969 -0.3516
vn -0.1384 -0.1163 0.9835
vn -0.1384 -0.1163 0.9835
vn -0.1384 -0.1163 0.9835
vn 0.1486 -0.1729 0.9737
vn 0.1486 -0.1729 0.9737
vn 0.9659 -0.1422 -0.2163
vn 0.9659 -0.1422 -0.2163
vn 0.1737 -0.6405 0.7481
vn 0.9565 0.0405 -0.2889
vn 0.9842 0.0891 0.1531
vn -0.5676 0.5084 0.6476
vn -0.5676 0.5084 0.6476
vn 0.1774 -0.9841 0.0055
vn 0.3524 -0.7384 0.5749
vn 0.3524 -0.7384 0.5749
vn 0.6196 0.6831 -0.3866
vn 0.6196 0.6831 -0.3866
vn 0.4755 0.8747 0.0942
vn -0.7477 -0.6482 0.1442
vn -0.7477 -0.6482 0.1442
vn -0.7477 -0.6482 0.1442
vn -0.7477 -0.6482 0.1442
vn -0.7210 -0.5870 0.3683
vn -0.7210 -0.5870 0.3683
vn -0.7210 -0.5870 0.3683
vn -0.7210 -0.5870 0.3683
vn -0.6348 0.1497 0.7580
vn -0.6348 0.1497 0.7580
vn 0.5302 0.8037 0.2701
vn 0.5302 0.8037 0.2701
vn 0.5302 0.8037 0.2701
vn 0.7359 0.6267 -0.2564
vn 0.7359 0.6267 -0.2564
vn 0.8127 -0.1342 -0.5670
vn 0.8127 -0.1342 -0.5670
vn 0.5761 -0.4487 -0.6832
vn 0.5761 -0.4487 -0.6832
vn 0.5761 -0.4487 -0.6832
vn 0.5761 -0.4487 -0.6832
vn -0.0913 0.5479 0.8316
vn 0.2043 0.8718 0.4452
vn 0.2043 0.8718 0.4452
vn 0.2043 0.8718 0.4452
vn 0.2043 0.8718 0.4452
vn 0.8637 0.4726 -0.1752
vn 0.8637 0.4726 -0.1752
vn -0.4185 -0.1569 -0.8946
vn -0.4185 -0.1569 -0.8946
vn -0.5812 0.8132 0.0294
vn -0.5812 0.8132 0.0294
vn 0.5354 -0.7143 -0.4507
vn 0.5354 -0.7143 -0.4507
vn 0.2988 -0.9511 0.0785
vn 0.2988 -0.9511 0.0785
vn 0.2988 -0.9511 0.0785
vn 0.4532 -0.3708 -0.8106
vn 0.4532 -0.3708 -0.8106
vn 0.4532 -0.3708 -0.8106
vn -0.1603 -0.2456 0.9560
vn -0.1603 -0.2456 0.9560
vn 0.1376 -0.8608 -0.4900
vn 0.1376 -0.8608 -0.4900
vn -0.0342 0.8644 0.5016
vn -0.2849 -0.7364 0.6136
vn -0.2849 -0.7364 0.6136
vn -0.2849 -0.7364 0.6136
vn -0.2849 -0.7364 0.6136
vn 0.3103 0.4528 0.8359
vn 0.9763 -0.1868 0.1096
vn 0.9763 -0.1868 0.1096
vn -0.0029 0.4553 -0.8903
vn -0.0029 0.4553 -0.8903
vn -0.0029 0.4553 -0.8903
vn 0.1892 0.8577 0.4781
vn 0.1892 0.8577 0.4781
vn 0.9631 0.2683 0.0190
vn 0.9670 -0.0029 0.2548
vn 0.9670 -0.0029 0.2548
vn 0.0312 -0.0344 0.9989
vn 0.4699 -0.7863 0.4011
vn 0.4699 -0.7863 0.4011
vn 0.2677 0.4359 -0.8593
vn -0.1809 -0.0471 0.9824
vn -0.1809 -0.0471 0.9824
vn 0.6177 0.6333 -0.4662
vn 0.6177 0.6333 -0.4662
vn 0.6177 0.6333 -0.4662
vn 0.6177 0.6333 -0.4662
vn 0.0779 0.5302 -0.8443
vn 0.0779 0.5302 -0.8443
vn 0.3860 0.7150 0.5829
vn 0.3860 0.7150 0.5829
vn -0.0470 -0.7786 -0.6258
vn -0.3845 0.6762 0.6284
vn -0.3845 0.6762 0.6284
vn 0.9588 0.2364 -0.1574
vn 0.9588 0.2364 -0.1574
vn 0.9588 0.2364 -0.1574
vn -0.1651 0.2529 0.9533
vn 0.9589 -0.2424 0.1477
vn 0.5759 -0.3728 0.7276
vn 0.5759 -0.3728 0.7276
vn 0.5759 -0.3728 0.7276
vn -0.4156 -0.8973 -0.1489
vn 0.3898 -0.9151 -0.1029
vn 0.3898 -0.9151 -0.1029
vn 0.2308 -0.8940 0.3842
vn 0.2308 -0.8940 0.3842
vn 0.7988 -0.0978 -0.5936
vn 0.0000 0.0000 0.0000
vn 0.0000 0.0000 0.0000
vn 0.1999 -0.4670 -0.8613
vn -0.7623 -0.4631 0.4521
vn -0.7623 -0.4631 0.4521
vn -0.3405 -0.5265 0.7790
vn -0.3405 -0.5265 0.7790
vn -0.3405 -0.5265 0.7790
vn 0.7258 0.3254 -0.6061
vn 0.3343 -0.9025 -0.2715
vn 0.3343 -0.9025 -0.2715
vn 0.1428 -0.3164 -0.9378
vn 0.8664 -0.1811 0.4653
vn 0.8664 -0.1811 0.4653
vn -0.1177 0.7493 0.6517
vn -0.1177 0.7493 0.6517
vn 0.5368 0.1473 -0.8307
vn 0.5368 0.1473 -0.8307
vn 0.5368 0.1473 -0.8307
vn 0.5368 0.1473 -0.8307
vn 0.4574 0.8789 0.1352
vn 0.4293 -0.8165 0.3860
vn 0.4293 -0.8165 0.3860
vn 0.7374 -0.5641 0.3716
vn 0.7374 -0.5641 0.3716
vn 0.8368 0.2805 -0.4702
vn 0.8368 0.2805 -0.4702
vn 0.7300 0.6807 -0.0618
vn 0.7300 0.6807 -0.0618
vn -0.1331 -0.9746 -0.1804
vn 0.5251 -0.5675 -0.6342
vn 0.5251 -0.5675 -0.6342
vn 0.5251 -0.5675 -0.6342
vn 0.4700 0.0444 -0.8816
vn 0.4700 0.0444 -0.8816
vn 0.4383 -0.1938 0.8777
vn 0.4383 -0.1938 0.8777
vn 0.4383 -0.1938 0.8777
vn 0.4395 -0.6812 -0.5855
vn 0.4395 -0.6812 -0.5855
vn 0.1284 -0.9205 0.3691
vn 0.1284 -0.9205 0.3691
vn 0.9159 0.3536 -0.1901
vn 0.9159 0.3536 -0.1901
vn 0.9159 0.3536 -0.1901
vn 0.5746 -0.2691 -0.7729
vn 0.0695 -0.9700 -0.2331
vn -0.7291 -0.4088 0.5489
vn -0.7291 -0.4088 0.5489
vn -0.3751 -0.9038 -0.2060
vn -0.4725 0.3012 0.8283
vn -0.4725 0.3012 0.8283
vn 0.5702 0.8137 0.1126
vn 0.5702 0.8137 0.1126
vn 0.5736 0.4312 0.6965
vn 0.5736 0.4312 0.6965
vn 0.2730 -0.2683 0.9239
vn -0.3901 0.5835 0.7123
vn -0.3901 0.5835 0.7123
vn 0.0935 0.3707 -0.9240
vn 0.0935 0.3707 -0.9240
vn 0.9886 0.0952 0.1169
vn 0.0000 0.0000 0.0000
vn 0.0000 0.0000 0.0000
vn -0.0829 0.2812 -0.9561
vn -0.0829 0.2812 -0.9561
vn 0.3086 -0.2348 0.9218
vn -0.1231 0.9307 -0.3445
vn 0.0473 -0.1573 0.9864
vn 0.0473 -0.1573 0.9864
vn 0.6849 0.4607 0.5645
vn 0.6849 0.4607 0.5645
vn 0.7818 0.6234 0.0064
vn 0.7818 0.6234 0.0064
vn 0.7818 0.6234 0.0064
vn 0.7818 0.6234 0.0064
vn 0.4389 -0.5914 -0.6764
vn 0.0366 0.9793 -0.1990
vn 0.0366 0.9793 -0.1990
vn -0.6543 -0.6023 0.4574
vn -0.6543 -0.6023 0.4574
vn -0.3127 -0.3411 0.8865
vn -0.3127 -0.3411 0.8865
vn -0.3127 -0.3411 0.8865
vn 0.4043 -0.5315 -0.7444
vn 0.4043 -0.5315 -0.7444
vn 0.4043 -0.5315 -0.7444
vn 0.4043 -0.5315 -0.7444
vn -0.3690 -0.8325 0.4133
vn -0.3690 -0.8325 0.4133
vn -0.4389 0.2856 0.8520
vn -0.4389 0.2856 0.8520
vn -0.4389 0.2856 0.8520
vn 0.1953 0.4648 0.8636
vn 0.1953 0.4648 0.8636
vn 0.1953 0.4648 0.8636
vn 0.1953 0.4648 0.8636
vn 0.6554 0.6446 -0.3935
vn 0.6554 0.6446 -0.3935
vn 0.6554 0.6446 -0.3935
vn 0.6554 0.6446 -0.3935
vn 0.0798 0.3638 -0.9281
vn -0.7493 -0.6047 0.2700
vn -0.7493 -0.6047 0.2700
vn -0.7493 -0.6047 0.2700
vn -0.2103 -0.7810 -0.5880
vn -0.2103 -0.7810 -0.5880
vn 0.6674 0.6808 0.3019
vn 0.6674 0.6808 0.3019
vn -0.2471 -0.8460 -0.4726
vn -0.2190 -0.9724 0.0805
vn 0.3997 -0.6525 -0.6438
vn 0.3997 -0.6525 -0.6438
vn -0.8510 -0.2821 0.4430
vn -0.8510 -0.2821 0.4430
vn -0.8510 -0.2821 0.4430
vn -0.8510 -0.2821 0.4430
vn 0.7397 -0.0657 -0.6698
vn 0.7465 -0.0870 -0.6597
vn 0.7885 0.2263 -0.5718
vn 0.7885 0.2263 -0.5718
vn 0.4325 0.2343 0.8707
vn 0.4325 0.2343 0.8707
vn 0.4210 -0.5850 -0.6932
vn 0.6736 -0.6613 0.3300
vn 0.6736 -0.6613 0.3300
vn 0.6951 0.5754 0.4310
vn 0.6951 0.5754 0.4310
vn -0.5201 -0.8317 -0.1943
vn -0.4487 -0.8937 0.0043
vn 0.2329 -0.5346 -0.8124
vn 0.2329 -0.5346 -0.8124
vn -0.3733 0.6090 0.6999
vn -0.3733 0.6090 0.6999
vn -0.3733 0.6090 0.6999
vn -0.2454 0.8440 0.4769
vn -0.2454 0.8440 0.4769
vn 0.2939 0.9065 0.3032
vn 0.8689 0.3035 -0.3911
vn 0.4245 -0.3022 0.8535
vn 0.1839 -0.2927 -0.9383
vn 0.1839 -0.2927 -0.9383
vn -0.5286 -0.8146 0.2387
vn -0.5286 -0.8146 0.2387
vn -0.5286 -0.8146 0.2387
vn 0.5760 0.5783 -0.5778
vn 0.5760 0.5783 -0.5778
vn 0.8605 0.5051 -0.0662
vn 0.8605 0.5051 -0.0662
vn 0.8605 0.5051 -0.0662
vn 0.8605 0.5051 -0.0662
vn 0.0000 -0.0000 0.0000
vn 0.0000 -0.0000 0.0000
vn -0.5766 -0.8143 0.0662
vn -0.5766 -0.8143 0.0662
vn -0.5766 -0.8143 0.0662
vn 0.4498 -0.0132 0.8930
vn 0.4498 -0.0132 0.8930
vn 0.8056 -0.5682 -0.1676
vn 0.8056 -0.5682 -0.1676
vn 0.4099 -0.0552 -0.9105
vn 0.8384 0.0160 -0.5448
vn 0.7574 0.5915 -0.2765
vn 0.6233 0.7814 -0.0294
vn 0.6233 0.7814 -0.0294
vn 0.5532 0.7784 0.2967
vn 0.5532 0.7784 0.2967
vn 0.2699 -0.3824 -0.8837
vn 0.1487 0.7121 0.6861
vn 0.1487 0.7121 0.6861
vn -0.2321 -0.5991 -0.7663
vn -0.2321 -0.5991 -0.7663
vn -0.2321 -0.5991 -0.7663
vn -0.7957 0.0842 0.5998
vn -0.7957 0.0842 0.5998
vn -0.7957 0.0842 0.5998
vn 0.6892 -0.5587 -0.4614
vn 0.6892 -0.5587 -0.4614
vn 0.4062 -0.6670 -0.6246
vn 0.4062 -0.6670 -0.6246
vn 0.0000 0.0000 0.0000
vn 0.0000 0.0000 0.0000
vn -0.1934 -0.8721 -0.4495
vn -0.0948 0.5425 0.8347
vn -0.0948 0.5425 0.8347
vn -0.8905 0.4280 0.1544
vn -0.8905 0.4280 0.1544
vn 0.0591 -0.9608 0.2708
vn 0.0591 -0.9608 0.2708
vn -0.9280 0.0068 0.3726
vn -0.9280 0.0068 0.3726
vn -0.2845 -0.9276 -0.2422
vn -0.2845 -0.9276 -0.2422
vn 0.4156 -0.8887 -0.1936
vn 0.4156 -0.8887 -0.1936
vn 0.1371 -0.7947 -0.5914
vn 0.1371 -0.7947 -0.5914
vn 0.9000 -0.0283 -0.4350
vn 0.6063 0.6303 -0.4850
vn 0.6063 0.6303 -0.4850
vn 0.7992 0.4727 -0.3712
vn 0.7992 0.4727 -0.3712
vn 0.7992 0.4727 -0.3712
vn 0.7992 0.4727 -0.3712
vn 0.4450 -0.0159 0.8954
vn 0.4450 -0.0159 0.8954
vn 0.2874 0.3481 -0.8923
vn 0.2874 0.3481 -0.8923
vn -0.2239 -0.7431 -0.6306
vn -0.2239 -0.7431 -0.6306
vn 0.3325 0.6545 0.6790
vn 0.3325 0.6545 0.6790
vn 0.3325 0.6545 0.6790
vn 0.3325 0.6545 0.6790
vn 0.4207 0.2402 0.8749
vn 0.4207 0.2402 0.8749
vn 0.7150 0.6784 0.1688
vn 0.6048 0.7703 -0.2022
vn -0.6271 0.7766 -0.0599
vn -0.6271 0.7766 -0.0599
vn 0.5506 -0.3542 0.7559
vn 0.5506 -0.3542 0.7559
vn 0.5506 -0.3542 0.7559
vn 0.8625 0.4850 -0.1449
vn 0.8625 0.4850 -0.1449
vn 0.6115 0.3456 -0.7118
vn 0.6115 0.3456 -0.7118
vn 0.5798 -0.3306 0.7447
vn 0.5798 -0.3306 0.7447
vn -0.4036 -0.8649 0.2985
vn -0.4036 -0.8649 0.2985
vn -0.6425 -0.6927 0.3276
vn -0.6425 -0.6927 0.3276
vn -0.6425 -0.6927 0.3276
vn -0.6425 -0.6927 0.3276
vn 0.4821 0.8761 -0.0035
vn 0.2139 0.9481 -0.2353
vn -0.0207 0.6260 0.7795
vn 0.2698 0.9574 -0.1027
vn 0.2698 0.9574 -0.1027
vn 0.2698 0.9574 -0.1027
vn 0.6603 -0.0528 -0.7492
vn 0.6603 -0.0528 -0.7492
vn 0.2432 -0.9506 -0.1930
vn 0.2432 -0.9506 -0.1930
vn 0.2432 -0.9506 -0.1930
vn -0.0436 0.7402 0.6709
vn -0.0436 0.7402 0.6709
vn 0.1753 0.9277 -0.3297
vn 0.1753 0.9277 -0.3297
vn 0.4409 -0.6928 0.5707
vn 0.4409 -0.6928 0.5707
vn 0.9467 -0.3217 0.0171
vn 0.9467 -0.3217 0.0171
vn 0.9467 -0.3217 0.0171
vn 0.6938 -0.4707 -0.5450
vn 0.6938 -0.4707 -0.5450
vn -0.0383 0.5745 0.8176
vn -0.0383 0.5745 0.8176
vn -0.6258 0.6137 0.4814
vn -0.6258 0.6137 0.4814
vn -0.6258 0.6137 0.4814
vn 0.1431 0.1257 0.9817
vn 0.1431 0.1257 0.9817
vn 0.1431 0.1257 0.9817
vn 0.1431 0.1257 0.9817
vn 0.1431 0.1257 0.9817
vn 0.5206 0.2071 0.8283
vn 0.5206 0.2071 0.8283
vn 0.5206 0.2071 0.8283
vn 0.8169 -0.2093 -0.5375
vn 0.6321 -0.7634 -0.1331
vn 0.6321 -0.7634 -0.1331
vn 0.6321 -0.7634 -0.1331
vn -0.8180 0.4625 0.3421
vn -0.8180 0.4625 0.3421
vn -0.8180 0.4625 0.3421
vn -0.5902 -0.6746 0.4433
vn 0.0448 0.4326 0.9005
vn 0.0448 0.4326 0.9005
vn 0.6935 -0.6146 -0.3760
vn -0.8868 -0.1003 0.4512
vn -0.8868 -0.1003 0.4512
vn -0.8868 -0.1003 0.4512
vn 0.8385 0.5386 -0.0828
vn 0.8385 0.5386 -0.0828
vn 0.7625 -0.2184 -0.6090
vn 0.7625 -0.2184 -0.6090
vn 0.8647 -0.1090 -0.4903
vn -0.2676 -0.8487 0.4561
vn -0.2676 -0.8487 0.4561
vn -0.6839 0.7270 0.0621
vn -0.6839 0.7270 0.0621
vn 0.2499 0.9287 0.2739
vn 0.0816 0.9510 -0.2982
vn 0.3814 0.8880 0.2571
vn 0.3814 0.8880 0.2571
vn -0.9046 0.2078 0.3723
vn -0.0831 -0.7002 -0.7091
vn -0.0831 -0.7002 -0.7091
vn 0.2812 0.4809 -0.8304
vn 0.2812 0.4809 -0.8304
vn 0.3840 0.8487 0.3636
vn 0.3840 0.8487 0.3636
vn 0.3840 0.8487 0.3636
vn 0.1393 0.9897 -0.0328
vn 0.1393 0.9897 -0.0328
vn 0.8749 -0.4174 0.2457
vn 0.8749 -0.4174 0.2457
vn -0.2659 -0.0831 0.9604
vn -0.2659 -0.0831 0.9604
vn -0.2659 -0.0831 0.9604
vn 0.2636 -0.6720 0.6920
vn 0.2636 -0.6720 0.6920
vn 0.6096 0.7879 -0.0875
vn 0.6096 0.7879 -0.0875
vn 0.6096 0.7879 -0.0875
vn 0.9757 -0.1419 -0.1672
vn 0.9757 -0.1419 -0.1672
vn -0.1599 -0.8920 0.4229
vn 0.4219 -0.1602 0.8924
vn 0.7192 -0.3953 -0.5714
vn 0.7192 -0.3953 -0.5714
vn 0.7192 -0.3953 -0.5714
vn 0.9176 -0.1811 -0.3538
vn 0.9176 -0.1811 -0.3538
vn 0.9176 -0.1811 -0.3538
vn 0.6686 0.6447 -0.3705
vn 0.6686 0.6447 -0.3705
vn 0.6686 0.6447 -0.3705
vn -0.8298 -0.4395 0.3439
vn -0.9851 0.0727 0.1558
vn -0.9851 0.0727 0.1558
vn -0.9851 0.0727 0.1558
vn 0.1279 -0.7365 0.6642
vn 0.1279 -0.7365 0.6642
vn 0.1279 -0.7365 0.6642
vn -0.8432 -0.2067 0.4962
vn -0.8432 -0.2067 0.4962
vn 0.8618 0.4450 -0.2435
vn 0.8618 0.4450 -0.2435
usemtl goblin-shaman
s 1
f 1/1/1 4/4/4 9/9/9
f 2/2/2 10/10/10 13/13/13
f 3/3/3 16/16/16 21/21/21
f 3/3/3 15/15/15 16/16/16
f 3/3/3 21/21/21 7/7/7
f 22/22/22 18/18/18 27/27/27
f 25/25/25 29/29/29 31/31/31
f 11/11/11 5/5/5 32/32/32
f 12/12/12 33/33/33 14/14/14
f 31/31/31 37/37/37 25/25/25
f 26/26/26 38/38/38 30/30/30
f 26/26/26 28/28/28 38/38/38
f 40/40/40 44/44/44 48/48/48
f 40/40/40 50/50/50 44/44/44
f 55/55/55 58/58/58 69/69/69
f 56/56/56 6/6/6 59/59/59
f 7/7/7 79/79/79 67/67/67
f 15/15/15 34/34/34 16/16/16
f 7/7/7 21/21/21 79/79/79
f 23/23/23 82/82/82 19/19/19
f 27/27/27 18/18/18 86/86/86
f 28/28/28 87/87/87 38/38/38
f 41/41/41 88/88/88 90/90/90
f 42/42/42 91/91/91 51/51/51
f 8/8/8 57/57/57 35/35/35
f 16/16/16 87/87/87 21/21/21
f 57/57/57 74/74/74 94/94/94
f 57/57/57 94/94/94 35/35/35
f 20/20/20 83/83/83 75/75/75
f 24/24/24 36/36/36 95/95/95
f 31/31/31 96/96/96 37/37/37
f 38/38/38 87/87/87 99/99/99
f 38/38/38 102/102/102 30/30/30
f 89/89/89 105/105/105 92/92/92
f 40/40/40 48/48/48 106/106/106
f 47/47/47 108/108/108 49/49/49
f 45/45/45 52/52/52 109/109/109
f 109/109/109 61/61/61 45/45/45
f 110/110/110 70/70/70 62/62/62
f 17/17/17 35/35/35 113/113/113
f 99/99/99 87/87/87 115/115/115
f 31/31/31 29/29/29 96/96/96
f 53/53/53 46/46/46 111/111/111
f 68/68/68 81/81/81 121/121/121
f 35/35/35 94/94/94 113/113/113
f 16/16/16 123/123/123 87/87/87
f 24/24/24 95/95/95 84/84/84
f 87/87/87 123/123/123 115/115/115
f 29/29/29 101/101/101 96/96/96
f 100/100/100 116/116/116 39/39/39
f 126/126/126 128/128/128 129/129/129
f 43/43/43 107/107/107 89/89/89
f 89/89/89 107/107/107 105/105/105
f 92/92/92 105/105/105 54/54/54
f 47/47/47 54/54/54 108/108/108
f 63/63/63 111/111/111 46/46/46
f 63/63/63 71/71/71 111/111/111
f 68/68/68 121/121/121 73/73/73
f 73/73/73 132/132/132 93/93/93
f 72/72/72 117/117/117 130/130/130
f 113/113/113 94/94/94 134/134/134
f 85/85/85 97/97/97 76/76/76
f 17/17/17 113/113/113 135/135/135
f 124/124/124 17/17/17 135/135/135
f 136/136/136 114/114/114 122/122/122
f 128/128/128 138/138/138 139/139/139
f 128/128/128 126/126/126 138/138/138
f 129/129/129 141/141/141 126/126/126
f 126/126/126 141/141/141 143/143/143
f 49/49/49 108/108/108 107/107/107
f 64/64/64 146/146/146 131/131/131
f 64/64/64 131/131/131 118/118/118
f 65/65/65 119/119/119 77/77/77
f 78/78/78 98/98/98 66/66/66
f 113/113/113 149/149/149 135/135/135
f 124/124/124 135/135/135 116/116/116
f 137/137/137 123/123/123 115/115/115
f 116/116/116 151/151/151 39/39/39
f 102/102/102 38/38/38 150/150/150
f 128/128/128 154/154/154 129/129/129
f 129/129/129 154/154/154 157/157/157
f 138/138/138 126/126/126 159/159/159
f 125/125/125 161/161/161 165/165/165
f 126/126/126 143/143/143 162/162/162
f 167/167/167 169/169/169 171/171/171
f 108/108/108 54/54/54 105/105/105
f 108/108/108 105/105/105 107/107/107
f 60/60/60 172/172/172 145/145/145
f 132/132/132 147/147/147 173/173/173
f 93/93/93 132/132/132 133/133/133
f 60/60/60 174/174/174 172/172/172
f 60/60/60 96/96/96 174/174/174
f 116/116/116 135/135/135 177/177/177
f 151/151/151 116/116/116 178/178/178
f 116/116/116 177/177/177 178/178/178
f 181/181/181 183/183/183 154/154/154
f 154/154/154 128/128/128 181/181/181
f 160/160/160 184/184/184 140/140/140
f 138/138/138 159/159/159 139/139/139
f 141/141/141 129/129/129 157/157/157
f 159/159/159 126/126/126 185/185/185
f 167/167/167 188/188/188 169/169/169
f 121/121/121 132/132/132 175/175/175
f 121/121/121 133/133/133 132/132/132
f 121/121/121 148/148/148 133/133/133
f 112/112/112 133/133/133 148/148/148
f 120/120/120 191/191/191 80/80/80
f 121/121/121 81/81/81 148/148/148
f 96/96/96 190/190/190 174/174/174
f 81/81/81 193/193/193 148/148/148
f 135/135/135 149/149/149 177/177/177
f 101/101/101 190/190/190 96/96/96
f 183/183/183 195/195/195 154/154/154
f 104/104/104 153/153/153 140/140/140
f 139/139/139 198/198/198 128/128/128
f 128/128/128 198/198/198 200/200/200
f 128/128/128 200/200/200 181/181/181
f 127/127/127 166/166/166 202/202/202
f 189/189/189 168/168/168 204/204/204
f 167/167/167 171/171/171 203/203/203
f 206/206/206 208/208/208 211/211/211
f 175/175/175 132/132/132 173/173/173
f 213/213/213 215/215/215 207/207/207
f 213/213/213 104/104/104 215/215/215
f 121/121/121 175/175/175 193/193/193
f 103/103/103 210/210/210 192/192/192
f 178/178/178 177/177/177 199/199/199
f 152/152/152 179/179/179 139/139/139
f 182/182/182 180/180/180 194/194/194
f 155/155/155 196/196/196 216/216/216
f 155/155/155 216/216/216 218/218/218
f 155/155/155 218/218/218 158/158/158
f 160/160/160 219/219/219 184/184/184
f 126/126/126 201/201/201 185/185/185
f 166/166/166 163/163/163 202/202/202
f 220/220/220 188/188/188 223/223/223
f 188/188/188 220/220/220 169/169/169
f 222/222/222 227/227/227 170/170/170
f 171/171/171 169/169/169 225/225/225
f 171/171/171 225/225/225 203/203/203
f 203/203/203 225/225/225 228/228/228
f 205/205/205 230/230/230 236/236/236
f 239/239/239 233/233/233 241/241/241
f 237/237/237 240/240/240 231/231/231
f 206/206/206 238/238/238 232/232/232
f 207/207/207 215/215/215 235/235/235
f 206/206/206 232/232/232 208/208/208
f 148/148/148 193/193/193 242/242/242
f 176/176/176 148/148/148 242/242/242
f 104/104/104 140/140/140 246/246/246
f 139/139/139 179/179/179 198/198/198
f 197/197/197 178/178/178 199/199/199
f 144/144/144 247/247/247 164/164/164
f 186/186/186 202/202/202 249/249/249
f 224/224/224 250/250/250 221/221/221
f 224/224/224 189/189/189 250/250/250
f 240/240/240 237/237/237 252/252/252
f 239/239/239 241/241/241 253/253/253
f 212/212/212 209/209/209 245/245/245
f 193/193/193 212/212/212 245/245/245
f 193/193/193 254/254/254 242/242/242
f 193/193/193 245/245/245 254/254/254
f 104/104/104 246/246/246 215/215/215
f 257/257/257 246/246/246 140/140/140
f 177/177/177 259/259/259 199/199/199
f 195/195/195 181/181/181 260/260/260
f 218/218/218 216/216/216 262/262/262
f 158/158/158 264/264/264 142/142/142
f 144/144/144 142/142/142 247/247/247
f 204/204/204 229/229/229 226/226/226
f 209/209/209 234/234/234 214/214/214
f 245/245/245 209/209/209 214/214/214
f 176/176/176 242/242/242 258/258/258
f 181/181/181 200/200/200 260/260/260
f 196/196/196 267/267/267 216/216/216
f 140/140/140 184/184/184 257/257/257
f 160/160/160 187/187/187 219/219/219
f 164/164/164 247/247/247 269/269/269
f 201/201/201 185/185/185 248/248/248
f 186/186/186 202/202/202 271/271/271
f 163/163/163 271/271/271 202/202/202
f 227/227/227 222/222/222 251/251/251
f 204/204/204 250/250/250 189/189/189
f 243/243/243 255/255/255 272/272/272
f 246/246/246 257/257/257 274/274/274
f 267/267/267 262/262/262 216/216/216
f 156/156/156 217/217/217 263/263/263
f 142/142/142 264/264/264 247/247/247
f 204/204/204 226/226/226 250/250/250
f 275/275/275 272/272/272 277/277/277
f 275/275/275 277/277/277 279/279/279
f 244/244/244 283/283/283 261/261/261
f 256/256/256 246/246/246 285/285/285
f 246/246/246 274/274/274 285/285/285
f 265/265/265 281/281/281 286/286/286
f 260/260/260 281/281/281 265/265/265
f 260/260/260 265/265/265 195/195/195
f 218/218/218 262/262/262 264/264/264
f 247/247/247 264/264/264 269/269/269
f 289/289/289 291/291/291 294/294/294
f 293/293/293 296/296/296 288/288/288
f 288/288/288 296/296/296 298/298/298
f 279/279/279 299/299/299 301/301/301
f 275/275/275 279/279/279 301/301/301
f 272/272/272 284/284/284 277/277/277
f 273/273/273 283/283/283 244/244/244
f 272/272/272 255/255/255 284/284/284
f 287/287/287 282/282/282 303/303/303
f 287/287/287 303/303/303 266/266/266
f 262/262/262 267/267/267 304/304/304
f 184/184/184 305/305/305 257/257/257
f 262/262/262 304/304/304 307/307/307
f 262/262/262 307/307/307 264/264/264
f 186/186/186 271/271/271 308/308/308
f 292/292/292 290/290/290 295/295/295
f 298/298/298 311/311/311 288/288/288
f 299/299/299 314/314/314 301/301/301
f 302/302/302 316/316/316 276/276/276
f 273/273/273 276/276/276 283/283/283
f 267/267/267 318/318/318 304/304/304
f 257/257/257 305/305/305 274/274/274
f 307/307/307 304/304/304 319/319/319
f 264/264/264 307/307/307 321/321/321
f 219/219/219 187/187/187 309/309/309
f 322/322/322 324/324/324 325/325/325
f 322/322/322 325/325/325 326/326/326
f 295/295/295 290/290/290 328/328/328
f 297/297/297 295/295/295 329/329/329
f 297/297/297 329/329/329 310/310/310
f 311/311/311 330/330/330 288/288/288
f 334/334/334 330/330/330 314/314/314
f 299/299/299 334/334/334 314/314/314
f 300/300/300 336/336/336 335/335/335
f 300/300/300 280/280/280 337/337/337
f 276/276/276 316/316/316 283/283/283
f 278/278/278 285/285/285 338/338/338
f 266/266/266 303/303/303 317/317/317
f 304/304/304 318/318/318 339/339/339
f 304/304/304 339/339/339 319/319/319
f 219/219/219 340/340/340 184/184/184
f 269/269/269 264/264/264 321/321/321
f 163/163/163 268/268/268 271/271/271
f 271/271/271 341/341/341 308/308/308
f 326/326/326 343/343/343 322/322/322
f 345/345/345 322/322/322 343/343/343
f 345/345/345 343/343/343 347/347/347
f 328/328/328 329/329/329 295/295/295
f 328/328/328 290/290/290 329/329/329
f 289/289/289 349/349/349 291/291/291
f 334/334/334 288/288/288 330/330/330
f 300/300/300 337/337/337 336/336/336
f 278/278/278 338/338/338 280/280/280
f 274/274/274 305/305/305 350/350/350
f 319/319/319 339/339/339 307/307/307
f 325/325/325 324/324/324 351/351/351
f 324/324/324 322/322/322 353/353/353
f 343/343/343 354/354/354 347/347/347
f 329/329/329 290/290/290 310/310/310
f 290/290/290 357/357/357 310/310/310
f 335/335/335 349/349/349 289/289/289
f 332/332/332 360/360/360 361/361/361
f 315/315/315 332/332/332 361/361/361
f 302/302/302 315/315/315 363/363/363
f 302/302/302 364/364/364 316/316/316
f 280/280/280 338/338/338 337/337/337
f 285/285/285 366/366/366 338/338/338
f 274/274/274 367/367/367 285/285/285
f 274/274/274 350/350/350 367/367/367
f 305/305/305 368/368/368 350/350/350
f 306/306/306 369/369/369 320/320/320
f 324/324/324 371/371/371 351/351/351
f 324/324/324 372/372/372 371/371/371
f 348/348/348 374/374/374 346/346/346
f 312/312/312 375/375/375 377/377/377
f 313/313/313 358/358/358 376/376/376
f 349/349/349 358/358/358 291/291/291
f 335/335/335 336/336/336 349/349/349
f 282/282/282 378/378/378 303/303/303
f 367/367/367 350/350/350 285/285/285
f 318/318/318 383/383/383 339/339/339
f 307/307/307 339/339/339 370/370/370
f 305/305/305 384/384/384 368/368/368
f 370/370/370 339/339/339 385/385/385
f 184/184/184 340/340/340 305/305/305
f 309/309/309 340/340/340 219/219/219
f 271/271/271 268/268/268 341/341/341
f 371/371/371 386/386/386 351/351/351
f 353/353/353 322/322/322 387/387/387
f 348/348/348 356/356/356 374/374/374
f 374/374/374 394/394/394 346/346/346
f 396/396/396 398/398/398 375/375/375
f 377/377/377 375/375/375 398/398/398
f 376/376/376 358/358/358 399/399/399
f 312/312/312 377/377/377 398/398/398
f 333/333/333 312/312/312 403/403/403
f 331/331/331 400/400/400 359/359/359
f 360/360/360 401/401/401 361/361/361
f 336/336/336 405/405/405 349/349/349
f 337/337/337 406/406/406 336/336/336
f 315/315/315 407/407/407 363/363/363
f 338/338/338 406/406/406 337/337/337
f 302/302/302 363/363/363 364/364/364
f 316/316/316 364/364/364 283/283/283
f 285/285/285 410/410/410 366/366/366
f 303/303/303 378/378/378 411/411/411
f 285/285/285 368/368/368 410/410/410
f 350/350/350 368/368/368 285/285/285
f 303/303/303 411/411/411 317/317/317
f 317/317/317 411/411/411 381/381/381
f 414/414/414 416/416/416 382/382/382
f 341/341/341 268/268/268 418/418/418
f 353/353/353 372/372/372 324/324/324
f 323/323/323 346/346/346 421/421/421
f 397/397/397 376/376/376 422/422/422
f 336/336/336 406/406/406 405/405/405
f 338/338/338 424/424/424 428/428/428
f 364/364/364 430/430/430 283/283/283
f 338/338/338 366/366/366 424/424/424
f 283/283/283 430/430/430 380/380/380
f 415/415/415 383/383/383 412/412/412
f 339/339/339 383/383/383 417/417/417
f 371/371/371 433/433/433 386/386/386
f 371/371/371 372/372/372 433/433/433
f 327/327/327 437/437/437 344/344/344
f 346/346/346 394/394/394 439/439/439
f 397/397/397 422/422/422 442/442/442
f 376/376/376 399/399/399 422/422/422
f 358/358/358 444/444/444 399/399/399
f 312/312/312 398/398/398 446/446/446
f 403/403/403 312/312/312 446/446/446
f 349/349/349 447/447/447 358/358/358
f 315/315/315 361/361/361 407/407/407
f 363/363/363 448/448/448 364/364/364
f 409/409/409 450/450/450 365/365/365
f 410/410/410 368/368/368 451/451/451
f 415/415/415 412/412/412 417/417/417
f 412/412/412 452/452/452 417/417/417
f 269/269/269 321/321/321 454/454/454
f 309/309/309 342/342/342 456/456/456
f 386/386/386 433/433/433 457/457/457
f 372/372/372 460/460/460 433/433/433
f 463/463/463 353/353/353 387/387/387
f 392/392/392 323/323/323 421/421/421
f 346/346/346 439/439/439 421/421/421
f 394/394/394 374/374/374 467/467/467
f 442/442/442 422/422/422 395/395/395
f 441/441/441 469/469/469 396/396/396
f 396/396/396 469/469/469 470/470/470
f 396/396/396 470/470/470 398/398/398
f 399/399/399 472/472/472 474/474/474
f 363/363/363 407/407/407 448/448/448
f 338/338/338 428/428/428 406/406/406
f 413/413/413 379/379/379 475/475/475
f 413/413/413 477/477/477 453/453/453
f 452/452/452 476/476/476 417/417/417
f 368/368/368 478/478/478 480/480/480
f 339/339/339 417/417/417 481/481/481
f 417/417/417 476/476/476 481/481/481
f 384/384/384 478/478/478 368/368/368
f 477/477/477 483/483/483 482/482/482
f 370/370/370 485/485/485 321/321/321
f 321/321/321 485/485/485 454/454/454
f 455/455/455 487/487/487 270/270/270
f 270/270/270 487/487/487 419/419/419
f 488/488/488 490/490/490 492/492/492
f 492/492/492 494/494/494 488/488/488
f 436/436/436 461/461/461 496/496/496
f 353/353/353 463/463/463 372/372/372
f 498/498/498 463/463/463 387/387/387
f 498/498/498 463/463/463 387/387/387
f 499/499/499 388/388/388 464/464/464
f 325/325/325 502/502/502 326/326/326
f 327/327/327 503/503/503 437/437/437
f 344/344/344 437/437/437 355/355/355
f 395/395/395 422/422/422 440/440/440
f 393/393/393 466/466/466 441/441/441
f 422/422/422 399/399/399 440/440/440
f 441/441/441 466/466/466 469/469/469
f 398/398/398 470/470/470 506/506/506
f 444/444/444 472/472/472 399/399/399
f 398/398/398 506/506/506 446/446/446
f 507/507/507 509/509/509 511/511/511
f 447/447/447 444/444/444 358/358/358
f 508/508/508 513/513/513 510/510/510
f 447/447/447 517/517/517 444/444/444
f 349/349/349 519/519/519 447/447/447
f 349/349/349 405/405/405 519/519/519
f 406/406/406 521/521/521 405/405/405
f 408/408/408 520/520/520 449/449/449
f 448/448/448 522/522/522 364/364/364
f 379/379/379 429/429/429 524/524/524
f 475/475/475 379/379/379 524/524/524
f 368/368/368 480/480/480 451/451/451
f 477/477/477 413/413/413 483/483/483
f 483/483/483 413/413/413 525/525/525
f 384/384/384 527/527/527 478/478/478
f 340/340/340 528/528/528 305/305/305
f 305/305/305 528/528/528 384/384/384
f 370/370/370 385/385/385 485/485/485
f 487/487/487 455/455/455 486/486/486
f 309/309/309 456/456/456 340/340/340
f 341/341/341 418/418/418 529/529/529
f 490/490/490 488/488/488 532/532/532
f 533/533/533 536/536/536 491/491/491
f 492/492/492 538/538/538 494/494/494
f 538/538/538 492/492/492 434/434/434
f 539/539/539 436/436/436 496/496/496
f 458/458/458 435/435/435 540/540/540
f 465/465/465 543/543/543 462/462/462
f 463/463/463 460/460/460 372/372/372
f 498/498/498 544/544/544 542/542/542
f 498/498/498 542/542/542 463/463/463
f 391/391/391 548/548/548 500/500/500
f 325/325/325 351/351/351 502/502/502
f 389/389/389 549/549/549 546/546/546
f 373/373/373 355/355/355 552/552/552
f 374/374/374 553/553/553 467/467/467
f 505/505/505 471/471/471 445/445/445
f 554/554/554 556/556/556 509/509/509
f 447/447/447 519/519/519 517/517/517
f 554/554/554 509/509/509 512/512/512
f 402/402/402 516/516/516 362/362/362
f 521/521/521 406/406/406 428/428/428
f 449/449/449 520/520/520 523/523/523
f 364/364/364 522/522/522 430/430/430
f 365/365/365 524/524/524 423/423/423
f 365/365/365 450/450/450 524/524/524
f 450/450/450 475/475/475 524/524/524
f 413/413/413 475/475/475 525/525/525
f 483/483/483 558/558/558 482/482/482
f 385/385/385 339/339/339 485/485/485
f 456/456/456 528/528/528 340/340/340
f 487/487/487 562/562/562 419/419/419
f 342/342/342 565/565/565 456/456/456
f 529/529/529 564/564/564 341/341/341
f 488/488/488 566/566/566 532/532/532
f 496/496/496 568/568/568 495/495/495
f 539/539/539 496/496/496 495/495/495
f 435/435/435 493/493/493 540/540/540
f 497/497/497 462/462/462 543/543/543
f 386/386/386 457/457/457 351/351/351
f 547/547/547 550/550/550 390/390/390
f 439/439/439 570/570/570 421/421/421
f 466/466/466 571/571/571 574/574/574
f 399/399/399 577/577/577 440/440/440
f 466/466/466 574/574/574 469/469/469
f 471/471/471 578/578/578 473/473/473
f 470/470/470 580/580/580 506/506/506
f 445/445/445 471/471/471 581/581/581
f 511/511/511 582/582/582 507/507/507
f 508/508/508 584/584/584 513/513/513
f 402/402/402 445/445/445 516/516/516
f 556/556/556 586/586/586 509/509/509
f 362/362/362 516/516/516 588/588/588
f 404/404/404 588/588/588 518/518/518
f 404/404/404 520/520/520 588/588/588
f 432/432/432 523/523/523 589/589/589
f 589/589/589 523/523/523 427/427/427
f 589/589/589 591/591/591 432/432/432
f 524/524/524 429/429/429 423/423/423
f 475/475/475 450/450/450 479/479/479
f 478/478/478 593/593/593 480/480/480
f 479/479/479 592/592/592 594/594/594
f 484/484/484 526/526/526 559/559/559
f 527/527/527 593/593/593 478/478/478
f 527/527/527 596/596/596 593/593/593
f 339/339/339 481/481/481 485/485/485
f 456/456/456 598/598/598 528/528/528
f 565/565/565 602/602/602 456/456/456
f 603/603/603 606/606/606 534/534/534
f 489/489/489 495/495/495 567/567/567
f 493/493/493 491/491/491 607/607/607
f 495/495/495 568/568/568 609/609/609
f 497/497/497 543/543/543 613/613/613
f 501/501/501 616/616/616 545/545/545
f 501/501/501 618/618/618 616/616/616
f 500/500/500 548/548/548 617/617/617
f 551/551/551 620/620/620 392/392/392
f 355/355/355 437/437/437 552/552/552
f 439/439/439 622/622/622 625/625/625
f 440/440/440 577/577/577 623/623/623
f 470/470/470 469/469/469 627/627/627
f 399/399/399 474/474/474 577/577/577
f 470/470/470 627/627/627 580/580/580
f 505/505/505 579/579/579 471/471/471
f 443/443/443 581/581/581 471/471/471
f 516/516/516 445/445/445 581/581/581
f 584/584/584 629/629/629 513/513/513
f 588/588/588 516/516/516 518/518/518
f 557/557/557 555/555/555 587/587/587
f 555/555/555 632/632/632 587/587/587
f 555/555/555 515/515/515 632/632/632
f 362/362/362 588/588/588 520/520/520
f 408/408/408 362/362/362 520/520/520
f 520/520/520 427/427/427 523/523/523
f 589/589/589 427/427/427 591/591/591
f 590/590/590 426/426/426 431/431/431
f 423/423/423 429/429/429 425/425/425
f 525/525/525 479/479/479 594/594/594
f 526/526/526 633/633/633 559/559/559
f 384/384/384 528/528/528 527/527/527
f 527/527/527 528/528/528 598/598/598
f 487/487/487 486/486/486 638/638/638
f 487/487/487 638/638/638 562/562/562
f 641/641/641 642/642/642 644/644/644
f 642/642/642 641/641/641 603/603/603
f 603/603/603 647/647/647 606/606/606
f 535/535/535 649/649/649 604/604/604
f 535/535/535 567/567/567 649/649/649
f 495/495/495 609/609/609 567/567/567
f 496/496/496 611/611/611 568/568/568
f 352/352/352 459/459/459 650/650/650
f 504/504/504 352/352/352 651/651/651
f 548/548/548 391/391/391 619/619/619
f 504/504/504 652/652/652 438/438/438
f 438/438/438 652/652/652 654/654/654
f 392/392/392 570/570/570 551/551/551
f 392/392/392 421/421/421 570/570/570
f 570/570/570 439/439/439 625/625/625
f 467/467/467 553/553/553 572/572/572
f 471/471/471 579/579/579 578/578/578
f 582/582/582 511/511/511 628/628/628
f 585/585/585 631/631/631 657/657/657
f 516/516/516 581/581/581 443/443/443
f 514/514/514 630/630/630 658/658/658
f 475/475/475 479/479/479 525/525/525
f 526/526/526 660/660/660 633/633/633
f 595/595/595 660/660/660 526/526/526
f 527/527/527 598/598/598 596/596/596
f 598/598/598 456/456/456 602/602/602
f 420/420/420 563/563/563 665/665/665
f 602/602/602 565/565/565 666/666/666
f 644/644/644 667/667/667 641/641/641
f 603/603/603 641/641/641 647/647/647
f 643/643/643 604/604/604 669/669/669
f 604/604/604 649/649/649 669/669/669
f 605/605/605 536/536/536 533/533/533
f 491/491/491 536/536/536 607/607/607
f 609/609/609 670/670/670 567/567/567
f 545/545/545 616/616/616 543/543/543
f 543/543/543 673/673/673 676/676/676
f 613/613/613 543/543/543 676/676/676
f 459/459/459 677/677/677 650/650/650
f 548/548/548 678/678/678 617/617/617
f 678/678/678 548/548/548 681/681/681
f 548/548/548 619/619/619 681/681/681
f 437/437/437 653/653/653 552/552/552
f 576/576/576 468/468/468 621/621/621
f 576/576/576 626/626/626 468/468/468
f 579/579/579 626/626/626 578/578/578
f 511/511/511 683/683/683 628/628/628
f 515/515/515 659/659/659 632/632/632
f 595/595/595 685/685/685 660/660/660
f 559/559/559 633/633/633 689/689/689
f 558/558/558 638/638/638 482/482/482
f 486/486/486 482/482/482 638/638/638
f 598/598/598 695/695/695 596/596/596
f 597/597/597 562/562/562 692/692/692
f 597/597/597 599/599/599 562/562/562
f 420/420/420 698/698/698 531/531/531
f 565/565/565 701/701/701 703/703/703
f 564/564/564 529/529/529 699/699/699
f 667/667/667 647/647/647 641/641/641
f 643/643/643 669/669/669 645/645/645
f 605/605/605 646/646/646 704/704/704
f 567/567/567 670/670/670 649/649/649
f 611/611/611 609/609/609 568/568/568
f 618/618/618 680/680/680 616/616/616
f 459/459/459 541/541/541 677/677/677
f 706/706/706 707/707/707 679/679/679
f 352/352/352 650/650/650 651/651/651
f 504/504/504 651/651/651 652/652/652
f 709/709/709 654/654/654 712/712/712
f 709/709/709 714/714/714 654/654/654
f 551/551/551 715/715/715 620/620/620
f 571/571/571 716/716/716 574/574/574
f 571/571/571 552/552/552 716/716/716
f 573/573/573 621/621/621 468/468/468
f 473/473/473 626/626/626 576/576/576
f 473/473/473 578/578/578 626/626/626
f 509/509/509 683/683/683 511/511/511
f 690/690/690 560/560/560 720/720/720
f 561/561/561 691/691/691 722/722/722
f 691/691/691 722/722/722 561/561/561
f 561/561/561 722/722/722 724/724/724
f 561/561/561 724/724/724 640/640/640
f 562/562/562 638/638/638 692/692/692
f 665/665/665 726/726/726 420/420/420
f 602/602/602 666/666/666 728/728/728
f 565/565/565 703/703/703 666/666/666
f 420/420/420 726/726/726 698/698/698
f 530/530/530 729/729/729 700/700/700
f 669/669/669 649/649/649 730/730/730
f 605/605/605 704/704/704 536/536/536
f 493/493/493 607/607/607 732/732/732
f 493/493/493 732/732/732 540/540/540
f 612/612/612 735/735/735 610/610/610
f 707/707/707 736/736/736 679/679/679
f 735/735/735 677/677/677 541/541/541
f 707/707/707 706/706/706 737/737/737
f 739/739/739 651/651/651 677/677/677
f 681/681/681 740/740/740 678/678/678
f 652/652/652 712/712/712 654/654/654
f 653/653/653 741/741/741 552/552/552
f 551/551/551 570/570/570 715/715/715
f 622/622/622 575/575/575 743/743/743
f 575/575/575 718/718/718 743/743/743
f 622/622/622 745/745/745 625/625/625
f 622/622/622 743/743/743 745/745/745
f 655/655/655 746/746/746 749/749/749
f 657/657/657 631/631/631 748/748/748
f 509/509/509 586/586/586 683/683/683
f 632/632/632 751/751/751 587/587/587
f 632/632/632 659/659/659 751/751/751
f 689/689/689 633/633/633 719/719/719
f 723/723/723 721/721/721 634/634/634
f 695/695/695 688/688/688 596/596/596
f 640/640/640 724/724/724 753/753/753
f 639/639/639 754/754/754 693/693/693
f 640/640/640 753/753/753 755/755/755
f 562/562/562 599/599/599 662/662/662
f 600/600/600 756/756/756 663/663/663
f 666/666/666 703/703/703 728/728/728
f 700/700/700 729/729/729 758/758/758
f 667/667/667 760/760/760 647/647/647
f 669/669/669 763/763/763 645/645/645
f 669/669/669 730/730/730 763/763/763
f 608/608/608 671/671/671 733/733/733
f 540/540/540 732/732/732 734/734/734
f 543/543/543 616/616/616 768/768/768
f 543/543/543 768/768/768 673/673/673
f 707/707/707 769/769/769 736/736/736
f 679/679/679 772/772/772 614/614/614
f 707/707/707 774/774/774 769/769/769
f 707/707/707 737/737/737 774/774/774
f 735/735/735 612/612/612 777/777/777
f 735/735/735 739/739/739 677/677/677
f 650/650/650 677/677/677 651/651/651
f 739/739/739 735/735/735 777/777/777
f 679/679/679 779/779/779 706/706/706
f 678/678/678 740/740/740 778/778/778
f 651/651/651 739/739/739 712/712/712
f 651/651/651 712/712/712 652/652/652
f 708/708/708 710/710/710 713/713/713
f 714/714/714 742/742/742 654/654/654
f 656/656/656 750/750/750 781/781/781
f 656/656/656 781/781/781 583/583/583
f 629/629/629 584/584/584 784/784/784
f 661/661/661 686/686/686 635/635/635
f 724/724/724 637/637/637 786/786/786
f 753/753/753 696/696/696 755/755/755
f 755/755/755 753/753/753 696/696/696
f 727/727/727 787/787/787 757/757/757
f 725/725/725 664/664/664 787/787/787
f 725/725/725 787/787/787 697/697/697
f 701/701/701 759/759/759 703/703/703
f 530/530/530 788/788/788 729/729/729
f 531/531/531 698/698/698 789/789/789
f 648/648/648 762/762/762 790/790/790
f 648/648/648 791/791/791 705/705/705
f 670/670/670 792/792/792 649/649/649
f 671/671/671 608/608/608 793/793/793
f 671/671/671 610/610/610 733/733/733
f 735/735/735 733/733/733 610/610/610
f 796/796/796 768/768/768 616/616/616
f 614/614/614 772/772/772 794/794/794
f 736/736/736 772/772/772 679/679/679
f 706/706/706 779/779/779 797/797/797
f 715/715/715 800/800/800 620/620/620
f 620/620/620 800/800/800 682/682/682
f 552/552/552 741/741/741 716/716/716
f 743/743/743 718/718/718 745/745/745
f 636/636/636 687/687/687 801/801/801
f 664/664/664 757/757/757 787/787/787
f 601/601/601 727/727/727 757/757/757
f 645/645/645 803/803/803 668/668/668
f 761/761/761 668/668/668 803/803/803
f 645/645/645 763/763/763 803/803/803
f 705/705/705 791/791/791 731/731/731
f 705/705/705 731/731/731 805/805/805
f 705/705/705 805/805/805 537/537/537
f 649/649/649 792/792/792 730/730/730
f 537/537/537 805/805/805 608/608/608
f 736/736/736 806/806/806 772/772/772
f 616/616/616 796/796/796 768/768/768
f 615/615/615 765/765/765 795/795/795
f 769/769/769 806/806/806 736/736/736
f 738/738/738 776/776/776 711/711/711
f 780/780/780 808/808/808 798/798/798
f 740/740/740 681/681/681 778/778/778
f 570/570/570 812/812/812 814/814/814
f 570/570/570 814/814/814 715/715/715
f 569/569/569 624/624/624 811/811/811
f 748/748/748 631/631/631 815/815/815
f 584/584/584 782/782/782 784/784/784
f 636/636/636 801/801/801 819/819/819
f 636/636/636 819/819/819 785/785/785
f 802/802/802 688/688/688 695/695/695
f 695/695/695 821/821/821 802/802/802
f 697/697/697 787/787/787 822/822/822
f 758/758/758 729/729/729 788/788/788
f 824/824/824 758/758/758 788/788/788
f 826/826/826 758/758/758 824/824/824
f 826/826/826 828/828/828 758/758/758
f 790/790/790 791/791/791 648/648/648
f 764/764/764 731/731/731 791/791/791
f 731/731/731 793/793/793 805/805/805
f 676/676/676 673/673/673 833/833/833
f 674/674/674 831/831/831 834/834/834
f 612/612/612 675/675/675 837/837/837
f 706/706/706 797/797/797 737/737/737
f 797/797/797 838/838/838 737/737/737
f 750/750/750 747/747/747 841/841/841
f 750/750/750 841/841/841 781/781/781
f 631/631/631 843/843/843 815/815/815
f 683/683/683 586/586/586 844/844/844
f 845/845/845 850/850/850 852/852/852
f 857/857/857 847/847/847 861/861/861
f 864/864/864 860/860/860 866/866/866
f 856/856/856 867/867/867 870/870/870
f 872/872/872 866/866/866 860/860/860
f 874/874/874 871/871/871 816/816/816
f 802/802/802 821/821/821 820/820/820
f 724/724/724 877/877/877 753/753/753
f 752/752/752 876/876/876 694/694/694
f 787/787/787 727/727/727 822/822/822
f 789/789/789 698/698/698 878/878/878
f 764/764/764 791/791/791 804/804/804
f 608/608/608 805/805/805 793/793/793
f 773/773/773 807/807/807 879/879/879
f 796/796/796 773/773/773 879/879/879
f 777/777/777 612/612/612 837/837/837
f 775/775/775 883/883/883 771/771/771
f 775/775/775 840/840/840 883/883/883
f 737/737/737 838/838/838 774/774/774
f 714/714/714 712/712/712 744/744/744
f 742/742/742 714/714/714 717/717/717
f 744/744/744 717/717/717 714/714/714
f 630/630/630 684/684/684 658/658/658
f 659/659/659 884/884/884 751/751/751
f 853/853/853 851/851/851 846/846/846
f 847/847/847 854/854/854 861/861/861
f 848/848/848 860/860/860 885/885/885
f 886/886/886 888/888/888 849/849/849
f 860/860/860 864/864/864 885/885/885
f 886/886/886 865/865/865 888/888/888
f 858/858/858 862/862/862 889/889/889
f 859/859/859 890/890/890 868/868/868
f 866/866/866 892/892/892 864/864/864
f 869/869/869 891/891/891 873/873/873
f 866/866/866 872/872/872 892/892/892
f 872/872/872 894/894/894 892/892/892
f 875/875/875 894/894/894 872/872/872
f 875/875/875 817/817/817 894/894/894
f 703/703/703 759/759/759 896/896/896
f 825/825/825 789/789/789 827/827/827
f 790/790/790 762/762/762 804/804/804
f 790/790/790 804/804/804 791/791/791
f 807/807/807 770/770/770 897/897/897
f 879/879/879 899/899/899 796/796/796
f 796/796/796 899/899/899 768/768/768
f 771/771/771 902/902/902 898/898/898
f 672/672/672 766/766/766 832/832/832
f 835/835/835 832/832/832 903/903/903
f 682/682/682 800/800/800 780/780/780
f 780/780/780 800/800/800 808/808/808
f 712/712/712 777/777/777 744/744/744
f 798/798/798 808/808/808 905/905/905
f 715/715/715 814/814/814 800/800/800
f 811/811/811 624/624/624 744/744/744
f 748/748/748 906/906/906 910/910/910
f 629/629/629 784/784/784 842/842/842
f 751/751/751 912/912/912 587/587/587
f 855/855/855 849/849/849 888/888/888
f 863/863/863 888/888/888 891/891/891
f 863/863/863 855/855/855 888/888/888
f 913/913/913 887/887/887 864/864/864
f 864/864/864 892/892/892 913/913/913
f 873/873/873 893/893/893 895/895/895
f 873/873/873 895/895/895 818/818/818
f 727/727/727 702/702/702 822/822/822
f 827/827/827 915/915/915 829/829/829
f 879/879/879 807/807/807 897/897/897
f 902/902/902 771/771/771 883/883/883
f 836/836/836 904/904/904 917/917/917
f 777/777/777 837/837/837 918/918/918
f 777/777/777 918/918/918 811/811/811
f 811/811/811 744/744/744 777/777/777
f 798/798/798 905/905/905 839/839/839
f 800/800/800 920/920/920 905/905/905
f 921/921/921 925/925/925 931/931/931
f 924/924/924 933/933/933 935/935/935
f 747/747/747 938/938/938 841/841/841
f 939/939/939 941/941/941 782/782/782
f 751/751/751 884/884/884 912/912/912
f 913/913/913 892/892/892 887/887/887
f 873/873/873 888/888/888 893/893/893
f 698/698/698 944/944/944 878/878/878
f 896/896/896 823/823/823 703/703/703
f 759/759/759 948/948/948 896/896/896
f 759/759/759 950/950/950 948/948/948
f 830/830/830 950/950/950 759/759/759
f 827/827/827 789/789/789 915/915/915
f 879/879/879 897/897/897 951/951/951
f 953/953/953 955/955/955 902/902/902
f 953/953/953 902/902/902 956/956/956
f 953/953/953 956/956/956 960/960/960
f 902/902/902 883/883/883 956/956/956
f 956/956/956 883/883/883 960/960/960
f 900/900/900 957/957/957 880/880/880
f 901/901/901 881/881/881 958/958/958
f 883/883/883 840/840/840 962/962/962
f 810/810/810 917/917/917 904/904/904
f 839/839/839 905/905/905 961/961/961
f 905/905/905 808/808/808 800/800/800
f 799/799/799 963/963/963 919/919/919
f 809/809/809 903/903/903 813/813/813
f 905/905/905 920/920/920 966/966/966
f 813/813/813 963/963/963 799/799/799
f 748/748/748 815/815/815 906/906/906
f 940/940/940 783/783/783 969/969/969
f 586/586/586 970/970/970 844/844/844
f 884/884/884 659/659/659 976/976/976
f 873/873/873 891/891/891 888/888/888
f 819/819/819 977/977/977 785/785/785
f 724/724/724 786/786/786 877/877/877
f 695/695/695 980/980/980 821/821/821
f 696/696/696 877/877/877 981/981/981
f 697/697/697 822/822/822 943/943/943
f 916/916/916 950/950/950 830/830/830
f 879/879/879 951/951/951 983/983/983
f 899/899/899 879/879/879 983/983/983
f 902/902/902 955/955/955 898/898/898
f 768/768/768 899/899/899 985/985/985
f 768/768/768 985/985/985 987/987/987
f 882/882/882 961/961/961 959/959/959
f 813/813/813 903/903/903 963/963/963
f 905/905/905 966/966/966 988/988/988
f 933/933/933 991/991/991 935/935/935
f 922/922/922 994/994/994 926/926/926
f 923/923/923 934/934/934 995/995/995
f 906/906/906 1000/1000/1000 937/937/937
f 906/906/906 937/937/937 910/910/910
f 747/747/747 909/909/909 1002/1002/1002
f 747/747/747 1003/1003/1003 938/938/938
f 658/658/658 684/684/684 975/975/975
f 820/820/820 821/821/821 978/978/978
f 789/789/789 878/878/878 915/915/915
f 1005/1005/1005 1007/1007/1007 1009/1009/1009
f 1011/1011/1011 1009/1009/1009 1012/1012/1012
f 1004/1004/1004 1008/1008/1008 1013/1013/1013
f 1010/1010/1010 1014/1014/1014 1008/1008/1008
f 954/954/954 1016/1016/1016 897/897/897
f 897/897/897 1016/1016/1016 1018/1018/1018
f 953/953/953 1017/1017/1017 955/955/955
f 899/899/899 983/983/983 985/985/985
f 953/953/953 1020/1020/1020 1017/1017/1017
f 964/964/964 767/767/767 1022/1022/1022
f 832/832/832 766/766/766 963/963/963
f 959/959/959 1023/1023/1023 952/952/952
f 963/963/963 903/903/903 832/832/832
f 963/963/963 1021/1021/1021 919/919/919
f 919/919/919 1021/1021/1021 965/965/965
f 967/967/967 1026/1026/1026 989/989/989
f 927/927/927 990/990/990 932/932/932
f 935/935/935 991/991/991 1027/1027/1027
f 928/928/928 997/997/997 1029/1029/1029
f 907/907/907 936/936/936 999/999/999
f 907/907/907 999/999/999 1032/1032/1032
f 747/747/747 1002/1002/1002 1003/1003/1003
f 906/906/906 815/815/815 1000/1000/1000
f 844/844/844 1034/1034/1034 683/683/683
f 684/684/684 1035/1035/1035 975/975/975
f 878/878/878 947/947/947 915/915/915
f 1009/1009/1009 1007/1007/1007 1012/1012/1012
f 1036/1036/1036 1014/1014/1014 1010/1010/1010
f 1008/1008/1008 1014/1014/1014 1013/1013/1013
f 1036/1036/1036 1039/1039/1039 1014/1014/1014
f 1040/1040/1040 1041/1041/1041 1043/1043/1043
f 1045/1045/1045 1041/1041/1041 1040/1040/1040
f 1043/1043/1043 1047/1047/1047 1040/1040/1040
f 1043/1043/1043 1048/1048/1048 1047/1047/1047
f 897/897/897 1018/1018/1018 951/951/951
f 1015/1015/1015 1019/1019/1019 1051/1051/1051
f 767/767/767 986/986/986 1022/1022/1022
f 986/986/986 984/984/984 1022/1022/1022
f 1020/1020/1020 953/953/953 1025/1025/1025
f 961/961/961 905/905/905 988/988/988
f 1053/1053/1053 1055/1055/1055 1058/1058/1058
f 930/930/930 1060/1060/1060 992/992/992
f 929/929/929 1030/1030/1030 1059/1059/1059
f 993/993/993 1062/1062/1062 1028/1028/1028
f 935/935/935 1027/1027/1027 996/996/996
f 1000/1000/1000 815/815/815 1033/1033/1033
f 1003/1003/1003 1002/1002/1002 938/938/938
f 841/841/841 968/968/968 781/781/781
f 841/841/841 938/938/938 968/968/968
f 976/976/976 912/912/912 884/884/884
f 823/823/823 896/896/896 945/945/945
f 946/946/946 949/949/949 914/914/914
f 1036/1036/1036 1064/1064/1064 1039/1039/1039
f 1037/1037/1037 1011/1011/1011 1065/1065/1065
f 1042/1042/1042 1046/1046/1046 1066/1066/1066
f 1048/1048/1048 1067/1067/1067 1047/1047/1047
f 1067/1067/1067 1048/1048/1048 1069/1069/1069
f 984/984/984 982/982/982 1071/1071/1071
f 1020/1020/1020 1072/1072/1072 1052/1052/1052
f 984/984/984 1071/1071/1071 1022/1022/1022
f 967/967/967 1022/1022/1022 1026/1026/1026
f 959/959/959 961/961/961 1023/1023/1023
f 1060/1060/1060 1056/1056/1056 992/992/992
f 1031/1031/1031 1062/1062/1062 1061/1061/1061
f 993/993/993 1057/1057/1057 1062/1062/1062
f 1028/1028/1028 1073/1073/1073 998/998/998
f 970/970/970 1034/1034/1034 844/844/844
f 587/587/587 912/912/912 973/973/973
f 878/878/878 1074/1074/1074 947/947/947
f 896/896/896 948/948/948 1075/1075/1075
f 1004/1004/1004 1013/1013/1013 1076/1076/1076
f 1039/1039/1039 1078/1078/1078 1014/1014/1014
f 1041/1041/1041 1080/1080/1080 1043/1043/1043
f 1070/1070/1070 1050/1050/1050 1083/1083/1083
f 1084/1084/1084 1045/1045/1045 1040/1040/1040
f 1067/1067/1067 1069/1069/1069 1085/1085/1085
f 1040/1040/1040 1047/1047/1047 1087/1087/1087
f 983/983/983 951/951/951 1088/1088/1088
f 1072/1072/1072 1017/1017/1017 1052/1052/1052
f 1025/1025/1025 1090/1090/1090 1020/1020/1020
f 961/961/961 1092/1092/1092 1023/1023/1023
f 1026/1026/1026 1094/1094/1094 989/989/989
f 1054/1054/1054 1061/1061/1061 1057/1057/1057
f 1062/1062/1062 1073/1073/1073 1028/1028/1028
f 998/998/998 1073/1073/1073 1031/1031/1031
f 1033/1033/1033 1097/1097/1097 910/910/910
f 938/938/938 1002/1002/1002 1098/1098/1098
f 815/815/815 843/843/843 1033/1033/1033
f 968/968/968 938/938/938 1098/1098/1098
f 977/977/977 1099/1099/1099 785/785/785
f 878/878/878 944/944/944 1074/1074/1074
f 1103/1103/1103 1106/1106/1106 1108/1108/1108
f 1038/1038/1038 1063/1063/1063 1109/1109/1109
f 1014/1014/1014 1078/1078/1078 1013/1013/1013
f 1078/1078/1078 1039/1039/1039 1111/1111/1111
f 1044/1044/1044 1082/1082/1082 1112/1112/1112
f 1044/1044/1044 1114/1114/1114 1049/1049/1049
f 1040/1040/1040 1087/1087/1087 1116/1116/1116
f 1047/1047/1047 1067/1067/1067 1087/1087/1087
f 1016/1016/1016 1117/1117/1117 1018/1018/1018
f 951/951/951 1018/1018/1018 1088/1088/1088
f 1072/1072/1072 1120/1120/1120 1017/1017/1017
f 1020/1020/1020 1121/1121/1121 1072/1072/1072
f 1020/1020/1020 1090/1090/1090 1121/1121/1121
f 1022/1022/1022 1071/1071/1071 1026/1026/1026
f 961/961/961 988/988/988 1092/1092/1092
f 1061/1061/1061 1062/1062/1062 1057/1057/1057
f 1062/1062/1062 1031/1031/1031 1073/1073/1073
f 908/908/908 1095/1095/1095 1001/1001/1001
f 1033/1033/1033 843/843/843 1123/1123/1123
f 975/975/975 1035/1035/1035 1125/1125/1125
f 974/974/974 1124/1124/1124 1126/1126/1126
f 912/912/912 976/976/976 1130/1130/1130
f 978/978/978 821/821/821 1100/1100/1100
f 877/877/877 1132/1132/1132 1135/1135/1135
f 980/980/980 1137/1137/1137 821/821/821
f 877/877/877 1135/1135/1135 981/981/981
f 1109/1109/1109 1063/1063/1063 1104/1104/1104
f 1102/1102/1102 1138/1138/1138 1105/1105/1105
f 1078/1078/1078 1111/1111/1111 1013/1013/1013
f 1110/1110/1110 1111/1111/1111 1039/1039/1039
f 1044/1044/1044 1112/1112/1112 1114/1114/1114
f 1046/1046/1046 1140/1140/1140 1066/1066/1066
f 1045/1045/1045 1084/1084/1084 1139/1139/1139
f 1040/1040/1040 1116/1116/1116 1084/1084/1084
f 1071/1071/1071 982/982/982 1141/1141/1141
f 1071/1071/1071 1141/1141/1141 1026/1026/1026
f 1141/1141/1141 1142/1142/1142 1026/1026/1026
f 1089/1089/1089 1024/1024/1024 1144/1144/1144
f 988/988/988 1093/1093/1093 1092/1092/1092
f 1002/1002/1002 1146/1146/1146 1098/1098/1098
f 782/782/782 1147/1147/1147 784/784/784
f 1148/1148/1148 1149/1149/1149 1152/1152/1152
f 1148/1148/1148 1152/1152/1152 1156/1156/1156
f 877/877/877 786/786/786 1159/1159/1159
f 877/877/877 1159/1159/1159 1132/1132/1132
f 945/945/945 896/896/896 1075/1075/1075
f 1007/1007/1007 1161/1161/1161 1012/1012/1012
f 1004/1004/1004 1162/1162/1162 1006/1006/1006
f 1102/1102/1102 1107/1107/1107 1165/1165/1165
f 1110/1110/1110 1105/1105/1105 1138/1138/1138
f 1102/1102/1102 1165/1165/1165 1138/1138/1138
f 1083/1083/1083 1050/1050/1050 1115/1115/1115
f 1070/1070/1070 1083/1083/1083 1086/1086/1086
f 1066/1066/1066 1167/1167/1167 1042/1042/1042
f 1066/1066/1066 1140/1140/1140 1167/1167/1167
f 1084/1084/1084 1168/1168/1168 1139/1139/1139
f 1087/1087/1087 1067/1067/1067 1170/1170/1170
f 1087/1087/1087 1170/1170/1170 1172/1172/1172
f 1088/1088/1088 1174/1174/1174 983/983/983
f 982/982/982 1173/1173/1173 1142/1142/1142
f 982/982/982 1142/1142/1142 1141/1141/1141
f 1094/1094/1094 1142/1142/1142 1177/1177/1177
f 1026/1026/1026 1142/1142/1142 1094/1094/1094
f 1023/1023/1023 1092/1092/1092 1178/1178/1178
f 1024/1024/1024 1180/1180/1180 1144/1144/1144
f 1093/1093/1093 1181/1181/1181 1092/1092/1092
f 1001/1001/1001 1095/1095/1095 1184/1184/1184
f 1002/1002/1002 1185/1185/1185 1186/1186/1186
f 1002/1002/1002 1186/1186/1186 1146/1146/1146
f 939/939/939 1188/1188/1188 941/941/941
f 842/842/842 784/784/784 1122/1122/1122
f 911/911/911 1190/1190/1190 971/971/971
f 821/821/821 1193/1193/1193 1100/1100/1100
f 821/821/821 1137/1137/1137 1193/1193/1193
f 979/979/979 1133/1133/1133 1136/1136/1136
f 1012/1012/1012 1161/1161/1161 1011/1011/1011
f 1162/1162/1162 1004/1004/1004 1076/1076/1076
f 1110/1110/1110 1138/1138/1138 1194/1194/1194
f 1042/1042/1042 1167/1167/1167 1081/1081/1081
f 1068/1068/1068 1086/1086/1086 1196/1196/1196
f 1087/1087/1087 1172/1172/1172 1116/1116/1116
f 1018/1018/1018 1174/1174/1174 1088/1088/1088
f 1093/1093/1093 1176/1176/1176 1181/1181/1181
f 1092/1092/1092 1181/1181/1181 1178/1178/1178
f 1185/1185/1185 1096/1096/1096 1186/1186/1186
f 940/940/940 1197/1197/1197 1189/1189/1189
f 784/784/784 1147/1147/1147 1122/1122/1122
f 782/782/782 941/941/941 1147/1147/1147
f 1125/1125/1125 1035/1035/1035 1200/1200/1200
f 1128/1128/1128 1130/1130/1130 976/976/976
f 1127/1127/1127 1125/1125/1125 1129/1129/1129
f 1148/1148/1148 1201/1201/1201 1149/1149/1149
f 1148/1148/1148 1203/1203/1203 1201/1201/1201
f 1155/1155/1155 1205/1205/1205 1207/1207/1207
f 1157/1157/1157 1208/1208/1208 1210/1210/1210
f 1156/1156/1156 1211/1211/1211 1148/1148/1148
f 1156/1156/1156 1209/1209/1209 1211/1211/1211
f 785/785/785 1099/1099/1099 1158/1158/1158
f 1164/1164/1164 1161/1161/1161 1007/1007/1007
f 1163/1163/1163 1077/1077/1077 1160/1160/1160
f 1214/1214/1214 1216/1216/1216 1220/1220/1220
f 1114/1114/1114 1112/1112/1112 1223/1223/1223
f 1082/1082/1082 1225/1225/1225 1112/1112/1112
f 1112/1112/1112 1225/1225/1225 1223/1223/1223
f 1140/1140/1140 1169/1169/1169 1167/1167/1167
f 1084/1084/1084 1226/1226/1226 1168/1168/1168
f 1117/1117/1117 1228/1228/1228 1018/1018/1018
f 1142/1142/1142 1182/1182/1182 1177/1177/1177
f 1090/1090/1090 1230/1230/1230 1121/1121/1121
f 1090/1090/1090 1232/1232/1232 1230/1230/1230
f 1098/1098/1098 1146/1146/1146 1186/1186/1186
f 1123/1123/1123 1235/1235/1235 1033/1033/1033
f 942/942/942 1189/1189/1189 1237/1237/1237
f 940/940/940 969/969/969 1239/1239/1239
f 1034/1034/1034 970/970/970 1198/1198/1198
f 1130/1130/1130 1192/1192/1192 912/912/912
f 1148/1148/1148 1211/1211/1211 1203/1203/1203
f 1065/1065/1065 1108/1108/1108 1106/1106/1106
f 1166/1166/1166 1108/1108/1108 1241/1241/1241
f 1240/1240/1240 1244/1244/1244 1248/1248/1248
f 1165/1165/1165 1240/1240/1240 1248/1248/1248
f 1138/1138/1138 1165/1165/1165 1194/1194/1194
f 1076/1076/1076 1013/1013/1013 1111/1111/1111
f 1086/1086/1086 1083/1083/1083 1249/1249/1249
f 1086/1086/1086 1249/1249/1249 1196/1196/1196
f 1068/1068/1068 1196/1196/1196 1171/1171/1171
f 1116/1116/1116 1172/1172/1172 1250/1250/1250
f 1172/1172/1172 1170/1170/1170 1252/1252/1252
f 1116/1116/1116 1250/1250/1250 1084/1084/1084
f 1084/1084/1084 1250/1250/1250 1254/1254/1254
f 1018/1018/1018 1256/1256/1256 1174/1174/1174
f 1072/1072/1072 1121/1121/1121 1120/1120/1120
f 1145/1145/1145 1259/1259/1259 1091/1091/1091
f 1033/1033/1033 1235/1235/1235 1097/1097/1097
f 1098/1098/1098 1186/1186/1186 968/968/968
f 941/941/941 1236/1236/1236 1260/1260/1260
f 1150/1150/1150 1202/1202/1202 1262/1262/1262
f 1159/1159/1159 1101/1101/1101 1132/1132/1132
f 1193/1193/1193 1137/1137/1137 1264/1264/1264
f 1241/1241/1241 1267/1267/1267 1245/1245/1245
f 1242/1242/1242 1268/1268/1268 1246/1246/1246
f 1165/1165/1165 1248/1248/1248 1194/1194/1194
f 1217/1217/1217 1215/1215/1215 1273/1273/1273
f 1276/1276/1276 1277/1277/1277 1280/1280/1280
f 1220/1220/1220 1272/1272/1272 1214/1214/1214
f 1216/1216/1216 1282/1282/1282 1220/1220/1220
f 1081/1081/1081 1286/1286/1286 1224/1224/1224
f 1115/1115/1115 1287/1287/1287 1083/1083/1083
f 1167/1167/1167 1286/1286/1286 1081/1081/1081
f 1079/1079/1079 1284/1284/1284 1288/1288/1288
f 1167/1167/1167 1290/1290/1290 1286/1286/1286
f 1171/1171/1171 1196/1196/1196 1293/1293/1293
f 1084/1084/1084 1254/1254/1254 1226/1226/1226
f 1170/1170/1170 1291/1291/1291 1252/1252/1252
f 1172/1172/1172 1252/1252/1252 1250/1250/1250
f 1250/1250/1250 1294/1294/1294 1254/1254/1254
f 1018/1018/1018 1228/1228/1228 1256/1256/1256
f 1175/1175/1175 1183/1183/1183 1143/1143/1143
f 1175/1175/1175 1298/1298/1298 1183/1183/1183
f 1175/1175/1175 1257/1257/1257 1298/1298/1298
f 1179/1179/1179 1183/1183/1183 1298/1298/1298
f 1230/1230/1230 1300/1300/1300 1121/1121/1121
f 1144/1144/1144 1180/1180/1180 1258/1258/1258
f 1231/1231/1231 1233/1233/1233 1302/1302/1302
f 1233/1233/1233 1091/1091/1091 1302/1302/1302
f 1186/1186/1186 1096/1096/1096 1303/1303/1303
f 1304/1304/1304 1307/1307/1307 1187/1187/1187
f 940/940/940 1239/1239/1239 1197/1197/1197
f 941/941/941 1260/1260/1260 1147/1147/1147
f 1308/1308/1308 1199/1199/1199 972/972/972
f 972/972/972 1191/1191/1191 1310/1310/1310
f 1125/1125/1125 1200/1200/1200 1313/1313/1313
f 1192/1192/1192 1130/1130/1130 1314/1314/1314
f 1130/1130/1130 1316/1316/1316 1314/1314/1314
f 1129/1129/1129 1125/1125/1125 1318/1318/1318
f 1193/1193/1193 1131/1131/1131 1100/1100/1100
f 1137/1137/1137 1134/1134/1134 1264/1264/1264
f 1011/1011/1011 1161/1161/1161 1320/1320/1320
f 1065/1065/1065 1011/1011/1011 1320/1320/1320
f 1065/1065/1065 1320/1320/1320 1108/1108/1108
f 1108/1108/1108 1322/1322/1322 1241/1241/1241
f 1111/1111/1111 1323/1323/1323 1076/1076/1076
f 1324/1324/1324 1326/1326/1326 1277/1277/1277
f 1276/1276/1276 1324/1324/1324 1277/1277/1277
f 1218/1218/1218 1327/1327/1327 1270/1270/1270
f 1217/1217/1217 1273/1273/1273 1331/1331/1331
f 1216/1216/1216 1329/1329/1329 1282/1282/1282
f 1113/1113/1113 1221/1221/1221 1332/1332/1332
f 1330/1330/1330 1225/1225/1225 1283/1283/1283
f 1221/1221/1221 1334/1334/1334 1332/1332/1332
f 1113/1113/1113 1332/1332/1332 1335/1335/1335
f 1115/1115/1115 1336/1336/1336 1337/1337/1337
f 1225/1225/1225 1338/1338/1338 1223/1223/1223
f 1083/1083/1083 1287/1287/1287 1249/1249/1249
f 1292/1292/1292 1339/1339/1339 1253/1253/1253
f 1120/1120/1120 1121/1121/1121 1342/1342/1342
f 1231/1231/1231 1302/1302/1302 1301/1301/1301
f 1091/1091/1091 1344/1344/1344 1302/1302/1302
f 1091/1091/1091 1259/1259/1259 1344/1344/1344
f 1186/1186/1186 1306/1306/1306 968/968/968
f 1097/1097/1097 1235/1235/1235 1347/1347/1347
f 1189/1189/1189 1348/1348/1348 1237/1237/1237
f 1308/1308/1308 972/972/972 1351/1351/1351
f 1192/1192/1192 1314/1314/1314 1311/1311/1311
f 1208/1208/1208 1206/1206/1206 1210/1210/1210
f 1210/1210/1210 1206/1206/1206 1213/1213/1213
f 1193/1193/1193 1264/1264/1264 1131/1131/1131
f 1135/1135/1135 1132/1132/1132 1265/1265/1265
f 1077/1077/1077 1354/1354/1354 1160/1160/1160
f 1077/1077/1077 1357/1357/1357 1354/1354/1354
f 1110/1110/1110 1194/1194/1194 1359/1359/1359
f 1280/1280/1280 1277/1277/1277 1360/1360/1360
f 1279/1279/1279 1363/1363/1363 1274/1274/1274
f 1275/1275/1275 1364/1364/1364 1366/1366/1366
f 1332/1332/1332 1334/1334/1334 1362/1362/1362
f 1282/1282/1282 1224/1224/1224 1286/1286/1286
f 1115/1115/1115 1337/1337/1337 1287/1287/1287
f 1225/1225/1225 1330/1330/1330 1338/1338/1338
f 1227/1227/1227 1167/1167/1167 1169/1169/1169
f 1227/1227/1227 1372/1372/1372 1167/1167/1167
f 1227/1227/1227 1255/1255/1255 1372/1372/1372
f 1293/1293/1293 1196/1196/1196 1340/1340/1340
f 1180/1180/1180 1373/1373/1373 1258/1258/1258
f 1377/1377/1377 1380/1380/1380 1383/1383/1383
f 1304/1304/1304 1385/1385/1385 1307/1307/1307
f 1097/1097/1097 1347/1347/1347 1305/1305/1305
f 968/968/968 1306/1306/1306 1386/1386/1386
f 1238/1238/1238 1350/1350/1350 1261/1261/1261
f 1351/1351/1351 972/972/972 1310/1310/1310
f 1309/1309/1309 1352/1352/1352 1313/1313/1313
f 1200/1200/1200 1309/1309/1309 1313/1313/1313
f 1125/1125/1125 1313/1313/1313 1318/1318/1318
f 1130/1130/1130 1388/1388/1388 1316/1316/1316
f 1129/1129/1129 1318/1318/1318 1389/1389/1389
f 1151/1151/1151 1263/1263/1263 1153/1153/1153
f 1154/1154/1154 1394/1394/1394 1157/1157/1157
f 1202/1202/1202 1204/1204/1204 1262/1262/1262
f 1204/1204/1204 1212/1212/1212 1396/1396/1396
f 1213/1213/1213 1206/1206/1206 1397/1397/1397
f 1108/1108/1108 1320/1320/1320 1322/1322/1322
f 1076/1076/1076 1323/1323/1323 1356/1356/1356
f 1111/1111/1111 1402/1402/1402 1323/1323/1323
f 1323/1323/1323 1402/1402/1402 1404/1404/1404
f 1111/1111/1111 1110/1110/1110 1359/1359/1359
f 1326/1326/1326 1324/1324/1324 1406/1406/1406
f 1360/1360/1360 1277/1277/1277 1408/1408/1408
f 1278/1278/1278 1332/1332/1332 1362/1362/1362
f 1276/1276/1276 1368/1368/1368 1324/1324/1324
f 1281/1281/1281 1361/1361/1361 1333/1333/1333
f 1219/1219/1219 1271/1271/1271 1328/1328/1328
f 1249/1249/1249 1287/1287/1287 1412/1412/1412
f 1249/1249/1249 1412/1412/1412 1196/1196/1196
f 1180/1180/1180 1299/1299/1299 1413/1413/1413
f 1180/1180/1180 1413/1413/1413 1373/1373/1373
f 1378/1378/1378 1375/1375/1375 1414/1414/1414
f 1420/1420/1420 1423/1423/1423 1425/1425/1425
f 1420/1420/1420 1427/1427/1427 1423/1423/1423
f 1428/1428/1428 1432/1432/1432 1434/1434/1434
f 1239/1239/1239 969/969/969 1436/1436/1436
f 1123/1123/1123 1438/1438/1438 1235/1235/1235
f 1122/1122/1122 1147/1147/1147 1437/1437/1437
f 1439/1439/1439 1261/1261/1261 1440/1440/1440
f 1129/1129/1129 1389/1389/1389 1387/1387/1387
f 1388/1388/1388 1392/1392/1392 1316/1316/1316
f 1153/1153/1153 1263/1263/1263 1441/1441/1441
f 1154/1154/1154 1442/1442/1442 1394/1394/1394
f 1320/1320/1320 1161/1161/1161 1443/1443/1443
f 1241/1241/1241 1322/1322/1322 1267/1267/1267
f 1269/1269/1269 1243/1243/1243 1247/1247/1247
f 1323/1323/1323 1404/1404/1404 1356/1356/1356
f 1194/1194/1194 1248/1248/1248 1359/1359/1359
f 1111/1111/1111 1359/1359/1359 1402/1402/1402
f 1400/1400/1400 1446/1446/1446 1403/1403/1403
f 1398/1398/1398 1448/1448/1448 1444/1444/1444
f 1452/1452/1452 1403/1403/1403 1446/1446/1446
f 1277/1277/1277 1326/1326/1326 1452/1452/1452
f 1277/1277/1277 1452/1452/1452 1408/1408/1408
f 1365/1365/1365 1454/1454/1454 1367/1367/1367
f 1333/1333/1333 1457/1457/1457 1336/1336/1336
f 1333/1333/1333 1361/1361/1361 1457/1457/1457
f 1336/1336/1336 1457/1457/1457 1458/1458/1458
f 1220/1220/1220 1282/1282/1282 1272/1272/1272
f 1334/1334/1334 1459/1459/1459 1362/1362/1362
f 1334/1334/1334 1221/1221/1221 1459/1459/1459
f 1331/1331/1331 1273/1273/1273 1462/1462/1462
f 1223/1223/1223 1338/1338/1338 1463/1463/1463
f 1254/1254/1254 1294/1294/1294 1371/1371/1371
f 1118/1118/1118 1298/1298/1298 1229/1229/1229
f 1257/1257/1257 1229/1229/1229 1298/1298/1298
f 1425/1425/1425 1344/1344/1344 1383/1383/1383
f 1425/1425/1425 1383/1383/1383 1420/1420/1420
f 1420/1420/1420 1465/1465/1465 1427/1427/1427
f 1467/1467/1467 1469/1469/1469 1471/1471/1471
f 1468/1468/1468 1474/1474/1474 1470/1470/1470
f 1428/1428/1428 1471/1471/1471 1432/1432/1432
f 1306/1306/1306 1476/1476/1476 1386/1386/1386
f 1307/1307/1307 1385/1385/1385 1478/1478/1478
f 1467/1467/1467 1471/1471/1471 1479/1479/1479
f 1428/1428/1428 1479/1479/1479 1471/1471/1471
f 1350/1350/1350 1467/1467/1467 1479/1479/1479
f 1350/1350/1350 1479/1479/1479 1480/1480/1480
f 968/968/968 1386/1386/1386 1435/1435/1435
f 1239/1239/1239 1436/1436/1436 1197/1197/1197
f 1261/1261/1261 1350/1350/1350 1480/1480/1480
f 1261/1261/1261 1480/1480/1480 1440/1440/1440
f 1147/1147/1147 1481/1481/1481 1437/1437/1437
f 1260/1260/1260 1481/1481/1481 1147/1147/1147
f 1261/1261/1261 1439/1439/1439 1482/1482/1482
f 1483/1483/1483 1484/1484/1484 1482/1482/1482
f 1313/1313/1313 1352/1352/1352 1486/1486/1486
f 1487/1487/1487 1488/1488/1488 1483/1483/1483
f 1315/1315/1315 1353/1353/1353 1312/1312/1312
f 1441/1441/1441 1263/1263/1263 1319/1319/1319
f 1263/1263/1263 1391/1391/1391 1319/1319/1319
f 1262/1262/1262 1204/1204/1204 1489/1489/1489
f 1204/1204/1204 1491/1491/1491 1489/1489/1489
f 1204/1204/1204 1396/1396/1396 1491/1491/1491
f 1405/1405/1405 1495/1495/1495 1357/1357/1357
f 1359/1359/1359 1451/1451/1451 1402/1402/1402
f 1401/1401/1401 1447/1447/1447 1450/1450/1450
f 1398/1398/1398 1448/1448/1448 1444/1444/1444
f 1452/1452/1452 1446/1446/1446 1400/1400/1400
f 1362/1362/1362 1459/1459/1459 1453/1453/1453
f 1336/1336/1336 1458/1458/1458 1496/1496/1496
f 1336/1336/1336 1496/1496/1496 1497/1497/1497
f 1337/1337/1337 1336/1336/1336 1497/1497/1497
f 1223/1223/1223 1463/1463/1463 1500/1500/1500
f 1330/1330/1330 1501/1501/1501 1338/1338/1338
f 1286/1286/1286 1504/1504/1504 1507/1507/1507
f 1287/1287/1287 1508/1508/1508 1510/1510/1510
f 1253/1253/1253 1339/1339/1339 1511/1511/1511
f 1251/1251/1251 1512/1512/1512 1295/1295/1295
f 1516/1516/1516 1517/1517/1517 1519/1519/1519
f 1341/1341/1341 1521/1521/1521 1119/1119/1119
f 1302/1302/1302 1344/1344/1344 1301/1301/1301
f 1525/1525/1525 1528/1528/1528 1530/1530/1530
f 1531/1531/1531 1534/1534/1534 1422/1422/1422
f 1532/1532/1532 1423/1423/1423 1536/1536/1536
f 1532/1532/1532 1536/1536/1536 1524/1524/1524
f 1426/1426/1426 1464/1464/1464 1421/1421/1421
f 1420/1420/1420 1537/1537/1537 1465/1465/1465
f 1420/1420/1420 1383/1383/1383 1538/1538/1538
f 1420/1420/1420 1538/1538/1538 1537/1537/1537
f 1540/1540/1540 1430/1430/1430 1470/1470/1470
f 1539/1539/1539 1541/1541/1541 1429/1429/1429
f 1546/1546/1546 1548/1548/1548 1551/1551/1551
f 1546/1546/1546 1554/1554/1554 1555/1555/1555
f 1386/1386/1386 1476/1476/1476 1556/1556/1556
f 1544/1544/1544 1345/1345/1345 1234/1234/1234
f 1428/1428/1428 1434/1434/1434 1559/1559/1559
f 1428/1428/1428 1559/1559/1559 1479/1479/1479
f 1479/1479/1479 1560/1560/1560 1480/1480/1480
f 1386/1386/1386 1556/1556/1556 1435/1435/1435
f 1479/1479/1479 1559/1559/1559 1560/1560/1560
f 1189/1189/1189 1197/1197/1197 1348/1348/1348
f 1562/1562/1562 1235/1235/1235 1438/1438/1438
f 1480/1480/1480 1560/1560/1560 1440/1440/1440
f 1487/1487/1487 1482/1482/1482 1439/1439/1439
f 1483/1483/1483 1482/1482/1482 1487/1487/1487
f 1440/1440/1440 1487/1487/1487 1439/1439/1439
f 1487/1487/1487 1563/1563/1563 1488/1488/1488
f 1488/1488/1488 1566/1566/1566 1483/1483/1483
f 1397/1397/1397 1206/1206/1206 1492/1492/1492
f 1247/1247/1247 1243/1243/1243 1567/1567/1567
f 1248/1248/1248 1568/1568/1568 1359/1359/1359
f 1401/1401/1401 1447/1447/1447 1450/1450/1450
f 1449/1449/1449 1445/1445/1445 1399/1399/1399
f 1403/1403/1403 1452/1452/1452 1569/1569/1569
f 1326/1326/1326 1569/1569/1569 1452/1452/1452
f 1406/1406/1406 1569/1569/1569 1326/1326/1326
f 1282/1282/1282 1571/1571/1571 1272/1272/1272
f 1496/1496/1496 1458/1458/1458 1457/1457/1457
f 1222/1222/1222 1498/1498/1498 1460/1460/1460
f 1331/1331/1331 1462/1462/1462 1502/1502/1502
f 1286/1286/1286 1507/1507/1507 1282/1282/1282
f 1287/1287/1287 1337/1337/1337 1575/1575/1575
f 1412/1412/1412 1287/1287/1287 1510/1510/1510
f 1503/1503/1503 1285/1285/1285 1289/1289/1289
f 1503/1503/1503 1289/1289/1289 1505/1505/1505
f 1196/1196/1196 1412/1412/1412 1576/1576/1576
f 1513/1513/1513 1577/1577/1577 1581/1581/1581
f 1582/1582/1582 1578/1578/1578 1514/1514/1514
f 1372/1372/1372 1297/1297/1297 1584/1584/1584
f 1339/1339/1339 1585/1585/1585 1511/1511/1511
f 1251/1251/1251 1253/1253/1253 1512/1512/1512
f 1518/1518/1518 1588/1588/1588 1515/1515/1515
f 1298/1298/1298 1118/1118/1118 1520/1520/1520
f 1300/1300/1300 1589/1589/1589 1121/1121/1121
f 1344/1344/1344 1535/1535/1535 1301/1301/1301
f 1344/1344/1344 1259/1259/1259 1383/1383/1383
f 1528/1528/1528 1591/1591/1591 1530/1530/1530
f 1531/1531/1531 1523/1523/1523 1534/1534/1534
f 1344/1344/1344 1425/1425/1425 1535/1535/1535
f 1376/1376/1376 1382/1382/1382 1416/1416/1416
f 1422/1422/1422 1534/1534/1534 1424/1424/1424
f 1538/1538/1538 1383/1383/1383 1593/1593/1593
f 1546/1546/1546 1555/1555/1555 1548/1548/1548
f 1540/1540/1540 1470/1470/1470 1596/1596/1596
f 1470/1470/1470 1474/1474/1474 1596/1596/1596
f 1468/1468/1468 1466/1466/1466 1474/1474/1474
f 1431/1431/1431 1543/1543/1543 1598/1598/1598
f 1476/1476/1476 1600/1600/1600 1556/1556/1556
f 1235/1235/1235 1554/1554/1554 1546/1546/1546
f 1556/1556/1556 1600/1600/1600 1603/1603/1603
f 1559/1559/1559 1434/1434/1434 1606/1606/1606
f 1466/1466/1466 1349/1349/1349 1608/1608/1608
f 1611/1611/1611 1558/1558/1558 1605/1605/1605
f 1560/1560/1560 1559/1559/1559 1614/1614/1614
f 1437/1437/1437 1481/1481/1481 1561/1561/1561
f 1484/1484/1484 1553/1553/1553 1482/1482/1482
f 1440/1440/1440 1560/1560/1560 1615/1615/1615
f 1615/1615/1615 1560/1560/1560 1616/1616/1616
f 1487/1487/1487 1440/1440/1440 1615/1615/1615
f 1487/1487/1487 1615/1615/1615 1563/1563/1563
f 1486/1486/1486 1352/1352/1352 1617/1617/1617
f 1488/1488/1488 1563/1563/1563 1620/1620/1620
f 1486/1486/1486 1617/1617/1617 1313/1313/1313
f 1157/1157/1157 1394/1394/1394 1206/1206/1206
f 1355/1355/1355 1622/1622/1622 1161/1161/1161
f 1243/1243/1243 1266/1266/1266 1567/1567/1567
f 1357/1357/1357 1495/1495/1495 1354/1354/1354
f 1401/1401/1401 1447/1447/1447 1450/1450/1450
f 1452/1452/1452 1400/1400/1400 1408/1408/1408
f 1325/1325/1325 1623/1623/1623 1407/1407/1407
f 1497/1497/1497 1496/1496/1496 1624/1624/1624
f 1497/1497/1497 1624/1624/1624 1337/1337/1337
f 1273/1273/1273 1626/1626/1626 1462/1462/1462
f 1627/1627/1627 1629/1629/1629 1631/1631/1631
f 1287/1287/1287 1575/1575/1575 1508/1508/1508
f 1505/1505/1505 1289/1289/1289 1633/1633/1633
f 1512/1512/1512 1253/1253/1253 1635/1635/1635
f 1253/1253/1253 1511/1511/1511 1635/1635/1635
f 1518/1518/1518 1637/1637/1637 1588/1588/1588
f 1519/1519/1519 1517/1517/1517 1638/1638/1638
f 1258/1258/1258 1373/1373/1373 1381/1381/1381
f 1528/1528/1528 1640/1640/1640 1591/1591/1591
f 1522/1522/1522 1529/1529/1529 1533/1533/1533
f 1526/1526/1526 1524/1524/1524 1641/1641/1641
f 1524/1524/1524 1536/1536/1536 1643/1643/1643
f 1423/1423/1423 1465/1465/1465 1536/1536/1536
f 1383/1383/1383 1380/1380/1380 1593/1593/1593
f 1540/1540/1540 1596/1596/1596 1542/1542/1542
f 1594/1594/1594 1644/1644/1644 1646/1646/1646
f 1595/1595/1595 1647/1647/1647 1650/1650/1650
f 1466/1466/1466 1652/1652/1652 1474/1474/1474
f 1466/1466/1466 1608/1608/1608 1652/1652/1652
f 1433/1433/1433 1431/1431/1431 1605/1605/1605
f 1557/1557/1557 1604/1604/1604 1436/1436/1436
f 1431/1431/1431 1598/1598/1598 1605/1605/1605
f 1235/1235/1235 1562/1562/1562 1554/1554/1554
f 1348/1348/1348 1197/1197/1197 1655/1655/1655
f 1559/1559/1559 1612/1612/1612 1614/1614/1614
f 1610/1610/1610 1657/1657/1657 1613/1613/1613
f 1611/1611/1611 1605/1605/1605 1658/1658/1658
f 1560/1560/1560 1614/1614/1614 1616/1616/1616
f 1481/1481/1481 1552/1552/1552 1561/1561/1561
f 1483/1483/1483 1618/1618/1618 1484/1484/1484
f 1563/1563/1563 1615/1615/1615 1620/1620/1620
f 1315/1315/1315 1660/1660/1660 1353/1353/1353
f 1620/1620/1620 1662/1662/1662 1488/1488/1488
f 1262/1262/1262 1663/1663/1663 1390/1390/1390
f 1262/1262/1262 1489/1489/1489 1663/1663/1663
f 1206/1206/1206 1394/1394/1394 1665/1665/1665
f 1206/1206/1206 1665/1665/1665 1492/1492/1492
f 1320/1320/1320 1443/1443/1443 1322/1322/1322
f 1354/1354/1354 1495/1495/1495 1666/1666/1666
f 1407/1407/1407 1623/1623/1623 1570/1570/1570
f 1325/1325/1325 1370/1370/1370 1623/1623/1623
f 1370/1370/1370 1668/1668/1668 1623/1623/1623
f 1369/1369/1369 1455/1455/1455 1670/1670/1670
f 1457/1457/1457 1361/1361/1361 1674/1674/1674
f 1370/1370/1370 1671/1671/1671 1668/1668/1668
f 1496/1496/1496 1457/1457/1457 1624/1624/1624
f 1571/1571/1571 1282/1282/1282 1675/1675/1675
f 1627/1627/1627 1631/1631/1631 1676/1676/1676
f 1630/1630/1630 1679/1679/1679 1632/1632/1632
f 1680/1680/1680 1676/1676/1676 1631/1631/1631
f 1680/1680/1680 1631/1631/1631 1681/1681/1681
f 1682/1682/1682 1632/1632/1632 1679/1679/1679
f 1412/1412/1412 1683/1683/1683 1576/1576/1576
f 1576/1576/1576 1683/1683/1683 1196/1196/1196
f 1167/1167/1167 1372/1372/1372 1290/1290/1290
f 1372/1372/1372 1584/1584/1584 1290/1290/1290
f 1583/1583/1583 1296/1296/1296 1289/1289/1289
f 1340/1340/1340 1196/1196/1196 1587/1587/1587
f 1516/1516/1516 1580/1580/1580 1517/1517/1517
f 1515/1515/1515 1588/1588/1588 1579/1579/1579
f 1517/1517/1517 1580/1580/1580 1684/1684/1684
f 1517/1517/1517 1684/1684/1684 1638/1638/1638
f 1637/1637/1637 1685/1685/1685 1588/1588/1588
f 1589/1589/1589 1342/1342/1342 1121/1121/1121
f 1685/1685/1685 1639/1639/1639 1588/1588/1588
f 1685/1685/1685 1590/1590/1590 1639/1639/1639
f 1417/1417/1417 1687/1687/1687 1689/1689/1689
f 1381/1381/1381 1373/1373/1373 1415/1415/1415
f 1379/1379/1379 1417/1417/1417 1689/1689/1689
f 1380/1380/1380 1690/1690/1690 1593/1593/1593
f 1527/1527/1527 1642/1642/1642 1639/1639/1639
f 1524/1524/1524 1643/1643/1643 1641/1641/1641
f 1643/1643/1643 1536/1536/1536 1692/1692/1692
f 1536/1536/1536 1465/1465/1465 1692/1692/1692
f 1465/1465/1465 1537/1537/1537 1692/1692/1692
f 1537/1537/1537 1593/1593/1593 1692/1692/1692
f 1694/1694/1694 1548/1548/1548 1696/1696/1696
f 1597/1597/1597 1651/1651/1651 1649/1649/1649
f 1549/1549/1549 1547/1547/1547 1697/1697/1697
f 1645/1645/1645 1473/1473/1473 1648/1648/1648
f 1550/1550/1550 1698/1698/1698 1545/1545/1545
f 1472/1472/1472 1644/1644/1644 1594/1594/1594
f 1304/1304/1304 1700/1700/1700 1385/1385/1385
f 1653/1653/1653 1543/1543/1543 1475/1475/1475
f 1598/1598/1598 1543/1543/1543 1653/1653/1653
f 1652/1652/1652 1608/1608/1608 1701/1701/1701
f 1348/1348/1348 1655/1655/1655 1607/1607/1607
f 1598/1598/1598 1703/1703/1703 1605/1605/1605
f 1197/1197/1197 1436/1436/1436 1655/1655/1655
f 1553/1553/1553 1484/1484/1484 1705/1705/1705
f 1708/1708/1708 1614/1614/1614 1659/1659/1659
f 1616/1616/1616 1614/1614/1614 1710/1710/1710
f 1615/1615/1615 1616/1616/1616 1710/1710/1710
f 1615/1615/1615 1710/1710/1710 1711/1711/1711
f 1615/1615/1615 1711/1711/1711 1620/1620/1620
f 1353/1353/1353 1660/1660/1660 1619/1619/1619
f 1618/1618/1618 1483/1483/1483 1714/1714/1714
f 1313/1313/1313 1617/1617/1617 1712/1712/1712
f 1483/1483/1483 1566/1566/1566 1714/1714/1714
f 1315/1315/1315 1317/1317/1317 1660/1660/1660
f 1318/1318/1318 1313/1313/1313 1712/1712/1712
f 1715/1715/1715 1319/1319/1319 1713/1713/1713
f 1441/1441/1441 1319/1319/1319 1715/1715/1715
f 1317/1317/1317 1718/1718/1718 1660/1660/1660
f 1316/1316/1316 1392/1392/1392 1717/1717/1717
f 1321/1321/1321 1719/1719/1719 1266/1266/1266
f 1354/1354/1354 1666/1666/1666 1621/1621/1621
f 1567/1567/1567 1266/1266/1266 1358/1358/1358
f 1359/1359/1359 1721/1721/1721 1451/1451/1451
f 1403/1403/1403 1569/1569/1569 1722/1722/1722
f 1410/1410/1410 1401/1401/1401 1724/1724/1724
f 1410/1410/1410 1724/1724/1724 1726/1726/1726
f 1361/1361/1361 1411/1411/1411 1674/1674/1674
f 1630/1630/1630 1628/1628/1628 1679/1679/1679
f 1501/1501/1501 1461/1461/1461 1338/1338/1338
f 1338/1338/1338 1461/1461/1461 1463/1463/1463
f 1508/1508/1508 1575/1575/1575 1510/1510/1510
f 1507/1507/1507 1730/1730/1730 1282/1282/1282
f 1412/1412/1412 1510/1510/1510 1683/1683/1683
f 1680/1680/1680 1681/1681/1681 1731/1731/1731
f 1682/1682/1682 1733/1733/1733 1732/1732/1732
f 1196/1196/1196 1683/1683/1683 1735/1735/1735
f 1195/1195/1195 1734/1734/1734 1736/1736/1736
f 1196/1196/1196 1739/1739/1739 1587/1587/1587
f 1511/1511/1511 1585/1585/1585 1740/1740/1740
f 1295/1295/1295 1512/1512/1512 1744/1744/1744
f 1512/1512/1512 1746/1746/1746 1744/1744/1744
f 1746/1746/1746 1512/1512/1512 1635/1635/1635
f 1686/1686/1686 1638/1638/1638 1748/1748/1748
f 1299/1299/1299 1521/1521/1521 1413/1413/1413
f 1591/1591/1591 1686/1686/1686 1748/1748/1748
f 1533/1533/1533 1589/1589/1589 1300/1300/1300
f 1533/1533/1533 1529/1529/1529 1589/1589/1589
f 1537/1537/1537 1538/1538/1538 1593/1593/1593
f 1693/1693/1693 1749/1749/1749 1547/1547/1547
f 1693/1693/1693 1695/1695/1695 1749/1749/1749
f 1548/1548/1548 1555/1555/1555 1696/1696/1696
f 1597/1597/1597 1649/1649/1649 1475/1475/1475
f 1543/1543/1543 1597/1597/1597 1475/1475/1475
f 1545/1545/1545 1700/1700/1700 1346/1346/1346
f 1304/1304/1304 1346/1346/1346 1700/1700/1700
f 1477/1477/1477 1750/1750/1750 1602/1602/1602
f 1656/1656/1656 1750/1750/1750 1609/1609/1609
f 1654/1654/1654 1702/1702/1702 1750/1750/1750
f 1656/1656/1656 1602/1602/1602 1750/1750/1750
f 1599/1599/1599 1654/1654/1654 1704/1704/1704
f 1654/1654/1654 1752/1752/1752 1704/1704/1704
f 1658/1658/1658 1605/1605/1605 1703/1703/1703
f 1658/1658/1658 1703/1703/1703 1753/1753/1753
f 1614/1614/1614 1708/1708/1708 1755/1755/1755
f 1710/1710/1710 1614/1614/1614 1755/1755/1755
f 1710/1710/1710 1756/1756/1756 1711/1711/1711
f 1711/1711/1711 1757/1757/1757 1620/1620/1620
f 1488/1488/1488 1662/1662/1662 1566/1566/1566
f 1715/1715/1715 1713/1713/1713 1564/1564/1564
f 1716/1716/1716 1394/1394/1394 1442/1442/1442
f 1715/1715/1715 1564/1564/1564 1393/1393/1393
f 1395/1395/1395 1566/1566/1566 1758/1758/1758
f 1392/1392/1392 1664/1664/1664 1717/1717/1717
f 1490/1490/1490 1761/1761/1761 1664/1664/1664
f 1665/1665/1665 1394/1394/1394 1762/1762/1762
f 1490/1490/1490 1766/1766/1766 1761/1761/1761
f 1665/1665/1665 1762/1762/1762 1767/1767/1767
f 1665/1665/1665 1767/1767/1767 1492/1492/1492
f 1622/1622/1622 1771/1771/1771 1161/1161/1161
f 1266/1266/1266 1719/1719/1719 1358/1358/1358
f 1401/1401/1401 1450/1450/1450 1724/1724/1724
f 1726/1726/1726 1724/1724/1724 1772/1772/1772
f 1411/1411/1411 1776/1776/1776 1674/1674/1674
f 1409/1409/1409 1725/1725/1725 1774/1774/1774
f 1456/1456/1456 1460/1460/1460 1777/1777/1777
f 1273/1273/1273 1572/1572/1572 1626/1626/1626
f 1624/1624/1624 1457/1457/1457 1784/1784/1784
f 1676/1676/1676 1678/1678/1678 1627/1627/1627
f 1679/1679/1679 1733/1733/1733 1682/1682/1682
f 1510/1510/1510 1785/1785/1785 1683/1683/1683
f 1507/1507/1507 1787/1787/1787 1730/1730/1730
f 1296/1296/1296 1789/1789/1789 1289/1289/1289
f 1635/1635/1635 1511/1511/1511 1740/1740/1740
f 1296/1296/1296 1745/1745/1745 1789/1789/1789
f 1790/1790/1790 1793/1793/1793 1741/1741/1741
f 1586/1586/1586 1791/1791/1791 1742/1742/1742
f 1580/1580/1580 1732/1732/1732 1684/1684/1684
f 1638/1638/1638 1684/1684/1684 1748/1748/1748
f 1530/1530/1530 1591/1591/1591 1798/1798/1798
f 1690/1690/1690 1800/1800/1800 1593/1593/1593
f 1589/1589/1589 1529/1529/1529 1796/1796/1796
f 1643/1643/1643 1803/1803/1803 1641/1641/1641
f 1697/1697/1697 1547/1547/1547 1749/1749/1749
f 1698/1698/1698 1700/1700/1700 1545/1545/1545
f 1555/1555/1555 1805/1805/1805 1696/1696/1696
f 1478/1478/1478 1385/1385/1385 1751/1751/1751
f 1555/1555/1555 1554/1554/1554 1805/1805/1805
f 1654/1654/1654 1750/1750/1750 1752/1752/1752
f 1609/1609/1609 1750/1750/1750 1702/1702/1702
f 1704/1704/1704 1752/1752/1752 1806/1806/1806
f 1436/1436/1436 1601/1601/1601 1655/1655/1655
f 1436/1436/1436 1604/1604/1604 1601/1601/1601
f 1705/1705/1705 1807/1807/1807 1553/1553/1553
f 1658/1658/1658 1753/1753/1753 1809/1809/1809
f 1755/1755/1755 1708/1708/1708 1812/1812/1812
f 1619/1619/1619 1660/1660/1660 1815/1815/1815
f 1620/1620/1620 1817/1817/1817 1818/1818/1818
f 1620/1620/1620 1818/1818/1818 1662/1662/1662
f 1661/1661/1661 1819/1819/1819 1821/1821/1821
f 1489/1489/1489 1491/1491/1491 1764/1764/1764
f 1493/1493/1493 1768/1768/1768 1765/1765/1765
f 1161/1161/1161 1771/1771/1771 1443/1443/1443
f 1358/1358/1358 1719/1719/1719 1823/1823/1823
f 1358/1358/1358 1823/1823/1823 1720/1720/1720
f 1494/1494/1494 1403/1403/1403 1722/1722/1722
f 1450/1450/1450 1824/1824/1824 1828/1828/1828
f 1450/1450/1450 1828/1828/1828 1724/1724/1724
f 1456/1456/1456 1777/1777/1777 1671/1671/1671
f 1777/1777/1777 1460/1460/1460 1498/1498/1498
f 1624/1624/1624 1575/1575/1575 1337/1337/1337
f 1624/1624/1624 1832/1832/1832 1575/1575/1575
f 1677/1677/1677 1834/1834/1834 1679/1679/1679
f 1506/1506/1506 1634/1634/1634 1786/1786/1786
f 1289/1289/1289 1737/1737/1737 1633/1633/1633
f 1587/1587/1587 1838/1838/1838 1792/1792/1792
f 1732/1732/1732 1733/1733/1733 1684/1684/1684
f 1635/1635/1635 1839/1839/1839 1746/1746/1746
f 1588/1588/1588 1841/1841/1841 1579/1579/1579
f 1413/1413/1413 1521/1521/1521 1373/1373/1373
f 1639/1639/1639 1842/1842/1842 1588/1588/1588
f 1591/1591/1591 1748/1748/1748 1798/1798/1798
f 1589/1589/1589 1796/1796/1796 1342/1342/1342
f 1688/1688/1688 1801/1801/1801 1691/1691/1691
f 1639/1639/1639 1843/1843/1843 1842/1842/1842
f 1639/1639/1639 1642/1642/1642 1843/1843/1843
f 1844/1844/1844 1846/1846/1846 1643/1643/1643
f 1593/1593/1593 1850/1850/1850 1692/1692/1692
f 1692/1692/1692 1844/1844/1844 1643/1643/1643
f 1844/1844/1844 1692/1692/1692 1850/1850/1850
f 1384/1384/1384 1853/1853/1853 1750/1750/1750
f 1855/1855/1855 1856/1856/1856 1806/1806/1806
f 1752/1752/1752 1855/1855/1855 1806/1806/1806
f 1554/1554/1554 1808/1808/1808 1805/1805/1805
f 1754/1754/1754 1704/1704/1704 1806/1806/1806
f 1754/1754/1754 1806/1806/1806 1859/1859/1859
f 1859/1859/1859 1810/1810/1810 1754/1754/1754
f 1859/1859/1859 1861/1861/1861 1810/1810/1810
f 1810/1810/1810 1861/1861/1861 1864/1864/1864
f 1809/1809/1809 1863/1863/1863 1658/1658/1658
f 1485/1485/1485 1865/1865/1865 1706/1706/1706
f 1708/1708/1708 1867/1867/1867 1812/1812/1812
f 1485/1485/1485 1619/1619/1619 1865/1865/1865
f 1710/1710/1710 1871/1871/1871 1756/1756/1756
f 1757/1757/1757 1711/1711/1711 1873/1873/1873
f 1756/1756/1756 1873/1873/1873 1711/1711/1711
f 1620/1620/1620 1757/1757/1757 1817/1817/1817
f 1662/1662/1662 1822/1822/1822 1566/1566/1566
f 1662/1662/1662 1874/1874/1874 1820/1820/1820
f 1662/1662/1662 1818/1818/1818 1874/1874/1874
f 1660/1660/1660 1718/1718/1718 1876/1876/1876
f 1566/1566/1566 1878/1878/1878 1880/1880/1880
f 1877/1877/1877 1565/1565/1565 1879/1879/1879
f 1566/1566/1566 1822/1822/1822 1880/1880/1880
f 1566/1566/1566 1880/1880/1880 1882/1882/1882
f 1395/1395/1395 1758/1758/1758 1885/1885/1885
f 1566/1566/1566 1882/1882/1882 1758/1758/1758
f 1394/1394/1394 1884/1884/1884 1762/1762/1762
f 1763/1763/1763 1765/1765/1765 1768/1768/1768
f 1768/1768/1768 1763/1763/1763 1765/1765/1765
f 1765/1765/1765 1768/1768/1768 1763/1763/1763
f 1621/1621/1621 1666/1666/1666 1769/1769/1769
f 1719/1719/1719 1321/1321/1321 1823/1823/1823
f 1451/1451/1451 1721/1721/1721 1825/1825/1825
f 1724/1724/1724 1828/1828/1828 1772/1772/1772
f 1723/1723/1723 1570/1570/1570 1886/1886/1886
f 1570/1570/1570 1668/1668/1668 1886/1886/1886
f 1623/1623/1623 1668/1668/1668 1570/1570/1570
f 1674/1674/1674 1776/1776/1776 1728/1728/1728
f 1674/1674/1674 1776/1776/1776 1889/1889/1889
f 1775/1775/1775 1727/1727/1727 1888/1888/1888
f 1671/1671/1671 1777/1777/1777 1668/1668/1668
f 1457/1457/1457 1674/1674/1674 1784/1784/1784
f 1625/1625/1625 1571/1571/1571 1675/1675/1675
f 1677/1677/1677 1891/1891/1891 1834/1834/1834
f 1282/1282/1282 1730/1730/1730 1675/1675/1675
f 1676/1676/1676 1892/1892/1892 1890/1890/1890
f 1676/1676/1676 1833/1833/1833 1892/1892/1892
f 1679/1679/1679 1834/1834/1834 1733/1733/1733
f 1733/1733/1733 1834/1834/1834 1893/1893/1893
f 1680/1680/1680 1894/1894/1894 1676/1676/1676
f 1729/1729/1729 1786/1786/1786 1895/1895/1895
f 1634/1634/1634 1738/1738/1738 1786/1786/1786
f 1735/1735/1735 1683/1683/1683 1739/1739/1739
f 1635/1635/1635 1896/1896/1896 1788/1788/1788
f 1740/1740/1740 1896/1896/1896 1635/1635/1635
f 1579/1579/1579 1841/1841/1841 1731/1731/1731
f 1745/1745/1745 1747/1747/1747 1789/1789/1789
f 1684/1684/1684 1733/1733/1733 1748/1748/1748
f 1688/1688/1688 1418/1418/1418 1899/1899/1899
f 1804/1804/1804 1843/1843/1843 1642/1642/1642
f 1592/1592/1592 1799/1799/1799 1849/1849/1849
f 1846/1846/1846 1803/1803/1803 1643/1643/1643
f 1845/1845/1845 1852/1852/1852 1902/1902/1902
f 1696/1696/1696 1805/1805/1805 1905/1905/1905
f 1385/1385/1385 1906/1906/1906 1854/1854/1854
f 1700/1700/1700 1906/1906/1906 1385/1385/1385
f 1855/1855/1855 1907/1907/1907 1856/1856/1856
f 1706/1706/1706 1865/1865/1865 1808/1808/1808
f 1658/1658/1658 1863/1863/1863 1707/1707/1707
f 1755/1755/1755 1812/1812/1812 1910/1910/1910
f 1710/1710/1710 1755/1755/1755 1910/1910/1910
f 1709/1709/1709 1909/1909/1909 1914/1914/1914
f 1710/1710/1710 1915/1915/1915 1871/1871/1871
f 1756/1756/1756 1871/1871/1871 1873/1873/1873
f 1757/1757/1757 1919/1919/1919 1817/1817/1817
f 1757/1757/1757 1873/1873/1873 1919/1919/1919
f 1818/1818/1818 1817/1817/1817 1921/1921/1921
f 1921/1921/1921 1817/1817/1817 1923/1923/1923
f 1718/1718/1718 1924/1924/1924 1876/1876/1876
f 1822/1822/1822 1820/1820/1820 1874/1874/1874
f 1718/1718/1718 1926/1926/1926 1924/1924/1924
f 1664/1664/1664 1761/1761/1761 1925/1925/1925
f 1762/1762/1762 1884/1884/1884 1927/1927/1927
f 1885/1885/1885 1758/1758/1758 1882/1882/1882
f 1761/1761/1761 1930/1930/1930 1925/1925/1925
f 1768/1768/1768 1763/1763/1763 1765/1765/1765
f 1763/1763/1763 1928/1928/1928 1765/1765/1765
f 1723/1723/1723 1886/1886/1886 1932/1932/1932
f 1723/1723/1723 1932/1932/1932 1495/1495/1495
f 1773/1773/1773 1829/1829/1829 1934/1934/1934
f 1669/1669/1669 1935/1935/1935 1887/1887/1887
f 1673/1673/1673 1780/1780/1780 1937/1937/1937
f 1674/1674/1674 1940/1940/1940 1784/1784/1784
f 1499/1499/1499 1782/1782/1782 1778/1778/1778
f 1500/1500/1500 1831/1831/1831 1783/1783/1783
f 1784/1784/1784 1832/1832/1832 1624/1624/1624
f 1500/1500/1500 1463/1463/1463 1941/1941/1941
f 1463/1463/1463 1461/1461/1461 1942/1942/1942
f 1509/1509/1509 1573/1573/1573 1943/1943/1943
f 1676/1676/1676 1678/1678/1678 1833/1833/1833
f 1683/1683/1683 1785/1785/1785 1949/1949/1949
f 1895/1895/1895 1786/1786/1786 1950/1950/1950
f 1289/1289/1289 1789/1789/1789 1737/1737/1737
f 1740/1740/1740 1835/1835/1835 1896/1896/1896
f 1841/1841/1841 1951/1951/1951 1731/1731/1731
f 1636/1636/1636 1789/1789/1789 1840/1840/1840
f 1743/1743/1743 1794/1794/1794 1836/1836/1836
f 1838/1838/1838 1795/1795/1795 1792/1792/1792
f 1588/1588/1588 1842/1842/1842 1841/1841/1841
f 1521/1521/1521 1341/1341/1341 1952/1952/1952
f 1521/1521/1521 1952/1952/1952 1373/1373/1373
f 1688/1688/1688 1899/1899/1899 1801/1801/1801
f 1374/1374/1374 1900/1900/1900 1419/1419/1419
f 1843/1843/1843 1804/1804/1804 1954/1954/1954
f 1845/1845/1845 1955/1955/1955 1847/1847/1847
f 1902/1902/1902 1955/1955/1955 1845/1845/1845
f 1852/1852/1852 1958/1958/1958 1902/1902/1902
f 1749/1749/1749 1695/1695/1695 1959/1959/1959
f 1696/1696/1696 1905/1905/1905 1960/1960/1960
f 1853/1853/1853 1961/1961/1961 1750/1750/1750
f 1752/1752/1752 1961/1961/1961 1855/1855/1855
f 1752/1752/1752 1750/1750/1750 1961/1961/1961
f 1856/1856/1856 1963/1963/1963 1806/1806/1806
f 1805/1805/1805 1808/1808/1808 1965/1965/1965
f 1806/1806/1806 1963/1963/1963 1859/1859/1859
f 1859/1859/1859 1967/1967/1967 1861/1861/1861
f 1866/1866/1866 1707/1707/1707 1863/1863/1863
f 1872/1872/1872 1870/1870/1870 1971/1971/1971
f 1660/1660/1660 1876/1876/1876 1815/1815/1815
f 1872/1872/1872 1971/1971/1971 1918/1918/1918
f 1916/1916/1916 1969/1969/1969 1816/1816/1816
f 1817/1817/1817 1972/1972/1972 1923/1923/1923
f 1818/1818/1818 1921/1921/1921 1973/1973/1973
f 1922/1922/1922 1975/1975/1975 1920/1920/1920
f 1822/1822/1822 1874/1874/1874 1880/1880/1880
f 1925/1925/1925 1717/1717/1717 1664/1664/1664
f 1883/1883/1883 1881/1881/1881 1977/1977/1977
f 1882/1882/1882 1929/1929/1929 1885/1885/1885
f 1765/1765/1765 1928/1928/1928 1759/1759/1759
f 1443/1443/1443 1827/1827/1827 1322/1322/1322
f 1666/1666/1666 1495/1495/1495 1932/1932/1932
f 1829/1829/1829 1826/1826/1826 1978/1978/1978
f 1773/1773/1773 1934/1934/1934 1727/1727/1727
f 1887/1887/1887 1935/1935/1935 1979/1979/1979
f 1672/1672/1672 1936/1936/1936 1779/1779/1779
f 1937/1937/1937 1780/1780/1780 1939/1939/1939
f 1938/1938/1938 1940/1940/1940 1781/1781/1781
f 1781/1781/1781 1784/1784/1784 1940/1940/1940
f 1500/1500/1500 1941/1941/1941 1831/1831/1831
f 1510/1510/1510 1947/1947/1947 1980/1980/1980
f 1626/1626/1626 1982/1982/1982 1462/1462/1462
f 1677/1677/1677 1834/1834/1834 1679/1679/1679
f 1676/1676/1676 1894/1894/1894 1833/1833/1833
f 1510/1510/1510 1983/1983/1983 1785/1785/1785
f 1683/1683/1683 1949/1949/1949 1739/1739/1739
f 1739/1739/1739 1949/1949/1949 1986/1986/1986
f 1680/1680/1680 1731/1731/1731 1894/1894/1894
f 1786/1786/1786 1738/1738/1738 1987/1987/1987
f 1738/1738/1738 1985/1985/1985 1988/1988/1988
f 1587/1587/1587 1739/1739/1739 1838/1838/1838
f 1737/1737/1737 1789/1789/1789 1837/1837/1837
f 1951/1951/1951 1989/1989/1989 1731/1731/1731
f 1789/1789/1789 1897/1897/1897 1837/1837/1837
f 1747/1747/1747 1840/1840/1840 1789/1789/1789
f 1748/1748/1748 1991/1991/1991 1798/1798/1798
f 1899/1899/1899 1993/1993/1993 1801/1801/1801
f 1804/1804/1804 1994/1994/1994 1954/1954/1954
f 1848/1848/1848 1994/1994/1994 1804/1804/1804
f 1697/1697/1697 1749/1749/1749 1959/1959/1959
f 1855/1855/1855 1995/1995/1995 1907/1907/1907
f 1855/1855/1855 1961/1961/1961 1995/1995/1995
f 1697/1697/1697 1996/1996/1996 1699/1699/1699
f 1700/1700/1700 1998/1998/1998 1906/1906/1906
f 1700/1700/1700 1999/1999/1999 1998/1998/1998
f 1866/1866/1866 1863/1863/1863 2000/2000/2000
f 1811/1811/1811 1866/1866/1866 2000/2000/2000
f 1813/1813/1813 2002/2002/2002 2003/2003/2003
f 1814/1814/1814 2004/2004/2004 2005/2005/2005
f 1876/1876/1876 1924/1924/1924 2007/2007/2007
f 1818/1818/1818 1973/1973/1973 1874/1874/1874
f 1921/1921/1921 1976/1976/1976 1973/1973/1973
f 1875/1875/1875 2009/2009/2009 1881/1881/1881
f 1977/1977/1977 2010/2010/2010 1883/1883/1883
f 1882/1882/1882 1760/1760/1760 1929/1929/1929
f 1443/1443/1443 1771/1771/1771 2012/2012/2012
f 1827/1827/1827 1443/1443/1443 2012/2012/2012
f 1667/1667/1667 1933/1933/1933 1770/1770/1770
f 1829/1829/1829 1978/1978/1978 2013/2013/2013
f 1887/1887/1887 1979/1979/1979 1933/1933/1933
f 1829/1829/1829 2013/2013/2013 1934/1934/1934
f 1727/1727/1727 1934/1934/1934 1935/1935/1935
f 1674/1674/1674 1889/1889/1889 1940/1940/1940
f 1669/1669/1669 1780/1780/1780 1935/1935/1935
f 1939/1939/1939 1888/1888/1888 1780/1780/1780
f 1675/1675/1675 2014/2014/2014 1625/1625/1625
f 1944/1944/1944 1574/1574/1574 2015/2015/2015
f 1980/1980/1980 1947/1947/1947 2020/2020/2020
f 1510/1510/1510 1980/1980/1980 1983/1983/1983
f 1785/1785/1785 1983/1983/1983 2022/2022/2022
f 1786/1786/1786 1987/1987/1987 1950/1950/1950
f 1731/1731/1731 1989/1989/1989 1894/1894/1894
f 1733/1733/1733 1893/1893/1893 2023/2023/2023
f 2025/2025/2025 2026/2026/2026 2028/2028/2028
f 1748/1748/1748 1733/1733/1733 1991/1991/1991
f 2028/2028/2028 1900/1900/1900 2025/2025/2025
f 2030/2030/2030 1841/1841/1841 1842/1842/1842
f 1798/1798/1798 1991/1991/1991 2032/2032/2032
f 1843/1843/1843 1954/1954/1954 1842/1842/1842
f 1802/1802/1802 2033/2033/2033 1851/1851/1851
f 1851/1851/1851 2035/2035/2035 1957/1957/1957
f 1902/1902/1902 2036/2036/2036 1955/1955/1955
f 1901/1901/1901 1957/1957/1957 2038/2038/2038
f 1854/1854/1854 1906/1906/1906 1962/1962/1962
f 1697/1697/1697 1959/1959/1959 1996/1996/1996
f 1805/1805/1805 1965/1965/1965 1905/1905/1905
f 1964/1964/1964 2040/2040/2040 2041/2041/2041
f 1964/1964/1964 2041/2041/2041 1860/1860/1860
f 1860/1860/1860 2044/2044/2044 2048/2048/2048
f 1859/1859/1859 2047/2047/2047 1967/1967/1967
f 1814/1814/1814 2005/2005/2005 1911/1911/1911
f 1619/1619/1619 1815/1815/1815 1865/1865/1865
f 1868/1868/1868 1912/1912/1912 2049/2049/2049
f 1909/1909/1909 2052/2052/2052 1914/1914/1914
f 1869/1869/1869 2050/2050/2050 2053/2053/2053
f 1917/1917/1917 1970/1970/1970 2055/2055/2055
f 1923/1923/1923 1972/1972/1972 1919/1919/1919
f 1924/1924/1924 1926/1926/1926 2007/2007/2007
f 1875/1875/1875 1974/1974/1974 2009/2009/2009
f 1761/1761/1761 1883/1883/1883 2010/2010/2010
f 1933/1933/1933 1979/1979/1979 2058/2058/2058
f 1978/1978/1978 2058/2058/2058 2013/2013/2013
f 2013/2013/2013 1979/1979/1979 1934/1934/1934
f 1979/1979/1979 1935/1935/1935 1934/1934/1934
f 1888/1888/1888 1727/1727/1727 1935/1935/1935
f 1780/1780/1780 1888/1888/1888 1935/1935/1935
f 2060/2060/2060 2062/2062/2062 1891/1891/1891
f 1890/1890/1890 1892/1892/1892 2059/2059/2059
f 1575/1575/1575 1832/1832/1832 2019/2019/2019
f 1980/1980/1980 2020/2020/2020 1983/1983/1983
f 1833/1833/1833 1894/1894/1894 1892/1892/1892
f 1675/1675/1675 1730/1730/1730 2014/2014/2014
f 1981/1981/1981 1942/1942/1942 1461/1461/1461
f 1949/1949/1949 1785/1785/1785 2064/2064/2064
f 1948/1948/1948 2067/2067/2067 1985/1985/1985
f 1950/1950/1950 2069/2069/2069 1895/1895/1895
f 1950/1950/1950 1987/1987/1987 2069/2069/2069
f 1738/1738/1738 1988/1988/1988 1987/1987/1987
f 2069/2069/2069 2070/2070/2070 2072/2072/2072
f 2026/2026/2026 2025/2025/2025 2073/2073/2073
f 2025/2025/2025 2075/2075/2075 2073/2073/2073
f 2024/2024/2024 2076/2076/2076 2074/2074/2074
f 1343/1343/1343 2075/2075/2075 2077/2077/2077
f 2026/2026/2026 2079/2079/2079 2028/2028/2028
f 1343/1343/1343 2080/2080/2080 2075/2075/2075
f 1343/1343/1343 2077/2077/2077 2081/2081/2081
f 1343/1343/1343 2081/2081/2081 1953/1953/1953
f 2025/2025/2025 1900/1900/1900 2081/2081/2081
f 1343/1343/1343 1797/1797/1797 2082/2082/2082
f 1953/1953/1953 2081/2081/2081 1374/1374/1374
f 1898/1898/1898 2027/2027/2027 1992/1992/1992
f 1374/1374/1374 2081/2081/2081 1900/1900/1900
f 1993/1993/1993 2083/2083/2083 1801/1801/1801
f 1954/1954/1954 1994/1994/1994 1842/1842/1842
f 1802/1802/1802 2084/2084/2084 2033/2033/2033
f 1851/1851/1851 2033/2033/2033 2035/2035/2035
f 1957/1957/1957 2035/2035/2035 2038/2038/2038
f 1908/1908/1908 2086/2086/2086 1857/1857/1857
f 2040/2040/2040 1964/1964/1964 1857/1857/1857
f 1808/1808/1808 2087/2087/2087 1965/1965/1965
f 1860/1860/1860 2041/2041/2041 2048/2048/2048
f 1858/1858/1858 2045/2045/2045 2042/2042/2042
f 2046/2046/2046 2043/2043/2043 1966/1966/1966
f 1808/1808/1808 1865/1865/1865 2087/2087/2087
f 1968/1968/1968 2048/2048/2048 2090/2090/2090
f 2005/2005/2005 2004/2004/2004 1911/1911/1911
f 2053/2053/2053 2050/2050/2050 1913/1913/1913
f 2051/2051/2051 2053/2053/2053 1913/1913/1913
f 2052/2052/2052 1909/1909/1909 2091/2091/2091
f 2053/2053/2053 2051/2051/2051 1869/1869/1869
f 2007/2007/2007 1815/1815/1815 1876/1876/1876
f 1975/1975/1975 1922/1922/1922 2054/2054/2054
f 1923/1923/1923 1919/1919/1919 2057/2057/2057
f 1973/1973/1973 1976/1976/1976 2057/2057/2057
f 1926/1926/1926 1931/1931/1931 2007/2007/2007
f 2011/2011/2011 2093/2093/2093 1826/1826/1826
f 2058/2058/2058 1826/1826/1826 2093/2093/2093
f 1978/1978/1978 1826/1826/1826 2058/2058/2058
f 2013/2013/2013 2058/2058/2058 1979/1979/1979
f 2059/2059/2059 1892/1892/1892 2061/2061/2061
f 1891/1891/1891 2096/2096/2096 2098/2098/2098
f 1891/1891/1891 2098/2098/2098 1834/1834/1834
f 1894/1894/1894 2099/2099/2099 1892/1892/1892
f 1894/1894/1894 1989/1989/1989 2099/2099/2099
f 1785/1785/1785 2022/2022/2022 2064/2064/2064
f 1895/1895/1895 2100/2100/2100 1729/1729/1729
f 1949/1949/1949 2064/2064/2064 2068/2068/2068
f 1895/1895/1895 2069/2069/2069 2100/2100/2100
f 2069/2069/2069 2072/2072/2072 2103/2103/2103
f 2069/2069/2069 1987/1987/1987 2073/2073/2073
f 2071/2071/2071 2104/2104/2104 2102/2102/2102
f 2069/2069/2069 2073/2073/2073 2070/2070/2070
f 2073/2073/2073 2106/2106/2106 2070/2070/2070
f 2106/2106/2106 2072/2072/2072 2070/2070/2070
f 2026/2026/2026 2073/2073/2073 2107/2107/2107
f 2075/2075/2075 2106/2106/2106 2073/2073/2073
f 2026/2026/2026 2107/2107/2107 2108/2108/2108
f 2026/2026/2026 2108/2108/2108 2079/2079/2079
f 2078/2078/2078 2110/2110/2110 2027/2027/2027
f 2027/2027/2027 2110/2110/2110 1992/1992/1992
f 1733/1733/1733 2023/2023/2023 1991/1991/1991
f 2080/2080/2080 1343/1343/1343 2082/2082/2082
f 1797/1797/1797 2031/2031/2031 2082/2082/2082
f 1842/1842/1842 1994/1994/1994 2030/2030/2030
f 1848/1848/1848 2115/2115/2115 1994/1994/1994
f 1956/1956/1956 2115/2115/2115 1848/1848/1848
f 2038/2038/2038 2035/2035/2035 2116/2116/2116
f 1995/1995/1995 2118/2118/2118 1907/1907/1907
f 1959/1959/1959 1903/1903/1903 1996/1996/1996
f 1999/1999/1999 1700/1700/1700 2120/2120/2120
f 2041/2041/2041 2040/2040/2040 2121/2121/2121
f 2041/2041/2041 2121/2121/2121 2122/2122/2122
f 2041/2041/2041 2121/2121/2121 2122/2122/2122
f 2041/2041/2041 2122/2122/2122 2048/2048/2048
f 2003/2003/2003 2002/2002/2002 2123/2123/2123
f 1865/1865/1865 1815/1815/1815 2125/2125/2125
f 2091/2091/2091 2126/2126/2126 2052/2052/2052
f 1815/1815/1815 2007/2007/2007 2125/2125/2125
f 1971/1971/1971 1870/1870/1870 2056/2056/2056
f 1973/1973/1973 2057/2057/2057 2129/2129/2129
f 1974/1974/1974 2131/2131/2131 2009/2009/2009
f 2009/2009/2009 2133/2133/2133 1881/1881/1881
f 1977/1977/1977 2134/2134/2134 2010/2010/2010
f 1977/1977/1977 1881/1881/1881 2134/2134/2134
f 2012/2012/2012 1771/1771/1771 2094/2094/2094
f 2135/2135/2135 2138/2138/2138 2143/2143/2143
f 2143/2143/2143 2138/2138/2138 2147/2147/2147
f 2061/2061/2061 1892/1892/1892 2149/2149/2149
f 2014/2014/2014 2145/2145/2145 1625/1625/1625
f 1947/1947/1947 2151/2151/2151 2153/2153/2153
f 1947/1947/1947 2153/2153/2153 2020/2020/2020
f 2020/2020/2020 2153/2153/2153 1983/1983/1983
f 1983/1983/1983 2153/2153/2153 2155/2155/2155
f 1893/1893/1893 1834/1834/1834 2156/2156/2156
f 2022/2022/2022 1983/1983/1983 1986/1986/1986
f 2021/2021/2021 1984/1984/1984 2063/2063/2063
f 2068/2068/2068 2064/2064/2064 2158/2158/2158
f 2103/2103/2103 2159/2159/2159 2069/2069/2069
f 1951/1951/1951 2161/2161/2161 1989/1989/1989
f 1987/1987/1987 1988/1988/1988 2073/2073/2073
f 2073/2073/2073 1988/1988/1988 2163/2163/2163
f 2073/2073/2073 2163/2163/2163 2107/2107/2107
f 1951/1951/1951 1841/1841/1841 2165/2165/2165
f 1990/1990/1990 2166/2166/2166 2075/2075/2075
f 2025/2025/2025 2081/2081/2081 2077/2077/2077
f 2075/2075/2075 2080/2080/2080 1990/1990/1990
f 1990/1990/1990 2080/2080/2080 2082/2082/2082
f 2031/2031/2031 1990/1990/1990 2082/2082/2082
f 2033/2033/2033 2084/2084/2084 2035/2035/2035
f 2035/2035/2035 2167/2167/2167 2116/2116/2116
f 2037/2037/2037 2168/2168/2168 1956/1956/1956
f 1902/1902/1902 2169/2169/2169 2036/2036/2036
f 1902/1902/1902 2039/2039/2039 2170/2170/2170
f 1902/1902/1902 2170/2170/2170 2169/2169/2169
f 1907/1907/1907 2118/2118/2118 2173/2173/2173
f 1961/1961/1961 2177/2177/2177 1995/1995/1995
f 1906/1906/1906 2179/2179/2179 1962/1962/1962
f 2178/2178/2178 1962/1962/1962 2179/2179/2179
f 1908/1908/1908 2175/2175/2175 2181/2181/2181
f 1905/1905/1905 1965/1965/1965 2183/2183/2183
f 2048/2048/2048 2122/2122/2122 2090/2090/2090
f 2087/2087/2087 1865/1865/1865 2184/2184/2184
f 1865/1865/1865 2185/2185/2185 2184/2184/2184
f 1864/1864/1864 1861/1861/1861 2001/2001/2001
f 2004/2004/2004 2124/2124/2124 2186/2186/2186
f 1911/1911/1911 2004/2004/2004 2186/2186/2186
f 2092/2092/2092 1911/1911/1911 2128/2128/2128
f 2052/2052/2052 2126/2126/2126 1870/1870/1870
f 1870/1870/1870 2126/2126/2126 2056/2056/2056
f 1974/1974/1974 2130/2130/2130 2131/2131/2131
f 1761/1761/1761 2010/2010/2010 2187/2187/2187
f 1933/1933/1933 2093/2093/2093 1770/1770/1770
f 1933/1933/1933 2058/2058/2058 2093/2093/2093
f 2136/2136/2136 2139/2139/2139 2188/2188/2188
f 2144/2144/2144 2139/2139/2139 2136/2136/2136
f 2145/2145/2145 2095/2095/2095 2141/2141/2141
f 2148/2148/2148 2142/2142/2142 2146/2146/2146
f 1891/1891/1891 2062/2062/2062 2096/2096/2096
f 1945/1945/1945 2190/2190/2190 2150/2150/2150
f 2016/2016/2016 2191/2191/2191 1946/1946/1946
f 1626/1626/1626 2198/2198/2198 1982/1982/1982
f 1830/1830/1830 2200/2200/2200 2018/2018/2018
f 2014/2014/2014 1730/1730/1730 2097/2097/2097
f 1834/1834/1834 2098/2098/2098 2156/2156/2156
f 1986/1986/1986 1983/1983/1983 2155/2155/2155
f 1986/1986/1986 2158/2158/2158 2064/2064/2064
f 1989/1989/1989 2202/2202/2202 2099/2099/2099
f 1730/1730/1730 2101/2101/2101 2204/2204/2204
f 1985/1985/1985 2067/2067/2067 1988/1988/1988
f 2069/2069/2069 2159/2159/2159 2100/2100/2100
f 1988/1988/1988 2067/2067/2067 2163/2163/2163
f 2206/2206/2206 2208/2208/2208 2103/2103/2103
f 2103/2103/2103 2208/2208/2208 2159/2159/2159
f 2105/2105/2105 2206/2206/2206 2103/2103/2103
f 2105/2105/2105 2072/2072/2072 2206/2206/2206
f 2161/2161/2161 1951/1951/1951 2165/2165/2165
f 2108/2108/2108 2111/2111/2111 2079/2079/2079
f 2075/2075/2075 2166/2166/2166 2210/2210/2210
f 1841/1841/1841 2212/2212/2212 2165/2165/2165
f 2030/2030/2030 2212/2212/2212 1841/1841/1841
f 1994/1994/1994 2215/2215/2215 2030/2030/2030
f 2167/2167/2167 2216/2216/2216 2116/2116/2116
f 2117/2117/2117 2218/2218/2218 2039/2039/2039
f 1998/1998/1998 1999/1999/1999 2220/2220/2220
f 2181/2181/2181 2221/2221/2221 2223/2223/2223
f 1999/1999/1999 2120/2120/2120 2225/2225/2225
f 1700/1700/1700 1997/1997/1997 2120/2120/2120
f 2226/2226/2226 2228/2228/2228 2180/2180/2180
f 1908/1908/1908 2181/2181/2181 2086/2086/2086
f 2057/2057/2057 2230/2230/2230 2129/2129/2129
f 2130/2130/2130 2231/2231/2231 2131/2131/2131
f 2132/2132/2132 2008/2008/2008 2232/2232/2232
f 2187/2187/2187 2010/2010/2010 2134/2134/2134
f 2234/2234/2234 2061/2061/2061 2149/2149/2149
f 2095/2095/2095 2236/2236/2236 2141/2141/2141
f 2146/2146/2146 2142/2142/2142 2237/2237/2237
f 1942/1942/1942 1941/1941/1941 1463/1463/1463
f 2099/2099/2099 2202/2202/2202 1892/1892/1892
f 2154/2154/2154 2152/2152/2152 2238/2238/2238
f 2161/2161/2161 2202/2202/2202 1989/1989/1989
f 2160/2160/2160 2209/2209/2209 2101/2101/2101
f 2068/2068/2068 2158/2158/2158 2243/2243/2243
f 2163/2163/2163 2067/2067/2067 2241/2241/2241
f 2246/2246/2246 2109/2109/2109 2164/2164/2164
f 2107/2107/2107 2163/2163/2163 2108/2108/2108
f 2108/2108/2108 2248/2248/2248 2111/2111/2111
f 2075/2075/2075 2210/2210/2210 2106/2106/2106
f 2110/2110/2110 2250/2250/2250 1992/1992/1992
f 1991/1991/1991 2023/2023/2023 2256/2256/2256
f 1993/1993/1993 2258/2258/2258 2083/2083/2083
f 2084/2084/2084 2259/2259/2259 2035/2035/2035
f 2167/2167/2167 2260/2260/2260 2216/2216/2216
f 2117/2117/2117 2217/2217/2217 2218/2218/2218
f 2039/2039/2039 2262/2262/2262 2170/2170/2170
f 1903/1903/1903 2263/2263/2263 1996/1996/1996
f 2181/2181/2181 2175/2175/2175 2221/2221/2221
f 2227/2227/2227 2265/2265/2265 2229/2229/2229
f 2180/2180/2180 2228/2228/2228 2085/2085/2085
f 2040/2040/2040 1857/1857/1857 2121/2121/2121
f 1967/1967/1967 2089/2089/2089 2266/2266/2266
f 1967/1967/1967 2266/2266/2266 1861/1861/1861
f 2002/2002/2002 2269/2269/2269 2123/2123/2123
f 2124/2124/2124 2272/2272/2272 2186/2186/2186
f 2057/2057/2057 2127/2127/2127 2273/2273/2273
f 2009/2009/2009 2133/2133/2133 2233/2233/2233
f 2009/2009/2009 2131/2131/2131 2133/2133/2133
f 1881/1881/1881 2133/2133/2133 2134/2134/2134
f 1761/1761/1761 2187/2187/2187 1930/1930/1930
f 2140/2140/2140 2137/2137/2137 2189/2189/2189
f 2149/2149/2149 2275/2275/2275 2234/2234/2234
f 1892/1892/1892 2277/2277/2277 2149/2149/2149
f 2014/2014/2014 2095/2095/2095 2145/2145/2145
f 2146/2146/2146 2237/2237/2237 2198/2198/2198
f 2014/2014/2014 2097/2097/2097 2095/2095/2095
f 1626/1626/1626 2146/2146/2146 2198/2198/2198
f 1831/1831/1831 1941/1941/1941 2279/2279/2279
f 2018/2018/2018 2200/2200/2200 2281/2281/2281
f 1730/1730/1730 2204/2204/2204 2097/2097/2097
f 1893/1893/1893 2156/2156/2156 2207/2207/2207
f 1986/1986/1986 2158/2158/2158 2068/2068/2068
f 1985/1985/1985 2067/2067/2067 2157/2157/2157
f 2158/2158/2158 2283/2283/2283 2243/2243/2243
f 2163/2163/2163 2241/2241/2241 2245/2245/2245
f 2109/2109/2109 2246/2246/2246 2284/2284/2284
f 2109/2109/2109 2284/2284/2284 2249/2249/2249
f 2285/2285/2285 2287/2287/2287 2113/2113/2113
f 2287/2287/2287 2253/2253/2253 2113/2113/2113
f 1992/1992/1992 2250/2250/2250 2257/2257/2257
f 2288/2288/2288 2259/2259/2259 2285/2285/2285
f 2285/2285/2285 2259/2259/2259 2287/2287/2287
f 2029/2029/2029 2213/2213/2213 2211/2211/2211
f 2084/2084/2084 2287/2287/2287 2259/2259/2259
f 2259/2259/2259 2288/2288/2288 2290/2290/2290
f 2083/2083/2083 2258/2258/2258 2286/2286/2286
f 2259/2259/2259 2290/2290/2290 2035/2035/2035
f 1994/1994/1994 2115/2115/2115 2292/2292/2292
f 2035/2035/2035 2294/2294/2294 2167/2167/2167
f 2115/2115/2115 1956/1956/1956 2168/2168/2168
f 2217/2217/2217 2261/2261/2261 2218/2218/2218
f 2218/2218/2218 2262/2262/2262 2039/2039/2039
f 2218/2218/2218 2295/2295/2295 2262/2262/2262
f 2169/2169/2169 2296/2296/2296 2036/2036/2036
f 1995/1995/1995 2177/2177/2177 2118/2118/2118
f 1999/1999/1999 2225/2225/2225 2220/2220/2220
f 2227/2227/2227 2182/2182/2182 2265/2265/2265
f 2086/2086/2086 2121/2121/2121 1857/1857/1857
f 2086/2086/2086 2297/2297/2297 2121/2121/2121
f 2183/2183/2183 1965/1965/1965 2298/2298/2298
f 2122/2122/2122 2301/2301/2301 2090/2090/2090
f 1861/1861/1861 2302/2302/2302 2001/2001/2001
f 1865/1865/1865 2125/2125/2125 2185/2185/2185
f 1911/1911/1911 2186/2186/2186 2128/2128/2128
f 2125/2125/2125 2007/2007/2007 2304/2304/2304
f 2273/2273/2273 2230/2230/2230 2057/2057/2057
f 2187/2187/2187 2305/2305/2305 1930/1930/1930
f 2149/2149/2149 2277/2277/2277 2275/2275/2275
f 2062/2062/2062 2235/2235/2235 2096/2096/2096
f 1892/1892/1892 2202/2202/2202 2277/2277/2277
f 1830/1830/1830 2278/2278/2278 2200/2200/2200
f 2151/2151/2151 2195/2195/2195 2153/2153/2153
f 2280/2280/2280 2192/2192/2192 2017/2017/2017
f 1986/1986/1986 2155/2155/2155 2158/2158/2158
f 1893/1893/1893 2207/2207/2207 2307/2307/2307
f 2244/2244/2244 2240/2240/2240 2162/2162/2162
f 2072/2072/2072 2306/2306/2306 2206/2206/2206
f 2072/2072/2072 2308/2308/2308 2306/2306/2306
f 1893/1893/1893 2307/2307/2307 2023/2023/2023
f 2166/2166/2166 2313/2313/2313 2210/2210/2210
f 2210/2210/2210 2313/2313/2313 2106/2106/2106
f 2113/2113/2113 2315/2315/2315 2285/2285/2285
f 1990/1990/1990 2255/2255/2255 2166/2166/2166
f 1994/1994/1994 2292/2292/2292 2215/2215/2215
f 2034/2034/2034 2289/2289/2289 2293/2293/2293
f 2260/2260/2260 2167/2167/2167 2316/2316/2316
f 2316/2316/2316 2167/2167/2167 2318/2318/2318
f 2262/2262/2262 2295/2295/2295 2321/2321/2321
f 2170/2170/2170 2262/2262/2262 2322/2322/2322
f 1906/1906/1906 2220/2220/2220 2179/2179/2179
f 1998/1998/1998 2220/2220/2220 1906/1906/1906
f 2229/2229/2229 2265/2265/2265 2323/2323/2323
f 2182/2182/2182 2224/2224/2224 2265/2265/2265
f 2087/2087/2087 2184/2184/2184 2324/2324/2324
f 2302/2302/2302 2268/2268/2268 2001/2001/2001
f 2123/2123/2123 2269/2269/2269 2271/2271/2271
f 2326/2326/2326 2128/2128/2128 2186/2186/2186
f 2128/2128/2128 2326/2326/2326 2274/2274/2274
f 2273/2273/2273 2325/2325/2325 2327/2327/2327
f 1931/1931/1931 2330/2330/2330 2007/2007/2007
f 2133/2133/2133 2331/2331/2331 2134/2134/2134
f 2234/2234/2234 2275/2275/2275 2332/2332/2332
f 2096/2096/2096 2235/2235/2235 2335/2335/2335
f 2155/2155/2155 2339/2339/2339 2340/2340/2340
f 1981/1981/1981 1941/1941/1941 1942/1942/1942
f 2281/2281/2281 2200/2200/2200 2341/2341/2341
f 2239/2239/2239 2153/2153/2153 2345/2345/2345
f 2155/2155/2155 2340/2340/2340 2158/2158/2158
f 2098/2098/2098 2205/2205/2205 2156/2156/2156
f 2101/2101/2101 2209/2209/2209 2204/2204/2204
f 2283/2283/2283 2346/2346/2346 2243/2243/2243
f 2163/2163/2163 2241/2241/2241 2245/2245/2245
f 2165/2165/2165 2202/2202/2202 2161/2161/2161
f 2023/2023/2023 2307/2307/2307 2314/2314/2314
f 2347/2347/2347 2350/2350/2350 2249/2249/2249
f 2023/2023/2023 2314/2314/2314 2256/2256/2256
f 2255/2255/2255 2313/2313/2313 2166/2166/2166
f 2165/2165/2165 2212/2212/2212 2351/2351/2351
f 2285/2285/2285 2315/2315/2315 2288/2288/2288
f 2257/2257/2257 2250/2250/2250 2352/2352/2352
f 2286/2286/2286 2353/2353/2353 2251/2251/2251
f 2294/2294/2294 2290/2290/2290 2167/2167/2167
f 2261/2261/2261 2295/2295/2295 2218/2218/2218
f 2168/2168/2168 2037/2037/2037 2355/2355/2355
f 2118/2118/2118 2357/2357/2357 2173/2173/2173
f 2169/2169/2169 2170/2170/2170 2296/2296/2296
f 2178/2178/2178 2179/2179/2179 2119/2119/2119
f 2224/2224/2224 2222/2222/2222 2360/2360/2360
f 1904/1904/1904 2361/2361/2361 2264/2264/2264
f 1905/1905/1905 2298/2298/2298 2362/2362/2362
f 1905/1905/1905 2183/2183/2183 2298/2298/2298
f 2087/2087/2087 2324/2324/2324 1965/1965/1965
f 2363/2363/2363 2184/2184/2184 2185/2185/2185
f 2186/2186/2186 2272/2272/2272 2326/2326/2326
f 2125/2125/2125 2304/2304/2304 2364/2364/2364
f 2273/2273/2273 2327/2327/2327 2365/2365/2365
f 2007/2007/2007 2370/2370/2370 2304/2304/2304
f 2006/2006/2006 2329/2329/2329 2371/2371/2371
f 2187/2187/2187 2134/2134/2134 2373/2373/2373
f 2095/2095/2095 2374/2374/2374 2236/2236/2236
f 2236/2236/2236 2374/2374/2374 2375/2375/2375
f 2095/2095/2095 2334/2334/2334 2374/2374/2374
f 2154/2154/2154 2377/2377/2377 2338/2338/2338
f 2340/2340/2340 2339/2339/2339 2378/2378/2378
f 2153/2153/2153 2195/2195/2195 2345/2345/2345
f 2158/2158/2158 2340/2340/2340 2379/2379/2379
f 2158/2158/2158 2379/2379/2379 2380/2380/2380
f 2156/2156/2156 2205/2205/2205 2207/2207/2207
f 2158/2158/2158 2381/2381/2381 2283/2283/2283
f 2243/2243/2243 2346/2346/2346 2383/2383/2383
f 2246/2246/2246 2243/2243/2243 2384/2384/2384
f 2284/2284/2284 2246/2246/2246 2384/2384/2384
f 2072/2072/2072 2106/2106/2106 2308/2308/2308
f 2249/2249/2249 2347/2347/2347 2387/2387/2387
f 2247/2247/2247 2385/2385/2385 2348/2348/2348
f 2165/2165/2165 2351/2351/2351 2202/2202/2202
f 2249/2249/2249 2350/2350/2350 2114/2114/2114
f 2313/2313/2313 2388/2388/2388 2106/2106/2106
f 2315/2315/2315 2113/2113/2113 2391/2391/2391
f 2391/2391/2391 2288/2288/2288 2315/2315/2315
f 2212/2212/2212 2393/2393/2393 2351/2351/2351
f 2288/2288/2288 2394/2394/2394 2290/2290/2290
f 2258/2258/2258 2353/2353/2353 2286/2286/2286
f 2291/2291/2291 2395/2395/2395 2396/2396/2396
f 2212/2212/2212 2215/2215/2215 2393/2393/2393
f 2292/2292/2292 2397/2397/2397 2215/2215/2215
f 2167/2167/2167 2290/2290/2290 2318/2318/2318
f 2292/2292/2292 2115/2115/2115 2398/2398/2398
f 2115/2115/2115 2168/2168/2168 2398/2398/2398
f 2176/2176/2176 2400/2400/2400 2402/2402/2402
f 2036/2036/2036 2296/2296/2296 2403/2403/2403
f 2171/2171/2171 2404/2404/2404 2406/2406/2406
f 2175/2175/2175 2408/2408/2408 2221/2221/2221
f 2221/2221/2221 2409/2409/2409 2359/2359/2359
f 2323/2323/2323 2265/2265/2265 2411/2411/2411
f 2224/2224/2224 2360/2360/2360 2265/2265/2265
f 2264/2264/2264 2361/2361/2361 1997/1997/1997
f 2085/2085/2085 2228/2228/2228 2412/2412/2412
f 2121/2121/2121 2297/2297/2297 2414/2414/2414
f 2122/2122/2122 2121/2121/2121 2414/2414/2414
f 2298/2298/2298 1965/1965/1965 2324/2324/2324
f 2122/2122/2122 2414/2414/2414 2301/2301/2301
f 2266/2266/2266 2089/2089/2089 2416/2416/2416
f 1862/1862/1862 2267/2267/2267 2418/2418/2418
f 2007/2007/2007 2372/2372/2372 2370/2370/2370
f 2273/2273/2273 2419/2419/2419 2230/2230/2230
f 2131/2131/2131 2231/2231/2231 2422/2422/2422
f 2330/2330/2330 1931/1931/1931 2424/2424/2424
f 2333/2333/2333 2425/2425/2425 2235/2235/2235
f 2335/2335/2335 2235/2235/2235 2425/2425/2425
f 2194/2194/2194 2282/2282/2282 2342/2342/2342
f 2154/2154/2154 2238/2238/2238 2426/2426/2426
f 2158/2158/2158 2380/2380/2380 2381/2381/2381
f 2065/2065/2065 2428/2428/2428 2432/2432/2432
f 2346/2346/2346 2283/2283/2283 2383/2383/2383
f 2249/2249/2249 2284/2284/2284 2384/2384/2384
f 2249/2249/2249 2384/2384/2384 2347/2347/2347
f 2106/2106/2106 2388/2388/2388 2308/2308/2308
f 2350/2350/2350 2435/2435/2435 2114/2114/2114
f 2114/2114/2114 2435/2435/2435 2387/2387/2387
f 2390/2390/2390 2112/2112/2112 2436/2436/2436
f 2214/2214/2214 2438/2438/2438 2392/2392/2392
f 2322/2322/2322 2262/2262/2262 2441/2441/2441
f 2172/2172/2172 2356/2356/2356 2399/2399/2399
f 2170/2170/2170 2322/2322/2322 2442/2442/2442
f 2174/2174/2174 2401/2401/2401 2405/2405/2405
f 2170/2170/2170 2443/2443/2443 2296/2296/2296
f 2221/2221/2221 2408/2408/2408 2359/2359/2359
f 2222/2222/2222 2360/2360/2360 2410/2410/2410
f 2323/2323/2323 2411/2411/2411 2444/2444/2444
f 2297/2297/2297 2086/2086/2086 2414/2414/2414
f 2324/2324/2324 2362/2362/2362 2298/2298/2298
f 2088/2088/2088 2299/2299/2299 2415/2415/2415
f 2184/2184/2184 2445/2445/2445 2324/2324/2324
f 2184/2184/2184 2363/2363/2363 2445/2445/2445
f 2125/2125/2125 2364/2364/2364 2185/2185/2185
f 2273/2273/2273 2365/2365/2365 2419/2419/2419
f 2329/2329/2329 2423/2423/2423 2371/2371/2371
f 2331/2331/2331 2373/2373/2373 2134/2134/2134
f 2333/2333/2333 2276/2276/2276 2425/2425/2425
f 2374/2374/2374 2334/2334/2334 2375/2375/2375
f 2237/2237/2237 2376/2376/2376 2198/2198/2198
f 2154/2154/2154 2426/2426/2426 2377/2377/2377
f 1981/1981/1981 2447/2447/2447 1941/1941/1941
f 2341/2341/2341 2200/2200/2200 2448/2448/2448
f 2341/2341/2341 2343/2343/2343 2193/2193/2193
f 2448/2448/2448 2343/2343/2343 2341/2341/2341
f 2345/2345/2345 2427/2427/2427 2239/2239/2239
f 2066/2066/2066 2433/2433/2433 2429/2429/2429
f 2208/2208/2208 2206/2206/2206 2203/2203/2203
f 2283/2283/2283 2381/2381/2381 2383/2383/2383
f 2314/2314/2314 2307/2307/2307 2311/2311/2311
f 2347/2347/2347 2384/2384/2384 2387/2387/2387
f 2314/2314/2314 2311/2311/2311 2389/2389/2389
f 2386/2386/2386 2434/2434/2434 2349/2349/2349
f 2114/2114/2114 2450/2450/2450 2437/2437/2437
f 2437/2437/2437 2450/2450/2450 2254/2254/2254
f 2390/2390/2390 2436/2436/2436 2451/2451/2451
f 2288/2288/2288 2452/2452/2452 2394/2394/2394
f 2288/2288/2288 2391/2391/2391 2452/2452/2452
f 2261/2261/2261 2317/2317/2317 2295/2295/2295
f 2262/2262/2262 2321/2321/2321 2441/2441/2441
f 2400/2400/2400 2358/2358/2358 2454/2454/2454
f 2402/2402/2402 2400/2400/2400 2457/2457/2457
f 2457/2457/2457 2400/2400/2400 2454/2454/2454
f 2354/2354/2354 2036/2036/2036 2403/2403/2403
f 2401/2401/2401 2407/2407/2407 2405/2405/2405
f 2359/2359/2359 2408/2408/2408 2461/2461/2461
f 2323/2323/2323 2444/2444/2444 2229/2229/2229
f 2416/2416/2416 2462/2462/2462 2266/2266/2266
f 1862/1862/1862 2418/2418/2418 2463/2463/2463
f 2270/2270/2270 2303/2303/2303 2465/2465/2465
f 2269/2269/2269 2464/2464/2464 2271/2271/2271
f 2326/2326/2326 2467/2467/2467 2328/2328/2328
f 2423/2423/2423 2468/2468/2468 2371/2371/2371
f 2131/2131/2131 2422/2422/2422 2133/2133/2133
f 2276/2276/2276 2470/2470/2470 2425/2425/2425
f 2336/2336/2336 2471/2471/2471 2473/2473/2473
f 2276/2276/2276 2480/2480/2480 2470/2470/2470
f 2275/2275/2275 2277/2277/2277 2479/2479/2479
f 2339/2339/2339 2476/2476/2476 2378/2378/2378
f 2334/2334/2334 2481/2481/2481 2375/2375/2375
f 2481/2481/2481 2196/2196/2196 2375/2375/2375
f 1981/1981/1981 2483/2483/2483 2447/2447/2447
f 2345/2345/2345 2486/2486/2486 2427/2427/2427
f 2381/2381/2381 2487/2487/2487 2383/2383/2383
f 2383/2383/2383 2487/2487/2487 2489/2489/2489
f 2202/2202/2202 2351/2351/2351 2490/2490/2490
f 2243/2243/2243 2491/2491/2491 2384/2384/2384
f 2388/2388/2388 2492/2492/2492 2308/2308/2308
f 2114/2114/2114 2387/2387/2387 2450/2450/2450
f 2252/2252/2252 2451/2451/2451 2436/2436/2436
f 2393/2393/2393 2497/2497/2497 2351/2351/2351
f 2392/2392/2392 2438/2438/2438 2498/2498/2498
f 2396/2396/2396 2395/2395/2395 2500/2500/2500
f 2439/2439/2439 2215/2215/2215 2499/2499/2499
f 2291/2291/2291 2396/2396/2396 2319/2319/2319
f 2316/2316/2316 2318/2318/2318 2501/2501/2501
f 2317/2317/2317 2502/2502/2502 2295/2295/2295
f 2454/2454/2454 2358/2358/2358 2457/2457/2457
f 2358/2358/2358 2503/2503/2503 2457/2457/2457
f 2322/2322/2322 2219/2219/2219 2442/2442/2442
f 2401/2401/2401 2505/2505/2505 2407/2407/2407
f 2120/2120/2120 2220/2220/2220 2225/2225/2225
f 2360/2360/2360 2506/2506/2506 2265/2265/2265
f 2265/2265/2265 2506/2506/2506 2411/2411/2411
f 2085/2085/2085 2412/2412/2412 2416/2416/2416
f 2362/2362/2362 2324/2324/2324 2507/2507/2507
f 2416/2416/2416 2300/2300/2300 2413/2413/2413
f 2266/2266/2266 2462/2462/2462 2417/2417/2417
f 2272/2272/2272 2510/2510/2510 2326/2326/2326
f 2326/2326/2326 2510/2510/2510 2467/2467/2467
f 2366/2366/2366 2511/2511/2511 2514/2514/2514
f 2468/2468/2468 2518/2518/2518 2371/2371/2371
f 2423/2423/2423 2518/2518/2518 2468/2468/2468
f 1931/1931/1931 2519/2519/2519 2424/2424/2424
f 1930/1930/1930 2305/2305/2305 2520/2520/2520
f 2331/2331/2331 2133/2133/2133 2373/2373/2373
f 2337/2337/2337 2474/2474/2474 2472/2472/2472
f 2425/2425/2425 2470/2470/2470 2522/2522/2522
f 2425/2425/2425 2522/2522/2522 2335/2335/2335
f 2377/2377/2377 2475/2475/2475 2338/2338/2338
f 2481/2481/2481 2334/2334/2334 2524/2524/2524
f 2482/2482/2482 2525/2525/2525 2197/2197/2197
f 2340/2340/2340 2528/2528/2528 2379/2379/2379
f 2449/2449/2449 2201/2201/2201 2344/2344/2344
f 2380/2380/2380 2529/2529/2529 2381/2381/2381
f 2487/2487/2487 2529/2529/2529 2530/2530/2530
f 2487/2487/2487 2381/2381/2381 2529/2529/2529
f 2487/2487/2487 2533/2533/2533 2489/2489/2489
f 2387/2387/2387 2384/2384/2384 2491/2491/2491
f 2311/2311/2311 2494/2494/2494 2389/2389/2389
f 2394/2394/2394 2452/2452/2452 2534/2534/2534
f 2215/2215/2215 2397/2397/2397 2499/2499/2499
f 2355/2355/2355 2537/2537/2537 2168/2168/2168
f 2441/2441/2441 2321/2321/2321 2538/2538/2538
f 2322/2322/2322 2441/2441/2441 2540/2540/2540
f 2455/2455/2455 2543/2543/2543 2401/2401/2401
f 2179/2179/2179 2541/2541/2541 2119/2119/2119
f 2541/2541/2541 2179/2179/2179 2220/2220/2220
f 2461/2461/2461 2408/2408/2408 2545/2545/2545
f 2228/2228/2228 2546/2546/2546 2412/2412/2412
f 1997/1997/1997 2361/2361/2361 2549/2549/2549
f 2412/2412/2412 2551/2551/2551 2552/2552/2552
f 2362/2362/2362 2507/2507/2507 2550/2550/2550
f 2412/2412/2412 2462/2462/2462 2416/2416/2416
f 2324/2324/2324 2445/2445/2445 2554/2554/2554
f 1862/1862/1862 2463/2463/2463 2303/2303/2303
f 2185/2185/2185 2364/2364/2364 2363/2363/2363
f 2328/2328/2328 2555/2555/2555 2367/2367/2367
f 2513/2513/2513 2368/2368/2368 2558/2558/2558
f 2370/2370/2370 2559/2559/2559 2304/2304/2304
f 2560/2560/2560 2515/2515/2515 2512/2512/2512
f 2371/2371/2371 2518/2518/2518 2564/2564/2564
f 2231/2231/2231 2565/2565/2565 2422/2422/2422
f 2231/2231/2231 2420/2420/2420 2565/2565/2565
f 2477/2477/2477 2566/2566/2566 2568/2568/2568
f 2477/2477/2477 2568/2568/2568 2469/2469/2469
f 2476/2476/2476 2528/2528/2528 2378/2378/2378
f 2335/2335/2335 2522/2522/2522 2526/2526/2526
f 2340/2340/2340 2378/2378/2378 2528/2528/2528
f 2198/2198/2198 2484/2484/2484 1982/1982/1982
f 2344/2344/2344 2201/2201/2201 2485/2485/2485
f 2570/2570/2570 2572/2572/2572 2426/2426/2426
f 2427/2427/2427 2574/2574/2574 2571/2571/2571
f 2380/2380/2380 2575/2575/2575 2529/2529/2529
f 2488/2488/2488 2531/2531/2531 2576/2576/2576
f 2489/2489/2489 2577/2577/2577 2533/2533/2533
f 2383/2383/2383 2583/2583/2583 2243/2243/2243
f 2383/2383/2383 2586/2586/2586 2583/2583/2583
f 2387/2387/2387 2491/2491/2491 2587/2587/2587
f 2500/2500/2500 2395/2395/2395 2588/2588/2588
f 2292/2292/2292 2398/2398/2398 2397/2397/2397
f 2322/2322/2322 2540/2540/2540 2219/2219/2219
f 2401/2401/2401 2543/2543/2543 2505/2505/2505
f 2442/2442/2442 2219/2219/2219 2589/2589/2589
f 2296/2296/2296 2443/2443/2443 2591/2591/2591
f 2170/2170/2170 2442/2442/2442 2589/2589/2589
f 2461/2461/2461 2598/2598/2598 2359/2359/2359
f 2444/2444/2444 2601/2601/2601 2229/2229/2229
f 1997/1997/1997 2549/2549/2549 2602/2602/2602
f 2552/2552/2552 2462/2462/2462 2412/2412/2412
f 2085/2085/2085 2416/2416/2416 2413/2413/2413
f 2417/2417/2417 2462/2462/2462 2603/2603/2603
f 2324/2324/2324 2554/2554/2554 2507/2507/2507
f 2445/2445/2445 2363/2363/2363 2605/2605/2605
f 2303/2303/2303 2606/2606/2606 2465/2465/2465
f 2328/2328/2328 2467/2467/2467 2555/2555/2555
f 2513/2513/2513 2558/2558/2558 2563/2563/2563
f 2368/2368/2368 2517/2517/2517 2420/2420/2420
f 2133/2133/2133 2608/2608/2608 2373/2373/2373
f 2305/2305/2305 2187/2187/2187 2609/2609/2609
f 2187/2187/2187 2373/2373/2373 2611/2611/2611
f 2569/2569/2569 2615/2615/2615 2470/2470/2470
f 2569/2569/2569 2567/2567/2567 2615/2615/2615
f 2476/2476/2476 2616/2616/2616 2528/2528/2528
f 2527/2527/2527 2618/2618/2618 2199/2199/2199
f 2379/2379/2379 2528/2528/2528 2380/2380/2380
f 2620/2620/2620 2622/2622/2622 2527/2527/2527
f 2202/2202/2202 2623/2623/2623 2277/2277/2277
f 2619/2619/2619 2522/2522/2522 2621/2621/2621
f 2619/2619/2619 2526/2526/2526 2522/2522/2522
f 1941/1941/1941 2447/2447/2447 2279/2279/2279
f 2377/2377/2377 2426/2426/2426 2572/2572/2572
f 2202/2202/2202 2490/2490/2490 2623/2623/2623
f 2529/2529/2529 2575/2575/2575 2624/2624/2624
f 2570/2570/2570 2625/2625/2625 2572/2572/2572
f 2530/2530/2530 2627/2627/2627 2487/2487/2487
f 2531/2531/2531 2576/2576/2576 2488/2488/2488
f 2387/2387/2387 2587/2587/2587 2450/2450/2450
f 2587/2587/2587 2535/2535/2535 2450/2450/2450
f 2587/2587/2587 2628/2628/2628 2535/2535/2535
f 2351/2351/2351 2497/2497/2497 2490/2490/2490
f 2450/2450/2450 2535/2535/2535 2254/2254/2254
f 2394/2394/2394 2534/2534/2534 2629/2629/2629
f 2453/2453/2453 2254/2254/2254 2535/2535/2535
f 2395/2395/2395 2630/2630/2630 2588/2588/2588
f 2498/2498/2498 2495/2495/2495 2392/2392/2392
f 2396/2396/2396 2631/2631/2631 2319/2319/2319
f 2441/2441/2441 2538/2538/2538 2633/2633/2633
f 2295/2295/2295 2538/2538/2538 2321/2321/2321
f 2295/2295/2295 2502/2502/2502 2538/2538/2538
f 2220/2220/2220 2635/2635/2635 2590/2590/2590
f 2170/2170/2170 2589/2589/2589 2443/2443/2443
f 2458/2458/2458 2636/2636/2636 2592/2592/2592
f 2459/2459/2459 2593/2593/2593 2637/2637/2637
f 2546/2546/2546 2228/2228/2228 2600/2600/2600
f 2551/2551/2551 2412/2412/2412 2546/2546/2546
f 2551/2551/2551 2642/2642/2642 2552/2552/2552
f 2462/2462/2462 2552/2552/2552 2603/2603/2603
f 2418/2418/2418 2604/2604/2604 2463/2463/2463
f 2303/2303/2303 2463/2463/2463 2606/2606/2606
f 2645/2645/2645 2466/2466/2466 2509/2509/2509
f 2371/2371/2371 2564/2564/2564 2369/2369/2369
f 1931/1931/1931 2521/2521/2521 2519/2519/2519
f 2133/2133/2133 2422/2422/2422 2608/2608/2608
f 2187/2187/2187 2611/2611/2611 2609/2609/2609
f 2566/2566/2566 2477/2477/2477 2612/2612/2612
f 2475/2475/2475 2647/2647/2647 2648/2648/2648
f 2476/2476/2476 2649/2649/2649 2650/2650/2650
f 2649/2649/2649 2652/2652/2652 2650/2650/2650
f 2476/2476/2476 2650/2650/2650 2616/2616/2616
f 2447/2447/2447 2483/2483/2483 2653/2653/2653
f 2427/2427/2427 2486/2486/2486 2574/2574/2574
f 2655/2655/2655 2621/2621/2621 2522/2522/2522
f 2529/2529/2529 2624/2624/2624 2658/2658/2658
f 2530/2530/2530 2529/2529/2529 2658/2658/2658
f 2660/2660/2660 2656/2656/2656 2523/2523/2523
f 2571/2571/2571 2662/2662/2662 2431/2431/2431
f 2570/2570/2570 2430/2430/2430 2625/2625/2625
f 2383/2383/2383 2489/2489/2489 2533/2533/2533
f 2383/2383/2383 2533/2533/2533 2583/2583/2583
f 2310/2310/2310 2493/2493/2493 2665/2665/2665
f 2587/2587/2587 2491/2491/2491 2667/2667/2667
f 2493/2493/2493 2668/2668/2668 2665/2665/2665
f 2587/2587/2587 2667/2667/2667 2628/2628/2628
f 2588/2588/2588 2631/2631/2631 2500/2500/2500
f 2396/2396/2396 2500/2500/2500 2631/2631/2631
f 2398/2398/2398 2168/2168/2168 2670/2670/2670
f 2440/2440/2440 2632/2632/2632 2539/2539/2539
f 2119/2119/2119 2503/2503/2503 2358/2358/2358
f 2457/2457/2457 2503/2503/2503 2672/2672/2672
f 2407/2407/2407 2505/2505/2505 2673/2673/2673
f 2594/2594/2594 2460/2460/2460 2675/2675/2675
f 2360/2360/2360 2599/2599/2599 2677/2677/2677
f 2220/2220/2220 2120/2120/2120 2678/2678/2678
f 2444/2444/2444 2411/2411/2411 2679/2679/2679
f 1997/1997/1997 2602/2602/2602 2120/2120/2120
f 2604/2604/2604 2553/2553/2553 2680/2680/2680
f 2604/2604/2604 2680/2680/2680 2463/2463/2463
f 2605/2605/2605 2363/2363/2363 2681/2681/2681
f 2646/2646/2646 2683/2683/2683 2467/2467/2467
f 2304/2304/2304 2684/2684/2684 2685/2685/2685
f 2559/2559/2559 2684/2684/2684 2304/2304/2304
f 2559/2559/2559 2370/2370/2370 2687/2687/2687
f 2565/2565/2565 2420/2420/2420 2689/2689/2689
f 2609/2609/2609 2520/2520/2520 2305/2305/2305
f 2470/2470/2470 2615/2615/2615 2522/2522/2522
f 2617/2617/2617 2691/2691/2691 2198/2198/2198
f 2198/2198/2198 2691/2691/2691 2692/2692/2692
f 2528/2528/2528 2693/2693/2693 2380/2380/2380
f 2484/2484/2484 2198/2198/2198 2692/2692/2692
f 2200/2200/2200 2278/2278/2278 2446/2446/2446
f 2624/2624/2624 2575/2575/2575 2658/2658/2658
f 2625/2625/2625 2573/2573/2573 2572/2572/2572
f 2571/2571/2571 2574/2574/2574 2662/2662/2662
f 2522/2522/2522 2694/2694/2694 2659/2659/2659
f 2430/2430/2430 2661/2661/2661 2625/2625/2625
f 2533/2533/2533 2487/2487/2487 2627/2627/2627
f 2242/2242/2242 2578/2578/2578 2695/2695/2695
f 2243/2243/2243 2696/2696/2696 2491/2491/2491
f 2382/2382/2382 2579/2579/2579 2584/2584/2584
f 2490/2490/2490 2497/2497/2497 2623/2623/2623
f 2669/2669/2669 2494/2494/2494 2698/2698/2698
f 2499/2499/2499 2699/2699/2699 2497/2497/2497
f 2631/2631/2631 2700/2700/2700 2319/2319/2319
f 2502/2502/2502 2320/2320/2320 2538/2538/2538
f 2168/2168/2168 2537/2537/2537 2670/2670/2670
f 2537/2537/2537 2355/2355/2355 2704/2704/2704
f 2403/2403/2403 2703/2703/2703 2354/2354/2354
f 2542/2542/2542 2705/2705/2705 2504/2504/2504
f 2505/2505/2505 2543/2543/2543 2673/2673/2673
f 2408/2408/2408 2674/2674/2674 2545/2545/2545
f 2461/2461/2461 2545/2545/2545 2676/2676/2676
f 2120/2120/2120 2707/2707/2707 2678/2678/2678
f 2642/2642/2642 2551/2551/2551 2546/2546/2546
f 2360/2360/2360 2677/2677/2677 2506/2506/2506
f 2445/2445/2445 2708/2708/2708 2554/2554/2554
f 2304/2304/2304 2709/2709/2709 2364/2364/2364
f 2555/2555/2555 2467/2467/2467 2683/2683/2683
f 2368/2368/2368 2556/2556/2556 2558/2558/2558
f 2559/2559/2559 2687/2687/2687 2684/2684/2684
f 2420/2420/2420 2517/2517/2517 2712/2712/2712
f 2648/2648/2648 2647/2647/2647 2651/2651/2651
f 2478/2478/2478 2713/2713/2713 2613/2613/2613
f 2616/2616/2616 2650/2650/2650 2652/2652/2652
f 2277/2277/2277 2715/2715/2715 2479/2479/2479
f 2277/2277/2277 2718/2718/2718 2715/2715/2715
f 2528/2528/2528 2616/2616/2616 2693/2693/2693
f 2475/2475/2475 2377/2377/2377 2720/2720/2720
f 2377/2377/2377 2572/2572/2572 2720/2720/2720
f 2527/2527/2527 2622/2622/2622 2618/2618/2618
f 2623/2623/2623 2722/2722/2722 2277/2277/2277
f 2484/2484/2484 2692/2692/2692 2725/2725/2725
f 2380/2380/2380 2693/2693/2693 2575/2575/2575
f 2484/2484/2484 2725/2725/2725 2654/2654/2654
f 2573/2573/2573 2625/2625/2625 2661/2661/2661
f 2656/2656/2656 2660/2660/2660 2727/2727/2727
f 2726/2726/2726 2659/2659/2659 2694/2694/2694
f 2726/2726/2726 2694/2694/2694 2728/2728/2728
f 2726/2726/2726 2728/2728/2728 2311/2311/2311
f 2312/2312/2312 2729/2729/2729 2727/2727/2727
f 2491/2491/2491 2696/2696/2696 2667/2667/2667
f 2312/2312/2312 2732/2732/2732 2729/2729/2729
f 2309/2309/2309 2663/2663/2663 2730/2730/2730
f 2499/2499/2499 2397/2397/2397 2699/2699/2699
f 2539/2539/2539 2632/2632/2632 2733/2733/2733
f 2457/2457/2457 2672/2672/2672 2736/2736/2736
f 2119/2119/2119 2541/2541/2541 2734/2734/2734
f 2119/2119/2119 2734/2734/2734 2503/2503/2503
f 2296/2296/2296 2737/2737/2737 2403/2403/2403
f 2505/2505/2505 2706/2706/2706 2543/2543/2543
f 2296/2296/2296 2591/2591/2591 2737/2737/2737
f 2638/2638/2638 2738/2738/2738 2745/2745/2745
f 2678/2678/2678 2635/2635/2635 2220/2220/2220
f 2595/2595/2595 2739/2739/2739 2639/2639/2639
f 2445/2445/2445 2605/2605/2605 2708/2708/2708
f 2646/2646/2646 2750/2750/2750 2683/2683/2683
f 2509/2509/2509 2749/2749/2749 2645/2645/2645
f 2271/2271/2271 2464/2464/2464 2509/2509/2509
f 2304/2304/2304 2685/2685/2685 2709/2709/2709
f 2555/2555/2555 2683/2683/2683 2752/2752/2752
f 2685/2685/2685 2684/2684/2684 2709/2709/2709
f 2556/2556/2556 2712/2712/2712 2558/2558/2558
f 2516/2516/2516 2561/2561/2561 2710/2710/2710
f 2420/2420/2420 2712/2712/2712 2689/2689/2689
f 2422/2422/2422 2565/2565/2565 2753/2753/2753
f 2753/2753/2753 2565/2565/2565 2689/2689/2689
f 2373/2373/2373 2608/2608/2608 2611/2611/2611
f 2475/2475/2475 2754/2754/2754 2647/2647/2647
f 2616/2616/2616 2652/2652/2652 2693/2693/2693
f 2615/2615/2615 2716/2716/2716 2522/2522/2522
f 2720/2720/2720 2754/2754/2754 2475/2475/2475
f 2277/2277/2277 2755/2755/2755 2718/2718/2718
f 2522/2522/2522 2756/2756/2756 2757/2757/2757
f 2722/2722/2722 2755/2755/2755 2277/2277/2277
f 2485/2485/2485 2201/2201/2201 2447/2447/2447
f 2653/2653/2653 2724/2724/2724 2447/2447/2447
f 2486/2486/2486 2759/2759/2759 2574/2574/2574
f 2658/2658/2658 2575/2575/2575 2760/2760/2760
f 2658/2658/2658 2760/2760/2760 2762/2762/2762
f 2727/2727/2727 2763/2763/2763 2656/2656/2656
f 2696/2696/2696 2583/2583/2583 2766/2766/2766
f 2311/2311/2311 2728/2728/2728 2494/2494/2494
f 2494/2494/2494 2728/2728/2728 2698/2698/2698
f 2628/2628/2628 2667/2667/2667 2770/2770/2770
f 2535/2535/2535 2628/2628/2628 2770/2770/2770
f 2534/2534/2534 2767/2767/2767 2629/2629/2629
f 2403/2403/2403 2737/2737/2737 2703/2703/2703
f 2544/2544/2544 2456/2456/2456 2735/2735/2735
f 2746/2746/2746 2740/2740/2740 2640/2640/2640
f 2596/2596/2596 2741/2741/2741 2772/2772/2772
f 2596/2596/2596 2641/2641/2641 2741/2741/2741
f 2548/2548/2548 2601/2601/2601 2776/2776/2776
f 2599/2599/2599 2781/2781/2781 2784/2784/2784
f 2597/2597/2597 2782/2782/2782 2777/2777/2777
f 2547/2547/2547 2775/2775/2775 2643/2643/2643
f 2677/2677/2677 2788/2788/2788 2789/2789/2789
f 2553/2553/2553 2644/2644/2644 2791/2791/2791
f 2507/2507/2507 2793/2793/2793 2550/2550/2550
f 2553/2553/2553 2791/2791/2791 2680/2680/2680
f 2682/2682/2682 2749/2749/2749 2794/2794/2794
f 2364/2364/2364 2709/2709/2709 2363/2363/2363
f 2369/2369/2369 2564/2564/2564 2686/2686/2686
f 2564/2564/2564 2518/2518/2518 2686/2686/2686
f 2614/2614/2614 2479/2479/2479 2715/2715/2715
f 2574/2574/2574 2759/2759/2759 2797/2797/2797
f 2573/2573/2573 2796/2796/2796 2572/2572/2572
f 2522/2522/2522 2757/2757/2757 2694/2694/2694
f 2694/2694/2694 2800/2800/2800 2728/2728/2728
f 2696/2696/2696 2766/2766/2766 2805/2805/2805
f 2584/2584/2584 2579/2579/2579 2801/2801/2801
f 2667/2667/2667 2696/2696/2696 2806/2806/2806
f 2696/2696/2696 2805/2805/2805 2806/2806/2806
f 2729/2729/2729 2732/2732/2732 2666/2666/2666
f 2698/2698/2698 2728/2728/2728 2807/2807/2807
f 2623/2623/2623 2497/2497/2497 2809/2809/2809
f 2668/2668/2668 2810/2810/2810 2665/2665/2665
f 2668/2668/2668 2811/2811/2811 2810/2810/2810
f 2697/2697/2697 2811/2811/2811 2668/2668/2668
f 2497/2497/2497 2699/2699/2699 2814/2814/2814
f 2630/2630/2630 2769/2769/2769 2588/2588/2588
f 2397/2397/2397 2398/2398/2398 2815/2815/2815
f 2632/2632/2632 2816/2816/2816 2818/2818/2818
f 2633/2633/2633 2538/2538/2538 2817/2817/2817
f 2632/2632/2632 2818/2818/2818 2733/2733/2733
f 2634/2634/2634 2820/2820/2820 2589/2589/2589
f 2444/2444/2444 2822/2822/2822 2601/2601/2601
f 2678/2678/2678 2707/2707/2707 2635/2635/2635
f 2783/2783/2783 2785/2785/2785 2778/2778/2778
f 2411/2411/2411 2506/2506/2506 2823/2823/2823
f 2677/2677/2677 2789/2789/2789 2506/2506/2506
f 2507/2507/2507 2554/2554/2554 2793/2793/2793
f 2680/2680/2680 2824/2824/2824 2463/2463/2463
f 2509/2509/2509 2826/2826/2826 2749/2749/2749
f 2555/2555/2555 2752/2752/2752 2828/2828/2828
f 2712/2712/2712 2556/2556/2556 2829/2829/2829
f 2711/2711/2711 2562/2562/2562 2557/2557/2557
f 2712/2712/2712 2829/2829/2829 2689/2689/2689
f 2714/2714/2714 2479/2479/2479 2614/2614/2614
f 2522/2522/2522 2716/2716/2716 2756/2756/2756
f 2796/2796/2796 2720/2720/2720 2572/2572/2572
f 2722/2722/2722 2830/2830/2830 2755/2755/2755
f 2447/2447/2447 2831/2831/2831 2485/2485/2485
f 2486/2486/2486 2833/2833/2833 2759/2759/2759
f 2575/2575/2575 2834/2834/2834 2760/2760/2760
f 2760/2760/2760 2834/2834/2834 2762/2762/2762
f 2627/2627/2627 2530/2530/2530 2836/2836/2836
f 2694/2694/2694 2839/2839/2839 2800/2800/2800
f 2656/2656/2656 2763/2763/2763 2840/2840/2840
f 2623/2623/2623 2841/2841/2841 2843/2843/2843
f 2763/2763/2763 2727/2727/2727 2844/2844/2844
f 2623/2623/2623 2809/2809/2809 2841/2841/2841
f 2728/2728/2728 2800/2800/2800 2846/2846/2846
f 2729/2729/2729 2732/2732/2732 2850/2850/2850
f 2807/2807/2807 2728/2728/2728 2846/2846/2846
f 2538/2538/2538 2320/2320/2320 2851/2851/2851
f 2544/2544/2544 2735/2735/2735 2852/2852/2852
f 2544/2544/2544 2852/2852/2852 2674/2674/2674
f 2545/2545/2545 2674/2674/2674 2787/2787/2787
f 2601/2601/2601 2822/2822/2822 2776/2776/2776
f 2595/2595/2595 2771/2771/2771 2739/2739/2739
f 2676/2676/2676 2545/2545/2545 2787/2787/2787
f 2506/2506/2506 2853/2853/2853 2823/2823/2823
f 2602/2602/2602 2549/2549/2549 2792/2792/2792
f 2824/2824/2824 2854/2854/2854 2463/2463/2463
f 2749/2749/2749 2855/2855/2855 2794/2794/2794
f 2826/2826/2826 2858/2858/2858 2749/2749/2749
f 2795/2795/2795 2856/2856/2856 2683/2683/2683
f 2509/2509/2509 2464/2464/2464 2858/2858/2858
f 2508/2508/2508 2857/2857/2857 2825/2825/2825
f 2752/2752/2752 2683/2683/2683 2859/2859/2859
f 2689/2689/2689 2861/2861/2861 2753/2753/2753
f 2753/2753/2753 2861/2861/2861 2422/2422/2422
f 2689/2689/2689 2863/2863/2863 2861/2861/2861
f 2651/2651/2651 2647/2647/2647 2754/2754/2754
f 2652/2652/2652 2865/2865/2865 2693/2693/2693
f 2830/2830/2830 2866/2866/2866 2755/2755/2755
f 2622/2622/2622 2869/2869/2869 2618/2618/2618
f 2756/2756/2756 2871/2871/2871 2757/2757/2757
f 2721/2721/2721 2797/2797/2797 2759/2759/2759
f 2485/2485/2485 2831/2831/2831 2872/2872/2872
f 2485/2485/2485 2872/2872/2872 2832/2832/2832
f 2447/2447/2447 2724/2724/2724 2831/2831/2831
f 2622/2622/2622 2656/2656/2656 2840/2840/2840
f 2657/2657/2657 2761/2761/2761 2835/2835/2835
f 2761/2761/2761 2874/2874/2874 2835/2835/2835
f 2623/2623/2623 2843/2843/2843 2876/2876/2876
f 2762/2762/2762 2834/2834/2834 2875/2875/2875
f 2530/2530/2530 2658/2658/2658 2836/2836/2836
f 2585/2585/2585 2802/2802/2802 2580/2580/2580
f 2729/2729/2729 2880/2880/2880 2727/2727/2727
f 2729/2729/2729 2850/2850/2850 2880/2880/2880
f 2731/2731/2731 2664/2664/2664 2847/2847/2847
f 2667/2667/2667 2806/2806/2806 2882/2882/2882
f 2667/2667/2667 2883/2883/2883 2770/2770/2770
f 2667/2667/2667 2882/2882/2882 2883/2883/2883
f 2496/2496/2496 2813/2813/2813 2808/2808/2808
f 2698/2698/2698 2807/2807/2807 2812/2812/2812
f 2769/2769/2769 2886/2886/2886 2588/2588/2588
f 2734/2734/2734 2887/2887/2887 2503/2503/2503
f 2888/2888/2888 2892/2892/2892 2897/2897/2897
f 2898/2898/2898 2893/2893/2893 2889/2889/2889
f 2747/2747/2747 2890/2890/2890 2894/2894/2894
f 2748/2748/2748 2895/2895/2895 2891/2891/2891
f 2674/2674/2674 2852/2852/2852 2899/2899/2899
f 2747/2747/2747 2894/2894/2894 2742/2742/2742
f 2748/2748/2748 2743/2743/2743 2895/2895/2895
f 2742/2742/2742 2900/2900/2900 2773/2773/2773
f 2444/2444/2444 2679/2679/2679 2822/2822/2822
f 2781/2781/2781 2903/2903/2903 2784/2784/2784
f 2506/2506/2506 2789/2789/2789 2853/2853/2853
f 2643/2643/2643 2904/2904/2904 2790/2790/2790
f 2602/2602/2602 2905/2905/2905 2120/2120/2120
f 2602/2602/2602 2907/2907/2907 2905/2905/2905
f 2680/2680/2680 2791/2791/2791 2824/2824/2824
f 2605/2605/2605 2681/2681/2681 2708/2708/2708
f 2909/2909/2909 2463/2463/2463 2854/2854/2854
f 2463/2463/2463 2909/2909/2909 2606/2606/2606
f 2363/2363/2363 2709/2709/2709 2910/2910/2910
f 2911/2911/2911 2858/2858/2858 2913/2913/2913
f 2911/2911/2911 2855/2855/2855 2858/2858/2858
f 2856/2856/2856 2912/2912/2912 2916/2916/2916
f 2855/2855/2855 2749/2749/2749 2858/2858/2858
f 2683/2683/2683 2856/2856/2856 2859/2859/2859
f 2684/2684/2684 2687/2687/2687 2918/2918/2918
f 2827/2827/2827 2862/2862/2862 2688/2688/2688
f 2651/2651/2651 2754/2754/2754 2864/2864/2864
f 2756/2756/2756 2716/2716/2716 2719/2719/2719
f 2869/2869/2869 2622/2622/2622 2840/2840/2840
f 2623/2623/2623 2876/2876/2876 2722/2722/2722
f 2694/2694/2694 2757/2757/2757 2839/2839/2839
f 2581/2581/2581 2532/2532/2532 2626/2626/2626
f 2583/2583/2583 2627/2627/2627 2920/2920/2920
f 2809/2809/2809 2921/2921/2921 2841/2841/2841
f 2583/2583/2583 2920/2920/2920 2805/2805/2805
f 2810/2810/2810 2924/2924/2924 2665/2665/2665
f 2768/2768/2768 2925/2925/2925 2884/2884/2884
f 2397/2397/2397 2928/2928/2928 2699/2699/2699
f 2397/2397/2397 2815/2815/2815 2928/2928/2928
f 2538/2538/2538 2851/2851/2851 2817/2817/2817
f 2851/2851/2851 2320/2320/2320 2929/2929/2929
f 2320/2320/2320 2701/2701/2701 2929/2929/2929
f 2737/2737/2737 2930/2930/2930 2703/2703/2703
f 2742/2742/2742 2932/2932/2932 2900/2900/2900
f 2635/2635/2635 2707/2707/2707 2821/2821/2821
f 2744/2744/2744 2774/2774/2774 2938/2938/2938
f 2774/2774/2774 2902/2902/2902 2938/2938/2938
f 2775/2775/2775 2904/2904/2904 2643/2643/2643
f 2784/2784/2784 2903/2903/2903 2944/2944/2944
f 2784/2784/2784 2944/2944/2944 2788/2788/2788
f 2823/2823/2823 2853/2853/2853 2411/2411/2411
f 2602/2602/2602 2792/2792/2792 2907/2907/2907
f 2554/2554/2554 2908/2908/2908 2793/2793/2793
f 2708/2708/2708 2681/2681/2681 2946/2946/2946
f 2363/2363/2363 2947/2947/2947 2681/2681/2681
f 2914/2914/2914 2916/2916/2916 2912/2912/2912
f 2709/2709/2709 2948/2948/2948 2910/2910/2910
f 2859/2859/2859 2856/2856/2856 2916/2916/2916
f 2859/2859/2859 2950/2950/2950 2752/2752/2752
f 2859/2859/2859 2916/2916/2916 2950/2950/2950
f 2751/2751/2751 2949/2949/2949 2951/2951/2951
f 2684/2684/2684 2918/2918/2918 2709/2709/2709
f 2828/2828/2828 2752/2752/2752 2953/2953/2953
f 2518/2518/2518 2917/2917/2917 2686/2686/2686
f 2518/2518/2518 2954/2954/2954 2917/2917/2917
f 2518/2518/2518 2955/2955/2955 2954/2954/2954
f 2863/2863/2863 2956/2956/2956 2861/2861/2861
f 2610/2610/2610 2958/2958/2958 2521/2521/2521
f 2609/2609/2609 2960/2960/2960 2957/2957/2957
f 2611/2611/2611 2960/2960/2960 2609/2609/2609
f 2693/2693/2693 2865/2865/2865 2961/2961/2961
f 2718/2718/2718 2755/2755/2755 2866/2866/2866
f 2617/2617/2617 2868/2868/2868 2691/2691/2691
f 2575/2575/2575 2693/2693/2693 2962/2962/2962
f 2871/2871/2871 2839/2839/2839 2757/2757/2757
f 2834/2834/2834 2964/2964/2964 2875/2875/2875
f 2627/2627/2627 2836/2836/2836 2965/2965/2965
f 2968/2968/2968 2843/2843/2843 2841/2841/2841
f 2800/2800/2800 2839/2839/2839 2842/2842/2842
f 2803/2803/2803 2764/2764/2764 2582/2582/2582
f 2727/2727/2727 2880/2880/2880 2844/2844/2844
f 2806/2806/2806 2805/2805/2805 2920/2920/2920
f 2665/2665/2665 2924/2924/2924 2849/2849/2849
f 2770/2770/2770 2883/2883/2883 2927/2927/2927
f 2537/2537/2537 2971/2971/2971 2670/2670/2670
f 2537/2537/2537 2973/2973/2973 2971/2971/2971
f 2536/2536/2536 2702/2702/2702 2972/2972/2972
f 2503/2503/2503 2887/2887/2887 2672/2672/2672
f 2591/2591/2591 2443/2443/2443 2974/2974/2974
f 2443/2443/2443 2975/2975/2975 2974/2974/2974
f 2443/2443/2443 2589/2589/2589 2975/2975/2975
f 2742/2742/2742 2894/2894/2894 2932/2932/2932
f 2787/2787/2787 2674/2674/2674 2899/2899/2899
f 2787/2787/2787 2899/2899/2899 2976/2976/2976
f 2744/2744/2744 2938/2938/2938 2896/2896/2896
f 2779/2779/2779 2941/2941/2941 2901/2901/2901
f 2787/2787/2787 2976/2976/2976 2943/2943/2943
f 2786/2786/2786 2942/2942/2942 2780/2780/2780
f 2788/2788/2788 2944/2944/2944 2789/2789/2789
f 2905/2905/2905 2978/2978/2978 2120/2120/2120
f 2908/2908/2908 2554/2554/2554 2980/2980/2980
f 2708/2708/2708 2980/2980/2980 2554/2554/2554
f 2909/2909/2909 2854/2854/2854 2981/2981/2981
f 2709/2709/2709 2918/2918/2918 2948/2948/2948
f 2752/2752/2752 2952/2952/2952 2953/2953/2953
f 2863/2863/2863 2829/2829/2829 2983/2983/2983
f 2608/2608/2608 2422/2422/2422 2985/2985/2985
f 2611/2611/2611 2608/2608/2608 2960/2960/2960
f 2719/2719/2719 2987/2987/2987 2756/2756/2756
f 2871/2871/2871 2756/2756/2756 2989/2989/2989
f 2693/2693/2693 2961/2961/2961 2962/2962/2962
f 2720/2720/2720 2758/2758/2758 2990/2990/2990
f 2692/2692/2692 2992/2992/2992 2725/2725/2725
f 2831/2831/2831 2724/2724/2724 2993/2993/2993
f 2759/2759/2759 2833/2833/2833 2996/2996/2996
f 2877/2877/2877 2871/2871/2871 2723/2723/2723
f 2871/2871/2871 2877/2877/2877 2839/2839/2839
f 2834/2834/2834 2575/2575/2575 2964/2964/2964
f 2843/2843/2843 2968/2968/2968 2876/2876/2876
f 2839/2839/2839 2969/2969/2969 2842/2842/2842
f 2799/2799/2799 2841/2841/2841 2999/2999/2999
f 2799/2799/2799 3003/3003/3003 2841/2841/2841
f 2841/2841/2841 3003/3003/3003 2968/2968/2968
f 2798/2798/2798 2997/2997/2997 3001/3001/3001
f 2627/2627/2627 2965/2965/2965 2920/2920/2920
f 2804/2804/2804 2919/2919/2919 2765/2765/2765
f 2800/2800/2800 2842/2842/2842 2846/2846/2846
f 2846/2846/2846 2842/2842/2842 2922/2922/2922
f 2920/2920/2920 3004/3004/3004 2806/2806/2806
f 2806/2806/2806 3004/3004/3004 2882/2882/2882
f 2924/2924/2924 2810/2810/2810 3005/3005/3005
f 2811/2811/2811 3005/3005/3005 2810/2810/2810
f 2812/2812/2812 2807/2807/2807 3006/3006/3006
f 2699/2699/2699 3007/3007/3007 2814/2814/2814
f 2699/2699/2699 2928/2928/2928 3007/3007/3007
f 2588/2588/2588 3008/3008/3008 2631/2631/2631
f 2398/2398/2398 2670/2670/2670 2815/2815/2815
f 2852/2852/2852 2735/2735/2735 3009/3009/3009
f 2591/2591/2591 2974/2974/2974 2737/2737/2737
f 2852/2852/2852 3009/3009/3009 2899/2899/2899
f 2120/2120/2120 2978/2978/2978 2707/2707/2707
f 2905/2905/2905 3010/3010/3010 2978/2978/2978
f 2790/2790/2790 2904/2904/2904 3011/3011/3011
f 2791/2791/2791 3012/3012/3012 2824/2824/2824
f 2708/2708/2708 2946/2946/2946 2980/2980/2980
f 2681/2681/2681 3014/3014/3014 2946/2946/2946
f 2947/2947/2947 3014/3014/3014 2681/2681/2681
f 2909/2909/2909 2981/2981/2981 3015/3015/3015
f 2606/2606/2606 2909/2909/2909 3015/3015/3015
f 2913/2913/2913 2858/2858/2858 2915/2915/2915
f 2858/2858/2858 3016/3016/3016 2915/2915/2915
f 2952/2952/2952 2950/2950/2950 2953/2953/2953
f 2953/2953/2953 2950/2950/2950 3018/3018/3018
f 2953/2953/2953 3018/3018/3018 2828/2828/2828
f 2954/2954/2954 3019/3019/3019 2917/2917/2917
f 2863/2863/2863 2983/2983/2983 2956/2956/2956
f 2519/2519/2519 2521/2521/2521 3021/3021/3021
f 2521/2521/2521 2958/2958/2958 3021/3021/3021
f 2422/2422/2422 3022/3022/3022 2985/2985/2985
f 2607/2607/2607 3023/3023/3023 2959/2959/2959
f 2607/2607/2607 3024/3024/3024 3023/3023/3023
f 3026/3026/3026 3027/3027/3027 3024/3024/3024
f 3026/3026/3026 3029/3029/3029 3027/3027/3027
f 2754/2754/2754 2720/2720/2720 2990/2990/2990
f 2756/2756/2756 2987/2987/2987 2989/2989/2989
f 2691/2691/2691 2992/2992/2992 2692/2692/2692
f 2962/2962/2962 2961/2961/2961 3032/3032/3032
f 2724/2724/2724 2991/2991/2991 2993/2993/2993
f 2870/2870/2870 2838/2838/2838 2722/2722/2722
f 2871/2871/2871 3033/3033/3033 2839/2839/2839
f 2838/2838/2838 2876/2876/2876 2722/2722/2722
f 2835/2835/2835 2874/2874/2874 2963/2963/2963
f 2998/2998/2998 2966/2966/2966 2837/2837/2837
f 2969/2969/2969 3000/3000/3000 2842/2842/2842
f 3000/3000/3000 2839/2839/2839 3034/3034/3034
f 2845/2845/2845 3003/3003/3003 2999/2999/2999
f 2845/2845/2845 2921/2921/2921 3003/3003/3003
f 2846/2846/2846 3000/3000/3000 3035/3035/3035
f 2814/2814/2814 3036/3036/3036 2809/2809/2809
f 2846/2846/2846 3035/3035/3035 2807/2807/2807
f 3035/3035/3035 3037/3037/3037 2807/2807/2807
f 2814/2814/2814 3007/3007/3007 3036/3036/3036
f 2631/2631/2631 3038/3038/3038 2700/2700/2700
f 2701/2701/2701 3041/3041/3041 2929/2929/2929
f 2973/2973/2973 2704/2704/2704 2931/2931/2931
f 2887/2887/2887 3044/3044/3044 2672/2672/2672
f 2589/2589/2589 2820/2820/2820 3045/3045/3045
f 2900/2900/2900 2932/2932/2932 2935/2935/2935
f 2679/2679/2679 2411/2411/2411 2853/2853/2853
f 2775/2775/2775 3047/3047/3047 2904/2904/2904
f 2906/2906/2906 2979/2979/2979 3050/3050/3050
f 2363/2363/2363 3054/3054/3054 2947/2947/2947
f 2363/2363/2363 2910/2910/2910 3054/3054/3054
f 2606/2606/2606 3015/3015/3015 2465/2465/2465
f 2464/2464/2464 3055/3055/3055 2858/2858/2858
f 2858/2858/2858 3055/3055/3055 3016/3016/3016
f 2916/2916/2916 3058/3058/3058 2950/2950/2950
f 2918/2918/2918 3059/3059/3059 2948/2948/2948
f 2917/2917/2917 3019/3019/3019 3060/3060/3060
f 2954/2954/2954 2955/2955/2955 3019/3019/3019
f 2607/2607/2607 2984/2984/2984 3061/3061/3061
f 2984/2984/2984 3063/3063/3063 3061/3061/3061
f 2607/2607/2607 3061/3061/3061 3067/3067/3067
f 2607/2607/2607 3067/3067/3067 3024/3024/3024
f 3026/3026/3026 3024/3024/3024 3029/3029/3029
f 3031/3031/3031 3070/3070/3070 3028/3028/3028
f 2754/2754/2754 3071/3071/3071 2864/2864/2864
f 2719/2719/2719 3074/3074/3074 3075/3075/3075
f 2717/2717/2717 2988/2988/2988 2986/2986/2986
f 2871/2871/2871 2989/2989/2989 3033/3033/3033
f 2758/2758/2758 2994/2994/2994 2990/2990/2990
f 2993/2993/2993 2991/2991/2991 2831/2831/2831
f 2962/2962/2962 3076/3076/3076 2575/2575/2575
f 2575/2575/2575 3076/3076/3076 3078/3078/3078
f 2964/2964/2964 2575/2575/2575 3078/3078/3078
f 2840/2840/2840 2763/2763/2763 2844/2844/2844
f 2836/2836/2836 2964/2964/2964 2965/2965/2965
f 2965/2965/2965 2964/2964/2964 2920/2920/2920
f 2964/2964/2964 2766/2766/2766 2920/2920/2920
f 3000/3000/3000 3034/3034/3034 3079/3079/3079
f 2967/2967/2967 3080/3080/3080 3002/3002/3002
f 3003/3003/3003 3081/3081/3081 2968/2968/2968
f 3003/3003/3003 2921/2921/2921 2968/2968/2968
f 2809/2809/2809 3036/3036/3036 2921/2921/2921
f 2807/2807/2807 3037/3037/3037 3083/3083/3083
f 3006/3006/3006 2807/2807/2807 3083/3083/3083
f 2926/2926/2926 3084/3084/3084 2885/2885/2885
f 2588/2588/2588 2886/2886/2886 3008/3008/3008
f 2631/2631/2631 3008/3008/3008 3089/3089/3089
f 3038/3038/3038 3040/3040/3040 2700/2700/2700
f 2733/2733/2733 2818/2818/2818 3091/3091/3091
f 2734/2734/2734 3092/3092/3092 2887/2887/2887
f 2930/2930/2930 2737/2737/2737 3093/3093/3093
f 2735/2735/2735 3094/3094/3094 3009/3009/3009
f 3098/3098/3098 3100/3100/3100 2821/2821/2821
f 2821/2821/2821 2707/2707/2707 3098/3098/3098
f 2707/2707/2707 2978/2978/2978 3102/3102/3102
f 2978/2978/2978 3010/3010/3010 3102/3102/3102
f 2905/2905/2905 2907/2907/2907 3010/3010/3010
f 3053/3053/3053 3105/3105/3105 2908/2908/2908
f 2824/2824/2824 3012/3012/3012 3108/3108/3108
f 3016/3016/3016 3055/3055/3055 3109/3109/3109
f 2916/2916/2916 3017/3017/3017 3058/3058/3058
f 2950/2950/2950 3058/3058/3058 3113/3113/3113
f 3113/3113/3113 3018/3018/3018 2950/2950/2950
f 2918/2918/2918 3115/3115/3115 3059/3059/3059
f 3113/3113/3113 2982/2982/2982 2828/2828/2828
f 3018/3018/3018 3113/3113/3113 2828/2828/2828
f 2518/2518/2518 3020/3020/3020 2955/2955/2955
f 2958/2958/2958 3116/3116/3116 3021/3021/3021
f 3022/3022/3022 2422/2422/2422 3066/3066/3066
f 2985/2985/2985 3022/3022/3022 3066/3066/3066
f 2960/2960/2960 3118/3118/3118 2957/2957/2957
f 3023/3023/3023 3120/3120/3120 3117/3117/3117
f 2959/2959/2959 3023/3023/3023 3117/3117/3117
f 3067/3067/3067 3122/3122/3122 3024/3024/3024
f 3024/3024/3024 3027/3027/3027 3023/3023/3023
f 2754/2754/2754 2990/2990/2990 3071/3071/3071
f 2718/2718/2718 2866/2866/2866 3073/3073/3073
f 2719/2719/2719 3075/3075/3075 3124/3124/3124
f 2961/2961/2961 2865/2865/2865 3072/3072/3072
f 2992/2992/2992 2691/2691/2691 3126/3126/3126
f 2722/2722/2722 2876/2876/2876 2830/2830/2830
f 2962/2962/2962 3032/3032/3032 3076/3076/3076
f 2840/2840/2840 2844/2844/2844 2869/2869/2869
f 2964/2964/2964 3078/3078/3078 3128/3128/3128
f 2766/2766/2766 2964/2964/2964 3130/3130/3130
f 3035/3035/3035 3000/3000/3000 3079/3079/3079
f 2920/2920/2920 2805/2805/2805 3132/3132/3132
f 2848/2848/2848 2923/2923/2923 2878/2878/2878
f 3036/3036/3036 3133/3133/3133 2921/2921/2921
f 2882/2882/2882 3004/3004/3004 3134/3134/3134
f 3005/3005/3005 3082/3082/3082 2924/2924/2924
f 2883/2883/2883 3136/3136/3136 2927/2927/2927
f 2631/2631/2631 3089/3089/3089 3038/3038/3038
f 2851/2851/2851 3138/3138/3138 2817/2817/2817
f 3041/3041/3041 3140/3140/3140 2929/2929/2929
f 3045/3045/3045 2820/2820/2820 3099/3099/3099
f 2896/2896/2896 2938/2938/2938 2933/2933/2933
f 2907/2907/2907 3142/3142/3142 3145/3145/3145
f 2908/2908/2908 3105/3105/3105 3143/3143/3143
f 2907/2907/2907 3145/3145/3145 3010/3010/3010
f 3051/3051/3051 3147/3147/3147 3103/3103/3103
f 3105/3105/3105 3148/3148/3148 3150/3150/3150
f 2980/2980/2980 3150/3150/3150 3053/3053/3053
f 2854/2854/2854 2824/2824/2824 3108/3108/3108
f 2980/2980/2980 2946/2946/2946 3151/3151/3151
f 2945/2945/2945 3013/3013/3013 3152/3152/3152
f 2981/2981/2981 2854/2854/2854 3154/3154/3154
f 3015/3015/3015 3155/3155/3155 2465/2465/2465
f 2948/2948/2948 3156/3156/3156 3157/3157/3157
f 2948/2948/2948 3059/3059/3059 3156/3156/3156
f 2917/2917/2917 3158/3158/3158 3114/3114/3114
f 2860/2860/2860 3160/3160/3160 2421/2421/2421
f 3062/3062/3062 3162/3162/3162 3068/3068/3068
f 3068/3068/3068 3162/3162/3162 3123/3123/3123
f 3023/3023/3023 3027/3027/3027 3120/3120/3120
f 2989/2989/2989 2719/2719/2719 3124/3124/3124
f 2989/2989/2989 3124/3124/3124 3033/3033/3033
f 2831/2831/2831 2991/2991/2991 3164/3164/3164
f 2995/2995/2995 2832/2832/2832 2872/2872/2872
f 3032/3032/3032 3078/3078/3078 3076/3076/3076
f 2876/2876/2876 2968/2968/2968 3081/3081/3081
f 2964/2964/2964 3128/3128/3128 3130/3130/3130
f 2839/2839/2839 3033/3033/3033 3034/3034/3034
f 2921/2921/2921 3081/3081/3081 2968/2968/2968
f 3004/3004/3004 2920/2920/2920 3168/3168/3168
f 3170/3170/3170 2879/2879/2879 2924/2924/2924
f 3170/3170/3170 2924/2924/2924 3171/3171/3171
f 3036/3036/3036 3174/3174/3174 3133/3133/3133
f 3083/3083/3083 3037/3037/3037 3172/3172/3172
f 3134/3134/3134 3175/3175/3175 3136/3136/3136
f 3134/3134/3134 3136/3136/3136 2882/2882/2882
f 2883/2883/2883 2882/2882/2882 3136/3136/3136
f 2927/2927/2927 3136/3136/3136 3087/3087/3087
f 2817/2817/2817 3138/3138/3138 2819/2819/2819
f 2851/2851/2851 2929/2929/2929 3177/3177/3177
f 2930/2930/2930 3093/3093/3093 3178/3178/3178
f 2887/2887/2887 3180/3180/3180 3044/3044/3044
f 2887/2887/2887 3092/3092/3092 3180/3180/3180
f 2899/2899/2899 3009/3009/3009 3181/3181/3181
f 3009/3009/3009 3094/3094/3094 3181/3181/3181
f 2589/2589/2589 3045/3045/3045 2975/2975/2975
f 2679/2679/2679 3183/3183/3183 2822/2822/2822
f 2776/2776/2776 2822/2822/2822 3184/3184/3184
f 2904/2904/2904 3047/3047/3047 3011/3011/3011
f 3106/3106/3106 3011/3011/3011 3047/3047/3047
f 3053/3053/3053 3150/3150/3150 3148/3148/3148
f 3107/3107/3107 3186/3186/3186 3188/3188/3188
f 3107/3107/3107 3188/3188/3188 3190/3190/3190
f 2946/2946/2946 3153/3153/3153 3151/3151/3151
f 2980/2980/2980 3151/3151/3151 3192/3192/3192
f 2854/2854/2854 3108/3108/3108 3194/3194/3194
f 3015/3015/3015 2981/2981/2981 3154/3154/3154
f 3015/3015/3015 3154/3154/3154 3155/3155/3155
f 2465/2465/2465 3155/3155/3155 3056/3056/3056
f 3017/3017/3017 3110/3110/3110 3058/3058/3058
f 2948/2948/2948 3157/3157/3157 2910/2910/2910
f 3115/3115/3115 3196/3196/3196 3059/3059/3059
f 3198/3198/3198 3200/3200/3200 2982/2982/2982
f 2982/2982/2982 3200/3200/3200 3201/3201/3201
f 2917/2917/2917 3203/3203/3203 3158/3158/3158
f 2917/2917/2917 3060/3060/3060 3203/3203/3203
f 3019/3019/3019 3204/3204/3204 3060/3060/3060
f 2422/2422/2422 3161/3161/3161 3066/3066/3066
f 3121/3121/3121 3205/3205/3205 3119/3119/3119
f 3028/3028/3028 3206/3206/3206 3121/3121/3121
f 3025/3025/3025 3123/3123/3123 3030/3030/3030
f 3028/3028/3028 3207/3207/3207 3206/3206/3206
f 3030/3030/3030 3123/3123/3123 3208/3208/3208
f 3069/3069/3069 3030/3030/3030 3208/3208/3208
f 3028/3028/3028 3070/3070/3070 3207/3207/3207
f 3072/3072/3072 3211/3211/3211 2961/2961/2961
f 2990/2990/2990 2994/2994/2994 3210/3210/3210
f 2867/2867/2867 3125/3125/3125 2690/2690/2690
f 2872/2872/2872 2831/2831/2831 3212/3212/3212
f 3032/3032/3032 2961/2961/2961 3211/3211/3211
f 2876/2876/2876 3081/3081/3081 2830/2830/2830
f 2766/2766/2766 3130/3130/3130 3132/3132/3132
f 2766/2766/2766 3132/3132/3132 2805/2805/2805
f 2844/2844/2844 2880/2880/2880 3213/3213/3213
f 2920/2920/2920 3132/3132/3132 3168/3168/3168
f 2921/2921/2921 3133/3133/3133 3081/3081/3081
f 3035/3035/3035 3079/3079/3079 3037/3037/3037
f 3089/3089/3089 3215/3215/3215 3038/3038/3038
f 3038/3038/3038 3139/3139/3139 3040/3040/3040
f 2973/2973/2973 3216/3216/3216 2971/2971/2971
f 2851/2851/2851 3177/3177/3177 3138/3138/3138
f 2931/2931/2931 3179/3179/3179 2973/2973/2973
f 3091/3091/3091 2818/2818/2818 3217/3217/3217
f 2736/2736/2736 2672/2672/2672 3097/3097/3097
f 2737/2737/2737 2974/2974/2974 3093/3093/3093
f 2974/2974/2974 2975/2975/2975 3178/3178/3178
f 2707/2707/2707 3221/3221/3221 3098/3098/3098
f 2822/2822/2822 3183/3183/3183 3184/3184/3184
f 2976/2976/2976 2936/2936/2936 2943/2943/2943
f 2944/2944/2944 2939/2939/2939 3222/3222/3222
f 2776/2776/2776 3184/3184/3184 3048/3048/3048
f 2944/2944/2944 3222/3222/3222 2789/2789/2789
f 2789/2789/2789 3222/3222/3222 3224/3224/3224
f 3142/3142/3142 3225/3225/3225 3145/3145/3145
f 3105/3105/3105 3226/3226/3226 3143/3143/3143
f 3010/3010/3010 3145/3145/3145 3228/3228/3228
f 3149/3149/3149 3052/3052/3052 3104/3104/3104
f 3053/3053/3053 3150/3150/3150 3105/3105/3105
f 3014/3014/3014 2947/2947/2947 3153/3153/3153
f 2947/2947/2947 3229/3229/3229 3153/3153/3153
f 3054/3054/3054 3229/3229/3229 2947/2947/2947
f 2910/2910/2910 3229/3229/3229 3054/3054/3054
f 2910/2910/2910 3157/3157/3157 3230/3230/3230
f 2982/2982/2982 3113/3113/3113 3198/3198/3198
f 3115/3115/3115 3159/3159/3159 3196/3196/3196
f 2956/2956/2956 2983/2983/2983 3202/3202/3202
f 2956/2956/2956 3231/3231/3231 2861/2861/2861
f 3116/3116/3116 2958/2958/2958 3232/3232/3232
f 3062/3062/3062 3064/3064/3064 3162/3162/3162
f 3121/3121/3121 3206/3206/3206 3205/3205/3205
f 3074/3074/3074 3234/3234/3234 3075/3075/3075
f 2990/2990/2990 3210/3210/3210 3071/3071/3071
f 3073/3073/3073 2866/2866/2866 3235/3235/3235
f 3072/3072/3072 3237/3237/3237 3211/3211/3211
f 2868/2868/2868 3238/3238/3238 3126/3126/3126
f 2831/2831/2831 3241/3241/3241 3212/3212/3212
f 3241/3241/3241 2831/2831/2831 3242/3242/3242
f 2873/2873/2873 3244/3244/3244 2996/2996/2996
f 3032/3032/3032 3211/3211/3211 3078/3078/3078
f 3078/3078/3078 3245/3245/3245 3128/3128/3128
f 3033/3033/3033 3246/3246/3246 3034/3034/3034
f 3079/3079/3079 3034/3034/3034 3246/3246/3246
f 2924/2924/2924 3082/3082/3082 3171/3171/3171
f 3133/3133/3133 3174/3174/3174 3247/3247/3247
f 3037/3037/3037 3079/3079/3079 3172/3172/3172
f 3036/3036/3036 3007/3007/3007 3174/3174/3174
f 3088/3088/3088 3249/3249/3249 3090/3090/3090
f 2886/2886/2886 3086/3086/3086 3089/3089/3089
f 3008/3008/3008 2886/2886/2886 3089/3089/3089
f 2670/2670/2670 3251/3251/3251 2815/2815/2815
f 2818/2818/2818 3252/3252/3252 3217/3217/3217
f 3096/3096/3096 2671/2671/2671 3255/3255/3255
f 2974/2974/2974 3178/3178/3178 3093/3093/3093
f 2899/2899/2899 3256/3256/3256 2976/2976/2976
f 2977/2977/2977 3257/3257/3257 2937/2937/2937
f 2707/2707/2707 3102/3102/3102 3221/3221/3221
f 2789/2789/2789 3224/3224/3224 2853/2853/2853
f 3010/3010/3010 3228/3228/3228 3102/3102/3102
f 3049/3049/3049 3262/3262/3262 3108/3108/3108
f 3049/3049/3049 3262/3262/3262 3108/3108/3108
f 3187/3187/3187 3108/3108/3108 3262/3262/3262
f 3186/3186/3186 3263/3263/3263 3188/3188/3188
f 3108/3108/3108 3191/3191/3191 3194/3194/3194
f 3151/3151/3151 3153/3153/3153 3192/3192/3192
f 2854/2854/2854 3194/3194/3194 3154/3154/3154
f 3155/3155/3155 3154/3154/3154 3265/3265/3265
f 3057/3057/3057 3109/3109/3109 3055/3055/3055
f 3056/3056/3056 3266/3266/3266 3058/3058/3058
f 3156/3156/3156 3230/3230/3230 3157/3157/3157
f 3058/3058/3058 3267/3267/3267 3113/3113/3113
f 2956/2956/2956 3202/3202/3202 3231/3231/3231
f 3119/3119/3119 3205/3205/3205 2958/2958/2958
f 2958/2958/2958 3205/3205/3205 3232/3232/3232
f 3206/3206/3206 3269/3269/3269 3205/3205/3205
f 3162/3162/3162 3270/3270/3270 3123/3123/3123
f 3069/3069/3069 3208/3208/3208 3272/3272/3272
f 3070/3070/3070 3274/3274/3274 3207/3207/3207
f 3075/3075/3075 3234/3234/3234 3276/3276/3276
f 3075/3075/3075 3278/3278/3278 3124/3124/3124
f 2869/2869/2869 3281/3281/3281 3240/3240/3240
f 3126/3126/3126 3282/3282/3282 2992/2992/2992
f 2872/2872/2872 3212/3212/3212 3283/3283/3283
f 2844/2844/2844 3281/3281/3281 2869/2869/2869
f 3128/3128/3128 3287/3287/3287 3290/3290/3290
f 3128/3128/3128 3290/3290/3290 3130/3130/3130
f 3213/3213/3213 2880/2880/2880 3291/3291/3291
f 3079/3079/3079 3246/3246/3246 3293/3293/3293
f 3085/3085/3085 3135/3135/3135 3294/3294/3294
f 2670/2670/2670 2971/2971/2971 3251/3251/3251
f 3140/3140/3140 3297/3297/3297 2929/2929/2929
f 3092/3092/3092 3299/3299/3299 3180/3180/3180
f 2938/2938/2938 3258/3258/3258 2933/2933/2933
f 2940/2940/2940 2934/2934/2934 3223/3223/3223
f 2853/2853/2853 3183/3183/3183 2679/2679/2679
f 2853/2853/2853 3224/3224/3224 3222/3222/3222
f 2853/2853/2853 3222/3222/3222 3183/3183/3183
f 3150/3150/3150 3226/3226/3226 3105/3105/3105
f 2980/2980/2980 3192/3192/3192 3150/3150/3150
f 3188/3188/3188 3300/3300/3300 3190/3190/3190
f 3153/3153/3153 3229/3229/3229 3302/3302/3302
f 2910/2910/2910 3230/3230/3230 3229/3229/3229
f 3266/3266/3266 3056/3056/3056 3155/3155/3155
f 3058/3058/3058 3266/3266/3266 3267/3267/3267
f 3197/3197/3197 3303/3303/3303 3305/3305/3305
f 3197/3197/3197 3305/3305/3305 3306/3306/3306
f 3197/3197/3197 3112/3112/3112 3303/3303/3303
f 3197/3197/3197 3306/3306/3306 3199/3199/3199
f 3203/3203/3203 3308/3308/3308 3158/3158/3158
f 3060/3060/3060 3204/3204/3204 3203/3203/3203
f 3204/3204/3204 3019/3019/3019 3309/3309/3309
f 3019/3019/3019 2955/2955/2955 3309/3309/3309
f 2861/2861/2861 3231/3231/3231 3161/3161/3161
f 3073/3073/3073 3235/3235/3235 3233/3233/3233
f 3210/3210/3210 3236/3236/3236 3071/3071/3071
f 3124/3124/3124 3278/3278/3278 3239/3239/3239
f 2830/2830/2830 3310/3310/3310 2866/2866/2866
f 3124/3124/3124 3239/3239/3239 3280/3280/3280
f 2872/2872/2872 3283/3283/3283 3243/3243/3243
f 3033/3033/3033 3124/3124/3124 3280/3280/3280
f 3210/3210/3210 2994/2994/2994 3077/3077/3077
f 2996/2996/2996 3245/3245/3245 3078/3078/3078
f 3128/3128/3128 3245/3245/3245 3311/3311/3311
f 3167/3167/3167 3129/3129/3129 3312/3312/3312
f 3167/3167/3167 3312/3312/3312 3314/3314/3314
f 2844/2844/2844 3213/3213/3213 3317/3317/3317
f 3131/3131/3131 3129/3129/3129 3167/3167/3167
f 3168/3168/3168 3320/3320/3320 3004/3004/3004
f 3170/3170/3170 3323/3323/3323 2879/2879/2879
f 3325/3325/3325 3322/3322/3322 3169/3169/3169
f 3134/3134/3134 3004/3004/3004 3329/3329/3329
f 3170/3170/3170 3171/3171/3171 3326/3326/3326
f 3134/3134/3134 3329/3329/3329 3175/3175/3175
f 3079/3079/3079 3293/3293/3293 3172/3172/3172
f 3133/3133/3133 3247/3247/3247 3081/3081/3081
f 3007/3007/3007 3332/3332/3332 3174/3174/3174
f 3141/3141/3141 3039/3039/3039 3298/3298/3298
f 3252/3252/3252 3333/3333/3333 3217/3217/3217
f 2819/2819/2819 3138/3138/3138 3253/3253/3253
f 2929/2929/2929 3297/3297/3297 3336/3336/3336
f 2973/2973/2973 3179/3179/3179 3216/3216/3216
f 3092/3092/3092 3219/3219/3219 3299/3299/3299
f 2899/2899/2899 3181/3181/3181 3256/3256/3256
f 2934/2934/2934 3260/3260/3260 3223/3223/3223
f 3146/3146/3146 3337/3337/3337 3339/3339/3339
f 3226/3226/3226 3337/3337/3337 3146/3146/3146
f 3262/3262/3262 3049/3049/3049 3185/3185/3185
f 3150/3150/3150 3192/3192/3192 3226/3226/3226
f 3261/3261/3261 3340/3340/3340 3342/3342/3342
f 3187/3187/3187 3262/3262/3262 3343/3343/3343
f 3187/3187/3187 3343/3343/3343 3264/3264/3264
f 3189/3189/3189 3264/3264/3264 3301/3301/3301
f 3153/3153/3153 3302/3302/3302 3344/3344/3344
f 3155/3155/3155 3265/3265/3265 3346/3346/3346
f 3229/3229/3229 3230/3230/3230 3347/3347/3347
f 3155/3155/3155 3349/3349/3349 3266/3266/3266
f 3308/3308/3308 3195/3195/3195 3158/3158/3158
f 3200/3200/3200 3307/3307/3307 3201/3201/3201
f 3203/3203/3203 3204/3204/3204 3308/3308/3308
f 3350/3350/3350 3161/3161/3161 3231/3231/3231
f 3205/3205/3205 3352/3352/3352 3232/3232/3232
f 3352/3352/3352 3205/3205/3205 3354/3354/3354
f 3065/3065/3065 3356/3356/3356 3163/3163/3163
f 3205/3205/3205 3359/3359/3359 3354/3354/3354
f 3206/3206/3206 3207/3207/3207 3269/3269/3269
f 3275/3275/3275 3233/3233/3233 3235/3235/3235
f 2866/2866/2866 3310/3310/3310 3235/3235/3235
f 3244/3244/3244 3360/3360/3360 3361/3361/3361
f 3282/3282/3282 3126/3126/3126 3362/3362/3362
f 3280/3280/3280 3239/3239/3239 3364/3364/3364
f 2992/2992/2992 3282/3282/3282 3362/3362/3362
f 3361/3361/3361 3366/3366/3366 3244/3244/3244
f 3212/3212/3212 3367/3367/3367 3283/3283/3283
f 2996/2996/2996 3244/3244/3244 3366/3366/3366
f 2830/2830/2830 3081/3081/3081 3368/3368/3368
f 3033/3033/3033 3280/3280/3280 3369/3369/3369
f 3033/3033/3033 3369/3369/3369 3316/3316/3316
f 3129/3129/3129 3284/3284/3284 3370/3370/3370
f 3129/3129/3129 3370/3370/3370 3312/3312/3312
f 3129/3129/3129 3289/3289/3289 3284/3284/3284
f 3167/3167/3167 3314/3314/3314 3371/3371/3371
f 2881/2881/2881 3324/3324/3324 3292/3292/3292
f 3329/3329/3329 3004/3004/3004 3320/3320/3320
f 3171/3171/3171 3375/3375/3375 3326/3326/3326
f 3247/3247/3247 3377/3377/3377 3081/3081/3081
f 3247/3247/3247 3174/3174/3174 3332/3332/3332
f 3247/3247/3247 3332/3332/3332 3377/3377/3377
f 3088/3088/3088 3295/3295/3295 3249/3249/3249
f 2815/2815/2815 3378/3378/3378 2928/2928/2928
f 3038/3038/3038 3215/3215/3215 3379/3379/3379
f 3253/3253/3253 3138/3138/3138 3334/3334/3334
f 2929/2929/2929 3336/3336/3336 3177/3177/3177
f 2671/2671/2671 3043/3043/3043 3255/3255/3255
f 3180/3180/3180 3381/3381/3381 3044/3044/3044
f 3219/3219/3219 3383/3383/3383 3299/3299/3299
f 3182/3182/3182 3095/3095/3095 3259/3259/3259
f 3100/3100/3100 3046/3046/3046 3219/3219/3219
f 3100/3100/3100 3098/3098/3098 3046/3046/3046
f 3221/3221/3221 3046/3046/3046 3098/3098/3098
f 3144/3144/3144 3338/3338/3338 3227/3227/3227
f 3341/3341/3341 3262/3262/3262 3343/3343/3343
f 3262/3262/3262 3384/3384/3384 3343/3343/3343
f 3153/3153/3153 3344/3344/3344 3192/3192/3192
f 3300/3300/3300 3385/3385/3385 3190/3190/3190
f 3154/3154/3154 3194/3194/3194 3265/3265/3265
f 3230/3230/3230 3156/3156/3156 3347/3347/3347
f 3113/3113/3113 3267/3267/3267 3389/3389/3389
f 3267/3267/3267 3266/3266/3266 3389/3389/3389
f 3066/3066/3066 3161/3161/3161 3390/3390/3390
f 3116/3116/3116 3232/3232/3232 3392/3392/3392
f 3353/3353/3353 3358/3358/3358 3351/3351/3351
f 3351/3351/3351 3358/3358/3358 3393/3393/3393
f 3163/3163/3163 3356/3356/3356 3271/3271/3271
f 3123/3123/3123 3270/3270/3270 3396/3396/3396
f 3276/3276/3276 3399/3399/3399 3401/3401/3401
f 3276/3276/3276 3401/3401/3401 3075/3075/3075
f 3126/3126/3126 3277/3277/3277 3362/3362/3362
f 3240/3240/3240 3281/3281/3281 3365/3365/3365
f 3361/3361/3361 3360/3360/3360 3366/3366/3366
f 2831/2831/2831 3164/3164/3164 3242/3242/3242
f 2996/2996/2996 3366/3366/3366 3245/3245/3245
f 2830/2830/2830 3368/3368/3368 3310/3310/3310
f 3370/3370/3370 3402/3402/3402 3312/3312/3312
f 3314/3314/3314 3405/3405/3405 3371/3371/3371
f 3246/3246/3246 3033/3033/3033 3407/3407/3407
f 3033/3033/3033 3316/3316/3316 3407/3407/3407
f 3295/3295/3295 3137/3137/3137 3249/3249/3249
f 3377/3377/3377 3332/3332/3332 3410/3410/3410
f 3249/3249/3249 3411/3411/3411 3414/3414/3414
f 3090/3090/3090 3249/3249/3249 3414/3414/3414
f 2928/2928/2928 3378/3378/3378 3007/3007/3007
f 3336/3336/3336 3416/3416/3416 3177/3177/3177
f 3336/3336/3336 3297/3297/3297 3416/3416/3416
f 3334/3334/3334 3138/3138/3138 3417/3417/3417
f 2975/2975/2975 3418/3418/3418 3178/3178/3178
f 3218/3218/3218 3419/3419/3419 3099/3099/3099
f 3096/3096/3096 3255/3255/3255 3260/3260/3260
f 3260/3260/3260 3421/3421/3421 3223/3223/3223
f 3222/3222/3222 3420/3420/3420 3422/3422/3422
f 3183/3183/3183 3222/3222/3222 3422/3422/3422
f 3183/3183/3183 3424/3424/3424 3184/3184/3184
f 3183/3183/3183 3422/3422/3422 3424/3424/3424
f 3262/3262/3262 3185/3185/3185 3384/3384/3384
f 3301/3301/3301 3264/3264/3264 3386/3386/3386
f 3346/3346/3346 3349/3349/3349 3155/3155/3155
f 3266/3266/3266 3349/3349/3349 3427/3427/3427
f 3266/3266/3266 3427/3427/3427 3428/3428/3428
f 3059/3059/3059 3196/3196/3196 3156/3156/3156
f 3303/3303/3303 3112/3112/3112 3388/3388/3388
f 3111/3111/3111 3429/3429/3429 3387/3387/3387
f 3304/3304/3304 3389/3389/3389 3431/3431/3431
f 3201/3201/3201 3307/3307/3307 3432/3432/3432
f 3204/3204/3204 3309/3309/3309 3308/3308/3308
f 3202/3202/3202 3434/3434/3434 3231/3231/3231
f 3202/3202/3202 3433/3433/3433 3434/3434/3434
f 2955/2955/2955 3020/3020/3020 3309/3309/3309
f 3066/3066/3066 3390/3390/3390 3438/3438/3438
f 3065/3065/3065 3435/3435/3435 3356/3356/3356
f 3232/3232/3232 3352/3352/3352 3392/3392/3392
f 3271/3271/3271 3356/3356/3356 3397/3397/3397
f 3205/3205/3205 3269/3269/3269 3359/3359/3359
f 3275/3275/3275 3235/3235/3235 3398/3398/3398
f 3278/3278/3278 3075/3075/3075 3401/3401/3401
f 3126/3126/3126 3238/3238/3238 3277/3277/3277
f 3239/3239/3239 3278/3278/3278 3364/3364/3364
f 3360/3360/3360 3244/3244/3244 3440/3440/3440
f 3243/3243/3243 3283/3283/3283 3439/3439/3439
f 3360/3360/3360 3442/3442/3442 3366/3366/3366
f 3212/3212/3212 3241/3241/3241 3367/3367/3367
f 3245/3245/3245 3445/3445/3445 3311/3311/3311
f 3081/3081/3081 3446/3446/3446 3368/3368/3368
f 3128/3128/3128 3311/3311/3311 3448/3448/3448
f 3081/3081/3081 3449/3449/3449 3446/3446/3446
f 3317/3317/3317 3213/3213/3213 3408/3408/3408
f 3168/3168/3168 3374/3374/3374 3320/3320/3320
f 3246/3246/3246 3407/3407/3407 3293/3293/3293
f 3173/3173/3173 3451/3451/3451 3376/3376/3376
f 3377/3377/3377 3410/3410/3410 3081/3081/3081
f 3331/3331/3331 3452/3452/3452 3409/3409/3409
f 2815/2815/2815 3251/3251/3251 3378/3378/3378
f 3379/3379/3379 3215/3215/3215 3454/3454/3454
f 3216/3216/3216 3458/3458/3458 2971/2971/2971
f 3216/3216/3216 3179/3179/3179 3458/3458/3458
f 3177/3177/3177 3416/3416/3416 3460/3460/3460
f 3138/3138/3138 3177/3177/3177 3417/3417/3417
f 3218/3218/3218 3334/3334/3334 3419/3419/3419
f 3418/3418/3418 2975/2975/2975 3045/3045/3045
f 3099/3099/3099 3419/3419/3419 3045/3045/3045
f 3260/3260/3260 3255/3255/3255 3421/3421/3421
f 3338/3338/3338 3461/3461/3461 3227/3227/3227
f 3221/3221/3221 3102/3102/3102 3465/3465/3465
f 3264/3264/3264 3343/3343/3343 3466/3466/3466
f 3343/3343/3343 3384/3384/3384 3466/3466/3466
f 3192/3192/3192 3344/3344/3344 3467/3467/3467
f 3344/3344/3344 3302/3302/3302 3467/3467/3467
f 3346/3346/3346 3265/3265/3265 3469/3469/3469
f 3229/3229/3229 3347/3347/3347 3302/3302/3302
f 3345/3345/3345 3425/3425/3425 3348/3348/3348
f 3306/3306/3306 3305/3305/3305 3470/3470/3470
f 3432/3432/3432 3307/3307/3307 3471/3471/3471
f 3161/3161/3161 3350/3350/3350 3473/3473/3473
f 3392/3392/3392 3475/3475/3475 3116/3116/3116
f 3351/3351/3351 3393/3393/3393 3391/3391/3391
f 3397/3397/3397 3478/3478/3478 3358/3358/3358
f 3356/3356/3356 3478/3478/3478 3397/3397/3397
f 3269/3269/3269 3481/3481/3481 3359/3359/3359
f 3397/3397/3397 3358/3358/3358 3480/3480/3480
f 3123/3123/3123 3396/3396/3396 3208/3208/3208
f 3274/3274/3274 3483/3483/3483 3207/3207/3207
f 3235/3235/3235 3484/3484/3484 3400/3400/3400
f 3278/3278/3278 3401/3401/3401 3487/3487/3487
f 3235/3235/3235 3310/3310/3310 3484/3484/3484
f 3365/3365/3365 3279/3279/3279 3240/3240/3240
f 3360/3360/3360 3440/3440/3440 3442/3442/3442
f 3279/3279/3279 3365/3365/3365 3363/3363/3363
f 3439/3439/3439 3283/3283/3283 3488/3488/3488
f 2992/2992/2992 3362/3362/3362 3165/3165/3165
f 3245/3245/3245 3366/3366/3366 3491/3491/3491
f 3402/3402/3402 3370/3370/3370 3490/3490/3490
f 2844/2844/2844 3317/3317/3317 3281/3281/3281
f 3245/3245/3245 3491/3491/3491 3445/3445/3445
f 3284/3284/3284 3490/3490/3490 3370/3370/3370
f 3368/3368/3368 3446/3446/3446 3310/3310/3310
f 3311/3311/3311 3445/3445/3445 3448/3448/3448
f 3313/3313/3313 3403/3403/3403 3493/3493/3493
f 3313/3313/3313 3493/3493/3493 3315/3315/3315
f 3406/3406/3406 3494/3494/3494 3372/3372/3372
f 3293/3293/3293 3407/3407/3407 3450/3450/3450
f 3330/3330/3330 3497/3497/3497 3499/3499/3499
f 3329/3329/3329 3498/3498/3498 3175/3175/3175
f 3293/3293/3293 3450/3450/3450 3172/3172/3172
f 3136/3136/3136 3175/3175/3175 3248/3248/3248
f 3251/3251/3251 3501/3501/3501 3378/3378/3378
f 3380/3380/3380 3455/3455/3455 3039/3039/3039
f 3415/3415/3415 3296/3296/3296 3459/3459/3459
f 3219/3219/3219 3046/3046/3046 3383/3383/3383
f 3339/3339/3339 3337/3337/3337 3503/3503/3503
f 3338/3338/3338 3502/3502/3502 3461/3461/3461
f 3422/3422/3422 3504/3504/3504 3424/3424/3424
f 3424/3424/3424 3504/3504/3504 3184/3184/3184
f 3185/3185/3185 3506/3506/3506 3384/3384/3384
f 3264/3264/3264 3466/3466/3466 3507/3507/3507
f 3386/3386/3386 3264/3264/3264 3507/3507/3507
f 3190/3190/3190 3385/3385/3385 3193/3193/3193
f 3265/3265/3265 3194/3194/3194 3469/3469/3469
f 3266/3266/3266 3428/3428/3428 3389/3389/3389
f 3433/3433/3433 3472/3472/3472 3434/3434/3434
f 3116/3116/3116 3475/3475/3475 3510/3510/3510
f 3392/3392/3392 3395/3395/3395 3511/3511/3511
f 3395/3395/3395 3475/3475/3475 3392/3392/3392
f 3394/3394/3394 3512/3512/3512 3474/3474/3474
f 3393/3393/3393 3358/3358/3358 3478/3478/3478
f 3394/3394/3394 3479/3479/3479 3512/3512/3512
f 3355/3355/3355 3513/3513/3513 3476/3476/3476
f 3477/3477/3477 3514/3514/3514 3357/3357/3357
f 3358/3358/3358 3515/3515/3515 3478/3478/3478
f 3268/3268/3268 3482/3482/3482 3480/3480/3480
f 3207/3207/3207 3483/3483/3483 3269/3269/3269
f 3398/3398/3398 3235/3235/3235 3400/3400/3400
f 3400/3400/3400 3484/3484/3484 3516/3516/3516
f 3400/3400/3400 3516/3516/3516 3486/3486/3486
f 3439/3439/3439 3488/3488/3488 3441/3441/3441
f 3442/3442/3442 3519/3519/3519 3521/3521/3521
f 3442/3442/3442 3521/3521/3521 3366/3366/3366
f 3283/3283/3283 3367/3367/3367 3488/3488/3488
f 3367/3367/3367 3241/3241/3241 3523/3523/3523
f 3490/3490/3490 3284/3284/3284 3443/3443/3443
f 3286/3286/3286 3447/3447/3447 3444/3444/3444
f 3448/3448/3448 3527/3527/3527 3128/3128/3128
f 3127/3127/3127 3526/3526/3526 3285/3285/3285
f 3406/3406/3406 3315/3315/3315 3494/3494/3494
f 3372/3372/3372 3494/3494/3494 3529/3529/3529
f 3329/3329/3329 3320/3320/3320 3496/3496/3496
f 3327/3327/3327 3531/3531/3531 3324/3324/3324
f 3327/3327/3327 3376/3376/3376 3531/3531/3531
f 3332/3332/3332 3007/3007/3007 3453/3453/3453
f 3414/3414/3414 3533/3533/3533 3090/3090/3090
f 3215/3215/3215 3089/3089/3089 3532/3532/3532
f 3378/3378/3378 3501/3501/3501 3534/3534/3534
f 3215/3215/3215 3532/3532/3532 3454/3454/3454
f 3298/3298/3298 3039/3039/3039 3535/3535/3535
f 3177/3177/3177 3460/3460/3460 3417/3417/3417
f 3045/3045/3045 3220/3220/3220 3382/3382/3382
f 3337/3337/3337 3462/3462/3462 3503/3503/3503
f 3337/3337/3337 3226/3226/3226 3462/3462/3462
f 3421/3421/3421 3537/3537/3537 3423/3423/3423
f 3185/3185/3185 3505/3505/3505 3506/3506/3506
f 3384/3384/3384 3506/3506/3506 3538/3538/3538
f 3384/3384/3384 3538/3538/3538 3466/3466/3466
f 3192/3192/3192 3541/3541/3541 3226/3226/3226
f 3346/3346/3346 3469/3469/3469 3427/3427/3427
f 3427/3427/3427 3542/3542/3542 3428/3428/3428
f 3305/3305/3305 3303/3303/3303 3470/3470/3470
f 3308/3308/3308 3309/3309/3309 3195/3195/3195
f 3161/3161/3161 3473/3473/3473 3544/3544/3544
f 3021/3021/3021 3116/3116/3116 3547/3547/3547
f 3390/3390/3390 3161/3161/3161 3544/3544/3544
f 3390/3390/3390 3544/3544/3544 3438/3438/3438
f 3512/3512/3512 3549/3549/3549 3474/3474/3474
f 3479/3479/3479 3549/3549/3549 3512/3512/3512
f 3356/3356/3356 3435/3435/3435 3515/3515/3515
f 3397/3397/3397 3480/3480/3480 3209/3209/3209
f 3273/3273/3273 3551/3551/3551 3482/3482/3482
f 3272/3272/3272 3208/3208/3208 3550/3550/3550
f 3487/3487/3487 3553/3553/3553 3278/3278/3278
f 3278/3278/3278 3553/3553/3553 3556/3556/3556
f 3278/3278/3278 3556/3556/3556 3364/3364/3364
f 3241/3241/3241 3242/3242/3242 3523/3523/3523
f 3164/3164/3164 3557/3557/3557 3242/3242/3242
f 3317/3317/3317 3408/3408/3408 3281/3281/3281
f 3316/3316/3316 3369/3369/3369 3407/3407/3407
f 3315/3315/3315 3493/3493/3493 3494/3494/3494
f 3213/3213/3213 3291/3291/3291 3560/3560/3560
f 3373/3373/3373 3530/3530/3530 3563/3563/3563
f 3495/3495/3495 3318/3318/3318 3328/3328/3328
f 3081/3081/3081 3410/3410/3410 3449/3449/3449
f 3249/3249/3249 3176/3176/3176 3411/3411/3411
f 3411/3411/3411 3568/3568/3568 3414/3414/3414
f 3378/3378/3378 3534/3534/3534 3007/3007/3007
f 3412/3412/3412 3564/3564/3564 3569/3569/3569
f 3412/3412/3412 3569/3569/3569 3571/3571/3571
f 3414/3414/3414 3457/3457/3457 3533/3533/3533
f 3534/3534/3534 3501/3501/3501 3573/3573/3573
f 3250/3250/3250 2970/2970/2970 3500/3500/3500
f 3455/3455/3455 3574/3574/3574 3577/3577/3577
f 3460/3460/3460 3297/3297/3297 3578/3578/3578
f 3418/3418/3418 3580/3580/3580 3178/3178/3178
f 3423/3423/3423 3537/3537/3537 3505/3505/3505
f 3467/3467/3467 3583/3583/3583 3192/3192/3192
f 3426/3426/3426 3468/3468/3468 3584/3584/3584
f 3427/3427/3427 3585/3585/3585 3542/3542/3542
f 3156/3156/3156 3586/3586/3586 3347/3347/3347
f 3156/3156/3156 3196/3196/3196 3586/3586/3586
f 3196/3196/3196 3588/3588/3588 3586/3586/3586
f 3303/3303/3303 3430/3430/3430 3470/3470/3470
f 3309/3309/3309 3589/3589/3589 3195/3195/3195
f 3350/3350/3350 3231/3231/3231 3434/3434/3434
f 3350/3350/3350 3592/3592/3592 3473/3473/3473
f 3020/3020/3020 3545/3545/3545 3309/3309/3309
f 3474/3474/3474 3549/3549/3549 3509/3509/3509
f 3549/3549/3549 3594/3594/3594 3509/3509/3509
f 3548/3548/3548 3478/3478/3478 3593/3593/3593
f 3551/3551/3551 3209/3209/3209 3482/3482/3482
f 3517/3517/3517 3485/3485/3485 3596/3596/3596
f 3517/3517/3517 3596/3596/3596 3487/3487/3487
f 3441/3441/3441 3488/3488/3488 3518/3518/3518
f 3363/3363/3363 3365/3365/3365 3598/3598/3598
f 3520/3520/3520 3518/3518/3518 3488/3488/3488
f 3364/3364/3364 3556/3556/3556 3280/3280/3280
f 3281/3281/3281 3599/3599/3599 3365/3365/3365
f 3404/3404/3404 3492/3492/3492 3600/3600/3600
f 3403/3403/3403 3601/3601/3601 3603/3603/3603
f 3403/3403/3403 3604/3604/3604 3493/3493/3493
f 3408/3408/3408 3605/3605/3605 3281/3281/3281
f 3494/3494/3494 3493/3493/3493 3607/3607/3607
f 3528/3528/3528 3609/3609/3609 3288/3288/3288
f 3213/3213/3213 3605/3605/3605 3408/3408/3408
f 3494/3494/3494 3610/3610/3610 3529/3529/3529
f 3214/3214/3214 3614/3614/3614 3606/3606/3606
f 3213/3213/3213 3560/3560/3560 3613/3613/3613
f 3291/3291/3291 3615/3615/3615 3560/3560/3560
f 3373/3373/3373 3563/3563/3563 3319/3319/3319
f 3324/3324/3324 3616/3616/3616 3292/3292/3292
f 3376/3376/3376 3617/3617/3617 3531/3531/3531
f 3376/3376/3376 3451/3451/3451 3617/3617/3617
f 3411/3411/3411 3618/3618/3618 3568/3568/3568
f 3007/3007/3007 3620/3620/3620 3453/3453/3453
f 3572/3572/3572 3570/3570/3570 3413/3413/3413
f 3007/3007/3007 3534/3534/3534 3573/3573/3573
f 3413/3413/3413 3570/3570/3570 3456/3456/3456
f 3455/3455/3455 3577/3577/3577 3535/3535/3535
f 3039/3039/3039 3455/3455/3455 3535/3535/3535
f 3458/3458/3458 3621/3621/3621 2971/2971/2971
f 3179/3179/3179 3581/3581/3581 3458/3458/3458
f 3417/3417/3417 3460/3460/3460 3622/3622/3622
f 3417/3417/3417 3622/3622/3622 3382/3382/3382
f 3418/3418/3418 3045/3045/3045 3580/3580/3580
f 3180/3180/3180 3299/3299/3299 3623/3623/3623
f 3045/3045/3045 3419/3419/3419 3624/3624/3624
f 3045/3045/3045 3382/3382/3382 3627/3627/3627
f 3046/3046/3046 3626/3626/3626 3383/3383/3383
f 3462/3462/3462 3226/3226/3226 3636/3636/3636
f 3421/3421/3421 3255/3255/3255 3537/3537/3537
f 3506/3506/3506 3505/3505/3505 3637/3637/3637
f 3506/3506/3506 3637/3637/3637 3538/3538/3538
f 3386/3386/3386 3640/3640/3640 3194/3194/3194
f 3302/3302/3302 3583/3583/3583 3467/3467/3467
f 3194/3194/3194 3640/3640/3640 3641/3641/3641
f 3542/3542/3542 3647/3647/3647 3428/3428/3428
f 3195/3195/3195 3589/3589/3589 3587/3587/3587
f 3510/3510/3510 3649/3649/3649 3116/3116/3116
f 3594/3594/3594 3648/3648/3648 3509/3509/3509
f 3515/3515/3515 3435/3435/3435 3593/3593/3593
f 3478/3478/3478 3515/3515/3515 3593/3593/3593
f 3209/3209/3209 3480/3480/3480 3482/3482/3482
f 3595/3595/3595 3484/3484/3484 3552/3552/3552
f 3487/3487/3487 3596/3596/3596 3650/3650/3650
f 3487/3487/3487 3650/3650/3650 3553/3553/3553
f 3484/3484/3484 3310/3310/3310 3552/3552/3552
f 3310/3310/3310 3555/3555/3555 3552/3552/3552
f 3365/3365/3365 3653/3653/3653 3598/3598/3598
f 3367/3367/3367 3523/3523/3523 3654/3654/3654
f 3367/3367/3367 3654/3654/3654 3488/3488/3488
f 3366/3366/3366 3521/3521/3521 3657/3657/3657
f 3600/3600/3600 3492/3492/3492 3658/3658/3658
f 3404/3404/3404 3600/3600/3600 3602/3602/3602
f 3403/3403/3403 3603/3603/3603 3604/3604/3604
f 3286/3286/3286 3608/3608/3608 3447/3447/3447
f 3369/3369/3369 3660/3660/3660 3407/3407/3407
f 3494/3494/3494 3607/3607/3607 3610/3610/3610
f 3449/3449/3449 3661/3661/3661 3446/3446/3446
f 3324/3324/3324 3662/3662/3662 3616/3616/3616
f 3663/3663/3663 3662/3662/3662 3324/3324/3324
f 3497/3497/3497 3321/3321/3321 3666/3666/3666
f 3324/3324/3324 3531/3531/3531 3663/3663/3663
f 3497/3497/3497 3666/3666/3666 3667/3667/3667
f 3407/3407/3407 3668/3668/3668 3450/3450/3450
f 3329/3329/3329 3320/3320/3320 3496/3496/3496
f 3497/3497/3497 3667/3667/3667 3499/3499/3499
f 3618/3618/3618 3176/3176/3176 3669/3669/3669
f 3176/3176/3176 3499/3499/3499 3669/3669/3669
f 3410/3410/3410 3671/3671/3671 3449/3449/3449
f 3176/3176/3176 3618/3618/3618 3411/3411/3411
f 3409/3409/3409 3619/3619/3619 3670/3670/3670
f 3456/3456/3456 3570/3570/3570 3575/3575/3575
f 3501/3501/3501 2971/2971/2971 3621/3621/3621
f 3577/3577/3577 3672/3672/3672 3535/3535/3535
f 3298/3298/3298 3535/3535/3535 3579/3579/3579
f 3460/3460/3460 3673/3673/3673 3622/3622/3622
f 3460/3460/3460 3578/3578/3578 3673/3673/3673
f 3419/3419/3419 3334/3334/3334 3624/3624/3624
f 3335/3335/3335 3383/3383/3383 3626/3626/3626
f 3334/3334/3334 3417/3417/3417 3382/3382/3382
f 3180/3180/3180 3623/3623/3623 3381/3381/3381
f 3045/3045/3045 3627/3627/3627 3580/3580/3580
f 3383/3383/3383 3674/3674/3674 3299/3299/3299
f 3221/3221/3221 3465/3465/3465 3383/3383/3383
f 3227/3227/3227 3461/3461/3461 3675/3675/3675
f 3227/3227/3227 3675/3675/3675 3101/3101/3101
f 3386/3386/3386 3507/3507/3507 3640/3640/3640
f 3194/3194/3194 3641/3641/3641 3469/3469/3469
f 3302/3302/3302 3679/3679/3679 3583/3583/3583
f 3347/3347/3347 3679/3679/3679 3302/3302/3302
f 3428/3428/3428 3647/3647/3647 3389/3389/3389
f 3431/3431/3431 3389/3389/3389 3471/3471/3471
f 3350/3350/3350 3434/3434/3434 3680/3680/3680
f 3350/3350/3350 3683/3683/3683 3592/3592/3592
f 3350/3350/3350 3680/3680/3680 3683/3683/3683
f 3309/3309/3309 3545/3545/3545 3589/3589/3589
f 3473/3473/3473 3592/3592/3592 3544/3544/3544
f 3116/3116/3116 3649/3649/3649 3547/3547/3547
f 3436/3436/3436 3684/3684/3684 3594/3594/3594
f 3310/3310/3310 3688/3688/3688 3555/3555/3555
f 3365/3365/3365 3599/3599/3599 3653/3653/3653
f 3280/3280/3280 3556/3556/3556 3691/3691/3691
f 3242/3242/3242 3557/3557/3557 3523/3523/3523
f 3366/3366/3366 3657/3657/3657 3491/3491/3491
f 3164/3164/3164 3692/3692/3692 3557/3557/3557
f 3280/3280/3280 3691/3691/3691 3369/3369/3369
f 3603/3603/3603 3694/3694/3694 3604/3604/3604
f 3310/3310/3310 3446/3446/3446 3688/3688/3688
f 3493/3493/3493 3695/3695/3695 3607/3607/3607
f 3607/3607/3607 3696/3696/3696 3610/3610/3610
f 3528/3528/3528 3699/3699/3699 3609/3609/3609
f 3668/3668/3668 3407/3407/3407 3660/3660/3660
f 3529/3529/3529 3610/3610/3610 3562/3562/3562
f 3319/3319/3319 3563/3563/3563 3700/3700/3700
f 3449/3449/3449 3671/3671/3671 3661/3661/3661
f 3450/3450/3450 3668/3668/3668 3702/3702/3702
f 3452/3452/3452 3619/3619/3619 3409/3409/3409
f 3577/3577/3577 3574/3574/3574 3672/3672/3672
f 3535/3535/3535 3672/3672/3672 3704/3704/3704
f 3535/3535/3535 3704/3704/3704 3579/3579/3579
f 3622/3622/3622 3673/3673/3673 3382/3382/3382
f 3044/3044/3044 3381/3381/3381 3638/3638/3638
f 3299/3299/3299 3674/3674/3674 3623/3623/3623
f 3254/3254/3254 3042/3042/3042 3536/3536/3536
f 3461/3461/3461 3631/3631/3631 3675/3675/3675
f 3466/3466/3466 3538/3538/3538 3705/3705/3705
f 3226/3226/3226 3541/3541/3541 3636/3636/3636
f 3466/3466/3466 3705/3705/3705 3706/3706/3706
f 3507/3507/3507 3466/3466/3466 3706/3706/3706
f 3468/3468/3468 3707/3707/3707 3709/3709/3709
f 3468/3468/3468 3709/3709/3709 3584/3584/3584
f 3542/3542/3542 3713/3713/3713 3647/3647/3647
f 3389/3389/3389 3647/3647/3647 3714/3714/3714
f 3389/3389/3389 3715/3715/3715 3471/3471/3471
f 3589/3589/3589 3718/3718/3718 3587/3587/3587
f 3650/3650/3650 3596/3596/3596 3553/3553/3553
f 3655/3655/3655 3721/3721/3721 3489/3489/3489
f 3520/3520/3520 3488/3488/3488 3723/3723/3723
f 3362/3362/3362 3597/3597/3597 3165/3165/3165
f 3657/3657/3657 3521/3521/3521 3724/3724/3724
f 3693/3693/3693 3166/3166/3166 3726/3726/3726
f 3369/3369/3369 3691/3691/3691 3660/3660/3660
f 3446/3446/3446 3661/3661/3661 3688/3688/3688
f 3493/3493/3493 3604/3604/3604 3695/3695/3695
f 3319/3319/3319 3727/3727/3727 3665/3665/3665
f 3667/3667/3667 3669/3669/3669 3499/3499/3499
f 3729/3729/3729 3618/3618/3618 3669/3669/3669
f 3730/3730/3730 3564/3564/3564 3732/3732/3732
f 3564/3564/3564 3730/3730/3730 3569/3569/3569
f 3007/3007/3007 3573/3573/3573 3736/3736/3736
f 3007/3007/3007 3736/3736/3736 3620/3620/3620
f 3570/3570/3570 3733/3733/3733 3575/3575/3575
f 3573/3573/3573 3501/3501/3501 3737/3737/3737
f 3672/3672/3672 3574/3574/3574 3739/3739/3739
f 3579/3579/3579 3704/3704/3704 3741/3741/3741
f 3382/3382/3382 3624/3624/3624 3627/3627/3627
f 3383/3383/3383 3465/3465/3465 3742/3742/3742
f 3537/3537/3537 3043/3043/3043 3637/3637/3637
f 3505/3505/3505 3537/3537/3537 3637/3637/3637
f 3585/3585/3585 3713/3713/3713 3542/3542/3542
f 3584/3584/3584 3709/3709/3709 3743/3743/3743
f 3647/3647/3647 3713/3713/3713 3714/3714/3714
f 3586/3586/3586 3679/3679/3679 3347/3347/3347
f 3472/3472/3472 3746/3746/3746 3434/3434/3434
f 3648/3648/3648 3594/3594/3594 3747/3747/3747
f 3594/3594/3594 3684/3684/3684 3747/3747/3747
f 3750/3750/3750 3753/3753/3753 3754/3754/3754
f 3750/3750/3750 3757/3757/3757 3753/3753/3753
f 3691/3691/3691 3556/3556/3556 3761/3761/3761
f 3686/3686/3686 3689/3689/3689 3763/3763/3763
f 3687/3687/3687 3764/3764/3764 3690/3690/3690
f 3602/3602/3602 3600/3600/3600 3767/3767/3767
f 3601/3601/3601 3766/3766/3766 3603/3603/3603
f 3281/3281/3281 3605/3605/3605 3599/3599/3599
f 3661/3661/3661 3765/3765/3765 3688/3688/3688
f 3695/3695/3695 3604/3604/3604 3694/3694/3694
f 3607/3607/3607 3695/3695/3695 3696/3696/3696
f 3609/3609/3609 3699/3699/3699 3769/3769/3769
f 3612/3612/3612 3559/3559/3559 3697/3697/3697
f 3611/3611/3611 3771/3771/3771 3563/3563/3563
f 3609/3609/3609 3769/3769/3769 3666/3666/3666
f 3616/3616/3616 3662/3662/3662 3561/3561/3561
f 3663/3663/3663 3666/3666/3666 3769/3769/3769
f 3319/3319/3319 3772/3772/3772 3727/3727/3727
f 3531/3531/3531 3617/3617/3617 3667/3667/3667
f 3531/3531/3531 3667/3667/3667 3663/3663/3663
f 3451/3451/3451 3703/3703/3703 3617/3617/3617
f 3703/3703/3703 3775/3775/3775 3617/3617/3617
f 3702/3702/3702 3776/3776/3776 3777/3777/3777
f 3778/3778/3778 3775/3775/3775 3703/3703/3703
f 3778/3778/3778 3782/3782/3782 3775/3775/3775
f 3729/3729/3729 3784/3784/3784 3618/3618/3618
f 3730/3730/3730 3732/3732/3732 3786/3786/3786
f 3781/3781/3781 3777/3777/3777 3790/3790/3790
f 3779/3779/3779 3788/3788/3788 3774/3774/3774
f 3570/3570/3570 3731/3731/3731 3787/3787/3787
f 3781/3781/3781 3790/3790/3790 3793/3793/3793
f 3501/3501/3501 3621/3621/3621 3737/3737/3737
f 3621/3621/3621 3796/3796/3796 3737/3737/3737
f 3621/3621/3621 3458/3458/3458 3797/3797/3797
f 3634/3634/3634 3799/3799/3799 3676/3676/3676
f 3541/3541/3541 3192/3192/3192 3800/3800/3800
f 3583/3583/3583 3801/3801/3801 3192/3192/3192
f 3469/3469/3469 3802/3802/3802 3708/3708/3708
f 3585/3585/3585 3744/3744/3744 3713/3713/3713
f 3709/3709/3709 3806/3806/3806 3743/3743/3743
f 3714/3714/3714 3810/3810/3810 3715/3715/3715
f 3389/3389/3389 3714/3714/3714 3715/3715/3715
f 3471/3471/3471 3715/3715/3715 3745/3745/3745
f 3680/3680/3680 3434/3434/3434 3746/3746/3746
f 3590/3590/3590 3546/3546/3546 3812/3812/3812
f 3649/3649/3649 3815/3815/3815 3547/3547/3547
f 3437/3437/3437 3817/3817/3817 3685/3685/3685
f 3754/3754/3754 3818/3818/3818 3750/3750/3750
f 3751/3751/3751 3819/3819/3819 3823/3823/3823
f 3753/3753/3753 3825/3825/3825 3754/3754/3754
f 3748/3748/3748 3826/3826/3826 3756/3756/3756
f 3831/3831/3831 3757/3757/3757 3832/3832/3832
f 3832/3832/3832 3833/3833/3833 3831/3831/3831
f 3832/3832/3832 3835/3835/3835 3833/3833/3833
f 3656/3656/3656 3833/3833/3833 3835/3835/3835
f 3656/3656/3656 3835/3835/3835 3722/3722/3722
f 3688/3688/3688 3837/3837/3837 3555/3555/3555
f 3165/3165/3165 3597/3597/3597 3652/3652/3652
f 3690/3690/3690 3687/3687/3687 3764/3764/3764
f 3603/3603/3603 3766/3766/3766 3694/3694/3694
f 3696/3696/3696 3695/3695/3695 3839/3839/3839
f 3610/3610/3610 3696/3696/3696 3770/3770/3770
f 3698/3698/3698 3841/3841/3841 3768/3768/3768
f 3561/3561/3561 3843/3843/3843 3699/3699/3699
f 3664/3664/3664 3844/3844/3844 3608/3608/3608
f 3561/3561/3561 3662/3662/3662 3843/3843/3843
f 3661/3661/3661 3846/3846/3846 3765/3765/3765
f 3662/3662/3662 3663/3663/3663 3848/3848/3848
f 3662/3662/3662 3848/3848/3848 3849/3849/3849
f 3663/3663/3663 3769/3769/3769 3848/3848/3848
f 3667/3667/3667 3666/3666/3666 3663/3663/3663
f 3668/3668/3668 3850/3850/3850 3702/3702/3702
f 3667/3667/3667 3617/3617/3617 3851/3851/3851
f 3729/3729/3729 3669/3669/3669 3853/3853/3853
f 3661/3661/3661 3671/3671/3671 3846/3846/3846
f 3729/3729/3729 3853/3853/3853 3856/3856/3856
f 3791/3791/3791 3782/3782/3782 3775/3775/3775
f 3618/3618/3618 3784/3784/3784 3568/3568/3568
f 3789/3789/3789 3780/3780/3780 3792/3792/3792
f 3566/3566/3566 3859/3859/3859 3733/3733/3733
f 3570/3570/3570 3787/3787/3787 3733/3733/3733
f 3575/3575/3575 3733/3733/3733 3861/3861/3861
f 3737/3737/3737 3796/3796/3796 3573/3573/3573
f 3704/3704/3704 3672/3672/3672 3741/3741/3741
f 3458/3458/3458 3581/3581/3581 3630/3630/3630
f 3382/3382/3382 3673/3673/3673 3624/3624/3624
f 3674/3674/3674 3863/3863/3863 3623/3623/3623
f 3623/3623/3623 3863/3863/3863 3381/3381/3381
f 3383/3383/3383 3742/3742/3742 3674/3674/3674
f 3102/3102/3102 3866/3866/3866 3465/3465/3465
f 3101/3101/3101 3675/3675/3675 3865/3865/3865
f 3192/3192/3192 3801/3801/3801 3800/3800/3800
f 3469/3469/3469 3641/3641/3641 3802/3802/3802
f 3713/3713/3713 3744/3744/3744 3714/3714/3714
f 3714/3714/3714 3744/3744/3744 3807/3807/3807
f 3717/3717/3717 3870/3870/3870 3746/3746/3746
f 3588/3588/3588 3720/3720/3720 3586/3586/3586
f 3746/3746/3746 3872/3872/3872 3683/3683/3683
f 3680/3680/3680 3746/3746/3746 3683/3683/3683
f 3873/3873/3873 3875/3875/3875 3878/3878/3878
f 3878/3878/3878 3880/3880/3880 3873/3873/3873
f 3878/3878/3878 3882/3882/3882 3880/3880/3880
f 3749/3749/3749 3820/3820/3820 3827/3827/3827
f 3753/3753/3753 3884/3884/3884 3825/3825/3825
f 3832/3832/3832 3757/3757/3757 3829/3829/3829
f 3832/3832/3832 3829/3829/3829 3835/3835/3835
f 3753/3753/3753 3757/3757/3757 3831/3831/3831
f 3757/3757/3757 3831/3831/3831 3753/3753/3753
f 3831/3831/3831 3833/3833/3833 3753/3753/3753
f 3830/3830/3830 3752/3752/3752 3885/3885/3885
f 3833/3833/3833 3887/3887/3887 3753/3753/3753
f 3761/3761/3761 3556/3556/3556 3838/3838/3838
f 3656/3656/3656 3524/3524/3524 3833/3833/3833
f 3489/3489/3489 3888/3888/3888 3724/3724/3724
f 3765/3765/3765 3758/3758/3758 3688/3688/3688
f 3657/3657/3657 3724/3724/3724 3889/3889/3889
f 3691/3691/3691 3761/3761/3761 3660/3660/3660
f 3527/3527/3527 3448/3448/3448 3892/3892/3892
f 3696/3696/3696 3839/3839/3839 3770/3770/3770
f 3608/3608/3608 3894/3894/3894 3447/3447/3447
f 3563/3563/3563 3771/3771/3771 3896/3896/3896
f 3699/3699/3699 3843/3843/3843 3848/3848/3848
f 3608/3608/3608 3844/3844/3844 3894/3894/3894
f 3664/3664/3664 3897/3897/3897 3844/3844/3844
f 3662/3662/3662 3900/3900/3900 3843/3843/3843
f 3769/3769/3769 3842/3842/3842 3848/3848/3848
f 3727/3727/3727 3898/3898/3898 3665/3665/3665
f 3662/3662/3662 3849/3849/3849 3900/3900/3900
f 3702/3702/3702 3850/3850/3850 3902/3902/3902
f 3667/3667/3667 3851/3851/3851 3669/3669/3669
f 3776/3776/3776 3702/3702/3702 3902/3902/3902
f 3846/3846/3846 3671/3671/3671 3903/3903/3903
f 3777/3777/3777 3776/3776/3776 3790/3790/3790
f 3729/3729/3729 3856/3856/3856 3784/3784/3784
f 3671/3671/3671 3906/3906/3906 3903/3903/3903
f 3790/3790/3790 3908/3908/3908 3781/3781/3781
f 3782/3782/3782 3909/3909/3909 3775/3775/3775
f 3670/3670/3670 3619/3619/3619 3734/3734/3734
f 3671/3671/3671 3736/3736/3736 3906/3906/3906
f 3576/3576/3576 3862/3862/3862 3740/3740/3740
f 3621/3621/3621 3797/3797/3797 3796/3796/3796
f 3739/3739/3739 3910/3910/3910 3672/3672/3672
f 3741/3741/3741 3672/3672/3672 3910/3910/3910
f 3458/3458/3458 3630/3630/3630 3797/3797/3797
f 3741/3741/3741 3910/3910/3910 3625/3625/3625
f 3625/3625/3625 3579/3579/3579 3741/3741/3741
f 3624/3624/3624 3673/3673/3673 3578/3578/3578
f 3625/3625/3625 3911/3911/3911 3628/3628/3628
f 3799/3799/3799 3465/3465/3465 3676/3676/3676
f 3676/3676/3676 3465/3465/3465 3866/3866/3866
f 3705/3705/3705 3538/3538/3538 3913/3913/3913
f 3706/3706/3706 3705/3705/3705 3913/3913/3913
f 3640/3640/3640 3507/3507/3507 3641/3641/3641
f 3583/3583/3583 3915/3915/3915 3801/3801/3801
f 3918/3918/3918 3915/3915/3915 3583/3583/3583
f 3582/3582/3582 3677/3677/3677 3916/3916/3916
f 3710/3710/3710 3708/3708/3708 3802/3802/3802
f 3714/3714/3714 3807/3807/3807 3810/3810/3810
f 3746/3746/3746 3870/3870/3870 3872/3872/3872
f 3591/3591/3591 3682/3682/3682 3543/3543/3543
f 3882/3882/3882 3878/3878/3878 3919/3919/3919
f 3876/3876/3876 3874/3874/3874 3921/3921/3921
f 3880/3880/3880 3882/3882/3882 3923/3923/3923
f 3880/3880/3880 3923/3923/3923 3925/3925/3925
f 3927/3927/3927 3925/3925/3925 3929/3929/3929
f 3754/3754/3754 3925/3925/3925 3927/3927/3927
f 3754/3754/3754 3825/3825/3825 3931/3931/3931
f 3556/3556/3556 3933/3933/3933 3838/3838/3838
f 3721/3721/3721 3834/3834/3834 3888/3888/3888
f 3489/3489/3489 3721/3721/3721 3888/3888/3888
f 3724/3724/3724 3888/3888/3888 3934/3934/3934
f 3688/3688/3688 3758/3758/3758 3837/3837/3837
f 3165/3165/3165 3652/3652/3652 3725/3725/3725
f 3693/3693/3693 3726/3726/3726 3939/3939/3939
f 3893/3893/3893 3941/3941/3941 3528/3528/3528
f 3528/3528/3528 3941/3941/3941 3699/3699/3699
f 3771/3771/3771 3840/3840/3840 3896/3896/3896
f 3842/3842/3842 3699/3699/3699 3848/3848/3848
f 3848/3848/3848 3843/3843/3843 3900/3900/3900
f 3900/3900/3900 3849/3849/3849 3848/3848/3848
f 3846/3846/3846 3942/3942/3942 3765/3765/3765
f 3668/3668/3668 3944/3944/3944 3850/3850/3850
f 3319/3319/3319 3700/3700/3700 3772/3772/3772
f 3851/3851/3851 3853/3853/3853 3669/3669/3669
f 3617/3617/3617 3775/3775/3775 3851/3851/3851
f 3790/3790/3790 3776/3776/3776 3946/3946/3946
f 3790/3790/3790 3946/3946/3946 3908/3908/3908
f 3909/3909/3909 3948/3948/3948 3851/3851/3851
f 3905/3905/3905 3735/3735/3735 3950/3950/3950
f 3796/3796/3796 3736/3736/3736 3573/3573/3573
f 3796/3796/3796 3954/3954/3954 3736/3736/3736
f 3740/3740/3740 3862/3862/3862 3958/3958/3958
f 3738/3738/3738 3956/3956/3956 3860/3860/3860
f 3958/3958/3958 3740/3740/3740 3862/3862/3862
f 3739/3739/3739 3957/3957/3957 3910/3910/3910
f 3797/3797/3797 3630/3630/3630 3796/3796/3796
f 3638/3638/3638 3381/3381/3381 3959/3959/3959
f 3540/3540/3540 3961/3961/3961 3635/3635/3635
f 3541/3541/3541 3800/3800/3800 3963/3963/3963
f 3706/3706/3706 3913/3913/3913 3507/3507/3507
f 3645/3645/3645 3508/3508/3508 3805/3805/3805
f 3711/3711/3711 3803/3803/3803 3642/3642/3642
f 3712/3712/3712 3643/3643/3643 3808/3808/3808
f 3810/3810/3810 3964/3964/3964 3715/3715/3715
f 3719/3719/3719 3590/3590/3590 3967/3967/3967
f 3547/3547/3547 3815/3815/3815 3813/3813/3813
f 3438/3438/3438 3544/3544/3544 3970/3970/3970
f 3437/3437/3437 3969/3969/3969 3817/3817/3817
f 3648/3648/3648 3816/3816/3816 3814/3814/3814
f 3747/3747/3747 3816/3816/3816 3648/3648/3648
f 3684/3684/3684 3816/3816/3816 3747/3747/3747
f 3882/3882/3882 3971/3971/3971 3973/3973/3973
f 3973/3973/3973 3971/3971/3971 3975/3975/3975
f 3882/3882/3882 3973/3973/3973 3923/3923/3923
f 3929/3929/3929 3923/3923/3923 3973/3973/3973
f 3923/3923/3923 3929/3929/3929 3925/3925/3925
f 3929/3929/3929 3973/3973/3973 3979/3979/3979
f 3929/3929/3929 3979/3979/3979 3927/3927/3927
f 3754/3754/3754 3931/3931/3931 3981/3981/3981
f 3823/3823/3823 3819/3819/3819 3983/3983/3983
f 3930/3930/3930 3824/3824/3824 3980/3980/3980
f 3821/3821/3821 3986/3986/3986 3828/3828/3828
f 3836/3836/3836 3932/3932/3932 3554/3554/3554
f 3829/3829/3829 3992/3992/3992 3835/3835/3835
f 3758/3758/3758 3765/3765/3765 3995/3995/3995
f 3695/3695/3695 3694/3694/3694 3839/3839/3839
f 3668/3668/3668 3660/3660/3660 3761/3761/3761
f 3761/3761/3761 3944/3944/3944 3668/3668/3668
f 3941/3941/3941 3998/3998/3998 3699/3699/3699
f 3845/3845/3845 3728/3728/3728 3895/3895/3895
f 3845/3845/3845 3899/3899/3899 3728/3728/3728
f 3850/3850/3850 3944/3944/3944 3999/3999/3999
f 3850/3850/3850 3999/3999/3999 3902/3902/3902
f 3906/3906/3906 4001/4001/4001 3903/3903/3903
f 3904/3904/3904 4004/4004/4004 3847/3847/3847
f 3851/3851/3851 3775/3775/3775 3909/3909/3909
f 3776/3776/3776 3902/3902/3902 3946/3946/3946
f 3852/3852/3852 3949/3949/3949 3855/3855/3855
f 3567/3567/3567 3783/3783/3783 4007/4007/4007
f 3861/3861/3861 3733/3733/3733 4009/4009/4009
f 3794/3794/3794 4010/4010/4010 3953/3953/3953
f 3794/3794/3794 3911/3911/3911 4010/4010/4010
f 3794/3794/3794 3628/3628/3628 3911/3911/3911
f 3795/3795/3795 3912/3912/3912 3629/3629/3629
f 3628/3628/3628 3911/3911/3911 3794/3794/3794
f 3625/3625/3625 3957/3957/3957 3911/3911/3911
f 3465/3465/3465 4012/4012/4012 3742/3742/3742
f 3863/3863/3863 4013/4013/4013 3381/3381/3381
f 3798/3798/3798 3632/3632/3632 3463/3463/3463
f 3914/3914/3914 3539/3539/3539 3639/3639/3639
f 3540/3540/3540 3962/3962/3962 3961/3961/3961
f 3914/3914/3914 3805/3805/3805 3508/3508/3508
f 3715/3715/3715 3964/3964/3964 3867/3867/3867
f 3716/3716/3716 3868/3868/3868 3965/3965/3965
f 3871/3871/3871 3869/3869/3869 4016/4016/4016
f 3871/3871/3871 4016/4016/4016 3682/3682/3682
f 3879/3879/3879 3877/3877/3877 3920/3920/3920
f 3973/3973/3973 3975/3975/3975 4017/4017/4017
f 4017/4017/4017 3975/3975/3975 4018/4018/4018
f 3979/3979/3979 4021/4021/4021 3927/3927/3927
f 3755/3755/3755 3928/3928/3928 4023/4023/4023
f 3755/3755/3755 4023/4023/4023 3819/3819/3819
f 3754/3754/3754 3981/3981/3981 3925/3925/3925
f 3983/3983/3983 3819/3819/3819 4023/4023/4023
f 3824/3824/3824 3883/3883/3883 3980/3980/3980
f 3822/3822/3822 3982/3982/3982 3987/3987/3987
f 3825/3825/3825 3981/3981/3981 3884/3884/3884
f 3829/3829/3829 3988/3988/3988 3992/3992/3992
f 3834/3834/3834 3991/3991/3991 3888/3888/3888
f 3887/3887/3887 3833/3833/3833 3524/3524/3524
f 3724/3724/3724 3934/3934/3934 3889/3889/3889
f 3765/3765/3765 4025/4025/4025 3995/3995/3995
f 3600/3600/3600 3658/3658/3658 4030/4030/4030
f 3725/3725/3725 4031/4031/4031 3937/3937/3937
f 3936/3936/3936 4033/4033/4033 4035/4035/4035
f 3694/3694/3694 4039/4039/4039 3839/3839/3839
f 3447/3447/3447 3894/3894/3894 3891/3891/3891
f 3699/3699/3699 4041/4041/4041 3614/3614/3614
f 3998/3998/3998 4041/4041/4041 3699/3699/3699
f 3563/3563/3563 4042/4042/4042 3700/3700/3700
f 3563/3563/3563 3896/3896/3896 4042/4042/4042
f 3736/3736/3736 3954/3954/3954 3951/3951/3951
f 3908/3908/3908 3946/3946/3946 3947/3947/3947
f 3565/3565/3565 4005/4005/4005 3858/3858/3858
f 3958/3958/3958 3862/3862/3862 4045/4045/4045
f 3910/3910/3910 3957/3957/3957 3625/3625/3625
f 3644/3644/3644 3804/3804/3804 4047/4047/4047
f 3915/3915/3915 4050/4050/4050 3801/3801/3801
f 3678/3678/3678 4051/4051/4051 3917/3917/3917
f 3679/3679/3679 3586/3586/3586 4052/4052/4052
f 3586/3586/3586 3720/3720/3720 3968/3968/3968
f 3813/3813/3813 3815/3815/3815 4054/4054/4054
f 3882/3882/3882 3919/3919/3919 3971/3971/3971
f 3975/3975/3975 4055/4055/4055 4018/4018/4018
f 3880/3880/3880 4057/4057/4057 3873/3873/3873
f 4017/4017/4017 4018/4018/4018 4062/4062/4062
f 4017/4017/4017 4062/4062/4062 3973/3973/3973
f 3973/3973/3973 4062/4062/4062 3979/3979/3979
f 3926/3926/3926 4066/4066/4066 3881/3881/3881
f 3926/3926/3926 4068/4068/4068 4066/4066/4066
f 3924/3924/3924 3980/3980/3980 4067/4067/4067
f 3599/3599/3599 4072/4072/4072 3653/3653/3653
f 3994/3994/3994 4073/4073/4073 4024/4024/4024
f 3995/3995/3995 4025/4025/4025 4074/4074/4074
f 3557/3557/3557 4075/4075/4075 3523/3523/3523
f 3558/3558/3558 3693/3693/3693 4076/4076/4076
f 3939/3939/3939 4038/4038/4038 3693/3693/3693
f 3938/3938/3938 4032/4032/4032 4034/4034/4034
f 3767/3767/3767 3600/3600/3600 4077/4077/4077
f 3766/3766/3766 4079/4079/4079 3694/3694/3694
f 3694/3694/3694 4079/4079/4079 4039/4039/4039
f 3765/3765/3765 3942/3942/3942 4025/4025/4025
f 3839/3839/3839 4082/4082/4082 4084/4084/4084
f 3839/3839/3839 4039/4039/4039 4082/4082/4082
f 3840/3840/3840 4085/4085/4085 3896/3896/3896
f 3896/3896/3896 4087/4087/4087 4042/4042/4042
f 3895/3895/3895 4089/4089/4089 4090/4090/4090
f 3728/3728/3728 4089/4089/4089 3895/3895/3895
f 3773/3773/3773 3701/3701/3701 4092/4092/4092
f 3728/3728/3728 3773/3773/3773 4092/4092/4092
f 3847/3847/3847 4093/4093/4093 3943/3943/3943
f 3902/3902/3902 3999/3999/3999 4094/4094/4094
f 3857/3857/3857 3854/3854/3854 4095/4095/4095
f 3783/3783/3783 4097/4097/4097 4007/4007/4007
f 3733/3733/3733 3859/3859/3859 4099/4099/4099
f 3733/3733/3733 4099/4099/4099 4009/4009/4009
f 3861/3861/3861 4009/4009/4009 4099/4099/4099
f 4011/4011/4011 4101/4101/4101 3955/3955/3955
f 4010/4010/4010 3911/3911/3911 3957/3957/3957
f 3742/3742/3742 4012/4012/4012 4103/4103/4103
f 3381/3381/3381 4013/4013/4013 3959/3959/3959
f 3800/3800/3800 4104/4104/4104 3963/3963/3963
f 3914/3914/3914 4106/4106/4106 3805/3805/3805
f 4105/4105/4105 4047/4047/4047 3804/3804/3804
f 3809/3809/3809 3646/3646/3646 4048/4048/4048
f 3915/3915/3915 3918/3918/3918 4050/4050/4050
f 3809/3809/3809 4048/4048/4048 4108/4108/4108
f 3809/3809/3809 4108/4108/4108 3811/3811/3811
f 3869/3869/3869 3966/3966/3966 3811/3811/3811
f 3682/3682/3682 4110/4110/4110 4112/4112/4112
f 4109/4109/4109 3681/3681/3681 4111/4111/4111
f 3967/3967/3967 3590/3590/3590 4113/4113/4113
f 3813/3813/3813 4054/4054/4054 4116/4116/4116
f 3920/3920/3920 3877/3877/3877 4117/4117/4117
f 3874/3874/3874 4059/4059/4059 3921/3921/3921
f 4118/4118/4118 4069/4069/4069 4121/4121/4121
f 3651/3651/3651 4070/4070/4070 4119/4119/4119
f 3652/3652/3652 4120/4120/4120 4071/4071/4071
f 4120/4120/4120 4122/4122/4122 4071/4071/4071
f 4123/4123/4123 3888/3888/3888 3991/3991/3991
f 3753/3753/3753 3887/3887/3887 3884/3884/3884
f 3652/3652/3652 4071/4071/4071 4125/4125/4125
f 3652/3652/3652 4125/4125/4125 4126/4126/4126
f 3888/3888/3888 4123/4123/4123 3934/3934/3934
f 3996/3996/3996 4026/4026/4026 4129/4129/4129
f 3759/3759/3759 3997/3997/3997 4130/4130/4130
f 3693/3693/3693 4038/4038/4038 4076/4076/4076
f 3600/3600/3600 4030/4030/4030 4077/4077/4077
f 3760/3760/3760 4131/4131/4131 4133/4133/4133
f 4034/4034/4034 4137/4137/4137 4037/4037/4037
f 3767/3767/3767 4077/4077/4077 4080/4080/4080
f 3762/3762/3762 4135/4135/4135 4140/4140/4140
f 3614/3614/3614 4141/4141/4141 3606/3606/3606
f 3614/3614/3614 4041/4041/4041 4141/4141/4141
f 3943/3943/3943 4135/4135/4135 4029/4029/4029
f 3761/3761/3761 4138/4138/4138 3944/3944/3944
f 4043/4043/4043 4088/4088/4088 4086/4086/4086
f 4043/4043/4043 4086/4086/4086 4142/4142/4142
f 3896/3896/3896 4085/4085/4085 4087/4087/4087
f 4089/4089/4089 3728/3728/3728 4090/4090/4090
f 3728/3728/3728 4092/4092/4092 4090/4090/4090
f 3700/3700/3700 4042/4042/4042 4091/4091/4091
f 3847/3847/3847 4004/4004/4004 4093/4093/4093
f 3945/3945/3945 3901/3901/3901 4002/4002/4002
f 3785/3785/3785 3857/3857/3857 4144/4144/4144
f 4001/4001/4001 3906/3906/3906 4145/4145/4145
f 3947/3947/3947 3946/3946/3946 4146/4146/4146
f 3954/3954/3954 4100/4100/4100 4147/4147/4147
f 4011/4011/4011 3958/3958/3958 4045/4045/4045
f 4155/4155/4155 3863/3863/3863 3674/3674/3674
f 3633/3633/3633 4156/4156/4156 3464/3464/3464
f 3464/3464/3464 4160/4160/4160 4161/4161/4161
f 3962/3962/3962 4163/4163/4163 3961/3961/3961
f 4106/4106/4106 3914/3914/3914 4166/4166/4166
f 3800/3800/3800 3801/3801/3801 4104/4104/4104
f 3869/3869/3869 3811/3811/3811 4168/4168/4168
f 3586/3586/3586 3968/3968/3968 4052/4052/4052
f 3869/3869/3869 4168/4168/4168 4016/4016/4016
f 3812/3812/3812 4113/4113/4113 3590/3590/3590
f 3969/3969/3969 4170/4170/4170 3817/3817/3817
f 3814/3814/3814 4115/4115/4115 4053/4053/4053
f 3814/3814/3814 3816/3816/3816 4115/4115/4115
f 3976/3976/3976 4172/4172/4172 4056/4056/4056
f 4019/4019/4019 4174/4174/4174 4175/4175/4175
f 3979/3979/3979 4177/4177/4177 3973/3973/3973
f 4060/4060/4060 4180/4180/4180 3977/3977/3977
f 3978/3978/3978 4181/4181/4181 4176/4176/4176
f 3973/3973/3973 4062/4062/4062 3979/3979/3979
f 3979/3979/3979 4062/4062/4062 4021/4021/4021
f 4068/4068/4068 4187/4187/4187 4066/4066/4066
f 3883/3883/3883 4067/4067/4067 3980/3980/3980
f 4125/4125/4125 4189/4189/4189 4126/4126/4126
f 3522/3522/3522 4191/4191/4191 3886/3886/3886
f 3652/3652/3652 4126/4126/4126 3725/3725/3725
f 3657/3657/3657 3889/3889/3889 4193/4193/4193
f 3599/3599/3599 3605/3605/3605 4195/4195/4195
f 4030/4030/4030 3658/3658/3658 4197/4197/4197
f 4029/4029/4029 4135/4135/4135 4132/4132/4132
f 3940/3940/3940 4036/4036/4036 4199/4199/4199
f 3944/3944/3944 4138/4138/4138 3999/3999/3999
f 4090/4090/4090 4043/4043/4043 4142/4142/4142
f 3943/3943/3943 4093/4093/4093 4135/4135/4135
f 3895/3895/3895 4090/4090/4090 4142/4142/4142
f 4093/4093/4093 4004/4004/4004 4000/4000/4000
f 4094/4094/4094 4003/4003/4003 3902/3902/3902
f 3946/3946/3946 4003/4003/4003 4146/4146/4146
f 4008/4008/4008 4098/4098/4098 4202/4202/4202
f 3954/3954/3954 4147/4147/4147 3951/3951/3951
f 3907/3907/3907 3952/3952/3952 4148/4148/4148
f 3906/3906/3906 4147/4147/4147 4145/4145/4145
f 3861/3861/3861 4099/4099/4099 4006/4006/4006
f 3861/3861/3861 4006/4006/4006 4044/4044/4044
f 3674/3674/3674 3742/3742/3742 4155/4155/4155
f 3960/3960/3960 4014/4014/4014 3639/3639/3639
f 3635/3635/3635 3961/3961/3961 4157/4157/4157
f 4204/4204/4204 4207/4207/4207 4014/4014/4014
f 3914/3914/3914 4014/4014/4014 4166/4166/4166
f 3914/3914/3914 3639/3639/3639 4014/4014/4014
f 4207/4207/4207 4210/4210/4210 4014/4014/4014
f 4104/4104/4104 4164/4164/4164 3963/3963/3963
f 4105/4105/4105 4213/4213/4213 4215/4215/4215
f 4105/4105/4105 4215/4215/4215 4107/4107/4107
f 4047/4047/4047 4105/4105/4105 4107/4107/4107
f 4052/4052/4052 4218/4218/4218 3918/3918/3918
f 3811/3811/3811 4219/4219/4219 4168/4168/4168
f 4015/4015/4015 4220/4220/4220 4167/4167/4167
f 4015/4015/4015 4220/4220/4220 4222/4222/4222
f 3682/3682/3682 4016/4016/4016 4225/4225/4225
f 4226/4226/4226 4172/4172/4172 3972/3972/3972
f 3976/3976/3976 3972/3972/3972 4172/4172/4172
f 4055/4055/4055 4228/4228/4228 4018/4018/4018
f 4019/4019/4019 4232/4232/4232 4065/4065/4065
f 4058/4058/4058 3881/3881/3881 4233/4233/4233
f 4066/4066/4066 4236/4236/4236 3881/3881/3881
f 3974/3974/3974 4179/4179/4179 4186/4186/4186
f 4064/4064/4064 3974/3974/3974 4186/4186/4186
f 4020/4020/4020 4061/4061/4061 4182/4182/4182
f 4066/4066/4066 4187/4187/4187 4236/4236/4236
f 3886/3886/3886 4191/4191/4191 3883/3883/3883
f 4071/4071/4071 4189/4189/4189 4125/4125/4125
f 4072/4072/4072 4128/4128/4128 4190/4190/4190
f 4238/4238/4238 4027/4027/4027 4240/4240/4240
f 4241/4241/4241 4028/4028/4028 4239/4239/4239
f 4072/4072/4072 3599/3599/3599 4128/4128/4128
f 3525/3525/3525 4076/4076/4076 4242/4242/4242
f 3725/3725/3725 4126/4126/4126 4243/4243/4243
f 3725/3725/3725 4243/4243/4243 4031/4031/4031
f 4245/4245/4245 4194/4194/4194 4076/4076/4076
f 4194/4194/4194 3890/3890/3890 4246/4246/4246
f 4032/4032/4032 4244/4244/4244 4034/4034/4034
f 4037/4037/4037 4137/4137/4137 4248/4248/4248
f 4137/4137/4137 4034/4034/4034 4248/4248/4248
f 3659/3659/3659 3893/3893/3893 4198/4198/4198
f 3895/3895/3895 4198/4198/4198 3893/3893/3893
f 4036/4036/4036 4249/4249/4249 4199/4199/4199
f 4251/4251/4251 4040/4040/4040 4081/4081/4081
f 3941/3941/3941 4200/4200/4200 3998/3998/3998
f 4142/4142/4142 4086/4086/4086 4252/4252/4252
f 3895/3895/3895 4142/4142/4142 4252/4252/4252
f 3999/3999/3999 4138/4138/4138 4253/4253/4253
f 4092/4092/4092 4043/4043/4043 4090/4090/4090
f 3999/3999/3999 4003/4003/4003 4094/4094/4094
f 3857/3857/3857 4095/4095/4095 4144/4144/4144
f 3859/3859/3859 4006/4006/4006 4099/4099/4099
f 4146/4146/4146 4149/4149/4149 3947/3947/3947
f 4102/4102/4102 4257/4257/4257 4259/4259/4259
f 4011/4011/4011 4255/4255/4255 4101/4101/4101
f 4011/4011/4011 4045/4045/4045 4255/4255/4255
f 4103/4103/4103 4261/4261/4261 3742/3742/3742
f 4160/4160/4160 3464/3464/3464 4156/4156/4156
f 4103/4103/4103 4012/4012/4012 4261/4261/4261
f 4155/4155/4155 3742/3742/3742 4263/4263/4263
f 4155/4155/4155 4265/4265/4265 3863/3863/3863
f 4213/4213/4213 4267/4267/4267 4270/4270/4270
f 3863/3863/3863 4203/4203/4203 4013/4013/4013
f 4105/4105/4105 4165/4165/4165 4213/4213/4213
f 4104/4104/4104 3801/3801/3801 4164/4164/4164
f 4108/4108/4108 4271/4271/4271 3811/3811/3811
f 3811/3811/3811 4271/4271/4271 4219/4219/4219
f 3918/3918/3918 4272/4272/4272 4050/4050/4050
f 4219/4219/4219 4273/4273/4273 4274/4274/4274
f 4218/4218/4218 4272/4272/4272 3918/3918/3918
f 4219/4219/4219 4274/4274/4274 4168/4168/4168
f 4052/4052/4052 4272/4272/4272 4218/4218/4218
f 4272/4272/4272 4052/4052/4052 3968/3968/3968
f 4168/4168/4168 4274/4274/4274 4221/4221/4221
f 4112/4112/4112 3682/3682/3682 4275/4275/4275
f 3816/3816/3816 4169/4169/4169 4115/4115/4115
f 3972/3972/3972 3920/3920/3920 4226/4226/4226
f 4056/4056/4056 4172/4172/4172 4276/4276/4276
f 4018/4018/4018 4228/4228/4228 4173/4173/4173
f 4019/4019/4019 4277/4277/4277 4232/4232/4232
f 4019/4019/4019 4175/4175/4175 4277/4277/4277
f 4059/4059/4059 4234/4234/4234 4278/4278/4278
f 4233/4233/4233 3881/3881/3881 4236/4236/4236
f 3525/3525/3525 4242/4242/4242 4192/4192/4192
f 3599/3599/3599 4195/4195/4195 4128/4128/4128
f 3893/3893/3893 3659/3659/3659 4280/4280/4280
f 3941/3941/3941 3893/3893/3893 4245/4245/4245
f 4030/4030/4030 4197/4197/4197 4077/4077/4077
f 3606/3606/3606 4141/4141/4141 4282/4282/4282
f 4139/4139/4139 4134/4134/4134 4283/4283/4283
f 4041/4041/4041 3998/3998/3998 4141/4141/4141
f 4040/4040/4040 4251/4251/4251 4287/4287/4287
f 3895/3895/3895 4252/4252/4252 4198/4198/4198
f 4040/4040/4040 4287/4287/4287 4083/4083/4083
f 4252/4252/4252 4086/4086/4086 4083/4083/4083
f 4000/4000/4000 4254/4254/4254 4093/4093/4093
f 3783/3783/3783 4143/4143/4143 4097/4097/4097
f 3949/3949/3949 4153/4153/4153 4292/4292/4292
f 4270/4270/4270 4294/4294/4294 4298/4298/4298
f 3465/3465/3465 4162/4162/4162 4012/4012/4012
f 4213/4213/4213 4300/4300/4300 4267/4267/4267
f 4213/4213/4213 4270/4270/4270 4298/4298/4298
f 3864/3864/3864 4266/4266/4266 4205/4205/4205
f 3961/3961/3961 4303/4303/4303 4157/4157/4157
f 4166/4166/4166 4014/4014/4014 4210/4210/4210
f 4213/4213/4213 4298/4298/4298 4304/4304/4304
f 4216/4216/4216 4214/4214/4214 4305/4305/4305
f 4165/4165/4165 4209/4209/4209 4307/4307/4307
f 4303/4303/4303 3961/3961/3961 4163/4163/4163
f 4165/4165/4165 4307/4307/4307 4213/4213/4213
f 4108/4108/4108 4217/4217/4217 4306/4306/4306
f 4108/4108/4108 4306/4306/4306 4271/4271/4271
f 4219/4219/4219 4271/4271/4271 4273/4273/4273
f 4272/4272/4272 3968/3968/3968 4050/4050/4050
f 4221/4221/4221 4274/4274/4274 4225/4225/4225
f 4275/4275/4275 3682/3682/3682 4225/4225/4225
f 3543/3543/3543 3682/3682/3682 4309/4309/4309
f 3543/3543/3543 4309/4309/4309 4312/4312/4312
f 3544/3544/3544 4313/4313/4313 3970/3970/3970
f 3813/3813/3813 4116/4116/4116 4315/4315/4315
f 4172/4172/4172 4226/4226/4226 4276/4276/4276
f 4056/4056/4056 4276/4276/4276 4316/4316/4316
f 4229/4229/4229 4056/4056/4056 4316/4316/4316
f 3922/3922/3922 4319/4319/4319 3877/3877/3877
f 3921/3921/3921 4059/4059/4059 4321/4321/4321
f 4059/4059/4059 4278/4278/4278 4321/4321/4321
f 4174/4174/4174 4325/4325/4325 4175/4175/4175
f 4068/4068/4068 4327/4327/4327 4187/4187/4187
f 3990/3990/3990 4330/4330/4330 3993/3993/3993
f 4124/4124/4124 3993/3993/3993 3935/3935/3935
f 3993/3993/3993 4242/4242/4242 3935/3935/3935
f 4128/4128/4128 4195/4195/4195 4332/4332/4332
f 4076/4076/4076 4194/4194/4194 4246/4246/4246
f 3890/3890/3890 3935/3935/3935 4246/4246/4246
f 4248/4248/4248 4335/4335/4335 4037/4037/4037
f 3659/3659/3659 4194/4194/4194 4280/4280/4280
f 3941/3941/3941 4245/4245/4245 4038/4038/4038
f 4194/4194/4194 4245/4245/4245 3893/3893/3893
f 3893/3893/3893 4280/4280/4280 4194/4194/4194
f 4141/4141/4141 3998/3998/3998 4337/4337/4337
f 3998/3998/3998 4200/4200/4200 4250/4250/4250
f 4139/4139/4139 4283/4283/4283 4338/4338/4338
f 4135/4135/4135 4140/4140/4140 4339/4339/4339
f 4083/4083/4083 4287/4287/4287 4252/4252/4252
f 4140/4140/4140 4135/4135/4135 4254/4254/4254
f 4093/4093/4093 4254/4254/4254 4135/4135/4135
f 4150/4150/4150 4343/4343/4343 4345/4345/4345
f 4151/4151/4151 4346/4346/4346 4288/4288/4288
f 4154/4154/4154 4102/4102/4102 4351/4351/4351
f 4102/4102/4102 4259/4259/4259 4355/4355/4355
f 4258/4258/4258 4256/4256/4256 4356/4356/4356
f 4358/4358/4358 4360/4360/4360 4158/4158/4158
f 4160/4160/4160 4156/4156/4156 4359/4359/4359
f 4270/4270/4270 4365/4365/4365 4294/4294/4294
f 4270/4270/4270 4267/4267/4267 4365/4365/4365
f 4012/4012/4012 4162/4162/4162 4261/4261/4261
f 4157/4157/4157 4371/4371/4371 4373/4373/4373
f 4157/4157/4157 4303/4303/4303 4371/4371/4371
f 4205/4205/4205 4375/4375/4375 4208/4208/4208
f 3801/3801/3801 4050/4050/4050 4164/4164/4164
f 4273/4273/4273 4271/4271/4271 4376/4376/4376
f 4274/4274/4274 4273/4273/4273 4376/4376/4376
f 4275/4275/4275 4225/4225/4225 4379/4379/4379
f 4275/4275/4275 4379/4379/4379 4112/4112/4112
f 3682/3682/3682 4112/4112/4112 4309/4309/4309
f 3813/3813/3813 4315/4315/4315 4114/4114/4114
f 4117/4117/4117 3877/3877/3877 4319/4319/4319
f 4174/4174/4174 4230/4230/4230 4325/4325/4325
f 4175/4175/4175 4325/4325/4325 4277/4277/4277
f 4188/4188/4188 4380/4380/4380 4237/4237/4237
f 4183/4183/4183 4381/4381/4381 4022/4022/4022
f 3983/3983/3983 4023/4023/4023 4382/4382/4382
f 4067/4067/4067 3883/3883/3883 4384/4384/4384
f 3984/3984/3984 4329/4329/4329 3989/3989/3989
f 3993/3993/3993 4330/4330/4330 4242/4242/4242
f 4242/4242/4242 4246/4246/4246 3935/3935/3935
f 4244/4244/4244 4127/4127/4127 4331/4331/4331
f 4076/4076/4076 4246/4246/4246 4242/4242/4242
f 4333/4333/4333 4247/4247/4247 4386/4386/4386
f 4036/4036/4036 4334/4334/4334 4336/4336/4336
f 4334/4334/4334 4387/4387/4387 4336/4336/4336
f 4038/4038/4038 4245/4245/4245 4076/4076/4076
f 4036/4036/4036 4336/4336/4336 4249/4249/4249
f 4284/4284/4284 4136/4136/4136 4340/4340/4340
f 4285/4285/4285 4341/4341/4341 4389/4389/4389
f 4078/4078/4078 4198/4198/4198 4081/4081/4081
f 4252/4252/4252 4287/4287/4287 4198/4198/4198
f 3855/3855/3855 3949/3949/3949 4391/4391/4391
f 4202/4202/4202 4098/4098/4098 4392/4392/4392
f 4292/4292/4292 4393/4393/4393 3949/3949/3949
f 4202/4202/4202 4392/4392/4392 4396/4396/4396
f 4152/4152/4152 4347/4347/4347 4344/4344/4344
f 4201/4201/4201 4395/4395/4395 4397/4397/4397
f 4289/4289/4289 4352/4352/4352 4348/4348/4348
f 4290/4290/4290 4349/4349/4349 4353/4353/4353
f 4291/4291/4291 4350/4350/4350 4354/4354/4354
f 4102/4102/4102 4355/4355/4355 4351/4351/4351
f 4008/4008/4008 4202/4202/4202 4046/4046/4046
f 4046/4046/4046 4202/4202/4202 4398/4398/4398
f 4399/4399/4399 4295/4295/4295 4366/4366/4366
f 4359/4359/4359 4156/4156/4156 4363/4363/4363
f 4159/4159/4159 4361/4361/4361 4401/4401/4401
f 4160/4160/4160 4403/4403/4403 4161/4161/4161
f 4297/4297/4297 4368/4368/4368 4299/4299/4299
f 3742/3742/3742 4261/4261/4261 4263/4263/4263
f 4299/4299/4299 4368/4368/4368 4269/4269/4269
f 4155/4155/4155 4263/4263/4263 4265/4265/4265
f 4299/4299/4299 4269/4269/4269 4404/4404/4404
f 4213/4213/4213 4405/4405/4405 4300/4300/4300
f 4299/4299/4299 4404/4404/4404 4306/4306/4306
f 4307/4307/4307 4405/4405/4405 4213/4213/4213
f 4306/4306/4306 4404/4404/4404 4271/4271/4271
f 4163/4163/4163 4049/4049/4049 4407/4407/4407
f 4274/4274/4274 4408/4408/4408 4225/4225/4225
f 4223/4223/4223 4409/4409/4409 4377/4377/4377
f 4112/4112/4112 4379/4379/4379 4309/4309/4309
f 4116/4116/4116 4171/4171/4171 4315/4315/4315
f 4318/4318/4318 3921/3921/3921 4321/4321/4321
f 4235/4235/4235 4237/4237/4237 4411/4411/4411
f 4065/4065/4065 4232/4232/4232 4416/4416/4416
f 4063/4063/4063 4413/4413/4413 4184/4184/4184
f 4179/4179/4179 4415/4415/4415 4417/4417/4417
f 4178/4178/4178 4185/4185/4185 4414/4414/4414
f 4179/4179/4179 4415/4415/4415 4417/4417/4417
f 4179/4179/4179 4417/4417/4417 4186/4186/4186
f 4186/4186/4186 4328/4328/4328 4383/4383/4383
f 4328/4328/4328 4417/4417/4417 4188/4188/4188
f 4328/4328/4328 4419/4419/4419 4383/4383/4383
f 4326/4326/4326 4067/4067/4067 4418/4418/4418
f 4067/4067/4067 4384/4384/4384 4418/4418/4418
f 4385/4385/4385 4383/4383/4383 4419/4419/4419
f 3883/3883/3883 4191/4191/4191 4384/4384/4384
f 4242/4242/4242 4330/4330/4330 4420/4420/4420
f 4192/4192/4192 4242/4242/4242 4420/4420/4420
f 4034/4034/4034 4244/4244/4244 4248/4248/4248
f 3605/3605/3605 4281/4281/4281 4195/4195/4195
f 3998/3998/3998 4250/4250/4250 4337/4337/4337
f 4141/4141/4141 4337/4337/4337 4282/4282/4282
f 4286/4286/4286 4390/4390/4390 4342/4342/4342
f 4081/4081/4081 4198/4198/4198 4251/4251/4251
f 4096/4096/4096 4422/4422/4422 4424/4424/4424
f 4095/4095/4095 4423/4423/4423 4426/4426/4426
f 4095/4095/4095 4426/4426/4426 4144/4144/4144
f 4393/4393/4393 4292/4292/4292 4428/4428/4428
f 4293/4293/4293 4355/4355/4355 4429/4429/4429
f 4394/4394/4394 4430/4430/4430 4392/4392/4392
f 4394/4394/4394 4355/4355/4355 4430/4430/4430
f 4355/4355/4355 4259/4259/4259 4430/4430/4430
f 4257/4257/4257 4259/4259/4259 4357/4357/4357
f 4363/4363/4363 4156/4156/4156 4372/4372/4372
f 4400/4400/4400 4367/4367/4367 4296/4296/4296
f 4161/4161/4161 4403/4403/4403 4431/4431/4431
f 4268/4268/4268 4301/4301/4301 4433/4433/4433
f 4404/4404/4404 4269/4269/4269 4434/4434/4434
f 4302/4302/4302 4406/4406/4406 4434/4434/4434
f 4405/4405/4405 4307/4307/4307 4209/4209/4209
f 4303/4303/4303 4163/4163/4163 4435/4435/4435
f 4163/4163/4163 4407/4407/4407 4435/4435/4435
f 4436/4436/4436 4404/4404/4404 4406/4406/4406
f 4436/4436/4436 4271/4271/4271 4404/4404/4404
f 4407/4407/4407 4049/4049/4049 4437/4437/4437
f 4271/4271/4271 4436/4436/4436 4376/4376/4376
f 4438/4438/4438 4274/4274/4274 4376/4376/4376
f 4310/4310/4310 4308/4308/4308 4439/4439/4439
f 4443/4443/4443 4311/4311/4311 4440/4440/4440
f 4114/4114/4114 4315/4315/4315 4446/4446/4446
f 3970/3970/3970 4313/4313/4313 4448/4448/4448
f 4226/4226/4226 3920/3920/3920 4450/4450/4450
f 3920/3920/3920 4117/4117/4117 4450/4450/4450
f 4317/4317/4317 4325/4325/4325 4230/4230/4230
f 4417/4417/4417 4380/4380/4380 4188/4188/4188
f 4328/4328/4328 4186/4186/4186 4417/4417/4417
f 3985/3985/3985 4383/4383/4383 4330/4330/4330
f 4387/4387/4387 4452/4452/4452 4453/4453/4453
f 4287/4287/4287 4251/4251/4251 4198/4198/4198
f 4426/4426/4426 4423/4423/4423 4456/4456/4456
f 4430/4430/4430 4396/4396/4396 4392/4392/4392
f 4394/4394/4394 4429/4429/4429 4355/4355/4355
f 4259/4259/4259 4460/4460/4460 4430/4430/4430
f 4046/4046/4046 4398/4398/4398 4461/4461/4461
f 4259/4259/4259 4464/4464/4464 4460/4460/4460
f 4257/4257/4257 4464/4464/4464 4259/4259/4259
f 4046/4046/4046 4461/4461/4461 4257/4257/4257
f 4257/4257/4257 4461/4461/4461 4464/4464/4464
f 4161/4161/4161 4431/4431/4431 4260/4260/4260
f 4404/4404/4404 4434/4434/4434 4406/4406/4406
f 4205/4205/4205 4266/4266/4266 4465/4465/4465
f 4211/4211/4211 4466/4466/4466 4406/4406/4406
f 4468/4468/4468 4436/4436/4436 4469/4469/4469
f 4436/4436/4436 4468/4468/4468 4438/4438/4438
f 4376/4376/4376 4436/4436/4436 4438/4438/4438
f 4049/4049/4049 3967/3967/3967 4437/4437/4437
f 4379/4379/4379 4225/4225/4225 4470/4470/4470
f 4410/4410/4410 4224/4224/4224 4378/4378/4378
f 4444/4444/4444 4442/4442/4442 4472/4472/4472
f 4444/4444/4444 4472/4472/4472 4313/4313/4313
f 3969/3969/3969 4447/4447/4447 4170/4170/4170
f 4117/4117/4117 4319/4319/4319 4450/4450/4450
f 4325/4325/4325 4474/4474/4474 4277/4277/4277
f 4235/4235/4235 4411/4411/4411 4279/4279/4279
f 4277/4277/4277 4474/4474/4474 4232/4232/4232
f 4237/4237/4237 4380/4380/4380 4411/4411/4411
f 4417/4417/4417 4415/4415/4415 4380/4380/4380
f 4420/4420/4420 4383/4383/4383 4385/4385/4385
f 4383/4383/4383 4420/4420/4420 4330/4330/4330
f 4192/4192/4192 4420/4420/4420 4385/4385/4385
f 4248/4248/4248 4244/4244/4244 4475/4475/4475
f 4388/4388/4388 4248/4248/4248 4475/4475/4475
f 4388/4388/4388 4475/4475/4475 4454/4454/4454
f 4336/4336/4336 4387/4387/4387 4477/4477/4477
f 4337/4337/4337 4478/4478/4478 4480/4480/4480
f 4282/4282/4282 4337/4337/4337 4480/4480/4480
f 4422/4422/4422 4096/4096/4096 4391/4391/4391
f 4143/4143/4143 4425/4425/4425 4481/4481/4481
f 4143/4143/4143 4481/4481/4481 4097/4097/4097
f 3949/3949/3949 4393/4393/4393 4483/4483/4483
f 4392/4392/4392 4484/4484/4484 4394/4394/4394
f 4430/4430/4430 4460/4460/4460 4396/4396/4396
f 4395/4395/4395 4459/4459/4459 4463/4463/4463
f 4205/4205/4205 4465/4465/4465 4375/4375/4375
f 4435/4435/4435 4485/4485/4485 4303/4303/4303
f 4436/4436/4436 4406/4406/4406 4466/4466/4466
f 4212/4212/4212 4487/4487/4487 4467/4467/4467
f 4436/4436/4436 4466/4466/4466 4469/4469/4469
f 4407/4407/4407 4437/4437/4437 4435/4435/4435
f 4438/4438/4438 4468/4468/4468 4408/4408/4408
f 4468/4468/4468 4469/4469/4469 4408/4408/4408
f 4438/4438/4438 4408/4408/4408 4274/4274/4274
f 3967/3967/3967 4488/4488/4488 4437/4437/4437
f 3967/3967/3967 4113/4113/4113 4488/4488/4488
f 4379/4379/4379 4470/4470/4470 4491/4491/4491
f 4379/4379/4379 4491/4491/4491 4492/4492/4492
f 4379/4379/4379 4492/4492/4492 4309/4309/4309
f 4472/4472/4472 4448/4448/4448 4313/4313/4313
f 4314/4314/4314 4170/4170/4170 4447/4447/4447
f 4316/4316/4316 4276/4276/4276 4494/4494/4494
f 4226/4226/4226 4494/4494/4494 4276/4276/4276
f 4325/4325/4325 4317/4317/4317 4474/4474/4474
f 4279/4279/4279 4411/4411/4411 4322/4322/4322
f 4332/4332/4332 4496/4496/4496 4499/4499/4499
f 4332/4332/4332 4195/4195/4195 4496/4496/4496
f 4244/4244/4244 4331/4331/4331 4500/4500/4500
f 4453/4453/4453 4477/4477/4477 4387/4387/4387
f 4421/4421/4421 4502/4502/4502 4423/4423/4423
f 3855/3855/3855 4391/4391/4391 4096/4096/4096
f 3949/3949/3949 4483/4483/4483 4391/4391/4391
f 4458/4458/4458 4503/4503/4503 4462/4462/4462
f 4402/4402/4402 4362/4362/4362 4369/4369/4369
f 4364/4364/4364 4373/4373/4373 4371/4371/4371
f 4260/4260/4260 4431/4431/4431 4505/4505/4505
f 4260/4260/4260 4505/4505/4505 4507/4507/4507
f 4303/4303/4303 4509/4509/4509 4371/4371/4371
f 4263/4263/4263 4510/4510/4510 4265/4265/4265
f 4206/4206/4206 4374/4374/4374 4512/4512/4512
f 4469/4469/4469 4514/4514/4514 4408/4408/4408
f 4225/4225/4225 4408/4408/4408 4515/4515/4515
f 4470/4470/4470 4225/4225/4225 4515/4515/4515
f 4441/4441/4441 4309/4309/4309 4516/4516/4516
f 4441/4441/4441 4516/4516/4516 4471/4471/4471
f 4472/4472/4472 4519/4519/4519 4448/4448/4448
f 4317/4317/4317 4522/4522/4522 4474/4474/4474
f 4411/4411/4411 4380/4380/4380 4231/4231/4231
f 4415/4415/4415 4231/4231/4231 4380/4380/4380
f 4499/4499/4499 4496/4496/4496 4524/4524/4524
f 4331/4331/4331 4498/4498/4498 4500/4500/4500
f 4244/4244/4244 4500/4500/4500 4475/4475/4475
f 4476/4476/4476 4480/4480/4480 4455/4455/4455
f 4421/4421/4421 4525/4525/4525 4502/4502/4502
f 4422/4422/4422 4391/4391/4391 4528/4528/4528
f 4423/4423/4423 4502/4502/4502 4456/4456/4456
f 4427/4427/4427 4529/4529/4529 4482/4482/4482
f 4431/4431/4431 4403/4403/4403 4530/4530/4530
f 4303/4303/4303 4533/4533/4533 4509/4509/4509
f 4264/4264/4264 4262/4262/4262 4534/4534/4534
f 4264/4264/4264 4534/4534/4534 4538/4538/4538
f 4263/4263/4263 4537/4537/4537 4510/4510/4510
f 4465/4465/4465 4513/4513/4513 4375/4375/4375
f 4539/4539/4539 4303/4303/4303 4485/4485/4485
f 4513/4513/4513 4541/4541/4541 4208/4208/4208
f 4210/4210/4210 4207/4207/4207 4486/4486/4486
f 4437/4437/4437 4488/4488/4488 4542/4542/4542
f 4408/4408/4408 4514/4514/4514 4515/4515/4515
f 4470/4470/4470 4543/4543/4543 4491/4491/4491
f 4309/4309/4309 4492/4492/4492 4516/4516/4516
f 4519/4519/4519 4544/4544/4544 4448/4448/4448
f 4314/4314/4314 4447/4447/4447 4445/4445/4445
f 4226/4226/4226 4546/4546/4546 4494/4494/4494
f 4320/4320/4320 4324/4324/4324 4451/4451/4451
f 4317/4317/4317 4548/4548/4548 4522/4522/4522
f 4412/4412/4412 4232/4232/4232 4549/4549/4549
f 4474/4474/4474 4551/4551/4551 4232/4232/4232
f 4498/4498/4498 4523/4523/4523 4500/4500/4500
f 4282/4282/4282 4501/4501/4501 4196/4196/4196
f 4196/4196/4196 4501/4501/4501 4497/4497/4497
f 4475/4475/4475 4500/4500/4500 4479/4479/4479
f 4480/4480/4480 4501/4501/4501 4282/4282/4282
f 4525/4525/4525 4554/4554/4554 4502/4502/4502
f 4422/4422/4422 4528/4528/4528 4526/4526/4526
f 4456/4456/4456 4502/4502/4502 4554/4554/4554
f 4456/4456/4456 4554/4554/4554 4558/4558/4558
f 4456/4456/4456 4558/4558/4558 4560/4560/4560
f 4427/4427/4427 4457/4457/4457 4529/4529/4529
f 4392/4392/4392 4563/4563/4563 4565/4565/4565
f 4392/4392/4392 4098/4098/4098 4563/4563/4563
f 4392/4392/4392 4565/4565/4565 4484/4484/4484
f 4464/4464/4464 4504/4504/4504 4460/4460/4460
f 4397/4397/4397 4395/4395/4395 4463/4463/4463
f 4398/4398/4398 4464/4464/4464 4461/4461/4461
f 4403/4403/4403 4370/4370/4370 4567/4567/4567
f 4508/4508/4508 4534/4534/4534 4262/4262/4262
f 4538/4538/4538 4534/4534/4534 4570/4570/4570
f 4266/4266/4266 4573/4573/4573 4465/4465/4465
f 4537/4537/4537 4569/4569/4569 4510/4510/4510
f 4437/4437/4437 4539/4539/4539 4485/4485/4485
f 4435/4435/4435 4437/4437/4437 4485/4485/4485
f 4574/4574/4574 4469/4469/4469 4466/4466/4466
f 4574/4574/4574 4578/4578/4578 4469/4469/4469
f 4514/4514/4514 4469/4469/4469 4578/4578/4578
f 4514/4514/4514 4543/4543/4543 4515/4515/4515
f 4470/4470/4470 4515/4515/4515 4543/4543/4543
f 4489/4489/4489 4114/4114/4114 4580/4580/4580
f 4491/4491/4491 4543/4543/4543 4492/4492/4492
f 4519/4519/4519 4472/4472/4472 4517/4517/4517
f 4520/4520/4520 4518/4518/4518 4545/4545/4545
f 4544/4544/4544 4582/4582/4582 4448/4448/4448
f 4451/4451/4451 4585/4585/4585 4227/4227/4227
f 4226/4226/4226 4584/4584/4584 4546/4546/4546
f 4546/4546/4546 4586/4586/4586 4494/4494/4494
f 4523/4523/4523 4589/4589/4589 4592/4592/4592
f 4524/4524/4524 4496/4496/4496 4590/4590/4590
f 4523/4523/4523 4592/4592/4592 4500/4500/4500
f 4478/4478/4478 4455/4455/4455 4480/4480/4480
f 4526/4526/4526 4528/4528/4528 4594/4594/4594
f 4482/4482/4482 4529/4529/4529 4596/4596/4596
f 4482/4482/4482 4596/4596/4596 4564/4564/4564
f 4097/4097/4097 4481/4481/4481 4562/4562/4562
f 4403/4403/4403 4567/4567/4567 4530/4530/4530
f 4432/4432/4432 4568/4568/4568 4371/4371/4371
f 4505/4505/4505 4431/4431/4431 4597/4597/4597
f 4371/4371/4371 4509/4509/4509 4432/4432/4432
f 4506/4506/4506 4598/4598/4598 4508/4508/4508
f 4508/4508/4508 4598/4598/4598 4534/4534/4534
f 4303/4303/4303 4539/4539/4539 4533/4533/4533
f 4467/4467/4467 4487/4487/4487 4601/4601/4601
f 4602/4602/4602 4604/4604/4604 4539/4539/4539
f 4467/4467/4467 4601/4601/4601 4608/4608/4608
f 4467/4467/4467 4608/4608/4608 4577/4577/4577
f 4514/4514/4514 4578/4578/4578 4543/4543/4543
f 4492/4492/4492 4543/4543/4543 4609/4609/4609
f 4492/4492/4492 4609/4609/4609 4610/4610/4610
f 4611/4611/4611 4612/4612/4612 4614/4614/4614
f 4610/4610/4610 4613/4613/4613 4492/4492/4492
f 4492/4492/4492 4613/4613/4613 4516/4516/4516
f 4446/4446/4446 4615/4615/4615 4114/4114/4114
f 4518/4518/4518 4617/4617/4617 4545/4545/4545
f 4449/4449/4449 4621/4621/4621 4446/4446/4446
f 4619/4619/4619 4448/4448/4448 4622/4622/4622
f 4544/4544/4544 4616/4616/4616 4582/4582/4582
f 4494/4494/4494 4547/4547/4547 4316/4316/4316
f 4451/4451/4451 4324/4324/4324 4585/4585/4585
f 4474/4474/4474 4522/4522/4522 4495/4495/4495
f 4412/4412/4412 4549/4549/4549 4323/4323/4323
f 4324/4324/4324 4550/4550/4550 4585/4585/4585
f 4473/4473/4473 4493/4493/4493 4624/4624/4624
f 4232/4232/4232 4551/4551/4551 4549/4549/4549
f 4527/4527/4527 4626/4626/4626 4555/4555/4555
f 4456/4456/4456 4560/4560/4560 4627/4627/4627
f 4529/4529/4529 4457/4457/4457 4596/4596/4596
f 4531/4531/4531 4568/4568/4568 4432/4432/4432
f 4509/4509/4509 4533/4533/4533 4631/4631/4631
f 4534/4534/4534 4532/4532/4532 4570/4570/4570
f 4465/4465/4465 4573/4573/4573 4632/4632/4632
f 4571/4571/4571 4533/4533/4533 4539/4539/4539
f 4572/4572/4572 4540/4540/4540 4606/4606/4606
f 4539/4539/4539 4437/4437/4437 4542/4542/4542
f 4602/4602/4602 4539/4539/4539 4633/4633/4633
f 4488/4488/4488 4634/4634/4634 4542/4542/4542
f 4634/4634/4634 4609/4609/4609 4543/4543/4543
f 4490/4490/4490 4637/4637/4637 4636/4636/4636
f 4610/4610/4610 4609/4609/4609 4634/4634/4634
f 4448/4448/4448 4582/4582/4582 4622/4622/4622
f 4546/4546/4546 4584/4584/4584 4638/4638/4638
f 4494/4494/4494 4586/4586/4586 4640/4640/4640
f 4585/4585/4585 4550/4550/4550 4642/4642/4642
f 4521/4521/4521 4547/4547/4547 4494/4494/4494
f 4551/4551/4551 4474/4474/4474 4625/4625/4625
f 4591/4591/4591 4497/4497/4497 4593/4593/4593
f 4552/4552/4552 4643/4643/4643 4556/4556/4556
f 4528/4528/4528 4645/4645/4645 4594/4594/4594
f 4528/4528/4528 4645/4645/4645 4594/4594/4594
f 4457/4457/4457 4628/4628/4628 4596/4596/4596
f 4432/4432/4432 4509/4509/4509 4647/4647/4647
f 4431/4431/4431 4648/4648/4648 4597/4597/4597
f 4631/4631/4631 4651/4651/4651 4509/4509/4509
f 4600/4600/4600 4631/4631/4631 4536/4536/4536
f 4536/4536/4536 4631/4631/4631 4533/4533/4533
f 4265/4265/4265 4510/4510/4510 4652/4652/4652
f 4572/4572/4572 4654/4654/4654 4511/4511/4511
f 4513/4513/4513 4465/4465/4465 4632/4632/4632
f 4572/4572/4572 4606/4606/4606 4654/4654/4654
f 4603/4603/4603 4579/4579/4579 4605/4605/4605
f 4539/4539/4539 4542/4542/4542 4633/4633/4633
f 4602/4602/4602 4633/4633/4633 4578/4578/4578
f 4578/4578/4578 4633/4633/4633 4543/4543/4543
f 4634/4634/4634 4543/4543/4543 4542/4542/4542
f 4543/4543/4543 4633/4633/4633 4542/4542/4542
f 4490/4490/4490 4581/4581/4581 4637/4637/4637
f 4614/4614/4614 4612/4612/4612 4656/4656/4656
f 4585/4585/4585 4642/4642/4642 4639/4639/4639
f 4497/4497/4497 4501/4501/4501 4593/4593/4593
f 4553/4553/4553 4557/4557/4557 4644/4644/4644
f 4528/4528/4528 4391/4391/4391 4645/4645/4645
f 4561/4561/4561 4658/4658/4658 4628/4628/4628
f 4391/4391/4391 4483/4483/4483 4659/4659/4659
f 4566/4566/4566 4564/4564/4564 4663/4663/4663
f 4564/4564/4564 4596/4596/4596 4663/4663/4663
f 4431/4431/4431 4646/4646/4646 4648/4648/4648
f 4208/4208/4208 4541/4541/4541 4665/4665/4665
f 4611/4611/4611 4635/4635/4635 4612/4612/4612
f 4614/4614/4614 4656/4656/4656 4667/4667/4667
f 4518/4518/4518 4614/4614/4614 4667/4667/4667
f 4621/4621/4621 4615/4615/4615 4446/4446/4446
f 4518/4518/4518 4667/4667/4667 4617/4617/4617
f 4642/4642/4642 4669/4669/4669 4639/4639/4639
f 4625/4625/4625 4670/4670/4670 4551/4551/4551
f 4555/4555/4555 4672/4672/4672 4559/4559/4559
f 4527/4527/4527 4675/4675/4675 4626/4626/4626
f 4527/4527/4527 4595/4595/4595 4675/4675/4675
f 4484/4484/4484 4565/4565/4565 4660/4660/4660
f 4646/4646/4646 4676/4676/4676 4648/4648/4648
f 4266/4266/4266 4653/4653/4653 4679/4679/4679
f 4510/4510/4510 4681/4681/4681 4652/4652/4652
f 4266/4266/4266 4679/4679/4679 4573/4573/4573
f 4573/4573/4573 4679/4679/4679 4632/4632/4632
f 4511/4511/4511 4654/4654/4654 4682/4682/4682
f 4541/4541/4541 4513/4513/4513 4632/4632/4632
f 4580/4580/4580 4114/4114/4114 4615/4615/4615
f 4667/4667/4667 4684/4684/4684 4617/4617/4617
f 4686/4686/4686 4620/4620/4620 4688/4688/4688
f 4620/4620/4620 4623/4623/4623 4688/4688/4688
f 4546/4546/4546 4638/4638/4638 4586/4586/4586
f 4495/4495/4495 4641/4641/4641 4625/4625/4625
f 4670/4670/4670 4625/4625/4625 4587/4587/4587
f 4551/4551/4551 4670/4670/4670 4549/4549/4549
f 4559/4559/4559 4672/4672/4672 4689/4689/4689
f 4560/4560/4560 4558/4558/4558 4690/4690/4690
f 4559/4559/4559 4692/4692/4692 4691/4691/4691
f 4560/4560/4560 4690/4690/4690 4693/4693/4693
f 4560/4560/4560 4693/4693/4693 4657/4657/4657
f 4645/4645/4645 4391/4391/4391 4659/4659/4659
f 4566/4566/4566 4663/4663/4663 4695/4695/4695
f 4647/4647/4647 4509/4509/4509 4677/4677/4677
f 4509/4509/4509 4651/4651/4651 4677/4677/4677
f 4599/4599/4599 4649/4649/4649 4629/4629/4629
f 4631/4631/4631 4650/4650/4650 4651/4651/4651
f 4655/4655/4655 4697/4697/4697 4686/4686/4686
f 4656/4656/4656 4612/4612/4612 4698/4698/4698
f 4655/4655/4655 4686/4686/4686 4666/4666/4666
f 4617/4617/4617 4699/4699/4699 4701/4701/4701
f 4616/4616/4616 4700/4700/4700 4582/4582/4582
f 4623/4623/4623 4583/4583/4583 4703/4703/4703
f 4587/4587/4587 4625/4625/4625 4641/4641/4641
f 4642/4642/4642 4550/4550/4550 4669/4669/4669
f 4549/4549/4549 4670/4670/4670 4668/4668/4668
f 4555/4555/4555 4626/4626/4626 4672/4672/4672
f 4628/4628/4628 4658/4658/4658 4596/4596/4596
f 4651/4651/4651 4650/4650/4650 4704/4704/4704
f 4677/4677/4677 4651/4651/4651 4704/4704/4704
f 4630/4630/4630 4705/4705/4705 4535/4535/4535
f 4536/4536/4536 4706/4706/4706 4631/4631/4631
f 4652/4652/4652 4681/4681/4681 4678/4678/4678
f 4606/4606/4606 4708/4708/4708 4654/4654/4654
f 4665/4665/4665 4541/4541/4541 4709/4709/4709
f 4207/4207/4207 4664/4664/4664 4486/4486/4486
f 4601/4601/4601 4487/4487/4487 4665/4665/4665
f 4605/4605/4605 4579/4579/4579 4710/4710/4710
f 4635/4635/4635 4712/4712/4712 4612/4612/4612
f 4698/4698/4698 4714/4714/4714 4687/4687/4687
f 4615/4615/4615 4621/4621/4621 4718/4718/4718
f 4618/4618/4618 4685/4685/4685 4715/4715/4715
f 4686/4686/4686 4688/4688/4688 4666/4666/4666
f 4683/4683/4683 4666/4666/4666 4719/4719/4719
f 4719/4719/4719 4666/4666/4666 4688/4688/4688
f 4617/4617/4617 4684/4684/4684 4699/4699/4699
f 4623/4623/4623 4719/4719/4719 4688/4688/4688
f 4583/4583/4583 4721/4721/4721 4703/4703/4703
f 4582/4582/4582 4700/4700/4700 4720/4720/4720
f 4559/4559/4559 4689/4689/4689 4692/4692/4692
f 4692/4692/4692 4723/4723/4723 4726/4726/4726
f 4672/4672/4672 4626/4626/4626 4729/4729/4729
f 4691/4691/4691 4692/4692/4692 4726/4726/4726
f 4724/4724/4724 4693/4693/4693 4690/4690/4690
f 4645/4645/4645 4673/4673/4673 4594/4594/4594
f 4645/4645/4645 4659/4659/4659 4673/4673/4673
f 4663/4663/4663 4596/4596/4596 4695/4695/4695
f 4650/4650/4650 4677/4677/4677 4704/4704/4704
f 4579/4579/4579 4576/4576/4576 4710/4710/4710
f 4637/4637/4637 4732/4732/4732 4636/4636/4636
f 4715/4715/4715 4685/4685/4685 4713/4713/4713
f 4623/4623/4623 4703/4703/4703 4719/4719/4719
f 4669/4669/4669 4671/4671/4671 4639/4639/4639
f 4726/4726/4726 4723/4723/4723 4735/4735/4735
f 4658/4658/4658 4694/4694/4694 4736/4736/4736
f 4596/4596/4596 4658/4658/4658 4695/4695/4695
f 4660/4660/4660 4565/4565/4565 4740/4740/4740
f 4695/4695/4695 4742/4742/4742 4566/4566/4566
f 4632/4632/4632 4679/4679/4679 4541/4541/4541
f 4580/4580/4580 4615/4615/4615 4744/4744/4744
f 4612/4612/4612 4712/4712/4712 4698/4698/4698
f 4698/4698/4698 4716/4716/4716 4714/4714/4714
f 4671/4671/4671 4588/4588/4588 4639/4639/4639
f 4672/4672/4672 4729/4729/4729 4689/4689/4689
f 4722/4722/4722 4745/4745/4745 4733/4733/4733
f 4675/4675/4675 4729/4729/4729 4626/4626/4626
f 4682/4682/4682 4654/4654/4654 4680/4680/4680
f 4679/4679/4679 4709/4709/4709 4541/4541/4541
f 4581/4581/4581 4749/4749/4749 4637/4637/4637
f 4635/4635/4635 4731/4731/4731 4712/4712/4712
f 4712/4712/4712 4750/4750/4750 4698/4698/4698
f 4692/4692/4692 4752/4752/4752 4753/4753/4753
f 4723/4723/4723 4692/4692/4692 4753/4753/4753
f 4723/4723/4723 4753/4753/4753 4747/4747/4747
f 4692/4692/4692 4689/4689/4689 4754/4754/4754
f 4733/4733/4733 4745/4745/4745 4756/4756/4756
f 4674/4674/4674 4760/4760/4760 4727/4727/4727
f 4725/4725/4725 4736/4736/4736 4694/4694/4694
f 4726/4726/4726 4735/4735/4735 4738/4738/4738
f 4674/4674/4674 4761/4761/4761 4760/4760/4760
f 4674/4674/4674 4662/4662/4662 4763/4763/4763
f 4661/4661/4661 4741/4741/4741 4762/4762/4762
f 4605/4605/4605 4710/4710/4710 4707/4707/4707
f 4608/4608/4608 4601/4601/4601 4765/4765/4765
f 4575/4575/4575 4607/4607/4607 4764/4764/4764
f 4580/4580/4580 4744/4744/4744 4748/4748/4748
f 4698/4698/4698 4750/4750/4750 4716/4716/4716
f 4719/4719/4719 4703/4703/4703 4766/4766/4766
f 4699/4699/4699 4684/4684/4684 4768/4768/4768
f 4701/4701/4701 4699/4699/4699 4770/4770/4770
f 4747/4747/4747 4771/4771/4771 4772/4772/4772
f 4753/4753/4753 4752/4752/4752 4747/4747/4747
f 4747/4747/4747 4752/4752/4752 4771/4771/4771
f 4692/4692/4692 4773/4773/4773 4752/4752/4752
f 4759/4759/4759 4776/4776/4776 4734/4734/4734
f 4735/4735/4735 4779/4779/4779 4738/4738/4738
f 4658/4658/4658 4736/4736/4736 4780/4780/4780
f 4743/4743/4743 4696/4696/4696 4781/4781/4781
f 4658/4658/4658 4780/4780/4780 4695/4695/4695
f 4743/4743/4743 4781/4781/4781 4763/4763/4763
f 4709/4709/4709 4679/4679/4679 4782/4782/4782
f 4601/4601/4601 4665/4665/4665 4765/4765/4765
f 4784/4784/4784 4732/4732/4732 4637/4637/4637
f 4784/4784/4784 4787/4787/4787 4732/4732/4732
f 4615/4615/4615 4718/4718/4718 4789/4789/4789
f 4719/4719/4719 4766/4766/4766 4683/4683/4683
f 4702/4702/4702 4790/4790/4790 4794/4794/4794
f 4703/4703/4703 4721/4721/4721 4792/4792/4792
f 4720/4720/4720 4700/4700/4700 4769/4769/4769
f 4746/4746/4746 4796/4796/4796 4757/4757/4757
f 4692/4692/4692 4754/4754/4754 4773/4773/4773
f 4734/4734/4734 4776/4776/4776 4778/4778/4778
f 4674/4674/4674 4781/4781/4781 4761/4761/4761
f 4763/4763/4763 4781/4781/4781 4674/4674/4674
f 4782/4782/4782 4679/4679/4679 4799/4799/4799
f 4731/4731/4731 4786/4786/4786 4712/4712/4712
f 4784/4784/4784 4637/4637/4637 4749/4749/4749
f 4717/4717/4717 4751/4751/4751 4788/4788/4788
f 4720/4720/4720 4769/4769/4769 4791/4791/4791
f 4729/4729/4729 4801/4801/4801 4689/4689/4689
f 4754/4754/4754 4689/4689/4689 4801/4801/4801
f 4760/4760/4760 4803/4803/4803 4727/4727/4727
f 4761/4761/4761 4803/4803/4803 4760/4760/4760
f 4761/4761/4761 4804/4804/4804 4803/4803/4803
f 4781/4781/4781 4805/4805/4805 4761/4761/4761
f 4696/4696/4696 4807/4807/4807 4805/4805/4805
f 4780/4780/4780 4736/4736/4736 4808/4808/4808
f 4781/4781/4781 4696/4696/4696 4805/4805/4805
f 4695/4695/4695 4780/4780/4780 4806/4806/4806
f 4708/4708/4708 4810/4810/4810 4654/4654/4654
f 4709/4709/4709 4782/4782/4782 4665/4665/4665
f 4765/4765/4765 4812/4812/4812 4577/4577/4577
f 4787/4787/4787 4784/4784/4784 4815/4815/4815
f 4768/4768/4768 4793/4793/4793 4699/4699/4699
f 4770/4770/4770 4699/4699/4699 4793/4793/4793
f 4795/4795/4795 4792/4792/4792 4703/4703/4703
f 4758/4758/4758 4816/4816/4816 4775/4775/4775
f 4754/4754/4754 4801/4801/4801 4819/4819/4819
f 4761/4761/4761 4805/4805/4805 4804/4804/4804
f 4780/4780/4780 4808/4808/4808 4806/4806/4806
f 4822/4822/4822 4680/4680/4680 4654/4654/4654
f 4787/4787/4787 4815/4815/4815 4824/4824/4824
f 4748/4748/4748 4744/4744/4744 4783/4783/4783
f 4744/4744/4744 4789/4789/4789 4783/4783/4783
f 4683/4683/4683 4766/4766/4766 4767/4767/4767
f 4703/4703/4703 4792/4792/4792 4766/4766/4766
f 4752/4752/4752 4825/4825/4825 4771/4771/4771
f 4747/4747/4747 4772/4772/4772 4798/4798/4798
f 4758/4758/4758 4797/4797/4797 4816/4816/4816
f 4818/4818/4818 4827/4827/4827 4777/4777/4777
f 4778/4778/4778 4776/4776/4776 4826/4826/4826
f 4803/4803/4803 4804/4804/4804 4727/4727/4727
f 4654/4654/4654 4810/4810/4810 4822/4822/4822
f 4576/4576/4576 4811/4811/4811 4710/4710/4710
f 4823/4823/4823 4813/4813/4813 4785/4785/4785
f 4744/4744/4744 4615/4615/4615 4789/4789/4789
f 4792/4792/4792 4767/4767/4767 4766/4766/4766
f 4828/4828/4828 4830/4830/4830 4832/4832/4832
f 4771/4771/4771 4825/4825/4825 4772/4772/4772
f 4797/4797/4797 4834/4834/4834 4816/4816/4816
f 4772/4772/4772 4836/4836/4836 4798/4798/4798
f 4825/4825/4825 4752/4752/4752 4838/4838/4838
f 4752/4752/4752 4773/4773/4773 4838/4838/4838
f 4820/4820/4820 4802/4802/4802 4840/4840/4840
f 4737/4737/4737 4778/4778/4778 4841/4841/4841
f 4739/4739/4739 4842/4842/4842 4809/4809/4809
f 4804/4804/4804 4805/4805/4805 4844/4844/4844
f 4807/4807/4807 4844/4844/4844 4805/4805/4805
f 4680/4680/4680 4822/4822/4822 4800/4800/4800
f 4782/4782/4782 4799/4799/4799 4847/4847/4847
f 4665/4665/4665 4782/4782/4782 4765/4765/4765
f 4814/4814/4814 4783/4783/4783 4850/4850/4850
f 4814/4814/4814 4850/4850/4850 4851/4851/4851
f 4750/4750/4750 4712/4712/4712 4854/4854/4854
f 4711/4711/4711 4857/4857/4857 4853/4853/4853
f 4788/4788/4788 4751/4751/4751 4859/4859/4859
f 4751/4751/4751 4860/4860/4860 4859/4859/4859
f 4830/4830/4830 4816/4816/4816 4834/4834/4834
f 4828/4828/4828 4816/4816/4816 4830/4830/4830
f 4772/4772/4772 4825/4825/4825 4836/4836/4836
f 4828/4828/4828 4832/4832/4832 4861/4861/4861
f 4861/4861/4861 4832/4832/4832 4863/4863/4863
f 4802/4802/4802 4867/4867/4867 4840/4840/4840
f 4730/4730/4730 4869/4869/4869 4802/4802/4802
f 4727/4727/4727 4804/4804/4804 4844/4844/4844
f 4806/4806/4806 4866/4866/4866 4843/4843/4843
f 4808/4808/4808 4866/4866/4866 4806/4806/4806
f 4810/4810/4810 4871/4871/4871 4822/4822/4822
f 4847/4847/4847 4870/4870/4870 4782/4782/4782
f 4815/4815/4815 4873/4873/4873 4787/4787/4787
f 4712/4712/4712 4786/4786/4786 4872/4872/4872
f 4712/4712/4712 4875/4875/4875 4858/4858/4858
f 4783/4783/4783 4789/4789/4789 4850/4850/4850
f 4788/4788/4788 4859/4859/4859 4849/4849/4849
f 4751/4751/4751 4878/4878/4878 4860/4860/4860
f 4751/4751/4751 4855/4855/4855 4878/4878/4878
f 4825/4825/4825 4838/4838/4838 4836/4836/4836
f 4829/4829/4829 4879/4879/4879 4817/4817/4817
f 4829/4829/4829 4862/4862/4862 4879/4879/4879
f 4818/4818/4818 4880/4880/4880 4827/4827/4827
f 4863/4863/4863 4881/4881/4881 4861/4861/4861
f 4755/4755/4755 4885/4885/4885 4774/4774/4774
f 4754/4754/4754 4819/4819/4819 4884/4884/4884
f 4728/4728/4728 4845/4845/4845 4868/4868/4868
f 4846/4846/4846 4867/4867/4867 4869/4869/4869
f 4800/4800/4800 4822/4822/4822 4848/4848/4848
f 4870/4870/4870 4847/4847/4847 4821/4821/4821
f 4815/4815/4815 4852/4852/4852 4873/4873/4873
f 4859/4859/4859 4860/4860/4860 4849/4849/4849
f 4798/4798/4798 4887/4887/4887 4835/4835/4835
f 4817/4817/4817 4879/4879/4879 4886/4886/4886
f 4818/4818/4818 4888/4888/4888 4890/4890/4890
f 4818/4818/4818 4890/4890/4890 4880/4880/4880
f 4840/4840/4840 4885/4885/4885 4820/4820/4820
f 4802/4802/4802 4869/4869/4869 4867/4867/4867
f 4840/4840/4840 4867/4867/4867 4885/4885/4885
f 4867/4867/4867 4809/4809/4809 4842/4842/4842
f 4841/4841/4841 4778/4778/4778 4891/4891/4891
f 4707/4707/4707 4710/4710/4710 4874/4874/4874
f 4765/4765/4765 4894/4894/4894 4812/4812/4812
f 4712/4712/4712 4872/4872/4872 4875/4875/4875
f 4835/4835/4835 4887/4887/4887 4831/4831/4831
f 4798/4798/4798 4836/4836/4836 4887/4887/4887
f 4833/4833/4833 4831/4831/4831 4865/4865/4865
f 4862/4862/4862 4895/4895/4895 4879/4879/4879
f 4879/4879/4879 4895/4895/4895 4886/4886/4886
f 4882/4882/4882 4895/4895/4895 4862/4862/4862
f 4885/4885/4885 4899/4899/4899 4774/4774/4774
f 4827/4827/4827 4880/4880/4880 4901/4901/4901
f 4867/4867/4867 4842/4842/4842 4885/4885/4885
f 4826/4826/4826 4902/4902/4902 4778/4778/4778
f 4782/4782/4782 4870/4870/4870 4906/4906/4906
f 4708/4708/4708 4876/4876/4876 4810/4810/4810
f 4858/4858/4858 4875/4875/4875 4854/4854/4854
f 4860/4860/4860 4878/4878/4878 4849/4849/4849
f 4831/4831/4831 4887/4887/4887 4897/4897/4897
f 4831/4831/4831 4897/4897/4897 4865/4865/4865
f 4839/4839/4839 4899/4899/4899 4837/4837/4837
f 4839/4839/4839 4774/4774/4774 4899/4899/4899
f 4880/4880/4880 4890/4890/4890 4901/4901/4901
f 4901/4901/4901 4911/4911/4911 4827/4827/4827
f 4842/4842/4842 4913/4913/4913 4885/4885/4885
f 4904/4904/4904 4827/4827/4827 4911/4911/4911
f 4778/4778/4778 4902/4902/4902 4891/4891/4891
f 4710/4710/4710 4811/4811/4811 4905/4905/4905
f 4836/4836/4836 4914/4914/4914 4887/4887/4887
f 4896/4896/4896 4883/4883/4883 4864/4864/4864
f 4810/4810/4810 4876/4876/4876 4907/4907/4907
f 4810/4810/4810 4907/4907/4907 4871/4871/4871
f 4782/4782/4782 4894/4894/4894 4765/4765/4765
f 4782/4782/4782 4906/4906/4906 4894/4894/4894
f 4877/4877/4877 4873/4873/4873 4852/4852/4852
f 4917/4917/4917 4887/4887/4887 4920/4920/4920
f 4919/4919/4919 4890/4890/4890 4888/4888/4888
f 4836/4836/4836 4898/4898/4898 4914/4914/4914
f 4901/4901/4901 4922/4922/4922 4911/4911/4911
f 4892/4892/4892 4913/4913/4913 4842/4842/4842
f 4710/4710/4710 4905/4905/4905 4874/4874/4874
f 4887/4887/4887 4914/4914/4914 4923/4923/4923
f 4917/4917/4917 4920/4920/4920 4925/4925/4925
f 4889/4889/4889 4918/4918/4918 4928/4928/4928
f 4898/4898/4898 4929/4929/4929 4914/4914/4914
f 4900/4900/4900 4889/4889/4889 4921/4921/4921
f 4885/4885/4885 4931/4931/4931 4899/4899/4899
f 4811/4811/4811 4893/4893/4893 4905/4905/4905
f 4856/4856/4856 4877/4877/4877 4909/4909/4909
f 4889/4889/4889 4928/4928/4928 4915/4915/4915
f 4885/4885/4885 4913/4913/4913 4931/4931/4931
f 4903/4903/4903 4910/4910/4910 4932/4932/4932
f 4903/4903/4903 4932/4932/4932 4935/4935/4935
f 4878/4878/4878 4855/4855/4855 4936/4936/4936
f 4887/4887/4887 4923/4923/4923 4920/4920/4920
f 4926/4926/4926 4937/4937/4937 4918/4918/4918
f 4899/4899/4899 4931/4931/4931 4930/4930/4930
f 4922/4922/4922 4938/4938/4938 4911/4911/4911
f 4935/4935/4935 4932/4932/4932 4940/4940/4940
f 4902/4902/4902 4934/4934/4934 4891/4891/4891
f 4877/4877/4877 4852/4852/4852 4942/4942/4942
f 4850/4850/4850 4941/4941/4941 4851/4851/4851
f 4944/4944/4944 4941/4941/4941 4850/4850/4850
f 4878/4878/4878 4945/4945/4945 4849/4849/4849
f 4878/4878/4878 4936/4936/4936 4945/4945/4945
f 4923/4923/4923 4914/4914/4914 4927/4927/4927
f 4926/4926/4926 4949/4949/4949 4937/4937/4937
f 4889/4889/4889 4915/4915/4915 4921/4921/4921
f 4922/4922/4922 4916/4916/4916 4938/4938/4938
f 4931/4931/4931 4913/4913/4913 4912/4912/4912
f 4912/4912/4912 4913/4913/4913 4933/4933/4933
f 4849/4849/4849 4945/4945/4945 4943/4943/4943
f 4920/4920/4920 4923/4923/4923 4950/4950/4950
f 4925/4925/4925 4920/4920/4920 4950/4950/4950
f 4918/4918/4918 4937/4937/4937 4928/4928/4928
f 4924/4924/4924 4952/4952/4952 4948/4948/4948
f 4940/4940/4940 4932/4932/4932 4955/4955/4955
f 4934/4934/4934 4957/4957/4957 4891/4891/4891
f 4855/4855/4855 4908/4908/4908 4936/4936/4936
f 4953/4953/4953 4925/4925/4925 4950/4950/4950
f 4891/4891/4891 4957/4957/4957 4960/4960/4960
f 4940/4940/4940 4955/4955/4955 4958/4958/4958
f 4940/4940/4940 4958/4958/4958 4935/4935/4935
f 4877/4877/4877 4942/4942/4942 4962/4962/4962
f 4877/4877/4877 4962/4962/4962 4909/4909/4909
f 4923/4923/4923 4927/4927/4927 4950/4950/4950
f 4912/4912/4912 4930/4930/4930 4931/4931/4931
f 4912/4912/4912 4939/4939/4939 4930/4930/4930
f 4913/4913/4913 4892/4892/4892 4961/4961/4961
f 4909/4909/4909 4962/4962/4962 4963/4963/4963
f 4936/4936/4936 4908/4908/4908 4945/4945/4945
f 4928/4928/4928 4937/4937/4937 4951/4951/4951
f 4949/4949/4949 4951/4951/4951 4937/4937/4937
f 4954/4954/4954 4951/4951/4951 4949/4949/4949
f 4913/4913/4913 4961/4961/4961 4933/4933/4933
f 4933/4933/4933 4961/4961/4961 4956/4956/4956
f 4944/4944/4944 4964/4964/4964 4941/4941/4941
f 4909/4909/4909 4963/4963/4963 4946/4946/4946
f 4914/4914/4914 4929/4929/4929 4967/4967/4967
f 4961/4961/4961 4959/4959/4959 4956/4956/4956
f 4943/4943/4943 4945/4945/4945 4970/4970/4970
f 4930/4930/4930 4939/4939/4939 4969/4969/4969
f 4916/4916/4916 4968/4968/4968 4938/4938/4938
f 4944/4944/4944 4971/4971/4971 4964/4964/4964
f 4938/4938/4938 4968/4968/4968 4973/4973/4973
f 4938/4938/4938 4973/4973/4973 4975/4975/4975
f 4974/4974/4974 4977/4977/4977 4980/4980/4980
f 4942/4942/4942 4965/4965/4965 4962/4962/4962
f 4963/4963/4963 4965/4965/4965 4946/4946/4946
f 4975/4975/4975 4973/4973/4973 4978/4978/4978
f 4980/4980/4980 4982/4982/4982 4974/4974/4974
f 4973/4973/4973 4968/4968/4968 4978/4978/4978
f 4939/4939/4939 4976/4976/4976 4983/4983/4983
f 4979/4979/4979 4983/4983/4983 4981/4981/4981
f 4963/4963/4963 4962/4962/4962 4965/4965/4965
f 4966/4966/4966 4972/4972/4972 4947/4947/4947
f 4983/4983/4983 4969/4969/4969 4939/4939/4939
f 4979/4979/4979 4969/4969/4969 4983/4983/4983
