# goblin-archer - Tower Lords enemy model. MIT licence, (c) 2026 Imyala. Y up, faces +Z, feet at y=-0.95.
mtllib goblin-archer_5k.mtl
o goblin-archer
v -0.69661 0.72834 -0.38817
v -0.69661 0.72834 -0.38817
v -0.69661 0.72834 -0.38817
v -0.69661 0.72834 -0.38817
v -0.69661 0.72834 -0.38817
v -0.69661 0.72834 -0.38817
v -0.60713 0.62807 -0.39026
v -0.60713 0.62807 -0.39026
v -0.59046 0.60929 -0.33894
v -0.59046 0.60929 -0.33894
v -0.59046 0.60929 -0.33894
v -0.59046 0.60929 -0.33894
v -0.60461 0.69742 -0.31164
v -0.60461 0.69742 -0.31164
v -0.65924 0.73496 -0.38957
v -0.65924 0.73496 -0.38957
v -0.63835 0.24947 -0.68090
v -0.63835 0.24947 -0.68090
v -0.62010 0.24336 -0.68274
v -0.61868 0.22329 -0.67675
v -0.61868 0.22329 -0.67675
v -0.59992 0.25675 -0.68403
v -0.59992 0.25675 -0.68403
v -0.60265 0.67155 -0.30940
v -0.60265 0.67155 -0.30940
v -0.56092 0.61649 -0.38036
v -0.58090 0.20114 -0.67234
v -0.58090 0.20114 -0.67234
v -0.58090 0.20114 -0.67234
v -0.59603 0.26061 -0.64697
v -0.59603 0.26061 -0.64697
v -0.59802 0.27402 -0.68385
v -0.59802 0.27402 -0.68385
v -0.59802 0.27402 -0.68385
v -0.59802 0.27402 -0.68385
v -0.56533 0.26403 -0.65731
v -0.56533 0.26403 -0.65731
v -0.56533 0.26403 -0.65731
v -0.56533 0.26403 -0.65731
v -0.56533 0.26403 -0.65731
v -0.56533 0.26403 -0.65731
v -0.61135 0.30479 -0.68826
v -0.61135 0.30479 -0.68826
v -0.57835 0.69767 -0.31318
v -0.55521 0.62503 -0.32071
v -0.55521 0.62503 -0.32071
v -0.58917 0.25574 -0.69948
v -0.58762 0.30035 -0.67463
v -0.58762 0.30035 -0.67463
v -0.55928 0.29451 -0.66204
v -0.55928 0.29451 -0.66204
v -0.55928 0.29451 -0.66204
v -0.56484 0.27679 -0.67567
v -0.56484 0.27679 -0.67567
v -0.56484 0.27679 -0.67567
v -0.56484 0.27679 -0.67567
v -0.52469 0.60172 -0.30280
v -0.52469 0.60172 -0.30280
v -0.58851 0.19665 -0.67885
v -0.58851 0.19665 -0.67885
v -0.58274 0.18316 -0.66804
v -0.58274 0.18316 -0.66804
v -0.56550 0.25009 -0.69666
v -0.56550 0.25009 -0.69666
v -0.56550 0.25009 -0.69666
v -0.56550 0.25009 -0.69666
v -0.56550 0.25009 -0.69666
v -0.56550 0.25009 -0.69666
v -0.56550 0.25009 -0.69666
v -0.60520 0.28932 -0.63266
v -0.60520 0.28932 -0.63266
v -0.58098 0.25588 -0.62569
v -0.58098 0.25588 -0.62569
v -0.54703 0.29142 -0.63690
v -0.54703 0.29142 -0.63690
v -0.54703 0.29142 -0.63690
v -0.52988 0.23119 -0.62551
v -0.58397 0.57148 -0.37855
v -0.58397 0.57148 -0.37855
v -0.56768 0.17165 -0.66225
v -0.56768 0.17165 -0.66225
v -0.54541 0.17408 -0.66261
v -0.54541 0.17408 -0.66261
v -0.54541 0.17408 -0.66261
v -0.56627 0.54479 -0.38166
v -0.56627 0.54479 -0.38166
v -0.57396 0.64872 -0.30149
v -0.51934 0.59395 -0.23311
v -0.51934 0.59395 -0.23311
v -0.53694 0.65601 -0.33360
v -0.53694 0.65601 -0.33360
v -0.53351 0.68047 -0.28665
v -0.53351 0.68047 -0.28665
v -0.54317 0.06879 -0.30209
v -0.54317 0.06879 -0.30209
v -0.59048 0.05410 -0.43820
v -0.59048 0.05410 -0.43820
v -0.59048 0.05410 -0.43820
v -0.57721 0.04399 -0.36907
v -0.57721 0.04399 -0.36907
v -0.56356 0.26480 -0.68179
v -0.56356 0.26480 -0.68179
v -0.56356 0.26480 -0.68179
v -0.55338 0.32113 -0.70261
v -0.55338 0.32113 -0.70261
v -0.55338 0.32113 -0.70261
v -0.55338 0.32113 -0.70261
v -0.55338 0.32113 -0.70261
v -0.55338 0.32113 -0.70261
v -0.51863 0.26231 -0.69663
v -0.51863 0.26231 -0.69663
v -0.51863 0.26231 -0.69663
v -0.51863 0.26231 -0.69663
v -0.51863 0.26231 -0.69663
v -0.51863 0.26231 -0.69663
v -0.51863 0.26231 -0.69663
v -0.51863 0.26231 -0.69663
v -0.59839 0.29789 -0.70379
v -0.59839 0.29789 -0.70379
v -0.56495 0.32977 -0.67119
v -0.56495 0.32977 -0.67119
v -0.56495 0.32977 -0.67119
v -0.55086 0.30526 -0.68634
v -0.55086 0.30526 -0.68634
v -0.55086 0.30526 -0.68634
v -0.56424 0.32940 -0.65163
v -0.56424 0.32940 -0.65163
v -0.56424 0.32940 -0.65163
v -0.56424 0.32940 -0.65163
v -0.55189 0.47373 -0.33201
v -0.55189 0.47373 -0.33201
v -0.54596 0.65058 -0.26118
v -0.51580 0.14270 -0.38815
v -0.51580 0.14270 -0.38815
v -0.53506 0.22119 -0.69556
v -0.53506 0.22119 -0.69556
v -0.51823 0.28600 -0.66458
v -0.51823 0.28600 -0.66458
v -0.51882 0.33007 -0.66391
v -0.51882 0.33007 -0.66391
v -0.51882 0.33007 -0.66391
v -0.53758 -0.92960 -0.48186
v -0.53758 -0.92960 -0.48186
v -0.53758 -0.92960 -0.48186
v -0.53084 -0.92287 -0.47649
v -0.50246 -0.87524 -0.47790
v -0.50246 -0.87524 -0.47790
v -0.50246 -0.87524 -0.47790
v -0.50246 -0.87524 -0.47790
v -0.52531 -0.93052 -0.42755
v -0.52531 -0.93052 -0.42755
v -0.53911 -0.93582 -0.40226
v -0.53911 -0.93582 -0.40226
v -0.50113 -0.85490 -0.38837
v -0.50113 -0.85490 -0.38837
v -0.50113 -0.85490 -0.38837
v -0.54071 0.19229 -0.67403
v -0.51242 0.14769 -0.64917
v -0.51242 0.14769 -0.64917
v -0.51242 0.14769 -0.64917
v -0.52549 0.21628 -0.64513
v -0.52549 0.21628 -0.64513
v -0.52549 0.21628 -0.64513
v -0.54661 0.33641 -0.69637
v -0.54661 0.33641 -0.69637
v -0.51382 0.33152 -0.63814
v -0.51382 0.33152 -0.63814
v -0.51382 0.33152 -0.63814
v -0.51382 0.33152 -0.63814
v -0.48884 0.00327 -0.41458
v -0.47966 -0.01035 -0.30156
v -0.52135 0.07424 -0.25127
v -0.52135 0.07424 -0.25127
v -0.52167 0.19775 -0.65481
v -0.52167 0.19775 -0.65481
v -0.53046 0.19418 -0.62006
v -0.53046 0.19418 -0.62006
v -0.53643 0.64972 -0.25661
v -0.49051 0.07551 -0.20630
v -0.49051 0.07551 -0.20630
v -0.53577 0.10332 -0.26393
v -0.53577 0.10332 -0.26393
v -0.53577 0.10332 -0.26393
v -0.51518 0.12424 -0.44280
v -0.51518 0.12424 -0.44280
v -0.51518 0.12424 -0.44280
v -0.52531 0.08386 -0.45146
v -0.49472 0.20993 -0.66339
v -0.49472 0.20993 -0.66339
v -0.49472 0.20993 -0.66339
v -0.49472 0.20993 -0.66339
v -0.53754 0.26178 -0.71384
v -0.53754 0.26178 -0.71384
v -0.53754 0.26178 -0.71384
v -0.53754 0.26178 -0.71384
v -0.53754 0.26178 -0.71384
v -0.52153 0.29539 -0.69942
v -0.52153 0.29539 -0.69942
v -0.52153 0.29539 -0.69942
v -0.52153 0.29539 -0.69942
v -0.52020 0.30857 -0.63653
v -0.52020 0.30857 -0.63653
v -0.54172 0.37708 -0.62505
v -0.54172 0.37708 -0.62505
v -0.51450 0.34455 -0.59325
v -0.51450 0.34455 -0.59325
v -0.51450 0.34455 -0.59325
v -0.52806 0.42243 -0.31704
v -0.52806 0.42243 -0.31704
v -0.50674 -0.92448 -0.47293
v -0.49747 -0.90138 -0.52629
v -0.49359 0.00877 -0.23398
v -0.49359 0.00877 -0.23398
v -0.50613 0.11965 -0.26983
v -0.50613 0.11965 -0.26983
v -0.52162 0.29585 -0.72118
v -0.52162 0.29585 -0.72118
v -0.52162 0.29585 -0.72118
v -0.52162 0.29585 -0.72118
v -0.52700 0.31156 -0.72411
v -0.52700 0.31156 -0.72411
v -0.52700 0.31156 -0.72411
v -0.51012 0.31197 -0.71167
v -0.51012 0.31197 -0.71167
v -0.51012 0.31197 -0.71167
v -0.51012 0.31197 -0.71167
v -0.51012 0.31197 -0.71167
v -0.51012 0.31197 -0.71167
v -0.52690 0.35203 -0.72834
v -0.52690 0.35203 -0.72834
v -0.52690 0.35203 -0.72834
v -0.51209 0.31269 -0.72717
v -0.51209 0.31269 -0.72717
v -0.49442 0.40351 -0.31976
v -0.49442 0.40351 -0.31976
v -0.45935 0.40821 -0.28753
v -0.50010 -0.90520 -0.37578
v -0.50010 -0.90520 -0.37578
v -0.50010 -0.90520 -0.37578
v -0.50301 0.01524 -0.28644
v -0.50301 0.01524 -0.28644
v -0.51634 0.13392 -0.27865
v -0.51634 0.13392 -0.27865
v -0.51634 0.13392 -0.27865
v -0.51156 0.14796 -0.35887
v -0.51072 0.26785 -0.76110
v -0.51072 0.26785 -0.76110
v -0.51072 0.26785 -0.76110
v -0.51072 0.26785 -0.76110
v -0.51072 0.26785 -0.76110
v -0.51072 0.26785 -0.76110
v -0.49857 0.26025 -0.77425
v -0.49857 0.26025 -0.77425
v -0.53254 0.25380 -0.75134
v -0.53254 0.25380 -0.75134
v -0.52166 0.29566 -0.75375
v -0.52166 0.29566 -0.75375
v -0.51649 0.30420 -0.78465
v -0.51649 0.30420 -0.78465
v -0.49909 0.30518 -0.73731
v -0.49909 0.30518 -0.73731
v -0.49909 0.30518 -0.73731
v -0.49909 0.30518 -0.73731
v -0.47972 0.27494 -0.63874
v -0.47972 0.27494 -0.63874
v -0.50025 0.33666 -0.61701
v -0.50025 0.33666 -0.61701
v -0.46070 -0.94039 -0.46068
v -0.46070 -0.94039 -0.46068
v -0.52720 -0.93592 -0.30972
v -0.52720 -0.93592 -0.30972
v -0.52720 -0.93592 -0.30972
v -0.43428 -0.88240 -0.30736
v -0.51103 -0.91125 -0.30864
v -0.51103 -0.91125 -0.30864
v -0.49571 -0.92694 -0.39908
v -0.47532 -0.88272 -0.46681
v -0.47532 -0.88272 -0.46681
v -0.49214 -0.01715 -0.28277
v -0.49214 -0.01715 -0.28277
v -0.47518 0.14820 -0.36239
v -0.47013 0.14896 -0.61495
v -0.47013 0.14896 -0.61495
v -0.48876 0.21675 -0.69107
v -0.48876 0.21675 -0.69107
v -0.48856 0.19445 -0.76562
v -0.48856 0.19445 -0.76562
v -0.48856 0.19445 -0.76562
v -0.51837 0.23192 -0.74776
v -0.50861 0.23779 -0.77873
v -0.50861 0.23779 -0.77873
v -0.46191 0.19827 -0.61985
v -0.46191 0.19827 -0.61985
v -0.46754 0.24327 -0.72638
v -0.46754 0.24327 -0.72638
v -0.46754 0.24327 -0.72638
v -0.46754 0.24327 -0.72638
v -0.46754 0.24327 -0.72638
v -0.46754 0.24327 -0.72638
v -0.49139 0.27638 -0.73631
v -0.49139 0.27638 -0.73631
v -0.50848 0.33032 -0.72628
v -0.50848 0.33032 -0.72628
v -0.50848 0.33032 -0.72628
v -0.49710 0.34594 -0.69133
v -0.49710 0.34594 -0.69133
v -0.49710 0.34594 -0.69133
v -0.49710 0.34594 -0.69133
v -0.49710 0.34594 -0.69133
v -0.49710 0.34594 -0.69133
v -0.49710 0.34594 -0.69133
v -0.49710 0.34594 -0.69133
v -0.49710 0.34594 -0.69133
v -0.41385 0.49008 -0.19871
v -0.41385 0.49008 -0.19871
v -0.49590 -0.91192 -0.45845
v -0.49590 -0.91192 -0.45845
v -0.49590 -0.91192 -0.45845
v -0.48002 0.13904 -0.24005
v -0.48002 0.13904 -0.24005
v -0.48689 0.15236 -0.64531
v -0.48689 0.15236 -0.64531
v -0.48689 0.15236 -0.64531
v -0.50596 0.21509 -0.79385
v -0.50596 0.21509 -0.79385
v -0.50596 0.21509 -0.79385
v -0.48422 0.18746 -0.63750
v -0.47016 0.22603 -0.74277
v -0.47016 0.22603 -0.74277
v -0.47016 0.22603 -0.74277
v -0.47016 0.22603 -0.74277
v -0.47016 0.22603 -0.74277
v -0.47431 0.30777 -0.67279
v -0.47431 0.30777 -0.67279
v -0.47431 0.30777 -0.67279
v -0.49056 0.33731 -0.64971
v -0.49056 0.33731 -0.64971
v -0.49056 0.33731 -0.64971
v -0.44496 0.41387 -0.34073
v -0.49887 0.60361 -0.21639
v -0.39799 -0.93583 -0.53499
v -0.39799 -0.93583 -0.53499
v -0.48628 -0.94070 -0.32923
v -0.48628 -0.94070 -0.32923
v -0.45115 -0.92975 -0.31098
v -0.45115 -0.92975 -0.31098
v -0.46080 -0.89909 -0.36196
v -0.46080 -0.89909 -0.36196
v -0.47005 0.17561 -0.29182
v -0.47005 0.17561 -0.29182
v -0.46439 0.18501 -0.66252
v -0.46439 0.18501 -0.66252
v -0.46439 0.18501 -0.66252
v -0.46439 0.18501 -0.66252
v -0.46439 0.18501 -0.66252
v -0.46439 0.18501 -0.66252
v -0.46439 0.18501 -0.66252
v -0.49504 0.19091 -0.78883
v -0.49504 0.19091 -0.78883
v -0.49504 0.19091 -0.78883
v -0.48558 0.19290 -0.73944
v -0.46631 0.16556 -0.76587
v -0.46631 0.16556 -0.76587
v -0.47455 0.24960 -0.61596
v -0.44079 0.24584 -0.58411
v -0.44079 0.24584 -0.58411
v -0.44079 0.24584 -0.58411
v -0.48057 0.28799 -0.70438
v -0.48057 0.28799 -0.70438
v -0.45948 0.31668 -0.72192
v -0.51282 0.40567 -0.71020
v -0.51282 0.40567 -0.71020
v -0.47676 0.36415 -0.69372
v -0.47676 0.36415 -0.69372
v -0.47676 0.36415 -0.69372
v -0.47676 0.36415 -0.69372
v -0.47676 0.36415 -0.69372
v -0.44051 0.50970 -0.16460
v -0.44051 0.50970 -0.16460
v -0.43905 0.60061 -0.28526
v -0.43905 0.60061 -0.28526
v -0.39645 0.52315 -0.31852
v -0.50278 0.65628 -0.26854
v -0.45159 0.62622 -0.25476
v -0.46789 -0.87832 -0.31248
v -0.46789 -0.87832 -0.31248
v -0.41861 -0.85706 -0.33674
v -0.41861 -0.85706 -0.33674
v -0.41861 -0.85706 -0.33674
v -0.41861 -0.85706 -0.33674
v -0.43666 -0.86196 -0.51678
v -0.43666 -0.86196 -0.51678
v -0.41406 -0.03119 -0.27796
v -0.41406 -0.03119 -0.27796
v -0.47157 0.01459 -0.22104
v -0.47157 0.01459 -0.22104
v -0.38903 0.09355 -0.45590
v -0.43168 0.12345 -0.43576
v -0.43168 0.12345 -0.43576
v -0.45987 0.15385 -0.30014
v -0.48519 0.20126 -0.65280
v -0.48863 0.31383 -0.69599
v -0.48863 0.31383 -0.69599
v -0.45817 0.28543 -0.63353
v -0.47542 0.35744 -0.72959
v -0.47542 0.35744 -0.72959
v -0.44859 -0.93426 -0.40065
v -0.44859 -0.93426 -0.40065
v -0.44859 -0.93426 -0.40065
v -0.48695 -0.61808 -0.31827
v -0.44599 -0.59457 -0.26708
v -0.44599 -0.59457 -0.26708
v -0.45677 -0.57337 -0.29135
v -0.45677 -0.57337 -0.29135
v -0.45835 0.02825 -0.17527
v -0.45835 0.02825 -0.17527
v -0.42351 0.03396 -0.44093
v -0.42351 0.03396 -0.44093
v -0.46419 0.08689 -0.19138
v -0.45238 0.17077 -0.31067
v -0.37431 0.04232 -0.63003
v -0.37431 0.04232 -0.63003
v -0.37431 0.04232 -0.63003
v -0.37431 0.04232 -0.63003
v -0.37431 0.04232 -0.63003
v -0.37431 0.04232 -0.63003
v -0.42689 0.13913 -0.71485
v -0.42689 0.13913 -0.71485
v -0.41260 0.22475 -0.69850
v -0.41260 0.22475 -0.69850
v -0.41260 0.22475 -0.69850
v -0.47875 0.31182 -0.69499
v -0.47250 0.32203 -0.68220
v -0.43533 0.25673 -0.65665
v -0.43533 0.25673 -0.65665
v -0.43533 0.25673 -0.65665
v -0.49072 0.35613 -0.30075
v -0.49072 0.35613 -0.30075
v -0.45127 0.32680 -0.26558
v -0.45127 0.32680 -0.26558
v -0.46063 0.38953 -0.65316
v -0.46063 0.38953 -0.65316
v -0.46573 0.35576 -0.65774
v -0.46573 0.35576 -0.65774
v -0.48181 0.39542 -0.65339
v -0.48181 0.39542 -0.65339
v -0.43368 0.52525 -0.25206
v -0.43368 0.52525 -0.25206
v -0.43781 0.59767 -0.19518
v -0.43781 0.59767 -0.19518
v -0.44639 -0.85192 -0.43453
v -0.44639 -0.85192 -0.43453
v -0.44274 0.01709 -0.37211
v -0.44274 0.01709 -0.37211
v -0.39112 0.10191 -0.65175
v -0.39112 0.10191 -0.65175
v -0.39112 0.10191 -0.65175
v -0.39112 0.10191 -0.65175
v -0.39112 0.10191 -0.65175
v -0.39112 0.10191 -0.65175
v -0.46466 0.22479 -0.66682
v -0.43035 0.25931 -0.69861
v -0.43035 0.25931 -0.69861
v -0.43035 0.25931 -0.69861
v -0.45104 0.37209 -0.64674
v -0.45104 0.37209 -0.64674
v -0.45104 0.37209 -0.64674
v -0.44028 0.50013 -0.26400
v -0.45673 -0.85910 -0.35626
v -0.45673 -0.85910 -0.35626
v -0.44480 -0.86001 -0.46468
v -0.44480 -0.86001 -0.46468
v -0.43155 -0.85196 -0.42552
v -0.46729 -0.61499 -0.38450
v -0.41965 -0.72964 -0.37915
v -0.44930 -0.66506 -0.28437
v -0.44930 -0.66506 -0.28437
v -0.43812 -0.00498 -0.21234
v -0.43812 -0.00498 -0.21234
v -0.45939 0.10025 -0.16066
v -0.45939 0.10025 -0.16066
v -0.40106 0.15500 -0.45032
v -0.40106 0.15500 -0.45032
v -0.43021 0.13405 -0.62565
v -0.43021 0.13405 -0.62565
v -0.43021 0.13405 -0.62565
v -0.43021 0.13405 -0.62565
v -0.43021 0.13405 -0.62565
v -0.43021 0.13405 -0.62565
v -0.43596 0.13492 -0.74470
v -0.43596 0.13492 -0.74470
v -0.43012 0.18113 -0.27311
v -0.43012 0.18113 -0.27311
v -0.44729 0.20522 -0.68187
v -0.44729 0.20522 -0.68187
v -0.44729 0.20522 -0.68187
v -0.44729 0.20522 -0.68187
v -0.46358 0.20318 -0.66667
v -0.46358 0.20318 -0.66667
v -0.47180 0.22714 -0.14728
v -0.44099 0.19736 -0.21019
v -0.44099 0.19736 -0.21019
v -0.43879 0.17597 -0.13612
v -0.43879 0.17597 -0.13612
v -0.43879 0.17597 -0.13612
v -0.45455 0.19983 -0.69541
v -0.45455 0.19983 -0.69541
v -0.42704 0.19298 -0.70484
v -0.42704 0.19298 -0.70484
v -0.45565 0.28534 -0.65681
v -0.45565 0.28534 -0.65681
v -0.45565 0.28534 -0.65681
v -0.44235 0.33234 -0.65229
v -0.43598 0.30168 -0.72173
v -0.43598 0.30168 -0.72173
v -0.43598 0.30168 -0.72173
v -0.43841 -0.59245 -0.39788
v -0.43841 -0.59245 -0.39788
v -0.42232 -0.65429 -0.42664
v -0.42232 -0.65429 -0.42664
v -0.42232 -0.65429 -0.42664
v -0.41306 0.13591 -0.20379
v -0.41306 0.13591 -0.20379
v -0.42229 0.14231 -0.19160
v -0.42229 0.14231 -0.19160
v -0.43955 0.17780 -0.65548
v -0.43955 0.17780 -0.65548
v -0.43955 0.17780 -0.65548
v -0.43955 0.17780 -0.65548
v -0.43645 0.20521 -0.13581
v -0.43645 0.20521 -0.13581
v -0.43645 0.20521 -0.13581
v -0.45168 0.21034 -0.09561
v -0.45168 0.21034 -0.09561
v -0.43263 0.23525 -0.24574
v -0.42362 0.16821 -0.68054
v -0.42362 0.16821 -0.68054
v -0.42362 0.16821 -0.68054
v -0.42362 0.16821 -0.68054
v -0.42362 0.16821 -0.68054
v -0.44129 0.19616 -0.65139
v -0.44129 0.19616 -0.65139
v -0.44129 0.19616 -0.65139
v -0.42634 0.21313 -0.63260
v -0.42634 0.21313 -0.63260
v -0.41668 0.30555 -0.21732
v -0.44719 0.27324 -0.68587
v -0.43794 0.25706 -0.62634
v -0.43794 0.25706 -0.62634
v -0.41984 0.27673 -0.63967
v -0.41984 0.27673 -0.63967
v -0.43781 0.32411 -0.63995
v -0.43781 0.32411 -0.63995
v -0.43781 0.32411 -0.63995
v -0.42404 0.51976 -0.14612
v -0.36808 -0.94096 -0.34773
v -0.36808 -0.94096 -0.34773
v -0.41266 -0.86340 -0.39089
v -0.41266 -0.86340 -0.39089
v -0.45144 0.05860 -0.58345
v -0.45144 0.05860 -0.58345
v -0.45144 0.05860 -0.58345
v -0.43677 0.04111 -0.68959
v -0.43677 0.04111 -0.68959
v -0.43677 0.04111 -0.68959
v -0.43677 0.04111 -0.68959
v -0.43002 0.01055 -0.62779
v -0.43002 0.01055 -0.62779
v -0.43900 0.02293 -0.60873
v -0.43900 0.02293 -0.60873
v -0.43243 0.07302 -0.59453
v -0.43243 0.07302 -0.59453
v -0.42894 0.01348 -0.12690
v -0.42894 0.01348 -0.12690
v -0.44916 0.05293 -0.11240
v -0.44916 0.05293 -0.11240
v -0.46261 0.03592 -0.10155
v -0.46261 0.03592 -0.10155
v -0.45495 0.07597 -0.04907
v -0.45495 0.07597 -0.04907
v -0.47318 0.08981 -0.10008
v -0.47318 0.08981 -0.10008
v -0.47318 0.08981 -0.10008
v -0.47318 0.08981 -0.10008
v -0.43944 0.08910 -0.12159
v -0.43944 0.08910 -0.12159
v -0.43944 0.08910 -0.12159
v -0.44364 0.09990 -0.07933
v -0.44249 0.13982 -0.09311
v -0.44249 0.13982 -0.09311
v -0.41904 0.16027 -0.18126
v -0.41904 0.16027 -0.18126
v -0.40869 0.20853 -0.60206
v -0.40869 0.20853 -0.60206
v -0.42567 0.31378 -0.18012
v -0.42567 0.31378 -0.18012
v -0.41822 -0.50859 -0.35951
v -0.41822 -0.50859 -0.35951
v -0.43722 -0.02488 -0.32027
v -0.43722 -0.02488 -0.32027
v -0.42954 0.00496 -0.15638
v -0.38541 0.00426 -0.12092
v -0.38541 0.00426 -0.12092
v -0.42813 -0.00979 -0.10050
v -0.42813 -0.00979 -0.10050
v -0.42201 0.00110 -0.06518
v -0.42201 0.00110 -0.06518
v -0.42201 0.00110 -0.06518
v -0.43603 0.06634 -0.06940
v -0.43603 0.06634 -0.06940
v -0.39378 0.10817 -0.55981
v -0.39378 0.10817 -0.55981
v -0.39378 0.10817 -0.55981
v -0.41474 0.04870 -0.62701
v -0.41474 0.04870 -0.62701
v -0.41474 0.04870 -0.62701
v -0.42782 0.09383 -0.13023
v -0.42782 0.09383 -0.13023
v -0.42782 0.09383 -0.13023
v -0.42782 0.09383 -0.13023
v -0.42270 0.14321 -0.07497
v -0.42270 0.14321 -0.07497
v -0.42270 0.14321 -0.07497
v -0.42270 0.14321 -0.07497
v -0.42733 0.10439 -0.11246
v -0.42733 0.10439 -0.11246
v -0.39337 0.10591 -0.72301
v -0.39156 0.18131 -0.71299
v -0.39156 0.18131 -0.71299
v -0.39156 0.18131 -0.71299
v -0.39156 0.18131 -0.71299
v -0.39843 0.20838 -0.28278
v -0.39843 0.20838 -0.28278
v -0.42899 0.24917 -0.26305
v -0.41854 0.23507 -0.30064
v -0.41886 0.26394 -0.08704
v -0.41886 0.26394 -0.08704
v -0.42961 0.26911 -0.06409
v -0.42961 0.26911 -0.06409
v -0.40668 0.25690 -0.68439
v -0.40668 0.25690 -0.68439
v -0.40668 0.25690 -0.68439
v -0.39550 0.32717 -0.28838
v -0.39550 0.32717 -0.28838
v -0.39550 0.32717 -0.28838
v -0.37823 0.34303 -0.21484
v -0.37823 0.34303 -0.21484
v -0.43247 0.36876 -0.63999
v -0.43247 0.36876 -0.63999
v -0.34462 -0.92507 -0.34008
v -0.39028 -0.01554 -0.32712
v -0.42259 -0.01598 -0.21869
v -0.40199 -0.00266 -0.42609
v -0.37483 -0.01328 -0.65695
v -0.37483 -0.01328 -0.65695
v -0.37483 -0.01328 -0.65695
v -0.37483 -0.01328 -0.65695
v -0.38176 0.00160 -0.61620
v -0.38176 0.00160 -0.61620
v -0.38176 0.00160 -0.61620
v -0.38176 0.00160 -0.61620
v -0.38481 0.04805 -0.54041
v -0.41900 0.14506 -0.32813
v -0.41143 0.15613 -0.13099
v -0.41143 0.15613 -0.13099
v -0.41143 0.15613 -0.13099
v -0.38893 0.17569 -0.23989
v -0.40180 0.20742 -0.57564
v -0.40180 0.20742 -0.57564
v -0.41430 0.27629 -0.16820
v -0.41430 0.27629 -0.16820
v -0.43744 0.25167 -0.59031
v -0.43744 0.25167 -0.59031
v -0.43744 0.25167 -0.59031
v -0.38225 0.16338 -0.62196
v -0.38225 0.16338 -0.62196
v -0.42325 0.24765 -0.63914
v -0.42325 0.24765 -0.63914
v -0.41644 0.31142 -0.73457
v -0.41644 0.31142 -0.73457
v -0.40400 0.50041 -0.21072
v -0.40400 0.50041 -0.21072
v -0.40400 0.50041 -0.21072
v -0.38842 -0.82216 -0.43818
v -0.38842 -0.82216 -0.43818
v -0.38842 -0.82216 -0.43818
v -0.44246 -0.73404 -0.38424
v -0.44246 -0.73404 -0.38424
v -0.41374 -0.71585 -0.49071
v -0.41374 -0.71585 -0.49071
v -0.38597 -0.77625 -0.41812
v -0.41505 -0.70042 -0.46553
v -0.41505 -0.70042 -0.46553
v -0.40389 -0.50317 -0.40543
v -0.40389 -0.50317 -0.40543
v -0.40389 -0.50317 -0.40543
v -0.39446 -0.50026 -0.29215
v -0.39446 -0.50026 -0.29215
v -0.40647 0.00617 -0.59951
v -0.40647 0.00617 -0.59951
v -0.41980 0.03723 -0.58107
v -0.40674 0.01115 -0.08531
v -0.40674 0.01115 -0.08531
v -0.40674 0.01115 -0.08531
v -0.39754 0.10936 -0.00910
v -0.39841 0.11939 -0.08370
v -0.39841 0.11939 -0.08370
v -0.39257 0.14200 -0.14706
v -0.39257 0.14200 -0.14706
v -0.40314 0.12389 -0.65153
v -0.40314 0.12389 -0.65153
v -0.40314 0.12389 -0.65153
v -0.40314 0.12389 -0.65153
v -0.40314 0.12389 -0.65153
v -0.40314 0.12389 -0.65153
v -0.41340 0.14746 -0.59982
v -0.41340 0.14746 -0.59982
v -0.40506 0.11994 -0.60872
v -0.40506 0.11994 -0.60872
v -0.38852 0.14015 -0.28535
v -0.38852 0.14015 -0.28535
v -0.38852 0.14015 -0.28535
v -0.39396 0.17594 -0.69435
v -0.39396 0.17594 -0.69435
v -0.39396 0.17594 -0.69435
v -0.35049 0.16791 -0.14046
v -0.35049 0.16791 -0.14046
v -0.35049 0.16791 -0.14046
v -0.35049 0.16791 -0.14046
v -0.37185 0.17778 -0.67942
v -0.37185 0.17778 -0.67942
v -0.37185 0.17778 -0.67942
v -0.37185 0.17778 -0.67942
v -0.37185 0.17778 -0.67942
v -0.37185 0.17778 -0.67942
v -0.40584 0.26290 -0.04540
v -0.40584 0.26290 -0.04540
v -0.40584 0.26290 -0.04540
v -0.35988 0.54978 -0.16818
v -0.35988 0.54978 -0.16818
v -0.35988 0.54978 -0.16818
v -0.35988 0.54978 -0.16818
v -0.35988 0.54978 -0.16818
v -0.35988 0.54978 -0.16818
v -0.36362 -0.64661 -0.30018
v -0.36362 -0.64661 -0.30018
v -0.40696 0.00067 -0.62378
v -0.39539 0.01644 -0.57703
v -0.41443 0.03570 -0.57799
v -0.39999 0.01127 0.00985
v -0.39999 0.01127 0.00985
v -0.39763 0.12099 -0.02804
v -0.39763 0.12099 -0.02804
v -0.37742 0.14804 -0.12491
v -0.37742 0.14804 -0.12491
v -0.37742 0.14804 -0.12491
v -0.38565 0.13821 -0.32231
v -0.36045 0.08891 -0.63552
v -0.36045 0.08891 -0.63552
v -0.36045 0.08891 -0.63552
v -0.39894 0.28461 -0.32908
v -0.39894 0.28461 -0.32908
v -0.39894 0.28461 -0.32908
v -0.39894 0.28461 -0.32908
v -0.41023 0.30507 -0.02423
v -0.41023 0.30507 -0.02423
v -0.41023 0.30507 -0.02423
v -0.40253 0.33275 -0.04234
v -0.37001 0.43103 -0.06829
v -0.37001 0.43103 -0.06829
v -0.37001 0.43103 -0.06829
v -0.39271 0.34273 -0.13604
v -0.39271 0.34273 -0.13604
v -0.39003 0.44957 -0.29866
v -0.39003 0.44957 -0.29866
v -0.38915 0.43739 -0.14604
v -0.38915 0.43739 -0.14604
v -0.38915 0.43739 -0.14604
v -0.40390 -0.86853 -0.53301
v -0.40390 -0.86853 -0.53301
v -0.39489 -0.72783 -0.50301
v -0.39489 -0.72783 -0.50301
v -0.39580 -0.75484 -0.48945
v -0.39580 -0.75484 -0.48945
v -0.37747 -0.44567 -0.31209
v -0.37747 -0.44567 -0.31209
v -0.37747 -0.44567 -0.31209
v -0.38496 0.03478 -0.72506
v -0.41216 0.01469 -0.68888
v -0.41216 0.01469 -0.68888
v -0.38442 0.01682 -0.44153
v -0.38442 0.01682 -0.44153
v -0.40296 0.03419 -0.56450
v -0.39482 0.06662 -0.73063
v -0.39482 0.06662 -0.73063
v -0.39482 0.06662 -0.73063
v -0.39482 0.06662 -0.73063
v -0.39482 0.06662 -0.73063
v -0.38804 0.06319 0.06259
v -0.38804 0.06319 0.06259
v -0.38866 0.11998 0.02745
v -0.38866 0.11998 0.02745
v -0.37423 0.04000 -0.60733
v -0.37423 0.04000 -0.60733
v -0.38201 0.12898 -0.06875
v -0.38201 0.12898 -0.06875
v -0.38788 0.09805 -0.60137
v -0.38788 0.09805 -0.60137
v -0.38788 0.09805 -0.60137
v -0.38312 0.15341 -0.38164
v -0.39479 0.22996 -0.63041
v -0.39479 0.22996 -0.63041
v -0.37279 0.32490 -0.01349
v -0.37279 0.32490 -0.01349
v -0.36689 0.23673 -0.61836
v -0.36689 0.23673 -0.61836
v -0.36689 0.23673 -0.61836
v -0.39837 0.32254 -0.63357
v -0.39837 0.32254 -0.63357
v -0.38808 0.38463 -0.27996
v -0.38808 0.38463 -0.27996
v -0.34443 0.45274 -0.31902
v -0.34443 0.45274 -0.31902
v -0.34443 0.45274 -0.31902
v -0.34443 0.45274 -0.31902
v -0.37112 0.55664 -0.28440
v -0.37112 0.55664 -0.28440
v -0.37112 0.55664 -0.28440
v -0.30939 -0.94069 -0.42215
v -0.30939 -0.94069 -0.42215
v -0.37362 -0.73479 -0.36328
v -0.37362 -0.73479 -0.36328
v -0.37362 -0.73479 -0.36328
v -0.37619 -0.67431 -0.49098
v -0.37619 -0.67431 -0.49098
v -0.37619 -0.67431 -0.49098
v -0.36008 -0.69145 -0.51443
v -0.36008 -0.69145 -0.51443
v -0.36008 -0.69145 -0.51443
v -0.34788 -0.53233 -0.43308
v -0.34788 -0.53233 -0.43308
v -0.34788 -0.53233 -0.43308
v -0.35907 0.00304 -0.08512
v -0.35907 0.00304 -0.08512
v -0.35392 0.03732 -0.68018
v -0.35392 0.03732 -0.68018
v -0.38472 0.11803 -0.53419
v -0.38472 0.11803 -0.53419
v -0.39143 0.13828 -0.02835
v -0.39143 0.13828 -0.02835
v -0.34293 0.08295 -0.67762
v -0.34293 0.08295 -0.67762
v -0.34293 0.08295 -0.67762
v -0.34293 0.08295 -0.67762
v -0.34293 0.08295 -0.67762
v -0.37354 0.12914 -0.25312
v -0.37354 0.12914 -0.25312
v -0.39285 0.15225 -0.20565
v -0.39285 0.15225 -0.20565
v -0.36682 0.15096 -0.57186
v -0.36682 0.15096 -0.57186
v -0.36682 0.15096 -0.57186
v -0.34453 0.11302 -0.57707
v -0.34453 0.11302 -0.57707
v -0.34453 0.11302 -0.57707
v -0.34453 0.11302 -0.57707
v -0.34453 0.11302 -0.57707
v -0.34453 0.11302 -0.57707
v -0.37133 0.21163 -0.67469
v -0.37133 0.21163 -0.67469
v -0.36571 0.20685 -0.62251
v -0.36571 0.20685 -0.62251
v -0.36571 0.20685 -0.62251
v -0.36571 0.20685 -0.62251
v -0.36571 0.20685 -0.62251
v -0.39148 0.31983 -0.62920
v -0.39148 0.31983 -0.62920
v -0.38016 0.25834 -0.20904
v -0.39023 0.31508 -0.15263
v -0.39023 0.31508 -0.15263
v -0.36385 0.34392 -0.28996
v -0.36385 0.34392 -0.28996
v -0.37397 0.38580 -0.24776
v -0.38438 0.42874 -0.18517
v -0.37317 0.46893 -0.25376
v -0.37317 0.46893 -0.25376
v -0.33562 -0.83772 -0.37093
v -0.33562 -0.83772 -0.37093
v -0.36386 -0.85876 -0.35037
v -0.36386 -0.85876 -0.35037
v -0.40124 -0.78046 -0.47403
v -0.40124 -0.78046 -0.47403
v -0.36019 -0.79537 -0.52391
v -0.36019 -0.79537 -0.52391
v -0.36019 -0.79537 -0.52391
v -0.36019 -0.79537 -0.52391
v -0.38276 -0.78894 -0.41556
v -0.38276 -0.78894 -0.41556
v -0.38276 -0.78894 -0.41556
v -0.38276 -0.78894 -0.41556
v -0.38276 -0.78894 -0.41556
v -0.37302 -0.74300 -0.33815
v -0.37302 -0.74300 -0.33815
v -0.37302 -0.74300 -0.33815
v -0.34439 -0.62978 -0.45653
v -0.34439 -0.62978 -0.45653
v -0.32587 -0.62581 -0.39835
v -0.32587 -0.62581 -0.39835
v -0.32587 -0.62581 -0.39835
v -0.32587 -0.62581 -0.39835
v -0.38382 -0.03392 -0.62100
v -0.36444 -0.02598 -0.56518
v -0.34565 0.02016 -0.28561
v -0.34565 0.02016 -0.28561
v -0.34565 0.02016 -0.28561
v -0.34565 0.02016 -0.28561
v -0.34565 0.02016 -0.28561
v -0.34565 0.02016 -0.28561
v -0.34565 0.02016 -0.28561
v -0.37416 -0.01006 -0.15629
v -0.37416 -0.01006 -0.15629
v -0.32121 0.02226 -0.33557
v -0.38000 0.01598 -0.56511
v -0.38000 0.01598 -0.56511
v -0.38391 0.14311 -0.05701
v -0.38391 0.14311 -0.05701
v -0.36434 0.15397 0.01840
v -0.36434 0.15397 0.01840
v -0.36434 0.15397 0.01840
v -0.37183 0.11673 -0.66875
v -0.37183 0.11673 -0.66875
v -0.37183 0.11673 -0.66875
v -0.37183 0.11673 -0.66875
v -0.35415 0.18374 -0.27782
v -0.35415 0.18374 -0.27782
v -0.38294 0.38767 -0.16993
v -0.38541 0.36510 -0.14018
v -0.37994 0.53555 -0.09292
v -0.34955 0.41568 -0.22638
v -0.38746 0.47622 -0.13680
v -0.38746 0.47622 -0.13680
v -0.38746 0.47622 -0.13680
v -0.32623 -0.93324 -0.53414
v -0.32623 -0.93324 -0.53414
v -0.37737 -0.84846 -0.51247
v -0.37737 -0.84846 -0.51247
v -0.37603 -0.78160 -0.47392
v -0.37603 -0.78160 -0.47392
v -0.30287 -0.53897 -0.23134
v -0.30287 -0.53897 -0.23134
v -0.38013 -0.51183 -0.43226
v -0.38013 -0.51183 -0.43226
v -0.35547 -0.47210 -0.29323
v -0.35547 -0.47210 -0.29323
v -0.35547 -0.47210 -0.29323
v -0.35727 0.02259 0.08384
v -0.35727 0.02259 0.08384
v -0.35727 0.02259 0.08384
v -0.36433 0.04869 -0.73827
v -0.36599 0.06040 0.05189
v -0.36599 0.06040 0.05189
v -0.36688 0.09732 -0.31209
v -0.36688 0.09732 -0.31209
v -0.36688 0.09732 -0.31209
v -0.35888 0.13681 -0.22394
v -0.35888 0.13681 -0.22394
v -0.35654 0.34009 -0.27707
v -0.35654 0.34009 -0.27707
v -0.36281 0.36631 -0.14327
v -0.36281 0.36631 -0.14327
v -0.36281 0.36631 -0.14327
v -0.34583 0.49084 0.00394
v -0.34583 0.49084 0.00394
v -0.32755 0.54899 -0.13725
v -0.32755 0.54899 -0.13725
v -0.32755 0.54899 -0.13725
v -0.32755 0.54899 -0.13725
v -0.36638 -0.76867 -0.36746
v -0.36638 -0.76867 -0.36746
v -0.34737 -0.72839 -0.35838
v -0.34737 -0.72839 -0.35838
v -0.34737 -0.72839 -0.35838
v -0.34453 -0.49197 -0.44144
v -0.34453 -0.49197 -0.44144
v -0.34453 -0.49197 -0.44144
v -0.34453 -0.49197 -0.44144
v -0.38030 -0.50798 -0.23781
v -0.38030 -0.50798 -0.23781
v -0.38030 -0.50798 -0.23781
v -0.38030 -0.50798 -0.23781
v -0.36564 -0.47289 -0.24734
v -0.36564 -0.47289 -0.24734
v -0.36495 -0.46905 -0.27611
v -0.36495 -0.46905 -0.27611
v -0.36475 -0.05805 -0.61987
v -0.36475 -0.05805 -0.61987
v -0.34661 -0.05593 -0.67615
v -0.34661 -0.05593 -0.67615
v -0.34156 0.00458 -0.22223
v -0.34156 0.00458 -0.22223
v -0.35091 0.00769 0.00598
v -0.36872 0.00622 0.02206
v -0.33855 -0.00822 0.04337
v -0.36277 0.00608 -0.64682
v -0.35312 0.05218 -0.53597
v -0.32422 0.09658 0.09008
v -0.32422 0.09658 0.09008
v -0.35236 0.11411 -0.28946
v -0.35236 0.11411 -0.28946
v -0.35236 0.11411 -0.28946
v -0.29713 0.19320 -0.55625
v -0.29713 0.19320 -0.55625
v -0.33205 0.12037 0.06470
v -0.33205 0.12037 0.06470
v -0.33205 0.12037 0.06470
v -0.32550 0.13621 -0.16612
v -0.32550 0.13621 -0.16612
v -0.32550 0.13621 -0.16612
v -0.33796 0.16117 -0.16167
v -0.33796 0.16117 -0.16167
v -0.31159 0.16841 -0.16533
v -0.36827 0.22334 -0.36370
v -0.36827 0.22334 -0.36370
v -0.34909 0.31629 -0.18695
v -0.34909 0.31629 -0.18695
v -0.36393 0.36061 0.02647
v -0.36393 0.36061 0.02647
v -0.36393 0.36061 0.02647
v -0.34317 0.43415 -0.00086
v -0.37192 0.36964 0.03065
v -0.37192 0.36964 0.03065
v -0.35922 0.40400 0.04835
v -0.35922 0.40400 0.04835
v -0.33053 0.58818 -0.03431
v -0.35831 0.56534 -0.14405
v -0.28329 -0.55076 -0.44878
v -0.28329 -0.55076 -0.44878
v -0.28329 -0.55076 -0.44878
v -0.28329 -0.55076 -0.44878
v -0.33567 -0.49054 -0.25900
v -0.33567 -0.49054 -0.25900
v -0.33536 -0.42418 -0.35616
v -0.33536 -0.42418 -0.35616
v -0.34618 -0.03756 -0.53491
v -0.34618 -0.03756 -0.53491
v -0.35565 0.01390 -0.71718
v -0.35600 0.01718 -0.27794
v -0.35600 0.01718 -0.27794
v -0.35600 0.01718 -0.27794
v -0.35097 0.05632 -0.23252
v -0.35097 0.05632 -0.23252
v -0.35097 0.05632 -0.23252
v -0.35097 0.05632 -0.23252
v -0.34901 0.01792 -0.65821
v -0.34901 0.01792 -0.65821
v -0.30577 0.04685 0.06476
v -0.30577 0.04685 0.06476
v -0.30577 0.04685 0.06476
v -0.35936 0.06063 -0.71601
v -0.35936 0.06063 -0.71601
v -0.35447 0.04315 -0.69860
v -0.35447 0.04315 -0.69860
v -0.32529 0.03831 -0.66702
v -0.32529 0.03831 -0.66702
v -0.32529 0.03831 -0.66702
v -0.32529 0.03831 -0.66702
v -0.32529 0.03831 -0.66702
v -0.32529 0.03831 -0.66702
v -0.32529 0.03831 -0.66702
v -0.33099 0.04388 -0.60893
v -0.33099 0.04388 -0.60893
v -0.33099 0.04388 -0.60893
v -0.33099 0.04388 -0.60893
v -0.33099 0.04388 -0.60893
v -0.33099 0.04388 -0.60893
v -0.27544 0.15651 -0.73371
v -0.27544 0.15651 -0.73371
v -0.27544 0.15651 -0.73371
v -0.28657 0.09014 -0.52016
v -0.28657 0.09014 -0.52016
v -0.28657 0.09014 -0.52016
v -0.35672 0.14633 -0.57463
v -0.35672 0.14633 -0.57463
v -0.31079 0.13385 -0.11916
v -0.31079 0.13385 -0.11916
v -0.34033 0.12871 -0.18979
v -0.34033 0.12871 -0.18979
v -0.34726 0.14911 -0.41647
v -0.34726 0.14911 -0.41647
v -0.34726 0.14911 -0.41647
v -0.32894 0.30795 -0.25507
v -0.32894 0.30795 -0.25507
v -0.32894 0.30795 -0.25507
v -0.38011 0.35075 -0.33274
v -0.38011 0.35075 -0.33274
v -0.33341 0.34573 -0.33414
v -0.33341 0.34573 -0.33414
v -0.34814 0.62292 -0.03180
v -0.32736 0.66502 -0.09100
v -0.37855 0.61237 -0.30160
v -0.37855 0.61237 -0.30160
v -0.35265 0.58983 -0.32824
v -0.37530 0.64969 -0.20281
v -0.29167 0.71389 -0.30259
v -0.32571 -0.83425 -0.52121
v -0.32571 -0.83425 -0.52121
v -0.32571 -0.83425 -0.52121
v -0.34162 -0.48831 -0.21922
v -0.34162 -0.48831 -0.21922
v -0.33429 -0.44818 -0.23243
v -0.33429 -0.44818 -0.23243
v -0.33429 -0.44818 -0.23243
v -0.33429 -0.44818 -0.23243
v -0.35436 -0.04803 -0.56019
v -0.34229 -0.00887 -0.14889
v -0.34229 -0.00887 -0.14889
v -0.31622 0.00228 -0.11402
v -0.31622 0.00228 -0.11402
v -0.32017 0.06401 -0.56002
v -0.32017 0.06401 -0.56002
v -0.32017 0.06401 -0.56002
v -0.29323 0.07300 -0.70210
v -0.29323 0.07300 -0.70210
v -0.29323 0.07300 -0.70210
v -0.29323 0.07300 -0.70210
v -0.35143 0.09494 -0.66811
v -0.35143 0.09494 -0.66811
v -0.35355 0.10448 -0.66538
v -0.35355 0.10448 -0.66538
v -0.33822 0.12096 -0.69413
v -0.33822 0.12096 -0.69413
v -0.33822 0.12096 -0.69413
v -0.34984 0.13671 -0.57204
v -0.34984 0.13671 -0.57204
v -0.32077 0.19037 0.02344
v -0.32503 0.24759 -0.41418
v -0.32503 0.24759 -0.41418
v -0.32503 0.24759 -0.41418
v -0.34810 0.47173 -0.04766
v -0.34810 0.47173 -0.04766
v -0.34810 0.47173 -0.04766
v -0.32553 0.67388 -0.12662
v -0.31027 -0.83551 -0.39526
v -0.31027 -0.83551 -0.39526
v -0.31027 -0.83551 -0.39526
v -0.31027 -0.83551 -0.39526
v -0.30852 -0.73384 -0.32977
v -0.30852 -0.73384 -0.32977
v -0.30852 -0.73384 -0.32977
v -0.35508 -0.56486 -0.45201
v -0.35508 -0.56486 -0.45201
v -0.35508 -0.56486 -0.45201
v -0.31500 -0.46440 -0.43365
v -0.31500 -0.46440 -0.43365
v -0.35995 -0.43991 -0.32614
v -0.35995 -0.43991 -0.32614
v -0.32640 -0.41300 -0.34014
v -0.32640 -0.41300 -0.34014
v -0.32640 -0.41300 -0.34014
v -0.31641 -0.09760 -0.67070
v -0.31641 -0.09760 -0.67070
v -0.33367 -0.00518 -0.01054
v -0.32917 -0.00409 -0.42596
v -0.33924 0.03395 -0.28118
v -0.33924 0.03395 -0.28118
v -0.33924 0.03395 -0.28118
v -0.33924 0.03395 -0.28118
v -0.32707 0.05881 -0.63050
v -0.32707 0.05881 -0.63050
v -0.32707 0.05881 -0.63050
v -0.32183 0.06341 -0.53090
v -0.32611 0.08093 -0.29948
v -0.32611 0.08093 -0.29948
v -0.33907 0.03529 -0.69793
v -0.33907 0.03529 -0.69793
v -0.33907 0.03529 -0.69793
v -0.34721 0.08226 -0.66796
v -0.34721 0.08226 -0.66796
v -0.32916 0.07836 -0.58328
v -0.32916 0.07836 -0.58328
v -0.32916 0.07836 -0.58328
v -0.33942 0.11104 -0.55137
v -0.33942 0.11104 -0.55137
v -0.33942 0.11104 -0.55137
v -0.29426 0.14379 -0.45498
v -0.29426 0.14379 -0.45498
v -0.29426 0.14379 -0.45498
v -0.30716 0.09929 -0.67619
v -0.30716 0.09929 -0.67619
v -0.30716 0.09929 -0.67619
v -0.28578 0.19382 -0.04653
v -0.34664 0.28694 -0.03608
v -0.33610 0.25000 -0.08224
v -0.35824 0.38428 0.06905
v -0.35824 0.38428 0.06905
v -0.36068 0.39605 0.05721
v -0.32180 0.47477 0.00460
v -0.32180 0.47477 0.00460
v -0.35035 0.45223 -0.06886
v -0.35035 0.45223 -0.06886
v -0.35035 0.45223 -0.06886
v -0.35035 0.45223 -0.06886
v -0.35336 0.48053 -0.01631
v -0.35336 0.48053 -0.01631
v -0.34769 0.53160 -0.00716
v -0.34769 0.53160 -0.00716
v -0.29048 -0.77683 -0.52044
v -0.29048 -0.77683 -0.52044
v -0.27886 -0.67108 -0.46415
v -0.27886 -0.67108 -0.46415
v -0.31718 -0.67824 -0.46617
v -0.31718 -0.67824 -0.46617
v -0.30311 -0.42261 -0.39408
v -0.30311 -0.42261 -0.39408
v -0.33603 -0.07654 -0.56306
v -0.33603 -0.07654 -0.56306
v -0.33364 -0.02098 -0.53043
v -0.31605 -0.00018 -0.37849
v -0.32443 0.02060 -0.18744
v -0.32443 0.02060 -0.18744
v -0.32386 0.07015 -0.23960
v -0.32386 0.07015 -0.23960
v -0.32386 0.07015 -0.23960
v -0.32386 0.07015 -0.23960
v -0.32386 0.07015 -0.23960
v -0.32386 0.07015 -0.23960
v -0.30326 0.07336 -0.18093
v -0.30326 0.07336 -0.18093
v -0.34811 0.17264 -0.47291
v -0.34811 0.17264 -0.47291
v -0.34811 0.17264 -0.47291
v -0.34811 0.17264 -0.47291
v -0.32565 0.14122 -0.49634
v -0.32565 0.14122 -0.49634
v -0.34230 0.17343 -0.40984
v -0.34230 0.17343 -0.40984
v -0.31718 0.11620 -0.65762
v -0.31718 0.11620 -0.65762
v -0.31718 0.11620 -0.65762
v -0.30375 0.18026 -0.29700
v -0.30375 0.18026 -0.29700
v -0.35348 0.18507 -0.36991
v -0.35348 0.18507 -0.36991
v -0.32485 0.18106 -0.34692
v -0.32485 0.18106 -0.34692
v -0.30371 0.30992 -0.44221
v -0.30371 0.30992 -0.44221
v -0.32309 0.30053 -0.23580
v -0.32309 0.30053 -0.23580
v -0.33919 0.41283 -0.06929
v -0.31176 0.42792 0.09385
v -0.31176 0.42792 0.09385
v -0.31176 0.42792 0.09385
v -0.32171 0.49614 -0.33793
v -0.32171 0.49614 -0.33793
v -0.31423 0.45587 0.12053
v -0.31423 0.45587 0.12053
v -0.34839 0.46577 -0.09001
v -0.34839 0.46577 -0.09001
v -0.34017 0.51964 -0.09013
v -0.34017 0.51964 -0.09013
v -0.33294 0.49318 -0.04892
v -0.33294 0.49318 -0.04892
v -0.33826 0.57314 -0.21036
v -0.33826 0.57314 -0.21036
v -0.26667 -0.82315 -0.54943
v -0.26667 -0.82315 -0.54943
v -0.26667 -0.82315 -0.54943
v -0.29448 -0.77590 -0.36994
v -0.29448 -0.77590 -0.36994
v -0.29448 -0.77590 -0.36994
v -0.33280 -0.64255 -0.34406
v -0.33280 -0.64255 -0.34406
v -0.33280 -0.64255 -0.34406
v -0.32537 -0.54705 -0.20725
v -0.32537 -0.54705 -0.20725
v -0.32591 -0.51288 -0.21490
v -0.25734 -0.36570 -0.29301
v -0.25734 -0.36570 -0.29301
v -0.31943 -0.33922 -0.33995
v -0.32303 -0.09920 -0.58373
v -0.32303 -0.09920 -0.58373
v -0.32357 -0.05897 -0.52558
v -0.32357 -0.05897 -0.52558
v -0.31495 0.02787 -0.17614
v -0.31495 0.02787 -0.17614
v -0.31236 0.03222 -0.03015
v -0.31236 0.03222 -0.03015
v -0.29921 0.03040 -0.17477
v -0.29921 0.03040 -0.17477
v -0.29921 0.03040 -0.17477
v -0.33107 0.02371 -0.16038
v -0.33107 0.02371 -0.16038
v -0.33107 0.02371 -0.16038
v -0.29687 0.02480 -0.46684
v -0.29687 0.02480 -0.46684
v -0.30608 0.03813 0.04771
v -0.30608 0.03813 0.04771
v -0.30608 0.03813 0.04771
v -0.26419 0.10063 -0.48536
v -0.26419 0.10063 -0.48536
v -0.26419 0.10063 -0.48536
v -0.31655 0.08550 -0.27254
v -0.31095 0.09229 -0.24063
v -0.31095 0.09229 -0.24063
v -0.31095 0.09229 -0.24063
v -0.31832 0.12592 -0.61328
v -0.31832 0.12592 -0.61328
v -0.31832 0.12592 -0.61328
v -0.31832 0.12592 -0.61328
v -0.31832 0.12592 -0.61328
v -0.31832 0.12592 -0.61328
v -0.31550 0.11260 -0.62013
v -0.31550 0.11260 -0.62013
v -0.31550 0.11260 -0.62013
v -0.31550 0.11260 -0.62013
v -0.34093 0.17968 -0.61125
v -0.34093 0.17968 -0.61125
v -0.32744 0.16948 -0.39318
v -0.32744 0.16948 -0.39318
v -0.32744 0.16948 -0.39318
v -0.32743 0.30858 -0.00703
v -0.32743 0.30858 -0.00703
v -0.27048 0.48702 0.10487
v -0.31341 0.63486 -0.34425
v -0.31341 0.63486 -0.34425
v -0.26065 0.76228 -0.14207
v -0.26065 0.76228 -0.14207
v -0.29738 0.70736 -0.22014
v -0.28310 -0.90588 -0.38804
v -0.28310 -0.90588 -0.38804
v -0.29641 -0.88764 -0.55056
v -0.29641 -0.88764 -0.55056
v -0.29871 -0.79630 -0.38162
v -0.22555 -0.60416 -0.29051
v -0.31343 -0.35655 -0.44395
v -0.31343 -0.35655 -0.44395
v -0.29998 -0.39190 -0.45994
v -0.29998 -0.39190 -0.45994
v -0.31696 -0.33757 -0.39970
v -0.31287 -0.07908 -0.55738
v -0.31287 -0.07908 -0.55738
v -0.24321 -0.02558 -0.40357
v -0.24321 -0.02558 -0.40357
v -0.28138 0.01676 0.03937
v -0.28138 0.01676 0.03937
v -0.28138 0.01676 0.03937
v -0.28138 0.01676 0.03937
v -0.31242 0.03818 -0.23704
v -0.31242 0.03818 -0.23704
v -0.31242 0.03818 -0.23704
v -0.28058 0.06387 -0.73034
v -0.31624 0.06557 -0.66841
v -0.31624 0.06557 -0.66841
v -0.31624 0.06557 -0.66841
v -0.27795 0.15065 -0.74265
v -0.30222 0.12955 -0.55555
v -0.30222 0.12955 -0.55555
v -0.29791 0.09702 0.02243
v -0.29791 0.09702 0.02243
v -0.30330 0.11344 -0.66702
v -0.30330 0.11344 -0.66702
v -0.30330 0.11344 -0.66702
v -0.30569 0.14575 -0.51075
v -0.30569 0.14575 -0.51075
v -0.30569 0.14575 -0.51075
v -0.26794 0.14255 -0.21700
v -0.26794 0.14255 -0.21700
v -0.26794 0.14255 -0.21700
v -0.31321 0.22253 -0.21247
v -0.31061 0.51114 0.01238
v -0.31061 0.51114 0.01238
v -0.31061 0.51114 0.01238
v -0.29088 0.58943 0.05695
v -0.31041 -0.83382 -0.53622
v -0.31041 -0.83382 -0.53622
v -0.30922 -0.71627 -0.50531
v -0.30922 -0.71627 -0.50531
v -0.30922 -0.71627 -0.50531
v -0.30144 -0.71352 -0.49773
v -0.30144 -0.71352 -0.49773
v -0.30144 -0.71352 -0.49773
v -0.31046 -0.47962 -0.19662
v -0.31046 -0.47962 -0.19662
v -0.29592 -0.42966 -0.22917
v -0.29592 -0.42966 -0.22917
v -0.28235 -0.26965 -0.32353
v -0.28235 -0.26965 -0.32353
v -0.31198 -0.32951 -0.43451
v -0.31198 -0.32951 -0.43451
v -0.31094 -0.27224 -0.33382
v -0.31094 -0.27224 -0.33382
v -0.31781 -0.30253 -0.39463
v -0.30447 0.03321 -0.11712
v -0.30447 0.03321 -0.11712
v -0.24428 0.05092 -0.49623
v -0.24428 0.05092 -0.49623
v -0.24428 0.05092 -0.49623
v -0.27102 0.03789 -0.04808
v -0.27102 0.03789 -0.04808
v -0.31731 0.06915 -0.30794
v -0.31731 0.06915 -0.30794
v -0.31057 0.03446 -0.00774
v -0.31057 0.03446 -0.00774
v -0.30305 0.02850 -0.01172
v -0.30305 0.02850 -0.01172
v -0.29240 0.04993 -0.22615
v -0.29240 0.04993 -0.22615
v -0.29240 0.04993 -0.22615
v -0.29240 0.04993 -0.22615
v -0.29830 0.12150 -0.59724
v -0.29830 0.12150 -0.59724
v -0.29830 0.12150 -0.59724
v -0.29830 0.12150 -0.59724
v -0.26919 0.05872 -0.25909
v -0.29058 0.08208 -0.17764
v -0.29058 0.08208 -0.17764
v -0.28767 0.15301 -0.30084
v -0.28767 0.15301 -0.30084
v -0.28875 0.15865 -0.08776
v -0.27743 0.15246 -0.11448
v -0.27743 0.15246 -0.11448
v -0.23584 0.15213 -0.53006
v -0.23584 0.15213 -0.53006
v -0.20790 0.21600 -0.44706
v -0.20790 0.21600 -0.44706
v -0.20790 0.21600 -0.44706
v -0.20790 0.21600 -0.44706
v -0.28405 0.20928 -0.35753
v -0.28405 0.20928 -0.35753
v -0.27878 0.29409 -0.29509
v -0.27878 0.29409 -0.29509
v -0.27878 0.29409 -0.29509
v -0.29911 0.46917 0.12792
v -0.29911 0.46917 0.12792
v -0.29911 0.46917 0.12792
v -0.29601 0.47002 -0.38443
v -0.29601 0.47002 -0.38443
v -0.29197 0.62846 0.04242
v -0.29197 0.62846 0.04242
v -0.30030 0.69349 -0.05842
v -0.30030 0.69349 -0.05842
v -0.29161 -0.70418 -0.37478
v -0.29161 -0.70418 -0.37478
v -0.28305 -0.68587 -0.42615
v -0.28305 -0.68587 -0.42615
v -0.28305 -0.68587 -0.42615
v -0.28122 -0.53341 -0.46800
v -0.29845 -0.48534 -0.20898
v -0.29845 -0.48534 -0.20898
v -0.25797 -0.36432 -0.22999
v -0.25797 -0.36432 -0.22999
v -0.25797 -0.36432 -0.22999
v -0.26703 -0.35400 -0.30445
v -0.26703 -0.35400 -0.30445
v -0.26703 -0.35400 -0.30445
v -0.26703 -0.35400 -0.30445
v -0.31115 -0.28822 -0.39802
v -0.31094 -0.28626 -0.43404
v -0.31094 -0.28626 -0.43404
v -0.30393 -0.26947 -0.42071
v -0.30393 -0.26947 -0.42071
v -0.30393 -0.26947 -0.42071
v -0.26130 -0.02796 -0.71511
v -0.26130 -0.02796 -0.71511
v -0.30514 -0.02032 -0.50702
v -0.28305 0.03855 -0.14124
v -0.28305 0.03855 -0.14124
v -0.29654 0.02041 -0.35649
v -0.29654 0.02041 -0.35649
v -0.30095 0.08346 -0.67169
v -0.30095 0.08346 -0.67169
v -0.30095 0.08346 -0.67169
v -0.28929 0.09731 -0.67612
v -0.29584 0.12335 0.02441
v -0.29584 0.12335 0.02441
v -0.27058 0.14591 -0.61150
v -0.27058 0.14591 -0.61150
v -0.26894 0.12268 -0.23277
v -0.26894 0.12268 -0.23277
v -0.26894 0.12268 -0.23277
v -0.30199 0.11997 -0.49410
v -0.25032 0.16843 0.07470
v -0.25032 0.16843 0.07470
v -0.24183 0.26406 0.04351
v -0.24183 0.26406 0.04351
v -0.24183 0.26406 0.04351
v -0.30586 0.42035 0.00532
v -0.27600 0.51800 0.09092
v -0.23441 0.53776 0.14379
v -0.23441 0.53776 0.14379
v -0.24504 -0.94128 -0.55006
v -0.24504 -0.94128 -0.55006
v -0.22015 -0.46110 -0.47150
v -0.22015 -0.46110 -0.47150
v -0.22015 -0.46110 -0.47150
v -0.22223 -0.49413 -0.18932
v -0.22223 -0.49413 -0.18932
v -0.26174 -0.42521 -0.20862
v -0.26174 -0.42521 -0.20862
v -0.28965 -0.41774 -0.43553
v -0.28965 -0.41774 -0.43553
v -0.28965 -0.41774 -0.43553
v -0.29222 -0.31998 -0.42913
v -0.29937 -0.26259 -0.40293
v -0.29937 -0.26259 -0.40293
v -0.25951 -0.14443 -0.64879
v -0.25951 -0.14443 -0.64879
v -0.25951 -0.14443 -0.64879
v -0.25951 -0.14443 -0.64879
v -0.28174 -0.12344 -0.58245
v -0.22237 0.11605 -0.68429
v -0.22237 0.11605 -0.68429
v -0.22237 0.11605 -0.68429
v -0.24621 0.10038 -0.72031
v -0.29690 0.08779 -0.25631
v -0.28799 0.11907 -0.66640
v -0.28799 0.11907 -0.66640
v -0.26766 0.11200 -0.64430
v -0.26766 0.11200 -0.64430
v -0.25723 0.13618 0.13018
v -0.25723 0.13618 0.13018
v -0.25723 0.13618 0.13018
v -0.22416 0.15175 -0.19344
v -0.22416 0.15175 -0.19344
v -0.22416 0.15175 -0.19344
v -0.25900 0.19202 -0.07482
v -0.25900 0.19202 -0.07482
v -0.25900 0.19202 -0.07482
v -0.25900 0.19202 -0.07482
v -0.25727 0.25915 -0.26614
v -0.25727 0.25915 -0.26614
v -0.25727 0.25915 -0.26614
v -0.30953 0.44167 0.05169
v -0.29496 0.49233 0.03132
v -0.29082 0.57084 0.07272
v -0.31185 0.67110 -0.01580
v -0.31185 0.67110 -0.01580
v -0.26753 -0.80348 -0.38237
v -0.26753 -0.80348 -0.38237
v -0.29136 -0.71081 -0.48400
v -0.26339 -0.35180 -0.45804
v -0.26339 -0.35180 -0.45804
v -0.26339 -0.35180 -0.45804
v -0.26746 -0.28430 -0.44540
v -0.26746 -0.28430 -0.44540
v -0.26172 -0.26407 -0.44261
v -0.26172 -0.26407 -0.44261
v -0.26172 -0.26407 -0.44261
v -0.23467 -0.24063 -0.33497
v -0.23467 -0.24063 -0.33497
v -0.27162 -0.14493 -0.61127
v -0.22034 -0.19896 -0.59413
v -0.22034 -0.19896 -0.59413
v -0.22034 -0.19896 -0.59413
v -0.22034 -0.19896 -0.59413
v -0.23498 -0.07435 -0.72371
v -0.23498 -0.07435 -0.72371
v -0.24849 0.06532 0.02296
v -0.24849 0.06532 0.02296
v -0.28314 0.11440 -0.13920
v -0.28314 0.11440 -0.13920
v -0.28314 0.11440 -0.13920
v -0.28314 0.11440 -0.13920
v -0.28997 0.12771 -0.11302
v -0.28997 0.12771 -0.11302
v -0.17174 0.17669 -0.50288
v -0.17174 0.17669 -0.50288
v -0.25468 0.19889 -0.33306
v -0.25468 0.19889 -0.33306
v -0.25468 0.19889 -0.33306
v -0.24632 0.24431 -0.46925
v -0.24632 0.24431 -0.46925
v -0.29090 0.34929 0.01431
v -0.28792 0.45472 0.12021
v -0.28792 0.45472 0.12021
v -0.27350 0.71759 -0.04734
v -0.27350 0.71759 -0.04734
v -0.30482 0.80479 -0.39080
v -0.30482 0.80479 -0.39080
v -0.25610 0.73736 -0.40411
v -0.25610 0.73736 -0.40411
v -0.25610 0.73736 -0.40411
v -0.28697 0.74382 -0.33845
v -0.25898 0.79400 -0.30664
v -0.25898 0.79400 -0.30664
v -0.26262 0.79723 -0.39652
v -0.19082 -0.94427 -0.46175
v -0.27108 -0.83775 -0.39090
v -0.27108 -0.83775 -0.39090
v -0.27180 -0.82400 -0.40165
v -0.27180 -0.82400 -0.40165
v -0.26195 -0.78465 -0.39010
v -0.26195 -0.78465 -0.39010
v -0.27597 -0.78616 -0.53127
v -0.27597 -0.78616 -0.53127
v -0.25084 -0.75006 -0.37440
v -0.25084 -0.75006 -0.37440
v -0.25084 -0.75006 -0.37440
v -0.27708 -0.76978 -0.36490
v -0.27708 -0.76978 -0.36490
v -0.27341 -0.72456 -0.47186
v -0.28108 -0.71554 -0.48282
v -0.27063 -0.71117 -0.35016
v -0.27063 -0.71117 -0.35016
v -0.26546 -0.67958 -0.42480
v -0.26546 -0.67958 -0.42480
v -0.26546 -0.67958 -0.42480
v -0.26546 -0.67958 -0.42480
v -0.25266 -0.45674 -0.18466
v -0.26272 -0.28885 -0.44261
v -0.26272 -0.28885 -0.44261
v -0.28335 -0.09626 -0.67361
v -0.28335 -0.09626 -0.67361
v -0.25835 0.07790 -0.11727
v -0.25835 0.07790 -0.11727
v -0.25835 0.07790 -0.11727
v -0.25835 0.07790 -0.11727
v -0.26712 0.02465 -0.25040
v -0.25346 0.09154 0.03584
v -0.25346 0.09154 0.03584
v -0.25346 0.09154 0.03584
v -0.25346 0.09154 0.03584
v -0.25346 0.09154 0.03584
v -0.25346 0.09154 0.03584
v -0.29351 0.14304 -0.50180
v -0.26599 0.08564 -0.12862
v -0.26599 0.08564 -0.12862
v -0.26599 0.08564 -0.12862
v -0.26599 0.08564 -0.12862
v -0.27015 0.11790 -0.66973
v -0.27015 0.11790 -0.66973
v -0.27177 0.11852 -0.55818
v -0.27177 0.11852 -0.55818
v -0.23362 0.16919 0.04014
v -0.24480 0.22735 -0.24385
v -0.24480 0.22735 -0.24385
v -0.24480 0.22735 -0.24385
v -0.28099 0.23274 -0.00487
v -0.28099 0.23274 -0.00487
v -0.28099 0.23274 -0.00487
v -0.25247 0.30118 -0.28127
v -0.25247 0.30118 -0.28127
v -0.27602 0.31709 0.02564
v -0.27602 0.31709 0.02564
v -0.26086 0.49984 0.06328
v -0.26086 0.49984 0.06328
v -0.27023 0.47818 0.13599
v -0.27023 0.47818 0.13599
v -0.27993 0.54019 0.03388
v -0.27993 0.54019 0.03388
v -0.28441 0.76916 -0.28292
v -0.28441 0.76916 -0.28292
v -0.18075 -0.91337 -0.44951
v -0.18075 -0.91337 -0.44951
v -0.18075 -0.91337 -0.44951
v -0.20472 -0.82978 -0.45396
v -0.20472 -0.82978 -0.45396
v -0.20472 -0.82978 -0.45396
v -0.20472 -0.82978 -0.45396
v -0.20472 -0.82978 -0.45396
v -0.20472 -0.82978 -0.45396
v -0.24499 -0.55872 -0.23375
v -0.24499 -0.55872 -0.23375
v -0.27574 -0.58995 -0.18699
v -0.27574 -0.58995 -0.18699
v -0.24568 -0.17358 -0.62325
v -0.24568 -0.17358 -0.62325
v -0.27235 -0.01280 -0.22766
v -0.27235 -0.01280 -0.22766
v -0.26146 0.01719 -0.21483
v -0.27554 0.00583 -0.26864
v -0.27554 0.00583 -0.26864
v -0.20051 0.01258 -0.45210
v -0.20051 0.01258 -0.45210
v -0.24771 0.03747 -0.19662
v -0.24771 0.03747 -0.19662
v -0.26297 0.09200 -0.25201
v -0.26297 0.09200 -0.25201
v -0.26297 0.09200 -0.25201
v -0.26297 0.09200 -0.25201
v -0.26367 0.11530 -0.57827
v -0.27307 0.16230 -0.28798
v -0.27307 0.16230 -0.28798
v -0.27307 0.16230 -0.28798
v -0.22298 0.17824 -0.03274
v -0.22298 0.17824 -0.03274
v -0.26041 0.38495 0.07457
v -0.26041 0.38495 0.07457
v -0.27745 0.40188 0.05549
v -0.22906 0.38009 -0.47082
v -0.23331 0.45691 0.11926
v -0.23331 0.45691 0.11926
v -0.21091 0.54523 0.13210
v -0.21091 0.54523 0.13210
v -0.21091 0.54523 0.13210
v -0.24850 0.62249 0.08603
v -0.24850 0.62249 0.08603
v -0.24850 0.62249 0.08603
v -0.25736 0.74765 -0.30152
v -0.24526 -0.84035 -0.54642
v -0.24526 -0.84035 -0.54642
v -0.24526 -0.84035 -0.54642
v -0.25386 -0.76578 -0.46432
v -0.22481 -0.37910 -0.45253
v -0.22481 -0.37910 -0.45253
v -0.24273 -0.38611 -0.22294
v -0.24273 -0.38611 -0.22294
v -0.24273 -0.38611 -0.22294
v -0.24273 -0.38611 -0.22294
v -0.24731 -0.37048 -0.20910
v -0.24731 -0.37048 -0.20910
v -0.24731 -0.37048 -0.20910
v -0.25878 -0.36557 -0.18720
v -0.25541 -0.33401 -0.17408
v -0.26230 -0.29542 -0.22786
v -0.24322 -0.26580 -0.31968
v -0.24322 -0.26580 -0.31968
v -0.26681 -0.28851 -0.17670
v -0.26681 -0.28851 -0.17670
v -0.25610 -0.09295 -0.52938
v -0.25610 -0.09295 -0.52938
v -0.23953 -0.05518 -0.72650
v -0.20536 -0.00042 -0.48702
v -0.24201 0.00163 -0.31688
v -0.24201 0.00163 -0.31688
v -0.23537 0.19567 -0.71325
v -0.23537 0.19567 -0.71325
v -0.23537 0.19567 -0.71325
v -0.26100 0.17521 -0.70679
v -0.26100 0.17521 -0.70679
v -0.25340 0.17951 -0.05876
v -0.23460 0.30899 0.06479
v -0.20710 0.46250 -0.43552
v -0.22703 0.53427 0.17714
v -0.22703 0.53427 0.17714
v -0.24230 0.59894 0.07077
v -0.25405 0.59365 0.10119
v -0.25405 0.59365 0.10119
v -0.24297 0.66997 0.05794
v -0.23800 0.68463 -0.41852
v -0.23800 0.68463 -0.41852
v -0.23261 0.75238 -0.04135
v -0.25779 -0.83824 -0.52406
v -0.25779 -0.83824 -0.52406
v -0.22839 -0.78939 -0.43404
v -0.22839 -0.78939 -0.43404
v -0.23930 -0.73779 -0.41062
v -0.25506 -0.33272 -0.47293
v -0.25506 -0.33272 -0.47293
v -0.24736 -0.17625 -0.60615
v -0.21625 -0.06618 -0.70261
v -0.21625 -0.06618 -0.70261
v -0.22443 -0.06458 -0.50149
v -0.27952 -0.03128 -0.16390
v -0.27952 -0.03128 -0.16390
v -0.25538 -0.03383 -0.15872
v -0.25538 -0.03383 -0.15872
v -0.26063 -0.07456 -0.22485
v -0.26063 -0.07456 -0.22485
v -0.23794 -0.06523 -0.24715
v -0.25093 -0.02300 -0.16908
v -0.25093 -0.02300 -0.16908
v -0.26545 0.09477 -0.00661
v -0.26545 0.09477 -0.00661
v -0.25368 0.07649 -0.10485
v -0.25368 0.07649 -0.10485
v -0.25368 0.07649 -0.10485
v -0.25368 0.07649 -0.10485
v -0.26323 0.08645 -0.22953
v -0.26323 0.08645 -0.22953
v -0.26323 0.08645 -0.22953
v -0.26323 0.08645 -0.22953
v -0.24108 0.11047 -0.23726
v -0.24108 0.11047 -0.23726
v -0.24108 0.11047 -0.23726
v -0.24424 0.20933 -0.01232
v -0.25924 0.42841 0.10536
v -0.25924 0.42841 0.10536
v -0.25924 0.42841 0.10536
v -0.22691 0.64399 0.09760
v -0.22691 0.64399 0.09760
v -0.25171 -0.23066 -0.25636
v -0.24310 -0.16411 -0.28491
v -0.24310 -0.16411 -0.28491
v -0.24085 -0.18680 -0.17217
v -0.27213 -0.11218 -0.24743
v -0.27213 -0.11218 -0.24743
v -0.25317 -0.13711 -0.28577
v -0.24956 -0.08795 -0.24612
v -0.26593 -0.06635 -0.14675
v -0.26593 -0.06635 -0.14675
v -0.26023 -0.05708 -0.16713
v -0.26023 -0.05708 -0.16713
v -0.22080 -0.05065 -0.10830
v -0.22080 -0.05065 -0.10830
v -0.22080 -0.05065 -0.10830
v -0.24280 -0.10524 -0.16021
v -0.22439 -0.02183 -0.15146
v -0.22439 -0.02183 -0.15146
v -0.24918 -0.04209 -0.36589
v -0.22349 0.02068 -0.71115
v -0.24910 0.08239 -0.23099
v -0.24910 0.08239 -0.23099
v -0.22049 0.10950 0.07588
v -0.22049 0.10950 0.07588
v -0.22049 0.10950 0.07588
v -0.22049 0.10950 0.07588
v -0.22049 0.10950 0.07588
v -0.21396 0.13818 -0.10477
v -0.21396 0.13818 -0.10477
v -0.21396 0.13818 -0.10477
v -0.24553 0.17720 -0.08303
v -0.24553 0.17720 -0.08303
v -0.23716 0.20085 -0.67491
v -0.21991 0.15251 -0.15333
v -0.21991 0.15251 -0.15333
v -0.26416 0.19307 -0.54327
v -0.22908 0.21834 -0.60246
v -0.22908 0.21834 -0.60246
v -0.22908 0.21834 -0.60246
v -0.22908 0.21834 -0.60246
v -0.23060 0.21164 -0.40494
v -0.23060 0.21164 -0.40494
v -0.24655 0.25354 -0.26331
v -0.24655 0.25354 -0.26331
v -0.24655 0.25354 -0.26331
v -0.24655 0.25354 -0.26331
v -0.25432 0.29700 -0.31037
v -0.25432 0.29700 -0.31037
v -0.20992 0.29955 -0.49058
v -0.20992 0.29955 -0.49058
v -0.20992 0.29955 -0.49058
v -0.19648 0.24689 -0.49736
v -0.19648 0.24689 -0.49736
v -0.19648 0.24689 -0.49736
v -0.21477 0.57182 0.15915
v -0.21477 0.57182 0.15915
v -0.23143 0.58199 -0.42566
v -0.23143 0.58199 -0.42566
v -0.19602 0.81049 -0.10809
v -0.19602 0.81049 -0.10809
v -0.20521 -0.89738 -0.55430
v -0.20521 -0.89738 -0.55430
v -0.23197 -0.79322 -0.48728
v -0.19482 -0.60864 -0.44966
v -0.19482 -0.60864 -0.44966
v -0.19796 -0.53515 -0.47369
v -0.23237 -0.42658 -0.20689
v -0.23237 -0.42658 -0.20689
v -0.23237 -0.42658 -0.20689
v -0.21770 -0.39360 -0.13187
v -0.21770 -0.39360 -0.13187
v -0.21770 -0.39360 -0.13187
v -0.24825 -0.34819 -0.15396
v -0.22533 -0.32283 -0.11820
v -0.23392 -0.29046 -0.21004
v -0.23392 -0.29046 -0.21004
v -0.23392 -0.29046 -0.21004
v -0.23028 -0.19485 -0.34376
v -0.23096 -0.17920 -0.36881
v -0.15614 -0.22197 -0.65319
v -0.15614 -0.22197 -0.65319
v -0.21847 0.00580 -0.73153
v -0.21847 0.00580 -0.73153
v -0.23005 0.08737 -0.03814
v -0.23005 0.08737 -0.03814
v -0.23005 0.08737 -0.03814
v -0.23193 0.10102 -0.16891
v -0.23193 0.10102 -0.16891
v -0.23193 0.10102 -0.16891
v -0.22310 0.12213 0.13797
v -0.22310 0.12213 0.13797
v -0.23611 0.14849 0.14045
v -0.23611 0.14849 0.14045
v -0.17344 0.07990 -0.62086
v -0.17344 0.07990 -0.62086
v -0.22221 0.07019 -0.19769
v -0.19702 0.10073 -0.60051
v -0.19702 0.10073 -0.60051
v -0.19702 0.10073 -0.60051
v -0.23823 0.18110 -0.55320
v -0.23823 0.18110 -0.55320
v -0.18005 0.20442 -0.25875
v -0.18005 0.20442 -0.25875
v -0.18005 0.20442 -0.25875
v -0.20691 0.21499 0.04080
v -0.21100 0.30781 -0.34708
v -0.21100 0.30781 -0.34708
v -0.21495 0.31843 -0.50689
v -0.17530 -0.53506 -0.24271
v -0.19531 -0.53847 -0.41522
v -0.19531 -0.53847 -0.41522
v -0.19531 -0.53847 -0.41522
v -0.21182 -0.28796 -0.44585
v -0.21182 -0.28796 -0.44585
v -0.21182 -0.28796 -0.44585
v -0.21182 -0.28796 -0.44585
v -0.21695 -0.25874 -0.36292
v -0.21695 -0.25874 -0.36292
v -0.21829 -0.23960 -0.41210
v -0.21829 -0.23960 -0.41210
v -0.23164 -0.25380 -0.15503
v -0.23164 -0.25380 -0.15503
v -0.22665 -0.10448 -0.09750
v -0.21081 -0.14681 -0.34163
v -0.20848 -0.02581 -0.31780
v -0.17772 0.02554 -0.71008
v -0.17772 0.02554 -0.71008
v -0.22594 0.04547 -0.17790
v -0.19568 0.12011 -0.53368
v -0.19568 0.12011 -0.53368
v -0.19568 0.12011 -0.53368
v -0.22125 0.28936 -0.29852
v -0.22881 0.61604 -0.43079
v -0.22881 0.61604 -0.43079
v -0.21790 0.80535 -0.36438
v -0.22838 -0.47159 -0.17737
v -0.21966 -0.50454 -0.16257
v -0.23047 -0.38540 -0.49341
v -0.22420 -0.47096 -0.52619
v -0.22420 -0.47096 -0.52619
v -0.22420 -0.47096 -0.52619
v -0.19643 -0.46201 -0.11039
v -0.19643 -0.46201 -0.11039
v -0.24066 -0.27888 -0.10125
v -0.24066 -0.27888 -0.10125
v -0.24066 -0.27888 -0.10125
v -0.22297 -0.43017 -0.08542
v -0.22297 -0.43017 -0.08542
v -0.22297 -0.43017 -0.08542
v -0.20447 -0.35011 -0.08102
v -0.20447 -0.35011 -0.08102
v -0.20363 -0.28648 -0.12048
v -0.20363 -0.28648 -0.12048
v -0.20363 -0.28648 -0.12048
v -0.20363 -0.28648 -0.12048
v -0.20720 -0.26867 -0.42516
v -0.20720 -0.26867 -0.42516
v -0.20720 -0.26867 -0.42516
v -0.20720 -0.26867 -0.42516
v -0.20720 -0.26867 -0.42516
v -0.22158 -0.21166 -0.12477
v -0.22158 -0.21166 -0.12477
v -0.21781 -0.18383 -0.36937
v -0.21781 -0.18383 -0.36937
v -0.21781 -0.18383 -0.36937
v -0.19717 -0.07687 -0.45944
v -0.19717 -0.07687 -0.45944
v -0.19658 0.03578 -0.48517
v -0.19658 0.03578 -0.48517
v -0.19658 0.03578 -0.48517
v -0.23464 0.03964 -0.08461
v -0.22234 0.09304 -0.14540
v -0.19963 0.08513 0.12045
v -0.19963 0.08513 0.12045
v -0.19963 0.08513 0.12045
v -0.19816 0.11410 -0.10766
v -0.19816 0.11410 -0.10766
v -0.19816 0.11410 -0.10766
v -0.19816 0.11410 -0.10766
v -0.19816 0.11410 -0.10766
v -0.21993 0.10770 0.03077
v -0.21993 0.10770 0.03077
v -0.22171 0.20349 -0.39604
v -0.22171 0.20349 -0.39604
v -0.20566 0.25338 -0.32819
v -0.21449 0.38023 -0.48067
v -0.15123 0.45631 0.12682
v -0.14527 0.49464 0.12653
v -0.22289 0.60553 -0.43350
v -0.21449 -0.84493 -0.48069
v -0.19964 -0.50714 -0.46063
v -0.21576 -0.42179 -0.54655
v -0.21576 -0.42179 -0.54655
v -0.20585 -0.33670 -0.43405
v -0.20585 -0.33670 -0.43405
v -0.19749 -0.33818 -0.48023
v -0.19642 -0.29647 -0.06865
v -0.19642 -0.29647 -0.06865
v -0.17736 -0.28156 -0.04707
v -0.20808 -0.21099 -0.55785
v -0.19801 -0.19290 -0.51457
v -0.19801 -0.19290 -0.51457
v -0.18758 -0.15434 -0.43324
v -0.18758 -0.15434 -0.43324
v -0.18807 -0.15538 -0.11195
v -0.22008 -0.11478 -0.07914
v -0.22008 -0.11478 -0.07914
v -0.17563 -0.08241 -0.07570
v -0.17563 -0.08241 -0.07570
v -0.21387 -0.08393 -0.50434
v -0.21068 -0.07204 -0.49679
v -0.18791 0.08300 0.00899
v -0.18791 0.08300 0.00899
v -0.20735 0.11020 -0.02300
v -0.20608 0.10392 -0.10952
v -0.20608 0.10392 -0.10952
v -0.16570 0.11169 0.00078
v -0.16570 0.11169 0.00078
v -0.19893 0.15575 0.01339
v -0.19893 0.15575 0.01339
v -0.19893 0.15575 0.01339
v -0.20434 0.13786 0.10234
v -0.20434 0.13786 0.10234
v -0.20742 0.15502 0.06390
v -0.20742 0.15502 0.06390
v -0.17700 0.18987 0.03496
v -0.17700 0.18987 0.03496
v -0.17700 0.18987 0.03496
v -0.16613 0.19040 0.06260
v -0.16613 0.19040 0.06260
v -0.20921 0.22650 -0.23753
v -0.22474 0.28632 -0.41288
v -0.22474 0.28632 -0.41288
v -0.19015 0.36834 0.09889
v -0.19015 0.36834 0.09889
v -0.19661 0.58452 -0.45721
v -0.18805 0.69326 0.08738
v -0.18805 0.69326 0.08738
v -0.16437 0.76034 0.04710
v -0.18671 -0.51918 -0.19646
v -0.18671 -0.51918 -0.19646
v -0.18671 -0.51918 -0.19646
v -0.18671 -0.51918 -0.19646
v -0.19798 -0.36799 -0.52717
v -0.19798 -0.36799 -0.52717
v -0.18216 -0.26516 -0.59443
v -0.18216 -0.26516 -0.59443
v -0.18216 -0.26516 -0.59443
v -0.18444 -0.13415 -0.41072
v -0.16847 -0.06236 -0.01747
v -0.16847 -0.06236 -0.01747
v -0.21712 0.02382 -0.71600
v -0.19967 -0.00099 -0.09496
v -0.18928 0.07112 -0.04908
v -0.18928 0.07112 -0.04908
v -0.18928 0.07112 -0.04908
v -0.19462 0.13550 -0.67303
v -0.19462 0.13550 -0.67303
v -0.20345 0.15448 0.10993
v -0.20345 0.15448 0.10993
v -0.20345 0.15448 0.10993
v -0.20136 0.15228 -0.14961
v -0.20403 0.40874 0.15397
v -0.12865 0.63594 0.16396
v -0.12865 0.63594 0.16396
v -0.19923 -0.62566 -0.17939
v -0.19923 -0.62566 -0.17939
v -0.19923 -0.62566 -0.17939
v -0.18021 -0.58278 -0.12821
v -0.18021 -0.58278 -0.12821
v -0.16794 -0.54654 -0.36452
v -0.18384 -0.53023 -0.47030
v -0.18384 -0.53023 -0.47030
v -0.19384 -0.40412 -0.09454
v -0.19356 -0.33893 -0.50050
v -0.19356 -0.33893 -0.50050
v -0.20445 -0.31903 -0.09035
v -0.20445 -0.31903 -0.09035
v -0.18284 -0.21257 -0.09397
v -0.18284 -0.21257 -0.09397
v -0.19178 -0.22059 -0.39940
v -0.19178 -0.22059 -0.39940
v -0.18587 -0.24574 -0.53593
v -0.18587 -0.24574 -0.53593
v -0.18723 -0.22816 -0.64952
v -0.18723 -0.22816 -0.64952
v -0.18659 -0.16265 -0.41343
v -0.18659 -0.16265 -0.41343
v -0.19627 -0.15295 -0.07502
v -0.19627 -0.15295 -0.07502
v -0.19627 -0.15295 -0.07502
v -0.20650 -0.14430 -0.06518
v -0.20650 -0.14430 -0.06518
v -0.19869 -0.10576 -0.08165
v -0.19869 -0.10576 -0.08165
v -0.19869 -0.10576 -0.08165
v -0.17590 -0.14999 -0.49068
v -0.17875 -0.00929 -0.47577
v -0.17875 -0.00929 -0.47577
v -0.17875 -0.00929 -0.47577
v -0.19383 0.01675 -0.72020
v -0.19460 0.04569 -0.69281
v -0.19233 0.10471 0.10598
v -0.19233 0.10471 0.10598
v -0.19233 0.10471 0.10598
v -0.18814 0.11811 0.10875
v -0.18814 0.11811 0.10875
v -0.18814 0.11811 0.10875
v -0.18507 0.17955 -0.63228
v -0.17515 0.35809 0.09931
v -0.17515 0.35809 0.09931
v -0.17333 0.33669 -0.52683
v -0.17333 0.33669 -0.52683
v -0.17333 0.33669 -0.52683
v -0.19285 0.36670 0.14587
v -0.18351 0.37145 0.16013
v -0.18351 0.37145 0.16013
v -0.18650 0.53786 0.18520
v -0.18650 0.53786 0.18520
v -0.18879 0.60874 -0.45712
v -0.17495 0.65975 0.09944
v -0.17495 0.65975 0.09944
v -0.17495 0.65975 0.09944
v -0.17495 0.65975 0.09944
v -0.17495 0.65975 0.09944
v -0.08505 0.87427 -0.21326
v -0.16354 -0.56782 -0.11043
v -0.16354 -0.56782 -0.11043
v -0.18477 -0.40470 -0.55140
v -0.18477 -0.40470 -0.55140
v -0.18477 -0.40470 -0.55140
v -0.20399 -0.31701 -0.44813
v -0.18597 -0.29882 -0.40833
v -0.18597 -0.29882 -0.40833
v -0.18597 -0.29882 -0.40833
v -0.18597 -0.29882 -0.40833
v -0.17729 -0.27485 -0.49684
v -0.17729 -0.27485 -0.49684
v -0.17729 -0.27485 -0.49684
v -0.15453 -0.08453 -0.04265
v -0.15453 -0.08453 -0.04265
v -0.19259 0.03216 -0.70836
v -0.14218 0.05126 -0.66872
v -0.17120 0.12007 -0.08208
v -0.17120 0.12007 -0.08208
v -0.19531 0.12202 0.03294
v -0.18951 0.13212 0.10885
v -0.18951 0.13212 0.10885
v -0.18951 0.13212 0.10885
v -0.17807 0.14228 -0.02030
v -0.17807 0.14228 -0.02030
v -0.15899 0.15781 -0.17895
v -0.15899 0.15781 -0.17895
v -0.18083 0.22906 0.05848
v -0.13263 0.31648 0.07379
v -0.13263 0.31648 0.07379
v -0.15406 0.65154 0.16351
v -0.15406 0.65154 0.16351
v -0.15406 0.65154 0.16351
v -0.17514 0.64802 -0.45669
v -0.17816 -0.58961 -0.17077
v -0.17816 -0.58961 -0.17077
v -0.16798 -0.52798 -0.48489
v -0.16798 -0.52798 -0.48489
v -0.10604 -0.44519 -0.05489
v -0.10604 -0.44519 -0.05489
v -0.10826 -0.42820 -0.00439
v -0.10826 -0.42820 -0.00439
v -0.16283 -0.31992 -0.03274
v -0.16775 -0.18738 -0.42483
v -0.16775 -0.18738 -0.42483
v -0.18158 -0.16943 -0.42431
v -0.18158 -0.16943 -0.42431
v -0.17486 -0.02337 -0.70812
v -0.13652 -0.02606 -0.02210
v -0.13652 -0.02606 -0.02210
v -0.16621 0.09397 -0.53935
v -0.16621 0.09397 -0.53935
v -0.16621 0.09397 -0.53935
v -0.16781 0.12841 0.12418
v -0.16781 0.12841 0.12418
v -0.15631 0.14661 0.01112
v -0.15631 0.14661 0.01112
v -0.15631 0.14661 0.01112
v -0.15829 0.17240 -0.50253
v -0.15829 0.17240 -0.50253
v -0.16076 0.35040 -0.39849
v -0.16076 0.35040 -0.39849
v -0.16076 0.35040 -0.39849
v -0.18631 0.77841 -0.41908
v -0.18631 0.77841 -0.41908
v -0.14406 -0.67546 -0.48336
v -0.14406 -0.67546 -0.48336
v -0.17861 -0.67109 -0.44005
v -0.17861 -0.67109 -0.44005
v -0.15391 -0.51292 -0.24858
v -0.16669 -0.53251 -0.47247
v -0.16669 -0.53251 -0.47247
v -0.15047 -0.54605 -0.11005
v -0.17438 -0.43196 -0.56445
v -0.17438 -0.43196 -0.56445
v -0.17438 -0.43196 -0.56445
v -0.18124 -0.40328 -0.57165
v -0.18124 -0.40328 -0.57165
v -0.09312 -0.27988 -0.04120
v -0.09312 -0.27988 -0.04120
v -0.15741 -0.20683 -0.48060
v -0.15741 -0.20683 -0.48060
v -0.13801 0.00498 -0.69880
v -0.17580 0.06341 -0.10386
v -0.17580 0.06341 -0.10386
v -0.15425 0.10320 0.01160
v -0.15425 0.10320 0.01160
v -0.15425 0.10320 0.01160
v -0.18545 0.14834 -0.64819
v -0.14496 0.11026 -0.56074
v -0.14496 0.11026 -0.56074
v -0.14496 0.11026 -0.56074
v -0.14496 0.11026 -0.56074
v -0.16671 0.25341 -0.50029
v -0.16671 0.25341 -0.50029
v -0.16671 0.25341 -0.50029
v -0.16671 0.25341 -0.50029
v -0.08515 0.24074 -0.37962
v -0.08515 0.24074 -0.37962
v -0.08515 0.24074 -0.37962
v -0.17291 0.34432 -0.45732
v -0.12224 0.33381 0.06396
v -0.12224 0.33381 0.06396
v -0.15038 0.55421 -0.49846
v -0.09270 -0.45480 -0.53693
v -0.09270 -0.45480 -0.53693
v -0.09270 -0.45480 -0.53693
v -0.13727 -0.37988 -0.54019
v -0.13727 -0.37988 -0.54019
v -0.11457 -0.25145 -0.44064
v -0.15324 -0.28727 -0.46183
v -0.15324 -0.28727 -0.46183
v -0.14451 -0.24499 -0.51268
v -0.14451 -0.24499 -0.51268
v -0.18181 -0.17828 -0.02883
v -0.18181 -0.17828 -0.02883
v -0.17163 -0.22312 -0.02905
v -0.17163 -0.22312 -0.02905
v -0.17163 -0.22312 -0.02905
v -0.15107 -0.22902 -0.01626
v -0.15107 -0.22902 -0.01626
v -0.16893 -0.16692 -0.42412
v -0.16893 -0.16692 -0.42412
v -0.15490 -0.16386 -0.43851
v -0.15490 -0.16386 -0.43851
v -0.15490 -0.16386 -0.43851
v -0.15125 -0.10848 -0.06563
v -0.13909 -0.10895 -0.44550
v -0.13909 -0.10895 -0.44550
v -0.13909 -0.10895 -0.44550
v -0.14564 0.01491 -0.69992
v -0.14968 0.02393 -0.03345
v -0.14968 0.02393 -0.03345
v -0.01664 0.09918 -0.03156
v -0.14151 0.09345 -0.62021
v -0.14833 0.12317 -0.19835
v -0.14833 0.12317 -0.19835
v -0.14833 0.12317 -0.19835
v -0.11892 0.34922 0.17101
v -0.11892 0.34922 0.17101
v -0.15530 0.57794 0.21149
v -0.15530 0.57794 0.21149
v -0.15530 0.57794 0.21149
v -0.12989 0.67294 0.07017
v -0.12989 0.67294 0.07017
v -0.11398 -0.62010 -0.44715
v -0.15989 -0.57967 -0.16716
v -0.15989 -0.57967 -0.16716
v -0.15989 -0.57967 -0.16716
v -0.15323 -0.50158 -0.08225
v -0.13362 -0.42956 -0.57075
v -0.13362 -0.42956 -0.57075
v -0.14502 -0.40013 -0.03607
v -0.14088 -0.31726 -0.48369
v -0.13956 -0.26762 -0.64246
v -0.13956 -0.26762 -0.64246
v -0.13956 -0.26762 -0.64246
v -0.13956 -0.26762 -0.64246
v -0.13956 -0.26762 -0.64246
v -0.15124 -0.27793 -0.58591
v -0.15124 -0.27793 -0.58591
v -0.15124 -0.27793 -0.58591
v -0.14999 -0.23990 -0.05059
v -0.14999 -0.23990 -0.05059
v -0.14305 -0.13179 -0.46485
v -0.14305 -0.13179 -0.46485
v -0.14305 -0.13179 -0.46485
v -0.14305 -0.13179 -0.46485
v -0.15788 -0.19344 -0.01727
v -0.14149 -0.18760 -0.00319
v -0.14149 -0.18760 -0.00319
v -0.13041 -0.16992 -0.00187
v -0.15076 0.08786 -0.08323
v -0.13318 0.08561 -0.64325
v -0.13318 0.08561 -0.64325
v -0.13318 0.08561 -0.64325
v -0.13318 0.08561 -0.64325
v -0.14636 0.11261 0.02659
v -0.14636 0.11261 0.02659
v -0.14636 0.11261 0.02659
v -0.14460 0.14036 0.02911
v -0.14460 0.14036 0.02911
v -0.13924 0.13735 -0.12110
v -0.15563 0.58907 -0.48420
v -0.12467 0.68666 -0.48331
v -0.12467 0.68666 -0.48331
v -0.15788 -0.62679 -0.15630
v -0.15226 -0.68259 -0.14639
v -0.15226 -0.68259 -0.14639
v -0.15066 -0.66337 -0.10295
v -0.15066 -0.66337 -0.10295
v -0.15066 -0.66337 -0.10295
v -0.15532 -0.64867 -0.15347
v -0.15532 -0.64867 -0.15347
v -0.10582 -0.49065 -0.44005
v -0.10582 -0.49065 -0.44005
v -0.09823 -0.41580 -0.54643
v -0.10238 -0.29121 -0.00959
v -0.13682 -0.23617 -0.06243
v -0.13682 -0.23617 -0.06243
v -0.13682 -0.23617 -0.06243
v -0.14925 -0.20027 -0.46550
v -0.11498 -0.16439 -0.66949
v -0.11498 -0.16439 -0.66949
v -0.12522 -0.10135 -0.04768
v -0.12522 -0.10135 -0.04768
v -0.12522 -0.10135 -0.04768
v -0.12522 -0.10135 -0.04768
v -0.12522 -0.10135 -0.04768
v -0.10841 -0.00282 -0.66196
v -0.10841 -0.00282 -0.66196
v -0.10841 -0.00282 -0.66196
v -0.13393 -0.00751 -0.68901
v -0.12781 0.10056 -0.03025
v -0.14744 0.11699 -0.15715
v -0.14744 0.11699 -0.15715
v -0.14744 0.11699 -0.15715
v -0.07380 0.15181 0.10192
v -0.07380 0.15181 0.10192
v -0.07380 0.15181 0.10192
v -0.07380 0.15181 0.10192
v -0.14562 0.24032 -0.54169
v -0.14562 0.24032 -0.54169
v -0.14517 0.38858 -0.49932
v -0.11452 0.32143 -0.57412
v -0.11452 0.32143 -0.57412
v -0.03584 0.71868 0.19259
v -0.03584 0.71868 0.19259
v -0.13524 -0.68248 -0.14190
v -0.13524 -0.68248 -0.14190
v -0.08835 -0.52035 -0.34392
v -0.10773 -0.52974 -0.12011
v -0.10773 -0.52974 -0.12011
v -0.12955 -0.61414 -0.09320
v -0.08222 -0.53553 -0.48364
v -0.14724 -0.24472 -0.03773
v -0.14724 -0.24472 -0.03773
v -0.14724 -0.24472 -0.03773
v -0.13368 -0.22065 -0.00890
v -0.13368 -0.22065 -0.00890
v -0.09843 -0.14209 -0.00793
v -0.09843 -0.14209 -0.00793
v -0.09843 -0.14209 -0.00793
v -0.10945 -0.10983 -0.02479
v -0.11352 -0.04681 0.00602
v -0.13215 0.06453 -0.67439
v -0.13215 0.06453 -0.67439
v -0.12689 0.09016 -0.11735
v -0.14741 0.10126 0.01931
v -0.14741 0.10126 0.01931
v -0.12194 0.20782 -0.46115
v -0.12194 0.20782 -0.46115
v -0.13797 0.31504 -0.45251
v -0.10205 0.42571 0.13207
v -0.11232 0.70101 -0.47024
v -0.08893 0.82073 -0.44150
v -0.08893 0.82073 -0.44150
v -0.08929 0.83640 -0.00806
v -0.09684 -0.47131 -0.48757
v -0.09684 -0.47131 -0.48757
v -0.09684 -0.47131 -0.48757
v -0.11646 -0.34824 -0.51749
v -0.10920 -0.35394 -0.01286
v -0.12414 -0.19345 -0.68350
v -0.12414 -0.19345 -0.68350
v -0.09992 -0.18535 -0.46058
v -0.09992 -0.18535 -0.46058
v -0.12092 -0.17393 -0.02559
v -0.12092 -0.17393 -0.02559
v -0.12092 -0.17393 -0.02559
v -0.12092 -0.17393 -0.02559
v -0.12873 0.01273 -0.67771
v -0.10081 -0.00975 -0.03235
v -0.13486 0.03189 -0.67918
v -0.11006 0.03325 -0.01192
v -0.11006 0.03325 -0.01192
v -0.13746 0.09076 -0.53574
v -0.13746 0.09076 -0.53574
v -0.13746 0.09076 -0.53574
v -0.03804 0.13651 0.14143
v -0.03804 0.13651 0.14143
v -0.11349 0.27662 -0.41318
v -0.11349 0.27662 -0.41318
v -0.11349 0.27662 -0.41318
v -0.12129 0.32201 -0.41320
v -0.12129 0.32201 -0.41320
v -0.12129 0.32201 -0.41320
v -0.14440 0.29350 -0.42551
v -0.07546 0.40560 -0.52525
v -0.12770 0.56453 -0.50689
v -0.06022 -0.61168 -0.10780
v -0.06022 -0.61168 -0.10780
v -0.13034 -0.31156 -0.03206
v -0.10687 -0.28950 -0.47297
v -0.12846 -0.24717 -0.64490
v -0.12846 -0.24717 -0.64490
v -0.12846 -0.24717 -0.64490
v -0.11034 -0.24052 -0.04807
v -0.11034 -0.24052 -0.04807
v -0.12305 -0.21961 -0.03244
v -0.12850 -0.17427 -0.00474
v -0.12850 -0.17427 -0.00474
v -0.12850 -0.17427 -0.00474
v -0.12850 -0.17427 -0.00474
v -0.09457 -0.11674 -0.48501
v -0.09457 -0.11674 -0.48501
v -0.12698 0.08857 -0.15202
v -0.12698 0.08857 -0.15202
v -0.10916 0.10554 -0.54726
v -0.10916 0.10554 -0.54726
v -0.08958 0.12745 -0.11315
v -0.08965 0.13722 -0.13520
v -0.08965 0.13722 -0.13520
v -0.12955 0.28633 -0.41270
v -0.12955 0.28633 -0.41270
v -0.10923 0.34965 -0.54718
v -0.10166 0.67440 -0.48427
v -0.11736 -0.72867 -0.10987
v -0.11736 -0.72867 -0.10987
v -0.07979 -0.58933 -0.47920
v -0.08792 -0.50676 -0.05630
v -0.10384 -0.09234 -0.02129
v -0.10384 -0.09234 -0.02129
v -0.10384 -0.09234 -0.02129
v -0.12332 0.05734 -0.67103
v -0.12332 0.05734 -0.67103
v -0.11846 0.21980 0.10329
v -0.11202 0.24852 0.11183
v -0.11202 0.24852 0.11183
v -0.09497 0.53972 -0.52829
v -0.10895 0.59012 0.18787
v -0.02731 0.67320 0.20161
v 0.00952 0.78866 0.10642
v -0.07917 -0.62479 -0.08215
v -0.07917 -0.62479 -0.08215
v -0.10343 -0.34499 -0.47346
v -0.10343 -0.34499 -0.47346
v -0.08092 -0.37155 -0.55169
v -0.08092 -0.37155 -0.55169
v -0.01955 -0.35592 -0.61908
v -0.01955 -0.35592 -0.61908
v -0.01955 -0.35592 -0.61908
v -0.08535 -0.21358 -0.66407
v -0.08535 -0.21358 -0.66407
v -0.09284 -0.18350 -0.04154
v -0.11490 -0.16825 -0.02613
v -0.11490 -0.16825 -0.02613
v -0.10383 -0.08942 -0.03347
v -0.10383 -0.08942 -0.03347
v -0.10383 -0.08942 -0.03347
v -0.10383 -0.08942 -0.03347
v -0.12853 -0.09214 -0.05413
v -0.12853 -0.09214 -0.05413
v -0.11154 -0.02910 -0.67635
v -0.11154 -0.02910 -0.67635
v -0.12076 0.10209 -0.60736
v -0.12076 0.10209 -0.60736
v -0.07291 0.09038 -0.14214
v -0.07291 0.09038 -0.14214
v -0.07335 0.08533 -0.52800
v -0.07335 0.08533 -0.52800
v -0.11633 0.15654 -0.50350
v -0.11056 0.27289 0.15437
v -0.11056 0.27289 0.15437
v -0.09141 0.35828 0.12841
v -0.09141 0.35828 0.12841
v -0.09379 0.59179 0.24581
v -0.09379 0.59179 0.24581
v -0.02551 0.72671 -0.53426
v -0.07723 -0.67519 -0.07745
v -0.08157 -0.60961 -0.44360
v -0.08157 -0.60961 -0.44360
v -0.08157 -0.60961 -0.44360
v -0.06680 -0.16368 -0.67481
v -0.06680 -0.16368 -0.67481
v -0.08982 -0.01082 -0.65092
v -0.08982 -0.01082 -0.65092
v -0.10308 0.05373 -0.52391
v -0.10308 0.05373 -0.52391
v -0.10768 0.26451 0.15417
v -0.10768 0.26451 0.15417
v -0.09688 0.28520 0.17652
v -0.09688 0.28520 0.17652
v -0.03178 0.29896 -0.57922
v -0.07187 0.38910 -0.42024
v -0.07187 0.38910 -0.42024
v -0.07341 0.51709 0.14765
v -0.10311 0.60568 -0.50772
v 0.05929 0.73991 0.06806
v 0.05929 0.73991 0.06806
v 0.05929 0.73991 0.06806
v -0.06847 0.85165 -0.08290
v -0.09140 -0.56815 -0.06405
v -0.09553 -0.38300 -0.00418
v -0.07213 -0.32825 -0.47815
v -0.07213 -0.32825 -0.47815
v -0.07213 -0.32825 -0.47815
v -0.07213 -0.32825 -0.47815
v -0.05301 -0.26380 -0.44885
v -0.05301 -0.26380 -0.44885
v -0.06401 -0.24293 -0.02664
v -0.05281 -0.07668 -0.00094
v -0.05281 -0.07668 -0.00094
v -0.05281 -0.07668 -0.00094
v -0.08975 -0.09107 -0.66804
v -0.06172 0.04214 -0.04568
v -0.06172 0.04214 -0.04568
v -0.07039 0.13216 0.13205
v -0.07039 0.13216 0.13205
v -0.07039 0.13216 0.13205
v -0.07039 0.13216 0.13205
v -0.08205 0.24511 -0.41120
v -0.08205 0.24511 -0.41120
v -0.05712 0.24561 0.15838
v -0.05712 0.24561 0.15838
v -0.05712 0.24561 0.15838
v -0.03819 0.30275 -0.46209
v -0.05081 0.66486 -0.50530
v -0.05081 0.66486 -0.50530
v -0.07329 -0.69266 -0.09616
v -0.07329 -0.69266 -0.09616
v -0.03740 -0.50604 -0.41762
v -0.03740 -0.50604 -0.41762
v -0.07383 -0.35279 -0.49660
v -0.07383 -0.35279 -0.49660
v -0.07383 -0.35279 -0.49660
v -0.04837 -0.14230 -0.65897
v -0.04837 -0.14230 -0.65897
v -0.09062 -0.13480 0.00706
v -0.09062 -0.13480 0.00706
v -0.08788 -0.08769 -0.02572
v -0.08788 -0.08769 -0.02572
v -0.08573 0.00889 -0.53109
v -0.08573 0.00889 -0.53109
v -0.06778 0.12114 0.07785
v -0.06778 0.12114 0.07785
v -0.08709 0.20093 0.11891
v -0.09687 0.26381 -0.42546
v -0.07658 0.29772 0.15389
v -0.07658 0.29772 0.15389
v 0.00480 0.31128 -0.58209
v -0.07764 0.60728 0.25268
v -0.07764 0.60728 0.25268
v -0.04402 0.70972 0.10881
v -0.06436 -0.52642 -0.48501
v -0.06184 -0.24833 -0.64964
v -0.07136 0.01522 -0.58952
v -0.05367 0.12168 -0.10688
v -0.05367 0.12168 -0.10688
v 0.00058 0.17263 -0.49621
v 0.00058 0.17263 -0.49621
v -0.04285 0.19580 0.18213
v -0.04285 0.19580 0.18213
v -0.00475 0.65575 0.06860
v 0.01583 0.79316 0.08444
v 0.01583 0.79316 0.08444
v 0.01583 0.79316 0.08444
v -0.01781 0.89258 -0.26886
v -0.07420 0.86194 -0.15254
v -0.08028 -0.40639 -0.05216
v -0.08028 -0.40639 -0.05216
v -0.06305 -0.39387 -0.02113
v -0.06305 -0.39387 -0.02113
v -0.07510 -0.31730 -0.01433
v -0.07510 -0.31730 -0.01433
v -0.06369 -0.25293 -0.02363
v -0.05835 -0.13114 -0.02769
v -0.07371 -0.12105 -0.00388
v -0.07371 -0.12105 -0.00388
v -0.04412 -0.04639 -0.62027
v -0.04412 -0.04639 -0.62027
v -0.00289 -0.06304 -0.54976
v -0.00289 -0.06304 -0.54976
v -0.00289 -0.06304 -0.54976
v -0.00289 -0.06304 -0.54976
v -0.04422 0.14590 0.11757
v -0.04422 0.14590 0.11757
v -0.04422 0.14590 0.11757
v -0.04422 0.14590 0.11757
v -0.03451 0.18446 0.14235
v -0.03451 0.18446 0.14235
v -0.03451 0.18446 0.14235
v -0.05121 0.35103 0.15148
v -0.00200 0.46982 -0.55617
v -0.00200 0.46982 -0.55617
v -0.01251 0.59276 -0.54669
v -0.04654 -0.60158 -0.47776
v 0.00366 -0.52882 -0.09699
v 0.00366 -0.52882 -0.09699
v 0.00366 -0.52882 -0.09699
v 0.00366 -0.52882 -0.09699
v 0.02256 -0.52447 -0.17925
v -0.05115 -0.41547 -0.53892
v -0.05115 -0.41547 -0.53892
v -0.04151 -0.35814 -0.01041
v -0.05134 -0.19902 -0.65831
v -0.06033 -0.11631 0.01576
v -0.00586 0.01538 -0.06925
v -0.07122 -0.01077 -0.52361
v -0.07122 -0.01077 -0.52361
v -0.03180 0.07756 -0.12248
v -0.03180 0.07756 -0.12248
v -0.03180 0.07756 -0.12248
v -0.05091 0.14193 -0.49138
v -0.05091 0.14193 -0.49138
v -0.04805 0.22235 0.22616
v -0.04805 0.22235 0.22616
v -0.04805 0.22235 0.22616
v -0.05605 0.29943 0.23294
v -0.05605 0.29943 0.23294
v -0.06417 0.26158 -0.55571
v -0.06417 0.26158 -0.55571
v -0.03222 0.32215 -0.39374
v -0.03622 0.33087 0.18526
v -0.03622 0.33087 0.18526
v 0.00249 0.62334 0.28554
v 0.00249 0.62334 0.28554
v -0.00790 0.72339 0.13320
v 0.00988 0.74478 0.14667
v 0.00988 0.74478 0.14667
v -0.04167 0.89192 -0.13955
v -0.04373 -0.66559 -0.46707
v -0.04373 -0.66559 -0.46707
v -0.05325 -0.65396 -0.42843
v -0.05325 -0.65396 -0.42843
v -0.05279 -0.41019 -0.48585
v -0.05279 -0.41019 -0.48585
v 0.00764 -0.41031 -0.00649
v -0.04567 -0.28142 -0.64069
v -0.02867 -0.23217 -0.65129
v -0.03573 -0.23205 -0.01434
v -0.02638 -0.00354 -0.02253
v -0.00173 0.19802 -0.47632
v -0.00173 0.19802 -0.47632
v -0.00173 0.19802 -0.47632
v -0.01004 0.23991 -0.39254
v -0.01004 0.23991 -0.39254
v -0.01004 0.23991 -0.39254
v 0.00800 0.22605 -0.55234
v 0.00800 0.22605 -0.55234
v -0.01705 0.32833 0.16919
v -0.01705 0.32833 0.16919
v 0.00314 0.40245 -0.45983
v 0.00314 0.40245 -0.45983
v -0.05451 0.40220 0.14475
v -0.02969 0.41847 0.12107
v 0.02207 0.53244 -0.56810
v 0.02207 0.53244 -0.56810
v -0.02044 -0.61578 -0.07050
v -0.02044 -0.61578 -0.07050
v -0.02044 -0.61578 -0.07050
v -0.00356 -0.53951 -0.40889
v -0.04788 -0.04274 -0.52157
v -0.04788 -0.04274 -0.52157
v -0.04788 -0.04274 -0.52157
v -0.03605 0.05096 -0.09521
v -0.01428 0.07456 -0.00262
v -0.05040 0.59769 0.25151
v -0.05040 0.59769 0.25151
v -0.03226 -0.57945 -0.09850
v -0.03226 -0.57945 -0.09850
v -0.01599 -0.52257 -0.04186
v -0.00749 -0.29807 0.00316
v -0.00749 -0.29807 0.00316
v -0.02135 -0.30347 -0.63415
v -0.03064 -0.03207 -0.00648
v -0.00259 -0.03672 -0.53139
v -0.00259 -0.03672 -0.53139
v 0.03744 0.62041 -0.53349
v 0.03744 0.62041 -0.53349
v 0.03744 0.62041 -0.53349
v 0.00502 0.72081 0.17619
v 0.00502 0.72081 0.17619
v -0.03482 -0.65242 -0.08973
v -0.03482 -0.65242 -0.08973
v 0.01054 -0.49923 -0.46516
v 0.01054 -0.49923 -0.46516
v 0.01054 -0.49923 -0.46516
v -0.00211 -0.46155 -0.04849
v -0.00211 -0.46155 -0.04849
v -0.00891 -0.42058 -0.04085
v -0.01911 -0.17701 -0.65479
v -0.00720 -0.09369 -0.61863
v -0.00720 -0.09369 -0.61863
v -0.00720 -0.09369 -0.61863
v -0.00720 -0.09369 -0.61863
v -0.00720 -0.09369 -0.61863
v -0.03435 -0.08826 0.00655
v -0.02203 0.02787 -0.56806
v 0.05776 0.10357 -0.01753
v 0.02458 0.16003 0.09833
v 0.02458 0.16003 0.09833
v -0.01663 0.35930 0.16869
v -0.00883 0.36357 -0.55590
v -0.03247 0.36684 0.13787
v -0.02830 0.60467 0.26073
v -0.02830 0.60467 0.26073
v -0.00206 0.67494 0.22774
v -0.00206 0.67494 0.22774
v 0.03062 0.68480 -0.48793
v -0.00232 0.80170 -0.56376
v -0.00232 0.80170 -0.56376
v 0.03393 0.87241 -0.50290
v 0.02512 0.84708 0.00974
v 0.02512 0.84708 0.00974
v 0.02512 0.84708 0.00974
v 0.02512 0.84708 0.00974
v 0.04106 0.86716 -0.02101
v 0.04106 0.86716 -0.02101
v 0.04106 0.86716 -0.02101
v -0.00362 -0.67664 -0.45200
v -0.00362 -0.67664 -0.45200
v -0.00362 -0.67664 -0.45200
v -0.00362 -0.67664 -0.45200
v -0.01988 -0.70346 -0.43854
v -0.01988 -0.70346 -0.43854
v -0.02447 -0.70669 -0.41403
v -0.02447 -0.70669 -0.41403
v -0.02447 -0.70669 -0.41403
v 0.02277 -0.64414 -0.40870
v 0.02277 -0.64414 -0.40870
v 0.02277 -0.64414 -0.40870
v -0.02364 -0.52359 -0.47422
v -0.00264 -0.44946 -0.52881
v -0.00264 -0.44946 -0.52881
v -0.00264 -0.44946 -0.52881
v 0.01212 -0.38624 -0.61568
v 0.01320 -0.30910 -0.03063
v 0.01320 -0.30910 -0.03063
v -0.02365 -0.11312 -0.64850
v -0.02365 -0.11312 -0.64850
v -0.02365 -0.11312 -0.64850
v 0.00371 -0.07087 0.01259
v -0.03114 -0.06429 -0.51175
v -0.03114 -0.06429 -0.51175
v -0.03097 -0.03945 -0.02026
v -0.03097 -0.03945 -0.02026
v -0.01899 -0.03623 -0.02180
v -0.01899 -0.03623 -0.02180
v -0.00615 0.07743 -0.12679
v -0.00615 0.07743 -0.12679
v 0.03717 0.10241 -0.54358
v 0.03717 0.10241 -0.54358
v 0.04736 0.13768 0.18704
v 0.04736 0.13768 0.18704
v 0.04736 0.13768 0.18704
v 0.02215 0.21932 0.19423
v 0.02215 0.21932 0.19423
v 0.02677 0.27195 -0.57328
v 0.02677 0.27195 -0.57328
v 0.01388 0.27479 0.22659
v 0.01388 0.27479 0.22659
v 0.00528 0.50479 -0.54610
v 0.00528 0.50479 -0.54610
v 0.00357 0.69038 0.17597
v 0.06863 0.94473 -0.19999
v 0.00957 -0.45168 -0.46257
v 0.00957 -0.45168 -0.46257
v 0.01012 -0.43623 -0.57197
v 0.01012 -0.43623 -0.57197
v -0.00844 -0.40084 -0.59302
v 0.01453 -0.13852 -0.61313
v 0.01453 -0.13852 -0.61313
v -0.03155 -0.12870 0.06853
v -0.03155 -0.12870 0.06853
v -0.00859 -0.15140 0.07078
v -0.00859 -0.15140 0.07078
v -0.01397 -0.14392 0.07782
v -0.01397 -0.14392 0.07782
v -0.03124 -0.12006 -0.49139
v -0.03124 -0.12006 -0.49139
v -0.01275 -0.13399 -0.48031
v -0.01275 -0.13399 -0.48031
v 0.00161 -0.12144 -0.50218
v 0.00161 -0.12144 -0.50218
v 0.00268 -0.00166 -0.02744
v 0.00268 -0.00166 -0.02744
v 0.02068 0.07633 -0.07055
v 0.02068 0.07633 -0.07055
v 0.08650 0.08236 -0.06661
v 0.08650 0.08236 -0.06661
v 0.03066 0.10287 -0.14551
v 0.03066 0.10287 -0.14551
v 0.03066 0.10287 -0.14551
v 0.02841 0.14104 0.17162
v 0.02841 0.14104 0.17162
v 0.00437 0.20691 -0.50445
v 0.00437 0.20691 -0.50445
v 0.01816 0.29384 -0.57223
v 0.03407 0.39684 -0.54338
v -0.02354 0.60867 0.25813
v -0.00606 -0.43118 -0.46554
v -0.00606 -0.43118 -0.46554
v -0.00385 -0.24454 -0.01524
v 0.00205 -0.08559 -0.49167
v 0.00205 -0.08559 -0.49167
v -0.01269 -0.08878 -0.60007
v -0.01269 -0.08878 -0.60007
v 0.01972 -0.09572 -0.53217
v 0.01972 -0.09572 -0.53217
v 0.01972 -0.09572 -0.53217
v -0.00092 -0.08602 -0.03827
v -0.00570 -0.03641 -0.04285
v -0.00570 -0.03641 -0.04285
v -0.00893 0.31048 0.22875
v -0.00893 0.31048 0.22875
v 0.01914 0.34271 0.14564
v 0.01914 0.34271 0.14564
v -0.01027 0.36388 0.16684
v -0.01027 0.36388 0.16684
v 0.01025 0.57306 -0.54739
v 0.01025 0.57306 -0.54739
v 0.02445 0.64382 0.25676
v 0.02445 0.64382 0.25676
v 0.02834 0.66569 0.19671
v 0.03586 0.68555 0.22621
v 0.03586 0.68555 0.22621
v 0.00512 0.69600 0.18888
v 0.02504 0.81493 0.00743
v 0.02504 0.81493 0.00743
v 0.02504 0.81493 0.00743
v 0.07866 0.92515 -0.34567
v 0.13621 -0.52416 -0.21865
v 0.13621 -0.52416 -0.21865
v 0.00029 -0.47304 -0.49630
v 0.00029 -0.47304 -0.49630
v 0.05337 -0.13115 -0.01411
v 0.05337 -0.13115 -0.01411
v 0.08256 -0.16500 -0.04820
v 0.01465 -0.02433 -0.03957
v 0.01465 -0.02433 -0.03957
v 0.00286 -0.03266 -0.01067
v 0.00286 -0.03266 -0.01067
v 0.02725 0.01541 -0.02655
v 0.05939 0.05072 -0.52505
v 0.05939 0.05072 -0.52505
v 0.00596 0.14100 -0.47253
v 0.00596 0.14100 -0.47253
v 0.00857 0.25502 0.12944
v 0.00857 0.25502 0.12944
v 0.00857 0.25502 0.12944
v 0.02035 0.42987 -0.53850
v 0.05098 0.73817 -0.55168
v 0.05098 0.73817 -0.55168
v 0.05241 0.88514 -0.03415
v 0.05021 -0.67858 -0.41862
v 0.05021 -0.67858 -0.41862
v 0.05021 -0.67858 -0.41862
v 0.01163 -0.33685 -0.63748
v 0.01163 -0.33685 -0.63748
v 0.02411 -0.36141 -0.00965
v 0.06342 -0.31051 -0.62894
v 0.06342 -0.31051 -0.62894
v 0.03091 -0.28807 -0.03748
v -0.02062 -0.18096 -0.45376
v -0.02062 -0.18096 -0.45376
v -0.02062 -0.18096 -0.45376
v -0.02062 -0.18096 -0.45376
v -0.00349 -0.20800 -0.43935
v -0.00349 -0.20800 -0.43935
v 0.05099 0.26781 0.10307
v 0.05099 0.26781 0.10307
v 0.05099 0.26781 0.10307
v 0.01828 0.29158 0.21597
v 0.03470 0.36807 -0.54720
v 0.05088 0.44449 0.13079
v 0.04217 0.49075 0.13024
v 0.04768 0.46083 -0.54489
v 0.04834 0.73081 -0.54663
v 0.04834 0.73081 -0.54663
v 0.03934 0.67614 0.19497
v 0.00809 0.71260 0.18254
v 0.03687 -0.46715 -0.57369
v 0.03687 -0.46715 -0.57369
v 0.02220 -0.42599 -0.03753
v 0.02220 -0.42599 -0.03753
v 0.02926 -0.30371 -0.01260
v 0.02926 -0.30371 -0.01260
v 0.02926 -0.30371 -0.01260
v 0.05928 -0.27291 -0.60471
v 0.05825 -0.22195 -0.59888
v -0.00145 -0.12385 -0.43617
v -0.00145 -0.12385 -0.43617
v 0.04394 -0.10098 -0.44647
v 0.04394 -0.10098 -0.44647
v 0.04394 -0.10098 -0.44647
v 0.04394 -0.10098 -0.44647
v 0.02586 -0.11950 -0.59291
v 0.02480 0.13742 -0.47263
v 0.02480 0.13742 -0.47263
v 0.01858 0.29433 0.20823
v 0.02783 0.70967 0.19261
v 0.02783 0.70967 0.19261
v 0.02783 0.70967 0.19261
v 0.03708 0.81775 0.05531
v 0.03708 0.81775 0.05531
v 0.00954 0.91146 -0.13999
v 0.09197 -0.60117 -0.42439
v 0.09197 -0.60117 -0.42439
v 0.02567 -0.53535 -0.07524
v 0.02567 -0.53535 -0.07524
v 0.02777 -0.51555 -0.02675
v 0.04623 -0.47602 -0.37521
v 0.04577 -0.35787 -0.61502
v 0.07432 -0.26280 -0.03092
v 0.07432 -0.26280 -0.03092
v 0.02738 -0.15881 -0.49088
v 0.04244 -0.04629 -0.51119
v 0.04244 -0.04629 -0.51119
v 0.04244 -0.04629 -0.51119
v 0.04244 -0.04629 -0.51119
v 0.04950 -0.02841 -0.00078
v 0.03499 0.06912 -0.12254
v 0.06611 0.14064 -0.14734
v 0.06611 0.14064 -0.14734
v 0.06611 0.14064 -0.14734
v 0.05612 0.21295 -0.53465
v 0.05612 0.21295 -0.53465
v 0.09180 0.29990 -0.37255
v 0.02457 0.32490 -0.56351
v 0.01390 0.32889 -0.55866
v 0.11145 0.36727 -0.40890
v 0.11145 0.36727 -0.40890
v 0.03845 0.39089 0.18836
v 0.02193 0.58318 -0.53823
v 0.02193 0.58318 -0.53823
v 0.10306 0.93279 -0.32228
v 0.05800 0.94832 -0.24557
v 0.02122 -0.55731 -0.03639
v 0.04071 -0.50809 -0.01653
v 0.04071 -0.50809 -0.01653
v 0.03014 -0.49129 -0.03094
v 0.03014 -0.49129 -0.03094
v 0.05205 -0.47847 -0.00975
v 0.05205 -0.47847 -0.00975
v 0.05613 -0.48560 -0.57086
v 0.05613 -0.48560 -0.57086
v 0.03319 -0.48102 -0.48597
v 0.03709 -0.33300 -0.63224
v 0.06110 -0.16468 -0.39617
v 0.05161 -0.12589 -0.40541
v 0.02390 -0.12323 -0.53798
v 0.02390 -0.12323 -0.53798
v 0.11963 0.21496 -0.41439
v 0.11963 0.21496 -0.41439
v 0.04589 0.30457 0.09890
v 0.04589 0.30457 0.09890
v 0.05257 0.53526 0.13297
v 0.08457 0.72052 0.10346
v 0.08457 0.72052 0.10346
v 0.06022 0.84283 -0.62328
v 0.06022 0.84283 -0.62328
v 0.06022 0.84283 -0.62328
v 0.05819 0.92854 -0.30042
v 0.04183 -0.68345 -0.39902
v 0.04183 -0.68345 -0.39902
v 0.04183 -0.68345 -0.39902
v 0.04183 -0.68345 -0.39902
v 0.08130 -0.60343 -0.07035
v 0.08130 -0.60343 -0.07035
v 0.09777 -0.60353 -0.07670
v 0.04854 -0.51446 -0.00190
v 0.04116 -0.49434 0.01718
v 0.03142 -0.46122 0.00910
v 0.04235 -0.37765 0.00057
v 0.04235 -0.37765 0.00057
v 0.04933 -0.23462 -0.03296
v 0.06181 -0.18213 -0.41418
v 0.06263 -0.15288 -0.50573
v 0.06263 -0.15288 -0.50573
v 0.06263 -0.15288 -0.50573
v 0.04126 -0.15112 -0.57176
v 0.04622 -0.15028 -0.46474
v 0.04622 -0.15028 -0.46474
v 0.03453 -0.05573 -0.03309
v 0.05642 -0.05956 -0.54122
v 0.05642 -0.05956 -0.54122
v 0.05642 -0.05956 -0.54122
v 0.06051 -0.00234 -0.01722
v 0.11250 0.14450 -0.45007
v 0.11250 0.14450 -0.45007
v 0.11250 0.14450 -0.45007
v 0.04745 0.14238 0.24130
v 0.04745 0.14238 0.24130
v 0.10148 0.19352 -0.45823
v 0.02455 0.32794 0.10776
v 0.02455 0.32794 0.10776
v 0.05176 0.34965 0.16696
v 0.06653 0.37003 -0.41983
v 0.04794 0.52391 -0.56441
v 0.04137 0.61659 0.27510
v 0.04137 0.61659 0.27510
v 0.04007 0.70168 -0.50267
v 0.04007 0.70168 -0.50267
v 0.04657 0.77997 0.09902
v 0.04657 0.77997 0.09902
v 0.09635 -0.42986 -0.60271
v 0.09635 -0.42986 -0.60271
v 0.07632 -0.42855 0.05185
v 0.07632 -0.42855 0.05185
v 0.08955 -0.28435 -0.01582
v 0.08955 -0.28435 -0.01582
v 0.10840 -0.24669 -0.55049
v 0.10840 -0.24669 -0.55049
v 0.09848 -0.03526 -0.51477
v 0.09848 -0.03526 -0.51477
v 0.09229 0.37485 -0.51933
v 0.04046 0.30336 0.06710
v 0.04046 0.30336 0.06710
v 0.06491 0.59208 0.24302
v 0.06491 0.59208 0.24302
v 0.07314 0.69232 -0.48101
v 0.06639 0.70652 -0.52547
v 0.06639 0.70652 -0.52547
v 0.13215 0.74053 0.09925
v 0.13215 0.74053 0.09925
v 0.13215 0.74053 0.09925
v 0.09523 -0.63478 -0.39362
v 0.09523 -0.63478 -0.39362
v 0.06020 -0.58610 -0.03676
v 0.06622 -0.60811 -0.01524
v 0.06622 -0.60811 -0.01524
v 0.04782 -0.46087 -0.43122
v 0.04782 -0.46087 -0.43122
v 0.06161 -0.28323 -0.41179
v 0.06161 -0.28323 -0.41179
v 0.06161 -0.28323 -0.41179
v 0.06161 -0.28323 -0.41179
v 0.06545 -0.23881 -0.03450
v 0.06545 -0.23881 -0.03450
v 0.07914 -0.22209 -0.48077
v 0.07914 -0.22209 -0.48077
v 0.05914 -0.17562 -0.51304
v 0.05914 -0.17562 -0.51304
v 0.12036 0.15297 0.27229
v 0.05128 0.25476 -0.54671
v 0.05827 0.26487 -0.53172
v 0.13397 0.28736 -0.40535
v 0.07218 0.74658 -0.56464
v 0.05539 0.78024 -0.60449
v 0.05539 0.78024 -0.60449
v 0.08488 0.77910 -0.61351
v 0.08488 0.77910 -0.61351
v 0.04423 0.83731 -0.00293
v 0.04423 0.83731 -0.00293
v 0.05359 -0.55108 0.00704
v 0.03354 -0.51250 -0.39910
v 0.03354 -0.51250 -0.39910
v 0.06473 -0.52409 0.03173
v 0.05949 -0.47257 0.03951
v 0.05949 -0.47257 0.03951
v 0.06907 -0.37231 0.01442
v 0.06907 -0.37231 0.01442
v 0.08825 -0.34037 -0.60374
v 0.08825 -0.34037 -0.60374
v 0.09153 -0.12896 -0.03544
v 0.09153 -0.12896 -0.03544
v 0.09153 -0.12896 -0.03544
v 0.07710 -0.11479 -0.04559
v 0.07710 -0.11479 -0.04559
v 0.07710 -0.11479 -0.04559
v 0.09277 0.02295 -0.53853
v 0.09277 0.02295 -0.53853
v 0.06418 -0.00218 -0.03786
v 0.07389 0.01849 -0.02634
v 0.11696 0.14866 -0.09528
v 0.11696 0.14866 -0.09528
v 0.11696 0.14866 -0.09528
v 0.06616 0.16231 -0.45792
v 0.08454 0.29975 0.07806
v 0.08454 0.29975 0.07806
v 0.09287 0.58277 0.19516
v 0.09287 0.58277 0.19516
v 0.12165 0.59969 0.25405
v 0.12165 0.59969 0.25405
v 0.12165 0.59969 0.25405
v 0.10092 0.91487 -0.06426
v 0.10092 0.91487 -0.06426
v 0.07966 -0.63093 -0.04262
v 0.07966 -0.63093 -0.04262
v 0.08126 -0.57881 0.02331
v 0.08126 -0.57881 0.02331
v 0.07714 -0.53936 0.07030
v 0.07714 -0.53936 0.07030
v 0.09222 -0.49632 0.04277
v 0.09222 -0.49632 0.04277
v 0.09222 -0.49632 0.04277
v 0.09222 -0.49632 0.04277
v 0.09222 -0.49632 0.04277
v 0.08308 -0.48554 0.05113
v 0.07662 -0.44528 -0.40303
v 0.07662 -0.44528 -0.40303
v 0.07662 -0.44528 -0.40303
v 0.11272 -0.25906 -0.45271
v 0.11272 -0.25906 -0.45271
v 0.11272 -0.25906 -0.45271
v 0.07518 -0.24374 -0.40203
v 0.11071 -0.10487 -0.38746
v 0.11071 -0.10487 -0.38746
v 0.10108 -0.10004 -0.49922
v 0.10108 -0.10004 -0.49922
v 0.10108 -0.10004 -0.49922
v 0.10108 -0.10004 -0.49922
v 0.10355 0.14508 -0.10404
v 0.10355 0.14508 -0.10404
v 0.09802 0.15067 0.28758
v 0.09802 0.15067 0.28758
v 0.11831 0.22829 -0.33357
v 0.11831 0.22829 -0.33357
v 0.15073 0.40280 0.09927
v 0.07274 -0.63795 -0.01002
v 0.07274 -0.63795 -0.01002
v 0.07274 -0.63795 -0.01002
v 0.09432 -0.41299 0.03163
v 0.10563 -0.35861 0.03287
v 0.10563 -0.35861 0.03287
v 0.08185 -0.24360 -0.04850
v 0.08185 -0.24360 -0.04850
v 0.14605 -0.24592 -0.07955
v 0.14605 -0.24592 -0.07955
v 0.12388 -0.16814 -0.07148
v 0.12388 -0.16814 -0.07148
v 0.16677 -0.12416 -0.36533
v 0.16677 -0.12416 -0.36533
v 0.11562 -0.21994 -0.41684
v 0.11562 -0.21994 -0.41684
v 0.10337 -0.07049 -0.46654
v 0.10337 -0.07049 -0.46654
v 0.10337 -0.07049 -0.46654
v 0.09942 0.13830 0.24633
v 0.09942 0.13830 0.24633
v 0.13388 0.25358 -0.32319
v 0.15371 0.54378 -0.49816
v 0.10911 0.62305 0.06658
v 0.10911 0.62305 0.06658
v 0.13538 0.62699 0.15972
v 0.13538 0.62699 0.15972
v 0.08005 0.81981 -0.71577
v 0.08005 0.81981 -0.71577
v 0.16188 0.74915 0.02291
v 0.16188 0.74915 0.02291
v 0.08645 -0.53542 0.04357
v 0.08645 -0.53542 0.04357
v 0.08645 -0.53542 0.04357
v 0.08645 -0.53542 0.04357
v 0.12203 -0.43589 -0.58385
v 0.12203 -0.43589 -0.58385
v 0.12203 -0.43589 -0.58385
v 0.12203 -0.43589 -0.58385
v 0.10858 -0.44231 -0.53135
v 0.08927 -0.28403 -0.60123
v 0.12468 -0.31231 -0.43831
v 0.12468 -0.31231 -0.43831
v 0.12221 -0.27121 -0.35571
v 0.12221 -0.27121 -0.35571
v 0.17538 -0.26823 -0.33214
v 0.17538 -0.26823 -0.33214
v 0.09987 -0.22261 -0.51682
v 0.09373 -0.14931 -0.46267
v 0.09373 -0.14931 -0.46267
v 0.08249 -0.15858 -0.44513
v 0.11540 -0.00515 -0.03867
v 0.13953 -0.01903 -0.47613
v 0.11817 0.07837 -0.04358
v 0.11817 0.07837 -0.04358
v 0.10557 0.08496 -0.51558
v 0.10557 0.08496 -0.51558
v 0.10557 0.08496 -0.51558
v 0.12991 0.26744 -0.50477
v 0.18464 0.28421 0.04189
v 0.18464 0.28421 0.04189
v 0.18464 0.28421 0.04189
v 0.15117 0.44406 0.13121
v 0.15117 0.44406 0.13121
v 0.10865 0.88808 -0.04516
v 0.10865 0.88808 -0.04516
v 0.11619 0.86402 -0.60735
v 0.13291 0.90845 -0.11870
v 0.13291 0.90845 -0.11870
v 0.13723 0.94224 -0.17054
v 0.13723 0.94224 -0.17054
v 0.10469 -0.60931 -0.03256
v 0.10469 -0.60931 -0.03256
v 0.10469 -0.60931 -0.03256
v 0.09150 -0.47441 0.06090
v 0.13622 -0.41490 -0.48471
v 0.12598 -0.40767 -0.42125
v 0.12598 -0.40767 -0.42125
v 0.08322 -0.30189 -0.42062
v 0.08322 -0.30189 -0.42062
v 0.11142 -0.30426 -0.58174
v 0.11142 -0.30426 -0.58174
v 0.08741 -0.27106 0.11853
v 0.08741 -0.27106 0.11853
v 0.08901 -0.27539 0.11073
v 0.08901 -0.27539 0.11073
v 0.10920 -0.29355 0.13000
v 0.10920 -0.29355 0.13000
v 0.09769 -0.25936 -0.59310
v 0.09769 -0.25936 -0.59310
v 0.11297 -0.14861 -0.40065
v 0.10837 0.13555 0.25423
v 0.10837 0.13555 0.25423
v 0.20040 0.14491 0.38979
v 0.20040 0.14491 0.38979
v 0.19496 0.43124 0.09440
v 0.19496 0.43124 0.09440
v 0.12650 0.60694 0.20979
v 0.12650 0.60694 0.20979
v 0.17523 0.64300 0.13851
v 0.17523 0.64300 0.13851
v 0.12924 0.74191 -0.53231
v 0.12924 0.74191 -0.53231
v 0.12924 0.74191 -0.53231
v 0.12389 0.77538 -0.59236
v 0.12389 0.77538 -0.59236
v 0.15228 0.86220 -0.49978
v 0.15228 0.86220 -0.49978
v 0.14499 -0.58704 0.09980
v 0.14499 -0.58704 0.09980
v 0.12093 -0.44361 -0.56681
v 0.12849 -0.37834 -0.38766
v 0.12849 -0.37834 -0.38766
v 0.14693 -0.42070 0.04797
v 0.14693 -0.42070 0.04797
v 0.14693 -0.42070 0.04797
v 0.14693 -0.42070 0.04797
v 0.13291 -0.35030 -0.02468
v 0.13291 -0.35030 -0.02468
v 0.13291 -0.35030 -0.02468
v 0.13291 -0.35030 -0.02468
v 0.09641 -0.32119 -0.41991
v 0.09641 -0.32119 -0.41991
v 0.10912 -0.22427 -0.37544
v 0.10912 -0.22427 -0.37544
v 0.11946 -0.20229 -0.44850
v 0.11946 -0.20229 -0.44850
v 0.10950 -0.13250 -0.10384
v 0.10950 -0.13250 -0.10384
v 0.10950 -0.13250 -0.10384
v 0.10933 0.19961 0.03845
v 0.10933 0.19961 0.03845
v 0.10933 0.19961 0.03845
v 0.13643 0.21119 -0.43408
v 0.13643 0.21119 -0.43408
v 0.22901 0.59887 -0.40988
v 0.22901 0.59887 -0.40988
v 0.11454 0.68110 0.06987
v 0.11454 0.68110 0.06987
v 0.12865 0.93478 -0.22326
v 0.12865 0.93478 -0.22326
v 0.12139 -0.66913 -0.39245
v 0.12139 -0.66913 -0.39245
v 0.13420 -0.68120 -0.35348
v 0.13420 -0.68120 -0.35348
v 0.09646 -0.49510 0.07801
v 0.09646 -0.49510 0.07801
v 0.10830 -0.49943 0.08197
v 0.10830 -0.49943 0.08197
v 0.12089 -0.47205 0.06191
v 0.12089 -0.47205 0.06191
v 0.11257 -0.44904 -0.59074
v 0.11257 -0.44904 -0.59074
v 0.12601 -0.34421 -0.57391
v 0.12601 -0.34421 -0.57391
v 0.12660 -0.35527 -0.40725
v 0.12660 -0.35527 -0.40725
v 0.12660 -0.35527 -0.40725
v 0.12353 -0.25879 -0.47225
v 0.12353 -0.25879 -0.47225
v 0.15054 -0.11347 -0.44834
v 0.18503 0.21799 -0.01257
v 0.18503 0.21799 -0.01257
v 0.15470 0.21014 -0.39478
v 0.15470 0.21014 -0.39478
v 0.14045 0.15052 0.32715
v 0.14045 0.15052 0.32715
v 0.12824 0.26584 0.06925
v 0.12604 0.29971 0.08182
v 0.09686 0.55508 0.23289
v 0.09686 0.55508 0.23289
v 0.09686 0.55508 0.23289
v 0.13146 0.59581 0.23401
v 0.13146 0.59581 0.23401
v 0.13146 0.59581 0.23401
v 0.13930 0.85065 -0.60783
v 0.13930 0.85065 -0.60783
v 0.10638 0.82030 -0.68209
v 0.10638 0.82030 -0.68209
v 0.10638 0.82030 -0.68209
v 0.12450 -0.51594 0.07819
v 0.12016 -0.50654 0.09121
v 0.14419 -0.42287 -0.55107
v 0.14419 -0.42287 -0.55107
v 0.13981 -0.33118 -0.03346
v 0.13981 -0.33118 -0.03346
v 0.13447 -0.26933 -0.53324
v 0.17921 -0.15859 -0.14115
v 0.17921 -0.15859 -0.14115
v 0.12957 0.04882 -0.03735
v 0.17463 0.14992 0.31958
v 0.17463 0.14992 0.31958
v 0.13887 0.37601 -0.39180
v 0.13887 0.37601 -0.39180
v 0.16145 0.51568 0.18593
v 0.16145 0.51568 0.18593
v 0.16145 0.51568 0.18593
v 0.15529 0.58376 0.06806
v 0.14385 0.81542 -0.62214
v 0.14385 0.81542 -0.62214
v 0.15130 -0.54964 -0.38219
v 0.19074 -0.60471 -0.08802
v 0.19074 -0.60471 -0.08802
v 0.13803 -0.49704 0.08812
v 0.16966 -0.46075 -0.29881
v 0.16966 -0.46075 -0.29881
v 0.14727 -0.44612 0.05611
v 0.14727 -0.44612 0.05611
v 0.13656 -0.41686 -0.49363
v 0.16053 -0.38399 -0.42997
v 0.16053 -0.38399 -0.42997
v 0.15289 -0.38956 -0.57537
v 0.15289 -0.38956 -0.57537
v 0.15049 -0.30411 -0.50734
v 0.16801 -0.16280 -0.33476
v 0.16801 -0.16280 -0.33476
v 0.14506 -0.00102 -0.45730
v 0.14506 -0.00102 -0.45730
v 0.13408 0.10696 -0.05878
v 0.13408 0.10696 -0.05878
v 0.13408 0.10696 -0.05878
v 0.13408 0.10696 -0.05878
v 0.14729 0.12801 -0.07937
v 0.14729 0.12801 -0.07937
v 0.14729 0.12801 -0.07937
v 0.14723 0.16146 -0.08599
v 0.14723 0.16146 -0.08599
v 0.14723 0.16146 -0.08599
v 0.14723 0.16146 -0.08599
v 0.19499 0.28715 -0.27339
v 0.19499 0.28715 -0.27339
v 0.18781 0.86659 -0.32316
v 0.18781 0.86659 -0.32316
v 0.15716 -0.53827 0.10732
v 0.15716 -0.53827 0.10732
v 0.15716 -0.53827 0.10732
v 0.16245 -0.44975 0.05162
v 0.16245 -0.44975 0.05162
v 0.17466 -0.33153 -0.34463
v 0.17466 -0.33153 -0.34463
v 0.14528 -0.33459 -0.05191
v 0.13103 -0.20220 -0.35364
v 0.15796 -0.01176 -0.03136
v 0.15796 -0.01176 -0.03136
v 0.17341 0.12758 -0.45191
v 0.17341 0.12758 -0.45191
v 0.13708 0.22347 0.01550
v 0.13708 0.22347 0.01550
v 0.16282 0.52021 0.22151
v 0.16282 0.52021 0.22151
v 0.13258 0.59492 0.06438
v 0.13258 0.59492 0.06438
v 0.17734 0.54289 0.04513
v 0.17734 0.54289 0.04513
v 0.17734 0.54289 0.04513
v 0.17607 0.70914 -0.43219
v 0.17607 0.70914 -0.43219
v 0.13934 0.77471 -0.55436
v 0.18376 -0.64693 0.07616
v 0.21555 -0.56720 -0.27557
v 0.21555 -0.56720 -0.27557
v 0.19792 -0.53377 -0.28860
v 0.17427 -0.55478 -0.16319
v 0.17427 -0.55478 -0.16319
v 0.17498 -0.48244 0.08939
v 0.17498 -0.48244 0.08939
v 0.17498 -0.48244 0.08939
v 0.17498 -0.48244 0.08939
v 0.14730 -0.34370 -0.42367
v 0.19874 -0.10326 -0.41023
v 0.19874 -0.10326 -0.41023
v 0.19874 -0.10326 -0.41023
v 0.14876 -0.19655 -0.09763
v 0.14876 -0.19655 -0.09763
v 0.14413 -0.17676 -0.08110
v 0.14413 -0.17676 -0.08110
v 0.16407 -0.05447 -0.11563
v 0.16078 -0.04167 -0.04089
v 0.16078 -0.04167 -0.04089
v 0.16078 -0.04167 -0.04089
v 0.16542 0.09987 -0.03386
v 0.16128 0.23970 0.01697
v 0.16128 0.23970 0.01697
v 0.18657 0.28267 -0.46762
v 0.18821 0.60040 0.08655
v 0.18821 0.60040 0.08655
v 0.18454 0.82433 -0.12899
v 0.14918 0.90887 -0.27795
v 0.14918 0.90887 -0.27795
v 0.16766 -0.75240 -0.34164
v 0.16766 -0.75240 -0.34164
v 0.16766 -0.75240 -0.34164
v 0.18386 -0.68629 -0.34781
v 0.18386 -0.68629 -0.34781
v 0.18386 -0.68629 -0.34781
v 0.15991 -0.60305 0.09493
v 0.15991 -0.60305 0.09493
v 0.19956 -0.37590 -0.51662
v 0.19956 -0.37590 -0.51662
v 0.17265 -0.38602 -0.46984
v 0.17265 -0.38602 -0.46984
v 0.16522 -0.41070 0.04661
v 0.16522 -0.41070 0.04661
v 0.15621 -0.38150 0.01089
v 0.15621 -0.38150 0.01089
v 0.17825 -0.36386 -0.43229
v 0.16961 -0.34713 -0.53608
v 0.16961 -0.34713 -0.53608
v 0.16749 -0.33280 -0.08457
v 0.17378 -0.26825 -0.13686
v 0.17378 -0.26825 -0.13686
v 0.17378 -0.26825 -0.13686
v 0.17378 -0.26825 -0.13686
v 0.17378 -0.26825 -0.13686
v 0.17825 -0.23906 -0.29047
v 0.14588 -0.22131 -0.32912
v 0.18669 -0.18172 -0.40295
v 0.18669 -0.18172 -0.40295
v 0.17862 -0.22565 -0.12560
v 0.16687 0.00734 -0.45620
v 0.16687 0.00734 -0.45620
v 0.14579 0.24973 -0.29786
v 0.14579 0.24973 -0.29786
v 0.14579 0.24973 -0.29786
v 0.14609 0.25706 0.06186
v 0.14609 0.25706 0.06186
v 0.17689 0.40322 0.07053
v 0.16780 0.44952 -0.47160
v 0.16780 0.44952 -0.47160
v 0.13807 0.52834 0.28179
v 0.13807 0.52834 0.28179
v 0.13119 0.53624 0.27695
v 0.13119 0.53624 0.27695
v 0.15851 0.55542 0.30145
v 0.15851 0.55542 0.30145
v 0.18826 0.74130 -0.44253
v 0.18826 0.74130 -0.44253
v 0.15981 -0.74381 -0.34493
v 0.15981 -0.74381 -0.34493
v 0.16939 -0.67364 -0.33580
v 0.16939 -0.67364 -0.33580
v 0.16886 -0.48097 -0.24210
v 0.16886 -0.48097 -0.24210
v 0.16837 -0.30632 -0.09757
v 0.16569 -0.18639 -0.07310
v 0.16569 -0.18639 -0.07310
v 0.17843 -0.18696 -0.07975
v 0.17843 -0.18696 -0.07975
v 0.15933 -0.08850 -0.12144
v 0.15933 -0.08850 -0.12144
v 0.17930 -0.01169 -0.42174
v 0.17930 -0.01169 -0.42174
v 0.16116 0.11261 -0.03327
v 0.16116 0.11261 -0.03327
v 0.15453 0.14073 -0.09002
v 0.15453 0.14073 -0.09002
v 0.15453 0.14073 -0.09002
v 0.18015 0.18810 -0.33141
v 0.18015 0.18810 -0.33141
v 0.17868 0.16186 -0.36395
v 0.17868 0.16186 -0.36395
v 0.16994 0.13765 -0.06837
v 0.16994 0.13765 -0.06837
v 0.15991 0.27045 -0.36198
v 0.16263 0.36232 -0.37003
v 0.16263 0.36232 -0.37003
v 0.22536 0.38398 -0.39284
v 0.22536 0.38398 -0.39284
v 0.22536 0.38398 -0.39284
v 0.19047 0.51615 0.04768
v 0.19047 0.51615 0.04768
v 0.18129 0.53310 0.17912
v 0.17612 0.71614 0.05093
v 0.18435 0.84635 -0.14009
v 0.19272 0.85400 -0.31885
v 0.16955 0.90490 -0.29759
v 0.21991 -0.65281 0.00065
v 0.21991 -0.65281 0.00065
v 0.21991 -0.65281 0.00065
v 0.15478 -0.34648 -0.08206
v 0.15478 -0.34648 -0.08206
v 0.20463 -0.33154 -0.13342
v 0.20463 -0.33154 -0.13342
v 0.20463 -0.33154 -0.13342
v 0.20761 0.04331 0.00338
v 0.20761 0.04331 0.00338
v 0.20761 0.04331 0.00338
v 0.20882 0.23319 -0.42235
v 0.20882 0.23319 -0.42235
v 0.20882 0.23319 -0.42235
v 0.20882 0.23319 -0.42235
v 0.21050 0.30254 -0.32269
v 0.21050 0.30254 -0.32269
v 0.21050 0.30254 -0.32269
v 0.16887 0.50203 0.18378
v 0.16887 0.50203 0.18378
v 0.18337 0.88437 -0.27995
v 0.18337 0.88437 -0.27995
v 0.20901 -0.67225 -0.29545
v 0.20901 -0.67225 -0.29545
v 0.20901 -0.67225 -0.29545
v 0.19383 -0.61176 0.15036
v 0.19383 -0.61176 0.15036
v 0.22605 -0.45964 -0.24240
v 0.22605 -0.45964 -0.24240
v 0.22605 -0.45964 -0.24240
v 0.19061 -0.47200 -0.22231
v 0.19061 -0.47200 -0.22231
v 0.18238 -0.40281 -0.01457
v 0.18231 -0.33375 -0.48789
v 0.20180 -0.25528 -0.24231
v 0.20180 -0.25528 -0.24231
v 0.20180 -0.25528 -0.24231
v 0.20180 -0.25528 -0.24231
v 0.17876 -0.20112 -0.12902
v 0.18017 -0.10441 -0.12251
v 0.21137 0.05581 -0.39875
v 0.20685 0.10207 -0.04236
v 0.20685 0.10207 -0.04236
v 0.21088 0.20085 -0.30924
v 0.21088 0.20085 -0.30924
v 0.21088 0.20085 -0.30924
v 0.18915 0.66686 0.09554
v 0.18915 0.66686 0.09554
v 0.17887 0.89762 -0.29275
v 0.17887 0.89762 -0.29275
v 0.21682 -0.58499 0.15271
v 0.21682 -0.58499 0.15271
v 0.18381 -0.52667 0.12032
v 0.18381 -0.52667 0.12032
v 0.18056 -0.50191 0.12036
v 0.18056 -0.50191 0.12036
v 0.19331 -0.47346 0.07877
v 0.19331 -0.47346 0.07877
v 0.20962 -0.41317 -0.00207
v 0.20962 -0.41317 -0.00207
v 0.20962 -0.41317 -0.00207
v 0.20962 -0.41317 -0.00207
v 0.20962 -0.41317 -0.00207
v 0.17709 -0.23879 -0.17306
v 0.17709 -0.23879 -0.17306
v 0.19612 -0.24569 -0.17297
v 0.19659 -0.19569 -0.14712
v 0.20079 -0.10066 -0.34310
v 0.20079 -0.10066 -0.34310
v 0.20079 -0.10066 -0.34310
v 0.20656 -0.06643 -0.11076
v 0.20656 -0.06643 -0.11076
v 0.19520 -0.00035 0.06821
v 0.21855 0.21612 -0.04518
v 0.21855 0.21612 -0.04518
v 0.20919 0.33481 -0.31219
v 0.20919 0.33481 -0.31219
v 0.17598 0.45503 -0.47080
v 0.17598 0.45503 -0.47080
v 0.21292 0.47856 0.16458
v 0.21292 0.47856 0.16458
v 0.23149 0.65490 -0.38801
v 0.23149 0.65490 -0.38801
v 0.23610 0.56816 0.07637
v 0.24125 -0.48904 0.07431
v 0.24125 -0.48904 0.07431
v 0.19532 -0.37033 -0.50255
v 0.19532 -0.37033 -0.50255
v 0.19354 -0.39208 -0.06324
v 0.19456 -0.35389 -0.49375
v 0.19232 -0.34957 -0.47130
v 0.19991 -0.33075 -0.28546
v 0.20268 -0.19306 -0.24404
v 0.20717 -0.19456 -0.18432
v 0.20629 -0.18861 -0.17544
v 0.20159 -0.15586 -0.19006
v 0.20989 -0.07034 -0.00148
v 0.20989 -0.07034 -0.00148
v 0.26210 0.11640 -0.13155
v 0.26210 0.11640 -0.13155
v 0.26210 0.11640 -0.13155
v 0.19801 0.48709 0.14368
v 0.24963 0.49547 0.04275
v 0.22415 0.72788 -0.36395
v 0.22192 0.77394 -0.12388
v 0.22192 0.77394 -0.12388
v 0.20926 -0.69579 -0.32165
v 0.20926 -0.69579 -0.32165
v 0.20926 -0.69579 -0.32165
v 0.21400 -0.69060 -0.31873
v 0.21400 -0.69060 -0.31873
v 0.27690 -0.61796 -0.02551
v 0.27690 -0.61796 -0.02551
v 0.27690 -0.61796 -0.02551
v 0.23742 -0.60785 -0.30651
v 0.23742 -0.60785 -0.30651
v 0.23860 -0.45474 0.05236
v 0.23860 -0.45474 0.05236
v 0.23860 -0.45474 0.05236
v 0.23860 -0.45474 0.05236
v 0.20223 -0.22583 -0.23708
v 0.21905 -0.21130 -0.10562
v 0.21905 -0.21130 -0.10562
v 0.26047 -0.08932 -0.01932
v 0.22794 -0.06471 -0.40177
v 0.22794 -0.06471 -0.40177
v 0.22794 -0.06471 -0.40177
v 0.22794 -0.06471 -0.40177
v 0.20861 0.07345 -0.37151
v 0.20861 0.07345 -0.37151
v 0.23895 0.14269 0.37810
v 0.23895 0.14269 0.37810
v 0.23895 0.14269 0.37810
v 0.23020 0.16571 0.39871
v 0.23020 0.16571 0.39871
v 0.23020 0.16571 0.39871
v 0.23020 0.16571 0.39871
v 0.23444 0.29383 -0.40811
v 0.23444 0.29383 -0.40811
v 0.23444 0.29383 -0.40811
v 0.19486 0.36442 0.05593
v 0.19486 0.36442 0.05593
v 0.19486 0.36442 0.05593
v 0.19486 0.36442 0.05593
v 0.21712 0.44876 0.04104
v 0.21712 0.44876 0.04104
v 0.21712 0.44876 0.04104
v 0.21712 0.44876 0.04104
v 0.21712 0.44876 0.04104
v 0.21712 0.44876 0.04104
v 0.24926 0.59502 0.02719
v 0.19105 0.83667 -0.29489
v 0.21172 0.80963 -0.31730
v 0.22572 0.80679 -0.27661
v 0.23105 -0.52307 -0.13610
v 0.23105 -0.52307 -0.13610
v 0.23105 -0.52307 -0.13610
v 0.20085 -0.33849 -0.26758
v 0.22421 -0.38001 -0.28333
v 0.22421 -0.38001 -0.28333
v 0.23500 -0.28001 -0.12388
v 0.23500 -0.28001 -0.12388
v 0.23919 -0.32904 -0.11240
v 0.20572 -0.16553 -0.24601
v 0.27161 0.04722 -0.02461
v 0.27161 0.04722 -0.02461
v 0.27014 0.14211 0.44779
v 0.27014 0.14211 0.44779
v 0.22708 0.22981 -0.14695
v 0.22708 0.22981 -0.14695
v 0.24983 0.27738 -0.01101
v 0.24983 0.27738 -0.01101
v 0.22643 -0.77122 0.00764
v 0.22643 -0.77122 0.00764
v 0.22163 -0.73124 0.01762
v 0.22163 -0.73124 0.01762
v 0.22646 -0.71906 0.00517
v 0.22646 -0.71906 0.00517
v 0.21143 -0.70605 -0.07353
v 0.21143 -0.70605 -0.07353
v 0.21143 -0.70605 -0.07353
v 0.22571 -0.72042 -0.03594
v 0.22571 -0.72042 -0.03594
v 0.24343 -0.67642 -0.05933
v 0.24343 -0.67642 -0.05933
v 0.24343 -0.67642 -0.05933
v 0.23462 -0.49686 -0.31484
v 0.24860 -0.46896 -0.19127
v 0.24860 -0.46896 -0.19127
v 0.24481 -0.46491 -0.29871
v 0.24481 -0.46491 -0.29871
v 0.20909 -0.33900 -0.24072
v 0.20909 -0.33900 -0.24072
v 0.20618 -0.35317 -0.22135
v 0.20618 -0.35317 -0.22135
v 0.22146 -0.31979 -0.23333
v 0.22146 -0.31979 -0.23333
v 0.21267 -0.25768 -0.22436
v 0.21267 -0.25768 -0.22436
v 0.21267 -0.25768 -0.22436
v 0.23193 -0.26834 -0.07489
v 0.23193 -0.26834 -0.07489
v 0.23193 -0.26834 -0.07489
v 0.22695 -0.15985 -0.23006
v 0.21746 -0.12438 -0.26048
v 0.22154 -0.13677 -0.26901
v 0.22565 -0.09144 -0.28852
v 0.22565 -0.09144 -0.28852
v 0.21670 -0.11918 -0.23373
v 0.27276 0.01673 0.16811
v 0.27276 0.01673 0.16811
v 0.23479 0.04053 0.09167
v 0.23479 0.04053 0.09167
v 0.22728 0.05141 -0.36584
v 0.22728 0.05141 -0.36584
v 0.23702 0.15579 -0.32689
v 0.23702 0.15579 -0.32689
v 0.22901 0.18314 -0.28168
v 0.22901 0.18314 -0.28168
v 0.22901 0.18314 -0.28168
v 0.22901 0.18314 -0.28168
v 0.23579 0.22621 -0.13288
v 0.22853 0.21622 -0.34397
v 0.22853 0.21622 -0.34397
v 0.20444 0.27024 -0.43890
v 0.20444 0.27024 -0.43890
v 0.24081 0.23527 -0.37052
v 0.24081 0.23527 -0.37052
v 0.21960 0.46779 0.15042
v 0.21960 0.46779 0.15042
v 0.24637 0.60197 0.02491
v 0.22113 0.72777 -0.09537
v 0.22113 0.72777 -0.09537
v 0.21211 0.78816 -0.31081
v 0.24943 -0.75725 -0.07294
v 0.24943 -0.75725 -0.07294
v 0.24539 -0.53263 -0.09958
v 0.23920 -0.57681 -0.31037
v 0.23920 -0.57681 -0.31037
v 0.21694 -0.55194 -0.26951
v 0.22508 -0.43119 0.03421
v 0.22508 -0.43119 0.03421
v 0.23020 -0.41460 -0.07157
v 0.23020 -0.41460 -0.07157
v 0.23020 -0.41460 -0.07157
v 0.25719 -0.32047 -0.25020
v 0.25125 -0.26644 -0.23393
v 0.22645 -0.22695 -0.10177
v 0.22645 -0.22695 -0.10177
v 0.22645 -0.22695 -0.10177
v 0.24347 -0.22414 -0.21001
v 0.24347 -0.22414 -0.21001
v 0.23035 -0.22610 -0.13637
v 0.28281 0.06904 -0.03252
v 0.28281 0.06904 -0.03252
v 0.28281 0.06904 -0.03252
v 0.24746 0.10717 -0.07155
v 0.23742 0.15545 -0.10893
v 0.23742 0.15545 -0.10893
v 0.28349 0.15767 0.42116
v 0.28349 0.15767 0.42116
v 0.28349 0.15767 0.42116
v 0.21781 0.27334 -0.38560
v 0.21781 0.27334 -0.38560
v 0.22566 0.30628 -0.40180
v 0.22566 0.30628 -0.40180
v 0.20853 0.28424 -0.37545
v 0.20853 0.28424 -0.37545
v 0.24408 0.41535 -0.04616
v 0.24408 0.41535 -0.04616
v 0.24408 0.41535 -0.04616
v 0.24408 0.41535 -0.04616
v 0.20916 0.43900 0.03529
v 0.20916 0.43900 0.03529
v 0.23148 0.49921 -0.00990
v 0.23148 0.49921 -0.00990
v 0.23148 0.49921 -0.00990
v 0.23148 0.49921 -0.00990
v 0.21236 0.60970 0.06144
v 0.22928 0.61604 -0.39609
v 0.22343 0.75174 -0.13022
v 0.22343 0.75174 -0.13022
v 0.23519 0.74059 -0.32091
v 0.24750 -0.75446 -0.08536
v 0.24750 -0.75446 -0.08536
v 0.23707 -0.68091 -0.27196
v 0.23707 -0.68091 -0.27196
v 0.25292 -0.65744 -0.25708
v 0.25292 -0.65744 -0.25708
v 0.25292 -0.65744 -0.25708
v 0.26427 -0.53756 0.07417
v 0.26427 -0.53756 0.07417
v 0.26259 -0.23081 -0.05569
v 0.26259 -0.23081 -0.05569
v 0.24562 -0.19143 -0.13227
v 0.24562 -0.19143 -0.13227
v 0.25864 -0.13482 -0.34336
v 0.25864 -0.13482 -0.34336
v 0.22222 -0.16018 -0.34209
v 0.22222 -0.16018 -0.34209
v 0.22222 -0.16018 -0.34209
v 0.25668 -0.06045 0.13765
v 0.25668 -0.06045 0.13765
v 0.25914 0.15899 -0.24634
v 0.26241 0.17158 -0.04153
v 0.26241 0.17158 -0.04153
v 0.24318 0.27832 -0.40675
v 0.24318 0.27832 -0.40675
v 0.26615 0.67952 -0.17237
v 0.31363 -0.69353 0.07072
v 0.31363 -0.69353 0.07072
v 0.31363 -0.69353 0.07072
v 0.24635 -0.67239 -0.23922
v 0.24635 -0.67239 -0.23922
v 0.23962 -0.52849 -0.31180
v 0.23962 -0.52849 -0.31180
v 0.25605 -0.50906 -0.17322
v 0.25605 -0.50906 -0.17322
v 0.23384 -0.39826 -0.30128
v 0.23384 -0.39826 -0.30128
v 0.26508 -0.29531 -0.07850
v 0.26508 -0.29531 -0.07850
v 0.24316 -0.24893 -0.22564
v 0.24316 -0.24893 -0.22564
v 0.23500 -0.18448 -0.32583
v 0.23500 -0.18448 -0.32583
v 0.24471 -0.13490 -0.31125
v 0.24471 -0.13490 -0.31125
v 0.25646 0.17835 -0.20734
v 0.25646 0.17835 -0.20734
v 0.30127 0.20288 -0.25572
v 0.30127 0.20288 -0.25572
v 0.24084 0.39105 0.07903
v 0.24084 0.39105 0.07903
v 0.25009 0.43698 0.07073
v 0.25009 0.43698 0.07073
v 0.24562 0.43847 0.12694
v 0.24562 0.43847 0.12694
v 0.25097 0.68332 -0.33060
v 0.23814 0.65328 -0.03340
v 0.26717 -0.80567 -0.03780
v 0.26717 -0.80567 -0.03780
v 0.27142 -0.61808 -0.22488
v 0.27142 -0.61808 -0.22488
v 0.28226 -0.49659 -0.27234
v 0.28226 -0.49659 -0.27234
v 0.25625 -0.35489 -0.26784
v 0.27287 -0.29505 -0.23190
v 0.27287 -0.29505 -0.23190
v 0.27287 -0.29505 -0.23190
v 0.30049 -0.21539 -0.11833
v 0.30049 -0.21539 -0.11833
v 0.24877 -0.10671 -0.29091
v 0.24877 -0.10671 -0.29091
v 0.24877 -0.10671 -0.29091
v 0.24934 0.02251 -0.33769
v 0.27646 -0.06132 -0.18434
v 0.28966 -0.07502 -0.06076
v 0.24969 0.13712 -0.29960
v 0.25093 0.14985 0.38972
v 0.25093 0.14985 0.38972
v 0.26998 0.15862 0.45373
v 0.26998 0.15862 0.45373
v 0.26998 0.15862 0.45373
v 0.27083 0.26455 -0.36410
v 0.24423 0.26247 -0.15292
v 0.24423 0.26247 -0.15292
v 0.24423 0.26247 -0.15292
v 0.24423 0.26247 -0.15292
v 0.24945 0.34608 0.02277
v 0.24704 0.33728 0.05655
v 0.24704 0.33728 0.05655
v 0.26985 0.31278 -0.02378
v 0.25938 0.34801 -0.07295
v 0.25938 0.34801 -0.07295
v 0.27463 0.59078 -0.27534
v 0.26906 0.49128 -0.01713
v 0.27150 0.60614 -0.04653
v 0.23222 0.70854 -0.10710
v 0.26349 -0.93156 0.06315
v 0.26349 -0.93156 0.06315
v 0.26081 -0.93763 0.16065
v 0.26081 -0.93763 0.16065
v 0.24596 -0.89779 0.15875
v 0.32608 -0.72940 -0.09987
v 0.26368 -0.56669 0.12879
v 0.26368 -0.56669 0.12879
v 0.30218 -0.51425 -0.06505
v 0.30218 -0.51425 -0.06505
v 0.27108 -0.50267 0.04839
v 0.26583 -0.43862 -0.27447
v 0.26583 -0.43862 -0.27447
v 0.26583 -0.43862 -0.27447
v 0.26583 -0.43862 -0.27447
v 0.26583 -0.43862 -0.27447
v 0.26851 -0.25445 -0.25166
v 0.26851 -0.25445 -0.25166
v 0.26851 -0.25445 -0.25166
v 0.28543 -0.00672 -0.23827
v 0.28543 -0.00672 -0.23827
v 0.26028 0.28915 -0.14456
v 0.26028 0.28915 -0.14456
v 0.27221 0.33901 -0.34317
v 0.30378 -0.85396 0.15396
v 0.30378 -0.85396 0.15396
v 0.30378 -0.85396 0.15396
v 0.30378 -0.85396 0.15396
v 0.28400 -0.84664 0.09366
v 0.28400 -0.84664 0.09366
v 0.28629 -0.81132 -0.09537
v 0.28629 -0.81132 -0.09537
v 0.28317 -0.56684 -0.15732
v 0.28703 -0.39138 -0.05556
v 0.26576 -0.34554 -0.27734
v 0.28517 -0.26022 -0.06285
v 0.25815 -0.05163 -0.15437
v 0.25815 -0.05163 -0.15437
v 0.28695 0.03710 -0.32697
v 0.27467 0.08900 -0.11955
v 0.27467 0.08900 -0.11955
v 0.26674 0.09878 -0.15626
v 0.26674 0.09878 -0.15626
v 0.28319 0.15058 -0.16165
v 0.28319 0.15058 -0.16165
v 0.28319 0.15058 -0.16165
v 0.28319 0.15058 -0.16165
v 0.28721 0.23799 -0.28735
v 0.28755 0.22973 -0.12324
v 0.28755 0.22973 -0.12324
v 0.27823 0.32369 0.03304
v 0.27823 0.32369 0.03304
v 0.29138 0.37010 -0.09817
v 0.29138 0.37010 -0.09817
v 0.29533 -0.93916 0.20356
v 0.29533 -0.93916 0.20356
v 0.29533 -0.93916 0.20356
v 0.29533 -0.93916 0.20356
v 0.26435 -0.87393 0.00572
v 0.31383 -0.81930 0.04121
v 0.31383 -0.81930 0.04121
v 0.28204 -0.78763 -0.00180
v 0.28204 -0.78763 -0.00180
v 0.30382 -0.77963 0.02668
v 0.30652 -0.70800 0.07884
v 0.30855 -0.68145 -0.09102
v 0.30855 -0.68145 -0.09102
v 0.30023 -0.53236 -0.19471
v 0.30023 -0.53236 -0.19471
v 0.27113 -0.54202 -0.03620
v 0.29600 -0.49875 0.00580
v 0.27208 -0.45578 -0.10132
v 0.27208 -0.45578 -0.10132
v 0.27208 -0.45578 -0.10132
v 0.33024 -0.45790 -0.08231
v 0.33024 -0.45790 -0.08231
v 0.28962 -0.29245 -0.20930
v 0.28962 -0.29245 -0.20930
v 0.30409 -0.31993 -0.22605
v 0.28554 -0.27913 -0.08279
v 0.28554 -0.27913 -0.08279
v 0.28454 -0.26611 -0.21392
v 0.28847 -0.21943 -0.18500
v 0.28847 -0.21943 -0.18500
v 0.27889 -0.08830 -0.32261
v 0.27889 -0.08830 -0.32261
v 0.34069 -0.09491 0.07009
v 0.23629 -0.02665 0.23833
v 0.23629 -0.02665 0.23833
v 0.30140 0.01683 0.21998
v 0.30140 0.01683 0.21998
v 0.30140 0.01683 0.21998
v 0.28004 -0.09314 0.22730
v 0.28004 -0.09314 0.22730
v 0.28004 -0.09314 0.22730
v 0.30520 0.06205 0.22096
v 0.30520 0.06205 0.22096
v 0.30520 0.06205 0.22096
v 0.27625 0.06064 0.08311
v 0.27788 0.14636 -0.26858
v 0.29193 0.15530 -0.05743
v 0.29193 0.15530 -0.05743
v 0.29193 0.15530 -0.05743
v 0.26657 0.37478 -0.18441
v 0.26657 0.37478 -0.18441
v 0.27247 0.32471 -0.13670
v 0.28963 0.30364 -0.20821
v 0.28963 0.30364 -0.20821
v 0.31961 0.21344 -0.01012
v 0.31961 0.21344 -0.01012
v 0.27089 0.31940 -0.21340
v 0.27089 0.31940 -0.21340
v 0.29598 0.41990 -0.27622
v 0.29598 0.41990 -0.27622
v 0.26758 0.48508 -0.12150
v 0.26758 0.48508 -0.12150
v 0.26758 0.48508 -0.12150
v 0.27455 0.52617 -0.15651
v 0.27433 0.52841 -0.09006
v 0.26540 0.50851 -0.17727
v 0.26540 0.50851 -0.17727
v 0.28811 0.51216 -0.04461
v 0.29669 -0.91083 -0.00962
v 0.29669 -0.91083 -0.00962
v 0.31350 -0.94846 0.06447
v 0.31350 -0.94846 0.06447
v 0.28528 -0.88137 -0.03362
v 0.29526 -0.79499 0.01953
v 0.31699 -0.46930 -0.20140
v 0.31699 -0.46930 -0.20140
v 0.28413 -0.39082 -0.29041
v 0.27668 -0.34298 -0.26511
v 0.29026 -0.30961 -0.24863
v 0.29026 -0.30961 -0.24863
v 0.32263 -0.39295 -0.08521
v 0.28777 -0.31858 -0.10747
v 0.30014 -0.29865 -0.11842
v 0.30014 -0.29865 -0.11842
v 0.30014 -0.29865 -0.11842
v 0.30457 -0.18734 -0.29414
v 0.30457 -0.18734 -0.29414
v 0.30457 -0.18734 -0.29414
v 0.32246 -0.10697 0.25543
v 0.32246 -0.10697 0.25543
v 0.32246 -0.10697 0.25543
v 0.28039 0.00411 0.26444
v 0.28039 0.00411 0.26444
v 0.30754 0.07687 -0.10573
v 0.30754 0.07687 -0.10573
v 0.34271 0.17209 -0.08902
v 0.34271 0.17209 -0.08902
v 0.32090 0.18204 -0.08010
v 0.32090 0.18204 -0.08010
v 0.31731 0.26782 -0.23329
v 0.31731 0.26782 -0.23329
v 0.31731 0.26782 -0.23329
v 0.31731 0.26782 -0.23329
v 0.28503 0.23974 -0.10337
v 0.30061 0.38124 -0.17430
v 0.28410 0.54067 -0.19037
v 0.30245 0.48794 -0.24316
v 0.30245 0.48794 -0.24316
v 0.30245 0.48794 -0.24316
v 0.27235 0.69681 0.38971
v 0.27235 0.69681 0.38971
v 0.27235 0.69681 0.38971
v 0.26166 0.68268 0.38059
v 0.26166 0.68268 0.38059
v 0.27698 0.70491 0.38184
v 0.27698 0.70491 0.38184
v 0.27698 0.70491 0.38184
v 0.28368 -0.91788 -0.14613
v 0.28368 -0.91788 -0.14613
v 0.28368 -0.91788 -0.14613
v 0.29714 -0.94343 -0.03052
v 0.29714 -0.94343 -0.03052
v 0.28045 -0.82118 -0.00701
v 0.28045 -0.82118 -0.00701
v 0.31329 -0.76359 0.04788
v 0.30073 -0.59229 -0.15996
v 0.30073 -0.59229 -0.15996
v 0.29473 -0.36478 -0.29350
v 0.29809 -0.15200 -0.27085
v 0.29809 -0.15200 -0.27085
v 0.29809 -0.15200 -0.27085
v 0.29809 -0.15200 -0.27085
v 0.29053 -0.02791 0.27051
v 0.29053 -0.02791 0.27051
v 0.28396 -0.00865 -0.17506
v 0.27882 0.02954 -0.19894
v 0.33611 0.01215 -0.04238
v 0.33611 0.01215 -0.04238
v 0.33611 0.01215 -0.04238
v 0.30343 0.06047 -0.19049
v 0.30343 0.06047 -0.19049
v 0.34214 0.15093 0.51894
v 0.34214 0.15093 0.51894
v 0.31659 0.28626 -0.15186
v 0.28652 0.39311 -0.10636
v 0.28652 0.39311 -0.10636
v 0.28652 0.39311 -0.10636
v 0.29365 0.30391 -0.06375
v 0.29365 0.30391 -0.06375
v 0.28188 0.70779 0.39620
v 0.28188 0.70779 0.39620
v 0.29623 -0.85386 -0.08549
v 0.28308 -0.46192 -0.13218
v 0.28308 -0.46192 -0.13218
v 0.34718 -0.46697 -0.25849
v 0.34718 -0.46697 -0.25849
v 0.34718 -0.46697 -0.25849
v 0.32816 -0.40896 -0.30686
v 0.32816 -0.40896 -0.30686
v 0.33060 -0.37093 -0.29438
v 0.31251 -0.25098 -0.06187
v 0.31251 -0.25098 -0.06187
v 0.30539 -0.27433 -0.16289
v 0.30539 -0.27433 -0.16289
v 0.31951 -0.06697 -0.24597
v 0.31951 -0.06697 -0.24597
v 0.31951 -0.06697 -0.24597
v 0.31951 -0.06697 -0.24597
v 0.31951 -0.06697 -0.24597
v 0.31951 -0.06697 -0.24597
v 0.31951 -0.06697 -0.24597
v 0.31951 -0.06697 -0.24597
v 0.31296 -0.11206 0.16715
v 0.31296 -0.11206 0.16715
v 0.32830 -0.03042 -0.21231
v 0.32830 -0.03042 -0.21231
v 0.32025 0.01301 0.09461
v 0.32025 0.01301 0.09461
v 0.31441 0.03077 -0.07477
v 0.37562 0.17015 0.49516
v 0.37562 0.17015 0.49516
v 0.32452 0.20677 -0.06328
v 0.32452 0.20677 -0.06328
v 0.31576 0.46378 -0.08943
v 0.31576 0.46378 -0.08943
v 0.31921 0.53616 -0.17267
v 0.31159 -0.84020 -0.12670
v 0.31159 -0.84020 -0.12670
v 0.32572 -0.78128 0.03635
v 0.32589 -0.59626 0.06412
v 0.31235 -0.31122 -0.23258
v 0.33753 -0.26386 -0.11881
v 0.33753 -0.26386 -0.11881
v 0.33753 -0.26386 -0.11881
v 0.33753 -0.26386 -0.11881
v 0.34842 -0.06746 -0.00382
v 0.34842 -0.06746 -0.00382
v 0.31095 -0.10930 0.20896
v 0.31095 -0.10930 0.20896
v 0.32308 -0.09493 0.11333
v 0.31100 -0.07442 0.26656
v 0.31100 -0.07442 0.26656
v 0.31703 0.05095 0.26389
v 0.31703 0.05095 0.26389
v 0.31703 0.05095 0.26389
v 0.32193 0.03209 0.02678
v 0.31649 0.12879 -0.15139
v 0.31649 0.12879 -0.15139
v 0.31649 0.12879 -0.15139
v 0.38522 0.34288 -0.24635
v 0.29750 0.32023 -0.07026
v 0.29750 0.32023 -0.07026
v 0.29338 0.41754 -0.18709
v 0.29338 0.41754 -0.18709
v 0.29338 0.41754 -0.18709
v 0.34560 0.53757 -0.19674
v 0.38630 -0.95000 0.06537
v 0.38630 -0.95000 0.06537
v 0.32826 -0.90076 -0.17820
v 0.32826 -0.90076 -0.17820
v 0.34815 -0.85274 0.11364
v 0.34815 -0.85274 0.11364
v 0.34815 -0.85274 0.11364
v 0.32405 -0.57028 0.21624
v 0.32405 -0.57028 0.21624
v 0.33828 -0.63245 0.18020
v 0.29845 -0.65404 0.19479
v 0.29845 -0.65404 0.19479
v 0.36471 -0.67616 0.01699
v 0.36471 -0.67616 0.01699
v 0.30623 -0.58162 0.25635
v 0.30623 -0.58162 0.25635
v 0.30623 -0.58162 0.25635
v 0.30800 -0.54459 0.20393
v 0.30800 -0.54459 0.20393
v 0.30880 -0.56031 0.23082
v 0.30880 -0.56031 0.23082
v 0.30880 -0.56031 0.23082
v 0.33355 -0.30638 -0.21424
v 0.33355 -0.30638 -0.21424
v 0.32787 -0.16890 -0.27508
v 0.32787 -0.16890 -0.27508
v 0.32787 -0.16890 -0.27508
v 0.32787 -0.16890 -0.27508
v 0.32787 -0.16890 -0.27508
v 0.32787 -0.16890 -0.27508
v 0.32787 -0.16890 -0.27508
v 0.30673 -0.01199 -0.28944
v 0.31572 -0.03462 -0.10126
v 0.31572 -0.03462 -0.10126
v 0.32765 -0.02226 0.30557
v 0.32765 -0.02226 0.30557
v 0.32765 -0.02226 0.30557
v 0.33216 0.03000 0.27351
v 0.33216 0.03000 0.27351
v 0.30868 0.14551 -0.14501
v 0.30868 0.14551 -0.14501
v 0.33013 0.17599 -0.05763
v 0.33013 0.17599 -0.05763
v 0.33013 0.17599 -0.05763
v 0.33766 0.22496 -0.22026
v 0.33766 0.22496 -0.22026
v 0.33563 0.45503 -0.16699
v 0.34513 -0.81003 0.03430
v 0.34513 -0.81003 0.03430
v 0.34513 -0.81003 0.03430
v 0.34169 -0.69637 0.07589
v 0.34169 -0.69637 0.07589
v 0.34169 -0.69637 0.07589
v 0.36293 -0.65617 -0.04425
v 0.36293 -0.65617 -0.04425
v 0.36930 -0.65340 0.20489
v 0.36930 -0.65340 0.20489
v 0.36930 -0.65340 0.20489
v 0.34541 -0.60655 0.26108
v 0.34541 -0.60655 0.26108
v 0.34541 -0.60655 0.26108
v 0.34541 -0.60655 0.26108
v 0.34541 -0.60655 0.26108
v 0.33506 -0.36074 -0.10261
v 0.33506 -0.36074 -0.10261
v 0.31110 -0.30896 -0.12702
v 0.31110 -0.30896 -0.12702
v 0.31973 -0.30620 -0.20762
v 0.30545 -0.30653 -0.20245
v 0.30545 -0.30653 -0.20245
v 0.34617 -0.24720 -0.18077
v 0.34617 -0.24720 -0.18077
v 0.33188 -0.25724 -0.14681
v 0.33188 -0.25724 -0.14681
v 0.33188 -0.25724 -0.14681
v 0.33188 -0.25724 -0.14681
v 0.30767 -0.17798 -0.25844
v 0.30767 -0.17798 -0.25844
v 0.30767 -0.17798 -0.25844
v 0.32418 -0.15810 -0.23350
v 0.32418 -0.15810 -0.23350
v 0.32418 -0.15810 -0.23350
v 0.32418 -0.15810 -0.23350
v 0.32601 -0.14281 -0.24556
v 0.32601 -0.14281 -0.24556
v 0.32601 -0.14281 -0.24556
v 0.32601 -0.14281 -0.24556
v 0.32601 -0.14281 -0.24556
v 0.32601 -0.14281 -0.24556
v 0.32873 -0.03512 -0.07076
v 0.32873 -0.03512 -0.07076
v 0.33883 -0.01063 -0.24906
v 0.32657 -0.02057 -0.08607
v 0.31791 0.06869 0.25373
v 0.31791 0.06869 0.25373
v 0.37026 0.08012 0.22091
v 0.37026 0.08012 0.22091
v 0.31576 0.08099 -0.17034
v 0.31725 0.11582 -0.15505
v 0.36090 0.05505 -0.19153
v 0.36090 0.05505 -0.19153
v 0.36090 0.05505 -0.19153
v 0.35212 0.53199 -0.24604
v 0.35212 0.53199 -0.24604
v 0.30410 0.74925 0.41445
v 0.30410 0.74925 0.41445
v 0.30631 0.74350 0.43100
v 0.30631 0.74350 0.43100
v 0.31429 0.75857 0.44463
v 0.37598 -0.93467 -0.17566
v 0.37598 -0.93467 -0.17566
v 0.37598 -0.93467 -0.17566
v 0.34866 -0.67779 0.26506
v 0.34866 -0.67779 0.26506
v 0.32058 -0.53504 0.24970
v 0.32058 -0.53504 0.24970
v 0.36359 -0.49678 0.26267
v 0.36359 -0.49678 0.26267
v 0.33071 -0.49939 0.28143
v 0.33071 -0.49939 0.28143
v 0.35838 -0.40616 -0.08065
v 0.35838 -0.40616 -0.08065
v 0.35838 -0.40616 -0.08065
v 0.33524 -0.35667 -0.25628
v 0.33524 -0.35667 -0.25628
v 0.35743 -0.33238 -0.15027
v 0.35743 -0.33238 -0.15027
v 0.35743 -0.33238 -0.15027
v 0.35743 -0.33238 -0.15027
v 0.35743 -0.33238 -0.15027
v 0.34154 -0.32070 -0.15374
v 0.34154 -0.32070 -0.15374
v 0.34154 -0.32070 -0.15374
v 0.34154 -0.32070 -0.15374
v 0.34154 -0.32070 -0.15374
v 0.34154 -0.32070 -0.15374
v 0.32227 -0.33335 -0.19103
v 0.32227 -0.33335 -0.19103
v 0.33299 -0.33021 -0.17222
v 0.33299 -0.33021 -0.17222
v 0.33559 -0.23932 -0.17743
v 0.33559 -0.23932 -0.17743
v 0.33559 -0.23932 -0.17743
v 0.32405 -0.08236 0.28626
v 0.32405 -0.08236 0.28626
v 0.36759 0.00352 0.01246
v 0.36759 0.00352 0.01246
v 0.34286 0.05973 0.19182
v 0.37856 0.06571 0.25385
v 0.37856 0.06571 0.25385
v 0.37856 0.06571 0.25385
v 0.35566 0.07424 -0.16336
v 0.35566 0.07424 -0.16336
v 0.33209 0.15600 0.46757
v 0.33209 0.15600 0.46757
v 0.34189 0.35449 -0.29773
v 0.32971 0.43187 -0.20927
v 0.32971 0.43187 -0.20927
v 0.32971 0.43187 -0.20927
v 0.34668 0.64900 0.48259
v 0.34668 0.64900 0.48259
v 0.35519 0.72858 0.41331
v 0.32467 0.80337 0.45587
v 0.32467 0.80337 0.45587
v 0.35137 0.76906 0.48008
v 0.35137 0.76906 0.48008
v 0.33529 0.83273 0.41411
v 0.33529 0.83273 0.41411
v 0.33529 0.83273 0.41411
v 0.35420 -0.93498 0.10420
v 0.35420 -0.93498 0.10420
v 0.35420 -0.93498 0.10420
v 0.35420 -0.93498 0.10420
v 0.37777 -0.84808 -0.12708
v 0.37777 -0.84808 -0.12708
v 0.41093 -0.84128 -0.10913
v 0.41093 -0.84128 -0.10913
v 0.34484 -0.78743 -0.12207
v 0.33259 -0.75302 0.05708
v 0.33259 -0.75302 0.05708
v 0.33259 -0.75302 0.05708
v 0.33486 -0.32683 -0.22604
v 0.33486 -0.32683 -0.22604
v 0.35023 -0.32936 -0.20524
v 0.35023 -0.32936 -0.20524
v 0.34474 -0.13490 -0.25318
v 0.34474 -0.13490 -0.25318
v 0.34474 -0.13490 -0.25318
v 0.34474 -0.13490 -0.25318
v 0.36093 -0.11594 0.17606
v 0.37214 -0.11298 0.25893
v 0.34954 0.05535 0.25791
v 0.34560 0.43073 -0.23285
v 0.34560 0.43073 -0.23285
v 0.38090 0.46017 -0.14037
v 0.38090 0.46017 -0.14037
v 0.39554 -0.81537 0.03374
v 0.35762 -0.56398 0.22138
v 0.35762 -0.56398 0.22138
v 0.36735 -0.39385 -0.27057
v 0.36735 -0.39385 -0.27057
v 0.36735 -0.39385 -0.27057
v 0.34854 -0.34901 -0.24569
v 0.34854 -0.34901 -0.24569
v 0.34265 -0.12532 -0.25015
v 0.34265 -0.12532 -0.25015
v 0.37097 -0.06406 0.32005
v 0.35162 0.04851 0.26410
v 0.35162 0.04851 0.26410
v 0.34707 0.02451 -0.17142
v 0.34707 0.02451 -0.17142
v 0.39899 0.04664 0.14993
v 0.39899 0.04664 0.14993
v 0.39899 0.04664 0.14993
v 0.39615 0.16930 0.57728
v 0.39615 0.16930 0.57728
v 0.43239 0.39853 -0.26360
v 0.43239 0.39853 -0.26360
v 0.41222 0.43152 -0.25652
v 0.41222 0.43152 -0.25652
v 0.41222 0.43152 -0.25652
v 0.34627 0.64487 0.50470
v 0.33778 0.73175 0.47077
v 0.33778 0.73175 0.47077
v 0.33778 0.73175 0.47077
v 0.35407 0.78178 0.40722
v 0.35407 0.78178 0.40722
v 0.35407 0.78178 0.40722
v 0.35407 0.78178 0.40722
v 0.35172 0.81521 0.50836
v 0.35172 0.81521 0.50836
v 0.36056 -0.93640 0.18084
v 0.36056 -0.93640 0.18084
v 0.35070 -0.78042 0.03676
v 0.38349 -0.71825 -0.06850
v 0.38349 -0.71825 -0.06850
v 0.37890 -0.67204 -0.06097
v 0.37890 -0.67204 -0.06097
v 0.37890 -0.67204 -0.06097
v 0.35424 -0.53787 0.30228
v 0.35424 -0.53787 0.30228
v 0.36076 -0.49208 0.33489
v 0.36076 -0.49208 0.33489
v 0.38461 -0.45199 -0.12750
v 0.38461 -0.45199 -0.12750
v 0.35801 -0.38406 -0.12194
v 0.34328 -0.33429 -0.23607
v 0.34328 -0.33429 -0.23607
v 0.34825 -0.31623 -0.17424
v 0.34825 -0.31623 -0.17424
v 0.34825 -0.31623 -0.17424
v 0.34825 -0.31623 -0.17424
v 0.34607 -0.30379 -0.16756
v 0.34607 -0.30379 -0.16756
v 0.37805 -0.12680 0.19718
v 0.39512 0.31807 -0.28504
v 0.39512 0.31807 -0.28504
v 0.37725 0.41989 -0.27241
v 0.37725 0.41989 -0.27241
v 0.46091 0.55602 -0.18552
v 0.46091 0.55602 -0.18552
v 0.37333 0.73720 0.41943
v 0.37333 0.73720 0.41943
v 0.41529 -0.94333 -0.02446
v 0.41529 -0.94333 -0.02446
v 0.36392 -0.87406 0.17874
v 0.36926 -0.75540 0.00614
v 0.36926 -0.75540 0.00614
v 0.36926 -0.75540 0.00614
v 0.35947 -0.74345 0.03378
v 0.35947 -0.74345 0.03378
v 0.39561 -0.64130 0.23204
v 0.38479 -0.50004 0.27116
v 0.38479 -0.50004 0.27116
v 0.38479 -0.50004 0.27116
v 0.37879 -0.52629 0.27095
v 0.37879 -0.52629 0.27095
v 0.35818 -0.53656 0.28630
v 0.36982 -0.51817 0.31467
v 0.36982 -0.51817 0.31467
v 0.39481 -0.46183 0.33441
v 0.36919 -0.37546 -0.21213
v 0.39155 -0.38668 -0.18288
v 0.36594 -0.35049 -0.12923
v 0.36594 -0.35049 -0.12923
v 0.36594 -0.35049 -0.12923
v 0.36594 -0.35049 -0.12923
v 0.36345 -0.35006 -0.24500
v 0.36345 -0.35006 -0.24500
v 0.37714 -0.08183 0.11643
v 0.37714 -0.08183 0.11643
v 0.37714 -0.08183 0.11643
v 0.35351 0.00857 0.35374
v 0.35494 -0.01785 0.34249
v 0.36464 -0.05825 0.34970
v 0.36464 -0.05825 0.34970
v 0.37980 -0.03389 0.11567
v 0.37980 -0.03389 0.11567
v 0.37980 -0.03389 0.11567
v 0.37916 0.04562 0.33175
v 0.37916 0.04562 0.33175
v 0.37916 0.04562 0.33175
v 0.37916 0.04562 0.33175
v 0.35145 0.04792 0.26248
v 0.36923 0.06747 0.18263
v 0.37735 0.58985 0.52953
v 0.38781 0.57149 0.54731
v 0.40392 0.83313 0.45627
v 0.40392 0.83313 0.45627
v 0.40427 -0.81798 0.01038
v 0.40427 -0.81798 0.01038
v 0.40427 -0.81798 0.01038
v 0.37129 -0.66666 0.03560
v 0.37129 -0.66666 0.03560
v 0.36891 -0.47095 0.35095
v 0.37965 -0.45028 -0.19505
v 0.37965 -0.45028 -0.19505
v 0.36154 -0.36774 -0.21871
v 0.35454 -0.02209 0.40038
v 0.35454 -0.02209 0.40038
v 0.38087 -0.06346 0.39893
v 0.38087 -0.06346 0.39893
v 0.38087 -0.06346 0.39893
v 0.37940 0.01940 0.39337
v 0.37940 0.01940 0.39337
v 0.36455 0.02391 0.38312
v 0.40535 0.07683 0.22875
v 0.47175 0.46966 -0.33280
v 0.39205 0.49434 -0.21013
v 0.39194 0.61846 0.55057
v 0.39194 0.61846 0.55057
v 0.39155 0.63405 0.45189
v 0.36807 0.73896 0.45412
v 0.36807 0.73896 0.45412
v 0.36548 -0.71520 0.02244
v 0.36548 -0.71520 0.02244
v 0.39124 -0.49175 0.28235
v 0.39124 -0.49175 0.28235
v 0.37052 -0.47794 0.37129
v 0.37052 -0.47794 0.37129
v 0.39382 -0.42299 -0.22359
v 0.39340 -0.07653 0.37438
v 0.39340 -0.07653 0.37438
v 0.39340 -0.07653 0.37438
v 0.39340 -0.07653 0.37438
v 0.40418 0.06442 0.38774
v 0.40418 0.06442 0.38774
v 0.41880 0.14906 0.54877
v 0.41880 0.14906 0.54877
v 0.41880 0.14906 0.54877
v 0.41880 0.14906 0.54877
v 0.41880 0.14906 0.54877
v 0.42382 0.17958 0.58807
v 0.42382 0.17958 0.58807
v 0.44868 0.35089 -0.27160
v 0.44868 0.35089 -0.27160
v 0.44868 0.35089 -0.27160
v 0.44868 0.35089 -0.27160
v 0.44868 0.35089 -0.27160
v 0.41282 0.63609 0.50644
v 0.38804 0.70062 0.43862
v 0.38804 0.70062 0.43862
v 0.38804 0.70062 0.43862
v 0.36903 0.74424 0.44221
v 0.36903 0.74424 0.44221
v 0.37343 0.76168 0.44014
v 0.37343 0.76168 0.44014
v 0.37229 0.77224 0.44415
v 0.40190 -0.93694 0.24707
v 0.40190 -0.93694 0.24707
v 0.41224 -0.87966 0.15365
v 0.41224 -0.87966 0.15365
v 0.40471 -0.74064 -0.00779
v 0.40471 -0.74064 -0.00779
v 0.40471 -0.74064 -0.00779
v 0.40377 -0.75895 -0.04821
v 0.40377 -0.75895 -0.04821
v 0.40377 -0.75895 -0.04821
v 0.40377 -0.75895 -0.04821
v 0.37830 -0.73297 -0.06442
v 0.37830 -0.73297 -0.06442
v 0.39226 -0.68171 -0.00975
v 0.38794 -0.49635 0.33513
v 0.39895 -0.43908 0.32532
v 0.39895 -0.43908 0.32532
v 0.43792 -0.35941 -0.18265
v 0.43792 -0.35941 -0.18265
v 0.43792 -0.35941 -0.18265
v 0.42478 -0.09516 0.14945
v 0.42478 -0.09516 0.14945
v 0.42478 -0.09516 0.14945
v 0.40557 -0.02559 0.44784
v 0.40557 -0.02559 0.44784
v 0.44238 -0.01521 0.14198
v 0.44238 -0.01521 0.14198
v 0.38275 0.07235 0.56640
v 0.40760 0.12292 0.60190
v 0.37334 0.09240 0.51718
v 0.40275 0.55299 -0.19677
v 0.40140 0.60031 0.48799
v 0.40140 0.60031 0.48799
v 0.37197 0.72194 0.44762
v 0.37197 0.72194 0.44762
v 0.37745 0.72716 0.44432
v 0.37745 0.72716 0.44432
v 0.39310 -0.89628 0.21307
v 0.38955 -0.48146 0.36069
v 0.40117 -0.48240 0.28951
v 0.40117 -0.48240 0.28951
v 0.39217 -0.45726 0.38396
v 0.39217 -0.45726 0.38396
v 0.39714 -0.42650 -0.18780
v 0.42144 -0.39538 0.44957
v 0.42144 -0.39538 0.44957
v 0.40214 -0.38688 0.41013
v 0.39707 -0.40551 -0.13448
v 0.40315 -0.08971 0.30673
v 0.40315 -0.08971 0.30673
v 0.38277 0.06717 0.48471
v 0.40167 0.06396 0.36977
v 0.39012 0.06927 0.32809
v 0.39012 0.06927 0.32809
v 0.44780 0.04492 0.32563
v 0.44780 0.04492 0.32563
v 0.41447 0.08174 0.37722
v 0.41447 0.08174 0.37722
v 0.42730 0.06579 0.20241
v 0.42730 0.06579 0.20241
v 0.42730 0.06579 0.20241
v 0.39216 0.06243 0.16590
v 0.39216 0.06243 0.16590
v 0.39216 0.06243 0.16590
v 0.45455 0.36945 -0.30511
v 0.42614 0.48301 -0.16617
v 0.42614 0.48301 -0.16617
v 0.42614 0.48301 -0.16617
v 0.40797 0.48239 -0.14554
v 0.40678 -0.92601 0.17275
v 0.42989 -0.86124 0.06751
v 0.42989 -0.86124 0.06751
v 0.40490 -0.43557 0.41016
v 0.40490 -0.43557 0.41016
v 0.42983 -0.10863 0.39577
v 0.42983 -0.10863 0.39577
v 0.42983 -0.10863 0.39577
v 0.42983 -0.10863 0.39577
v 0.40674 -0.10463 0.34434
v 0.40674 -0.10463 0.34434
v 0.40674 -0.10463 0.34434
v 0.40674 -0.10463 0.34434
v 0.40674 -0.10463 0.34434
v 0.40946 0.02725 0.53788
v 0.41428 0.12736 0.45300
v 0.41428 0.12736 0.45300
v 0.40686 0.06361 0.62271
v 0.40686 0.06361 0.62271
v 0.50349 0.58567 -0.24363
v 0.50349 0.58567 -0.24363
v 0.41233 0.59299 0.48664
v 0.39975 0.59037 0.56122
v 0.39975 0.59037 0.56122
v 0.39975 0.59037 0.56122
v 0.41005 0.61777 0.46955
v 0.41005 0.61777 0.46955
v 0.42285 0.58337 0.56577
v 0.41039 -0.91001 -0.11155
v 0.41039 -0.91001 -0.11155
v 0.41620 -0.90211 0.12087
v 0.41620 -0.90211 0.12087
v 0.41423 -0.46430 0.37481
v 0.42315 -0.41674 0.33931
v 0.42315 -0.41674 0.33931
v 0.43685 0.02276 0.13273
v 0.43685 0.02276 0.13273
v 0.40058 0.08232 0.32769
v 0.43279 0.14237 0.60266
v 0.43279 0.14237 0.60266
v 0.43279 0.14237 0.60266
v 0.42404 0.66018 0.47184
v 0.42404 0.66018 0.47184
v 0.43193 -0.89312 -0.05993
v 0.41365 -0.81708 -0.01607
v 0.44778 -0.44172 0.37764
v 0.44778 -0.44172 0.37764
v 0.44778 -0.44172 0.37764
v 0.44630 -0.41679 0.35378
v 0.41925 -0.42265 0.41553
v 0.43533 -0.36955 -0.14713
v 0.43533 -0.36955 -0.14713
v 0.43824 -0.08892 0.19152
v 0.43824 -0.08892 0.19152
v 0.43602 -0.09511 0.29239
v 0.40032 -0.11597 0.37727
v 0.40032 -0.11597 0.37727
v 0.45068 -0.08203 0.35843
v 0.45068 -0.08203 0.35843
v 0.45068 -0.08203 0.35843
v 0.45068 -0.08203 0.35843
v 0.45068 -0.08203 0.35843
v 0.42147 0.05517 0.56077
v 0.42576 0.06106 0.29506
v 0.44833 0.05735 0.28434
v 0.44833 0.05735 0.28434
v 0.44551 0.08100 0.37662
v 0.44108 0.16435 0.62306
v 0.44108 0.16435 0.62306
v 0.44108 0.16435 0.62306
v 0.44108 0.16435 0.62306
v 0.43659 0.52181 -0.30795
v 0.43659 0.52181 -0.30795
v 0.44308 0.55959 0.49309
v 0.44308 0.55959 0.49309
v 0.44016 0.49762 0.53718
v 0.44016 0.49762 0.53718
v 0.41517 0.50102 0.58596
v 0.43521 -0.92699 -0.00430
v 0.43521 -0.92699 -0.00430
v 0.47315 -0.93541 0.17082
v 0.47315 -0.93541 0.17082
v 0.47315 -0.93541 0.17082
v 0.41714 -0.92769 -0.04331
v 0.41714 -0.92769 -0.04331
v 0.43753 -0.92727 0.15131
v 0.43753 -0.92727 0.15131
v 0.44587 -0.86950 0.13016
v 0.44587 -0.86950 0.13016
v 0.44138 -0.86976 -0.01527
v 0.44138 -0.86976 -0.01527
v 0.43837 -0.37798 0.37763
v 0.43837 -0.37798 0.37763
v 0.43738 -0.34607 0.48981
v 0.43738 -0.34607 0.48981
v 0.42606 -0.10539 0.36485
v 0.42606 -0.10539 0.36485
v 0.44561 -0.08861 0.22163
v 0.44561 -0.08861 0.22163
v 0.42929 -0.06742 0.48126
v 0.43542 0.00034 0.51236
v 0.43814 -0.00632 0.59231
v 0.43814 -0.00632 0.59231
v 0.42959 0.07809 0.31667
v 0.42959 0.07809 0.31667
v 0.43576 0.10945 0.42579
v 0.41637 0.17233 0.59881
v 0.41637 0.17233 0.59881
v 0.42123 0.25340 0.56517
v 0.42123 0.25340 0.56517
v 0.41340 0.21827 0.55572
v 0.42950 0.20899 0.59362
v 0.41684 0.56025 0.57445
v 0.41684 0.56025 0.57445
v 0.42629 0.48380 0.61698
v 0.42629 0.48380 0.61698
v 0.42695 0.61847 0.51838
v 0.45317 -0.36448 0.48389
v 0.45317 -0.36448 0.48389
v 0.45317 -0.36448 0.48389
v 0.45317 -0.36448 0.48389
v 0.41927 -0.30905 0.45732
v 0.42731 -0.05829 0.55085
v 0.42731 -0.05829 0.55085
v 0.43943 -0.02954 0.57854
v 0.43943 -0.02954 0.57854
v 0.44158 -0.01056 0.53910
v 0.44936 0.05561 0.59059
v 0.44936 0.05561 0.59059
v 0.44199 0.10321 0.59074
v 0.45177 0.14566 0.45687
v 0.45177 0.14566 0.45687
v 0.47025 0.22409 0.63915
v 0.47025 0.22409 0.63915
v 0.43501 0.40954 0.59426
v 0.43501 0.40954 0.59426
v 0.43501 0.40954 0.59426
v 0.43501 0.40954 0.59426
v 0.45065 0.43468 0.62686
v 0.45065 0.43468 0.62686
v 0.43107 0.43516 0.57767
v 0.43107 0.43516 0.57767
v 0.43415 -0.85527 -0.03590
v 0.43819 -0.44179 0.39791
v 0.43819 -0.44179 0.39791
v 0.45623 -0.39810 0.44104
v 0.45623 -0.39810 0.44104
v 0.43914 -0.22221 0.51955
v 0.43914 -0.22221 0.51955
v 0.42834 -0.14028 0.49300
v 0.42834 -0.14028 0.49300
v 0.43558 -0.09905 0.50598
v 0.45658 -0.10926 0.47498
v 0.45658 -0.10926 0.47498
v 0.44044 -0.13380 0.54706
v 0.44044 -0.13380 0.54706
v 0.44044 -0.13380 0.54706
v 0.43213 -0.07113 0.15635
v 0.43213 -0.07113 0.15635
v 0.46541 -0.09430 0.56208
v 0.46541 -0.09430 0.56208
v 0.46541 -0.09430 0.56208
v 0.44222 -0.01056 0.52537
v 0.45810 0.01782 0.19167
v 0.47748 0.18333 0.50273
v 0.47748 0.18333 0.50273
v 0.44939 0.54095 0.58958
v 0.44939 0.54095 0.58958
v 0.48606 0.53982 0.55914
v 0.48606 0.53982 0.55914
v 0.48606 0.53982 0.55914
v 0.45151 -0.90118 0.02976
v 0.45314 -0.86925 0.03888
v 0.45314 -0.86925 0.03888
v 0.46704 -0.39900 0.40432
v 0.46704 -0.39900 0.40432
v 0.44374 -0.39153 0.35790
v 0.45905 -0.34350 0.39030
v 0.45148 -0.32829 0.49808
v 0.47712 -0.25677 0.41921
v 0.47712 -0.25677 0.41921
v 0.44002 -0.19561 0.46570
v 0.44002 -0.19561 0.46570
v 0.47808 -0.14490 0.55064
v 0.47808 -0.14490 0.55064
v 0.47808 -0.14490 0.55064
v 0.47808 -0.14490 0.55064
v 0.48894 -0.12829 0.44045
v 0.45777 -0.10725 0.37457
v 0.45777 -0.10725 0.37457
v 0.45777 -0.10725 0.37457
v 0.45525 -0.10380 0.46011
v 0.45525 -0.10380 0.46011
v 0.45187 -0.01720 0.57879
v 0.45428 0.03003 0.62267
v 0.45428 0.03003 0.62267
v 0.46468 0.05020 0.30356
v 0.46468 0.05020 0.30356
v 0.46468 0.05020 0.30356
v 0.44482 0.24944 0.52277
v 0.44482 0.24944 0.52277
v 0.44482 0.24944 0.52277
v 0.49284 0.26982 0.63161
v 0.49284 0.26982 0.63161
v 0.44318 0.26518 0.59751
v 0.50256 0.40508 0.54353
v 0.50256 0.40508 0.54353
v 0.46222 0.45741 0.53983
v 0.44268 0.49517 0.60762
v 0.45366 0.52973 0.59232
v 0.45366 0.52973 0.59232
v 0.50549 0.53986 -0.20201
v 0.46563 -0.32459 0.50657
v 0.46563 -0.32459 0.50657
v 0.48311 -0.05867 0.30528
v 0.48311 -0.05867 0.30528
v 0.48311 -0.05867 0.30528
v 0.48311 -0.05867 0.30528
v 0.47220 -0.02020 0.21875
v 0.47220 -0.02020 0.21875
v 0.46141 -0.02104 0.58452
v 0.47003 0.12098 0.60892
v 0.48711 0.15917 0.62975
v 0.51691 0.22475 0.64013
v 0.46989 0.42729 0.62464
v 0.47919 -0.89180 0.11956
v 0.47919 -0.89180 0.11956
v 0.46657 -0.33827 0.48070
v 0.50465 -0.10596 0.43594
v 0.50465 -0.10596 0.43594
v 0.51998 -0.02405 0.59639
v 0.51998 -0.02405 0.59639
v 0.47419 0.13652 0.45989
v 0.47419 0.13652 0.45989
v 0.47419 0.13652 0.45989
v 0.52417 0.24515 0.52505
v 0.52417 0.24515 0.52505
v 0.49451 0.42611 0.62611
v 0.49451 0.42611 0.62611
v 0.46649 0.57727 0.53149
v 0.47213 -0.26612 0.52192
v 0.49596 -0.08167 0.34675
v 0.49596 -0.08167 0.34675
v 0.48064 -0.08031 0.31091
v 0.48064 -0.08031 0.31091
v 0.49671 0.02269 0.29966
v 0.49671 0.02269 0.29966
v 0.48275 0.06532 0.29857
v 0.48275 0.06532 0.29857
v 0.50228 0.04453 0.31377
v 0.50476 0.18073 0.60685
v 0.50476 0.18073 0.60685
v 0.50476 0.18073 0.60685
v 0.47557 0.56799 0.51379
v 0.47557 0.56799 0.51379
v 0.47557 0.56799 0.51379
v 0.48970 -0.35986 0.44448
v 0.47680 -0.31283 0.50342
v 0.47680 -0.31283 0.50342
v 0.49276 -0.27463 0.51243
v 0.49276 -0.27463 0.51243
v 0.51864 -0.15250 0.55215
v 0.51864 -0.15250 0.55215
v 0.49794 -0.09110 0.40616
v 0.49794 -0.09110 0.40616
v 0.53222 -0.02889 0.34655
v 0.53222 -0.02889 0.34655
v 0.50815 -0.07361 0.59555
v 0.50815 -0.07361 0.59555
v 0.47418 -0.04778 0.23660
v 0.47418 -0.04778 0.23660
v 0.50346 0.02109 0.64734
v 0.50346 0.02109 0.64734
v 0.48371 0.01138 0.27967
v 0.51542 0.05726 0.33944
v 0.51542 0.05726 0.33944
v 0.48062 0.07155 0.36144
v 0.48062 0.07155 0.36144
v 0.50490 0.09709 0.64156
v 0.50490 0.09709 0.64156
v 0.50490 0.09709 0.64156
v 0.50972 0.34976 0.63206
v 0.50972 0.34976 0.63206
v 0.49063 0.39046 0.63022
v 0.51552 0.46377 0.56877
v 0.51552 0.46377 0.56877
v 0.51552 0.46377 0.56877
v 0.53433 -0.07917 0.52668
v 0.53433 -0.07917 0.52668
v 0.49462 0.40010 -0.31325
v 0.49462 0.40010 -0.31325
v 0.54261 0.45987 -0.31026
v 0.54261 0.45987 -0.31026
v 0.49767 0.51249 0.55568
v 0.51476 -0.27922 0.44325
v 0.51476 -0.27922 0.44325
v 0.50032 -0.29877 0.49663
v 0.50759 -0.21753 0.52603
v 0.50759 -0.21753 0.52603
v 0.52020 -0.12555 0.54408
v 0.52020 -0.12555 0.54408
v 0.50365 -0.02541 0.29385
v 0.50365 -0.02541 0.29385
v 0.53599 0.05234 0.57991
v 0.53599 0.05234 0.57991
v 0.53757 0.11094 0.46965
v 0.53757 0.11094 0.46965
v 0.54459 0.17124 0.56653
v 0.54459 0.17124 0.56653
v 0.52433 0.17894 0.67520
v 0.52433 0.17894 0.67520
v 0.52433 0.17894 0.67520
v 0.54624 0.55591 -0.26208
v 0.54624 0.55591 -0.26208
v 0.49757 -0.35181 0.43715
v 0.49757 -0.35181 0.43715
v 0.50764 0.03226 0.29348
v 0.50764 0.03226 0.29348
v 0.50764 0.03226 0.29348
v 0.57447 0.50006 -0.33586
v 0.57447 0.50006 -0.33586
v 0.57447 0.50006 -0.33586
v 0.50547 -0.32363 0.45156
v 0.51270 0.12916 0.58563
v 0.51270 0.12916 0.58563
v 0.51270 0.12916 0.58563
v 0.56534 0.18255 0.65022
v 0.56534 0.18255 0.65022
v 0.52634 0.19263 0.55580
v 0.52634 0.19263 0.55580
v 0.52634 0.19263 0.55580
v 0.52634 0.19263 0.55580
v 0.54370 0.21885 0.58825
v 0.54370 0.21885 0.58825
v 0.53641 0.41081 0.57738
v 0.53641 0.41081 0.57738
v 0.52641 -0.20793 0.49449
v 0.52641 -0.20793 0.49449
v 0.52641 -0.20793 0.49449
v 0.52641 -0.20793 0.49449
v 0.51465 -0.12317 0.53522
v 0.58039 0.07358 0.55797
v 0.53701 0.23988 0.55073
v 0.52187 0.42578 0.56143
v 0.52187 0.42578 0.56143
v 0.54906 -0.07582 0.47789
v 0.54906 -0.07582 0.47789
v 0.52971 0.13963 0.54844
v 0.52971 0.13963 0.54844
v 0.52164 0.14127 0.58338
v 0.52164 0.14127 0.58338
v 0.52269 0.15923 0.57606
v 0.52269 0.15923 0.57606
v 0.53097 0.34386 0.58976
v 0.53979 -0.12988 0.49086
v 0.53979 -0.12988 0.49086
v 0.57366 -0.04055 0.51327
v 0.59235 0.01505 0.53446
v 0.59235 0.01505 0.53446
v 0.53250 -0.08341 0.50519
v 0.54937 0.15324 0.66385
v 0.59147 0.10707 0.53776
v 0.59147 0.10707 0.53776
v 0.58945 0.56088 -0.30629
v 0.58945 0.56088 -0.30629
v 0.58945 0.56088 -0.30629
v 0.57132 0.56471 -0.24791
v 0.54988 -0.02617 0.45311
v 0.54988 -0.02617 0.45311
v 0.59116 0.18617 0.74487
v 0.59116 0.18617 0.74487
v 0.59116 0.18617 0.74487
v 0.59116 0.18617 0.74487
v 0.58233 0.15828 0.71087
v 0.58233 0.15828 0.71087
v 0.58233 0.15828 0.71087
v 0.58233 0.15828 0.71087
v 0.61854 0.18322 0.69363
v 0.61854 0.18322 0.69363
v 0.61854 0.18322 0.69363
v 0.61854 0.18322 0.69363
v 0.59213 0.21222 0.70790
v 0.59213 0.21222 0.70790
v 0.59213 0.21222 0.70790
v 0.58120 0.12467 0.70441
v 0.58120 0.12467 0.70441
v 0.58120 0.12467 0.70441
v 0.60810 0.13903 0.73109
v 0.60810 0.13903 0.73109
v 0.61491 0.58781 -0.33297
v 0.61491 0.58781 -0.33297
v 0.60784 0.21599 0.74450
v 0.60784 0.21599 0.74450
v 0.62305 0.17973 0.70950
v 0.62305 0.17973 0.70950
v 0.63709 0.18094 0.77269
v 0.62885 0.20926 0.75417
v 0.68345 0.59485 -0.31688
v 0.68345 0.59485 -0.31688
v 0.68345 0.59485 -0.31688
v 0.64697 0.16110 0.76537
v 0.64697 0.16110 0.76537
v 0.65495 0.20166 0.77830
v 0.65495 0.20166 0.77830
v 0.67340 0.19223 0.79118
v 0.67340 0.19223 0.79118
vt 0.00342 0.10552
vt 0.55420 0.33740
vt 0.92656 0.49072
vt 0.07409 0.34590
vt 0.18994 0.38180
vt 0.89122 0.88714
vt 0.02446 0.10596
vt 0.87244 0.90819
vt 0.02840 0.09518
vt 0.30029 0.04133
vt 0.90158 0.46844
vt 0.86894 0.91213
vt 0.05478 0.32984
vt 0.20925 0.38829
vt 0.06625 0.34619
vt 0.88337 0.88575
vt 0.84619 0.11389
vt 0.89380 0.23631
vt 0.88997 0.23759
vt 0.85032 0.11939
vt 0.88967 0.24180
vt 0.85426 0.11236
vt 0.88573 0.23478
vt 0.57392 0.32087
vt 0.20966 0.39372
vt 0.86274 0.91062
vt 0.75305 0.02555
vt 0.85825 0.12404
vt 0.88174 0.24645
vt 0.85507 0.11155
vt 0.88492 0.23397
vt 0.98989 0.03089
vt 0.44582 0.02964
vt 0.85466 0.10874
vt 0.88533 0.23115
vt 0.98779 0.02403
vt 0.43896 0.03174
vt 0.86152 0.11084
vt 0.58256 0.11137
vt 0.87847 0.23325
vt 0.88880 0.30972
vt 0.99635 0.03369
vt 0.44862 0.02318
vt 0.04927 0.33016
vt 0.58388 0.32324
vt 0.90488 0.46104
vt 0.88347 0.23499
vt 0.83146 0.06566
vt 0.88118 0.31336
vt 0.94344 0.02175
vt 0.82551 0.06301
vt 0.06802 0.40394
vt 0.73949 0.01366
vt 0.82668 0.06587
vt 0.58266 0.11522
vt 0.88612 0.31357
vt 0.59028 0.31948
vt 0.89999 0.45464
vt 0.75465 0.02649
vt 0.85665 0.12498
vt 0.75344 0.02932
vt 0.85786 0.12781
vt 0.73389 0.01807
vt 0.34542 0.07854
vt 0.69639 0.06982
vt 0.82682 0.07028
vt 0.58252 0.11963
vt 0.87851 0.23618
vt 0.89173 0.31798
vt 0.06693 0.41357
vt 0.88350 0.30455
vt 0.05991 0.40849
vt 0.89051 0.30308
vt 0.82294 0.05774
vt 0.06737 0.40136
vt 0.88305 0.30544
vt 0.05473 0.39777
vt 0.30823 0.04964
vt 0.86757 0.92006
vt 0.75028 0.03174
vt 0.86102 0.13023
vt 0.74561 0.03123
vt 0.86570 0.12971
vt 0.87429 0.25213
vt 0.31383 0.05029
vt 0.86386 0.92566
vt 0.57994 0.31921
vt 0.59141 0.30486
vt 0.22715 0.41001
vt 0.04058 0.33444
vt 0.85770 0.90232
vt 0.03986 0.32459
vt 0.22417 0.39185
vt 0.12963 0.43995
vt 0.46799 0.68001
vt 0.10106 0.43686
vt 0.60402 0.36533
vt 0.43943 0.68994
vt 0.11557 0.43474
vt 0.45394 0.68716
vt 0.73697 0.01495
vt 0.58293 0.11651
vt 0.88864 0.31486
vt 0.36033 0.08109
vt 0.69385 0.05491
vt 0.82427 0.07153
vt 0.78019 0.02686
vt 0.66544 0.25929
vt 0.05341 0.24291
vt 0.34799 0.08838
vt 0.78144 0.01956
vt 0.80947 0.01904
vt 0.59236 0.11962
vt 0.05168 0.06765
vt 0.65309 0.25803
vt 0.04106 0.25020
vt 0.73540 0.27527
vt 0.70330 0.05979
vt 0.83372 0.07178
vt 0.93604 0.02367
vt 0.88615 0.03076
vt 0.66725 0.25269
vt 0.94118 0.02686
vt 0.82374 0.06812
vt 0.66211 0.25587
vt 0.93611 0.01957
vt 0.88600 0.02666
vt 0.55651 0.34509
vt 0.07534 0.40498
vt 0.87312 0.46035
vt 0.86084 0.94058
vt 0.22156 0.39812
vt 0.11157 0.45546
vt 0.96949 0.81654
vt 0.33936 0.08493
vt 0.58891 0.11940
vt 0.81689 0.06355
vt 0.65807 0.25130
vt 0.87646 0.02923
vt 0.66732 0.25116
vt 0.55665 0.35462
vt 0.64307 0.06463
vt 0.48944 0.40624
vt 0.81038 0.40032
vt 0.64448 0.06322
vt 0.65044 0.05322
vt 0.95166 0.08934
vt 0.94272 0.16816
vt 0.48207 0.39483
vt 0.96223 0.07774
vt 0.81296 0.38892
vt 0.96754 0.07663
vt 0.81006 0.38361
vt 0.12158 0.06586
vt 0.97045 0.09361
vt 0.96151 0.16844
vt 0.87330 0.24831
vt 0.87262 0.13525
vt 0.86737 0.25767
vt 0.74404 0.13525
vt 0.59092 0.10881
vt 0.19140 0.13428
vt 0.89882 0.30716
vt 0.82285 0.07022
vt 0.66865 0.25798
vt 0.95732 0.05713
vt 0.55695 0.35567
vt 0.97898 0.34441
vt 0.07579 0.39439
vt 0.44438 0.66861
vt 0.46810 0.66668
vt 0.60986 0.04222
vt 0.14030 0.44109
vt 0.87068 0.12475
vt 0.86931 0.24716
vt 0.04696 0.39789
vt 0.90346 0.30190
vt 0.22356 0.39830
vt 0.14974 0.44136
vt 0.96419 0.77837
vt 0.61597 0.03919
vt 0.13764 0.44719
vt 0.97369 0.79047
vt 0.10010 0.45159
vt 0.61874 0.38113
vt 0.96936 0.82801
vt 0.61026 0.37901
vt 0.59738 0.11265
vt 0.84152 0.10107
vt 0.28467 0.09619
vt 0.90016 0.31100
vt 0.77783 0.02353
vt 0.86881 0.02556
vt 0.80586 0.01893
vt 0.42041 0.05111
vt 0.04095 0.24623
vt 0.60955 0.01709
vt 0.30114 0.02851
vt 0.66004 0.25862
vt 0.74234 0.27588
vt 0.96213 0.05679
vt 0.07097 0.39573
vt 0.94775 0.05438
vt 0.98173 0.33485
vt 0.95458 0.04771
vt 0.98840 0.34168
vt 0.07852 0.39454
vt 0.86236 0.45535
vt 0.85584 0.95135
vt 0.64954 0.06355
vt 0.48103 0.40032
vt 0.14393 0.42735
vt 0.48229 0.66961
vt 0.61939 0.04541
vt 0.13640 0.45062
vt 0.60498 0.01699
vt 0.30104 0.03308
vt 0.66013 0.26318
vt 0.04810 0.24957
vt 0.57141 0.01327
vt 0.29774 0.03369
vt 0.05140 0.24844
vt 0.56787 0.01066
vt 0.60698 0.01361
vt 0.47119 0.02333
vt 0.29766 0.03108
vt 0.91142 0.02379
vt 0.05149 0.25199
vt 0.57139 0.01416
vt 0.47960 0.02686
vt 0.05990 0.24846
vt 0.05164 0.25157
vt 0.83091 0.29899
vt 0.85839 0.44828
vt 0.84878 0.95532
vt 0.85937 0.44092
vt 0.12180 0.07642
vt 0.97309 0.08306
vt 0.81825 0.37806
vt 0.13291 0.42871
vt 0.47128 0.67158
vt 0.62239 0.04327
vt 0.13455 0.45362
vt 0.96961 0.79356
vt 0.96860 0.81039
vt 0.85889 0.02683
vt 0.86737 0.04152
vt 0.42604 0.06104
vt 0.07861 0.02488
vt 0.82150 0.30612
vt 0.88800 0.33151
vt 0.81991 0.30887
vt 0.88960 0.33426
vt 0.86279 0.04446
vt 0.89095 0.32946
vt 0.86043 0.03267
vt 0.82734 0.30457
vt 0.82913 0.31106
vt 0.88037 0.33645
vt 0.86388 0.03467
vt 0.08361 0.03271
vt 0.05006 0.25430
vt 0.82934 0.30112
vt 0.65574 0.24588
vt 0.54508 0.36283
vt 0.55803 0.35852
vt 0.98342 0.34333
vt 0.65920 0.06689
vt 0.82652 0.39588
vt 0.87191 0.09011
vt 0.63232 0.36076
vt 0.81256 0.36419
vt 0.65183 0.34952
vt 0.86852 0.08988
vt 0.63572 0.35558
vt 0.81917 0.38295
vt 0.95399 0.08777
vt 0.94505 0.17385
vt 0.13369 0.42191
vt 0.47205 0.66930
vt 0.96097 0.81113
vt 0.03747 0.38522
vt 0.91295 0.30083
vt 0.59863 0.11846
vt 0.04541 0.07721
vt 0.28669 0.01830
vt 0.80610 0.30706
vt 0.90341 0.33245
vt 0.89554 0.32871
vt 0.81519 0.30981
vt 0.89431 0.33521
vt 0.11466 0.08199
vt 0.04782 0.38350
vt 0.80322 0.01505
vt 0.87644 0.04667
vt 0.43510 0.05375
vt 0.30866 0.02830
vt 0.03707 0.26092
vt 0.81634 0.29883
vt 0.08382 0.02667
vt 0.82329 0.30091
vt 0.47504 0.02299
vt 0.91108 0.02686
vt 0.05534 0.25233
vt 0.47832 0.02060
vt 0.29053 0.02681
vt 0.90869 0.01952
vt 0.44287 0.04212
vt 0.59722 0.02259
vt 0.93704 0.06494
vt 0.04639 0.15107
vt 0.05862 0.25472
vt 0.75295 0.27075
vt 0.61355 0.29764
vt 0.22106 0.69743
vt 0.65181 0.06092
vt 0.95574 0.08165
vt 0.81913 0.39541
vt 0.14265 0.45469
vt 0.96198 0.78545
vt 0.87798 0.13427
vt 0.86201 0.25669
vt 0.74502 0.12990
vt 0.28076 0.01397
vt 0.81043 0.31299
vt 0.89907 0.33838
vt 0.59958 0.10721
vt 0.87589 0.05029
vt 0.30811 0.03174
vt 0.03345 0.26037
vt 0.81272 0.30227
vt 0.89678 0.32766
vt 0.92902 0.06016
vt 0.05440 0.14718
vt 0.55197 0.36396
vt 0.69877 0.15088
vt 0.55817 0.36055
vt 0.97656 0.34320
vt 0.83840 0.95314
vt 0.23144 0.40798
vt 0.46015 0.40755
vt 0.83968 0.41147
vt 0.97392 0.17155
vt 0.82115 0.36829
vt 0.64829 0.35946
vt 0.82852 0.36446
vt 0.85798 0.10107
vt 0.82649 0.37516
vt 0.28174 0.06336
vt 0.95989 0.79632
vt 0.60374 0.11246
vt 0.83629 0.09471
vt 0.29103 0.09601
vt 0.30811 0.01611
vt 0.14697 0.02333
vt 0.04029 0.08388
vt 0.89293 0.05738
vt 0.28182 0.01904
vt 0.80535 0.31193
vt 0.90415 0.33733
vt 0.90373 0.32696
vt 0.80003 0.30711
vt 0.90947 0.33251
vt 0.05859 0.38615
vt 0.56226 0.02407
vt 0.99032 0.36239
vt 0.05780 0.37907
vt 0.05855 0.15381
vt 0.74079 0.26728
vt 0.05248 0.26261
vt 0.45541 0.03882
vt 0.59326 0.01929
vt 0.44669 0.04639
vt 0.59672 0.02686
vt 0.94086 0.06067
vt 0.52957 0.17817
vt 0.06244 0.25899
vt 0.60795 0.29048
vt 0.24369 0.42769
vt 0.02004 0.32430
vt 0.83716 0.91395
vt 0.82822 0.93021
vt 0.03341 0.32079
vt 0.02267 0.31790
vt 0.85946 0.09069
vt 0.64477 0.34867
vt 0.84912 0.09578
vt 0.97235 0.18576
vt 0.65512 0.34421
vt 0.83535 0.36986
vt 0.93456 0.18197
vt 0.46826 0.39204
vt 0.70287 0.07727
vt 0.47306 0.65291
vt 0.14664 0.42857
vt 0.48500 0.66498
vt 0.61230 0.40761
vt 0.61857 0.39866
vt 0.95184 0.82653
vt 0.95775 0.79807
vt 0.59938 0.11042
vt 0.05313 0.15205
vt 0.74621 0.26897
vt 0.97995 0.35409
vt 0.52204 0.17958
vt 0.06103 0.25927
vt 0.13261 0.08252
vt 0.95893 0.17946
vt 0.82906 0.38328
vt 0.31109 0.35576
vt 0.30616 0.34502
vt 0.58363 0.27655
vt 0.30170 0.35011
vt 0.58808 0.27881
vt 0.15625 0.43144
vt 0.49461 0.66221
vt 0.59979 0.40037
vt 0.43885 0.65490
vt 0.15287 0.44374
vt 0.95618 0.80028
vt 0.15967 0.13111
vt 0.83838 0.27979
vt 0.72192 0.10627
vt 0.38414 0.12217
vt 0.54376 0.09424
vt 0.93534 0.30399
vt 0.79448 0.29641
vt 0.91502 0.32180
vt 0.07182 0.15257
vt 0.03318 0.27245
vt 0.72752 0.25302
vt 0.05355 0.15184
vt 0.93202 0.05978
vt 0.68186 0.13929
vt 0.54126 0.37214
vt 0.97510 0.36011
vt 0.84844 0.44751
vt 0.84800 0.96526
vt 0.84229 0.43923
vt 0.83972 0.97142
vt 0.36305 0.02241
vt 0.56913 0.36683
vt 0.35596 0.02348
vt 0.56204 0.36576
vt 0.36428 0.02686
vt 0.57037 0.36239
vt 0.60938 0.30884
vt 0.88394 0.43554
vt 0.01978 0.30539
vt 0.24426 0.40923
vt 0.96076 0.09424
vt 0.95182 0.17993
vt 0.68311 0.08740
vt 0.45330 0.65893
vt 0.81885 0.07933
vt 0.30641 0.09375
vt 0.87549 0.07275
vt 0.39665 0.12570
vt 0.84383 0.05978
vt 0.92283 0.30855
vt 0.64522 0.25177
vt 0.68506 0.03468
vt 0.52854 0.20017
vt 0.04043 0.26873
vt 0.35938 0.02040
vt 0.70607 0.14258
vt 0.56547 0.36885
vt 0.87866 0.43692
vt 0.96825 0.17776
vt 0.82735 0.37396
vt 0.95444 0.09254
vt 0.94549 0.18026
vt 0.95371 0.18304
vt 0.31044 0.36967
vt 0.33450 0.36854
vt 0.32095 0.34865
vt 0.56884 0.27724
vt 0.14847 0.42446
vt 0.48683 0.65796
vt 0.15931 0.44655
vt 0.95765 0.76879
vt 0.62519 0.40508
vt 0.94541 0.82959
vt 0.61092 0.10473
vt 0.17140 0.13019
vt 0.62617 0.24313
vt 0.55549 0.07499
vt 0.51551 0.37322
vt 0.03434 0.37685
vt 0.79360 0.30267
vt 0.91590 0.32806
vt 0.29012 0.06220
vt 0.95151 0.79239
vt 0.60733 0.11652
vt 0.31235 0.01252
vt 0.15056 0.01909
vt 0.64111 0.25493
vt 0.60391 0.11333
vt 0.31192 0.01594
vt 0.27625 0.68663
vt 0.28250 0.69984
vt 0.38364 0.46346
vt 0.28699 0.68429
vt 0.39919 0.46300
vt 0.65009 0.33154
vt 0.02795 0.26365
vt 0.72228 0.26182
vt 0.31715 0.02378
vt 0.02651 0.26942
vt 0.92432 0.05624
vt 0.05911 0.14382
vt 0.53732 0.19471
vt 0.55713 0.37067
vt 0.69395 0.03350
vt 0.52369 0.19128
vt 0.04933 0.26755
vt 0.95190 0.25020
vt 0.30571 0.37247
vt 0.94852 0.26318
vt 0.31869 0.37851
vt 0.07931 0.11780
vt 0.15026 0.45403
vt 0.94793 0.77784
vt 0.15282 0.45538
vt 0.94987 0.77529
vt 0.60896 0.11099
vt 0.15219 0.02484
vt 0.63536 0.24939
vt 0.41258 0.13586
vt 0.28085 0.68423
vt 0.65623 0.33105
vt 0.11768 0.53568
vt 0.27977 0.67579
vt 0.11875 0.52724
vt 0.27454 0.70730
vt 0.15553 0.02686
vt 0.03174 0.08740
vt 0.63334 0.25465
vt 0.02131 0.27014
vt 0.71565 0.25533
vt 0.63921 0.24853
vt 0.41643 0.13623
vt 0.52854 0.37089
vt 0.53211 0.37403
vt 0.98015 0.36926
vt 0.25979 0.70133
vt 0.06165 0.14992
vt 0.54133 0.37160
vt 0.98146 0.36004
vt 0.68605 0.13604
vt 0.54546 0.37540
vt 0.69600 0.13981
vt 0.79443 0.06418
vt 0.55540 0.37162
vt 0.24715 0.42558
vt 0.66572 0.36182
vt 0.84596 0.37217
vt 0.14015 0.06765
vt 0.96098 0.18701
vt 0.05354 0.02439
vt 0.26187 0.30927
vt 0.37856 0.61475
vt 0.07050 0.06316
vt 0.26554 0.33154
vt 0.40628 0.22833
vt 0.11397 0.66326
vt 0.04346 0.03369
vt 0.27195 0.31857
vt 0.04605 0.02969
vt 0.26936 0.31457
vt 0.25884 0.31159
vt 0.40536 0.22163
vt 0.16640 0.42834
vt 0.50476 0.65604
vt 0.16944 0.43662
vt 0.18408 0.08154
vt 0.17172 0.43305
vt 0.51008 0.66310
vt 0.18274 0.44145
vt 0.76816 0.11886
vt 0.17203 0.44436
vt 0.70361 0.02541
vt 0.40675 0.47021
vt 0.96055 0.75608
vt 0.16751 0.44421
vt 0.19167 0.07950
vt 0.95347 0.76059
vt 0.17639 0.44648
vt 0.17349 0.45485
vt 0.95411 0.75461
vt 0.29028 0.69376
vt 0.38971 0.45885
vt 0.57009 0.02783
vt 0.98656 0.37023
vt 0.33248 0.11768
vt 0.25806 0.69353
vt 0.28811 0.36442
vt 0.20027 0.20497
vt 0.69399 0.07859
vt 0.46418 0.65777
vt 0.49858 0.65616
vt 0.16766 0.42640
vt 0.50602 0.64690
vt 0.17194 0.42345
vt 0.51030 0.65587
vt 0.17935 0.42574
vt 0.75244 0.12224
vt 0.51772 0.65458
vt 0.76613 0.12313
vt 0.34367 0.13834
vt 0.25146 0.30430
vt 0.39725 0.21426
vt 0.38896 0.60264
vt 0.84686 0.27844
vt 0.72326 0.11475
vt 0.93400 0.30336
vt 0.16570 0.44520
vt 0.19267 0.07706
vt 0.71313 0.03174
vt 0.95103 0.76240
vt 0.17730 0.45557
vt 0.78227 0.12430
vt 0.34250 0.15448
vt 0.94995 0.75081
vt 0.16943 0.44742
vt 0.71324 0.02801
vt 0.78751 0.29812
vt 0.02406 0.27687
vt 0.71840 0.24860
vt 0.90616 0.32141
vt 0.08841 0.09033
vt 0.28018 0.71507
vt 0.36841 0.45452
vt 0.27162 0.71093
vt 0.27458 0.71882
vt 0.26852 0.67399
vt 0.13000 0.52545
vt 0.26744 0.66917
vt 0.13109 0.52063
vt 0.53153 0.20068
vt 0.03993 0.27370
vt 0.89030 0.31541
vt 0.84236 0.42752
vt 0.25525 0.71625
vt 0.82802 0.97134
vt 0.84569 0.42390
vt 0.25192 0.70081
vt 0.70537 0.13869
vt 0.56477 0.37274
vt 0.67065 0.35848
vt 0.46274 0.64792
vt 0.48550 0.65470
vt 0.44197 0.65038
vt 0.05908 0.05631
vt 0.00342 0.36522
vt 0.94701 0.30964
vt 0.39328 0.23975
vt 0.71338 0.10783
vt 0.00654 0.36668
vt 0.94388 0.30109
vt 0.39473 0.23662
vt 0.37634 0.60076
vt 0.94918 0.80394
vt 0.40026 0.45725
vt 0.94759 0.76256
vt 0.64593 0.32580
vt 0.37741 0.45253
vt 0.99210 0.37046
vt 0.04974 0.37088
vt 0.67115 0.32640
vt 0.13259 0.54248
vt 0.56104 0.02537
vt 0.98902 0.36117
vt 0.05903 0.37836
vt 0.52166 0.38328
vt 0.98238 0.37970
vt 0.67995 0.13675
vt 0.53935 0.37468
vt 0.69600 0.03760
vt 0.52100 0.18924
vt 0.61561 0.30016
vt 0.87872 0.42931
vt 0.21889 0.69995
vt 0.95106 0.19209
vt 0.00342 0.18179
vt 0.45814 0.38369
vt 0.33543 0.36961
vt 0.81400 0.16943
vt 0.33161 0.39196
vt 0.46345 0.36138
vt 0.34429 0.37672
vt 0.32837 0.38667
vt 0.46373 0.35814
vt 0.94466 0.23146
vt 0.28697 0.37406
vt 0.19726 0.21461
vt 0.28636 0.35028
vt 0.60342 0.26573
vt 0.27287 0.31264
vt 0.36755 0.60531
vt 0.37407 0.60810
vt 0.75455 0.12646
vt 0.34033 0.12676
vt 0.51349 0.65138
vt 0.35633 0.14737
vt 0.77727 0.12613
vt 0.34067 0.14948
vt 0.20278 0.06966
vt 0.94363 0.76594
vt 0.82346 0.08185
vt 0.88010 0.07023
vt 0.62404 0.24856
vt 0.40126 0.12822
vt 0.84131 0.05974
vt 0.75218 0.05974
vt 0.10448 0.09266
vt 0.03716 0.37332
vt 0.51255 0.37850
vt 0.03138 0.37157
vt 0.29885 0.07080
vt 0.94278 0.79496
vt 0.28248 0.81207
vt 0.02294 0.27637
vt 0.71727 0.24910
vt 0.90729 0.31749
vt 0.99658 0.22716
vt 0.39828 0.44446
vt 0.93480 0.76455
vt 0.64840 0.31301
vt 0.08168 0.14857
vt 0.53257 0.21729
vt 0.02332 0.28101
vt 0.71766 0.24446
vt 0.90690 0.31436
vt 0.08767 0.08329
vt 0.05127 0.04840
vt 0.26874 0.66525
vt 0.12978 0.51671
vt 0.00342 0.29972
vt 0.26062 0.41928
vt 0.19952 0.05523
vt 0.62165 0.05230
vt 0.11481 0.05811
vt 0.20853 0.69102
vt 0.57271 0.25926
vt 0.46590 0.76019
vt 0.27403 0.31773
vt 0.36971 0.60298
vt 0.37375 0.60698
vt 0.36030 0.12679
vt 0.53346 0.64996
vt 0.35235 0.14982
vt 0.94469 0.74096
vt 0.40154 0.45012
vt 0.94045 0.76129
vt 0.64423 0.31866
vt 0.94218 0.80272
vt 0.61670 0.24520
vt 0.39392 0.11926
vt 0.74322 0.05638
vt 0.41859 0.15402
vt 0.99471 0.20850
vt 0.26418 0.72479
vt 0.82874 0.98027
vt 0.06012 0.04932
vt 0.25989 0.66081
vt 0.13863 0.51226
vt 0.25408 0.66461
vt 0.32080 0.09420
vt 0.00342 0.08740
vt 0.23345 0.67005
vt 0.32556 0.10842
vt 0.25198 0.68427
vt 0.86805 0.42638
vt 0.22956 0.71841
vt 0.61873 0.28658
vt 0.25447 0.44287
vt 0.23212 0.68637
vt 0.93115 0.18884
vt 0.46139 0.39342
vt 0.33412 0.39454
vt 0.45950 0.36389
vt 0.33979 0.39169
vt 0.45969 0.36956
vt 0.27490 0.35447
vt 0.26611 0.01999
vt 0.19172 0.19502
vt 0.11264 0.67413
vt 0.27108 0.33139
vt 0.10842 0.66842
vt 0.59619 0.40858
vt 0.43873 0.64669
vt 0.37343 0.60457
vt 0.07585 0.07178
vt 0.77926 0.29972
vt 0.16260 0.16481
vt 0.93024 0.32511
vt 0.11932 0.67206
vt 0.37137 0.13768
vt 0.49769 0.11770
vt 0.36400 0.14960
vt 0.49756 0.10578
vt 0.01460 0.36510
vt 0.93582 0.29923
vt 0.34381 0.15149
vt 0.94141 0.74950
vt 0.09912 0.10303
vt 0.50795 0.38210
vt 0.02678 0.36796
vt 0.94165 0.81517
vt 0.67624 0.13078
vt 0.53564 0.38065
vt 0.06428 0.04146
vt 0.14280 0.51001
vt 0.67766 0.12492
vt 0.80932 0.08252
vt 0.53706 0.38651
vt 0.80271 0.06451
vt 0.55507 0.37990
vt 0.85442 0.42597
vt 0.24319 0.71448
vt 0.38330 0.15190
vt 0.98327 0.17321
vt 0.22889 0.72268
vt 0.81730 0.94498
vt 0.00578 0.32412
vt 0.20709 0.71541
vt 0.82290 0.92318
vt 0.67804 0.36176
vt 0.85827 0.38779
vt 0.33559 0.36521
vt 0.55420 0.26136
vt 0.79956 0.16503
vt 0.32289 0.39201
vt 0.06963 0.13131
vt 0.45557 0.35266
vt 0.41292 0.05322
vt 0.06625 0.13623
vt 0.45219 0.35626
vt 0.93290 0.23759
vt 0.76775 0.05413
vt 0.20805 0.05315
vt 0.96197 0.21555
vt 0.51353 0.64137
vt 0.77312 0.28913
vt 0.93639 0.31452
vt 0.39535 0.21219
vt 0.39103 0.60074
vt 0.35229 0.15344
vt 0.94339 0.74102
vt 0.00342 0.28708
vt 0.69775 0.23839
vt 0.19971 0.02197
vt 0.98219 0.06299
vt 0.49716 0.05985
vt 0.98844 0.25081
vt 0.93964 0.78820
vt 0.99329 0.24084
vt 0.94369 0.77823
vt 0.77017 0.02218
vt 0.99290 0.38231
vt 0.03789 0.36354
vt 0.76221 0.02686
vt 0.99180 0.39027
vt 0.02993 0.35886
vt 0.92050 0.29288
vt 0.09902 0.05908
vt 0.33327 0.13050
vt 0.03043 0.28111
vt 0.89980 0.31337
vt 0.67139 0.12467
vt 0.53079 0.38676
vt 0.67261 0.08643
vt 0.31201 0.08643
vt 0.91689 0.06183
vt 0.80416 0.06508
vt 0.55450 0.38135
vt 0.66738 0.31924
vt 0.67929 0.32135
vt 0.14073 0.53921
vt 0.40614 0.14580
vt 0.82137 0.96782
vt 0.24294 0.70772
vt 0.23393 0.69458
vt 0.87212 0.42284
vt 0.22550 0.70898
vt 0.96517 0.20317
vt 0.67253 0.34015
vt 0.96949 0.19725
vt 0.66661 0.34456
vt 0.72189 0.09912
vt 0.99543 0.10916
vt 0.71143 0.09599
vt 0.98682 0.11963
vt 0.34830 0.39893
vt 0.45221 0.37807
vt 0.73417 0.09734
vt 0.99155 0.09689
vt 0.34695 0.37619
vt 0.00461 0.17481
vt 0.45695 0.37672
vt 0.33731 0.35994
vt 0.79943 0.15975
vt 0.00665 0.16517
vt 0.06295 0.12408
vt 0.12556 0.09112
vt 0.92828 0.25721
vt 0.05907 0.11187
vt 0.13777 0.09029
vt 0.47382 0.78080
vt 0.28129 0.31715
vt 0.27962 0.30543
vt 0.58838 0.03662
vt 0.57996 0.01354
vt 0.91846 0.02912
vt 0.80908 0.02619
vt 0.96557 0.25763
vt 0.47145 0.63855
vt 0.30767 0.81212
vt 0.31201 0.05800
vt 0.49859 0.64454
vt 0.46097 0.63343
vt 0.27081 0.30542
vt 0.36961 0.59975
vt 0.34627 0.15446
vt 0.94181 0.74704
vt 0.36210 0.15674
vt 0.50266 0.09864
vt 0.93770 0.73121
vt 0.70484 0.24446
vt 0.20680 0.02011
vt 0.97510 0.06113
vt 0.50425 0.06592
vt 0.28535 0.71403
vt 0.36945 0.44523
vt 0.24255 0.69139
vt 0.24729 0.68514
vt 0.21151 0.67522
vt 0.23667 0.70324
vt 0.25483 0.43472
vt 0.18408 0.04944
vt 0.22397 0.68443
vt 0.44509 0.40700
vt 0.85474 0.41130
vt 0.93546 0.19441
vt 0.45582 0.38921
vt 0.99014 0.10914
vt 0.34541 0.38843
vt 0.59530 0.24651
vt 0.47865 0.74574
vt 0.93967 0.23328
vt 0.19228 0.22024
vt 0.28045 0.35051
vt 0.60933 0.25755
vt 0.46761 0.75874
vt 0.37583 0.12916
vt 0.50415 0.12622
vt 0.54899 0.64099
vt 0.11556 0.67846
vt 0.39496 0.04356
vt 0.50232 0.11828
vt 0.98176 0.26318
vt 0.93824 0.80057
vt 0.29147 0.81768
vt 0.06838 0.01966
vt 0.99005 0.24468
vt 0.40695 0.14310
vt 0.81984 0.96863
vt 0.44840 0.46423
vt 0.69004 0.31560
vt 0.15149 0.53725
vt 0.49179 0.03407
vt 0.22090 0.65489
vt 0.26740 0.41945
vt 0.19935 0.06201
vt 0.62814 0.05908
vt 0.12130 0.05132
vt 0.34270 0.36609
vt 0.00804 0.17056
vt 0.55554 0.25585
vt 0.79405 0.16400
vt 0.14616 0.11182
vt 0.93220 0.22911
vt 0.75928 0.05589
vt 0.18480 0.22217
vt 0.73947 0.68899
vt 0.28798 0.33888
vt 0.19231 0.17943
vt 0.63390 0.23584
vt 0.46240 0.74710
vt 0.28062 0.34088
vt 0.18924 0.18143
vt 0.27981 0.34692
vt 0.46562 0.75514
vt 0.28635 0.31691
vt 0.09315 0.67837
vt 0.28591 0.32872
vt 0.09360 0.68218
vt 0.96230 0.24432
vt 0.48476 0.63770
vt 0.53265 0.63966
vt 0.53603 0.64340
vt 0.54050 0.63706
vt 0.94294 0.30752
vt 0.37721 0.59411
vt 0.51108 0.11069
vt 0.52543 0.05009
vt 0.20752 0.18896
vt 0.93519 0.79583
vt 0.28795 0.81293
vt 0.37697 0.19641
vt 0.40681 0.58236
vt 0.50944 0.10570
vt 0.89371 0.13525
vt 0.93093 0.72149
vt 0.98992 0.23255
vt 0.39289 0.43922
vt 0.92955 0.76994
vt 0.39383 0.44183
vt 0.93217 0.76900
vt 0.64850 0.30484
vt 0.27704 0.73206
vt 0.35142 0.44819
vt 0.43923 0.45373
vt 0.67954 0.31272
vt 0.22873 0.01807
vt 0.24823 0.65016
vt 0.15029 0.50162
vt 0.16573 0.50736
vt 0.22705 0.01719
vt 0.24634 0.64929
vt 0.22972 0.01347
vt 0.23912 0.64557
vt 0.20047 0.66292
vt 0.20526 0.68595
vt 0.91934 0.24145
vt 0.22161 0.05645
vt 0.13037 0.56852
vt 0.72661 0.70133
vt 0.60546 0.25339
vt 0.47177 0.75155
vt 0.83909 0.12714
vt 0.18288 0.20427
vt 0.28205 0.29908
vt 0.35838 0.59265
vt 0.10826 0.68028
vt 0.58999 0.03445
vt 0.58213 0.01416
vt 0.96494 0.25602
vt 0.59952 0.03550
vt 0.92605 0.02800
vt 0.06672 0.02146
vt 0.97316 0.24648
vt 0.76904 0.28452
vt 0.94046 0.30991
vt 0.38232 0.04085
vt 0.09643 0.01274
vt 0.51496 0.12113
vt 0.77801 0.29665
vt 0.17004 0.16607
vt 0.77434 0.29300
vt 0.17107 0.16974
vt 0.38330 0.11188
vt 0.85765 0.06299
vt 0.99156 0.06076
vt 0.73584 0.06299
vt 0.48779 0.05615
vt 0.70850 0.04449
vt 0.93618 0.31176
vt 0.53467 0.09391
vt 0.49658 0.39404
vt 0.98511 0.40479
vt 0.01541 0.35602
vt 0.93501 0.29957
vt 0.38408 0.22775
vt 0.18765 0.14594
vt 0.17362 0.12256
vt 0.13819 0.69712
vt 0.87939 0.08523
vt 0.38518 0.58014
vt 0.66414 0.52974
vt 0.76920 0.02430
vt 0.03692 0.36142
vt 0.98943 0.22269
vt 0.92647 0.76008
vt 0.98835 0.23751
vt 0.93267 0.77491
vt 0.39710 0.06569
vt 0.90116 0.09797
vt 0.93412 0.82248
vt 0.42493 0.45198
vt 0.67779 0.30849
vt 0.06046 0.99658
vt 0.40471 0.15479
vt 0.99076 0.19461
vt 0.98096 0.19567
vt 0.25135 0.72585
vt 0.19318 0.66240
vt 0.18434 0.67482
vt 0.19539 0.71902
vt 0.82446 0.91148
vt 0.81902 0.91621
vt 0.18756 0.69829
vt 0.17408 0.71923
vt 0.93363 0.20526
vt 0.20654 0.03949
vt 0.44498 0.38623
vt 0.63803 0.22772
vt 0.47052 0.74320
vt 0.10889 0.02588
vt 0.18266 0.17830
vt 0.64645 0.22618
vt 0.40596 0.80096
vt 0.28425 0.30438
vt 0.95947 0.22893
vt 0.50015 0.63785
vt 0.96181 0.22161
vt 0.50747 0.63238
vt 0.01964 0.35375
vt 0.93078 0.28930
vt 0.38180 0.22352
vt 0.18392 0.16347
vt 0.92890 0.31912
vt 0.22021 0.02540
vt 0.32251 0.15674
vt 0.49968 0.06164
vt 0.72038 0.03900
vt 0.20423 0.01940
vt 0.50168 0.06208
vt 0.91883 0.31745
vt 0.07574 0.08637
vt 0.33195 0.15507
vt 0.76718 0.02574
vt 0.03490 0.35998
vt 0.92856 0.73015
vt 0.27195 0.74265
vt 0.34083 0.43912
vt 0.81323 0.98804
vt 0.48096 0.03454
vt 0.01196 0.08280
vt 0.22491 0.66572
vt 0.18248 0.68230
vt 0.96006 0.20850
vt 0.56885 0.08485
vt 0.01982 0.18459
vt 0.67786 0.33968
vt 0.78589 0.15799
vt 0.02019 0.16325
vt 0.25558 0.20958
vt 0.77458 0.05811
vt 0.20654 0.05713
vt 0.74168 0.70429
vt 0.17861 0.22053
vt 0.73327 0.68321
vt 0.26732 0.02294
vt 0.18804 0.19797
vt 0.27297 0.02588
vt 0.83675 0.12378
vt 0.18100 0.20091
vt 0.29465 0.32758
vt 0.08485 0.68852
vt 0.52919 0.63604
vt 0.44199 0.63510
vt 0.57861 0.01064
vt 0.81001 0.02753
vt 0.96846 0.25670
vt 0.47238 0.63721
vt 0.38760 0.11226
vt 0.73621 0.05532
vt 0.93188 0.30409
vt 0.37957 0.58754
vt 0.46854 0.63445
vt 0.29491 0.81503
vt 0.77269 0.29286
vt 0.17430 0.17139
vt 0.93681 0.31825
vt 0.98233 0.06096
vt 0.49702 0.06075
vt 0.99050 0.39755
vt 0.02265 0.35564
vt 0.92777 0.29418
vt 0.92091 0.28749
vt 0.33220 0.12510
vt 0.38584 0.21365
vt 0.62284 0.42750
vt 0.89307 0.08684
vt 0.92300 0.83057
vt 0.92338 0.31368
vt 0.07119 0.08261
vt 0.32543 0.15130
vt 0.92122 0.74484
vt 0.47090 0.44757
vt 0.46121 0.43982
vt 0.24326 0.64123
vt 0.15526 0.49268
vt 0.24079 0.64371
vt 0.47944 0.48700
vt 0.17425 0.50621
vt 0.36084 0.05169
vt 0.29296 0.05071
vt 0.46402 0.48227
vt 0.16952 0.52163
vt 0.48754 0.03564
vt 0.22306 0.65914
vt 0.02453 0.08272
vt 0.21234 0.65722
vt 0.21556 0.21860
vt 0.43758 0.37418
vt 0.04920 0.12568
vt 0.22737 0.19641
vt 0.05724 0.12610
vt 0.12354 0.10129
vt 0.83876 0.13510
vt 0.17611 0.21223
vt 0.29023 0.30499
vt 0.35019 0.59052
vt 0.36186 0.59002
vt 0.45196 0.63234
vt 0.96566 0.23702
vt 0.49206 0.63410
vt 0.92895 0.03369
vt 0.06104 0.02295
vt 0.81874 0.03076
vt 0.37818 0.01331
vt 0.00342 0.01331
vt 0.97606 0.24797
vt 0.32952 0.07288
vt 0.97673 0.23565
vt 0.38525 0.07063
vt 0.88931 0.09814
vt 0.32850 0.44396
vt 0.96625 0.39684
vt 0.88439 0.09343
vt 0.96154 0.40176
vt 0.39849 0.07080
vt 0.34174 0.44274
vt 0.01040 0.29248
vt 0.91983 0.30979
vt 0.07474 0.07871
vt 0.36542 0.43465
vt 0.95694 0.35992
vt 0.35012 0.44509
vt 0.96738 0.37522
vt 0.35494 0.43908
vt 0.92942 0.80789
vt 0.25887 0.74854
vt 0.80875 0.97496
vt 0.42898 0.45043
vt 0.06450 0.99535
vt 0.46393 0.47399
vt 0.50244 0.02634
vt 0.23410 0.63602
vt 0.16442 0.48748
vt 0.21979 0.72665
vt 0.81253 0.93588
vt 0.50831 0.02686
vt 0.22824 0.63042
vt 0.36368 0.05613
vt 0.29012 0.05515
vt 0.37499 0.05615
vt 0.27881 0.05518
vt 0.36943 0.04750
vt 0.28436 0.04653
vt 0.61279 0.05683
vt 0.10596 0.05357
vt 0.21894 0.04541
vt 0.20947 0.22832
vt 0.43258 0.38390
vt 0.82568 0.02690
vt 0.02314 0.17208
vt 0.24715 0.21841
vt 0.57356 0.25279
vt 0.14916 0.09380
vt 0.47237 0.76940
vt 0.62570 0.22431
vt 0.47393 0.74069
vt 0.63288 0.22443
vt 0.16650 0.19101
vt 0.38865 0.81367
vt 0.82126 0.12374
vt 0.29499 0.30932
vt 0.34544 0.58779
vt 0.28655 0.29712
vt 0.35388 0.58791
vt 0.96719 0.23465
vt 0.49443 0.63211
vt 0.23682 0.01318
vt 0.52507 0.63157
vt 0.32050 0.07373
vt 0.96772 0.23436
vt 0.49472 0.62881
vt 0.31910 0.06704
vt 0.96631 0.23134
vt 0.49774 0.63550
vt 0.59787 0.42695
vt 0.43341 0.62832
vt 0.38239 0.04443
vt 0.09649 0.01632
vt 0.51489 0.12296
vt 0.61378 0.43381
vt 0.88670 0.08053
vt 0.38738 0.57544
vt 0.29395 0.80938
vt 0.72803 0.02676
vt 0.21777 0.18027
vt 0.29253 0.80268
vt 0.65563 0.08449
vt 0.32900 0.08449
vt 0.89990 0.07178
vt 0.91779 0.30048
vt 0.09352 0.05637
vt 0.32777 0.13810
vt 0.65283 0.08592
vt 0.33179 0.08592
vt 0.92059 0.30192
vt 0.32718 0.13953
vt 0.31771 0.08406
vt 0.91118 0.06703
vt 0.40199 0.06997
vt 0.34523 0.43963
vt 0.92996 0.81760
vt 0.47699 0.45212
vt 0.78268 0.74365
vt 0.17682 0.48517
vt 0.19067 0.72797
vt 0.81079 0.90676
vt 0.16393 0.68554
vt 0.81621 0.76183
vt 0.17545 0.70192
vt 0.68356 0.35445
vt 0.86379 0.38063
vt 0.43883 0.39743
vt 0.42236 0.08740
vt 0.02225 0.17636
vt 0.49488 0.75816
vt 0.82490 0.14557
vt 0.73294 0.66057
vt 0.83232 0.14893
vt 0.73012 0.66799
vt 0.82091 0.13628
vt 0.29077 0.30379
vt 0.34966 0.58566
vt 0.44669 0.61705
vt 0.31727 0.83688
vt 0.09131 0.01807
vt 0.52008 0.12744
vt 0.53966 0.62507
vt 0.03868 0.15576
vt 0.37578 0.02002
vt 0.00582 0.02002
vt 0.96935 0.24743
vt 0.11874 0.69604
vt 0.49351 0.05425
vt 0.71422 0.04639
vt 0.93046 0.31205
vt 0.13696 0.69659
vt 0.32439 0.12598
vt 0.37804 0.20977
vt 0.51661 0.11060
vt 0.51123 0.05561
vt 0.92041 0.31176
vt 0.07416 0.08068
vt 0.32462 0.14938
vt 0.88137 0.08924
vt 0.95735 0.40479
vt 0.66815 0.51806
vt 0.38221 0.42714
vt 0.64308 0.29568
vt 0.28198 0.79772
vt 0.65986 0.30519
vt 0.48107 0.49463
vt 0.18188 0.50458
vt 0.82519 0.74012
vt 0.20021 0.64377
vt 0.20975 0.04264
vt 0.44177 0.38614
vt 0.40771 0.04255
vt 0.05557 0.13432
vt 0.21873 0.20589
vt 0.40829 0.04092
vt 0.22032 0.20531
vt 0.43988 0.36089
vt 0.11389 0.01836
vt 0.63985 0.22118
vt 0.66650 0.04597
vt 0.65034 0.21813
vt 0.80666 0.12030
vt 0.94769 0.13098
vt 0.81922 0.14359
vt 0.73263 0.65489
vt 0.80720 0.12246
vt 0.95369 0.13314
vt 0.81356 0.13522
vt 0.96831 0.22226
vt 0.50682 0.62991
vt 0.60335 0.43799
vt 0.42725 0.61728
vt 0.37695 0.57127
vt 0.52131 0.62289
vt 0.02032 0.15133
vt 0.46677 0.63261
vt 0.29738 0.81681
vt 0.24152 0.01356
vt 0.52977 0.63119
vt 0.24068 0.01514
vt 0.52894 0.62961
vt 0.37158 0.01755
vt 0.01002 0.01755
vt 0.73192 0.03564
vt 0.30142 0.79964
vt 0.32993 0.08112
vt 0.91872 0.29711
vt 0.08931 0.05730
vt 0.32357 0.13473
vt 0.29957 0.80655
vt 0.97856 0.23496
vt 0.92222 0.77235
vt 0.36462 0.43128
vt 0.92161 0.79821
vt 0.92184 0.75349
vt 0.58562 0.02167
vt 0.91946 0.75910
vt 0.63562 0.17403
vt 0.39819 0.56949
vt 0.33393 0.41453
vt 0.93682 0.39142
vt 0.78864 0.99467
vt 0.74854 0.59997
vt 0.35272 0.43052
vt 0.95281 0.37263
vt 0.67488 0.29796
vt 0.28639 0.24648
vt 0.05206 0.98605
vt 0.51110 0.02368
vt 0.22545 0.62887
vt 0.17308 0.48033
vt 0.22527 0.73641
vt 0.80714 0.94136
vt 0.19201 0.64682
vt 0.85494 0.75526
vt 0.17836 0.66798
vt 0.83377 0.75351
vt 0.78234 0.16744
vt 0.14272 0.10673
vt 0.78055 0.17822
vt 0.05008 0.11770
vt 0.13193 0.10289
vt 0.72618 0.69769
vt 0.11641 0.02096
vt 0.63865 0.21866
vt 0.68022 0.05393
vt 0.66406 0.21017
vt 0.38836 0.80045
vt 0.82436 0.11629
vt 0.16854 0.19342
vt 0.94448 0.12698
vt 0.38620 0.81607
vt 0.81056 0.13593
vt 0.81015 0.14349
vt 0.73242 0.64582
vt 0.80662 0.14069
vt 0.95222 0.15138
vt 0.73094 0.64229
vt 0.96822 0.06540
vt 0.09947 0.70008
vt 0.36199 0.58404
vt 0.96943 0.22733
vt 0.50175 0.62542
vt 0.45658 0.62825
vt 0.30761 0.82700
vt 0.92670 0.31274
vt 0.06787 0.08166
vt 0.32413 0.15036
vt 0.32168 0.15129
vt 0.51704 0.10507
vt 0.88525 0.12765
vt 0.08350 0.05218
vt 0.31775 0.13772
vt 0.21942 0.17146
vt 0.78564 0.10434
vt 0.91768 0.78393
vt 0.88486 0.08847
vt 0.61815 0.06601
vt 0.91377 0.71939
vt 0.40130 0.10498
vt 0.48760 0.44277
vt 0.77334 0.72569
vt 0.47959 0.47557
vt 0.18333 0.48809
vt 0.21105 0.62554
vt 0.74582 0.50732
vt 0.42804 0.40869
vt 0.87178 0.41464
vt 0.33401 0.16615
vt 0.28649 0.10394
vt 0.71336 0.68251
vt 0.63681 0.20266
vt 0.41561 0.79191
vt 0.65128 0.21096
vt 0.40114 0.79596
vt 0.83774 0.14380
vt 0.17328 0.22093
vt 0.72795 0.67341
vt 0.72849 0.65289
vt 0.80518 0.13696
vt 0.95127 0.14765
vt 0.30448 0.32298
vt 0.88532 0.17807
vt 0.50732 0.04248
vt 0.07503 0.70046
vt 0.34035 0.57913
vt 0.19879 0.15444
vt 0.30763 0.15300
vt 0.18211 0.11219
vt 0.12641 0.70325
vt 0.29347 0.80597
vt 0.91923 0.31163
vt 0.32141 0.14925
vt 0.22840 0.03076
vt 0.31714 0.14461
vt 0.90745 0.11955
vt 0.61670 0.07278
vt 0.91523 0.70775
vt 0.64501 0.28649
vt 0.28005 0.79277
vt 0.35699 0.32733
vt 0.37646 0.10138
vt 0.46276 0.42765
vt 0.91560 0.75078
vt 0.88499 0.22217
vt 0.42261 0.44174
vt 0.66755 0.29344
vt 0.05813 0.98154
vt 0.48932 0.48005
vt 0.48504 0.49068
vt 0.20411 0.64046
vt 0.18306 0.65904
vt 0.84272 0.75109
vt 0.02879 0.17787
vt 0.24454 0.22420
vt 0.22321 0.20475
vt 0.91407 0.05420
vt 0.71045 0.07158
vt 0.72244 0.65957
vt 0.89990 0.05155
vt 0.72329 0.64540
vt 0.72886 0.06834
vt 0.94336 0.15598
vt 0.72209 0.64116
vt 0.93769 0.13339
vt 0.36240 0.82248
vt 0.30459 0.31510
vt 0.31593 0.31151
vt 0.89676 0.16660
vt 0.51880 0.03426
vt 0.32450 0.56624
vt 0.79189 0.05713
vt 0.08973 0.70561
vt 0.52698 0.11725
vt 0.03523 0.14557
vt 0.98535 0.22690
vt 0.57764 0.02686
vt 0.97607 0.02783
vt 0.92066 0.76429
vt 0.58043 0.02136
vt 0.92210 0.75879
vt 0.92923 0.40313
vt 0.64004 0.51157
vt 0.72554 0.05411
vt 0.35785 0.42435
vt 0.94664 0.36749
vt 0.32927 0.42260
vt 0.79671 0.98873
vt 0.48147 0.46066
vt 0.50807 0.02133
vt 0.17004 0.48195
vt 0.17331 0.66566
vt 0.83610 0.75913
vt 0.15500 0.73774
vt 0.76401 0.75256
vt 0.16916 0.74054
vt 0.76121 0.76279
vt 0.79876 0.88525
vt 0.16780 0.72676
vt 0.15727 0.72008
vt 0.78167 0.76218
vt 0.76281 0.76142
vt 0.88316 0.39610
vt 0.57707 0.08393
vt 0.02805 0.18506
vt 0.02789 0.18217
vt 0.24049 0.22850
vt 0.02996 0.17391
vt 0.24291 0.22024
vt 0.21328 0.22056
vt 0.43454 0.37613
vt 0.83484 0.02783
vt 0.03229 0.16665
vt 0.24621 0.21298
vt 0.82933 0.02584
vt 0.02679 0.17079
vt 0.22575 0.20763
vt 0.22345 0.20574
vt 0.77794 0.16227
vt 0.25130 0.20482
vt 0.77686 0.17794
vt 0.04639 0.11742
vt 0.13222 0.10157
vt 0.23563 0.19819
vt 0.64466 0.20905
vt 0.90086 0.05096
vt 0.72229 0.64636
vt 0.78174 0.04661
vt 0.08514 0.69546
vt 0.97769 0.22229
vt 0.98068 0.02017
vt 0.50679 0.62023
vt 0.00580 0.14293
vt 0.30672 0.80473
vt 0.52593 0.11175
vt 0.51405 0.06494
vt 0.03794 0.14007
vt 0.77295 0.03821
vt 0.88765 0.11876
vt 0.12152 0.98074
vt 0.66560 0.51863
vt 0.97830 0.02179
vt 0.00342 0.14131
vt 0.24128 0.17084
vt 0.91706 0.76207
vt 0.22964 0.03024
vt 0.31766 0.14994
vt 0.31800 0.12653
vt 0.37165 0.21208
vt 0.91027 0.72665
vt 0.42729 0.43506
vt 0.66087 0.29083
vt 0.06281 0.97892
vt 0.39115 0.09676
vt 0.88037 0.20749
vt 0.76676 0.73390
vt 0.41943 0.45056
vt 0.05496 0.98053
vt 0.48385 0.45390
vt 0.78447 0.73286
vt 0.49175 0.49226
vt 0.82282 0.72968
vt 0.22356 0.62718
vt 0.17497 0.47864
vt 0.18798 0.50007
vt 0.83129 0.73368
vt 0.16248 0.71510
vt 0.78665 0.75685
vt 0.70504 0.35603
vt 0.41455 0.40283
vt 0.88527 0.39353
vt 0.59100 0.09717
vt 0.04197 0.18339
vt 0.70001 0.33848
vt 0.22951 0.22971
vt 0.41958 0.38529
vt 0.44264 0.06816
vt 0.59116 0.23436
vt 0.49080 0.74625
vt 0.61670 0.21389
vt 0.48435 0.73644
vt 0.31060 0.31762
vt 0.51268 0.03958
vt 0.33643 0.05367
vt 0.31458 0.79996
vt 0.30829 0.79726
vt 0.47501 0.62384
vt 0.31067 0.80856
vt 0.43651 0.60809
vt 0.30926 0.84706
vt 0.52588 0.03336
vt 0.30403 0.79344
vt 0.73810 0.02681
vt 0.53733 0.03657
vt 0.21538 0.17020
vt 0.29259 0.80507
vt 0.31630 0.13075
vt 0.36731 0.42821
vt 0.91855 0.79552
vt 0.27783 0.81262
vt 0.90804 0.74194
vt 0.89255 0.21334
vt 0.49412 0.46814
vt 0.79871 0.72959
vt 0.49012 0.47170
vt 0.79308 0.96023
vt 0.50350 0.48325
vt 0.81381 0.72390
vt 0.20948 0.62799
vt 0.18904 0.47945
vt 0.75075 0.50576
vt 0.19327 0.63766
vt 0.74286 0.48954
vt 0.86409 0.76438
vt 0.16700 0.71901
vt 0.21011 0.23193
vt 0.42809 0.38751
vt 0.42323 0.07667
vt 0.22734 0.21628
vt 0.33799 0.18336
vt 0.71434 0.66530
vt 0.67564 0.05713
vt 0.65948 0.20697
vt 0.09980 0.04443
vt 0.39294 0.79897
vt 0.66276 0.20793
vt 0.10308 0.04153
vt 0.38966 0.79606
vt 0.38863 0.79147
vt 0.38200 0.78871
vt 0.37390 0.80000
vt 0.93948 0.13018
vt 0.36768 0.81927
vt 0.99324 0.08236
vt 0.37245 0.78926
vt 0.87451 0.15301
vt 0.34675 0.57375
vt 0.09376 0.70465
vt 0.36617 0.56310
vt 0.46489 0.61680
vt 0.31155 0.81868
vt 0.16540 0.11826
vt 0.59717 0.16489
vt 0.14641 0.70553
vt 0.19069 0.14202
vt 0.16970 0.11691
vt 0.91442 0.74740
vt 0.78277 0.72417
vt 0.78847 0.94294
vt 0.21178 0.61854
vt 0.18674 0.47000
vt 0.20031 0.49232
vt 0.19932 0.63448
vt 0.74170 0.49559
vt 0.85819 0.76554
vt 0.18022 0.74356
vt 0.79496 0.89631
vt 0.83735 0.76772
vt 0.43072 0.38706
vt 0.42793 0.07930
vt 0.03701 0.17491
vt 0.23369 0.22124
vt 0.23861 0.21041
vt 0.71445 0.07471
vt 0.72069 0.65557
vt 0.31116 0.31403
vt 0.79582 0.05270
vt 0.09145 0.70954
vt 0.35270 0.56710
vt 0.34981 0.05518
vt 0.31846 0.78657
vt 0.35090 0.05011
vt 0.31900 0.78549
vt 0.93943 0.07251
vt 0.32755 0.79937
vt 0.32559 0.80405
vt 0.25146 0.04834
vt 0.31672 0.78766
vt 0.02903 0.13939
vt 0.11261 0.98326
vt 0.00841 0.14322
vt 0.24627 0.16825
vt 0.32080 0.03864
vt 0.09199 0.98079
vt 0.53616 0.03662
vt 0.22010 0.17026
vt 0.91648 0.78325
vt 0.29375 0.80035
vt 0.21848 0.16561
vt 0.91183 0.78487
vt 0.28871 0.80197
vt 0.88808 0.20905
vt 0.50058 0.47727
vt 0.51894 0.17041
vt 0.80783 0.72934
vt 0.74740 0.48503
vt 0.86652 0.76891
vt 0.36031 0.80598
vt 0.94311 0.09131
vt 0.34634 0.81197
vt 0.35110 0.78831
vt 0.93701 0.08041
vt 0.33544 0.80411
vt 0.34067 0.81215
vt 0.33036 0.80383
vt 0.82373 0.04602
vt 0.32582 0.78297
vt 0.82493 0.05029
vt 0.32388 0.78725
vt 0.83320 0.03795
vt 0.26422 0.04202
vt 0.32253 0.77491
vt 0.33398 0.78580
vt 0.25516 0.04277
vt 0.31648 0.78396
vt 0.32073 0.82897
vt 0.10968 0.70802
vt 0.53531 0.03366
vt 0.29460 0.80066
vt 0.77987 0.03444
vt 0.89606 0.11184
vt 0.14283 0.13964
vt 0.62441 0.07838
vt 0.12992 0.97382
vt 0.45648 0.41635
vt 0.90614 0.75706
vt 0.09200 0.97245
vt 0.46104 0.42454
vt 0.91277 0.75250
vt 0.16432 0.11022
vt 0.44629 0.41936
vt 0.08181 0.97370
vt 0.40678 0.57544
vt 0.36269 0.19113
vt 0.16064 0.09501
vt 0.62042 0.16013
vt 0.41209 0.56808
vt 0.71045 0.05917
vt 0.34277 0.41930
vt 0.42320 0.44056
vt 0.66637 0.29119
vt 0.27962 0.23981
vt 0.05873 0.97929
vt 0.28125 0.24969
vt 0.04885 0.98092
vt 0.27193 0.28751
vt 0.78907 0.97714
vt 0.01103 0.97160
vt 0.32337 0.41214
vt 0.26911 0.28893
vt 0.78625 0.98819
vt 0.20390 0.62232
vt 0.74994 0.50017
vt 0.20177 0.74506
vt 0.79358 0.91786
vt 0.15381 0.67841
vt 0.82334 0.77540
vt 0.41968 0.39948
vt 0.88014 0.41553
vt 0.22252 0.22204
vt 0.14894 0.58067
vt 0.70804 0.71348
vt 0.70870 0.69806
vt 0.65099 0.20479
vt 0.09131 0.04106
vt 0.40143 0.79560
vt 0.23011 0.10693
vt 0.39451 0.77985
vt 0.36757 0.99176
vt 0.38498 0.78449
vt 0.37965 0.77698
vt 0.98634 0.08936
vt 0.37286 0.79626
vt 0.38922 0.99517
vt 0.35279 0.82432
vt 0.34951 0.82958
vt 0.27412 0.07128
vt 0.05875 0.72216
vt 0.95924 0.06885
vt 0.10656 0.70907
vt 0.13818 0.16357
vt 0.11475 0.19195
vt 0.10599 0.97582
vt 0.23282 0.16369
vt 0.79905 0.10889
vt 0.29069 0.78763
vt 0.90909 0.11239
vt 0.62386 0.07573
vt 0.90961 0.11512
vt 0.62113 0.07020
vt 0.29736 0.13969
vt 0.18970 0.09887
vt 0.29716 0.79367
vt 0.30231 0.13542
vt 0.35596 0.21582
vt 0.18533 0.09460
vt 0.63076 0.16795
vt 0.40427 0.57000
vt 0.65606 0.27724
vt 0.26566 0.23885
vt 0.05968 0.96533
vt 0.76304 0.71836
vt 0.27216 0.25739
vt 0.04114 0.97183
vt 0.79012 0.97318
vt 0.50543 0.74813
vt 0.90088 0.23887
vt 0.14884 0.56594
vt 0.50123 0.78434
vt 0.41943 0.02458
vt 0.45557 0.02281
vt 0.33939 0.20249
vt 0.71161 0.64617
vt 0.93397 0.13925
vt 0.36620 0.82835
vt 0.93425 0.14957
vt 0.71297 0.63602
vt 0.36517 0.78471
vt 0.39692 0.99469
vt 0.33382 0.77264
vt 0.34271 0.82388
vt 0.31731 0.81888
vt 0.95068 0.06435
vt 0.11070 0.71763
vt 0.30235 0.78951
vt 0.63486 0.18075
vt 0.39147 0.56107
vt 0.64507 0.52345
vt 0.05134 0.97398
vt 0.19462 0.74614
vt 0.79303 0.91071
vt 0.76955 0.77081
vt 0.41088 0.78940
vt 0.41779 0.78629
vt 0.32941 0.18204
vt 0.32253 0.16409
vt 0.28564 0.11542
vt 0.71421 0.68458
vt 0.40887 0.77534
vt 0.35322 0.98730
vt 0.27853 0.12731
vt 0.37043 0.77343
vt 0.39165 0.99658
vt 0.22900 0.09718
vt 0.40218 0.77010
vt 0.35990 0.99287
vt 0.66650 0.03661
vt 0.37670 0.98899
vt 0.97998 0.07056
vt 0.27075 0.13135
vt 0.37203 0.77746
vt 0.39006 0.98881
vt 0.42378 0.02053
vt 0.45991 0.02686
vt 0.34373 0.20654
vt 0.24405 0.05322
vt 0.71064 0.64212
vt 0.35632 0.77836
vt 0.40576 0.99258
vt 0.17041 0.04763
vt 0.60289 0.05713
vt 0.35048 0.82970
vt 0.91542 0.07912
vt 0.32803 0.84860
vt 0.42957 0.60727
vt 0.30439 0.85400
vt 0.37377 0.56125
vt 0.30358 0.76993
vt 0.29237 0.78269
vt 0.78425 0.03955
vt 0.62879 0.08350
vt 0.13927 0.96944
vt 0.24568 0.15660
vt 0.32869 0.05029
vt 0.81190 0.10614
vt 0.90283 0.75767
vt 0.09140 0.96913
vt 0.14245 0.14911
vt 0.12045 0.97370
vt 0.71232 0.06104
vt 0.34464 0.41743
vt 0.27104 0.25343
vt 0.79003 0.96020
vt 0.81369 0.70667
vt 0.82173 0.70542
vt 0.79179 0.91292
vt 0.42163 0.38847
vt 0.70906 0.69218
vt 0.31826 0.17441
vt 0.71244 0.67426
vt 0.34187 0.19226
vt 0.71036 0.65640
vt 0.33218 0.19195
vt 0.67776 0.03402
vt 0.38796 0.98730
vt 0.39109 0.98330
vt 0.89929 0.15898
vt 0.89549 0.14990
vt 0.32577 0.56155
vt 0.17675 0.06104
vt 0.34429 0.84311
vt 0.34451 0.77567
vt 0.02100 0.03076
vt 0.33599 0.76878
vt 0.03033 0.02397
vt 0.32919 0.76806
vt 0.34864 0.56488
vt 0.35114 0.56421
vt 0.12359 0.19287
vt 0.11588 0.96698
vt 0.11951 0.18716
vt 0.32656 0.04863
vt 0.09101 0.97079
vt 0.95287 0.02686
vt 0.11416 0.96232
vt 0.15254 0.15276
vt 0.90299 0.73226
vt 0.12128 0.17760
vt 0.90161 0.10845
vt 0.62780 0.07243
vt 0.15238 0.14216
vt 0.90477 0.72166
vt 0.90220 0.19913
vt 0.12588 0.17044
vt 0.11027 0.59692
vt 0.90448 0.19333
vt 0.75788 0.70980
vt 0.06414 0.97145
vt 0.27504 0.27120
vt 0.02734 0.97471
vt 0.51759 0.15591
vt 0.79522 0.71484
vt 0.78627 0.91733
vt 0.25537 0.06396
vt 0.86437 0.77707
vt 0.85592 0.78204
vt 0.63155 0.19521
vt 0.42087 0.79341
vt 0.82082 0.18807
vt 0.50303 0.73842
vt 0.32232 0.18570
vt 0.70871 0.66297
vt 0.91066 0.16666
vt 0.31061 0.55823
vt 0.04969 0.71669
vt 0.34005 0.83838
vt 0.32498 0.75584
vt 0.43710 0.98143
vt 0.11034 0.70936
vt 0.31210 0.77210
vt 0.29697 0.76248
vt 0.38729 0.33465
vt 0.46511 0.98580
vt 0.60561 0.17752
vt 0.13378 0.71408
vt 0.15227 0.13250
vt 0.62799 0.06894
vt 0.90394 0.71200
vt 0.08259 0.96980
vt 0.80370 0.71775
vt 0.20808 0.47277
vt 0.41255 0.32509
vt 0.24854 0.03467
vt 0.44321 0.78982
vt 0.79848 0.18544
vt 0.25928 0.02567
vt 0.43421 0.77908
vt 0.50697 0.77370
vt 0.50604 0.01110
vt 0.70574 0.69702
vt 0.36537 0.98676
vt 0.32792 0.19180
vt 0.70778 0.65687
vt 0.67303 0.03857
vt 0.38323 0.98898
vt 0.35651 0.77190
vt 0.40557 0.98445
vt 0.92868 0.14691
vt 0.35819 0.83600
vt 0.90658 0.15438
vt 0.31468 0.55901
vt 0.90289 0.17822
vt 0.05745 0.71563
vt 0.17696 0.05688
vt 0.34603 0.83895
vt 0.06104 0.03057
vt 0.34400 0.76792
vt 0.41808 0.98726
vt 0.06285 0.03271
vt 0.34218 0.76585
vt 0.02549 0.02887
vt 0.07094 0.03108
vt 0.33409 0.76931
vt 0.33478 0.55691
vt 0.92961 0.08299
vt 0.31384 0.85203
vt 0.36431 0.55751
vt 0.10885 0.71424
vt 0.11493 0.71408
vt 0.63032 0.07939
vt 0.13906 0.02588
vt 0.13624 0.96791
vt 0.14464 0.13274
vt 0.63120 0.07657
vt 0.13818 0.02307
vt 0.61416 0.16827
vt 0.51767 0.15276
vt 0.79307 0.71169
vt 0.47233 0.15874
vt 0.78139 0.96934
vt 0.00342 0.96392
vt 0.52745 0.15647
vt 0.53044 0.15452
vt 0.79588 0.71345
vt 0.18749 0.46831
vt 0.75588 0.50730
vt 0.78463 0.91224
vt 0.25790 0.05693
vt 0.21308 0.48631
vt 0.40283 0.33863
vt 0.86690 0.77982
vt 0.85639 0.71165
vt 0.80127 0.79869
vt 0.43108 0.77535
vt 0.33101 0.98040
vt 0.31724 0.17799
vt 0.64893 0.03969
vt 0.70593 0.67068
vt 0.33891 0.19640
vt 0.42731 0.02686
vt 0.46344 0.02053
vt 0.34727 0.20022
vt 0.70619 0.64845
vt 0.32869 0.20525
vt 0.22900 0.05452
vt 0.70436 0.64342
vt 0.32964 0.76113
vt 0.43244 0.97850
vt 0.11209 0.71450
vt 0.11610 0.72509
vt 0.89717 0.75230
vt 0.09677 0.96347
vt 0.12204 0.18468
vt 0.90298 0.10534
vt 0.63091 0.07363
vt 0.13847 0.02013
vt 0.89861 0.73933
vt 0.90197 0.21072
vt 0.53787 0.27197
vt 0.07643 0.96091
vt 0.76599 0.71288
vt 0.55536 0.22705
vt 0.78434 0.70277
vt 0.27135 0.05521
vt 0.76269 0.48344
vt 0.88035 0.78420
vt 0.78177 0.90400
vt 0.25034 0.02710
vt 0.80604 0.18987
vt 0.50271 0.01416
vt 0.70241 0.69655
vt 0.25355 0.09078
vt 0.35675 0.96833
vt 0.17653 0.04053
vt 0.36031 0.96879
vt 0.38304 0.98025
vt 0.92364 0.15224
vt 0.35123 0.84134
vt 0.59136 0.04953
vt 0.34746 0.84123
vt 0.10043 0.71823
vt 0.31737 0.75681
vt 0.44472 0.97472
vt 0.63367 0.18623
vt 0.62957 0.01553
vt 0.63888 0.52893
vt 0.14680 0.12951
vt 0.63547 0.07441
vt 0.89404 0.73274
vt 0.90654 0.20413
vt 0.13022 0.17952
vt 0.92641 0.40306
vt 0.63722 0.51247
vt 0.49927 0.16162
vt 0.58915 0.41236
vt 0.03036 0.96128
vt 0.75807 0.77743
vt 0.78411 0.87663
vt 0.15959 0.59469
vt 0.69739 0.72750
vt 0.15234 0.59377
vt 0.70464 0.72659
vt 0.50992 0.74936
vt 0.50244 0.01155
vt 0.70214 0.69750
vt 0.33558 0.97765
vt 0.31450 0.17227
vt 0.65111 0.04541
vt 0.70375 0.67640
vt 0.31299 0.17829
vt 0.70519 0.67038
vt 0.24756 0.11471
vt 0.39144 0.96561
vt 0.89841 0.14277
vt 0.32285 0.55303
vt 0.10638 0.72596
vt 0.62646 0.27634
vt 0.37579 0.33748
vt 0.95109 0.02458
vt 0.13066 0.18863
vt 0.11643 0.95992
vt 0.61082 0.17482
vt 0.62918 0.18281
vt 0.62511 0.02002
vt 0.60570 0.06475
vt 0.90422 0.58408
vt 0.32275 0.40589
vt 0.47790 0.14126
vt 0.26286 0.28955
vt 0.78000 0.98682
vt 0.24575 0.26422
vt 0.57328 0.43538
vt 0.03431 0.94541
vt 0.01801 0.96383
vt 0.51025 0.14165
vt 0.78798 0.70058
vt 0.77657 0.92369
vt 0.31324 0.11768
vt 0.53813 0.11475
vt 0.68661 0.68119
vt 0.65890 0.03448
vt 0.69596 0.66547
vt 0.69120 0.63851
vt 0.23635 0.05713
vt 0.69932 0.64603
vt 0.31484 0.55032
vt 0.14893 0.23985
vt 0.34931 0.75823
vt 0.41277 0.98423
vt 0.35873 0.75827
vt 0.23682 0.03076
vt 0.40336 0.98209
vt 0.23950 0.02645
vt 0.40212 0.97778
vt 0.59140 0.04687
vt 0.34693 0.84119
vt 0.58838 0.04393
vt 0.92094 0.15512
vt 0.34629 0.84421
vt 0.42742 0.97782
vt 0.90869 0.09131
vt 0.33476 0.84568
vt 0.34339 0.54919
vt 0.10847 0.72436
vt 0.39057 0.34296
vt 0.45521 0.97749
vt 0.10737 0.93103
vt 0.61670 0.18634
vt 0.63901 0.27058
vt 0.35596 0.34324
vt 0.07236 0.95867
vt 0.53272 0.14096
vt 0.79121 0.69989
vt 0.19591 0.46279
vt 0.76243 0.49889
vt 0.40696 0.31511
vt 0.41229 0.34477
vt 0.85915 0.70219
vt 0.16591 0.58307
vt 0.25110 0.02502
vt 0.43356 0.78726
vt 0.80813 0.19370
vt 0.34491 0.97823
vt 0.65966 0.04491
vt 0.69520 0.67589
vt 0.36620 0.97651
vt 0.69672 0.65232
vt 0.07229 0.04198
vt 0.12842 0.03306
vt 0.31009 0.54929
vt 0.15368 0.26709
vt 0.04917 0.72564
vt 0.08416 0.04443
vt 0.15584 0.25522
vt 0.04701 0.72319
vt 0.36225 0.76279
vt 0.64697 0.02437
vt 0.91846 0.16064
vt 0.33956 0.84974
vt 0.33860 0.55002
vt 0.69718 0.61340
vt 0.40959 0.97921
vt 0.40299 0.01228
vt 0.41081 0.97577
vt 0.41452 0.97344
vt 0.38012 0.34273
vt 0.61186 0.18799
vt 0.58838 0.06722
vt 0.12331 0.72698
vt 0.88691 0.58926
vt 0.95307 0.02144
vt 0.13231 0.18666
vt 0.11957 0.95826
vt 0.13268 0.18083
vt 0.10347 0.59814
vt 0.08858 0.95677
vt 0.77767 0.91637
vt 0.58252 0.12721
vt 0.77117 0.89589
vt 0.44345 0.78498
vt 0.45516 0.78290
vt 0.78653 0.19530
vt 0.45113 0.77378
vt 0.79056 0.19564
vt 0.31095 0.97769
vt 0.44804 0.78438
vt 0.79365 0.19466
vt 0.16762 0.55590
vt 0.52001 0.78955
vt 0.68777 0.67300
vt 0.38906 0.96756
vt 0.36147 0.76528
vt 0.64974 0.02686
vt 0.40062 0.97479
vt 0.32423 0.55132
vt 0.65744 0.13967
vt 0.07084 0.73079
vt 0.33317 0.76218
vt 0.69287 0.01807
vt 0.02158 0.01709
vt 0.03048 0.01709
vt 0.42891 0.97235
vt 0.62354 0.13809
vt 0.10475 0.73217
vt 0.88298 0.60782
vt 0.10376 0.72682
vt 0.10764 0.95437
vt 0.52930 0.26955
vt 0.36461 0.34343
vt 0.08101 0.95849
vt 0.92386 0.18507
vt 0.58992 0.22115
vt 0.74978 0.69042
vt 0.08861 0.58286
vt 0.77557 0.98957
vt 0.76161 0.61984
vt 0.77548 0.95845
vt 0.46240 0.15554
vt 0.76904 0.97254
vt 0.78750 0.46935
vt 0.88645 0.80902
vt 0.45514 0.78196
vt 0.78655 0.19887
vt 0.52368 0.76937
vt 0.81861 0.20465
vt 0.51961 0.72240
vt 0.32129 0.97326
vt 0.68441 0.69813
vt 0.36326 0.76009
vt 0.64755 0.02167
vt 0.39882 0.97697
vt 0.24105 0.02279
vt 0.40387 0.97413
vt 0.53642 0.02588
vt 0.81689 0.01807
vt 0.42036 0.96673
vt 0.42713 0.96904
vt 0.44036 0.96990
vt 0.11888 0.72719
vt 0.88037 0.59368
vt 0.37296 0.34774
vt 0.95068 0.02297
vt 0.13209 0.18904
vt 0.91878 0.39437
vt 0.76658 0.60293
vt 0.48793 0.15420
vt 0.80727 0.69635
vt 0.76858 0.89288
vt 0.75336 0.79787
vt 0.76367 0.86775
vt 0.84434 0.79780
vt 0.53467 0.10439
vt 0.12354 0.12066
vt 0.68748 0.68466
vt 0.69160 0.65882
vt 0.37590 0.96899
vt 0.26741 0.07764
vt 0.06474 0.72887
vt 0.32736 0.54097
vt 0.68813 0.62464
vt 0.40012 0.01698
vt 0.63880 0.01991
vt 0.53271 0.01919
vt 0.41368 0.97145
vt 0.10801 0.72791
vt 0.44814 0.96723
vt 0.11203 0.72662
vt 0.39509 0.35128
vt 0.45717 0.96917
vt 0.62354 0.01477
vt 0.90947 0.58817
vt 0.63285 0.52960
vt 0.15505 0.18164
vt 0.08110 0.57457
vt 0.49618 0.14613
vt 0.25169 0.27127
vt 0.80464 0.34679
vt 0.49618 0.15566
vt 0.80300 0.33726
vt 0.58087 0.41832
vt 0.49359 0.14968
vt 0.76084 0.95488
vt 0.77181 0.92152
vt 0.80141 0.21462
vt 0.32180 0.95871
vt 0.38479 0.97343
vt 0.68958 0.64650
vt 0.07178 0.03965
vt 0.13271 0.03357
vt 0.05346 0.72796
vt 0.65530 0.02384
vt 0.39970 0.96923
vt 0.40409 0.97190
vt 0.40019 0.01260
vt 0.63721 0.01553
vt 0.53709 0.01912
vt 0.41361 0.97304
vt 0.34176 0.53984
vt 0.68700 0.61024
vt 0.52333 0.26525
vt 0.36568 0.34773
vt 0.62571 0.15283
vt 0.62691 0.52650
vt 0.09024 0.94634
vt 0.53354 0.25742
vt 0.08562 0.94636
vt 0.49628 0.14817
vt 0.80127 0.34475
vt 0.76793 0.96662
vt 0.76634 0.89846
vt 0.77686 0.20263
vt 0.29725 0.97070
vt 0.68390 0.70943
vt 0.34382 0.96452
vt 0.69841 0.01358
vt 0.79150 0.03276
vt 0.43080 0.96786
vt 0.11738 0.72904
vt 0.88108 0.59519
vt 0.57565 0.22086
vt 0.56962 0.21907
vt 0.77007 0.69844
vt 0.76494 0.92673
vt 0.41669 0.32007
vt 0.43382 0.31719
vt 0.86837 0.81854
vt 0.79866 0.21064
vt 0.31905 0.96269
vt 0.56118 0.10143
vt 0.68886 0.65814
vt 0.17549 0.24804
vt 0.02736 0.73794
vt 0.48091 0.06999
vt 0.17221 0.26218
vt 0.03064 0.75082
vt 0.13976 0.03760
vt 0.06051 0.73701
vt 0.41167 0.96556
vt 0.39893 0.01709
vt 0.64006 0.02002
vt 0.69585 0.01358
vt 0.01709 0.01459
vt 0.03497 0.01459
vt 0.43142 0.96786
vt 0.02227 0.01516
vt 0.02979 0.01516
vt 0.62905 0.14111
vt 0.09923 0.73152
vt 0.59591 0.06982
vt 0.89444 0.58580
vt 0.52371 0.25391
vt 0.36775 0.35908
vt 0.61819 0.14879
vt 0.61939 0.53075
vt 0.62841 0.51580
vt 0.98046 0.03773
vt 0.56451 0.21014
vt 0.52378 0.13518
vt 0.79311 0.69411
vt 0.77534 0.49598
vt 0.41987 0.30791
vt 0.75036 0.88748
vt 0.30847 0.96228
vt 0.60307 0.09717
vt 0.17271 0.58087
vt 0.68427 0.71368
vt 0.25537 0.07581
vt 0.07098 0.74091
vt 0.10307 0.73608
vt 0.88530 0.60949
vt 0.91195 0.59595
vt 0.62563 0.53738
vt 0.97985 0.03949
vt 0.56627 0.21018
vt 0.97758 0.03515
vt 0.56192 0.20549
vt 0.75168 0.97726
vt 0.81338 0.32318
vt 0.57050 0.40424
vt 0.82644 0.69034
vt 0.76665 0.91288
vt 0.45200 0.34521
vt 0.87321 0.66248
vt 0.29736 0.64649
vt 0.82863 0.80217
vt 0.33094 0.96525
vt 0.36980 0.96612
vt 0.29736 0.53513
vt 0.15356 0.11869
vt 0.16640 0.23260
vt 0.68229 0.65463
vt 0.31089 0.53112
vt 0.67828 0.64110
vt 0.39920 0.95951
vt 0.80221 0.02849
vt 0.34033 0.01976
vt 0.43409 0.95715
vt 0.08623 0.73609
vt 0.38800 0.36142
vt 0.45903 0.95903
vt 0.14826 0.18255
vt 0.88037 0.35303
vt 0.08789 0.57654
vt 0.14171 0.94232
vt 0.24509 0.27085
vt 0.81124 0.35340
vt 0.96924 0.04346
vt 0.57023 0.20930
vt 0.76946 0.68692
vt 0.82045 0.34131
vt 0.59802 0.13178
vt 0.75567 0.90046
vt 0.78441 0.21188
vt 0.30481 0.96145
vt 0.18198 0.55913
vt 0.53437 0.78484
vt 0.14841 0.12256
vt 0.17155 0.23648
vt 0.68265 0.65978
vt 0.10151 0.03369
vt 0.07547 0.74478
vt 0.81853 0.01492
vt 0.42189 0.96509
vt 0.79485 0.03369
vt 0.43178 0.96452
vt 0.91045 0.60536
vt 0.62199 0.54679
vt 0.09204 0.10303
vt 0.13033 0.94177
vt 0.76009 0.69321
vt 0.80813 0.34948
vt 0.55930 0.21024
vt 0.78040 0.69100
vt 0.74400 0.97468
vt 0.77873 0.49273
vt 0.42326 0.30647
vt 0.43031 0.33666
vt 0.68066 0.69622
vt 0.05322 0.74195
vt 0.89818 0.60403
vt 0.53028 0.24987
vt 0.09156 0.93881
vt 0.89307 0.40173
vt 0.60387 0.51242
vt 0.58069 0.20431
vt 0.20892 0.12478
vt 0.85555 0.67593
vt 0.46587 0.06494
vt 0.79834 0.45372
vt 0.86375 0.81986
vt 0.78960 0.81280
vt 0.81402 0.80096
vt 0.16650 0.03466
vt 0.36489 0.96292
vt 0.17302 0.03104
vt 0.36752 0.95930
vt 0.80755 0.09375
vt 0.38359 0.96183
vt 0.39710 0.95944
vt 0.42266 0.95832
vt 0.82208 0.01722
vt 0.42478 0.96154
vt 0.09560 0.74567
vt 0.89173 0.61696
vt 0.98369 0.05117
vt 0.85576 0.05225
vt 0.54229 0.32796
vt 0.90653 0.62045
vt 0.08709 0.09783
vt 0.74854 0.68421
vt 0.08240 0.57958
vt 0.13867 0.93682
vt 0.58307 0.21266
vt 0.20654 0.13313
vt 0.75663 0.68217
vt 0.79159 0.68568
vt 0.48682 0.04486
vt 0.74543 0.94140
vt 0.74763 0.91560
vt 0.67692 0.71200
vt 0.81880 0.22803
vt 0.12879 0.34033
vt 0.54299 0.71755
vt 0.33919 0.94530
vt 0.54696 0.73481
vt 0.18471 0.24536
vt 0.01814 0.74419
vt 0.37502 0.95478
vt 0.06357 0.74415
vt 0.42577 0.95873
vt 0.45342 0.94730
vt 0.91202 0.60948
vt 0.61894 0.55092
vt 0.52102 0.24528
vt 0.74602 0.04831
vt 0.37188 0.36770
vt 0.61468 0.51887
vt 0.14198 0.28739
vt 0.57512 0.19507
vt 0.21449 0.11554
vt 0.76458 0.68501
vt 0.55894 0.19365
vt 0.78076 0.68669
vt 0.75848 0.98511
vt 0.77870 0.62278
vt 0.56217 0.41829
vt 0.55234 0.20366
vt 0.78736 0.68253
vt 0.79554 0.48936
vt 0.44007 0.29957
vt 0.43789 0.33154
vt 0.79710 0.46387
vt 0.87681 0.81861
vt 0.81674 0.80779
vt 0.59814 0.08542
vt 0.67633 0.72543
vt 0.60626 0.08786
vt 0.17865 0.59018
vt 0.18360 0.23422
vt 0.67823 0.67183
vt 0.36407 0.94447
vt 0.04627 0.74534
vt 0.05661 0.74891
vt 0.40148 0.95357
vt 0.44944 0.95161
vt 0.89355 0.39756
vt 0.60436 0.50709
vt 0.79181 0.60611
vt 0.22998 0.26694
vt 0.82635 0.35450
vt 0.55752 0.43555
vt 0.74333 0.99256
vt 0.79385 0.62207
vt 0.55287 0.20703
vt 0.78683 0.67851
vt 0.82912 0.32038
vt 0.55475 0.40143
vt 0.80233 0.68637
vt 0.80575 0.68116
vt 0.49996 0.04736
vt 0.74037 0.92826
vt 0.39288 0.05223
vt 0.80055 0.22297
vt 0.32094 0.95036
vt 0.18908 0.56616
vt 0.54655 0.33740
vt 0.91245 0.61619
vt 0.61404 0.55763
vt 0.37760 0.36681
vt 0.11344 0.93054
vt 0.78444 0.49475
vt 0.42897 0.30671
vt 0.38525 0.05811
vt 0.80818 0.22049
vt 0.34051 0.94943
vt 0.79336 0.09008
vt 0.38763 0.94764
vt 0.04164 0.75045
vt 0.44346 0.95250
vt 0.72228 0.01904
vt 0.60454 0.55636
vt 0.61654 0.14111
vt 0.20264 0.02882
vt 0.73715 0.90979
vt 0.79608 0.46890
vt 0.88301 0.81759
vt 0.40057 0.05626
vt 0.79286 0.21995
vt 0.20229 0.22988
vt 0.26595 0.18163
vt 0.66494 0.69052
vt 0.11467 0.33015
vt 0.35331 0.94651
vt 0.36191 0.94794
vt 0.06819 0.75092
vt 0.09131 0.02523
vt 0.96924 0.05207
vt 0.84131 0.05134
vt 0.08567 0.75342
vt 0.89207 0.62689
vt 0.43166 0.95328
vt 0.60862 0.54281
vt 0.11031 0.91542
vt 0.75150 0.66977
vt 0.13463 0.92238
vt 0.54637 0.20713
vt 0.74686 0.96370
vt 0.79491 0.68174
vt 0.78908 0.49328
vt 0.43361 0.30478
vt 0.32471 0.01948
vt 0.79459 0.47853
vt 0.73858 0.89628
vt 0.72770 0.81605
vt 0.74549 0.87174
vt 0.74048 0.82366
vt 0.45019 0.05362
vt 0.37402 0.03369
vt 0.38947 0.01357
vt 0.84807 0.82181
vt 0.38525 0.02002
vt 0.84162 0.82516
vt 0.63045 0.85070
vt 0.60131 0.08310
vt 0.80953 0.05029
vt 0.14795 0.03566
vt 0.66791 0.72775
vt 0.60413 0.07747
vt 0.80390 0.04747
vt 0.60928 0.07679
vt 0.80322 0.04232
vt 0.18469 0.60125
vt 0.81635 0.04120
vt 0.15704 0.04248
vt 0.19461 0.58812
vt 0.67212 0.69563
vt 0.19184 0.24323
vt 0.01100 0.75437
vt 0.26318 0.19499
vt 0.02427 0.75747
vt 0.78902 0.09717
vt 0.38531 0.94330
vt 0.09539 0.03149
vt 0.08160 0.74996
vt 0.88581 0.63097
vt 0.43531 0.94529
vt 0.54203 0.33389
vt 0.61053 0.56215
vt 0.34815 0.02434
vt 0.44191 0.95257
vt 0.34882 0.02686
vt 0.44258 0.95006
vt 0.52100 0.23989
vt 0.74064 0.04834
vt 0.59619 0.52716
vt 0.12349 0.29834
vt 0.06787 0.09956
vt 0.06318 0.56500
vt 0.15325 0.91760
vt 0.51896 0.07218
vt 0.21386 0.12224
vt 0.73939 0.98293
vt 0.79779 0.62646
vt 0.22550 0.11545
vt 0.77559 0.67202
vt 0.49416 0.04275
vt 0.74390 0.93406
vt 0.44030 0.32257
vt 0.80406 0.83094
vt 0.19231 0.22933
vt 0.66515 0.68054
vt 0.18907 0.25229
vt 0.01378 0.75705
vt 0.02121 0.75316
vt 0.07627 0.75798
vt 0.89323 0.63630
vt 0.66260 0.01514
vt 0.41064 0.01233
vt 0.66736 0.01467
vt 0.41112 0.01709
vt 0.66579 0.01319
vt 0.41259 0.01552
vt 0.53033 0.33391
vt 0.61055 0.57385
vt 0.52740 0.33003
vt 0.60667 0.57678
vt 0.53004 0.32702
vt 0.60366 0.57414
vt 0.51807 0.02264
vt 0.44984 0.94551
vt 0.38278 0.37872
vt 0.46621 0.94173
vt 0.40110 0.03285
vt 0.46747 0.92792
vt 0.52634 0.23217
vt 0.73291 0.04300
vt 0.36705 0.38081
vt 0.07185 0.09885
vt 0.06716 0.56823
vt 0.74409 0.99658
vt 0.79309 0.61202
vt 0.74120 0.97834
vt 0.73786 0.95672
vt 0.43461 0.30532
vt 0.18801 0.22996
vt 0.66843 0.67623
vt 0.39886 0.94688
vt 0.53756 0.32692
vt 0.60356 0.56662
vt 0.97313 0.05322
vt 0.84520 0.05019
vt 0.53543 0.32322
vt 0.91022 0.62732
vt 0.59986 0.56875
vt 0.43213 0.94626
vt 0.52536 0.02588
vt 0.44254 0.94727
vt 0.23299 0.11500
vt 0.78308 0.67680
vt 0.23976 0.13244
vt 0.78984 0.67091
vt 0.54541 0.20752
vt 0.79429 0.67708
vt 0.21257 0.03174
vt 0.74286 0.91973
vt 0.80015 0.48506
vt 0.44468 0.30561
vt 0.44550 0.31821
vt 0.33266 0.01980
vt 0.80255 0.47630
vt 0.79610 0.47411
vt 0.44971 0.06037
vt 0.37354 0.02694
vt 0.84759 0.82180
vt 0.77348 0.83305
vt 0.57081 0.74308
vt 0.71132 0.58141
vt 0.19679 0.23641
vt 0.26380 0.18817
vt 0.48682 0.02025
vt 0.42266 0.93487
vt 0.41556 0.92874
vt 0.52282 0.02519
vt 0.44508 0.94299
vt 0.52457 0.01912
vt 0.44333 0.94547
vt 0.45342 0.94035
vt 0.59033 0.14817
vt 0.59153 0.53801
vt 0.60274 0.51906
vt 0.13004 0.28343
vt 0.51611 0.08577
vt 0.22135 0.13584
vt 0.77144 0.67313
vt 0.74074 0.94979
vt 0.14919 0.21988
vt 0.73431 0.88508
vt 0.83886 0.82754
vt 0.15495 0.03525
vt 0.67046 0.06861
vt 0.65662 0.72816
vt 0.47705 0.07653
vt 0.03464 0.75737
vt 0.37433 0.94101
vt 0.47884 0.08740
vt 0.04017 0.76824
vt 0.38972 0.93958
vt 0.53271 0.06787
vt 0.51754 0.33168
vt 0.60832 0.58664
vt 0.45168 0.27101
vt 0.51187 0.32809
vt 0.44808 0.27669
vt 0.52502 0.09131
vt 0.22404 0.14138
vt 0.77412 0.66423
vt 0.22903 0.11768
vt 0.73772 0.96276
vt 0.81121 0.66425
vt 0.82092 0.66608
vt 0.73500 0.94329
vt 0.15025 0.22043
vt 0.73486 0.88662
vt 0.44781 0.31858
vt 0.88434 0.81824
vt 0.00729 0.76267
vt 0.27148 0.20441
vt 0.10721 0.32785
vt 0.36078 0.94141
vt 0.78564 0.09338
vt 0.08154 0.32262
vt 0.38644 0.93993
vt 0.04806 0.76737
vt 0.05876 0.76715
vt 0.54470 0.06418
vt 0.44765 0.25903
vt 0.54950 0.06634
vt 0.53433 0.31813
vt 0.59477 0.56985
vt 0.43813 0.25423
vt 0.89747 0.63231
vt 0.59879 0.51981
vt 0.12608 0.28345
vt 0.22960 0.11930
vt 0.33098 0.02686
vt 0.80086 0.47124
vt 0.88646 0.82238
vt 0.38359 0.02754
vt 0.85764 0.82432
vt 0.81665 0.81854
vt 0.68670 0.06982
vt 0.64785 0.71191
vt 0.13016 0.33577
vt 0.54761 0.71298
vt 0.12601 0.32559
vt 0.55193 0.77594
vt 0.03023 0.76453
vt 0.49937 0.58173
vt 0.39503 0.93047
vt 0.52219 0.32161
vt 0.72652 0.01703
vt 0.88960 0.05029
vt 0.42041 0.04346
vt 0.59509 0.55837
vt 0.44422 0.93568
vt 0.37187 0.38172
vt 0.53426 0.22473
vt 0.36666 0.38825
vt 0.08307 0.91367
vt 0.73323 0.99531
vt 0.80395 0.61836
vt 0.53614 0.42296
vt 0.73985 0.97182
vt 0.74209 0.97098
vt 0.85185 0.32776
vt 0.53202 0.40882
vt 0.79996 0.66686
vt 0.21045 0.02982
vt 0.74040 0.91761
vt 0.77839 0.83817
vt 0.79449 0.82871
vt 0.13477 0.32761
vt 0.12444 0.32344
vt 0.34354 0.93753
vt 0.12091 0.32647
vt 0.34707 0.93974
vt 0.11822 0.32202
vt 0.34976 0.93515
vt 0.00342 0.76671
vt 0.27552 0.20382
vt 0.27070 0.18600
vt 0.03545 0.76271
vt 0.43453 0.26760
vt 0.43652 0.25946
vt 0.90900 0.63309
vt 0.59898 0.57452
vt 0.57888 0.50354
vt 0.81728 0.59312
vt 0.23175 0.14225
vt 0.78184 0.66530
vt 0.83026 0.66389
vt 0.45730 0.33779
vt 0.30143 0.63906
vt 0.13416 0.21794
vt 0.71521 0.82918
vt 0.73237 0.86311
vt 0.78298 0.82875
vt 0.15907 0.03423
vt 0.66943 0.06450
vt 0.19861 0.59637
vt 0.65837 0.72918
vt 0.14445 0.33474
vt 0.55929 0.71195
vt 0.56274 0.71329
vt 0.12578 0.32037
vt 0.12155 0.31637
vt 0.11460 0.31806
vt 0.09706 0.31985
vt 0.37092 0.93718
vt 0.40094 0.93572
vt 0.43438 0.27126
vt 0.52344 0.31421
vt 0.91577 0.63931
vt 0.59085 0.58074
vt 0.90191 0.63894
vt 0.52398 0.31765
vt 0.59429 0.58020
vt 0.43849 0.93882
vt 0.72021 0.01425
vt 0.88330 0.04736
vt 0.59215 0.56116
vt 0.44969 0.93337
vt 0.58038 0.51833
vt 0.10768 0.27871
vt 0.81578 0.60060
vt 0.90510 0.35088
vt 0.16464 0.91758
vt 0.58270 0.50804
vt 0.23666 0.14039
vt 0.78674 0.66978
vt 0.79130 0.66406
vt 0.54145 0.40824
vt 0.73494 0.93005
vt 0.80370 0.49078
vt 0.44823 0.30176
vt 0.15947 0.22217
vt 0.73660 0.89273
vt 0.80480 0.45649
vt 0.86681 0.82631
vt 0.01512 0.77515
vt 0.70557 0.01404
vt 0.10775 0.30909
vt 0.36024 0.93005
vt 0.50254 0.58625
vt 0.39051 0.92728
vt 0.05356 0.77768
vt 0.90637 0.65900
vt 0.58332 0.55606
vt 0.63731 0.41486
vt 0.72564 0.96133
vt 0.23150 0.14893
vt 0.78159 0.66644
vt 0.80864 0.49592
vt 0.45318 0.30849
vt 0.72966 0.89470
vt 0.15469 0.21664
vt 0.73107 0.89172
vt 0.82276 0.46477
vt 0.86686 0.84428
vt 0.65569 0.87728
vt 0.20982 0.58615
vt 0.64717 0.71897
vt 0.14081 0.32769
vt 0.14543 0.32317
vt 0.26487 0.10067
vt 0.27377 0.17451
vt 0.65712 0.68246
vt 0.49608 0.31442
vt 0.43442 0.29248
vt 0.65422 0.64518
vt 0.41943 0.58602
vt 0.49862 0.57670
vt 0.40006 0.93233
vt 0.50891 0.31074
vt 0.92101 0.65384
vt 0.91424 0.64408
vt 0.59158 0.58551
vt 0.04786 0.54710
vt 0.73424 0.98654
vt 0.73278 0.98442
vt 0.85658 0.34454
vt 0.14647 0.21543
vt 0.13810 0.21895
vt 0.73338 0.87625
vt 0.13621 0.21276
vt 0.72719 0.87649
vt 0.39152 0.01622
vt 0.84542 0.82582
vt 0.13346 0.31850
vt 0.19687 0.56049
vt 0.54926 0.78095
vt 0.12780 0.31332
vt 0.11698 0.31168
vt 0.35100 0.93358
vt 0.13662 0.04471
vt 0.37204 0.93157
vt 0.03390 0.77345
vt 0.89520 0.67866
vt 0.49483 0.02472
vt 0.49843 0.55364
vt 0.42312 0.92686
vt 0.49180 0.02686
vt 0.49629 0.55067
vt 0.42609 0.92989
vt 0.58452 0.54384
vt 0.63232 0.40264
vt 0.44973 0.93260
vt 0.45407 0.93056
vt 0.37759 0.39893
vt 0.48139 0.92152
vt 0.09399 0.90299
vt 0.59011 0.51459
vt 0.23074 0.14663
vt 0.78083 0.65719
vt 0.84502 0.02783
vt 0.45904 0.31854
vt 0.82055 0.49432
vt 0.46508 0.30618
vt 0.68818 0.90683
vt 0.83254 0.83772
vt 0.62137 0.84068
vt 0.15022 0.32892
vt 0.55894 0.70614
vt 0.13928 0.31508
vt 0.27296 0.09452
vt 0.13100 0.30522
vt 0.54443 0.02783
vt 0.12197 0.31100
vt 0.55347 0.02467
vt 0.89307 0.02348
vt 0.22021 0.48428
vt 0.34601 0.92671
vt 0.34828 0.92863
vt 0.27982 0.16859
vt 0.93732 0.70068
vt 0.65107 0.67919
vt 0.50115 0.30370
vt 0.92690 0.66160
vt 0.58034 0.60303
vt 0.43157 0.28419
vt 0.53351 0.30412
vt 0.42412 0.25504
vt 0.89212 0.03799
vt 0.43169 0.04095
vt 0.58278 0.56965
vt 0.64057 0.42846
vt 0.37575 0.39611
vt 0.09216 0.90581
vt 0.91572 0.34914
vt 0.05255 0.54389
vt 0.85329 0.35693
vt 0.53058 0.43799
vt 0.80246 0.64329
vt 0.15170 0.32208
vt 0.26596 0.10693
vt 0.55749 0.69929
vt 0.36351 0.92627
vt 0.14050 0.05238
vt 0.37492 0.92390
vt 0.49569 0.57770
vt 0.39906 0.92889
vt 0.48917 0.57819
vt 0.39857 0.91542
vt 0.49086 0.56186
vt 0.41490 0.92007
vt 0.52946 0.29235
vt 0.41235 0.25909
vt 0.50936 0.30309
vt 0.57973 0.59482
vt 0.42549 0.03409
vt 0.58230 0.56345
vt 0.64743 0.42225
vt 0.05225 0.55255
vt 0.16569 0.90667
vt 0.52731 0.43268
vt 0.71275 0.92588
vt 0.51375 0.25592
vt 0.84868 0.65203
vt 0.46797 0.32598
vt 0.32106 0.62725
vt 0.11475 0.21378
vt 0.69580 0.83334
vt 0.85084 0.85051
vt 0.63967 0.87547
vt 0.13018 0.31083
vt 0.27721 0.08541
vt 0.54526 0.02588
vt 0.22842 0.48411
vt 0.01385 0.78054
vt 0.71096 0.01531
vt 0.28935 0.20654
vt 0.89937 0.69871
vt 0.28653 0.19552
vt 0.04572 0.77366
vt 0.48997 0.30118
vt 0.92992 0.67277
vt 0.64150 0.64266
vt 0.43120 0.58350
vt 0.63034 0.64203
vt 0.86989 0.22150
vt 0.91344 0.65395
vt 0.52419 0.30768
vt 0.58432 0.57999
vt 0.58668 0.58194
vt 0.44911 0.92185
vt 0.64542 0.41145
vt 0.39445 0.03369
vt 0.46664 0.92127
vt 0.58184 0.53082
vt 0.10913 0.29246
vt 0.63714 0.38963
vt 0.71774 0.98388
vt 0.77756 0.63618
vt 0.01771 0.19495
vt 0.12278 0.88879
vt 0.47619 0.24235
vt 0.81112 0.64320
vt 0.83655 0.83934
vt 0.62538 0.84631
vt 0.71856 0.84092
vt 0.82112 0.84443
vt 0.60995 0.84203
vt 0.81024 0.84534
vt 0.59907 0.83494
vt 0.26123 0.10092
vt 0.56419 0.70402
vt 0.24393 0.50009
vt 0.35061 0.92687
vt 0.29233 0.18573
vt 0.29018 0.17242
vt 0.93350 0.69279
vt 0.49216 0.30989
vt 0.64969 0.64910
vt 0.04148 0.77831
vt 0.89982 0.67108
vt 0.07568 0.01545
vt 0.54915 0.01545
vt 0.07659 0.01709
vt 0.54824 0.01709
vt 0.08040 0.01305
vt 0.54443 0.01305
vt 0.05090 0.77543
vt 0.89743 0.66166
vt 0.52433 0.30364
vt 0.05037 0.55090
vt 0.16735 0.90480
vt 0.93721 0.35035
vt 0.19581 0.88548
vt 0.47350 0.25008
vt 0.80843 0.63401
vt 0.82157 0.49280
vt 0.67889 0.90531
vt 0.83180 0.48523
vt 0.66393 0.89774
vt 0.15325 0.20345
vt 0.71788 0.88429
vt 0.52313 0.87698
vt 0.14065 0.20458
vt 0.51053 0.86996
vt 0.74113 0.84850
vt 0.52996 0.85174
vt 0.23925 0.47231
vt 0.32697 0.91564
vt 0.28912 0.20297
vt 0.94055 0.68663
vt 0.64018 0.66514
vt 0.21602 0.09741
vt 0.68799 0.04736
vt 0.39305 0.16660
vt 0.36189 0.91523
vt 0.12842 0.05811
vt 0.37780 0.16366
vt 0.50068 0.60010
vt 0.37666 0.91817
vt 0.48811 0.30712
vt 0.64692 0.65315
vt 0.42445 0.28011
vt 0.42706 0.57365
vt 0.92778 0.64968
vt 0.57892 0.59111
vt 0.48407 0.55438
vt 0.42238 0.92309
vt 0.88219 0.57666
vt 0.01413 0.03271
vt 0.75981 0.65198
vt 0.12206 0.90459
vt 0.71637 0.99568
vt 0.82080 0.59725
vt 0.69694 0.91432
vt 0.54883 0.90701
vt 0.86087 0.65089
vt 0.30971 0.64611
vt 0.79917 0.84354
vt 0.58800 0.83650
vt 0.21531 0.59336
vt 0.64167 0.72618
vt 0.04375 0.05304
vt 0.21800 0.59590
vt 0.90046 0.02437
vt 0.34627 0.92582
vt 0.90129 0.02686
vt 0.34536 0.92334
vt 0.22148 0.09448
vt 0.35111 0.92070
vt 0.01109 0.77855
vt 0.70897 0.01807
vt 0.03309 0.78138
vt 0.90146 0.67947
vt 0.48096 0.30078
vt 0.93644 0.68179
vt 0.64058 0.66030
vt 0.50121 0.30143
vt 0.92280 0.66154
vt 0.57240 0.57247
vt 0.00342 0.02886
vt 0.11135 0.88871
vt 0.57153 0.50455
vt 0.82464 0.58900
vt 0.92462 0.34917
vt 0.04364 0.53559
vt 0.77371 0.64801
vt 0.78082 0.64847
vt 0.85083 0.01991
vt 0.45988 0.31062
vt 0.68374 0.91620
vt 0.84229 0.01968
vt 0.46714 0.31038
vt 0.68398 0.90765
vt 0.71846 0.84578
vt 0.50729 0.85416
vt 0.12181 0.20825
vt 0.70287 0.83887
vt 0.49170 0.86053
vt 0.34190 0.91994
vt 0.34387 0.92085
vt 0.29400 0.19966
vt 0.90625 0.69598
vt 0.49884 0.59608
vt 0.38068 0.91673
vt 0.91000 0.66375
vt 0.47624 0.55986
vt 0.87436 0.56203
vt 0.46043 0.91887
vt 0.03647 0.53718
vt 0.18107 0.89089
vt 0.85761 0.32593
vt 0.52626 0.40698
vt 0.47344 0.32048
vt 0.34443 0.62175
vt 0.67388 0.92447
vt 0.84044 0.64233
vt 0.13440 0.20039
vt 0.50428 0.86156
vt 0.63540 0.70110
vt 0.58226 0.71566
vt 0.69441 0.55399
vt 0.34586 0.91710
vt 0.22544 0.54963
vt 0.57783 0.75991
vt 0.21595 0.09570
vt 0.35655 0.91516
vt 0.29240 0.18761
vt 0.29743 0.17425
vt 0.93167 0.68782
vt 0.02357 0.78702
vt 0.90115 0.68899
vt 0.91543 0.67105
vt 0.41209 0.26720
vt 0.43560 0.56074
vt 0.57355 0.54887
vt 0.64937 0.40767
vt 0.39111 0.02769
vt 0.13062 0.01932
vt 0.65834 0.15158
vt 0.47264 0.91793
vt 0.12621 0.02364
vt 0.04248 0.01485
vt 0.47705 0.91516
vt 0.28987 0.14757
vt 0.82307 0.52419
vt 0.48407 0.91517
vt 0.09594 0.89664
vt 0.51449 0.42563
vt 0.12119 0.04120
vt 0.77820 0.85596
vt 0.56703 0.85082
vt 0.95361 0.03676
vt 0.27197 0.03579
vt 0.33721 0.91308
vt 0.21276 0.09664
vt 0.35579 0.91197
vt 0.63050 0.65532
vt 0.85661 0.22412
vt 0.49497 0.59680
vt 0.43164 0.56901
vt 0.69976 0.30392
vt 0.44772 0.91292
vt 0.09490 0.27910
vt 0.65050 0.38068
vt 0.00931 0.02771
vt 0.11725 0.89877
vt 0.47373 0.31301
vt 0.68135 0.92352
vt 0.50785 0.25638
vt 0.84278 0.64710
vt 0.49693 0.26042
vt 0.83186 0.63771
vt 0.33871 0.65130
vt 0.70805 0.89117
vt 0.54415 0.88386
vt 0.51851 0.87010
vt 0.25183 0.47727
vt 0.23507 0.57197
vt 0.74767 0.22803
vt 0.23137 0.56495
vt 0.57880 0.73144
vt 0.70489 0.56977
vt 0.94189 0.04053
vt 0.21013 0.08871
vt 0.28369 0.03955
vt 0.34893 0.90934
vt 0.93299 0.67936
vt 0.53385 0.28564
vt 0.93581 0.62890
vt 0.56228 0.57033
vt 0.48537 0.56783
vt 0.40893 0.91485
vt 0.48884 0.56367
vt 0.41309 0.91582
vt 0.87971 0.56521
vt 0.69775 0.29764
vt 0.44144 0.91232
vt 0.89540 0.56590
vt 0.47115 0.91135
vt 0.76822 0.64108
vt 0.11755 0.89369
vt 0.70585 0.98068
vt 0.84393 0.63543
vt 0.32664 0.64261
vt 0.60779 0.85969
vt 0.78769 0.84785
vt 0.57652 0.84194
vt 0.02881 0.06006
vt 0.22502 0.61084
vt 0.63196 0.74365
vt 0.33643 0.03720
vt 0.22842 0.59696
vt 0.62856 0.72978
vt 0.24261 0.47333
vt 0.32361 0.91251
vt 0.30562 0.19243
vt 0.91348 0.68612
vt 0.29997 0.18261
vt 0.92330 0.68825
vt 0.69183 0.04526
vt 0.39277 0.17044
vt 0.38527 0.16855
vt 0.37012 0.91328
vt 0.93118 0.68359
vt 0.03248 0.79053
vt 0.90940 0.68008
vt 0.48811 0.59642
vt 0.76537 0.04639
vt 0.67139 0.15795
vt 0.76318 0.15088
vt 0.43767 0.16255
vt 0.47714 0.58288
vt 0.44490 0.57675
vt 0.43679 0.57302
vt 0.51738 0.28817
vt 0.93734 0.64536
vt 0.47950 0.57393
vt 0.56897 0.54711
vt 0.64960 0.40592
vt 0.85906 0.35243
vt 0.52481 0.43349
vt 0.11605 0.03335
vt 0.77187 0.64427
vt 0.12698 0.89688
vt 0.80254 0.63780
vt 0.70979 0.94566
vt 0.53588 0.93835
vt 0.21580 0.01807
vt 0.25282 0.01807
vt 0.21436 0.01641
vt 0.25427 0.01641
vt 0.22009 0.01238
vt 0.24854 0.01238
vt 0.70549 0.88442
vt 0.54198 0.87711
vt 0.03061 0.05841
vt 0.22337 0.60904
vt 0.33895 0.03417
vt 0.22538 0.59431
vt 0.57766 0.74800
vt 0.72038 0.58633
vt 0.48538 0.59087
vt 0.49052 0.56570
vt 0.41106 0.91129
vt 0.48912 0.56581
vt 0.41095 0.90862
vt 0.48038 0.54515
vt 0.87849 0.56620
vt 0.56636 0.55111
vt 0.65684 0.40991
vt 0.66369 0.15726
vt 0.47382 0.91224
vt 0.12354 0.02588
vt 0.04400 0.01709
vt 0.47972 0.91364
vt 0.09348 0.25381
vt 0.82998 0.57570
vt 0.33643 0.07080
vt 0.09379 0.26064
vt 0.04723 0.01255
vt 0.47908 0.91040
vt 0.86202 0.34809
vt 0.86260 0.32880
vt 0.52128 0.40986
vt 0.69771 0.95942
vt 0.65475 0.12663
vt 0.55241 0.95211
vt 0.49132 0.25989
vt 0.34433 0.65077
vt 0.67246 0.92081
vt 0.64555 0.88239
vt 0.60546 0.85507
vt 0.56794 0.85346
vt 0.78357 0.85213
vt 0.58838 0.69705
vt 0.25306 0.49312
vt 0.98067 0.12727
vt 0.36576 0.16825
vt 0.48864 0.59930
vt 0.35498 0.17871
vt 0.67786 0.17123
vt 0.47786 0.59616
vt 0.70705 0.31547
vt 0.45928 0.90250
vt 0.99476 0.48112
vt 0.70118 0.99107
vt 0.47662 0.05026
vt 0.54621 0.98376
vt 0.83600 0.59479
vt 0.87264 0.34135
vt 0.51123 0.42240
vt 0.11084 0.04443
vt 0.34729 0.62220
vt 0.67343 0.92733
vt 0.78727 0.85502
vt 0.57610 0.84708
vt 0.34742 0.04248
vt 0.23370 0.59402
vt 0.68023 0.59753
vt 0.24444 0.46170
vt 0.32179 0.90539
vt 0.23727 0.54939
vt 0.58967 0.74807
vt 0.72510 0.22106
vt 0.58223 0.74385
vt 0.72226 0.58218
vt 0.37993 0.17404
vt 0.91951 0.67727
vt 0.62480 0.63931
vt 0.87261 0.20264
vt 0.41554 0.16843
vt 0.45501 0.58015
vt 0.47878 0.56879
vt 0.87827 0.56183
vt 0.66166 0.39575
vt 0.66179 0.16685
vt 0.47161 0.90266
vt 0.34791 0.06262
vt 0.08703 0.24916
vt 0.83643 0.57105
vt 0.83472 0.48023
vt 0.65491 0.89274
vt 0.78459 0.85408
vt 0.57342 0.84430
vt 0.69855 0.50347
vt 0.32740 0.90056
vt 0.95118 0.03404
vt 0.27441 0.03306
vt 0.94598 0.03403
vt 0.27960 0.03305
vt 0.20628 0.09094
vt 0.35081 0.90550
vt 0.20286 0.10791
vt 0.70115 0.04578
vt 0.18408 0.04248
vt 0.38255 0.17976
vt 0.73461 0.53595
vt 0.43007 0.16324
vt 0.46954 0.57669
vt 0.43009 0.16724
vt 0.47498 0.56765
vt 0.40521 0.25416
vt 0.43385 0.54770
vt 0.42906 0.90393
vt 0.48262 0.54052
vt 0.88073 0.55629
vt 0.72065 0.30631
vt 0.00342 0.21323
vt 0.10451 0.88167
vt 0.87237 0.33458
vt 0.51150 0.41563
vt 0.70807 0.94450
vt 0.53605 0.93720
vt 0.35222 0.62623
vt 0.66940 0.93226
vt 0.69642 0.90255
vt 0.55342 0.89525
vt 0.65089 0.91345
vt 0.71869 0.51992
vt 0.34754 0.89544
vt 0.30473 0.18948
vt 0.91644 0.68495
vt 0.36971 0.17639
vt 0.91829 0.68150
vt 0.92300 0.68059
vt 0.85677 0.21170
vt 0.45464 0.56709
vt 0.46718 0.56741
vt 0.46904 0.56616
vt 0.46597 0.55929
vt 0.70603 0.29162
vt 0.90367 0.55559
vt 0.64307 0.17845
vt 0.47825 0.50214
vt 0.47462 0.89106
vt 0.35043 0.63062
vt 0.64383 0.92871
vt 0.55847 0.87993
vt 0.60693 0.03041
vt 0.60886 0.87026
vt 0.23375 0.59896
vt 0.62323 0.73177
vt 0.67529 0.60303
vt 0.62224 0.73068
vt 0.67638 0.60242
vt 0.60034 0.70254
vt 0.69163 0.54087
vt 0.97518 0.13924
vt 0.61732 0.71331
vt 0.69375 0.59985
vt 0.19678 0.09649
vt 0.19551 0.03376
vt 0.72589 0.52453
vt 0.35474 0.89599
vt 0.45610 0.57397
vt 0.75342 0.03983
vt 0.44423 0.17205
vt 0.89993 0.54497
vt 0.54194 0.27951
vt 0.55615 0.56224
vt 0.39951 0.24662
vt 0.66103 0.42104
vt 0.56021 0.53324
vt 0.66738 0.39204
vt 0.02297 0.52490
vt 0.40869 0.03369
vt 0.19335 0.87739
vt 0.94346 0.34599
vt 0.02480 0.52057
vt 0.06006 0.19158
vt 0.19768 0.87922
vt 0.69580 0.97834
vt 0.47961 0.06299
vt 0.54920 0.97103
vt 0.45947 0.25815
vt 0.79440 0.63403
vt 0.75354 0.07037
vt 0.03455 0.19200
vt 0.47717 0.26128
vt 0.73584 0.07350
vt 0.57000 0.05836
vt 0.01401 0.05738
vt 0.05225 0.19513
vt 0.35847 0.65216
vt 0.64057 0.90781
vt 0.57297 0.85710
vt 0.56826 0.86277
vt 0.57680 0.86337
vt 0.59071 0.72576
vt 0.73841 0.19875
vt 0.71154 0.56408
vt 0.85515 0.20795
vt 0.62010 0.66549
vt 0.84643 0.21125
vt 0.68424 0.16042
vt 0.77603 0.14815
vt 0.68512 0.17071
vt 0.45423 0.56132
vt 0.46010 0.88906
vt 0.98133 0.48699
vt 0.95185 0.35094
vt 0.20798 0.87084
vt 0.27311 0.16037
vt 0.08315 0.87988
vt 0.01628 0.20605
vt 0.11168 0.87510
vt 0.27791 0.49165
vt 0.28832 0.89854
vt 0.26952 0.48956
vt 0.29671 0.89955
vt 0.40995 0.06014
vt 0.26697 0.49217
vt 0.41268 0.07666
vt 0.26423 0.50869
vt 0.81703 0.23498
vt 0.40967 0.06877
vt 0.26725 0.50080
vt 0.25801 0.50571
vt 0.96808 0.13221
vt 0.82325 0.24170
vt 0.61791 0.69002
vt 0.59440 0.73733
vt 0.72706 0.21033
vt 0.61577 0.68331
vt 0.82861 0.21448
vt 0.85504 0.20231
vt 0.49512 0.20165
vt 0.85206 0.19824
vt 0.49215 0.20104
vt 0.85907 0.20076
vt 0.49915 0.20424
vt 0.87211 0.19888
vt 0.51219 0.20240
vt 0.41930 0.17071
vt 0.58134 0.05127
vt 0.77539 0.13787
vt 0.45067 0.17475
vt 0.45758 0.56012
vt 0.45119 0.55268
vt 0.44940 0.55528
vt 0.44531 0.54577
vt 0.43100 0.89871
vt 0.45681 0.55159
vt 0.74162 0.30989
vt 0.98109 0.44654
vt 0.72558 0.31489
vt 0.98906 0.46259
vt 0.55629 0.53787
vt 0.66857 0.39667
vt 0.08154 0.25286
vt 0.67674 0.37476
vt 0.35369 0.06633
vt 0.08322 0.24337
vt 0.68623 0.36902
vt 0.84024 0.56526
vt 0.27128 0.15741
vt 0.56267 0.98732
vt 0.84014 0.57834
vt 0.47314 0.05804
vt 0.54274 0.97598
vt 0.62354 0.12987
vt 0.55709 0.98332
vt 0.35448 0.62920
vt 0.66643 0.93452
vt 0.64009 0.90636
vt 0.61662 0.02442
vt 0.61484 0.87995
vt 0.56962 0.86728
vt 0.27498 0.50856
vt 0.80628 0.24296
vt 0.70954 0.55642
vt 0.61695 0.70680
vt 0.70027 0.60066
vt 0.74447 0.22676
vt 0.19170 0.03870
vt 0.73083 0.52834
vt 0.36796 0.18408
vt 0.68323 0.18867
vt 0.73431 0.55054
vt 0.49901 0.21174
vt 0.51035 0.21049
vt 0.75670 0.03902
vt 0.69678 0.09496
vt 0.44503 0.17360
vt 0.69737 0.11768
vt 0.42232 0.17718
vt 0.43777 0.17442
vt 0.66385 0.18280
vt 0.49904 0.51208
vt 0.46468 0.88671
vt 0.65566 0.17538
vt 0.84200 0.52900
vt 0.48281 0.89624
vt 0.01362 0.51586
vt 0.41184 0.02434
vt 0.20239 0.86804
vt 0.63153 0.12505
vt 0.55393 0.97533
vt 0.63844 0.12669
vt 0.55053 0.96842
vt 0.63381 0.12310
vt 0.55606 0.97304
vt 0.56299 0.07666
vt 0.02102 0.07568
vt 0.04523 0.21343
vt 0.36548 0.67046
vt 0.47513 0.26249
vt 0.73789 0.07471
vt 0.48776 0.27197
vt 0.58059 0.06905
vt 0.00342 0.06807
vt 0.34788 0.66285
vt 0.64776 0.90474
vt 0.55173 0.90340
vt 0.61159 0.03174
vt 0.60753 0.87492
vt 0.56751 0.87726
vt 0.27440 0.51117
vt 0.80687 0.24255
vt 0.23959 0.59584
vt 0.67842 0.59260
vt 0.24291 0.59091
vt 0.76661 0.22415
vt 0.68334 0.58948
vt 0.70850 0.51995
vt 0.33736 0.89060
vt 0.78182 0.13384
vt 0.45471 0.18119
vt 0.70423 0.10136
vt 0.43863 0.17763
vt 0.39307 0.26133
vt 0.67329 0.43575
vt 0.40071 0.26665
vt 0.67356 0.44108
vt 0.41657 0.89943
vt 0.73523 0.29370
vt 0.93287 0.54577
vt 0.69365 0.37409
vt 0.26570 0.13824
vt 0.84725 0.51486
vt 0.63257 0.13037
vt 0.54949 0.97429
vt 0.59868 0.89008
vt 0.67577 0.52068
vt 0.99537 0.14695
vt 0.30462 0.88024
vt 0.76975 0.22040
vt 0.68020 0.58573
vt 0.61686 0.69666
vt 0.71041 0.60096
vt 0.73547 0.20654
vt 0.71448 0.57187
vt 0.61807 0.66932
vt 0.84260 0.21502
vt 0.57568 0.04431
vt 0.78235 0.13863
vt 0.51402 0.20880
vt 0.41903 0.17711
vt 0.67697 0.44618
vt 0.41147 0.89675
vt 0.68003 0.43577
vt 0.42187 0.89471
vt 0.70184 0.37003
vt 0.84600 0.54966
vt 0.58119 0.99012
vt 0.85540 0.55981
vt 0.37058 0.64419
vt 0.65145 0.95063
vt 0.36094 0.64593
vt 0.64971 0.94099
vt 0.36063 0.63413
vt 0.66150 0.94067
vt 0.56547 0.88928
vt 0.62785 0.89559
vt 0.28514 0.50119
vt 0.28109 0.88999
vt 0.75835 0.21739
vt 0.69160 0.58272
vt 0.60791 0.68996
vt 0.71710 0.59268
vt 0.49178 0.21154
vt 0.95581 0.11179
vt 0.50434 0.21503
vt 0.57517 0.14374
vt 0.44156 0.18914
vt 0.24141 0.04639
vt 0.39339 0.07764
vt 0.68430 0.42985
vt 0.42779 0.89386
vt 0.67448 0.40273
vt 0.46717 0.53944
vt 0.89123 0.53885
vt 0.68247 0.37868
vt 0.41020 0.03118
vt 0.19579 0.87487
vt 0.95181 0.34747
vt 0.07161 0.19993
vt 0.20923 0.87087
vt 0.55844 0.97718
vt 0.01315 0.23584
vt 0.26951 0.16162
vt 0.39757 0.69287
vt 0.08190 0.87628
vt 0.38002 0.65599
vt 0.38187 0.64891
vt 0.64673 0.96191
vt 0.38701 0.66577
vt 0.03110 0.21906
vt 0.37962 0.67609
vt 0.57707 0.90870
vt 0.63126 0.92959
vt 0.62510 0.90548
vt 0.61238 0.88399
vt 0.31157 0.48000
vt 0.05408 0.49797
vt 0.31284 0.45954
vt 0.07454 0.49854
vt 0.30448 0.45994
vt 0.81213 0.25905
vt 0.70239 0.50849
vt 0.33124 0.89073
vt 0.73656 0.18384
vt 0.71340 0.54917
vt 0.71583 0.52536
vt 0.61136 0.67780
vt 0.83413 0.20940
vt 0.47421 0.21356
vt 0.72927 0.59313
vt 0.46240 0.19385
vt 0.95166 0.10327
vt 0.51287 0.21412
vt 0.41357 0.18243
vt 0.45585 0.52799
vt 0.44878 0.88616
vt 0.01875 0.23408
vt 0.39197 0.69112
vt 0.56283 0.96155
vt 0.29528 0.46094
vt 0.49824 0.07343
vt 0.21045 0.06454
vt 0.32898 0.24033
vt 0.29374 0.47360
vt 0.31632 0.23618
vt 0.28633 0.51327
vt 0.79493 0.25069
vt 0.74760 0.20321
vt 0.69516 0.18379
vt 0.49375 0.21354
vt 0.78656 0.13535
vt 0.47346 0.53741
vt 0.87158 0.54546
vt 0.67673 0.39967
vt 0.64559 0.18109
vt 0.48077 0.50789
vt 0.47307 0.50584
vt 0.47092 0.89008
vt 0.16959 0.01935
vt 0.71143 0.37585
vt 0.85161 0.54007
vt 0.48179 0.88663
vt 0.57455 0.98275
vt 0.26042 0.15539
vt 0.40444 0.68664
vt 0.38472 0.65384
vt 0.64180 0.96476
vt 0.56809 0.05127
vt 0.61426 0.95502
vt 0.31316 0.45053
vt 0.50865 0.09131
vt 0.64307 0.07536
vt 0.08355 0.49129
vt 0.29947 0.49205
vt 0.28800 0.48461
vt 0.30531 0.24244
vt 0.28136 0.49363
vt 0.28487 0.88687
vt 0.28655 0.88230
vt 0.30159 0.88173
vt 0.96143 0.14588
vt 0.82219 0.25537
vt 0.74036 0.21106
vt 0.70959 0.57638
vt 0.70757 0.54312
vt 0.71665 0.53430
vt 0.69202 0.19731
vt 0.72567 0.55678
vt 0.49874 0.19254
vt 0.70423 0.19775
vt 0.50274 0.18033
vt 0.96055 0.11125
vt 0.57165 0.13899
vt 0.56862 0.14251
vt 0.57908 0.04002
vt 0.78664 0.13953
vt 0.42150 0.18579
vt 0.91142 0.03435
vt 0.42757 0.18662
vt 0.39725 0.08396
vt 0.67764 0.42599
vt 0.91869 0.52814
vt 0.75636 0.30079
vt 0.11110 0.16357
vt 0.75251 0.30992
vt 0.54717 0.05713
vt 0.97507 0.43566
vt 0.75404 0.28683
vt 0.09714 0.15439
vt 0.95169 0.54087
vt 0.75271 0.31941
vt 0.54637 0.04764
vt 0.97428 0.43545
vt 0.98035 0.46438
vt 0.68898 0.37674
vt 0.25950 0.14158
vt 0.42006 0.67283
vt 0.85344 0.51819
vt 0.59615 0.95404
vt 0.82861 0.16847
vt 0.60617 0.96455
vt 0.59116 0.96897
vt 0.83345 0.18340
vt 0.40786 0.66290
vt 0.63274 0.98790
vt 0.59007 0.96566
vt 0.82952 0.18009
vt 0.57688 0.94457
vt 0.80252 0.41486
vt 0.60936 0.93089
vt 0.62488 0.45220
vt 0.63232 0.47728
vt 0.60201 0.92227
vt 0.61596 0.92180
vt 0.59765 0.92597
vt 0.62534 0.46390
vt 0.62550 0.92521
vt 0.30722 0.49527
vt 0.03880 0.49100
vt 0.31511 0.47972
vt 0.05435 0.48748
vt 0.30103 0.50031
vt 0.28333 0.88410
vt 0.72283 0.57779
vt 0.47774 0.18311
vt 0.48424 0.21740
vt 0.49429 0.21583
vt 0.50129 0.21868
vt 0.57152 0.14725
vt 0.70263 0.18412
vt 0.69531 0.16851
vt 0.69791 0.16433
vt 0.97963 0.11255
vt 0.78970 0.14701
vt 0.37646 0.08936
vt 0.68362 0.44678
vt 0.41087 0.88214
vt 0.48083 0.09814
vt 0.09424 0.14549
vt 0.95759 0.53196
vt 0.45752 0.09625
vt 0.11755 0.15432
vt 0.64848 0.18799
vt 0.48367 0.51044
vt 0.61618 0.99658
vt 0.86410 0.52482
vt 0.25342 0.14634
vt 0.41445 0.67759
vt 0.58590 0.97649
vt 0.66162 0.10681
vt 0.83926 0.19092
vt 0.79804 0.44678
vt 0.40234 0.68247
vt 0.59828 0.95268
vt 0.59490 0.91922
vt 0.58382 0.93029
vt 0.61756 0.47773
vt 0.80116 0.40058
vt 0.76224 0.01322
vt 0.64863 0.01416
vt 0.83189 0.01615
vt 0.75928 0.01514
vt 0.83486 0.01807
vt 0.76394 0.01488
vt 0.64697 0.01246
vt 0.83019 0.01781
vt 0.30870 0.52393
vt 0.77257 0.25015
vt 0.01015 0.49373
vt 0.31406 0.49966
vt 0.03442 0.49091
vt 0.28840 0.49473
vt 0.27783 0.88721
vt 0.28992 0.88032
vt 0.75294 0.20376
vt 0.69702 0.56909
vt 0.48971 0.21962
vt 0.40869 0.10143
vt 0.68851 0.43936
vt 0.71497 0.08213
vt 0.41828 0.88351
vt 0.46424 0.09498
vt 0.11083 0.15219
vt 0.46912 0.52839
vt 0.46411 0.52037
vt 0.49697 0.52402
vt 0.45274 0.87552
vt 0.96779 0.49072
vt 0.03599 0.03786
vt 0.46288 0.88238
vt 0.08529 0.21507
vt 0.22291 0.85573
vt 0.60299 0.97262
vt 0.61254 0.95019
vt 0.15869 0.27458
vt 0.63630 0.49658
vt 0.55420 0.05079
vt 0.62148 0.96892
vt 0.64999 0.01186
vt 0.82959 0.01479
vt 0.29526 0.51120
vt 0.72438 0.56326
vt 0.49227 0.19023
vt 0.46826 0.23063
vt 0.46576 0.17677
vt 0.42373 0.23486
vt 0.48044 0.22664
vt 0.41357 0.22269
vt 0.48842 0.22715
vt 0.79230 0.13514
vt 0.45341 0.19167
vt 0.89990 0.03790
vt 0.43221 0.19017
vt 0.41319 0.08359
vt 0.65283 0.09650
vt 0.30054 0.01729
vt 0.44814 0.01611
vt 0.69373 0.42151
vt 0.73282 0.08662
vt 0.76114 0.08227
vt 0.43613 0.87901
vt 0.74142 0.28286
vt 0.93907 0.53396
vt 0.70079 0.41384
vt 0.44380 0.87716
vt 0.45190 0.13208
vt 0.97112 0.46197
vt 0.49017 0.52011
vt 0.08030 0.22210
vt 0.21792 0.84870
vt 0.40926 0.67406
vt 0.62158 0.98930
vt 0.61477 0.44547
vt 0.64244 0.48175
vt 0.61405 0.46294
vt 0.29239 0.51985
vt 0.78887 0.25600
vt 0.28621 0.87771
vt 0.69618 0.52206
vt 0.56688 0.14388
vt 0.97954 0.10525
vt 0.79755 0.14709
vt 0.44146 0.19692
vt 0.99072 0.04092
vt 0.50506 0.54073
vt 0.90318 0.52651
vt 0.75020 0.28344
vt 0.94784 0.53438
vt 0.92777 0.53183
vt 0.10107 0.14789
vt 0.95993 0.53437
vt 0.76172 0.31708
vt 0.12738 0.14663
vt 0.97179 0.42644
vt 0.97076 0.47621
vt 0.16260 0.02393
vt 0.71358 0.38043
vt 0.47722 0.87964
vt 0.85352 0.17516
vt 0.55762 0.04998
vt 0.62011 0.96549
vt 0.59559 0.94507
vt 0.83424 0.15949
vt 0.16013 0.29153
vt 0.60851 0.46799
vt 0.66216 0.07764
vt 0.05454 0.47220
vt 0.77616 0.25950
vt 0.00342 0.48438
vt 0.21976 0.06428
vt 0.32051 0.24964
vt 0.06467 0.48020
vt 0.92900 0.04558
vt 0.02100 0.61048
vt 0.00795 0.61347
vt 0.46491 0.08740
vt 0.00342 0.60511
vt 0.67941 0.53195
vt 0.98410 0.15767
vt 0.92662 0.04932
vt 0.44971 0.07448
vt 0.01862 0.60674
vt 0.93439 0.04894
vt 0.02639 0.60711
vt 0.93109 0.04878
vt 0.89893 0.84769
vt 0.02309 0.60728
vt 0.68070 0.02022
vt 0.56243 0.14003
vt 0.41494 0.10498
vt 0.29443 0.01904
vt 0.66260 0.02262
vt 0.18408 0.02686
vt 0.87646 0.01550
vt 0.71143 0.08838
vt 0.73975 0.08838
vt 0.68461 0.40998
vt 0.48461 0.53384
vt 0.88273 0.53338
vt 0.11202 0.14440
vt 0.91461 0.96062
vt 0.96812 0.53087
vt 0.12299 0.14345
vt 0.90789 0.97159
vt 0.16424 0.02042
vt 0.48073 0.88128
vt 0.41572 0.67287
vt 0.62276 0.99576
vt 0.86146 0.51824
vt 0.58863 0.98549
vt 0.86304 0.55237
vt 0.16900 0.28731
vt 0.28606 0.48606
vt 0.28017 0.87363
vt 0.30386 0.24901
vt 0.99646 0.15284
vt 0.30403 0.87435
vt 0.03372 0.11919
vt 0.68361 0.54481
vt 0.97124 0.15729
vt 0.46477 0.08528
vt 0.05444 0.18408
vt 0.00355 0.61998
vt 0.92139 0.04109
vt 0.45494 0.07349
vt 0.06427 0.17229
vt 0.67139 0.22787
vt 0.90528 0.83799
vt 0.70524 0.17736
vt 0.45644 0.21257
vt 0.70021 0.16649
vt 0.97782 0.11471
vt 0.56533 0.13864
vt 0.96199 0.11420
vt 0.56833 0.13756
vt 0.96654 0.10175
vt 0.42845 0.19873
vt 0.90349 0.04346
vt 0.43558 0.19573
vt 0.23543 0.03760
vt 0.99211 0.04680
vt 0.67613 0.09912
vt 0.29793 0.01480
vt 0.66609 0.02686
vt 0.67196 0.09388
vt 0.44716 0.01350
vt 0.67133 0.02339
vt 0.19281 0.02459
vt 0.44678 0.01603
vt 0.19028 0.02138
vt 0.88266 0.01511
vt 0.74522 0.08218
vt 0.89407 0.01451
vt 0.98779 0.01709
vt 0.49101 0.53395
vt 0.88913 0.53065
vt 0.69308 0.40969
vt 0.48780 0.53089
vt 0.75959 0.32080
vt 0.97161 0.42857
vt 0.53271 0.04385
vt 0.96062 0.43546
vt 0.46719 0.87980
vt 0.47450 0.87948
vt 0.70515 0.39590
vt 0.02393 0.03900
vt 0.46174 0.87032
vt 0.60714 0.47834
vt 0.79073 0.39133
vt 0.34036 0.52241
vt 0.41419 0.69978
vt 0.34157 0.51894
vt 0.41298 0.70024
vt 0.33840 0.51607
vt 0.76904 0.26952
vt 0.72119 0.36879
vt 0.00395 0.47436
vt 0.46989 0.07265
vt 0.04932 0.17145
vt 0.90289 0.85300
vt 0.02839 0.60975
vt 0.90561 0.86103
vt 0.03642 0.61878
vt 0.67566 0.23096
vt 0.90955 0.86048
vt 0.71013 0.18689
vt 0.50308 0.17442
vt 0.46105 0.22210
vt 0.49141 0.22812
vt 0.56208 0.14886
vt 0.70993 0.17141
vt 0.97294 0.11963
vt 0.75161 0.01473
vt 0.55742 0.12660
vt 0.86294 0.01807
vt 0.97221 0.11718
vt 0.56046 0.01354
vt 0.75089 0.01807
vt 0.43936 0.01611
vt 0.56076 0.12733
vt 0.86221 0.01473
vt 0.68557 0.02588
vt 0.56480 0.13516
vt 0.96833 0.11917
vt 0.56255 0.13121
vt 0.42915 0.19651
vt 0.22900 0.04136
vt 0.99587 0.05322
vt 0.09940 0.14516
vt 0.96407 0.53163
vt 0.50848 0.52583
vt 0.96118 0.47921
vt 0.96637 0.44157
vt 0.13048 0.13371
vt 0.90376 0.97909
vt 0.95888 0.42855
vt 0.71107 0.39188
vt 0.46577 0.87142
vt 0.00342 0.50612
vt 0.21213 0.85784
vt 0.79288 0.42859
vt 0.01667 0.05029
vt 0.84187 0.15649
vt 0.16776 0.29619
vt 0.36140 0.50811
vt 0.39315 0.70871
vt 0.40985 0.71050
vt 0.63960 0.02752
vt 0.32900 0.51372
vt 0.93087 0.10434
vt 0.33620 0.50864
vt 0.63084 0.02975
vt 0.32284 0.52248
vt 0.43171 0.70632
vt 0.48779 0.09043
vt 0.65542 0.07448
vt 0.22103 0.08154
vt 0.06269 0.47893
vt 0.78722 0.26989
vt 0.73139 0.35061
vt 0.78864 0.27686
vt 0.73516 0.34919
vt 0.79995 0.26298
vt 0.96045 0.02093
vt 0.29214 0.87626
vt 0.02978 0.13108
vt 0.67822 0.02451
vt 0.56216 0.14251
vt 0.55893 0.13814
vt 0.43490 0.20598
vt 0.18868 0.01972
vt 0.88106 0.01904
vt 0.89014 0.01611
vt 0.99172 0.01543
vt 0.94094 0.52389
vt 0.95833 0.52153
vt 0.12831 0.13980
vt 0.01172 0.04696
vt 0.84520 0.15673
vt 0.17850 0.28172
vt 0.65611 0.48251
vt 0.30374 0.25959
vt 0.07320 0.18062
vt 0.02232 0.61753
vt 0.48361 0.23486
vt 0.55534 0.15186
vt 0.42119 0.21952
vt 0.49302 0.23092
vt 0.55929 0.14663
vt 0.89057 0.01548
vt 0.99129 0.01342
vt 0.97116 0.52178
vt 0.12687 0.13937
vt 0.90591 0.97548
vt 0.02683 0.04541
vt 0.45533 0.87323
vt 0.43538 0.12502
vt 0.84033 0.04105
vt 0.95459 0.45036
vt 0.09754 0.22641
vt 0.23516 0.84439
vt 0.86342 0.16348
vt 0.37084 0.06738
vt 0.85918 0.15656
vt 0.37776 0.06315
vt 0.18508 0.30610
vt 0.36227 0.50347
vt 0.92304 0.10629
vt 0.34403 0.51059
vt 0.49060 0.12753
vt 0.62939 0.03369
vt 0.93354 0.11963
vt 0.33353 0.52393
vt 0.42102 0.71027
vt 0.94056 0.09840
vt 0.32651 0.50270
vt 0.33462 0.25225
vt 0.07878 0.47760
vt 0.28639 0.87246
vt 0.00342 0.12378
vt 0.81447 0.27110
vt 0.96773 0.16064
vt 0.00500 0.11408
vt 0.82417 0.27013
vt 0.07868 0.16364
vt 0.68003 0.22602
vt 0.68688 0.22465
vt 0.92077 0.86201
vt 0.49325 0.16892
vt 0.45122 0.23172
vt 0.45239 0.21746
vt 0.56039 0.14461
vt 0.42843 0.20701
vt 0.55615 0.01448
vt 0.74658 0.01666
vt 0.43506 0.01517
vt 0.85791 0.01614
vt 0.55755 0.01709
vt 0.43646 0.01256
vt 0.94537 0.52029
vt 0.67795 0.11768
vt 0.78171 0.43623
vt 0.00342 0.04032
vt 0.85184 0.15900
vt 0.58431 0.46563
vt 0.67290 0.46239
vt 0.92418 0.11707
vt 0.41166 0.71431
vt 0.75293 0.37061
vt 0.03569 0.46611
vt 0.33418 0.25295
vt 0.29164 0.86857
vt 0.56561 0.03504
vt 0.01908 0.13158
vt 0.96246 0.02657
vt 0.02489 0.12907
vt 0.05698 0.17838
vt 0.08662 0.17017
vt 0.67350 0.21961
vt 0.03574 0.62323
vt 0.08111 0.17022
vt 0.67346 0.22087
vt 0.07896 0.16699
vt 0.08282 0.16104
vt 0.68264 0.22275
vt 0.92067 0.86836
vt 0.43346 0.21566
vt 0.43960 0.21801
vt 0.71172 0.17521
vt 0.55563 0.12219
vt 0.45086 0.21042
vt 0.14795 0.04982
vt 0.55616 0.14649
vt 0.42656 0.21033
vt 0.53030 0.54375
vt 0.43996 0.15199
vt 0.92842 0.52049
vt 0.92472 0.96709
vt 0.92236 0.96155
vt 0.92388 0.95307
vt 0.97738 0.52311
vt 0.53014 0.53369
vt 0.43941 0.14193
vt 0.95862 0.45755
vt 0.92011 0.97487
vt 0.95875 0.41220
vt 0.57597 0.15907
vt 0.17942 0.32995
vt 0.12675 0.13940
vt 0.96084 0.44349
vt 0.37382 0.49825
vt 0.37767 0.49452
vt 0.94432 0.10934
vt 0.32275 0.51363
vt 0.27850 0.86122
vt 0.29884 0.26142
vt 0.76024 0.34430
vt 0.98800 0.15905
vt 0.02527 0.11295
vt 0.92414 0.86645
vt 0.47907 0.16996
vt 0.43704 0.23136
vt 0.43208 0.21404
vt 0.29609 0.08643
vt 0.93451 0.96066
vt 0.28741 0.08090
vt 0.93421 0.95198
vt 0.06022 0.09648
vt 0.30480 0.08121
vt 0.93304 0.96937
vt 0.93089 0.97032
vt 0.95326 0.43382
vt 0.76563 0.40441
vt 0.18084 0.29637
vt 0.36781 0.49384
vt 0.47923 0.11078
vt 0.39001 0.71813
vt 0.92455 0.10979
vt 0.48424 0.13102
vt 0.96839 0.02783
vt 0.02251 0.12314
vt 0.67585 0.21825
vt 0.03748 0.62458
vt 0.69452 0.22260
vt 0.92841 0.86498
vt 0.43105 0.22563
vt 0.28467 0.07827
vt 0.85247 0.08252
vt 0.92906 0.94923
vt 0.05759 0.10163
vt 0.93186 0.97882
vt 0.19117 0.33520
vt 0.09155 0.23116
vt 0.96566 0.99658
vt 0.97324 0.27296
vt 0.22917 0.83964
vt 0.22497 0.33827
vt 0.09980 0.23222
vt 0.98149 0.27937
vt 0.68919 0.11485
vt 0.86684 0.17348
vt 0.36084 0.07080
vt 0.19273 0.30927
vt 0.77047 0.42934
vt 0.47485 0.12004
vt 0.91650 0.11304
vt 0.48005 0.13428
vt 0.40398 0.71740
vt 0.79216 0.02100
vt 0.92566 0.11229
vt 0.79582 0.02007
vt 0.92932 0.11272
vt 0.93154 0.11188
vt 0.34852 0.26092
vt 0.09268 0.46892
vt 0.32891 0.26309
vt 0.07307 0.46675
vt 0.29473 0.86113
vt 0.56268 0.04248
vt 0.75642 0.32807
vt 0.55420 0.04228
vt 0.00768 0.13232
vt 0.80592 0.27535
vt 0.74794 0.33191
vt 0.00428 0.12687
vt 0.81138 0.27001
vt 0.01575 0.11611
vt 0.68693 0.21895
vt 0.91876 0.87314
vt 0.04854 0.62620
vt 0.54053 0.13340
vt 0.43964 0.21229
vt 0.16306 0.06104
vt 0.42996 0.15479
vt 0.93535 0.51049
vt 0.72275 0.17627
vt 0.86789 0.07997
vt 0.94448 0.95993
vt 0.42627 0.13801
vt 0.72118 0.15949
vt 0.96936 0.98048
vt 0.97681 0.99109
vt 0.95903 0.98469
vt 0.59651 0.46799
vt 0.37162 0.50697
vt 0.38293 0.72020
vt 0.92098 0.11115
vt 0.48342 0.13239
vt 0.78857 0.01923
vt 0.92207 0.11184
vt 0.34138 0.25908
vt 0.69229 0.21861
vt 0.67735 0.21617
vt 0.03944 0.62667
vt 0.69718 0.21806
vt 0.93107 0.86932
vt 0.43856 0.22637
vt 0.71095 0.21191
vt 0.94484 0.88231
vt 0.93656 0.88410
vt 0.44975 0.22196
vt 0.91486 0.94647
vt 0.96836 0.51503
vt 0.95221 0.97939
vt 0.92809 0.97872
vt 0.58093 0.16137
vt 0.17865 0.33225
vt 0.94435 0.41348
vt 0.57582 0.17348
vt 0.92965 0.98245
vt 0.18896 0.33736
vt 0.85135 0.03511
vt 0.94865 0.43934
vt 0.73386 0.14249
vt 0.43681 0.12171
vt 0.84368 0.04248
vt 0.72620 0.14319
vt 0.76923 0.42545
vt 0.18800 0.28714
vt 0.11583 0.11012
vt 0.66560 0.47771
vt 0.66179 0.47784
vt 0.07708 0.46790
vt 0.31083 0.26680
vt 0.77223 0.35338
vt 0.70268 0.21539
vt 0.93657 0.87388
vt 0.91925 0.01451
vt 0.93355 0.94250
vt 0.04994 0.09714
vt 0.11083 0.39371
vt 0.92275 0.94334
vt 0.97626 0.51427
vt 0.77878 0.11182
vt 0.54443 0.16486
vt 0.10003 0.39287
vt 0.96337 0.97101
vt 0.94556 0.99203
vt 0.20487 0.33732
vt 0.98118 0.97865
vt 0.49555 0.82614
vt 0.57537 0.47783
vt 0.68184 0.45617
vt 0.37316 0.50726
vt 0.37371 0.49160
vt 0.47759 0.10855
vt 0.60611 0.82764
vt 0.36796 0.51085
vt 0.38660 0.72202
vt 0.47274 0.10759
vt 0.73465 0.36361
vt 0.01741 0.46714
vt 0.32203 0.26392
vt 0.06619 0.46592
vt 0.69526 0.21343
vt 0.92169 0.87783
vt 0.05322 0.63128
vt 0.42743 0.13004
vt 0.71924 0.15152
vt 0.17857 0.33445
vt 0.97697 0.99518
vt 0.24048 0.83670
vt 0.51208 0.82070
vt 0.47249 0.12731
vt 0.39550 0.72495
vt 0.74548 0.36007
vt 0.75469 0.34411
vt 0.69585 0.20639
vt 0.04798 0.63645
vt 0.32375 0.31982
vt 0.05321 0.63614
vt 0.70380 0.21237
vt 0.54107 0.12595
vt 0.16251 0.05358
vt 0.94418 0.50766
vt 0.73158 0.17496
vt 0.96535 0.50813
vt 0.92966 0.94096
vt 0.10694 0.39525
vt 0.84912 0.07050
vt 0.92571 0.94808
vt 0.12348 0.63706
vt 0.04556 0.10498
vt 0.10299 0.38813
vt 0.96818 0.97687
vt 0.94897 0.41990
vt 0.94423 0.42215
vt 0.75106 0.14426
vt 0.18884 0.34388
vt 0.10715 0.23584
vt 0.98884 0.27617
vt 0.24476 0.83496
vt 0.51669 0.81896
vt 0.58941 0.49133
vt 0.77300 0.39347
vt 0.38017 0.50590
vt 0.37438 0.72895
vt 0.39317 0.49665
vt 0.36138 0.72833
vt 0.39246 0.48641
vt 0.75716 0.36718
vt 0.03992 0.46193
vt 0.33251 0.27588
vt 0.79391 0.36894
vt 0.07667 0.45397
vt 0.74897 0.36732
vt 0.03173 0.46572
vt 0.32842 0.26840
vt 0.07258 0.46144
vt 0.32398 0.27015
vt 0.78538 0.35511
vt 0.29346 0.26921
vt 0.75486 0.35516
vt 0.92974 0.88596
vt 0.06136 0.63447
vt 0.95328 0.89266
vt 0.26705 0.22900
vt 0.91846 0.02100
vt 0.10434 0.39303
vt 0.95050 0.50612
vt 0.73790 0.17490
vt 0.95149 0.95115
vt 0.95802 0.96537
vt 0.97480 0.96397
vt 0.48087 0.81958
vt 0.58279 0.16965
vt 0.17625 0.34053
vt 0.19916 0.34183
vt 0.10206 0.23065
vt 0.23967 0.84015
vt 0.97669 0.29486
vt 0.31012 0.72436
vt 0.97470 0.28749
vt 0.98266 0.28554
vt 0.47400 0.10577
vt 0.59978 0.82405
vt 0.39607 0.47990
vt 0.58374 0.82207
vt 0.47188 0.11754
vt 0.71815 0.20526
vt 0.95204 0.88880
vt 0.26318 0.22569
vt 0.33996 0.29752
vt 0.94646 0.90043
vt 0.96609 0.95306
vt 0.46996 0.82185
vt 0.97191 0.95910
vt 0.47600 0.81931
vt 0.96363 0.96308
vt 0.97444 0.97697
vt 0.49387 0.81722
vt 0.50386 0.81877
vt 0.94637 0.99587
vt 0.20568 0.34519
vt 0.99222 0.28871
vt 0.52923 0.81284
vt 0.41166 0.48467
vt 0.98279 0.32764
vt 0.34289 0.72725
vt 0.56815 0.82024
vt 0.40638 0.47783
vt 0.57343 0.81695
vt 0.40628 0.48815
vt 0.34827 0.72643
vt 0.75052 0.35212
vt 0.70011 0.20840
vt 0.32373 0.31557
vt 0.70916 0.20461
vt 0.33290 0.30652
vt 0.95952 0.91866
vt 0.29304 0.22864
vt 0.95395 0.93585
vt 0.11125 0.63237
vt 0.95668 0.94451
vt 0.95017 0.94236
vt 0.11776 0.63830
vt 0.96530 0.93721
vt 0.43890 0.11475
vt 0.14258 0.39899
vt 0.42842 0.14974
vt 0.72420 0.17123
vt 0.96845 0.94550
vt 0.46240 0.81385
vt 0.14573 0.39070
vt 0.96075 0.96308
vt 0.73161 0.15256
vt 0.96358 0.28016
vt 0.62764 0.10435
vt 0.07653 0.42989
vt 0.59573 0.81722
vt 0.45947 0.10898
vt 0.07629 0.43628
vt 0.59550 0.80952
vt 0.76431 0.36176
vt 0.30482 0.27168
vt 0.76622 0.35506
vt 0.05695 0.64049
vt 0.33271 0.31423
vt 0.05852 0.63560
vt 0.06860 0.63882
vt 0.27078 0.22605
vt 0.93847 0.91140
vt 0.08680 0.64261
vt 0.94822 0.92424
vt 0.09964 0.63482
vt 0.96605 0.93488
vt 0.43657 0.10685
vt 0.30927 0.22046
vt 0.38604 0.28351
vt 0.11377 0.64509
vt 0.92511 0.01896
vt 0.04408 0.10159
vt 0.10637 0.39342
vt 0.94705 0.94351
vt 0.11891 0.63802
vt 0.47859 0.81670
vt 0.98117 0.97160
vt 0.48850 0.81619
vt 0.94080 0.41811
vt 0.75509 0.14576
vt 0.57693 0.17702
vt 0.96779 0.29403
vt 0.63185 0.09048
vt 0.30929 0.72931
vt 0.99063 0.29831
vt 0.53883 0.80810
vt 0.98347 0.29734
vt 0.34195 0.74143
vt 0.62939 0.04541
vt 0.35294 0.73296
vt 0.58612 0.81863
vt 0.07417 0.42932
vt 0.59338 0.81632
vt 0.68226 0.46578
vt 0.27156 0.22307
vt 0.34833 0.29276
vt 0.96806 0.49824
vt 0.11435 0.06663
vt 0.75545 0.16861
vt 0.55408 0.18089
vt 0.09619 0.07471
vt 0.73729 0.16054
vt 0.47778 0.81469
vt 0.50759 0.81289
vt 0.24617 0.82530
vt 0.52937 0.80305
vt 0.57188 0.81291
vt 0.78315 0.35979
vt 0.06591 0.45270
vt 0.34546 0.29819
vt 0.11845 0.64839
vt 0.11926 0.39315
vt 0.47715 0.80240
vt 0.15293 0.37596
vt 0.95459 0.27033
vt 0.61865 0.11418
vt 0.20631 0.34990
vt 0.30839 0.74597
vt 0.01444 0.44344
vt 0.05242 0.42222
vt 0.57163 0.80775
vt 0.46358 0.11479
vt 0.28383 0.22171
vt 0.76005 0.10700
vt 0.10054 0.38805
vt 0.54954 0.18037
vt 0.09302 0.38777
vt 0.93408 0.41893
vt 0.57116 0.18374
vt 0.58010 0.18081
vt 0.17246 0.35169
vt 0.17565 0.35579
vt 0.24136 0.82160
vt 0.52013 0.80560
vt 0.34033 0.09575
vt 0.46168 0.11850
vt 0.37615 0.73577
vt 0.08220 0.44580
vt 0.34093 0.30580
vt 0.27402 0.22073
vt 0.35080 0.29342
vt 0.28204 0.21738
vt 0.35881 0.29153
vt 0.43497 0.09833
vt 0.14365 0.40292
vt 0.03564 0.09496
vt 0.11301 0.39003
vt 0.75244 0.09592
vt 0.10049 0.37697
vt 0.46674 0.80488
vt 0.15276 0.38636
vt 0.09994 0.06892
vt 0.74104 0.16633
vt 0.48662 0.80587
vt 0.16363 0.36648
vt 0.75008 0.15391
vt 0.18103 0.35855
vt 0.09900 0.35889
vt 0.18565 0.35125
vt 0.10362 0.35589
vt 0.50257 0.80557
vt 0.24445 0.35634
vt 0.16241 0.35053
vt 0.03640 0.42098
vt 0.55560 0.80456
vt 0.56415 0.80856
vt 0.35427 0.74415
vt 0.06033 0.43426
vt 0.64171 0.04269
vt 0.45036 0.09504
vt 0.13830 0.38753
vt 0.20237 0.31801
vt 0.76082 0.41901
vt 0.21244 0.31738
vt 0.69005 0.48257
vt 0.07055 0.43701
vt 0.08209 0.65051
vt 0.35785 0.30605
vt 0.35375 0.29485
vt 0.29403 0.21427
vt 0.37080 0.28868
vt 0.44063 0.09801
vt 0.14195 0.39726
vt 0.56106 0.18520
vt 0.08943 0.37624
vt 0.49318 0.79904
vt 0.14947 0.35992
vt 0.20836 0.36320
vt 0.12633 0.34762
vt 0.64103 0.10689
vt 0.51814 0.79724
vt 0.25571 0.81749
vt 0.51975 0.80149
vt 0.35468 0.09986
vt 0.21320 0.30727
vt 0.09570 0.12542
vt 0.06685 0.64690
vt 0.34262 0.30733
vt 0.57316 0.18604
vt 0.17139 0.35692
vt 0.08936 0.36414
vt 0.21913 0.32275
vt 0.69674 0.47413
vt 0.74407 0.39803
vt 0.34853 0.30431
vt 0.64504 0.11572
vt 0.50931 0.80393
vt 0.23271 0.35798
vt 0.25047 0.80888
vt 0.34944 0.10846
vt 0.63878 0.10240
vt 0.29736 0.74642
vt 0.00342 0.43698
vt 0.52263 0.80107
vt 0.00892 0.43017
vt 0.52813 0.79742
vt 0.34316 0.74854
vt 0.04921 0.43245
vt 0.09705 0.65295
vt 0.42334 0.09670
vt 0.37281 0.29530
vt 0.13154 0.41455
vt 0.14009 0.39676
vt 0.14487 0.35546
vt 0.01334 0.43805
vt 0.34630 0.74548
vt 0.63374 0.04136
vt 0.78714 0.07732
vt 0.12806 0.38682
vt 0.63724 0.11353
vt 0.22490 0.36155
vt 0.64457 0.11318
vt 0.51185 0.80205
vt 0.64304 0.10941
vt 0.51562 0.80183
vt 0.03516 0.42986
vt 0.11343 0.65576
vt 0.13078 0.39817
vt 0.13549 0.37942
vt 0.76807 0.06544
vt 0.13993 0.36775
vt 0.13379 0.38842
vt 0.25333 0.81223
vt 0.22266 0.37451
vt 0.14063 0.34844
vt 0.22227 0.31655
vt 0.08643 0.12646
vt 0.69988 0.46137
vt 0.69608 0.46056
vt 0.77672 0.08252
vt 0.12286 0.37640
vt 0.27033 0.80346
vt 0.36930 0.11388
vt 0.36574 0.03506
vt 0.23109 0.07059
vt 0.26320 0.80532
vt 0.46946 0.03393
vt 0.22924 0.07644
vt 0.16036 0.08035
vt 0.25958 0.79772
vt 0.35855 0.11963
vt 0.35498 0.03444
vt 0.15674 0.07511
vt 0.35798 0.04053
vt 0.23130 0.06512
vt 0.15973 0.06903
vt 0.46240 0.03370
vt 0.22900 0.08350
vt 0.15900 0.08740
vt 0.23465 0.08048
vt 0.16460 0.08439
vt 0.55198 0.49658
vt 0.73558 0.37962
vt 0.23460 0.06433
vt 0.16741 0.06824
vt 0.47396 0.04248
vt 0.16007 0.07585
vt 0.24073 0.07169
vt 0.16944 0.06965
vt 0.53760 0.49320
vt 0.71961 0.45424
vt 0.72119 0.37814
vt 0.24281 0.07585
vt 0.17180 0.07976
vt 0.24448 0.06734
vt 0.17451 0.07124
vt 0.24836 0.06932
vt 0.17721 0.07322
vn -0.8830 -0.4284 0.1918
vn -0.8830 -0.4284 0.1918
vn -0.8830 -0.4284 0.1918
vn -0.8830 -0.4284 0.1918
vn -0.8830 -0.4284 0.1918
vn -0.8830 -0.4284 0.1918
vn -0.5339 -0.6825 -0.4992
vn -0.5339 -0.6825 -0.4992
vn -0.8428 -0.3801 0.3811
vn -0.8428 -0.3801 0.3811
vn -0.8428 -0.3801 0.3811
vn -0.8428 -0.3801 0.3811
vn -0.2935 0.6075 0.7381
vn -0.2935 0.6075 0.7381
vn 0.4764 0.7004 -0.5315
vn 0.4764 0.7004 -0.5315
vn -0.6666 -0.0556 0.7434
vn -0.6666 -0.0556 0.7434
vn -0.0226 -0.2003 -0.9795
vn -0.2314 -0.4297 -0.8728
vn -0.2314 -0.4297 -0.8728
vn -0.5944 0.2581 -0.7616
vn -0.5944 0.2581 -0.7616
vn -0.7179 -0.2912 0.6323
vn -0.7179 -0.2912 0.6323
vn 0.3584 0.1615 -0.9195
vn -0.5495 -0.7661 -0.3335
vn -0.5495 -0.7661 -0.3335
vn -0.5495 -0.7661 -0.3335
vn -0.3306 -0.0124 0.9437
vn -0.3306 -0.0124 0.9437
vn 0.0032 0.9829 -0.1843
vn 0.0032 0.9829 -0.1843
vn 0.0032 0.9829 -0.1843
vn 0.0032 0.9829 -0.1843
vn -0.6031 0.7222 -0.3387
vn -0.6031 0.7222 -0.3387
vn -0.6031 0.7222 -0.3387
vn -0.6031 0.7222 -0.3387
vn -0.6031 0.7222 -0.3387
vn -0.6031 0.7222 -0.3387
vn 0.0000 0.0000 0.0000
vn 0.0000 0.0000 0.0000
vn 0.0842 0.9195 0.3840
vn -0.4874 -0.0853 0.8690
vn -0.4874 -0.0853 0.8690
vn -0.3742 -0.2297 -0.8985
vn -0.9140 0.2329 0.3320
vn -0.9140 0.2329 0.3320
vn -0.9581 0.2747 -0.0807
vn -0.9581 0.2747 -0.0807
vn -0.9581 0.2747 -0.0807
vn -0.9511 0.1271 -0.2814
vn -0.9511 0.1271 -0.2814
vn -0.9511 0.1271 -0.2814
vn -0.9511 0.1271 -0.2814
vn -0.6576 -0.4012 0.6376
vn -0.6576 -0.4012 0.6376
vn -0.0665 0.2964 0.9527
vn -0.0665 0.2964 0.9527
vn 0.6409 0.0246 -0.7672
vn 0.6409 0.0246 -0.7672
vn 0.1902 0.1179 -0.9746
vn 0.1902 0.1179 -0.9746
vn 0.1902 0.1179 -0.9746
vn 0.1902 0.1179 -0.9746
vn 0.1902 0.1179 -0.9746
vn 0.1902 0.1179 -0.9746
vn 0.1902 0.1179 -0.9746
vn -0.2631 0.5095 0.8193
vn -0.2631 0.5095 0.8193
vn -0.7632 -0.6447 -0.0433
vn -0.7632 -0.6447 -0.0433
vn -0.2542 0.2101 0.9440
vn -0.2542 0.2101 0.9440
vn -0.2542 0.2101 0.9440
vn 0.0308 0.1699 0.9850
vn -0.8180 0.0713 -0.5708
vn -0.8180 0.0713 -0.5708
vn 0.2593 0.6262 -0.7352
vn 0.2593 0.6262 -0.7352
vn -0.6588 -0.6341 0.4047
vn -0.6588 -0.6341 0.4047
vn -0.6588 -0.6341 0.4047
vn -0.3545 -0.3806 -0.8541
vn -0.3545 -0.3806 -0.8541
vn -0.6839 -0.7290 -0.0288
vn -0.7997 -0.5265 0.2885
vn -0.7997 -0.5265 0.2885
vn 0.5911 0.5632 -0.5774
vn 0.5911 0.5632 -0.5774
vn 0.3805 0.9128 0.1481
vn 0.3805 0.9128 0.1481
vn -0.9146 0.1886 0.3577
vn -0.9146 0.1886 0.3577
vn -0.8655 0.0421 -0.4991
vn -0.8655 0.0421 -0.4991
vn -0.8655 0.0421 -0.4991
vn -0.6249 -0.7671 0.1450
vn -0.6249 -0.7671 0.1450
vn -0.6274 -0.7727 0.0964
vn -0.6274 -0.7727 0.0964
vn -0.6274 -0.7727 0.0964
vn -0.6735 0.1789 -0.7172
vn -0.6735 0.1789 -0.7172
vn -0.6735 0.1789 -0.7172
vn -0.6735 0.1789 -0.7172
vn -0.6735 0.1789 -0.7172
vn -0.6735 0.1789 -0.7172
vn 0.7133 -0.4205 -0.5607
vn 0.7133 -0.4205 -0.5607
vn 0.7133 -0.4205 -0.5607
vn 0.7133 -0.4205 -0.5607
vn 0.7133 -0.4205 -0.5607
vn 0.7133 -0.4205 -0.5607
vn 0.7133 -0.4205 -0.5607
vn 0.7133 -0.4205 -0.5607
vn 0.0000 0.0000 0.0000
vn 0.0000 0.0000 0.0000
vn -0.0955 0.4389 -0.8935
vn -0.0955 0.4389 -0.8935
vn -0.0955 0.4389 -0.8935
vn -0.3689 0.8632 0.3448
vn -0.3689 0.8632 0.3448
vn -0.3689 0.8632 0.3448
vn -0.5552 0.5807 0.5955
vn -0.5552 0.5807 0.5955
vn -0.5552 0.5807 0.5955
vn -0.5552 0.5807 0.5955
vn -0.6570 -0.1426 0.7402
vn -0.6570 -0.1426 0.7402
vn -0.4868 0.4006 0.7763
vn -0.7080 0.7058 0.0235
vn -0.7080 0.7058 0.0235
vn -0.4291 -0.7684 -0.4748
vn -0.4291 -0.7684 -0.4748
vn 0.6916 0.4777 -0.5418
vn 0.6916 0.4777 -0.5418
vn 0.4893 0.5244 -0.6968
vn 0.4893 0.5244 -0.6968
vn 0.4893 0.5244 -0.6968
vn -0.4545 -0.7726 -0.4433
vn -0.4545 -0.7726 -0.4433
vn -0.4545 -0.7726 -0.4433
vn -0.2945 0.1214 0.9479
vn -0.5975 0.8011 0.0341
vn -0.5975 0.8011 0.0341
vn -0.5975 0.8011 0.0341
vn -0.5975 0.8011 0.0341
vn -0.8168 0.2031 -0.5400
vn -0.8168 0.2031 -0.5400
vn -0.6545 -0.6093 0.4477
vn -0.6545 -0.6093 0.4477
vn -0.5179 0.7361 0.4357
vn -0.5179 0.7361 0.4357
vn -0.5179 0.7361 0.4357
vn 0.2564 -0.2398 -0.9364
vn -0.4418 -0.8925 0.0907
vn -0.4418 -0.8925 0.0907
vn -0.4418 -0.8925 0.0907
vn -0.4928 -0.5867 -0.6426
vn -0.4928 -0.5867 -0.6426
vn -0.4928 -0.5867 -0.6426
vn 0.4372 0.8251 0.3579
vn 0.4372 0.8251 0.3579
vn -0.8423 0.5152 -0.1584
vn -0.8423 0.5152 -0.1584
vn -0.8423 0.5152 -0.1584
vn -0.8423 0.5152 -0.1584
vn -0.1664 -0.9458 -0.2789
vn -0.3756 -0.9258 -0.0431
vn -0.9600 0.0130 0.2797
vn -0.9600 0.0130 0.2797
vn 0.7661 0.4311 0.4767
vn 0.7661 0.4311 0.4767
vn -0.6678 -0.6572 0.3495
vn -0.6678 -0.6572 0.3495
vn -0.3297 0.4571 0.8260
vn -0.7085 0.1924 0.6789
vn -0.7085 0.1924 0.6789
vn -0.7222 0.4869 0.4913
vn -0.7222 0.4869 0.4913
vn -0.7222 0.4869 0.4913
vn -0.2436 0.6700 -0.7013
vn -0.2436 0.6700 -0.7013
vn -0.2436 0.6700 -0.7013
vn -0.0694 -0.0911 -0.9934
vn -0.5242 -0.8302 -0.1896
vn -0.5242 -0.8302 -0.1896
vn -0.5242 -0.8302 -0.1896
vn -0.5242 -0.8302 -0.1896
vn -0.8095 -0.5380 -0.2351
vn -0.8095 -0.5380 -0.2351
vn -0.8095 -0.5380 -0.2351
vn -0.8095 -0.5380 -0.2351
vn -0.8095 -0.5380 -0.2351
vn 0.5442 0.4819 0.6867
vn 0.5442 0.4819 0.6867
vn 0.5442 0.4819 0.6867
vn 0.5442 0.4819 0.6867
vn -0.6845 -0.2639 0.6796
vn -0.6845 -0.2639 0.6796
vn 0.0686 0.9584 -0.2771
vn 0.0686 0.9584 -0.2771
vn -0.6593 -0.1798 0.7300
vn -0.6593 -0.1798 0.7300
vn -0.6593 -0.1798 0.7300
vn -0.7682 -0.6380 -0.0532
vn -0.7682 -0.6380 -0.0532
vn -0.4231 -0.1139 0.8989
vn -0.4086 0.1445 -0.9012
vn -0.5929 -0.6522 0.4724
vn -0.5929 -0.6522 0.4724
vn -0.9878 0.0118 -0.1551
vn -0.9878 0.0118 -0.1551
vn -0.4545 0.2006 -0.8679
vn -0.4545 0.2006 -0.8679
vn -0.4545 0.2006 -0.8679
vn -0.4545 0.2006 -0.8679
vn -0.9831 0.1373 -0.1210
vn -0.9831 0.1373 -0.1210
vn -0.9831 0.1373 -0.1210
vn -0.7023 0.4932 0.5134
vn -0.7023 0.4932 0.5134
vn -0.7023 0.4932 0.5134
vn -0.7023 0.4932 0.5134
vn -0.7023 0.4932 0.5134
vn -0.7023 0.4932 0.5134
vn -0.6995 0.7042 0.1218
vn -0.6995 0.7042 0.1218
vn -0.6995 0.7042 0.1218
vn 0.3834 0.0728 -0.9207
vn 0.3834 0.0728 -0.9207
vn -0.4439 -0.5476 -0.7093
vn -0.4439 -0.5476 -0.7093
vn -0.3746 0.0503 0.9258
vn -0.0150 -0.1481 0.9889
vn -0.0150 -0.1481 0.9889
vn -0.0150 -0.1481 0.9889
vn -0.8652 -0.4899 0.1068
vn -0.8652 -0.4899 0.1068
vn -0.5617 0.8179 -0.1245
vn -0.5617 0.8179 -0.1245
vn -0.5617 0.8179 -0.1245
vn -0.1820 0.9802 0.0777
vn -0.5100 -0.5163 -0.6879
vn -0.5100 -0.5163 -0.6879
vn -0.5100 -0.5163 -0.6879
vn -0.5100 -0.5163 -0.6879
vn -0.5100 -0.5163 -0.6879
vn -0.5100 -0.5163 -0.6879
vn 0.6546 0.2353 -0.7184
vn 0.6546 0.2353 -0.7184
vn -0.7712 0.1273 0.6237
vn -0.7712 0.1273 0.6237
vn -0.4982 0.5709 -0.6526
vn -0.4982 0.5709 -0.6526
vn 0.0000 0.0000 0.0000
vn 0.0000 0.0000 0.0000
vn -0.4829 0.8382 -0.2534
vn -0.4829 0.8382 -0.2534
vn -0.4829 0.8382 -0.2534
vn -0.4829 0.8382 -0.2534
vn 0.3068 0.1134 -0.9450
vn 0.3068 0.1134 -0.9450
vn 0.7429 0.6568 0.1293
vn 0.7429 0.6568 0.1293
vn -0.0517 -0.9986 -0.0132
vn -0.0517 -0.9986 -0.0132
vn -0.5494 -0.4517 0.7030
vn -0.5494 -0.4517 0.7030
vn -0.5494 -0.4517 0.7030
vn 0.2180 0.1479 0.9647
vn -0.6456 0.7587 -0.0865
vn -0.6456 0.7587 -0.0865
vn 0.0090 -0.9223 0.3865
vn -0.6917 0.6714 -0.2659
vn -0.6917 0.6714 -0.2659
vn -0.6584 -0.7379 0.1482
vn -0.6584 -0.7379 0.1482
vn -0.1386 0.9857 -0.0961
vn -0.5048 -0.4535 0.7345
vn -0.5048 -0.4535 0.7345
vn 0.1609 -0.4754 -0.8650
vn 0.1609 -0.4754 -0.8650
vn 0.1231 -0.4033 -0.9067
vn 0.1231 -0.4033 -0.9067
vn 0.1231 -0.4033 -0.9067
vn -0.7959 -0.6030 0.0549
vn -0.9007 -0.1883 -0.3916
vn -0.9007 -0.1883 -0.3916
vn -0.3565 -0.1299 0.9252
vn -0.3565 -0.1299 0.9252
vn 0.2042 -0.2226 -0.9533
vn 0.2042 -0.2226 -0.9533
vn 0.2042 -0.2226 -0.9533
vn 0.2042 -0.2226 -0.9533
vn 0.2042 -0.2226 -0.9533
vn 0.2042 -0.2226 -0.9533
vn 0.5819 0.3004 -0.7557
vn 0.5819 0.3004 -0.7557
vn 0.1346 0.7730 -0.6199
vn 0.1346 0.7730 -0.6199
vn 0.1346 0.7730 -0.6199
vn -0.8481 0.3720 0.3772
vn -0.8481 0.3720 0.3772
vn -0.8481 0.3720 0.3772
vn -0.8481 0.3720 0.3772
vn -0.8481 0.3720 0.3772
vn -0.8481 0.3720 0.3772
vn -0.8481 0.3720 0.3772
vn -0.8481 0.3720 0.3772
vn -0.8481 0.3720 0.3772
vn -0.6815 -0.7148 -0.1568
vn -0.6815 -0.7148 -0.1568
vn -0.9798 -0.1886 0.0663
vn -0.9798 -0.1886 0.0663
vn -0.9798 -0.1886 0.0663
vn -0.4708 0.6267 0.6209
vn -0.4708 0.6267 0.6209
vn 0.4704 0.4140 0.7793
vn 0.4704 0.4140 0.7793
vn 0.4704 0.4140 0.7793
vn 0.4831 -0.0412 -0.8746
vn 0.4831 -0.0412 -0.8746
vn 0.4831 -0.0412 -0.8746
vn -0.4840 -0.6936 -0.5336
vn 0.2190 0.3758 0.9005
vn 0.2190 0.3758 0.9005
vn 0.2190 0.3758 0.9005
vn 0.2190 0.3758 0.9005
vn 0.2190 0.3758 0.9005
vn -0.3982 -0.2831 -0.8725
vn -0.3982 -0.2831 -0.8725
vn -0.3982 -0.2831 -0.8725
vn 0.2037 0.7343 0.6475
vn 0.2037 0.7343 0.6475
vn 0.2037 0.7343 0.6475
vn 0.1901 -0.1786 -0.9654
vn -0.4017 0.3837 0.8315
vn -0.1391 -0.6232 -0.7696
vn -0.1391 -0.6232 -0.7696
vn -0.3690 -0.9066 -0.2047
vn -0.3690 -0.9066 -0.2047
vn 0.1642 -0.4933 0.8542
vn 0.1642 -0.4933 0.8542
vn -0.7302 0.5698 -0.3771
vn -0.7302 0.5698 -0.3771
vn -0.1478 0.9179 0.3683
vn -0.1478 0.9179 0.3683
vn -0.4163 -0.7107 -0.5671
vn -0.4163 -0.7107 -0.5671
vn -0.4163 -0.7107 -0.5671
vn -0.4163 -0.7107 -0.5671
vn -0.4163 -0.7107 -0.5671
vn -0.4163 -0.7107 -0.5671
vn -0.4163 -0.7107 -0.5671
vn 0.7588 0.5869 -0.2823
vn 0.7588 0.5869 -0.2823
vn 0.7588 0.5869 -0.2823
vn -0.6183 -0.3496 0.7039
vn -0.2986 0.0669 -0.9520
vn -0.2986 0.0669 -0.9520
vn -0.4953 -0.1825 0.8494
vn 0.0486 0.1660 0.9849
vn 0.0486 0.1660 0.9849
vn 0.0486 0.1660 0.9849
vn -0.0131 -0.0251 0.9996
vn -0.0131 -0.0251 0.9996
vn -0.1145 -0.1130 -0.9870
vn 0.0000 0.0000 0.0000
vn 0.0000 0.0000 0.0000
vn 0.6834 0.6087 0.4031
vn 0.6834 0.6087 0.4031
vn 0.6834 0.6087 0.4031
vn 0.6834 0.6087 0.4031
vn 0.6834 0.6087 0.4031
vn -0.8232 -0.4817 0.3005
vn -0.8232 -0.4817 0.3005
vn 0.5579 0.6446 -0.5227
vn 0.5579 0.6446 -0.5227
vn 0.4342 0.2841 -0.8549
vn 0.4415 0.8447 0.3027
vn 0.5785 0.8157 0.0033
vn -0.3077 0.7955 0.5220
vn -0.3077 0.7955 0.5220
vn -0.0696 0.9076 0.4141
vn -0.0696 0.9076 0.4141
vn -0.0696 0.9076 0.4141
vn -0.0696 0.9076 0.4141
vn -0.3229 0.7512 -0.5757
vn -0.3229 0.7512 -0.5757
vn 0.0238 -0.9962 0.0841
vn 0.0238 -0.9962 0.0841
vn -0.6726 -0.4801 0.5630
vn -0.6726 -0.4801 0.5630
vn -0.1219 0.1039 -0.9871
vn -0.1957 0.7709 -0.6061
vn -0.1957 0.7709 -0.6061
vn -0.4998 0.8245 -0.2655
vn 0.0738 -0.7382 -0.6705
vn -0.5518 -0.4424 0.7070
vn -0.5518 -0.4424 0.7070
vn 0.7938 0.5794 0.1848
vn -0.0792 0.4877 -0.8694
vn -0.0792 0.4877 -0.8694
vn -0.2753 -0.9504 0.1444
vn -0.2753 -0.9504 0.1444
vn -0.2753 -0.9504 0.1444
vn -0.9685 -0.2365 0.0781
vn -0.2063 -0.2314 0.9507
vn -0.2063 -0.2314 0.9507
vn -0.7556 0.5327 0.3812
vn -0.7556 0.5327 0.3812
vn -0.8589 -0.3824 0.3408
vn -0.8589 -0.3824 0.3408
vn -0.1342 -0.3859 -0.9127
vn -0.1342 -0.3859 -0.9127
vn -0.8537 0.3278 0.4046
vn -0.0265 0.9421 -0.3342
vn -0.4314 0.0322 -0.9016
vn -0.4314 0.0322 -0.9016
vn -0.4314 0.0322 -0.9016
vn -0.4314 0.0322 -0.9016
vn -0.4314 0.0322 -0.9016
vn -0.4314 0.0322 -0.9016
vn 0.6772 0.5354 0.5048
vn 0.6772 0.5354 0.5048
vn 0.4561 0.3752 0.8070
vn 0.4561 0.3752 0.8070
vn 0.4561 0.3752 0.8070
vn -0.7842 -0.5121 0.3503
vn -0.2797 0.3235 0.9039
vn 0.8656 0.1502 0.4777
vn 0.8656 0.1502 0.4777
vn 0.8656 0.1502 0.4777
vn -0.5188 -0.6447 -0.5614
vn -0.5188 -0.6447 -0.5614
vn -0.5726 -0.4582 0.6798
vn -0.5726 -0.4582 0.6798
vn 0.3838 0.2530 -0.8881
vn 0.3838 0.2530 -0.8881
vn -0.0498 0.0508 -0.9975
vn -0.0498 0.0508 -0.9975
vn -0.5836 -0.0219 0.8118
vn -0.5836 -0.0219 0.8118
vn -0.7102 -0.6798 0.1830
vn -0.7102 -0.6798 0.1830
vn 0.0744 0.7151 0.6951
vn 0.0744 0.7151 0.6951
vn -0.3358 0.8903 -0.3075
vn -0.3358 0.8903 -0.3075
vn -0.1365 -0.9534 -0.2692
vn -0.1365 -0.9534 -0.2692
vn -0.8782 -0.4752 -0.0536
vn -0.8782 -0.4752 -0.0536
vn -0.8782 -0.4752 -0.0536
vn -0.8782 -0.4752 -0.0536
vn -0.8782 -0.4752 -0.0536
vn -0.8782 -0.4752 -0.0536
vn 0.6896 0.5959 -0.4117
vn 0.3504 -0.0120 -0.9365
vn 0.3504 -0.0120 -0.9365
vn 0.3504 -0.0120 -0.9365
vn -0.1610 0.3494 0.9230
vn -0.1610 0.3494 0.9230
vn -0.1610 0.3494 0.9230
vn -0.4071 -0.3776 0.8317
vn -0.7675 0.4779 -0.4273
vn -0.7675 0.4779 -0.4273
vn -0.3225 0.9464 0.0186
vn -0.3225 0.9464 0.0186
vn -0.3354 0.9124 0.2347
vn -0.8998 0.0212 -0.4357
vn -0.8425 -0.5386 0.0088
vn -0.2466 -0.6223 0.7429
vn -0.2466 -0.6223 0.7429
vn -0.4178 -0.8416 0.3423
vn -0.4178 -0.8416 0.3423
vn -0.8146 0.5023 0.2900
vn -0.8146 0.5023 0.2900
vn -0.1833 0.8165 -0.5474
vn -0.1833 0.8165 -0.5474
vn 0.7241 0.0506 -0.6879
vn 0.7241 0.0506 -0.6879
vn 0.7241 0.0506 -0.6879
vn 0.7241 0.0506 -0.6879
vn 0.7241 0.0506 -0.6879
vn 0.7241 0.0506 -0.6879
vn -0.7304 -0.6798 -0.0668
vn -0.7304 -0.6798 -0.0668
vn 0.3429 0.9277 -0.1479
vn 0.3429 0.9277 -0.1479
vn 0.7711 0.5743 -0.2748
vn 0.7711 0.5743 -0.2748
vn 0.7711 0.5743 -0.2748
vn 0.7711 0.5743 -0.2748
vn -0.0000 0.0000 0.0000
vn -0.0000 0.0000 0.0000
vn -0.9886 0.1116 -0.1013
vn -0.7770 -0.5210 -0.3533
vn -0.7770 -0.5210 -0.3533
vn -0.7155 -0.4327 0.5485
vn -0.7155 -0.4327 0.5485
vn -0.7155 -0.4327 0.5485
vn -0.4500 -0.5756 -0.6828
vn -0.4500 -0.5756 -0.6828
vn -0.5381 -0.8048 -0.2504
vn -0.5381 -0.8048 -0.2504
vn 0.5186 0.3593 0.7759
vn 0.5186 0.3593 0.7759
vn 0.5186 0.3593 0.7759
vn 0.4345 0.1782 -0.8829
vn 0.8737 0.4846 0.0434
vn 0.8737 0.4846 0.0434
vn 0.8737 0.4846 0.0434
vn -0.5299 0.1242 -0.8389
vn -0.5299 0.1242 -0.8389
vn -0.6238 0.4215 -0.6582
vn -0.6238 0.4215 -0.6582
vn -0.6238 0.4215 -0.6582
vn -0.0802 0.9390 0.3344
vn -0.0802 0.9390 0.3344
vn -0.6715 0.7395 0.0475
vn -0.6715 0.7395 0.0475
vn 0.5057 -0.6655 0.5490
vn 0.5057 -0.6655 0.5490
vn 0.5057 -0.6655 0.5490
vn 0.5057 -0.6655 0.5490
vn 0.4790 0.3465 0.8065
vn 0.4790 0.3465 0.8065
vn 0.4790 0.3465 0.8065
vn -0.6702 0.0284 0.7417
vn -0.6702 0.0284 0.7417
vn -0.9388 0.0105 -0.3444
vn -0.2231 -0.2293 0.9474
vn -0.2231 -0.2293 0.9474
vn -0.2231 -0.2293 0.9474
vn -0.2231 -0.2293 0.9474
vn -0.2231 -0.2293 0.9474
vn 0.7892 0.3084 -0.5310
vn 0.7892 0.3084 -0.5310
vn 0.7892 0.3084 -0.5310
vn 0.2602 -0.1299 -0.9568
vn 0.2602 -0.1299 -0.9568
vn -0.8450 0.4933 -0.2063
vn -0.7749 -0.6116 0.1600
vn 0.8687 0.4644 -0.1725
vn 0.8687 0.4644 -0.1725
vn 0.5330 0.1009 -0.8401
vn 0.5330 0.1009 -0.8401
vn -0.2711 -0.0730 0.9598
vn -0.2711 -0.0730 0.9598
vn -0.2711 -0.0730 0.9598
vn -0.2972 0.3386 0.8928
vn 0.1314 -0.9789 0.1564
vn 0.1314 -0.9789 0.1564
vn -0.2676 0.8831 0.3855
vn -0.2676 0.8831 0.3855
vn -0.8917 -0.1221 0.4360
vn -0.8917 -0.1221 0.4360
vn -0.8917 -0.1221 0.4360
vn -0.2828 0.8964 -0.3413
vn -0.2828 0.8964 -0.3413
vn -0.2828 0.8964 -0.3413
vn -0.2828 0.8964 -0.3413
vn -0.7737 -0.6335 -0.0006
vn -0.7737 -0.6335 -0.0006
vn 0.0000 0.0000 -0.0000
vn 0.0000 0.0000 -0.0000
vn 0.4597 0.7679 -0.4461
vn 0.4597 0.7679 -0.4461
vn -0.5730 -0.6688 0.4737
vn -0.5730 -0.6688 0.4737
vn -0.9843 -0.1669 -0.0566
vn -0.9843 -0.1669 -0.0566
vn -0.8802 -0.4500 -0.1512
vn -0.8802 -0.4500 -0.1512
vn -0.6650 -0.0125 0.7468
vn -0.6650 -0.0125 0.7468
vn -0.8171 0.1888 -0.5447
vn -0.8171 0.1888 -0.5447
vn -0.8171 0.1888 -0.5447
vn -0.8171 0.1888 -0.5447
vn -0.5058 0.5725 0.6453
vn -0.5058 0.5725 0.6453
vn -0.5058 0.5725 0.6453
vn -0.8032 0.4364 0.4055
vn -0.6376 0.7431 0.2032
vn -0.6376 0.7431 0.2032
vn -0.2139 -0.9422 -0.2578
vn -0.2139 -0.9422 -0.2578
vn 0.8295 0.5555 -0.0587
vn 0.8295 0.5555 -0.0587
vn -0.8944 0.4449 0.0472
vn -0.8944 0.4449 0.0472
vn -0.8777 0.4792 0.0116
vn -0.8777 0.4792 0.0116
vn -0.2204 -0.8936 -0.3911
vn -0.2204 -0.8936 -0.3911
vn -0.4612 -0.8537 0.2420
vn -0.2073 -0.9750 0.0801
vn -0.2073 -0.9750 0.0801
vn -0.3254 -0.9077 -0.2651
vn -0.3254 -0.9077 -0.2651
vn -0.2835 -0.5033 0.8163
vn -0.2835 -0.5033 0.8163
vn -0.2835 -0.5033 0.8163
vn -0.2059 0.1005 0.9734
vn -0.2059 0.1005 0.9734
vn -0.1022 0.6045 -0.7900
vn -0.1022 0.6045 -0.7900
vn -0.1022 0.6045 -0.7900
vn -0.1474 -0.0135 0.9890
vn -0.1474 -0.0135 0.9890
vn -0.1474 -0.0135 0.9890
vn -0.7551 0.6266 -0.1929
vn -0.7551 0.6266 -0.1929
vn -0.7551 0.6266 -0.1929
vn -0.7551 0.6266 -0.1929
vn 0.1587 0.5738 0.8034
vn 0.1587 0.5738 0.8034
vn 0.1587 0.5738 0.8034
vn 0.1587 0.5738 0.8034
vn -0.5471 -0.0778 -0.8335
vn -0.5471 -0.0778 -0.8335
vn 0.7801 0.5703 -0.2573
vn 0.5228 0.2172 -0.8243
vn 0.5228 0.2172 -0.8243
vn 0.5228 0.2172 -0.8243
vn 0.5228 0.2172 -0.8243
vn -0.6088 -0.6431 -0.4646
vn -0.6088 -0.6431 -0.4646
vn -0.9383 0.2748 -0.2101
vn -0.5713 -0.4370 -0.6947
vn 0.8973 -0.4399 -0.0371
vn 0.8973 -0.4399 -0.0371
vn -0.9537 0.2288 0.1953
vn -0.9537 0.2288 0.1953
vn 0.8014 0.5155 0.3032
vn 0.8014 0.5155 0.3032
vn 0.8014 0.5155 0.3032
vn -0.5849 -0.3111 -0.7491
vn -0.5849 -0.3111 -0.7491
vn -0.5849 -0.3111 -0.7491
vn -0.8691 0.3364 0.3625
vn -0.8691 0.3364 0.3625
vn 0.9524 0.2353 -0.1938
vn 0.9524 0.2353 -0.1938
vn 0.4468 0.0479 0.8933
vn 0.2460 -0.9596 -0.1369
vn 0.0708 -0.9931 0.0937
vn -0.1146 -0.9849 -0.1295
vn 0.4056 0.8823 0.2390
vn 0.4056 0.8823 0.2390
vn 0.4056 0.8823 0.2390
vn 0.4056 0.8823 0.2390
vn 0.1334 0.6791 -0.7218
vn 0.1334 0.6791 -0.7218
vn 0.1334 0.6791 -0.7218
vn 0.1334 0.6791 -0.7218
vn -0.4179 -0.1270 0.8996
vn 0.3209 0.8244 -0.4661
vn -0.7140 -0.3618 -0.5995
vn -0.7140 -0.3618 -0.5995
vn -0.7140 -0.3618 -0.5995
vn -0.2590 -0.9359 -0.2389
vn -0.2187 -0.0218 0.9755
vn -0.2187 -0.0218 0.9755
vn 0.8791 -0.3626 0.3094
vn 0.8791 -0.3626 0.3094
vn 0.7103 0.6863 -0.1566
vn 0.7103 0.6863 -0.1566
vn 0.7103 0.6863 -0.1566
vn 0.5739 0.1589 -0.8033
vn 0.5739 0.1589 -0.8033
vn -0.6329 -0.2357 0.7375
vn -0.6329 -0.2357 0.7375
vn 0.0000 0.0000 0.0000
vn 0.0000 0.0000 0.0000
vn -0.7596 -0.6206 -0.1945
vn -0.7596 -0.6206 -0.1945
vn -0.7596 -0.6206 -0.1945
vn -0.6781 0.7310 -0.0764
vn -0.6781 0.7310 -0.0764
vn -0.6781 0.7310 -0.0764
vn -0.9640 -0.2581 -0.0636
vn -0.9640 -0.2581 -0.0636
vn -0.8229 -0.3671 -0.4337
vn -0.8229 -0.3671 -0.4337
vn -0.7230 -0.6908 0.0110
vn -0.7204 0.6495 -0.2434
vn -0.7204 0.6495 -0.2434
vn -0.6537 0.5564 -0.5130
vn -0.6537 0.5564 -0.5130
vn -0.6537 0.5564 -0.5130
vn -0.6410 0.6488 0.4100
vn -0.6410 0.6488 0.4100
vn -0.6400 -0.6135 0.4627
vn -0.6400 -0.6135 0.4627
vn -0.4665 -0.5984 0.6514
vn -0.6788 -0.6208 0.3921
vn -0.6788 -0.6208 0.3921
vn -0.6788 -0.6208 0.3921
vn -0.9644 0.0472 0.2602
vn -0.6194 0.5281 0.5809
vn -0.6194 0.5281 0.5809
vn -0.2707 0.9458 0.1793
vn -0.2707 0.9458 0.1793
vn 0.5407 0.5225 -0.6593
vn 0.5407 0.5225 -0.6593
vn 0.5407 0.5225 -0.6593
vn 0.5407 0.5225 -0.6593
vn 0.5407 0.5225 -0.6593
vn 0.5407 0.5225 -0.6593
vn -0.6931 -0.4197 0.5861
vn -0.6931 -0.4197 0.5861
vn -0.1641 -0.6769 -0.7175
vn -0.1641 -0.6769 -0.7175
vn 0.4987 0.8100 0.3086
vn 0.4987 0.8100 0.3086
vn 0.4987 0.8100 0.3086
vn -0.2014 -0.7072 0.6778
vn -0.2014 -0.7072 0.6778
vn -0.2014 -0.7072 0.6778
vn 0.7418 -0.3717 0.5582
vn 0.7418 -0.3717 0.5582
vn 0.7418 -0.3717 0.5582
vn 0.7418 -0.3717 0.5582
vn 0.0610 0.0009 0.9981
vn 0.0610 0.0009 0.9981
vn 0.0610 0.0009 0.9981
vn 0.0610 0.0009 0.9981
vn 0.0610 0.0009 0.9981
vn 0.0610 0.0009 0.9981
vn 0.3640 -0.8013 0.4748
vn 0.3640 -0.8013 0.4748
vn 0.3640 -0.8013 0.4748
vn -0.0132 0.9485 0.3165
vn -0.0132 0.9485 0.3165
vn -0.0132 0.9485 0.3165
vn -0.0132 0.9485 0.3165
vn -0.0132 0.9485 0.3165
vn -0.0132 0.9485 0.3165
vn 0.1865 -0.6027 0.7759
vn 0.1865 -0.6027 0.7759
vn -0.7163 -0.6909 0.0977
vn -0.5223 -0.6089 0.5970
vn -0.6634 -0.4608 0.5896
vn -0.8259 -0.5277 0.1985
vn -0.8259 -0.5277 0.1985
vn -0.8436 0.5367 0.0197
vn -0.8436 0.5367 0.0197
vn -0.1346 0.9899 -0.0448
vn -0.1346 0.9899 -0.0448
vn -0.1346 0.9899 -0.0448
vn 0.3044 0.9516 0.0430
vn 0.0223 0.0101 0.9997
vn 0.0223 0.0101 0.9997
vn 0.0223 0.0101 0.9997
vn -0.8336 0.1513 -0.5312
vn -0.8336 0.1513 -0.5312
vn -0.8336 0.1513 -0.5312
vn -0.8336 0.1513 -0.5312
vn -0.9309 0.1687 0.3238
vn -0.9309 0.1687 0.3238
vn -0.9309 0.1687 0.3238
vn -0.9316 0.3458 0.1116
vn -0.9419 0.3357 0.0081
vn -0.9419 0.3357 0.0081
vn -0.9419 0.3357 0.0081
vn -0.6920 0.6270 -0.3578
vn -0.6920 0.6270 -0.3578
vn -0.3587 -0.1935 0.9132
vn -0.3587 -0.1935 0.9132
vn -0.9480 -0.2697 0.1689
vn -0.9480 -0.2697 0.1689
vn -0.9480 -0.2697 0.1689
vn -0.0543 0.4937 -0.8679
vn -0.0543 0.4937 -0.8679
vn -0.5055 -0.2693 -0.8197
vn -0.5055 -0.2693 -0.8197
vn -0.7024 -0.1282 -0.7001
vn -0.7024 -0.1282 -0.7001
vn -0.7299 0.6647 0.1592
vn -0.7299 0.6647 0.1592
vn -0.7299 0.6647 0.1592
vn -0.4345 -0.4894 -0.7561
vn -0.6089 -0.6693 -0.4258
vn -0.6089 -0.6693 -0.4258
vn -0.1324 -0.6294 -0.7657
vn -0.1324 -0.6294 -0.7657
vn -0.3499 -0.5451 0.7619
vn -0.6790 0.4856 0.5507
vn -0.6790 0.4856 0.5507
vn -0.6790 0.4856 0.5507
vn -0.6790 0.4856 0.5507
vn -0.6790 0.4856 0.5507
vn -0.7904 0.1969 0.5801
vn -0.7904 0.1969 0.5801
vn -0.6575 0.3721 0.6552
vn -0.6575 0.3721 0.6552
vn -0.2139 -0.0214 0.9766
vn -0.2139 -0.0214 0.9766
vn -0.2599 0.9436 -0.2053
vn -0.2599 0.9436 -0.2053
vn -0.7059 -0.4894 0.5120
vn -0.7059 -0.4894 0.5120
vn -0.7059 -0.4894 0.5120
vn -0.1694 0.9744 0.1478
vn -0.3598 -0.1310 0.9238
vn -0.3598 -0.1310 0.9238
vn 0.9213 -0.3817 -0.0748
vn 0.9213 -0.3817 -0.0748
vn 0.4939 0.1014 -0.8636
vn 0.4939 0.1014 -0.8636
vn 0.4939 0.1014 -0.8636
vn 0.2201 -0.0620 -0.9735
vn 0.2201 -0.0620 -0.9735
vn -0.2083 0.5904 0.7797
vn -0.2083 0.5904 0.7797
vn -0.2151 0.0239 -0.9763
vn -0.2151 0.0239 -0.9763
vn -0.2151 0.0239 -0.9763
vn -0.2151 0.0239 -0.9763
vn -0.0200 0.7636 -0.6454
vn -0.0200 0.7636 -0.6454
vn -0.0200 0.7636 -0.6454
vn 0.0752 -0.9879 0.1353
vn 0.0752 -0.9879 0.1353
vn -0.2649 -0.4091 0.8732
vn -0.2649 -0.4091 0.8732
vn -0.2649 -0.4091 0.8732
vn -0.5037 0.5985 -0.6229
vn -0.5037 0.5985 -0.6229
vn -0.5037 0.5985 -0.6229
vn -0.0359 0.3995 -0.9160
vn -0.0359 0.3995 -0.9160
vn -0.0359 0.3995 -0.9160
vn -0.4714 -0.2113 -0.8562
vn -0.4714 -0.2113 -0.8562
vn -0.4714 -0.2113 -0.8562
vn 0.1605 -0.9862 0.0404
vn 0.1605 -0.9862 0.0404
vn -0.4084 0.4416 0.7989
vn -0.4084 0.4416 0.7989
vn -0.2674 0.2843 0.9207
vn -0.2674 0.2843 0.9207
vn -0.8040 0.5691 0.1723
vn -0.8040 0.5691 0.1723
vn -0.2125 -0.4603 -0.8620
vn -0.2125 -0.4603 -0.8620
vn -0.2125 -0.4603 -0.8620
vn -0.2125 -0.4603 -0.8620
vn -0.2125 -0.4603 -0.8620
vn 0.3413 0.9022 -0.2637
vn 0.3413 0.9022 -0.2637
vn 0.0555 0.9983 -0.0152
vn 0.0555 0.9983 -0.0152
vn -0.5022 -0.2570 0.8257
vn -0.5022 -0.2570 0.8257
vn -0.5022 -0.2570 0.8257
vn 0.5509 0.7686 -0.3253
vn 0.5509 0.7686 -0.3253
vn 0.5509 0.7686 -0.3253
vn 0.5509 0.7686 -0.3253
vn 0.5509 0.7686 -0.3253
vn 0.5509 0.7686 -0.3253
vn 0.6108 0.2211 -0.7603
vn 0.6108 0.2211 -0.7603
vn -0.1763 -0.0454 0.9833
vn -0.1763 -0.0454 0.9833
vn -0.1763 -0.0454 0.9833
vn -0.1763 -0.0454 0.9833
vn -0.1763 -0.0454 0.9833
vn -0.1541 0.1174 0.9811
vn -0.1541 0.1174 0.9811
vn 0.5380 0.3364 0.7729
vn 0.7504 -0.5447 0.3744
vn 0.7504 -0.5447 0.3744
vn -0.0071 -0.3350 -0.9422
vn -0.0071 -0.3350 -0.9422
vn -0.9628 0.1861 0.1957
vn -0.9374 -0.1190 -0.3274
vn -0.7937 -0.4939 0.3552
vn -0.7937 -0.4939 0.3552
vn 0.1383 0.6917 0.7088
vn 0.1383 0.6917 0.7088
vn 0.1217 0.7077 0.6959
vn 0.1217 0.7077 0.6959
vn -0.8823 -0.4435 -0.1575
vn -0.8823 -0.4435 -0.1575
vn -0.6521 -0.0973 -0.7518
vn -0.6521 -0.0973 -0.7518
vn -0.6521 -0.0973 -0.7518
vn -0.6521 -0.0973 -0.7518
vn -0.5530 -0.5544 0.6219
vn -0.5530 -0.5544 0.6219
vn -0.5530 -0.5544 0.6219
vn -0.5530 -0.5544 0.6219
vn -0.5530 -0.5544 0.6219
vn -0.4535 -0.5452 0.7051
vn -0.4535 -0.5452 0.7051
vn -0.4535 -0.5452 0.7051
vn 0.1743 0.8599 -0.4797
vn 0.1743 0.8599 -0.4797
vn 0.5718 -0.4946 -0.6545
vn 0.5718 -0.4946 -0.6545
vn 0.5718 -0.4946 -0.6545
vn 0.5718 -0.4946 -0.6545
vn -0.7768 -0.6293 -0.0236
vn -0.7877 -0.4840 0.3811
vn 0.6099 -0.7495 0.2574
vn 0.6099 -0.7495 0.2574
vn 0.6099 -0.7495 0.2574
vn 0.6099 -0.7495 0.2574
vn 0.6099 -0.7495 0.2574
vn 0.6099 -0.7495 0.2574
vn 0.6099 -0.7495 0.2574
vn 0.2258 -0.9733 -0.0417
vn 0.2258 -0.9733 -0.0417
vn 0.4964 -0.8449 0.1994
vn -0.5433 -0.2144 0.8117
vn -0.5433 -0.2144 0.8117
vn -0.5400 0.8201 -0.1894
vn -0.5400 0.8201 -0.1894
vn -0.6571 0.6489 0.3837
vn -0.6571 0.6489 0.3837
vn -0.6571 0.6489 0.3837
vn 0.2868 0.3422 0.8948
vn 0.2868 0.3422 0.8948
vn 0.2868 0.3422 0.8948
vn 0.2868 0.3422 0.8948
vn -0.3642 -0.8291 -0.4242
vn -0.3642 -0.8291 -0.4242
vn -0.9943 0.0091 -0.1066
vn -0.9458 0.0307 0.3232
vn -0.9586 0.1109 0.2623
vn -0.9526 -0.1676 -0.2539
vn -0.9073 0.0573 0.4165
vn -0.9073 0.0573 0.4165
vn -0.9073 0.0573 0.4165
vn -0.0614 -0.9140 -0.4010
vn -0.0614 -0.9140 -0.4010
vn -0.2501 0.5149 -0.8200
vn -0.2501 0.5149 -0.8200
vn -0.9889 0.0098 -0.1479
vn -0.9889 0.0098 -0.1479
vn -0.2666 -0.2875 0.9199
vn -0.2666 -0.2875 0.9199
vn -0.4948 -0.1367 -0.8582
vn -0.4948 -0.1367 -0.8582
vn -0.8075 0.3264 0.4913
vn -0.8075 0.3264 0.4913
vn -0.8075 0.3264 0.4913
vn -0.1976 -0.4683 0.8612
vn -0.1976 -0.4683 0.8612
vn -0.1976 -0.4683 0.8612
vn 0.0300 -0.1191 -0.9924
vn -0.4011 0.0127 0.9160
vn -0.4011 0.0127 0.9160
vn 0.9430 0.0890 0.3208
vn 0.9430 0.0890 0.3208
vn 0.9430 0.0890 0.3208
vn 0.8047 0.5208 -0.2850
vn 0.8047 0.5208 -0.2850
vn -0.8545 0.5191 -0.0205
vn -0.8545 0.5191 -0.0205
vn 0.5581 -0.7729 0.3020
vn 0.5581 -0.7729 0.3020
vn 0.5581 -0.7729 0.3020
vn -0.8881 0.3197 0.3302
vn -0.8881 0.3197 0.3302
vn 0.1623 0.3351 0.9281
vn 0.1623 0.3351 0.9281
vn 0.1623 0.3351 0.9281
vn 0.1623 0.3351 0.9281
vn -0.1278 -0.8458 0.5180
vn -0.1278 -0.8458 0.5180
vn 0.3520 -0.3134 0.8819
vn 0.3520 -0.3134 0.8819
vn 0.3520 -0.3134 0.8819
vn -0.3693 0.3089 -0.8765
vn -0.3693 0.3089 -0.8765
vn -0.3693 0.3089 -0.8765
vn -0.3693 0.3089 -0.8765
vn -0.7821 -0.5279 0.3311
vn -0.7821 -0.5279 0.3311
vn -0.7821 -0.5279 0.3311
vn -0.7821 -0.5279 0.3311
vn -0.6507 0.6784 0.3412
vn -0.6507 0.6784 0.3412
vn -0.6370 -0.6317 -0.4418
vn -0.6370 -0.6317 -0.4418
vn -0.7363 -0.6732 0.0690
vn -0.7363 -0.6732 0.0690
vn -0.5055 -0.5110 -0.6952
vn -0.5055 -0.5110 -0.6952
vn 0.6015 -0.7854 -0.1462
vn 0.6015 -0.7854 -0.1462
vn -0.2687 -0.9631 -0.0122
vn -0.0960 -0.9269 -0.3628
vn -0.0211 -0.9611 0.2755
vn -0.8776 0.3773 -0.2958
vn -0.1542 -0.5166 0.8422
vn 0.0612 0.2050 0.9768
vn 0.0612 0.2050 0.9768
vn -0.4426 0.7178 0.5374
vn -0.4426 0.7178 0.5374
vn -0.4426 0.7178 0.5374
vn -0.6673 0.3421 -0.6616
vn -0.6673 0.3421 -0.6616
vn -0.3363 0.4431 0.8310
vn -0.3363 0.4431 0.8310
vn -0.3363 0.4431 0.8310
vn 0.1868 0.8478 -0.4964
vn 0.1868 0.8478 -0.4964
vn 0.1868 0.8478 -0.4964
vn -0.2691 -0.9627 0.0288
vn -0.2691 -0.9627 0.0288
vn 0.3750 0.4751 0.7960
vn -0.7759 -0.3624 -0.5163
vn -0.7759 -0.3624 -0.5163
vn -0.6915 -0.6977 0.1874
vn -0.6915 -0.6977 0.1874
vn 0.8053 -0.5881 0.0755
vn 0.8053 -0.5881 0.0755
vn 0.8053 -0.5881 0.0755
vn 0.9130 -0.3763 -0.1573
vn -0.4582 -0.3600 0.8127
vn -0.4582 -0.3600 0.8127
vn -0.9082 0.2774 0.3134
vn -0.9082 0.2774 0.3134
vn -0.9125 0.0626 0.4044
vn -0.9854 0.1476 0.0851
vn -0.1071 -0.7748 -0.6230
vn -0.1071 -0.7748 -0.6230
vn -0.1071 -0.7748 -0.6230
vn -0.1071 -0.7748 -0.6230
vn -0.7028 -0.0046 0.7114
vn -0.7028 -0.0046 0.7114
vn -0.9000 0.3390 -0.2739
vn -0.9000 0.3390 -0.2739
vn -0.7893 -0.2409 0.5647
vn -0.7893 -0.2409 0.5647
vn -0.1612 -0.4359 -0.8854
vn 0.9676 0.2429 -0.0684
vn 0.9676 0.2429 -0.0684
vn 0.9676 0.2429 -0.0684
vn 0.8338 0.2752 -0.4786
vn 0.8338 0.2752 -0.4786
vn 0.8338 0.2752 -0.4786
vn 0.8338 0.2752 -0.4786
vn -0.7248 0.0878 -0.6833
vn -0.7248 0.0878 -0.6833
vn 0.3478 -0.0784 0.9343
vn 0.3478 -0.0784 0.9343
vn 0.3478 -0.0784 0.9343
vn 0.1785 0.7688 0.6140
vn 0.1785 0.7688 0.6140
vn 0.6950 0.6463 0.3149
vn 0.6950 0.6463 0.3149
vn -0.4618 0.8482 -0.2596
vn -0.4618 0.8482 -0.2596
vn -0.4618 0.8482 -0.2596
vn -0.4618 0.8482 -0.2596
vn -0.4618 0.8482 -0.2596
vn -0.4618 0.8482 -0.2596
vn -0.4618 0.8482 -0.2596
vn -0.0032 0.7728 -0.6347
vn -0.0032 0.7728 -0.6347
vn -0.0032 0.7728 -0.6347
vn -0.0032 0.7728 -0.6347
vn -0.0032 0.7728 -0.6347
vn -0.0032 0.7728 -0.6347
vn -0.6198 0.5101 0.5964
vn -0.6198 0.5101 0.5964
vn -0.6198 0.5101 0.5964
vn -0.3378 0.0387 0.9404
vn -0.3378 0.0387 0.9404
vn -0.3378 0.0387 0.9404
vn 0.1956 0.2454 -0.9495
vn 0.1956 0.2454 -0.9495
vn -0.0031 0.9515 -0.3078
vn -0.0031 0.9515 -0.3078
vn 0.4121 0.7504 -0.5167
vn 0.4121 0.7504 -0.5167
vn -0.4545 0.8603 -0.2311
vn -0.4545 0.8603 -0.2311
vn -0.4545 0.8603 -0.2311
vn 0.6501 -0.5409 0.5337
vn 0.6501 -0.5409 0.5337
vn 0.6501 -0.5409 0.5337
vn -0.8445 0.2910 -0.4496
vn -0.8445 0.2910 -0.4496
vn -0.7687 0.2550 -0.5865
vn -0.7687 0.2550 -0.5865
vn -0.9067 0.2721 0.3223
vn -0.9095 0.4142 -0.0353
vn -0.9443 0.2422 -0.2227
vn -0.9443 0.2422 -0.2227
vn -0.7326 -0.0295 -0.6800
vn -0.8549 0.5148 0.0647
vn -0.7822 0.5845 -0.2155
vn -0.5400 0.1130 -0.8341
vn -0.5400 0.1130 -0.8341
vn -0.5400 0.1130 -0.8341
vn -0.6352 -0.3551 0.6859
vn -0.6352 -0.3551 0.6859
vn -0.6646 0.5736 0.4789
vn -0.6646 0.5736 0.4789
vn -0.6646 0.5736 0.4789
vn -0.6646 0.5736 0.4789
vn -0.7228 -0.6636 0.1929
vn 0.4919 -0.8573 -0.1517
vn 0.4919 -0.8573 -0.1517
vn 0.3855 -0.8800 0.2774
vn 0.3855 -0.8800 0.2774
vn -0.3736 0.3996 -0.8371
vn -0.3736 0.3996 -0.8371
vn -0.3736 0.3996 -0.8371
vn -0.4881 0.6398 0.5936
vn -0.4881 0.6398 0.5936
vn -0.4881 0.6398 0.5936
vn -0.4881 0.6398 0.5936
vn 0.6277 0.2322 0.7430
vn 0.6277 0.2322 0.7430
vn 0.7182 0.6668 -0.1989
vn 0.7182 0.6668 -0.1989
vn 0.4627 0.3130 -0.8294
vn 0.4627 0.3130 -0.8294
vn 0.4627 0.3130 -0.8294
vn -0.3050 -0.3032 0.9028
vn -0.3050 -0.3032 0.9028
vn -0.2348 0.9337 0.2703
vn -0.3634 -0.7242 -0.5861
vn -0.3634 -0.7242 -0.5861
vn -0.3634 -0.7242 -0.5861
vn -0.9562 0.0356 0.2906
vn -0.9562 0.0356 0.2906
vn -0.9562 0.0356 0.2906
vn -0.8457 0.4570 0.2757
vn 0.1633 0.0199 0.9864
vn 0.1633 0.0199 0.9864
vn 0.1633 0.0199 0.9864
vn 0.1633 0.0199 0.9864
vn -0.0162 -0.3228 0.9463
vn -0.0162 -0.3228 0.9463
vn -0.0162 -0.3228 0.9463
vn -0.4386 -0.3538 -0.8261
vn -0.4386 -0.3538 -0.8261
vn -0.4386 -0.3538 -0.8261
vn -0.4960 0.5247 -0.6919
vn -0.4960 0.5247 -0.6919
vn 0.0000 0.0000 -0.0000
vn 0.0000 0.0000 -0.0000
vn -0.7441 0.3922 0.5409
vn -0.7441 0.3922 0.5409
vn -0.7441 0.3922 0.5409
vn -0.6298 -0.7215 -0.2879
vn -0.6298 -0.7215 -0.2879
vn 0.3992 -0.8861 -0.2356
vn -0.1105 -0.9264 -0.3600
vn 0.8300 -0.3410 -0.4413
vn 0.8300 -0.3410 -0.4413
vn 0.8300 -0.3410 -0.4413
vn 0.8300 -0.3410 -0.4413
vn -0.8394 0.5212 -0.1543
vn -0.8394 0.5212 -0.1543
vn -0.8394 0.5212 -0.1543
vn -0.4149 0.0205 0.9096
vn 0.0879 -0.4535 0.8869
vn 0.0879 -0.4535 0.8869
vn -0.3183 0.7620 0.5640
vn -0.3183 0.7620 0.5640
vn -0.3183 0.7620 0.5640
vn -0.8525 -0.5087 -0.1206
vn -0.8525 -0.5087 -0.1206
vn -0.7309 0.5998 0.3256
vn -0.7309 0.5998 0.3256
vn -0.7309 0.5998 0.3256
vn -0.0973 0.0499 -0.9940
vn -0.0973 0.0499 -0.9940
vn -0.0973 0.0499 -0.9940
vn -0.4730 0.0258 -0.8807
vn -0.4730 0.0258 -0.8807
vn -0.4730 0.0258 -0.8807
vn -0.9457 -0.3048 0.1134
vn -0.9457 -0.3048 0.1134
vn -0.9457 -0.3048 0.1134
vn -0.2266 0.9131 -0.3391
vn -0.9371 -0.2227 0.2689
vn -0.7299 -0.6820 -0.0462
vn -0.1475 -0.6403 0.7538
vn -0.1475 -0.6403 0.7538
vn -0.8011 -0.0869 0.5921
vn -0.3247 -0.6154 0.7182
vn -0.3247 -0.6154 0.7182
vn 0.8015 -0.5969 0.0351
vn 0.8015 -0.5969 0.0351
vn 0.8015 -0.5969 0.0351
vn 0.8015 -0.5969 0.0351
vn 0.0000 -0.0000 0.0000
vn 0.0000 -0.0000 0.0000
vn -0.9248 0.2157 0.3133
vn -0.9248 0.2157 0.3133
vn 0.1143 0.2957 -0.9484
vn 0.1143 0.2957 -0.9484
vn 0.4093 0.7296 -0.5479
vn 0.4093 0.7296 -0.5479
vn 0.3689 0.8290 -0.4204
vn 0.3689 0.8290 -0.4204
vn -0.7022 0.4552 -0.5475
vn -0.7022 0.4552 -0.5475
vn -0.7800 -0.6066 0.1538
vn -0.7800 -0.6066 0.1538
vn -0.5022 0.1147 0.8571
vn -0.0525 -0.9147 0.4008
vn 0.7444 -0.6609 -0.0957
vn 0.7444 -0.6609 -0.0957
vn 0.7456 0.3426 -0.5716
vn 0.7456 0.3426 -0.5716
vn 0.7456 0.3426 -0.5716
vn 0.7456 0.3426 -0.5716
vn 0.7456 0.3426 -0.5716
vn 0.7456 0.3426 -0.5716
vn 0.8780 0.1582 -0.4517
vn 0.8780 0.1582 -0.4517
vn -0.4509 0.8224 -0.3470
vn -0.4509 0.8224 -0.3470
vn -0.4509 0.8224 -0.3470
vn -0.4509 0.8224 -0.3470
vn -0.7214 -0.6814 0.1238
vn -0.7214 -0.6814 0.1238
vn -0.8798 -0.4257 0.2112
vn -0.8798 -0.4257 0.2112
vn -0.4933 -0.3741 0.7853
vn -0.4933 -0.3741 0.7853
vn -0.4933 -0.3741 0.7853
vn -0.9886 -0.0361 -0.1461
vn -0.9886 -0.0361 -0.1461
vn -0.5990 0.7920 0.1181
vn -0.5990 0.7920 0.1181
vn -0.6409 0.5602 0.5248
vn -0.6409 0.5602 0.5248
vn -0.7326 0.1799 -0.6564
vn -0.7326 0.1799 -0.6564
vn -0.6168 -0.7160 -0.3270
vn -0.6168 -0.7160 -0.3270
vn -0.9295 0.0155 0.3684
vn 0.7891 -0.6126 -0.0453
vn 0.7891 -0.6126 -0.0453
vn 0.7891 -0.6126 -0.0453
vn -0.7967 -0.0483 -0.6024
vn -0.7967 -0.0483 -0.6024
vn -0.8498 0.2362 0.4713
vn -0.8498 0.2362 0.4713
vn -0.9191 0.2380 0.3142
vn -0.9191 0.2380 0.3142
vn 0.9335 -0.3350 -0.1276
vn 0.9335 -0.3350 -0.1276
vn -0.9886 0.1508 0.0046
vn -0.9886 0.1508 0.0046
vn 0.0000 0.0000 0.0000
vn 0.0000 0.0000 0.0000
vn -0.2153 0.1793 -0.9600
vn -0.2153 0.1793 -0.9600
vn -0.2153 0.1793 -0.9600
vn 0.0873 -0.5828 0.8079
vn 0.0873 -0.5828 0.8079
vn 0.0873 -0.5828 0.8079
vn 0.6996 -0.6177 0.3593
vn 0.6996 -0.6177 0.3593
vn 0.6996 -0.6177 0.3593
vn -0.7461 -0.4030 0.5300
vn -0.7461 -0.4030 0.5300
vn -0.2367 0.1715 0.9563
vn -0.6671 0.6835 0.2963
vn -0.6671 0.6835 0.2963
vn -0.9331 0.1261 0.3368
vn -0.6764 -0.7302 0.0969
vn -0.6764 -0.7302 0.0969
vn -0.3955 -0.5330 0.7480
vn -0.3955 -0.5330 0.7480
vn 0.7725 -0.5808 0.2565
vn 0.7725 -0.5808 0.2565
vn 0.5207 -0.8475 -0.1033
vn 0.5207 -0.8475 -0.1033
vn 0.2891 -0.4394 -0.8505
vn 0.2891 -0.4394 -0.8505
vn 0.2891 -0.4394 -0.8505
vn 0.1420 -0.3894 -0.9101
vn 0.1420 -0.3894 -0.9101
vn 0.1420 -0.3894 -0.9101
vn -0.1478 -0.5470 -0.8240
vn -0.1478 -0.5470 -0.8240
vn -0.0000 -0.0000 0.0000
vn -0.0000 -0.0000 0.0000
vn -0.0000 -0.0000 0.0000
vn -0.4134 -0.1168 -0.9030
vn -0.4134 -0.1168 -0.9030
vn -0.4134 -0.1168 -0.9030
vn -0.4398 -0.8236 0.3581
vn 0.0612 -0.9893 0.1322
vn 0.0612 -0.9893 0.1322
vn 0.0612 -0.9893 0.1322
vn -0.0776 0.8100 -0.5812
vn -0.0776 0.8100 -0.5812
vn -0.0776 0.8100 -0.5812
vn -0.0776 0.8100 -0.5812
vn -0.0776 0.8100 -0.5812
vn -0.0776 0.8100 -0.5812
vn -0.9838 0.1761 -0.0345
vn -0.9838 0.1761 -0.0345
vn -0.9838 0.1761 -0.0345
vn -0.9838 0.1761 -0.0345
vn -0.7853 -0.4066 0.4669
vn -0.7853 -0.4066 0.4669
vn -0.7851 0.5974 -0.1637
vn -0.7851 0.5974 -0.1637
vn -0.7851 0.5974 -0.1637
vn -0.7695 0.0171 0.6385
vn -0.7695 0.0171 0.6385
vn 0.8152 -0.4323 -0.3853
vn -0.6737 0.1473 -0.7242
vn -0.6737 0.1473 -0.7242
vn -0.6949 0.7134 0.0901
vn -0.6949 0.7134 0.0901
vn -0.7642 0.6446 0.0228
vn 0.5588 -0.1138 0.8215
vn 0.5588 -0.1138 0.8215
vn -0.1824 0.0823 -0.9798
vn -0.1824 0.0823 -0.9798
vn -0.2289 -0.2716 0.9348
vn 0.4601 -0.8761 0.1442
vn -0.8506 0.1364 -0.5077
vn -0.8506 0.1364 -0.5077
vn -0.4891 -0.3970 -0.7766
vn -0.4891 -0.3970 -0.7766
vn -0.9894 0.1285 -0.0683
vn -0.2924 -0.5073 0.8106
vn -0.2924 -0.5073 0.8106
vn -0.4701 -0.7588 -0.4508
vn -0.4701 -0.7588 -0.4508
vn 0.6172 -0.7431 0.2588
vn 0.6172 -0.7431 0.2588
vn 0.6172 -0.7431 0.2588
vn 0.6172 -0.7431 0.2588
vn 0.9529 -0.2849 -0.1044
vn 0.9529 -0.2849 -0.1044
vn 0.9529 -0.2849 -0.1044
vn 0.1159 -0.1429 -0.9829
vn -0.8560 0.4319 -0.2842
vn -0.8560 0.4319 -0.2842
vn -0.8560 0.4319 -0.2842
vn 0.2798 -0.0826 -0.9565
vn -0.1175 0.8977 -0.4246
vn -0.1175 0.8977 -0.4246
vn 0.4539 0.7392 0.4975
vn 0.4539 0.7392 0.4975
vn 0.1885 0.8571 -0.4794
vn 0.1885 0.8571 -0.4794
vn 0.1885 0.8571 -0.4794
vn -0.1788 0.6396 -0.7476
vn -0.1788 0.6396 -0.7476
vn -0.1788 0.6396 -0.7476
vn -0.4186 -0.9056 0.0676
vn -0.4186 -0.9056 0.0676
vn -0.4186 -0.9056 0.0676
vn 0.3337 0.5955 0.7308
vn 0.8400 -0.5378 0.0715
vn 0.8400 -0.5378 0.0715
vn 0.8400 -0.5378 0.0715
vn -0.8371 0.2788 0.4707
vn 0.0000 0.0000 0.0000
vn 0.0000 0.0000 0.0000
vn 0.3938 0.4325 -0.8111
vn 0.3938 0.4325 -0.8111
vn 0.3938 0.4325 -0.8111
vn 0.5609 0.3065 -0.7690
vn 0.5609 0.3065 -0.7690
vn 0.5609 0.3065 -0.7690
vn -0.4650 0.3444 0.8156
vn -0.4650 0.3444 0.8156
vn -0.4001 0.4182 0.8155
vn -0.4001 0.4182 0.8155
vn -0.4621 0.4079 0.7875
vn -0.4621 0.4079 0.7875
vn -0.8280 0.1762 -0.5324
vn -0.8280 0.1762 -0.5324
vn -0.9192 0.3460 0.1882
vn -0.9192 0.3460 0.1882
vn -0.9727 0.2259 -0.0530
vn 0.6419 -0.7652 0.0489
vn 0.6419 -0.7652 0.0489
vn -0.7054 -0.2820 0.6503
vn -0.7054 -0.2820 0.6503
vn -0.7054 -0.2820 0.6503
vn 0.7054 -0.7015 -0.1016
vn 0.7054 -0.7015 -0.1016
vn -0.6115 -0.6769 0.4097
vn -0.6115 -0.6769 0.4097
vn 0.0000 0.0000 0.0000
vn 0.0000 0.0000 0.0000
vn 0.3743 -0.8558 -0.3571
vn 0.3743 -0.8558 -0.3571
vn -0.8137 0.0599 0.5783
vn -0.8137 0.0599 0.5783
vn -0.8137 0.0599 0.5783
vn -0.8137 0.0599 0.5783
vn -0.9366 -0.0123 -0.3501
vn -0.9366 -0.0123 -0.3501
vn -0.9366 -0.0123 -0.3501
vn -0.9366 -0.0123 -0.3501
vn -0.7531 -0.4752 0.4551
vn 0.8557 0.2378 -0.4595
vn 0.8557 0.2378 -0.4595
vn -0.8443 0.0765 0.5304
vn -0.8443 0.0765 0.5304
vn -0.3260 0.8407 -0.4323
vn 0.1148 0.5423 -0.8323
vn 0.1148 0.5423 -0.8323
vn 0.2758 0.5009 0.8204
vn 0.2758 0.5009 0.8204
vn -0.2944 0.6838 -0.6676
vn -0.2944 0.6838 -0.6676
vn -0.2944 0.6838 -0.6676
vn -0.2944 0.6838 -0.6676
vn -0.7200 0.3700 -0.5871
vn -0.7200 0.3700 -0.5871
vn 0.4775 -0.0221 0.8783
vn 0.4775 -0.0221 0.8783
vn 0.4775 -0.0221 0.8783
vn -0.7098 0.4767 0.5185
vn -0.7098 0.4767 0.5185
vn -0.7098 0.4767 0.5185
vn -0.6940 0.1962 -0.6927
vn -0.6940 0.1962 -0.6927
vn -0.7395 0.3021 0.6015
vn -0.7395 0.3021 0.6015
vn -0.7491 0.6418 0.1641
vn -0.7491 0.6418 0.1641
vn 0.4925 0.5939 0.6362
vn 0.4925 0.5939 0.6362
vn 0.7233 0.6869 -0.0702
vn 0.7233 0.6869 -0.0702
vn 0.7233 0.6869 -0.0702
vn -0.1879 -0.0967 -0.9774
vn -0.3265 -0.2517 0.9111
vn -0.3265 -0.2517 0.9111
vn -0.9216 0.3035 0.2420
vn -0.9216 0.3035 0.2420
vn -0.9216 0.3035 0.2420
vn -0.8761 0.2737 0.3969
vn -0.8761 0.2737 0.3969
vn -0.8761 0.2737 0.3969
vn -0.8761 0.2737 0.3969
vn -0.9826 0.1646 -0.0867
vn -0.9709 0.1692 -0.1693
vn -0.9709 0.1692 -0.1693
vn -0.4378 0.3638 -0.8221
vn -0.4378 0.3638 -0.8221
vn -0.4378 0.3638 -0.8221
vn -0.1844 -0.1551 -0.9705
vn -0.1844 -0.1551 -0.9705
vn -0.1924 -0.2459 0.9500
vn 0.8203 -0.4273 -0.3802
vn 0.8203 -0.4273 -0.3802
vn -0.5265 -0.7187 0.4543
vn -0.5265 -0.7187 0.4543
vn -0.9325 0.2670 -0.2434
vn -0.9325 0.2670 -0.2434
vn -0.9325 0.2670 -0.2434
vn 0.1261 0.7416 -0.6588
vn -0.1448 -0.9028 0.4050
vn -0.1448 -0.9028 0.4050
vn 0.1971 0.9784 -0.0629
vn 0.1971 0.9784 -0.0629
vn -0.2205 0.9181 0.3292
vn -0.2205 0.9181 0.3292
vn -0.2205 0.9181 0.3292
vn -0.6679 -0.6842 0.2929
vn -0.1935 0.8604 0.4714
vn -0.1935 0.8604 0.4714
vn -0.5325 -0.4159 0.7372
vn -0.5325 -0.4159 0.7372
vn -0.5325 -0.4159 0.7372
vn -0.8708 -0.1574 0.4657
vn 0.7620 -0.3569 -0.5404
vn -0.7626 0.3592 0.5380
vn -0.7626 0.3592 0.5380
vn 0.1214 -0.7652 -0.6322
vn 0.1214 -0.7652 -0.6322
vn -0.3651 -0.2002 -0.9092
vn -0.3651 -0.2002 -0.9092
vn -0.3651 -0.2002 -0.9092
vn -0.3058 -0.0194 0.9519
vn -0.3058 -0.0194 0.9519
vn -0.6306 0.3474 0.6941
vn -0.6306 0.3474 0.6941
vn -0.4387 0.0309 -0.8981
vn -0.4387 0.0309 -0.8981
vn -0.4387 0.0309 -0.8981
vn -0.3514 0.2268 -0.9083
vn -0.4455 0.8950 -0.0241
vn -0.4455 0.8950 -0.0241
vn -0.5966 -0.6710 -0.4402
vn -0.5966 -0.6710 -0.4402
vn -0.5966 -0.6710 -0.4402
vn -0.5966 -0.6710 -0.4402
vn -0.4827 -0.5751 0.6605
vn -0.6654 0.4008 0.6298
vn -0.6654 0.4008 0.6298
vn -0.6654 0.4008 0.6298
vn 0.4548 0.0120 -0.8905
vn -0.7313 -0.5953 -0.3329
vn -0.1292 0.9512 -0.2802
vn -0.1292 0.9512 -0.2802
vn 0.1615 0.9416 -0.2954
vn 0.1615 0.9416 -0.2954
vn -0.5533 -0.6674 0.4984
vn -0.5533 -0.6674 0.4984
vn -0.5533 -0.6674 0.4984
vn 0.2365 0.6310 0.7389
vn 0.2365 0.6310 0.7389
vn 0.2365 0.6310 0.7389
vn -0.8599 -0.4233 0.2853
vn -0.8599 -0.4233 0.2853
vn -0.8599 -0.4233 0.2853
vn -0.8599 -0.4233 0.2853
vn -0.8729 -0.4756 -0.1090
vn -0.8729 -0.4756 -0.1090
vn -0.8729 -0.4756 -0.1090
vn -0.8288 0.0648 0.5558
vn -0.6897 0.3706 0.6221
vn -0.7856 0.1686 0.5953
vn -0.6502 0.6117 0.4506
vn -0.6502 0.6117 0.4506
vn 0.4924 -0.3721 0.7868
vn 0.4924 -0.3721 0.7868
vn 0.5842 0.2893 -0.7583
vn -0.1061 0.2111 -0.9717
vn -0.1061 0.2111 -0.9717
vn -0.1061 0.2111 -0.9717
vn -0.6887 0.0559 -0.7228
vn -0.6887 0.0559 -0.7228
vn 0.0517 0.7360 -0.6750
vn 0.0517 0.7360 -0.6750
vn 0.0517 0.7360 -0.6750
vn -0.5689 0.8101 -0.1420
vn -0.5689 0.8101 -0.1420
vn -0.7340 -0.6625 -0.1495
vn -0.7848 -0.6006 0.1527
vn -0.7848 -0.6006 0.1527
vn -0.7848 -0.6006 0.1527
vn -0.7848 -0.6006 0.1527
vn 0.0157 -0.5821 -0.8129
vn 0.0157 -0.5821 -0.8129
vn 0.8992 -0.2354 0.3689
vn 0.8992 -0.2354 0.3689
vn 0.6691 0.2956 -0.6819
vn 0.6691 0.2956 -0.6819
vn 0.6691 0.2956 -0.6819
vn 0.6691 0.2956 -0.6819
vn 0.0000 0.0000 0.0000
vn 0.0000 0.0000 0.0000
vn -0.0609 0.5992 -0.7983
vn -0.0609 0.5992 -0.7983
vn 0.0897 0.9846 0.1501
vn 0.0897 0.9846 0.1501
vn 0.0897 0.9846 0.1501
vn -0.4582 -0.5631 -0.6878
vn -0.4582 -0.5631 -0.6878
vn -0.7329 -0.0789 0.6757
vn 0.7008 -0.5696 0.4295
vn 0.7008 -0.5696 0.4295
vn -0.6713 0.7154 0.1940
vn -0.6713 0.7154 0.1940
vn -0.9535 0.2476 -0.1720
vn -0.9535 0.2476 -0.1720
vn -0.5328 0.0723 -0.8432
vn -0.5328 0.0723 -0.8432
vn -0.5328 0.0723 -0.8432
vn -0.9812 0.0732 -0.1788
vn -0.4936 0.8664 0.0760
vn -0.4936 0.8664 0.0760
vn 0.1447 0.8574 -0.4939
vn 0.2406 -0.9706 -0.0119
vn 0.5558 -0.3547 0.7518
vn 0.5558 -0.3547 0.7518
vn 0.5278 -0.2561 0.8098
vn 0.5278 -0.2561 0.8098
vn 0.7029 -0.2392 0.6699
vn 0.7029 -0.2392 0.6699
vn 0.6503 0.5519 -0.5221
vn 0.6503 0.5519 -0.5221
vn 0.8362 0.0175 0.5482
vn 0.8362 0.0175 0.5482
vn 0.8362 0.0175 0.5482
vn 0.0000 0.0000 0.0000
vn 0.0000 0.0000 0.0000
vn 0.8207 0.3034 -0.4842
vn 0.8611 0.1769 -0.4767
vn 0.6359 0.2514 0.7297
vn 0.6359 0.2514 0.7297
vn 0.7703 0.6345 0.0641
vn 0.7703 0.6345 0.0641
vn 0.7703 0.6345 0.0641
vn 0.7703 0.6345 0.0641
vn -0.0664 0.0815 0.9945
vn -0.6454 0.1029 -0.7568
vn -0.6454 0.1029 -0.7568
vn -0.2011 -0.5528 -0.8087
vn -0.2011 -0.5528 -0.8087
vn 0.7476 -0.5845 -0.3153
vn 0.7476 -0.5845 -0.3153
vn 0.7476 -0.5845 -0.3153
vn 0.7476 -0.5845 -0.3153
vn -0.9653 -0.2609 -0.0115
vn 0.4658 -0.2463 0.8499
vn 0.4658 -0.2463 0.8499
vn 0.4658 -0.2463 0.8499
vn 0.4658 -0.2463 0.8499
vn 0.4658 -0.2463 0.8499
vn 0.4658 -0.2463 0.8499
vn -0.1154 0.3395 -0.9335
vn -0.7388 0.6369 -0.2202
vn -0.7388 0.6369 -0.2202
vn -0.7388 0.6369 -0.2202
vn -0.7388 0.6369 -0.2202
vn 0.6500 0.4179 -0.6347
vn 0.6500 0.4179 -0.6347
vn -0.3667 0.1038 -0.9245
vn -0.3667 0.1038 -0.9245
vn 0.2864 0.9470 0.1455
vn -0.7852 -0.5388 0.3054
vn -0.7852 -0.5388 0.3054
vn -0.7852 -0.5388 0.3054
vn -0.7203 -0.5451 0.4290
vn -0.7203 -0.5451 0.4290
vn -0.7203 -0.5451 0.4290
vn -0.3931 -0.7145 -0.5788
vn -0.3931 -0.7145 -0.5788
vn -0.6700 -0.1724 0.7221
vn -0.6700 -0.1724 0.7221
vn -0.4450 0.4110 0.7956
vn -0.4450 0.4110 0.7956
vn 0.6465 -0.7556 0.1052
vn 0.6465 -0.7556 0.1052
vn -0.1926 0.0168 0.9811
vn -0.1926 0.0168 0.9811
vn -0.8445 0.5262 0.0992
vn -0.8445 0.5262 0.0992
vn 0.8493 -0.0993 0.5185
vn 0.8493 -0.0993 0.5185
vn 0.8493 -0.0993 0.5185
vn 0.8631 0.2026 0.4627
vn 0.8631 0.2026 0.4627
vn 0.8631 0.2026 0.4627
vn 0.8631 0.2026 0.4627
vn 0.8631 0.2026 0.4627
vn 0.8631 0.2026 0.4627
vn 0.0593 -0.8721 0.4858
vn 0.0593 -0.8721 0.4858
vn 0.1329 -0.6756 0.7251
vn 0.1329 -0.6756 0.7251
vn -0.6234 -0.7013 -0.3458
vn -0.6234 -0.7013 -0.3458
vn -0.9849 -0.1606 -0.0645
vn -0.9849 -0.1606 -0.0645
vn -0.7974 0.0185 0.6031
vn -0.7806 -0.5800 -0.2332
vn -0.7806 -0.5800 -0.2332
vn -0.4009 -0.5409 -0.7394
vn -0.4009 -0.5409 -0.7394
vn -0.6390 0.3709 0.6738
vn -0.6390 0.3709 0.6738
vn -0.2676 0.2564 0.9288
vn -0.2676 0.2564 0.9288
vn -0.2676 0.2564 0.9288
vn -0.2676 0.2564 0.9288
vn 0.4529 0.8454 0.2832
vn -0.8540 -0.2963 0.4277
vn -0.8540 -0.2963 0.4277
vn -0.8540 -0.2963 0.4277
vn 0.1619 0.9528 0.2567
vn 0.1619 0.9528 0.2567
vn -0.6416 -0.2985 0.7066
vn -0.6416 -0.2985 0.7066
vn -0.8621 -0.2772 0.4241
vn -0.5304 0.3535 -0.7706
vn -0.4241 0.5234 0.7391
vn -0.4241 0.5234 0.7391
vn 0.7172 -0.5731 -0.3965
vn 0.7172 -0.5731 -0.3965
vn 0.7172 -0.5731 -0.3965
vn -0.6640 0.4009 0.6311
vn -0.6640 0.4009 0.6311
vn -0.6640 0.4009 0.6311
vn -0.9207 0.3693 -0.1260
vn 0.8450 0.0698 -0.5301
vn 0.8450 0.0698 -0.5301
vn 0.8450 0.0698 -0.5301
vn 0.6891 0.5891 -0.4221
vn -0.2078 0.0250 -0.9779
vn -0.2078 0.0250 -0.9779
vn 0.0000 -0.0000 -0.0000
vn 0.0000 -0.0000 -0.0000
vn 0.0000 -0.0000 -0.0000
vn 0.0000 -0.0000 -0.0000
vn -0.9335 -0.1426 0.3289
vn -0.9335 -0.1426 0.3289
vn -0.9335 -0.1426 0.3289
vn -0.8819 -0.4422 0.1637
vn -0.9574 -0.0818 0.2769
vn -0.9655 0.2534 0.0602
vn -0.9367 0.2829 0.2062
vn -0.9367 0.2829 0.2062
vn -0.8681 0.4204 0.2639
vn -0.8681 0.4204 0.2639
vn -0.6656 -0.4084 0.6247
vn -0.6656 -0.4084 0.6247
vn 0.1634 -0.1331 -0.9775
vn -0.2949 -0.2648 0.9181
vn -0.6581 -0.7213 0.2160
vn -0.6581 -0.7213 0.2160
vn 0.6415 0.4426 -0.6265
vn 0.6415 0.4426 -0.6265
vn 0.6415 0.4426 -0.6265
vn -0.8536 0.0492 0.5187
vn -0.8536 0.0492 0.5187
vn -0.1329 0.9732 -0.1877
vn -0.2852 -0.3583 0.8890
vn -0.5604 0.1241 -0.8189
vn 0.1319 -0.2062 0.9696
vn 0.1319 -0.2062 0.9696
vn 0.7258 -0.4883 -0.4846
vn -0.7160 0.3080 0.6265
vn -0.7160 0.3080 0.6265
vn -0.5905 0.5504 0.5903
vn -0.6251 0.1226 -0.7709
vn -0.6251 0.1226 -0.7709
vn -0.6174 0.7191 0.3189
vn 0.5220 0.3969 -0.7550
vn 0.5220 0.3969 -0.7550
vn 0.9396 0.2386 0.2455
vn 0.9396 0.2386 0.2455
vn 0.9750 0.2210 -0.0252
vn -0.1397 0.1741 -0.9748
vn -0.1397 0.1741 -0.9748
vn -0.7315 -0.6804 0.0438
vn 0.1269 -0.2664 -0.9555
vn 0.1269 -0.2664 -0.9555
vn -0.4963 -0.1339 0.8578
vn -0.6887 0.6286 0.3613
vn -0.6887 0.6286 0.3613
vn -0.9078 -0.0493 0.4165
vn -0.9078 -0.0493 0.4165
vn -0.9944 -0.0931 0.0493
vn -0.9944 -0.0931 0.0493
vn -0.8873 -0.1092 -0.4480
vn -0.7851 0.3614 0.5030
vn -0.7851 0.3614 0.5030
vn 0.7864 -0.6168 0.0327
vn 0.7864 -0.6168 0.0327
vn 0.5713 -0.8197 -0.0420
vn 0.5713 -0.8197 -0.0420
vn 0.5713 -0.8197 -0.0420
vn 0.5713 -0.8197 -0.0420
vn -0.4545 -0.0393 0.8899
vn -0.4545 -0.0393 0.8899
vn -0.4545 -0.0393 0.8899
vn -0.4545 -0.0393 0.8899
vn -0.8435 -0.1054 0.5267
vn -0.8435 -0.1054 0.5267
vn -0.8435 -0.1054 0.5267
vn -0.5650 -0.7030 0.4319
vn -0.7282 -0.4287 0.5347
vn -0.7282 -0.4287 0.5347
vn -0.7282 -0.4287 0.5347
vn -0.6134 0.5125 0.6009
vn -0.6134 0.5125 0.6009
vn -0.9975 -0.0685 -0.0183
vn -0.9806 -0.1548 -0.1205
vn -0.9806 -0.1548 -0.1205
vn -0.9490 -0.0585 0.3098
vn -0.9962 -0.0468 -0.0741
vn -0.9962 -0.0468 -0.0741
vn -0.7865 0.3664 -0.4971
vn -0.6644 0.4685 -0.5823
vn -0.6771 0.4197 0.6044
vn -0.6771 0.4197 0.6044
vn -0.9514 -0.1793 0.2502
vn -0.9514 -0.1793 0.2502
vn -0.7936 -0.0810 0.6031
vn -0.7936 -0.0810 0.6031
vn -0.7936 -0.0810 0.6031
vn -0.9133 -0.2553 0.3174
vn -0.6143 0.5188 0.5945
vn -0.6143 0.5188 0.5945
vn -0.8855 -0.4635 0.0328
vn 0.2797 -0.0195 -0.9599
vn -0.4019 0.5948 0.6962
vn -0.4019 0.5948 0.6962
vn -0.2167 -0.9070 0.3612
vn -0.2167 -0.9070 0.3612
vn -0.2167 -0.9070 0.3612
vn -0.2167 -0.9070 0.3612
vn -0.2167 -0.9070 0.3612
vn -0.3151 0.5866 -0.7460
vn -0.3151 0.5866 -0.7460
vn -0.3151 0.5866 -0.7460
vn -0.6709 -0.7406 0.0386
vn -0.6709 -0.7406 0.0386
vn -0.8992 -0.2301 0.3721
vn -0.6604 -0.7107 -0.2424
vn -0.6604 -0.7107 -0.2424
vn 0.1283 0.7795 0.6132
vn -0.7360 0.5303 -0.4208
vn -0.7360 0.5303 -0.4208
vn -0.7360 0.5303 -0.4208
vn -0.7360 0.5303 -0.4208
vn -0.2951 -0.9008 -0.3185
vn -0.2951 -0.9008 -0.3185
vn 0.7289 0.6606 0.1798
vn 0.7289 0.6606 0.1798
vn 0.7289 0.6606 0.1798
vn 0.7289 0.6606 0.1798
vn 0.7305 0.5630 0.3866
vn 0.7305 0.5630 0.3866
vn 0.7944 -0.4742 -0.3796
vn 0.7944 -0.4742 -0.3796
vn 0.7944 -0.4742 -0.3796
vn 0.6906 0.4244 -0.5856
vn 0.6906 0.4244 -0.5856
vn 0.6906 0.4244 -0.5856
vn -0.6168 0.3601 0.6999
vn -0.6168 0.3601 0.6999
vn -0.7109 -0.0499 -0.7015
vn -0.7109 -0.0499 -0.7015
vn -0.5453 0.8166 0.1895
vn -0.5453 0.8166 0.1895
vn 0.7079 0.1784 -0.6835
vn 0.7079 0.1784 -0.6835
vn 0.7677 0.5315 -0.3580
vn -0.6851 -0.6980 0.2083
vn -0.6851 -0.6980 0.2083
vn -0.2581 -0.1288 -0.9575
vn 0.4113 0.2247 0.8834
vn 0.4113 0.2247 0.8834
vn 0.4113 0.2247 0.8834
vn -0.8911 -0.4151 0.1836
vn -0.8911 -0.4151 0.1836
vn -0.8911 -0.4151 0.1836
vn -0.8416 -0.1693 0.5129
vn -0.9197 0.0843 0.3835
vn -0.9498 0.1148 0.2910
vn -0.9498 0.1148 0.2910
vn -0.9498 0.1148 0.2910
vn -0.9346 -0.0398 -0.3534
vn -0.8975 0.2456 -0.3664
vn -0.2475 -0.3147 -0.9164
vn -0.2475 -0.3147 -0.9164
vn 0.0643 0.1091 -0.9920
vn 0.0643 0.1091 -0.9920
vn 0.3768 -0.9145 0.1473
vn 0.3768 -0.9145 0.1473
vn 0.3768 -0.9145 0.1473
vn -0.8179 -0.5655 0.1058
vn -0.8179 -0.5655 0.1058
vn -0.8179 -0.5655 0.1058
vn 0.3117 -0.7781 0.5453
vn 0.3117 -0.7781 0.5453
vn 0.2391 0.8297 0.5043
vn 0.2391 0.8297 0.5043
vn -0.8736 0.4076 0.2658
vn -0.8736 0.4076 0.2658
vn -0.9826 -0.1478 0.1124
vn -0.5343 -0.0614 -0.8431
vn -0.5343 -0.0614 -0.8431
vn -0.5343 -0.0614 -0.8431
vn 0.3528 0.4993 0.7913
vn 0.3528 0.4993 0.7913
vn 0.1226 0.7625 0.6352
vn 0.1226 0.7625 0.6352
vn 0.1226 0.7625 0.6352
vn -0.5144 -0.3229 0.7944
vn 0.5594 -0.8289 -0.0040
vn 0.5594 -0.8289 -0.0040
vn -0.5531 0.0869 -0.8286
vn 0.5206 -0.7895 0.3250
vn 0.3644 -0.8452 0.3910
vn 0.3644 -0.8452 0.3910
vn 0.3644 -0.8452 0.3910
vn -0.3620 0.2078 -0.9087
vn -0.3620 0.2078 -0.9087
vn -0.3620 0.2078 -0.9087
vn -0.3620 0.2078 -0.9087
vn -0.6878 0.6695 -0.2804
vn -0.6878 0.6695 -0.2804
vn -0.5538 0.2915 -0.7799
vn -0.5538 0.2915 -0.7799
vn -0.9408 -0.1700 0.2933
vn -0.9408 -0.1700 0.2933
vn -0.9103 -0.3125 0.2714
vn -0.9559 0.1543 -0.2499
vn -0.9563 -0.2870 -0.0563
vn -0.0714 0.6780 -0.7316
vn -0.0714 0.6780 -0.7316
vn -0.9234 0.1005 0.3705
vn 0.0136 0.7527 -0.6582
vn 0.0136 0.7527 -0.6582
vn 0.0136 0.7527 -0.6582
vn -0.4571 -0.6588 -0.5975
vn -0.5454 0.0991 -0.8323
vn -0.5454 0.0991 -0.8323
vn -0.3176 0.9085 -0.2714
vn -0.9382 -0.0763 0.3377
vn -0.9377 -0.2107 0.2763
vn -0.9614 0.2318 -0.1481
vn -0.5106 -0.7490 -0.4222
vn -0.5106 -0.7490 -0.4222
vn -0.5106 -0.7490 -0.4222
vn -0.7577 -0.0909 0.6463
vn -0.7577 -0.0909 0.6463
vn -0.8046 0.5530 0.2162
vn -0.8046 0.5530 0.2162
vn -0.8046 0.5530 0.2162
vn -0.7081 -0.6153 0.3465
vn -0.7081 -0.6153 0.3465
vn -0.7081 -0.6153 0.3465
vn -0.5522 -0.1189 0.8252
vn -0.5522 -0.1189 0.8252
vn -0.7118 0.5169 0.4757
vn -0.7118 0.5169 0.4757
vn -0.7118 0.5169 0.4757
vn -0.7118 0.5169 0.4757
vn -0.0590 0.7349 -0.6756
vn -0.0590 0.7349 -0.6756
vn -0.0590 0.7349 -0.6756
vn -0.0590 0.7349 -0.6756
vn -0.0590 0.7349 -0.6756
vn -0.7109 -0.1326 0.6906
vn -0.7109 -0.1326 0.6906
vn -0.6736 -0.3508 -0.6505
vn -0.6736 -0.3508 -0.6505
vn -0.6736 -0.3508 -0.6505
vn -0.6632 -0.3448 -0.6642
vn -0.6632 -0.3448 -0.6642
vn -0.4386 -0.2511 0.8629
vn -0.4386 -0.2511 0.8629
vn -0.4386 -0.2511 0.8629
vn -0.9193 -0.1439 0.3664
vn -0.7941 0.4599 0.3974
vn 0.0000 0.0000 -0.0000
vn 0.0000 0.0000 -0.0000
vn 0.0000 0.0000 -0.0000
vn 0.7072 -0.5577 -0.4345
vn 0.7072 -0.5577 -0.4345
vn 0.7072 -0.5577 -0.4345
vn 0.7072 -0.5577 -0.4345
vn 0.7072 -0.5577 -0.4345
vn 0.7587 -0.6509 -0.0280
vn 0.7587 -0.6509 -0.0280
vn 0.0000 0.0000 0.0000
vn 0.0000 0.0000 0.0000
vn 0.3725 0.9000 0.2262
vn -0.4651 0.4132 -0.7829
vn -0.1316 0.4480 0.8843
vn -0.4132 0.2508 0.8754
vn -0.6677 -0.0603 -0.7419
vn 0.8037 0.4917 -0.3351
vn -0.3067 -0.1773 -0.9352
vn -0.3474 -0.1237 -0.9295
vn -0.3474 -0.1237 -0.9295
vn -0.6033 0.5482 -0.5792
vn -0.6033 0.5482 -0.5792
vn -0.9379 0.3060 -0.1635
vn -0.6317 -0.1723 0.7558
vn -0.6317 -0.1723 0.7558
vn -0.3484 0.7171 0.6037
vn -0.8698 -0.4335 0.2358
vn -0.7217 -0.3050 0.6214
vn -0.7217 -0.3050 0.6214
vn -0.7875 0.2666 -0.5557
vn -0.7875 0.2666 -0.5557
vn -0.8743 -0.1685 0.4553
vn -0.5826 0.1781 0.7930
vn -0.5826 0.1781 0.7930
vn -0.5929 0.1407 0.7929
vn -0.5929 0.1407 0.7929
vn -0.5146 -0.1866 0.8369
vn -0.4308 -0.1238 0.8939
vn -0.4445 -0.3959 0.8035
vn -0.4445 -0.3959 0.8035
vn -0.7012 -0.2665 0.6613
vn 0.4962 -0.8519 -0.1674
vn 0.4962 -0.8519 -0.1674
vn 0.3244 -0.9324 -0.1591
vn 0.3244 -0.9324 -0.1591
vn 0.8127 0.4682 0.3469
vn 0.8127 0.4682 0.3469
vn 0.8127 0.4682 0.3469
vn 0.5448 0.2377 0.8042
vn 0.5448 0.2377 0.8042
vn 0.8880 0.4542 -0.0723
vn 0.8880 0.4542 -0.0723
vn -0.5989 -0.6252 0.5005
vn -0.5989 -0.6252 0.5005
vn -0.5989 -0.6252 0.5005
vn -0.5329 -0.5361 0.6546
vn -0.5329 -0.5361 0.6546
vn -0.4434 -0.6680 -0.5976
vn 0.9552 0.1763 0.2378
vn 0.9552 0.1763 0.2378
vn -0.3857 -0.5263 0.7578
vn -0.3857 -0.5263 0.7578
vn -0.5711 -0.0543 -0.8191
vn -0.4711 0.6681 0.5760
vn -0.4711 0.6681 0.5760
vn -0.4675 0.7151 0.5197
vn 0.0904 -0.9883 -0.1226
vn 0.0904 -0.9883 -0.1226
vn 0.0904 -0.9883 -0.1226
vn 0.0904 -0.9883 -0.1226
vn -0.6885 0.4391 -0.5771
vn -0.6885 0.4391 -0.5771
vn -0.5426 -0.8348 -0.0933
vn -0.5426 -0.8348 -0.0933
vn -0.5426 -0.8348 -0.0933
vn -0.8132 -0.3551 -0.4610
vn -0.7596 0.0462 0.6488
vn -0.7596 0.0462 0.6488
vn -0.1404 0.5739 -0.8068
vn -0.8746 -0.3396 0.3461
vn -0.2785 0.6152 0.7375
vn -0.2785 0.6152 0.7375
vn -0.2785 0.6152 0.7375
vn 0.7074 0.2785 -0.6496
vn 0.7074 0.2785 -0.6496
vn 0.5780 0.8079 0.1155
vn 0.5780 0.8079 0.1155
vn 0.5780 0.8079 0.1155
vn -0.0612 -0.8742 -0.4817
vn -0.1046 0.3469 0.9321
vn 0.5983 -0.4805 -0.6412
vn 0.5983 -0.4805 -0.6412
vn -0.8715 -0.3975 -0.2874
vn -0.8715 -0.3975 -0.2874
vn -0.8715 -0.3975 -0.2874
vn -0.8538 -0.3410 0.3935
vn -0.8538 -0.3410 0.3935
vn 0.4291 -0.8402 -0.3316
vn -0.4012 0.3673 -0.8391
vn -0.4012 0.3673 -0.8391
vn -0.5619 0.1119 0.8196
vn -0.2505 0.5850 -0.7714
vn -0.2505 0.5850 -0.7714
vn -0.7434 -0.0424 0.6675
vn -0.7434 -0.0424 0.6675
vn -0.8139 -0.2273 0.5348
vn -0.8139 -0.2273 0.5348
vn -0.8942 0.2173 -0.3913
vn -0.8942 0.2173 -0.3913
vn -0.5010 -0.6814 0.5336
vn -0.5010 -0.6814 0.5336
vn -0.6413 -0.6165 -0.4568
vn -0.6413 -0.6165 -0.4568
vn -0.6100 -0.5690 -0.5514
vn -0.6100 -0.5690 -0.5514
vn -0.8985 -0.1061 0.4259
vn -0.8985 -0.1061 0.4259
vn -0.8985 -0.1061 0.4259
vn 0.0561 0.1417 0.9883
vn 0.0561 0.1417 0.9883
vn 0.0547 0.1408 0.9885
vn 0.0547 0.1408 0.9885
vn 0.0547 0.1408 0.9885
vn -0.4478 -0.0606 0.8921
vn -0.8477 -0.2549 0.4652
vn -0.8477 -0.2549 0.4652
vn -0.8477 -0.2549 0.4652
vn 0.3669 0.2111 -0.9060
vn 0.4019 0.3121 -0.8609
vn -0.7597 0.1051 0.6417
vn -0.7597 0.1051 0.6417
vn -0.7597 0.1051 0.6417
vn 0.9639 -0.0892 -0.2508
vn 0.9639 -0.0892 -0.2508
vn 0.9639 -0.0892 -0.2508
vn 0.7691 0.6323 0.0932
vn -0.3462 -0.7083 0.6152
vn -0.3462 -0.7083 0.6152
vn -0.7279 0.0229 -0.6853
vn -0.7279 0.0229 -0.6853
vn -0.7279 0.0229 -0.6853
vn -0.4586 -0.8798 0.1247
vn -0.5364 -0.2950 0.7907
vn -0.5364 -0.2950 0.7907
vn 0.5980 -0.7964 -0.0906
vn 0.5980 -0.7964 -0.0906
vn -0.6220 0.0652 -0.7803
vn 0.4930 -0.8534 -0.1693
vn 0.4930 -0.8534 -0.1693
vn 0.4930 -0.8534 -0.1693
vn 0.4930 -0.8534 -0.1693
vn 0.4930 -0.8534 -0.1693
vn -0.3962 0.9179 0.0211
vn -0.6418 -0.1267 0.7563
vn -0.6418 -0.1267 0.7563
vn -0.3381 -0.0484 -0.9399
vn -0.3381 -0.0484 -0.9399
vn -0.3381 -0.0484 -0.9399
vn -0.9779 -0.0722 0.1962
vn -0.8891 -0.2075 -0.4079
vn -0.8891 -0.2075 -0.4079
vn -0.8891 -0.2075 -0.4079
vn -0.8891 -0.2075 -0.4079
vn -0.1959 0.6992 -0.6875
vn -0.1959 0.6992 -0.6875
vn -0.1959 0.6992 -0.6875
vn -0.5890 -0.5545 0.5879
vn -0.5890 -0.5545 0.5879
vn 0.0786 0.6859 -0.7234
vn 0.4686 0.2771 -0.8388
vn 0.0354 -0.9302 -0.3652
vn 0.0354 -0.9302 -0.3652
vn -0.4819 -0.2729 0.8327
vn -0.6111 -0.2596 0.7478
vn -0.6111 -0.2596 0.7478
vn -0.6111 -0.2596 0.7478
vn -0.5803 -0.1032 0.8078
vn -0.5803 -0.1032 0.8078
vn -0.5587 -0.8036 -0.2051
vn -0.5587 -0.8036 -0.2051
vn -0.3502 -0.0286 0.9362
vn -0.5880 0.0716 0.8057
vn -0.5880 0.0716 0.8057
vn -0.5506 0.5040 0.6654
vn -0.5506 0.5040 0.6654
vn -0.5506 0.5040 0.6654
vn -0.4636 0.1158 -0.8784
vn 0.7153 -0.4760 -0.5117
vn 0.7153 -0.4760 -0.5117
vn -0.0889 -0.0049 -0.9960
vn -0.0889 -0.0049 -0.9960
vn -0.3549 -0.5974 0.7192
vn -0.3549 -0.5974 0.7192
vn -0.2650 -0.4256 0.8652
vn -0.2650 -0.4256 0.8652
vn -0.5760 -0.0629 0.8151
vn -0.8732 0.2854 -0.3950
vn -0.8732 0.2854 -0.3950
vn -0.4450 -0.7214 -0.5306
vn -0.4450 -0.7214 -0.5306
vn 0.4175 -0.2346 -0.8779
vn -0.5499 0.0887 0.8305
vn -0.5499 0.0887 0.8305
vn 0.2974 0.6468 -0.7023
vn 0.2974 0.6468 -0.7023
vn 0.2974 0.6468 -0.7023
vn -0.7670 -0.4980 0.4046
vn -0.7670 -0.4980 0.4046
vn -0.6251 -0.2720 0.7316
vn -0.6251 -0.2720 0.7316
vn -0.6251 -0.2720 0.7316
vn 0.0747 0.6252 -0.7768
vn 0.0747 0.6252 -0.7768
vn -0.2170 -0.8931 -0.3940
vn -0.2170 -0.8931 -0.3940
vn -0.2170 -0.8931 -0.3940
vn -0.4536 0.3784 -0.8069
vn -0.4536 0.3784 -0.8069
vn -0.1010 -0.4033 -0.9095
vn -0.1010 -0.4033 -0.9095
vn -0.0985 -0.5068 0.8564
vn -0.0985 -0.5068 0.8564
vn 0.5835 -0.7076 0.3984
vn 0.0000 0.0000 0.0000
vn 0.0000 0.0000 0.0000
vn -0.6068 -0.1511 0.7804
vn -0.0976 -0.7285 0.6780
vn -0.0976 -0.7285 0.6780
vn -0.0976 -0.7285 0.6780
vn -0.0729 0.5495 -0.8323
vn -0.0729 0.5495 -0.8323
vn -0.4158 0.5693 0.7093
vn -0.4158 0.5693 0.7093
vn -0.7062 -0.2410 0.6657
vn -0.7062 -0.2410 0.6657
vn 0.4270 -0.1303 -0.8948
vn 0.2358 0.8690 0.4350
vn 0.2358 0.8690 0.4350
vn -0.3855 -0.7281 0.5669
vn -0.3855 -0.7281 0.5669
vn -0.3855 -0.7281 0.5669
vn 0.8687 0.3982 -0.2947
vn 0.6495 0.7205 0.2430
vn 0.6495 0.7205 0.2430
vn 0.6495 0.7205 0.2430
vn 0.6495 0.7205 0.2430
vn -0.8353 0.5258 -0.1605
vn -0.8353 0.5258 -0.1605
vn -0.8353 0.5258 -0.1605
vn -0.8353 0.5258 -0.1605
vn -0.4958 -0.1680 -0.8520
vn -0.4958 -0.1680 -0.8520
vn -0.4958 -0.1680 -0.8520
vn 0.7147 -0.6995 0.0048
vn -0.1292 -0.8791 0.4589
vn -0.1292 -0.8791 0.4589
vn -0.6094 -0.0792 -0.7889
vn 0.4531 -0.7307 -0.5107
vn 0.4531 -0.7307 -0.5107
vn 0.4531 -0.7307 -0.5107
vn 0.2898 0.6155 -0.7329
vn 0.2898 0.6155 -0.7329
vn -0.2349 0.0522 -0.9706
vn 0.1482 0.6738 -0.7239
vn 0.1482 0.6738 -0.7239
vn -0.6750 -0.4946 0.5474
vn -0.6750 -0.4946 0.5474
vn -0.8376 0.0827 0.5400
vn -0.8376 0.0827 0.5400
vn -0.7814 -0.5821 0.2247
vn -0.7814 -0.5821 0.2247
vn -0.7814 -0.5821 0.2247
vn -0.4988 -0.1625 0.8513
vn -0.4988 -0.1625 0.8513
vn -0.5970 -0.4404 -0.6705
vn -0.5970 -0.4404 -0.6705
vn -0.9685 0.2298 -0.0956
vn -0.9685 0.2298 -0.0956
vn -0.9685 0.2298 -0.0956
vn -0.4937 0.3785 0.7830
vn -0.5472 -0.2422 -0.8012
vn -0.5472 -0.2422 -0.8012
vn -0.5472 -0.2422 -0.8012
vn 0.4540 0.5469 -0.7034
vn -0.2064 0.4730 0.8566
vn -0.2064 0.4730 0.8566
vn 0.0486 -0.9399 -0.3379
vn 0.7607 0.6183 -0.1975
vn 0.0168 0.7396 0.6729
vn 0.0168 0.7396 0.6729
vn 0.0168 0.7396 0.6729
vn 0.1683 -0.4833 0.8591
vn 0.1683 -0.4833 0.8591
vn -0.5997 0.3184 0.7342
vn -0.5997 0.3184 0.7342
vn -0.5997 0.3184 0.7342
vn -0.1490 0.1585 0.9761
vn -0.1490 0.1585 0.9761
vn 0.1630 -0.2198 0.9618
vn 0.4809 -0.0567 -0.8749
vn 0.4809 -0.0567 -0.8749
vn 0.4809 -0.0567 -0.8749
vn -0.5544 -0.1654 0.8156
vn 0.6008 -0.0565 -0.7974
vn 0.6008 -0.0565 -0.7974
vn -0.6440 -0.1619 0.7477
vn -0.1106 0.6281 -0.7702
vn -0.2829 -0.8015 -0.5269
vn -0.2829 -0.8015 -0.5269
vn -0.2829 -0.8015 -0.5269
vn -0.2829 -0.8015 -0.5269
vn -0.2829 -0.8015 -0.5269
vn -0.7105 -0.6174 -0.3376
vn -0.7105 -0.6174 -0.3376
vn -0.7105 -0.6174 -0.3376
vn -0.7775 -0.6275 -0.0427
vn -0.7775 -0.6275 -0.0427
vn -0.6628 -0.3400 -0.6672
vn -0.6628 -0.3400 -0.6672
vn -0.6628 -0.3400 -0.6672
vn -0.6628 -0.3400 -0.6672
vn -0.5534 -0.1314 0.8225
vn 0.2421 -0.2166 0.9458
vn 0.2421 -0.2166 0.9458
vn -0.4113 0.4234 0.8072
vn -0.0013 0.8700 0.4931
vn 0.4380 0.7432 -0.5057
vn 0.4380 0.7432 -0.5057
vn 0.4380 0.7432 -0.5057
vn 0.4380 0.7432 -0.5057
vn -0.2222 -0.8730 0.4342
vn -0.2222 -0.8730 0.4342
vn -0.2222 -0.8730 0.4342
vn -0.7023 -0.1021 0.7045
vn -0.7023 -0.1021 0.7045
vn -0.1154 -0.9544 -0.2753
vn -0.4563 0.2603 -0.8509
vn -0.2609 0.3912 -0.8825
vn -0.2609 0.3912 -0.8825
vn -0.9580 -0.2352 -0.1641
vn -0.7762 -0.4448 -0.4467
vn -0.7762 -0.4448 -0.4467
vn -0.6787 -0.2054 0.7052
vn -0.6787 -0.2054 0.7052
vn -0.6787 -0.2054 0.7052
vn -0.6590 -0.1954 -0.7263
vn -0.6590 -0.1954 -0.7263
vn 0.1064 -0.6960 0.7101
vn 0.1064 -0.6960 0.7101
vn 0.4463 0.1711 -0.8784
vn -0.1696 0.3454 0.9230
vn -0.5053 -0.7839 0.3607
vn -0.5053 -0.7839 0.3607
vn -0.5053 -0.7839 0.3607
vn -0.1606 -0.4080 0.8988
vn 0.1766 -0.1128 -0.9778
vn 0.1766 -0.1128 -0.9778
vn -0.6104 -0.1398 0.7796
vn -0.6104 -0.1398 0.7796
vn -0.6104 -0.1398 0.7796
vn -0.6104 -0.1398 0.7796
vn -0.6104 -0.1398 0.7796
vn 0.3869 -0.0971 -0.9170
vn 0.3869 -0.0971 -0.9170
vn 0.3869 -0.0971 -0.9170
vn 0.6341 -0.4470 -0.6309
vn -0.1432 -0.9883 -0.0520
vn -0.6872 0.2026 0.6977
vn -0.6872 0.2026 0.6977
vn -0.6872 0.2026 0.6977
vn -0.5469 -0.1520 0.8233
vn -0.5469 -0.1520 0.8233
vn -0.5469 -0.1520 0.8233
vn -0.5469 -0.1520 0.8233
vn -0.2839 -0.6650 -0.6908
vn -0.2839 -0.6650 -0.6908
vn -0.3391 0.5190 -0.7846
vn -0.4297 0.1318 -0.8933
vn -0.4297 0.1318 -0.8933
vn -0.4052 0.6537 0.6392
vn -0.4052 0.6537 0.6392
vn 0.3975 -0.2661 -0.8782
vn 0.3975 -0.2661 -0.8782
vn 0.1223 -0.9910 -0.0544
vn 0.3125 -0.6803 -0.6629
vn 0.3125 -0.6803 -0.6629
vn -0.4790 -0.1581 0.8635
vn -0.0470 -0.0029 -0.9989
vn 0.0421 -0.9018 0.4301
vn 0.0421 -0.9018 0.4301
vn 0.0421 -0.9018 0.4301
vn 0.3569 -0.6009 0.7152
vn 0.3569 -0.6009 0.7152
vn 0.3449 -0.4153 0.8418
vn 0.3449 -0.4153 0.8418
vn 0.3449 -0.4153 0.8418
vn -0.6297 0.3526 0.6921
vn -0.1220 0.3658 0.9227
vn -0.2717 0.5410 -0.7959
vn -0.2717 0.5410 -0.7959
vn -0.0781 0.9812 0.1767
vn 0.7615 0.2875 -0.5809
vn 0.7615 0.2875 -0.5809
vn -0.1394 -0.5728 -0.8078
vn -0.1394 -0.5728 -0.8078
vn -0.8831 -0.2747 0.3804
vn 0.0917 0.1449 0.9852
vn -0.3775 -0.2120 -0.9014
vn -0.4814 0.7623 -0.4327
vn -0.4814 0.7623 -0.4327
vn -0.3224 0.8717 0.3690
vn 0.1687 -0.2648 -0.9494
vn 0.1687 -0.2648 -0.9494
vn 0.1687 -0.2648 -0.9494
vn 0.5047 0.3994 -0.7653
vn -0.4819 0.0409 0.8753
vn -0.1233 -0.2152 -0.9688
vn -0.1233 -0.2152 -0.9688
vn -0.7022 -0.4558 0.5470
vn -0.7022 -0.4558 0.5470
vn 0.4540 -0.3440 0.8219
vn 0.4540 -0.3440 0.8219
vn 0.4540 -0.3440 0.8219
vn 0.4540 -0.3440 0.8219
vn 0.7655 0.2059 -0.6096
vn 0.1995 0.2085 0.9575
vn 0.4118 0.3868 -0.8251
vn 0.0249 0.4720 0.8813
vn 0.0249 0.4720 0.8813
vn 0.3212 0.7222 -0.6126
vn 0.3212 0.7222 -0.6126
vn 0.3212 0.7222 -0.6126
vn -0.6372 0.2515 0.7285
vn -0.6372 0.2515 0.7285
vn -0.1669 0.9111 0.3769
vn -0.1669 0.9111 0.3769
vn -0.1669 0.9111 0.3769
vn -0.0982 -0.4866 -0.8681
vn -0.0982 -0.4866 -0.8681
vn -0.0982 -0.4866 -0.8681
vn -0.4724 -0.7592 -0.4477
vn -0.3842 0.0831 -0.9195
vn -0.3912 0.2972 -0.8710
vn 0.5423 -0.1019 -0.8340
vn 0.5423 -0.1019 -0.8340
vn -0.3533 -0.0105 0.9354
vn 0.1256 0.4767 -0.8701
vn -0.2963 -0.5996 -0.7434
vn -0.2963 -0.5996 -0.7434
vn -0.2963 -0.5996 -0.7434
vn -0.3043 -0.4636 0.8322
vn -0.3043 -0.4636 0.8322
vn 0.3350 -0.2583 0.9061
vn 0.3978 -0.2856 0.8719
vn 0.3978 -0.2856 0.8719
vn 0.3978 -0.2856 0.8719
vn 0.3978 -0.2856 0.8719
vn -0.4727 -0.3151 0.8230
vn -0.4727 -0.3151 0.8230
vn 0.2118 0.8575 0.4689
vn 0.2118 0.8575 0.4689
vn 0.0590 0.4466 -0.8928
vn 0.0590 0.4466 -0.8928
vn -0.1324 -0.9570 -0.2580
vn -0.4806 -0.6374 0.6023
vn -0.4806 -0.6374 0.6023
vn 0.3249 -0.0676 0.9433
vn 0.3249 -0.0676 0.9433
vn -0.1665 0.5518 -0.8172
vn -0.4004 0.1923 -0.8959
vn -0.3539 -0.8390 0.4133
vn -0.3539 -0.8390 0.4133
vn 0.1600 -0.1895 -0.9688
vn -0.2267 -0.1086 0.9679
vn -0.2496 -0.5523 0.7954
vn -0.2496 -0.5523 0.7954
vn -0.2496 -0.5523 0.7954
vn 0.8021 0.3879 -0.4541
vn 0.8021 0.3879 -0.4541
vn -0.9267 -0.3530 -0.1287
vn -0.7590 -0.3351 0.5583
vn -0.7590 -0.3351 0.5583
vn -0.3747 0.0410 -0.9263
vn 0.4939 -0.6883 -0.5313
vn 0.3770 -0.7139 -0.5901
vn -0.3255 0.7684 0.5511
vn -0.1325 -0.2521 0.9586
vn -0.1325 -0.2521 0.9586
vn 0.7722 0.2439 -0.5866
vn 0.7722 0.2439 -0.5866
vn -0.7770 -0.6159 -0.1300
vn -0.7770 -0.6159 -0.1300
vn -0.3489 -0.4406 -0.8271
vn -0.3489 -0.4406 -0.8271
vn -0.3489 -0.4406 -0.8271
vn 0.0963 -0.3685 -0.9246
vn 0.0963 -0.3685 -0.9246
vn 0.0836 -0.1615 0.9833
vn 0.0000 0.0000 0.0000
vn 0.0000 0.0000 0.0000
vn -0.7918 0.1350 0.5957
vn -0.7918 0.1350 0.5957
vn -0.7918 0.1350 0.5957
vn -0.7918 0.1350 0.5957
vn 0.0000 0.0000 0.0000
vn 0.0000 0.0000 0.0000
vn 0.1367 0.0968 -0.9859
vn 0.1367 0.0968 -0.9859
vn 0.7845 0.6145 0.0834
vn 0.7845 0.6145 0.0834
vn -0.2889 0.4461 0.8471
vn -0.2889 0.4461 0.8471
vn 0.0616 0.3144 -0.9473
vn 0.0616 0.3144 -0.9473
vn 0.0231 0.3707 -0.9285
vn -0.8931 -0.3134 0.3227
vn -0.8931 -0.3134 0.3227
vn -0.0256 -0.3092 0.9506
vn -0.0256 -0.3092 0.9506
vn -0.5289 0.2712 0.8042
vn -0.5289 0.2712 0.8042
vn -0.5073 -0.1290 -0.8520
vn 0.0380 -0.1867 0.9817
vn -0.3805 -0.3538 0.8544
vn -0.3805 -0.3538 0.8544
vn -0.3805 -0.3538 0.8544
vn -0.0774 0.4583 -0.8854
vn -0.0774 0.4583 -0.8854
vn 0.7287 0.2665 -0.6308
vn 0.7287 0.2665 -0.6308
vn -0.0274 -0.1877 -0.9818
vn -0.0274 -0.1877 -0.9818
vn -0.7263 -0.6782 -0.1119
vn -0.7263 -0.6782 -0.1119
vn -0.8673 0.2530 0.4286
vn -0.8673 0.2530 0.4286
vn -0.0692 -0.3738 -0.9249
vn 0.5291 -0.8458 -0.0675
vn 0.5291 -0.8458 -0.0675
vn -0.0234 0.2357 0.9715
vn -0.3786 0.2803 -0.8821
vn 0.0699 -0.5854 0.8077
vn 0.0699 -0.5854 0.8077
vn 0.0699 -0.5854 0.8077
vn -0.2791 0.9157 0.2890
vn -0.2539 -0.2248 0.9407
vn 0.1802 0.0074 0.9836
vn -0.9189 -0.3885 0.0692
vn -0.9189 -0.3885 0.0692
vn -0.9189 -0.3885 0.0692
vn -0.9189 -0.3885 0.0692
vn -0.9399 -0.1452 0.3090
vn -0.9399 -0.1452 0.3090
vn -0.3059 -0.0122 0.9520
vn -0.0831 0.1151 0.9899
vn -0.0831 0.1151 0.9899
vn -0.0831 0.1151 0.9899
vn 0.4636 0.1589 -0.8717
vn 0.2608 0.5306 0.8065
vn 0.2608 0.5306 0.8065
vn -0.6696 -0.2368 0.7040
vn -0.6696 -0.2368 0.7040
vn -0.6696 -0.2368 0.7040
vn -0.6696 -0.2368 0.7040
vn 0.0680 0.8168 0.5728
vn 0.0680 0.8168 0.5728
vn -0.7173 -0.5942 0.3638
vn -0.7173 -0.5942 0.3638
vn -0.7173 -0.5942 0.3638
vn -0.0397 0.2286 0.9727
vn -0.2420 0.3706 -0.8967
vn -0.2420 0.3706 -0.8967
vn 0.7178 -0.3398 -0.6076
vn 0.7178 -0.3398 -0.6076
vn 0.1333 -0.9825 -0.1302
vn 0.1333 -0.9825 -0.1302
vn -0.9269 -0.2786 -0.2516
vn -0.9269 -0.2786 -0.2516
vn -0.9269 -0.2786 -0.2516
vn 0.3076 0.1242 -0.9434
vn 0.3076 0.1242 -0.9434
vn -0.3268 0.3002 0.8961
vn -0.3268 0.3002 0.8961
vn -0.4179 0.3238 0.8489
vn -0.4179 0.3238 0.8489
vn 0.8945 0.4421 0.0667
vn 0.8945 0.4421 0.0667
vn 0.0345 -0.9460 0.3224
vn 0.0345 -0.9460 0.3224
vn -0.5761 -0.3438 0.7416
vn 0.3811 0.4318 0.8175
vn -0.4089 0.8236 0.3931
vn -0.4089 0.8236 0.3931
vn -0.0194 0.4335 -0.9009
vn -0.1634 -0.0806 0.9833
vn -0.1634 -0.0806 0.9833
vn 0.3348 -0.9361 0.1080
vn 0.1654 -0.0388 -0.9855
vn 0.1683 -0.1971 -0.9658
vn 0.8151 0.4581 -0.3547
vn 0.1111 -0.9791 0.1704
vn 0.1111 -0.9791 0.1704
vn 0.1386 0.4048 -0.9038
vn 0.1386 0.4048 -0.9038
vn -0.5273 -0.8137 0.2448
vn -0.5273 -0.8137 0.2448
vn 0.0649 0.3488 0.9350
vn -0.0807 0.8138 0.5755
vn -0.0807 0.8138 0.5755
vn -0.0807 0.8138 0.5755
vn -0.3956 0.8993 -0.1866
vn -0.6521 0.7286 0.2094
vn 0.0407 -0.5234 0.8511
vn 0.0407 -0.5234 0.8511
vn 0.1161 -0.4121 0.9037
vn 0.1161 -0.4121 0.9037
vn 0.0259 0.2398 0.9705
vn 0.0259 0.2398 0.9705
vn -0.1035 -0.0087 0.9946
vn 0.0328 -0.1000 0.9944
vn -0.0144 -0.4598 0.8879
vn -0.0144 -0.4598 0.8879
vn 0.6722 0.4374 -0.5973
vn 0.6722 0.4374 -0.5973
vn 0.8051 0.5822 -0.1133
vn 0.8051 0.5822 -0.1133
vn 0.8051 0.5822 -0.1133
vn 0.8051 0.5822 -0.1133
vn 0.6371 -0.3547 0.6843
vn 0.6371 -0.3547 0.6843
vn 0.6371 -0.3547 0.6843
vn 0.6371 -0.3547 0.6843
vn 0.1836 -0.7027 0.6874
vn 0.1836 -0.7027 0.6874
vn 0.1836 -0.7027 0.6874
vn -0.4227 -0.1287 0.8971
vn -0.1788 -0.1410 -0.9737
vn -0.1788 -0.1410 -0.9737
vn -0.2307 0.2993 -0.9258
vn 0.2649 -0.1669 -0.9497
vn 0.4973 -0.7870 -0.3652
vn 0.4973 -0.7870 -0.3652
vn 0.4973 -0.7870 -0.3652
vn 0.4973 -0.7870 -0.3652
vn -0.1097 -0.9865 -0.1215
vn -0.7172 -0.6319 -0.2938
vn -0.7172 -0.6319 -0.2938
vn -0.2225 -0.1164 0.9680
vn 0.2532 -0.1463 -0.9563
vn -0.2214 -0.1694 0.9604
vn -0.0831 0.5224 0.8486
vn 0.5478 0.4403 -0.7113
vn 0.5478 0.4403 -0.7113
vn 0.0913 0.6585 0.7470
vn 0.0913 0.6585 0.7470
vn 0.0913 0.6585 0.7470
vn 0.2557 0.6683 -0.6985
vn 0.2557 0.6683 -0.6985
vn -0.3084 -0.4654 0.8296
vn -0.3084 -0.4654 0.8296
vn -0.3084 -0.4654 0.8296
vn -0.4024 0.3487 0.8465
vn -0.4024 0.3487 0.8465
vn -0.0808 -0.3609 -0.9291
vn -0.0808 -0.3609 -0.9291
vn 0.0735 -0.2710 -0.9598
vn -0.4538 0.8784 0.1499
vn -0.4538 0.8784 0.1499
vn -0.2012 0.4711 0.8588
vn -0.2012 0.4711 0.8588
vn 0.1653 -0.8975 -0.4088
vn 0.2602 0.7349 0.6263
vn 0.2602 0.7349 0.6263
vn -0.4479 0.8563 0.2571
vn -0.1379 -0.3996 -0.9063
vn -0.1379 -0.3996 -0.9063
vn -0.5352 -0.1915 0.8227
vn -0.5352 -0.1915 0.8227
vn -0.1974 -0.3195 -0.9268
vn -0.1974 -0.3195 -0.9268
vn -0.0500 -0.4423 0.8955
vn 0.0301 -0.2497 -0.9679
vn 0.4297 -0.0830 -0.8992
vn 0.0255 -0.0042 0.9997
vn -0.1313 0.6713 0.7295
vn 0.0803 -0.8258 -0.5583
vn 0.0803 -0.8258 -0.5583
vn 0.0803 -0.8258 -0.5583
vn -0.0606 0.9950 -0.0789
vn -0.0606 0.9950 -0.0789
vn -0.0606 0.9950 -0.0789
vn -0.0653 -0.8331 -0.5493
vn -0.0653 -0.8331 -0.5493
vn -0.3676 0.7529 0.5459
vn -0.3676 0.7529 0.5459
vn -0.1046 -0.4071 0.9074
vn -0.1046 -0.4071 0.9074
vn -0.0208 0.2102 0.9774
vn 0.0407 0.0116 0.9991
vn -0.1630 0.0746 -0.9838
vn -0.1630 0.0746 -0.9838
vn 0.7313 -0.5894 0.3434
vn 0.7313 -0.5894 0.3434
vn 0.7313 -0.5894 0.3434
vn -0.2844 -0.0534 0.9572
vn 0.7021 0.6311 0.3298
vn 0.7021 0.6311 0.3298
vn 0.7021 0.6311 0.3298
vn 0.0526 0.9120 0.4068
vn 0.1050 -0.9442 0.3122
vn 0.0398 -0.8528 -0.5207
vn 0.0398 -0.8528 -0.5207
vn 0.6113 -0.3808 -0.6937
vn 0.6113 -0.3808 -0.6937
vn 0.2069 -0.1950 0.9587
vn -0.0358 0.2232 0.9741
vn -0.0358 0.2232 0.9741
vn 0.3322 -0.2146 -0.9185
vn 0.3229 0.0938 0.9418
vn -0.1474 -0.3652 -0.9192
vn -0.1474 -0.3652 -0.9192
vn 0.3556 0.4290 -0.8303
vn 0.3556 0.4290 -0.8303
vn 0.3556 0.4290 -0.8303
vn 0.1042 0.7377 0.6670
vn 0.1042 0.7377 0.6670
vn -0.0000 -0.0000 -0.0000
vn -0.0000 -0.0000 -0.0000
vn 0.3830 -0.0719 -0.9210
vn 0.3830 -0.0719 -0.9210
vn 0.3830 -0.0719 -0.9210
vn -0.2758 -0.1794 0.9443
vn -0.2758 -0.1794 0.9443
vn -0.1488 -0.3058 0.9404
vn 0.5194 0.0825 -0.8506
vn 0.6281 0.4616 -0.6264
vn 0.6281 0.4616 -0.6264
vn 0.6281 0.4616 -0.6264
vn 0.6281 0.4616 -0.6264
vn 0.6281 0.4616 -0.6264
vn 0.5327 -0.6515 0.5402
vn -0.0062 -0.1179 -0.9930
vn 0.5280 -0.8254 0.1997
vn 0.4813 -0.5709 0.6651
vn 0.4813 -0.5709 0.6651
vn -0.6352 0.0703 -0.7691
vn 0.0254 0.3951 -0.9183
vn 0.2343 0.4278 0.8730
vn 0.4981 -0.7596 -0.4183
vn 0.4981 -0.7596 -0.4183
vn 0.2262 0.7616 0.6073
vn 0.2262 0.7616 0.6073
vn -0.0620 -0.1178 -0.9911
vn -0.7127 0.2400 -0.6592
vn -0.7127 0.2400 -0.6592
vn -0.3135 0.9147 -0.2549
vn 0.0884 0.8781 0.4703
vn 0.0884 0.8781 0.4703
vn 0.0884 0.8781 0.4703
vn 0.0884 0.8781 0.4703
vn -0.0592 0.7348 0.6756
vn -0.0592 0.7348 0.6756
vn -0.0592 0.7348 0.6756
vn 0.1500 -0.9885 -0.0193
vn 0.1500 -0.9885 -0.0193
vn 0.1500 -0.9885 -0.0193
vn 0.1500 -0.9885 -0.0193
vn -0.5460 -0.4847 -0.6833
vn -0.5460 -0.4847 -0.6833
vn 0.1539 -0.5301 0.8339
vn 0.1539 -0.5301 0.8339
vn 0.1539 -0.5301 0.8339
vn -0.1918 -0.1480 0.9702
vn -0.1918 -0.1480 0.9702
vn -0.1918 -0.1480 0.9702
vn 0.2662 -0.0299 -0.9635
vn -0.6773 -0.7261 -0.1188
vn -0.6773 -0.7261 -0.1188
vn -0.6773 -0.7261 -0.1188
vn -0.2850 -0.5713 -0.7696
vn 0.0448 0.3248 0.9447
vn 0.0448 0.3248 0.9447
vn 0.5723 0.1793 -0.8002
vn 0.5723 0.1793 -0.8002
vn 0.5723 0.1793 -0.8002
vn 0.3384 0.0283 0.9406
vn 0.7504 0.5087 0.4220
vn 0.7504 0.5087 0.4220
vn -0.2442 0.5979 0.7634
vn -0.2442 0.5979 0.7634
vn 0.7786 0.0761 0.6228
vn 0.7786 0.0761 0.6228
vn 0.3672 -0.2131 0.9054
vn 0.3672 -0.2131 0.9054
vn 0.1246 0.5597 -0.8193
vn 0.1246 0.5597 -0.8193
vn 0.2206 -0.9666 -0.1307
vn 0.2206 -0.9666 -0.1307
vn 0.2206 -0.9666 -0.1307
vn 0.8136 -0.5243 0.2514
vn 0.8136 -0.5243 0.2514
vn 0.3566 -0.1918 -0.9144
vn 0.3566 -0.1918 -0.9144
vn 0.3359 -0.1732 0.9258
vn 0.3359 -0.1732 0.9258
vn 0.1283 -0.2640 -0.9560
vn 0.1283 -0.2640 -0.9560
vn -0.0239 -0.8028 -0.5958
vn -0.2798 0.9489 0.1459
vn -0.2745 -0.0724 -0.9589
vn -0.2745 -0.0724 -0.9589
vn -0.3286 -0.5402 -0.7748
vn -0.3286 -0.5402 -0.7748
vn -0.5336 -0.5445 -0.6471
vn 0.7159 0.2640 -0.6464
vn 0.7159 0.2640 -0.6464
vn 0.0000 0.0000 0.0000
vn 0.0000 0.0000 0.0000
vn 0.0000 0.0000 0.0000
vn 0.0000 0.0000 0.0000
vn 0.0000 0.0000 0.0000
vn 0.0000 0.0000 0.0000
vn 0.9948 0.0316 -0.0966
vn 0.9948 0.0316 -0.0966
vn 0.8748 -0.1940 -0.4439
vn 0.8748 -0.1940 -0.4439
vn -0.1462 0.4116 0.8996
vn -0.1462 0.4116 0.8996
vn -0.0023 0.1842 0.9829
vn -0.0023 0.1842 0.9829
vn -0.4364 0.8713 0.2247
vn -0.4364 0.8713 0.2247
vn -0.1934 0.4506 0.8716
vn -0.1934 0.4506 0.8716
vn 0.0277 0.5294 0.8479
vn 0.0277 0.5294 0.8479
vn 0.0277 0.5294 0.8479
vn -0.0323 0.9990 -0.0301
vn -0.0323 0.9990 -0.0301
vn 0.0057 -0.7960 -0.6053
vn 0.0057 -0.7960 -0.6053
vn 0.0709 -0.2815 -0.9569
vn 0.0689 0.1545 -0.9856
vn 0.3956 -0.6032 -0.6926
vn -0.7492 -0.6521 0.1162
vn -0.7492 -0.6521 0.1162
vn 0.0714 -0.2310 0.9703
vn -0.5887 -0.6902 -0.4207
vn -0.5887 -0.6902 -0.4207
vn -0.0000 -0.0000 0.0000
vn -0.0000 -0.0000 0.0000
vn 0.7147 0.6978 -0.0480
vn 0.7147 0.6978 -0.0480
vn 0.7147 0.6978 -0.0480
vn 0.2347 -0.2955 0.9261
vn -0.0724 0.4915 0.8679
vn -0.0724 0.4915 0.8679
vn 0.1869 0.7813 0.5955
vn 0.1869 0.7813 0.5955
vn 0.0105 0.4868 0.8734
vn 0.0105 0.4868 0.8734
vn 0.6426 0.0038 0.7662
vn 0.6426 0.0038 0.7662
vn 0.3058 0.3018 -0.9030
vn 0.3058 0.3018 -0.9030
vn 0.4692 -0.8447 -0.2575
vn 0.4692 -0.8447 -0.2575
vn -0.0072 -0.8853 -0.4649
vn -0.5261 0.7846 0.3282
vn -0.5261 0.7846 0.3282
vn -0.0007 0.7114 0.7027
vn -0.1638 0.8095 0.5639
vn -0.1638 0.8095 0.5639
vn -0.1638 0.8095 0.5639
vn 0.0508 0.9701 -0.2374
vn 0.1292 -0.9256 -0.3557
vn 0.1292 -0.9256 -0.3557
vn -0.7149 -0.6863 -0.1337
vn -0.7149 -0.6863 -0.1337
vn 0.0572 -0.0167 0.9982
vn 0.0572 -0.0167 0.9982
vn 0.3914 -0.1613 0.9060
vn -0.9623 0.1249 0.2415
vn -0.9623 0.1249 0.2415
vn -0.3716 0.1832 0.9101
vn -0.3716 0.1832 0.9101
vn -0.3137 0.6901 0.6521
vn 0.2032 0.3527 -0.9134
vn 0.2032 0.3527 -0.9134
vn 0.1888 -0.4534 -0.8711
vn 0.1888 -0.4534 -0.8711
vn 0.6446 -0.4324 0.6304
vn 0.6446 -0.4324 0.6304
vn 0.6446 -0.4324 0.6304
vn -0.0647 -0.2032 -0.9770
vn -0.3219 -0.5518 -0.7693
vn -0.3219 -0.5518 -0.7693
vn -0.2862 0.8720 0.3971
vn 0.3917 -0.3366 -0.8563
vn 0.3917 -0.3366 -0.8563
vn 0.3917 -0.3366 -0.8563
vn -0.0442 -0.1528 -0.9873
vn -0.0442 -0.1528 -0.9873
vn 0.6508 -0.0888 0.7541
vn 0.2156 0.2588 -0.9415
vn 0.2156 0.2588 -0.9415
vn -0.0479 0.1651 0.9851
vn 0.9022 -0.4089 -0.1370
vn 0.9022 -0.4089 -0.1370
vn 0.9022 -0.4089 -0.1370
vn 0.9022 -0.4089 -0.1370
vn 0.7272 0.6549 0.2057
vn 0.7272 0.6549 0.2057
vn 0.6596 -0.0873 0.7465
vn 0.6596 -0.0873 0.7465
vn 0.6596 -0.0873 0.7465
vn 0.6873 0.4028 0.6045
vn 0.2829 0.2023 -0.9376
vn -0.2820 0.3642 0.8876
vn 0.0358 -0.1036 0.9940
vn 0.3531 -0.1226 -0.9275
vn -0.0791 -0.7544 -0.6516
vn -0.0791 -0.7544 -0.6516
vn -0.4901 -0.6304 -0.6019
vn 0.1263 0.8936 0.4307
vn -0.5420 -0.5186 -0.6613
vn -0.5420 -0.5186 -0.6613
vn -0.6543 -0.2136 0.7254
vn -0.6543 -0.2136 0.7254
vn -0.1470 0.3098 0.9394
vn -0.1470 0.3098 0.9394
vn -0.1470 0.3098 0.9394
vn 0.3101 0.2113 -0.9269
vn 0.6391 0.0185 -0.7689
vn 0.6306 -0.3722 -0.6811
vn 0.6306 -0.3722 -0.6811
vn -0.3959 -0.6854 0.6111
vn -0.3959 -0.6854 0.6111
vn -0.3959 -0.6854 0.6111
vn -0.3959 -0.6854 0.6111
vn 0.8648 0.4405 -0.2409
vn 0.2349 0.6102 -0.7566
vn 0.2349 0.6102 -0.7566
vn 0.9368 0.1961 0.2898
vn 0.4213 0.6427 0.6399
vn 0.4213 0.6427 0.6399
vn 0.4213 0.6427 0.6399
vn 0.3360 0.8300 0.4451
vn 0.3360 0.8300 0.4451
vn -0.2722 0.9137 0.3017
vn 0.4895 -0.0375 -0.8712
vn 0.4895 -0.0375 -0.8712
vn -0.7599 -0.6474 -0.0586
vn -0.7599 -0.6474 -0.0586
vn -0.9201 -0.1437 0.3643
vn 0.3434 -0.9042 -0.2538
vn 0.2611 -0.2126 -0.9416
vn 0.5108 0.2367 0.8265
vn 0.5108 0.2367 0.8265
vn 0.1872 0.2561 0.9484
vn 0.4072 -0.3073 -0.8601
vn 0.4072 -0.3073 -0.8601
vn 0.4072 -0.3073 -0.8601
vn 0.4072 -0.3073 -0.8601
vn 0.2805 -0.0132 0.9598
vn -0.5565 0.7877 0.2644
vn -0.0161 -0.4086 0.9126
vn -0.0161 -0.4086 0.9126
vn -0.0161 -0.4086 0.9126
vn 0.3387 -0.7692 -0.5419
vn 0.3387 -0.7692 -0.5419
vn 0.3880 -0.3605 -0.8483
vn 0.3917 0.2365 -0.8892
vn 0.2637 0.4003 -0.8776
vn -0.3633 -0.1414 0.9209
vn -0.3633 -0.1414 0.9209
vn 0.0894 0.1473 0.9850
vn 0.0467 0.3586 -0.9323
vn 0.0467 0.3586 -0.9323
vn 0.2064 0.9312 -0.3005
vn -0.1569 0.9819 -0.1062
vn -0.8773 -0.4405 0.1906
vn -0.8798 0.0958 0.4656
vn -0.8798 0.0958 0.4656
vn -0.5879 0.0144 0.8088
vn -0.5879 0.0144 0.8088
vn -0.9060 -0.1435 0.3983
vn -0.9060 -0.1435 0.3983
vn 0.2433 -0.9536 -0.1774
vn 0.2433 -0.9536 -0.1774
vn 0.4546 -0.8854 0.0971
vn 0.3348 -0.3784 -0.8630
vn 0.3667 0.1101 -0.9238
vn 0.4197 -0.2197 -0.8807
vn 0.8492 0.2972 -0.4366
vn 0.8492 0.2972 -0.4366
vn 0.3026 -0.7314 -0.6112
vn 0.3026 -0.7314 -0.6112
vn 0.8677 0.2863 0.4064
vn 0.8677 0.2863 0.4064
vn 0.1674 0.3811 0.9093
vn -0.5501 -0.7452 -0.3769
vn -0.5501 -0.7452 -0.3769
vn -0.6354 0.5893 -0.4991
vn -0.6354 0.5893 -0.4991
vn -0.6354 0.5893 -0.4991
vn -0.4488 0.7872 -0.4230
vn 0.5504 -0.7613 0.3428
vn 0.5504 -0.7613 0.3428
vn 0.5504 -0.7613 0.3428
vn 0.5504 -0.7613 0.3428
vn -0.6707 -0.5955 -0.4421
vn -0.6707 -0.5955 -0.4421
vn -0.2157 -0.8858 -0.4110
vn -0.7857 -0.1741 0.5936
vn -0.7927 -0.2768 0.5431
vn -0.9070 -0.0081 0.4210
vn -0.6458 0.1962 0.7378
vn -0.6458 0.1962 0.7378
vn 0.2030 0.1538 0.9670
vn 0.4971 -0.0243 -0.8674
vn 0.9380 0.0867 -0.3356
vn 0.9380 0.0867 -0.3356
vn 0.9380 0.0867 -0.3356
vn 0.8488 0.5086 -0.1448
vn -0.6207 -0.6234 0.4755
vn -0.6207 -0.6234 0.4755
vn -0.1486 -0.2643 0.9529
vn 0.0247 -0.4203 -0.9070
vn 0.0247 -0.4203 -0.9070
vn 0.0247 -0.4203 -0.9070
vn 0.1295 0.3310 0.9347
vn 0.4556 0.5854 -0.6706
vn 0.4556 0.5854 -0.6706
vn 0.4556 0.5854 -0.6706
vn -0.1681 -0.9635 0.2083
vn -0.1681 -0.9635 0.2083
vn 0.4564 0.2094 -0.8648
vn 0.3573 -0.7926 0.4941
vn 0.3573 -0.7926 0.4941
vn 0.4845 -0.7054 0.5174
vn 0.0029 -0.5833 -0.8122
vn 0.3603 0.0674 -0.9304
vn -0.1331 0.3279 0.9353
vn -0.1331 0.3279 0.9353
vn -0.2305 -0.7308 -0.6425
vn -0.2305 -0.7308 -0.6425
vn 0.2618 0.7496 0.6079
vn 0.2618 0.7496 0.6079
vn -0.0904 -0.3241 -0.9417
vn -0.0904 -0.3241 -0.9417
vn -0.4887 0.2132 0.8460
vn -0.4887 0.2132 0.8460
vn 0.3364 0.4362 0.8346
vn 0.3364 0.4362 0.8346
vn 0.7600 0.4263 -0.4907
vn 0.7600 0.4263 -0.4907
vn 0.3992 -0.2206 -0.8899
vn 0.3992 -0.2206 -0.8899
vn 0.5700 0.0313 -0.8210
vn 0.4619 -0.6654 0.5864
vn 0.4619 -0.6654 0.5864
vn -0.6417 -0.7615 -0.0913
vn -0.6417 -0.7615 -0.0913
vn 0.5068 -0.1152 -0.8543
vn 0.1932 -0.8148 -0.5465
vn 0.1932 -0.8148 -0.5465
vn 0.4808 0.6740 0.5609
vn 0.4808 0.6740 0.5609
vn 0.4808 0.6740 0.5609
vn -0.5219 -0.2204 0.8240
vn -0.5219 -0.2204 0.8240
vn -0.8012 -0.5384 -0.2611
vn -0.6079 -0.4694 0.6405
vn -0.6079 -0.4694 0.6405
vn 0.6963 -0.0269 -0.7172
vn 0.6963 -0.0269 -0.7172
vn 0.7802 0.5198 -0.3481
vn 0.7802 0.5198 -0.3481
vn 0.7802 0.5198 -0.3481
vn 0.7802 0.5198 -0.3481
vn 0.4577 0.0447 0.8880
vn 0.4577 0.0447 0.8880
vn 0.5718 0.6099 0.5486
vn 0.5718 0.6099 0.5486
vn 0.8403 0.5346 -0.0899
vn 0.8403 0.5346 -0.0899
vn 0.0777 0.9849 -0.1548
vn 0.7971 0.0012 -0.6039
vn 0.4863 -0.2962 -0.8220
vn -0.4036 0.4131 0.8164
vn 0.1851 -0.7911 -0.5831
vn -0.5278 -0.4473 -0.7220
vn -0.5278 -0.4473 -0.7220
vn -0.1392 -0.8298 -0.5405
vn -0.1392 -0.8298 -0.5405
vn 0.0000 0.0000 0.0000
vn 0.0000 0.0000 0.0000
vn -0.8574 -0.2626 0.4425
vn -0.5143 -0.1930 0.8356
vn -0.5143 -0.1930 0.8356
vn -0.8188 0.0108 0.5740
vn -0.5800 -0.2404 0.7784
vn -0.5800 -0.2404 0.7784
vn -0.0703 0.4921 0.8677
vn -0.0703 0.4921 0.8677
vn 0.5763 -0.2165 -0.7881
vn 0.5763 -0.2165 -0.7881
vn 0.7168 0.1397 0.6832
vn 0.7168 0.1397 0.6832
vn 0.7168 0.1397 0.6832
vn 0.7772 0.0331 0.6283
vn 0.7772 0.0331 0.6283
vn 0.7772 0.0331 0.6283
vn 0.6150 -0.0063 -0.7885
vn 0.6150 -0.0063 -0.7885
vn 0.3610 0.2944 0.8849
vn -0.0246 0.2702 0.9625
vn 0.3666 -0.9248 0.1014
vn 0.3666 -0.9248 0.1014
vn 0.3666 -0.9248 0.1014
vn 0.2556 -0.1026 -0.9613
vn -0.1395 -0.0697 0.9878
vn -0.1395 -0.0697 0.9878
vn -0.6218 -0.5137 -0.5913
vn -0.6218 -0.5137 -0.5913
vn 0.5628 0.3626 0.7428
vn 0.5628 0.3626 0.7428
vn 0.5628 0.3626 0.7428
vn 0.0703 0.9425 0.3267
vn 0.0703 0.9425 0.3267
vn -0.7105 -0.5625 -0.4228
vn -0.7105 -0.5625 -0.4228
vn -0.1611 -0.5928 0.7891
vn -0.1611 -0.5928 0.7891
vn -0.4430 0.0838 0.8926
vn -0.4430 0.0838 0.8926
vn -0.6455 -0.0403 0.7627
vn -0.6455 -0.0403 0.7627
vn -0.6455 -0.0403 0.7627
vn -0.6455 -0.0403 0.7627
vn -0.6455 -0.0403 0.7627
vn -0.2076 -0.0492 0.9770
vn 0.6870 -0.5431 -0.4827
vn 0.6870 -0.5431 -0.4827
vn 0.6870 -0.5431 -0.4827
vn 0.7920 0.5875 0.1658
vn 0.7920 0.5875 0.1658
vn 0.7920 0.5875 0.1658
vn 0.6229 -0.0196 -0.7821
vn 0.2850 -0.6045 -0.7439
vn 0.2850 -0.6045 -0.7439
vn 0.4008 -0.8409 -0.3635
vn 0.4008 -0.8409 -0.3635
vn 0.4008 -0.8409 -0.3635
vn 0.4008 -0.8409 -0.3635
vn -0.9635 -0.1118 0.2433
vn -0.9635 -0.1118 0.2433
vn -0.2786 0.9365 0.2131
vn -0.2786 0.9365 0.2131
vn 0.0062 0.9940 -0.1096
vn 0.0062 0.9940 -0.1096
vn 0.4637 -0.6150 0.6378
vn 0.1189 -0.9777 0.1730
vn 0.1189 -0.9777 0.1730
vn 0.1189 -0.9777 0.1730
vn -0.1645 0.2716 0.9482
vn 0.0703 0.6423 0.7632
vn 0.0703 0.6423 0.7632
vn 0.4853 0.3019 0.8205
vn 0.4853 0.3019 0.8205
vn 0.6570 -0.0894 0.7486
vn 0.6570 -0.0894 0.7486
vn 0.5981 0.0518 0.7998
vn 0.5981 0.0518 0.7998
vn 0.5290 -0.7981 0.2883
vn 0.5290 -0.7981 0.2883
vn -0.5213 -0.3565 0.7754
vn -0.5213 -0.3565 0.7754
vn 0.6202 -0.2320 -0.7493
vn 0.6202 -0.2320 -0.7493
vn 0.6202 -0.2320 -0.7493
vn 0.2424 -0.9374 -0.2499
vn 0.2424 -0.9374 -0.2499
vn 0.7055 -0.2357 -0.6684
vn 0.5782 0.0944 -0.8104
vn 0.2113 0.3017 0.9297
vn 0.2113 0.3017 0.9297
vn -0.6752 -0.4441 -0.5890
vn -0.6752 -0.4441 -0.5890
vn -0.2997 -0.0609 -0.9521
vn -0.2997 -0.0609 -0.9521
vn 0.6881 0.5752 0.4425
vn 0.6881 0.5752 0.4425
vn -0.6096 -0.5151 0.6026
vn -0.6096 -0.5151 0.6026
vn -0.6096 -0.5151 0.6026
vn -0.6096 -0.5151 0.6026
vn 0.5780 -0.3307 -0.7460
vn 0.5780 -0.3307 -0.7460
vn 0.5780 -0.3307 -0.7460
vn 0.5780 -0.3307 -0.7460
vn 0.5462 -0.8182 0.1795
vn 0.5082 0.2391 -0.8273
vn 0.8975 0.2308 0.3759
vn 0.8975 0.2308 0.3759
vn 0.6973 0.2866 -0.6570
vn 0.6973 0.2866 -0.6570
vn 0.6969 0.4405 -0.5659
vn 0.6969 0.4405 -0.5659
vn 0.7443 0.6639 0.0731
vn 0.3838 -0.3515 -0.8539
vn 0.3838 -0.3515 -0.8539
vn -0.2388 -0.5796 -0.7791
vn 0.3672 -0.2299 0.9013
vn 0.8337 -0.3306 -0.4424
vn -0.3081 0.4343 0.8464
vn -0.3081 0.4343 0.8464
vn 0.3668 0.4440 -0.8175
vn 0.3668 0.4440 -0.8175
vn 0.3668 0.4440 -0.8175
vn 0.5259 -0.0490 -0.8491
vn 0.4960 -0.1422 0.8566
vn 0.4960 -0.1422 0.8566
vn 0.4960 -0.1422 0.8566
vn 0.4125 0.3344 0.8473
vn 0.4125 0.3344 0.8473
vn 0.6288 0.5230 0.5754
vn 0.6288 0.5230 0.5754
vn -0.0472 0.9676 -0.2481
vn 0.6782 0.6695 0.3029
vn 0.6782 0.6695 0.3029
vn 0.2246 0.9597 0.1690
vn 0.2246 0.9597 0.1690
vn -0.3307 -0.9437 0.0060
vn -0.3307 -0.9437 0.0060
vn -0.3307 -0.9437 0.0060
vn -0.2565 0.2531 0.9328
vn 0.5595 -0.8163 0.1435
vn 0.6298 -0.6954 0.3462
vn 0.6298 -0.6954 0.3462
vn 0.6050 0.4748 -0.6392
vn 0.6050 0.4748 -0.6392
vn 0.8038 0.1469 -0.5765
vn 0.8038 0.1469 -0.5765
vn 0.0000 0.0000 0.0000
vn 0.0000 0.0000 0.0000
vn 0.0000 0.0000 0.0000
vn 0.0000 0.0000 0.0000
vn 0.0000 0.0000 0.0000
vn 0.0000 0.0000 0.0000
vn 0.5878 0.5297 -0.6115
vn 0.5878 0.5297 -0.6115
vn -0.5638 -0.1369 0.8145
vn 0.1332 -0.9880 -0.0778
vn 0.1332 -0.9880 -0.0778
vn -0.2787 -0.9021 0.3294
vn -0.2787 -0.9021 0.3294
vn 0.7250 -0.1909 0.6617
vn 0.7250 -0.1909 0.6617
vn 0.6543 0.4737 0.5895
vn 0.6543 0.4737 0.5895
vn 0.7016 0.3689 0.6096
vn 0.7016 0.3689 0.6096
vn 0.4766 -0.7357 -0.4813
vn 0.4766 -0.7357 -0.4813
vn 0.4766 -0.7357 -0.4813
vn 0.4055 -0.7601 -0.5078
vn 0.4055 -0.7601 -0.5078
vn 0.6824 0.6890 -0.2441
vn 0.6824 0.6890 -0.2441
vn -0.7664 -0.3202 0.5569
vn -0.7664 -0.3202 0.5569
vn 0.5726 -0.8185 0.0465
vn 0.7378 -0.0691 -0.6714
vn 0.7378 -0.0691 -0.6714
vn 0.1945 0.4366 0.8784
vn 0.1945 0.4366 0.8784
vn 0.1945 0.4366 0.8784
vn 0.1945 0.4366 0.8784
vn 0.5586 0.6039 0.5685
vn 0.5586 0.6039 0.5685
vn 0.5586 0.6039 0.5685
vn 0.5586 0.6039 0.5685
vn 0.4416 0.5385 0.7176
vn 0.4416 0.5385 0.7176
vn 0.6901 -0.0738 -0.7199
vn 0.6901 -0.0738 -0.7199
vn 0.1636 -0.2194 -0.9618
vn 0.1636 -0.2194 -0.9618
vn 0.5719 -0.3363 0.7482
vn 0.5719 -0.3363 0.7482
vn 0.5719 -0.3363 0.7482
vn 0.6126 -0.5534 0.5644
vn 0.6126 -0.5534 0.5644
vn 0.6126 -0.5534 0.5644
vn 0.1852 -0.9712 -0.1501
vn 0.1852 -0.9712 -0.1501
vn 0.7559 0.1114 -0.6452
vn 0.7559 0.1114 -0.6452
vn -0.6086 -0.4785 0.6329
vn -0.6086 -0.4785 0.6329
vn 0.6611 0.7501 0.0175
vn 0.6611 0.7501 0.0175
vn 0.3861 -0.2648 -0.8836
vn 0.3861 -0.2648 -0.8836
vn -0.5811 0.0018 0.8138
vn -0.5811 0.0018 0.8138
vn -0.6710 -0.7084 0.2190
vn -0.6710 -0.7084 0.2190
vn -0.4951 0.6339 0.5941
vn -0.4951 0.6339 0.5941
vn -0.2782 0.5164 0.8099
vn -0.2782 0.5164 0.8099
vn 0.0000 0.0000 0.0000
vn 0.0000 0.0000 0.0000
vn 0.6281 0.2743 -0.7281
vn 0.6281 0.2743 -0.7281
vn 0.7924 0.2981 -0.5322
vn 0.7924 0.2981 -0.5322
vn 0.7924 0.2981 -0.5322
vn 0.7430 0.6348 0.2119
vn 0.7430 0.6348 0.2119
vn 0.4899 -0.0718 -0.8688
vn 0.5528 -0.7004 0.4514
vn 0.5528 -0.7004 0.4514
vn 0.6661 -0.5663 -0.4855
vn 0.6661 -0.5663 -0.4855
vn -0.1957 0.9699 0.1452
vn -0.1957 0.9699 0.1452
vn 0.5316 -0.2915 0.7953
vn 0.4073 -0.3008 0.8624
vn -0.5344 -0.5654 0.6283
vn -0.5344 -0.5654 0.6283
vn -0.5344 -0.5654 0.6283
vn -0.1448 -0.3573 0.9227
vn -0.1448 -0.3573 0.9227
vn -0.1448 -0.3573 0.9227
vn 0.7195 0.6358 -0.2795
vn 0.7195 0.6358 -0.2795
vn 0.7911 0.3151 -0.5243
vn 0.7911 0.3151 -0.5243
vn 0.7911 0.3151 -0.5243
vn -0.6377 -0.7378 0.2216
vn -0.5107 -0.0839 0.8556
vn 0.6268 -0.7764 0.0655
vn 0.6268 -0.7764 0.0655
vn 0.7245 0.4011 0.5606
vn 0.7245 0.4011 0.5606
vn 0.9137 0.4027 -0.0549
vn 0.8217 0.1918 0.5367
vn 0.8217 0.1918 0.5367
vn -0.2552 0.0541 0.9654
vn 0.5961 0.3902 -0.7017
vn 0.5961 0.3902 -0.7017
vn 0.4148 -0.7505 -0.5145
vn 0.4148 -0.7505 -0.5145
vn -0.5225 -0.6342 -0.5699
vn -0.5225 -0.6342 -0.5699
vn -0.5225 -0.6342 -0.5699
vn -0.2595 -0.2426 0.9348
vn 0.7357 -0.5469 -0.3995
vn 0.7357 -0.5469 -0.3995
vn 0.5981 0.0055 -0.8014
vn 0.1813 -0.8523 -0.4906
vn 0.1813 -0.8523 -0.4906
vn -0.1865 0.5002 0.8456
vn -0.1823 -0.8903 0.4172
vn -0.1823 -0.8903 0.4172
vn 0.0428 0.2416 0.9694
vn 0.0428 0.2416 0.9694
vn 0.5845 -0.8017 0.1249
vn 0.6077 -0.7546 0.2475
vn 0.6077 -0.7546 0.2475
vn 0.5533 0.0769 -0.8294
vn 0.5533 0.0769 -0.8294
vn 0.8078 0.5776 -0.1174
vn 0.7689 -0.3180 -0.5547
vn 0.7689 -0.3180 -0.5547
vn 0.6235 -0.2015 -0.7554
vn 0.6235 -0.2015 -0.7554
vn -0.0225 0.8112 0.5843
vn -0.0225 0.8112 0.5843
vn -0.0225 0.8112 0.5843
vn -0.0225 0.8112 0.5843
vn -0.3068 0.4322 0.8480
vn -0.3068 0.4322 0.8480
vn -0.3068 0.4322 0.8480
vn 0.2285 -0.3699 0.9005
vn 0.2285 -0.3699 0.9005
vn 0.2285 -0.3699 0.9005
vn 0.2285 -0.3699 0.9005
vn 0.4556 -0.4341 -0.7772
vn 0.4556 -0.4341 -0.7772
vn 0.6004 0.7652 -0.2326
vn 0.6004 0.7652 -0.2326
vn -0.3100 0.3206 0.8951
vn -0.3100 0.3206 0.8951
vn -0.3100 0.3206 0.8951
vn 0.1487 0.6557 0.7403
vn 0.1487 0.6557 0.7403
vn 0.6943 0.0939 -0.7135
vn 0.6943 0.0939 -0.7135
vn 0.8781 0.1407 0.4572
vn 0.7476 -0.3378 -0.5718
vn -0.6154 -0.0479 0.7868
vn -0.6154 -0.0479 0.7868
vn 0.6876 0.3599 -0.6306
vn 0.6876 0.3599 -0.6306
vn 0.5800 -0.3598 0.7308
vn 0.5800 -0.3598 0.7308
vn 0.5340 -0.0165 0.8453
vn 0.5340 -0.0165 0.8453
vn 0.6584 0.3877 0.6452
vn 0.6584 0.3877 0.6452
vn -0.2336 0.1282 0.9638
vn -0.2336 0.1282 0.9638
vn -0.2336 0.1282 0.9638
vn 0.6306 -0.2243 -0.7430
vn 0.6306 -0.2243 -0.7430
vn 0.8582 -0.3647 -0.3612
vn -0.8088 -0.5867 0.0398
vn -0.6601 -0.1777 0.7299
vn -0.6601 -0.1777 0.7299
vn -0.6131 -0.0931 0.7845
vn 0.5415 -0.6281 -0.5588
vn 0.5415 -0.6281 -0.5588
vn -0.0701 0.6183 0.7828
vn -0.0701 0.6183 0.7828
vn -0.0701 0.6183 0.7828
vn -0.0701 0.6183 0.7828
vn 0.5368 0.6782 0.5019
vn 0.7613 -0.2016 -0.6163
vn 0.7613 -0.2016 -0.6163
vn 0.7613 -0.2016 -0.6163
vn 0.6591 -0.3291 0.6762
vn 0.6591 -0.3291 0.6762
vn 0.2892 0.6825 0.6713
vn 0.2892 0.6825 0.6713
vn 0.0951 -0.9335 0.3458
vn -0.3448 -0.8773 0.3338
vn -0.3448 -0.8773 0.3338
vn -0.3448 -0.8773 0.3338
vn -0.0940 0.4459 0.8901
vn 0.4231 -0.7076 0.5659
vn 0.4231 -0.7076 0.5659
vn 0.6680 0.0118 -0.7441
vn -0.9011 -0.4317 -0.0410
vn -0.9011 -0.4317 -0.0410
vn 0.7729 0.4935 0.3988
vn 0.5335 0.8446 -0.0460
vn 0.5335 0.8446 -0.0460
vn -0.0669 -0.9591 -0.2750
vn -0.0669 -0.9591 -0.2750
vn -0.0669 -0.9591 -0.2750
vn 0.6626 -0.1600 -0.7317
vn 0.6626 -0.1600 -0.7317
vn 0.6626 -0.1600 -0.7317
vn -0.7002 -0.6036 0.3813
vn -0.7002 -0.6036 0.3813
vn 0.8522 -0.4889 -0.1864
vn 0.8522 -0.4889 -0.1864
vn 0.6730 -0.7125 0.1984
vn 0.6730 -0.7125 0.1984
vn 0.4859 0.5370 0.6896
vn 0.4859 0.5370 0.6896
vn 0.3913 0.8283 0.4010
vn 0.3913 0.8283 0.4010
vn 0.8284 -0.0491 0.5579
vn 0.6760 0.4953 -0.5456
vn 0.6760 0.4953 -0.5456
vn 0.7366 0.3414 0.5838
vn 0.1102 0.1037 0.9885
vn 0.1102 0.1037 0.9885
vn 0.1102 0.1037 0.9885
vn 0.1102 0.1037 0.9885
vn 0.1102 0.1037 0.9885
vn 0.8102 -0.0745 -0.5814
vn 0.7612 -0.2145 -0.6120
vn 0.5123 -0.4078 0.7558
vn 0.5123 -0.4078 0.7558
vn 0.9005 -0.1769 0.3971
vn 0.7774 -0.1575 -0.6090
vn 0.7774 -0.1575 -0.6090
vn -0.5830 0.8125 0.0044
vn -0.5830 0.8125 0.0044
vn -0.5830 0.8125 0.0044
vn 0.4691 -0.5764 0.6691
vn 0.4691 -0.5764 0.6691
vn 0.5018 -0.2920 0.8142
vn 0.6796 -0.1445 -0.7192
vn 0.6796 -0.1445 -0.7192
vn 0.6337 0.0802 -0.7694
vn 0.6337 0.0802 -0.7694
vn 0.6337 0.0802 -0.7694
vn 0.6337 0.0802 -0.7694
vn 0.6337 0.0802 -0.7694
vn 0.6337 0.0802 -0.7694
vn 0.9260 -0.0975 -0.3648
vn 0.9260 -0.0975 -0.3648
vn 0.0000 0.0000 0.0000
vn 0.0000 0.0000 0.0000
vn -0.6783 -0.2406 0.6943
vn -0.6783 -0.2406 0.6943
vn 0.5936 -0.6125 -0.5219
vn 0.5936 -0.6125 -0.5219
vn 0.6939 0.4687 0.5466
vn -0.2230 -0.6552 0.7218
vn -0.2230 -0.6552 0.7218
vn 0.8541 0.1982 0.4808
vn 0.8541 0.1982 0.4808
vn 0.3181 -0.1818 0.9305
vn 0.3181 -0.1818 0.9305
vn 0.6864 -0.0012 -0.7272
vn 0.6864 -0.0012 -0.7272
vn 0.0040 0.9631 0.2691
vn 0.0040 0.9631 0.2691
vn -0.5212 0.7411 0.4233
vn -0.5212 0.7411 0.4233
vn -0.5212 0.7411 0.4233
vn 0.8131 0.0327 -0.5812
vn 0.8131 0.0327 -0.5812
vn 0.4068 0.7890 -0.4604
vn 0.4068 0.7890 -0.4604
vn 0.3729 0.0900 0.9235
vn 0.3729 0.0900 0.9235
vn -0.6170 0.7192 0.3196
vn -0.7355 -0.4949 0.4628
vn -0.7355 -0.4949 0.4628
vn 0.8301 0.0526 -0.5552
vn 0.8301 0.0526 -0.5552
vn 0.8301 0.0526 -0.5552
vn 0.6514 0.0290 0.7582
vn 0.6514 0.0290 0.7582
vn 0.8477 0.2482 0.4688
vn 0.8107 0.5137 0.2810
vn 0.8794 0.4641 0.1063
vn 0.9311 0.3131 -0.1871
vn 0.5190 0.8187 -0.2456
vn -0.4401 -0.6726 -0.5949
vn -0.4401 -0.6726 -0.5949
vn -0.4401 -0.6726 -0.5949
vn 0.6926 0.5406 0.4776
vn 0.6926 0.5406 0.4776
vn 0.1835 0.3558 0.9164
vn 0.1835 0.3558 0.9164
vn 0.1835 0.3558 0.9164
vn -0.4812 0.7178 0.5032
vn -0.4812 0.7178 0.5032
vn -0.4812 0.7178 0.5032
vn 0.5053 -0.7176 -0.4792
vn 0.5053 -0.7176 -0.4792
vn 0.5053 -0.7176 -0.4792
vn 0.5053 -0.7176 -0.4792
vn -0.8317 0.3472 0.4332
vn -0.8317 0.3472 0.4332
vn -0.8317 0.3472 0.4332
vn -0.8316 -0.5069 -0.2268
vn -0.8316 -0.5069 -0.2268
vn 0.8258 0.5593 0.0730
vn 0.8258 0.5593 0.0730
vn -0.5416 -0.3689 0.7554
vn -0.5416 -0.3689 0.7554
vn -0.5416 -0.3689 0.7554
vn -0.2644 -0.6539 0.7089
vn -0.2644 -0.6539 0.7089
vn -0.8009 -0.3578 0.4802
vn -0.8009 -0.3578 0.4802
vn -0.8009 -0.3578 0.4802
vn 0.4002 -0.8044 -0.4390
vn 0.4002 -0.8044 -0.4390
vn 0.6148 0.7570 0.2213
vn 0.6924 0.7153 0.0943
vn 0.9052 0.1407 -0.4011
vn 0.9052 0.1407 -0.4011
vn 0.9052 0.1407 -0.4011
vn 0.9052 0.1407 -0.4011
vn 0.7168 0.0685 0.6939
vn -0.1005 -0.2506 0.9628
vn 0.8569 -0.0443 -0.5136
vn 0.1081 0.8879 0.4471
vn 0.1081 0.8879 0.4471
vn 0.4434 -0.7596 -0.4757
vn 0.4434 -0.7596 -0.4757
vn 0.4434 -0.7596 -0.4757
vn 0.8236 0.4172 0.3841
vn 0.8236 0.4172 0.3841
vn 0.8662 0.4872 -0.1114
vn 0.8662 0.4872 -0.1114
vn 0.1611 0.2523 0.9541
vn 0.1611 0.2523 0.9541
vn 0.8301 -0.3923 -0.3962
vn 0.8301 -0.3923 -0.3962
vn -0.5375 0.4085 0.7377
vn -0.5375 0.4085 0.7377
vn 0.1351 0.6265 0.7676
vn 0.1351 0.6265 0.7676
vn 0.3713 0.7856 0.4950
vn 0.3713 0.7856 0.4950
vn 0.3713 0.7856 0.4950
vn 0.3713 0.7856 0.4950
vn 0.3713 0.7856 0.4950
vn 0.9883 0.1129 0.1025
vn 0.9883 0.1129 0.1025
vn -0.4237 0.9057 0.0167
vn 0.6896 -0.6271 0.3621
vn 0.1506 -0.8074 -0.5705
vn 0.1506 -0.8074 -0.5705
vn 0.1506 -0.8074 -0.5705
vn 0.4537 -0.8659 0.2105
vn 0.4537 -0.8659 0.2105
vn -0.8899 -0.0504 0.4533
vn 0.7491 -0.6523 0.1153
vn 0.7491 -0.6523 0.1153
vn -0.5339 -0.7447 -0.4005
vn -0.5339 -0.7447 -0.4005
vn 0.7802 -0.0626 -0.6224
vn 0.7802 -0.0626 -0.6224
vn 0.1476 -0.5693 0.8088
vn 0.1476 -0.5693 0.8088
vn 0.8188 0.2122 -0.5335
vn 0.8188 0.2122 -0.5335
vn 0.9129 0.2153 0.3469
vn 0.3094 0.5086 0.8035
vn 0.3094 0.5086 0.8035
vn 0.9555 -0.0784 0.2844
vn 0.9555 -0.0784 0.2844
vn 0.5176 0.7263 0.4522
vn 0.9471 -0.2762 0.1637
vn 0.8520 0.4318 0.2962
vn 0.9026 0.2117 -0.3749
vn 0.9702 -0.1574 -0.1841
vn 0.9499 -0.2893 0.1184
vn 0.9019 0.3232 0.2867
vn 0.9427 0.1232 0.3099
vn -0.5214 -0.8193 0.2385
vn -0.5214 -0.8193 0.2385
vn 0.5846 0.5054 0.6346
vn 0.5846 0.5054 0.6346
vn 0.5846 0.5054 0.6346
vn -0.9154 -0.3394 -0.2164
vn 0.9223 0.1975 0.3322
vn 0.9152 0.2250 -0.3342
vn 0.8482 0.4129 0.3317
vn 0.8482 0.4129 0.3317
vn -0.5353 -0.7155 0.4489
vn -0.5353 -0.7155 0.4489
vn -0.5353 -0.7155 0.4489
vn 0.9006 -0.2243 -0.3723
vn 0.9006 -0.2243 -0.3723
vn 0.4090 0.0090 -0.9125
vn 0.4090 0.0090 -0.9125
vn 0.4090 0.0090 -0.9125
vn 0.7072 -0.1227 -0.6963
vn 0.7072 -0.1227 -0.6963
vn 0.4397 0.6580 0.6114
vn 0.4397 0.6580 0.6114
vn 0.4397 0.6580 0.6114
vn 0.4397 0.6580 0.6114
vn 0.9415 -0.0039 0.3369
vn -0.6772 0.7356 0.0154
vn -0.6772 0.7356 0.0154
vn -0.1209 -0.9896 -0.0776
vn 0.7177 -0.0942 -0.6899
vn 0.7177 -0.0942 -0.6899
vn 0.7177 -0.0942 -0.6899
vn 0.7177 -0.0942 -0.6899
vn 0.7615 0.1028 -0.6399
vn 0.7615 0.1028 -0.6399
vn 0.1782 -0.9590 -0.2206
vn 0.1782 -0.9590 -0.2206
vn 0.1782 -0.9590 -0.2206
vn -0.1424 0.9882 0.0568
vn -0.1424 0.9882 0.0568
vn -0.1424 0.9882 0.0568
vn -0.1424 0.9882 0.0568
vn 0.8760 -0.0369 -0.4809
vn 0.8760 -0.0369 -0.4809
vn 0.8760 -0.0369 -0.4809
vn 0.8146 -0.0604 0.5769
vn 0.8146 -0.0604 0.5769
vn 0.8146 -0.0604 0.5769
vn 0.8146 -0.0604 0.5769
vn -0.8630 -0.4457 0.2380
vn -0.8630 -0.4457 0.2380
vn -0.8630 -0.4457 0.2380
vn -0.8630 -0.4457 0.2380
vn -0.8630 -0.4457 0.2380
vn -0.8630 -0.4457 0.2380
vn 0.8380 0.1800 0.5152
vn 0.8858 0.4255 -0.1853
vn 0.9059 0.3796 -0.1875
vn 0.9598 0.2760 0.0503
vn 0.0974 -0.9225 -0.3734
vn 0.0974 -0.9225 -0.3734
vn 0.0974 -0.9225 -0.3734
vn 0.9227 0.3845 -0.0284
vn 0.7336 0.3918 -0.5553
vn 0.7336 0.3918 -0.5553
vn -0.2169 -0.1015 0.9709
vn -0.2169 -0.1015 0.9709
vn -0.5203 0.2488 0.8169
vn 0.8020 -0.4863 -0.3469
vn 0.2533 0.9149 0.3142
vn 0.2533 0.9149 0.3142
vn 0.0444 -0.9987 -0.0240
vn 0.0444 -0.9987 -0.0240
vn 0.7420 -0.6668 0.0691
vn 0.7420 -0.6668 0.0691
vn 0.8735 -0.2089 0.4398
vn 0.8735 -0.2089 0.4398
vn -0.7134 -0.5946 0.3709
vn -0.7134 -0.5946 0.3709
vn -0.4127 -0.6373 0.6508
vn -0.4127 -0.6373 0.6508
vn -0.9866 -0.1603 -0.0289
vn -0.9866 -0.1603 -0.0289
vn -0.7192 0.0550 -0.6926
vn -0.7192 0.0550 -0.6926
vn -0.7192 0.0550 -0.6926
vn -0.9753 0.0721 -0.2088
vn -0.9753 0.0721 -0.2088
vn -0.6919 0.4911 -0.5293
vn -0.6919 0.4911 -0.5293
vn -0.6919 0.4911 -0.5293
vn 0.6259 0.0645 -0.7772
vn -0.1054 -0.8561 -0.5059
vn -0.1054 -0.8561 -0.5059
vn 0.7561 0.2491 -0.6051
vn 0.7561 0.2491 -0.6051
vn 0.8440 -0.4754 -0.2483
vn 0.8440 -0.4754 -0.2483
vn 0.0201 0.4074 -0.9130
vn 0.0201 0.4074 -0.9130
vn 0.2143 0.0983 -0.9718
vn 0.2143 0.0983 -0.9718
vn 0.1673 0.5060 -0.8461
vn 0.1673 0.5060 -0.8461
vn 0.1673 0.5060 -0.8461
vn -0.4519 -0.5516 0.7011
vn -0.4519 -0.5516 0.7011
vn -0.4519 -0.5516 0.7011
vn 0.9582 -0.2844 -0.0315
vn 0.9334 0.1685 0.3167
vn 0.8194 -0.4242 -0.3855
vn 0.6490 -0.7417 0.1695
vn 0.6490 -0.7417 0.1695
vn 0.8379 -0.5374 0.0957
vn -0.6292 0.6252 0.4618
vn -0.6292 0.6252 0.4618
vn -0.6031 0.7149 0.3539
vn -0.6031 0.7149 0.3539
vn 0.7536 0.1833 -0.6313
vn 0.7536 0.1833 -0.6313
vn 0.8153 0.3530 -0.4590
vn 0.8153 0.3530 -0.4590
vn 0.7609 -0.3122 -0.5688
vn 0.7609 -0.3122 -0.5688
vn 0.7609 -0.3122 -0.5688
vn 0.7609 -0.3122 -0.5688
vn -0.2659 0.7733 0.5755
vn 0.5175 -0.7366 -0.4354
vn 0.5175 -0.7366 -0.4354
vn 0.9775 -0.0277 -0.2089
vn 0.9775 -0.0277 -0.2089
vn 0.7352 -0.4035 -0.5446
vn 0.7352 -0.4035 -0.5446
vn 0.7669 0.0124 0.6416
vn 0.7669 0.0124 0.6416
vn 0.8840 0.4112 0.2223
vn 0.8539 0.3983 0.3350
vn 0.8539 0.3983 0.3350
vn 0.9375 0.3463 0.0329
vn -0.7298 -0.4367 -0.5260
vn -0.7298 -0.4367 -0.5260
vn 0.6409 -0.5251 -0.5599
vn 0.7398 -0.1122 -0.6634
vn 0.7398 -0.1122 -0.6634
vn -0.6984 -0.0560 0.7135
vn 0.7015 0.6952 0.1564
vn 0.7015 0.6952 0.1564
vn 0.1959 0.4703 0.8605
vn 0.1959 0.4703 0.8605
vn 0.1959 0.4703 0.8605
vn -0.2038 0.3590 -0.9108
vn -0.1603 0.1544 -0.9749
vn -0.0257 0.9277 0.3725
vn -0.0257 0.9277 0.3725
vn -0.0257 0.9277 0.3725
vn -0.1459 0.9735 -0.1763
vn -0.1459 0.9735 -0.1763
vn -0.6224 0.7458 -0.2374
vn 0.5818 0.6529 0.4850
vn 0.5818 0.6529 0.4850
vn 0.5818 0.6529 0.4850
vn 0.4428 0.8549 0.2703
vn 0.2539 -0.8535 0.4551
vn 0.2539 -0.8535 0.4551
vn 0.6726 0.2350 -0.7017
vn 0.6726 0.2350 -0.7017
vn 0.6726 0.2350 -0.7017
vn 0.8868 -0.2274 -0.4022
vn 0.8868 -0.2274 -0.4022
vn 0.3826 -0.1610 -0.9098
vn 0.3826 -0.1610 -0.9098
vn -0.5944 -0.2366 -0.7686
vn -0.5944 -0.2366 -0.7686
vn 0.8955 0.0362 0.4437
vn 0.8955 0.0362 0.4437
vn 0.8955 0.0362 0.4437
vn 0.8955 0.0362 0.4437
vn 0.9274 -0.1877 0.3236
vn 0.9274 -0.1877 0.3236
vn -0.9305 -0.3644 -0.0372
vn -0.9305 -0.3644 -0.0372
vn -0.9305 -0.3644 -0.0372
vn -0.9305 -0.3644 -0.0372
vn 0.9281 0.1522 0.3398
vn 0.9433 0.0611 -0.3264
vn 0.0000 0.0000 -0.0000
vn 0.0000 0.0000 -0.0000
vn 0.9524 0.2903 -0.0928
vn -0.2583 -0.2027 -0.9446
vn -0.2583 -0.2027 -0.9446
vn 0.7563 -0.3278 -0.5661
vn 0.7563 -0.3278 -0.5661
vn 0.8497 -0.4354 -0.2973
vn 0.8497 -0.4354 -0.2973
vn 0.8497 -0.4354 -0.2973
vn 0.8396 0.3219 0.4375
vn 0.8396 0.3219 0.4375
vn -0.2986 0.6376 0.7102
vn -0.2986 0.6376 0.7102
vn 0.7688 0.6313 0.1022
vn 0.7688 0.6313 0.1022
vn 0.7453 -0.2554 -0.6159
vn 0.7453 -0.2554 -0.6159
vn -0.8548 -0.5187 0.0152
vn -0.8548 -0.5187 0.0152
vn -0.8548 -0.5187 0.0152
vn -0.7882 -0.5518 0.2726
vn -0.7882 -0.5518 0.2726
vn 0.7235 0.6520 -0.2267
vn -0.1539 0.4674 0.8705
vn -0.1539 0.4674 0.8705
vn 0.6172 -0.0054 -0.7868
vn 0.6172 -0.0054 -0.7868
vn 0.9454 0.3252 0.0223
vn 0.3548 -0.3464 0.8684
vn 0.3548 -0.3464 0.8684
vn 0.3548 -0.3464 0.8684
vn -0.7454 -0.1785 0.6423
vn -0.7454 -0.1785 0.6423
vn 0.6657 -0.0036 -0.7462
vn 0.6657 -0.0036 -0.7462
vn -0.8785 -0.4479 0.1661
vn -0.8785 -0.4479 0.1661
vn 0.0000 0.0000 0.0000
vn 0.0000 0.0000 0.0000
vn -0.2241 -0.9287 0.2955
vn -0.2241 -0.9287 0.2955
vn 0.2280 0.6283 -0.7438
vn 0.2280 0.6283 -0.7438
vn 0.5604 -0.7924 0.2410
vn 0.5604 -0.7924 0.2410
vn 0.0681 -0.5225 0.8499
vn 0.0681 -0.5225 0.8499
vn 0.5946 -0.6668 -0.4493
vn 0.5946 -0.6668 -0.4493
vn 0.5634 -0.6722 -0.4803
vn 0.5634 -0.6722 -0.4803
vn 0.9230 0.0888 0.3744
vn 0.9230 0.0888 0.3744
vn 0.7275 -0.5225 0.4446
vn 0.7275 -0.5225 0.4446
vn 0.7151 -0.5149 0.4727
vn 0.7151 -0.5149 0.4727
vn 0.9469 0.1379 -0.2904
vn 0.8830 0.2718 0.3826
vn -0.7933 -0.6085 -0.0192
vn -0.7933 -0.6085 -0.0192
vn -0.2226 -0.5504 0.8046
vn -0.2226 -0.5504 0.8046
vn 0.8693 -0.1055 -0.4829
vn 0.8693 -0.1055 -0.4829
vn -0.6556 0.0555 -0.7531
vn 0.4315 0.4199 -0.7984
vn 0.4315 0.4199 -0.7984
vn 0.4315 0.4199 -0.7984
vn 0.2479 0.9639 0.0967
vn 0.2479 0.9639 0.0967
vn -0.4185 -0.5077 0.7530
vn -0.4185 -0.5077 0.7530
vn -0.4185 -0.5077 0.7530
vn 0.7509 0.1138 -0.6505
vn 0.7467 -0.6457 0.1596
vn 0.3128 -0.8932 -0.3230
vn 0.6285 0.3751 -0.6814
vn 0.5047 -0.8313 -0.2328
vn 0.5047 -0.8313 -0.2328
vn -0.4220 0.7648 0.4869
vn -0.4220 0.7648 0.4869
vn -0.4220 0.7648 0.4869
vn 0.8787 -0.2783 -0.3878
vn 0.7212 -0.3326 0.6077
vn 0.7212 -0.3326 0.6077
vn 0.7212 -0.3326 0.6077
vn 0.7212 -0.3326 0.6077
vn -0.9031 -0.4294 0.0012
vn -0.8713 -0.4396 0.2180
vn -0.8713 -0.4396 0.2180
vn -0.9208 -0.3897 0.0164
vn -0.8367 -0.5227 0.1634
vn -0.8367 -0.5227 0.1634
vn 0.9764 0.0966 -0.1934
vn 0.9372 0.0523 0.3449
vn 0.9752 0.1944 0.1056
vn 0.8651 0.4485 0.2248
vn -0.9268 -0.3352 -0.1693
vn -0.9268 -0.3352 -0.1693
vn -0.6995 -0.7044 0.1205
vn -0.6995 -0.7044 0.1205
vn -0.8969 0.3622 0.2537
vn 0.0170 0.1719 -0.9850
vn 0.7152 0.3796 0.5868
vn 0.7152 0.3796 0.5868
vn 0.9428 -0.2965 0.1527
vn 0.9428 -0.2965 0.1527
vn 0.9126 -0.0070 0.4089
vn 0.2228 -0.1493 -0.9634
vn 0.2228 -0.1493 -0.9634
vn 0.2228 -0.1493 -0.9634
vn 0.2228 -0.1493 -0.9634
vn 0.2228 -0.1493 -0.9634
vn 0.5490 0.1598 -0.8204
vn 0.5490 0.1598 -0.8204
vn 0.5490 0.1598 -0.8204
vn 0.5182 -0.6430 0.5639
vn 0.5182 -0.6430 0.5639
vn 0.7642 -0.5922 0.2555
vn 0.7642 -0.5922 0.2555
vn 0.8999 0.1042 -0.4234
vn 0.3652 0.5792 0.7288
vn 0.3652 0.5792 0.7288
vn 0.3652 0.5792 0.7288
vn 0.3652 0.5792 0.7288
vn -0.6950 0.7185 -0.0268
vn -0.6950 0.7185 -0.0268
vn -0.5979 -0.0842 -0.7971
vn -0.5979 -0.0842 -0.7971
vn -0.6153 -0.4350 -0.6574
vn 0.0275 0.2650 0.9639
vn -0.3689 0.2754 -0.8877
vn -0.0319 -0.5004 0.8652
vn 0.7561 -0.6002 -0.2609
vn 0.7561 -0.6002 -0.2609
vn 0.7335 0.2024 -0.6488
vn 0.7505 0.6285 -0.2045
vn 0.7505 0.6285 -0.2045
vn 0.8285 -0.1662 0.5347
vn 0.8285 -0.1662 0.5347
vn 0.7845 -0.6188 0.0404
vn 0.7845 -0.6188 0.0404
vn 0.7845 -0.6188 0.0404
vn 0.7845 -0.6188 0.0404
vn 0.9067 -0.1281 -0.4019
vn -0.3656 0.5297 0.7653
vn -0.3656 0.5297 0.7653
vn 0.9391 0.1863 0.2886
vn 0.9391 0.1863 0.2886
vn 0.9756 0.1396 0.1694
vn 0.9756 0.1396 0.1694
vn 0.1963 -0.7606 0.6188
vn 0.1963 -0.7606 0.6188
vn 0.1963 -0.7606 0.6188
vn 0.1963 -0.7606 0.6188
vn -0.9915 0.1143 0.0614
vn -0.5648 0.7520 0.3398
vn -0.5648 0.7520 0.3398
vn -0.3578 -0.7774 0.5173
vn -0.3578 -0.7774 0.5173
vn -0.3196 -0.7181 0.6182
vn -0.3552 -0.2805 0.8917
vn 0.0279 0.5260 -0.8500
vn 0.0279 0.5260 -0.8500
vn 0.9920 -0.1244 -0.0194
vn 0.9920 -0.1244 -0.0194
vn 0.9921 0.0868 -0.0909
vn 0.8952 0.3933 0.2094
vn 0.8759 0.4557 0.1583
vn 0.8759 0.4557 0.1583
vn 0.8759 0.4557 0.1583
vn 0.1446 -0.7759 0.6141
vn 0.1446 -0.7759 0.6141
vn 0.8853 -0.1358 -0.4448
vn 0.8853 -0.1358 -0.4448
vn 0.2830 0.8627 -0.4192
vn 0.4075 -0.6487 0.6428
vn 0.4075 -0.6487 0.6428
vn 0.0982 0.9863 -0.1324
vn 0.6337 0.5647 -0.5287
vn 0.6337 0.5647 -0.5287
vn 0.7539 -0.1304 -0.6440
vn 0.7539 -0.1304 -0.6440
vn -0.0420 -0.9975 -0.0564
vn -0.9813 0.0812 0.1747
vn -0.9813 0.0812 0.1747
vn -0.9206 0.3223 -0.2205
vn -0.9206 0.3223 -0.2205
vn -0.9206 0.3223 -0.2205
vn -0.9336 -0.3541 -0.0546
vn -0.9336 -0.3541 -0.0546
vn -0.9336 -0.3541 -0.0546
vn -0.6444 0.6335 -0.4283
vn -0.6444 0.6335 -0.4283
vn -0.6444 0.6335 -0.4283
vn 0.2347 0.9596 0.1552
vn 0.7591 0.5373 -0.3674
vn 0.1385 -0.9487 0.2842
vn 0.1385 -0.9487 0.2842
vn 0.1385 -0.9487 0.2842
vn 0.9750 -0.1082 -0.1943
vn 0.9750 -0.1082 -0.1943
vn 0.9262 0.3034 -0.2238
vn 0.8108 0.2586 0.5251
vn 0.8108 0.2586 0.5251
vn 0.9221 0.0619 0.3820
vn 0.9221 0.0619 0.3820
vn 0.4860 0.0128 0.8739
vn 0.4860 0.0128 0.8739
vn 0.2347 0.1977 -0.9518
vn 0.2347 0.1977 -0.9518
vn 0.3291 0.7319 0.5967
vn 0.3291 0.7319 0.5967
vn 0.3291 0.7319 0.5967
vn 0.9492 -0.3138 -0.0256
vn 0.9975 0.0650 -0.0276
vn -0.2071 0.9701 -0.1267
vn -0.2071 0.9701 -0.1267
vn 0.9835 0.1017 0.1494
vn -0.7937 -0.5566 -0.2454
vn -0.7937 -0.5566 -0.2454
vn -0.2460 -0.9691 -0.0207
vn -0.2460 -0.9691 -0.0207
vn -0.9946 -0.0386 -0.0960
vn -0.6314 -0.2653 0.7287
vn 0.4980 -0.8654 -0.0566
vn 0.4980 -0.8654 -0.0566
vn -0.4925 -0.0272 -0.8699
vn -0.0098 0.6492 -0.7605
vn 0.2267 0.6739 -0.7032
vn 0.2267 0.6739 -0.7032
vn 0.3230 0.3924 0.8612
vn 0.1575 0.3807 0.9112
vn 0.2945 -0.6939 0.6571
vn 0.2945 -0.6939 0.6571
vn 0.2945 -0.6939 0.6571
vn -0.3217 -0.6536 -0.6851
vn -0.3217 -0.6536 -0.6851
vn -0.3217 -0.6536 -0.6851
vn -0.4383 -0.6665 0.6031
vn -0.4383 -0.6665 0.6031
vn -0.4383 -0.6665 0.6031
vn -0.5104 -0.0635 0.8576
vn -0.5104 -0.0635 0.8576
vn 0.8329 0.5471 -0.0838
vn 0.8329 0.5471 -0.0838
vn 0.8821 -0.4710 -0.0051
vn 0.8821 -0.4710 -0.0051
vn -0.1072 0.5836 0.8049
vn -0.1072 0.5836 0.8049
vn 0.8523 -0.2137 -0.4775
vn 0.8523 -0.2137 -0.4775
vn 0.8523 -0.2137 -0.4775
vn 0.8523 -0.2137 -0.4775
vn -0.9027 -0.3822 0.1978
vn 0.9380 -0.3028 -0.1686
vn 0.9778 0.1240 0.1687
vn 0.8185 0.2533 -0.5157
vn 0.8185 0.2533 -0.5157
vn 0.8185 0.2533 -0.5157
vn 0.0000 0.0000 0.0000
vn 0.0000 0.0000 0.0000
vn 0.0000 0.0000 0.0000
vn 0.0000 0.0000 0.0000
vn 0.0000 0.0000 0.0000
vn 0.0000 0.0000 0.0000
vn 0.0000 0.0000 0.0000
vn 0.0000 0.0000 0.0000
vn -0.8708 -0.3748 -0.3182
vn -0.8708 -0.3748 -0.3182
vn -0.8708 -0.3748 -0.3182
vn -0.2853 -0.9568 -0.0567
vn -0.2853 -0.9568 -0.0567
vn -0.9955 0.0037 0.0948
vn -0.9955 0.0037 0.0948
vn -0.2778 -0.5548 0.7842
vn 0.2557 -0.8616 0.4385
vn 0.2557 -0.8616 0.4385
vn -0.0186 0.5242 -0.8514
vn 0.7727 -0.3162 0.5504
vn 0.7727 -0.3162 0.5504
vn 0.7727 -0.3162 0.5504
vn 0.7727 -0.3162 0.5504
vn -0.6373 0.0585 0.7684
vn -0.6373 0.0585 0.7684
vn 0.9497 -0.2968 -0.1002
vn 0.9476 0.1783 -0.2650
vn 0.7527 0.6420 -0.1459
vn 0.7527 0.6420 -0.1459
vn 0.7527 0.6420 -0.1459
vn -0.2023 -0.4224 0.8835
vn -0.2023 -0.4224 0.8835
vn -0.7201 -0.1629 0.6745
vn -0.7201 -0.1629 0.6745
vn 0.9311 0.3639 0.0263
vn 0.9270 -0.3535 0.1251
vn 0.9270 -0.3535 0.1251
vn 0.9270 -0.3535 0.1251
vn 0.9530 0.2646 0.1472
vn 0.9530 0.2646 0.1472
vn 0.0000 0.0000 0.0000
vn 0.0000 0.0000 0.0000
vn -0.9822 0.0729 -0.1728
vn 0.5554 -0.7538 0.3511
vn 0.5554 -0.7538 0.3511
vn 0.2847 -0.8351 -0.4708
vn 0.2847 -0.8351 -0.4708
vn 0.2847 -0.8351 -0.4708
vn 0.2549 -0.3021 -0.9186
vn 0.2549 -0.3021 -0.9186
vn 0.3701 0.6062 -0.7040
vn 0.7282 0.2793 0.6259
vn 0.7282 0.2793 0.6259
vn 0.7626 0.2929 -0.5768
vn 0.7626 0.2929 -0.5768
vn 0.6598 -0.5799 0.4779
vn 0.6598 -0.5799 0.4779
vn 0.6598 -0.5799 0.4779
vn 0.6598 -0.5799 0.4779
vn 0.6598 -0.5799 0.4779
vn 0.6598 -0.5799 0.4779
vn 0.6598 -0.5799 0.4779
vn 0.6598 -0.5799 0.4779
vn -0.4195 -0.8911 -0.1728
vn -0.4195 -0.8911 -0.1728
vn 0.0744 -0.4972 0.8644
vn 0.0744 -0.4972 0.8644
vn 0.3733 0.8794 -0.2955
vn 0.3733 0.8794 -0.2955
vn 0.9565 0.0752 -0.2817
vn 0.1774 0.9452 -0.2743
vn 0.1774 0.9452 -0.2743
vn -0.4315 -0.5910 0.6816
vn -0.4315 -0.5910 0.6816
vn 0.1822 0.2604 0.9481
vn 0.1822 0.2604 0.9481
vn -0.1980 0.8785 0.4347
vn -0.3901 0.6158 -0.6846
vn -0.3901 0.6158 -0.6846
vn -0.3712 -0.4259 0.8251
vn 0.8502 0.5047 0.1495
vn 0.4831 0.7594 -0.4357
vn 0.9438 -0.2897 0.1592
vn 0.9438 -0.2897 0.1592
vn 0.9438 -0.2897 0.1592
vn 0.9438 -0.2897 0.1592
vn 0.7059 -0.6275 -0.3285
vn 0.7059 -0.6275 -0.3285
vn -0.2748 -0.9608 0.0357
vn -0.2748 -0.9608 0.0357
vn -0.5566 -0.7762 -0.2962
vn -0.6288 -0.4534 0.6317
vn -0.6288 -0.4534 0.6317
vn -0.5198 0.4889 0.7006
vn -0.5198 0.4889 0.7006
vn -0.5198 0.4889 0.7006
vn 0.4510 0.8835 -0.1263
vn 0.7474 0.6637 0.0307
vn 0.7474 0.6637 0.0307
vn 0.7474 0.6637 0.0307
vn 0.3495 -0.0336 0.9363
vn 0.9639 0.1482 0.2213
vn 0.9639 0.1482 0.2213
vn 0.7158 -0.6129 0.3347
vn 0.7158 -0.6129 0.3347
vn 0.7158 -0.6129 0.3347
vn -0.3305 0.9335 -0.1389
vn 0.1152 -0.9904 0.0761
vn 0.1152 -0.9904 0.0761
vn -0.1101 0.3971 -0.9111
vn -0.1101 0.3971 -0.9111
vn 0.0119 0.8479 0.5301
vn 0.0119 0.8479 0.5301
vn 0.0119 0.8479 0.5301
vn -0.3684 0.4730 -0.8004
vn -0.3684 0.4730 -0.8004
vn 0.1282 0.2024 -0.9709
vn -0.8801 -0.4716 -0.0557
vn -0.8801 -0.4716 -0.0557
vn 0.7543 0.4216 0.5032
vn 0.7543 0.4216 0.5032
vn -0.8518 -0.4188 0.3149
vn -0.8518 -0.4188 0.3149
vn -0.8518 -0.4188 0.3149
vn -0.7514 -0.4673 -0.4659
vn -0.7514 -0.4673 -0.4659
vn -0.8082 0.4465 0.3841
vn -0.8082 0.4465 0.3841
vn -0.8082 0.4465 0.3841
vn 0.6130 0.7572 -0.2257
vn 0.6130 0.7572 -0.2257
vn 0.5965 -0.1426 -0.7898
vn 0.5965 -0.1426 -0.7898
vn 0.5965 -0.1426 -0.7898
vn 0.5965 -0.1426 -0.7898
vn 0.5965 -0.1426 -0.7898
vn 0.5965 -0.1426 -0.7898
vn 0.5965 -0.1426 -0.7898
vn 0.8373 -0.1477 -0.5264
vn 0.6789 0.1032 -0.7269
vn 0.6789 0.1032 -0.7269
vn -0.7818 0.1181 0.6123
vn -0.7818 0.1181 0.6123
vn -0.7818 0.1181 0.6123
vn -0.3744 0.4385 0.8171
vn -0.3744 0.4385 0.8171
vn 0.0000 0.0000 0.0000
vn 0.0000 0.0000 0.0000
vn 0.3347 -0.1055 0.9364
vn 0.3347 -0.1055 0.9364
vn 0.3347 -0.1055 0.9364
vn 0.9509 -0.2218 -0.2158
vn 0.9509 -0.2218 -0.2158
vn 0.5762 -0.8133 0.0812
vn -0.1250 0.1315 0.9834
vn -0.1250 0.1315 0.9834
vn -0.1250 0.1315 0.9834
vn 0.6929 0.0072 0.7210
vn 0.6929 0.0072 0.7210
vn 0.6929 0.0072 0.7210
vn 0.4578 0.8164 -0.3521
vn 0.4578 0.8164 -0.3521
vn 0.0130 -0.8827 -0.4697
vn 0.0130 -0.8827 -0.4697
vn 0.0130 -0.8827 -0.4697
vn 0.3197 -0.0993 0.9423
vn 0.3197 -0.0993 0.9423
vn 0.3197 -0.0993 0.9423
vn 0.3197 -0.0993 0.9423
vn 0.3197 -0.0993 0.9423
vn 0.4702 0.5069 0.7225
vn 0.4702 0.5069 0.7225
vn 0.8563 0.3947 0.3332
vn 0.8563 0.3947 0.3332
vn 0.3116 0.5836 0.7498
vn 0.7301 0.6607 0.1746
vn 0.7301 0.6607 0.1746
vn 0.8331 -0.3391 -0.4369
vn 0.8331 -0.3391 -0.4369
vn 0.0433 0.9526 -0.3013
vn 0.0433 0.9526 -0.3013
vn 0.0433 0.9526 -0.3013
vn 0.0433 0.9526 -0.3013
vn -0.9955 -0.0609 -0.0726
vn -0.9955 -0.0609 -0.0726
vn -0.9955 -0.0609 -0.0726
vn 0.0490 -0.4043 0.9133
vn 0.0490 -0.4043 0.9133
vn 0.0490 -0.4043 0.9133
vn 0.0490 -0.4043 0.9133
vn 0.9371 0.3489 -0.0073
vn 0.9371 0.3489 -0.0073
vn 0.9371 0.3489 -0.0073
vn 0.9371 0.3489 -0.0073
vn 0.9371 0.3489 -0.0073
vn 0.9371 0.3489 -0.0073
vn 0.8019 -0.4243 -0.4207
vn 0.8019 -0.4243 -0.4207
vn 0.9177 -0.1094 -0.3819
vn 0.8839 0.1654 -0.4375
vn -0.1709 0.9135 0.3692
vn -0.1709 0.9135 0.3692
vn -0.2145 0.9210 -0.3251
vn -0.2145 0.9210 -0.3251
vn -0.3128 -0.4555 0.8335
vn -0.3617 -0.3389 0.8685
vn 0.9224 0.2634 -0.2824
vn 0.9224 0.2634 -0.2824
vn 0.9224 0.2634 -0.2824
vn -0.4264 0.6350 -0.6442
vn -0.4264 0.6350 -0.6442
vn -0.7568 0.1059 -0.6450
vn -0.7568 0.1059 -0.6450
vn -0.7200 -0.5724 -0.3923
vn -0.7200 -0.5724 -0.3923
vn -0.8479 0.0080 0.5301
vn 0.2071 -0.8833 -0.4207
vn 0.2071 -0.8833 -0.4207
vn 0.2071 -0.8833 -0.4207
vn -0.3899 -0.7820 0.4862
vn -0.3899 -0.7820 0.4862
vn -0.4090 0.6657 -0.6241
vn -0.4090 0.6657 -0.6241
vn -0.2478 0.7460 -0.6181
vn -0.2478 0.7460 -0.6181
vn -0.9048 0.2546 0.3412
vn -0.9048 0.2546 0.3412
vn 0.6601 0.1466 0.7368
vn 0.6601 0.1466 0.7368
vn 0.6601 0.1466 0.7368
vn 0.5576 0.6583 -0.5058
vn 0.5576 0.6583 -0.5058
vn 0.6249 0.6724 0.3967
vn 0.6249 0.6724 0.3967
vn 0.6249 0.6724 0.3967
vn 0.6249 0.6724 0.3967
vn 0.6249 0.6724 0.3967
vn 0.4881 0.8692 -0.0797
vn 0.4881 0.8692 -0.0797
vn 0.4881 0.8692 -0.0797
vn 0.4881 0.8692 -0.0797
vn 0.4881 0.8692 -0.0797
vn 0.4881 0.8692 -0.0797
vn 0.5581 0.7768 0.2919
vn 0.5581 0.7768 0.2919
vn 0.4765 0.7624 -0.4378
vn 0.4765 0.7624 -0.4378
vn 0.1059 0.9905 0.0877
vn 0.1059 0.9905 0.0877
vn 0.1059 0.9905 0.0877
vn -0.4863 -0.5762 0.6569
vn -0.4863 -0.5762 0.6569
vn 0.9311 0.3502 -0.1017
vn 0.9311 0.3502 -0.1017
vn -0.4008 0.8892 -0.2207
vn -0.1111 0.9231 0.3681
vn -0.1111 0.9231 0.3681
vn -0.1111 0.9231 0.3681
vn 0.1212 -0.1660 0.9786
vn 0.1212 -0.1660 0.9786
vn 0.6058 -0.4022 -0.6864
vn 0.6058 -0.4022 -0.6864
vn -0.2855 -0.2239 -0.9319
vn 0.5317 -0.6689 0.5195
vn 0.5317 -0.6689 0.5195
vn 0.5317 -0.6689 0.5195
vn -0.6939 -0.5575 -0.4558
vn -0.6939 -0.5575 -0.4558
vn -0.2492 -0.3887 -0.8870
vn -0.6834 0.7202 0.1191
vn -0.6834 0.7202 0.1191
vn 0.2326 -0.3804 0.8951
vn 0.2326 -0.3804 0.8951
vn -0.3531 0.3497 -0.8678
vn -0.3531 0.3497 -0.8678
vn -0.3531 0.3497 -0.8678
vn 0.4880 -0.0359 0.8721
vn 0.4880 -0.0359 0.8721
vn 0.4880 -0.0359 0.8721
vn 0.4880 -0.0359 0.8721
vn 0.5442 0.4066 -0.7338
vn 0.5442 0.4066 -0.7338
vn 0.6943 0.3099 -0.6496
vn 0.6943 0.3099 -0.6496
vn 0.2532 0.2689 -0.9293
vn 0.4815 -0.3601 0.7991
vn 0.4815 -0.3601 0.7991
vn 0.4815 -0.3601 0.7991
vn 0.5740 0.7231 -0.3843
vn 0.5740 0.7231 -0.3843
vn 0.6119 0.7517 -0.2458
vn 0.6119 0.7517 -0.2458
vn 0.9942 -0.0413 0.0991
vn 0.9942 -0.0413 0.0991
vn 0.9942 -0.0413 0.0991
vn 0.9942 -0.0413 0.0991
vn 0.1103 -0.9494 -0.2940
vn 0.0764 -0.9454 0.3169
vn 0.0086 0.4707 0.8823
vn 0.6995 -0.3879 0.6002
vn 0.6995 -0.3879 0.6002
vn 0.5798 -0.7777 0.2431
vn 0.5798 -0.7777 0.2431
vn 0.4042 0.8280 0.3887
vn 0.8287 0.2942 -0.4762
vn 0.8287 0.2942 -0.4762
vn 0.8469 0.3180 -0.4261
vn 0.8469 0.3180 -0.4261
vn 0.8469 0.3180 -0.4261
vn 0.1369 0.5755 -0.8063
vn 0.1369 0.5755 -0.8063
vn 0.0000 0.0000 0.0000
vn 0.0000 0.0000 0.0000
vn -0.4460 -0.6853 0.5757
vn -0.6740 0.6238 0.3957
vn -0.6740 0.6238 0.3957
vn -0.0682 -0.8304 0.5529
vn -0.0682 -0.8304 0.5529
vn 0.0706 0.6872 -0.7230
vn 0.0706 0.6872 -0.7230
vn 0.0706 0.6872 -0.7230
vn -0.5608 0.7725 0.2978
vn -0.5608 0.7725 0.2978
vn 0.1433 0.2239 0.9640
vn 0.1433 0.2239 0.9640
vn 0.2492 -0.7574 0.6035
vn 0.2492 -0.7574 0.6035
vn 0.2492 -0.7574 0.6035
vn -0.8227 -0.0127 0.5684
vn -0.1229 0.4166 0.9007
vn -0.1229 0.4166 0.9007
vn -0.1229 0.4166 0.9007
vn 0.5645 0.4801 -0.6714
vn 0.5645 0.4801 -0.6714
vn 0.5645 0.4801 -0.6714
vn 0.5645 0.4801 -0.6714
vn -0.1806 0.4694 0.8643
vn -0.1806 0.4694 0.8643
vn -0.7483 -0.6128 0.2540
vn -0.7483 -0.6128 0.2540
vn 0.5274 0.1555 0.8353
vn 0.8227 0.1139 -0.5569
vn 0.8227 0.1139 -0.5569
vn 0.8588 0.3392 -0.3839
vn 0.8588 0.3392 -0.3839
vn 0.8588 0.3392 -0.3839
vn -0.6036 -0.4022 0.6884
vn -0.6036 -0.4022 0.6884
vn -0.8936 0.1539 0.4216
vn -0.8936 0.1539 0.4216
vn 0.6668 -0.6518 0.3613
vn 0.6668 -0.6518 0.3613
vn 0.8174 0.3117 0.4845
vn 0.3516 0.7991 -0.4877
vn 0.3516 0.7991 -0.4877
vn -0.0000 -0.0000 0.0000
vn -0.0000 -0.0000 0.0000
vn -0.0000 -0.0000 0.0000
vn -0.0000 -0.0000 0.0000
vn 0.0000 0.0000 0.0000
vn 0.0000 0.0000 0.0000
vn 0.1534 -0.9878 0.0278
vn 0.1483 -0.6965 -0.7021
vn 0.1483 -0.6965 -0.7021
vn 0.3194 -0.1176 0.9403
vn 0.3194 -0.1176 0.9403
vn 0.1212 0.6693 0.7331
vn 0.1212 0.6693 0.7331
vn 0.7746 0.0816 -0.6272
vn 0.7746 0.0816 -0.6272
vn 0.3079 -0.9449 -0.1113
vn 0.3079 -0.9449 -0.1113
vn -0.5935 0.5978 0.5389
vn 0.7571 0.2898 0.5855
vn 0.7571 0.2898 0.5855
vn 0.7571 0.2898 0.5855
vn 0.8373 -0.3272 0.4379
vn 0.8373 -0.3272 0.4379
vn 0.9356 0.0599 0.3480
vn 0.7865 0.0721 -0.6134
vn 0.7865 0.0721 -0.6134
vn 0.7865 0.0721 -0.6134
vn 0.8189 -0.5242 0.2337
vn 0.8189 -0.5242 0.2337
vn 0.7701 -0.4726 0.4286
vn 0.3110 -0.8204 0.4798
vn 0.3110 -0.8204 0.4798
vn -0.8367 0.5470 -0.0273
vn 0.8187 0.4777 -0.3186
vn 0.9670 0.0184 -0.2543
vn 0.6343 0.4654 0.6174
vn 0.6343 0.4654 0.6174
vn 0.6343 0.4654 0.6174
vn 0.6343 0.4654 0.6174
vn 0.7773 0.5232 -0.3494
vn 0.7773 0.5232 -0.3494
vn 0.8078 -0.4639 -0.3636
vn 0.8078 -0.4639 -0.3636
vn 0.8078 -0.4639 -0.3636
vn -0.9603 0.2781 -0.0213
vn -0.9105 0.1907 0.3669
vn -0.8224 -0.5536 0.1310
vn -0.8224 -0.5536 0.1310
vn 0.7908 0.2632 -0.5525
vn 0.7908 0.2632 -0.5525
vn 0.7908 0.2632 -0.5525
vn -0.6261 0.7458 0.2276
vn -0.6261 0.7458 0.2276
vn -0.6261 0.7458 0.2276
vn -0.6261 0.7458 0.2276
vn -0.0001 0.5241 0.8516
vn -0.0108 0.9027 -0.4301
vn -0.6351 -0.6669 -0.3897
vn -0.9388 -0.3433 0.0289
vn 0.7297 0.6778 -0.0897
vn 0.7297 0.6778 -0.0897
vn 0.8201 0.2935 0.4912
vn 0.8201 0.2935 0.4912
vn 0.8201 0.2935 0.4912
vn 0.5657 0.7880 0.2432
vn 0.5657 0.7880 0.2432
vn -0.7882 0.6108 -0.0756
vn 0.5232 -0.8506 -0.0524
vn 0.5232 -0.8506 -0.0524
vn 0.9057 0.3954 -0.1530
vn -0.8894 -0.1090 0.4440
vn -0.8894 -0.1090 0.4440
vn -0.1591 -0.4952 0.8541
vn -0.1591 -0.4952 0.8541
vn -0.1591 -0.4952 0.8541
vn -0.9640 0.0963 0.2480
vn -0.9640 0.0963 0.2480
vn -0.7834 0.5369 0.3131
vn 0.1343 0.9686 0.2091
vn -0.2491 0.0909 -0.9642
vn 0.5084 -0.5393 0.6714
vn 0.0104 0.5759 0.8175
vn 0.0104 0.5759 0.8175
vn -0.2546 -0.5321 -0.8075
vn 0.6846 0.3293 0.6503
vn 0.6846 0.3293 0.6503
vn 0.9612 -0.0825 0.2631
vn 0.9612 -0.0825 0.2631
vn 0.8714 -0.3926 -0.2940
vn 0.8714 -0.3926 -0.2940
vn -0.3442 -0.6344 0.6922
vn -0.3442 -0.6344 0.6922
vn 0.8849 -0.1368 -0.4453
vn -0.2305 -0.3193 0.9192
vn -0.2305 -0.3193 0.9192
vn -0.2305 -0.3193 0.9192
vn -0.2305 -0.3193 0.9192
vn -0.6610 0.7039 -0.2599
vn -0.6610 0.7039 -0.2599
vn -0.7055 0.5103 -0.4918
vn -0.7055 0.5103 -0.4918
vn -0.7055 0.5103 -0.4918
vn -0.7055 0.5103 -0.4918
vn -0.7055 0.5103 -0.4918
vn -0.7744 0.5003 -0.3873
vn -0.7744 0.5003 -0.3873
vn 0.5464 -0.4175 0.7261
vn 0.5464 -0.4175 0.7261
vn 0.5464 -0.4175 0.7261
vn 0.5464 -0.4175 0.7261
vn 0.5464 -0.4175 0.7261
vn 0.5304 0.6315 0.5657
vn 0.7450 0.0065 -0.6670
vn 0.7450 0.0065 -0.6670
vn 0.7450 0.0065 -0.6670
vn 0.8036 0.1629 0.5725
vn 0.8036 0.1629 0.5725
vn 0.9814 0.1868 0.0450
vn 0.9814 0.1868 0.0450
vn 0.9219 -0.3860 -0.0332
vn 0.2185 -0.3345 0.9167
vn 0.2185 -0.3345 0.9167
vn 0.7528 0.6437 0.1378
vn 0.7528 0.6437 0.1378
vn 0.7103 0.4349 0.5535
vn 0.7103 0.4349 0.5535
vn 0.7103 0.4349 0.5535
vn 0.8441 0.4157 -0.3387
vn 0.8441 0.4157 -0.3387
vn 0.8441 0.4157 -0.3387
vn 0.8441 0.4157 -0.3387
vn 0.9014 0.2876 -0.3238
vn 0.9014 0.2876 -0.3238
vn 0.9573 -0.1766 0.2289
vn 0.6476 -0.7365 0.1956
vn -0.4434 0.7018 -0.5576
vn -0.4434 0.7018 -0.5576
vn 0.8123 0.5832 -0.0058
vn 0.8123 0.5832 -0.0058
vn 0.8123 0.5832 -0.0058
vn 0.4795 -0.5808 -0.6578
vn 0.4795 -0.5808 -0.6578
vn 0.4795 -0.5808 -0.6578
vn -0.8269 -0.4742 0.3023
vn -0.8269 -0.4742 0.3023
vn 0.6254 0.1300 -0.7694
vn 0.6254 0.1300 -0.7694
vn -0.9258 -0.3158 0.2079
vn -0.8322 0.4321 0.3475
vn -0.9894 0.1100 0.0950
vn -0.1748 0.9606 0.2163
vn -0.5071 -0.6867 -0.5208
vn -0.5071 -0.6867 -0.5208
vn 0.7523 0.5836 0.3056
vn 0.7523 0.5836 0.3056
vn 0.6282 0.1577 0.7619
vn 0.6282 0.1577 0.7619
vn 0.3584 0.7777 0.5165
vn 0.3168 -0.8019 0.5065
vn 0.7296 0.1076 -0.6754
vn 0.7296 0.1076 -0.6754
vn -0.2346 -0.5571 0.7966
vn -0.2346 -0.5571 0.7966
vn 0.9760 -0.2158 -0.0285
vn -0.8302 -0.2069 0.5177
vn -0.8302 -0.2069 0.5177
vn -0.9384 0.3343 -0.0880
vn 0.9412 0.1548 0.3005
vn -0.4309 -0.8844 0.1795
vn -0.4309 -0.8844 0.1795
vn -0.9975 0.0708 -0.0043
vn -0.7686 0.6341 0.0843
vn -0.1788 -0.1724 -0.9687
vn -0.1788 -0.1724 -0.9687
vn -0.1778 0.6984 -0.6933
vn -0.1778 0.6984 -0.6933
vn -0.3355 0.9281 -0.1617
vn -0.3355 0.9281 -0.1617
vn 0.6004 0.7500 -0.2774
vn 0.6004 0.7500 -0.2774
vn 0.6004 0.7500 -0.2774
vn 0.3090 0.8276 -0.4687
vn 0.3090 0.8276 -0.4687
vn 0.3090 0.8276 -0.4687
vn 0.0817 -0.3943 -0.9154
vn 0.3798 -0.9119 -0.1557
vn 0.3798 -0.9119 -0.1557
vn 0.3798 -0.9119 -0.1557
vn 0.5276 -0.0571 0.8476
vn 0.7056 -0.7073 0.0418
vn 0.5194 0.8024 0.2938
vn 0.5194 0.8024 0.2938
vn -0.2020 -0.6502 0.7324
vn -0.2020 -0.6502 0.7324
vn -0.5328 -0.3805 0.7559
vn -0.5328 -0.3805 0.7559
vn -0.5328 -0.3805 0.7559
vn -0.5328 -0.3805 0.7559
vn -0.0188 -0.9820 -0.1880
vn -0.0188 -0.9820 -0.1880
vn -0.0188 -0.9820 -0.1880
vn -0.0188 -0.9820 -0.1880
vn -0.0188 -0.9820 -0.1880
vn -0.8608 -0.4227 0.2835
vn -0.7823 0.5715 -0.2479
vn -0.7823 0.5715 -0.2479
vn -0.2035 -0.4211 0.8839
vn -0.2035 -0.4211 0.8839
vn -0.1760 0.9823 -0.0642
vn -0.1760 0.9823 -0.0642
vn -0.5442 -0.6541 -0.5253
vn -0.6779 0.1419 0.7213
vn -0.6779 0.1419 0.7213
vn -0.6779 0.1419 0.7213
vn 0.3891 -0.2586 -0.8841
vn 0.3891 -0.2586 -0.8841
vn 0.4213 0.6010 0.6792
vn 0.9093 -0.0702 -0.4103
vn 0.9093 -0.0702 -0.4103
vn 0.2909 0.4465 0.8462
vn 0.2909 0.4465 0.8462
vn 0.2206 -0.7852 0.5786
vn -0.3452 0.7418 -0.5750
vn -0.3452 0.7418 -0.5750
vn 0.6199 0.5678 -0.5416
vn 0.6199 0.5678 -0.5416
vn -0.4481 0.8391 0.3085
vn -0.1577 -0.5175 0.8410
vn -0.1577 -0.5175 0.8410
vn -0.1577 -0.5175 0.8410
vn 0.8591 0.4373 -0.2660
vn 0.8591 0.4373 -0.2660
vn 0.9411 0.0071 -0.3382
vn 0.9621 0.2652 -0.0630
vn 0.7875 -0.6155 -0.0326
vn 0.7875 -0.6155 -0.0326
vn 0.7875 -0.6155 -0.0326
vn 0.7396 0.0705 -0.6693
vn 0.1095 -0.7302 0.6744
vn 0.0000 0.0000 0.0000
vn 0.0000 0.0000 0.0000
vn 0.7823 -0.5973 -0.1769
vn 0.7823 -0.5973 -0.1769
vn 0.3735 -0.9259 0.0564
vn 0.0814 -0.9902 -0.1135
vn 0.0814 -0.9902 -0.1135
vn -0.5478 -0.8078 0.2175
vn -0.5478 -0.8078 0.2175
vn -0.5478 -0.8078 0.2175
vn -0.5478 -0.8078 0.2175
vn -0.5478 -0.8078 0.2175
vn -0.7255 -0.5728 0.3815
vn 0.0353 0.9653 0.2587
vn 0.2185 0.9682 0.1219
vn 0.2185 0.9682 0.1219
vn -0.0981 0.9602 -0.2614
vn -0.5281 0.0225 0.8489
vn -0.5281 0.0225 0.8489
vn -0.5281 0.0225 0.8489
vn -0.5281 0.0225 0.8489
vn -0.3230 0.5576 -0.7647
vn -0.3230 0.5576 -0.7647
vn 0.0615 -0.3859 -0.9205
vn 0.0615 -0.3859 -0.9205
vn -0.7473 -0.3841 -0.5422
vn -0.7473 -0.3841 -0.5422
vn -0.9652 -0.2579 0.0425
vn 0.6930 -0.6939 -0.1954
vn 0.6930 -0.6939 -0.1954
vn 0.4504 -0.8628 0.2296
vn 0.4504 -0.8628 0.2296
vn 0.4504 -0.8628 0.2296
vn 0.8699 -0.4423 -0.2182
vn 0.8699 -0.4423 -0.2182
vn -0.5426 0.2668 0.7965
vn -0.5426 0.2668 0.7965
vn -0.1292 0.7714 0.6231
vn -0.1292 0.7714 0.6231
vn 0.9552 0.2742 -0.1113
vn 0.9552 0.2742 -0.1113
vn -0.6135 0.5020 -0.6097
vn -0.6135 0.5020 -0.6097
vn -0.8138 -0.1460 0.5626
vn -0.8138 -0.1460 0.5626
vn 0.1898 -0.9328 -0.3064
vn 0.1898 -0.9328 -0.3064
vn 0.6688 -0.7306 -0.1375
vn 0.6688 -0.7306 -0.1375
vn -0.9389 -0.3370 0.0695
vn -0.7856 -0.4546 0.4197
vn -0.8137 -0.0955 0.5734
vn -0.8137 -0.0955 0.5734
vn 0.0618 0.7806 -0.6220
vn 0.0618 0.7806 -0.6220
vn -0.2064 0.7547 -0.6228
vn -0.4696 0.7009 0.5369
vn -0.4696 0.7009 0.5369
vn -0.7920 0.2781 -0.5435
vn -0.7920 0.2781 -0.5435
vn -0.8805 -0.1974 -0.4310
vn -0.8222 0.1742 0.5419
vn 0.1349 0.5429 0.8289
vn 0.1349 0.5429 0.8289
vn -0.3496 0.2586 0.9005
vn -0.3496 0.2586 0.9005
vn 0.4899 0.6737 0.5533
vn 0.2479 -0.6384 0.7286
vn 0.2479 -0.6384 0.7286
vn 0.2479 -0.6384 0.7286
vn 0.2479 -0.6384 0.7286
vn -0.9491 0.2004 -0.2429
vn -0.9573 -0.2214 0.1860
vn -0.9573 -0.2214 0.1860
vn -0.6277 -0.3540 0.6933
vn -0.6277 -0.3540 0.6933
vn -0.9926 -0.0596 -0.1062
vn -0.3286 -0.2160 0.9194
vn -0.3286 -0.2160 0.9194
vn 0.2809 -0.0794 0.9565
vn -0.1074 0.9419 -0.3182
vn -0.1074 0.9419 -0.3182
vn -0.4350 0.0522 0.8989
vn -0.4350 0.0522 0.8989
vn -0.9917 -0.0372 0.1230
vn -0.9917 -0.0372 0.1230
vn -0.9917 -0.0372 0.1230
vn -0.9917 -0.0372 0.1230
vn -0.5878 -0.1145 0.8009
vn -0.5878 -0.1145 0.8009
vn -0.7133 -0.3668 -0.5972
vn -0.7133 -0.3668 -0.5972
vn 0.8763 0.4591 -0.1460
vn 0.4534 -0.7275 0.5149
vn 0.4534 -0.7275 0.5149
vn 0.5448 -0.6589 0.5188
vn 0.5448 -0.6589 0.5188
vn -0.7737 -0.0623 0.6305
vn -0.7737 -0.0623 0.6305
vn -0.9972 0.0598 -0.0441
vn -0.9972 0.0598 -0.0441
vn -0.9906 0.1011 0.0916
vn -0.7750 0.0020 -0.6319
vn -0.7750 0.0020 -0.6319
vn -0.3068 -0.0610 0.9498
vn -0.3068 -0.0610 0.9498
vn -0.3068 -0.0610 0.9498
vn 0.9552 -0.2003 -0.2180
vn 0.9552 -0.2003 -0.2180
vn -0.4166 -0.5027 0.7575
vn -0.4166 -0.5027 0.7575
vn -0.4166 -0.5027 0.7575
vn -0.9755 -0.0126 0.2196
vn 0.9274 0.1952 -0.3190
vn -0.2192 0.4058 -0.8873
vn -0.2192 0.4058 -0.8873
vn 0.1501 0.6282 0.7635
vn 0.1501 0.6282 0.7635
vn 0.6553 0.5077 0.5593
vn 0.6553 0.5077 0.5593
vn 0.6553 0.5077 0.5593
vn 0.9603 0.1759 -0.2167
vn 0.9073 0.4121 0.0835
vn 0.9073 0.4121 0.0835
vn 0.8995 -0.4358 -0.0309
vn 0.8995 -0.4358 -0.0309
vn -0.2597 0.4666 -0.8455
vn -0.2965 0.4554 -0.8395
vn -0.2947 -0.2330 0.9268
vn -0.2613 0.2960 -0.9188
vn -0.2613 0.2960 -0.9188
vn -0.6588 0.1859 -0.7290
vn -0.6588 0.1859 -0.7290
vn -0.2398 -0.2730 0.9317
vn -0.2398 -0.2730 0.9317
vn -0.2398 -0.2730 0.9317
vn -0.2398 -0.2730 0.9317
vn 0.2340 0.0877 -0.9683
vn 0.2431 -0.9619 0.1248
vn 0.2431 -0.9619 0.1248
vn 0.2431 -0.9619 0.1248
vn -0.6165 -0.7389 -0.2718
vn -0.6165 -0.7389 -0.2718
vn -0.0360 -0.5114 0.8586
vn -0.3526 0.4472 0.8220
vn -0.3526 0.4472 0.8220
vn 0.8141 0.5512 -0.1828
vn 0.8141 0.5512 -0.1828
vn 0.8141 0.5512 -0.1828
vn -0.0605 0.3048 -0.9505
vn -0.0605 0.3048 -0.9505
vn -0.0605 0.3048 -0.9505
vn -0.2862 0.0310 0.9577
vn -0.2862 0.0310 0.9577
vn -0.6682 -0.0789 0.7398
vn -0.2025 0.0816 -0.9759
vn -0.2025 0.0816 -0.9759
vn -0.0118 -0.2992 -0.9541
vn 0.1438 0.3184 0.9370
vn 0.4333 0.4171 0.7989
vn 0.4333 0.4171 0.7989
vn 0.5026 0.2337 0.8323
vn 0.4940 -0.4961 0.7140
vn 0.4940 -0.4961 0.7140
vn 0.8261 -0.4531 -0.3350
vn 0.8261 -0.4531 -0.3350
vn 0.8261 -0.4531 -0.3350
vn 0.8261 -0.4531 -0.3350
vn 0.9532 -0.0502 -0.2983
vn 0.9532 -0.0502 -0.2983
vn -0.2832 -0.6460 0.7089
vn -0.1737 0.0782 0.9817
vn 0.1347 -0.9897 -0.0475
vn 0.6384 -0.2915 0.7124
vn 0.1129 0.2584 0.9594
vn 0.9691 0.2099 -0.1291
vn 0.9691 0.2099 -0.1291
vn 0.6731 -0.5749 0.4653
vn 0.4670 -0.7329 -0.4947
vn 0.4670 -0.7329 -0.4947
vn 0.3832 -0.4401 0.8121
vn 0.3832 -0.4401 0.8121
vn 0.2819 0.7851 -0.5515
vn 0.2819 0.7851 -0.5515
vn 0.2819 0.7851 -0.5515
vn 0.1666 0.1144 -0.9794
vn 0.1666 0.1144 -0.9794
vn 0.5867 0.3481 0.7312
vn 0.5867 0.3481 0.7312
vn 0.6844 0.6250 0.3754
vn 0.0540 -0.2694 0.9615
vn 0.4690 -0.6883 -0.5535
vn 0.4690 -0.6883 -0.5535
vn 0.8608 -0.4310 -0.2707
vn 0.8608 -0.4310 -0.2707
vn -0.3514 -0.0862 -0.9322
vn -0.3514 -0.0862 -0.9322
vn 0.0605 0.5307 -0.8454
vn 0.0605 0.5307 -0.8454
vn 0.4541 0.8701 -0.1914
vn 0.5613 -0.0012 0.8276
vn 0.5613 -0.0012 0.8276
vn 0.5613 -0.0012 0.8276
vn 0.8357 0.1321 -0.5330
vn 0.8357 0.1321 -0.5330
vn 0.8357 0.1321 -0.5330
vn 0.5483 -0.6484 0.5281
vn 0.3721 -0.5148 0.7723
vn 0.3721 -0.5148 0.7723
vn 0.3896 -0.3298 0.8599
vn 0.3896 -0.3298 0.8599
vn 0.6422 -0.2594 0.7213
vn 0.6422 -0.2594 0.7213
vn 0.6546 -0.7173 -0.2387
vn 0.6546 -0.7173 -0.2387
vn 0.9196 -0.0469 -0.3901
vn 0.9196 -0.0469 -0.3901
vn 0.5567 -0.5920 0.5827
vn 0.5567 -0.5920 0.5827
vn 0.0000 -0.0000 0.0000
vn 0.0000 -0.0000 0.0000
vn 0.4125 -0.0959 0.9059
vn 0.4125 -0.0959 0.9059
vn 0.9848 0.1659 -0.0505
vn 0.8411 0.4329 -0.3244
vn 0.8411 0.4329 -0.3244
vn 0.6017 0.6639 -0.4441
vn 0.6017 0.6639 -0.4441
vn 0.4047 0.1016 0.9088
vn 0.4047 0.1016 0.9088
vn 0.4047 0.1016 0.9088
vn 0.6061 0.0376 0.7945
vn 0.6061 0.0376 0.7945
vn 0.0394 0.1152 0.9926
vn 0.6178 -0.0432 -0.7852
vn 0.6178 -0.0432 -0.7852
vn 0.6178 -0.0432 -0.7852
vn 0.6275 -0.5328 0.5677
vn 0.6275 -0.5328 0.5677
vn 0.3719 -0.5202 -0.7689
vn 0.3719 -0.5202 -0.7689
vn 0.5847 -0.3360 0.7384
vn 0.5847 -0.3360 0.7384
vn 0.9320 0.3622 0.0094
vn 0.8808 -0.0107 -0.4734
vn 0.8808 -0.0107 -0.4734
vn 0.8593 -0.3343 0.3872
vn 0.6101 -0.1735 0.7731
vn 0.6101 -0.1735 0.7731
vn 0.2993 0.3433 0.8903
vn 0.2993 0.3433 0.8903
vn -0.1770 -0.0796 -0.9810
vn -0.1770 -0.0796 -0.9810
vn 0.4614 0.0775 0.8838
vn 0.4614 0.0775 0.8838
vn 0.7645 0.4740 -0.4369
vn 0.7645 0.4740 -0.4369
vn 0.8805 0.2694 -0.3901
vn 0.8805 0.2694 -0.3901
vn -0.3738 0.8435 0.3858
vn -0.3738 0.8435 0.3858
vn -0.3738 0.8435 0.3858
vn 0.4869 -0.7107 0.5077
vn 0.4869 -0.7107 0.5077
vn 0.9145 -0.2885 -0.2836
vn 0.9145 -0.2885 -0.2836
vn 0.9909 -0.0944 -0.0961
vn 0.9909 -0.0944 -0.0961
vn 0.9909 -0.0944 -0.0961
vn 0.1663 -0.1527 -0.9742
vn 0.1663 -0.1527 -0.9742
vn 0.1663 -0.1527 -0.9742
vn 0.9340 -0.2870 0.2127
vn 0.4246 0.6580 0.6219
vn 0.4246 0.6580 0.6219
vn 0.4246 0.6580 0.6219
vn 0.5152 0.2643 -0.8153
vn 0.5152 0.2643 -0.8153
vn 0.8334 -0.1368 -0.5354
vn 0.8334 -0.1368 -0.5354
vn 0.8334 -0.1368 -0.5354
vn 0.8334 -0.1368 -0.5354
vn 0.9141 -0.0239 0.4048
vn 0.9141 -0.0239 0.4048
vn 0.9772 0.2118 0.0120
vn 0.9772 0.2118 0.0120
vn 0.9866 -0.1633 -0.0053
vn 0.9866 -0.1633 -0.0053
vn 0.9866 -0.1633 -0.0053
vn 0.9866 -0.1633 -0.0053
vn 0.9240 -0.1492 0.3522
vn 0.9554 -0.1236 0.2683
vn 0.9829 -0.0040 -0.1839
vn 0.0000 0.0000 0.0000
vn 0.0000 0.0000 0.0000
vn 0.8181 -0.5332 -0.2153
vn 0.8181 -0.5332 -0.2153
vn 0.6573 0.7536 -0.0086
vn 0.6573 0.7536 -0.0086
vn 0.7008 -0.2118 0.6813
vn 0.7008 -0.2118 0.6813
vn 0.7855 -0.2958 0.5437
vn 0.7855 -0.2958 0.5437
vn 0.9656 0.0511 0.2549
vn 0.9748 -0.0934 -0.2026
vn 0.9748 -0.0934 -0.2026
vn 0.8760 -0.4248 0.2284
vn 1.0000 0.0075 -0.0050
vn 1.0000 0.0075 -0.0050
vn 0.9169 -0.3811 -0.1188
vn -0.0338 -0.9994 0.0119
vn 0.7644 0.6146 0.1948
vn 0.7644 0.6146 0.1948
vn 0.5359 -0.7138 0.4509
vn 0.5359 -0.7138 0.4509
vn 0.5359 -0.7138 0.4509
vn 0.6369 -0.3634 0.6799
vn 0.8605 -0.0988 -0.4997
vn 0.8605 -0.0988 -0.4997
vn -0.7760 -0.0234 0.6303
vn -0.7760 -0.0234 0.6303
vn -0.7760 -0.0234 0.6303
vn -0.7760 -0.0234 0.6303
vn -0.1913 -0.9348 -0.2993
vn -0.1913 -0.9348 -0.2993
vn -0.1913 -0.9348 -0.2993
vn -0.1913 -0.9348 -0.2993
vn 0.4199 0.6958 -0.5828
vn 0.4199 0.6958 -0.5828
vn 0.4199 0.6958 -0.5828
vn 0.4199 0.6958 -0.5828
vn -0.7843 0.4333 -0.4440
vn -0.7843 0.4333 -0.4440
vn -0.7843 0.4333 -0.4440
vn -0.4477 -0.8593 -0.2472
vn -0.4477 -0.8593 -0.2472
vn -0.4477 -0.8593 -0.2472
vn 0.1930 -0.9199 0.3414
vn 0.1930 -0.9199 0.3414
vn -0.2131 0.6289 -0.7477
vn -0.2131 0.6289 -0.7477
vn -0.2066 0.8853 0.4166
vn -0.2066 0.8853 0.4166
vn 0.7709 -0.1482 -0.6194
vn 0.7709 -0.1482 -0.6194
vn -0.4940 -0.0198 0.8692
vn 0.6258 0.6615 -0.4132
vn 0.7401 0.4246 0.5216
vn 0.7401 0.4246 0.5216
vn 0.7401 0.4246 0.5216
vn 0.3823 -0.8798 0.2824
vn 0.3823 -0.8798 0.2824
vn 0.3480 0.9333 0.0884
vn 0.3480 0.9333 0.0884
vn 0.9693 -0.1229 -0.2130
vn 0.9693 -0.1229 -0.2130
usemtl goblin-archer
s 1
f 1/1/1 7/7/7 9/9/9
f 4/4/4 13/13/13 15/15/15
f 18/18/18 19/19/19 21/21/21
f 18/18/18 23/23/23 19/19/19
f 5/5/5 25/25/25 14/14/14
f 16/16/16 26/26/26 6/6/6
f 21/21/21 19/19/19 29/29/29
f 17/17/17 20/20/20 28/28/28
f 17/17/17 28/28/28 30/30/30
f 18/18/18 31/31/31 23/23/23
f 32/32/32 36/36/36 42/42/42
f 15/15/15 13/13/13 44/44/44
f 19/19/19 23/23/23 29/29/29
f 34/34/34 22/22/22 30/30/30
f 34/34/34 30/30/30 38/38/38
f 12/12/12 8/8/8 26/26/26
f 6/6/6 26/26/26 8/8/8
f 3/3/3 11/11/11 46/46/46
f 23/23/23 35/35/35 47/47/47
f 33/33/33 43/43/43 37/37/37
f 48/48/48 51/51/51 54/54/54
f 2/2/2 45/45/45 57/57/57
f 2/2/2 57/57/57 24/24/24
f 59/59/59 27/27/27 61/61/61
f 23/23/23 47/47/47 29/29/29
f 35/35/35 68/68/68 47/47/47
f 35/35/35 40/40/40 68/68/68
f 71/71/71 41/41/41 73/73/73
f 76/76/76 41/41/41 71/71/71
f 72/72/72 77/77/77 70/70/70
f 49/49/49 56/56/56 41/41/41
f 48/48/48 74/74/74 51/51/51
f 49/49/49 41/41/41 76/76/76
f 12/12/12 26/26/26 79/79/79
f 61/61/61 27/27/27 80/80/80
f 81/81/81 60/60/60 62/62/62
f 60/60/60 81/81/81 83/83/83
f 60/60/60 83/83/83 28/28/28
f 29/29/29 47/47/47 68/68/68
f 69/69/69 41/41/41 56/56/56
f 70/70/70 77/77/77 75/75/75
f 10/10/10 78/78/78 85/85/85
f 24/24/24 57/57/57 87/87/87
f 24/24/24 87/87/87 88/88/88
f 26/26/26 16/16/16 91/91/91
f 15/15/15 44/44/44 92/92/92
f 94/94/94 96/96/96 99/99/99
f 67/67/67 102/102/102 39/39/39
f 63/63/63 53/53/53 101/101/101
f 55/55/55 67/67/67 102/102/102
f 64/64/64 104/104/104 110/110/110
f 65/65/65 118/118/118 105/105/105
f 66/66/66 54/54/54 106/106/106
f 119/119/119 66/66/66 106/106/106
f 50/50/50 120/120/120 123/123/123
f 50/50/50 126/126/126 120/120/120
f 12/12/12 86/86/86 131/131/131
f 79/79/79 26/26/26 86/86/86
f 89/89/89 132/132/132 25/25/25
f 94/94/94 133/133/133 96/96/96
f 67/67/67 136/136/136 102/102/102
f 54/54/54 51/51/51 106/106/106
f 75/75/75 129/129/129 52/52/52
f 122/122/122 138/138/138 125/125/125
f 122/122/122 140/140/140 138/138/138
f 121/121/121 127/127/127 139/139/139
f 11/11/11 130/130/130 46/46/46
f 25/25/25 93/93/93 14/14/14
f 13/13/13 92/92/92 44/44/44
f 142/142/142 145/145/145 146/146/146
f 150/150/150 152/152/152 155/155/155
f 27/27/27 82/82/82 80/80/80
f 29/29/29 157/157/157 84/84/84
f 30/30/30 28/28/28 83/83/83
f 30/30/30 83/83/83 158/158/158
f 68/68/68 157/157/157 29/29/29
f 73/73/73 41/41/41 163/163/163
f 124/124/124 106/106/106 51/51/51
f 106/106/106 124/124/124 164/164/164
f 129/129/129 75/75/75 169/169/169
f 25/25/25 132/132/132 93/93/93
f 100/100/100 98/98/98 170/170/170
f 100/100/100 171/171/171 95/95/95
f 94/94/94 173/173/173 133/133/133
f 84/84/84 157/157/157 159/159/159
f 30/30/30 174/174/174 38/38/38
f 73/73/73 163/163/163 177/177/177
f 40/40/40 175/175/175 68/68/68
f 72/72/72 176/176/176 77/77/77
f 41/41/41 103/103/103 163/163/163
f 164/164/164 124/124/124 137/137/137
f 46/46/46 130/130/130 58/58/58
f 132/132/132 178/178/178 93/93/93
f 15/15/15 92/92/92 90/90/90
f 100/100/100 170/170/170 171/171/171
f 173/173/173 179/179/179 182/182/182
f 97/97/97 185/185/185 187/187/187
f 30/30/30 158/158/158 174/174/174
f 136/136/136 188/188/188 102/102/102
f 163/163/163 103/103/103 191/191/191
f 64/64/64 110/110/110 135/135/135
f 107/107/107 192/192/192 111/111/111
f 108/108/108 165/165/165 199/199/199
f 75/75/75 202/202/202 169/169/169
f 141/141/141 128/128/128 167/167/167
f 203/203/203 166/166/166 205/205/205
f 131/131/131 86/86/86 209/209/209
f 89/89/89 178/178/178 132/132/132
f 145/145/145 142/142/142 210/210/210
f 143/143/143 149/149/149 211/211/211
f 173/173/173 212/212/212 179/179/179
f 133/133/133 173/173/173 215/215/215
f 96/96/96 133/133/133 184/184/184
f 68/68/68 175/175/175 157/157/157
f 109/109/109 219/219/219 196/196/196
f 108/108/108 199/199/199 218/218/218
f 165/165/165 138/138/138 199/199/199
f 220/220/220 223/223/223 229/229/229
f 222/222/222 231/231/231 232/232/232
f 86/86/86 235/235/235 209/209/209
f 130/130/130 208/208/208 236/236/236
f 130/130/130 236/236/236 58/58/58
f 155/155/155 152/152/152 238/238/238
f 95/95/95 171/171/171 241/241/241
f 172/172/172 181/181/181 214/214/214
f 181/181/181 242/242/242 214/214/214
f 134/134/134 244/244/244 245/245/245
f 133/133/133 215/215/215 243/243/243
f 251/251/251 253/253/253 255/255/255
f 256/256/256 246/246/246 193/193/193
f 251/251/251 259/259/259 253/253/253
f 250/250/250 252/252/252 258/258/258
f 256/256/256 193/193/193 260/260/260
f 221/221/221 217/217/217 198/198/198
f 221/221/221 198/198/198 226/226/226
f 224/224/224 197/197/197 216/216/216
f 198/198/198 226/226/226 217/217/217
f 201/201/201 205/205/205 166/166/166
f 167/167/167 265/265/265 141/141/141
f 206/206/206 267/267/267 204/204/204
f 151/151/151 269/269/269 153/153/153
f 271/271/271 273/273/273 275/275/275
f 153/153/153 276/276/276 239/239/239
f 145/145/145 210/210/210 146/146/146
f 155/155/155 277/277/277 150/150/150
f 173/173/173 279/279/279 212/212/212
f 94/94/94 240/240/240 173/173/173
f 244/244/244 281/281/281 245/245/245
f 177/177/177 163/163/163 283/283/283
f 188/188/188 136/136/136 284/284/284
f 255/255/255 288/288/288 289/289/289
f 255/255/255 291/291/291 288/288/288
f 77/77/77 293/293/293 75/75/75
f 255/255/255 253/253/253 291/291/291
f 194/194/194 294/294/294 112/112/112
f 257/257/257 301/301/301 250/250/250
f 257/257/257 263/263/263 301/301/301
f 219/219/219 262/262/262 196/196/196
f 219/219/219 222/222/222 262/262/262
f 232/232/232 262/262/262 222/222/222
f 231/231/231 304/304/304 232/232/232
f 230/230/230 225/225/225 302/302/302
f 230/230/230 302/302/302 305/305/305
f 231/231/231 312/312/312 304/304/304
f 204/204/204 267/267/267 168/168/168
f 88/88/88 87/87/87 314/314/314
f 210/210/210 268/268/268 316/316/316
f 151/151/151 318/318/318 269/269/269
f 210/210/210 316/316/316 146/146/146
f 150/150/150 277/277/277 317/317/317
f 173/173/173 240/240/240 279/279/279
f 183/183/183 180/180/180 320/320/320
f 245/245/245 281/281/281 134/134/134
f 174/174/174 158/158/158 321/321/321
f 176/176/176 282/282/282 77/77/77
f 326/326/326 288/288/288 291/291/291
f 161/161/161 188/188/188 327/327/327
f 291/291/291 326/326/326 288/288/288
f 290/290/290 287/287/287 325/325/325
f 136/136/136 113/113/113 284/284/284
f 254/254/254 328/328/328 247/247/247
f 248/248/248 296/296/296 195/195/195
f 300/300/300 261/261/261 249/249/249
f 226/226/226 198/198/198 306/306/306
f 140/140/140 264/264/264 138/138/138
f 304/304/304 228/228/228 232/232/232
f 303/303/303 227/227/227 307/307/307
f 167/167/167 335/335/335 265/265/265
f 167/167/167 337/337/337 335/335/335
f 167/167/167 266/266/266 337/337/337
f 208/208/208 234/234/234 236/236/236
f 235/235/235 86/86/86 339/339/339
f 87/87/87 57/57/57 314/314/314
f 178/178/178 89/89/89 340/340/340
f 178/178/178 340/340/340 93/93/93
f 153/153/153 269/269/269 276/276/276
f 143/143/143 211/211/211 341/341/341
f 272/272/272 344/344/344 346/346/346
f 271/271/271 345/345/345 273/273/273
f 272/272/272 348/348/348 344/344/344
f 274/274/274 347/347/347 270/270/270
f 147/147/147 317/317/317 277/277/277
f 244/244/244 183/183/183 350/350/350
f 175/175/175 322/322/322 157/157/157
f 284/284/284 351/351/351 188/188/188
f 288/288/288 326/326/326 360/360/360
f 361/361/361 288/288/288 363/363/363
f 289/289/289 288/288/288 361/361/361
f 255/255/255 289/289/289 361/361/361
f 255/255/255 361/361/361 332/332/332
f 326/326/326 291/291/291 253/253/253
f 325/325/325 252/252/252 287/287/287
f 295/295/295 247/247/247 328/328/328
f 202/202/202 75/75/75 364/364/364
f 199/199/199 138/138/138 115/115/115
f 202/202/202 367/367/367 207/207/207
f 200/200/200 369/369/369 313/313/313
f 232/232/232 304/304/304 370/370/370
f 206/206/206 366/366/366 267/267/267
f 371/371/371 373/373/373 308/308/308
f 372/372/372 309/309/309 374/374/374
f 88/88/88 314/314/314 378/378/378
f 89/89/89 379/379/379 340/340/340
f 92/92/92 380/380/380 90/90/90
f 91/91/91 381/381/381 382/382/382
f 383/383/383 384/384/384 92/92/92
f 275/275/275 273/273/273 386/386/386
f 274/274/274 387/387/387 347/347/347
f 211/211/211 149/149/149 392/392/392
f 280/280/280 394/394/394 213/213/213
f 212/212/212 395/395/395 179/179/179
f 185/185/185 397/397/397 187/187/187
f 134/134/134 399/399/399 186/186/186
f 134/134/134 281/281/281 399/399/399
f 244/244/244 400/400/400 281/281/281
f 77/77/77 282/282/282 293/293/293
f 358/358/358 324/324/324 286/286/286
f 188/188/188 401/401/401 327/327/327
f 75/75/75 293/293/293 364/364/364
f 250/250/250 331/331/331 252/252/252
f 250/250/250 299/299/299 331/331/331
f 200/200/200 117/117/117 369/369/369
f 250/250/250 301/301/301 299/299/299
f 402/402/402 311/311/311 368/368/368
f 267/267/267 366/366/366 404/404/404
f 304/304/304 312/312/312 370/370/370
f 338/338/338 267/267/267 404/404/404
f 312/312/312 406/406/406 370/370/370
f 312/312/312 377/377/377 406/406/406
f 86/86/86 26/26/26 339/339/339
f 91/91/91 382/382/382 26/26/26
f 276/276/276 409/409/409 239/239/239
f 154/154/154 237/237/237 407/407/407
f 274/274/274 385/385/385 387/387/387
f 410/410/410 411/411/411 413/413/413
f 280/280/280 241/241/241 171/171/171
f 179/179/179 395/395/395 415/415/415
f 187/187/187 417/417/417 97/97/97
f 179/179/179 415/415/415 419/419/419
f 187/187/187 397/397/397 417/417/417
f 185/185/185 398/398/398 397/397/397
f 157/157/157 322/322/322 159/159/159
f 183/183/183 320/320/320 350/350/350
f 281/281/281 400/400/400 420/420/420
f 283/283/283 163/163/163 426/426/426
f 288/288/288 360/360/360 363/363/363
f 287/287/287 427/427/427 359/359/359
f 287/287/287 252/252/252 427/427/427
f 369/369/369 117/117/117 431/431/431
f 299/299/299 301/301/301 263/263/263
f 311/311/311 432/432/432 334/334/334
f 311/311/311 402/402/402 432/432/432
f 310/310/310 333/333/333 433/433/433
f 310/310/310 433/433/433 375/375/375
f 404/404/404 436/436/436 338/338/338
f 437/437/437 439/439/439 236/236/236
f 442/442/442 444/444/444 446/446/446
f 437/437/437 236/236/236 234/234/234
f 26/26/26 382/382/382 339/339/339
f 57/57/57 447/447/447 314/314/314
f 383/383/383 449/449/449 384/384/384
f 383/383/383 92/92/92 449/449/449
f 144/144/144 342/342/342 269/269/269
f 142/142/142 268/268/268 210/210/210
f 269/269/269 409/409/409 276/276/276
f 277/277/277 155/155/155 451/451/451
f 170/170/170 454/454/454 171/171/171
f 98/98/98 418/418/418 170/170/170
f 159/159/159 322/322/322 422/422/422
f 244/244/244 350/350/350 400/400/400
f 189/189/189 455/455/455 352/352/352
f 188/188/188 351/351/351 327/327/327
f 356/356/356 285/285/285 114/114/114
f 115/115/115 138/138/138 461/461/461
f 138/138/138 264/264/264 461/461/461
f 202/202/202 364/364/364 367/367/367
f 233/233/233 299/299/299 263/263/263
f 370/370/370 464/464/464 232/232/232
f 337/337/337 467/467/467 444/444/444
f 443/443/443 465/465/465 445/445/445
f 445/445/445 465/465/465 441/441/441
f 235/235/235 339/339/339 438/438/438
f 58/58/58 468/468/468 448/448/448
f 211/211/211 392/392/392 341/341/341
f 344/344/344 348/348/348 470/470/470
f 470/470/470 348/348/348 390/390/390
f 148/148/148 278/278/278 472/472/472
f 386/386/386 273/273/273 389/389/389
f 452/452/452 156/156/156 473/473/473
f 410/410/410 474/474/474 475/475/475
f 410/410/410 476/476/476 411/411/411
f 280/280/280 171/171/171 394/394/394
f 213/213/213 394/394/394 479/479/479
f 396/396/396 213/213/213 479/479/479
f 170/170/170 418/418/418 454/454/454
f 480/480/480 419/419/419 415/415/415
f 399/399/399 281/281/281 483/483/483
f 162/162/162 485/485/485 421/421/421
f 361/361/361 491/491/491 428/428/428
f 161/161/161 327/327/327 484/484/484
f 361/361/361 363/363/363 491/491/491
f 190/190/190 353/353/353 456/456/456
f 420/420/420 400/400/400 493/493/493
f 359/359/359 427/427/427 362/362/362
f 361/361/361 428/428/428 332/332/332
f 354/354/354 495/495/495 499/499/499
f 498/498/498 494/494/494 351/351/351
f 500/500/500 501/501/501 503/503/503
f 298/298/298 506/506/506 116/116/116
f 329/329/329 508/508/508 297/297/297
f 461/461/461 497/497/497 115/115/115
f 369/369/369 431/431/431 403/403/403
f 232/232/232 464/464/464 298/298/298
f 333/333/333 510/510/510 433/433/433
f 337/337/337 513/513/513 335/335/335
f 406/406/406 516/516/516 370/370/370
f 405/405/405 376/376/376 515/515/515
f 337/337/337 444/444/444 513/513/513
f 442/442/442 467/467/467 444/444/444
f 58/58/58 236/236/236 468/468/468
f 93/93/93 340/340/340 450/450/450
f 469/469/469 408/408/408 343/343/343
f 277/277/277 451/451/451 471/471/471
f 410/410/410 475/475/475 476/476/476
f 474/474/474 518/518/518 520/520/520
f 410/410/410 413/413/413 474/474/474
f 474/474/474 413/413/413 518/518/518
f 454/454/454 394/394/394 171/171/171
f 395/395/395 478/478/478 415/415/415
f 179/179/179 522/522/522 319/319/319
f 480/480/480 524/524/524 419/419/419
f 327/327/327 351/351/351 484/484/484
f 400/400/400 350/350/350 493/493/493
f 355/355/355 527/527/527 496/496/496
f 351/351/351 494/494/494 526/526/526
f 500/500/500 503/503/503 530/530/530
f 252/252/252 331/331/331 427/427/427
f 533/533/533 500/500/500 530/530/530
f 500/500/500 535/535/535 501/501/501
f 115/115/115 497/497/497 538/538/538
f 117/117/117 540/540/540 431/431/431
f 264/264/264 541/541/541 461/461/461
f 265/265/265 544/544/544 543/543/543
f 500/500/500 546/546/546 535/535/535
f 432/432/432 402/402/402 547/547/547
f 432/432/432 547/547/547 334/334/334
f 404/404/404 549/549/549 436/436/436
f 335/335/335 513/513/513 551/551/551
f 370/370/370 516/516/516 464/464/464
f 336/336/336 434/434/434 552/552/552
f 433/433/433 510/510/510 375/375/375
f 336/336/336 552/552/552 466/466/466
f 444/444/444 467/467/467 513/513/513
f 379/379/379 555/555/555 340/340/340
f 380/380/380 92/92/92 384/384/384
f 344/344/344 409/409/409 557/557/557
f 344/344/344 557/557/557 346/346/346
f 408/408/408 469/469/469 559/559/559
f 407/407/407 558/558/558 154/154/154
f 148/148/148 472/472/472 391/391/391
f 472/472/472 452/452/452 473/473/473
f 561/561/561 564/564/564 568/568/568
f 561/561/561 568/568/568 570/570/570
f 561/561/561 571/571/571 564/564/564
f 415/415/415 573/573/573 575/575/575
f 577/577/577 579/579/579 581/581/581
f 480/480/480 415/415/415 575/575/575
f 480/480/480 575/575/575 585/585/585
f 577/577/577 581/581/581 575/575/575
f 581/581/581 579/579/579 588/588/588
f 179/179/179 524/524/524 522/522/522
f 179/179/179 419/419/419 524/524/524
f 581/581/581 588/588/588 589/589/589
f 351/351/351 526/526/526 484/484/484
f 355/355/355 536/536/536 527/527/527
f 356/356/356 114/114/114 537/537/537
f 528/528/528 497/497/497 541/541/541
f 503/503/503 501/501/501 591/591/591
f 497/497/497 528/528/528 538/538/538
f 298/298/298 509/509/509 506/506/506
f 402/402/402 429/429/429 547/547/547
f 265/265/265 335/335/335 544/544/544
f 404/404/404 366/366/366 594/594/594
f 500/500/500 533/533/533 596/596/596
f 335/335/335 435/435/435 544/544/544
f 404/404/404 594/594/594 549/549/549
f 334/334/334 547/547/547 511/511/511
f 335/335/335 551/551/551 435/435/435
f 515/515/515 376/376/376 512/512/512
f 555/555/555 450/450/450 340/340/340
f 156/156/156 559/559/559 473/473/473
f 474/474/474 520/520/520 475/475/475
f 413/413/413 597/597/597 518/518/518
f 599/599/599 393/393/393 453/453/453
f 416/416/416 601/601/601 574/574/574
f 577/577/577 575/575/575 602/602/602
f 578/578/578 603/603/603 605/605/605
f 580/580/580 607/607/607 609/609/609
f 561/561/561 611/611/611 571/571/571
f 159/159/159 422/422/422 614/614/614
f 160/160/160 615/615/615 323/323/323
f 586/586/586 576/576/576 618/618/618
f 580/580/580 609/609/609 622/622/622
f 581/581/581 625/625/625 575/575/575
f 579/579/579 589/589/589 588/588/588
f 320/320/320 523/523/523 350/350/350
f 362/362/362 627/627/627 490/490/490
f 427/427/427 627/627/627 362/362/362
f 116/116/116 506/506/506 539/539/539
f 330/330/330 628/628/628 509/509/509
f 541/541/541 497/497/497 461/461/461
f 501/501/501 535/535/535 632/632/632
f 535/535/535 634/634/634 635/635/635
f 534/534/534 637/637/637 639/639/639
f 533/533/533 638/638/638 596/596/596
f 512/512/512 640/640/640 515/515/515
f 438/438/438 645/645/645 440/440/440
f 439/439/439 646/646/646 236/236/236
f 467/467/467 649/649/649 513/513/513
f 513/513/513 649/649/649 554/554/554
f 466/466/466 552/552/552 648/648/648
f 273/273/273 345/345/345 650/650/650
f 394/394/394 600/600/600 651/651/651
f 600/600/600 454/454/454 651/651/651
f 416/416/416 479/479/479 652/652/652
f 418/418/418 653/653/653 454/454/454
f 579/579/579 577/577/577 606/606/606
f 569/569/569 567/567/567 560/560/560
f 565/565/565 572/572/572 657/657/657
f 572/572/572 661/661/661 657/657/657
f 562/562/562 662/662/662 613/613/613
f 423/423/423 323/323/323 615/615/615
f 575/575/575 625/625/625 617/617/617
f 579/579/579 621/621/621 589/589/589
f 282/282/282 489/489/489 293/293/293
f 420/420/420 493/493/493 663/663/663
f 541/541/541 486/486/486 528/528/528
f 504/504/504 592/592/592 664/664/664
f 543/543/543 544/544/544 488/488/488
f 592/592/592 502/502/502 667/667/667
f 330/330/330 298/298/298 628/628/628
f 367/367/367 364/364/364 669/669/669
f 534/534/534 532/532/532 671/671/671
f 367/367/367 669/669/669 674/674/674
f 534/534/534 671/671/671 637/637/637
f 548/548/548 675/675/675 544/544/544
f 436/436/436 549/549/549 545/545/545
f 549/549/549 594/594/594 676/676/676
f 546/546/546 634/634/634 535/535/535
f 434/434/434 677/677/677 552/552/552
f 435/435/435 551/551/551 678/678/678
f 514/514/514 679/679/679 462/462/462
f 500/500/500 596/596/596 546/546/546
f 513/513/513 554/554/554 551/551/551
f 447/447/447 681/681/681 314/314/314
f 472/472/472 473/473/473 391/391/391
f 473/473/473 684/684/684 391/391/391
f 687/687/687 689/689/689 691/691/691
f 687/687/687 692/692/692 689/689/689
f 518/518/518 597/597/597 695/695/695
f 413/413/413 697/697/697 597/597/597
f 479/479/479 394/394/394 652/652/652
f 601/601/601 416/416/416 652/652/652
f 601/601/601 603/603/603 574/574/574
f 577/577/577 604/604/604 606/606/606
f 568/568/568 699/699/699 561/561/561
f 573/573/573 602/602/602 575/575/575
f 562/562/562 701/701/701 662/662/662
f 610/610/610 703/703/703 705/705/705
f 582/582/582 619/619/619 626/626/626
f 609/609/609 706/706/706 622/622/622
f 587/587/587 709/709/709 481/481/481
f 352/352/352 455/455/455 710/710/710
f 420/420/420 663/663/663 281/281/281
f 293/293/293 489/489/489 717/717/717
f 489/489/489 719/719/719 717/717/717
f 350/350/350 523/523/523 721/721/721
f 584/584/584 590/590/590 665/665/665
f 349/349/349 720/720/720 492/492/492
f 509/509/509 723/723/723 506/506/506
f 505/505/505 729/729/729 531/531/531
f 364/364/364 293/293/293 669/669/669
f 298/298/298 430/430/430 628/628/628
f 632/632/632 535/535/535 635/635/635
f 365/365/365 672/672/672 593/593/593
f 298/298/298 464/464/464 430/430/430
f 429/429/429 730/730/730 547/547/547
f 547/547/547 730/730/730 511/511/511
f 552/552/552 677/677/677 550/550/550
f 638/638/638 636/636/636 737/737/737
f 515/515/515 463/463/463 680/680/680
f 515/515/515 640/640/640 463/463/463
f 439/439/439 643/643/643 646/646/646
f 438/438/438 339/339/339 645/645/645
f 448/448/448 468/468/468 682/682/682
f 449/449/449 739/739/739 384/384/384
f 345/345/345 556/556/556 650/650/650
f 475/475/475 520/520/520 687/687/687
f 477/477/477 745/745/745 412/412/412
f 454/454/454 653/653/653 651/651/651
f 568/568/568 747/747/747 699/699/699
f 609/609/609 607/607/607 702/702/702
f 562/562/562 700/700/700 748/748/748
f 562/562/562 748/748/748 701/701/701
f 701/701/701 748/748/748 749/749/749
f 701/701/701 749/749/749 662/662/662
f 703/703/703 750/750/750 705/705/705
f 610/610/610 752/752/752 707/707/707
f 586/586/586 618/618/618 708/708/708
f 357/357/357 711/711/711 457/457/457
f 488/488/488 675/675/675 718/718/718
f 488/488/488 544/544/544 675/675/675
f 624/624/624 755/755/755 590/590/590
f 663/663/663 493/493/493 757/757/757
f 528/528/528 541/541/541 712/712/712
f 542/542/542 529/529/529 759/759/759
f 505/505/505 756/756/756 729/729/729
f 509/509/509 628/628/628 723/723/723
f 502/502/502 633/633/633 667/667/667
f 673/673/673 668/668/668 594/594/594
f 551/551/551 678/678/678 554/554/554
f 634/634/634 763/763/763 635/635/635
f 638/638/638 737/737/737 766/766/766
f 634/634/634 644/644/644 763/763/763
f 634/634/634 546/546/546 644/644/644
f 546/546/546 647/647/647 644/644/644
f 596/596/596 638/638/638 768/768/768
f 638/638/638 766/766/766 768/768/768
f 595/595/595 769/769/769 772/772/772
f 236/236/236 774/774/774 468/468/468
f 378/378/378 314/314/314 776/776/776
f 392/392/392 780/780/780 341/341/341
f 273/273/273 650/650/650 389/389/389
f 391/391/391 684/684/684 779/779/779
f 781/781/781 783/783/783 691/691/691
f 691/691/691 689/689/689 781/781/781
f 696/696/696 598/598/598 787/787/787
f 601/601/601 652/652/652 603/603/603
f 788/788/788 790/790/790 566/566/566
f 564/564/564 789/789/789 568/568/568
f 653/653/653 418/418/418 792/792/792
f 662/662/662 749/749/749 793/793/793
f 749/749/749 748/748/748 793/793/793
f 563/563/563 654/654/654 794/794/794
f 750/750/750 799/799/799 705/705/705
f 705/705/705 799/799/799 801/801/801
f 282/282/282 803/803/803 489/489/489
f 398/398/398 482/482/482 397/397/397
f 705/705/705 752/752/752 610/610/610
f 623/623/623 707/707/707 805/805/805
f 719/719/719 809/809/809 717/717/717
f 663/663/663 757/757/757 281/281/281
f 716/716/716 807/807/807 292/292/292
f 483/483/483 281/281/281 810/810/810
f 810/810/810 281/281/281 757/757/757
f 541/541/541 758/758/758 712/712/712
f 664/664/664 592/592/592 754/754/754
f 431/431/431 540/540/540 724/724/724
f 505/505/505 666/666/666 756/756/756
f 512/512/512 731/731/731 640/640/640
f 677/677/677 811/811/811 552/552/552
f 736/736/736 813/813/813 765/765/765
f 554/554/554 817/817/817 551/551/551
f 554/554/554 819/819/819 817/817/817
f 596/596/596 773/773/773 546/546/546
f 596/596/596 768/768/768 771/771/771
f 236/236/236 646/646/646 820/820/820
f 236/236/236 820/820/820 774/774/774
f 339/339/339 382/382/382 825/825/825
f 379/379/379 777/777/777 555/555/555
f 450/450/450 555/555/555 740/740/740
f 382/382/382 381/381/381 828/828/828
f 380/380/380 384/384/384 826/826/826
f 409/409/409 830/830/830 557/557/557
f 388/388/388 559/559/559 469/469/469
f 687/687/687 831/831/831 475/475/475
f 693/693/693 836/836/836 839/839/839
f 687/687/687 834/834/834 692/692/692
f 687/687/687 520/520/520 834/834/834
f 517/517/517 694/694/694 840/840/840
f 608/608/608 605/605/605 704/704/704
f 568/568/568 789/789/789 747/747/747
f 704/704/704 844/844/844 751/751/751
f 798/798/798 788/788/788 566/566/566
f 426/426/426 660/660/660 616/616/616
f 615/615/615 658/658/658 423/423/423
f 797/797/797 656/656/656 846/846/846
f 283/283/283 426/426/426 804/804/804
f 491/491/491 797/797/797 428/428/428
f 490/490/490 627/627/627 795/795/795
f 613/613/613 662/662/662 848/848/848
f 707/707/707 752/752/752 805/805/805
f 620/620/620 755/755/755 709/709/709
f 849/849/849 752/752/752 705/705/705
f 507/507/507 852/852/852 540/540/540
f 529/529/529 713/713/713 759/759/759
f 584/584/584 755/755/755 620/620/620
f 523/523/523 857/857/857 721/721/721
f 523/523/523 859/859/859 857/857/857
f 523/523/523 525/525/525 859/859/859
f 506/506/506 723/723/723 851/851/851
f 493/493/493 721/721/721 757/757/757
f 583/583/583 664/664/664 754/754/754
f 665/665/665 590/590/590 755/755/755
f 293/293/293 809/809/809 862/862/862
f 293/293/293 862/862/862 669/669/669
f 594/594/594 668/668/668 864/864/864
f 464/464/464 641/641/641 430/430/430
f 734/734/734 870/870/870 642/642/642
f 678/678/678 551/551/551 812/812/812
f 552/552/552 811/811/811 871/871/871
f 552/552/552 871/871/871 815/815/815
f 637/637/637 814/814/814 738/738/738
f 553/553/553 816/816/816 876/876/876
f 670/670/670 878/878/878 879/879/879
f 773/773/773 647/647/647 546/546/546
f 671/671/671 880/880/880 637/637/637
f 553/553/553 876/876/876 818/818/818
f 339/339/339 882/882/882 645/645/645
f 883/883/883 647/647/647 884/884/884
f 315/315/315 884/884/884 778/778/778
f 468/468/468 774/774/774 885/885/885
f 384/384/384 739/739/739 826/826/826
f 409/409/409 269/269/269 830/830/830
f 473/473/473 559/559/559 887/887/887
f 559/559/559 889/889/889 887/887/887
f 891/891/891 893/893/893 897/897/897
f 687/687/687 691/691/691 902/902/902
f 475/475/475 831/831/831 476/476/476
f 690/690/690 839/839/839 782/782/782
f 690/690/690 693/693/693 839/839/839
f 521/521/521 905/905/905 835/835/835
f 517/517/517 907/907/907 519/519/519
f 747/747/747 789/789/789 911/911/911
f 747/747/747 911/911/911 912/912/912
f 394/394/394 918/918/918 652/652/652
f 603/603/603 652/652/652 921/921/921
f 605/605/605 603/603/603 704/704/704
f 747/747/747 912/912/912 699/699/699
f 651/651/651 653/653/653 922/922/922
f 748/748/748 700/700/700 924/924/924
f 793/793/793 748/748/748 924/924/924
f 797/797/797 846/846/846 428/428/428
f 572/572/572 612/612/612 661/661/661
f 718/718/718 675/675/675 808/808/808
f 805/805/805 752/752/752 925/925/925
f 753/753/753 850/850/850 926/926/926
f 849/849/849 705/705/705 927/927/927
f 540/540/540 930/930/930 724/724/724
f 481/481/481 709/709/709 859/859/859
f 481/481/481 859/859/859 525/525/525
f 624/624/624 806/806/806 755/755/755
f 632/632/632 635/635/635 934/934/934
f 635/635/635 763/763/763 934/934/934
f 430/430/430 641/641/641 869/869/869
f 531/531/531 878/878/878 670/670/670
f 551/551/551 872/872/872 812/812/812
f 551/551/551 817/817/817 872/872/872
f 773/773/773 936/936/936 647/647/647
f 768/768/768 766/766/766 771/771/771
f 773/773/773 937/937/937 936/936/936
f 771/771/771 937/937/937 773/773/773
f 884/884/884 647/647/647 936/936/936
f 936/936/936 937/937/937 778/778/778
f 778/778/778 937/937/937 938/938/938
f 884/884/884 939/939/939 883/883/883
f 555/555/555 777/777/777 940/940/940
f 315/315/315 683/683/683 884/884/884
f 468/468/468 885/885/885 682/682/682
f 780/780/780 943/943/943 341/341/341
f 388/388/388 889/889/889 559/559/559
f 779/779/779 684/684/684 945/945/945
f 473/473/473 887/887/887 684/684/684
f 901/901/901 896/896/896 686/686/686
f 898/898/898 947/947/947 892/892/892
f 691/691/691 783/783/783 948/948/948
f 688/688/688 903/903/903 833/833/833
f 521/521/521 908/908/908 905/905/905
f 414/414/414 412/412/412 949/949/949
f 951/951/951 840/840/840 694/694/694
f 597/597/597 697/697/697 953/953/953
f 785/785/785 597/597/597 953/953/953
f 394/394/394 651/651/651 918/918/918
f 699/699/699 912/912/912 923/923/923
f 704/704/704 603/603/603 844/844/844
f 750/750/750 956/956/956 799/799/799
f 798/798/798 959/959/959 788/788/788
f 427/427/427 845/845/845 627/627/627
f 800/800/800 961/961/961 802/802/802
f 713/713/713 458/458/458 759/759/759
f 963/963/963 721/721/721 857/857/857
f 705/705/705 801/801/801 927/927/927
f 858/858/858 966/966/966 856/856/856
f 850/850/850 929/929/929 926/926/926
f 592/592/592 727/727/727 754/754/754
f 594/594/594 864/864/864 676/676/676
f 592/592/592 667/667/667 727/727/727
f 864/864/864 668/668/668 861/861/861
f 431/431/431 724/724/724 629/629/629
f 724/724/724 733/733/733 629/629/629
f 633/633/633 935/935/935 667/667/667
f 819/819/819 877/877/877 817/817/817
f 645/645/645 882/882/882 968/968/968
f 637/637/637 880/880/880 971/971/971
f 821/821/821 647/647/647 883/883/883
f 771/771/771 766/766/766 973/973/973
f 821/821/821 883/883/883 775/775/775
f 938/938/938 942/942/942 778/778/778
f 555/555/555 940/940/940 974/974/974
f 555/555/555 974/974/974 740/740/740
f 948/948/948 899/899/899 691/691/691
f 892/892/892 947/947/947 894/894/894
f 691/691/691 978/978/978 902/902/902
f 477/477/477 832/832/832 980/980/980
f 477/477/477 980/980/980 745/745/745
f 951/951/951 983/983/983 840/840/840
f 952/952/952 696/696/696 985/985/985
f 987/987/987 991/991/991 993/993/993
f 785/785/785 953/953/953 993/993/993
f 911/911/911 995/995/995 912/912/912
f 789/789/789 997/997/997 911/911/911
f 652/652/652 918/918/918 1000/1000/1000
f 751/751/751 1001/1001/1001 1002/1002/1002
f 751/751/751 1002/1002/1002 1003/1003/1003
f 751/751/751 1003/1003/1003 958/958/958
f 426/426/426 1004/1004/1004 660/660/660
f 793/793/793 924/924/924 1005/1005/1005
f 662/662/662 793/793/793 1005/1005/1005
f 961/961/961 1006/1006/1006 802/802/802
f 540/540/540 852/852/852 930/930/930
f 964/964/964 1010/1010/1010 722/722/722
f 847/847/847 1011/1011/1011 612/612/612
f 802/802/802 1013/1013/1013 928/928/928
f 709/709/709 755/755/755 1018/1018/1018
f 755/755/755 728/728/728 1018/1018/1018
f 667/667/667 1019/1019/1019 727/727/727
f 430/430/430 869/869/869 732/732/732
f 878/878/878 531/531/531 1021/1021/1021
f 763/763/763 1022/1022/1022 934/934/934
f 879/879/879 878/878/878 1025/1025/1025
f 767/767/767 814/814/814 1028/1028/1028
f 879/879/879 1025/1025/1025 970/970/970
f 637/637/637 1029/1029/1029 814/814/814
f 766/766/766 1027/1027/1027 1031/1031/1031
f 339/339/339 825/825/825 882/882/882
f 637/637/637 971/971/971 1029/1029/1029
f 766/766/766 1031/1031/1031 1033/1033/1033
f 778/778/778 884/884/884 936/936/936
f 883/883/883 886/886/886 775/775/775
f 884/884/884 683/683/683 939/939/939
f 683/683/683 886/886/886 939/939/939
f 938/938/938 937/937/937 1034/1034/1034
f 942/942/942 938/938/938 1035/1035/1035
f 382/382/382 828/828/828 825/825/825
f 942/942/942 1035/1035/1035 744/744/744
f 342/342/342 944/944/944 269/269/269
f 389/389/389 650/650/650 890/890/890
f 780/780/780 946/946/946 943/943/943
f 899/899/899 978/978/978 691/691/691
f 907/907/907 517/517/517 1036/1036/1036
f 698/698/698 1040/1040/1040 954/954/954
f 787/787/787 1043/1043/1043 696/696/696
f 993/993/993 991/991/991 785/785/785
f 995/995/995 1044/1044/1044 912/912/912
f 652/652/652 1000/1000/1000 921/921/921
f 656/656/656 1004/1004/1004 846/846/846
f 660/660/660 1004/1004/1004 656/656/656
f 659/659/659 655/655/655 803/803/803
f 751/751/751 844/844/844 1001/1001/1001
f 788/788/788 1046/1046/1046 790/790/790
f 1047/1047/1047 1050/1050/1050 913/913/913
f 426/426/426 660/660/660 804/804/804
f 788/788/788 959/959/959 1046/1046/1046
f 426/426/426 460/460/460 1055/1055/1055
f 924/924/924 1005/1005/1005 793/793/793
f 800/800/800 1058/1058/1058 961/961/961
f 795/795/795 627/627/627 1059/1059/1059
f 627/627/627 1061/1061/1061 1059/1059/1059
f 460/460/460 1069/1069/1069 1055/1055/1055
f 425/425/425 487/487/487 1070/1070/1070
f 845/845/845 1061/1061/1061 627/627/627
f 798/798/798 1078/1078/1078 959/959/959
f 714/714/714 1064/1064/1064 459/459/459
f 848/848/848 662/662/662 1080/1080/1080
f 962/962/962 966/966/966 1053/1053/1053
f 802/802/802 1006/1006/1006 1013/1013/1013
f 962/962/962 856/856/856 966/966/966
f 757/757/757 721/721/721 1009/1009/1009
f 863/863/863 860/860/860 1082/1082/1082
f 755/755/755 806/806/806 1085/1085/1085
f 709/709/709 1087/1087/1087 859/859/859
f 483/483/483 810/810/810 1090/1090/1090
f 878/878/878 1092/1092/1092 1025/1025/1025
f 762/762/762 1095/1095/1095 1096/1096/1096
f 645/645/645 968/968/968 764/764/764
f 1094/1094/1094 761/761/761 967/967/967
f 1030/1030/1030 1026/1026/1026 1032/1032/1032
f 766/766/766 1033/1033/1033 973/973/973
f 886/886/886 883/883/883 939/939/939
f 941/941/941 741/741/741 975/975/975
f 938/938/938 1034/1034/1034 1098/1098/1098
f 938/938/938 1099/1099/1099 1035/1035/1035
f 1101/1101/1101 1102/1102/1102 828/828/828
f 1100/1100/1100 827/827/827 744/744/744
f 1103/1103/1103 1100/1100/1100 1035/1035/1035
f 1103/1103/1103 1104/1104/1104 1100/1100/1100
f 896/896/896 1107/1107/1107 686/686/686
f 414/414/414 1040/1040/1040 698/698/698
f 994/994/994 1041/1041/1041 990/990/990
f 989/989/989 1108/1108/1108 1112/1112/1112
f 988/988/988 1111/1111/1111 992/992/992
f 1114/1114/1114 1044/1044/1044 995/995/995
f 911/911/911 997/997/997 995/995/995
f 923/923/923 912/912/912 1044/1044/1044
f 603/603/603 921/921/921 1116/1116/1116
f 603/603/603 1118/1118/1118 844/844/844
f 846/846/846 1004/1004/1004 1055/1055/1055
f 1002/1002/1002 1001/1001/1001 1003/1003/1003
f 1004/1004/1004 426/426/426 1055/1055/1055
f 612/612/612 1121/1121/1121 661/661/661
f 1049/1049/1049 917/917/917 962/962/962
f 800/800/800 957/957/957 1058/1058/1058
f 962/962/962 1053/1053/1053 1049/1049/1049
f 489/489/489 803/803/803 1073/1073/1073
f 796/796/796 1060/1060/1060 1122/1122/1122
f 961/961/961 1058/1058/1058 1006/1006/1006
f 796/796/796 1122/1122/1122 1076/1076/1076
f 458/458/458 1063/1063/1063 759/759/759
f 675/675/675 1071/1071/1071 808/808/808
f 933/933/933 1126/1126/1126 1129/1129/1129
f 715/715/715 760/760/760 1066/1066/1066
f 724/724/724 930/930/930 852/852/852
f 931/931/931 1128/1128/1128 853/853/853
f 676/676/676 864/864/864 1072/1072/1072
f 709/709/709 1018/1018/1018 1087/1087/1087
f 725/725/725 630/630/630 1130/1130/1130
f 862/862/862 1134/1134/1134 1083/1083/1083
f 757/757/757 1009/1009/1009 810/810/810
f 727/727/727 1019/1019/1019 1017/1017/1017
f 755/755/755 1085/1085/1085 728/728/728
f 929/929/929 1135/1135/1135 926/926/926
f 1023/1023/1023 1137/1137/1137 935/935/935
f 1094/1094/1094 967/967/967 881/881/881
f 1029/1029/1029 1028/1028/1028 814/814/814
f 1094/1094/1094 881/881/881 822/822/822
f 973/973/973 1141/1141/1141 771/771/771
f 937/937/937 771/771/771 1034/1034/1034
f 828/828/828 1102/1102/1102 825/825/825
f 938/938/938 1098/1098/1098 1099/1099/1099
f 1100/1100/1100 744/744/744 1035/1035/1035
f 1103/1103/1103 1035/1035/1035 1142/1142/1142
f 945/945/945 684/684/684 1105/1105/1105
f 685/685/685 1145/1145/1145 900/900/900
f 833/833/833 903/903/903 1147/1147/1147
f 833/833/833 1147/1147/1147 981/981/981
f 1150/1150/1150 841/841/841 984/984/984
f 985/985/985 696/696/696 1153/1153/1153
f 994/994/994 955/955/955 1041/1041/1041
f 786/786/786 1155/1155/1155 1157/1157/1157
f 1114/1114/1114 995/995/995 1160/1160/1160
f 603/603/603 1116/1116/1116 1118/1118/1118
f 651/651/651 922/922/922 918/918/918
f 844/844/844 1162/1162/1162 1001/1001/1001
f 656/656/656 660/660/660 804/804/804
f 653/653/653 792/792/792 1163/1163/1163
f 1001/1001/1001 1162/1162/1162 1003/1003/1003
f 1049/1049/1049 917/917/917 1166/1166/1166
f 1048/1048/1048 1164/1164/1164 914/914/914
f 426/426/426 1074/1074/1074 1170/1170/1170
f 924/924/924 1171/1171/1171 1005/1005/1005
f 964/964/964 919/919/919 1173/1173/1173
f 1061/1061/1061 845/845/845 1174/1174/1174
f 426/426/426 1170/1170/1170 1069/1069/1069
f 458/458/458 424/424/424 1063/1063/1063
f 854/854/854 1177/1177/1177 932/932/932
f 1126/1126/1126 933/933/933 1178/1178/1178
f 1129/1129/1129 1126/1126/1126 855/855/855
f 864/864/864 1179/1179/1179 1072/1072/1072
f 612/612/612 1184/1184/1184 1121/1121/1121
f 482/482/482 1185/1185/1185 397/397/397
f 862/862/862 809/809/809 1134/1134/1134
f 612/612/612 1011/1011/1011 1184/1184/1184
f 1130/1130/1130 1188/1188/1188 725/725/725
f 725/725/725 1188/1188/1188 734/734/734
f 806/806/806 926/926/926 1191/1191/1191
f 926/926/926 1135/1135/1135 1191/1191/1191
f 531/531/531 729/729/729 1021/1021/1021
f 1192/1192/1192 1024/1024/1024 1193/1193/1193
f 1192/1192/1192 969/969/969 1024/1024/1024
f 823/823/823 1096/1096/1096 1095/1095/1095
f 1194/1194/1194 1196/1196/1196 1027/1027/1027
f 1033/1033/1033 1027/1027/1027 1196/1196/1196
f 1029/1029/1029 971/971/971 1198/1198/1198
f 971/971/971 1202/1202/1202 1198/1198/1198
f 1139/1139/1139 972/972/972 1203/1203/1203
f 1204/1204/1204 973/973/973 1141/1141/1141
f 770/770/770 1140/1140/1140 1205/1205/1205
f 771/771/771 1206/1206/1206 1034/1034/1034
f 1035/1035/1035 1099/1099/1099 1142/1142/1142
f 684/684/684 887/887/887 1143/1143/1143
f 979/979/979 900/900/900 1148/1148/1148
f 782/782/782 1208/1208/1208 784/784/784
f 835/835/835 1209/1209/1209 838/838/838
f 835/835/835 1211/1211/1211 1209/1209/1209
f 905/905/905 1211/1211/1211 835/835/835
f 517/517/517 840/840/840 1036/1036/1036
f 414/414/414 949/949/949 1040/1040/1040
f 990/990/990 1041/1041/1041 1109/1109/1109
f 696/696/696 1214/1214/1214 1153/1153/1153
f 696/696/696 1043/1043/1043 1214/1214/1214
f 1114/1114/1114 1160/1160/1160 1215/1215/1215
f 1045/1045/1045 1217/1217/1217 924/924/924
f 653/653/653 1218/1218/1218 922/922/922
f 921/921/921 1000/1000/1000 1220/1220/1220
f 803/803/803 659/659/659 1073/1073/1073
f 845/845/845 1054/1054/1054 1174/1174/1174
f 1051/1051/1051 1221/1221/1221 915/915/915
f 1062/1062/1062 1175/1175/1175 1060/1060/1060
f 1060/1060/1060 1175/1175/1175 1122/1122/1122
f 759/759/759 1063/1063/1063 1168/1168/1168
f 1178/1178/1178 1067/1067/1067 1126/1126/1126
f 662/662/662 1005/1005/1005 1080/1080/1080
f 965/965/965 1222/1222/1222 1052/1052/1052
f 1082/1082/1082 1133/1133/1133 863/863/863
f 809/809/809 865/865/865 1134/1134/1134
f 966/966/966 1228/1228/1228 1226/1226/1226
f 966/966/966 858/858/858 1228/1228/1228
f 806/806/806 1191/1191/1191 1085/1085/1085
f 1230/1230/1230 1233/1233/1233 1186/1186/1186
f 1229/1229/1229 1088/1088/1088 1235/1235/1235
f 734/734/734 1238/1238/1238 870/870/870
f 1240/1240/1240 1242/1242/1242 1244/1244/1244
f 1231/1231/1231 1236/1236/1236 1242/1242/1242
f 763/763/763 1246/1246/1246 1022/1022/1022
f 763/763/763 1097/1097/1097 1246/1246/1246
f 1024/1024/1024 1091/1091/1091 1248/1248/1248
f 1192/1192/1192 1250/1250/1250 969/969/969
f 1028/1028/1028 1253/1253/1253 1195/1195/1195
f 824/824/824 1254/1254/1254 1097/1097/1097
f 969/969/969 1250/1250/1250 1201/1201/1201
f 1194/1194/1194 1252/1252/1252 1196/1196/1196
f 1196/1196/1196 1252/1252/1252 1257/1257/1257
f 1201/1201/1201 1250/1250/1250 1197/1197/1197
f 1033/1033/1033 1196/1196/1196 1257/1257/1257
f 1033/1033/1033 1257/1257/1257 973/973/973
f 1258/1258/1258 1260/1260/1260 1199/1199/1199
f 1260/1260/1260 1262/1262/1262 1199/1199/1199
f 825/825/825 1102/1102/1102 1255/1255/1255
f 1141/1141/1141 973/973/973 1206/1206/1206
f 742/742/742 976/976/976 1264/1264/1264
f 896/896/896 1268/1268/1268 1107/1107/1107
f 948/948/948 783/783/783 895/895/895
f 1148/1148/1148 900/900/900 1270/1270/1270
f 904/904/904 979/979/979 1148/1148/1148
f 782/782/782 839/839/839 1208/1208/1208
f 745/745/745 980/980/980 1272/1272/1272
f 412/412/412 745/745/745 949/949/949
f 1109/1109/1109 1041/1041/1041 1276/1276/1276
f 1275/1275/1275 1277/1277/1277 1108/1108/1108
f 992/992/992 1111/1111/1111 1278/1278/1278
f 787/787/787 1159/1159/1159 1043/1043/1043
f 992/992/992 1278/1278/1278 787/787/787
f 1042/1042/1042 1158/1158/1158 1280/1280/1280
f 1161/1161/1161 996/996/996 998/998/998
f 1160/1160/1160 1281/1281/1281 1215/1215/1215
f 1114/1114/1114 1215/1215/1215 1283/1283/1283
f 1114/1114/1114 1283/1283/1283 1044/1044/1044
f 1217/1217/1217 1045/1045/1045 1284/1284/1284
f 790/790/790 1046/1046/1046 998/998/998
f 653/653/653 1163/1163/1163 1218/1218/1218
f 921/921/921 1220/1220/1220 1286/1286/1286
f 844/844/844 1288/1288/1288 1162/1162/1162
f 918/918/918 1167/1167/1167 1000/1000/1000
f 921/921/921 1291/1291/1291 1116/1116/1116
f 920/920/920 1292/1292/1292 1289/1289/1289
f 661/661/661 1121/1121/1121 1075/1075/1075
f 1286/1286/1286 1294/1294/1294 921/921/921
f 916/916/916 1223/1223/1223 1165/1165/1165
f 1176/1176/1176 1055/1055/1055 1069/1069/1069
f 417/417/417 1295/1295/1295 791/791/791
f 1056/1056/1056 1297/1297/1297 960/960/960
f 1177/1177/1177 854/854/854 1065/1065/1065
f 397/397/397 1300/1300/1300 417/417/417
f 760/760/760 1169/1169/1169 1066/1066/1066
f 1173/1173/1173 1303/1303/1303 964/964/964
f 964/964/964 1303/1303/1303 1306/1306/1306
f 809/809/809 1180/1180/1180 865/865/865
f 397/397/397 1185/1185/1185 1300/1300/1300
f 1182/1182/1182 866/866/866 1120/1120/1120
f 1187/1187/1187 483/483/483 1090/1090/1090
f 858/858/858 1086/1086/1086 1228/1228/1228
f 873/873/873 1307/1307/1307 1313/1313/1313
f 874/874/874 1314/1314/1314 1317/1317/1317
f 1317/1317/1317 1314/1314/1314 1308/1308/1308
f 1230/1230/1230 1186/1186/1186 1089/1089/1089
f 1090/1090/1090 810/810/810 1321/1321/1321
f 810/810/810 1245/1245/1245 1321/1321/1321
f 1319/1319/1319 1235/1235/1235 1088/1088/1088
f 929/929/929 1015/1015/1015 1135/1135/1135
f 1242/1242/1242 1320/1320/1320 1244/1244/1244
f 1236/1236/1236 1320/1320/1320 1242/1242/1242
f 1193/1193/1193 1024/1024/1024 1248/1248/1248
f 1192/1192/1192 1322/1322/1322 1250/1250/1250
f 1029/1029/1029 1253/1253/1253 1028/1028/1028
f 1029/1029/1029 1324/1324/1324 1253/1253/1253
f 1259/1259/1259 1200/1200/1200 1263/1263/1263
f 1259/1259/1259 1263/1263/1263 1261/1261/1261
f 743/743/743 1265/1265/1265 977/977/977
f 1102/1102/1102 1101/1101/1101 1326/1326/1326
f 1100/1100/1100 1104/1104/1104 1325/1325/1325
f 1103/1103/1103 1142/1142/1142 1327/1327/1327
f 1104/1104/1104 1103/1103/1103 1329/1329/1329
f 1103/1103/1103 1327/1327/1327 1329/1329/1329
f 650/650/650 556/556/556 1330/1330/1330
f 946/946/946 1107/1107/1107 1332/1332/1332
f 890/890/890 650/650/650 888/888/888
f 1145/1145/1145 1334/1334/1334 900/900/900
f 1274/1274/1274 1335/1335/1335 746/746/746
f 1041/1041/1041 950/950/950 1276/1276/1276
f 1108/1108/1108 1277/1277/1277 1112/1112/1112
f 1156/1156/1156 787/787/787 1159/1159/1159
f 1336/1336/1336 1338/1338/1338 1042/1042/1042
f 1042/1042/1042 1340/1340/1340 1336/1336/1336
f 1042/1042/1042 1280/1280/1280 1340/1340/1340
f 1216/1216/1216 1282/1282/1282 1342/1342/1342
f 1218/1218/1218 1163/1163/1163 1343/1343/1343
f 958/958/958 1003/1003/1003 1347/1347/1347
f 1171/1171/1171 924/924/924 1217/1217/1217
f 999/999/999 1228/1228/1228 1219/1219/1219
f 918/918/918 922/922/922 1172/1172/1172
f 999/999/999 1351/1351/1351 1226/1226/1226
f 957/957/957 1346/1346/1346 1058/1058/1058
f 1057/1057/1057 1345/1345/1345 1298/1298/1298
f 959/959/959 1352/1352/1352 1046/1046/1046
f 1069/1069/1069 1123/1123/1123 1176/1176/1176
f 1226/1226/1226 1351/1351/1351 1166/1166/1166
f 809/809/809 1073/1073/1073 1119/1119/1119
f 417/417/417 1300/1300/1300 1295/1295/1295
f 961/961/961 1299/1299/1299 1058/1058/1058
f 1069/1069/1069 1170/1170/1170 1355/1355/1355
f 1067/1067/1067 1353/1353/1353 1126/1126/1126
f 1126/1126/1126 1067/1067/1067 855/855/855
f 1127/1127/1127 1354/1354/1354 1068/1068/1068
f 809/809/809 1119/1119/1119 1180/1180/1180
f 964/964/964 1306/1306/1306 1010/1010/1010
f 959/959/959 1078/1078/1078 1356/1356/1356
f 734/734/734 1188/1188/1188 1238/1238/1238
f 868/868/868 1183/1183/1183 1357/1357/1357
f 1013/1013/1013 1006/1006/1006 1359/1359/1359
f 631/631/631 735/735/735 1131/1131/1131
f 732/732/732 869/869/869 1237/1237/1237
f 735/735/735 1239/1239/1239 1362/1362/1362
f 1184/1184/1184 1011/1011/1011 1358/1358/1358
f 810/810/810 1009/1009/1009 1245/1245/1245
f 1020/1020/1020 728/728/728 1018/1018/1018
f 1232/1232/1232 1365/1365/1365 1234/1234/1234
f 875/875/875 1318/1318/1318 1309/1309/1309
f 1019/1019/1019 667/667/667 1367/1367/1367
f 1019/1019/1019 1367/1367/1367 727/727/727
f 878/878/878 1021/1021/1021 1370/1370/1370
f 1022/1022/1022 1246/1246/1246 1136/1136/1136
f 1029/1029/1029 1198/1198/1198 1372/1372/1372
f 1206/1206/1206 973/973/973 1374/1374/1374
f 1034/1034/1034 1206/1206/1206 1374/1374/1374
f 944/944/944 830/830/830 269/269/269
f 946/946/946 1332/1332/1332 943/943/943
f 650/650/650 1330/1330/1330 888/888/888
f 1106/1106/1106 1375/1375/1375 1266/1266/1266
f 1107/1107/1107 1268/1268/1268 1376/1376/1376
f 896/896/896 1208/1208/1208 1268/1268/1268
f 784/784/784 1208/1208/1208 896/896/896
f 837/837/837 1377/1377/1377 1380/1380/1380
f 838/838/838 1209/1209/1209 1378/1378/1378
f 1274/1274/1274 910/910/910 1335/1335/1335
f 842/842/842 1151/1151/1151 1037/1037/1037
f 1112/1112/1112 1384/1384/1384 1386/1386/1386
f 1042/1042/1042 1338/1338/1338 1213/1213/1213
f 1280/1280/1280 1158/1158/1158 1387/1387/1387
f 1336/1336/1336 1340/1340/1340 1389/1389/1389
f 1340/1340/1340 1391/1391/1391 1393/1393/1393
f 1340/1340/1340 1280/1280/1280 1391/1391/1391
f 1215/1215/1215 1341/1341/1341 1283/1283/1283
f 843/843/843 1117/1117/1117 1394/1394/1394
f 1217/1217/1217 1398/1398/1398 1171/1171/1171
f 1288/1288/1288 844/844/844 1399/1399/1399
f 922/922/922 1218/1218/1218 1401/1401/1401
f 1166/1166/1166 1351/1351/1351 999/999/999
f 1219/1219/1219 1228/1228/1228 1285/1285/1285
f 1285/1285/1285 1228/1228/1228 1293/1293/1293
f 1292/1292/1292 1227/1227/1227 1289/1289/1289
f 1287/1287/1287 1403/1403/1403 1405/1405/1405
f 999/999/999 1226/1226/1226 1228/1228/1228
f 1172/1172/1172 922/922/922 1401/1401/1401
f 1074/1074/1074 1181/1181/1181 1170/1170/1170
f 1224/1224/1224 1407/1407/1407 1349/1349/1349
f 1170/1170/1170 1181/1181/1181 1412/1412/1412
f 1170/1170/1170 1412/1412/1412 1315/1315/1315
f 866/866/866 1412/1412/1412 1120/1120/1120
f 1005/1005/1005 1171/1171/1171 1080/1080/1080
f 1173/1173/1173 1415/1415/1415 1303/1303/1303
f 735/735/735 1189/1189/1189 1131/1131/1131
f 1016/1016/1016 1416/1416/1416 1086/1086/1086
f 735/735/735 1362/1362/1362 1189/1189/1189
f 1009/1009/1009 1419/1419/1419 1245/1245/1245
f 1085/1085/1085 1420/1420/1420 1422/1422/1422
f 848/848/848 1080/1080/1080 1424/1424/1424
f 848/848/848 1424/1424/1424 1012/1012/1012
f 1365/1365/1365 1232/1232/1232 1426/1426/1426
f 935/935/935 1137/1137/1137 1429/1429/1429
f 878/878/878 1431/1431/1431 1092/1092/1092
f 1257/1257/1257 1435/1435/1435 973/973/973
f 1102/1102/1102 1438/1438/1438 1255/1255/1255
f 1034/1034/1034 1439/1439/1439 1098/1098/1098
f 1098/1098/1098 1441/1441/1441 1099/1099/1099
f 1099/1099/1099 1441/1441/1441 1142/1142/1142
f 557/557/557 830/830/830 1331/1331/1331
f 1146/1146/1146 888/888/888 1330/1330/1330
f 900/900/900 1334/1334/1334 1270/1270/1270
f 839/839/839 1382/1382/1382 1208/1208/1208
f 1379/1379/1379 1210/1210/1210 1381/1381/1381
f 982/982/982 1444/1444/1444 1273/1273/1273
f 1212/1212/1212 906/906/906 1447/1447/1447
f 986/986/986 1448/1448/1448 1152/1152/1152
f 1112/1112/1112 1277/1277/1277 1450/1450/1450
f 1110/1110/1110 1449/1449/1449 1383/1383/1383
f 1279/1279/1279 1113/1113/1113 1453/1453/1453
f 1112/1112/1112 1386/1386/1386 1452/1452/1452
f 787/787/787 1278/1278/1278 1455/1455/1455
f 1387/1387/1387 1391/1391/1391 1280/1280/1280
f 1458/1458/1458 1459/1459/1459 1389/1389/1389
f 1389/1389/1389 1340/1340/1340 1458/1458/1458
f 1393/1393/1393 1458/1458/1458 1340/1340/1340
f 1458/1458/1458 1461/1461/1461 1459/1459/1459
f 1046/1046/1046 1465/1465/1465 998/998/998
f 1217/1217/1217 1466/1466/1466 1398/1398/1398
f 1115/1115/1115 1467/1467/1467 1117/1117/1117
f 1288/1288/1288 1406/1406/1406 1162/1162/1162
f 792/792/792 1296/1296/1296 1163/1163/1163
f 1218/1218/1218 1469/1469/1469 1401/1401/1401
f 1046/1046/1046 1352/1352/1352 1465/1465/1465
f 1404/1404/1404 1288/1288/1288 1406/1406/1406
f 1069/1069/1069 1355/1355/1355 1471/1471/1471
f 1181/1181/1181 1120/1120/1120 1412/1412/1412
f 1171/1171/1171 1398/1398/1398 1080/1080/1080
f 1173/1173/1173 1402/1402/1402 1415/1415/1415
f 1314/1314/1314 1411/1411/1411 1308/1308/1308
f 1311/1311/1311 1413/1413/1413 867/867/867
f 1132/1132/1132 1190/1190/1190 1474/1474/1474
f 1239/1239/1239 1189/1189/1189 1362/1362/1362
f 1013/1013/1013 1359/1359/1359 1475/1475/1475
f 1311/1311/1311 1477/1477/1477 1413/1413/1413
f 1419/1419/1419 1009/1009/1009 1481/1481/1481
f 1016/1016/1016 726/726/726 1416/1416/1416
f 1233/1233/1233 1482/1482/1482 1186/1186/1186
f 726/726/726 1084/1084/1084 1416/1416/1416
f 1233/1233/1233 1364/1364/1364 1482/1482/1482
f 935/935/935 1367/1367/1367 667/667/667
f 1244/1244/1244 1418/1418/1418 1240/1240/1240
f 1085/1085/1085 1191/1191/1191 1420/1420/1420
f 1015/1015/1015 1484/1484/1484 1135/1135/1135
f 1243/1243/1243 1430/1430/1430 1232/1232/1232
f 1243/1243/1243 1241/1241/1241 1430/1430/1430
f 935/935/935 1429/1429/1429 1240/1240/1240
f 1192/1192/1192 1193/1193/1193 1486/1486/1486
f 1093/1093/1093 1433/1433/1433 1249/1249/1249
f 1097/1097/1097 1437/1437/1437 1246/1246/1246
f 1097/1097/1097 1254/1254/1254 1437/1437/1437
f 1250/1250/1250 1488/1488/1488 1197/1197/1197
f 1029/1029/1029 1489/1489/1489 1324/1324/1324
f 1029/1029/1029 1372/1372/1372 1489/1489/1489
f 973/973/973 1435/1435/1435 1490/1490/1490
f 1034/1034/1034 1374/1374/1374 1439/1439/1439
f 1332/1332/1332 1492/1492/1492 943/943/943
f 1268/1268/1268 1332/1332/1332 1107/1107/1107
f 981/981/981 1147/1147/1147 1443/1443/1443
f 1273/1273/1273 1444/1444/1444 909/909/909
f 1448/1448/1448 986/986/986 1496/1496/1496
f 986/986/986 1154/1154/1154 1496/1496/1496
f 1450/1450/1450 1277/1277/1277 1497/1497/1497
f 1386/1386/1386 1384/1384/1384 1499/1499/1499
f 1213/1213/1213 1338/1338/1338 1501/1501/1501
f 1159/1159/1159 787/787/787 1455/1455/1455
f 1158/1158/1158 1454/1454/1454 1387/1387/1387
f 1337/1337/1337 1390/1390/1390 1504/1504/1504
f 1390/1390/1390 1463/1463/1463 1504/1504/1504
f 1390/1390/1390 1460/1460/1460 1463/1463/1463
f 1458/1458/1458 1505/1505/1505 1461/1461/1461
f 1393/1393/1393 1505/1505/1505 1458/1458/1458
f 1391/1391/1391 1505/1505/1505 1393/1393/1393
f 1392/1392/1392 1388/1388/1388 1506/1506/1506
f 1160/1160/1160 1507/1507/1507 1281/1281/1281
f 1342/1342/1342 1282/1282/1282 1511/1511/1511
f 1466/1466/1466 1217/1217/1217 1284/1284/1284
f 1163/1163/1163 1296/1296/1296 1343/1343/1343
f 1347/1347/1347 1003/1003/1003 1162/1162/1162
f 1115/1115/1115 1290/1290/1290 1416/1416/1416
f 1288/1288/1288 1399/1399/1399 1406/1406/1406
f 1225/1225/1225 1350/1350/1350 1408/1408/1408
f 1069/1069/1069 1188/1188/1188 1123/1123/1123
f 1069/1069/1069 1471/1471/1471 1188/1188/1188
f 1122/1122/1122 1512/1512/1512 1076/1076/1076
f 1355/1355/1355 1170/1170/1170 1471/1471/1471
f 1228/1228/1228 1416/1416/1416 1290/1290/1290
f 1086/1086/1086 1416/1416/1416 1228/1228/1228
f 1315/1315/1315 1471/1471/1471 1170/1170/1170
f 959/959/959 1515/1515/1515 1352/1352/1352
f 1315/1315/1315 1188/1188/1188 1471/1471/1471
f 1190/1190/1190 1473/1473/1473 1474/1474/1474
f 1315/1315/1315 1361/1361/1361 1188/1188/1188
f 1415/1415/1415 1516/1516/1516 1303/1303/1303
f 1303/1303/1303 1516/1516/1516 1306/1306/1306
f 1189/1189/1189 1362/1362/1362 1472/1472/1472
f 1310/1310/1310 1517/1517/1517 1315/1315/1315
f 1315/1315/1315 1517/1517/1517 1361/1361/1361
f 1316/1316/1316 1312/1312/1312 1414/1414/1414
f 1414/1414/1414 1478/1478/1478 1312/1312/1312
f 1312/1312/1312 1478/1478/1478 1520/1520/1520
f 1312/1312/1312 868/868/868 1478/1478/1478
f 729/729/729 1368/1368/1368 1021/1021/1021
f 1015/1015/1015 1523/1523/1523 1484/1484/1484
f 1370/1370/1370 1021/1021/1021 1524/1524/1524
f 1193/1193/1193 1528/1528/1528 1486/1486/1486
f 1193/1193/1193 1248/1248/1248 1531/1531/1531
f 1192/1192/1192 1486/1486/1486 1322/1322/1322
f 1250/1250/1250 1322/1322/1322 1488/1488/1488
f 1534/1534/1534 1197/1197/1197 1488/1488/1488
f 1256/1256/1256 1251/1251/1251 1434/1434/1434
f 1197/1197/1197 1535/1535/1535 1371/1371/1371
f 973/973/973 1536/1536/1536 1374/1374/1374
f 1098/1098/1098 1439/1439/1439 1537/1537/1537
f 1098/1098/1098 1537/1537/1537 1441/1441/1441
f 1145/1145/1145 1539/1539/1539 1334/1334/1334
f 1381/1381/1381 1210/1210/1210 1541/1541/1541
f 906/906/906 909/909/909 1447/1447/1447
f 1277/1277/1277 1275/1275/1275 1497/1497/1497
f 1214/1214/1214 1502/1502/1502 1153/1153/1153
f 1337/1337/1337 1544/1544/1544 1339/1339/1339
f 1337/1337/1337 1504/1504/1504 1544/1544/1544
f 1504/1504/1504 1463/1463/1463 1546/1546/1546
f 1462/1462/1462 1506/1506/1506 1548/1548/1548
f 1506/1506/1506 1388/1388/1388 1550/1550/1550
f 1281/1281/1281 1552/1552/1552 1553/1553/1553
f 1281/1281/1281 1507/1507/1507 1552/1552/1552
f 1282/1282/1282 1556/1556/1556 1511/1511/1511
f 1161/1161/1161 998/998/998 1558/1558/1558
f 998/998/998 1465/1465/1465 1558/1558/1558
f 1218/1218/1218 1343/1343/1343 1469/1469/1469
f 1406/1406/1406 1347/1347/1347 1162/1162/1162
f 1416/1416/1416 1467/1467/1467 1115/1115/1115
f 1117/1117/1117 1467/1467/1467 1394/1394/1394
f 1395/1395/1395 1399/1399/1399 844/844/844
f 1399/1399/1399 1347/1347/1347 1406/1406/1406
f 1299/1299/1299 1346/1346/1346 1058/1058/1058
f 1006/1006/1006 1058/1058/1058 1559/1559/1559
f 1130/1130/1130 1123/1123/1123 1188/1188/1188
f 1363/1363/1363 1474/1474/1474 1473/1473/1473
f 1364/1364/1364 1079/1079/1079 1482/1482/1482
f 1363/1363/1363 1518/1518/1518 1474/1474/1474
f 1312/1312/1312 1520/1520/1520 1518/1518/1518
f 1417/1417/1417 1085/1085/1085 1564/1564/1564
f 1085/1085/1085 1422/1422/1422 1564/1564/1564
f 1421/1421/1421 1565/1565/1565 1562/1562/1562
f 868/868/868 1357/1357/1357 1478/1478/1478
f 935/935/935 1240/1240/1240 1418/1418/1418
f 1426/1426/1426 1567/1567/1567 1365/1365/1365
f 1240/1240/1240 1429/1429/1429 1570/1570/1570
f 1232/1232/1232 1430/1430/1430 1426/1426/1426
f 1137/1137/1137 1572/1572/1572 1429/1429/1429
f 1138/1138/1138 1247/1247/1247 1573/1573/1573
f 1322/1322/1322 1574/1574/1574 1488/1488/1488
f 1251/1251/1251 1575/1575/1575 1434/1434/1434
f 1197/1197/1197 1534/1534/1534 1535/1535/1535
f 1102/1102/1102 1326/1326/1326 1438/1438/1438
f 1537/1537/1537 1577/1577/1577 1441/1441/1441
f 1579/1579/1579 1581/1581/1581 1584/1584/1584
f 1579/1579/1579 1584/1584/1584 1585/1585/1585
f 1580/1580/1580 1586/1586/1586 1587/1587/1587
f 830/830/830 944/944/944 1588/1588/1588
f 1590/1590/1590 1591/1591/1591 1145/1145/1145
f 1145/1145/1145 1591/1591/1591 1539/1539/1539
f 1334/1334/1334 1539/1539/1539 1593/1593/1593
f 1208/1208/1208 1596/1596/1596 1268/1268/1268
f 1334/1334/1334 1593/1593/1593 1270/1270/1270
f 1269/1269/1269 1597/1597/1597 1600/1600/1600
f 1381/1381/1381 1602/1602/1602 1207/1207/1207
f 1381/1381/1381 1603/1603/1603 1602/1602/1602
f 1541/1541/1541 1603/1603/1603 1381/1381/1381
f 1541/1541/1541 1210/1210/1210 1603/1603/1603
f 1443/1443/1443 1147/1147/1147 1604/1604/1604
f 1211/1211/1211 1607/1607/1607 1209/1209/1209
f 909/909/909 1444/1444/1444 1447/1447/1447
f 1384/1384/1384 1450/1450/1450 1610/1610/1610
f 1384/1384/1384 1610/1610/1610 1499/1499/1499
f 1504/1504/1504 1546/1546/1546 1612/1612/1612
f 1463/1463/1463 1549/1549/1549 1546/1546/1546
f 1161/1161/1161 1614/1614/1614 1510/1510/1510
f 1161/1161/1161 1558/1558/1558 1614/1614/1614
f 1395/1395/1395 1617/1617/1617 1399/1399/1399
f 1346/1346/1346 1559/1559/1559 1058/1058/1058
f 1410/1410/1410 1516/1516/1516 1619/1619/1619
f 1395/1395/1395 1468/1468/1468 1617/1617/1617
f 1516/1516/1516 1410/1410/1410 1306/1306/1306
f 1474/1474/1474 1125/1125/1125 1132/1132/1132
f 1482/1482/1482 1079/1079/1079 1301/1301/1301
f 1359/1359/1359 1620/1620/1620 1475/1475/1475
f 1360/1360/1360 1007/1007/1007 1621/1621/1621
f 1356/1356/1356 1515/1515/1515 959/959/959
f 1366/1366/1366 1626/1626/1626 1081/1081/1081
f 1008/1008/1008 1305/1305/1305 1629/1629/1629
f 1518/1518/1518 1520/1520/1520 1632/1632/1632
f 1186/1186/1186 1482/1482/1482 1301/1301/1301
f 1566/1566/1566 1422/1422/1422 1564/1564/1564
f 1014/1014/1014 1476/1476/1476 1521/1521/1521
f 1358/1358/1358 1011/1011/1011 1634/1634/1634
f 935/935/935 1418/1418/1418 1367/1367/1367
f 1135/1135/1135 1484/1484/1484 1635/1635/1635
f 1370/1370/1370 1524/1524/1524 1637/1637/1637
f 878/878/878 1370/1370/1370 1637/1637/1637
f 1527/1527/1527 1639/1639/1639 1485/1485/1485
f 878/878/878 1532/1532/1532 1431/1431/1431
f 1433/1433/1433 1643/1643/1643 1249/1249/1249
f 1323/1323/1323 1487/1487/1487 1645/1645/1645
f 1253/1253/1253 1324/1324/1324 1576/1576/1576
f 1535/1535/1535 1646/1646/1646 1371/1371/1371
f 1436/1436/1436 1576/1576/1576 1324/1324/1324
f 1436/1436/1436 1324/1324/1324 1649/1649/1649
f 1372/1372/1372 1650/1650/1650 1489/1489/1489
f 973/973/973 1490/1490/1490 1536/1536/1536
f 1142/1142/1142 1441/1441/1441 1327/1327/1327
f 1104/1104/1104 1329/1329/1329 1652/1652/1652
f 1330/1330/1330 829/829/829 1654/1654/1654
f 1144/1144/1144 1657/1657/1657 1589/1589/1589
f 1270/1270/1270 1593/1593/1593 1598/1598/1598
f 1149/1149/1149 1271/1271/1271 1605/1605/1605
f 1443/1443/1443 1606/1606/1606 1445/1445/1445
f 1446/1446/1446 1607/1607/1607 1211/1211/1211
f 949/949/949 745/745/745 1663/1663/1663
f 1276/1276/1276 1664/1664/1664 1666/1666/1666
f 1152/1152/1152 1448/1448/1448 1039/1039/1039
f 1275/1275/1275 1665/1665/1665 1497/1497/1497
f 1154/1154/1154 1503/1503/1503 1496/1496/1496
f 1504/1504/1504 1612/1612/1612 1544/1544/1544
f 1506/1506/1506 1550/1550/1550 1548/1548/1548
f 1507/1507/1507 1667/1667/1667 1552/1552/1552
f 1284/1284/1284 1342/1342/1342 1466/1466/1466
f 1410/1410/1410 1670/1670/1670 1671/1671/1671
f 1402/1402/1402 1673/1673/1673 1619/1619/1619
f 1296/1296/1296 1397/1397/1397 1674/1674/1674
f 1410/1410/1410 1671/1671/1671 1677/1677/1677
f 1348/1348/1348 1400/1400/1400 1560/1560/1560
f 1295/1295/1295 1300/1300/1300 1396/1396/1396
f 1402/1402/1402 1619/1619/1619 1415/1415/1415
f 1467/1467/1467 1561/1561/1561 1615/1615/1615
f 1006/1006/1006 1559/1559/1559 1620/1620/1620
f 1416/1416/1416 1561/1561/1561 1467/1467/1467
f 1563/1563/1563 1627/1627/1627 1616/1616/1616
f 1305/1305/1305 1680/1680/1680 1479/1479/1479
f 1518/1518/1518 1632/1632/1632 1474/1474/1474
f 1357/1357/1357 1633/1633/1633 1682/1682/1682
f 1419/1419/1419 1481/1481/1481 1684/1684/1684
f 1366/1366/1366 1568/1568/1568 1626/1626/1626
f 1420/1420/1420 1529/1529/1529 1422/1422/1422
f 1135/1135/1135 1686/1686/1686 1191/1191/1191
f 1430/1430/1430 1241/1241/1241 1571/1571/1571
f 1531/1531/1531 1636/1636/1636 1193/1193/1193
f 1248/1248/1248 1642/1642/1642 1531/1531/1531
f 1322/1322/1322 1644/1644/1644 1574/1574/1574
f 1688/1688/1688 1574/1574/1574 1644/1644/1644
f 1488/1488/1488 1574/1574/1574 1688/1688/1688
f 1690/1690/1690 1488/1488/1488 1688/1688/1688
f 1247/1247/1247 1438/1438/1438 1691/1691/1691
f 1534/1534/1534 1692/1692/1692 1535/1535/1535
f 1489/1489/1489 1695/1695/1695 1324/1324/1324
f 1439/1439/1439 1374/1374/1374 1697/1697/1697
f 1104/1104/1104 1584/1584/1584 1325/1325/1325
f 1104/1104/1104 1652/1652/1652 1700/1700/1700
f 1268/1268/1268 1702/1702/1702 1332/1332/1332
f 1207/1207/1207 1704/1704/1704 1595/1595/1595
f 1270/1270/1270 1601/1601/1601 1598/1598/1598
f 1271/1271/1271 1599/1599/1599 1605/1605/1605
f 1602/1602/1602 1704/1704/1704 1207/1207/1207
f 1210/1210/1210 1609/1609/1609 1603/1603/1603
f 1603/1603/1603 1609/1609/1609 1602/1602/1602
f 1447/1447/1447 1608/1608/1608 1444/1444/1444
f 1445/1445/1445 1443/1443/1443 1606/1606/1606
f 1443/1443/1443 1604/1604/1604 1606/1606/1606
f 746/746/746 1335/1335/1335 1664/1664/1664
f 1276/1276/1276 950/950/950 1664/1664/1664
f 1339/1339/1339 1706/1706/1706 1503/1503/1503
f 1386/1386/1386 1708/1708/1708 1452/1452/1452
f 1452/1452/1452 1386/1386/1386 1499/1499/1499
f 1713/1713/1713 1714/1714/1714 1715/1715/1715
f 1453/1453/1453 1500/1500/1500 1716/1716/1716
f 1456/1456/1456 1717/1717/1717 1388/1388/1388
f 1713/1713/1713 1720/1720/1720 1716/1716/1716
f 1713/1713/1713 1715/1715/1715 1720/1720/1720
f 1388/1388/1388 1717/1717/1717 1550/1550/1550
f 1342/1342/1342 1511/1511/1511 1722/1722/1722
f 1558/1558/1558 1465/1465/1465 1723/1723/1723
f 1342/1342/1342 1724/1724/1724 1466/1466/1466
f 1410/1410/1410 1619/1619/1619 1670/1670/1670
f 1401/1401/1401 1469/1469/1469 1725/1725/1725
f 1516/1516/1516 1415/1415/1415 1619/1619/1619
f 1474/1474/1474 1632/1632/1632 1125/1125/1125
f 1422/1422/1422 1630/1630/1630 1564/1564/1564
f 1357/1357/1357 1682/1682/1682 1478/1478/1478
f 1356/1356/1356 1729/1729/1729 1515/1515/1515
f 1078/1078/1078 1729/1729/1729 1356/1356/1356
f 1021/1021/1021 1368/1368/1368 1524/1524/1524
f 1077/1077/1077 1731/1731/1731 1727/1727/1727
f 1420/1420/1420 1191/1191/1191 1732/1732/1732
f 1191/1191/1191 1686/1686/1686 1732/1732/1732
f 1135/1135/1135 1635/1635/1635 1686/1686/1686
f 878/878/878 1637/1637/1637 1532/1532/1532
f 1689/1689/1689 1645/1645/1645 1733/1733/1733
f 1438/1438/1438 1734/1734/1734 1691/1691/1691
f 1435/1435/1435 1648/1648/1648 1735/1735/1735
f 1438/1438/1438 1326/1326/1326 1734/1734/1734
f 1373/1373/1373 1647/1647/1647 1651/1651/1651
f 1489/1489/1489 1650/1650/1650 1737/1737/1737
f 1536/1536/1536 1490/1490/1490 1738/1738/1738
f 1536/1536/1536 1697/1697/1697 1374/1374/1374
f 1536/1536/1536 1738/1738/1738 1697/1697/1697
f 1440/1440/1440 1740/1740/1740 1538/1538/1538
f 1325/1325/1325 1584/1584/1584 1741/1741/1741
f 1584/1584/1584 1104/1104/1104 1700/1700/1700
f 1442/1442/1442 1743/1743/1743 1328/1328/1328
f 1584/1584/1584 1700/1700/1700 1585/1585/1585
f 1652/1652/1652 1585/1585/1585 1700/1700/1700
f 830/830/830 1588/1588/1588 1656/1656/1656
f 1654/1654/1654 1659/1659/1659 1330/1330/1330
f 1146/1146/1146 1330/1330/1330 1659/1659/1659
f 1333/1333/1333 1703/1703/1703 1745/1745/1745
f 1591/1591/1591 1590/1590/1590 1746/1746/1746
f 1602/1602/1602 1747/1747/1747 1704/1704/1704
f 1602/1602/1602 1748/1748/1748 1747/1747/1747
f 1602/1602/1602 1609/1609/1609 1748/1748/1748
f 1499/1499/1499 1610/1610/1610 1711/1711/1711
f 1451/1451/1451 1707/1707/1707 1385/1385/1385
f 1453/1453/1453 1457/1457/1457 1279/1279/1279
f 1713/1713/1713 1716/1716/1716 1500/1500/1500
f 1750/1750/1750 1544/1544/1544 1546/1546/1546
f 1716/1716/1716 1718/1718/1718 1457/1457/1457
f 1545/1545/1545 1542/1542/1542 1611/1611/1611
f 1546/1546/1546 1549/1549/1549 1750/1750/1750
f 1552/1552/1552 1751/1751/1751 1553/1553/1553
f 1552/1552/1552 1667/1667/1667 1751/1751/1751
f 1511/1511/1511 1556/1556/1556 1722/1722/1722
f 1557/1557/1557 1752/1752/1752 1613/1613/1613
f 1342/1342/1342 1754/1754/1754 1724/1724/1724
f 1755/1755/1755 1669/1669/1669 1757/1757/1757
f 1760/1760/1760 1670/1670/1670 1761/1761/1761
f 1756/1756/1756 1763/1763/1763 1670/1670/1670
f 1670/1670/1670 1619/1619/1619 1761/1761/1761
f 1763/1763/1763 1671/1671/1671 1670/1670/1670
f 1756/1756/1756 1758/1758/1758 1763/1763/1763
f 1296/1296/1296 1674/1674/1674 1343/1343/1343
f 1080/1080/1080 1398/1398/1398 1302/1302/1302
f 1409/1409/1409 1678/1678/1678 1304/1304/1304
f 1410/1410/1410 1677/1677/1677 1681/1681/1681
f 1622/1622/1622 1560/1560/1560 1764/1764/1764
f 1125/1125/1125 1520/1520/1520 1513/1513/1513
f 1618/1618/1618 1628/1628/1628 1766/1766/1766
f 1680/1680/1680 1771/1771/1771 1479/1479/1479
f 1481/1481/1481 1772/1772/1772 1775/1775/1775
f 1009/1009/1009 1630/1630/1630 1481/1481/1481
f 1684/1684/1684 1481/1481/1481 1775/1775/1775
f 1367/1367/1367 1418/1418/1418 1683/1683/1683
f 1529/1529/1529 1420/1420/1420 1732/1732/1732
f 1529/1529/1529 1732/1732/1732 1686/1686/1686
f 1640/1640/1640 1530/1530/1530 1777/1777/1777
f 1692/1692/1692 1534/1534/1534 1778/1778/1778
f 1535/1535/1535 1692/1692/1692 1646/1646/1646
f 1490/1490/1490 1435/1435/1435 1735/1735/1735
f 1440/1440/1440 1699/1699/1699 1782/1782/1782
f 1584/1584/1584 1581/1581/1581 1741/1741/1741
f 1588/1588/1588 944/944/944 1493/1493/1493
f 1267/1267/1267 1595/1595/1595 1701/1701/1701
f 1592/1592/1592 1747/1747/1747 1540/1540/1540
f 1605/1605/1605 1599/1599/1599 1609/1609/1609
f 1610/1610/1610 1450/1450/1450 1497/1497/1497
f 1503/1503/1503 1706/1706/1706 1496/1496/1496
f 1544/1544/1544 1706/1706/1706 1339/1339/1339
f 1457/1457/1457 1453/1453/1453 1716/1716/1716
f 1749/1749/1749 1547/1547/1547 1543/1543/1543
f 1783/1783/1783 1760/1760/1760 1785/1785/1785
f 1783/1783/1783 1786/1786/1786 1760/1760/1760
f 1788/1788/1788 1789/1789/1789 1785/1785/1785
f 1787/1787/1787 1784/1784/1784 1759/1759/1759
f 1789/1789/1789 1788/1788/1788 1790/1790/1790
f 1760/1760/1760 1790/1790/1790 1788/1788/1788
f 1760/1760/1760 1761/1761/1761 1790/1790/1790
f 1791/1791/1791 1793/1793/1793 1795/1795/1795
f 1794/1794/1794 1670/1670/1670 1798/1798/1798
f 1670/1670/1670 1794/1794/1794 1758/1758/1758
f 1794/1794/1794 1792/1792/1792 1758/1758/1758
f 1792/1792/1792 1800/1800/1800 1758/1758/1758
f 1344/1344/1344 1801/1801/1801 1470/1470/1470
f 1619/1619/1619 1673/1673/1673 1761/1761/1761
f 1672/1672/1672 1401/1401/1401 1725/1725/1725
f 1352/1352/1352 1802/1802/1802 1465/1465/1465
f 1677/1677/1677 1671/1671/1671 1763/1763/1763
f 1764/1764/1764 1560/1560/1560 1400/1400/1400
f 1618/1618/1618 1766/1766/1766 1400/1400/1400
f 1764/1764/1764 1400/1400/1400 1766/1766/1766
f 1770/1770/1770 1676/1676/1676 1803/1803/1803
f 1773/1773/1773 1681/1681/1681 1677/1677/1677
f 1774/1774/1774 1771/1771/1771 1680/1680/1680
f 1770/1770/1770 1803/1803/1803 1679/1679/1679
f 1681/1681/1681 1804/1804/1804 1776/1776/1776
f 1124/1124/1124 1631/1631/1631 1519/1519/1519
f 1624/1624/1624 1806/1806/1806 1476/1476/1476
f 1476/1476/1476 1806/1806/1806 1521/1521/1521
f 1076/1076/1076 1512/1512/1512 1730/1730/1730
f 1369/1369/1369 1685/1685/1685 1776/1776/1776
f 1422/1422/1422 1529/1529/1529 1811/1811/1811
f 1529/1529/1529 1814/1814/1814 1811/1811/1811
f 1731/1731/1731 1815/1815/1815 1727/1727/1727
f 1193/1193/1193 1816/1816/1816 1813/1813/1813
f 1528/1528/1528 1193/1193/1193 1813/1813/1813
f 1012/1012/1012 1818/1818/1818 1822/1822/1822
f 1530/1530/1530 1687/1687/1687 1777/1777/1777
f 1429/1429/1429 1572/1572/1572 1824/1824/1824
f 1637/1637/1637 1826/1826/1826 1532/1532/1532
f 1636/1636/1636 1531/1531/1531 1825/1825/1825
f 1532/1532/1532 1826/1826/1826 1431/1431/1431
f 1829/1829/1829 1432/1432/1432 1827/1827/1827
f 1573/1573/1573 1832/1832/1832 1836/1836/1836
f 1573/1573/1573 1247/1247/1247 1832/1832/1832
f 1690/1690/1690 1778/1778/1778 1488/1488/1488
f 1534/1534/1534 1488/1488/1488 1778/1778/1778
f 1738/1738/1738 1490/1490/1490 1837/1837/1837
f 1325/1325/1325 1741/1741/1741 1839/1839/1839
f 1578/1578/1578 1743/1743/1743 1442/1442/1442
f 1578/1578/1578 1538/1538/1538 1743/1743/1743
f 1329/1329/1329 1327/1327/1327 1841/1841/1841
f 1492/1492/1492 1332/1332/1332 1843/1843/1843
f 1590/1590/1590 1658/1658/1658 1746/1746/1746
f 1595/1595/1595 1704/1704/1704 1845/1845/1845
f 1594/1594/1594 1540/1540/1540 1747/1747/1747
f 1748/1748/1748 1594/1594/1594 1747/1747/1747
f 1599/1599/1599 1594/1594/1594 1748/1748/1748
f 1448/1448/1448 1847/1847/1847 1039/1039/1039
f 1496/1496/1496 1848/1848/1848 1448/1448/1448
f 1610/1610/1610 1497/1497/1497 1849/1849/1849
f 1610/1610/1610 1849/1849/1849 1711/1711/1711
f 1713/1713/1713 1853/1853/1853 1714/1714/1714
f 1714/1714/1714 1853/1853/1853 1855/1855/1855
f 1714/1714/1714 1855/1855/1855 1715/1715/1715
f 1855/1855/1855 1856/1856/1856 1715/1715/1715
f 1549/1549/1549 1706/1706/1706 1544/1544/1544
f 1856/1856/1856 1720/1720/1720 1715/1715/1715
f 1716/1716/1716 1858/1858/1858 1718/1718/1718
f 1551/1551/1551 1718/1718/1718 1783/1783/1783
f 1786/1786/1786 1783/1783/1783 1858/1858/1858
f 1785/1785/1785 1860/1860/1860 1783/1783/1783
f 1785/1785/1785 1861/1861/1861 1860/1860/1860
f 1751/1751/1751 1667/1667/1667 1553/1553/1553
f 1861/1861/1861 1785/1785/1785 1789/1789/1789
f 1798/1798/1798 1760/1760/1760 1786/1786/1786
f 1614/1614/1614 1753/1753/1753 1863/1863/1863
f 1342/1342/1342 1722/1722/1722 1754/1754/1754
f 1670/1670/1670 1760/1760/1760 1798/1798/1798
f 1723/1723/1723 1465/1465/1465 1865/1865/1865
f 1352/1352/1352 1515/1515/1515 1802/1802/1802
f 1804/1804/1804 1677/1677/1677 1776/1776/1776
f 1769/1769/1769 1868/1868/1868 1765/1765/1765
f 1305/1305/1305 1479/1479/1479 1869/1869/1869
f 1521/1521/1521 1872/1872/1872 1874/1874/1874
f 1520/1520/1520 1478/1478/1478 1876/1876/1876
f 1478/1478/1478 1682/1682/1682 1876/1876/1876
f 1369/1369/1369 1776/1776/1776 1878/1878/1878
f 1369/1369/1369 1878/1878/1878 1871/1871/1871
f 1634/1634/1634 1011/1011/1011 1880/1880/1880
f 1818/1818/1818 1012/1012/1012 1883/1883/1883
f 1637/1637/1637 1524/1524/1524 1884/1884/1884
f 1430/1430/1430 1571/1571/1571 1426/1426/1426
f 1429/1429/1429 1824/1824/1824 1570/1570/1570
f 1641/1641/1641 1887/1887/1887 1487/1487/1487
f 1643/1643/1643 1828/1828/1828 1533/1533/1533
f 1645/1645/1645 1487/1487/1487 1733/1733/1733
f 1432/1432/1432 1829/1829/1829 1888/1888/1888
f 1247/1247/1247 1890/1890/1890 1832/1832/1832
f 1690/1690/1690 1688/1688/1688 1778/1778/1778
f 1695/1695/1695 1649/1649/1649 1324/1324/1324
f 1580/1580/1580 1587/1587/1587 1582/1582/1582
f 1329/1329/1329 1841/1841/1841 1652/1652/1652
f 1704/1704/1704 1747/1747/1747 1845/1845/1845
f 1609/1609/1609 1599/1599/1599 1748/1748/1748
f 1335/1335/1335 1891/1891/1891 1664/1664/1664
f 1038/1038/1038 1846/1846/1846 1893/1893/1893
f 1036/1036/1036 1892/1892/1892 907/907/907
f 1709/1709/1709 1712/1712/1712 1850/1850/1850
f 1856/1856/1856 1855/1855/1855 1853/1853/1853
f 1549/1549/1549 1898/1898/1898 1706/1706/1706
f 1716/1716/1716 1720/1720/1720 1858/1858/1858
f 1783/1783/1783 1718/1718/1718 1858/1858/1858
f 1548/1548/1548 1899/1899/1899 1901/1901/1901
f 1548/1548/1548 1550/1550/1550 1899/1899/1899
f 1858/1858/1858 1903/1903/1903 1786/1786/1786
f 1860/1860/1860 1551/1551/1551 1783/1783/1783
f 1614/1614/1614 1863/1863/1863 1510/1510/1510
f 1794/1794/1794 1798/1798/1798 1905/1905/1905
f 1789/1789/1789 1790/1790/1790 1906/1906/1906
f 1794/1794/1794 1905/1905/1905 1797/1797/1797
f 1726/1726/1726 1470/1470/1470 1801/1801/1801
f 1726/1726/1726 1801/1801/1801 1907/1907/1907
f 1673/1673/1673 1907/1907/1907 1761/1761/1761
f 1763/1763/1763 1758/1758/1758 1800/1800/1800
f 1673/1673/1673 1726/1726/1726 1907/1907/1907
f 1465/1465/1465 1802/1802/1802 1909/1909/1909
f 1763/1763/1763 1910/1910/1910 1677/1677/1677
f 1677/1677/1677 1878/1878/1878 1776/1776/1776
f 1521/1521/1521 1806/1806/1806 1872/1872/1872
f 1682/1682/1682 1633/1633/1633 1879/1879/1879
f 1080/1080/1080 1912/1912/1912 1424/1424/1424
f 1630/1630/1630 1811/1811/1811 1481/1481/1481
f 1630/1630/1630 1422/1422/1422 1811/1811/1811
f 1626/1626/1626 1913/1913/1913 1081/1081/1081
f 1626/1626/1626 1568/1568/1568 1913/1913/1913
f 1875/1875/1875 1483/1483/1483 1522/1522/1522
f 1012/1012/1012 1424/1424/1424 1883/1883/1883
f 1193/1193/1193 1636/1636/1636 1816/1816/1816
f 1011/1011/1011 1819/1819/1819 1880/1880/1880
f 1425/1425/1425 1570/1570/1570 1824/1824/1824
f 1572/1572/1572 1425/1425/1425 1824/1824/1824
f 1643/1643/1643 1914/1914/1914 1828/1828/1828
f 1247/1247/1247 1691/1691/1691 1890/1890/1890
f 1326/1326/1326 1840/1840/1840 1734/1734/1734
f 1838/1838/1838 1698/1698/1698 1739/1739/1739
f 1915/1915/1915 1839/1839/1839 1741/1741/1741
f 1653/1653/1653 1842/1842/1842 1586/1586/1586
f 1587/1587/1587 1586/1586/1586 1917/1917/1917
f 1332/1332/1332 1744/1744/1744 1843/1843/1843
f 1918/1918/1918 1498/1498/1498 1919/1919/1919
f 1713/1713/1713 1851/1851/1851 1498/1498/1498
f 1713/1713/1713 1498/1498/1498 1918/1918/1918
f 1920/1920/1920 1921/1921/1921 1494/1494/1494
f 1918/1918/1918 1924/1924/1924 1713/1713/1713
f 1713/1713/1713 1710/1710/1710 1851/1851/1851
f 1927/1927/1927 1853/1853/1853 1930/1930/1930
f 1928/1928/1928 1931/1931/1931 1933/1933/1933
f 1927/1927/1927 1856/1856/1856 1853/1853/1853
f 1856/1856/1856 1936/1936/1936 1720/1720/1720
f 1856/1856/1856 1927/1927/1927 1936/1936/1936
f 1549/1549/1549 1902/1902/1902 1942/1942/1942
f 1786/1786/1786 1903/1903/1903 1943/1943/1943
f 1861/1861/1861 1947/1947/1947 1860/1860/1860
f 1344/1344/1344 1949/1949/1949 1801/1801/1801
f 1792/1792/1792 1797/1797/1797 1800/1800/1800
f 1466/1466/1466 1952/1952/1952 1398/1398/1398
f 1677/1677/1677 1910/1910/1910 1878/1878/1878
f 1871/1871/1871 1953/1953/1953 1954/1954/1954
f 1953/1953/1953 1878/1878/1878 1910/1910/1910
f 1625/1625/1625 1809/1809/1809 1957/1957/1957
f 1871/1871/1871 1878/1878/1878 1953/1953/1953
f 1629/1629/1629 1305/1305/1305 1958/1958/1958
f 1305/1305/1305 1869/1869/1869 1958/1958/1958
f 1629/1629/1629 1958/1958/1958 1767/1767/1767
f 1765/1765/1765 1964/1964/1964 1625/1625/1625
f 1625/1625/1625 1964/1964/1964 1809/1809/1809
f 1964/1964/1964 1765/1765/1765 1868/1868/1868
f 1369/1369/1369 1871/1871/1871 1525/1525/1525
f 1731/1731/1731 1514/1514/1514 1815/1815/1815
f 1818/1818/1818 1883/1883/1883 1822/1822/1822
f 1823/1823/1823 1569/1569/1569 1965/1965/1965
f 1824/1824/1824 1966/1966/1966 1570/1570/1570
f 1815/1815/1815 1820/1820/1820 1727/1727/1727
f 1829/1829/1829 1827/1827/1827 1885/1885/1885
f 1829/1829/1829 1885/1885/1885 1967/1967/1967
f 1433/1433/1433 1914/1914/1914 1643/1643/1643
f 1433/1433/1433 1889/1889/1889 1914/1914/1914
f 1734/1734/1734 1968/1968/1968 1691/1691/1691
f 1647/1647/1647 1693/1693/1693 1969/1969/1969
f 1649/1649/1649 1695/1695/1695 1736/1736/1736
f 1651/1651/1651 1647/1647/1647 1970/1970/1970
f 1735/1735/1735 1694/1694/1694 1490/1490/1490
f 1491/1491/1491 1696/1696/1696 1838/1838/1838
f 1840/1840/1840 1916/1916/1916 1971/1971/1971
f 1743/1743/1743 1842/1842/1842 1328/1328/1328
f 1661/1661/1661 1655/1655/1655 1972/1972/1972
f 1701/1701/1701 1595/1595/1595 1660/1660/1660
f 1845/1845/1845 1660/1660/1660 1595/1595/1595
f 1845/1845/1845 1747/1747/1747 1660/1660/1660
f 1448/1448/1448 1848/1848/1848 1847/1847/1847
f 1666/1666/1666 1664/1664/1664 1891/1891/1891
f 1496/1496/1496 1973/1973/1973 1848/1848/1848
f 1920/1920/1920 1974/1974/1974 1921/1921/1921
f 1713/1713/1713 1924/1924/1924 1853/1853/1853
f 1920/1920/1920 1494/1494/1494 1705/1705/1705
f 1705/1705/1705 1976/1976/1976 1920/1920/1920
f 1920/1920/1920 1976/1976/1976 1978/1978/1978
f 1928/1928/1928 1933/1933/1933 1980/1980/1980
f 1719/1719/1719 1934/1934/1934 1857/1857/1857
f 1928/1928/1928 1980/1980/1980 1981/1981/1981
f 1904/1904/1904 1859/1859/1859 1944/1944/1944
f 1551/1551/1551 1860/1860/1860 1900/1900/1900
f 1554/1554/1554 1982/1982/1982 1721/1721/1721
f 1721/1721/1721 1982/1982/1982 1983/1983/1983
f 1861/1861/1861 1986/1986/1986 1947/1947/1947
f 1861/1861/1861 1906/1906/1906 1986/1986/1986
f 1789/1789/1789 1906/1906/1906 1861/1861/1861
f 1786/1786/1786 1987/1987/1987 1798/1798/1798
f 1798/1798/1798 1987/1987/1987 1905/1905/1905
f 1989/1989/1989 1991/1991/1991 1797/1797/1797
f 1722/1722/1722 1992/1992/1992 1754/1754/1754
f 1905/1905/1905 1989/1989/1989 1797/1797/1797
f 1724/1724/1724 1754/1754/1754 1993/1993/1993
f 1762/1762/1762 1799/1799/1799 1796/1796/1796
f 1908/1908/1908 1864/1864/1864 1464/1464/1464
f 1994/1994/1994 1996/1996/1996 1867/1867/1867
f 1623/1623/1623 1955/1955/1955 1805/1805/1805
f 1768/1768/1768 1959/1959/1959 1997/1997/1997
f 1769/1769/1769 1998/1998/1998 2000/2000/2000
f 1520/1520/1520 1876/1876/1876 1513/1513/1513
f 1876/1876/1876 1682/1682/1682 1879/1879/1879
f 1870/1870/1870 1480/1480/1480 1960/1960/1960
f 1867/1867/1867 1996/1996/1996 2003/2003/2003
f 1866/1866/1866 2001/2001/2001 1963/1963/1963
f 1813/1813/1813 1816/1816/1816 1810/1810/1810
f 1483/1483/1483 1875/1875/1875 2005/2005/2005
f 1484/1484/1484 2007/2007/2007 1635/1635/1635
f 1882/1882/1882 1423/1423/1423 1821/1821/1821
f 1686/1686/1686 1635/1635/1635 2002/2002/2002
f 1640/1640/1640 1777/1777/1777 2008/2008/2008
f 1641/1641/1641 2012/2012/2012 1887/1887/1887
f 1828/1828/1828 2013/2013/2013 1638/1638/1638
f 1828/1828/1828 1914/1914/1914 2013/2013/2013
f 1831/1831/1831 1967/1967/1967 1835/1835/1835
f 1831/1831/1831 2014/2014/2014 1967/1967/1967
f 1689/1689/1689 2017/2017/2017 1780/1780/1780
f 1840/1840/1840 2018/2018/2018 1734/1734/1734
f 1840/1840/1840 1971/1971/1971 2018/2018/2018
f 1440/1440/1440 1782/1782/1782 2020/2020/2020
f 1538/1538/1538 1740/1740/1740 2021/2021/2021
f 1538/1538/1538 2021/2021/2021 1743/1743/1743
f 1587/1587/1587 1917/1917/1917 1582/1582/1582
f 1843/1843/1843 1744/1744/1744 1972/1972/1972
f 1972/1972/1972 1744/1744/1744 1661/1661/1661
f 1745/1745/1745 1703/1703/1703 1662/1662/1662
f 1497/1497/1497 1665/1665/1665 2022/2022/2022
f 1918/1918/1918 1919/1919/1919 1924/1924/1924
f 1920/1920/1920 2026/2026/2026 1974/1974/1974
f 1706/1706/1706 1898/1898/1898 1977/1977/1977
f 1549/1549/1549 1942/1942/1942 1898/1898/1898
f 1982/1982/1982 1554/1554/1554 2028/2028/2028
f 1943/1943/1943 1987/1987/1987 1786/1786/1786
f 1986/1986/1986 1906/1906/1906 2031/2031/2031
f 1801/1801/1801 2031/2031/2031 1906/1906/1906
f 1801/1801/1801 1949/1949/1949 2031/2031/2031
f 1754/1754/1754 1992/1992/1992 1993/1993/1993
f 1790/1790/1790 1761/1761/1761 1906/1906/1906
f 1801/1801/1801 1906/1906/1906 1907/1907/1907
f 1761/1761/1761 1907/1907/1907 1906/1906/1906
f 1763/1763/1763 1797/1797/1797 2032/2032/2032
f 1344/1344/1344 1675/1675/1675 1949/1949/1949
f 1763/1763/1763 2032/2032/2032 1910/1910/1910
f 1466/1466/1466 1724/1724/1724 1952/1952/1952
f 1802/1802/1802 2034/2034/2034 1909/1909/1909
f 1953/1953/1953 1910/1910/1910 2035/2035/2035
f 1674/1674/1674 1397/1397/1397 1950/1950/1950
f 1954/1954/1954 1953/1953/1953 2036/2036/2036
f 1868/1868/1868 2000/2000/2000 1995/1995/1995
f 1769/1769/1769 2000/2000/2000 1868/1868/1868
f 1871/1871/1871 1954/1954/1954 1525/1525/1525
f 2006/2006/2006 1963/1963/1963 2001/2001/2001
f 1515/1515/1515 1729/1729/1729 2040/2040/2040
f 2007/2007/2007 2002/2002/2002 1635/1635/1635
f 1483/1483/1483 2005/2005/2005 2042/2042/2042
f 1817/1817/1817 1638/1638/1638 2044/2044/2044
f 1815/1815/1815 1877/1877/1877 1820/1820/1820
f 1638/1638/1638 2013/2013/2013 2044/2044/2044
f 1640/1640/1640 2008/2008/2008 2011/2011/2011
f 1826/1826/1826 1637/1637/1637 1884/1884/1884
f 1572/1572/1572 1834/1834/1834 1425/1425/1425
f 2014/2014/2014 1829/1829/1829 1967/1967/1967
f 2015/2015/2015 1833/1833/1833 1889/1889/1889
f 1830/1830/1830 2015/2015/2015 1889/1889/1889
f 1691/1691/1691 1968/1968/1968 1890/1890/1890
f 1780/1780/1780 2045/2045/2045 1693/1693/1693
f 1647/1647/1647 1969/1969/1969 1970/1970/1970
f 1971/1971/1971 1916/1916/1916 2018/2018/2018
f 1489/1489/1489 1737/1737/1737 2046/2046/2046
f 1440/1440/1440 2020/2020/2020 1740/1740/1740
f 1919/1919/1919 2049/2049/2049 2052/2052/2052
f 1919/1919/1919 2023/2023/2023 2049/2049/2049
f 910/910/910 1894/1894/1894 2053/2053/2053
f 1666/1666/1666 1891/1891/1891 2025/2025/2025
f 1848/1848/1848 1973/1973/1973 2055/2055/2055
f 1931/1931/1931 2056/2056/2056 1933/1933/1933
f 1978/1978/1978 2057/2057/2057 1920/1920/1920
f 1979/1979/1979 1932/1932/1932 2059/2059/2059
f 1859/1859/1859 1937/1937/1937 2062/2062/2062
f 1859/1859/1859 2062/2062/2062 1944/1944/1944
f 1860/1860/1860 2064/2064/2064 1900/1900/1900
f 1982/1982/1982 2028/2028/2028 2065/2065/2065
f 1899/1899/1899 2063/2063/2063 1901/1901/1901
f 1982/1982/1982 2065/2065/2065 1983/1983/1983
f 1668/1668/1668 1509/1509/1509 1555/1555/1555
f 1510/1510/1510 1863/1863/1863 2068/2068/2068
f 1985/1985/1985 2069/2069/2069 1945/1945/1945
f 1905/1905/1905 2072/2072/2072 1989/1989/1989
f 1989/1989/1989 2072/2072/2072 2075/2075/2075
f 1990/1990/1990 1988/1988/1988 2076/2076/2076
f 1992/1992/1992 2079/2079/2079 1993/1993/1993
f 1993/1993/1993 2082/2082/2082 1724/1724/1724
f 1910/1910/1910 2032/2032/2032 2035/2035/2035
f 1865/1865/1865 1909/1909/1909 2083/2083/2083
f 1515/1515/1515 2084/2084/2084 1802/1802/1802
f 1957/1957/1957 1809/1809/1809 2087/2087/2087
f 1954/1954/1954 2036/2036/2036 1525/1525/1525
f 1807/1807/1807 1963/1963/1963 2088/2088/2088
f 1481/1481/1481 1811/1811/1811 1961/1961/1961
f 1806/1806/1806 2004/2004/2004 1872/1872/1872
f 1873/1873/1873 2005/2005/2005 1875/1875/1875
f 1820/1820/1820 1877/1877/1877 1881/1881/1881
f 1812/1812/1812 1817/1817/1817 2044/2044/2044
f 1484/1484/1484 2043/2043/2043 2007/2007/2007
f 1821/1821/1821 2091/2091/2091 1728/1728/1728
f 1733/1733/1733 2093/2093/2093 1689/1689/1689
f 1890/1890/1890 1968/1968/1968 2095/2095/2095
f 1689/1689/1689 2093/2093/2093 2017/2017/2017
f 1779/1779/1779 2097/2097/2097 2098/2098/2098
f 1780/1780/1780 2099/2099/2099 2045/2045/2045
f 1838/1838/1838 1696/1696/1696 2101/2101/2101
f 1916/1916/1916 2102/2102/2102 2018/2018/2018
f 1650/1650/1650 2104/2104/2104 1737/1737/1737
f 2020/2020/2020 2021/2021/2021 1740/1740/1740
f 1586/1586/1586 2108/2108/2108 1917/1917/1917
f 1493/1493/1493 1844/1844/1844 1588/1588/1588
f 910/910/910 2053/2053/2053 1335/1335/1335
f 1498/1498/1498 2023/2023/2023 1919/1919/1919
f 1919/1919/1919 2052/2052/2052 2109/2109/2109
f 1919/1919/1919 2109/2109/2109 1924/1924/1924
f 2026/2026/2026 2111/2111/2111 1974/1974/1974
f 2057/2057/2057 2026/2026/2026 1920/1920/1920
f 1976/1976/1976 2114/2114/2114 1978/1978/1978
f 1978/1978/1978 1897/1897/1897 2057/2057/2057
f 1897/1897/1897 1978/1978/1978 2114/2114/2114
f 1898/1898/1898 2118/2118/2118 1977/1977/1977
f 1897/1897/1897 2119/2119/2119 2057/2057/2057
f 1895/1895/1895 1938/1938/1938 2115/2115/2115
f 1897/1897/1897 1940/1940/1940 2119/2119/2119
f 2028/2028/2028 1554/1554/1554 2067/2067/2067
f 1508/1508/1508 2067/2067/2067 1554/1554/1554
f 1860/1860/1860 1947/1947/1947 2064/2064/2064
f 2072/2072/2072 1905/1905/1905 1987/1987/1987
f 1992/1992/1992 1722/1722/1722 2079/2079/2079
f 1989/1989/1989 2075/2075/2075 2078/2078/2078
f 1993/1993/1993 2079/2079/2079 2082/2082/2082
f 1797/1797/1797 1991/1991/1991 2122/2122/2122
f 1797/1797/1797 2122/2122/2122 2032/2032/2032
f 1675/1675/1675 2081/2081/2081 1949/1949/1949
f 1724/1724/1724 2082/2082/2082 1952/1952/1952
f 1909/1909/1909 2034/2034/2034 2124/2124/2124
f 1802/1802/1802 2084/2084/2084 2034/2034/2034
f 1515/1515/1515 2040/2040/2040 2125/2125/2125
f 2085/2085/2085 1808/1808/1808 1956/1956/1956
f 1998/1998/1998 2127/2127/2127 2000/2000/2000
f 1809/1809/1809 2087/2087/2087 1957/1957/1957
f 1998/1998/1998 1962/1962/1962 2127/2127/2127
f 1956/1956/1956 2085/2085/2085 1808/1808/1808
f 2003/2003/2003 1996/1996/1996 2128/2128/2128
f 1514/1514/1514 1877/1877/1877 1815/1815/1815
f 1811/1811/1811 2126/2126/2126 1961/1961/1961
f 2004/2004/2004 1806/1806/1806 2129/2129/2129
f 2041/2041/2041 2088/2088/2088 2006/2006/2006
f 1686/1686/1686 2002/2002/2002 2132/2132/2132
f 1687/1687/1687 2133/2133/2133 1777/1777/1777
f 1821/1821/1821 1423/1423/1423 2091/2091/2091
f 2013/2013/2013 2135/2135/2135 2044/2044/2044
f 1487/1487/1487 1887/1887/1887 2136/2136/2136
f 1887/1887/1887 2012/2012/2012 2136/2136/2136
f 1487/1487/1487 2136/2136/2136 2138/2138/2138
f 1487/1487/1487 2138/2138/2138 1733/1733/1733
f 1890/1890/1890 2095/2095/2095 1832/1832/1832
f 2045/2045/2045 1969/1969/1969 1693/1693/1693
f 2018/2018/2018 2102/2102/2102 1734/1734/1734
f 1781/1781/1781 1698/1698/1698 2140/2140/2140
f 1916/1916/1916 1742/1742/1742 2142/2142/2142
f 1782/1782/1782 2141/2141/2141 2020/2020/2020
f 1586/1586/1586 1842/1842/1842 2108/2108/2108
f 1843/1843/1843 1972/1972/1972 1655/1655/1655
f 2050/2050/2050 2024/2024/2024 2144/2144/2144
f 1973/1973/1973 2146/2146/2146 2055/2055/2055
f 1973/1973/1973 1496/1496/1496 2146/2146/2146
f 1852/1852/1852 2147/2147/2147 1929/1929/1929
f 1931/1931/1931 2148/2148/2148 2150/2150/2150
f 1976/1976/1976 2117/2117/2117 2114/2114/2114
f 2114/2114/2114 2117/2117/2117 1897/1897/1897
f 1980/1980/1980 2151/2151/2151 1981/1981/1981
f 1896/1896/1896 2116/2116/2116 1939/1939/1939
f 1901/1901/1901 2063/2063/2063 2152/2152/2152
f 1986/1986/1986 2155/2155/2155 2070/2070/2070
f 2074/2074/2074 2071/2071/2071 2077/2077/2077
f 2078/2078/2078 2072/2072/2072 1991/1991/1991
f 1723/1723/1723 2156/2156/2156 1558/1558/1558
f 2032/2032/2032 2157/2157/2157 2035/2035/2035
f 1953/1953/1953 2035/2035/2035 2157/2157/2157
f 1953/1953/1953 2157/2157/2157 2036/2036/2036
f 2034/2034/2034 2084/2084/2084 2124/2124/2124
f 1675/1675/1675 1951/1951/1951 2081/2081/2081
f 2125/2125/2125 2084/2084/2084 1515/1515/1515
f 1808/1808/1808 2085/2085/2085 2089/2089/2089
f 2006/2006/2006 2088/2088/2088 1963/1963/1963
f 1808/1808/1808 2089/2089/2089 2130/2130/2130
f 1913/1913/1913 1568/1568/1568 2161/2161/2161
f 1812/1812/1812 2044/2044/2044 2127/2127/2127
f 2005/2005/2005 2130/2130/2130 2163/2163/2163
f 2005/2005/2005 2163/2163/2163 2042/2042/2042
f 1777/1777/1777 2133/2133/2133 2165/2165/2165
f 1728/1728/1728 2091/2091/2091 2039/2039/2039
f 1777/1777/1777 2165/2165/2165 2008/2008/2008
f 1426/1426/1426 2167/2167/2167 1567/1567/1567
f 1886/1886/1886 2135/2135/2135 2013/2013/2013
f 1833/1833/1833 2171/2171/2171 1889/1889/1889
f 1779/1779/1779 2016/2016/2016 2092/2092/2092
f 1698/1698/1698 1838/1838/1838 2140/2140/2140
f 2102/2102/2102 1916/1916/1916 2142/2142/2142
f 1743/1743/1743 2021/2021/2021 1842/1842/1842
f 1582/1582/1582 1917/1917/1917 2172/2172/2172
f 2175/2175/2175 2177/2177/2177 1847/1847/1847
f 2051/2051/2051 2048/2048/2048 2143/2143/2143
f 1891/1891/1891 1335/1335/1335 2178/2178/2178
f 2055/2055/2055 2146/2146/2146 2180/2180/2180
f 2110/2110/2110 2181/2181/2181 1925/1925/1925
f 1925/1925/1925 2148/2148/2148 1854/1854/1854
f 2182/2182/2182 2111/2111/2111 2185/2185/2185
f 1931/1931/1931 2150/2150/2150 2056/2056/2056
f 2185/2185/2185 2111/2111/2111 2026/2026/2026
f 2027/2027/2027 2058/2058/2058 2186/2186/2186
f 2060/2060/2060 1933/1933/1933 2151/2151/2151
f 2060/2060/2060 2151/2151/2151 1980/1980/1980
f 1935/1935/1935 1926/1926/1926 2187/2187/2187
f 2068/2068/2068 1863/1863/1863 2030/2030/2030
f 1983/1983/1983 2065/2065/2065 2189/2189/2189
f 1984/1984/1984 2190/2190/2190 2079/2079/2079
f 1947/1947/1947 2153/2153/2153 2064/2064/2064
f 1943/1943/1943 2061/2061/2061 1987/1987/1987
f 1722/1722/1722 1984/1984/1984 2079/2079/2079
f 2070/2070/2070 2155/2155/2155 1947/1947/1947
f 1865/1865/1865 2191/2191/2191 1723/1723/1723
f 2037/2037/2037 2193/2193/2193 1526/1526/1526
f 1996/1996/1996 1994/1994/1994 2195/2195/2195
f 2128/2128/2128 1996/1996/1996 2195/2195/2195
f 2131/2131/2131 2090/2090/2090 2086/2086/2086
f 2130/2130/2130 2089/2089/2089 2163/2163/2163
f 2197/2197/2197 2039/2039/2039 2091/2091/2091
f 2091/2091/2091 2198/2198/2198 2197/2197/2197
f 1835/1835/1835 1967/1967/1967 2204/2204/2204
f 1885/1885/1885 2206/2206/2206 1967/1967/1967
f 1833/1833/1833 2209/2209/2209 2171/2171/2171
f 1833/1833/1833 2096/2096/2096 2209/2209/2209
f 1779/1779/1779 2092/2092/2092 2097/2097/2097
f 2097/2097/2097 2092/2092/2092 2210/2210/2210
f 1968/1968/1968 1734/1734/1734 2095/2095/2095
f 1734/1734/1734 2102/2102/2102 2212/2212/2212
f 1695/1695/1695 2046/2046/2046 2100/2100/2100
f 1588/1588/1588 1844/1844/1844 1656/1656/1656
f 1848/1848/1848 2055/2055/2055 2146/2146/2146
f 2054/2054/2054 2179/2179/2179 2145/2145/2145
f 1923/1923/1923 1975/1975/1975 2215/2215/2215
f 2058/2058/2058 2217/2217/2217 2186/2186/2186
f 1942/1942/1942 2218/2218/2218 2220/2220/2220
f 2058/2058/2058 2121/2121/2121 2220/2220/2220
f 1941/1941/1941 2219/2219/2219 2120/2120/2120
f 1937/1937/1937 2188/2188/2188 2062/2062/2062
f 2029/2029/2029 2221/2221/2221 2066/2066/2066
f 2224/2224/2224 2227/2227/2227 2229/2229/2229
f 2223/2223/2223 2072/2072/2072 2061/2061/2061
f 2154/2154/2154 2230/2230/2230 1946/1946/1946
f 1987/1987/1987 2061/2061/2061 2072/2072/2072
f 2154/2154/2154 2232/2232/2232 2230/2230/2230
f 2155/2155/2155 1986/1986/1986 2234/2234/2234
f 2073/2073/2073 2224/2224/2224 2235/2235/2235
f 1948/1948/1948 2080/2080/2080 2236/2236/2236
f 2083/2083/2083 2191/2191/2191 1865/1865/1865
f 2083/2083/2083 2239/2239/2239 2191/2191/2191
f 2083/2083/2083 1909/1909/1909 2239/2239/2239
f 2124/2124/2124 2084/2084/2084 1909/1909/1909
f 2038/2038/2038 2158/2158/2158 2241/2241/2241
f 2037/2037/2037 2240/2240/2240 2193/2193/2193
f 2044/2044/2044 2242/2242/2242 2127/2127/2127
f 2197/2197/2197 2243/2243/2243 2039/2039/2039
f 1423/1423/1423 1911/1911/1911 2198/2198/2198
f 1423/1423/1423 2198/2198/2198 2091/2091/2091
f 1524/1524/1524 2244/2244/2244 1884/1884/1884
f 2132/2132/2132 2002/2002/2002 2164/2164/2164
f 2003/2003/2003 2128/2128/2128 2166/2166/2166
f 1568/1568/1568 2168/2168/2168 2161/2161/2161
f 1886/1886/1886 2013/2013/2013 2208/2208/2208
f 1889/1889/1889 2171/2171/2171 1914/1914/1914
f 2099/2099/2099 2248/2248/2248 2045/2045/2045
f 2101/2101/2101 2250/2250/2250 1838/1838/1838
f 1695/1695/1695 1489/1489/1489 2046/2046/2046
f 2107/2107/2107 1651/1651/1651 2253/2253/2253
f 1737/1737/1737 2104/2104/2104 2046/2046/2046
f 2141/2141/2141 2106/2106/2106 2020/2020/2020
f 1742/1742/1742 1583/1583/1583 2173/2173/2173
f 2176/2176/2176 2254/2254/2254 1846/1846/1846
f 2143/2143/2143 2255/2255/2255 2051/2051/2051
f 2024/2024/2024 2257/2257/2257 2144/2144/2144
f 1891/1891/1891 2178/2178/2178 2025/2025/2025
f 1925/1925/1925 2258/2258/2258 2148/2148/2148
f 2184/2184/2184 2186/2186/2186 2260/2260/2260
f 2056/2056/2056 2150/2150/2150 2261/2261/2261
f 2056/2056/2056 2261/2261/2261 1933/1933/1933
f 1933/1933/1933 2261/2261/2261 2151/2151/2151
f 2058/2058/2058 2262/2262/2262 2217/2217/2217
f 2058/2058/2058 2220/2220/2220 2262/2262/2262
f 2029/2029/2029 2265/2265/2265 2221/2221/2221
f 2266/2266/2266 2269/2269/2269 2222/2222/2222
f 1928/1928/1928 1981/1981/1981 2188/2188/2188
f 2030/2030/2030 1863/1863/1863 2267/2267/2267
f 1902/1902/1902 2218/2218/2218 1942/1942/1942
f 2223/2223/2223 2271/2271/2271 2225/2225/2225
f 1902/1902/1902 2276/2276/2276 2218/2218/2218
f 2061/2061/2061 2271/2271/2271 2223/2223/2223
f 2224/2224/2224 2229/2229/2229 2277/2277/2277
f 2224/2224/2224 2277/2277/2277 2279/2279/2279
f 1901/1901/1901 2152/2152/2152 2233/2233/2233
f 1947/1947/1947 2231/2231/2231 2153/2153/2153
f 1986/1986/1986 2274/2274/2274 2234/2234/2234
f 2031/2031/2031 2237/2237/2237 1986/1986/1986
f 2224/2224/2224 2280/2280/2280 2235/2235/2235
f 1949/1949/1949 2237/2237/2237 2031/2031/2031
f 2072/2072/2072 2122/2122/2122 1991/1991/1991
f 2073/2073/2073 2235/2235/2235 2123/2123/2123
f 1723/1723/1723 2191/2191/2191 2156/2156/2156
f 2193/2193/2193 2240/2240/2240 2281/2281/2281
f 2040/2040/2040 2284/2284/2284 2125/2125/2125
f 1524/1524/1524 2192/2192/2192 2244/2244/2244
f 2128/2128/2128 2287/2287/2287 2289/2289/2289
f 2088/2088/2088 2041/2041/2041 2162/2162/2162
f 2128/2128/2128 2289/2289/2289 2166/2166/2166
f 2044/2044/2044 2135/2135/2135 2291/2291/2291
f 2166/2166/2166 2289/2289/2289 2009/2009/2009
f 1834/1834/1834 2202/2202/2202 1425/1425/1425
f 2013/2013/2013 1914/1914/1914 2208/2208/2208
f 1914/1914/1914 2171/2171/2171 2208/2208/2208
f 2098/2098/2098 2097/2097/2097 2247/2247/2247
f 1651/1651/1651 1970/1970/1970 2253/2253/2253
f 2102/2102/2102 2292/2292/2292 2212/2212/2212
f 2102/2102/2102 2142/2142/2142 2292/2292/2292
f 1742/1742/1742 2294/2294/2294 2142/2142/2142
f 2019/2019/2019 2103/2103/2103 2139/2139/2139
f 1742/1742/1742 2173/2173/2173 2294/2294/2294
f 2295/2295/2295 2296/2296/2296 2298/2298/2298
f 2052/2052/2052 2295/2295/2295 2298/2298/2298
f 2295/2295/2295 2301/2301/2301 2296/2296/2296
f 2052/2052/2052 2256/2256/2256 2295/2295/2295
f 1925/1925/1925 2181/2181/2181 2258/2258/2258
f 1894/1894/1894 2304/2304/2304 2053/2053/2053
f 1975/1975/1975 2305/2305/2305 2215/2215/2215
f 1981/1981/1981 2151/2151/2151 2306/2306/2306
f 2062/2062/2062 2188/2188/2188 2309/2309/2309
f 2271/2271/2271 2061/2061/2061 2307/2307/2307
f 2190/2190/2190 2310/2310/2310 2079/2079/2079
f 1901/1901/1901 2233/2233/2233 2273/2273/2273
f 2153/2153/2153 2231/2231/2231 2234/2234/2234
f 2224/2224/2224 2279/2279/2279 2280/2280/2280
f 1753/1753/1753 2312/2312/2312 1863/1863/1863
f 2235/2235/2235 2280/2280/2280 2317/2317/2317
f 2079/2079/2079 2275/2275/2275 2082/2082/2082
f 2122/2122/2122 2313/2313/2313 2032/2032/2032
f 1558/1558/1558 2319/2319/2319 1753/1753/1753
f 1558/1558/1558 2321/2321/2321 2319/2319/2319
f 2156/2156/2156 2321/2321/2321 1558/1558/1558
f 2084/2084/2084 2239/2239/2239 1909/1909/1909
f 2000/2000/2000 2196/2196/2196 1995/1995/1995
f 2039/2039/2039 2243/2243/2243 2282/2282/2282
f 2159/2159/2159 2198/2198/2198 1911/1911/1911
f 2000/2000/2000 2127/2127/2127 2322/2322/2322
f 2128/2128/2128 2195/2195/2195 2287/2287/2287
f 2044/2044/2044 2291/2291/2291 2242/2242/2242
f 2135/2135/2135 1886/1886/1886 2325/2325/2325
f 2008/2008/2008 2326/2326/2326 2011/2011/2011
f 2012/2012/2012 2328/2328/2328 2136/2136/2136
f 1427/1427/1427 2205/2205/2205 2330/2330/2330
f 2093/2093/2093 1733/1733/1733 2211/2211/2211
f 2209/2209/2209 2096/2096/2096 2171/2171/2171
f 2097/2097/2097 2210/2210/2210 2247/2247/2247
f 2095/2095/2095 2332/2332/2332 2334/2334/2334
f 1734/1734/1734 2332/2332/2332 2095/2095/2095
f 2141/2141/2141 2336/2336/2336 2020/2020/2020
f 2298/2298/2298 2296/2296/2296 2337/2337/2337
f 2174/2174/2174 2254/2254/2254 2176/2176/2176
f 2297/2297/2297 2302/2302/2302 2257/2257/2257
f 2301/2301/2301 2295/2295/2295 2256/2256/2256
f 1847/1847/1847 1848/1848/1848 2175/2175/2175
f 2109/2109/2109 2052/2052/2052 2298/2298/2298
f 2110/2110/2110 2300/2300/2300 2181/2181/2181
f 1846/1846/1846 2254/2254/2254 1893/1893/1893
f 1335/1335/1335 2339/2339/2339 2178/2178/2178
f 2257/2257/2257 2024/2024/2024 2340/2340/2340
f 2181/2181/2181 2342/2342/2342 2258/2258/2258
f 1496/1496/1496 2343/2343/2343 2146/2146/2146
f 1495/1495/1495 1922/1922/1922 2213/2213/2213
f 2113/2113/2113 2305/2305/2305 1975/1975/1975
f 2112/2112/2112 2183/2183/2183 2216/2216/2216
f 2225/2225/2225 2271/2271/2271 2344/2344/2344
f 2227/2227/2227 2346/2346/2346 2348/2348/2348
f 2228/2228/2228 2226/2226/2226 2347/2347/2347
f 2190/2190/2190 2066/2066/2066 2310/2310/2310
f 2229/2229/2229 2279/2279/2279 2277/2277/2277
f 2280/2280/2280 2351/2351/2351 2352/2352/2352
f 2123/2123/2123 2235/2235/2235 2317/2317/2317
f 2033/2033/2033 2353/2353/2353 2158/2158/2158
f 2156/2156/2156 2191/2191/2191 2321/2321/2321
f 2125/2125/2125 2284/2284/2284 2354/2354/2354
f 2193/2193/2193 2281/2281/2281 2356/2356/2356
f 2195/2195/2195 2358/2358/2358 2287/2287/2287
f 2197/2197/2197 2198/2198/2198 2243/2243/2243
f 1886/1886/1886 2246/2246/2246 2325/2325/2325
f 1426/1426/1426 2359/2359/2359 2167/2167/2167
f 2136/2136/2136 2328/2328/2328 2138/2138/2138
f 2094/2094/2094 2333/2333/2333 2203/2203/2203
f 2205/2205/2205 2334/2334/2334 2330/2330/2330
f 2094/2094/2094 2203/2203/2203 2361/2361/2361
f 2138/2138/2138 2211/2211/2211 1733/1733/1733
f 2045/2045/2045 2362/2362/2362 1969/1969/1969
f 2100/2100/2100 2046/2046/2046 2249/2249/2249
f 2173/2173/2173 2363/2363/2363 2294/2294/2294
f 1917/1917/1917 2364/2364/2364 2172/2172/2172
f 1842/1842/1842 2021/2021/2021 2366/2366/2366
f 2257/2257/2257 2338/2338/2338 2297/2297/2297
f 1848/1848/1848 2146/2146/2146 2175/2175/2175
f 1335/1335/1335 2053/2053/2053 2339/2339/2339
f 1496/1496/1496 2215/2215/2215 2369/2369/2369
f 2262/2262/2262 2370/2370/2370 2217/2217/2217
f 2151/2151/2151 2261/2261/2261 2371/2371/2371
f 2272/2272/2272 2308/2308/2308 2345/2345/2345
f 2279/2279/2279 2229/2229/2229 2348/2348/2348
f 1863/1863/1863 2373/2373/2373 2267/2267/2267
f 2079/2079/2079 2310/2310/2310 2374/2374/2374
f 2280/2280/2280 2279/2279/2279 2379/2379/2379
f 2280/2280/2280 2352/2352/2352 2317/2317/2317
f 2274/2274/2274 1986/1986/1986 2237/2237/2237
f 2275/2275/2275 2238/2238/2238 2082/2082/2082
f 2239/2239/2239 2380/2380/2380 2191/2191/2191
f 2158/2158/2158 2381/2381/2381 2241/2241/2241
f 2084/2084/2084 2382/2382/2382 2239/2239/2239
f 2239/2239/2239 2382/2382/2382 2380/2380/2380
f 2241/2241/2241 2381/2381/2381 2384/2384/2384
f 2125/2125/2125 2382/2382/2382 2084/2084/2084
f 2160/2160/2160 2385/2385/2385 2199/2199/2199
f 2193/2193/2193 2356/2356/2356 2324/2324/2324
f 2194/2194/2194 1999/1999/1999 2357/2357/2357
f 2357/2357/2357 1999/1999/1999 2286/2286/2286
f 2193/2193/2193 2324/2324/2324 2245/2245/2245
f 2168/2168/2168 2387/2387/2387 2161/2161/2161
f 2009/2009/2009 2289/2289/2289 2388/2388/2388
f 2360/2360/2360 1428/1428/1428 2331/2331/2331
f 1967/1967/1967 2206/2206/2206 2391/2391/2391
f 2204/2204/2204 1967/1967/1967 2391/2391/2391
f 2170/2170/2170 2395/2395/2395 2207/2207/2207
f 2361/2361/2361 2390/2390/2390 2396/2396/2396
f 2094/2094/2094 2361/2361/2361 2169/2169/2169
f 1734/1734/1734 2397/2397/2397 2332/2332/2332
f 1734/1734/1734 2212/2212/2212 2397/2397/2397
f 2292/2292/2292 2398/2398/2398 2212/2212/2212
f 2257/2257/2257 2399/2399/2399 2338/2338/2338
f 2300/2300/2300 2342/2342/2342 2181/2181/2181
f 1893/1893/1893 2254/2254/2254 2303/2303/2303
f 2113/2113/2113 2217/2217/2217 2305/2305/2305
f 2151/2151/2151 2401/2401/2401 2306/2306/2306
f 2220/2220/2220 2402/2402/2402 2262/2262/2262
f 2263/2263/2263 2403/2403/2403 2268/2268/2268
f 2188/2188/2188 2407/2407/2407 2309/2309/2309
f 2308/2308/2308 2406/2406/2406 2345/2345/2345
f 2348/2348/2348 2408/2408/2408 2279/2279/2279
f 2376/2376/2376 2278/2278/2278 2409/2409/2409
f 2079/2079/2079 2374/2374/2374 2413/2413/2413
f 2275/2275/2275 2079/2079/2079 2413/2413/2413
f 1753/1753/1753 2319/2319/2319 2312/2312/2312
f 2158/2158/2158 2353/2353/2353 2381/2381/2381
f 2321/2321/2321 2380/2380/2380 2319/2319/2319
f 2321/2321/2321 2191/2191/2191 2380/2380/2380
f 2125/2125/2125 2354/2354/2354 2382/2382/2382
f 2240/2240/2240 2383/2383/2383 2281/2281/2281
f 2356/2356/2356 2416/2416/2416 2324/2324/2324
f 2000/2000/2000 2322/2322/2322 2288/2288/2288
f 2168/2168/2168 2418/2418/2418 2387/2387/2387
f 2291/2291/2291 2419/2419/2419 2242/2242/2242
f 2291/2291/2291 2135/2135/2135 2421/2421/2421
f 2010/2010/2010 2389/2389/2389 2329/2329/2329
f 2203/2203/2203 2390/2390/2390 2361/2361/2361
f 2422/2422/2422 2361/2361/2361 2396/2396/2396
f 2361/2361/2361 2393/2393/2393 2169/2169/2169
f 2334/2334/2334 2332/2332/2332 2424/2424/2424
f 2248/2248/2248 2362/2362/2362 2045/2045/2045
f 1969/1969/1969 2362/2362/2362 1970/1970/1970
f 2142/2142/2142 2425/2425/2425 2292/2292/2292
f 2142/2142/2142 2294/2294/2294 2425/2425/2425
f 2299/2299/2299 2338/2338/2338 2426/2426/2426
f 2257/2257/2257 2340/2340/2340 2399/2399/2399
f 2175/2175/2175 2146/2146/2146 2428/2428/2428
f 2146/2146/2146 2343/2343/2343 2428/2428/2428
f 2258/2258/2258 2342/2342/2342 2429/2429/2429
f 2183/2183/2183 2259/2259/2259 2216/2216/2216
f 2186/2186/2186 2217/2217/2217 2260/2260/2260
f 2151/2151/2151 2371/2371/2371 2401/2401/2401
f 1981/1981/1981 2306/2306/2306 2188/2188/2188
f 2220/2220/2220 2218/2218/2218 2402/2402/2402
f 2218/2218/2218 2276/2276/2276 2375/2375/2375
f 2066/2066/2066 2374/2374/2374 2310/2310/2310
f 2280/2280/2280 2379/2379/2379 2351/2351/2351
f 2033/2033/2033 2317/2317/2317 2432/2432/2432
f 2382/2382/2382 2433/2433/2433 2319/2319/2319
f 2354/2354/2354 2433/2433/2433 2382/2382/2382
f 2355/2355/2355 2285/2285/2285 2434/2434/2434
f 2282/2282/2282 2243/2243/2243 2198/2198/2198
f 2291/2291/2291 2421/2421/2421 2419/2419/2419
f 2327/2327/2327 2435/2435/2435 2137/2137/2137
f 2137/2137/2137 2435/2435/2435 2436/2436/2436
f 2422/2422/2422 2396/2396/2396 2390/2390/2390
f 2393/2393/2393 2361/2361/2361 2422/2422/2422
f 2212/2212/2212 2398/2398/2398 2438/2438/2438
f 2251/2251/2251 2047/2047/2047 2439/2439/2439
f 2105/2105/2105 2440/2440/2440 2047/2047/2047
f 2140/2140/2140 1838/1838/1838 2335/2335/2335
f 2020/2020/2020 2336/2336/2336 2441/2441/2441
f 2020/2020/2020 2441/2441/2441 2021/2021/2021
f 1842/1842/1842 2366/2366/2366 2108/2108/2108
f 2300/2300/2300 2443/2443/2443 2342/2342/2342
f 2178/2178/2178 2339/2339/2339 2025/2025/2025
f 2053/2053/2053 2304/2304/2304 2339/2339/2339
f 1496/1496/1496 2369/2369/2369 2343/2343/2343
f 2148/2148/2148 2258/2258/2258 2429/2429/2429
f 2261/2261/2261 2150/2150/2150 2371/2371/2371
f 2217/2217/2217 2370/2370/2370 2445/2445/2445
f 2222/2222/2222 2269/2269/2269 2446/2446/2446
f 2262/2262/2262 2402/2402/2402 2370/2370/2370
f 2270/2270/2270 2405/2405/2405 2450/2450/2450
f 2264/2264/2264 2451/2451/2451 2404/2404/2404
f 2346/2346/2346 2407/2407/2407 2408/2408/2408
f 2267/2267/2267 2373/2373/2373 2452/2452/2452
f 2066/2066/2066 2221/2221/2221 2374/2374/2374
f 2408/2408/2408 2453/2453/2453 2279/2279/2279
f 2376/2376/2376 2409/2409/2409 2454/2454/2454
f 2377/2377/2377 2455/2455/2455 2410/2410/2410
f 2276/2276/2276 2414/2414/2414 2375/2375/2375
f 2378/2378/2378 2411/2411/2411 2349/2349/2349
f 2314/2314/2314 2456/2456/2456 2430/2430/2430
f 2315/2315/2315 2460/2460/2460 2457/2457/2457
f 2033/2033/2033 2432/2432/2432 2353/2353/2353
f 2318/2318/2318 2462/2462/2462 2311/2311/2311
f 2380/2380/2380 2382/2382/2382 2319/2319/2319
f 2285/2285/2285 2465/2465/2465 2434/2434/2434
f 2356/2356/2356 2467/2467/2467 2416/2416/2416
f 2281/2281/2281 2467/2467/2467 2356/2356/2356
f 2200/2200/2200 2464/2464/2464 2283/2283/2283
f 2201/2201/2201 2386/2386/2386 2465/2465/2465
f 2168/2168/2168 2469/2469/2469 2418/2418/2418
f 2469/2469/2469 2168/2168/2168 2470/2470/2470
f 2327/2327/2327 2436/2436/2436 2435/2435/2435
f 2436/2436/2436 2472/2472/2472 2137/2137/2137
f 2247/2247/2247 2210/2210/2210 2473/2473/2473
f 2398/2398/2398 2292/2292/2292 2438/2438/2438
f 2476/2476/2476 2251/2251/2251 2439/2439/2439
f 2250/2250/2250 2335/2335/2335 1838/1838/1838
f 2363/2363/2363 2173/2173/2173 2477/2477/2477
f 2300/2300/2300 2478/2478/2478 2443/2443/2443
f 2174/2174/2174 2480/2480/2480 2254/2254/2254
f 2254/2254/2254 2480/2480/2480 2303/2303/2303
f 2217/2217/2217 2445/2445/2445 2305/2305/2305
f 2348/2348/2348 2346/2346/2346 2408/2408/2408
f 2372/2372/2372 1862/1862/1862 2482/2482/2482
f 2317/2317/2317 2352/2352/2352 2459/2459/2459
f 2316/2316/2316 2458/2458/2458 2461/2461/2461
f 2319/2319/2319 2484/2484/2484 2463/2463/2463
f 2386/2386/2386 2486/2486/2486 2465/2465/2465
f 2134/2134/2134 2323/2323/2323 2420/2420/2420
f 2488/2488/2488 2471/2471/2471 2490/2490/2490
f 2489/2489/2489 2491/2491/2491 2472/2472/2472
f 2137/2137/2137 2472/2472/2472 2491/2491/2491
f 2334/2334/2334 2492/2492/2492 2330/2330/2330
f 2394/2394/2394 2423/2423/2423 2493/2493/2493
f 2332/2332/2332 2397/2397/2397 2424/2424/2424
f 1970/1970/1970 2495/2495/2495 2253/2253/2253
f 2292/2292/2292 2425/2425/2425 2496/2496/2496
f 2047/2047/2047 2440/2440/2440 2439/2439/2439
f 2252/2252/2252 2497/2497/2497 2105/2105/2105
f 2108/2108/2108 2366/2366/2366 2500/2500/2500
f 2427/2427/2427 2478/2478/2478 2300/2300/2300
f 2342/2342/2342 2443/2443/2443 2501/2501/2501
f 2371/2371/2371 2502/2502/2502 2306/2306/2306
f 2370/2370/2370 2402/2402/2402 2445/2445/2445
f 2306/2306/2306 2401/2401/2401 2371/2371/2371
f 2222/2222/2222 2446/2446/2446 2505/2505/2505
f 2218/2218/2218 2508/2508/2508 2402/2402/2402
f 2405/2405/2405 2452/2452/2452 2450/2450/2450
f 2408/2408/2408 2407/2407/2407 2509/2509/2509
f 2373/2373/2373 2483/2483/2483 2452/2452/2452
f 2412/2412/2412 2279/2279/2279 2453/2453/2453
f 2412/2412/2412 2453/2453/2453 2351/2351/2351
f 2352/2352/2352 2432/2432/2432 2459/2459/2459
f 2432/2432/2432 2512/2512/2512 2353/2353/2353
f 2312/2312/2312 2463/2463/2463 2513/2513/2513
f 2383/2383/2383 2514/2514/2514 2281/2281/2281
f 2127/2127/2127 2242/2242/2242 2322/2322/2322
f 2289/2289/2289 2287/2287/2287 2516/2516/2516
f 2290/2290/2290 2518/2518/2518 2389/2389/2389
f 2391/2391/2391 2206/2206/2206 2520/2520/2520
f 2472/2472/2472 2436/2436/2436 2523/2523/2523
f 2472/2472/2472 2489/2489/2489 2491/2491/2491
f 2423/2423/2423 2392/2392/2392 2525/2525/2525
f 2138/2138/2138 2474/2474/2474 2211/2211/2211
f 2292/2292/2292 2496/2496/2496 2438/2438/2438
f 2425/2425/2425 2527/2527/2527 2496/2496/2496
f 2475/2475/2475 2335/2335/2335 2250/2250/2250
f 2173/2173/2173 2365/2365/2365 2477/2477/2477
f 2338/2338/2338 2528/2528/2528 2426/2426/2426
f 2481/2481/2481 2175/2175/2175 2428/2428/2428
f 2304/2304/2304 2531/2531/2531 2339/2339/2339
f 2305/2305/2305 2445/2445/2445 2215/2215/2215
f 2371/2371/2371 2150/2150/2150 2502/2502/2502
f 2446/2446/2446 2533/2533/2533 2505/2505/2505
f 2221/2221/2221 2507/2507/2507 2374/2374/2374
f 2218/2218/2218 2375/2375/2375 2508/2508/2508
f 2312/2312/2312 2536/2536/2536 1863/1863/1863
f 2351/2351/2351 2538/2538/2538 2352/2352/2352
f 2352/2352/2352 2538/2538/2538 2432/2432/2432
f 2431/2431/2431 2539/2539/2539 2510/2510/2510
f 2434/2434/2434 2485/2485/2485 2320/2320/2320
f 2486/2486/2486 2541/2541/2541 2465/2465/2465
f 2415/2415/2415 2466/2466/2466 2323/2323/2323
f 2288/2288/2288 2322/2322/2322 2544/2544/2544
f 2288/2288/2288 2544/2544/2544 2519/2519/2519
f 2328/2328/2328 2545/2545/2545 2437/2437/2437
f 2392/2392/2392 2521/2521/2521 2546/2546/2546
f 2471/2471/2471 2522/2522/2522 2488/2488/2488
f 2546/2546/2546 2521/2521/2521 2525/2525/2525
f 2546/2546/2546 2525/2525/2525 2392/2392/2392
f 2491/2491/2491 2547/2547/2547 2137/2137/2137
f 2334/2334/2334 2424/2424/2424 2549/2549/2549
f 2439/2439/2439 2551/2551/2551 2476/2476/2476
f 2335/2335/2335 2475/2475/2475 2550/2550/2550
f 2105/2105/2105 2497/2497/2497 2552/2552/2552
f 2427/2427/2427 2529/2529/2529 2478/2478/2478
f 2343/2343/2343 2553/2553/2553 2428/2428/2428
f 2342/2342/2342 2501/2501/2501 2429/2429/2429
f 2444/2444/2444 2367/2367/2367 2214/2214/2214
f 2369/2369/2369 2445/2445/2445 2534/2534/2534
f 2445/2445/2445 2506/2506/2506 2534/2534/2534
f 2445/2445/2445 2402/2402/2402 2506/2506/2506
f 2452/2452/2452 2554/2554/2554 2450/2450/2450
f 2188/2188/2188 2509/2509/2509 2407/2407/2407
f 1863/1863/1863 2536/2536/2536 2483/2483/2483
f 2432/2432/2432 2538/2538/2538 2540/2540/2540
f 2465/2465/2465 2555/2555/2555 2434/2434/2434
f 2387/2387/2387 2418/2418/2418 2487/2487/2487
f 2323/2323/2323 2466/2466/2466 2420/2420/2420
f 2421/2421/2421 2557/2557/2557 2419/2419/2419
f 2359/2359/2359 2558/2558/2558 2167/2167/2167
f 2489/2489/2489 2560/2560/2560 2491/2491/2491
f 2489/2489/2489 2523/2523/2523 2560/2560/2560
f 2362/2362/2362 2248/2248/2248 2474/2474/2474
f 2212/2212/2212 2438/2438/2438 2397/2397/2397
f 2440/2440/2440 2551/2551/2551 2439/2439/2439
f 2425/2425/2425 2294/2294/2294 2527/2527/2527
f 2253/2253/2253 2562/2562/2562 2498/2498/2498
f 2021/2021/2021 2565/2565/2565 2366/2366/2366
f 1917/1917/1917 2566/2566/2566 2364/2364/2364
f 2108/2108/2108 2500/2500/2500 2567/2567/2567
f 2338/2338/2338 2399/2399/2399 2528/2528/2528
f 2501/2501/2501 2443/2443/2443 2429/2429/2429
f 2148/2148/2148 2429/2429/2429 2569/2569/2569
f 2148/2148/2148 2569/2569/2569 2150/2150/2150
f 2150/2150/2150 2571/2571/2571 2502/2502/2502
f 2502/2502/2502 2571/2571/2571 2573/2573/2573
f 2306/2306/2306 2502/2502/2502 2573/2573/2573
f 2306/2306/2306 2573/2573/2573 2188/2188/2188
f 2221/2221/2221 2503/2503/2503 2507/2507/2507
f 2402/2402/2402 2508/2508/2508 2506/2506/2506
f 2188/2188/2188 2574/2574/2574 2509/2509/2509
f 2453/2453/2453 2575/2575/2575 2351/2351/2351
f 2537/2537/2537 2350/2350/2350 2576/2576/2576
f 2538/2538/2538 2577/2577/2577 2540/2540/2540
f 2513/2513/2513 2484/2484/2484 2578/2578/2578
f 2463/2463/2463 2484/2484/2484 2513/2513/2513
f 2465/2465/2465 2583/2583/2583 2555/2555/2555
f 2389/2389/2389 2586/2586/2586 2329/2329/2329
f 2470/2470/2470 2168/2168/2168 2559/2559/2559
f 2545/2545/2545 2328/2328/2328 2590/2590/2590
f 2437/2437/2437 2545/2545/2545 2524/2524/2524
f 2545/2545/2545 2590/2590/2590 2524/2524/2524
f 2423/2423/2423 2525/2525/2525 2493/2493/2493
f 2474/2474/2474 2138/2138/2138 2591/2591/2591
f 2424/2424/2424 2397/2397/2397 2549/2549/2549
f 2438/2438/2438 2593/2593/2593 2397/2397/2397
f 2438/2438/2438 2496/2496/2496 2594/2594/2594
f 1917/1917/1917 2108/2108/2108 2566/2566/2566
f 2428/2428/2428 2595/2595/2595 2481/2481/2481
f 2340/2340/2340 2596/2596/2596 2399/2399/2399
f 2025/2025/2025 2600/2600/2600 2341/2341/2341
f 2369/2369/2369 2553/2553/2553 2343/2343/2343
f 2149/2149/2149 2568/2568/2568 2570/2570/2570
f 2368/2368/2368 2532/2532/2532 2504/2504/2504
f 2446/2446/2446 2601/2601/2601 2533/2533/2533
f 2571/2571/2571 2603/2603/2603 2573/2573/2573
f 2452/2452/2452 2604/2604/2604 2554/2554/2554
f 2408/2408/2408 2509/2509/2509 2453/2453/2453
f 2351/2351/2351 2575/2575/2575 2577/2577/2577
f 2312/2312/2312 2513/2513/2513 2536/2536/2536
f 2540/2540/2540 2577/2577/2577 2605/2605/2605
f 2540/2540/2540 2605/2605/2605 2512/2512/2512
f 2381/2381/2381 2353/2353/2353 2606/2606/2606
f 2541/2541/2541 2607/2607/2607 2465/2465/2465
f 2384/2384/2384 2381/2381/2381 2515/2515/2515
f 2542/2542/2542 2487/2487/2487 2608/2608/2608
f 2467/2467/2467 2281/2281/2281 2611/2611/2611
f 2466/2466/2466 2556/2556/2556 2420/2420/2420
f 2470/2470/2470 2559/2559/2559 2612/2612/2612
f 2328/2328/2328 2585/2585/2585 2590/2590/2590
f 2560/2560/2560 2614/2614/2614 2491/2491/2491
f 2491/2491/2491 2614/2614/2614 2617/2617/2617
f 2330/2330/2330 2492/2492/2492 2619/2619/2619
f 2207/2207/2207 2395/2395/2395 2621/2621/2621
f 2617/2617/2617 2622/2622/2622 2491/2491/2491
f 2494/2494/2494 2621/2621/2621 2395/2395/2395
f 1970/1970/1970 2362/2362/2362 2495/2495/2495
f 2253/2253/2253 2495/2495/2495 2562/2562/2562
f 2496/2496/2496 2527/2527/2527 2594/2594/2594
f 2335/2335/2335 2550/2550/2550 2624/2624/2624
f 2105/2105/2105 2626/2626/2626 2440/2440/2440
f 2105/2105/2105 2552/2552/2552 2626/2626/2626
f 2441/2441/2441 2336/2336/2336 2628/2628/2628
f 2567/2567/2567 2629/2629/2629 2108/2108/2108
f 2479/2479/2479 2630/2630/2630 2632/2632/2632
f 2553/2553/2553 2369/2369/2369 2635/2635/2635
f 2506/2506/2506 2635/2635/2635 2369/2369/2369
f 2601/2601/2601 2634/2634/2634 2533/2533/2533
f 2571/2571/2571 2636/2636/2636 2603/2603/2603
f 2533/2533/2533 2634/2634/2634 2505/2505/2505
f 2269/2269/2269 2449/2449/2449 2446/2446/2446
f 2450/2450/2450 2554/2554/2554 2637/2637/2637
f 2554/2554/2554 2638/2638/2638 2637/2637/2637
f 2509/2509/2509 2639/2639/2639 2453/2453/2453
f 2483/2483/2483 2604/2604/2604 2452/2452/2452
f 2453/2453/2453 2639/2639/2639 2575/2575/2575
f 2577/2577/2577 2575/2575/2575 2605/2605/2605
f 2353/2353/2353 2512/2512/2512 2640/2640/2640
f 2353/2353/2353 2640/2640/2640 2606/2606/2606
f 2359/2359/2359 2641/2641/2641 2558/2558/2558
f 2206/2206/2206 2644/2644/2644 2520/2520/2520
f 2331/2331/2331 2620/2620/2620 2648/2648/2648
f 2207/2207/2207 2621/2621/2621 2646/2646/2646
f 2138/2138/2138 2548/2548/2548 2650/2650/2650
f 2138/2138/2138 2650/2650/2650 2591/2591/2591
f 2525/2525/2525 2651/2651/2651 2493/2493/2493
f 2474/2474/2474 2591/2591/2591 2653/2653/2653
f 2474/2474/2474 2653/2653/2653 2362/2362/2362
f 2362/2362/2362 2653/2653/2653 2654/2654/2654
f 2438/2438/2438 2594/2594/2594 2656/2656/2656
f 2478/2478/2478 2529/2529/2529 2400/2400/2400
f 2443/2443/2443 2478/2478/2478 2400/2400/2400
f 2481/2481/2481 2595/2595/2595 2631/2631/2631
f 2442/2442/2442 2399/2399/2399 2658/2658/2658
f 2428/2428/2428 2553/2553/2553 2595/2595/2595
f 2303/2303/2303 2660/2660/2660 2530/2530/2530
f 2025/2025/2025 2339/2339/2339 2600/2600/2600
f 2483/2483/2483 2536/2536/2536 2604/2604/2604
f 2485/2485/2485 2583/2583/2583 2579/2579/2579
f 2434/2434/2434 2583/2583/2583 2485/2485/2485
f 2465/2465/2465 2662/2662/2662 2583/2583/2583
f 2514/2514/2514 2664/2664/2664 2281/2281/2281
f 2322/2322/2322 2665/2665/2665 2544/2544/2544
f 2556/2556/2556 2466/2466/2466 2609/2609/2609
f 2360/2360/2360 2331/2331/2331 2648/2648/2648
f 2547/2547/2547 2491/2491/2491 2649/2649/2649
f 2491/2491/2491 2622/2622/2622 2649/2649/2649
f 2550/2550/2550 2666/2666/2666 2624/2624/2624
f 2551/2551/2551 2440/2440/2440 2667/2667/2667
f 2500/2500/2500 2629/2629/2629 2567/2567/2567
f 2480/2480/2480 2660/2660/2660 2303/2303/2303
f 2399/2399/2399 2669/2669/2669 2658/2658/2658
f 2429/2429/2429 2443/2443/2443 2670/2670/2670
f 2571/2571/2571 2569/2569/2569 2636/2636/2636
f 2573/2573/2573 2603/2603/2603 2672/2672/2672
f 2637/2637/2637 2673/2673/2673 2450/2450/2450
f 2509/2509/2509 2574/2574/2574 2639/2639/2639
f 2554/2554/2554 2604/2604/2604 2638/2638/2638
f 2640/2640/2640 2512/2512/2512 2674/2674/2674
f 2607/2607/2607 2662/2662/2662 2465/2465/2465
f 2608/2608/2608 2487/2487/2487 2676/2676/2676
f 2281/2281/2281 2664/2664/2664 2611/2611/2611
f 2419/2419/2419 2557/2557/2557 2242/2242/2242
f 2360/2360/2360 2648/2648/2648 2643/2643/2643
f 2523/2523/2523 2588/2588/2588 2560/2560/2560
f 2521/2521/2521 2645/2645/2645 2525/2525/2525
f 2438/2438/2438 2656/2656/2656 2593/2593/2593
f 2526/2526/2526 2293/2293/2293 2677/2677/2677
f 2336/2336/2336 2681/2681/2681 2628/2628/2628
f 2657/2657/2657 2668/2668/2668 2682/2682/2682
f 2399/2399/2399 2596/2596/2596 2669/2669/2669
f 2443/2443/2443 2659/2659/2659 2670/2670/2670
f 2635/2635/2635 2686/2686/2686 2553/2553/2553
f 2429/2429/2429 2688/2688/2688 2689/2689/2689
f 2637/2637/2637 2638/2638/2638 2673/2673/2673
f 2536/2536/2536 2690/2690/2690 2604/2604/2604
f 2513/2513/2513 2694/2694/2694 2536/2536/2536
f 2605/2605/2605 2575/2575/2575 2696/2696/2696
f 2578/2578/2578 2694/2694/2694 2513/2513/2513
f 2605/2605/2605 2696/2696/2696 2512/2512/2512
f 2555/2555/2555 2583/2583/2583 2434/2434/2434
f 2418/2418/2418 2697/2697/2697 2487/2487/2487
f 2242/2242/2242 2698/2698/2698 2322/2322/2322
f 2322/2322/2322 2698/2698/2698 2665/2665/2665
f 2587/2587/2587 2544/2544/2544 2700/2700/2700
f 2590/2590/2590 2585/2585/2585 2699/2699/2699
f 2492/2492/2492 2334/2334/2334 2549/2549/2549
f 2622/2622/2622 2701/2701/2701 2649/2649/2649
f 2397/2397/2397 2702/2702/2702 2549/2549/2549
f 2591/2591/2591 2650/2650/2650 2703/2703/2703
f 2591/2591/2591 2703/2703/2703 2653/2653/2653
f 2653/2653/2653 2703/2703/2703 2654/2654/2654
f 2362/2362/2362 2654/2654/2654 2495/2495/2495
f 2624/2624/2624 2666/2666/2666 2704/2704/2704
f 2335/2335/2335 2624/2624/2624 2707/2707/2707
f 2294/2294/2294 2363/2363/2363 2708/2708/2708
f 2294/2294/2294 2708/2708/2708 2679/2679/2679
f 2477/2477/2477 2365/2365/2365 2710/2710/2710
f 2364/2364/2364 2711/2711/2711 2709/2709/2709
f 2366/2366/2366 2565/2565/2565 2715/2715/2715
f 2364/2364/2364 2566/2566/2566 2711/2711/2711
f 2366/2366/2366 2715/2715/2715 2500/2500/2500
f 2500/2500/2500 2715/2715/2715 2717/2717/2717
f 2632/2632/2632 2719/2719/2719 2723/2723/2723
f 2632/2632/2632 2630/2630/2630 2719/2719/2719
f 2633/2633/2633 2727/2727/2727 2730/2730/2730
f 2633/2633/2633 2660/2660/2660 2480/2480/2480
f 2669/2669/2669 2658/2658/2658 2683/2683/2683
f 2686/2686/2686 2731/2731/2731 2553/2553/2553
f 2429/2429/2429 2670/2670/2670 2688/2688/2688
f 2601/2601/2601 2732/2732/2732 2634/2634/2634
f 2602/2602/2602 2447/2447/2447 2735/2735/2735
f 2447/2447/2447 2450/2450/2450 2735/2735/2735
f 2188/2188/2188 2573/2573/2573 2574/2574/2574
f 2574/2574/2574 2573/2573/2573 2737/2737/2737
f 2535/2535/2535 2691/2691/2691 2738/2738/2738
f 2512/2512/2512 2696/2696/2696 2741/2741/2741
f 2661/2661/2661 2742/2742/2742 2582/2582/2582
f 2512/2512/2512 2741/2741/2741 2745/2745/2745
f 2579/2579/2579 2583/2583/2583 2695/2695/2695
f 2745/2745/2745 2741/2741/2741 2747/2747/2747
f 2511/2511/2511 2744/2744/2744 2746/2746/2746
f 2512/2512/2512 2747/2747/2747 2674/2674/2674
f 2609/2609/2609 2748/2748/2748 2556/2556/2556
f 2469/2469/2469 2470/2470/2470 2750/2750/2750
f 2543/2543/2543 2584/2584/2584 2752/2752/2752
f 2615/2615/2615 2561/2561/2561 2756/2756/2756
f 2647/2647/2647 2619/2619/2619 2757/2757/2757
f 2618/2618/2618 2616/2616/2616 2760/2760/2760
f 2618/2618/2618 2650/2650/2650 2623/2623/2623
f 2592/2592/2592 2655/2655/2655 2761/2761/2761
f 2667/2667/2667 2440/2440/2440 2705/2705/2705
f 2440/2440/2440 2626/2626/2626 2763/2763/2763
f 2108/2108/2108 2629/2629/2629 2764/2764/2764
f 2632/2632/2632 2723/2723/2723 2725/2725/2725
f 2553/2553/2553 2731/2731/2731 2595/2595/2595
f 2635/2635/2635 2766/2766/2766 2686/2686/2686
f 2601/2601/2601 2767/2767/2767 2732/2732/2732
f 2569/2569/2569 2429/2429/2429 2689/2689/2689
f 2602/2602/2602 2735/2735/2735 2769/2769/2769
f 2604/2604/2604 2690/2690/2690 2638/2638/2638
f 2536/2536/2536 2770/2770/2770 2690/2690/2690
f 2536/2536/2536 2739/2739/2739 2770/2770/2770
f 2772/2772/2772 2774/2774/2774 2776/2776/2776
f 2778/2778/2778 2780/2780/2780 2782/2782/2782
f 2663/2663/2663 2676/2676/2676 2743/2743/2743
f 2663/2663/2663 2608/2608/2608 2676/2676/2676
f 2747/2747/2747 2785/2785/2785 2674/2674/2674
f 2674/2674/2674 2785/2785/2785 2640/2640/2640
f 2487/2487/2487 2697/2697/2697 2676/2676/2676
f 2381/2381/2381 2606/2606/2606 2515/2515/2515
f 2787/2787/2787 2515/2515/2515 2789/2789/2789
f 2611/2611/2611 2664/2664/2664 2792/2792/2792
f 2544/2544/2544 2665/2665/2665 2700/2700/2700
f 2544/2544/2544 2754/2754/2754 2519/2519/2519
f 2389/2389/2389 2794/2794/2794 2586/2586/2586
f 2389/2389/2389 2518/2518/2518 2794/2794/2794
f 2643/2643/2643 2648/2648/2648 2796/2796/2796
f 2492/2492/2492 2549/2549/2549 2797/2797/2797
f 2397/2397/2397 2798/2798/2798 2702/2702/2702
f 2705/2705/2705 2440/2440/2440 2799/2799/2799
f 2363/2363/2363 2477/2477/2477 2708/2708/2708
f 2021/2021/2021 2441/2441/2441 2565/2565/2565
f 2660/2660/2660 2633/2633/2633 2730/2730/2730
f 2598/2598/2598 2341/2341/2341 2600/2600/2600
f 2634/2634/2634 2732/2732/2732 2800/2800/2800
f 2602/2602/2602 2769/2769/2769 2768/2768/2768
f 2574/2574/2574 2802/2802/2802 2639/2639/2639
f 2773/2773/2773 2777/2777/2777 2775/2775/2775
f 2781/2781/2781 2779/2779/2779 2804/2804/2804
f 2580/2580/2580 2805/2805/2805 2692/2692/2692
f 2778/2778/2778 2807/2807/2807 2742/2742/2742
f 2696/2696/2696 2810/2810/2810 2741/2741/2741
f 2779/2779/2779 2743/2743/2743 2676/2676/2676
f 2779/2779/2779 2676/2676/2676 2804/2804/2804
f 2747/2747/2747 2812/2812/2812 2785/2785/2785
f 2610/2610/2610 2791/2791/2791 2749/2749/2749
f 2514/2514/2514 2786/2786/2786 2664/2664/2664
f 2470/2470/2470 2612/2612/2612 2750/2750/2750
f 2584/2584/2584 2793/2793/2793 2752/2752/2752
f 2561/2561/2561 2589/2589/2589 2756/2756/2756
f 2492/2492/2492 2797/2797/2797 2619/2619/2619
f 2618/2618/2618 2760/2760/2760 2814/2814/2814
f 2650/2650/2650 2618/2618/2618 2814/2814/2814
f 2703/2703/2703 2650/2650/2650 2816/2816/2816
f 2623/2623/2623 2650/2650/2650 2818/2818/2818
f 2622/2622/2622 2817/2817/2817 2701/2701/2701
f 2656/2656/2656 2594/2594/2594 2820/2820/2820
f 2799/2799/2799 2822/2822/2822 2705/2705/2705
f 2440/2440/2440 2822/2822/2822 2799/2799/2799
f 2527/2527/2527 2679/2679/2679 2594/2594/2594
f 2440/2440/2440 2823/2823/2823 2822/2822/2822
f 2707/2707/2707 2825/2825/2825 2826/2826/2826
f 2552/2552/2552 2497/2497/2497 2626/2626/2626
f 2563/2563/2563 2827/2827/2827 2712/2712/2712
f 2566/2566/2566 2830/2830/2830 2711/2711/2711
f 2500/2500/2500 2717/2717/2717 2629/2629/2629
f 2726/2726/2726 2724/2724/2724 2720/2720/2720
f 2726/2726/2726 2720/2720/2720 2728/2728/2728
f 2595/2595/2595 2731/2731/2731 2686/2686/2686
f 2669/2669/2669 2596/2596/2596 2658/2658/2658
f 2670/2670/2670 2599/2599/2599 2688/2688/2688
f 2339/2339/2339 2531/2531/2531 2831/2831/2831
f 2339/2339/2339 2831/2831/2831 2600/2600/2600
f 2635/2635/2635 2801/2801/2801 2766/2766/2766
f 2732/2732/2732 2833/2833/2833 2800/2800/2800
f 2569/2569/2569 2689/2689/2689 2636/2636/2636
f 2603/2603/2603 2636/2636/2636 2672/2672/2672
f 2574/2574/2574 2737/2737/2737 2802/2802/2802
f 2575/2575/2575 2639/2639/2639 2836/2836/2836
f 2639/2639/2639 2837/2837/2837 2836/2836/2836
f 2771/2771/2771 2740/2740/2740 2695/2695/2695
f 2696/2696/2696 2575/2575/2575 2810/2810/2810
f 2778/2778/2778 2782/2782/2782 2807/2807/2807
f 2806/2806/2806 2581/2581/2581 2693/2693/2693
f 2742/2742/2742 2807/2807/2807 2582/2582/2582
f 2747/2747/2747 2741/2741/2741 2812/2812/2812
f 2812/2812/2812 2839/2839/2839 2785/2785/2785
f 2784/2784/2784 2838/2838/2838 2840/2840/2840
f 2606/2606/2606 2640/2640/2640 2842/2842/2842
f 2515/2515/2515 2606/2606/2606 2789/2789/2789
f 2697/2697/2697 2418/2418/2418 2844/2844/2844
f 2468/2468/2468 2843/2843/2843 2417/2417/2417
f 2469/2469/2469 2750/2750/2750 2844/2844/2844
f 2559/2559/2559 2845/2845/2845 2612/2612/2612
f 2699/2699/2699 2849/2849/2849 2590/2590/2590
f 2589/2589/2589 2848/2848/2848 2756/2756/2756
f 2615/2615/2615 2756/2756/2756 2759/2759/2759
f 2619/2619/2619 2797/2797/2797 2757/2757/2757
f 2650/2650/2650 2814/2814/2814 2816/2816/2816
f 2649/2649/2649 2701/2701/2701 2817/2817/2817
f 2798/2798/2798 2397/2397/2397 2850/2850/2850
f 2397/2397/2397 2593/2593/2593 2850/2850/2850
f 2705/2705/2705 2822/2822/2822 2625/2625/2625
f 2707/2707/2707 2826/2826/2826 2335/2335/2335
f 2710/2710/2710 2852/2852/2852 2477/2477/2477
f 2717/2717/2717 2853/2853/2853 2629/2629/2629
f 2108/2108/2108 2764/2764/2764 2566/2566/2566
f 2631/2631/2631 2856/2856/2856 2722/2722/2722
f 2631/2631/2631 2595/2595/2595 2856/2856/2856
f 2670/2670/2670 2659/2659/2659 2599/2599/2599
f 2450/2450/2450 2858/2858/2858 2735/2735/2735
f 2672/2672/2672 2636/2636/2636 2859/2859/2859
f 2448/2448/2448 2860/2860/2860 2857/2857/2857
f 2572/2572/2572 2671/2671/2671 2736/2736/2736
f 2737/2737/2737 2862/2862/2862 2802/2802/2802
f 2780/2780/2780 2864/2864/2864 2867/2867/2867
f 2741/2741/2741 2841/2841/2841 2812/2812/2812
f 2640/2640/2640 2785/2785/2785 2842/2842/2842
f 2847/2847/2847 2869/2869/2869 2755/2755/2755
f 2759/2759/2759 2872/2872/2872 2813/2813/2813
f 2798/2798/2798 2873/2873/2873 2702/2702/2702
f 2654/2654/2654 2703/2703/2703 2816/2816/2816
f 2654/2654/2654 2816/2816/2816 2874/2874/2874
f 2495/2495/2495 2654/2654/2654 2875/2875/2875
f 2762/2762/2762 2876/2876/2876 2593/2593/2593
f 2707/2707/2707 2624/2624/2624 2821/2821/2821
f 2477/2477/2477 2878/2878/2878 2708/2708/2708
f 2626/2626/2626 2879/2879/2879 2763/2763/2763
f 2477/2477/2477 2852/2852/2852 2878/2878/2878
f 2681/2681/2681 2336/2336/2336 2880/2880/2880
f 2729/2729/2729 2721/2721/2721 2854/2854/2854
f 2833/2833/2833 2684/2684/2684 2765/2765/2765
f 2733/2733/2733 2768/2768/2768 2881/2881/2881
f 2800/2800/2800 2833/2833/2833 2765/2765/2765
f 2688/2688/2688 2884/2884/2884 2689/2689/2689
f 2672/2672/2672 2859/2859/2859 2887/2887/2887
f 2673/2673/2673 2888/2888/2888 2450/2450/2450
f 2673/2673/2673 2638/2638/2638 2888/2888/2888
f 2671/2671/2671 2885/2885/2885 2736/2736/2736
f 2690/2690/2690 2889/2889/2889 2638/2638/2638
f 2866/2866/2866 2891/2891/2891 2868/2868/2868
f 2780/2780/2780 2867/2867/2867 2782/2782/2782
f 2863/2863/2863 2892/2892/2892 2890/2890/2890
f 2865/2865/2865 2781/2781/2781 2894/2894/2894
f 2781/2781/2781 2804/2804/2804 2894/2894/2894
f 2583/2583/2583 2808/2808/2808 2896/2896/2896
f 2676/2676/2676 2809/2809/2809 2804/2804/2804
f 2838/2838/2838 2811/2811/2811 2840/2840/2840
f 2613/2613/2613 2898/2898/2898 2751/2751/2751
f 2613/2613/2613 2846/2846/2846 2898/2898/2898
f 2796/2796/2796 2648/2648/2648 2758/2758/2758
f 2813/2813/2813 2872/2872/2872 2899/2899/2899
f 2593/2593/2593 2876/2876/2876 2850/2850/2850
f 2594/2594/2594 2679/2679/2679 2820/2820/2820
f 2823/2823/2823 2440/2440/2440 2879/2879/2879
f 2763/2763/2763 2879/2879/2879 2440/2440/2440
f 2336/2336/2336 2902/2902/2902 2880/2880/2880
f 2565/2565/2565 2904/2904/2904 2829/2829/2829
f 2905/2905/2905 2629/2629/2629 2853/2853/2853
f 2629/2629/2629 2905/2905/2905 2764/2764/2764
f 2686/2686/2686 2907/2907/2907 2595/2595/2595
f 2600/2600/2600 2909/2909/2909 2598/2598/2598
f 2687/2687/2687 2597/2597/2597 2908/2908/2908
f 2687/2687/2687 2908/2908/2908 2910/2910/2910
f 2831/2831/2831 2531/2531/2531 2911/2911/2911
f 2734/2734/2734 2882/2882/2882 2834/2834/2834
f 2636/2636/2636 2689/2689/2689 2884/2884/2884
f 2769/2769/2769 2735/2735/2735 2768/2768/2768
f 2636/2636/2636 2884/2884/2884 2859/2859/2859
f 2735/2735/2735 2858/2858/2858 2912/2912/2912
f 2450/2450/2450 2888/2888/2888 2861/2861/2861
f 2802/2802/2802 2914/2914/2914 2639/2639/2639
f 2782/2782/2782 2867/2867/2867 2915/2915/2915
f 2695/2695/2695 2896/2896/2896 2771/2771/2771
f 2695/2695/2695 2583/2583/2583 2896/2896/2896
f 2809/2809/2809 2676/2676/2676 2919/2919/2919
f 2841/2841/2841 2920/2920/2920 2785/2785/2785
f 2606/2606/2606 2842/2842/2842 2789/2789/2789
f 2664/2664/2664 2921/2921/2921 2792/2792/2792
f 2556/2556/2556 2748/2748/2748 2922/2922/2922
f 2845/2845/2845 2559/2559/2559 2897/2897/2897
f 2643/2643/2643 2796/2796/2796 2926/2926/2926
f 2646/2646/2646 2621/2621/2621 2927/2927/2927
f 2872/2872/2872 2759/2759/2759 2899/2899/2899
f 2549/2549/2549 2928/2928/2928 2797/2797/2797
f 2813/2813/2813 2899/2899/2899 2815/2815/2815
f 2549/2549/2549 2929/2929/2929 2928/2928/2928
f 2549/2549/2549 2702/2702/2702 2929/2929/2929
f 2651/2651/2651 2525/2525/2525 2930/2930/2930
f 2816/2816/2816 2932/2932/2932 2874/2874/2874
f 2654/2654/2654 2874/2874/2874 2875/2875/2875
f 2819/2819/2819 2933/2933/2933 2678/2678/2678
f 2820/2820/2820 2679/2679/2679 2934/2934/2934
f 2822/2822/2822 2823/2823/2823 2879/2879/2879
f 2707/2707/2707 2821/2821/2821 2901/2901/2901
f 2826/2826/2826 2901/2901/2901 2335/2335/2335
f 2880/2880/2880 2902/2902/2902 2681/2681/2681
f 2565/2565/2565 2441/2441/2441 2628/2628/2628
f 2566/2566/2566 2935/2935/2935 2830/2830/2830
f 2566/2566/2566 2764/2764/2764 2936/2936/2936
f 2937/2937/2937 2910/2910/2910 2908/2908/2908
f 2910/2910/2910 2937/2937/2937 2938/2938/2938
f 2910/2910/2910 2940/2940/2940 2687/2687/2687
f 2688/2688/2688 2941/2941/2941 2943/2943/2943
f 2882/2882/2882 2945/2945/2945 2834/2834/2834
f 2834/2834/2834 2946/2946/2946 2685/2685/2685
f 2884/2884/2884 2688/2688/2688 2943/2943/2943
f 2735/2735/2735 2912/2912/2912 2768/2768/2768
f 2859/2859/2859 2884/2884/2884 2887/2887/2887
f 2912/2912/2912 2858/2858/2858 2947/2947/2947
f 2858/2858/2858 2861/2861/2861 2947/2947/2947
f 2868/2868/2868 2891/2891/2891 2948/2948/2948
f 2891/2891/2891 2949/2949/2949 2948/2948/2948
f 2809/2809/2809 2783/2783/2783 2804/2804/2804
f 2950/2950/2950 2896/2896/2896 2808/2808/2808
f 2575/2575/2575 2836/2836/2836 2810/2810/2810
f 2642/2642/2642 2952/2952/2952 2559/2559/2559
f 2643/2643/2643 2926/2926/2926 2953/2953/2953
f 2797/2797/2797 2928/2928/2928 2757/2757/2757
f 2899/2899/2899 2954/2954/2954 2815/2815/2815
f 2929/2929/2929 2873/2873/2873 2928/2928/2928
f 2929/2929/2929 2702/2702/2702 2873/2873/2873
f 2850/2850/2850 2876/2876/2876 2798/2798/2798
f 2820/2820/2820 2934/2934/2934 2656/2656/2656
f 2679/2679/2679 2934/2934/2934 2820/2820/2820
f 2562/2562/2562 2495/2495/2495 2956/2956/2956
f 2706/2706/2706 2900/2900/2900 2824/2824/2824
f 2826/2826/2826 2825/2825/2825 2901/2901/2901
f 2626/2626/2626 2497/2497/2497 2957/2957/2957
f 2709/2709/2709 2711/2711/2711 2960/2960/2960
f 2566/2566/2566 2962/2962/2962 2935/2935/2935
f 2936/2936/2936 2962/2962/2962 2566/2566/2566
f 2729/2729/2729 2854/2854/2854 2963/2963/2963
f 2908/2908/2908 2967/2967/2967 2937/2937/2937
f 2909/2909/2909 2969/2969/2969 2968/2968/2968
f 2600/2600/2600 2969/2969/2969 2909/2909/2909
f 2938/2938/2938 2937/2937/2937 2970/2970/2970
f 2910/2910/2910 2938/2938/2938 2940/2940/2940
f 2970/2970/2970 2971/2971/2971 2938/2938/2938
f 2834/2834/2834 2945/2945/2945 2946/2946/2946
f 2939/2939/2939 2943/2943/2943 2941/2941/2941
f 2942/2942/2942 2972/2972/2972 2883/2883/2883
f 2972/2972/2972 2973/2973/2973 2883/2883/2883
f 2883/2883/2883 2973/2973/2973 2886/2886/2886
f 2887/2887/2887 2862/2862/2862 2737/2737/2737
f 2639/2639/2639 2975/2975/2975 2837/2837/2837
f 2868/2868/2868 2948/2948/2948 2976/2976/2976
f 2867/2867/2867 2977/2977/2977 2915/2915/2915
f 2771/2771/2771 2896/2896/2896 2980/2980/2980
f 2950/2950/2950 2980/2980/2980 2896/2896/2896
f 2782/2782/2782 2981/2981/2981 2803/2803/2803
f 2809/2809/2809 2919/2919/2919 2951/2951/2951
f 2741/2741/2741 2810/2810/2810 2983/2983/2983
f 2841/2841/2841 2741/2741/2741 2983/2983/2983
f 2675/2675/2675 2984/2984/2984 2916/2916/2916
f 2785/2785/2785 2920/2920/2920 2987/2987/2987
f 2785/2785/2785 2987/2987/2987 2842/2842/2842
f 2664/2664/2664 2786/2786/2786 2921/2921/2921
f 2898/2898/2898 2989/2989/2989 2751/2751/2751
f 2748/2748/2748 2790/2790/2790 2922/2922/2922
f 2519/2519/2519 2754/2754/2754 2992/2992/2992
f 2665/2665/2665 2698/2698/2698 2700/2700/2700
f 2559/2559/2559 2952/2952/2952 2993/2993/2993
f 2759/2759/2759 2756/2756/2756 2899/2899/2899
f 2995/2995/2995 2996/2996/2996 2816/2816/2816
f 2816/2816/2816 2996/2996/2996 2932/2932/2932
f 2494/2494/2494 2997/2997/2997 2621/2621/2621
f 2652/2652/2652 2997/2997/2997 2494/2494/2494
f 2656/2656/2656 2998/2998/2998 2762/2762/2762
f 2656/2656/2656 2934/2934/2934 2998/2998/2998
f 2822/2822/2822 2879/2879/2879 3000/3000/3000
f 2708/2708/2708 2878/2878/2878 3002/3002/3002
f 2626/2626/2626 2957/2957/2957 2879/2879/2879
f 2680/2680/2680 2901/2901/2901 2627/2627/2627
f 2627/2627/2627 3003/3003/3003 2564/2564/2564
f 2828/2828/2828 2903/2903/2903 2713/2713/2713
f 2595/2595/2595 2907/2907/2907 2856/2856/2856
f 2971/2971/2971 2942/2942/2942 2938/2938/2938
f 2972/2972/2972 2942/2942/2942 2971/2971/2971
f 2912/2912/2912 3005/3005/3005 2768/2768/2768
f 2972/2972/2972 3007/3007/3007 2973/2973/2973
f 2887/2887/2887 3010/3010/3010 2862/2862/2862
f 2639/2639/2639 2914/2914/2914 2975/2975/2975
f 2980/2980/2980 3012/3012/3012 2771/2771/2771
f 2915/2915/2915 2981/2981/2981 2782/2782/2782
f 2915/2915/2915 2977/2977/2977 2981/2981/2981
f 2810/2810/2810 2836/2836/2836 2983/2983/2983
f 2841/2841/2841 2983/2983/2983 2920/2920/2920
f 2676/2676/2676 2697/2697/2697 3013/3013/3013
f 2757/2757/2757 2925/2925/2925 2795/2795/2795
f 2899/2899/2899 2756/2756/2756 2954/2954/2954
f 2815/2815/2815 2954/2954/2954 2994/2994/2994
f 2928/2928/2928 3015/3015/3015 2757/2757/2757
f 2995/2995/2995 3017/3017/3017 2996/2996/2996
f 2873/2873/2873 3015/3015/3015 2928/2928/2928
f 2652/2652/2652 2931/2931/2931 2997/2997/2997
f 2873/2873/2873 2798/2798/2798 3015/3015/3015
f 2762/2762/2762 2998/2998/2998 2876/2876/2876
f 2495/2495/2495 2875/2875/2875 2956/2956/2956
f 3000/3000/3000 2879/2879/2879 3019/3019/3019
f 2708/2708/2708 3020/3020/3020 2679/2679/2679
f 2708/2708/2708 3002/3002/3002 3022/3022/3022
f 3004/3004/3004 3024/3024/3024 2565/2565/2565
f 2905/2905/2905 2853/2853/2853 2764/2764/2764
f 2730/2730/2730 2965/2965/2965 3026/3026/3026
f 2937/2937/2937 2967/2967/2967 3028/3028/3028
f 2937/2937/2937 3028/3028/3028 3029/3029/3029
f 2937/2937/2937 3029/3029/3029 2970/2970/2970
f 2686/2686/2686 3032/3032/3032 2907/2907/2907
f 2881/2881/2881 3005/3005/3005 2944/2944/2944
f 3031/3031/3031 2685/2685/2685 2946/2946/2946
f 2972/2972/2972 2971/2971/2971 3007/3007/3007
f 2768/2768/2768 3005/3005/3005 2881/2881/2881
f 2887/2887/2887 2974/2974/2974 3010/3010/3010
f 2802/2802/2802 2862/2862/2862 2914/2914/2914
f 2868/2868/2868 2976/2976/2976 3034/3034/3034
f 2690/2690/2690 2770/2770/2770 2889/2889/2889
f 2837/2837/2837 2975/2975/2975 3038/3038/3038
f 2867/2867/2867 3039/3039/3039 2977/2977/2977
f 2950/2950/2950 3041/3041/3041 2980/2980/2980
f 2676/2676/2676 3013/3013/3013 2986/2986/2986
f 2792/2792/2792 2921/2921/2921 2923/2923/2923
f 2518/2518/2518 3043/3043/3043 2794/2794/2794
f 2559/2559/2559 2993/2993/2993 2897/2897/2897
f 3044/3044/3044 2925/2925/2925 2757/2757/2757
f 2757/2757/2757 3045/3045/3045 3044/3044/3044
f 2954/2954/2954 2756/2756/2756 2870/2870/2870
f 2645/2645/2645 3046/3046/3046 2525/2525/2525
f 2994/2994/2994 2954/2954/2954 3016/3016/3016
f 2927/2927/2927 2621/2621/2621 2997/2997/2997
f 2934/2934/2934 2679/2679/2679 2998/2998/2998
f 2821/2821/2821 2999/2999/2999 2901/2901/2901
f 2851/2851/2851 3047/3047/3047 2877/2877/2877
f 2710/2710/2710 3049/3049/3049 2852/2852/2852
f 2852/2852/2852 3049/3049/3049 3051/3051/3051
f 2710/2710/2710 2961/2961/2961 3049/3049/3049
f 3024/3024/3024 2904/2904/2904 2565/2565/2565
f 2715/2715/2715 3053/3053/3053 2717/2717/2717
f 2660/2660/2660 2730/2730/2730 3026/3026/3026
f 3054/3054/3054 2970/2970/2970 3029/3029/3029
f 2530/2530/2530 2660/2660/2660 3055/3055/3055
f 2970/2970/2970 3054/3054/3054 3057/3057/3057
f 2911/2911/2911 2531/2531/2531 3056/3056/3056
f 2971/2971/2971 3058/3058/3058 3007/3007/3007
f 2974/2974/2974 3008/3008/3008 3061/3061/3061
f 2912/2912/2912 2947/2947/2947 2861/2861/2861
f 2912/2912/2912 2861/2861/2861 3062/3062/3062
f 2914/2914/2914 3038/3038/3038 2975/2975/2975
f 2978/2978/2978 3040/3040/3040 3041/3041/3041
f 2951/2951/2951 2979/2979/2979 3042/3042/3042
f 2836/2836/2836 3066/3066/3066 3069/3069/3069
f 2835/2835/2835 3067/3067/3067 3064/3064/3064
f 2803/2803/2803 2981/2981/2981 2893/2893/2893
f 2951/2951/2951 2919/2919/2919 2979/2979/2979
f 2983/2983/2983 2836/2836/2836 2920/2920/2920
f 2697/2697/2697 3070/3070/3070 3013/3013/3013
f 2987/2987/2987 2920/2920/2920 3072/3072/3072
f 2987/2987/2987 3073/3073/3073 2842/2842/2842
f 2697/2697/2697 2844/2844/2844 3070/3070/3070
f 2242/2242/2242 2557/2557/2557 3076/3076/3076
f 2242/2242/2242 3076/3076/3076 2698/2698/2698
f 2794/2794/2794 3043/3043/3043 2753/2753/2753
f 2897/2897/2897 2993/2993/2993 3077/3077/3077
f 3045/3045/3045 2925/2925/2925 3044/3044/3044
f 2954/2954/2954 3078/3078/3078 3016/3016/3016
f 3019/3019/3019 2879/2879/2879 3081/3081/3081
f 2901/2901/2901 2999/2999/2999 3082/3082/3082
f 3022/3022/3022 3020/3020/3020 2708/2708/2708
f 2764/2764/2764 2853/2853/2853 3085/3085/3085
f 2967/2967/2967 3087/3087/3087 3028/3028/3028
f 3057/3057/3057 3054/3054/3054 3089/3089/3089
f 2660/2660/2660 3026/3026/3026 3055/3055/3055
f 3057/3057/3057 3091/3091/3091 3093/3093/3093
f 3057/3057/3057 3093/3093/3093 2970/2970/2970
f 2971/2971/2971 3093/3093/3093 3058/3058/3058
f 2971/2971/2971 2970/2970/2970 3093/3093/3093
f 3059/3059/3059 3097/3097/3097 3098/3098/3098
f 3059/3059/3059 3098/3098/3098 3008/3008/3008
f 2946/2946/2946 3099/3099/3099 3031/3031/3031
f 3010/3010/3010 2914/2914/2914 2862/2862/2862
f 3033/3033/3033 3102/3102/3102 2867/2867/2867
f 3034/3034/3034 2976/2976/2976 3105/3105/3105
f 2836/2836/2836 2837/2837/2837 3066/3066/3066
f 2891/2891/2891 3107/3107/3107 2949/2949/2949
f 2917/2917/2917 2985/2985/2985 3108/3108/3108
f 2987/2987/2987 3072/3072/3072 3073/3073/3073
f 2842/2842/2842 3073/3073/3073 2789/2789/2789
f 2557/2557/2557 2924/2924/2924 3113/3113/3113
f 2557/2557/2557 3113/3113/3113 3076/3076/3076
f 2897/2897/2897 3077/3077/3077 2988/2988/2988
f 2991/2991/2991 3114/3114/3114 2517/2517/2517
f 2518/2518/2518 3115/3115/3115 3043/3043/3043
f 2646/2646/2646 2927/2927/2927 3117/3117/3117
f 3017/3017/3017 3118/3118/3118 2996/2996/2996
f 2876/2876/2876 3015/3015/3015 2798/2798/2798
f 3001/3001/3001 2877/2877/2877 3021/3021/3021
f 2877/2877/2877 3047/3047/3047 3021/3021/3021
f 2627/2627/2627 3023/3023/3023 3003/3003/3003
f 3048/3048/3048 2959/2959/2959 3050/3050/3050
f 3052/3052/3052 2714/2714/2714 2716/2716/2716
f 2855/2855/2855 2906/2906/2906 2964/2964/2964
f 2966/2966/2966 2907/2907/2907 3027/3027/3027
f 3028/3028/3028 3087/3087/3087 3119/3119/3119
f 3028/3028/3028 3119/3119/3119 3029/3029/3029
f 3089/3089/3089 3054/3054/3054 3029/3029/3029
f 3032/3032/3032 3101/3101/3101 2907/2907/2907
f 3061/3061/3061 3008/3008/3008 3122/3122/3122
f 3061/3061/3061 3122/3122/3122 3124/3124/3124
f 2974/2974/2974 3061/3061/3061 3010/3010/3010
f 2888/2888/2888 2638/2638/2638 3011/3011/3011
f 2638/2638/2638 2889/2889/2889 3011/3011/3011
f 2867/2867/2867 3102/3102/3102 3039/3039/3039
f 3037/3037/3037 2913/2913/2913 3125/3125/3125
f 3126/3126/3126 3128/3128/3128 3038/3038/3038
f 2980/2980/2980 3041/3041/3041 3012/3012/3012
f 2837/2837/2837 3038/3038/3038 3130/3130/3130
f 2976/2976/2976 2948/2948/2948 3132/3132/3132
f 2981/2981/2981 3133/3133/3133 2893/2893/2893
f 2919/2919/2919 3136/3136/3136 2979/2979/2979
f 2836/2836/2836 3069/3069/3069 2920/2920/2920
f 3110/3110/3110 2986/2986/2986 3013/3013/3013
f 2753/2753/2753 3043/3043/3043 3138/3138/3138
f 2927/2927/2927 3140/3140/3140 3117/3117/3117
f 2998/2998/2998 3141/3141/3141 2876/2876/2876
f 2956/2956/2956 3143/3143/3143 2562/2562/2562
f 2957/2957/2957 3144/3144/3144 2879/2879/2879
f 2901/2901/2901 3023/3023/3023 2627/2627/2627
f 2851/2851/2851 3050/3050/3050 3047/3047/3047
f 2959/2959/2959 3146/3146/3146 3050/3050/3050
f 2717/2717/2717 2715/2715/2715 3148/3148/3148
f 3088/3088/3088 2968/2968/2968 2969/2969/2969
f 3057/3057/3057 3089/3089/3089 3150/3150/3150
f 3057/3057/3057 3150/3150/3150 3091/3091/3091
f 3005/3005/3005 3154/3154/3154 2944/2944/2944
f 2945/2945/2945 3158/3158/3158 2946/2946/2946
f 2861/2861/2861 2888/2888/2888 3159/3159/3159
f 3102/3102/3102 3033/3033/3033 3160/3160/3160
f 3035/3035/3035 3162/3162/3162 3164/3164/3164
f 2770/2770/2770 3011/3011/3011 2889/2889/2889
f 3012/3012/3012 3041/3041/3041 3166/3166/3166
f 3041/3041/3041 3040/3040/3040 3166/3166/3166
f 2982/2982/2982 3168/3168/3168 3169/3169/3169
f 3134/3134/3134 2982/2982/2982 3169/3169/3169
f 2977/2977/2977 3167/3167/3167 2981/2981/2981
f 2891/2891/2891 2895/2895/2895 3107/3107/3107
f 3170/3170/3170 2920/2920/2920 3069/3069/3069
f 3111/3111/3111 3014/3014/3014 3171/3171/3171
f 2920/2920/2920 3170/3170/3170 3072/3072/3072
f 3072/3072/3072 3170/3170/3170 3073/3073/3073
f 2789/2789/2789 3073/3073/3073 3173/3173/3173
f 2989/2989/2989 3175/3175/3175 2751/2751/2751
f 2754/2754/2754 3139/3139/3139 2992/2992/2992
f 2757/2757/2757 3177/3177/3177 3045/3045/3045
f 2955/2955/2955 2871/2871/2871 3178/3178/3178
f 2955/2955/2955 3178/3178/3178 3079/3079/3079
f 3118/3118/3118 3017/3017/3017 3079/3079/3079
f 2997/2997/2997 2931/2931/2931 2927/2927/2927
f 2956/2956/2956 2875/2875/2875 3182/3182/3182
f 2998/2998/2998 2679/2679/2679 3141/3141/3141
f 3019/3019/3019 3081/3081/3081 3083/3083/3083
f 2999/2999/2999 3018/3018/3018 3082/3082/3082
f 2718/2718/2718 3149/3149/3149 3184/3184/3184
f 2960/2960/2960 2711/2711/2711 3185/3185/3185
f 2717/2717/2717 3183/3183/3183 2853/2853/2853
f 3085/3085/3085 3186/3186/3186 2764/2764/2764
f 2764/2764/2764 3188/3188/3188 2936/2936/2936
f 3030/3030/3030 3190/3190/3190 3090/3090/3090
f 3090/3090/3090 3190/3190/3190 3151/3151/3151
f 2600/2600/2600 2831/2831/2831 2969/2969/2969
f 3092/3092/3092 3152/3152/3152 3094/3094/3094
f 3097/3097/3097 3193/3193/3193 3098/3098/3098
f 3099/3099/3099 2946/2946/2946 3194/3194/3194
f 3099/3099/3099 3194/3194/3194 3195/3195/3195
f 2912/2912/2912 3154/3154/3154 3005/3005/3005
f 3033/3033/3033 3197/3197/3197 3160/3160/3160
f 2861/2861/2861 3159/3159/3159 3199/3199/3199
f 3035/3035/3035 3164/3164/3164 3198/3198/3198
f 3201/3201/3201 3203/3203/3203 3205/3205/3205
f 2888/2888/2888 3011/3011/3011 3207/3207/3207
f 3202/3202/3202 3206/3206/3206 3204/3204/3204
f 3133/3133/3133 3209/3209/3209 2893/2893/2893
f 2949/2949/2949 3107/3107/3107 2948/2948/2948
f 2979/2979/2979 3136/3136/3136 3168/3168/3168
f 2918/2918/2918 3109/3109/3109 3135/3135/3135
f 2786/2786/2786 3112/3112/3112 2921/2921/2921
f 2921/2921/2921 3112/3112/3112 2923/2923/2923
f 3139/3139/3139 3211/3211/3211 2992/2992/2992
f 2991/2991/2991 3212/3212/3212 3114/3114/3114
f 3015/3015/3015 3177/3177/3177 2757/2757/2757
f 2996/2996/2996 3215/3215/3215 2932/2932/2932
f 2956/2956/2956 3182/3182/3182 3143/3143/3143
f 3081/3081/3081 2879/2879/2879 3144/3144/3144
f 2901/2901/2901 3216/3216/3216 3218/3218/3218
f 3021/3021/3021 3047/3047/3047 3220/3220/3220
f 3047/3047/3047 3050/3050/3050 3223/3223/3223
f 2830/2830/2830 3225/3225/3225 2711/2711/2711
f 2962/2962/2962 2936/2936/2936 2935/2935/2935
f 3088/3088/3088 2969/2969/2969 3121/3121/3121
f 3030/3030/3030 3120/3120/3120 3190/3190/3190
f 3153/3153/3153 3192/3192/3192 3227/3227/3227
f 2945/2945/2945 3229/3229/3229 3158/3158/3158
f 3098/3098/3098 3193/3193/3193 3122/3122/3122
f 3101/3101/3101 3231/3231/3231 2907/2907/2907
f 3098/3098/3098 3122/3122/3122 3008/3008/3008
f 3124/3124/3124 3122/3122/3122 3235/3235/3235
f 3061/3061/3061 3239/3239/3239 3010/3010/3010
f 3197/3197/3197 3240/3240/3240 3160/3160/3160
f 2861/2861/2861 3199/3199/3199 3062/3062/3062
f 3199/3199/3199 3159/3159/3159 3207/3207/3207
f 2888/2888/2888 3207/3207/3207 3159/3159/3159
f 3163/3163/3163 3036/3036/3036 3243/3243/3243
f 3034/3034/3034 3105/3105/3105 3242/3242/3242
f 3105/3105/3105 2976/2976/2976 3242/3242/3242
f 3169/3169/3169 3168/3168/3168 3245/3245/3245
f 3069/3069/3069 3247/3247/3247 3170/3170/3170
f 2750/2750/2750 3174/3174/3174 2844/2844/2844
f 3112/3112/3112 2786/2786/2786 3074/3074/3074
f 2787/2787/2787 2789/2789/2789 3075/3075/3075
f 3077/3077/3077 2993/2993/2993 2988/2988/2988
f 2700/2700/2700 2698/2698/2698 3251/3251/3251
f 2926/2926/2926 3253/3253/3253 2953/2953/2953
f 2645/2645/2645 3116/3116/3116 3046/3046/3046
f 3015/3015/3015 2876/2876/2876 3141/3141/3141
f 2874/2874/2874 2932/2932/2932 3182/3182/3182
f 2875/2875/2875 2874/2874/2874 3182/3182/3182
f 3020/3020/3020 3254/3254/3254 2679/2679/2679
f 2901/2901/2901 3082/3082/3082 3216/3216/3216
f 2562/2562/2562 3143/3143/3143 2498/2498/2498
f 2499/2499/2499 3257/3257/3257 2958/2958/2958
f 3047/3047/3047 3223/3223/3223 3220/3220/3220
f 2715/2715/2715 2904/2904/2904 3148/3148/3148
f 3085/3085/3085 2853/2853/2853 3183/3183/3183
f 2936/2936/2936 3258/3258/3258 2935/2935/2935
f 3026/3026/3026 3260/3260/3260 3263/3263/3263
f 2907/2907/2907 3261/3261/3261 3027/3027/3027
f 2969/2969/2969 3191/3191/3191 3121/3121/3121
f 3095/3095/3095 3264/3264/3264 3266/3266/3266
f 3097/3097/3097 3267/3267/3267 3269/3269/3269
f 3097/3097/3097 3269/3269/3269 3193/3193/3193
f 3006/3006/3006 3271/3271/3271 3155/3155/3155
f 2946/2946/2946 3158/3158/3158 3194/3194/3194
f 3005/3005/3005 3154/3154/3154 3270/3270/3270
f 3100/3100/3100 3196/3196/3196 3230/3230/3230
f 2912/2912/2912 3062/3062/3062 3272/3272/3272
f 3200/3200/3200 3273/3273/3273 3063/3063/3063
f 3198/3198/3198 3276/3276/3276 3241/3241/3241
f 3198/3198/3198 3164/3164/3164 3276/3276/3276
f 3160/3160/3160 3133/3133/3133 3102/3102/3102
f 3039/3039/3039 3102/3102/3102 3277/3277/3277
f 3128/3128/3128 3130/3130/3130 3038/3038/3038
f 3169/3169/3169 3245/3245/3245 3134/3134/3134
f 3168/3168/3168 3136/3136/3136 3279/3279/3279
f 3076/3076/3076 3281/3281/3281 2698/2698/2698
f 3138/3138/3138 3043/3043/3043 3210/3210/3210
f 2993/2993/2993 3282/3282/3282 2988/2988/2988
f 3115/3115/3115 3285/3285/3285 3043/3043/3043
f 2849/2849/2849 2699/2699/2699 3286/3286/3286
f 3045/3045/3045 3177/3177/3177 2925/2925/2925
f 2871/2871/2871 3286/3286/3286 3178/3178/3178
f 3079/3079/3079 3178/3178/3178 3287/3287/3287
f 3288/3288/3288 3291/3291/3291 3080/3080/3080
f 3084/3084/3084 3293/3293/3293 3217/3217/3217
f 2904/2904/2904 3024/3024/3024 3148/3148/3148
f 3147/3147/3147 3294/3294/3294 3297/3297/3297
f 3147/3147/3147 2960/2960/2960 3294/3294/3294
f 3153/3153/3153 3227/3227/3227 3096/3096/3096
f 3267/3267/3267 3299/3299/3299 3300/3300/3300
f 3265/3265/3265 3097/3097/3097 3299/3299/3299
f 3265/3265/3265 3299/3299/3299 3267/3267/3267
f 3158/3158/3158 3229/3229/3229 3301/3301/3301
f 3122/3122/3122 3193/3193/3193 3235/3235/3235
f 3060/3060/3060 3123/3123/3123 3236/3236/3236
f 3240/3240/3240 3274/3274/3274 3160/3160/3160
f 3010/3010/3010 3239/3239/3239 3304/3304/3304
f 3103/3103/3103 3161/3161/3161 3305/3305/3305
f 3166/3166/3166 3305/3305/3305 3012/3012/3012
f 3166/3166/3166 3278/3278/3278 3305/3305/3305
f 3040/3040/3040 3278/3278/3278 3166/3166/3166
f 3068/3068/3068 3065/3065/3065 3306/3306/3306
f 3209/3209/3209 3131/3131/3131 2893/2893/2893
f 2893/2893/2893 3131/3131/3131 3106/3106/3106
f 3137/3137/3137 3111/3111/3111 3171/3171/3171
f 3170/3170/3170 3308/3308/3308 3073/3073/3073
f 3173/3173/3173 3073/3073/3073 3308/3308/3308
f 3211/3211/3211 3213/3213/3213 2992/2992/2992
f 3211/3211/3211 3310/3310/3310 3213/3213/3213
f 3114/3114/3114 3212/3212/3212 3284/3284/3284
f 2698/2698/2698 3281/3281/3281 3251/3251/3251
f 2871/2871/2871 2849/2849/2849 3286/3286/3286
f 2931/2931/2931 3312/3312/3312 2927/2927/2927
f 2932/2932/2932 3215/3215/3215 3182/3182/3182
f 3081/3081/3081 3313/3313/3313 3289/3289/3289
f 3083/3083/3083 3081/3081/3081 3292/3292/3292
f 3143/3143/3143 3316/3316/3316 2498/2498/2498
f 2498/2498/2498 3316/3316/3316 3256/3256/3256
f 3218/3218/3218 3023/3023/3023 2901/2901/2901
f 3050/3050/3050 3317/3317/3317 3223/3223/3223
f 3146/3146/3146 3317/3317/3317 3050/3050/3050
f 3146/3146/3146 3296/3296/3296 3317/3317/3317
f 3185/3185/3185 3294/3294/3294 2960/2960/2960
f 3185/3185/3185 2711/2711/2711 3294/3294/3294
f 2711/2711/2711 3225/3225/3225 3294/3294/3294
f 2764/2764/2764 3186/3186/3186 3188/3188/3188
f 2936/2936/2936 3188/3188/3188 3258/3258/3258
f 3319/3319/3319 3261/3261/3261 2907/2907/2907
f 2969/2969/2969 2831/2831/2831 3320/3320/3320
f 3267/3267/3267 3300/3300/3300 3322/3322/3322
f 3056/3056/3056 3324/3324/3324 2911/2911/2911
f 3193/3193/3193 3269/3269/3269 3326/3326/3326
f 2945/2945/2945 3156/3156/3156 3229/3229/3229
f 3193/3193/3193 3326/3326/3326 3235/3235/3235
f 3194/3194/3194 3158/3158/3158 3327/3327/3327
f 3194/3194/3194 3328/3328/3328 3195/3195/3195
f 2912/2912/2912 3330/3330/3330 3154/3154/3154
f 3200/3200/3200 3332/3332/3332 3273/3273/3273
f 3200/3200/3200 3305/3305/3305 3332/3332/3332
f 3208/3208/3208 3012/3012/3012 3200/3200/3200
f 3103/3103/3103 3305/3305/3305 3278/3278/3278
f 3134/3134/3134 3245/3245/3245 3104/3104/3104
f 2976/2976/2976 3333/3333/3333 3242/3242/3242
f 3245/3245/3245 3168/3168/3168 3279/3279/3279
f 3209/3209/3209 3133/3133/3133 3131/3131/3131
f 3068/3068/3068 3306/3306/3306 3246/3246/3246
f 3132/3132/3132 2948/2948/2948 3107/3107/3107
f 3137/3137/3137 3171/3171/3171 3336/3336/3336
f 2844/2844/2844 3174/3174/3174 3070/3070/3070
f 3173/3173/3173 3340/3340/3340 2789/2789/2789
f 2788/2788/2788 3337/3337/3337 3172/3172/3172
f 2789/2789/2789 3173/3173/3173 3340/3340/3340
f 3075/3075/3075 2789/2789/2789 3343/3343/3343
f 3281/3281/3281 3076/3076/3076 3347/3347/3347
f 2699/2699/2699 3250/3250/3250 3286/3286/3286
f 2927/2927/2927 3348/3348/3348 3140/3140/3140
f 2930/2930/2930 2525/2525/2525 3046/3046/3046
f 3118/3118/3118 3215/3215/3215 2996/2996/2996
f 2679/2679/2679 3254/3254/3254 3141/3141/3141
f 3022/3022/3022 3221/3221/3221 3020/3020/3020
f 3295/3295/3295 3318/3318/3318 3298/3298/3298
f 3086/3086/3086 3184/3184/3184 3187/3187/3187
f 2830/2830/2830 2935/2935/2935 3350/3350/3350
f 3191/3191/3191 2969/2969/2969 3320/3320/3320
f 3228/3228/3228 3354/3354/3354 3097/3097/3097
f 3097/3097/3097 3354/3354/3354 3299/3299/3299
f 2911/2911/2911 3324/3324/3324 2831/2831/2831
f 3267/3267/3267 3322/3322/3322 3269/3269/3269
f 3269/3269/3269 3356/3356/3356 3326/3326/3326
f 2912/2912/2912 3272/3272/3272 3330/3330/3330
f 3276/3276/3276 3357/3357/3357 3231/3231/3231
f 3303/3303/3303 3359/3359/3359 3009/3009/3009
f 3161/3161/3161 3332/3332/3332 3305/3305/3305
f 3012/3012/3012 3305/3305/3305 3200/3200/3200
f 3125/3125/3125 2913/2913/2913 3127/3127/3127
f 3243/3243/3243 3334/3334/3334 3360/3360/3360
f 2837/2837/2837 3130/3130/3130 3066/3066/3066
f 3136/3136/3136 3335/3335/3335 3279/3279/3279
f 3170/3170/3170 3247/3247/3247 3362/3362/3362
f 3071/3071/3071 3171/3171/3171 3014/3014/3014
f 3176/3176/3176 3364/3364/3364 3071/3071/3071
f 2789/2789/2789 3340/3340/3340 3343/3343/3343
f 2989/2989/2989 3363/3363/3363 3175/3175/3175
f 2952/2952/2952 3282/3282/3282 2993/2993/2993
f 3249/3249/3249 3280/3280/3280 3365/3365/3365
f 2927/2927/2927 3312/3312/3312 3348/3348/3348
f 3079/3079/3079 3287/3287/3287 3118/3118/3118
f 3289/3289/3289 3313/3313/3313 3367/3367/3367
f 3290/3290/3290 3368/3368/3368 3217/3217/3217
f 3182/3182/3182 3370/3370/3370 3143/3143/3143
f 3144/3144/3144 3313/3313/3313 3081/3081/3081
f 3290/3290/3290 3217/3217/3217 3293/3293/3293
f 3142/3142/3142 3369/3369/3369 3371/3371/3371
f 3020/3020/3020 3221/3221/3221 3374/3374/3374
f 3224/3224/3224 3376/3376/3376 3222/3222/3222
f 3224/3224/3224 3318/3318/3318 3376/3376/3376
f 2830/2830/2830 3350/3350/3350 3225/3225/3225
f 3192/3192/3192 3377/3377/3377 3227/3227/3227
f 3055/3055/3055 3378/3378/3378 3380/3380/3380
f 3320/3320/3320 2831/2831/2831 3381/3381/3381
f 3299/3299/3299 3354/3354/3354 3300/3300/3300
f 3322/3322/3322 3300/3300/3300 3354/3354/3354
f 3055/3055/3055 3380/3380/3380 3323/3323/3323
f 3322/3322/3322 3386/3386/3386 3269/3269/3269
f 2907/2907/2907 3357/3357/3357 3319/3319/3319
f 3229/3229/3229 3156/3156/3156 3301/3301/3301
f 3124/3124/3124 3235/3235/3235 3239/3239/3239
f 3275/3275/3275 3230/3230/3230 3387/3387/3387
f 3359/3359/3359 3303/3303/3303 3238/3238/3238
f 3275/3275/3275 3387/3387/3387 3161/3161/3161
f 3244/3244/3244 3389/3389/3389 3103/3103/3103
f 3130/3130/3130 3128/3128/3128 3392/3392/3392
f 3130/3130/3130 3392/3392/3392 3394/3394/3394
f 3245/3245/3245 3279/3279/3279 3390/3390/3390
f 3065/3065/3065 3129/3129/3129 3306/3306/3306
f 3248/3248/3248 3395/3395/3395 3398/3398/3398
f 3362/3362/3362 3247/3247/3247 3397/3397/3397
f 3173/3173/3173 3308/3308/3308 3399/3399/3399
f 3173/3173/3173 3399/3399/3399 3340/3340/3340
f 3075/3075/3075 3343/3343/3343 3346/3346/3346
f 3210/3210/3210 3043/3043/3043 3309/3309/3309
f 3253/3253/3253 3283/3283/3283 2953/2953/2953
f 3286/3286/3286 3250/3250/3250 3400/3400/3400
f 3177/3177/3177 3015/3015/3015 3402/3402/3402
f 2930/2930/2930 3046/3046/3046 3311/3311/3311
f 3143/3143/3143 3372/3372/3372 3316/3316/3316
f 3257/3257/3257 3404/3404/3404 2958/2958/2958
f 2958/2958/2958 3404/3404/3404 3145/3145/3145
f 3184/3184/3184 3149/3149/3149 3405/3405/3405
f 3184/3184/3184 3405/3405/3405 3187/3187/3187
f 2935/2935/2935 3258/3258/3258 3406/3406/3406
f 3263/3263/3263 3260/3260/3260 3409/3409/3409
f 3263/3263/3263 3412/3412/3412 3026/3026/3026
f 3227/3227/3227 3377/3377/3377 3414/3414/3414
f 3055/3055/3055 3026/3026/3026 3378/3378/3378
f 3354/3354/3354 3386/3386/3386 3322/3322/3322
f 3268/3268/3268 3384/3384/3384 3355/3355/3355
f 3158/3158/3158 3301/3301/3301 3416/3416/3416
f 3328/3328/3328 3194/3194/3194 3418/3418/3418
f 3194/3194/3194 3327/3327/3327 3418/3418/3418
f 3234/3234/3234 3421/3421/3421 3422/3422/3422
f 2907/2907/2907 3231/3231/3231 3357/3357/3357
f 3230/3230/3230 3196/3196/3196 3424/3424/3424
f 3272/3272/3272 3425/3425/3425 3330/3330/3330
f 3230/3230/3230 3424/3424/3424 3387/3387/3387
f 3161/3161/3161 3387/3387/3387 3332/3332/3332
f 3009/3009/3009 3359/3359/3359 3427/3427/3427
f 3103/3103/3103 3389/3389/3389 3161/3161/3161
f 2913/2913/2913 3432/3432/3432 3127/3127/3127
f 3163/3163/3163 3243/3243/3243 3433/3433/3433
f 3360/3360/3360 3434/3434/3434 3243/3243/3243
f 3434/3434/3434 3433/3433/3433 3243/3243/3243
f 3133/3133/3133 3160/3160/3160 3435/3435/3435
f 3391/3391/3391 3127/3127/3127 3437/3437/3437
f 3434/3434/3434 3360/3360/3360 3334/3334/3334
f 3131/3131/3131 3133/3133/3133 3435/3435/3435
f 2976/2976/2976 3132/3132/3132 3333/3333/3333
f 3129/3129/3129 3393/3393/3393 3306/3306/3306
f 3171/3171/3171 3439/3439/3439 3336/3336/3336
f 3170/3170/3170 3362/3362/3362 3308/3308/3308
f 3043/3043/3043 3285/3285/3285 3309/3309/3309
f 3117/3117/3117 3140/3140/3140 3441/3441/3441
f 3286/3286/3286 3400/3400/3400 3443/3443/3443
f 3177/3177/3177 3402/3402/3402 2925/2925/2925
f 3118/3118/3118 3287/3287/3287 3445/3445/3445
f 3015/3015/3015 3141/3141/3141 3446/3446/3446
f 3449/3449/3449 3451/3451/3451 3453/3453/3453
f 3448/3448/3448 3452/3452/3452 3450/3450/3450
f 3449/3449/3449 3451/3451/3451 3453/3453/3453
f 3316/3316/3316 3403/3403/3403 3256/3256/3256
f 3376/3376/3376 3455/3455/3455 3222/3222/3222
f 3318/3318/3318 3295/3295/3295 3376/3376/3376
f 3189/3189/3189 3187/3187/3187 3259/3259/3259
f 3262/3262/3262 3408/3408/3408 3456/3456/3456
f 3263/3263/3263 3457/3457/3457 3409/3409/3409
f 3261/3261/3261 3413/3413/3413 3410/3410/3410
f 3026/3026/3026 3459/3459/3459 3378/3378/3378
f 2832/2832/2832 3461/3461/3461 3382/3382/3382
f 3355/3355/3355 3232/3232/3232 3325/3325/3325
f 3331/3331/3331 3417/3417/3417 3157/3157/3157
f 3302/3302/3302 3157/3157/3157 3417/3417/3417
f 3327/3327/3327 3158/3158/3158 3418/3418/3418
f 3196/3196/3196 3329/3329/3329 3424/3424/3424
f 3235/3235/3235 3423/3423/3423 3239/3239/3239
f 3357/3357/3357 3276/3276/3276 3164/3164/3164
f 3009/3009/3009 3427/3427/3427 3462/3462/3462
f 3161/3161/3161 3389/3389/3389 3436/3436/3436
f 3392/3392/3392 3464/3464/3464 3394/3394/3394
f 3393/3393/3393 3465/3465/3465 3306/3306/3306
f 3246/3246/3246 3306/3306/3306 3467/3467/3467
f 3248/3248/3248 3468/3468/3468 3395/3395/3395
f 3335/3335/3335 3438/3438/3438 3469/3469/3469
f 3171/3171/3171 3071/3071/3071 3439/3439/3439
f 3399/3399/3399 3472/3472/3472 3340/3340/3340
f 3341/3341/3341 3338/3338/3338 3473/3473/3473
f 2989/2989/2989 3476/3476/3476 3479/3479/3479
f 2989/2989/2989 3479/3479/3479 3363/3363/3363
f 3343/3343/3343 3481/3481/3481 3346/3346/3346
f 3342/3342/3342 3474/3474/3474 3480/3480/3480
f 3283/3283/3283 3477/3477/3477 2990/2990/2990
f 3366/3366/3366 3281/3281/3281 3401/3401/3401
f 3251/3251/3251 3366/3366/3366 3401/3401/3401
f 3116/3116/3116 3440/3440/3440 3482/3482/3482
f 3116/3116/3116 3482/3482/3482 3046/3046/3046
f 3311/3311/3311 3046/3046/3046 3483/3483/3483
f 3015/3015/3015 3446/3446/3446 3485/3485/3485
f 3181/3181/3181 3488/3488/3488 3371/3371/3371
f 3181/3181/3181 3371/3371/3371 3369/3369/3369
f 3368/3368/3368 3490/3490/3490 3217/3217/3217
f 3020/3020/3020 3374/3374/3374 3254/3254/3254
f 3149/3149/3149 3025/3025/3025 3491/3491/3491
f 3376/3376/3376 3295/3295/3295 3455/3455/3455
f 3405/3405/3405 3492/3492/3492 3187/3187/3187
f 3226/3226/3226 3351/3351/3351 3493/3493/3493
f 2935/2935/2935 3406/3406/3406 3494/3494/3494
f 3263/3263/3263 3409/3409/3409 3412/3412/3412
f 3412/3412/3412 3459/3459/3459 3026/3026/3026
f 3377/3377/3377 3192/3192/3192 3496/3496/3496
f 2831/2831/2831 3324/3324/3324 3460/3460/3460
f 3158/3158/3158 3416/3416/3416 3418/3418/3418
f 3238/3238/3238 3499/3499/3499 3359/3359/3359
f 3273/3273/3273 3332/3332/3332 3426/3426/3426
f 3359/3359/3359 3499/3499/3499 3502/3502/3502
f 3359/3359/3359 3502/3502/3502 3427/3427/3427
f 3462/3462/3462 2913/2913/2913 3009/3009/3009
f 3127/3127/3127 3432/3432/3432 3437/3437/3437
f 3393/3393/3393 3463/3463/3463 3465/3465/3465
f 3308/3308/3308 3362/3362/3362 3504/3504/3504
f 3475/3475/3475 3340/3340/3340 3481/3481/3481
f 3252/3252/3252 2925/2925/2925 3506/3506/3506
f 3253/3253/3253 3509/3509/3509 3283/3283/3283
f 3046/3046/3046 3482/3482/3482 3510/3510/3510
f 3140/3140/3140 3348/3348/3348 3441/3441/3441
f 3312/3312/3312 3484/3484/3484 3348/3348/3348
f 3046/3046/3046 3510/3510/3510 3483/3483/3483
f 3314/3314/3314 3145/3145/3145 3513/3513/3513
f 3217/3217/3217 3490/3490/3490 3219/3219/3219
f 3455/3455/3455 3295/3295/3295 3226/3226/3226
f 3259/3259/3259 3187/3187/3187 3492/3492/3492
f 3259/3259/3259 3492/3492/3492 3516/3516/3516
f 2935/2935/2935 3494/3494/3494 3350/3350/3350
f 3407/3407/3407 3259/3259/3259 3516/3516/3516
f 3412/3412/3412 3518/3518/3518 3459/3459/3459
f 3459/3459/3459 3518/3518/3518 3378/3378/3378
f 3228/3228/3228 3415/3415/3415 3521/3521/3521
f 3323/3323/3323 3380/3380/3380 3522/3522/3522
f 3460/3460/3460 3324/3324/3324 3525/3525/3525
f 3237/3237/3237 3422/3422/3422 3527/3527/3527
f 3329/3329/3329 3419/3419/3419 3424/3424/3424
f 3237/3237/3237 3527/3527/3527 3498/3498/3498
f 3332/3332/3332 3387/3387/3387 3528/3528/3528
f 3434/3434/3434 3532/3532/3532 3433/3433/3433
f 3434/3434/3434 3334/3334/3334 3532/3532/3532
f 3437/3437/3437 3533/3533/3533 3391/3391/3391
f 3392/3392/3392 3466/3466/3466 3464/3464/3464
f 3307/3307/3307 3534/3534/3534 3468/3468/3468
f 3335/3335/3335 3469/3469/3469 3279/3279/3279
f 3439/3439/3439 3535/3535/3535 3470/3470/3470
f 3439/3439/3439 3071/3071/3071 3535/3535/3535
f 3308/3308/3308 3504/3504/3504 3399/3399/3399
f 3472/3472/3472 3399/3399/3399 3537/3537/3537
f 3283/3283/3283 3540/3540/3540 3477/3477/3477
f 3401/3401/3401 3281/3281/3281 3444/3444/3444
f 3287/3287/3287 3178/3178/3178 3445/3445/3445
f 3118/3118/3118 3445/3445/3445 3215/3215/3215
f 3141/3141/3141 3254/3254/3254 3446/3446/3446
f 3023/3023/3023 3218/3218/3218 3541/3541/3541
f 3221/3221/3221 3454/3454/3454 3374/3374/3374
f 3350/3350/3350 3494/3494/3494 3543/3543/3543
f 3406/3406/3406 3515/3515/3515 3494/3494/3494
f 3517/3517/3517 3411/3411/3411 3458/3458/3458
f 3459/3459/3459 3412/3412/3412 3518/3518/3518
f 3414/3414/3414 3377/3377/3377 3520/3520/3520
f 3228/3228/3228 3521/3521/3521 3546/3546/3546
f 3261/3261/3261 3319/3319/3319 3413/3413/3413
f 3228/3228/3228 3546/3546/3546 3354/3354/3354
f 3352/3352/3352 3547/3547/3547 3549/3549/3549
f 3383/3383/3383 3352/3352/3352 3549/3549/3549
f 3386/3386/3386 3354/3354/3354 3552/3552/3552
f 3384/3384/3384 3551/3551/3551 3355/3355/3355
f 3324/3324/3324 3523/3523/3523 3525/3525/3525
f 3355/3355/3355 3551/3551/3551 3553/3553/3553
f 3355/3355/3355 3553/3553/3553 3232/3232/3232
f 3331/3331/3331 3426/3426/3426 3417/3417/3417
f 3426/3426/3426 3332/3332/3332 3528/3528/3528
f 3387/3387/3387 3424/3424/3424 3528/3528/3528
f 3427/3427/3427 3502/3502/3502 3462/3462/3462
f 3162/3162/3162 3529/3529/3529 3164/3164/3164
f 3437/3437/3437 3432/3432/3432 3559/3559/3559
f 3558/3558/3558 3431/3431/3431 3560/3560/3560
f 3437/3437/3437 3561/3561/3561 3533/3533/3533
f 3132/3132/3132 3562/3562/3562 3333/3333/3333
f 3468/3468/3468 3534/3534/3534 3395/3395/3395
f 3395/3395/3395 3534/3534/3534 3566/3566/3566
f 3361/3361/3361 3396/3396/3396 3567/3567/3567
f 3071/3071/3071 3364/3364/3364 3535/3535/3535
f 3471/3471/3471 3536/3536/3536 3339/3339/3339
f 3281/3281/3281 3347/3347/3347 3569/3569/3569
f 2925/2925/2925 3402/3402/3402 3506/3506/3506
f 3482/3482/3482 3440/3440/3440 3510/3510/3510
f 3483/3483/3483 3510/3510/3510 3570/3570/3570
f 3484/3484/3484 3571/3571/3571 3348/3348/3348
f 3402/3402/3402 3015/3015/3015 3485/3485/3485
f 3181/3181/3181 3214/3214/3214 3488/3488/3488
f 3446/3446/3446 3254/3254/3254 3572/3572/3572
f 3514/3514/3514 3490/3490/3490 3315/3315/3315
f 3514/3514/3514 3575/3575/3575 3490/3490/3490
f 3368/3368/3368 3315/3315/3315 3490/3490/3490
f 3372/3372/3372 3403/3403/3403 3316/3316/3316
f 3374/3374/3374 3576/3576/3576 3254/3254/3254
f 3219/3219/3219 3578/3578/3578 3542/3542/3542
f 3025/3025/3025 3542/3542/3542 3491/3491/3491
f 3494/3494/3494 3515/3515/3515 3543/3543/3543
f 3353/3353/3353 3385/3385/3385 3548/3548/3548
f 3385/3385/3385 3550/3550/3550 3548/3548/3548
f 3552/3552/3552 3354/3354/3354 3580/3580/3580
f 3233/3233/3233 3554/3554/3554 3420/3420/3420
f 3421/3421/3421 3556/3556/3556 3422/3422/3422
f 3527/3527/3527 3422/3422/3422 3556/3556/3556
f 3418/3418/3418 3416/3416/3416 3581/3581/3581
f 3498/3498/3498 3527/3527/3527 3583/3583/3583
f 3419/3419/3419 3584/3584/3584 3424/3424/3424
f 3426/3426/3426 3528/3528/3528 3417/3417/3417
f 3424/3424/3424 3585/3585/3585 3528/3528/3528
f 3358/3358/3358 3165/3165/3165 3586/3586/3586
f 2913/2913/2913 3462/3462/3462 3432/3432/3432
f 3433/3433/3433 3532/3532/3532 3163/3163/3163
f 3334/3334/3334 3587/3587/3587 3532/3532/3532
f 3588/3588/3588 3561/3561/3561 3437/3437/3437
f 3533/3533/3533 3561/3561/3561 3391/3391/3391
f 3391/3391/3391 3561/3561/3561 3465/3465/3465
f 3306/3306/3306 3465/3465/3465 3589/3589/3589
f 3306/3306/3306 3589/3589/3589 3590/3590/3590
f 3396/3396/3396 3591/3591/3591 3567/3567/3567
f 3340/3340/3340 3595/3595/3595 3481/3481/3481
f 3339/3339/3339 3536/3536/3536 3593/3593/3593
f 3540/3540/3540 3283/3283/3283 3509/3509/3509
f 3487/3487/3487 3447/3447/3447 3573/3573/3573
f 3513/3513/3513 3145/3145/3145 3596/3596/3596
f 3145/3145/3145 3404/3404/3404 3596/3596/3596
f 3219/3219/3219 3490/3490/3490 3597/3597/3597
f 3226/3226/3226 3598/3598/3598 3455/3455/3455
f 3405/3405/3405 3149/3149/3149 3600/3600/3600
f 3226/3226/3226 3493/3493/3493 3598/3598/3598
f 3516/3516/3516 3351/3351/3351 3544/3544/3544
f 3519/3519/3519 3603/3603/3603 3605/3605/3605
f 3518/3518/3518 3412/3412/3412 3601/3601/3601
f 3191/3191/3191 3320/3320/3320 3606/3606/3606
f 3413/3413/3413 3319/3319/3319 3609/3609/3609
f 3553/3553/3553 3551/3551/3551 3611/3611/3611
f 3419/3419/3419 3582/3582/3582 3584/3584/3584
f 3498/3498/3498 3583/3583/3583 3500/3500/3500
f 3584/3584/3584 3585/3585/3585 3424/3424/3424
f 3528/3528/3528 3582/3582/3582 3417/3417/3417
f 3582/3582/3582 3528/3528/3528 3584/3584/3584
f 3528/3528/3528 3585/3585/3585 3584/3584/3584
f 3462/3462/3462 3502/3502/3502 3432/3432/3432
f 3532/3532/3532 3587/3587/3587 3615/3615/3615
f 3617/3617/3617 3560/3560/3560 3431/3431/3431
f 3437/3437/3437 3559/3559/3559 3588/3588/3588
f 3588/3588/3588 3589/3589/3589 3561/3561/3561
f 3131/3131/3131 3435/3435/3435 3388/3388/3388
f 3534/3534/3534 3307/3307/3307 3566/3566/3566
f 3395/3395/3395 3566/3566/3566 3618/3618/3618
f 3469/3469/3469 3620/3620/3620 3279/3279/3279
f 3361/3361/3361 3567/3567/3567 3503/3503/3503
f 3624/3624/3624 3470/3470/3470 3535/3535/3535
f 3310/3310/3310 3627/3627/3627 3213/3213/3213
f 3285/3285/3285 3629/3629/3629 3309/3309/3309
f 3476/3476/3476 3539/3539/3539 3479/3479/3479
f 3402/3402/3402 3632/3632/3632 3506/3506/3506
f 3286/3286/3286 3443/3443/3443 3178/3178/3178
f 3445/3445/3445 3178/3178/3178 3636/3636/3636
f 3488/3488/3488 3214/3214/3214 3639/3639/3639
f 3491/3491/3491 3542/3542/3542 3645/3645/3645
f 3375/3375/3375 3598/3598/3598 3577/3577/3577
f 3375/3375/3375 3455/3455/3455 3598/3598/3598
f 3646/3646/3646 3647/3647/3647 3493/3493/3493
f 3493/3493/3493 3351/3351/3351 3646/3646/3646
f 3646/3646/3646 3516/3516/3516 3648/3648/3648
f 3516/3516/3516 3646/3646/3646 3351/3351/3351
f 3191/3191/3191 3606/3606/3606 3495/3495/3495
f 3461/3461/3461 3651/3651/3651 3382/3382/3382
f 3380/3380/3380 3378/3378/3378 3522/3522/3522
f 3354/3354/3354 3546/3546/3546 3580/3580/3580
f 3461/3461/3461 3526/3526/3526 3651/3651/3651
f 3583/3583/3583 3527/3527/3527 3556/3556/3556
f 3586/3586/3586 3652/3652/3652 3654/3654/3654
f 3530/3530/3530 3586/3586/3586 3165/3165/3165
f 3429/3429/3429 3501/3501/3501 3655/3655/3655
f 3429/3429/3429 3501/3501/3501 3657/3657/3657
f 3501/3501/3501 3657/3657/3657 3655/3655/3655
f 3588/3588/3588 3559/3559/3559 3587/3587/3587
f 3465/3465/3465 3561/3561/3561 3589/3589/3589
f 3658/3658/3658 3588/3588/3588 3587/3587/3587
f 3658/3658/3658 3587/3587/3587 3334/3334/3334
f 3562/3562/3562 3132/3132/3132 3621/3621/3621
f 3395/3395/3395 3618/3618/3618 3398/3398/3398
f 3592/3592/3592 3398/3398/3398 3618/3618/3618
f 3469/3469/3469 3623/3623/3623 3620/3620/3620
f 3399/3399/3399 3504/3504/3504 3659/3659/3659
f 3399/3399/3399 3659/3659/3659 3537/3537/3537
f 3213/3213/3213 3627/3627/3627 3662/3662/3662
f 3284/3284/3284 3212/3212/3212 3628/3628/3628
f 3569/3569/3569 3347/3347/3347 3664/3664/3664
f 3444/3444/3444 3281/3281/3281 3666/3666/3666
f 3512/3512/3512 3442/3442/3442 3349/3349/3349
f 3444/3444/3444 3666/3666/3666 3180/3180/3180
f 3445/3445/3445 3636/3636/3636 3215/3215/3215
f 3513/3513/3513 3596/3596/3596 3574/3574/3574
f 3373/3373/3373 3489/3489/3489 3596/3596/3596
f 3373/3373/3373 3596/3596/3596 3404/3404/3404
f 3405/3405/3405 3600/3600/3600 3492/3492/3492
f 3516/3516/3516 3492/3492/3492 3648/3648/3648
f 3646/3646/3646 3648/3648/3648 3647/3647/3647
f 3667/3667/3667 3669/3669/3669 3672/3672/3672
f 3674/3674/3674 3667/3667/3667 3672/3672/3672
f 3673/3673/3673 3671/3671/3671 3676/3676/3676
f 3413/3413/3413 3604/3604/3604 3602/3602/3602
f 3377/3377/3377 3496/3496/3496 3678/3678/3678
f 3357/3357/3357 3681/3681/3681 3319/3319/3319
f 3525/3525/3525 3682/3682/3682 3649/3649/3649
f 3358/3358/3358 3586/3586/3586 3685/3685/3685
f 3652/3652/3652 3686/3686/3686 3688/3688/3688
f 3686/3686/3686 3652/3652/3652 3690/3690/3690
f 3652/3652/3652 3586/3586/3586 3690/3690/3690
f 3692/3692/3692 3690/3690/3690 3586/3586/3586
f 3530/3530/3530 3692/3692/3692 3586/3586/3586
f 3656/3656/3656 3696/3696/3696 3430/3430/3430
f 3531/3531/3531 3558/3558/3558 3694/3694/3694
f 3532/3532/3532 3615/3615/3615 3559/3559/3559
f 3615/3615/3615 3587/3587/3587 3559/3559/3559
f 3588/3588/3588 3658/3658/3658 3698/3698/3698
f 3588/3588/3588 3698/3698/3698 3699/3699/3699
f 3588/3588/3588 3699/3699/3699 3590/3590/3590
f 3588/3588/3588 3590/3590/3590 3589/3589/3589
f 3658/3658/3658 3334/3334/3334 3700/3700/3700
f 3334/3334/3334 3701/3701/3701 3700/3700/3700
f 3703/3703/3703 3699/3699/3699 3701/3701/3701
f 3131/3131/3131 3388/3388/3388 3619/3619/3619
f 3279/3279/3279 3620/3620/3620 3390/3390/3390
f 3567/3567/3567 3704/3704/3704 3706/3706/3706
f 3623/3623/3623 3708/3708/3708 3620/3620/3620
f 3535/3535/3535 3364/3364/3364 3711/3711/3711
f 3538/3538/3538 3712/3712/3712 3478/3478/3478
f 3344/3344/3344 3716/3716/3716 3663/3663/3663
f 3509/3509/3509 3718/3718/3718 3540/3540/3540
f 3508/3508/3508 3720/3720/3720 3722/3722/3722
f 3507/3507/3507 3633/3633/3633 3719/3719/3719
f 3402/3402/3402 3485/3485/3485 3632/3632/3632
f 3511/3511/3511 3348/3348/3348 3571/3571/3571
f 3179/3179/3179 3665/3665/3665 3638/3638/3638
f 3573/3573/3573 3255/3255/3255 3487/3487/3487
f 3644/3644/3644 3723/3723/3723 3596/3596/3596
f 3723/3723/3723 3574/3574/3574 3596/3596/3596
f 3490/3490/3490 3575/3575/3575 3724/3724/3724
f 3491/3491/3491 3645/3645/3645 3725/3725/3725
f 3491/3491/3491 3725/3725/3725 3149/3149/3149
f 3600/3600/3600 3149/3149/3149 3727/3727/3727
f 3493/3493/3493 3647/3647/3647 3598/3598/3598
f 3648/3648/3648 3492/3492/3492 3728/3728/3728
f 3667/3667/3667 3674/3674/3674 3729/3729/3729
f 3377/3377/3377 3677/3677/3677 3672/3672/3672
f 3377/3377/3377 3678/3678/3678 3677/3677/3677
f 3519/3519/3519 3605/3605/3605 3610/3610/3610
f 3413/3413/3413 3609/3609/3609 3604/3604/3604
f 3382/3382/3382 3731/3731/3731 3321/3321/3321
f 3319/3319/3319 3732/3732/3732 3609/3609/3609
f 3379/3379/3379 3734/3734/3734 3524/3524/3524
f 3555/3555/3555 3612/3612/3612 3735/3735/3735
f 3739/3739/3739 3557/3557/3557 3736/3736/3736
f 3556/3556/3556 3737/3737/3737 3583/3583/3583
f 3687/3687/3687 3691/3691/3691 3689/3689/3689
f 3693/3693/3693 3740/3740/3740 3691/3691/3691
f 3693/3693/3693 3741/3741/3741 3740/3740/3740
f 3428/3428/3428 3742/3742/3742 3616/3616/3616
f 3558/3558/3558 3746/3746/3746 3694/3694/3694
f 3558/3558/3558 3560/3560/3560 3746/3746/3746
f 3560/3560/3560 3617/3617/3617 3747/3747/3747
f 3703/3703/3703 3590/3590/3590 3699/3699/3699
f 3701/3701/3701 3699/3699/3699 3700/3700/3700
f 3590/3590/3590 3703/3703/3703 3306/3306/3306
f 3334/3334/3334 3563/3563/3563 3701/3701/3701
f 3306/3306/3306 3703/3703/3703 3565/3565/3565
f 3624/3624/3624 3535/3535/3535 3711/3711/3711
f 3537/3537/3537 3659/3659/3659 3750/3750/3750
f 3536/3536/3536 3751/3751/3751 3593/3593/3593
f 3363/3363/3363 3479/3479/3479 3710/3710/3710
f 3481/3481/3481 3595/3595/3595 3753/3753/3753
f 3309/3309/3309 3754/3754/3754 3625/3625/3625
f 3309/3309/3309 3629/3629/3629 3754/3754/3754
f 3479/3479/3479 3713/3713/3713 3710/3710/3710
f 3720/3720/3720 3758/3758/3758 3722/3722/3722
f 3720/3720/3720 3634/3634/3634 3758/3758/3758
f 3758/3758/3758 3634/3634/3634 3760/3760/3760
f 3758/3758/3758 3760/3760/3760 3762/3762/3762
f 3643/3643/3643 3638/3638/3638 3765/3765/3765
f 3635/3635/3635 3767/3767/3767 3214/3214/3214
f 3637/3637/3637 3640/3640/3640 3768/3768/3768
f 3639/3639/3639 3214/3214/3214 3767/3767/3767
f 3488/3488/3488 3639/3639/3639 3769/3769/3769
f 3596/3596/3596 3772/3772/3772 3644/3644/3644
f 3489/3489/3489 3772/3772/3772 3596/3596/3596
f 3490/3490/3490 3724/3724/3724 3597/3597/3597
f 3542/3542/3542 3578/3578/3578 3773/3773/3773
f 3773/3773/3773 3645/3645/3645 3542/3542/3542
f 3255/3255/3255 3577/3577/3577 3774/3774/3774
f 3149/3149/3149 3725/3725/3725 3727/3727/3727
f 3600/3600/3600 3727/3727/3727 3776/3776/3776
f 3598/3598/3598 3647/3647/3647 3777/3777/3777
f 3674/3674/3674 3778/3778/3778 3729/3729/3729
f 3674/3674/3674 3677/3677/3677 3678/3678/3678
f 3377/3377/3377 3672/3672/3672 3669/3669/3669
f 3377/3377/3377 3669/3669/3669 3520/3520/3520
f 3497/3497/3497 3608/3608/3608 3679/3679/3679
f 3518/3518/3518 3780/3780/3780 3782/3782/3782
f 3518/3518/3518 3782/3782/3782 3378/3378/3378
f 3321/3321/3321 3731/3731/3731 3607/3607/3607
f 3319/3319/3319 3681/3681/3681 3732/3732/3732
f 3580/3580/3580 3546/3546/3546 3786/3786/3786
f 3614/3614/3614 3552/3552/3552 3580/3580/3580
f 3357/3357/3357 3684/3684/3684 3681/3681/3681
f 3525/3525/3525 3523/3523/3523 3682/3682/3682
f 3685/3685/3685 3586/3586/3586 3654/3654/3654
f 3583/3583/3583 3737/3737/3737 3500/3500/3500
f 3431/3431/3431 3788/3788/3788 3744/3744/3744
f 3744/3744/3744 3790/3790/3790 3617/3617/3617
f 3658/3658/3658 3700/3700/3700 3698/3698/3698
f 3562/3562/3562 3621/3621/3621 3791/3791/3791
f 3562/3562/3562 3791/3791/3791 3793/3793/3793
f 3567/3567/3567 3591/3591/3591 3796/3796/3796
f 3704/3704/3704 3567/3567/3567 3796/3796/3796
f 3503/3503/3503 3567/3567/3567 3706/3706/3706
f 3624/3624/3624 3711/3711/3711 3709/3709/3709
f 3212/3212/3212 3661/3661/3661 3628/3628/3628
f 3481/3481/3481 3753/3753/3753 3346/3346/3346
f 3714/3714/3714 3798/3798/3798 3711/3711/3711
f 3716/3716/3716 3344/3344/3344 3799/3799/3799
f 3508/3508/3508 3722/3722/3722 3717/3717/3717
f 3721/3721/3721 3757/3757/3757 3801/3801/3801
f 3757/3757/3757 3761/3761/3761 3801/3801/3801
f 3759/3759/3759 3801/3801/3801 3761/3761/3761
f 3765/3765/3765 3638/3638/3638 3665/3665/3665
f 3770/3770/3770 3641/3641/3641 3763/3763/3763
f 3597/3597/3597 3578/3578/3578 3219/3219/3219
f 3775/3775/3775 3726/3726/3726 3599/3599/3599
f 3647/3647/3647 3728/3728/3728 3777/3777/3777
f 3492/3492/3492 3803/3803/3803 3728/3728/3728
f 3492/3492/3492 3600/3600/3600 3803/3803/3803
f 3728/3728/3728 3647/3647/3647 3648/3648/3648
f 3519/3519/3519 3610/3610/3610 3781/3781/3781
f 3521/3521/3521 3806/3806/3806 3546/3546/3546
f 3379/3379/3379 3783/3783/3783 3807/3807/3807
f 3734/3734/3734 3379/3379/3379 3807/3807/3807
f 3382/3382/3382 3651/3651/3651 3731/3731/3731
f 3732/3732/3732 3681/3681/3681 3809/3809/3809
f 3650/3650/3650 3683/3683/3683 3811/3811/3811
f 3653/3653/3653 3813/3813/3813 3684/3684/3684
f 3654/3654/3654 3685/3685/3685 3814/3814/3814
f 3656/3656/3656 3816/3816/3816 3696/3696/3696
f 3746/3746/3746 3818/3818/3818 3694/3694/3694
f 3560/3560/3560 3747/3747/3747 3746/3746/3746
f 3792/3792/3792 3819/3819/3819 3794/3794/3794
f 3795/3795/3795 3820/3820/3820 3822/3822/3822
f 3698/3698/3698 3700/3700/3700 3699/3699/3699
f 3702/3702/3702 3795/3795/3795 3822/3822/3822
f 3564/3564/3564 3795/3795/3795 3702/3702/3702
f 3345/3345/3345 3752/3752/3752 3800/3800/3800
f 3714/3714/3714 3823/3823/3823 3798/3798/3798
f 3540/3540/3540 3718/3718/3718 3715/3715/3715
f 3715/3715/3715 3718/3718/3718 3826/3826/3826
f 3824/3824/3824 3715/3715/3715 3826/3826/3826
f 3281/3281/3281 3569/3569/3569 3666/3666/3666
f 3759/3759/3759 3486/3486/3486 3801/3801/3801
f 3760/3760/3760 3634/3634/3634 3487/3487/3487
f 3827/3827/3827 3829/3829/3829 3644/3644/3644
f 3723/3723/3723 3644/3644/3644 3831/3831/3831
f 3642/3642/3642 3771/3771/3771 3764/3764/3764
f 3773/3773/3773 3578/3578/3578 3597/3597/3597
f 3577/3577/3577 3598/3598/3598 3833/3833/3833
f 3727/3727/3727 3725/3725/3725 3834/3834/3834
f 3777/3777/3777 3833/3833/3833 3598/3598/3598
f 3727/3727/3727 3803/3803/3803 3600/3600/3600
f 3728/3728/3728 3803/3803/3803 3777/3777/3777
f 3729/3729/3729 3835/3835/3835 3667/3667/3667
f 3524/3524/3524 3734/3734/3734 3837/3837/3837
f 3681/3681/3681 3839/3839/3839 3809/3809/3809
f 3681/3681/3681 3684/3684/3684 3839/3839/3839
f 3501/3501/3501 3738/3738/3738 3657/3657/3657
f 3691/3691/3691 3841/3841/3841 3689/3689/3689
f 3741/3741/3741 3843/3843/3843 3740/3740/3740
f 3431/3431/3431 3697/3697/3697 3788/3788/3788
f 3693/3693/3693 3817/3817/3817 3741/3741/3741
f 3744/3744/3744 3788/3788/3788 3845/3845/3845
f 3702/3702/3702 3822/3822/3822 3849/3849/3849
f 3622/3622/3622 3850/3850/3850 3792/3792/3792
f 3565/3565/3565 3703/3703/3703 3851/3851/3851
f 3566/3566/3566 3852/3852/3852 3618/3618/3618
f 3622/3622/3622 3709/3709/3709 3850/3850/3850
f 3711/3711/3711 3850/3850/3850 3709/3709/3709
f 3711/3711/3711 3853/3853/3853 3850/3850/3850
f 3748/3748/3748 3751/3751/3751 3536/3536/3536
f 3626/3626/3626 3755/3755/3755 3854/3854/3854
f 3628/3628/3628 3661/3661/3661 3856/3856/3856
f 3798/3798/3798 3853/3853/3853 3711/3711/3711
f 3722/3722/3722 3859/3859/3859 3717/3717/3717
f 3861/3861/3861 3663/3663/3663 3716/3716/3716
f 3664/3664/3664 3863/3863/3863 3569/3569/3569
f 3644/3644/3644 3864/3864/3864 3865/3865/3865
f 3644/3644/3644 3865/3865/3865 3827/3827/3827
f 3864/3864/3864 3644/3644/3644 3867/3867/3867
f 3644/3644/3644 3869/3869/3869 3867/3867/3867
f 3724/3724/3724 3832/3832/3832 3597/3597/3597
f 3255/3255/3255 3774/3774/3774 3870/3870/3870
f 3645/3645/3645 3773/3773/3773 3871/3871/3871
f 3834/3834/3834 3872/3872/3872 3727/3727/3727
f 3727/3727/3727 3872/3872/3872 3873/3873/3873
f 3873/3873/3873 3803/3803/3803 3727/3727/3727
f 3874/3874/3874 3876/3876/3876 3878/3878/3878
f 3675/3675/3675 3879/3879/3879 3779/3779/3779
f 3610/3610/3610 3733/3733/3733 3781/3781/3781
f 3734/3734/3734 3807/3807/3807 3837/3837/3837
f 3546/3546/3546 3881/3881/3881 3786/3786/3786
f 3731/3731/3731 3651/3651/3651 3883/3883/3883
f 3579/3579/3579 3785/3785/3785 3884/3884/3884
f 3579/3579/3579 3884/3884/3884 3613/3613/3613
f 3653/3653/3653 3885/3885/3885 3684/3684/3684
f 3652/3652/3652 3886/3886/3886 3654/3654/3654
f 3652/3652/3652 3688/3688/3688 3886/3886/3886
f 3841/3841/3841 3887/3887/3887 3689/3689/3689
f 3691/3691/3691 3740/3740/3740 3841/3841/3841
f 3741/3741/3741 3817/3817/3817 3891/3891/3891
f 3747/3747/3747 3617/3617/3617 3790/3790/3790
f 3702/3702/3702 3849/3849/3849 3894/3894/3894
f 3802/3802/3802 3859/3859/3859 3722/3722/3722
f 3860/3860/3860 3895/3895/3895 3568/3568/3568
f 3487/3487/3487 3897/3897/3897 3802/3802/3802
f 3765/3765/3765 3665/3665/3665 3868/3868/3868
f 3644/3644/3644 3766/3766/3766 3869/3869/3869
f 3829/3829/3829 3831/3831/3831 3644/3644/3644
f 3773/3773/3773 3597/3597/3597 3871/3871/3871
f 3870/3870/3870 3487/3487/3487 3255/3255/3255
f 3645/3645/3645 3871/3871/3871 3725/3725/3725
f 3577/3577/3577 3833/3833/3833 3774/3774/3774
f 3777/3777/3777 3870/3870/3870 3833/3833/3833
f 3777/3777/3777 3803/3803/3803 3870/3870/3870
f 3873/3873/3873 3872/3872/3872 3803/3803/3803
f 3878/3878/3878 3898/3898/3898 3902/3902/3902
f 3835/3835/3835 3729/3729/3729 3904/3904/3904
f 3670/3670/3670 3806/3806/3806 3521/3521/3521
f 3733/3733/3733 3784/3784/3784 3781/3781/3781
f 3880/3880/3880 3545/3545/3545 3804/3804/3804
f 3650/3650/3650 3811/3811/3811 3906/3906/3906
f 3733/3733/3733 3810/3810/3810 3840/3840/3840
f 3524/3524/3524 3837/3837/3837 3811/3811/3811
f 3683/3683/3683 3524/3524/3524 3811/3811/3811
f 3684/3684/3684 3885/3885/3885 3839/3839/3839
f 3738/3738/3738 3907/3907/3907 3657/3657/3657
f 3657/3657/3657 3907/3907/3907 3655/3655/3655
f 3841/3841/3841 3740/3740/3740 3908/3908/3908
f 3741/3741/3741 3891/3891/3891 3843/3843/3843
f 3787/3787/3787 3696/3696/3696 3909/3909/3909
f 3744/3744/3744 3845/3845/3845 3746/3746/3746
f 3789/3789/3789 3743/3743/3743 3745/3745/3745
f 3747/3747/3747 3790/3790/3790 3746/3746/3746
f 3821/3821/3821 3819/3819/3819 3792/3792/3792
f 3701/3701/3701 3893/3893/3893 3703/3703/3703
f 3565/3565/3565 3851/3851/3851 3910/3910/3910
f 3566/3566/3566 3911/3911/3911 3852/3852/3852
f 3850/3850/3850 3853/3853/3853 3912/3912/3912
f 3594/3594/3594 3914/3914/3914 3915/3915/3915
f 3627/3627/3627 3855/3855/3855 3662/3662/3662
f 3753/3753/3753 3595/3595/3595 3920/3920/3920
f 3717/3717/3717 3921/3921/3921 3825/3825/3825
f 3716/3716/3716 3922/3922/3922 3861/3861/3861
f 3802/3802/3802 3897/3897/3897 3859/3859/3859
f 3865/3865/3865 3864/3864/3864 3924/3924/3924
f 3866/3866/3866 3925/3925/3925 3828/3828/3828
f 3830/3830/3830 3828/3828/3828 3597/3597/3597
f 3597/3597/3597 3832/3832/3832 3830/3830/3830
f 3597/3597/3597 3828/3828/3828 3871/3871/3871
f 3828/3828/3828 3927/3927/3927 3871/3871/3871
f 3725/3725/3725 3871/3871/3871 3834/3834/3834
f 3774/3774/3774 3833/3833/3833 3870/3870/3870
f 3875/3875/3875 3931/3931/3931 3877/3877/3877
f 3876/3876/3876 3928/3928/3928 3878/3878/3878
f 3874/3874/3874 3878/3878/3878 3902/3902/3902
f 3932/3932/3932 3874/3874/3874 3933/3933/3933
f 3933/3933/3933 3874/3874/3874 3902/3902/3902
f 3668/3668/3668 3936/3936/3936 3937/3937/3937
f 3670/3670/3670 3668/3668/3668 3938/3938/3938
f 3680/3680/3680 3940/3940/3940 3675/3675/3675
f 3808/3808/3808 3784/3784/3784 3838/3838/3838
f 3733/3733/3733 3840/3840/3840 3784/3784/3784
f 3906/3906/3906 3811/3811/3811 3941/3941/3941
f 3731/3731/3731 3883/3883/3883 3943/3943/3943
f 3736/3736/3736 3613/3613/3613 3944/3944/3944
f 3739/3739/3739 3736/3736/3736 3946/3946/3946
f 3738/3738/3738 3948/3948/3948 3907/3907/3907
f 3951/3951/3951 3952/3952/3952 3844/3844/3844
f 3695/3695/3695 3815/3815/3815 3953/3953/3953
f 3842/3842/3842 3890/3890/3890 3950/3950/3950
f 3909/3909/3909 3696/3696/3696 3954/3954/3954
f 3818/3818/3818 3955/3955/3955 3892/3892/3892
f 3746/3746/3746 3957/3957/3957 3818/3818/3818
f 3821/3821/3821 3792/3792/3792 3848/3848/3848
f 3792/3792/3792 3959/3959/3959 3848/3848/3848
f 3850/3850/3850 3959/3959/3959 3792/3792/3792
f 3592/3592/3592 3618/3618/3618 3960/3960/3960
f 3850/3850/3850 3912/3912/3912 3959/3959/3959
f 3961/3961/3961 3963/3963/3963 3966/3966/3966
f 3961/3961/3961 3969/3969/3969 3963/3963/3963
f 3707/3707/3707 3705/3705/3705 3972/3972/3972
f 3505/3505/3505 3972/3972/3972 3660/3660/3660
f 3707/3707/3707 3972/3972/3972 3505/3505/3505
f 3973/3973/3973 3912/3912/3912 3853/3853/3853
f 3593/3593/3593 3751/3751/3751 3913/3913/3913
f 3853/3853/3853 3798/3798/3798 3973/3973/3973
f 3920/3920/3920 3595/3595/3595 3916/3916/3916
f 3662/3662/3662 3855/3855/3855 3756/3756/3756
f 3800/3800/3800 3752/3752/3752 3976/3976/3976
f 3823/3823/3823 3918/3918/3918 3798/3798/3798
f 3824/3824/3824 3826/3826/3826 3919/3919/3919
f 3716/3716/3716 3799/3799/3799 3922/3922/3922
f 3862/3862/3862 3923/3923/3923 3896/3896/3896
f 3568/3568/3568 3895/3895/3895 3665/3665/3665
f 3665/3665/3665 3895/3895/3895 3868/3868/3868
f 3977/3977/3977 3979/3979/3979 3980/3980/3980
f 3864/3864/3864 3982/3982/3982 3924/3924/3924
f 3984/3984/3984 3977/3977/3977 3980/3980/3980
f 3487/3487/3487 3986/3986/3986 3897/3897/3897
f 3988/3988/3988 3991/3991/3991 3992/3992/3992
f 3988/3988/3988 3993/3993/3993 3991/3991/3991
f 3834/3834/3834 3871/3871/3871 3995/3995/3995
f 3874/3874/3874 3932/3932/3932 3996/3996/3996
f 3875/3875/3875 3997/3997/3997 3999/3999/3999
f 3996/3996/3996 3932/3932/3932 4000/4000/4000
f 4001/4001/4001 3936/3936/3936 3836/3836/3836
f 3835/3835/3835 3935/3935/3935 3667/3667/3667
f 3675/3675/3675 3940/3940/3940 3879/3879/3879
f 3812/3812/3812 3838/3838/3838 3942/3942/3942
f 3736/3736/3736 3944/3944/3944 3946/3946/3946
f 3840/3840/3840 3888/3888/3888 4002/4002/4002
f 3945/3945/3945 3948/3948/3948 3738/3738/3738
f 3887/3887/3887 3841/3841/3841 4004/4004/4004
f 3841/3841/3841 3908/3908/3908 4004/4004/4004
f 3908/3908/3908 3740/3740/3740 4005/4005/4005
f 3740/3740/3740 4006/4006/4006 4005/4005/4005
f 3655/3655/3655 4008/4008/4008 4009/4009/4009
f 3816/3816/3816 3656/3656/3656 4012/4012/4012
f 3816/3816/3816 4012/4012/4012 3954/3954/3954
f 3818/3818/3818 3957/3957/3957 3955/3955/3955
f 3847/3847/3847 3958/3958/3958 4013/4013/4013
f 3967/3967/3967 4017/4017/4017 3962/3962/3962
f 3962/3962/3962 4017/4017/4017 4020/4020/4020
f 3703/3703/3703 3893/3893/3893 3851/3851/3851
f 3796/3796/3796 3966/3966/3966 3963/3963/3963
f 3704/3704/3704 3796/3796/3796 3963/3963/3963
f 3751/3751/3751 3748/3748/3748 4021/4021/4021
f 3798/3798/3798 3918/3918/3918 3973/3973/3973
f 3752/3752/3752 3919/3919/3919 4024/4024/4024
f 3752/3752/3752 4024/4024/4024 3976/3976/3976
f 3799/3799/3799 4025/4025/4025 3922/3922/3922
f 3897/3897/3897 3921/3921/3921 3859/3859/3859
f 3979/3979/3979 4027/4027/4027 3980/3980/3980
f 3867/3867/3867 3869/3869/3869 4031/4031/4031
f 3977/3977/3977 4032/4032/4032 3979/3979/3979
f 3828/3828/3828 3925/3925/3925 3927/3927/3927
f 3992/3992/3992 3991/3991/3991 4033/4033/4033
f 3487/3487/3487 3870/3870/3870 4034/4034/4034
f 3487/3487/3487 4034/4034/4034 3986/3986/3986
f 3834/3834/3834 3995/3995/3995 3872/3872/3872
f 4037/4037/4037 4040/4040/4040 4042/4042/4042
f 4039/4039/4039 4044/4044/4044 4041/4041/4041
f 4045/4045/4045 4048/4048/4048 4000/4000/4000
f 3878/3878/3878 3928/3928/3928 3898/3898/3898
f 3932/3932/3932 4050/4050/4050 4000/4000/4000
f 3932/3932/3932 3933/3933/3933 4050/4050/4050
f 3904/3904/3904 4050/4050/4050 3835/3835/3835
f 3936/3936/3936 4001/4001/4001 3937/3937/3937
f 3937/3937/3937 4052/4052/4052 3668/3668/3668
f 3670/3670/3670 3938/3938/3938 3806/3806/3806
f 3608/3608/3608 3939/3939/3939 3679/3679/3679
f 3731/3731/3731 3943/3943/3943 3607/3607/3607
f 3906/3906/3906 4053/4053/4053 3650/3650/3650
f 3785/3785/3785 3880/3880/3880 3943/3943/3943
f 3650/3650/3650 4053/4053/4053 3882/3882/3882
f 3884/3884/3884 3785/3785/3785 3943/3943/3943
f 3884/3884/3884 3943/3943/3943 3944/3944/3944
f 3613/3613/3613 3884/3884/3884 3944/3944/3944
f 3907/3907/3907 3948/3948/3948 4008/4008/4008
f 3655/3655/3655 3907/3907/3907 4008/4008/4008
f 3908/3908/3908 4005/4005/4005 4055/4055/4055
f 3740/3740/3740 3843/3843/3843 4006/4006/4006
f 3746/3746/3746 3845/3845/3845 3957/3957/3957
f 3849/3849/3849 4015/4015/4015 4059/4059/4059
f 3592/3592/3592 3960/3960/3960 3797/3797/3797
f 4019/4019/4019 4016/4016/4016 4060/4060/4060
f 3910/3910/3910 3851/3851/3851 3893/3893/3893
f 3910/3910/3910 3893/3893/3893 4062/4062/4062
f 4063/4063/4063 4062/4062/4062 3893/3893/3893
f 4063/4063/4063 3893/3893/3893 3915/3915/3915
f 3659/3659/3659 4065/4065/4065 3750/3750/3750
f 4063/4063/4063 3915/3915/3915 3914/3914/3914
f 3751/3751/3751 4021/4021/4021 3913/3913/3913
f 3920/3920/3920 3916/3916/3916 4068/4068/4068
f 3858/3858/3858 3662/3662/3662 4070/4070/4070
f 3717/3717/3717 3859/3859/3859 3921/3921/3921
f 3896/3896/3896 3923/3923/3923 4031/4031/4031
f 3864/3864/3864 3867/3867/3867 3982/3982/3982
f 3869/3869/3869 3896/3896/3896 4031/4031/4031
f 3979/3979/3979 4071/4071/4071 4027/4027/4027
f 3897/3897/3897 3986/3986/3986 3921/3921/3921
f 4072/4072/4072 3927/3927/3927 3979/3979/3979
f 3927/3927/3927 3925/3925/3925 4076/4076/4076
f 3995/3995/3995 4072/4072/4072 3988/3988/3988
f 3988/3988/3988 3992/3992/3992 3995/3995/3995
f 3991/3991/3991 3993/3993/3993 4033/4033/4033
f 3992/3992/3992 4033/4033/4033 3870/3870/3870
f 3872/3872/3872 3995/3995/3995 3992/3992/3992
f 3992/3992/3992 3870/3870/3870 3872/3872/3872
f 3803/3803/3803 3872/3872/3872 3870/3870/3870
f 4038/4038/4038 4043/4043/4043 4077/4077/4077
f 4039/4039/4039 4078/4078/4078 4044/4044/4044
f 3875/3875/3875 3999/3999/3999 3931/3931/3931
f 4045/4045/4045 4000/4000/4000 4079/4079/4079
f 4050/4050/4050 4079/4079/4079 4000/4000/4000
f 4050/4050/4050 3904/3904/3904 4079/4079/4079
f 3730/3730/3730 3879/3879/3879 3905/3905/3905
f 3779/3779/3779 3879/3879/3879 3730/3730/3730
f 3784/3784/3784 3840/3840/3840 3838/3838/3838
f 3946/3946/3946 3942/3942/3942 4080/4080/4080
f 3889/3889/3889 4083/4083/4083 4003/4003/4003
f 4004/4004/4004 3908/3908/3908 4085/4085/4085
f 4055/4055/4055 4005/4005/4005 4087/4087/4087
f 4006/4006/4006 4087/4087/4087 4005/4005/4005
f 4010/4010/4010 3655/3655/3655 4009/4009/4009
f 3909/3909/3909 3954/3954/3954 4088/4088/4088
f 3955/3955/3955 3957/3957/3957 4091/4091/4091
f 3787/3787/3787 3909/3909/3909 4088/4088/4088
f 4059/4059/4059 4099/4099/4099 3849/3849/3849
f 3966/3966/3966 3796/3796/3796 4100/4100/4100
f 3894/3894/3894 4099/4099/4099 4103/4103/4103
f 3894/3894/3894 4068/4068/4068 3916/3916/3916
f 3972/3972/3972 3705/3705/3705 4105/4105/4105
f 3749/3749/3749 4064/4064/4064 4106/4106/4106
f 3799/3799/3799 3974/3974/3974 4025/4025/4025
f 3857/3857/3857 4107/4107/4107 3630/3630/3630
f 4031/4031/4031 4109/4109/4109 3867/3867/3867
f 3979/3979/3979 3927/3927/3927 4071/4071/4071
f 3927/3927/3927 3995/3995/3995 3871/3871/3871
f 4074/4074/4074 4112/4112/4112 3990/3990/3990
f 3994/3994/3994 3989/3989/3989 4113/4113/4113
f 4033/4033/4033 3993/3993/3993 4034/4034/4034
f 3870/3870/3870 4033/4033/4033 4034/4034/4034
f 3996/3996/3996 4000/4000/4000 4048/4048/4048
f 3904/3904/3904 4114/4114/4114 4079/4079/4079
f 3836/3836/3836 4051/4051/4051 4001/4001/4001
f 3937/3937/3937 4001/4001/4001 4116/4116/4116
f 3668/3668/3668 4052/4052/4052 3938/3938/3938
f 3943/3943/3943 3880/3880/3880 4117/4117/4117
f 3838/3838/3838 3840/3840/3840 3942/3942/3942
f 3943/3943/3943 3883/3883/3883 3944/3944/3944
f 3946/3946/3946 3883/3883/3883 3942/3942/3942
f 4080/4080/4080 3942/3942/3942 4002/4002/4002
f 3947/3947/3947 4081/4081/4081 3949/3949/3949
f 4004/4004/4004 4085/4085/4085 3887/3887/3887
f 3908/3908/3908 4055/4055/4055 4085/4085/4085
f 3952/3952/3952 4118/4118/4118 3844/3844/3844
f 4012/4012/4012 4120/4120/4120 3954/3954/3954
f 3618/3618/3618 4124/4124/4124 3960/3960/3960
f 3966/3966/3966 4100/4100/4100 4125/4125/4125
f 3960/3960/3960 4127/4127/4127 3797/3797/3797
f 3849/3849/3849 4099/4099/4099 3894/3894/3894
f 4061/4061/4061 4017/4017/4017 4128/4128/4128
f 4062/4062/4062 4106/4106/4106 3910/3910/3910
f 4061/4061/4061 4131/4131/4131 4020/4020/4020
f 4020/4020/4020 4131/4131/4131 3962/3962/3962
f 3961/3961/3961 4130/4130/4130 3969/3969/3969
f 3972/3972/3972 4133/4133/4133 3660/3660/3660
f 3914/3914/3914 4022/4022/4022 4063/4063/4063
f 3920/3920/3920 4068/4068/4068 4136/4136/4136
f 3973/3973/3973 3918/3918/3918 4135/4135/4135
f 3857/3857/3857 4069/4069/4069 4107/4107/4107
f 3982/3982/3982 3867/3867/3867 4109/4109/4109
f 3825/3825/3825 3921/3921/3921 4027/4027/4027
f 4029/4029/4029 4137/4137/4137 3981/3981/3981
f 3985/3985/3985 3981/3981/3981 4137/4137/4137
f 4075/4075/4075 4138/4138/4138 3926/3926/3926
f 3927/3927/3927 4139/4139/4139 4071/4071/4071
f 3921/3921/3921 3986/3986/3986 4027/4027/4027
f 3979/3979/3979 4032/4032/4032 4072/4072/4072
f 3977/3977/3977 4140/4140/4140 4032/4032/4032
f 4072/4072/4072 3995/3995/3995 3927/3927/3927
f 3994/3994/3994 4113/4113/4113 4143/4143/4143
f 3996/3996/3996 4048/4048/4048 3998/3998/3998
f 3999/3999/3999 4145/4145/4145 3931/3931/3931
f 4046/4046/4046 4115/4115/4115 4146/4146/4146
f 4079/4079/4079 4114/4114/4114 4045/4045/4045
f 3903/3903/3903 3901/3901/3901 4149/4149/4149
f 4152/4152/4152 4153/4153/4153 4155/4155/4155
f 3804/3804/3804 4156/4156/4156 4117/4117/4117
f 3943/3943/3943 4117/4117/4117 3607/3607/3607
f 4155/4155/4155 4160/4160/4160 4152/4152/4152
f 3880/3880/3880 3804/3804/3804 4117/4117/4117
f 3941/3941/3941 4053/4053/4053 3906/3906/3906
f 4160/4160/4160 4162/4162/4162 4152/4152/4152
f 3883/3883/3883 4054/4054/4054 3942/3942/3942
f 4161/4161/4161 4158/4158/4158 4163/4163/4163
f 3840/3840/3840 4002/4002/4002 3942/3942/3942
f 3946/3946/3946 3944/3944/3944 3883/3883/3883
f 4003/4003/4003 3949/3949/3949 4081/4081/4081
f 4055/4055/4055 4087/4087/4087 4085/4085/4085
f 3844/3844/3844 4118/4118/4118 4007/4007/4007
f 3951/3951/3951 4167/4167/4167 3952/3952/3952
f 4089/4089/4089 3845/3845/3845 3788/3788/3788
f 4056/4056/4056 4168/4168/4168 4092/4092/4092
f 3959/3959/3959 4096/4096/4096 4057/4057/4057
f 3959/3959/3959 4057/4057/4057 4014/4014/4014
f 3618/3618/3618 3852/3852/3852 4124/4124/4124
f 3797/3797/3797 4127/4127/4127 4101/4101/4101
f 3959/3959/3959 4175/4175/4175 4096/4096/4096
f 3912/3912/3912 4175/4175/4175 3959/3959/3959
f 3910/3910/3910 4106/4106/4106 4176/4176/4176
f 4061/4061/4061 4178/4178/4178 4181/4181/4181
f 4061/4061/4061 4181/4181/4181 4131/4131/4131
f 4062/4062/4062 4063/4063/4063 4106/4106/4106
f 3749/3749/3749 4106/4106/4106 4022/4022/4022
f 3920/3920/3920 4136/4136/4136 4184/4184/4184
f 3917/3917/3917 4183/4183/4183 4134/4134/4134
f 3975/3975/3975 4185/4185/4185 4026/4026/4026
f 3826/3826/3826 4189/4189/4189 3919/3919/3919
f 4031/4031/4031 3923/3923/3923 4109/4109/4109
f 4072/4072/4072 4032/4032/4032 4140/4140/4140
f 4142/4142/4142 4190/4190/4190 4073/4073/4073
f 4001/4001/4001 4051/4051/4051 4192/4192/4192
f 3938/3938/3938 4195/4195/4195 3806/3806/3806
f 3939/3939/3939 3608/3608/3608 4198/4198/4198
f 4154/4154/4154 4199/4199/4199 4159/4159/4159
f 4158/4158/4158 4202/4202/4202 4163/4163/4163
f 4163/4163/4163 4151/4151/4151 4161/4161/4161
f 3887/3887/3887 4085/4085/4085 4082/4082/4082
f 4009/4009/4009 4008/4008/4008 4207/4207/4207
f 4009/4009/4009 4207/4207/4207 4209/4209/4209
f 4009/4009/4009 4209/4209/4209 4010/4010/4010
f 3952/3952/3952 4167/4167/4167 4118/4118/4118
f 3951/3951/3951 4211/4211/4211 4167/4167/4167
f 3951/3951/3951 4213/4213/4213 4211/4211/4211
f 3950/3950/3950 3890/3890/3890 4214/4214/4214
f 4091/4091/4091 4217/4217/4217 3955/3955/3955
f 4220/4220/4220 4223/4223/4223 4093/4093/4093
f 4094/4094/4094 4169/4169/4169 4221/4221/4221
f 4095/4095/4095 4224/4224/4224 4227/4227/4227
f 3852/3852/3852 3911/3911/3911 4234/4234/4234
f 4061/4061/4061 4128/4128/4128 4178/4178/4178
f 4102/4102/4102 4096/4096/4096 4235/4235/4235
f 4175/4175/4175 4235/4235/4235 4096/4096/4096
f 4176/4176/4176 4106/4106/4106 4236/4236/4236
f 3912/3912/3912 4235/4235/4235 4175/4175/4175
f 3894/3894/3894 4103/4103/4103 4068/4068/4068
f 3660/3660/3660 4133/4133/4133 4066/4066/4066
f 4063/4063/4063 4022/4022/4022 4106/4106/4106
f 4130/4130/4130 4237/4237/4237 3969/3969/3969
f 3971/3971/3971 4238/4238/4238 4240/4240/4240
f 4068/4068/4068 4241/4241/4241 4242/4242/4242
f 4068/4068/4068 4242/4242/4242 4136/4136/4136
f 4135/4135/4135 4243/4243/4243 3973/3973/3973
f 3923/3923/3923 4026/4026/4026 4109/4109/4109
f 3825/3825/3825 4027/4027/4027 4188/4188/4188
f 3925/3925/3925 3983/3983/3983 4076/4076/4076
f 4076/4076/4076 4071/4071/4071 4139/4139/4139
f 3978/3978/3978 3985/3985/3985 4141/4141/4141
f 3994/3994/3994 4246/4246/4246 4035/4035/4035
f 4248/4248/4248 4250/4250/4250 4252/4252/4252
f 4049/4049/4049 4145/4145/4145 3999/3999/3999
f 4047/4047/4047 4255/4255/4255 4049/4049/4049
f 3903/3903/3903 4149/4149/4149 3934/3934/3934
f 3933/3933/3933 4191/4191/4191 4050/4050/4050
f 4001/4001/4001 4192/4192/4192 4116/4116/4116
f 3937/3937/3937 4116/4116/4116 4052/4052/4052
f 4159/4159/4159 4199/4199/4199 4256/4256/4256
f 3607/3607/3607 4117/4117/4117 4197/4197/4197
f 4259/4259/4259 4261/4261/4261 4165/4165/4165
f 4258/4258/4258 4164/4164/4164 4263/4263/4263
f 4008/4008/4008 4264/4264/4264 4207/4207/4207
f 4118/4118/4118 4268/4268/4268 4007/4007/4007
f 4210/4210/4210 4270/4270/4270 4274/4274/4274
f 4209/4209/4209 4207/4207/4207 4269/4269/4269
f 4213/4213/4213 4281/4281/4281 4211/4211/4211
f 3950/3950/3950 4282/4282/4282 4212/4212/4212
f 3950/3950/3950 4210/4210/4210 4274/4274/4274
f 4210/4210/4210 3950/3950/3950 4119/4119/4119
f 4011/4011/4011 4210/4210/4210 4119/4119/4119
f 3955/3955/3955 4215/4215/4215 3892/3892/3892
f 3955/3955/3955 4217/4217/4217 4284/4284/4284
f 3956/3956/3956 4216/4216/4216 4090/4090/4090
f 3957/3957/3957 3845/3845/3845 4217/4217/4217
f 3845/3845/3845 4089/4089/4089 4121/4121/4121
f 4222/4222/4222 4170/4170/4170 4225/4225/4225
f 4124/4124/4124 3852/3852/3852 4234/4234/4234
f 4178/4178/4178 4128/4128/4128 4287/4287/4287
f 4177/4177/4177 4234/4234/4234 3911/3911/3911
f 4176/4176/4176 4236/4236/4236 4233/4233/4233
f 3972/3972/3972 4105/4105/4105 4290/4290/4290
f 3912/3912/3912 4243/4243/4243 4235/4235/4235
f 4133/4133/4133 3972/3972/3972 4290/4290/4290
f 3705/3705/3705 4291/4291/4291 4105/4105/4105
f 3705/3705/3705 3965/3965/3965 4291/4291/4291
f 3970/3970/3970 4239/4239/4239 3964/3964/3964
f 4132/4132/4132 4294/4294/4294 4238/4238/4238
f 4241/4241/4241 4068/4068/4068 4296/4296/4296
f 3973/3973/3973 4243/4243/4243 3912/3912/3912
f 3756/3756/3756 4298/4298/4298 3662/3662/3662
f 3754/3754/3754 3629/3629/3629 4297/4297/4297
f 4108/4108/4108 4298/4298/4298 3631/3631/3631
f 4030/4030/4030 3987/3987/3987 4299/4299/4299
f 3985/3985/3985 4301/4301/4301 4141/4141/4141
f 4252/4252/4252 4250/4250/4250 4303/4303/4303
f 4251/4251/4251 4249/4249/4249 4305/4305/4305
f 4248/4248/4248 4252/4252/4252 4307/4307/4307
f 4252/4252/4252 4309/4309/4309 4307/4307/4307
f 4307/4307/4307 4311/4311/4311 4248/4248/4248
f 4147/4147/4147 4255/4255/4255 4047/4047/4047
f 3929/3929/3929 4313/4313/4313 3899/3899/3899
f 4115/4115/4115 4317/4317/4317 4146/4146/4146
f 3905/3905/3905 4319/4319/4319 4115/4115/4115
f 3905/3905/3905 4321/4321/4321 4319/4319/4319
f 3905/3905/3905 3879/3879/3879 4321/4321/4321
f 4052/4052/4052 4116/4116/4116 4323/4323/4323
f 3938/3938/3938 4052/4052/4052 4323/4323/4323
f 3805/3805/3805 4194/4194/4194 4157/4157/4157
f 4263/4263/4263 4164/4164/4164 4206/4206/4206
f 4165/4165/4165 4261/4261/4261 4152/4152/4152
f 4258/4258/4258 4263/4263/4263 4260/4260/4260
f 4087/4087/4087 4006/4006/4006 4267/4267/4267
f 4268/4268/4268 4118/4118/4118 4326/4326/4326
f 4281/4281/4281 4327/4327/4327 4326/4326/4326
f 4283/4283/4283 4327/4327/4327 4281/4281/4281
f 4167/4167/4167 4326/4326/4326 4118/4118/4118
f 4280/4280/4280 4325/4325/4325 4166/4166/4166
f 4281/4281/4281 4167/4167/4167 4211/4211/4211
f 4213/4213/4213 4283/4283/4283 4281/4281/4281
f 3950/3950/3950 4274/4274/4274 4282/4282/4282
f 3950/3950/3950 4214/4214/4214 4119/4119/4119
f 3954/3954/3954 4120/4120/4120 4088/4088/4088
f 3955/3955/3955 4284/4284/4284 4215/4215/4215
f 3846/3846/3846 4285/4285/4285 4218/4218/4218
f 4226/4226/4226 4171/4171/4171 4329/4329/4329
f 4229/4229/4229 4330/4330/4330 4172/4172/4172
f 4226/4226/4226 4329/4329/4329 4228/4228/4228
f 4058/4058/4058 4097/4097/4097 4173/4173/4173
f 4101/4101/4101 4333/4333/4333 4126/4126/4126
f 4129/4129/4129 4018/4018/4018 4334/4334/4334
f 4106/4106/4106 4064/4064/4064 4236/4236/4236
f 4068/4068/4068 4103/4103/4103 4245/4245/4245
f 4133/4133/4133 4290/4290/4290 4066/4066/4066
f 4131/4131/4131 4181/4181/4181 4335/4335/4335
f 4242/4242/4242 4241/4241/4241 4296/4296/4296
f 4242/4242/4242 4296/4296/4296 4136/4136/4136
f 3919/3919/3919 4189/4189/4189 4024/4024/4024
f 4026/4026/4026 4185/4185/4185 4109/4109/4109
f 4076/4076/4076 3983/3983/3983 4071/4071/4071
f 4071/4071/4071 4188/4188/4188 4027/4027/4027
f 4301/4301/4301 3985/3985/3985 4337/4337/4337
f 4074/4074/4074 4339/4339/4339 4112/4112/4112
f 4036/4036/4036 4247/4247/4247 3987/3987/3987
f 4249/4249/4249 4312/4312/4312 4305/4305/4305
f 3930/3930/3930 4144/4144/4144 4314/4314/4314
f 3900/3900/3900 4315/4315/4315 4148/4148/4148
f 4149/4149/4149 4340/4340/4340 3934/3934/3934
f 4192/4192/4192 4323/4323/4323 4116/4116/4116
f 3938/3938/3938 4323/4323/4323 4195/4195/4195
f 4155/4155/4155 4153/4153/4153 4201/4201/4201
f 4159/4159/4159 4256/4256/4256 4203/4203/4203
f 4152/4152/4152 4342/4342/4342 4153/4153/4153
f 4008/4008/4008 3948/3948/3948 4264/4264/4264
f 4267/4267/4267 4343/4343/4343 4087/4087/4087
f 4267/4267/4267 4346/4346/4346 4343/4343/4343
f 4268/4268/4268 4326/4326/4326 4347/4347/4347
f 4283/4283/4283 4278/4278/4278 4327/4327/4327
f 4278/4278/4278 4272/4272/4272 4327/4327/4327
f 4215/4215/4215 4217/4217/4217 4121/4121/4121
f 4122/4122/4122 4219/4219/4219 4286/4286/4286
f 3845/3845/3845 4121/4121/4121 4284/4284/4284
f 4230/4230/4230 4174/4174/4174 4098/4098/4098
f 4231/4231/4231 4348/4348/4348 4331/4331/4331
f 4232/4232/4232 4332/4332/4332 4349/4349/4349
f 3968/3968/3968 4126/4126/4126 4018/4018/4018
f 4127/4127/4127 3960/3960/3960 4101/4101/4101
f 4333/4333/4333 4101/4101/4101 3960/3960/3960
f 4288/4288/4288 4129/4129/4129 4334/4334/4334
f 4180/4180/4180 4288/4288/4288 4350/4350/4350
f 4236/4236/4236 4064/4064/4064 4233/4233/4233
f 4181/4181/4181 4178/4178/4178 4351/4351/4351
f 4067/4067/4067 4244/4244/4244 4353/4353/4353
f 4105/4105/4105 4291/4291/4291 4357/4357/4357
f 4135/4135/4135 4295/4295/4295 4243/4243/4243
f 4069/4069/4069 4358/4358/4358 4107/4107/4107
f 4187/4187/4187 3976/3976/3976 4024/4024/4024
f 4186/4186/4186 4023/4023/4023 4110/4110/4110
f 4110/4110/4110 4023/4023/4023 4071/4071/4071
f 3983/3983/3983 4110/4110/4110 4071/4071/4071
f 3985/3985/3985 4137/4137/4137 4360/4360/4360
f 4302/4302/4302 4364/4364/4364 4142/4142/4142
f 4073/4073/4073 4190/4190/4190 4338/4338/4338
f 4142/4142/4142 4364/4364/4364 4190/4190/4190
f 3994/3994/3994 4143/4143/4143 4246/4246/4246
f 4252/4252/4252 4365/4365/4365 4367/4367/4367
f 4252/4252/4252 4303/4303/4303 4365/4365/4365
f 4304/4304/4304 4251/4251/4251 4305/4305/4305
f 4305/4305/4305 4312/4312/4312 4372/4372/4372
f 4307/4307/4307 4309/4309/4309 4374/4374/4374
f 4316/4316/4316 4376/4376/4376 4150/4150/4150
f 4115/4115/4115 4319/4319/4319 4317/4317/4317
f 4192/4192/4192 4377/4377/4377 4323/4323/4323
f 3940/3940/3940 4379/4379/4379 3879/3879/3879
f 3940/3940/3940 4382/4382/4382 4379/4379/4379
f 4262/4262/4262 4205/4205/4205 4384/4384/4384
f 4262/4262/4262 4384/4384/4384 4385/4385/4385
f 4003/4003/4003 4387/4387/4387 3949/3949/3949
f 4087/4087/4087 4343/4343/4343 4085/4085/4085
f 4208/4208/4208 4266/4266/4266 4389/4389/4389
f 4326/4326/4326 4390/4390/4390 4347/4347/4347
f 4327/4327/4327 4390/4390/4390 4326/4326/4326
f 4392/4392/4392 4275/4275/4275 4396/4396/4396
f 4284/4284/4284 4217/4217/4217 4215/4215/4215
f 4126/4126/4126 4398/4398/4398 4018/4018/4018
f 4233/4233/4233 4289/4289/4289 4123/4123/4123
f 4102/4102/4102 4235/4235/4235 4243/4243/4243
f 4064/4064/4064 4289/4289/4289 4233/4233/4233
f 4068/4068/4068 4354/4354/4354 4296/4296/4296
f 4240/4240/4240 4291/4291/4291 3965/3965/3965
f 4131/4131/4131 4335/4335/4335 4292/4292/4292
f 3662/3662/3662 4298/4298/4298 4108/4108/4108
f 4071/4071/4071 4023/4023/4023 4188/4188/4188
f 4030/4030/4030 4299/4299/4299 4400/4400/4400
f 3985/3985/3985 4360/4360/4360 4402/4402/4402
f 3985/3985/3985 4402/4402/4402 4337/4337/4337
f 4111/4111/4111 4403/4403/4403 3989/3989/3989
f 4252/4252/4252 4367/4367/4367 4309/4309/4309
f 4305/4305/4305 4372/4372/4372 4406/4406/4406
f 4049/4049/4049 4255/4255/4255 4408/4408/4408
f 4316/4316/4316 4145/4145/4145 4376/4376/4376
f 4149/4149/4149 4375/4375/4375 4409/4409/4409
f 4324/4324/4324 4412/4412/4412 4414/4414/4414
f 4156/4156/4156 4197/4197/4197 4117/4117/4117
f 4201/4201/4201 4153/4153/4153 4342/4342/4342
f 4204/4204/4204 4257/4257/4257 4415/4415/4415
f 4204/4204/4204 4415/4415/4415 4341/4341/4341
f 4152/4152/4152 4418/4418/4418 4342/4342/4342
f 4204/4204/4204 4419/4419/4419 4421/4421/4421
f 4152/4152/4152 4261/4261/4261 4418/4418/4418
f 4383/4383/4383 4204/4204/4204 4421/4421/4421
f 4385/4385/4385 4384/4384/4384 4423/4423/4423
f 4263/4263/4263 4386/4386/4386 4424/4424/4424
f 3949/3949/3949 4387/4387/4387 4265/4265/4265
f 4425/4425/4425 4328/4328/4328 4426/4426/4426
f 4208/4208/4208 4389/4389/4389 4429/4429/4429
f 4347/4347/4347 4390/4390/4390 4431/4431/4431
f 4347/4347/4347 4390/4390/4390 4431/4431/4431
f 4207/4207/4207 4427/4427/4427 4269/4269/4269
f 4276/4276/4276 4393/4393/4393 4271/4271/4271
f 4397/4397/4397 4277/4277/4277 4394/4394/4394
f 4018/4018/4018 4398/4398/4398 4334/4334/4334
f 4288/4288/4288 4334/4334/4334 4350/4350/4350
f 4124/4124/4124 4435/4435/4435 3960/3960/3960
f 4436/4436/4436 4437/4437/4437 4438/4438/4438
f 4105/4105/4105 4442/4442/4442 4290/4290/4290
f 4352/4352/4352 4179/4179/4179 4443/4443/4443
f 4335/4335/4335 4181/4181/4181 4447/4447/4447
f 4181/4181/4181 4351/4351/4351 4335/4335/4335
f 4335/4335/4335 4181/4181/4181 4292/4292/4292
f 4182/4182/4182 4352/4352/4352 4293/4293/4293
f 4245/4245/4245 4296/4296/4296 4354/4354/4354
f 4291/4291/4291 4448/4448/4448 4357/4357/4357
f 4240/4240/4240 4448/4448/4448 4291/4291/4291
f 4300/4300/4300 4336/4336/4336 4401/4401/4401
f 4301/4301/4301 4402/4402/4402 4362/4362/4362
f 3989/3989/3989 4403/4403/4403 4113/4113/4113
f 4365/4365/4365 4303/4303/4303 4449/4449/4449
f 4365/4365/4365 4450/4450/4450 4367/4367/4367
f 4306/4306/4306 4369/4369/4369 4310/4310/4310
f 4307/4307/4307 4452/4452/4452 4371/4371/4371
f 4307/4307/4307 4374/4374/4374 4452/4452/4452
f 4193/4193/4193 3934/3934/3934 4340/4340/4340
f 4192/4192/4192 4453/4453/4453 4377/4377/4377
f 4323/4323/4323 4377/4377/4377 4410/4410/4410
f 4194/4194/4194 4456/4456/4456 4157/4157/4157
f 4198/4198/4198 4380/4380/4380 3939/3939/3939
f 4341/4341/4341 4416/4416/4416 4204/4204/4204
f 4416/4416/4416 4419/4419/4419 4204/4204/4204
f 4383/4383/4383 4421/4421/4421 4422/4422/4422
f 4421/4421/4421 4419/4419/4419 4422/4422/4422
f 4386/4386/4386 4458/4458/4458 4424/4424/4424
f 4263/4263/4263 4424/4424/4424 4260/4260/4260
f 4003/4003/4003 4083/4083/4083 4459/4459/4459
f 4347/4347/4347 4431/4431/4431 4344/4344/4344
f 4425/4425/4425 4461/4461/4461 4328/4328/4328
f 4391/4391/4391 4328/4328/4328 4432/4432/4432
f 4395/4395/4395 4279/4279/4279 4273/4273/4273
f 4126/4126/4126 4333/4333/4333 4398/4398/4398
f 4180/4180/4180 4350/4350/4350 4439/4439/4439
f 4433/4433/4433 4123/4123/4123 4289/4289/4289
f 4437/4437/4437 4179/4179/4179 4438/4438/4438
f 4289/4289/4289 4440/4440/4440 4433/4433/4433
f 4462/4462/4462 4464/4464/4464 4467/4467/4467
f 4469/4469/4469 4463/4463/4463 4468/4468/4468
f 4436/4436/4436 4443/4443/4443 4437/4437/4437
f 4238/4238/4238 4470/4470/4470 4240/4240/4240
f 4299/4299/4299 3987/3987/3987 4471/4471/4471
f 4364/4364/4364 4472/4472/4472 4190/4190/4190
f 3987/3987/3987 4247/4247/4247 4471/4471/4471
f 4365/4365/4365 4449/4449/4449 4450/4450/4450
f 4450/4450/4450 4473/4473/4473 4367/4367/4367
f 4304/4304/4304 4305/4305/4305 4475/4475/4475
f 4366/4366/4366 4476/4476/4476 4308/4308/4308
f 4308/4308/4308 4451/4451/4451 4373/4373/4373
f 4414/4414/4414 4479/4479/4479 4324/4324/4324
f 4413/4413/4413 4322/4322/4322 4478/4478/4478
f 4196/4196/4196 4324/4324/4324 4479/4479/4479
f 4157/4157/4157 4456/4456/4456 4198/4198/4198
f 4198/4198/4198 4456/4456/4456 4380/4380/4380
f 4341/4341/4341 4415/4415/4415 4200/4200/4200
f 4261/4261/4261 4481/4481/4481 4418/4418/4418
f 4458/4458/4458 4386/4386/4386 4483/4483/4483
f 4385/4385/4385 4423/4423/4423 4482/4482/4482
f 4003/4003/4003 4459/4459/4459 4387/4387/4387
f 4086/4086/4086 4484/4484/4484 4084/4084/4084
f 4086/4086/4086 4345/4345/4345 4484/4484/4484
f 4266/4266/4266 4388/4388/4388 4389/4389/4389
f 4425/4425/4425 4426/4426/4426 4484/4484/4484
f 4328/4328/4328 4461/4461/4461 4345/4345/4345
f 4461/4461/4461 4425/4425/4425 4345/4345/4345
f 4389/4389/4389 4388/4388/4388 4429/4429/4429
f 4328/4328/4328 4345/4345/4345 4432/4432/4432
f 4272/4272/4272 4428/4428/4428 4327/4327/4327
f 3960/3960/3960 4435/4435/4435 4333/4333/4333
f 4436/4436/4436 4438/4438/4438 4463/4463/4463
f 4469/4469/4469 4436/4436/4436 4463/4463/4463
f 4464/4464/4464 4485/4485/4485 4467/4467/4467
f 4179/4179/4179 4437/4437/4437 4443/4443/4443
f 4469/4469/4469 4468/4468/4468 4489/4489/4489
f 4238/4238/4238 4294/4294/4294 4470/4470/4470
f 3662/3662/3662 4108/4108/4108 4494/4494/4494
f 3662/3662/3662 4494/4494/4494 4070/4070/4070
f 4107/4107/4107 4358/4358/4358 4496/4496/4496
f 4028/4028/4028 4399/4399/4399 4498/4498/4498
f 4368/4368/4368 4503/4503/4503 4477/4477/4477
f 4475/4475/4475 4305/4305/4305 4506/4506/4506
f 4305/4305/4305 4406/4406/4406 4506/4506/4506
f 4476/4476/4476 4508/4508/4508 4510/4510/4510
f 4476/4476/4476 4510/4510/4510 4308/4308/4308
f 4405/4405/4405 4370/4370/4370 4510/4510/4510
f 4308/4308/4308 4510/4510/4510 4511/4511/4511
f 4308/4308/4308 4511/4511/4511 4451/4451/4451
f 4370/4370/4370 4451/4451/4451 4511/4511/4511
f 4049/4049/4049 4408/4408/4408 4145/4145/4145
f 4317/4317/4317 4253/4253/4253 4146/4146/4146
f 4375/4375/4375 4512/4512/4512 4409/4409/4409
f 4149/4149/4149 4409/4409/4409 4514/4514/4514
f 4193/4193/4193 4340/4340/4340 4454/4454/4454
f 4377/4377/4377 4453/4453/4453 4516/4516/4516
f 4321/4321/4321 3879/3879/3879 4521/4521/4521
f 3879/3879/3879 4524/4524/4524 4521/4521/4521
f 3879/3879/3879 4379/4379/4379 4524/4524/4524
f 4414/4414/4414 4412/4412/4412 4479/4479/4479
f 4196/4196/4196 4479/4479/4479 4525/4525/4525
f 4196/4196/4196 4525/4525/4525 4457/4457/4457
f 4423/4423/4423 4420/4420/4420 4526/4526/4526
f 4261/4261/4261 4528/4528/4528 4481/4481/4481
f 4260/4260/4260 4424/4424/4424 4527/4527/4527
f 4345/4345/4345 4425/4425/4425 4484/4484/4484
f 4328/4328/4328 4530/4530/4530 4426/4426/4426
f 4333/4333/4333 4435/4435/4435 4533/4533/4533
f 4463/4463/4463 4438/4438/4438 4465/4465/4465
f 4487/4487/4487 4536/4536/4536 4468/4468/4468
f 4104/4104/4104 4537/4537/4537 4441/4441/4441
f 4104/4104/4104 4355/4355/4355 4537/4537/4537
f 4352/4352/4352 4443/4443/4443 4293/4293/4293
f 4539/4539/4539 4540/4540/4540 4541/4541/4541
f 4137/4137/4137 4029/4029/4029 4499/4499/4499
f 4113/4113/4113 4542/4542/4542 4143/4143/4143
f 4303/4303/4303 4543/4543/4543 4449/4449/4449
f 4368/4368/4368 4474/4474/4474 4503/4503/4503
f 4405/4405/4405 4510/4510/4510 4504/4504/4504
f 4476/4476/4476 4545/4545/4545 4548/4548/4548
f 4507/4507/4507 4547/4547/4547 4509/4509/4509
f 4510/4510/4510 4548/4548/4548 4504/4504/4504
f 4508/4508/4508 4476/4476/4476 4548/4548/4548
f 4370/4370/4370 4511/4511/4511 4510/4510/4510
f 4409/4409/4409 4512/4512/4512 4549/4549/4549
f 4411/4411/4411 4517/4517/4517 4519/4519/4519
f 4479/4479/4479 4520/4520/4520 4523/4523/4523
f 4412/4412/4412 4520/4520/4520 4479/4479/4479
f 4479/4479/4479 4523/4523/4523 4378/4378/4378
f 4381/4381/4381 4479/4479/4479 4378/4378/4378
f 4479/4479/4479 4381/4381/4381 4525/4525/4525
f 4200/4200/4200 4415/4415/4415 4257/4257/4257
f 4417/4417/4417 4480/4480/4480 4420/4420/4420
f 4423/4423/4423 4526/4526/4526 4482/4482/4482
f 4482/4482/4482 4526/4526/4526 4550/4550/4550
f 4528/4528/4528 4552/4552/4552 4481/4481/4481
f 4482/4482/4482 4550/4550/4550 4553/4553/4553
f 4483/4483/4483 4554/4554/4554 4458/4458/4458
f 4084/4084/4084 4484/4484/4484 4460/4460/4460
f 4460/4460/4460 4484/4484/4484 4555/4555/4555
f 4458/4458/4458 4557/4557/4557 4424/4424/4424
f 4424/4424/4424 4557/4557/4557 4558/4558/4558
f 4388/4388/4388 4559/4559/4559 4429/4429/4429
f 4426/4426/4426 4429/4429/4429 4559/4559/4559
f 4428/4428/4428 4529/4529/4529 4327/4327/4327
f 4333/4333/4333 4533/4533/4533 4398/4398/4398
f 4350/4350/4350 4561/4561/4561 4439/4439/4439
f 4562/4562/4562 4468/4468/4468 4536/4536/4536
f 4436/4436/4436 4563/4563/4563 4443/4443/4443
f 4436/4436/4436 4469/4469/4469 4563/4563/4563
f 4445/4445/4445 4564/4564/4564 4567/4567/4567
f 4489/4489/4489 4563/4563/4563 4469/4469/4469
f 4489/4489/4489 4568/4568/4568 4563/4563/4563
f 4448/4448/4448 4571/4571/4571 4357/4357/4357
f 4570/4570/4570 4574/4574/4574 4356/4356/4356
f 4448/4448/4448 4240/4240/4240 4571/4571/4571
f 4541/4541/4541 4540/4540/4540 4492/4492/4492
f 4299/4299/4299 4576/4576/4576 4400/4400/4400
f 4299/4299/4299 4471/4471/4471 4576/4576/4576
f 4402/4402/4402 4360/4360/4360 4362/4362/4362
f 4190/4190/4190 4577/4577/4577 4338/4338/4338
f 4404/4404/4404 4112/4112/4112 4580/4580/4580
f 4112/4112/4112 4339/4339/4339 4580/4580/4580
f 4304/4304/4304 4475/4475/4475 4544/4544/4544
f 4503/4503/4503 4546/4546/4546 4477/4477/4477
f 4548/4548/4548 4545/4545/4545 4504/4504/4504
f 4376/4376/4376 4145/4145/4145 4581/4581/4581
f 4340/4340/4340 4149/4149/4149 4582/4582/4582
f 4321/4321/4321 4521/4521/4521 4319/4319/4319
f 4410/4410/4410 4377/4377/4377 4516/4516/4516
f 4457/4457/4457 4525/4525/4525 4381/4381/4381
f 4460/4460/4460 4555/4555/4555 4388/4388/4388
f 4388/4388/4388 4555/4555/4555 4559/4559/4559
f 4424/4424/4424 4558/4558/4558 4527/4527/4527
f 4458/4458/4458 4554/4554/4554 4585/4585/4585
f 4458/4458/4458 4585/4585/4585 4557/4557/4557
f 4484/4484/4484 4426/4426/4426 4555/4555/4555
f 4426/4426/4426 4530/4530/4530 4429/4429/4429
f 4334/4334/4334 4561/4561/4561 4350/4350/4350
f 4438/4438/4438 4587/4587/4587 4465/4465/4465
f 4438/4438/4438 4590/4590/4590 4587/4587/4587
f 4466/4466/4466 4588/4588/4588 4488/4488/4488
f 4434/4434/4434 4441/4441/4441 4532/4532/4532
f 4541/4541/4541 4562/4562/4562 4595/4595/4595
f 4562/4562/4562 4536/4536/4536 4595/4595/4595
f 4562/4562/4562 4596/4596/4596 4468/4468/4468
f 4468/4468/4468 4596/4596/4596 4489/4489/4489
f 4539/4539/4539 4598/4598/4598 4540/4540/4540
f 4541/4541/4541 4492/4492/4492 4562/4562/4562
f 4472/4472/4472 4577/4577/4577 4190/4190/4190
f 4143/4143/4143 4600/4600/4600 4246/4246/4246
f 4449/4449/4449 4602/4602/4602 4450/4450/4450
f 4473/4473/4473 4450/4450/4450 4603/4603/4603
f 4449/4449/4449 4543/4543/4543 4602/4602/4602
f 4544/4544/4544 4475/4475/4475 4607/4607/4607
f 4474/4474/4474 4608/4608/4608 4503/4503/4503
f 4255/4255/4255 4610/4610/4610 4408/4408/4408
f 4581/4581/4581 4513/4513/4513 4376/4376/4376
f 4409/4409/4409 4549/4549/4549 4514/4514/4514
f 4149/4149/4149 4514/4514/4514 4611/4611/4611
f 4254/4254/4254 4318/4318/4318 4609/4609/4609
f 4420/4420/4420 4480/4480/4480 4526/4526/4526
f 4553/4553/4553 4613/4613/4613 4584/4584/4584
f 4527/4527/4527 4558/4558/4558 4614/4614/4614
f 4527/4527/4527 4558/4558/4558 4614/4614/4614
f 4426/4426/4426 4559/4559/4559 4555/4555/4555
f 4441/4441/4441 4537/4537/4537 4532/4532/4532
f 4355/4355/4355 4573/4573/4573 4616/4616/4616
f 4446/4446/4446 4618/4618/4618 4565/4565/4565
f 4070/4070/4070 4494/4494/4494 4620/4620/4620
f 4604/4604/4604 4608/4608/4608 4474/4474/4474
f 4475/4475/4475 4506/4506/4506 4607/4607/4607
f 4546/4546/4546 4503/4503/4503 4622/4622/4622
f 4546/4546/4546 4622/4622/4622 4505/4505/4505
f 4145/4145/4145 4612/4612/4612 4581/4581/4581
f 4581/4581/4581 4612/4612/4612 4515/4515/4515
f 4581/4581/4581 4515/4515/4515 4513/4513/4513
f 4514/4514/4514 4549/4549/4549 4512/4512/4512
f 4318/4318/4318 4624/4624/4624 4609/4609/4609
f 4318/4318/4318 4320/4320/4320 4624/4624/4624
f 4149/4149/4149 4611/4611/4611 4582/4582/4582
f 4625/4625/4625 4522/4522/4522 4455/4455/4455
f 4518/4518/4518 4455/4455/4455 4522/4522/4522
f 4550/4550/4550 4526/4526/4526 4626/4626/4626
f 4552/4552/4552 4528/4528/4528 4629/4629/4629
f 4553/4553/4553 4550/4550/4550 4613/4613/4613
f 4615/4615/4615 4629/4629/4629 4528/4528/4528
f 4584/4584/4584 4630/4630/4630 4556/4556/4556
f 4428/4428/4428 4631/4631/4631 4529/4529/4529
f 4398/4398/4398 4633/4633/4633 4334/4334/4334
f 4561/4561/4561 4334/4334/4334 4635/4635/4635
f 4636/4636/4636 4587/4587/4587 4590/4590/4590
f 4488/4488/4488 4588/4588/4588 4641/4641/4641
f 4486/4486/4486 4638/4638/4638 4535/4535/4535
f 4539/4539/4539 4643/4643/4643 4598/4598/4598
f 4572/4572/4572 4617/4617/4617 4575/4575/4575
f 4294/4294/4294 4644/4644/4644 4645/4645/4645
f 4294/4294/4294 4444/4444/4444 4644/4644/4644
f 4539/4539/4539 4541/4541/4541 4643/4643/4643
f 4563/4563/4563 4568/4568/4568 4443/4443/4443
f 4446/4446/4446 4647/4647/4647 4618/4618/4618
f 4446/4446/4446 4569/4569/4569 4647/4647/4647
f 4240/4240/4240 4470/4470/4470 4571/4571/4571
f 4596/4596/4596 4562/4562/4562 4492/4492/4492
f 4070/4070/4070 4650/4650/4650 4359/4359/4359
f 4107/4107/4107 4496/4496/4496 4491/4491/4491
f 4339/4339/4339 4579/4579/4579 4580/4580/4580
f 4247/4247/4247 4653/4653/4653 4471/4471/4471
f 4542/4542/4542 4113/4113/4113 4403/4403/4403
f 4450/4450/4450 4654/4654/4654 4656/4656/4656
f 4450/4450/4450 4658/4658/4658 4603/4603/4603
f 4450/4450/4450 4602/4602/4602 4654/4654/4654
f 4543/4543/4543 4606/4606/4606 4602/4602/4602
f 4408/4408/4408 4660/4660/4660 4145/4145/4145
f 4145/4145/4145 4663/4663/4663 4612/4612/4612
f 4610/4610/4610 4665/4665/4665 4408/4408/4408
f 4624/4624/4624 4664/4664/4664 4609/4609/4609
f 4611/4611/4611 4666/4666/4666 4668/4668/4668
f 4340/4340/4340 4670/4670/4670 4454/4454/4454
f 4320/4320/4320 4522/4522/4522 4625/4625/4625
f 4526/4526/4526 4480/4480/4480 4626/4626/4626
f 4550/4550/4550 4626/4626/4626 4613/4613/4613
f 4584/4584/4584 4613/4613/4613 4630/4630/4630
f 4558/4558/4558 4672/4672/4672 4614/4614/4614
f 4557/4557/4557 4674/4674/4674 4558/4558/4558
f 4398/4398/4398 4533/4533/4533 4633/4633/4633
f 4637/4637/4637 4677/4677/4677 4589/4589/4589
f 4637/4637/4637 4594/4594/4594 4677/4677/4677
f 4334/4334/4334 4633/4633/4633 4678/4678/4678
f 4334/4334/4334 4678/4678/4678 4635/4635/4635
f 4438/4438/4438 4560/4560/4560 4590/4590/4590
f 4536/4536/4536 4639/4639/4639 4680/4680/4680
f 4595/4595/4595 4536/4536/4536 4681/4681/4681
f 4595/4595/4595 4682/4682/4682 4643/4643/4643
f 4541/4541/4541 4595/4595/4595 4643/4643/4643
f 4294/4294/4294 4645/4645/4645 4470/4470/4470
f 4565/4565/4565 4618/4618/4618 4685/4685/4685
f 4564/4564/4564 4684/4684/4684 4567/4567/4567
f 4490/4490/4490 4647/4647/4647 4569/4569/4569
f 4597/4597/4597 4686/4686/4686 4490/4490/4490
f 4540/4540/4540 4598/4598/4598 4619/4619/4619
f 4540/4540/4540 4619/4619/4619 4492/4492/4492
f 4650/4650/4650 4070/4070/4070 4620/4620/4620
f 4359/4359/4359 4650/4650/4650 4688/4688/4688
f 4358/4358/4358 4687/4687/4687 4496/4496/4496
f 4689/4689/4689 4691/4691/4691 4692/4692/4692
f 4656/4656/4656 4658/4658/4658 4450/4450/4450
f 4694/4694/4694 4605/4605/4605 4696/4696/4696
f 4143/4143/4143 4542/4542/4542 4600/4600/4600
f 4604/4604/4604 4693/4693/4693 4608/4608/4608
f 4608/4608/4608 4697/4697/4697 4503/4503/4503
f 4506/4506/4506 4623/4623/4623 4607/4607/4607
f 4145/4145/4145 4660/4660/4660 4663/4663/4663
f 4667/4667/4667 4612/4612/4612 4663/4663/4663
f 4624/4624/4624 4407/4407/4407 4664/4664/4664
f 4611/4611/4611 4668/4668/4668 4582/4582/4582
f 4320/4320/4320 4625/4625/4625 4624/4624/4624
f 4557/4557/4557 4699/4699/4699 4674/4674/4674
f 4430/4430/4430 4531/4531/4531 4632/4632/4632
f 4558/4558/4558 4674/4674/4674 4702/4702/4702
f 4703/4703/4703 4705/4705/4705 4707/4707/4707
f 4703/4703/4703 4707/4707/4707 4680/4680/4680
f 4536/4536/4536 4680/4680/4680 4681/4681/4681
f 4595/4595/4595 4681/4681/4681 4707/4707/4707
f 4355/4355/4355 4616/4616/4616 4537/4537/4537
f 4572/4572/4572 4538/4538/4538 4617/4617/4617
f 4598/4598/4598 4643/4643/4643 4708/4708/4708
f 4571/4571/4571 4470/4470/4470 4645/4645/4645
f 4599/4599/4599 4710/4710/4710 4621/4621/4621
f 4596/4596/4596 4492/4492/4492 4711/4711/4711
f 4687/4687/4687 4648/4648/4648 4496/4496/4496
f 4691/4691/4691 4497/4497/4497 4692/4692/4692
f 4689/4689/4689 4692/4692/4692 4713/4713/4713
f 4400/4400/4400 4576/4576/4576 4502/4502/4502
f 4715/4715/4715 4719/4719/4719 4658/4658/4658
f 4656/4656/4656 4721/4721/4721 4658/4658/4658
f 4603/4603/4603 4658/4658/4658 4695/4695/4695
f 4602/4602/4602 4606/4606/4606 4654/4654/4654
f 4503/4503/4503 4697/4697/4697 4622/4622/4622
f 4625/4625/4625 4723/4723/4723 4624/4624/4624
f 4455/4455/4455 4671/4671/4671 4723/4723/4723
f 4455/4455/4455 4723/4723/4723 4625/4625/4625
f 4340/4340/4340 4582/4582/4582 4670/4670/4670
f 4480/4480/4480 4551/4551/4551 4626/4626/4626
f 4613/4613/4613 4626/4626/4626 4724/4724/4724
f 4613/4613/4613 4724/4724/4724 4630/4630/4630
f 4630/4630/4630 4724/4724/4724 4726/4726/4726
f 4556/4556/4556 4630/4630/4630 4726/4726/4726
f 4615/4615/4615 4673/4673/4673 4629/4629/4629
f 4558/4558/4558 4702/4702/4702 4672/4672/4672
f 4702/4702/4702 4674/4674/4674 4728/4728/4728
f 4728/4728/4728 4730/4730/4730 4702/4702/4702
f 4730/4730/4730 4732/4732/4732 4733/4733/4733
f 4730/4730/4730 4735/4735/4735 4732/4732/4732
f 4635/4635/4635 4591/4591/4591 4561/4561/4561
f 4534/4534/4534 4739/4739/4739 4634/4634/4634
f 4703/4703/4703 4680/4680/4680 4740/4740/4740
f 4595/4595/4595 4707/4707/4707 4705/4705/4705
f 4595/4595/4595 4705/4705/4705 4682/4682/4682
f 4681/4681/4681 4743/4743/4743 4707/4707/4707
f 4643/4643/4643 4682/4682/4682 4708/4708/4708
f 4572/4572/4572 4744/4744/4744 4538/4538/4538
f 4444/4444/4444 4566/4566/4566 4644/4644/4644
f 4490/4490/4490 4686/4686/4686 4647/4647/4647
f 4493/4493/4493 4497/4497/4497 4745/4745/4745
f 4497/4497/4497 4649/4649/4649 4692/4692/4692
f 4691/4691/4691 4745/4745/4745 4497/4497/4497
f 4137/4137/4137 4499/4499/4499 4360/4360/4360
f 4715/4715/4715 4658/4658/4658 4721/4721/4721
f 4658/4658/4658 4719/4719/4719 4695/4695/4695
f 4696/4696/4696 4748/4748/4748 4694/4694/4694
f 4608/4608/4608 4749/4749/4749 4697/4697/4697
f 4407/4407/4407 4624/4624/4624 4671/4671/4671
f 4723/4723/4723 4671/4671/4671 4624/4624/4624
f 4752/4752/4752 4754/4754/4754 4583/4583/4583
f 4582/4582/4582 4753/4753/4753 4670/4670/4670
f 4725/4725/4725 4628/4628/4628 4756/4756/4756
f 4673/4673/4673 4757/4757/4757 4629/4629/4629
f 4556/4556/4556 4726/4726/4726 4698/4698/4698
f 4673/4673/4673 4758/4758/4758 4757/4757/4757
f 4675/4675/4675 4700/4700/4700 4759/4759/4759
f 4702/4702/4702 4760/4760/4760 4672/4672/4672
f 4730/4730/4730 4762/4762/4762 4702/4702/4702
f 4702/4702/4702 4762/4762/4762 4760/4760/4760
f 4730/4730/4730 4728/4728/4728 4764/4764/4764
f 4735/4735/4735 4730/4730/4730 4764/4764/4764
f 4731/4731/4731 4734/4734/4734 4768/4768/4768
f 4586/4586/4586 4676/4676/4676 4769/4769/4769
f 4739/4739/4739 4744/4744/4744 4634/4634/4634
f 4732/4732/4732 4680/4680/4680 4772/4772/4772
f 4680/4680/4680 4732/4732/4732 4740/4740/4740
f 4738/4738/4738 4532/4532/4532 4537/4537/4537
f 4706/4706/4706 4704/4704/4704 4741/4741/4741
f 4680/4680/4680 4743/4743/4743 4681/4681/4681
f 4680/4680/4680 4707/4707/4707 4743/4743/4743
f 4706/4706/4706 4774/4774/4774 4683/4683/4683
f 4682/4682/4682 4775/4775/4775 4708/4708/4708
f 4572/4572/4572 4646/4646/4646 4778/4778/4778
f 4710/4710/4710 4599/4599/4599 4709/4709/4709
f 4691/4691/4691 4780/4780/4780 4745/4745/4745
f 4689/4689/4689 4780/4780/4780 4691/4691/4691
f 4713/4713/4713 4783/4783/4783 4689/4689/4689
f 4689/4689/4689 4783/4783/4783 4785/4785/4785
f 4716/4716/4716 4689/4689/4689 4785/4785/4785
f 4717/4717/4717 4722/4722/4722 4786/4786/4786
f 4657/4657/4657 4788/4788/4788 4722/4722/4722
f 4696/4696/4696 4789/4789/4789 4791/4791/4791
f 4580/4580/4580 4792/4792/4792 4404/4404/4404
f 4655/4655/4655 4788/4788/4788 4657/4657/4657
f 4696/4696/4696 4791/4791/4791 4748/4748/4748
f 4608/4608/4608 4693/4693/4693 4749/4749/4749
f 4659/4659/4659 4407/4407/4407 4671/4671/4671
f 4659/4659/4659 4671/4671/4671 4752/4752/4752
f 4666/4666/4666 4661/4661/4661 4668/4668/4668
f 4671/4671/4671 4754/4754/4754 4752/4752/4752
f 4725/4725/4725 4756/4756/4756 4727/4727/4727
f 4700/4700/4700 4793/4793/4793 4759/4759/4759
f 4729/4729/4729 4675/4675/4675 4759/4759/4759
f 4732/4732/4732 4772/4772/4772 4733/4733/4733
f 4588/4588/4588 4770/4770/4770 4641/4641/4641
f 4735/4735/4735 4740/4740/4740 4732/4732/4732
f 4678/4678/4678 4795/4795/4795 4635/4635/4635
f 4680/4680/4680 4639/4639/4639 4772/4772/4772
f 4634/4634/4634 4800/4800/4800 4679/4679/4679
f 4739/4739/4739 4538/4538/4538 4744/4744/4744
f 4634/4634/4634 4744/4744/4744 4800/4800/4800
f 4706/4706/4706 4801/4801/4801 4774/4774/4774
f 4774/4774/4774 4801/4801/4801 4683/4683/4683
f 4683/4683/4683 4801/4801/4801 4776/4776/4776
f 4572/4572/4572 4778/4778/4778 4744/4744/4744
f 4644/4644/4644 4566/4566/4566 4777/4777/4777
f 4618/4618/4618 4647/4647/4647 4685/4685/4685
f 4710/4710/4710 4802/4802/4802 4621/4621/4621
f 4597/4597/4597 4712/4712/4712 4686/4686/4686
f 4620/4620/4620 4803/4803/4803 4650/4650/4650
f 4714/4714/4714 4804/4804/4804 4784/4784/4784
f 4717/4717/4717 4786/4786/4786 4690/4690/4690
f 4722/4722/4722 4788/4788/4788 4786/4786/4786
f 4363/4363/4363 4361/4361/4361 4500/4500/4500
f 4720/4720/4720 4805/4805/4805 4696/4696/4696
f 4696/4696/4696 4805/4805/4805 4789/4789/4789
f 4694/4694/4694 4748/4748/4748 4751/4751/4751
f 4607/4607/4607 4623/4623/4623 4655/4655/4655
f 4583/4583/4583 4806/4806/4806 4752/4752/4752
f 4583/4583/4583 4669/4669/4669 4806/4806/4806
f 4627/4627/4627 4552/4552/4552 4629/4629/4629
f 4758/4758/4758 4629/4629/4629 4757/4757/4757
f 4701/4701/4701 4727/4727/4727 4808/4808/4808
f 4701/4701/4701 4808/4808/4808 4794/4794/4794
f 4673/4673/4673 4761/4761/4761 4758/4758/4758
f 4729/4729/4729 4759/4759/4759 4766/4766/4766
f 4763/4763/4763 4768/4768/4768 4761/4761/4761
f 4731/4731/4731 4768/4768/4768 4763/4763/4763
f 4768/4768/4768 4734/4734/4734 4773/4773/4773
f 4591/4591/4591 4635/4635/4635 4795/4795/4795
f 4773/4773/4773 4640/4640/4640 4809/4809/4809
f 4679/4679/4679 4800/4800/4800 4797/4797/4797
f 4706/4706/4706 4741/4741/4741 4811/4811/4811
f 4706/4706/4706 4811/4811/4811 4801/4801/4801
f 4644/4644/4644 4777/4777/4777 4645/4645/4645
f 4644/4644/4644 4777/4777/4777 4645/4645/4645
f 4710/4710/4710 4709/4709/4709 4802/4802/4802
f 4686/4686/4686 4815/4815/4815 4647/4647/4647
f 4686/4686/4686 4712/4712/4712 4815/4815/4815
f 4692/4692/4692 4649/4649/4649 4713/4713/4713
f 4690/4690/4690 4816/4816/4816 4782/4782/4782
f 4690/4690/4690 4786/4786/4786 4816/4816/4816
f 4785/4785/4785 4783/4783/4783 4716/4716/4716
f 4364/4364/4364 4501/4501/4501 4472/4472/4472
f 4789/4789/4789 4819/4819/4819 4791/4791/4791
f 4790/4790/4790 4750/4750/4750 4747/4747/4747
f 4600/4600/4600 4542/4542/4542 4403/4403/4403
f 4697/4697/4697 4820/4820/4820 4622/4622/4622
f 4752/4752/4752 4806/4806/4806 4659/4659/4659
f 4627/4627/4627 4629/4629/4629 4755/4755/4755
f 4727/4727/4727 4756/4756/4756 4808/4808/4808
f 4758/4758/4758 4761/4761/4761 4629/4629/4629
f 4759/4759/4759 4821/4821/4821 4766/4766/4766
f 4594/4594/4594 4823/4823/4823 4677/4677/4677
f 4593/4593/4593 4798/4798/4798 4824/4824/4824
f 4744/4744/4744 4778/4778/4778 4800/4800/4800
f 4777/4777/4777 4566/4566/4566 4826/4826/4826
f 4684/4684/4684 4827/4827/4827 4567/4567/4567
f 4684/4684/4684 4828/4828/4828 4827/4827/4827
f 4685/4685/4685 4830/4830/4830 4829/4829/4829
f 4621/4621/4621 4802/4802/4802 4832/4832/4832
f 4620/4620/4620 4831/4831/4831 4803/4803/4803
f 4651/4651/4651 4832/4832/4832 4714/4714/4714
f 4718/4718/4718 4784/4784/4784 4720/4720/4720
f 4805/4805/4805 4819/4819/4819 4789/4789/4789
f 4790/4790/4790 4818/4818/4818 4750/4750/4750
f 4697/4697/4697 4749/4749/4749 4820/4820/4820
f 4655/4655/4655 4623/4623/4623 4835/4835/4835
f 4669/4669/4669 4662/4662/4662 4806/4806/4806
f 4808/4808/4808 4756/4756/4756 4837/4837/4837
f 4794/4794/4794 4808/4808/4808 4839/4839/4839
f 4759/4759/4759 4793/4793/4793 4838/4838/4838
f 4759/4759/4759 4838/4838/4838 4821/4821/4821
f 4821/4821/4821 4838/4838/4838 4840/4840/4840
f 4736/4736/4736 4765/4765/4765 4842/4842/4842
f 4773/4773/4773 4809/4809/4809 4768/4768/4768
f 4677/4677/4677 4823/4823/4823 4771/4771/4771
f 4771/4771/4771 4823/4823/4823 4845/4845/4845
f 4770/4770/4770 4844/4844/4844 4641/4641/4641
f 4592/4592/4592 4846/4846/4846 4822/4822/4822
f 4741/4741/4741 4848/4848/4848 4811/4811/4811
f 4799/4799/4799 4850/4850/4850 4796/4796/4796
f 4797/4797/4797 4851/4851/4851 4800/4800/4800
f 4801/4801/4801 4852/4852/4852 4776/4776/4776
f 4800/4800/4800 4778/4778/4778 4854/4854/4854
f 4685/4685/4685 4855/4855/4855 4830/4830/4830
f 4647/4647/4647 4855/4855/4855 4685/4685/4685
f 4647/4647/4647 4857/4857/4857 4855/4855/4855
f 4709/4709/4709 4859/4859/4859 4802/4802/4802
f 4647/4647/4647 4815/4815/4815 4857/4857/4857
f 4712/4712/4712 4495/4495/4495 4815/4815/4815
f 4493/4493/4493 4745/4745/4745 4813/4813/4813
f 4720/4720/4720 4784/4784/4784 4863/4863/4863
f 4720/4720/4720 4864/4864/4864 4805/4805/4805
f 4655/4655/4655 4865/4865/4865 4788/4788/4788
f 4580/4580/4580 4579/4579/4579 4792/4792/4792
f 4820/4820/4820 4749/4749/4749 4834/4834/4834
f 4652/4652/4652 4246/4246/4246 4600/4600/4600
f 4622/4622/4622 4820/4820/4820 4834/4834/4834
f 4663/4663/4663 4660/4660/4660 4807/4807/4807
f 4808/4808/4808 4837/4837/4837 4839/4839/4839
f 4742/4742/4742 4737/4737/4737 4869/4869/4869
f 4845/4845/4845 4810/4810/4810 4642/4642/4642
f 4594/4594/4594 4825/4825/4825 4847/4847/4847
f 4800/4800/4800 4854/4854/4854 4797/4797/4797
f 4778/4778/4778 4797/4797/4797 4854/4854/4854
f 4779/4779/4779 4827/4827/4827 4798/4798/4798
f 4720/4720/4720 4863/4863/4863 4864/4864/4864
f 4576/4576/4576 4871/4871/4871 4502/4502/4502
f 4805/4805/4805 4864/4864/4864 4819/4819/4819
f 4788/4788/4788 4865/4865/4865 4786/4786/4786
f 4501/4501/4501 4872/4872/4872 4472/4472/4472
f 4655/4655/4655 4835/4835/4835 4865/4865/4865
f 4750/4750/4750 4874/4874/4874 4836/4836/4836
f 4629/4629/4629 4875/4875/4875 4755/4755/4755
f 4629/4629/4629 4761/4761/4761 4875/4875/4875
f 4837/4837/4837 4877/4877/4877 4839/4839/4839
f 4841/4841/4841 4839/4839/4839 4877/4877/4877
f 4761/4761/4761 4768/4768/4768 4875/4875/4875
f 4821/4821/4821 4878/4878/4878 4766/4766/4766
f 4736/4736/4736 4842/4842/4842 4880/4880/4880
f 4736/4736/4736 4880/4880/4880 4868/4868/4868
f 4798/4798/4798 4882/4882/4882 4824/4824/4824
f 4709/4709/4709 4884/4884/4884 4859/4859/4859
f 4815/4815/4815 4886/4886/4886 4857/4857/4857
f 4746/4746/4746 4888/4888/4888 4814/4814/4814
f 4832/4832/4832 4651/4651/4651 4891/4891/4891
f 4471/4471/4471 4871/4871/4871 4576/4576/4576
f 4472/4472/4472 4893/4893/4893 4577/4577/4577
f 4404/4404/4404 4792/4792/4792 4601/4601/4601
f 4837/4837/4837 4756/4756/4756 4896/4896/4896
f 4742/4742/4742 4869/4869/4869 4849/4849/4849
f 4827/4827/4827 4882/4882/4882 4798/4798/4798
f 4828/4828/4828 4897/4897/4897 4827/4827/4827
f 4709/4709/4709 4776/4776/4776 4884/4884/4884
f 4776/4776/4776 4852/4852/4852 4884/4884/4884
f 4829/4829/4829 4830/4830/4830 4898/4898/4898
f 4858/4858/4858 4847/4847/4847 4856/4856/4856
f 4858/4858/4858 4887/4887/4887 4847/4847/4847
f 4714/4714/4714 4832/4832/4832 4804/4804/4804
f 4471/4471/4471 4902/4902/4902 4871/4871/4871
f 4472/4472/4472 4872/4872/4872 4893/4893/4893
f 4750/4750/4750 4866/4866/4866 4874/4874/4874
f 4755/4755/4755 4875/4875/4875 4895/4895/4895
f 4837/4837/4837 4896/4896/4896 4903/4903/4903
f 4896/4896/4896 4876/4876/4876 4903/4903/4903
f 4837/4837/4837 4903/4903/4903 4877/4877/4877
f 4877/4877/4877 4879/4879/4879 4841/4841/4841
f 4821/4821/4821 4840/4840/4840 4878/4878/4878
f 4801/4801/4801 4811/4811/4811 4852/4852/4852
f 4882/4882/4882 4827/4827/4827 4897/4897/4897
f 4802/4802/4802 4859/4859/4859 4905/4905/4905
f 4650/4650/4650 4803/4803/4803 4890/4890/4890
f 4833/4833/4833 4892/4892/4892 4908/4908/4908
f 4746/4746/4746 4781/4781/4781 4909/4909/4909
f 4782/4782/4782 4816/4816/4816 4910/4910/4910
f 4784/4784/4784 4804/4804/4804 4914/4914/4914
f 4784/4784/4784 4914/4914/4914 4863/4863/4863
f 4786/4786/4786 4915/4915/4915 4816/4816/4816
f 4819/4819/4819 4864/4864/4864 4863/4863/4863
f 4750/4750/4750 4818/4818/4818 4916/4916/4916
f 4750/4750/4750 4916/4916/4916 4866/4866/4866
f 4874/4874/4874 4866/4866/4866 4836/4836/4836
f 4903/4903/4903 4876/4876/4876 4877/4877/4877
f 4879/4879/4879 4877/4877/4877 4919/4919/4919
f 4879/4879/4879 4919/4919/4919 4767/4767/4767
f 4765/4765/4765 4918/4918/4918 4842/4842/4842
f 4869/4869/4869 4881/4881/4881 4921/4921/4921
f 4823/4823/4823 4847/4847/4847 4845/4845/4845
f 4899/4899/4899 4825/4825/4825 4883/4883/4883
f 4830/4830/4830 4855/4855/4855 4898/4898/4898
f 4861/4861/4861 4885/4885/4885 4922/4922/4922
f 4803/4803/4803 4831/4831/4831 4907/4907/4907
f 4832/4832/4832 4889/4889/4889 4912/4912/4912
f 4746/4746/4746 4909/4909/4909 4888/4888/4888
f 4817/4817/4817 4916/4916/4916 4923/4923/4923
f 4862/4862/4862 4916/4916/4916 4818/4818/4818
f 4870/4870/4870 4872/4872/4872 4501/4501/4501
f 4870/4870/4870 4900/4900/4900 4872/4872/4872
f 4786/4786/4786 4865/4865/4865 4924/4924/4924
f 4653/4653/4653 4902/4902/4902 4471/4471/4471
f 4877/4877/4877 4876/4876/4876 4919/4919/4919
f 4810/4810/4810 4845/4845/4845 4927/4927/4927
f 4845/4845/4845 4847/4847/4847 4927/4927/4927
f 4825/4825/4825 4856/4856/4856 4847/4847/4847
f 4825/4825/4825 4899/4899/4899 4856/4856/4856
f 4815/4815/4815 4929/4929/4929 4886/4886/4886
f 4905/4905/4905 4931/4931/4931 4802/4802/4802
f 4814/4814/4814 4888/4888/4888 4928/4928/4928
f 4802/4802/4802 4931/4931/4931 4832/4832/4832
f 4832/4832/4832 4931/4931/4931 4933/4933/4933
f 4932/4932/4932 4930/4930/4930 4928/4928/4928
f 4923/4923/4923 4916/4916/4916 4934/4934/4934
f 4862/4862/4862 4913/4913/4913 4934/4934/4934
f 4862/4862/4862 4934/4934/4934 4916/4916/4916
f 4867/4867/4867 4787/4787/4787 4925/4925/4925
f 4875/4875/4875 4768/4768/4768 4917/4917/4917
f 4917/4917/4917 4768/4768/4768 4935/4935/4935
f 4920/4920/4920 4936/4936/4936 4843/4843/4843
f 4809/4809/4809 4935/4935/4935 4768/4768/4768
f 4921/4921/4921 4881/4881/4881 4936/4936/4936
f 4921/4921/4921 4936/4936/4936 4869/4869/4869
f 4849/4849/4849 4869/4869/4869 4937/4937/4937
f 4853/4853/4853 4812/4812/4812 4939/4939/4939
f 4930/4930/4930 4904/4904/4904 4928/4928/4928
f 4888/4888/4888 4932/4932/4932 4928/4928/4928
f 4832/4832/4832 4933/4933/4933 4889/4889/4889
f 4804/4804/4804 4832/4832/4832 4912/4912/4912
f 4913/4913/4913 4923/4923/4923 4934/4934/4934
f 4786/4786/4786 4865/4865/4865 4915/4915/4915
f 4843/4843/4843 4936/4936/4936 4881/4881/4881
f 4936/4936/4936 4940/4940/4940 4869/4869/4869
f 4810/4810/4810 4940/4940/4940 4936/4936/4936
f 4810/4810/4810 4927/4927/4927 4940/4940/4940
f 4812/4812/4812 4849/4849/4849 4937/4937/4937
f 4847/4847/4847 4939/4939/4939 4927/4927/4927
f 4890/4890/4890 4803/4803/4803 4941/4941/4941
f 4804/4804/4804 4912/4912/4912 4914/4914/4914
f 4817/4817/4817 4923/4923/4923 4911/4911/4911
f 4940/4940/4940 4927/4927/4927 4937/4937/4937
f 4940/4940/4940 4937/4937/4937 4869/4869/4869
f 4847/4847/4847 4887/4887/4887 4939/4939/4939
f 4886/4886/4886 4929/4929/4929 4942/4942/4942
f 4906/4906/4906 4860/4860/4860 4929/4929/4929
f 4911/4911/4911 4923/4923/4923 4913/4913/4913
f 4893/4893/4893 4872/4872/4872 4944/4944/4944
f 4601/4601/4601 4792/4792/4792 4947/4947/4947
f 4812/4812/4812 4937/4937/4937 4939/4939/4939
f 4926/4926/4926 4938/4938/4938 4948/4948/4948
f 4929/4929/4929 4860/4860/4860 4942/4942/4942
f 4803/4803/4803 4907/4907/4907 4941/4941/4941
f 4579/4579/4579 4947/4947/4947 4792/4792/4792
f 4927/4927/4927 4949/4949/4949 4937/4937/4937
f 4885/4885/4885 4853/4853/4853 4939/4939/4939
f 4894/4894/4894 4945/4945/4945 4578/4578/4578
f 4579/4579/4579 4946/4946/4946 4947/4947/4947
f 4885/4885/4885 4939/4939/4939 4922/4922/4922
f 4861/4861/4861 4922/4922/4922 4943/4943/4943
f 4873/4873/4873 4901/4901/4901 4946/4946/4946
f 4887/4887/4887 4922/4922/4922 4939/4939/4939
f 4887/4887/4887 4943/4943/4943 4922/4922/4922
f 4890/4890/4890 4941/4941/4941 4950/4950/4950
f 4941/4941/4941 4954/4954/4954 4950/4950/4950
f 4892/4892/4892 4959/4959/4959 4908/4908/4908
f 4892/4892/4892 4951/4951/4951 4959/4959/4959
f 4962/4962/4962 4960/4960/4960 4952/4952/4952
f 4949/4949/4949 4939/4939/4939 4937/4937/4937
f 4966/4966/4966 4968/4968/4968 4953/4953/4953
f 4966/4966/4966 4953/4953/4953 4956/4956/4956
f 4902/4902/4902 4653/4653/4653 4971/4971/4971
f 4600/4600/4600 4970/4970/4970 4652/4652/4652
f 4941/4941/4941 4907/4907/4907 4958/4958/4958
f 4964/4964/4964 4973/4973/4973 4961/4961/4961
f 4941/4941/4941 4958/4958/4958 4954/4954/4954
f 4953/4953/4953 4972/4972/4972 4963/4963/4963
f 4965/4965/4965 4955/4955/4955 4974/4974/4974
f 4967/4967/4967 4975/4975/4975 4969/4969/4969
f 4957/4957/4957 4961/4961/4961 4975/4975/4975
f 4953/4953/4953 4976/4976/4976 4972/4972/4972
f 4961/4961/4961 4973/4973/4973 4977/4977/4977
f 4946/4946/4946 4901/4901/4901 4979/4979/4979
f 4947/4947/4947 4946/4946/4946 4979/4979/4979
f 4953/4953/4953 4968/4968/4968 4981/4981/4981
f 4953/4953/4953 4981/4981/4981 4976/4976/4976
f 4972/4972/4972 4976/4976/4976 4983/4983/4983
f 4977/4977/4977 4975/4975/4975 4961/4961/4961
f 4973/4973/4973 4984/4984/4984 4977/4977/4977
f 4902/4902/4902 4971/4971/4971 4980/4980/4980
f 4601/4601/4601 4947/4947/4947 4979/4979/4979
f 4600/4600/4600 4978/4978/4978 4970/4970/4970
f 4969/4969/4969 4975/4975/4975 4982/4982/4982
f 4976/4976/4976 4981/4981/4981 4985/4985/4985
f 4977/4977/4977 4984/4984/4984 4975/4975/4975
f 4975/4975/4975 4986/4986/4986 4982/4982/4982
f 4984/4984/4984 4986/4986/4986 4975/4975/4975
f 4976/4976/4976 4985/4985/4985 4983/4983/4983
