# goblin-berserker - Tower Lords enemy model. MIT licence, (c) 2026 Imyala. Y up, faces +Z, feet at y=-0.95.
mtllib goblin-berserker_5k.mtl
o goblin-berserker
v -0.77804 0.51275 0.50503
v -0.77804 0.51275 0.50503
v -0.77257 0.33377 0.44765
v -0.77712 0.30784 0.48474
v -0.77712 0.30784 0.48474
v -0.77536 0.33970 0.50644
v -0.77536 0.33970 0.50644
v -0.77766 0.40469 0.45864
v -0.76255 0.58833 0.43495
v -0.76255 0.58833 0.43495
v -0.76234 0.26937 0.42722
v -0.75307 0.22783 0.47128
v -0.75307 0.22783 0.47128
v -0.72450 0.52376 0.49019
v -0.72450 0.52376 0.49019
v -0.74919 0.49111 0.41572
v -0.76772 0.51922 0.51182
v -0.76772 0.51922 0.51182
v -0.75968 0.55595 0.50678
v -0.75968 0.55595 0.50678
v -0.76823 0.58637 0.50740
v -0.76823 0.58637 0.50740
v -0.76823 0.58637 0.50740
v -0.75561 0.62423 0.49504
v -0.75561 0.62423 0.49504
v -0.75561 0.62423 0.49504
v -0.74176 0.36504 0.39734
v -0.74656 0.15384 0.41873
v -0.74656 0.15384 0.41873
v -0.74656 0.15384 0.41873
v -0.74841 0.20173 0.42100
v -0.74384 0.22669 0.38052
v -0.74384 0.22669 0.38052
v -0.72564 0.39564 0.48910
v -0.72564 0.39564 0.48910
v -0.72776 0.58341 0.43112
v -0.74058 0.58230 0.40868
v -0.74058 0.58230 0.40868
v -0.71467 0.32885 0.34995
v -0.71467 0.32885 0.34995
v -0.71284 0.07704 0.38716
v -0.71284 0.07704 0.38716
v -0.71284 0.07704 0.38716
v -0.70534 0.25043 0.44795
v -0.70534 0.25043 0.44795
v -0.71924 0.11232 0.41630
v -0.71924 0.11232 0.41630
v -0.71739 0.47794 0.48507
v -0.68988 0.57876 0.43081
v -0.68988 0.57876 0.43081
v -0.67836 0.18864 0.39058
v -0.67836 0.18864 0.39058
v -0.70157 0.59295 0.32781
v -0.70157 0.59295 0.32781
v -0.70157 0.59295 0.32781
v -0.68861 0.24631 0.39425
v -0.68861 0.24631 0.39425
v -0.69660 0.37499 0.31045
v -0.69660 0.37499 0.31045
v -0.71496 0.08562 0.13647
v -0.71496 0.08562 0.13647
v -0.68962 0.02100 0.08870
v -0.68134 0.02709 0.15374
v -0.68134 0.02709 0.15374
v -0.68467 0.34744 0.40771
v -0.68398 0.37264 0.40632
v -0.70043 0.42905 0.32019
v -0.67832 0.39249 0.27494
v -0.67832 0.39249 0.27494
v -0.70959 0.00988 0.15884
v -0.70959 0.00988 0.15884
v -0.68237 0.10028 0.16368
v -0.68237 0.10028 0.16368
v -0.68237 0.10028 0.16368
v -0.67327 0.46498 0.22922
v -0.68990 0.43092 0.28236
v -0.68326 0.58977 0.25398
v -0.66937 0.51961 0.22751
v -0.66937 0.51961 0.22751
v -0.68417 0.62101 0.28561
v -0.68913 -0.07345 0.14312
v -0.68913 -0.07345 0.14312
v -0.66668 -0.07960 0.00844
v -0.66668 -0.07960 0.00844
v -0.63511 0.39420 0.31327
v -0.63511 0.39420 0.31327
v -0.63511 0.39420 0.31327
v -0.63511 0.39420 0.31327
v -0.63511 0.39420 0.31327
v -0.67589 0.39840 0.24051
v -0.69002 0.43330 0.26159
v -0.68142 0.43134 0.23586
v -0.65869 0.64246 0.23067
v -0.65869 0.64246 0.23067
v -0.65869 0.64246 0.23067
v -0.65869 0.64246 0.23067
v -0.68698 0.63765 0.31118
v -0.70912 0.67250 0.31498
v -0.70912 0.67250 0.31498
v -0.68909 -0.09942 0.14204
v -0.68909 -0.09942 0.14204
v -0.68909 -0.09942 0.14204
v -0.61475 0.01527 0.20844
v -0.65742 -0.02872 -0.00114
v -0.65742 -0.02872 -0.00114
v -0.67801 0.36969 0.26324
v -0.67801 0.36969 0.26324
v -0.68664 0.32078 0.23852
v -0.68664 0.32078 0.23852
v -0.65666 0.33239 0.27524
v -0.69003 0.33696 0.21473
v -0.69003 0.33696 0.21473
v -0.69003 0.33696 0.21473
v -0.66276 0.34555 0.19576
v -0.66276 0.34555 0.19576
v -0.68021 0.38816 0.40073
v -0.67178 0.43758 0.22949
v -0.64912 0.58534 0.34771
v -0.64912 0.58534 0.34771
v -0.64912 0.58534 0.34771
v -0.63462 0.61485 0.34126
v -0.63462 0.61485 0.34126
v -0.65642 0.67858 0.28831
v -0.65642 0.67858 0.28831
v -0.65642 0.67858 0.28831
v -0.63397 -0.13805 0.05235
v -0.63397 -0.13805 0.05235
v -0.63770 -0.14446 0.14088
v -0.63770 -0.14446 0.14088
v -0.67102 -0.08665 0.03888
v -0.65046 -0.11303 0.02923
v -0.65046 -0.11303 0.02923
v -0.65145 0.06984 0.21788
v -0.65145 0.06984 0.21788
v -0.64029 0.11239 0.14171
v -0.64029 0.11239 0.14171
v -0.64029 0.11239 0.14171
v -0.64029 0.11239 0.14171
v -0.65616 0.36110 0.17517
v -0.65616 0.36110 0.17517
v -0.63616 0.36172 0.28023
v -0.63616 0.36172 0.28023
v -0.63616 0.36172 0.28023
v -0.63616 0.36172 0.28023
v -0.66294 0.36066 0.25055
v -0.66294 0.36066 0.25055
v -0.66294 0.36066 0.25055
v -0.66294 0.36066 0.25055
v -0.66045 0.38378 0.19855
v -0.65483 0.39040 0.21406
v -0.65483 0.39040 0.21406
v -0.65918 0.47289 0.21498
v -0.65918 0.47289 0.21498
v -0.63159 -0.14704 0.00397
v -0.67339 -0.04246 -0.02196
v -0.64583 -0.12594 -0.02908
v -0.64142 -0.04627 -0.06755
v -0.64142 -0.04627 -0.06755
v -0.64142 -0.04627 -0.06755
v -0.65380 0.27305 0.21166
v -0.65380 0.27305 0.21166
v -0.63029 0.27319 0.22725
v -0.63029 0.27319 0.22725
v -0.66001 0.30381 0.23949
v -0.66001 0.30381 0.23949
v -0.66664 0.27773 0.20549
v -0.64060 0.33081 0.16505
v -0.64060 0.33081 0.16505
v -0.64060 0.33081 0.16505
v -0.64381 0.30830 0.25460
v -0.64381 0.30830 0.25460
v -0.65397 0.40705 0.16484
v -0.65397 0.40705 0.16484
v -0.65397 0.40705 0.16484
v -0.64279 0.40457 0.19964
v -0.64279 0.40457 0.19964
v -0.64279 0.40457 0.19964
v -0.64279 0.40457 0.19964
v -0.64279 0.40457 0.19964
v -0.65227 0.53790 0.23070
v -0.65227 0.53790 0.23070
v -0.65227 0.53790 0.23070
v -0.64976 0.65470 0.34362
v -0.64976 0.65470 0.34362
v -0.62061 0.64358 0.28351
v -0.62061 0.64358 0.28351
v -0.64640 0.00968 -0.02982
v -0.64640 0.00968 -0.02982
v -0.65779 -0.02109 -0.02998
v -0.65779 -0.02109 -0.02998
v -0.65779 -0.02109 -0.02998
v -0.60125 0.03136 -0.02151
v -0.60125 0.03136 -0.02151
v -0.60125 0.03136 -0.02151
v -0.63002 0.05358 0.01402
v -0.63753 0.25892 0.24055
v -0.63753 0.25892 0.24055
v -0.64244 0.24586 0.22985
v -0.64244 0.24586 0.22985
v -0.62704 0.38228 0.29678
v -0.62704 0.38228 0.29678
v -0.62704 0.38228 0.29678
v -0.64390 0.38795 0.28734
v -0.63329 0.51069 0.33589
v -0.63329 0.51069 0.33589
v -0.64016 -0.07127 -0.07156
v -0.64016 -0.07127 -0.07156
v -0.64024 -0.07110 -0.09652
v -0.64024 -0.07110 -0.09652
v -0.64323 -0.09542 -0.10598
v -0.64045 0.18844 0.15736
v -0.63108 0.29459 0.15000
v -0.63108 0.29459 0.15000
v -0.64985 0.32155 0.14866
v -0.64985 0.32155 0.14866
v -0.64871 0.30413 0.14646
v -0.64871 0.30413 0.14646
v -0.60352 0.31428 0.15169
v -0.62403 0.33144 0.17161
v -0.62403 0.33144 0.17161
v -0.61469 0.39883 0.17218
v -0.61469 0.39883 0.17218
v -0.64482 0.65611 0.21099
v -0.62088 -0.14792 -0.07687
v -0.60457 -0.07060 0.18424
v -0.60457 -0.07060 0.18424
v -0.56897 0.04293 -0.00496
v -0.55754 0.12151 0.05594
v -0.55754 0.12151 0.05594
v -0.61327 0.10180 0.11165
v -0.61327 0.10180 0.11165
v -0.61327 0.10180 0.11165
v -0.61327 0.10180 0.11165
v -0.61068 0.21663 0.20859
v -0.61068 0.21663 0.20859
v -0.63184 0.43278 0.31098
v -0.63184 0.43278 0.31098
v -0.63184 0.43278 0.31098
v -0.62509 0.52448 0.34986
v -0.62509 0.52448 0.34986
v -0.62509 0.52448 0.34986
v -0.63909 0.44938 0.19623
v -0.63909 0.44938 0.19623
v -0.60552 0.63584 0.27015
v -0.60552 0.63584 0.27015
v -0.62763 0.67776 0.18414
v -0.62979 -0.16929 -0.00886
v -0.62979 -0.16929 -0.00886
v -0.62067 -0.16078 -0.05023
v -0.60582 -0.18572 -0.07137
v -0.60582 -0.18572 -0.07137
v -0.62330 -0.15006 0.08195
v -0.62330 -0.15006 0.08195
v -0.61304 -0.13130 0.11044
v -0.61304 -0.13130 0.11044
v -0.61304 -0.13130 0.11044
v -0.64088 -0.09606 -0.11220
v -0.64088 -0.09606 -0.11220
v -0.62234 -0.07418 -0.11025
v -0.62234 -0.07418 -0.11025
v -0.62234 -0.07418 -0.11025
v -0.58627 -0.04163 0.21717
v -0.61743 -0.00163 -0.07494
v -0.61743 -0.00163 -0.07494
v -0.60227 0.18922 0.13374
v -0.60227 0.18922 0.13374
v -0.60287 0.27254 0.26417
v -0.60287 0.27254 0.26417
v -0.60341 0.32560 0.14854
v -0.61897 0.51987 0.17836
v -0.61897 0.51987 0.17836
v -0.61897 0.51987 0.17836
v -0.61942 0.57367 0.33018
v -0.60902 -0.19380 -0.09816
v -0.60787 -0.15473 0.04338
v -0.60787 -0.15473 0.04338
v -0.60787 -0.15473 0.04338
v -0.60787 -0.15473 0.04338
v -0.60787 -0.15473 0.04338
v -0.60946 -0.14311 -0.16230
v -0.60946 -0.14311 -0.16230
v -0.61446 -0.06303 -0.11880
v -0.59475 -0.07157 0.19939
v -0.58967 -0.01657 -0.08240
v -0.58967 -0.01657 -0.08240
v -0.56640 0.02125 0.19907
v -0.56640 0.02125 0.19907
v -0.59164 0.25855 0.14229
v -0.59164 0.25855 0.14229
v -0.59164 0.25855 0.14229
v -0.59164 0.25855 0.14229
v -0.59634 0.33377 0.25925
v -0.59216 0.43327 0.22426
v -0.59216 0.43327 0.22426
v -0.60118 0.53747 0.16106
v -0.60118 0.53747 0.16106
v -0.60319 0.58425 0.28922
v -0.61840 -0.29003 0.03241
v -0.61840 -0.29003 0.03241
v -0.58077 -0.25799 0.10264
v -0.58077 -0.25799 0.10264
v -0.59190 -0.22425 -0.13141
v -0.59190 -0.22425 -0.13141
v -0.59190 -0.22425 -0.13141
v -0.59190 -0.22425 -0.13141
v -0.61074 -0.11789 -0.16039
v -0.61074 -0.11789 -0.16039
v -0.61074 -0.11789 -0.16039
v -0.60686 -0.08572 -0.13016
v -0.60686 -0.08572 -0.13016
v -0.59844 -0.04920 0.18851
v -0.59844 -0.04920 0.18851
v -0.58431 0.09899 0.18513
v -0.58431 0.09899 0.18513
v -0.58688 0.24672 0.22378
v -0.58688 0.24672 0.22378
v -0.56108 0.33125 0.16518
v -0.56108 0.33125 0.16518
v -0.58564 0.41667 0.25927
v -0.58293 0.40148 0.21052
v -0.58599 0.48995 0.25963
v -0.58599 0.48995 0.25963
v -0.61851 -0.35886 0.04459
v -0.61851 -0.35886 0.04459
v -0.57167 -0.30426 0.08998
v -0.57167 -0.30426 0.08998
v -0.60438 -0.34637 -0.00247
v -0.56940 -0.27500 0.01668
v -0.58021 -0.21149 -0.05441
v -0.58021 -0.21149 -0.05441
v -0.58054 -0.19102 -0.02439
v -0.57990 -0.10791 -0.19409
v -0.57990 -0.10791 -0.19409
v -0.59104 -0.16135 0.03940
v -0.59104 -0.16135 0.03940
v -0.57587 -0.04557 -0.15132
v -0.57587 -0.04557 -0.15132
v -0.58181 -0.06161 -0.13511
v -0.58816 -0.04124 -0.11092
v -0.58816 -0.04124 -0.11092
v -0.59340 0.00458 -0.04973
v -0.58304 0.07923 0.21503
v -0.58304 0.07923 0.21503
v -0.57148 0.10819 0.12179
v -0.57148 0.10819 0.12179
v -0.57148 0.10819 0.12179
v -0.60240 0.31493 0.24996
v -0.60240 0.31493 0.24996
v -0.60240 0.31493 0.24996
v -0.58966 0.44270 0.29180
v -0.58966 0.44270 0.29180
v -0.60142 0.51593 0.18382
v -0.58684 0.47770 0.22367
v -0.59645 0.53913 0.13581
v -0.59645 0.53913 0.13581
v -0.55602 0.71324 0.17769
v -0.55602 0.71324 0.17769
v -0.57607 -0.33995 0.10050
v -0.57607 -0.33995 0.10050
v -0.58179 -0.24369 0.02348
v -0.60673 -0.11381 -0.18256
v -0.60673 -0.11381 -0.18256
v -0.60673 -0.11381 -0.18256
v -0.57352 -0.14155 0.11817
v -0.57352 -0.14155 0.11817
v -0.57352 -0.14155 0.11817
v -0.55949 0.02596 -0.01062
v -0.57308 0.28594 0.16451
v -0.57308 0.28594 0.16451
v -0.57308 0.28594 0.16451
v -0.57253 0.36033 0.25162
v -0.57253 0.36033 0.25162
v -0.57508 0.36190 0.23129
v -0.56751 0.52982 0.19065
v -0.56751 0.52982 0.19065
v -0.57766 0.64086 0.10655
v -0.57766 0.64086 0.10655
v -0.57766 0.64086 0.10655
v -0.55347 -0.41392 0.00911
v -0.55347 -0.41392 0.00911
v -0.55347 -0.41392 0.00911
v -0.55347 -0.41392 0.00911
v -0.57465 -0.15890 -0.16370
v -0.57465 -0.15890 -0.16370
v -0.57465 -0.15890 -0.16370
v -0.56954 -0.17296 0.02888
v -0.57342 -0.03082 -0.11694
v -0.57342 -0.03082 -0.11694
v -0.54803 0.06555 0.21313
v -0.54803 0.06555 0.21313
v -0.56805 0.17671 0.15125
v -0.58194 0.31432 0.17513
v -0.58194 0.31432 0.17513
v -0.58194 0.31432 0.17513
v -0.57197 0.36736 0.19369
v -0.57557 0.77801 0.11455
v -0.54276 -0.21980 -0.02221
v -0.54276 -0.21980 -0.02221
v -0.56545 -0.09762 0.19880
v -0.56545 -0.09762 0.19880
v -0.56545 -0.09762 0.19880
v -0.57308 -0.07986 -0.17972
v -0.57266 -0.01147 0.20773
v -0.55773 -0.01029 -0.10078
v -0.53210 0.00420 0.18196
v -0.53210 0.00420 0.18196
v -0.53210 0.00420 0.18196
v -0.53352 -0.01498 -0.07807
v -0.54551 0.01465 -0.02216
v -0.56557 0.08359 0.19400
v -0.56557 0.08359 0.19400
v -0.56557 0.08359 0.19400
v -0.57030 0.32576 0.23149
v -0.57030 0.32576 0.23149
v -0.57030 0.32576 0.23149
v -0.57693 0.35194 0.20125
v -0.57693 0.35194 0.20125
v -0.57693 0.35194 0.20125
v -0.57693 0.35194 0.20125
v -0.57693 0.35194 0.20125
v -0.58315 0.33148 0.19167
v -0.58315 0.33148 0.19167
v -0.57900 0.53588 0.11007
v -0.57900 0.53588 0.11007
v -0.57900 0.53588 0.11007
v -0.57470 0.56254 0.09686
v -0.57470 0.56254 0.09686
v -0.57311 0.58700 0.09770
v -0.53245 0.66687 0.13616
v -0.53245 0.66687 0.13616
v -0.54208 -0.36981 0.07275
v -0.54208 -0.36981 0.07275
v -0.54208 -0.36981 0.07275
v -0.53220 -0.31125 -0.01048
v -0.53220 -0.31125 -0.01048
v -0.54761 -0.25922 0.09366
v -0.54761 -0.25922 0.09366
v -0.57373 -0.19310 -0.13364
v -0.57373 -0.19310 -0.13364
v -0.56723 -0.18834 -0.13176
v -0.56723 -0.18834 -0.13176
v -0.52547 -0.15747 0.05384
v -0.52547 -0.15747 0.05384
v -0.56347 -0.12409 -0.17054
v -0.56347 -0.12409 -0.17054
v -0.55692 -0.07955 -0.19763
v -0.55692 -0.07955 -0.19763
v -0.55290 -0.02951 -0.13718
v -0.55290 -0.02951 -0.13718
v -0.55321 -0.05826 0.16542
v -0.55321 -0.05826 0.16542
v -0.52820 -0.02693 -0.11444
v -0.52820 -0.02693 -0.11444
v -0.51674 -0.03145 0.15688
v -0.51674 -0.03145 0.15688
v -0.57990 0.24335 0.20712
v -0.55299 0.26026 0.13853
v -0.55299 0.26026 0.13853
v -0.55299 0.26026 0.13853
v -0.55299 0.26026 0.13853
v -0.56244 0.28617 0.18698
v -0.56244 0.28617 0.18698
v -0.56244 0.28617 0.18698
v -0.56244 0.28617 0.18698
v -0.56244 0.28617 0.18698
v -0.56244 0.28617 0.18698
v -0.56061 0.32549 0.21457
v -0.56061 0.32549 0.21457
v -0.55273 0.32710 0.17079
v -0.55273 0.32710 0.17079
v -0.55273 0.32710 0.17079
v -0.55273 0.32710 0.17079
v -0.56391 0.33323 0.23597
v -0.56391 0.33323 0.23597
v -0.56445 0.33710 0.25358
v -0.56445 0.33710 0.25358
v -0.57054 0.58708 0.08797
v -0.57054 0.58708 0.08797
v -0.54722 0.59669 0.05970
v -0.54133 0.68152 0.05290
v -0.54133 0.68152 0.05290
v -0.54539 -0.15986 0.04739
v -0.55673 0.25515 0.13155
v -0.55673 0.25515 0.13155
v -0.52521 -0.30671 0.06897
v -0.52521 -0.30671 0.06897
v -0.52521 -0.30671 0.06897
v -0.52787 -0.21194 -0.08370
v -0.52787 -0.21194 -0.08370
v -0.53796 -0.19409 -0.00334
v -0.53796 -0.19409 -0.00334
v -0.54800 -0.15758 0.08995
v -0.51501 -0.19156 0.01474
v -0.51501 -0.19156 0.01474
v -0.51501 -0.19156 0.01474
v -0.55683 -0.14943 0.06801
v -0.55683 -0.14943 0.06801
v -0.55683 -0.14943 0.06801
v -0.55409 -0.12029 0.08200
v -0.53488 0.49152 0.08508
v -0.53488 0.49152 0.08508
v -0.53488 0.49152 0.08508
v -0.53509 0.82096 0.11070
v -0.53509 0.82096 0.11070
v -0.53209 -0.25431 0.05302
v -0.53209 -0.25431 0.05302
v -0.54045 -0.24186 -0.09364
v -0.54045 -0.24186 -0.09364
v -0.53529 -0.18074 -0.18390
v -0.54282 -0.15013 0.05574
v -0.52438 -0.10259 0.08609
v -0.52438 -0.10259 0.08609
v -0.56868 0.01512 0.10809
v -0.56868 0.01512 0.10809
v -0.54076 -0.05875 0.12881
v -0.51978 -0.07136 0.04397
v -0.51978 -0.07136 0.04397
v -0.52988 0.01825 0.09717
v -0.52988 0.01825 0.09717
v -0.52988 0.01825 0.09717
v -0.52112 0.00841 0.23317
v -0.52112 0.00841 0.23317
v -0.52112 0.00841 0.23317
v -0.52706 0.00941 -0.00600
v -0.52706 0.00941 -0.00600
v -0.52088 0.11021 0.15584
v -0.52088 0.11021 0.15584
v -0.53246 0.07252 0.21494
v -0.53246 0.07252 0.21494
v -0.53246 0.07252 0.21494
v -0.53542 0.12533 0.06163
v -0.53542 0.12533 0.06163
v -0.54875 0.29849 0.16568
v -0.54875 0.29849 0.16568
v -0.54875 0.29849 0.16568
v -0.54875 0.29849 0.16568
v -0.53589 0.31042 0.16300
v -0.53589 0.31042 0.16300
v -0.50989 0.59792 0.08476
v -0.50989 0.59792 0.08476
v -0.52501 0.74445 0.12800
v -0.53673 0.80055 0.12029
v -0.50094 -0.33378 0.05894
v -0.49229 -0.26616 -0.22119
v -0.49229 -0.26616 -0.22119
v -0.49229 -0.26616 -0.22119
v -0.51334 -0.11158 0.07614
v -0.48409 -0.05735 -0.15973
v -0.48409 -0.05735 -0.15973
v -0.48409 -0.05735 -0.15973
v -0.49922 -0.13872 -0.24320
v -0.49922 -0.13872 -0.24320
v -0.49922 -0.13872 -0.24320
v -0.51050 -0.03036 -0.14834
v -0.51988 0.06652 0.21533
v -0.51988 0.06652 0.21533
v -0.49819 0.10908 0.13255
v -0.49819 0.10908 0.13255
v -0.49819 0.10908 0.13255
v -0.49819 0.10908 0.13255
v -0.51611 0.24251 0.16201
v -0.51611 0.24251 0.16201
v -0.52941 0.52997 0.12173
v -0.52941 0.52997 0.12173
v -0.51469 0.75703 0.09040
v -0.53414 -0.90703 -0.08648
v -0.53414 -0.90703 -0.08648
v -0.51415 -0.88660 -0.11741
v -0.51415 -0.88660 -0.11741
v -0.52071 -0.93290 -0.09951
v -0.52071 -0.93290 -0.09951
v -0.50915 -0.93610 -0.13881
v -0.50915 -0.93610 -0.13881
v -0.52431 -0.31665 0.08890
v -0.52431 -0.31665 0.08890
v -0.48029 -0.22537 -0.03685
v -0.48029 -0.22537 -0.03685
v -0.51368 -0.18537 0.00078
v -0.51368 -0.18537 0.00078
v -0.52072 0.01346 0.09222
v -0.50862 0.05048 0.13308
v -0.50862 0.05048 0.13308
v -0.53956 0.39357 -0.17222
v -0.53956 0.39357 -0.17222
v -0.56193 0.41231 -0.18361
v -0.56193 0.41231 -0.18361
v -0.56193 0.41231 -0.18361
v -0.56193 0.41231 -0.18361
v -0.47741 0.32354 -0.16034
v -0.47741 0.32354 -0.16034
v -0.47741 0.32354 -0.16034
v -0.47741 0.32354 -0.16034
v -0.47741 0.32354 -0.16034
v -0.51051 0.68866 0.07486
v -0.47352 -0.12159 0.01905
v -0.47352 -0.12159 0.01905
v -0.51250 -0.01957 -0.11343
v -0.44842 0.38821 -0.09894
v -0.39271 0.39826 -0.11344
v -0.46119 -0.86149 -0.12793
v -0.46119 -0.86149 -0.12793
v -0.51548 -0.35215 0.02053
v -0.51548 -0.35215 0.02053
v -0.48060 -0.21706 -0.05561
v -0.48060 -0.21706 -0.05561
v -0.48266 -0.26354 -0.19164
v -0.49409 -0.04198 0.04672
v -0.49409 -0.04198 0.04672
v -0.49409 -0.04198 0.04672
v -0.49409 -0.04198 0.04672
v -0.50328 0.00649 -0.00145
v -0.50328 0.00649 -0.00145
v -0.50774 0.01493 0.17011
v -0.50774 0.01493 0.17011
v -0.50480 0.00232 0.01380
v -0.50480 0.00232 0.01380
v -0.50518 0.04322 0.05756
v -0.44256 0.35850 -0.12891
v -0.44256 0.35850 -0.12891
v -0.44256 0.35850 -0.12891
v -0.44256 0.35850 -0.12891
v -0.44256 0.35850 -0.12891
v -0.44256 0.35850 -0.12891
v -0.46665 -0.16579 0.01751
v -0.46665 -0.16579 0.01751
v -0.46665 -0.16579 0.01751
v -0.48289 -0.02943 -0.07884
v -0.49436 -0.00940 -0.02640
v -0.49436 -0.00940 -0.02640
v -0.49436 -0.00940 -0.02640
v -0.49712 0.06164 0.11385
v -0.49712 0.06164 0.11385
v -0.49712 0.06164 0.11385
v -0.50061 0.04791 0.15443
v -0.50061 0.04791 0.15443
v -0.48794 -0.88247 -0.18442
v -0.50180 -0.92244 -0.18723
v -0.50180 -0.92244 -0.18723
v -0.49210 -0.91297 -0.07686
v -0.49210 -0.91297 -0.07686
v -0.47469 0.34476 -0.17839
v -0.47469 0.34476 -0.17839
v -0.48945 -0.93887 0.00127
v -0.48945 -0.93887 0.00127
v -0.48945 -0.93887 0.00127
v -0.50489 -0.91492 -0.04340
v -0.47024 -0.93210 -0.22285
v -0.47024 -0.93210 -0.22285
v -0.46460 -0.87574 -0.08215
v -0.46460 -0.87574 -0.08215
v -0.47604 -0.89633 -0.09799
v -0.47760 -0.24331 -0.11191
v -0.47163 -0.20582 -0.01376
v -0.47163 -0.20582 -0.01376
v -0.45888 -0.10674 -0.19016
v -0.45888 -0.10674 -0.19016
v -0.45949 -0.04797 -0.05357
v -0.45949 -0.04797 -0.05357
v -0.47002 0.38552 -0.17934
v -0.47002 0.38552 -0.17934
v -0.45145 -0.86120 -0.05073
v -0.45145 -0.86120 -0.05073
v -0.45145 -0.86120 -0.05073
v -0.46932 -0.87797 -0.11041
v -0.46932 -0.87797 -0.11041
v -0.45781 -0.14241 0.01708
v -0.45781 -0.14241 0.01708
v -0.45781 -0.14241 0.01708
v -0.45781 -0.14241 0.01708
v -0.45781 -0.14241 0.01708
v -0.46945 -0.07054 0.01463
v -0.46945 -0.07054 0.01463
v -0.46945 -0.07054 0.01463
v -0.46945 -0.07054 0.01463
v -0.47999 -0.06827 0.04591
v -0.47999 -0.06827 0.04591
v -0.49123 -0.05109 0.04172
v -0.46372 -0.04359 -0.07384
v -0.46372 -0.04359 -0.07384
v -0.47671 -0.03230 -0.01235
v -0.47671 -0.03230 -0.01235
v -0.45946 -0.18125 -0.05771
v -0.45946 -0.18125 -0.05771
v -0.45808 -0.10740 -0.22111
v -0.45808 -0.10740 -0.22111
v -0.44844 -0.17935 -0.25887
v -0.44844 -0.17935 -0.25887
v -0.44001 -0.09677 -0.15829
v -0.44001 -0.09677 -0.15829
v -0.44001 -0.09677 -0.15829
v -0.44001 -0.09677 -0.15829
v -0.45270 0.35315 -0.08876
v -0.45270 0.35315 -0.08876
v -0.44230 -0.94429 -0.09506
v -0.43493 0.28551 -0.16220
v -0.43493 0.28551 -0.16220
v -0.43493 0.28551 -0.16220
v -0.44608 -0.89893 -0.24752
v -0.44608 -0.89893 -0.24752
v -0.44055 -0.85185 -0.21840
v -0.44055 -0.85185 -0.21840
v -0.45104 -0.89779 -0.03443
v -0.41612 -0.85236 -0.12732
v -0.41612 -0.85236 -0.12732
v -0.42750 -0.17303 -0.04980
v -0.44048 -0.07494 -0.20826
v -0.45178 -0.04774 -0.07013
v -0.45178 -0.04774 -0.07013
v -0.43186 -0.91797 -0.03669
v -0.43186 -0.91797 -0.03669
v -0.45694 -0.83069 -0.18302
v -0.45694 -0.83069 -0.18302
v -0.45694 -0.83069 -0.18302
v -0.43716 -0.81431 -0.25428
v -0.43716 -0.81431 -0.25428
v -0.44497 -0.81495 -0.20225
v -0.39696 -0.23642 -0.20583
v -0.42736 -0.27192 -0.17430
v -0.42686 -0.10535 -0.09088
v -0.44677 -0.07419 -0.02668
v -0.44677 -0.07419 -0.02668
v -0.38570 -0.94679 -0.17239
v -0.44973 -0.71049 -0.19325
v -0.44151 -0.70515 -0.23441
v -0.44151 -0.70515 -0.23441
v -0.43312 -0.71241 -0.20999
v -0.43312 -0.71241 -0.20999
v -0.42747 -0.66122 -0.20441
v -0.42747 -0.66122 -0.20441
v -0.42747 -0.66122 -0.20441
v -0.38613 -0.20791 -0.15302
v -0.38613 -0.20791 -0.15302
v -0.38613 -0.20791 -0.15302
v -0.42813 -0.13421 -0.29120
v -0.42813 -0.13421 -0.29120
v -0.42811 -0.18041 -0.09608
v -0.44050 -0.06862 -0.05997
v -0.44050 -0.06862 -0.05997
v -0.44050 -0.06862 -0.05997
v -0.43414 -0.07058 -0.09167
v -0.43414 -0.07058 -0.09167
v -0.43414 -0.07058 -0.09167
v -0.42883 -0.93374 -0.05756
v -0.41957 -0.84578 -0.28473
v -0.41957 -0.84578 -0.28473
v -0.41117 -0.73947 -0.14674
v -0.41117 -0.73947 -0.14674
v -0.43101 -0.66638 -0.14960
v -0.43101 -0.66638 -0.14960
v -0.42008 -0.70066 -0.11027
v -0.42809 -0.67277 -0.23893
v -0.42809 -0.67277 -0.23893
v -0.42809 -0.67277 -0.23893
v -0.43441 -0.66630 -0.18524
v -0.43441 -0.66630 -0.18524
v -0.39789 -0.19495 -0.27371
v -0.39789 -0.19495 -0.27371
v -0.42938 -0.16503 -0.11321
v -0.42833 -0.07410 -0.07313
v -0.42833 -0.07410 -0.07313
v -0.43956 0.26864 -0.14296
v -0.43956 0.26864 -0.14296
v -0.41754 -0.94876 -0.00040
v -0.41754 -0.94876 -0.00040
v -0.41754 -0.94876 -0.00040
v -0.41799 -0.89625 -0.06452
v -0.41799 -0.89625 -0.06452
v -0.40965 -0.88406 -0.26759
v -0.42890 -0.77822 -0.23294
v -0.42890 -0.77822 -0.23294
v -0.41003 -0.76529 -0.17481
v -0.41003 -0.76529 -0.17481
v -0.42769 -0.77504 -0.19271
v -0.42756 -0.71834 -0.21050
v -0.39129 -0.71926 -0.08967
v -0.39129 -0.71926 -0.08967
v -0.40644 -0.14763 -0.12379
v -0.40644 -0.14763 -0.12379
v -0.42627 -0.05919 -0.25740
v -0.42627 -0.05919 -0.25740
v -0.39452 0.26745 -0.11611
v -0.40827 0.33989 -0.07670
v -0.42627 -0.91269 0.05315
v -0.42627 -0.91269 0.05315
v -0.40718 -0.87807 -0.01790
v -0.41217 -0.88958 -0.05514
v -0.41217 -0.88958 -0.05514
v -0.41338 -0.76153 -0.21092
v -0.39354 -0.74624 -0.14632
v -0.39354 -0.74624 -0.14632
v -0.39354 -0.74624 -0.14632
v -0.40978 -0.72597 -0.25730
v -0.40978 -0.72597 -0.25730
v -0.40335 -0.68575 -0.25704
v -0.40335 -0.68575 -0.25704
v -0.40335 -0.68575 -0.25704
v -0.41276 -0.58427 -0.05981
v -0.40952 -0.60119 -0.17263
v -0.40952 -0.60119 -0.17263
v -0.37568 -0.12046 -0.30735
v -0.37568 -0.12046 -0.30735
v -0.38578 -0.05140 -0.27751
v -0.38578 -0.05140 -0.27751
v -0.35544 -0.92718 -0.33864
v -0.35544 -0.92718 -0.33864
v -0.35544 -0.92718 -0.33864
v -0.37673 -0.85606 -0.10801
v -0.37673 -0.85606 -0.10801
v -0.37673 -0.85606 -0.10801
v -0.37910 -0.83054 -0.11189
v -0.38486 -0.77821 -0.15753
v -0.39979 -0.75690 -0.25033
v -0.39979 -0.75690 -0.25033
v -0.40856 -0.68424 -0.25270
v -0.40856 -0.68424 -0.25270
v -0.40437 -0.58769 -0.12056
v -0.40437 -0.58769 -0.12056
v -0.41401 -0.62743 -0.02170
v -0.41401 -0.62743 -0.02170
v -0.41232 -0.57959 0.01492
v -0.41232 -0.57959 0.01492
v -0.38463 -0.04342 -0.16430
v -0.38463 -0.04342 -0.16430
v -0.40500 0.23170 -0.13318
v -0.40500 0.23170 -0.13318
v -0.39823 0.35003 -0.05963
v -0.39823 0.35003 -0.05963
v -0.39823 0.35003 -0.05963
v -0.33367 -0.94693 -0.16205
v -0.33367 -0.94693 -0.16205
v -0.39266 -0.89521 0.00961
v -0.39266 -0.89521 0.00961
v -0.39266 -0.89521 0.00961
v -0.39266 -0.89521 0.00961
v -0.36604 -0.84141 -0.27000
v -0.36604 -0.84141 -0.27000
v -0.38440 -0.78829 -0.28435
v -0.39353 -0.76665 -0.15983
v -0.39353 -0.76665 -0.15983
v -0.34127 -0.70575 -0.07965
v -0.34127 -0.70575 -0.07965
v -0.34127 -0.70575 -0.07965
v -0.34127 -0.70575 -0.07965
v -0.39752 -0.53000 -0.11775
v -0.39752 -0.53000 -0.11775
v -0.40853 -0.49675 -0.06976
v -0.41111 -0.53600 -0.11998
v -0.41111 -0.53600 -0.11998
v -0.39893 -0.47289 -0.10822
v -0.39893 -0.47289 -0.10822
v -0.39893 -0.47289 -0.10822
v -0.35676 -0.05086 -0.12090
v -0.35676 -0.05086 -0.12090
v -0.36198 0.29219 -0.11886
v -0.36198 0.29219 -0.11886
v -0.39231 -0.93470 0.03736
v -0.39231 -0.93470 0.03736
v -0.36856 -0.89325 -0.04643
v -0.36856 -0.89325 -0.04643
v -0.35772 -0.89277 0.01153
v -0.35772 -0.89277 0.01153
v -0.35772 -0.89277 0.01153
v -0.33155 -0.84449 -0.29718
v -0.33155 -0.84449 -0.29718
v -0.33155 -0.84449 -0.29718
v -0.38910 -0.74397 -0.27730
v -0.38910 -0.74397 -0.27730
v -0.38898 -0.76189 -0.27271
v -0.39223 -0.74233 -0.26076
v -0.34991 -0.74387 -0.11299
v -0.34991 -0.74387 -0.11299
v -0.38152 -0.48865 -0.10646
v -0.37907 -0.45850 -0.13777
v -0.37907 -0.45850 -0.13777
v -0.37907 -0.45850 -0.13777
v -0.37546 -0.17623 -0.15762
v -0.37546 -0.17623 -0.15762
v -0.39728 0.02687 -0.24270
v -0.38876 0.03444 -0.18520
v -0.40331 0.08744 -0.18360
v -0.40331 0.08744 -0.18360
v -0.40331 0.08744 -0.18360
v -0.38914 0.09556 -0.16712
v -0.38914 0.09556 -0.16712
v -0.38914 0.09556 -0.16712
v -0.39405 0.10132 -0.20203
v -0.39405 0.10132 -0.20203
v -0.39405 0.10132 -0.20203
v -0.38848 0.20283 -0.11186
v -0.38848 0.20283 -0.11186
v -0.38848 0.20283 -0.11186
v -0.37453 0.32345 -0.04746
v -0.37453 0.32345 -0.04746
v -0.35060 -0.94820 -0.07541
v -0.35060 -0.94820 -0.07541
v -0.37292 -0.75726 -0.14825
v -0.37292 -0.75726 -0.14825
v -0.34695 -0.63214 -0.22844
v -0.34695 -0.63214 -0.22844
v -0.34695 -0.63214 -0.22844
v -0.35625 -0.60794 0.02962
v -0.35057 -0.43051 -0.04414
v -0.35057 -0.43051 -0.04414
v -0.36640 -0.10554 -0.32597
v -0.37645 0.08962 -0.18992
v -0.37645 0.08962 -0.18992
v -0.37645 0.08962 -0.18992
v -0.37645 0.08962 -0.18992
v -0.36314 0.22556 -0.16036
v -0.37694 0.25666 -0.10524
v -0.30394 0.35384 -0.15083
v -0.30394 0.35384 -0.15083
v -0.30394 0.35384 -0.15083
v -0.36752 -0.65372 -0.02141
v -0.36752 -0.65372 -0.02141
v -0.35983 -0.55036 0.02723
v -0.39138 -0.57086 -0.14682
v -0.39138 -0.57086 -0.14682
v -0.35101 -0.41346 -0.16737
v -0.35101 -0.41346 -0.16737
v -0.35101 -0.41346 -0.16737
v -0.35101 -0.41346 -0.16737
v -0.38772 -0.50245 -0.17116
v -0.40385 -0.46933 -0.09800
v -0.40385 -0.46933 -0.09800
v -0.40385 -0.46933 -0.09800
v -0.33377 -0.43096 -0.06843
v -0.33377 -0.43096 -0.06843
v -0.32002 -0.38561 -0.08335
v -0.32002 -0.38561 -0.08335
v -0.38174 -0.43430 -0.10458
v -0.38174 -0.43430 -0.10458
v -0.38174 -0.43430 -0.10458
v -0.33861 0.11051 -0.14709
v -0.34628 0.09918 -0.13096
v -0.34628 0.09918 -0.13096
v -0.38863 0.19186 -0.12399
v -0.38863 0.19186 -0.12399
v -0.30964 -0.92327 -0.20907
v -0.30964 -0.92327 -0.20907
v -0.36247 -0.78093 -0.29548
v -0.36220 -0.55535 -0.17344
v -0.36220 -0.55535 -0.17344
v -0.37241 -0.48279 -0.19715
v -0.37241 -0.48279 -0.19715
v -0.31128 -0.15731 -0.18615
v -0.33239 -0.15237 -0.17346
v -0.31669 -0.14589 -0.14173
v -0.31669 -0.14589 -0.14173
v -0.36097 -0.00753 -0.12231
v -0.36097 -0.00753 -0.12231
v -0.36255 0.05990 -0.14890
v -0.38736 -0.01814 -0.11042
v -0.38736 -0.01814 -0.11042
v -0.36425 0.20373 -0.16371
v -0.36425 0.20373 -0.16371
v -0.33539 0.23997 -0.17628
v -0.33539 0.23997 -0.17628
v -0.35233 0.21561 -0.07711
v -0.35233 0.21561 -0.07711
v -0.35233 0.21561 -0.07711
v -0.35233 0.21561 -0.07711
v -0.30445 0.30195 -0.18105
v -0.30085 -0.72736 -0.27649
v -0.30085 -0.72736 -0.27649
v -0.28707 -0.60834 -0.17599
v -0.28707 -0.60834 -0.17599
v -0.34427 -0.54328 -0.20939
v -0.34427 -0.54328 -0.20939
v -0.32695 -0.06446 -0.33004
v -0.31475 0.07896 -0.09264
v -0.31475 0.07896 -0.09264
v -0.33871 0.01807 -0.09162
v -0.32496 0.08156 -0.29069
v -0.32496 0.08156 -0.29069
v -0.32496 0.08156 -0.29069
v -0.33061 -0.00289 -0.30840
v -0.33061 -0.00289 -0.30840
v -0.35614 0.03960 -0.15049
v -0.34926 0.07194 -0.10622
v -0.34926 0.07194 -0.10622
v -0.34738 0.11519 -0.20451
v -0.34738 0.11519 -0.20451
v -0.34738 0.11519 -0.20451
v -0.34191 0.34408 -0.03190
v -0.34191 0.34408 -0.03190
v -0.35432 0.37476 -0.07284
v -0.31985 -0.73611 -0.12387
v -0.31985 -0.73611 -0.12387
v -0.31985 -0.73611 -0.12387
v -0.31985 -0.73611 -0.12387
v -0.32723 -0.69913 -0.09940
v -0.35233 -0.64319 -0.01466
v -0.35233 -0.64319 -0.01466
v -0.35233 -0.64319 -0.01466
v -0.31327 -0.60740 -0.15910
v -0.31327 -0.60740 -0.15910
v -0.31327 -0.60740 -0.15910
v -0.34058 -0.52711 0.02335
v -0.34058 -0.52711 0.02335
v -0.34616 -0.41092 -0.18756
v -0.31743 -0.39387 -0.05956
v -0.35433 0.21096 -0.15697
v -0.34945 0.27155 -0.12319
v -0.34945 0.27155 -0.12319
v -0.34945 0.27155 -0.12319
v -0.31043 0.29355 -0.07139
v -0.31043 0.29355 -0.07139
v -0.33459 -0.89042 -0.13404
v -0.33459 -0.89042 -0.13404
v -0.32796 -0.67241 -0.27407
v -0.33129 -0.65693 -0.04428
v -0.33129 -0.65693 -0.04428
v -0.36198 -0.36785 -0.20854
v -0.36198 -0.36785 -0.20854
v -0.33597 -0.36797 -0.17617
v -0.33597 -0.36797 -0.17617
v -0.33597 -0.36797 -0.17617
v -0.35034 -0.34264 -0.18679
v -0.35034 -0.34264 -0.18679
v -0.28087 -0.14424 -0.29650
v -0.28087 -0.14424 -0.29650
v -0.28087 -0.14424 -0.29650
v -0.33514 -0.02894 -0.09868
v -0.33514 -0.02894 -0.09868
v -0.35241 0.05851 -0.28946
v -0.35241 0.05851 -0.28946
v -0.35241 0.05851 -0.28946
v -0.34824 0.09706 -0.27856
v -0.34824 0.09706 -0.27856
v -0.34824 0.09706 -0.27856
v -0.34824 0.09706 -0.27856
v -0.34824 0.09706 -0.27856
v -0.34503 0.09342 -0.24878
v -0.33988 0.10254 -0.13251
v -0.33988 0.10254 -0.13251
v -0.31743 -0.76778 -0.27866
v -0.31743 -0.76778 -0.27866
v -0.31254 -0.77008 -0.14598
v -0.31254 -0.77008 -0.14598
v -0.26936 -0.52480 0.02322
v -0.31653 -0.52765 -0.24470
v -0.31653 -0.52765 -0.24470
v -0.31653 -0.52765 -0.24470
v -0.31581 -0.44544 -0.23258
v -0.31581 -0.44544 -0.23258
v -0.33976 -0.45242 -0.00362
v -0.33976 -0.45242 -0.00362
v -0.33976 -0.45242 -0.00362
v -0.33863 -0.34745 -0.26816
v -0.33863 -0.34745 -0.26816
v -0.34397 -0.33992 -0.23411
v -0.30278 -0.16335 -0.19694
v -0.31664 0.14022 -0.21892
v -0.31664 0.14022 -0.21892
v -0.31664 0.14022 -0.21892
v -0.34817 0.11837 -0.13069
v -0.34817 0.11837 -0.13069
v -0.34817 0.11837 -0.13069
v -0.34198 0.11460 -0.11959
v -0.34198 0.11460 -0.11959
v -0.27908 0.14716 -0.14310
v -0.27908 0.14716 -0.14310
v -0.32806 0.28599 -0.07431
v -0.30749 0.31903 -0.00250
v -0.30749 0.31903 -0.00250
v -0.29164 -0.92052 -0.28653
v -0.29164 -0.92052 -0.28653
v -0.29164 -0.92052 -0.28653
v -0.32172 -0.84549 -0.16237
v -0.32172 -0.84549 -0.16237
v -0.31008 -0.81400 -0.15993
v -0.31008 -0.81400 -0.15993
v -0.29563 -0.79439 -0.26428
v -0.29563 -0.79439 -0.26428
v -0.33272 -0.48045 -0.23023
v -0.33272 -0.48045 -0.23023
v -0.33152 -0.31055 -0.20641
v -0.33152 -0.31055 -0.20641
v -0.27885 -0.07293 -0.12532
v -0.27885 -0.07293 -0.12532
v -0.29969 0.06535 -0.30932
v -0.29969 0.06535 -0.30932
v -0.29969 0.06535 -0.30932
v -0.29969 0.06535 -0.30932
v -0.29969 0.06535 -0.30932
v -0.31854 0.10164 -0.29037
v -0.31854 0.10164 -0.29037
v -0.31854 0.10164 -0.29037
v -0.31854 0.10164 -0.29037
v -0.31854 0.10164 -0.29037
v -0.32277 0.12530 -0.13930
v -0.32277 0.12530 -0.13930
v -0.32212 0.10229 -0.30649
v -0.32212 0.10229 -0.30649
v -0.32212 0.10229 -0.30649
v -0.32212 0.10229 -0.30649
v -0.31559 0.11133 -0.10732
v -0.31559 0.11133 -0.10732
v -0.29124 0.15676 -0.07846
v -0.29124 0.15676 -0.07846
v -0.29124 0.15676 -0.07846
v -0.29124 0.15676 -0.07846
v -0.29124 0.15676 -0.07846
v -0.29124 0.15676 -0.07846
v -0.29124 0.15676 -0.07846
v -0.29124 0.15676 -0.07846
v -0.30561 0.35244 -0.04151
v -0.30561 0.35244 -0.04151
v -0.29844 0.37205 -0.11263
v -0.29844 0.37205 -0.11263
v -0.30549 -0.64632 -0.22711
v -0.30549 -0.64632 -0.22711
v -0.29593 -0.60820 -0.00954
v -0.29593 -0.60820 -0.00954
v -0.30360 -0.42264 -0.00574
v -0.30360 -0.42264 -0.00574
v -0.28631 -0.42520 -0.01723
v -0.28631 -0.42520 -0.01723
v -0.28631 -0.42520 -0.01723
v -0.28631 -0.42520 -0.01723
v -0.32418 -0.38337 -0.06787
v -0.32418 -0.38337 -0.06787
v -0.30638 -0.40502 -0.24177
v -0.30503 -0.40867 -0.25895
v -0.30503 -0.40867 -0.25895
v -0.32455 -0.28888 -0.21335
v -0.32455 -0.28888 -0.21335
v -0.30533 -0.24952 -0.20905
v -0.30533 -0.24952 -0.20905
v -0.30533 -0.24952 -0.20905
v -0.30533 -0.24952 -0.20905
v -0.29866 -0.12917 -0.17577
v -0.29866 -0.12917 -0.17577
v -0.29866 -0.12917 -0.17577
v -0.29257 -0.00266 -0.31849
v -0.29257 -0.00266 -0.31849
v -0.28923 0.20485 -0.14810
v -0.31522 -0.86842 -0.23790
v -0.30227 -0.70790 -0.11025
v -0.30227 -0.70790 -0.11025
v -0.30449 -0.31125 -0.23129
v -0.30449 -0.31125 -0.23129
v -0.27870 -0.02772 -0.30261
v -0.29809 -0.00915 -0.08358
v -0.29809 -0.00915 -0.08358
v -0.27922 0.09892 -0.31014
v -0.27922 0.09892 -0.31014
v -0.27922 0.09892 -0.31014
v -0.27922 0.09892 -0.31014
v -0.27922 0.09892 -0.31014
v -0.27922 0.09892 -0.31014
v -0.28668 0.15783 -0.25968
v -0.28668 0.15783 -0.25968
v -0.30461 0.29089 0.00117
v -0.27703 0.29936 -0.16681
v -0.27703 0.29936 -0.16681
v -0.30460 0.28886 0.02612
v -0.31712 0.42222 -0.04578
v -0.31712 0.42222 -0.04578
v -0.30995 0.35405 0.03675
v -0.30995 0.35405 0.03675
v -0.31043 0.38390 -0.00330
v -0.31043 0.38390 -0.00330
v -0.32975 0.46616 -0.05262
v -0.32975 0.46616 -0.05262
v -0.30507 0.43048 -0.09266
v -0.30507 0.43048 -0.09266
v -0.32379 0.48261 -0.12670
v -0.32379 0.48261 -0.12670
v -0.32023 0.46144 -0.13401
v -0.32023 0.46144 -0.13401
v -0.30218 0.46524 -0.07626
v -0.30218 0.46524 -0.07626
v -0.30882 -0.88023 -0.28403
v -0.30882 -0.88023 -0.28403
v -0.29778 -0.84317 -0.23725
v -0.30803 -0.74985 -0.26464
v -0.29923 -0.75010 -0.25866
v -0.27104 -0.67179 -0.15147
v -0.28476 -0.65368 -0.24311
v -0.28476 -0.65368 -0.24311
v -0.30151 -0.69013 -0.24792
v -0.30151 -0.69013 -0.24792
v -0.28334 -0.63614 -0.13481
v -0.29802 -0.61811 -0.12799
v -0.29802 -0.61811 -0.12799
v -0.29802 -0.61811 -0.12799
v -0.27370 -0.55955 -0.21596
v -0.27370 -0.55955 -0.21596
v -0.31783 -0.57856 -0.24042
v -0.31783 -0.57856 -0.24042
v -0.26165 -0.53936 -0.27068
v -0.22957 -0.51902 -0.25683
v -0.22957 -0.51902 -0.25683
v -0.27380 -0.45168 -0.30183
v -0.30442 -0.56672 -0.30130
v -0.30442 -0.56672 -0.30130
v -0.30442 -0.56672 -0.30130
v -0.31523 -0.44554 -0.32321
v -0.31523 -0.44554 -0.32321
v -0.31523 -0.44554 -0.32321
v -0.28621 -0.48941 -0.35106
v -0.28621 -0.48941 -0.35106
v -0.28621 -0.48941 -0.35106
v -0.28621 -0.48941 -0.35106
v -0.28621 -0.48941 -0.35106
v -0.29487 -0.47267 0.02434
v -0.29487 -0.47267 0.02434
v -0.29639 -0.36144 -0.17779
v -0.29639 -0.36144 -0.17779
v -0.28053 -0.34487 -0.17466
v -0.28053 -0.34487 -0.17466
v -0.28053 -0.34487 -0.17466
v -0.31185 -0.26571 -0.23498
v -0.31185 -0.26571 -0.23498
v -0.28156 0.01961 -0.05299
v -0.28156 0.01961 -0.05299
v -0.25010 0.10707 -0.10439
v -0.25010 0.10707 -0.10439
v -0.25010 0.10707 -0.10439
v -0.25010 0.10707 -0.10439
v -0.32471 0.09295 -0.03512
v -0.32471 0.09295 -0.03512
v -0.30174 0.12097 -0.01751
v -0.30399 0.12578 -0.00941
v -0.30399 0.12578 -0.00941
v -0.30190 0.14313 -0.28483
v -0.30190 0.14313 -0.28483
v -0.30190 0.14313 -0.28483
v -0.27243 0.16479 -0.04696
v -0.27243 0.16479 -0.04696
v -0.27243 0.16479 -0.04696
v -0.31978 0.16775 -0.20694
v -0.31978 0.16775 -0.20694
v -0.32530 0.16558 -0.28067
v -0.32530 0.16558 -0.28067
v -0.32530 0.16558 -0.28067
v -0.23349 0.15491 -0.05817
v -0.23349 0.15491 -0.05817
v -0.23349 0.15491 -0.05817
v -0.28558 0.21543 -0.04789
v -0.28558 0.21543 -0.04789
v -0.32751 0.21707 -0.06398
v -0.32751 0.21707 -0.06398
v -0.30053 0.27029 0.01493
v -0.30053 0.27029 0.01493
v -0.30943 0.27146 0.00314
v -0.30340 0.21362 0.00307
v -0.28829 0.21789 0.04052
v -0.28829 0.21789 0.04052
v -0.30681 0.35213 -0.03119
v -0.28435 0.44986 0.05422
v -0.28435 0.44986 0.05422
v -0.28435 0.44986 0.05422
v -0.28017 0.45388 -0.02854
v -0.28017 0.45388 -0.02854
v -0.28982 -0.78465 -0.15401
v -0.28982 -0.78465 -0.15401
v -0.30937 -0.75529 -0.17112
v -0.30119 -0.72740 -0.15121
v -0.30119 -0.72740 -0.15121
v -0.30764 -0.74444 -0.13929
v -0.30764 -0.74444 -0.13929
v -0.28696 -0.66529 -0.23174
v -0.24266 -0.60875 -0.12103
v -0.27708 -0.49693 -0.32581
v -0.27708 -0.49693 -0.32581
v -0.27708 -0.49693 -0.32581
v -0.27442 -0.30253 -0.17813
v -0.27442 -0.30253 -0.17813
v -0.27442 -0.30253 -0.17813
v -0.27442 -0.30253 -0.17813
v -0.30124 -0.26395 -0.18403
v -0.30124 -0.26395 -0.18403
v -0.28679 -0.25237 -0.18170
v -0.28679 -0.25237 -0.18170
v -0.28679 -0.25237 -0.18170
v -0.28679 -0.25237 -0.18170
v -0.27750 -0.07757 -0.11932
v -0.27750 -0.07757 -0.11932
v -0.29698 -0.03781 -0.06315
v -0.29698 -0.03781 -0.06315
v -0.29698 -0.03781 -0.06315
v -0.27725 -0.00712 -0.04223
v -0.27725 -0.00712 -0.04223
v -0.27725 -0.00712 -0.04223
v -0.27725 -0.00712 -0.04223
v -0.23358 0.00363 -0.32803
v -0.28020 0.06436 -0.02258
v -0.28020 0.06436 -0.02258
v -0.28020 0.06436 -0.02258
v -0.26468 0.17177 -0.00290
v -0.26468 0.17177 -0.00290
v -0.26726 0.23346 0.02829
v -0.26726 0.23346 0.02829
v -0.29953 0.28131 0.02058
v -0.27896 0.27563 0.03264
v -0.29312 0.40435 -0.14058
v -0.29312 0.40435 -0.14058
v -0.32044 0.38861 -0.16966
v -0.32044 0.38861 -0.16966
v -0.30217 0.35392 0.06061
v -0.30217 0.35392 0.06061
v -0.28872 0.36739 -0.17937
v -0.28872 0.36739 -0.17937
v -0.29925 0.39927 0.01589
v -0.29925 0.39927 0.01589
v -0.29166 -0.81189 -0.21679
v -0.26779 -0.66487 -0.16186
v -0.28758 -0.46511 -0.32202
v -0.28864 -0.50761 -0.35505
v -0.28864 -0.50761 -0.35505
v -0.29429 -0.43370 -0.35888
v -0.28183 -0.47058 0.01436
v -0.28740 -0.41144 -0.32448
v -0.28740 -0.41144 -0.32448
v -0.28740 -0.41144 -0.32448
v -0.25033 -0.40264 -0.31697
v -0.25033 -0.40264 -0.31697
v -0.25033 -0.40264 -0.31697
v -0.26471 -0.38258 -0.35535
v -0.26471 -0.38258 -0.35535
v -0.25575 -0.36885 -0.27061
v -0.25575 -0.36885 -0.27061
v -0.25435 -0.34705 -0.28889
v -0.24415 -0.38165 -0.05444
v -0.24415 -0.38165 -0.05444
v -0.24415 -0.38165 -0.05444
v -0.27085 -0.35562 -0.10689
v -0.27085 -0.35562 -0.10689
v -0.27639 -0.34977 -0.23990
v -0.27639 -0.34977 -0.23990
v -0.27396 -0.26884 -0.23966
v -0.25806 -0.26253 -0.23182
v -0.25806 -0.26253 -0.23182
v -0.25806 -0.26253 -0.23182
v -0.26459 -0.18938 -0.22801
v -0.27960 0.08392 -0.05521
v -0.27960 0.08392 -0.05521
v -0.23269 0.15668 -0.21451
v -0.23269 0.15668 -0.21451
v -0.28956 0.18003 -0.20296
v -0.28956 0.18003 -0.20296
v -0.28956 0.18003 -0.20296
v -0.27329 0.40715 0.10285
v -0.27329 0.40715 0.10285
v -0.27403 0.48091 -0.08281
v -0.27060 0.47757 -0.14818
v -0.27060 0.47757 -0.14818
v -0.28444 -0.69336 -0.19668
v -0.25983 -0.57476 -0.25938
v -0.25983 -0.57476 -0.25938
v -0.27942 -0.47946 -0.39084
v -0.27942 -0.47946 -0.39084
v -0.24333 -0.50023 -0.38352
v -0.24333 -0.50023 -0.38352
v -0.24333 -0.50023 -0.38352
v -0.24333 -0.50023 -0.38352
v -0.24333 -0.50023 -0.38352
v -0.26707 -0.43242 -0.32133
v -0.26707 -0.43242 -0.32133
v -0.26707 -0.43242 -0.32133
v -0.26707 -0.43242 -0.32133
v -0.26707 -0.43242 -0.32133
v -0.27223 -0.27734 -0.18286
v -0.27223 -0.27734 -0.18286
v -0.27223 -0.27734 -0.18286
v -0.27223 -0.27734 -0.18286
v -0.27635 -0.24761 -0.21055
v -0.27635 -0.24761 -0.21055
v -0.27635 -0.24761 -0.21055
v -0.24880 -0.20778 -0.27206
v -0.23743 -0.07215 -0.07893
v -0.23743 -0.07215 -0.07893
v -0.23743 -0.07215 -0.07893
v -0.23743 -0.07215 -0.07893
v -0.28066 -0.08829 -0.06071
v -0.28066 -0.08829 -0.06071
v -0.28066 -0.08829 -0.06071
v -0.26131 -0.03014 -0.05067
v -0.26131 -0.03014 -0.05067
v -0.29498 0.08334 -0.32989
v -0.29498 0.08334 -0.32989
v -0.27199 0.08330 -0.32258
v -0.27199 0.08330 -0.32258
v -0.27336 0.12145 -0.02519
v -0.27336 0.12145 -0.02519
v -0.27336 0.12145 -0.02519
v -0.27336 0.12145 -0.02519
v -0.25906 0.17338 -0.25575
v -0.25906 0.17338 -0.25575
v -0.25906 0.17338 -0.25575
v -0.24652 0.17644 -0.19190
v -0.24652 0.17644 -0.19190
v -0.29689 0.20042 -0.20245
v -0.29689 0.20042 -0.20245
v -0.29689 0.20042 -0.20245
v -0.23879 0.23232 -0.14696
v -0.23879 0.23232 -0.14696
v -0.28823 0.45185 0.01103
v -0.28823 0.45185 0.01103
v -0.24183 0.44426 0.11266
v -0.24183 0.44426 0.11266
v -0.24183 0.44426 0.11266
v -0.26401 -0.30087 -0.10852
v -0.25174 -0.14838 -0.11426
v -0.25174 -0.14838 -0.11426
v -0.23354 0.07065 -0.31971
v -0.23354 0.07065 -0.31971
v -0.25243 0.15455 -0.27291
v -0.25243 0.15455 -0.27291
v -0.25673 0.09239 -0.09452
v -0.25673 0.09239 -0.09452
v -0.25673 0.09239 -0.09452
v -0.25558 0.13127 -0.02416
v -0.25558 0.13127 -0.02416
v -0.25797 0.16062 -0.16735
v -0.27955 0.22145 0.07140
v -0.25937 0.20821 0.13362
v -0.26379 0.26137 0.09394
v -0.27879 0.33742 -0.20048
v -0.27879 0.33742 -0.20048
v -0.25625 0.30126 -0.20258
v -0.25625 0.30126 -0.20258
v -0.27412 0.32552 0.11600
v -0.26853 0.33230 0.14760
v -0.27068 0.43305 -0.17693
v -0.24707 0.48997 0.07742
v -0.24707 0.48997 0.07742
v -0.24707 0.48997 0.07742
v -0.28432 0.45613 -0.01799
v -0.28432 0.45613 -0.01799
v -0.27874 0.46010 0.06916
v -0.27874 0.46010 0.06916
v -0.23168 0.52892 -0.11394
v -0.23168 0.52892 -0.11394
v -0.26904 0.48985 -0.05110
v -0.26399 0.51319 -0.14807
v -0.26399 0.51319 -0.14807
v -0.26473 -0.47327 -0.33923
v -0.26473 -0.47327 -0.33923
v -0.26473 -0.47327 -0.33923
v -0.23725 -0.34990 -0.36362
v -0.23725 -0.34990 -0.36362
v -0.26526 -0.34026 -0.10150
v -0.27176 -0.30612 -0.20765
v -0.27176 -0.30612 -0.20765
v -0.24595 -0.29155 -0.06364
v -0.24595 -0.29155 -0.06364
v -0.25159 -0.09540 -0.33662
v -0.23016 -0.14438 -0.34412
v -0.25740 -0.14832 -0.08558
v -0.25740 -0.14832 -0.08558
v -0.25740 -0.14832 -0.08558
v -0.23000 -0.07422 -0.03953
v -0.23000 -0.07422 -0.03953
v -0.23000 -0.07422 -0.03953
v -0.23000 -0.07422 -0.03953
v -0.25406 -0.05001 -0.00956
v -0.25406 -0.05001 -0.00956
v -0.25406 -0.05001 -0.00956
v -0.26074 -0.03003 0.00001
v -0.26074 -0.03003 0.00001
v -0.26751 0.07597 -0.04253
v -0.26751 0.07597 -0.04253
v -0.26751 0.07597 -0.04253
v -0.23805 0.05870 -0.05634
v -0.23805 0.05870 -0.05634
v -0.23805 0.05870 -0.05634
v -0.25837 0.09135 -0.33111
v -0.25837 0.09135 -0.33111
v -0.25837 0.09135 -0.33111
v -0.25837 0.09135 -0.33111
v -0.25837 0.09135 -0.33111
v -0.25453 0.15979 -0.24173
v -0.22389 0.15571 0.11453
v -0.22978 0.24316 0.14324
v -0.22978 0.24316 0.14324
v -0.25982 0.28860 0.12587
v -0.26241 0.36617 -0.19673
v -0.26241 0.36617 -0.19673
v -0.26241 0.36617 -0.19673
v -0.25692 0.34867 0.17901
v -0.25692 0.34867 0.17901
v -0.24827 0.52003 -0.04233
v -0.24827 0.52003 -0.04233
v -0.24827 0.52003 -0.04233
v -0.24834 0.50148 -0.00378
v -0.24834 0.50148 -0.00378
v -0.25106 0.51148 -0.09419
v -0.26740 0.67547 -0.35125
v -0.26740 0.67547 -0.35125
v -0.26740 0.67547 -0.35125
v -0.26740 0.67547 -0.35125
v -0.26740 0.67547 -0.35125
v -0.26740 0.67547 -0.35125
v -0.26452 0.67155 -0.36311
v -0.26452 0.67155 -0.36311
v -0.26452 0.67155 -0.36311
v -0.26452 0.67155 -0.36311
v -0.26452 0.67155 -0.36311
v -0.24895 0.65143 -0.33466
v -0.24895 0.65143 -0.33466
v -0.26026 0.67098 -0.37717
v -0.26026 0.67098 -0.37717
v -0.17567 -0.58175 -0.22299
v -0.25426 -0.57666 -0.35803
v -0.25426 -0.57666 -0.35803
v -0.23756 -0.43579 -0.35145
v -0.23756 -0.43579 -0.35145
v -0.23756 -0.43579 -0.35145
v -0.23756 -0.43579 -0.35145
v -0.25648 -0.40877 -0.01935
v -0.25648 -0.40877 -0.01935
v -0.23331 -0.34966 -0.31389
v -0.26170 -0.35370 -0.09157
v -0.24677 -0.33325 -0.07765
v -0.25854 -0.31353 -0.31896
v -0.26443 -0.31298 -0.33524
v -0.25985 -0.33584 -0.35995
v -0.25985 -0.33584 -0.35995
v -0.26742 -0.31839 -0.25857
v -0.24252 -0.29436 -0.36562
v -0.24252 -0.29436 -0.36562
v -0.26365 -0.26394 -0.31767
v -0.26365 -0.26394 -0.31767
v -0.24300 -0.24707 -0.27314
v -0.24300 -0.24707 -0.27314
v -0.24356 -0.28497 -0.12768
v -0.24356 -0.28497 -0.12768
v -0.24916 -0.26589 -0.11925
v -0.24916 -0.26589 -0.11925
v -0.24916 -0.26589 -0.11925
v -0.25782 -0.26120 -0.30160
v -0.25782 -0.26120 -0.30160
v -0.24129 -0.22949 -0.25840
v -0.26088 -0.23773 -0.20230
v -0.24952 -0.21553 -0.17907
v -0.22736 -0.17544 -0.11584
v -0.26128 -0.15707 -0.30638
v -0.26128 -0.15707 -0.30638
v -0.22321 -0.18198 -0.05221
v -0.22321 -0.18198 -0.05221
v -0.23867 -0.10355 -0.06949
v -0.23867 -0.10355 -0.06949
v -0.23867 -0.10355 -0.06949
v -0.22873 -0.13071 -0.03733
v -0.26157 -0.05855 -0.32943
v -0.25100 -0.04817 -0.00193
v -0.25100 -0.04817 -0.00193
v -0.26133 0.07130 -0.33013
v -0.26133 0.07130 -0.33013
v -0.25245 0.12325 -0.32029
v -0.25245 0.12325 -0.32029
v -0.25245 0.12325 -0.32029
v -0.25245 0.12325 -0.32029
v -0.25245 0.12325 -0.32029
v -0.22499 0.31971 0.16760
v -0.22499 0.31971 0.16760
v -0.25615 0.34318 -0.23068
v -0.25615 0.34318 -0.23068
v -0.25344 0.43586 -0.20851
v -0.23031 0.47242 -0.21333
v -0.23031 0.47242 -0.21333
v -0.25360 0.65199 -0.34851
v -0.25360 0.65199 -0.34851
v -0.25360 0.65199 -0.34851
v -0.25360 0.65199 -0.34851
v -0.24433 -0.63568 -0.27139
v -0.24433 -0.63568 -0.27139
v -0.24880 -0.60335 -0.25543
v -0.23413 -0.48103 -0.43448
v -0.23005 -0.55675 -0.41516
v -0.23005 -0.55675 -0.41516
v -0.23970 -0.49272 -0.31922
v -0.23970 -0.49272 -0.31922
v -0.24268 -0.43249 -0.01480
v -0.24268 -0.43249 -0.01480
v -0.24717 -0.35573 -0.05252
v -0.24717 -0.35573 -0.05252
v -0.25461 -0.26929 -0.15486
v -0.20506 -0.20584 -0.33099
v -0.20506 -0.20584 -0.33099
v -0.24392 -0.00215 -0.03169
v -0.23977 -0.01364 -0.33577
v -0.24035 0.01056 -0.02342
v -0.24035 0.01056 -0.02342
v -0.24035 0.01056 -0.02342
v -0.24035 0.01056 -0.02342
v -0.24322 0.00363 -0.03941
v -0.24322 0.00363 -0.03941
v -0.24322 0.00363 -0.03941
v -0.23913 0.11160 -0.33948
v -0.23913 0.11160 -0.33948
v -0.23913 0.11160 -0.33948
v -0.23913 0.11160 -0.33948
v -0.22955 0.14346 -0.15488
v -0.22875 0.09728 0.03391
v -0.23728 0.26128 -0.19854
v -0.23728 0.26128 -0.19854
v -0.23728 0.26128 -0.19854
v -0.23728 0.26128 -0.19854
v -0.23728 0.26128 -0.19854
v -0.23270 0.28770 -0.23886
v -0.23270 0.28770 -0.23886
v -0.25253 0.29894 -0.23250
v -0.25253 0.29894 -0.23250
v -0.23259 0.32764 -0.24089
v -0.23259 0.32764 -0.24089
v -0.24312 0.34545 -0.22016
v -0.24312 0.34545 -0.22016
v -0.24485 0.36243 -0.22435
v -0.21276 0.52841 -0.15603
v -0.21276 0.52841 -0.15603
v -0.24451 0.52019 -0.07141
v -0.24451 0.52019 -0.07141
v -0.21021 0.52486 -0.13607
v -0.23925 0.53016 -0.05239
v -0.23925 0.53016 -0.05239
v -0.23925 0.53016 -0.05239
v -0.24904 0.78118 -0.24919
v -0.24904 0.78118 -0.24919
v -0.25359 0.72992 -0.27946
v -0.24730 0.77590 -0.23344
v -0.24730 0.77590 -0.23344
v -0.24934 0.78484 -0.29304
v -0.24934 0.78484 -0.29304
v -0.24491 -0.64270 -0.27202
v -0.24491 -0.64270 -0.27202
v -0.22879 -0.66942 -0.27935
v -0.22879 -0.66942 -0.27935
v -0.21727 -0.52823 -0.00015
v -0.21727 -0.52823 -0.00015
v -0.21311 -0.48158 -0.38510
v -0.21311 -0.48158 -0.38510
v -0.21311 -0.48158 -0.38510
v -0.21311 -0.48158 -0.38510
v -0.22893 -0.43321 -0.42177
v -0.24201 -0.40147 -0.33212
v -0.24201 -0.40147 -0.33212
v -0.24201 -0.40147 -0.33212
v -0.23402 -0.31641 -0.37017
v -0.21575 -0.33690 -0.36228
v -0.21575 -0.33690 -0.36228
v -0.24777 -0.33146 -0.31298
v -0.21751 -0.33897 -0.30574
v -0.23059 -0.27562 -0.33073
v -0.23059 -0.27562 -0.33073
v -0.23059 -0.27562 -0.33073
v -0.18934 -0.23852 -0.06204
v -0.18934 -0.23852 -0.06204
v -0.18934 -0.23852 -0.06204
v -0.22352 -0.03583 -0.02923
v -0.22352 -0.03583 -0.02923
v -0.22352 -0.03583 -0.02923
v -0.23901 -0.02581 -0.35099
v -0.23497 0.10141 -0.09987
v -0.23907 0.15575 -0.28356
v -0.21280 0.13483 -0.03039
v -0.21280 0.13483 -0.03039
v -0.23141 0.17195 -0.26100
v -0.23141 0.17195 -0.26100
v -0.23141 0.17195 -0.26100
v -0.20078 0.21263 -0.15032
v -0.20078 0.21263 -0.15032
v -0.23425 0.27386 -0.21311
v -0.23425 0.27386 -0.21311
v -0.20196 0.36794 0.18380
v -0.21986 0.42832 -0.24840
v -0.22319 0.46056 0.13504
v -0.22319 0.46056 0.13504
v -0.21872 0.49428 0.12687
v -0.21872 0.49428 0.12687
v -0.21872 0.49428 0.12687
v -0.21872 0.49428 0.12687
v -0.23758 0.51538 -0.00608
v -0.22650 0.51707 0.03700
v -0.22650 0.51707 0.03700
v -0.23866 0.52966 -0.08295
v -0.23866 0.52966 -0.08295
v -0.23821 0.76100 -0.29942
v -0.23821 0.76100 -0.29942
v -0.20666 -0.61168 -0.27137
v -0.22393 -0.59815 -0.09137
v -0.22760 -0.53905 -0.02394
v -0.22760 -0.53905 -0.02394
v -0.22134 -0.35729 -0.03511
v -0.21307 -0.30289 -0.34935
v -0.21045 -0.29513 -0.04483
v -0.21045 -0.29513 -0.04483
v -0.20993 -0.28370 -0.07161
v -0.20993 -0.28370 -0.07161
v -0.22602 -0.24184 -0.07601
v -0.22602 -0.24184 -0.07601
v -0.22602 -0.24184 -0.07601
v -0.21894 -0.26356 -0.29525
v -0.21894 -0.26356 -0.29525
v -0.21507 -0.22348 -0.31384
v -0.23492 -0.11384 -0.01879
v -0.23492 -0.11384 -0.01879
v -0.23492 -0.11384 -0.01879
v -0.22497 -0.11384 -0.01276
v -0.22497 -0.11384 -0.01276
v -0.22786 -0.02937 0.01187
v -0.20583 0.01231 -0.34575
v -0.21319 0.10230 0.07753
v -0.19826 0.17281 -0.23827
v -0.19826 0.17281 -0.23827
v -0.19826 0.17281 -0.23827
v -0.19826 0.17281 -0.23827
v -0.23661 0.19128 -0.27991
v -0.23661 0.19128 -0.27991
v -0.21167 0.22542 -0.10643
v -0.21167 0.22542 -0.10643
v -0.23606 0.24551 0.15344
v -0.23606 0.24551 0.15344
v -0.21616 0.29286 -0.23920
v -0.20435 0.31932 -0.26462
v -0.21355 0.38519 -0.26550
v -0.21355 0.38519 -0.26550
v -0.22908 0.51543 -0.02012
v -0.22908 0.51543 -0.02012
v -0.21470 0.52699 -0.00351
v -0.21470 0.52699 -0.00351
v -0.22797 0.53771 -0.10550
v -0.22797 0.53771 -0.10550
v -0.17640 0.56604 -0.07282
v -0.17640 0.56604 -0.07282
v -0.22993 0.68260 -0.30132
v -0.22993 0.68260 -0.30132
v -0.21407 0.69395 -0.16261
v -0.21407 0.69395 -0.16261
v -0.21757 0.69221 -0.26944
v -0.19401 0.74822 -0.17313
v -0.19401 0.74822 -0.17313
v -0.19401 0.74822 -0.17313
v -0.19401 0.74822 -0.17313
v -0.21393 -0.53099 -0.44901
v -0.20214 -0.54435 -0.43904
v -0.20214 -0.54435 -0.43904
v -0.20214 -0.54435 -0.43904
v -0.20214 -0.54435 -0.43904
v -0.21119 -0.44623 -0.01522
v -0.22869 -0.40118 -0.34059
v -0.22869 -0.40118 -0.34059
v -0.22869 -0.40118 -0.34059
v -0.22869 -0.40118 -0.34059
v -0.21739 -0.39701 -0.41335
v -0.21918 -0.41402 -0.01434
v -0.21918 -0.41402 -0.01434
v -0.20234 -0.37673 -0.03293
v -0.20234 -0.37673 -0.03293
v -0.22131 -0.25823 -0.06374
v -0.22131 -0.25823 -0.06374
v -0.17380 -0.21598 -0.05252
v -0.17380 -0.21598 -0.05252
v -0.21958 -0.14198 -0.03693
v -0.21958 -0.14198 -0.03693
v -0.20451 -0.07908 -0.04881
v -0.20451 -0.07908 -0.04881
v -0.22876 -0.01698 -0.04300
v -0.22876 -0.01698 -0.04300
v -0.22876 -0.01698 -0.04300
v -0.22876 -0.01698 -0.04300
v -0.22876 -0.01698 -0.04300
v -0.20432 -0.00030 -0.05251
v -0.19159 0.06038 -0.34610
v -0.22234 0.08067 -0.07975
v -0.22234 0.08067 -0.07975
v -0.20486 0.05949 -0.09584
v -0.20486 0.05949 -0.09584
v -0.20486 0.05949 -0.09584
v -0.20459 0.12825 -0.12199
v -0.20459 0.12825 -0.12199
v -0.18627 0.14347 -0.30911
v -0.18627 0.14347 -0.30911
v -0.18627 0.14347 -0.30911
v -0.19782 0.18329 0.17330
v -0.19782 0.18329 0.17330
v -0.19782 0.18329 0.17330
v -0.19782 0.18329 0.17330
v -0.20713 0.20423 -0.09089
v -0.20713 0.20423 -0.09089
v -0.22651 0.26351 -0.22422
v -0.22651 0.26351 -0.22422
v -0.19169 0.35073 0.20648
v -0.22703 0.52704 -0.01663
v -0.22703 0.52704 -0.01663
v -0.20922 0.55304 -0.11812
v -0.22406 0.53918 -0.03197
v -0.22406 0.53918 -0.03197
v -0.22802 0.63952 -0.25935
v -0.22802 0.63952 -0.25935
v -0.15960 0.60255 -0.25908
v -0.20294 -0.72762 -0.30860
v -0.20294 -0.72762 -0.30860
v -0.20294 -0.72762 -0.30860
v -0.20294 -0.72762 -0.30860
v -0.23282 -0.75263 -0.27524
v -0.23282 -0.75263 -0.27524
v -0.23282 -0.75263 -0.27524
v -0.19078 -0.73946 -0.27621
v -0.19078 -0.73946 -0.27621
v -0.21236 -0.54133 -0.32663
v -0.21236 -0.54133 -0.32663
v -0.18856 -0.54197 -0.27843
v -0.18856 -0.54197 -0.27843
v -0.22298 -0.53667 -0.39243
v -0.22298 -0.53667 -0.39243
v -0.22298 -0.53667 -0.39243
v -0.21572 -0.49270 -0.40508
v -0.21572 -0.49270 -0.40508
v -0.21572 -0.49270 -0.40508
v -0.21572 -0.49270 -0.40508
v -0.19896 -0.50873 -0.44804
v -0.19896 -0.50873 -0.44804
v -0.20787 -0.44688 -0.43480
v -0.20787 -0.44688 -0.43480
v -0.20787 -0.44688 -0.43480
v -0.21128 -0.45827 -0.40266
v -0.21128 -0.45827 -0.40266
v -0.21128 -0.45827 -0.40266
v -0.20465 -0.37752 -0.05371
v -0.20465 -0.37752 -0.05371
v -0.17530 -0.30373 -0.04413
v -0.17530 -0.30373 -0.04413
v -0.21228 -0.24502 -0.05715
v -0.21228 -0.24502 -0.05715
v -0.18829 -0.08136 -0.00380
v -0.21720 -0.00125 -0.33752
v -0.21014 -0.01015 -0.02182
v -0.21014 -0.01015 -0.02182
v -0.21014 -0.01015 -0.02182
v -0.21014 -0.01015 -0.02182
v -0.22640 0.09993 -0.31055
v -0.22640 0.09993 -0.31055
v -0.21857 0.11376 -0.31813
v -0.21857 0.11376 -0.31813
v -0.20541 0.11099 -0.33426
v -0.20541 0.11099 -0.33426
v -0.18940 0.10219 0.13056
v -0.18940 0.10219 0.13056
v -0.16205 0.15964 -0.25619
v -0.16205 0.15964 -0.25619
v -0.16205 0.15964 -0.25619
v -0.16205 0.15964 -0.25619
v -0.16205 0.15964 -0.25619
v -0.20075 0.15044 -0.16340
v -0.20075 0.15044 -0.16340
v -0.18150 0.31378 -0.27246
v -0.20295 0.31906 0.20571
v -0.20295 0.31906 0.20571
v -0.21324 0.38036 -0.26850
v -0.21258 0.43687 0.14374
v -0.21258 0.43687 0.14374
v -0.21258 0.43687 0.14374
v -0.19907 0.45763 -0.25644
v -0.19907 0.45763 -0.25644
v -0.19907 0.45763 -0.25644
v -0.22333 0.49076 0.15847
v -0.22333 0.49076 0.15847
v -0.20401 0.67538 -0.23316
v -0.19030 -0.52200 -0.03979
v -0.19030 -0.52200 -0.03979
v -0.19030 -0.52200 -0.03979
v -0.18488 -0.58689 -0.34177
v -0.18488 -0.58689 -0.34177
v -0.20756 -0.49836 -0.40992
v -0.20756 -0.49836 -0.40992
v -0.19669 -0.35742 -0.37436
v -0.20623 -0.24094 -0.35080
v -0.20623 -0.24094 -0.35080
v -0.19425 -0.26291 -0.31645
v -0.19425 -0.26291 -0.31645
v -0.19787 -0.02334 -0.04077
v -0.19787 -0.02334 -0.04077
v -0.20434 0.03854 -0.07282
v -0.20434 0.03854 -0.07282
v -0.17613 0.11701 -0.31186
v -0.17613 0.11701 -0.31186
v -0.17613 0.11701 -0.31186
v -0.19289 0.06976 0.00819
v -0.19289 0.06976 0.00819
v -0.20003 0.16197 -0.05566
v -0.20003 0.16197 -0.05566
v -0.17649 0.21478 -0.17608
v -0.17649 0.21478 -0.17608
v -0.19382 0.48207 0.13607
v -0.19059 0.50065 0.11985
v -0.19059 0.50065 0.11985
v -0.19059 0.50065 0.11985
v -0.22228 0.51210 0.09711
v -0.22228 0.51210 0.09711
v -0.18993 0.54911 -0.14670
v -0.18321 0.55936 -0.00131
v -0.20605 0.70305 -0.28428
v -0.20605 0.70305 -0.28428
v -0.18483 -0.63584 -0.31747
v -0.13934 -0.57857 -0.13156
v -0.19105 -0.51595 -0.45431
v -0.19105 -0.51595 -0.45431
v -0.19105 -0.51595 -0.45431
v -0.19105 -0.51595 -0.45431
v -0.16339 -0.53324 -0.36470
v -0.19745 -0.50438 0.00688
v -0.19489 -0.46399 -0.41642
v -0.19489 -0.46399 -0.41642
v -0.19489 -0.46399 -0.41642
v -0.19489 -0.46399 -0.41642
v -0.17466 -0.44736 -0.37353
v -0.17466 -0.44736 -0.37353
v -0.19272 -0.46323 0.00245
v -0.20588 -0.41491 -0.01899
v -0.19489 -0.40748 -0.42514
v -0.18585 -0.43146 -0.44087
v -0.18876 -0.37947 -0.01612
v -0.18876 -0.37947 -0.01612
v -0.18515 -0.34044 -0.35217
v -0.18515 -0.34044 -0.35217
v -0.16873 -0.21191 -0.03303
v -0.16873 -0.21191 -0.03303
v -0.16873 -0.21191 -0.03303
v -0.18943 -0.02427 -0.04103
v -0.18943 -0.02427 -0.04103
v -0.18663 0.02815 -0.35137
v -0.18663 0.02815 -0.35137
v -0.17682 0.09229 -0.02676
v -0.17682 0.09229 -0.02676
v -0.20467 0.17370 -0.27261
v -0.20467 0.17370 -0.27261
v -0.19418 0.23924 -0.23327
v -0.19418 0.23924 -0.23327
v -0.14758 0.26901 0.16785
v -0.14758 0.26901 0.16785
v -0.12355 0.33769 0.21198
v -0.18821 0.44485 0.13575
v -0.18821 0.44485 0.13575
v -0.17144 0.49718 -0.23372
v -0.15527 0.56105 0.07663
v -0.16576 0.55833 -0.15237
v -0.16576 0.55833 -0.15237
v -0.16226 0.63468 -0.30551
v -0.16226 0.63468 -0.30551
v -0.16226 0.63468 -0.30551
v -0.16226 0.63468 -0.30551
v -0.20590 0.69174 -0.31804
v -0.20590 0.69174 -0.31804
v -0.20590 0.69174 -0.31804
v -0.20590 0.69174 -0.31804
v -0.18973 0.67180 -0.21264
v -0.19614 0.68181 -0.29521
v -0.19614 0.68181 -0.29521
v -0.18094 0.66357 -0.19764
v -0.20122 0.76217 -0.31009
v -0.20122 0.76217 -0.31009
v -0.20122 0.76217 -0.31009
v -0.20122 0.76217 -0.31009
v -0.19767 0.77297 -0.22818
v -0.19767 0.77297 -0.22818
v -0.19426 -0.79146 -0.29329
v -0.19426 -0.79146 -0.29329
v -0.19100 -0.62407 -0.46266
v -0.19100 -0.62407 -0.46266
v -0.19097 -0.60744 -0.44916
v -0.19097 -0.60744 -0.44916
v -0.19457 -0.60306 0.02272
v -0.19457 -0.60306 0.02272
v -0.18389 -0.61120 0.00107
v -0.18389 -0.61120 0.00107
v -0.19128 -0.53362 0.00546
v -0.20162 -0.43970 -0.42392
v -0.20162 -0.43970 -0.42392
v -0.17048 -0.43950 -0.43445
v -0.17580 -0.39004 -0.02037
v -0.17580 -0.39004 -0.02037
v -0.15439 -0.32991 -0.00441
v -0.15439 -0.32991 -0.00441
v -0.16155 -0.23802 -0.01177
v -0.16155 -0.23802 -0.01177
v -0.16155 -0.23802 -0.01177
v -0.15968 -0.25874 -0.03993
v -0.16552 -0.16969 -0.35517
v -0.16552 -0.16969 -0.35517
v -0.18678 -0.10524 -0.03249
v -0.18678 -0.10524 -0.03249
v -0.17711 -0.08458 -0.02174
v -0.17711 -0.08458 -0.02174
v -0.16183 0.04176 -0.05751
v -0.16183 0.04176 -0.05751
v -0.17476 0.13801 -0.28588
v -0.17476 0.13801 -0.28588
v -0.17476 0.13801 -0.28588
v -0.17633 0.15725 -0.16724
v -0.17633 0.15725 -0.16724
v -0.18205 0.18250 -0.30203
v -0.18205 0.18250 -0.30203
v -0.17787 0.22329 -0.21671
v -0.18917 0.47883 0.12633
v -0.18917 0.47883 0.12633
v -0.17593 0.54308 -0.17735
v -0.16434 0.62841 -0.19632
v -0.16546 0.65452 -0.16170
v -0.16546 0.65452 -0.16170
v -0.20601 0.70555 -0.36626
v -0.20601 0.70555 -0.36626
v -0.17293 0.77482 -0.24783
v -0.17293 0.77482 -0.24783
v -0.21242 0.78157 -0.21038
v -0.18126 0.82068 -0.17227
v -0.18126 0.82068 -0.17227
v -0.17090 0.89453 -0.27953
v -0.17090 0.89453 -0.27953
v -0.17090 0.89453 -0.27953
v -0.15690 -0.74556 -0.32985
v -0.15690 -0.74556 -0.32985
v -0.16513 -0.70378 -0.32416
v -0.18267 -0.62426 0.03688
v -0.18267 -0.62426 0.03688
v -0.13836 -0.58431 -0.01128
v -0.13836 -0.58431 -0.01128
v -0.15886 -0.54232 0.01518
v -0.15886 -0.54232 0.01518
v -0.15886 -0.54232 0.01518
v -0.15417 -0.56458 -0.08932
v -0.15417 -0.56458 -0.08932
v -0.16124 -0.36618 -0.40679
v -0.16124 -0.36618 -0.40679
v -0.17629 -0.03998 -0.01383
v -0.15821 0.00693 0.10079
v -0.15821 0.00693 0.10079
v -0.15254 0.25273 -0.25415
v -0.15254 0.25273 -0.25415
v -0.15304 0.32095 -0.26576
v -0.15304 0.32095 -0.26576
v -0.17616 0.43337 -0.27284
v -0.14209 0.51366 0.13581
v -0.14209 0.51366 0.13581
v -0.15174 0.60843 -0.23183
v -0.15174 0.60843 -0.23183
v -0.15174 0.60843 -0.23183
v -0.17401 0.74145 -0.44079
v -0.17401 0.74145 -0.44079
v -0.17680 0.81338 -0.26620
v -0.17680 0.81338 -0.26620
v -0.17680 0.81338 -0.26620
v -0.18611 0.80854 -0.33920
v -0.15324 0.76755 -0.13021
v -0.15324 0.76755 -0.13021
v -0.15324 0.76755 -0.13021
v -0.15049 -0.73025 -0.26682
v -0.15049 -0.73025 -0.26682
v -0.15049 -0.73025 -0.26682
v -0.15049 -0.73025 -0.26682
v -0.17960 -0.64687 -0.06519
v -0.17960 -0.64687 -0.06519
v -0.14486 -0.57245 -0.35756
v -0.16255 -0.49428 -0.44370
v -0.16255 -0.49428 -0.44370
v -0.18028 -0.45977 -0.38948
v -0.16409 -0.45522 -0.37240
v -0.16409 -0.45522 -0.37240
v -0.15081 -0.50140 0.01469
v -0.15081 -0.50140 0.01469
v -0.16822 -0.39330 0.00357
v -0.16822 -0.39330 0.00357
v -0.16822 -0.39330 0.00357
v -0.14346 -0.21095 -0.04891
v -0.14346 -0.21095 -0.04891
v -0.14961 -0.16066 -0.00829
v -0.14978 -0.01916 -0.35239
v -0.14978 -0.01916 -0.35239
v -0.17417 0.01174 -0.35859
v -0.17417 0.01174 -0.35859
v -0.15182 0.13770 -0.29390
v -0.15182 0.13770 -0.29390
v -0.18290 0.11437 -0.34429
v -0.18290 0.11437 -0.34429
v -0.17661 0.14276 -0.19239
v -0.17661 0.14276 -0.19239
v -0.17964 0.14923 0.13839
v -0.17964 0.14923 0.13839
v -0.17964 0.14923 0.13839
v -0.17506 0.16774 0.15374
v -0.17506 0.16774 0.15374
v -0.15885 0.26231 -0.25086
v -0.16983 0.37693 -0.27703
v -0.16983 0.37693 -0.27703
v -0.16152 0.49660 -0.23809
v -0.16152 0.49660 -0.23809
v -0.17218 0.56782 -0.10170
v -0.13796 0.74428 -0.48812
v -0.13796 0.74428 -0.48812
v -0.13796 0.74428 -0.48812
v -0.16522 0.83272 -0.34064
v -0.16522 0.83272 -0.34064
v -0.16193 -0.67610 -0.32948
v -0.16193 -0.67610 -0.32948
v -0.14878 -0.69381 -0.08253
v -0.07136 -0.53755 -0.25485
v -0.07136 -0.53755 -0.25485
v -0.14754 -0.49127 -0.37790
v -0.14754 -0.49127 -0.37790
v -0.14562 -0.48352 -0.42466
v -0.14562 -0.48352 -0.42466
v -0.14060 -0.40255 -0.43882
v -0.17425 -0.24726 -0.33093
v -0.17002 -0.18741 -0.35095
v -0.14637 -0.06515 -0.00188
v -0.14860 0.07363 -0.32718
v -0.16553 0.01859 0.13621
v -0.16553 0.01859 0.13621
v -0.16553 0.01859 0.13621
v -0.16553 0.01859 0.13621
v -0.07936 0.03680 -0.00886
v -0.07936 0.03680 -0.00886
v -0.07936 0.03680 -0.00886
v -0.16551 0.14359 0.04056
v -0.16551 0.14359 0.04056
v -0.16551 0.14359 0.04056
v -0.16551 0.14359 0.04056
v -0.14187 0.05487 0.09231
v -0.14187 0.05487 0.09231
v -0.15547 0.17591 0.16275
v -0.15547 0.17591 0.16275
v -0.15258 0.16883 0.18632
v -0.15258 0.16883 0.18632
v -0.12371 0.23266 -0.24840
v -0.12371 0.23266 -0.24840
v -0.12371 0.23266 -0.24840
v -0.12466 0.30984 0.21646
v -0.11154 0.43251 0.18008
v -0.14178 0.48047 0.13351
v -0.14287 0.66322 -0.35581
v -0.14287 0.66322 -0.35581
v -0.16039 0.81122 -0.15761
v -0.16039 0.81122 -0.15761
v -0.14454 0.83501 -0.40379
v -0.14454 0.83501 -0.40379
v -0.14454 0.83501 -0.40379
v -0.16977 0.86545 -0.21298
v -0.16977 0.86545 -0.21298
v -0.13934 -0.87133 -0.29009
v -0.13934 -0.87133 -0.29009
v -0.13934 -0.87133 -0.29009
v -0.15550 -0.50392 0.00916
v -0.15550 -0.50392 0.00916
v -0.15666 -0.50667 -0.39667
v -0.15666 -0.50667 -0.39667
v -0.14697 -0.39221 -0.01113
v -0.14697 -0.39221 -0.01113
v -0.15141 -0.27878 -0.34118
v -0.15059 -0.31648 -0.35340
v -0.15059 -0.31648 -0.35340
v -0.11328 -0.27068 -0.02187
v -0.11328 -0.27068 -0.02187
v -0.11328 -0.27068 -0.02187
v -0.16962 -0.22945 -0.00953
v -0.16962 -0.22945 -0.00953
v -0.10690 -0.09649 -0.36421
v -0.10690 -0.09649 -0.36421
v -0.10690 -0.09649 -0.36421
v -0.15032 -0.14169 -0.00091
v -0.16869 -0.09677 -0.01696
v -0.11372 0.00149 0.16336
v -0.11372 0.00149 0.16336
v -0.16334 0.04880 0.14284
v -0.16334 0.04880 0.14284
v -0.16416 0.08113 0.15684
v -0.16416 0.08113 0.15684
v -0.15514 0.03469 0.15347
v -0.15514 0.03469 0.15347
v -0.15908 0.04418 0.00078
v -0.15908 0.04418 0.00078
v -0.14977 0.04146 0.13641
v -0.14977 0.04146 0.13641
v -0.14977 0.04146 0.13641
v -0.14977 0.04146 0.13641
v -0.14977 0.04146 0.13641
v -0.15836 0.08865 -0.32808
v -0.12487 0.14651 0.17169
v -0.12487 0.14651 0.17169
v -0.12487 0.14651 0.17169
v -0.12487 0.14651 0.17169
v -0.17647 0.24970 0.20628
v -0.17647 0.24970 0.20628
v -0.17647 0.24970 0.20628
v -0.17647 0.24970 0.20628
v -0.14874 0.31730 -0.28369
v -0.16016 0.34260 -0.27526
v -0.16016 0.34260 -0.27526
v -0.15309 0.53124 -0.18598
v -0.15309 0.53124 -0.18598
v -0.15309 0.53124 -0.18598
v -0.14750 0.56641 0.04249
v -0.12592 0.58702 -0.08576
v -0.12592 0.58702 -0.08576
v -0.15601 0.76823 -0.37860
v -0.15601 0.76823 -0.37860
v -0.15601 0.76823 -0.37860
v -0.13992 0.76840 -0.37393
v -0.13992 0.76840 -0.37393
v -0.13992 0.76840 -0.37393
v -0.01855 -0.55968 -0.18281
v -0.14158 -0.54642 0.00788
v -0.14158 -0.54642 0.00788
v -0.14158 -0.54642 0.00788
v -0.15118 -0.51338 -0.39648
v -0.15118 -0.51338 -0.39648
v -0.13845 -0.51829 -0.43095
v -0.13845 -0.51829 -0.43095
v -0.13502 -0.23917 -0.01771
v -0.13502 -0.23917 -0.01771
v -0.11279 -0.04624 -0.33968
v -0.11279 -0.04624 -0.33968
v -0.15529 -0.00896 -0.36861
v -0.15529 -0.00896 -0.36861
v -0.11334 -0.05388 0.10155
v -0.11334 -0.05388 0.10155
v -0.15047 0.15228 -0.25680
v -0.15047 0.15228 -0.25680
v -0.16258 0.17431 0.06046
v -0.16258 0.17431 0.06046
v -0.12510 0.19063 -0.24319
v -0.12510 0.19063 -0.24319
v -0.15098 0.23111 0.22032
v -0.15098 0.23111 0.22032
v -0.13429 0.25258 0.23136
v -0.13429 0.25258 0.23136
v -0.15186 0.23565 0.24660
v -0.15186 0.23565 0.24660
v -0.14817 0.25972 0.23021
v -0.13685 0.28136 0.22400
v -0.13685 0.28136 0.22400
v -0.15436 0.56463 -0.18812
v -0.13010 0.62058 -0.11336
v -0.13010 0.62058 -0.11336
v -0.13010 0.62058 -0.11336
v -0.13755 0.64832 -0.15146
v -0.13755 0.64832 -0.15146
v -0.13545 0.82565 -0.18410
v -0.13545 0.82565 -0.18410
v -0.12636 0.83256 -0.29742
v -0.12636 0.83256 -0.29742
v -0.13369 0.83209 -0.25039
v -0.13369 0.83209 -0.25039
v -0.14794 -0.77045 -0.29474
v -0.14794 -0.77045 -0.29474
v -0.13103 -0.73181 -0.04171
v -0.13103 -0.73181 -0.04171
v -0.12103 -0.63396 -0.34386
v -0.12103 -0.63396 -0.34386
v -0.13554 -0.64672 -0.33491
v -0.13554 -0.64672 -0.33491
v -0.14163 -0.50347 -0.00401
v -0.14163 -0.50347 -0.00401
v -0.14163 -0.50347 -0.00401
v -0.14163 -0.50347 -0.00401
v -0.14712 -0.53570 -0.00848
v -0.14712 -0.53570 -0.00848
v -0.11076 -0.46126 -0.45421
v -0.13856 -0.41518 -0.42843
v -0.13294 -0.39654 -0.41016
v -0.13294 -0.39654 -0.41016
v -0.14051 -0.29800 0.03586
v -0.14051 -0.29800 0.03586
v -0.12415 -0.26146 -0.02429
v -0.13056 -0.24017 -0.00769
v -0.13056 -0.24017 -0.00769
v -0.14205 -0.20384 -0.00128
v -0.14205 -0.20384 -0.00128
v -0.14205 -0.20384 -0.00128
v -0.11250 -0.19811 -0.33892
v -0.11250 -0.19811 -0.33892
v -0.13622 -0.14731 -0.00986
v -0.13622 -0.14731 -0.00986
v -0.10660 0.21172 0.22271
v -0.10660 0.21172 0.22271
v -0.13987 0.35229 -0.28569
v -0.14376 0.54858 -0.19696
v -0.14376 0.54858 -0.19696
v -0.13702 0.54245 0.12973
v -0.14111 0.56734 -0.22040
v -0.14111 0.56734 -0.22040
v -0.13026 0.55396 -0.21950
v -0.13026 0.55396 -0.21950
v -0.13413 0.59456 -0.38770
v -0.13413 0.59456 -0.38770
v -0.13911 0.80128 -0.15629
v -0.13911 0.80128 -0.15629
v -0.13426 0.83687 -0.20112
v -0.07381 -0.79917 -0.05555
v -0.07381 -0.79917 -0.05555
v -0.10515 -0.70200 -0.33446
v -0.12307 -0.55209 -0.02104
v -0.12307 -0.55209 -0.02104
v -0.08270 -0.58584 -0.37760
v -0.08270 -0.58584 -0.37760
v -0.11682 -0.54994 -0.37613
v -0.11682 -0.54994 -0.37613
v -0.10115 -0.52380 -0.44123
v -0.10115 -0.52380 -0.44123
v -0.14195 -0.41733 -0.04407
v -0.14599 -0.35849 0.03609
v -0.14599 -0.35849 0.03609
v -0.14599 -0.35849 0.03609
v -0.14843 -0.34349 -0.35087
v -0.14843 -0.34349 -0.35087
v -0.07110 -0.31541 -0.37769
v -0.10081 -0.24540 -0.34588
v -0.10081 -0.24540 -0.34588
v -0.10497 -0.24285 -0.00958
v -0.10497 -0.24285 -0.00958
v -0.10497 -0.24285 -0.00958
v -0.12377 -0.13888 -0.35943
v -0.12377 -0.13888 -0.35943
v -0.13180 -0.13066 -0.36135
v -0.13180 -0.13066 -0.36135
v -0.11434 -0.10021 0.00046
v -0.13050 -0.03030 -0.36958
v -0.13050 -0.03030 -0.36958
v -0.12952 0.02959 0.11890
v -0.12952 0.02959 0.11890
v -0.11380 0.08654 -0.32294
v -0.12157 0.11825 0.02522
v -0.12157 0.11825 0.02522
v -0.12157 0.11825 0.02522
v -0.08489 0.18886 0.30393
v -0.08489 0.18886 0.30393
v -0.08489 0.18886 0.30393
v -0.13059 0.48065 0.17673
v -0.10220 0.52202 -0.22099
v -0.10220 0.52202 -0.22099
v -0.12459 0.57930 0.03576
v -0.13569 0.55995 0.07885
v -0.11833 0.67238 -0.36572
v -0.11833 0.67238 -0.36572
v -0.12657 0.70054 -0.41381
v -0.13664 0.78448 -0.37658
v -0.11668 0.74790 -0.34636
v -0.13399 0.80206 -0.16770
v -0.11899 -0.66377 -0.33676
v -0.07033 -0.53854 -0.42038
v -0.07033 -0.53854 -0.42038
v -0.07033 -0.53854 -0.42038
v -0.07789 -0.59933 -0.39549
v -0.07789 -0.59933 -0.39549
v -0.08377 -0.53154 0.04701
v -0.10942 -0.41112 -0.01335
v -0.10942 -0.41112 -0.01335
v -0.10768 -0.43415 -0.43159
v -0.11593 -0.40613 0.02896
v -0.11593 -0.40613 0.02896
v -0.11593 -0.40613 0.02896
v -0.09246 -0.39620 0.08175
v -0.09246 -0.39620 0.08175
v -0.11078 -0.38477 0.06548
v -0.11078 -0.38477 0.06548
v -0.11078 -0.38477 0.06548
v -0.10709 -0.39873 -0.38864
v -0.10709 -0.39873 -0.38864
v -0.10377 -0.32100 0.08707
v -0.10377 -0.32100 0.08707
v -0.10377 -0.32100 0.08707
v -0.10377 -0.32100 0.08707
v -0.11165 -0.29253 0.06651
v -0.11165 -0.29253 0.06651
v -0.11165 -0.29253 0.06651
v -0.10854 -0.02250 -0.38182
v -0.10854 -0.02250 -0.38182
v -0.13874 -0.01417 -0.37033
v -0.13874 -0.01417 -0.37033
v -0.05791 -0.03137 0.14597
v -0.10404 0.01864 -0.35320
v -0.10404 0.01864 -0.35320
v -0.07771 0.16936 0.20829
v -0.07771 0.16936 0.20829
v -0.09286 0.23725 0.31641
v -0.09286 0.23725 0.31641
v -0.12685 0.26835 -0.26980
v -0.11417 0.32912 -0.29527
v -0.11417 0.32912 -0.29527
v -0.11417 0.32912 -0.29527
v -0.10684 0.40860 -0.29695
v -0.10684 0.40860 -0.29695
v -0.07212 0.57214 0.07482
v -0.09982 0.58387 -0.27375
v -0.10579 0.63864 -0.41814
v -0.11514 0.69632 -0.13243
v -0.12291 0.77571 -0.36802
v -0.07961 0.79220 -0.35500
v -0.07961 0.79220 -0.35500
v -0.07961 0.79220 -0.35500
v -0.12136 0.87604 -0.27904
v -0.12136 0.87604 -0.27904
v -0.11206 -0.75222 -0.32075
v -0.11206 -0.75222 -0.32075
v -0.10565 -0.75848 -0.31825
v -0.10565 -0.75848 -0.31825
v -0.06886 -0.77161 -0.26499
v -0.06886 -0.77161 -0.26499
v -0.10144 -0.62309 -0.35039
v -0.10144 -0.62309 -0.35039
v -0.11338 -0.57106 0.03028
v -0.11338 -0.57106 0.03028
v -0.11918 -0.17068 -0.00704
v -0.11918 -0.17068 -0.00704
v -0.11918 -0.17068 -0.00704
v -0.10596 -0.15879 -0.37445
v -0.11828 0.03290 0.15057
v -0.09158 0.02548 0.14119
v -0.09158 0.02548 0.14119
v -0.09617 0.10537 -0.30692
v -0.10780 0.17462 0.14205
v -0.10750 0.29556 0.21491
v -0.10750 0.29556 0.21491
v -0.10309 0.44461 -0.28335
v -0.09875 0.47624 0.19078
v -0.10052 0.51338 0.17016
v -0.10052 0.51338 0.17016
v -0.10052 0.51338 0.17016
v -0.06513 0.56003 0.12402
v -0.06513 0.56003 0.12402
v -0.10218 0.58486 -0.25988
v -0.10218 0.58486 -0.25988
v -0.12323 0.58704 0.00909
v -0.08681 0.63475 -0.11841
v -0.08681 0.63475 -0.11841
v -0.09667 0.78834 -0.12182
v -0.09273 0.85364 -0.16235
v -0.09273 0.85364 -0.16235
v -0.11242 0.83307 -0.40580
v -0.11242 0.83307 -0.40580
v -0.09921 0.91653 -0.27690
v -0.10005 -0.69412 -0.01796
v -0.03815 -0.54321 -0.13565
v -0.07413 -0.41727 -0.40031
v -0.08603 -0.34573 0.02587
v -0.08603 -0.34573 0.02587
v -0.10146 -0.17741 0.02550
v -0.10458 -0.15336 0.02818
v -0.08291 -0.02432 -0.35442
v -0.08291 -0.02432 -0.35442
v -0.01799 0.00975 0.19598
v -0.01799 0.00975 0.19598
v -0.01799 0.00975 0.19598
v -0.10069 0.01931 0.17845
v -0.10069 0.01931 0.17845
v -0.10069 0.01931 0.17845
v -0.08473 0.15143 0.18539
v -0.08716 0.15103 0.19239
v -0.08716 0.15103 0.19239
v -0.11820 0.28989 0.26146
v -0.11820 0.28989 0.26146
v -0.10355 0.55528 -0.23587
v -0.09320 0.58356 -0.43096
v -0.09320 0.58356 -0.43096
v -0.07455 0.60008 -0.08465
v -0.07455 0.60008 -0.08465
v -0.07455 0.60008 -0.08465
v -0.05307 0.61579 -0.13558
v -0.05307 0.61579 -0.13558
v -0.06488 0.68488 -0.13413
v -0.10521 0.70878 -0.33051
v -0.10521 0.70878 -0.33051
v -0.10521 0.70878 -0.33051
v -0.09098 0.81515 -0.36348
v -0.09098 0.81515 -0.36348
v -0.09085 -0.65222 -0.34548
v -0.09085 -0.65222 -0.34548
v -0.08565 -0.65120 -0.01716
v -0.02584 -0.55910 -0.27292
v -0.02584 -0.55910 -0.27292
v -0.07239 -0.49907 -0.09285
v -0.07239 -0.49907 -0.09285
v -0.09681 -0.45464 0.01336
v -0.09681 -0.45464 0.01336
v -0.10369 -0.46099 0.04633
v -0.10369 -0.46099 0.04633
v -0.09134 -0.15883 -0.36400
v -0.09134 -0.15883 -0.36400
v -0.09134 -0.15883 -0.36400
v -0.07929 0.01008 -0.02667
v -0.07929 0.01008 -0.02667
v -0.07873 0.03836 0.15723
v -0.07873 0.03836 0.15723
v -0.07873 0.03836 0.15723
v -0.08218 0.10912 0.06570
v -0.04759 0.18067 0.10942
v -0.08270 0.19608 0.21267
v -0.08270 0.19608 0.21267
v -0.10555 0.22111 -0.24483
v -0.09663 0.32006 0.21580
v -0.09050 0.47779 -0.26229
v -0.09084 0.54451 -0.22569
v -0.09898 0.72620 -0.12100
v -0.09422 0.75104 -0.34364
v -0.09422 0.75104 -0.34364
v -0.09422 0.75104 -0.34364
v -0.10980 0.81646 -0.31378
v -0.10980 0.81646 -0.31378
v -0.10735 0.90184 -0.29693
v -0.10735 0.90184 -0.29693
v -0.08848 -0.78350 -0.31095
v -0.08848 -0.78350 -0.31095
v -0.08625 -0.66809 -0.35777
v -0.08625 -0.66809 -0.35777
v -0.07950 -0.57172 0.00073
v -0.07950 -0.57172 0.00073
v -0.07095 -0.42854 0.03009
v -0.07095 -0.42854 0.03009
v -0.07095 -0.42854 0.03009
v -0.09770 -0.28700 0.06418
v -0.09770 -0.28700 0.06418
v -0.07510 -0.27705 0.06667
v -0.07510 -0.27705 0.06667
v -0.07510 -0.27705 0.06667
v -0.07138 -0.25693 0.03205
v -0.07138 -0.25693 0.03205
v -0.10844 -0.18435 -0.33629
v -0.10844 -0.18435 -0.33629
v -0.08571 -0.19995 0.04274
v -0.10669 -0.18849 -0.34440
v -0.10669 -0.18849 -0.34440
v -0.05823 -0.11625 0.00408
v -0.08731 -0.00786 -0.36165
v -0.08731 -0.00786 -0.36165
v -0.05863 0.10225 0.09715
v -0.07011 0.25014 -0.26937
v -0.07011 0.25014 -0.26937
v -0.08428 0.36440 -0.29609
v -0.08428 0.36440 -0.29609
v -0.08722 0.40187 -0.29584
v -0.09900 0.49590 -0.24800
v -0.09900 0.49590 -0.24800
v -0.07743 0.53359 -0.22765
v -0.06815 0.57780 0.02313
v -0.08071 0.88513 -0.30616
v -0.07478 -0.68259 -0.36306
v -0.04814 -0.71476 -0.03663
v -0.04814 -0.71476 -0.03663
v -0.07227 -0.60698 -0.36738
v -0.06600 -0.50840 -0.43846
v -0.06600 -0.50840 -0.43846
v -0.06600 -0.50840 -0.43846
v -0.07490 -0.48432 0.02488
v -0.04033 -0.47159 -0.40528
v -0.04033 -0.47159 -0.40528
v -0.06478 -0.25161 0.00053
v -0.06478 -0.25161 0.00053
v -0.06478 -0.25161 0.00053
v -0.06478 -0.25161 0.00053
v -0.04215 0.04856 -0.30647
v -0.05491 0.03352 0.18405
v -0.05491 0.03352 0.18405
v -0.07985 0.10267 -0.30075
v -0.08406 0.27512 -0.28838
v -0.08615 0.27886 -0.29915
v -0.08615 0.27886 -0.29915
v -0.05845 0.31379 -0.31714
v -0.08083 0.48040 0.17654
v -0.08565 0.52077 0.13583
v -0.08565 0.52077 0.13583
v -0.05693 0.55460 -0.22527
v -0.05693 0.55460 -0.22527
v -0.05693 0.55460 -0.22527
v -0.08217 0.58283 -0.25877
v -0.08217 0.58283 -0.25877
v -0.08217 0.58283 -0.25877
v -0.08217 0.58283 -0.25877
v -0.07419 0.62858 -0.12479
v -0.07419 0.62858 -0.12479
v -0.06301 0.66916 -0.13412
v -0.06301 0.66916 -0.13412
v -0.08769 0.74162 -0.36952
v -0.08769 0.74162 -0.36952
v -0.05603 -0.73097 -0.05807
v -0.04275 -0.66241 -0.04874
v -0.04275 -0.66241 -0.04874
v -0.05314 -0.67691 -0.36743
v -0.07652 -0.60151 0.05063
v -0.07652 -0.60151 0.05063
v -0.05690 -0.46240 0.06941
v -0.05690 -0.46240 0.06941
v -0.05690 -0.46240 0.06941
v -0.00211 -0.36042 -0.40135
v -0.06346 -0.37715 0.09268
v -0.03722 -0.29205 -0.37489
v -0.04639 -0.12407 -0.31488
v -0.04639 -0.12407 -0.31488
v -0.04106 -0.14030 -0.36431
v -0.08831 -0.11707 0.02726
v -0.05728 0.19179 -0.22839
v -0.07531 0.29530 0.23091
v -0.07531 0.29530 0.23091
v -0.07531 0.29530 0.23091
v -0.07531 0.29530 0.23091
v -0.07315 0.32821 0.23418
v -0.07274 0.47567 -0.27050
v -0.08215 0.51367 -0.22528
v -0.08215 0.51367 -0.22528
v -0.05016 0.49288 0.13718
v -0.05723 0.51230 0.14009
v -0.05723 0.51230 0.14009
v -0.08319 0.54413 -0.22408
v -0.06373 0.61132 -0.38542
v -0.06373 0.61132 -0.38542
v -0.07575 0.63754 -0.39088
v -0.08115 0.66840 -0.35246
v -0.08115 0.66840 -0.35246
v -0.05325 0.89026 -0.23537
v -0.05325 0.89026 -0.23537
v -0.05261 -0.70903 -0.35357
v -0.05812 -0.55329 -0.37992
v -0.05812 -0.55329 -0.37992
v -0.01887 -0.60597 -0.05900
v -0.02516 -0.49889 -0.00371
v -0.02516 -0.49889 -0.00371
v -0.02516 -0.49889 -0.00371
v -0.06103 -0.40961 0.08826
v -0.05207 -0.36247 0.08795
v -0.05207 -0.36247 0.08795
v -0.03632 -0.26403 -0.37167
v -0.07528 -0.24862 0.01350
v -0.07528 -0.24862 0.01350
v -0.07528 -0.24862 0.01350
v -0.07528 -0.24862 0.01350
v -0.00607 -0.25458 -0.31572
v -0.00607 -0.25458 -0.31572
v -0.05529 -0.21002 0.01995
v -0.01585 -0.07621 -0.00544
v -0.05344 0.01592 -0.04318
v -0.05344 0.01592 -0.04318
v -0.05344 0.01592 -0.04318
v -0.07079 0.15856 0.02544
v -0.04091 0.17496 0.15869
v -0.05005 0.27903 -0.29324
v -0.07233 0.35882 -0.29416
v -0.06905 0.46926 0.15151
v -0.07149 0.49642 -0.24791
v -0.06510 0.56740 0.07079
v -0.06510 0.56740 0.07079
v -0.04269 0.78173 -0.37050
v -0.04269 0.78173 -0.37050
v -0.04269 0.78173 -0.37050
v -0.04269 0.78173 -0.37050
v -0.05674 0.75328 -0.14686
v -0.08034 0.81200 -0.38657
v -0.08034 0.81200 -0.38657
v -0.08034 0.81200 -0.38657
v -0.08034 0.81200 -0.38657
v -0.03151 0.86619 -0.22842
v -0.05951 -0.76856 -0.32282
v -0.05951 -0.76856 -0.32282
v -0.06098 -0.62284 -0.34344
v -0.06140 -0.49145 -0.42089
v -0.06140 -0.49145 -0.42089
v -0.06140 -0.49145 -0.42089
v -0.04777 -0.04648 -0.37109
v -0.01820 -0.02467 0.14055
v -0.05437 0.03269 0.15518
v -0.05437 0.03269 0.15518
v -0.03946 0.05045 -0.01448
v -0.04097 0.08267 -0.29876
v -0.03572 0.12433 0.01775
v -0.03572 0.12433 0.01775
v -0.03572 0.12433 0.01775
v -0.00428 0.19613 0.08929
v -0.00428 0.19613 0.08929
v -0.04088 0.21175 0.28186
v -0.04088 0.21175 0.28186
v -0.03718 0.23315 -0.23083
v -0.04201 0.25589 -0.26293
v -0.02242 0.26054 0.24781
v -0.02242 0.26054 0.24781
v -0.02242 0.26054 0.24781
v -0.02242 0.26054 0.24781
v -0.03039 0.28721 0.21455
v -0.03039 0.28721 0.21455
v -0.03039 0.28721 0.21455
v -0.01354 0.44170 0.15980
v -0.01354 0.44170 0.15980
v -0.05251 0.42638 -0.29185
v -0.04539 0.51462 -0.22697
v -0.04539 0.51462 -0.22697
v -0.04539 0.51462 -0.22697
v -0.04725 0.57058 -0.10020
v -0.04725 0.57058 -0.10020
v -0.06499 0.62110 -0.35697
v -0.06499 0.62110 -0.35697
v -0.06499 0.62110 -0.35697
v -0.06499 0.62110 -0.35697
v -0.06499 0.62110 -0.35697
v -0.03411 0.72306 -0.42823
v -0.03617 0.84135 -0.43519
v -0.03617 0.84135 -0.43519
v -0.05403 0.82973 -0.29090
v -0.05403 0.82973 -0.29090
v -0.05403 0.82973 -0.29090
v -0.05678 0.84272 -0.33557
v -0.05340 -0.79539 -0.29072
v -0.05340 -0.79539 -0.29072
v 0.05022 -0.62403 -0.25589
v -0.02972 -0.55724 -0.39991
v -0.02972 -0.55724 -0.39991
v 0.00607 -0.31155 0.05715
v 0.00607 -0.31155 0.05715
v 0.00607 -0.31155 0.05715
v -0.05595 -0.14450 0.03109
v -0.05595 -0.14450 0.03109
v -0.02510 -0.18421 0.02980
v -0.02510 -0.18421 0.02980
v -0.02510 -0.18421 0.02980
v -0.04459 -0.12178 0.01495
v -0.00356 -0.04151 0.09250
v -0.00356 -0.04151 0.09250
v -0.03949 0.00714 0.03093
v -0.04776 0.31023 -0.29870
v -0.05201 0.45245 -0.27121
v -0.05319 0.56111 0.06483
v -0.05708 0.62433 -0.29501
v -0.05708 0.62433 -0.29501
v -0.05708 0.62433 -0.29501
v -0.05708 0.62433 -0.29501
v -0.03508 0.60987 -0.14818
v -0.03508 0.60987 -0.14818
v -0.06052 0.66472 -0.32973
v -0.06052 0.66472 -0.32973
v -0.06052 0.66472 -0.32973
v -0.04494 0.74759 -0.42514
v -0.04494 0.74759 -0.42514
v -0.03430 0.82692 -0.17868
v -0.03430 0.82692 -0.17868
v -0.02405 0.89621 -0.28732
v -0.02405 0.89621 -0.28732
v -0.02405 0.89621 -0.28732
v -0.02405 0.89621 -0.28732
v -0.02713 -0.81608 -0.29071
v -0.02713 -0.81608 -0.29071
v -0.02713 -0.81608 -0.29071
v -0.02512 -0.63665 -0.36788
v -0.05342 -0.49899 -0.10456
v -0.04001 -0.38279 0.08542
v -0.03454 -0.33126 0.04916
v -0.03454 -0.33126 0.04916
v -0.02717 -0.27103 0.03164
v -0.02717 -0.27103 0.03164
v -0.02717 -0.27103 0.03164
v -0.02717 -0.27103 0.03164
v -0.02904 -0.02339 -0.31774
v -0.02513 0.11673 0.10324
v -0.02513 0.11673 0.10324
v 0.01287 0.20667 0.12013
v 0.01287 0.20667 0.12013
v -0.06264 0.17014 0.21204
v -0.06264 0.17014 0.21204
v -0.03164 0.22610 0.21301
v -0.03164 0.22610 0.21301
v -0.04644 0.23502 0.24366
v -0.04644 0.23502 0.24366
v -0.04525 0.30832 0.24313
v -0.03298 0.47592 -0.25643
v -0.03348 0.59837 -0.23313
v -0.03348 0.59837 -0.23313
v -0.00791 0.55347 0.02094
v -0.03629 0.58375 -0.09466
v -0.03720 0.59224 -0.32884
v -0.03720 0.59224 -0.32884
v -0.01656 0.62470 -0.32274
v -0.01656 0.62470 -0.32274
v -0.01656 0.62470 -0.32274
v -0.04607 0.65257 -0.37802
v -0.03272 0.68643 -0.38804
v -0.03272 0.68643 -0.38804
v -0.02148 0.82189 -0.43252
v -0.02148 0.82189 -0.43252
v -0.02148 0.82189 -0.43252
v -0.02148 0.82189 -0.43252
v -0.01684 0.92387 -0.32093
v -0.01684 0.92387 -0.32093
v -0.01684 0.92387 -0.32093
v -0.01684 0.92387 -0.32093
v 0.01982 -0.52758 -0.38817
v 0.01982 -0.52758 -0.38817
v 0.01982 -0.52758 -0.38817
v 0.01982 -0.52758 -0.38817
v 0.01982 -0.52758 -0.38817
v -0.02745 -0.47914 -0.09043
v -0.02745 -0.47914 -0.09043
v -0.00211 -0.47969 -0.41434
v -0.00211 -0.47969 -0.41434
v -0.03195 -0.42295 -0.02437
v -0.03542 -0.40629 0.05257
v -0.03542 -0.40629 0.05257
v -0.00984 -0.38278 0.03839
v 0.00360 -0.31801 -0.38174
v -0.02454 -0.29073 0.06757
v -0.00397 -0.26132 -0.00948
v -0.00827 -0.14559 -0.36916
v -0.00827 -0.14559 -0.36916
v -0.03306 -0.02391 0.06434
v -0.02739 0.01592 0.03021
v -0.02509 0.37743 -0.28928
v -0.03943 0.45967 -0.26565
v -0.03943 0.45967 -0.26565
v -0.00522 0.49764 0.11660
v -0.00522 0.49764 0.11660
v -0.04882 0.64112 -0.17024
v -0.04882 0.64112 -0.17024
v -0.00197 0.69775 -0.14944
v -0.01702 0.83183 -0.38567
v -0.01702 0.83183 -0.38567
v -0.00340 0.94656 -0.33372
v -0.00340 0.94656 -0.33372
v -0.00340 0.94656 -0.33372
v -0.01234 -0.81036 -0.32124
v 0.02836 -0.66885 -0.33865
v 0.01686 -0.59962 -0.03211
v 0.01686 -0.59962 -0.03211
v -0.00291 -0.48271 -0.07088
v -0.00291 -0.48271 -0.07088
v -0.01063 -0.14650 -0.33480
v -0.01063 -0.14650 -0.33480
v -0.03186 -0.17922 -0.00512
v -0.03186 -0.17922 -0.00512
v -0.03186 -0.17922 -0.00512
v -0.03171 -0.03617 -0.36480
v -0.03171 -0.03617 -0.36480
v -0.03171 -0.03617 -0.36480
v -0.01045 0.03883 0.18097
v -0.01045 0.03883 0.18097
v -0.02517 0.29899 0.18432
v -0.02517 0.29899 0.18432
v -0.02517 0.29899 0.18432
v -0.00777 0.25681 -0.26187
v -0.03194 0.53569 -0.19739
v -0.03194 0.53569 -0.19739
v -0.01758 0.52825 -0.19287
v -0.01758 0.52825 -0.19287
v -0.03232 0.56447 -0.16114
v -0.03232 0.56447 -0.16114
v 0.03151 0.55496 -0.35323
v 0.03151 0.55496 -0.35323
v -0.01640 0.64489 -0.41766
v -0.01640 0.64489 -0.41766
v -0.02899 0.89753 -0.26616
v -0.02899 0.89753 -0.26616
v -0.02611 -0.63479 -0.02538
v -0.02611 -0.63479 -0.02538
v -0.02611 -0.63479 -0.02538
v 0.01613 -0.50996 -0.03852
v 0.01613 -0.50996 -0.03852
v 0.01635 -0.45743 -0.39543
v 0.01635 -0.45743 -0.39543
v 0.01972 -0.40845 0.00382
v -0.00944 -0.37267 0.03551
v -0.00741 -0.34701 0.06110
v 0.00119 -0.24206 -0.35813
v 0.00119 -0.24206 -0.35813
v -0.00492 -0.19392 0.01107
v -0.00492 -0.19392 0.01107
v -0.00172 -0.06540 0.01375
v -0.00007 -0.01843 0.05711
v -0.01533 0.01198 -0.33110
v 0.00175 0.02887 0.13366
v 0.00175 0.02887 0.13366
v 0.00845 0.09787 0.05400
v 0.00845 0.09787 0.05400
v -0.00381 0.18451 0.17929
v -0.00508 0.25084 0.18550
v -0.00508 0.25084 0.18550
v 0.00417 0.48646 0.11016
v 0.00417 0.48646 0.11016
v -0.03269 0.50584 -0.23369
v -0.03269 0.50584 -0.23369
v 0.00068 0.47894 -0.24098
v 0.00068 0.47894 -0.24098
v -0.01610 0.50458 -0.21881
v -0.01610 0.50458 -0.21881
v 0.01916 0.51514 0.08815
v 0.01916 0.51514 0.08815
v -0.00020 0.54043 0.05150
v 0.03488 0.53729 -0.39491
v 0.03488 0.53729 -0.39491
v 0.03488 0.53729 -0.39491
v -0.02037 0.56999 -0.34388
v -0.02915 0.62407 -0.19424
v -0.02915 0.62407 -0.19424
v -0.02915 0.62407 -0.19424
v -0.02915 0.62407 -0.19424
v -0.02915 0.62407 -0.19424
v 0.01968 0.74211 -0.43867
v 0.01968 0.74211 -0.43867
v 0.01968 0.74211 -0.43867
v -0.03676 0.77608 -0.34660
v -0.03676 0.77608 -0.34660
v 0.01243 0.76937 -0.38769
v 0.01243 0.76937 -0.38769
v -0.01101 0.80688 -0.17465
v -0.01101 0.80688 -0.17465
v -0.03594 0.82175 -0.27239
v -0.03594 0.82175 -0.27239
v -0.01148 0.86031 -0.24232
v -0.01148 0.86031 -0.24232
v -0.02026 0.92220 -0.28892
v -0.02026 0.92220 -0.28892
v 0.02994 -0.85116 -0.30605
v 0.02994 -0.85116 -0.30605
v -0.02944 -0.55150 0.00512
v -0.02944 -0.55150 0.00512
v -0.01511 -0.59376 0.01217
v -0.00995 -0.53246 0.02193
v -0.01592 -0.50045 0.01205
v 0.01876 -0.45868 0.00245
v 0.02203 -0.30024 -0.03156
v 0.02203 -0.30024 -0.03156
v 0.02203 -0.30024 -0.03156
v 0.02203 -0.30024 -0.03156
v 0.02203 -0.30024 -0.03156
v 0.03341 -0.27137 -0.00284
v -0.01027 -0.18770 0.00000
v -0.00353 -0.18660 -0.00787
v 0.01766 -0.12875 0.00073
v 0.00646 -0.07631 -0.36609
v 0.00646 -0.07631 -0.36609
v 0.00646 -0.07631 -0.36609
v 0.01742 -0.01884 0.15492
v 0.01742 -0.01884 0.15492
v -0.01017 0.08590 0.13854
v -0.01017 0.08590 0.13854
v 0.00809 0.14700 0.03106
v 0.00809 0.14700 0.03106
v -0.00960 0.19183 0.11513
v 0.02608 0.35657 0.22640
v 0.02608 0.35657 0.22640
v 0.01150 0.39045 -0.27189
v 0.01150 0.39045 -0.27189
v 0.01150 0.39045 -0.27189
v -0.00398 0.42010 -0.27764
v -0.00398 0.42010 -0.27764
v 0.00496 0.57233 -0.38698
v 0.00496 0.57233 -0.38698
v 0.01146 0.65067 -0.42891
v 0.01146 0.65067 -0.42891
v 0.01672 0.65418 -0.31605
v 0.01672 0.65418 -0.31605
v 0.00593 0.67229 -0.45861
v 0.00593 0.67229 -0.45861
v 0.00263 0.69368 -0.39488
v 0.00263 0.69368 -0.39488
v 0.00263 0.69368 -0.39488
v 0.01708 0.76457 -0.50062
v 0.01708 0.76457 -0.50062
v -0.00937 0.80434 -0.28882
v -0.00937 0.80434 -0.28882
v -0.00937 0.80434 -0.28882
v -0.00937 0.80434 -0.28882
v -0.01906 0.74340 -0.28224
v -0.01906 0.74340 -0.28224
v -0.01906 0.74340 -0.28224
v -0.01587 0.90340 -0.26269
v -0.01587 0.90340 -0.26269
v -0.01212 -0.67736 -0.01208
v -0.01212 -0.67736 -0.01208
v -0.02127 -0.63322 -0.42091
v -0.02127 -0.63322 -0.42091
v -0.00944 -0.61189 -0.41403
v -0.00944 -0.61189 -0.41403
v -0.01087 -0.56271 -0.42433
v -0.01087 -0.56271 -0.42433
v -0.01087 -0.56271 -0.42433
v 0.05576 -0.31323 -0.36308
v 0.04421 -0.28393 -0.02781
v -0.01528 -0.06692 -0.35475
v -0.01528 -0.06692 -0.35475
v 0.00476 0.06353 -0.02674
v 0.04797 0.11599 -0.28169
v 0.01888 0.19988 0.19259
v 0.01888 0.19988 0.19259
v 0.02135 0.31311 -0.27067
v 0.02135 0.31311 -0.27067
v 0.01814 0.53267 -0.17156
v 0.01814 0.53267 -0.17156
v 0.03490 0.54165 -0.14517
v 0.03490 0.54165 -0.14517
v 0.01218 0.62093 -0.22408
v 0.01218 0.62093 -0.22408
v -0.00065 0.75435 -0.49175
v -0.00065 0.75435 -0.49175
v -0.00199 0.75554 -0.47951
v 0.01157 -0.86996 -0.31311
v 0.01157 -0.86996 -0.31311
v 0.02549 -0.73732 -0.32929
v 0.05612 -0.74660 -0.30696
v 0.05612 -0.74660 -0.30696
v 0.00802 -0.71225 -0.01477
v 0.00802 -0.71225 -0.01477
v 0.01330 -0.65692 -0.00398
v -0.00556 -0.61579 -0.48564
v -0.00556 -0.61579 -0.48564
v -0.00556 -0.61579 -0.48564
v -0.00339 -0.54326 -0.48146
v -0.00339 -0.54326 -0.48146
v 0.00061 -0.57583 -0.49249
v -0.00259 -0.50991 -0.47193
v -0.00259 -0.50991 -0.47193
v -0.00259 -0.50991 -0.47193
v 0.11437 -0.59015 -0.06133
v 0.11437 -0.59015 -0.06133
v 0.04655 -0.22586 -0.01942
v 0.04655 -0.22586 -0.01942
v 0.00935 -0.09257 0.01328
v 0.03309 0.00322 -0.03255
v -0.00314 -0.02192 -0.37433
v 0.00659 0.00898 -0.36885
v 0.00659 0.00898 -0.36885
v 0.02596 0.03206 -0.34770
v 0.02596 0.03206 -0.34770
v 0.00605 0.25181 -0.26214
v 0.00634 0.20409 -0.24052
v 0.00634 0.20409 -0.24052
v 0.00438 0.32928 0.18890
v 0.00438 0.32928 0.18890
v 0.00438 0.32928 0.18890
v 0.00661 0.49969 -0.21950
v 0.00661 0.49969 -0.21950
v 0.00661 0.49969 -0.21950
v 0.01995 0.54167 -0.00417
v 0.03916 0.58577 -0.25441
v 0.00830 0.63983 -0.22060
v 0.00830 0.63983 -0.22060
v 0.02264 0.73689 -0.30263
v 0.02264 0.73689 -0.30263
v 0.02264 0.73689 -0.30263
v 0.02264 0.73689 -0.30263
v 0.02264 0.73689 -0.30263
v 0.02264 0.73689 -0.30263
v 0.01123 0.74607 -0.28755
v 0.01123 0.74607 -0.28755
v 0.01185 0.74613 -0.13989
v 0.01185 0.74613 -0.13989
v 0.01185 0.74613 -0.13989
v 0.03328 0.81539 -0.33732
v 0.03328 0.81539 -0.33732
v 0.05209 0.82264 -0.24946
v 0.05209 0.82264 -0.24946
v 0.03383 -0.59356 -0.39933
v 0.03383 -0.59356 -0.39933
v 0.02802 -0.52198 -0.42783
v 0.02802 -0.52198 -0.42783
v 0.02802 -0.52198 -0.42783
v -0.00576 -0.53496 -0.42874
v -0.00576 -0.53496 -0.42874
v 0.01582 -0.50567 -0.43559
v 0.01582 -0.50567 -0.43559
v -0.00153 -0.51410 -0.46874
v -0.00153 -0.51410 -0.46874
v 0.00757 -0.49426 -0.44097
v 0.00757 -0.49426 -0.44097
v 0.00672 -0.32649 -0.03231
v 0.00672 -0.32649 -0.03231
v 0.00672 -0.32649 -0.03231
v 0.01067 -0.04373 0.00042
v 0.03613 -0.03389 -0.37063
v 0.03613 -0.03389 -0.37063
v 0.01277 0.04096 0.17119
v 0.01277 0.04096 0.17119
v 0.02509 0.08058 0.13517
v 0.02509 0.08058 0.13517
v 0.02509 0.08058 0.13517
v 0.01997 0.17721 0.15327
v 0.01974 0.27479 -0.24927
v 0.01974 0.27479 -0.24927
v 0.01158 0.28558 -0.27464
v 0.01459 0.47072 0.17085
v 0.01459 0.47072 0.17085
v 0.01459 0.47072 0.17085
v 0.03034 0.56503 -0.40817
v 0.03034 0.56503 -0.40817
v 0.03034 0.56503 -0.40817
v 0.03034 0.56503 -0.40817
v 0.07006 0.58900 -0.37024
v 0.07006 0.58900 -0.37024
v 0.02951 0.63905 -0.20452
v 0.02951 0.63905 -0.20452
v 0.08244 0.68769 -0.19545
v 0.08244 0.68769 -0.19545
v 0.00977 0.68060 -0.31687
v 0.00977 0.68060 -0.31687
v -0.00460 0.68537 -0.30742
v -0.00460 0.68537 -0.30742
v 0.00321 0.67905 -0.30515
v 0.00321 0.67905 -0.30515
v 0.00673 0.69857 -0.30434
v 0.00673 0.69857 -0.30434
v 0.03015 -0.66421 -0.00939
v 0.03015 -0.66421 -0.00939
v -0.00335 -0.64965 -0.40884
v -0.00335 -0.64965 -0.40884
v 0.03105 -0.63242 -0.46486
v 0.03105 -0.63242 -0.46486
v 0.01900 -0.63980 -0.39758
v 0.01900 -0.63980 -0.39758
v 0.03038 -0.56801 -0.37715
v 0.01927 -0.58116 -0.47838
v 0.04099 -0.55362 -0.44048
v 0.04099 -0.55362 -0.44048
v 0.02870 -0.48851 -0.05135
v 0.02870 -0.48851 -0.05135
v 0.02870 -0.48851 -0.05135
v 0.02608 -0.43614 -0.42255
v 0.02608 -0.43614 -0.42255
v 0.02609 -0.48616 -0.44328
v 0.03460 -0.40630 -0.39205
v 0.03460 -0.40630 -0.39205
v 0.01020 -0.33253 0.01486
v 0.01020 -0.33253 0.01486
v 0.03893 -0.36011 0.00065
v 0.10079 -0.31426 -0.05981
v 0.10079 -0.31426 -0.05981
v 0.10079 -0.31426 -0.05981
v 0.10079 -0.31426 -0.05981
v 0.01314 0.08423 0.07126
v 0.01314 0.08423 0.07126
v 0.01314 0.08423 0.07126
v 0.01314 0.08423 0.07126
v 0.06483 0.10468 0.12812
v 0.06483 0.10468 0.12812
v 0.02219 0.23964 -0.22381
v 0.00789 0.24714 0.17507
v 0.03588 0.35019 0.15860
v 0.03588 0.35019 0.15860
v 0.03588 0.35019 0.15860
v 0.03162 0.48991 0.14394
v 0.03162 0.48991 0.14394
v 0.04227 0.54231 -0.01533
v 0.04227 0.54231 -0.01533
v 0.07414 0.53122 -0.12002
v 0.07414 0.53122 -0.12002
v 0.06752 -0.57906 -0.34944
v 0.06752 -0.57906 -0.34944
v 0.01977 -0.58572 -0.00788
v 0.03142 -0.56174 0.00278
v 0.03142 -0.56174 0.00278
v 0.04397 -0.54566 -0.26717
v 0.04397 -0.54566 -0.26717
v 0.04227 -0.46558 0.00742
v 0.04227 -0.46558 0.00742
v 0.06979 -0.34288 -0.01045
v 0.11733 -0.13861 -0.02288
v 0.01594 0.00783 -0.36763
v 0.06748 0.04253 -0.04552
v 0.06748 0.04253 -0.04552
v 0.06748 0.04253 -0.04552
v 0.06748 0.04253 -0.04552
v 0.04334 0.05274 0.01138
v 0.04334 0.05274 0.01138
v 0.03573 0.28216 -0.25672
v 0.03573 0.28216 -0.25672
v 0.01808 0.34682 0.16766
v 0.01808 0.34682 0.16766
v 0.06653 0.63715 -0.25755
v 0.06653 0.63715 -0.25755
v 0.06653 0.63715 -0.25755
v 0.06653 0.63715 -0.25755
v 0.04972 0.64720 -0.32670
v 0.04972 0.64720 -0.32670
v 0.04972 0.64720 -0.32670
v 0.03383 0.68595 -0.33089
v 0.02510 0.66062 -0.32726
v 0.03196 0.74292 -0.35765
v 0.02474 0.82192 -0.20076
v 0.02474 0.82192 -0.20076
v 0.05892 0.87209 -0.30890
v 0.05892 0.87209 -0.30890
v 0.05892 0.87209 -0.30890
v 0.07243 -0.70430 -0.28348
v 0.07243 -0.70430 -0.28348
v 0.04958 -0.48968 -0.42930
v 0.04958 -0.48968 -0.42930
v 0.04958 -0.48968 -0.42930
v 0.04474 -0.54523 -0.40492
v 0.04474 -0.54523 -0.40492
v 0.05544 -0.58288 -0.19708
v 0.05074 -0.54711 -0.27322
v 0.05074 -0.54711 -0.27322
v 0.03602 -0.50965 -0.44894
v 0.06124 -0.39943 -0.00041
v 0.06124 -0.39943 -0.00041
v 0.06325 -0.30897 -0.03609
v 0.06325 -0.30897 -0.03609
v 0.02977 -0.18733 -0.36105
v 0.05889 -0.13472 -0.36610
v 0.05727 -0.09441 -0.00243
v 0.05889 0.08799 -0.32472
v 0.05889 0.08799 -0.32472
v 0.06594 0.10496 -0.29293
v 0.06614 0.25587 0.14072
v 0.06614 0.25587 0.14072
v 0.04354 0.27677 -0.24024
v 0.04372 0.29108 0.17657
v 0.04824 0.34918 -0.25310
v 0.04824 0.34918 -0.25310
v 0.05470 0.42222 -0.23929
v 0.05134 0.48519 0.10442
v 0.05134 0.48519 0.10442
v 0.05165 0.83680 -0.28093
v 0.05165 0.83680 -0.28093
v 0.05165 0.83680 -0.28093
v 0.04021 -0.52585 -0.02393
v 0.04021 -0.52585 -0.02393
v 0.05077 -0.56648 -0.01586
v 0.05077 -0.56648 -0.01586
v 0.03354 -0.41027 -0.41480
v 0.03354 -0.41027 -0.41480
v 0.07561 -0.23988 -0.33975
v 0.07561 -0.23988 -0.33975
v 0.07967 -0.24691 -0.34670
v 0.04976 -0.03993 -0.35030
v 0.03455 -0.04325 -0.36318
v 0.03455 -0.04325 -0.36318
v 0.05690 -0.01614 -0.01171
v 0.06670 0.05336 0.11736
v 0.06670 0.05336 0.11736
v 0.05499 0.06640 0.13103
v 0.05499 0.06640 0.13103
v 0.05499 0.06640 0.13103
v 0.05499 0.06640 0.13103
v 0.07215 0.07122 -0.33630
v 0.05025 0.18939 0.16657
v 0.05025 0.18939 0.16657
v 0.05025 0.18939 0.16657
v 0.09653 0.34897 -0.19876
v 0.09653 0.34897 -0.19876
v 0.09653 0.34897 -0.19876
v 0.09141 0.40434 0.13391
v 0.09141 0.40434 0.13391
v 0.04541 0.43578 0.14845
v 0.04541 0.43578 0.14845
v 0.04139 0.50638 0.10007
v 0.04139 0.50638 0.10007
v 0.06580 0.57186 -0.30032
v 0.06670 0.76686 -0.22096
v 0.06670 0.76686 -0.22096
v 0.06678 0.76742 -0.33162
v 0.05660 -0.53035 -0.42322
v 0.05660 -0.53035 -0.42322
v 0.06085 -0.49861 -0.38321
v 0.06085 -0.49861 -0.38321
v 0.06345 -0.47799 -0.40146
v 0.06345 -0.47799 -0.40146
v 0.06345 -0.47799 -0.40146
v 0.06345 -0.47799 -0.40146
v 0.06345 -0.47799 -0.40146
v 0.05478 -0.47986 -0.00826
v 0.07029 -0.23895 -0.02119
v 0.07029 -0.23895 -0.02119
v 0.08328 -0.21159 -0.04449
v 0.08328 -0.21159 -0.04449
v 0.06683 -0.04107 -0.00939
v 0.06683 -0.04107 -0.00939
v 0.06784 0.06285 0.09766
v 0.06784 0.06285 0.09766
v 0.05392 0.06828 0.04094
v 0.05392 0.06828 0.04094
v 0.07350 0.00676 -0.36200
v 0.08264 0.15338 -0.18555
v 0.08264 0.15338 -0.18555
v 0.08264 0.15338 -0.18555
v 0.06637 0.28898 0.16704
v 0.06962 0.32185 0.14232
v 0.06962 0.32185 0.14232
v 0.09811 0.42500 -0.18627
v 0.08212 0.47377 -0.15883
v 0.08212 0.47377 -0.15883
v 0.05708 0.74161 -0.30692
v 0.05708 0.74161 -0.30692
v 0.06733 0.74974 -0.27908
v 0.06733 0.74974 -0.27908
v 0.05908 -0.47001 0.00641
v 0.07871 -0.44780 0.00995
v 0.06111 -0.39233 -0.02855
v 0.06111 -0.39233 -0.02855
v 0.06629 -0.36319 -0.39102
v 0.06629 -0.36319 -0.39102
v 0.07529 -0.41458 -0.39486
v 0.07538 -0.32079 -0.00800
v 0.07538 -0.32079 -0.00800
v 0.04284 -0.22578 -0.02468
v 0.08646 -0.19687 -0.34302
v 0.09362 0.01562 -0.35606
v 0.06609 0.12852 -0.27257
v 0.06787 0.16190 -0.24179
v 0.06787 0.16190 -0.24179
v 0.06787 0.16190 -0.24179
v 0.05978 0.23638 -0.13598
v 0.05978 0.23638 -0.13598
v 0.06496 0.17725 -0.15117
v 0.07300 0.28181 -0.19301
v 0.07007 0.31783 0.12120
v 0.06870 0.36868 0.14254
v 0.09319 0.46648 0.05644
v 0.09319 0.46648 0.05644
v 0.09319 0.46648 0.05644
v 0.06825 0.47795 0.04444
v 0.06825 0.47795 0.04444
v 0.06825 0.47795 0.04444
v 0.06021 0.52158 -0.01967
v 0.06021 0.52158 -0.01967
v 0.09316 0.48977 -0.03384
v 0.10478 0.48672 -0.06830
v 0.10478 0.48672 -0.06830
v 0.06711 0.52769 -0.12590
v 0.06711 0.52769 -0.12590
v 0.10064 0.58460 -0.33554
v 0.10064 0.58460 -0.33554
v 0.12007 0.64561 -0.28035
v 0.09194 0.81871 -0.24814
v 0.09194 0.81871 -0.24814
v 0.09054 -0.72272 -0.32422
v 0.09054 -0.72272 -0.32422
v 0.11262 -0.60655 -0.26866
v 0.05930 -0.56914 -0.01647
v 0.05930 -0.56914 -0.01647
v 0.09170 -0.45514 -0.41650
v 0.09170 -0.45514 -0.41650
v 0.09170 -0.45514 -0.41650
v 0.07508 -0.50319 -0.44169
v 0.07508 -0.50319 -0.44169
v 0.08800 -0.31639 -0.01355
v 0.08800 -0.31639 -0.01355
v 0.07682 -0.00390 0.00808
v 0.06857 -0.04890 0.01523
v 0.06857 -0.04890 0.01523
v 0.06916 0.01460 -0.03640
v 0.08050 0.11116 -0.01017
v 0.08050 0.11116 -0.01017
v 0.05964 0.19541 0.16057
v 0.09120 0.35709 -0.20484
v 0.05876 0.43409 0.11641
v 0.05876 0.43409 0.11641
v 0.07999 0.50056 0.00989
v 0.07271 0.58552 -0.28336
v 0.08993 0.73913 -0.23483
v 0.08993 0.73913 -0.23483
v 0.08993 0.73913 -0.23483
v 0.06625 0.76201 -0.32661
v 0.06625 0.76201 -0.32661
v 0.12405 0.83934 -0.30818
v 0.12405 0.83934 -0.30818
v 0.08367 -0.54417 -0.03365
v 0.08217 -0.58348 -0.37682
v 0.08217 -0.58348 -0.37682
v 0.08395 -0.58355 -0.42634
v 0.08395 -0.58355 -0.42634
v 0.08525 -0.55896 -0.42005
v 0.08525 -0.55896 -0.42005
v 0.06671 -0.47190 -0.37440
v 0.06671 -0.47190 -0.37440
v 0.07711 -0.44223 -0.41466
v 0.09464 -0.40270 -0.01847
v 0.09464 -0.40270 -0.01847
v 0.14075 -0.31729 -0.31161
v 0.11256 -0.15119 -0.02679
v 0.11256 -0.15119 -0.02679
v 0.10819 -0.15918 -0.35010
v 0.08767 -0.04379 -0.36698
v 0.10125 0.14243 0.05247
v 0.06731 0.06402 0.07550
v 0.06731 0.06402 0.07550
v 0.08224 0.13521 -0.27414
v 0.06356 0.18356 -0.25474
v 0.06356 0.18356 -0.25474
v 0.06356 0.18356 -0.25474
v 0.07164 0.12727 0.12133
v 0.08591 0.28493 0.15016
v 0.08591 0.28493 0.15016
v 0.10548 0.46341 0.07602
v 0.10548 0.46341 0.07602
v 0.11148 0.50785 -0.12553
v 0.11148 0.50785 -0.12553
v 0.13442 0.83348 -0.35017
v 0.13442 0.83348 -0.35017
v 0.13442 0.83348 -0.35017
v 0.13442 0.83348 -0.35017
v 0.07703 -0.58062 0.00594
v 0.07703 -0.58062 0.00594
v 0.07703 -0.58062 0.00594
v 0.09916 -0.50444 -0.38071
v 0.09916 -0.50444 -0.38071
v 0.09916 -0.50444 -0.38071
v 0.09916 -0.50444 -0.38071
v 0.09916 -0.50444 -0.38071
v 0.08557 -0.32629 -0.35634
v 0.08273 -0.25434 -0.02549
v 0.08462 -0.25278 -0.05044
v 0.10515 -0.09282 -0.01563
v 0.10515 -0.09282 -0.01563
v 0.10515 -0.09282 -0.01563
v 0.10515 -0.09282 -0.01563
v 0.08672 -0.03673 0.02096
v 0.08672 -0.03673 0.02096
v 0.09315 0.02175 -0.04189
v 0.09315 0.02175 -0.04189
v 0.09315 0.02175 -0.04189
v 0.08565 0.03181 -0.35322
v 0.07743 0.06592 -0.12149
v 0.07743 0.06592 -0.12149
v 0.08588 0.08118 0.08279
v 0.08336 0.11892 0.00412
v 0.10555 0.11886 -0.31706
v 0.07442 0.24311 -0.08705
v 0.07442 0.24311 -0.08705
v 0.09694 0.19441 -0.07358
v 0.10616 0.27354 -0.13277
v 0.10616 0.27354 -0.13277
v 0.10616 0.27354 -0.13277
v 0.09317 0.30181 0.09891
v 0.09317 0.30181 0.09891
v 0.08315 0.42602 0.07763
v 0.10295 0.45486 0.07644
v 0.09332 0.50011 0.06529
v 0.09332 0.50011 0.06529
v 0.09332 0.50011 0.06529
v 0.12673 0.57884 -0.36262
v 0.12673 0.57884 -0.36262
v 0.12673 0.57884 -0.36262
v 0.12453 0.69625 -0.35084
v 0.09187 0.77558 -0.33108
v 0.09187 0.77558 -0.33108
v 0.12894 0.78853 -0.29097
v 0.12894 0.78853 -0.29097
v 0.12894 0.78853 -0.29097
v 0.12894 0.78853 -0.29097
v 0.12894 0.78853 -0.29097
v 0.08684 -0.73648 -0.31289
v 0.08684 -0.73648 -0.31289
v 0.10385 -0.76318 -0.31508
v 0.10385 -0.76318 -0.31508
v 0.12083 -0.54829 -0.01346
v 0.12083 -0.54829 -0.01346
v 0.12083 -0.54829 -0.01346
v 0.10756 -0.53002 0.02657
v 0.09936 -0.41637 -0.37467
v 0.11301 -0.28201 -0.06214
v 0.08796 0.14762 -0.14098
v 0.08796 0.14762 -0.14098
v 0.08796 0.14762 -0.14098
v 0.07571 0.14485 -0.02947
v 0.07571 0.14485 -0.02947
v 0.12569 0.12207 -0.32179
v 0.12569 0.12207 -0.32179
v 0.10867 0.24996 0.14279
v 0.10867 0.24996 0.14279
v 0.10990 0.34959 0.06087
v 0.10399 0.36694 0.04578
v 0.10005 0.41523 0.05569
v 0.11469 0.68562 -0.35247
v 0.10948 0.72325 -0.33770
v 0.10948 0.72325 -0.33770
v 0.15773 -0.52992 -0.30698
v 0.15773 -0.52992 -0.30698
v 0.12753 -0.53548 -0.25355
v 0.12753 -0.53548 -0.25355
v 0.11001 -0.54511 0.01561
v 0.09895 -0.55223 -0.44195
v 0.09895 -0.55223 -0.44195
v 0.11002 -0.44237 -0.41123
v 0.11002 -0.44237 -0.41123
v 0.11002 -0.44237 -0.41123
v 0.11611 -0.29488 0.00383
v 0.11611 -0.29488 0.00383
v 0.09006 -0.31006 -0.01235
v 0.09006 -0.31006 -0.01235
v 0.09192 -0.25757 -0.06490
v 0.11558 -0.26678 -0.06282
v 0.11558 -0.26678 -0.06282
v 0.10551 -0.09015 0.00174
v 0.10551 -0.09015 0.00174
v 0.10230 -0.03694 0.00536
v 0.10230 -0.03694 0.00536
v 0.08097 -0.04436 -0.04344
v 0.08097 -0.04436 -0.04344
v 0.10120 0.03585 -0.35051
v 0.09438 0.05593 -0.05300
v 0.09438 0.05593 -0.05300
v 0.11045 0.08662 -0.07333
v 0.11045 0.08662 -0.07333
v 0.09363 0.08339 -0.12819
v 0.11877 0.16055 0.00315
v 0.10591 0.15798 -0.29718
v 0.10591 0.15798 -0.29718
v 0.12826 0.20221 -0.03679
v 0.12826 0.20221 -0.03679
v 0.12826 0.20221 -0.03679
v 0.09245 0.43721 0.07121
v 0.11702 0.48546 -0.00883
v 0.11702 0.48546 -0.00883
v 0.10488 0.46050 0.05192
v 0.10488 0.46050 0.05192
v 0.12497 0.69115 -0.24654
v 0.12497 0.69115 -0.24654
v 0.12497 0.69115 -0.24654
v 0.11793 -0.69642 -0.28834
v 0.11793 -0.69642 -0.28834
v 0.13089 -0.55274 -0.23721
v 0.13089 -0.55274 -0.23721
v 0.11154 -0.61811 0.00216
v 0.11154 -0.61811 0.00216
v 0.10908 -0.50057 -0.39988
v 0.10093 -0.48825 -0.44392
v 0.10093 -0.48825 -0.44392
v 0.10681 -0.45399 -0.40719
v 0.10681 -0.45399 -0.40719
v 0.10681 -0.45399 -0.40719
v 0.10681 -0.45399 -0.40719
v 0.10667 -0.42741 -0.39022
v 0.10667 -0.42741 -0.39022
v 0.11163 -0.39181 -0.37783
v 0.10884 -0.31766 -0.06011
v 0.10884 -0.31766 -0.06011
v 0.10811 -0.21317 -0.31793
v 0.11838 -0.06668 0.01993
v 0.11838 -0.06668 0.01993
v 0.14847 -0.04380 -0.06336
v 0.14847 -0.04380 -0.06336
v 0.14847 -0.04380 -0.06336
v 0.14732 -0.06912 0.03994
v 0.14732 -0.06912 0.03994
v 0.14732 -0.06912 0.03994
v 0.14732 -0.06912 0.03994
v 0.13329 0.02941 -0.02594
v 0.10644 0.04940 -0.04091
v 0.14465 0.06700 -0.33069
v 0.14465 0.06700 -0.33069
v 0.12608 0.18630 -0.15909
v 0.12608 0.18630 -0.15909
v 0.12503 0.18977 -0.22446
v 0.12503 0.18977 -0.22446
v 0.12503 0.18977 -0.22446
v 0.10093 0.16581 -0.26499
v 0.10093 0.16581 -0.26499
v 0.16347 0.20325 -0.06226
v 0.16347 0.20325 -0.06226
v 0.11273 0.35982 -0.19268
v 0.09869 0.43666 0.04466
v 0.12607 0.39838 -0.16097
v 0.12607 0.39838 -0.16097
v 0.12260 0.43337 0.01346
v 0.12260 0.43337 0.01346
v 0.10998 0.45855 0.05446
v 0.12428 0.82041 -0.28729
v 0.12428 0.82041 -0.28729
v 0.11716 -0.80852 -0.31248
v 0.11716 -0.80852 -0.31248
v 0.15643 -0.60256 -0.42568
v 0.15643 -0.60256 -0.42568
v 0.15643 -0.60256 -0.42568
v 0.13015 -0.52237 0.03897
v 0.11812 -0.46759 -0.35747
v 0.11812 -0.46759 -0.35747
v 0.11812 -0.46759 -0.35747
v 0.11812 -0.46759 -0.35747
v 0.14188 -0.48018 -0.33386
v 0.14188 -0.48018 -0.33386
v 0.14188 -0.48018 -0.33386
v 0.14188 -0.48018 -0.33386
v 0.11416 -0.47678 0.01257
v 0.13256 -0.43312 0.00402
v 0.14600 -0.33469 -0.30675
v 0.14600 -0.33469 -0.30675
v 0.13574 -0.27032 -0.11762
v 0.14355 -0.25585 -0.29869
v 0.11606 -0.18116 -0.07816
v 0.11606 -0.18116 -0.07816
v 0.14056 -0.15487 -0.06871
v 0.19302 -0.07324 -0.33029
v 0.12226 0.16293 -0.12902
v 0.12226 0.16293 -0.12902
v 0.12789 0.34139 0.03890
v 0.12789 0.34139 0.03890
v 0.09882 0.36685 -0.18092
v 0.09882 0.36685 -0.18092
v 0.11424 0.34513 -0.14615
v 0.11424 0.34513 -0.14615
v 0.11581 0.38052 0.02909
v 0.11581 0.38052 0.02909
v 0.11581 0.38052 0.02909
v 0.11248 0.43584 -0.04326
v 0.11653 0.46144 0.00854
v 0.13589 0.81821 -0.33241
v 0.13589 0.81821 -0.33241
v 0.12946 -0.64996 -0.31807
v 0.12946 -0.64996 -0.31807
v 0.12946 -0.64996 -0.31807
v 0.12946 -0.64996 -0.31807
v 0.18758 -0.62805 -0.08897
v 0.18758 -0.62805 -0.08897
v 0.18758 -0.62805 -0.08897
v 0.15656 -0.59053 0.01367
v 0.15656 -0.59053 0.01367
v 0.13992 -0.53477 0.01900
v 0.13932 -0.46512 -0.37291
v 0.13932 -0.46512 -0.37291
v 0.14805 -0.40725 -0.02906
v 0.14805 -0.40725 -0.02906
v 0.13675 -0.39246 -0.39878
v 0.13675 -0.39246 -0.39878
v 0.13485 -0.34940 -0.02255
v 0.13485 -0.34940 -0.02255
v 0.13485 -0.34940 -0.02255
v 0.12395 -0.28717 -0.07167
v 0.11888 -0.20543 -0.06644
v 0.19168 -0.05158 -0.06081
v 0.12650 0.23940 0.03397
v 0.12650 0.23940 0.03397
v 0.11374 0.24792 -0.05052
v 0.11374 0.24792 -0.05052
v 0.16310 0.28631 -0.07868
v 0.11538 0.32150 -0.02948
v 0.11538 0.32150 -0.02948
v 0.11538 0.32150 -0.02948
v 0.13171 0.25162 -0.02004
v 0.13171 0.25162 -0.02004
v 0.13171 0.25162 -0.02004
v 0.12258 0.31012 0.04815
v 0.12237 0.38887 -0.14344
v 0.12237 0.38887 -0.14344
v 0.12237 0.38887 -0.14344
v 0.12756 0.36387 0.02862
v 0.12756 0.36387 0.02862
v 0.12756 0.36387 0.02862
v 0.17655 0.68704 -0.36027
v 0.17655 0.68704 -0.36027
v 0.15849 0.67992 -0.32361
v 0.15849 0.67992 -0.32361
v 0.12782 0.87294 -0.36715
v 0.12782 0.87294 -0.36715
v 0.13185 -0.72262 -0.30992
v 0.13185 -0.72262 -0.30992
v 0.14869 -0.60017 -0.43513
v 0.14869 -0.60017 -0.43513
v 0.12902 -0.41496 -0.39949
v 0.12902 -0.41496 -0.39949
v 0.12902 -0.41496 -0.39949
v 0.13492 -0.40112 -0.41110
v 0.13492 -0.40112 -0.41110
v 0.13828 -0.38468 -0.38335
v 0.14376 -0.37412 -0.36582
v 0.14376 -0.37412 -0.36582
v 0.16028 -0.38148 -0.33777
v 0.16028 -0.38148 -0.33777
v 0.14615 -0.35549 -0.06513
v 0.14615 -0.35549 -0.06513
v 0.15414 -0.27240 -0.08514
v 0.15414 -0.27240 -0.08514
v 0.14172 -0.12474 -0.03766
v 0.14172 -0.12474 -0.03766
v 0.14824 -0.07394 -0.01923
v 0.14824 -0.07394 -0.01923
v 0.13518 -0.07569 -0.03002
v 0.13518 -0.07569 -0.03002
v 0.17896 0.01938 -0.31345
v 0.12917 0.05478 -0.04135
v 0.12917 0.05478 -0.04135
v 0.13788 0.14699 -0.13348
v 0.13550 0.25544 -0.12942
v 0.13550 0.25544 -0.12942
v 0.14895 0.29745 0.03605
v 0.17514 0.35597 -0.17263
v 0.13178 0.38566 0.02220
v 0.13178 0.38566 0.02220
v 0.13178 0.38566 0.02220
v 0.12061 0.41394 -0.09967
v 0.12061 0.41394 -0.09967
v 0.12308 0.41876 -0.04704
v 0.12308 0.41876 -0.04704
v 0.14623 0.69781 -0.28420
v 0.14623 0.69781 -0.28420
v 0.15045 -0.61511 -0.27491
v 0.15045 -0.61511 -0.27491
v 0.15045 -0.61511 -0.27491
v 0.15045 -0.61511 -0.27491
v 0.14640 -0.56916 -0.25132
v 0.14640 -0.56916 -0.25132
v 0.14640 -0.56916 -0.25132
v 0.14088 -0.47990 -0.37123
v 0.14088 -0.47990 -0.37123
v 0.14317 -0.47852 0.03180
v 0.14317 -0.44322 -0.39662
v 0.14317 -0.44322 -0.39662
v 0.14317 -0.44322 -0.39662
v 0.12340 -0.38260 -0.05148
v 0.12340 -0.38260 -0.05148
v 0.15067 -0.30020 -0.28915
v 0.15067 -0.30020 -0.28915
v 0.16178 -0.24772 -0.27775
v 0.16178 -0.24772 -0.27775
v 0.16797 -0.10112 -0.06224
v 0.16797 -0.10112 -0.06224
v 0.13727 0.13269 -0.08839
v 0.13899 0.18257 -0.26070
v 0.13120 0.30579 0.01154
v 0.15737 0.26525 -0.05552
v 0.14684 0.32770 0.03089
v 0.13338 0.40910 -0.00733
v 0.15351 0.65696 -0.33620
v 0.14585 -0.70403 -0.29468
v 0.14585 -0.70403 -0.29468
v 0.14585 -0.70403 -0.29468
v 0.14399 -0.52993 -0.35701
v 0.14399 -0.52993 -0.35701
v 0.14399 -0.52993 -0.35701
v 0.14548 -0.46284 -0.41009
v 0.14548 -0.46284 -0.41009
v 0.14548 -0.46284 -0.41009
v 0.16350 -0.35237 -0.29257
v 0.16350 -0.35237 -0.29257
v 0.16350 -0.35237 -0.29257
v 0.16350 -0.35237 -0.29257
v 0.16350 -0.35237 -0.29257
v 0.15904 -0.30979 -0.08635
v 0.15904 -0.30979 -0.08635
v 0.15904 -0.30979 -0.08635
v 0.21956 -0.13639 -0.29230
v 0.15267 0.15171 -0.29109
v 0.15267 0.15171 -0.29109
v 0.16389 0.19619 -0.20248
v 0.16389 0.19619 -0.20248
v 0.15897 0.22616 -0.26525
v 0.15897 0.22616 -0.26525
v 0.15461 0.15349 -0.03389
v 0.15461 0.15349 -0.03389
v 0.14713 0.21288 0.00573
v 0.14713 0.21288 0.00573
v 0.14767 0.32788 -0.00385
v 0.14767 0.32788 -0.00385
v 0.14436 0.35173 -0.08392
v 0.14436 0.35173 -0.08392
v 0.14561 0.39248 0.01217
v 0.14561 0.39248 0.01217
v 0.14561 0.39248 0.01217
v 0.14561 0.39248 0.01217
v 0.14561 0.39248 0.01217
v 0.15932 0.70327 -0.37194
v 0.15932 0.70327 -0.37194
v 0.17204 -0.53186 -0.28795
v 0.13819 -0.55864 -0.36110
v 0.13819 -0.55864 -0.36110
v 0.17231 -0.54462 -0.33958
v 0.17231 -0.54462 -0.33958
v 0.17844 -0.57405 -0.24151
v 0.17844 -0.57405 -0.24151
v 0.17035 -0.52326 -0.33676
v 0.17035 -0.52326 -0.33676
v 0.15917 -0.44676 -0.39706
v 0.15917 -0.44676 -0.39706
v 0.15917 -0.44676 -0.39706
v 0.15102 -0.43873 -0.37725
v 0.15102 -0.43873 -0.37725
v 0.15592 -0.46335 -0.39972
v 0.15592 -0.46335 -0.39972
v 0.19017 -0.48889 0.05070
v 0.16701 -0.40130 -0.36687
v 0.16701 -0.40130 -0.36687
v 0.16701 -0.40130 -0.36687
v 0.16701 -0.40130 -0.36687
v 0.16701 -0.40130 -0.36687
v 0.15511 -0.26417 -0.14276
v 0.15511 -0.26417 -0.14276
v 0.17334 -0.15757 -0.15644
v 0.17989 -0.09672 -0.16346
v 0.17989 -0.09672 -0.16346
v 0.15835 -0.02412 -0.03018
v 0.15835 -0.02412 -0.03018
v 0.15330 0.12496 -0.08812
v 0.16757 0.17843 -0.12780
v 0.16757 0.17843 -0.12780
v 0.16136 0.15882 -0.31809
v 0.16136 0.15882 -0.31809
v 0.16214 0.18014 -0.26490
v 0.16214 0.18014 -0.26490
v 0.16214 0.18014 -0.26490
v 0.16214 0.18014 -0.26490
v 0.16214 0.18014 -0.26490
v 0.15378 0.19216 -0.24035
v 0.15378 0.19216 -0.24035
v 0.15378 0.19216 -0.24035
v 0.15378 0.19216 -0.24035
v 0.15510 0.11911 0.00751
v 0.15510 0.11911 0.00751
v 0.16018 0.18749 -0.04830
v 0.16018 0.18749 -0.04830
v 0.16018 0.18749 -0.04830
v 0.15108 0.19959 0.00727
v 0.15108 0.19959 0.00727
v 0.16152 0.34799 0.00234
v 0.16152 0.34799 0.00234
v 0.16890 0.35302 -0.01190
v 0.19810 0.40547 -0.01318
v 0.19810 0.40547 -0.01318
v 0.19810 0.40547 -0.01318
v 0.15434 0.43214 -0.12316
v 0.15565 -0.66535 -0.30230
v 0.15565 -0.66535 -0.30230
v 0.20474 -0.53552 -0.20014
v 0.20474 -0.53552 -0.20014
v 0.18895 -0.44889 -0.32106
v 0.19635 -0.44251 0.00460
v 0.19635 -0.44251 0.00460
v 0.19635 -0.44251 0.00460
v 0.17342 -0.36117 -0.09101
v 0.17342 -0.36117 -0.09101
v 0.17156 -0.36077 -0.33109
v 0.17156 -0.36077 -0.33109
v 0.16074 -0.37409 -0.29314
v 0.16074 -0.37409 -0.29314
v 0.16074 -0.37409 -0.29314
v 0.16074 -0.37409 -0.29314
v 0.18079 -0.26708 -0.28672
v 0.18079 -0.26708 -0.28672
v 0.17381 -0.27037 -0.20451
v 0.17381 -0.27037 -0.20451
v 0.14996 -0.24719 -0.20225
v 0.16498 -0.24292 -0.24980
v 0.16498 -0.24292 -0.24980
v 0.19660 -0.07893 -0.14461
v 0.19660 -0.07893 -0.14461
v 0.16311 0.01737 -0.06277
v 0.16311 0.01737 -0.06277
v 0.18519 0.03149 -0.03133
v 0.18519 0.03149 -0.03133
v 0.19566 0.08955 -0.05137
v 0.19566 0.08955 -0.05137
v 0.16386 0.10267 -0.01690
v 0.16386 0.10267 -0.01690
v 0.16386 0.10267 -0.01690
v 0.16572 0.14290 -0.03437
v 0.16572 0.14290 -0.03437
v 0.16572 0.14290 -0.03437
v 0.16637 0.19563 -0.22866
v 0.16637 0.19563 -0.22866
v 0.16637 0.19563 -0.22866
v 0.15481 0.19219 0.00218
v 0.16153 0.22602 -0.25299
v 0.16153 0.22602 -0.25299
v 0.16153 0.22602 -0.25299
v 0.27240 0.47478 -0.09267
v 0.27240 0.47478 -0.09267
v 0.27240 0.47478 -0.09267
v 0.16287 0.44090 -0.10842
v 0.20116 -0.56867 -0.16486
v 0.20116 -0.56867 -0.16486
v 0.19724 -0.46231 -0.33884
v 0.19724 -0.46231 -0.33884
v 0.15857 -0.39667 -0.31371
v 0.15898 -0.38296 -0.30190
v 0.15898 -0.38296 -0.30190
v 0.16187 -0.39043 -0.34674
v 0.16187 -0.39043 -0.34674
v 0.17584 -0.39723 -0.33947
v 0.17584 -0.39723 -0.33947
v 0.17584 -0.39723 -0.33947
v 0.17615 -0.38938 -0.05078
v 0.17615 -0.38938 -0.05078
v 0.19300 -0.30758 -0.09806
v 0.19300 -0.30758 -0.09806
v 0.16900 -0.28748 -0.29716
v 0.16701 -0.30088 -0.06417
v 0.16701 -0.30088 -0.06417
v 0.16792 -0.30538 -0.06219
v 0.16792 -0.30538 -0.06219
v 0.18228 -0.29837 -0.11355
v 0.18228 -0.29837 -0.11355
v 0.18228 -0.29837 -0.11355
v 0.18228 -0.29837 -0.11355
v 0.17128 -0.27031 -0.19359
v 0.17128 -0.27031 -0.19359
v 0.17274 -0.26560 -0.25428
v 0.17274 -0.26560 -0.25428
v 0.17274 -0.26560 -0.25428
v 0.17274 -0.26560 -0.25428
v 0.17859 0.06150 -0.03373
v 0.17859 0.06150 -0.03373
v 0.17760 0.06321 -0.05017
v 0.17760 0.06321 -0.05017
v 0.20345 0.09504 -0.31074
v 0.20345 0.09504 -0.31074
v 0.16470 0.09693 -0.28941
v 0.16470 0.09693 -0.28941
v 0.20453 0.13302 -0.08200
v 0.20453 0.13302 -0.08200
v 0.18064 0.16477 -0.32343
v 0.18064 0.16477 -0.32343
v 0.18064 0.16477 -0.32343
v 0.17081 0.18466 -0.14969
v 0.18953 0.17975 -0.16209
v 0.18953 0.17975 -0.16209
v 0.18953 0.17975 -0.16209
v 0.18283 0.27419 -0.14400
v 0.18283 0.27419 -0.14400
v 0.21633 0.33425 -0.08986
v 0.17925 0.37235 -0.05311
v 0.17925 0.37235 -0.05311
v 0.16793 0.66494 -0.32228
v 0.16793 0.66494 -0.32228
v 0.21910 -0.65845 -0.03262
v 0.21910 -0.65845 -0.03262
v 0.24678 -0.60676 0.06017
v 0.24678 -0.60676 0.06017
v 0.17304 -0.50744 -0.27727
v 0.18373 -0.39322 -0.32868
v 0.18373 -0.39322 -0.32868
v 0.18373 -0.39322 -0.32868
v 0.18373 -0.39322 -0.32868
v 0.18802 -0.36327 -0.25158
v 0.18802 -0.36327 -0.25158
v 0.16975 -0.37135 -0.32099
v 0.16975 -0.37135 -0.32099
v 0.16975 -0.37135 -0.32099
v 0.21666 -0.12843 -0.21055
v 0.21666 -0.12843 -0.21055
v 0.19105 0.04397 -0.04407
v 0.19105 0.04397 -0.04407
v 0.19384 0.17196 -0.14388
v 0.19384 0.17196 -0.14388
v 0.19384 0.17196 -0.14388
v 0.19384 0.17196 -0.14388
v 0.18440 0.18068 -0.24511
v 0.18440 0.18068 -0.24511
v 0.20045 0.20172 -0.15244
v 0.20045 0.20172 -0.15244
v 0.20045 0.20172 -0.15244
v 0.20045 0.20172 -0.15244
v 0.22526 0.41033 -0.05220
v 0.22526 0.41033 -0.05220
v 0.17739 0.45104 -0.11640
v 0.19552 -0.50306 -0.24699
v 0.22181 -0.52119 0.03640
v 0.22181 -0.52119 0.03640
v 0.18649 -0.56505 -0.31837
v 0.18649 -0.56505 -0.31837
v 0.18771 -0.50694 -0.35010
v 0.19165 -0.37753 -0.27487
v 0.19165 -0.37753 -0.27487
v 0.19165 -0.37753 -0.27487
v 0.19165 -0.37753 -0.27487
v 0.19165 -0.37753 -0.27487
v 0.19165 -0.37753 -0.27487
v 0.19933 -0.29901 -0.28409
v 0.18660 -0.30749 -0.22195
v 0.18660 -0.30749 -0.22195
v 0.23954 0.20756 -0.21236
v 0.23954 0.20756 -0.21236
v 0.19052 0.18003 -0.22869
v 0.19052 0.18003 -0.22869
v 0.19052 0.18003 -0.22869
v 0.19052 0.18003 -0.22869
v 0.20605 0.21045 -0.25758
v 0.20605 0.21045 -0.25758
v 0.20691 0.23697 -0.06967
v 0.20691 0.23697 -0.06967
v 0.19397 0.27681 -0.05541
v 0.19397 0.27681 -0.05541
v 0.19397 0.27681 -0.05541
v 0.18443 0.28070 -0.06361
v 0.20734 0.45006 -0.15316
v 0.20734 0.45006 -0.15316
v 0.19388 0.71001 -0.35295
v 0.19388 0.71001 -0.35295
v 0.19388 0.71001 -0.35295
v 0.19388 0.71001 -0.35295
v 0.19376 -0.72960 -0.17100
v 0.19376 -0.72960 -0.17100
v 0.21008 -0.68085 -0.20213
v 0.21008 -0.68085 -0.20213
v 0.21008 -0.68085 -0.20213
v 0.21008 -0.68085 -0.20213
v 0.20920 -0.70357 -0.22359
v 0.20920 -0.70357 -0.22359
v 0.18369 -0.70870 -0.12176
v 0.18369 -0.70870 -0.12176
v 0.19251 -0.71362 -0.10817
v 0.19251 -0.71362 -0.10817
v 0.19251 -0.71362 -0.10817
v 0.19251 -0.71362 -0.10817
v 0.19251 -0.71362 -0.10817
v 0.19251 -0.71362 -0.10817
v 0.19142 -0.67832 -0.16826
v 0.26594 -0.60007 -0.13697
v 0.26594 -0.60007 -0.13697
v 0.26594 -0.60007 -0.13697
v 0.24112 -0.38664 -0.11135
v 0.24112 -0.38664 -0.11135
v 0.24112 -0.38664 -0.11135
v 0.24112 -0.38664 -0.11135
v 0.20972 -0.32974 -0.30710
v 0.21171 0.07200 -0.30183
v 0.21171 0.07200 -0.30183
v 0.23268 0.11347 -0.30243
v 0.23268 0.11347 -0.30243
v 0.23268 0.11347 -0.30243
v 0.23268 0.11347 -0.30243
v 0.20023 0.15542 -0.28893
v 0.20023 0.15542 -0.28893
v 0.19037 0.16350 -0.25625
v 0.19037 0.16350 -0.25625
v 0.19037 0.16350 -0.25625
v 0.20116 0.23973 -0.09806
v 0.20116 0.23973 -0.09806
v 0.20116 0.23973 -0.09806
v 0.19646 -0.73050 -0.18321
v 0.22308 -0.51452 -0.22743
v 0.22308 -0.51452 -0.22743
v 0.23527 -0.42509 -0.21246
v 0.23527 -0.42509 -0.21246
v 0.21266 -0.50100 0.04703
v 0.21266 -0.50100 0.04703
v 0.18374 -0.39814 -0.03911
v 0.18374 -0.39814 -0.03911
v 0.21051 -0.34923 -0.15200
v 0.21051 -0.34923 -0.15200
v 0.19743 -0.36045 -0.19477
v 0.19743 -0.36045 -0.19477
v 0.21740 -0.29201 -0.12529
v 0.21740 -0.29201 -0.12529
v 0.23467 -0.28657 -0.29550
v 0.23467 -0.28657 -0.29550
v 0.21359 -0.24640 -0.25901
v 0.21359 -0.24640 -0.25901
v 0.21359 -0.24640 -0.25901
v 0.21824 -0.25323 -0.23420
v 0.21824 -0.25323 -0.23420
v 0.21824 -0.25323 -0.23420
v 0.22977 -0.07678 -0.12293
v 0.22977 -0.07678 -0.12293
v 0.22977 -0.07678 -0.12293
v 0.22855 -0.00951 -0.27586
v 0.23161 0.02672 -0.06915
v 0.23161 0.02672 -0.06915
v 0.23566 0.20155 -0.20092
v 0.23566 0.20155 -0.20092
v 0.23345 0.30300 -0.07875
v 0.23345 0.30300 -0.07875
v 0.22078 0.39921 -0.17209
v 0.26220 0.46177 -0.08667
v 0.26220 0.46177 -0.08667
v 0.19520 -0.74008 -0.17357
v 0.21225 -0.74352 -0.14311
v 0.21225 -0.74352 -0.14311
v 0.22542 -0.53572 -0.18285
v 0.22542 -0.53572 -0.18285
v 0.22542 -0.53572 -0.18285
v 0.21254 -0.43996 0.00233
v 0.21254 -0.43996 0.00233
v 0.18711 -0.35570 -0.21609
v 0.18711 -0.35570 -0.21609
v 0.23530 -0.38289 -0.22255
v 0.21681 -0.35623 -0.25932
v 0.23310 -0.33569 -0.08912
v 0.23310 -0.33569 -0.08912
v 0.21776 -0.30817 -0.29855
v 0.21743 -0.29593 -0.09923
v 0.21743 -0.29593 -0.09923
v 0.20920 -0.25556 -0.10189
v 0.20920 -0.25556 -0.10189
v 0.20920 -0.25556 -0.10189
v 0.20217 -0.25896 -0.09516
v 0.20217 -0.25896 -0.09516
v 0.22019 -0.15761 -0.24829
v 0.22019 -0.15761 -0.24829
v 0.22019 -0.15761 -0.24829
v 0.27767 0.05566 -0.27651
v 0.27767 0.05566 -0.27651
v 0.23806 0.10293 -0.31049
v 0.23806 0.10293 -0.31049
v 0.23806 0.10293 -0.31049
v 0.23806 0.10293 -0.31049
v 0.22437 0.25522 -0.12908
v 0.22437 0.25522 -0.12908
v 0.25520 0.38621 -0.11595
v 0.25742 0.43434 -0.12262
v 0.25742 0.43434 -0.12262
v 0.21150 0.41851 -0.03206
v 0.21150 0.41851 -0.03206
v 0.22609 -0.73150 -0.23967
v 0.22609 -0.73150 -0.23967
v 0.23464 -0.76533 -0.19841
v 0.26681 -0.67074 -0.01673
v 0.23737 -0.64340 -0.21649
v 0.23737 -0.64340 -0.21649
v 0.22559 -0.64577 -0.21988
v 0.22559 -0.64577 -0.21988
v 0.22559 -0.64577 -0.21988
v 0.23620 -0.64448 -0.00087
v 0.24850 -0.54368 -0.19470
v 0.24850 -0.54368 -0.19470
v 0.23368 -0.44835 -0.00130
v 0.23368 -0.44835 -0.00130
v 0.23368 -0.44835 -0.00130
v 0.25057 -0.43182 -0.01996
v 0.22862 -0.38790 -0.11267
v 0.22862 -0.38790 -0.11267
v 0.22862 -0.38790 -0.11267
v 0.24725 -0.35404 -0.14601
v 0.24725 -0.35404 -0.14601
v 0.22302 -0.27489 -0.07523
v 0.22302 -0.27489 -0.07523
v 0.22272 -0.07466 -0.30832
v 0.20141 0.07658 -0.07496
v 0.20141 0.07658 -0.07496
v 0.26903 0.07795 -0.10783
v 0.26903 0.07795 -0.10783
v 0.23643 0.17239 -0.15825
v 0.23643 0.17239 -0.15825
v 0.23643 0.17239 -0.15825
v 0.23643 0.17239 -0.15825
v 0.21165 0.25146 -0.07358
v 0.21165 0.25146 -0.07358
v 0.23667 -0.75280 -0.10802
v 0.23667 -0.75280 -0.10802
v 0.23508 -0.64416 -0.22548
v 0.23508 -0.64416 -0.22548
v 0.25787 -0.47729 -0.00797
v 0.25787 -0.47729 -0.00797
v 0.25787 -0.47729 -0.00797
v 0.22378 -0.31499 -0.24016
v 0.23869 -0.34550 -0.21781
v 0.22728 -0.28814 -0.26635
v 0.22028 -0.28853 -0.24888
v 0.23823 -0.31531 -0.13516
v 0.23823 -0.31531 -0.13516
v 0.24673 -0.12214 -0.30188
v 0.22961 0.10681 -0.30044
v 0.22961 0.10681 -0.30044
v 0.22961 0.10681 -0.30044
v 0.23425 0.10565 -0.27219
v 0.23425 0.10565 -0.27219
v 0.23425 0.10565 -0.27219
v 0.23425 0.10565 -0.27219
v 0.29127 0.13682 -0.22423
v 0.29127 0.13682 -0.22423
v 0.29127 0.13682 -0.22423
v 0.29127 0.13682 -0.22423
v 0.23723 0.26061 -0.08396
v 0.23723 0.26061 -0.08396
v 0.23723 0.26061 -0.08396
v 0.21858 0.22943 -0.08499
v 0.21858 0.22943 -0.08499
v 0.30847 0.51343 -0.13876
v 0.30847 0.51343 -0.13876
v 0.30847 0.51343 -0.13876
v 0.20942 -0.91152 -0.20129
v 0.20942 -0.91152 -0.20129
v 0.23775 -0.85893 -0.16697
v 0.24635 -0.82800 -0.23545
v 0.24635 -0.82800 -0.23545
v 0.24892 -0.84948 -0.11539
v 0.22764 -0.80149 -0.18570
v 0.22764 -0.80149 -0.18570
v 0.23005 -0.79987 -0.22554
v 0.23005 -0.79987 -0.22554
v 0.22612 -0.74423 -0.09040
v 0.27269 -0.72214 -0.04685
v 0.27269 -0.72214 -0.04685
v 0.27269 -0.72214 -0.04685
v 0.23721 -0.70099 -0.24376
v 0.23721 -0.70099 -0.24376
v 0.24008 -0.46177 0.01677
v 0.24008 -0.46177 0.01677
v 0.24179 -0.41553 -0.19589
v 0.24179 -0.41553 -0.19589
v 0.23209 -0.38482 -0.25709
v 0.23209 -0.38482 -0.25709
v 0.23209 -0.38482 -0.25709
v 0.23634 -0.40156 -0.14608
v 0.25307 -0.35733 -0.22140
v 0.25307 -0.35733 -0.22140
v 0.25952 -0.35489 -0.26888
v 0.25952 -0.35489 -0.26888
v 0.27154 -0.05095 -0.32786
v 0.21948 0.09164 -0.27533
v 0.21948 0.09164 -0.27533
v 0.23417 0.10920 -0.11330
v 0.23417 0.10920 -0.11330
v 0.22575 0.27536 -0.10021
v 0.29950 0.39556 -0.13576
v 0.29950 0.39556 -0.13576
v 0.25248 0.44728 -0.08866
v 0.23436 -0.92825 -0.28515
v 0.23436 -0.92825 -0.28515
v 0.23436 -0.92825 -0.28515
v 0.29393 -0.94638 -0.10864
v 0.24638 -0.91038 -0.12547
v 0.24638 -0.91038 -0.12547
v 0.26090 -0.79908 -0.24512
v 0.26090 -0.79908 -0.24512
v 0.26090 -0.79908 -0.24512
v 0.24324 -0.80105 -0.23226
v 0.24324 -0.80105 -0.23226
v 0.24324 -0.80105 -0.23226
v 0.28354 -0.78720 -0.11705
v 0.28354 -0.78720 -0.11705
v 0.28354 -0.78720 -0.11705
v 0.25830 -0.74443 -0.24467
v 0.25830 -0.74443 -0.24467
v 0.28540 -0.63198 -0.21086
v 0.28540 -0.63198 -0.21086
v 0.28540 -0.63198 -0.21086
v 0.28339 -0.53178 -0.20331
v 0.28339 -0.53178 -0.20331
v 0.25127 -0.43732 -0.07476
v 0.25127 -0.43732 -0.07476
v 0.26657 -0.47230 -0.01828
v 0.26657 -0.47230 -0.01828
v 0.26657 -0.47230 -0.01828
v 0.24879 -0.44139 -0.10123
v 0.24879 -0.44139 -0.10123
v 0.27554 -0.16438 -0.16652
v 0.23387 0.11656 -0.15985
v 0.28401 0.08819 -0.27420
v 0.28401 0.08819 -0.27420
v 0.29425 0.10836 -0.24756
v 0.29425 0.10836 -0.24756
v 0.29425 0.10836 -0.24756
v 0.29025 0.13987 -0.17205
v 0.29025 0.13987 -0.17205
v 0.30640 -0.90575 -0.28613
v 0.30640 -0.90575 -0.28613
v 0.27283 -0.76527 -0.10278
v 0.28977 -0.71264 -0.07021
v 0.28977 -0.71264 -0.07021
v 0.28977 -0.71264 -0.07021
v 0.28977 -0.71264 -0.07021
v 0.25300 -0.37762 -0.24438
v 0.25300 -0.37762 -0.24438
v 0.28159 -0.15289 -0.14768
v 0.28159 -0.15289 -0.14768
v 0.25498 0.11319 -0.23934
v 0.25498 0.11319 -0.23934
v 0.29242 -0.93210 -0.29127
v 0.29242 -0.93210 -0.29127
v 0.29242 -0.93210 -0.29127
v 0.25205 -0.94151 -0.04093
v 0.25205 -0.94151 -0.04093
v 0.27720 -0.85920 -0.05274
v 0.26035 -0.82355 -0.25095
v 0.28512 -0.74424 -0.24582
v 0.25587 -0.66048 0.01571
v 0.25587 -0.66048 0.01571
v 0.25587 -0.66048 0.01571
v 0.27244 -0.46091 -0.17696
v 0.30927 0.00647 -0.25390
v 0.30927 0.00647 -0.25390
v 0.28208 0.11698 -0.20219
v 0.28208 0.11698 -0.20219
v 0.25870 0.12832 -0.17334
v 0.26741 0.34357 -0.12385
v 0.26741 0.34357 -0.12385
v 0.30047 0.42601 -0.15389
v 0.30047 0.42601 -0.15389
v 0.25829 -0.93805 -0.09517
v 0.25829 -0.93805 -0.09517
v 0.26241 -0.92767 0.01799
v 0.26241 -0.92767 0.01799
v 0.26351 -0.68664 -0.24748
v 0.28848 -0.60445 -0.17324
v 0.27370 -0.56496 0.03730
v 0.27370 -0.56496 0.03730
v 0.29780 -0.57157 -0.08734
v 0.29780 -0.57157 -0.08734
v 0.27763 -0.51682 -0.14770
v 0.27763 -0.51682 -0.14770
v 0.29693 -0.44603 -0.06138
v 0.29693 -0.44603 -0.06138
v 0.29693 -0.44603 -0.06138
v 0.29693 -0.44603 -0.06138
v 0.29563 -0.05317 -0.11115
v 0.30232 0.14143 -0.18590
v 0.30232 0.14143 -0.18590
v 0.30232 0.14143 -0.18590
v 0.30232 0.14143 -0.18590
v 0.36283 0.51472 -0.16488
v 0.36283 0.51472 -0.16488
v 0.28767 -0.89976 0.02617
v 0.28767 -0.89976 0.02617
v 0.30163 -0.83441 -0.08087
v 0.30163 -0.83441 -0.08087
v 0.30163 -0.83441 -0.08087
v 0.30163 -0.83441 -0.08087
v 0.30163 -0.83441 -0.08087
v 0.28280 -0.16891 -0.28272
v 0.28280 -0.16891 -0.28272
v 0.31501 0.01192 -0.12858
v 0.31501 0.01192 -0.12858
v 0.30999 0.06764 -0.16204
v 0.32447 0.05525 -0.20834
v 0.29013 0.47240 -0.11379
v 0.29013 0.47240 -0.11379
v 0.30695 -0.94679 0.05154
v 0.30695 -0.94679 0.05154
v 0.30695 -0.94679 0.05154
v 0.30695 -0.94679 0.05154
v 0.28338 -0.92179 0.03371
v 0.31329 -0.69063 -0.09361
v 0.31329 -0.69063 -0.09361
v 0.31329 -0.69063 -0.09361
v 0.28465 -0.58935 -0.09797
v 0.28720 -0.46894 -0.08457
v 0.28720 -0.46894 -0.08457
v 0.32090 -0.18790 -0.17902
v 0.32090 -0.18790 -0.17902
v 0.32090 -0.18790 -0.17902
v 0.32253 -0.92094 0.06708
v 0.32253 -0.92094 0.06708
v 0.32253 -0.92094 0.06708
v 0.29326 -0.86664 -0.03190
v 0.29326 -0.86664 -0.03190
v 0.29326 -0.86664 -0.03190
v 0.33270 -0.76590 -0.11154
v 0.33270 -0.76590 -0.11154
v 0.29125 -0.59550 0.02740
v 0.29125 -0.59550 0.02740
v 0.29931 -0.56051 -0.16077
v 0.29931 -0.56051 -0.16077
v 0.30862 -0.51706 -0.13683
v 0.29629 -0.16918 -0.28853
v 0.29629 -0.16918 -0.28853
v 0.29612 -0.78269 -0.24517
v 0.31936 -0.65268 -0.17947
v 0.31936 -0.65268 -0.17947
v 0.30043 -0.60863 -0.01653
v 0.31917 -0.13172 -0.10475
v 0.35048 -0.05021 -0.27456
v 0.35048 -0.05021 -0.27456
v 0.34754 -0.88261 -0.22630
v 0.34754 -0.88261 -0.22630
v 0.32947 -0.78873 -0.24052
v 0.32197 -0.72740 -0.07651
v 0.32197 -0.72740 -0.07651
v 0.32438 -0.68119 -0.22084
v 0.32438 -0.68119 -0.22084
v 0.32438 -0.68119 -0.22084
v 0.30119 -0.62247 -0.06181
v 0.30119 -0.62247 -0.06181
v 0.30119 -0.62247 -0.06181
v 0.31112 0.14763 -0.25110
v 0.31112 0.14763 -0.25110
v 0.30521 0.14828 -0.25003
v 0.30521 0.14828 -0.25003
v 0.33549 -0.83754 -0.25743
v 0.33549 -0.83754 -0.25743
v 0.32354 -0.86901 -0.04277
v 0.33654 -0.75435 -0.21991
v 0.33654 -0.75435 -0.21991
v 0.31088 -0.70278 -0.07066
v 0.31088 -0.70278 -0.07066
v 0.31558 -0.20804 -0.25478
v 0.31558 -0.20804 -0.25478
v 0.32529 -0.22243 -0.24493
v 0.33000 -0.15453 -0.29975
v 0.36467 -0.12691 -0.29207
v 0.32440 -0.07164 -0.30488
v 0.33976 0.51021 -0.14421
v 0.33976 0.51021 -0.14421
v 0.33830 -0.92500 -0.00109
v 0.33830 -0.92500 -0.00109
v 0.33830 -0.92500 -0.00109
v 0.33830 -0.92500 -0.00109
v 0.34756 -0.77828 -0.13531
v 0.36618 -0.19431 -0.28296
v 0.34551 -0.03561 -0.20891
v 0.34551 -0.03561 -0.20891
v 0.39897 -0.93546 -0.15822
v 0.39897 -0.93546 -0.15822
v 0.39897 -0.93546 -0.15822
v 0.39897 -0.93546 -0.15822
v 0.31843 -0.90849 -0.03195
v 0.31843 -0.90849 -0.03195
v 0.33604 -0.84938 -0.05789
v 0.32690 -0.85735 -0.09677
v 0.32690 -0.85735 -0.09677
v 0.35636 -0.83720 -0.11350
v 0.35636 -0.83720 -0.11350
v 0.35636 -0.83720 -0.11350
v 0.31975 -0.83988 -0.07383
v 0.31975 -0.83988 -0.07383
v 0.33680 -0.74725 -0.12012
v 0.33808 -0.69605 -0.10912
v 0.34485 -0.65388 -0.16755
v 0.34485 -0.65388 -0.16755
v 0.35364 -0.27281 -0.20437
v 0.30812 -0.04980 -0.12509
v 0.30812 -0.04980 -0.12509
v 0.30812 -0.04980 -0.12509
v 0.38324 -0.94383 -0.07695
v 0.38324 -0.94383 -0.07695
v 0.38324 -0.94383 -0.07695
v 0.38324 -0.94383 -0.07695
v 0.34263 -0.77935 -0.24113
v 0.34263 -0.77935 -0.24113
v 0.34246 -0.70540 -0.21032
v 0.34246 -0.70540 -0.21032
v 0.34246 -0.70540 -0.21032
v 0.34246 -0.70540 -0.21032
v 0.33718 -0.74115 -0.20033
v 0.34802 -0.68755 -0.15526
v 0.34802 -0.68755 -0.15526
v 0.37767 -0.12624 -0.13455
v 0.37767 -0.12624 -0.13455
v 0.34636 -0.94576 -0.02724
v 0.34636 -0.94576 -0.02724
v 0.36304 -0.81718 -0.22522
v 0.36304 -0.81718 -0.22522
v 0.33350 -0.69604 -0.22304
v 0.33350 -0.69604 -0.22304
v 0.38113 -0.27186 -0.24981
v 0.38113 -0.27186 -0.24981
v 0.36725 -0.08025 -0.24389
v 0.36725 -0.08025 -0.24389
v 0.41609 -0.91047 -0.15913
v 0.41609 -0.91047 -0.15913
v 0.38861 -0.88498 -0.01092
v 0.38861 -0.88498 -0.01092
v 0.36154 -0.86278 -0.21897
v 0.35450 -0.78925 -0.18282
v 0.36216 -0.71242 -0.18606
v 0.36216 -0.71242 -0.18606
v 0.35932 -0.21577 -0.12279
v 0.35932 -0.21577 -0.12279
v 0.40000 -0.07959 -0.24077
v 0.40000 -0.07959 -0.24077
v 0.36135 -0.88813 -0.00792
v 0.38126 -0.84699 -0.14153
v 0.38126 -0.84699 -0.14153
v 0.36232 -0.79069 -0.17361
v 0.37487 -0.12978 -0.27080
v 0.37487 -0.12978 -0.27080
v 0.37487 -0.12978 -0.27080
v 0.39966 -0.10311 -0.16620
v 0.39966 -0.10311 -0.16620
v 0.38950 -0.95000 0.00342
v 0.38950 -0.95000 0.00342
v 0.38950 -0.95000 0.00342
v 0.37365 -0.93475 -0.11534
v 0.37365 -0.93475 -0.11534
v 0.37456 -0.86626 -0.13089
v 0.37456 -0.86626 -0.13089
v 0.43035 -0.24396 -0.14426
v 0.43035 -0.24396 -0.14426
v 0.38393 -0.09359 -0.25017
v 0.38393 -0.09359 -0.25017
v 0.41208 -0.09590 -0.19603
v 0.41208 -0.09590 -0.19603
v 0.38467 -0.93125 0.06321
v 0.38467 -0.93125 0.06321
v 0.38467 -0.93125 0.06321
v 0.40508 -0.89054 -0.05724
v 0.40508 -0.89054 -0.05724
v 0.37034 -0.13969 -0.11495
v 0.42784 -0.19622 -0.27521
v 0.38963 -0.25960 -0.11532
v 0.38963 -0.25960 -0.11532
v 0.38963 -0.25960 -0.11532
v 0.39547 -0.20404 -0.04153
v 0.39547 -0.20404 -0.04153
v 0.39547 -0.20404 -0.04153
v 0.40892 -0.09953 -0.05247
v 0.40892 -0.09953 -0.05247
v 0.40892 -0.09953 -0.05247
v 0.41834 -0.93237 -0.04881
v 0.41834 -0.93237 -0.04881
v 0.41027 -0.06855 -0.16406
v 0.41027 -0.06855 -0.16406
v 0.47063 -0.09199 -0.21033
v 0.47063 -0.09199 -0.21033
v 0.47063 -0.09199 -0.21033
v 0.47063 -0.09199 -0.21033
v 0.47063 -0.09199 -0.21033
v 0.41582 -0.88647 -0.13426
v 0.43209 -0.26863 -0.21879
v 0.43209 -0.26863 -0.21879
v 0.42794 -0.25671 -0.15295
v 0.42794 -0.25671 -0.15295
v 0.43428 -0.27579 -0.09102
v 0.43428 -0.27579 -0.09102
v 0.43428 -0.27579 -0.09102
v 0.40706 -0.20054 -0.02113
v 0.40706 -0.20054 -0.02113
v 0.44225 -0.23904 -0.04494
v 0.44225 -0.23904 -0.04494
v 0.42675 -0.17343 -0.00739
v 0.42675 -0.17343 -0.00739
v 0.42675 -0.17343 -0.00739
v 0.40923 -0.14047 -0.22811
v 0.44375 -0.07128 -0.12675
v 0.44375 -0.07128 -0.12675
v 0.42861 -0.07262 -0.08109
v 0.42861 -0.07262 -0.08109
v 0.43533 -0.90817 -0.05268
v 0.43533 -0.90817 -0.05268
v 0.43533 -0.90817 -0.05268
v 0.45051 -0.27470 -0.10654
v 0.44610 -0.28753 -0.14726
v 0.44213 -0.20728 -0.01307
v 0.44213 -0.20728 -0.01307
v 0.45500 -0.09565 -0.04246
v 0.45500 -0.09565 -0.04246
v 0.46010 -0.16409 -0.23263
v 0.42265 -0.08335 -0.07267
v 0.42265 -0.08335 -0.07267
v 0.44436 -0.93848 -0.06876
v 0.44436 -0.93848 -0.06876
v 0.44827 -0.44242 0.02651
v 0.44827 -0.44242 0.02651
v 0.42050 -0.41368 -0.03269
v 0.45051 -0.49082 -0.03592
v 0.45051 -0.49082 -0.03592
v 0.45051 -0.49082 -0.03592
v 0.42619 -0.38848 -0.01250
v 0.45371 -0.43251 -0.09019
v 0.45371 -0.43251 -0.09019
v 0.45371 -0.43251 -0.09019
v 0.46112 -0.26690 -0.07200
v 0.48510 -0.23497 -0.20483
v 0.48510 -0.23497 -0.20483
v 0.46817 -0.11129 -0.21278
v 0.46095 -0.41133 0.01719
v 0.46095 -0.41133 0.01719
v 0.45695 -0.22893 -0.02522
v 0.45695 -0.22893 -0.02522
v 0.45695 -0.22893 -0.02522
v 0.43915 -0.13422 0.01633
v 0.46877 -0.05352 -0.13770
v 0.46877 -0.05352 -0.13770
v 0.46877 -0.05352 -0.13770
v 0.45609 -0.24365 -0.03240
v 0.47926 -0.20140 0.01772
v 0.47926 -0.20140 0.01772
v 0.49662 -0.43898 0.03298
v 0.49662 -0.43898 0.03298
v 0.49662 -0.43898 0.03298
v 0.46310 -0.33752 -0.02416
v 0.46310 -0.33752 -0.02416
v 0.48705 -0.37340 -0.06767
v 0.48705 -0.37340 -0.06767
v 0.48286 -0.25786 -0.04914
v 0.49125 -0.24674 -0.04242
v 0.46924 -0.05912 0.00117
v 0.46924 -0.05912 0.00117
v 0.46924 -0.05912 0.00117
v 0.49140 -0.11426 0.04578
v 0.49140 -0.11426 0.04578
v 0.45955 -0.07426 -0.06929
v 0.45955 -0.07426 -0.06929
v 0.49390 -0.06206 -0.15047
v 0.49390 -0.06206 -0.15047
v 0.47639 -0.43896 -0.09348
v 0.50115 -0.10717 0.07722
v 0.50115 -0.10717 0.07722
v 0.46237 -0.05345 0.12366
v 0.46888 -0.01372 0.06794
v 0.45972 -0.08501 0.10786
v 0.48813 0.01653 0.12045
v 0.48813 0.01653 0.12045
v 0.48300 -0.03516 0.13731
v 0.48300 -0.03516 0.13731
v 0.48300 -0.03516 0.13731
v 0.48244 -0.39163 -0.07452
v 0.48244 -0.39163 -0.07452
v 0.48977 -0.34687 0.02480
v 0.48977 -0.34687 0.02480
v 0.48066 -0.29453 0.02230
v 0.49027 -0.23142 0.01003
v 0.49027 -0.23142 0.01003
v 0.49027 -0.23142 0.01003
v 0.52453 -0.24945 -0.16608
v 0.52453 -0.24945 -0.16608
v 0.52453 -0.24945 -0.16608
v 0.51673 -0.25193 -0.08579
v 0.51673 -0.25193 -0.08579
v 0.48426 -0.16584 -0.22477
v 0.50505 -0.08055 0.15054
v 0.50505 -0.08055 0.15054
v 0.50471 -0.06497 -0.09700
v 0.45008 -0.05803 0.00355
v 0.45008 -0.05803 0.00355
v 0.50165 0.02224 0.01256
v 0.50165 0.02224 0.01256
v 0.50165 0.02224 0.01256
v 0.50410 -0.35064 -0.04753
v 0.50410 -0.35064 -0.04753
v 0.52736 -0.38746 0.01112
v 0.52736 -0.38746 0.01112
v 0.52736 -0.38746 0.01112
v 0.52736 -0.38746 0.01112
v 0.52736 -0.38746 0.01112
v 0.48141 -0.16616 0.07626
v 0.49816 -0.23373 0.08157
v 0.49816 -0.23373 0.08157
v 0.51076 -0.23013 0.12460
v 0.51076 -0.23013 0.12460
v 0.51076 -0.23013 0.12460
v 0.48842 -0.20350 0.04060
v 0.50726 -0.17073 0.11444
v 0.50726 -0.17073 0.11444
v 0.47101 -0.16175 0.04969
v 0.51528 -0.08859 -0.15635
v 0.51528 -0.08859 -0.15635
v 0.49147 -0.04361 -0.05633
v 0.47589 -0.06103 0.15059
v 0.47589 -0.06103 0.15059
v 0.49973 -0.03534 -0.04652
v 0.49973 -0.03534 -0.04652
v 0.48013 0.30510 0.00127
v 0.48013 0.30510 0.00127
v 0.48013 0.30510 0.00127
v 0.48013 0.30510 0.00127
v 0.49552 0.22546 -0.03549
v 0.49552 0.22546 -0.03549
v 0.49552 0.22546 -0.03549
v 0.49851 0.23646 0.01337
v 0.49851 0.23646 0.01337
v 0.49851 0.23646 0.01337
v 0.49851 0.23646 0.01337
v 0.52644 -0.28298 -0.03180
v 0.52644 -0.28298 -0.03180
v 0.48657 -0.23451 0.04055
v 0.48657 -0.23451 0.04055
v 0.53029 -0.14447 -0.20821
v 0.53029 -0.14447 -0.20821
v 0.51500 -0.09825 -0.19241
v 0.51500 -0.09825 -0.19241
v 0.51500 -0.09825 -0.19241
v 0.51199 -0.02391 0.13606
v 0.51199 -0.02391 0.13606
v 0.52143 0.25248 -0.03559
v 0.52143 0.25248 -0.03559
v 0.52647 -0.46463 -0.01868
v 0.52647 -0.46463 -0.01868
v 0.52647 -0.46463 -0.01868
v 0.52647 -0.46463 -0.01868
v 0.52647 -0.46463 -0.01868
v 0.50446 -0.24965 -0.10725
v 0.50446 -0.24965 -0.10725
v 0.54621 -0.25753 0.10313
v 0.54621 -0.25753 0.10313
v 0.52813 -0.08960 0.13479
v 0.52813 -0.08960 0.13479
v 0.54769 -0.04906 -0.08889
v 0.54769 -0.04906 -0.08889
v 0.53772 0.23443 0.06380
v 0.53772 0.23443 0.06380
v 0.53772 0.23443 0.06380
v 0.50721 0.35670 -0.02257
v 0.50721 0.35670 -0.02257
v 0.51952 0.36087 0.03982
v 0.51952 0.36087 0.03982
v 0.51064 -0.31687 0.02552
v 0.51064 -0.31687 0.02552
v 0.51927 -0.29739 0.04887
v 0.51927 -0.29739 0.04887
v 0.51064 -0.24039 -0.18745
v 0.51064 -0.24039 -0.18745
v 0.51064 -0.24039 -0.18745
v 0.54253 -0.11107 -0.17297
v 0.54253 -0.11107 -0.17297
v 0.53080 -0.42968 -0.04055
v 0.53080 -0.42968 -0.04055
v 0.54424 -0.21235 0.14021
v 0.54844 -0.10273 -0.12784
v 0.54844 -0.10273 -0.12784
v 0.52249 -0.06927 -0.10591
v 0.55037 -0.02679 0.10646
v 0.55037 -0.02679 0.10646
v 0.55037 -0.02679 0.10646
v 0.50655 0.46747 0.01850
v 0.50655 0.46747 0.01850
v 0.52515 0.53477 -0.02206
v 0.52515 0.53477 -0.02206
v 0.53487 0.44463 -0.02826
v 0.53487 0.44463 -0.02826
v 0.51803 0.51774 0.02440
v 0.51803 0.51774 0.02440
v 0.53819 0.58564 -0.00549
v 0.53819 0.58564 -0.00549
v 0.53819 0.58564 -0.00549
v 0.53808 -0.38216 -0.01980
v 0.53808 -0.38216 -0.01980
v 0.53808 -0.38216 -0.01980
v 0.53808 -0.38216 -0.01980
v 0.53808 -0.38216 -0.01980
v 0.53268 -0.25135 0.05807
v 0.53268 -0.25135 0.05807
v 0.56678 -0.25203 0.00070
v 0.56678 -0.25203 0.00070
v 0.56678 -0.25203 0.00070
v 0.57350 -0.15993 0.16007
v 0.53863 0.02233 0.03855
v 0.53863 0.02233 0.03855
v 0.53863 0.02233 0.03855
v 0.55754 0.38850 -0.00994
v 0.55754 0.38850 -0.00994
v 0.54690 0.55533 0.04039
v 0.54690 0.55533 0.04039
v 0.54034 -0.23755 -0.14996
v 0.54034 -0.23755 -0.14996
v 0.54034 -0.23755 -0.14996
v 0.54228 -0.23457 -0.13218
v 0.54228 -0.23457 -0.13218
v 0.53406 -0.10966 -0.16676
v 0.53406 -0.10966 -0.16676
v 0.56061 -0.02163 0.15645
v 0.56061 -0.02163 0.15645
v 0.57557 -0.01318 -0.02816
v 0.58752 0.22534 0.11777
v 0.58752 0.22534 0.11777
v 0.53619 -0.27541 -0.00700
v 0.53619 -0.27541 -0.00700
v 0.54950 -0.22798 -0.11231
v 0.54950 -0.22798 -0.11231
v 0.55428 -0.21997 -0.10588
v 0.55428 -0.21997 -0.10588
v 0.55470 -0.18033 -0.15792
v 0.55470 -0.18033 -0.15792
v 0.59370 -0.00847 0.13101
v 0.59370 -0.00847 0.13101
v 0.53761 0.09782 0.07198
v 0.54732 0.05333 0.03862
v 0.54732 0.05333 0.03862
v 0.54489 0.07238 0.11295
v 0.53923 0.13584 0.08301
v 0.56539 0.11954 0.02221
v 0.56539 0.11954 0.02221
v 0.57427 0.11583 0.14481
v 0.57427 0.11583 0.14481
v 0.57585 0.15306 0.03535
v 0.57585 0.15306 0.03535
v 0.56689 0.52287 0.07124
v 0.55920 0.53694 0.05640
v 0.55920 0.53694 0.05640
v 0.56740 -0.22178 -0.06179
v 0.56740 -0.22178 -0.06179
v 0.56288 -0.16010 -0.13876
v 0.56288 -0.16010 -0.13876
v 0.59761 -0.06518 0.15821
v 0.59761 -0.06518 0.15821
v 0.56592 -0.04006 0.01265
v 0.56592 -0.04006 0.01265
v 0.56558 0.05755 0.03208
v 0.56687 0.05357 0.11893
v 0.56687 0.05357 0.11893
v 0.58158 0.23346 0.01535
v 0.58158 0.23346 0.01535
v 0.56566 0.42697 -0.00223
v 0.57712 -0.23754 -0.03531
v 0.57712 -0.23754 -0.03531
v 0.60969 -0.18520 0.09849
v 0.56132 -0.10643 0.14771
v 0.59787 -0.10675 -0.09055
v 0.59787 -0.10675 -0.09055
v 0.57849 0.08491 0.02577
v 0.57849 0.08491 0.02577
v 0.55971 0.14525 0.09032
v 0.55971 0.14525 0.09032
v 0.59899 -0.26285 0.06528
v 0.59899 -0.26285 0.06528
v 0.59899 -0.26285 0.06528
v 0.57638 -0.13120 -0.09995
v 0.57721 -0.10052 0.12609
v 0.57721 -0.10052 0.12609
v 0.57833 -0.14799 -0.08022
v 0.57833 -0.14799 -0.08022
v 0.60242 -0.05198 -0.02682
v 0.60242 -0.05198 -0.02682
v 0.60242 -0.05198 -0.02682
v 0.61560 -0.02045 0.10893
v 0.61560 -0.02045 0.10893
v 0.61560 -0.02045 0.10893
v 0.61560 -0.02045 0.10893
v 0.59896 0.09776 0.14605
v 0.58870 -0.24068 -0.00452
v 0.58870 -0.24068 -0.00452
v 0.66204 -0.10293 0.07006
v 0.66204 -0.10293 0.07006
v 0.59353 -0.05823 -0.05200
v 0.58820 -0.15781 -0.06840
v 0.58115 -0.12796 -0.08143
v 0.58115 -0.12796 -0.08143
v 0.59243 -0.04335 0.00490
v 0.59243 -0.04335 0.00490
v 0.61516 0.14066 0.03788
v 0.61516 0.14066 0.03788
v 0.60497 0.18292 0.03968
v 0.59822 0.17304 0.11982
v 0.59822 0.17304 0.11982
v 0.61436 0.21473 0.13535
v 0.61436 0.21473 0.13535
v 0.60333 0.44069 0.10710
v 0.63770 -0.20562 0.06507
v 0.63770 -0.20562 0.06507
v 0.61973 -0.19708 0.01428
v 0.60726 0.06517 0.04002
v 0.60726 0.06517 0.04002
v 0.62367 0.04286 0.09455
v 0.62367 0.04286 0.09455
v 0.61640 0.23215 0.14077
v 0.64356 0.33135 0.14785
v 0.64356 0.33135 0.14785
v 0.64866 0.37356 0.07759
v 0.64866 0.37356 0.07759
v 0.64866 0.37356 0.07759
v 0.63353 0.36175 0.13847
v 0.63353 0.36175 0.13847
v 0.62664 -0.01655 0.07662
v 0.62664 -0.01655 0.07662
v 0.63114 0.11680 0.10607
v 0.63114 0.11680 0.10607
v 0.63114 0.11680 0.10607
v 0.61402 0.14782 0.14323
v 0.61402 0.14782 0.14323
v 0.61402 0.14782 0.14323
v 0.65012 0.12735 0.07869
v 0.65012 0.12735 0.07869
v 0.61656 0.46051 0.05089
v 0.61656 0.46051 0.05089
v 0.62784 0.09725 0.11763
v 0.62784 0.09725 0.11763
v 0.64667 -0.03835 0.11078
v 0.64667 -0.03835 0.11078
v 0.66038 0.22998 0.07663
v 0.66716 -0.14946 0.06847
v 0.66716 -0.14946 0.06847
v 0.67161 -0.05214 0.09009
v 0.63845 0.08065 0.07092
v 0.64382 0.24897 0.07106
v 0.64664 0.28367 0.15220
v 0.64664 0.28367 0.15220
v 0.64333 0.14605 0.14324
v 0.64333 0.14605 0.14324
v 0.64315 0.12749 0.18126
v 0.64315 0.12749 0.18126
v 0.64315 0.12749 0.18126
v 0.66632 0.21917 0.19062
v 0.66632 0.21917 0.19062
v 0.66632 0.21917 0.19062
v 0.66632 0.21917 0.19062
v 0.69262 0.10496 0.14474
v 0.69262 0.10496 0.14474
v 0.69262 0.10496 0.14474
v 0.69262 0.10496 0.14474
v 0.67710 0.23622 0.10122
v 0.67710 0.23622 0.10122
v 0.66726 0.17195 0.19927
v 0.66726 0.17195 0.19927
v 0.68492 0.21591 0.12352
v 0.69133 0.02064 0.20346
v 0.71715 -0.07332 0.23274
v 0.71715 -0.07332 0.23274
v 0.70158 0.21445 0.22806
v 0.70158 0.21445 0.22806
v 0.70158 0.21445 0.22806
v 0.73237 0.13029 0.25692
v 0.71426 0.07437 0.17221
v 0.71426 0.07437 0.17221
v 0.70194 0.20653 0.13991
v 0.70194 0.20653 0.13991
v 0.71168 -0.03363 0.21600
v 0.72877 -0.02321 0.19985
v 0.72877 -0.02321 0.19985
v 0.74205 0.05131 0.26716
v 0.74783 0.20975 0.19442
v 0.74783 0.20975 0.19442
v 0.74783 0.20975 0.19442
v 0.74783 0.20975 0.19442
v 0.72803 0.12540 0.18784
v 0.71228 0.22418 0.24464
v 0.71228 0.22418 0.24464
v 0.71228 0.22418 0.24464
v 0.71228 0.22418 0.24464
v 0.73284 0.24232 0.25783
v 0.74608 0.21395 0.26855
v 0.75085 0.26183 0.23756
v 0.75085 0.26183 0.23756
v 0.75085 0.26183 0.23756
v 0.79049 0.01280 0.24745
v 0.79049 0.01280 0.24745
v 0.79049 0.01280 0.24745
v 0.74738 0.06982 0.27113
v 0.74738 0.06982 0.27113
v 0.76540 0.15128 0.27920
v 0.73814 0.23537 0.22113
v 0.73814 0.23537 0.22113
v 0.77901 0.05892 0.24905
v 0.77901 0.05892 0.24905
v 0.76862 0.25251 0.24709
v 0.76862 0.25251 0.24709
v 0.78049 0.08979 0.26278
v 0.78049 0.08979 0.26278
v 0.78105 0.13297 0.26436
v 0.78105 0.13297 0.26436
v 0.78137 0.11584 0.26208
v 0.78137 0.11584 0.26208
v 0.78008 0.13369 0.26062
v 0.77980 0.13798 0.26078
vt 0.95166 0.69712
vt 0.79701 0.62416
vt 0.84300 0.63891
vt 0.95190 0.74977
vt 0.84966 0.62938
vt 0.95235 0.74159
vt 0.84148 0.62380
vt 0.82477 0.63608
vt 0.47236 0.18521
vt 0.77759 0.64217
vt 0.85955 0.64416
vt 0.95808 0.77033
vt 0.87022 0.63283
vt 0.96542 0.69429
vt 0.11821 0.68002
vt 0.80257 0.64711
vt 0.95431 0.69545
vt 0.11705 0.67447
vt 0.95638 0.68602
vt 0.12648 0.67576
vt 0.95418 0.67820
vt 0.77809 0.62355
vt 0.13430 0.67560
vt 0.48780 0.18699
vt 0.76836 0.62673
vt 0.14403 0.67878
vt 0.83496 0.65183
vt 0.95975 0.78935
vt 0.57003 0.41033
vt 0.88924 0.64634
vt 0.87693 0.64575
vt 0.58875 0.41103
vt 0.87052 0.65616
vt 0.96513 0.72721
vt 0.08529 0.68030
vt 0.47137 0.19415
vt 0.46561 0.19085
vt 0.77914 0.64892
vt 0.61500 0.41852
vt 0.84426 0.66401
vt 0.96841 0.80908
vt 0.55029 0.41899
vt 0.00342 0.70650
vt 0.97034 0.76452
vt 0.04798 0.69088
vt 0.96677 0.80001
vt 0.01249 0.69901
vt 0.10644 0.68134
vt 0.47129 0.20388
vt 0.13234 0.69528
vt 0.57897 0.42785
vt 0.03210 0.70562
vt 0.44482 0.20088
vt 0.77640 0.66970
vt 0.11879 0.31202
vt 0.59379 0.42522
vt 0.04691 0.70468
vt 0.62686 0.42316
vt 0.83241 0.67416
vt 0.79633 0.53188
vt 0.80021 0.54305
vt 0.78406 0.51527
vt 0.80077 0.51684
vt 0.51625 0.31257
vt 0.07290 0.70122
vt 0.07938 0.70158
vt 0.81851 0.67166
vt 0.63135 0.42786
vt 0.82791 0.68329
vt 0.80208 0.51242
vt 0.51183 0.31982
vt 0.80333 0.53564
vt 0.53506 0.31283
vt 0.80720 0.55142
vt 0.80928 0.69503
vt 0.81804 0.68138
vt 0.77722 0.68867
vt 0.79524 0.69547
vt 0.27419 0.28534
vt 0.76919 0.68054
vt 0.79804 0.49100
vt 0.49041 0.31457
vt 0.76343 0.48942
vt 0.60107 0.25645
vt 0.63179 0.43896
vt 0.82747 0.67344
vt 0.08492 0.72549
vt 0.74295 0.15224
vt 0.90236 0.91677
vt 0.82639 0.69213
vt 0.81742 0.68672
vt 0.81793 0.69333
vt 0.76368 0.69466
vt 0.30576 0.28808
vt 0.68972 0.37454
vt 0.88113 0.85297
vt 0.13028 0.30827
vt 0.75596 0.67300
vt 0.13924 0.31396
vt 0.79776 0.48433
vt 0.63540 0.26221
vt 0.48374 0.31456
vt 0.51321 0.29545
vt 0.76097 0.50250
vt 0.76485 0.55783
vt 0.46510 0.07762
vt 0.07694 0.37924
vt 0.12227 0.39660
vt 0.06437 0.38145
vt 0.06735 0.37375
vt 0.45264 0.07454
vt 0.11811 0.40271
vt 0.06853 0.38232
vt 0.11590 0.40759
vt 0.98896 0.03479
vt 0.08337 0.70301
vt 0.81632 0.69497
vt 0.44994 0.21436
vt 0.13403 0.71664
vt 0.11684 0.29855
vt 0.12442 0.29482
vt 0.90955 0.86007
vt 0.75439 0.67985
vt 0.14080 0.30042
vt 0.89594 0.84369
vt 0.29285 0.43235
vt 0.61236 0.24804
vt 0.63511 0.24900
vt 0.47217 0.30135
vt 0.60890 0.25756
vt 0.76878 0.48083
vt 0.60642 0.25228
vt 0.52723 0.30488
vt 0.82113 0.55937
vt 0.17582 0.42148
vt 0.05866 0.10910
vt 0.01082 0.36954
vt 0.80155 0.56223
vt 0.11191 0.41288
vt 0.07005 0.38999
vt 0.46947 0.08838
vt 0.83582 0.68193
vt 0.07489 0.36848
vt 0.89386 0.92511
vt 0.46184 0.08150
vt 0.83609 0.68955
vt 0.41162 0.04795
vt 0.11202 0.39351
vt 0.10608 0.40687
vt 0.82845 0.69893
vt 0.41370 0.05733
vt 0.80725 0.69869
vt 0.26219 0.28795
vt 0.76229 0.47209
vt 0.75562 0.49897
vt 0.75380 0.47751
vt 0.61548 0.03866
vt 0.74391 0.49799
vt 0.74778 0.56194
vt 0.13453 0.40350
vt 0.05210 0.37302
vt 0.13450 0.39949
vt 0.05214 0.36697
vt 0.12663 0.39635
vt 0.06001 0.37461
vt 0.13333 0.40509
vt 0.11969 0.41548
vt 0.98326 0.03857
vt 0.06227 0.39399
vt 0.12547 0.39247
vt 0.06116 0.37045
vt 0.10010 0.41553
vt 0.08186 0.39056
vt 0.86422 0.91346
vt 0.82481 0.70264
vt 0.41680 0.06104
vt 0.10074 0.40659
vt 0.24463 0.29217
vt 0.87316 0.91410
vt 0.27889 0.28973
vt 0.68973 0.34767
vt 0.96436 0.16131
vt 0.13466 0.29871
vt 0.91015 0.84983
vt 0.13180 0.29122
vt 0.89471 0.85269
vt 0.90781 0.06115
vt 0.75360 0.51236
vt 0.89990 0.05823
vt 0.75356 0.50446
vt 0.75744 0.55774
vt 0.91338 0.07275
vt 0.75574 0.51793
vt 0.75961 0.57227
vt 0.76874 0.56487
vt 0.13816 0.39608
vt 0.04847 0.36883
vt 0.14152 0.39883
vt 0.04511 0.37010
vt 0.83053 0.67767
vt 0.72444 0.12571
vt 0.89812 0.91983
vt 0.82908 0.68010
vt 0.11485 0.71968
vt 0.09766 0.29448
vt 0.84734 0.03400
vt 0.74288 0.49156
vt 0.84093 0.03398
vt 0.73646 0.49161
vt 0.73403 0.48536
vt 0.15627 0.41745
vt 0.12900 0.41935
vt 0.05296 0.39644
vt 0.12207 0.41969
vt 0.05989 0.39161
vt 0.12654 0.42026
vt 0.05541 0.39191
vt 0.05802 0.40352
vt 0.11953 0.41379
vt 0.97900 0.03841
vt 0.07974 0.40065
vt 0.86610 0.91558
vt 0.68467 0.37805
vt 0.74151 0.47187
vt 0.80861 0.49173
vt 0.49115 0.29284
vt 0.76387 0.58056
vt 0.03662 0.10675
vt 0.77952 0.58350
vt 0.17854 0.42920
vt 0.05094 0.11182
vt 0.00342 0.40101
vt 0.79383 0.56918
vt 0.14903 0.40429
vt 0.03760 0.36194
vt 0.09483 0.72607
vt 0.07764 0.29411
vt 0.73304 0.15283
vt 0.10120 0.29237
vt 0.70947 0.14284
vt 0.91176 0.88329
vt 0.25614 0.29312
vt 0.87228 0.90259
vt 0.69987 0.37284
vt 0.89128 0.85467
vt 0.67777 0.38361
vt 0.75899 0.46637
vt 0.96196 0.55322
vt 0.74836 0.46856
vt 0.74293 0.46215
vt 0.94589 0.54706
vt 0.30045 0.42926
vt 0.61996 0.24530
vt 0.30778 0.43408
vt 0.62729 0.24266
vt 0.38757 0.37256
vt 0.73244 0.48519
vt 0.73631 0.56208
vt 0.83740 0.03857
vt 0.73294 0.49081
vt 0.73681 0.56685
vt 0.49859 0.28814
vt 0.60400 0.04056
vt 0.74588 0.56811
vt 0.02588 0.40384
vt 0.85622 0.96944
vt 0.05197 0.35993
vt 0.88974 0.94803
vt 0.06092 0.40355
vt 0.27426 0.29829
vt 0.97291 0.17476
vt 0.86769 0.88447
vt 0.90670 0.87065
vt 0.73604 0.46008
vt 0.29054 0.42806
vt 0.77241 0.47012
vt 0.61005 0.24134
vt 0.53877 0.33026
vt 0.97538 0.54759
vt 0.71956 0.47310
vt 0.90829 0.20132
vt 0.73461 0.56887
vt 0.49090 0.29031
vt 0.60784 0.04248
vt 0.74397 0.57524
vt 0.51475 0.28303
vt 0.68467 0.15106
vt 0.04053 0.03857
vt 0.52881 0.03288
vt 0.13835 0.03386
vt 0.04370 0.40657
vt 0.06770 0.35825
vt 0.25201 0.30518
vt 0.87948 0.90673
vt 0.27878 0.30286
vt 0.97748 0.17921
vt 0.89618 0.86793
vt 0.28773 0.39329
vt 0.50401 0.32756
vt 0.30577 0.40153
vt 0.35501 0.36427
vt 0.72750 0.45225
vt 0.39725 0.13171
vt 0.90378 0.22217
vt 0.93046 0.54349
vt 0.72005 0.47958
vt 0.83664 0.13037
vt 0.72393 0.56983
vt 0.72782 0.48785
vt 0.73169 0.57082
vt 0.80971 0.49723
vt 0.49665 0.29126
vt 0.00737 0.35516
vt 0.81271 0.57662
vt 0.04534 0.35582
vt 0.87936 0.95466
vt 0.06238 0.41442
vt 0.86430 0.93294
vt 0.88848 0.91099
vt 0.87595 0.91490
vt 0.69678 0.13525
vt 0.88857 0.89216
vt 0.29085 0.37561
vt 0.48632 0.32753
vt 0.30252 0.38964
vt 0.34312 0.36193
vt 0.48953 0.33116
vt 0.50787 0.34015
vt 0.74728 0.45553
vt 0.95025 0.54048
vt 0.95797 0.54057
vt 0.90069 0.19227
vt 0.71527 0.57775
vt 0.53707 0.33459
vt 0.97436 0.54327
vt 0.82768 0.11179
vt 0.72626 0.57879
vt 0.73042 0.57726
vt 0.30887 0.06396
vt 0.73664 0.57563
vt 0.75236 0.57428
vt 0.52965 0.28731
vt 0.82040 0.57694
vt 0.00506 0.41175
vt 0.85315 0.99026
vt 0.79644 0.57992
vt 0.06286 0.35981
vt 0.50324 0.05127
vt 0.88609 0.93714
vt 0.70892 0.12699
vt 0.89684 0.90430
vt 0.86909 0.88549
vt 0.87933 0.89531
vt 0.66535 0.34799
vt 0.97870 0.18569
vt 0.67611 0.39273
vt 0.86751 0.83479
vt 0.30522 0.38046
vt 0.33395 0.36306
vt 0.51591 0.33697
vt 0.71436 0.48063
vt 0.90759 0.19379
vt 0.71823 0.57086
vt 0.62927 0.23251
vt 0.38493 0.36240
vt 0.22087 0.68194
vt 0.76241 0.58300
vt 0.04530 0.03153
vt 0.05074 0.41134
vt 0.86413 0.94458
vt 0.07453 0.35213
vt 0.88651 0.92547
vt 0.88129 0.92507
vt 0.98613 0.17160
vt 0.87085 0.88192
vt 0.65783 0.37413
vt 0.04179 0.21256
vt 0.84923 0.85338
vt 0.28174 0.36146
vt 0.47217 0.34424
vt 0.31494 0.35725
vt 0.15088 0.70997
vt 0.89935 0.20538
vt 0.92217 0.53905
vt 0.08028 0.53298
vt 0.97165 0.53774
vt 0.30508 0.06129
vt 0.73509 0.57942
vt 0.52613 0.27831
vt 0.81991 0.58594
vt 0.86072 0.97265
vt 0.57559 0.08545
vt 0.16104 0.07990
vt 0.86686 0.93729
vt 0.87163 0.92366
vt 0.65989 0.40937
vt 0.75556 0.45340
vt 0.95853 0.53086
vt 0.64999 0.23044
vt 0.48420 0.28279
vt 0.23216 0.66122
vt 0.71896 0.57950
vt 0.50634 0.28464
vt 0.73924 0.58345
vt 0.51037 0.27422
vt 0.69348 0.15546
vt 0.25832 0.66555
vt 0.74508 0.58967
vt 0.75945 0.58659
vt 0.00342 0.35034
vt 0.87171 0.99658
vt 0.81499 0.58143
vt 0.06565 0.35156
vt 0.49849 0.04302
vt 0.88134 0.93435
vt 0.56592 0.07874
vt 0.49072 0.04472
vt 0.17071 0.08118
vt 0.98909 0.12569
vt 0.87357 0.92763
vt 0.16545 0.07959
vt 0.87111 0.93288
vt 0.65873 0.34716
vt 0.98318 0.19231
vt 0.01482 0.21222
vt 0.65534 0.35400
vt 0.02167 0.21333
vt 0.65556 0.36029
vt 0.04848 0.22418
vt 0.85684 0.84670
vt 0.80518 0.07178
vt 0.32628 0.35432
vt 0.16221 0.69361
vt 0.49855 0.34971
vt 0.17726 0.71500
vt 0.35470 0.35575
vt 0.19063 0.68824
vt 0.92989 0.53882
vt 0.08907 0.52525
vt 0.93037 0.53715
vt 0.08785 0.52477
vt 0.21678 0.69847
vt 0.97807 0.52642
vt 0.89647 0.19643
vt 0.07134 0.53474
vt 0.89479 0.18498
vt 0.71436 0.58366
vt 0.82178 0.10766
vt 0.72989 0.58469
vt 0.49432 0.27964
vt 0.24227 0.66980
vt 0.29346 0.06029
vt 0.73573 0.59104
vt 0.50121 0.27027
vt 0.24916 0.67199
vt 0.87508 0.95553
vt 0.05046 0.03813
vt 0.53874 0.03385
vt 0.12842 0.03483
vt 0.04414 0.41650
vt 0.58282 0.08240
vt 0.15381 0.08491
vt 0.34792 0.03241
vt 0.87963 0.05364
vt 0.98542 0.14259
vt 0.86990 0.94453
vt 0.49415 0.04053
vt 0.87699 0.93442
vt 0.16433 0.08740
vt 0.33740 0.03657
vt 0.98126 0.13207
vt 0.07373 0.02536
vt 0.06757 0.34992
vt 0.88249 0.93243
vt 0.06856 0.35005
vt 0.88702 0.93144
vt 0.65305 0.36031
vt 0.02797 0.21440
vt 0.03044 0.22039
vt 0.64404 0.38458
vt 0.83545 0.84294
vt 0.97641 0.53153
vt 0.53778 0.03564
vt 0.12938 0.03662
vt 0.82139 0.07275
vt 0.34249 0.34999
vt 0.17843 0.69458
vt 0.38080 0.12854
vt 0.94272 0.52703
vt 0.83936 0.02686
vt 0.96337 0.52962
vt 0.21675 0.68919
vt 0.84525 0.02620
vt 0.61377 0.07178
vt 0.96802 0.52373
vt 0.54013 0.34338
vt 0.21885 0.69483
vt 0.98171 0.53447
vt 0.22633 0.69124
vt 0.99452 0.19873
vt 0.00342 0.22356
vt 0.84372 0.89176
vt 0.65890 0.42041
vt 0.85030 0.80710
vt 0.51318 0.34973
vt 0.19189 0.69868
vt 0.38403 0.13623
vt 0.94017 0.53027
vt 0.08589 0.53817
vt 0.97855 0.53087
vt 0.42432 0.06689
vt 0.23088 0.69018
vt 0.68408 0.17444
vt 0.26113 0.68453
vt 0.24215 0.67921
vt 0.43234 0.06571
vt 0.23890 0.70101
vt 0.69405 0.17725
vt 0.75049 0.10731
vt 0.26193 0.68734
vt 0.51145 0.27139
vt 0.21338 0.11729
vt 0.69630 0.14230
vt 0.25966 0.71385
vt 0.76360 0.59133
vt 0.23954 0.13716
vt 0.80519 0.59292
vt 0.52792 0.27431
vt 0.22985 0.12197
vt 0.82037 0.58994
vt 0.28945 0.69647
vt 0.78098 0.58918
vt 0.34475 0.03789
vt 0.87646 0.05911
vt 0.97995 0.13942
vt 0.07475 0.03271
vt 0.34169 0.03857
vt 0.07806 0.02965
vt 0.03076 0.22998
vt 0.84364 0.86442
vt 0.85475 0.82676
vt 0.85277 0.81235
vt 0.17147 0.69716
vt 0.90739 0.51789
vt 0.10784 0.54775
vt 0.09753 0.73381
vt 0.22857 0.69274
vt 0.87607 0.17928
vt 0.72410 0.60237
vt 0.40499 0.25049
vt 0.87996 0.20019
vt 0.90546 0.08021
vt 0.07510 0.55341
vt 0.72702 0.59559
vt 0.52638 0.27107
vt 0.22831 0.12187
vt 0.23925 0.14314
vt 0.77383 0.11545
vt 0.28527 0.67825
vt 0.79920 0.59875
vt 0.89085 0.06006
vt 0.97900 0.15381
vt 0.99592 0.18931
vt 0.85314 0.88188
vt 0.84509 0.82353
vt 0.34366 0.26277
vt 0.81988 0.91837
vt 0.33571 0.26791
vt 0.81463 0.92632
vt 0.17619 0.55615
vt 0.82652 0.92172
vt 0.16609 0.55318
vt 0.82735 0.93182
vt 0.81884 0.06763
vt 0.33994 0.34976
vt 0.36182 0.21891
vt 0.95476 0.51481
vt 0.84559 0.02461
vt 0.96443 0.52339
vt 0.26070 0.68861
vt 0.22419 0.14301
vt 0.69952 0.16802
vt 0.60107 0.09229
vt 0.05311 0.12409
vt 0.04736 0.11928
vt 0.95947 0.36963
vt 0.77523 0.35889
vt 0.54249 0.42195
vt 0.61907 0.08923
vt 0.06908 0.14209
vt 0.06397 0.07080
vt 0.22607 0.10009
vt 0.51968 0.44367
vt 0.84109 0.84110
vt 0.22600 0.70741
vt 0.96913 0.51307
vt 0.73599 0.59507
vt 0.74606 0.33713
vt 0.73175 0.34086
vt 0.33300 0.28152
vt 0.80818 0.92902
vt 0.48804 0.35400
vt 0.16675 0.70703
vt 0.36865 0.12986
vt 0.94994 0.51489
vt 0.91499 0.51542
vt 0.43989 0.05911
vt 0.24646 0.70030
vt 0.01166 0.03271
vt 0.77715 0.59980
vt 0.25891 0.71268
vt 0.76477 0.59744
vt 0.21505 0.13349
vt 0.69974 0.15850
vt 0.25784 0.70876
vt 0.76869 0.59705
vt 0.26835 0.69752
vt 0.61009 0.08115
vt 0.07804 0.13311
vt 0.23503 0.09111
vt 0.74947 0.18408
vt 0.97353 0.33895
vt 0.52866 0.45262
vt 0.62620 0.06516
vt 0.37713 0.20494
vt 0.96873 0.51130
vt 0.74488 0.60268
vt 0.25483 0.71909
vt 0.49276 0.06635
vt 0.75836 0.59973
vt 0.22706 0.14795
vt 0.70247 0.17296
vt 0.76164 0.11572
vt 0.22353 0.13752
vt 0.70157 0.16253
vt 0.81357 0.94354
vt 0.15365 0.55129
vt 0.82384 0.94426
vt 0.34613 0.27357
vt 0.82140 0.91590
vt 0.06942 0.07010
vt 0.52513 0.44437
vt 0.36620 0.27426
vt 0.20209 0.54812
vt 0.82806 0.89582
vt 0.82191 0.90730
vt 0.14450 0.54319
vt 0.82632 0.95341
vt 0.34477 0.28064
vt 0.81184 0.91726
vt 0.34070 0.27770
vt 0.93548 0.51412
vt 0.36684 0.21298
vt 0.96070 0.51258
vt 0.86960 0.19197
vt 0.06688 0.53978
vt 0.24492 0.72607
vt 0.75137 0.60869
vt 0.75161 0.35779
vt 0.53560 0.44557
vt 0.35284 0.28402
vt 0.64404 0.03054
vt 0.80810 0.90918
vt 0.33751 0.27943
vt 0.81241 0.92452
vt 0.22065 0.70792
vt 0.62847 0.05915
vt 0.76953 0.60912
vt 0.38314 0.20506
vt 0.96862 0.50903
vt 0.23912 0.70855
vt 0.00342 0.02538
vt 0.47705 0.07275
vt 0.76890 0.60613
vt 0.01145 0.02596
vt 0.77694 0.60343
vt 0.77586 0.60054
vt 0.74616 0.60760
vt 0.40853 0.22842
vt 0.48688 0.07089
vt 0.76197 0.60427
vt 0.37315 0.22427
vt 0.94940 0.50945
vt 0.91351 0.09079
vt 0.06705 0.54773
vt 0.89502 0.09326
vt 0.08554 0.55743
vt 0.86475 0.18941
vt 0.39486 0.25012
vt 0.06432 0.53159
vt 0.51008 0.99658
vt 0.98384 0.34156
vt 0.74716 0.33452
vt 0.17734 0.53600
vt 0.05420 0.05989
vt 0.23699 0.10986
vt 0.50990 0.45458
vt 0.48724 0.36138
vt 0.81780 0.95975
vt 0.49934 0.36280
vt 0.80570 0.95227
vt 0.35703 0.28412
vt 0.33316 0.29310
vt 0.11645 0.19579
vt 0.37527 0.22224
vt 0.05871 0.54443
vt 0.74712 0.61067
vt 0.40746 0.22746
vt 0.35645 0.28905
vt 0.19234 0.53332
vt 0.31885 0.28261
vt 0.10596 0.19022
vt 0.80026 0.94318
vt 0.50898 0.36367
vt 0.79605 0.96149
vt 0.79622 0.94812
vt 0.91134 0.49339
vt 0.91944 0.50120
vt 0.39266 0.23280
vt 0.75828 0.61196
vt 0.40066 0.21630
vt 0.15747 0.52146
vt 0.76938 0.94581
vt 0.56685 0.05127
vt 0.76800 0.95638
vt 0.57313 0.04911
vt 0.76987 0.95011
vt 0.84131 0.05730
vt 0.51215 0.16056
vt 0.75671 0.94867
vt 0.36631 0.24876
vt 0.92491 0.49061
vt 0.48152 0.98274
vt 0.07394 0.56574
vt 0.13144 0.75030
vt 0.37337 0.23413
vt 0.78988 0.03174
vt 0.74973 0.61357
vt 0.40210 0.22485
vt 0.78174 0.03010
vt 0.74158 0.61521
vt 0.40159 0.23300
vt 0.18697 0.53254
vt 0.08545 0.11057
vt 0.50090 0.36819
vt 0.66162 0.13189
vt 0.77682 0.93386
vt 0.85539 0.05821
vt 0.75804 0.93459
vt 0.76685 0.92448
vt 0.54535 0.36600
vt 0.51231 0.16943
vt 0.75968 0.95755
vt 0.84624 0.05908
vt 0.75802 0.94375
vt 0.89390 0.49363
vt 0.11583 0.75807
vt 0.37732 0.23853
vt 0.78650 0.02861
vt 0.74635 0.61670
vt 0.72638 0.18331
vt 0.50557 0.45339
vt 0.79834 0.06006
vt 0.20166 0.52964
vt 0.02490 0.06201
vt 0.34930 0.29262
vt 0.65264 0.03955
vt 0.49106 0.37074
vt 0.51826 0.36579
vt 0.78678 0.95601
vt 0.11801 0.17341
vt 0.78346 0.94107
vt 0.78596 0.94567
vt 0.77139 0.95024
vt 0.66673 0.11723
vt 0.77163 0.91919
vt 0.38179 0.24125
vt 0.49701 0.98796
vt 0.05466 0.55705
vt 0.15072 0.75078
vt 0.72608 0.17174
vt 0.98694 0.33014
vt 0.37954 0.29049
vt 0.21542 0.53188
vt 0.36128 0.29539
vt 0.35171 0.29411
vt 0.65414 0.03784
vt 0.78249 0.95035
vt 0.66615 0.13178
vt 0.12225 0.16852
vt 0.77856 0.93375
vt 0.53168 0.37070
vt 0.77335 0.96227
vt 0.56104 0.04146
vt 0.54202 0.37236
vt 0.76302 0.96220
vt 0.73694 0.91152
vt 0.50754 0.15240
vt 0.74129 0.94051
vt 0.88525 0.48793
vt 0.13497 0.76378
vt 0.05266 0.56222
vt 0.15272 0.76118
vt 0.11475 0.51368
vt 0.47998 0.38467
vt 0.82506 0.98317
vt 0.33812 0.30322
vt 0.12657 0.19674
vt 0.34253 0.41086
vt 0.12596 0.19018
vt 0.12448 0.17673
vt 0.52373 0.37327
vt 0.78130 0.96047
vt 0.54241 0.37102
vt 0.76263 0.96108
vt 0.50622 0.13902
vt 0.73782 0.92713
vt 0.74803 0.90172
vt 0.37372 0.98990
vt 0.73574 0.89231
vt 0.38601 0.98947
vt 0.05061 0.53313
vt 0.52379 0.98235
vt 0.71689 0.17443
vt 0.49608 0.46227
vt 0.99133 0.32756
vt 0.73316 0.32703
vt 0.64284 0.73470
vt 0.16012 0.50809
vt 0.31918 0.42475
vt 0.36835 0.29913
vt 0.81210 0.05367
vt 0.20423 0.52325
vt 0.03866 0.05944
vt 0.09921 0.10679
vt 0.50202 0.38195
vt 0.51567 0.37723
vt 0.66616 0.13525
vt 0.12225 0.17376
vt 0.67958 0.11465
vt 0.38115 0.40357
vt 0.76816 0.91662
vt 0.35360 0.97121
vt 0.16121 0.09829
vt 0.72299 0.92641
vt 0.71445 0.91407
vt 0.15967 0.09479
vt 0.72454 0.92698
vt 0.24589 0.09131
vt 0.67559 0.18630
vt 0.70832 0.92396
vt 0.05252 0.52198
vt 0.52188 0.97519
vt 0.73243 0.16338
vt 0.97611 0.31825
vt 0.80195 0.05358
vt 0.02851 0.05231
vt 0.35395 0.30532
vt 0.33297 0.39504
vt 0.36884 0.30811
vt 0.20473 0.51427
vt 0.33309 0.38015
vt 0.10807 0.11377
vt 0.50123 0.39081
vt 0.34550 0.45947
vt 0.52706 0.37602
vt 0.77798 0.96741
vt 0.52245 0.37605
vt 0.77756 0.96315
vt 0.67736 0.12322
vt 0.13346 0.16791
vt 0.71237 0.92351
vt 0.17958 0.10303
vt 0.86063 0.07764
vt 0.70462 0.93155
vt 0.92373 0.48787
vt 0.48966 0.98000
vt 0.03254 0.55328
vt 0.03060 0.53850
vt 0.86188 0.02783
vt 0.18506 0.02719
vt 0.60428 0.33821
vt 0.18870 0.02295
vt 0.01489 0.53386
vt 0.60851 0.34185
vt 0.85950 0.02426
vt 0.81982 0.04868
vt 0.59954 0.34059
vt 0.70947 0.17018
vt 0.48866 0.46652
vt 0.79838 0.33111
vt 0.99446 0.32147
vt 0.64967 0.73157
vt 0.18239 0.51244
vt 0.31885 0.40249
vt 0.67145 0.13228
vt 0.12755 0.17135
vt 0.55579 0.38685
vt 0.49146 0.16674
vt 0.40007 0.44181
vt 0.37873 0.97506
vt 0.59033 0.07373
vt 0.69743 0.90749
vt 0.13881 0.76616
vt 0.85498 0.02727
vt 0.19196 0.02881
vt 0.82435 0.04557
vt 0.01642 0.53972
vt 0.49450 0.47303
vt 0.72331 0.16722
vt 0.70894 0.35046
vt 0.52746 0.48824
vt 0.64186 0.75813
vt 0.39452 0.38861
vt 0.36696 0.97796
vt 0.39352 0.97598
vt 0.73349 0.93388
vt 0.59424 0.84851
vt 0.85303 0.06606
vt 0.49561 0.19689
vt 0.66039 0.19862
vt 0.69305 0.93916
vt 0.71591 0.94013
vt 0.24463 0.09039
vt 0.67822 0.18504
vt 0.70740 0.92133
vt 0.26264 0.08053
vt 0.69754 0.91373
vt 0.68198 0.20658
vt 0.68589 0.91757
vt 0.86916 0.07142
vt 0.67653 0.19072
vt 0.69840 0.92302
vt 0.61366 0.35483
vt 0.01396 0.52457
vt 0.61781 0.35286
vt 0.48584 0.46648
vt 0.79834 0.33423
vt 0.14804 0.50192
vt 0.32526 0.43683
vt 0.51756 0.38286
vt 0.72951 0.94072
vt 0.60174 0.85534
vt 0.07666 0.06201
vt 0.71086 0.94681
vt 0.91640 0.47138
vt 0.91966 0.47680
vt 0.92781 0.47277
vt 0.49746 0.96490
vt 0.04138 0.52234
vt 0.53301 0.97627
vt 0.02406 0.52917
vt 0.04411 0.51929
vt 0.53029 0.98305
vt 0.48889 0.47274
vt 0.80460 0.34444
vt 0.49820 0.48016
vt 0.81202 0.34767
vt 0.71276 0.16089
vt 0.33697 0.08643
vt 0.80767 0.32218
vt 0.67738 0.73919
vt 0.51413 0.48811
vt 0.53133 0.39870
vt 0.37560 0.45416
vt 0.47607 0.15326
vt 0.40618 0.42833
vt 0.72641 0.94995
vt 0.60634 0.86458
vt 0.14936 0.77630
vt 0.01916 0.51472
vt 0.55524 0.96440
vt 0.53959 0.97055
vt 0.17942 0.05023
vt 0.01849 0.56561
vt 0.18689 0.77681
vt 0.04019 0.57016
vt 0.16519 0.77536
vt 0.02927 0.52958
vt 0.02096 0.51821
vt 0.55343 0.97326
vt 0.83182 0.04932
vt 0.00985 0.54347
vt 0.59890 0.35258
vt 0.71869 0.31990
vt 0.64437 0.72757
vt 0.72188 0.33042
vt 0.68509 0.12601
vt 0.14119 0.16592
vt 0.26630 0.02657
vt 0.37335 0.41494
vt 0.38285 0.40865
vt 0.39723 0.38687
vt 0.60427 0.81454
vt 0.36967 0.97405
vt 0.48281 0.14892
vt 0.74288 0.93703
vt 0.61431 0.85166
vt 0.72225 0.89015
vt 0.39950 0.97103
vt 0.69240 0.94434
vt 0.68801 0.91145
vt 0.80715 0.34270
vt 0.72713 0.16015
vt 0.97500 0.31503
vt 0.66301 0.75103
vt 0.98831 0.30500
vt 0.65736 0.73772
vt 0.13740 0.20557
vt 0.33370 0.41755
vt 0.54545 0.39173
vt 0.39370 0.39449
vt 0.60968 0.82216
vt 0.50733 0.19971
vt 0.34496 0.17105
vt 0.50729 0.19302
vt 0.34493 0.17774
vt 0.68136 0.94142
vt 0.51380 0.19672
vt 0.35144 0.17404
vt 0.88804 0.46356
vt 0.62387 0.97234
vt 0.12886 0.78814
vt 0.59424 0.92150
vt 0.52751 0.96964
vt 0.17236 0.05615
vt 0.07798 0.04031
vt 0.46533 0.03768
vt 0.17344 0.04625
vt 0.47524 0.03876
vt 0.01451 0.56249
vt 0.37158 0.02359
vt 0.57988 0.35236
vt 0.01544 0.55484
vt 0.01310 0.52496
vt 0.61741 0.35451
vt 0.52094 0.39444
vt 0.36521 0.45471
vt 0.14306 0.17464
vt 0.36462 0.42062
vt 0.40009 0.95273
vt 0.72239 0.95903
vt 0.13949 0.56549
vt 0.61347 0.87366
vt 0.09121 0.05241
vt 0.70126 0.95591
vt 0.59311 0.06332
vt 0.70247 0.20151
vt 0.70306 0.89708
vt 0.35020 0.17705
vt 0.67609 0.96506
vt 0.35214 0.17568
vt 0.91362 0.46919
vt 0.00342 0.54717
vt 0.08545 0.09205
vt 0.59520 0.36048
vt 0.00903 0.52450
vt 0.61788 0.35238
vt 0.56536 0.97298
vt 0.01000 0.52164
vt 0.56440 0.97139
vt 0.10493 0.09383
vt 0.61469 0.37013
vt 0.65930 0.73847
vt 0.70985 0.31235
vt 0.65081 0.72001
vt 0.12814 0.49729
vt 0.48169 0.40106
vt 0.32596 0.45674
vt 0.14071 0.19402
vt 0.34524 0.42483
vt 0.14370 0.18593
vt 0.35333 0.42420
vt 0.51410 0.40004
vt 0.35837 0.45102
vt 0.08686 0.06141
vt 0.71026 0.95531
vt 0.52205 0.19188
vt 0.35969 0.17888
vt 0.60554 0.92835
vt 0.51621 0.95517
vt 0.18591 0.05439
vt 0.07622 0.04541
vt 0.66688 0.03955
vt 0.60677 0.02645
vt 0.18272 0.78331
vt 0.06689 0.04054
vt 0.47642 0.04639
vt 0.37921 0.02662
vt 0.67172 0.03023
vt 0.62764 0.02571
vt 0.00725 0.52671
vt 0.61566 0.35891
vt 0.37829 0.03076
vt 0.62350 0.02588
vt 0.57556 0.09391
vt 0.57270 0.35907
vt 0.62388 0.36075
vt 0.56356 0.96461
vt 0.08261 0.14910
vt 0.99005 0.11256
vt 0.29957 0.10986
vt 0.87158 0.09890
vt 0.15752 0.12468
vt 0.82337 0.32253
vt 0.69251 0.73953
vt 0.57523 0.95835
vt 0.70936 0.32237
vt 0.64222 0.73004
vt 0.70752 0.34065
vt 0.63718 0.74832
vt 0.55215 0.39750
vt 0.39642 0.44147
vt 0.61877 0.81323
vt 0.37866 0.95956
vt 0.60240 0.06386
vt 0.70193 0.21080
vt 0.60685 0.06682
vt 0.69897 0.21524
vt 0.69606 0.90058
vt 0.42569 0.95709
vt 0.68596 0.20551
vt 0.68532 0.91359
vt 0.69088 0.95827
vt 0.33447 0.18569
vt 0.69182 0.96269
vt 0.52762 0.19009
vt 0.36525 0.18067
vt 0.53773 0.18515
vt 0.65479 0.06609
vt 0.28076 0.05322
vt 0.37537 0.18561
vt 0.91906 0.46813
vt 0.62000 0.94132
vt 0.50176 0.96026
vt 0.04013 0.57275
vt 0.16525 0.78514
vt 0.82388 0.34042
vt 0.33935 0.44424
vt 0.68960 0.12251
vt 0.38060 0.41144
vt 0.67065 0.07181
vt 0.35951 0.18582
vt 0.15881 0.78870
vt 0.22859 0.06791
vt 0.53260 0.96011
vt 0.66162 0.03093
vt 0.62256 0.02501
vt 0.59814 0.02666
vt 0.57470 0.10493
vt 0.06005 0.03271
vt 0.19135 0.78857
vt 0.63248 0.03480
vt 0.58473 0.36818
vt 0.65804 0.71907
vt 0.51346 0.49516
vt 0.65586 0.76224
vt 0.65856 0.71266
vt 0.78857 0.04314
vt 0.62429 0.73114
vt 0.37943 0.09619
vt 0.64181 0.70993
vt 0.70557 0.09229
vt 0.63414 0.72022
vt 0.79986 0.04639
vt 0.61300 0.73289
vt 0.74756 0.04650
vt 0.62217 0.74318
vt 0.76095 0.05525
vt 0.60877 0.75193
vt 0.75551 0.05713
vt 0.61421 0.75381
vt 0.79963 0.03930
vt 0.61324 0.73897
vt 0.49204 0.39665
vt 0.33631 0.45609
vt 0.34584 0.44407
vt 0.36982 0.45111
vt 0.36975 0.44957
vt 0.38988 0.42203
vt 0.55026 0.40283
vt 0.39453 0.44558
vt 0.54089 0.39853
vt 0.38516 0.44681
vt 0.39904 0.41775
vt 0.47889 0.14093
vt 0.40367 0.41600
vt 0.61823 0.84367
vt 0.73059 0.95164
vt 0.62448 0.86627
vt 0.73547 0.95793
vt 0.13916 0.57858
vt 0.72540 0.96570
vt 0.16184 0.56328
vt 0.63582 0.87677
vt 0.70287 0.97371
vt 0.72803 0.09307
vt 0.54248 0.27115
vt 0.73243 0.97357
vt 0.99398 0.10498
vt 0.57362 0.27393
vt 0.70129 0.97920
vt 0.74789 0.09775
vt 0.40281 0.02979
vt 0.31592 0.05356
vt 0.15084 0.23228
vt 0.71256 0.98636
vt 0.70826 0.88989
vt 0.41349 0.95929
vt 0.50897 0.18285
vt 0.65771 0.21265
vt 0.51323 0.17878
vt 0.65852 0.21673
vt 0.67542 0.94103
vt 0.65895 0.07275
vt 0.37121 0.18393
vt 0.04736 0.15158
vt 0.53999 0.95587
vt 0.06984 0.15967
vt 0.14475 0.13135
vt 0.62463 0.37758
vt 0.56246 0.94778
vt 0.01076 0.12842
vt 0.70890 0.72840
vt 0.01796 0.12251
vt 0.01920 0.12309
vt 0.70047 0.72179
vt 0.62857 0.03857
vt 0.58606 0.09910
vt 0.57827 0.36427
vt 0.02923 0.11498
vt 0.15959 0.11659
vt 0.69044 0.73144
vt 0.08853 0.09912
vt 0.59828 0.35967
vt 0.62256 0.03280
vt 0.59183 0.09309
vt 0.57934 0.35825
vt 0.15705 0.11947
vt 0.83821 0.31732
vt 0.69298 0.73432
vt 0.31982 0.07892
vt 0.67743 0.73168
vt 0.33060 0.08305
vt 0.67701 0.73581
vt 0.42619 0.12061
vt 0.66333 0.71554
vt 0.66303 0.71856
vt 0.67790 0.71858
vt 0.41273 0.11746
vt 0.67680 0.70896
vt 0.64230 0.72739
vt 0.72035 0.07534
vt 0.14600 0.03369
vt 0.61719 0.70544
vt 0.89502 0.03512
vt 0.61616 0.72671
vt 0.14890 0.17839
vt 0.36088 0.42268
vt 0.36842 0.42708
vt 0.25928 0.02881
vt 0.37559 0.42196
vt 0.26234 0.02443
vt 0.37121 0.41890
vt 0.39155 0.44266
vt 0.63245 0.84188
vt 0.74596 0.10010
vt 0.56042 0.26412
vt 0.40088 0.02330
vt 0.52411 0.17721
vt 0.29438 0.04528
vt 0.76807 0.04633
vt 0.66454 0.94192
vt 0.28447 0.04679
vt 0.77798 0.05322
vt 0.28149 0.04619
vt 0.78096 0.04951
vt 0.30183 0.02335
vt 0.37464 0.19037
vt 0.60673 0.92681
vt 0.51502 0.95482
vt 0.44482 0.04819
vt 0.22123 0.06819
vt 0.52523 0.95983
vt 0.19287 0.03584
vt 0.49337 0.03369
vt 0.44546 0.07457
vt 0.53312 0.95476
vt 0.16686 0.80029
vt 0.00342 0.11698
vt 0.96631 0.11539
vt 0.71625 0.72518
vt 0.40088 0.11139
vt 0.68865 0.72012
vt 0.41673 0.11206
vt 0.67280 0.71210
vt 0.66050 0.71409
vt 0.66196 0.71099
vt 0.92745 0.03842
vt 0.62888 0.75550
vt 0.91998 0.03140
vt 0.63293 0.76297
vt 0.37939 0.09006
vt 0.64184 0.70380
vt 0.91748 0.03955
vt 0.63838 0.76547
vt 0.71050 0.08834
vt 0.63019 0.71529
vt 0.35387 0.43882
vt 0.39165 0.42470
vt 0.56859 0.26682
vt 0.14616 0.23291
vt 0.71724 0.98738
vt 0.69825 0.98837
vt 0.41403 0.95594
vt 0.99365 0.09783
vt 0.58238 0.26677
vt 0.69253 0.97953
vt 0.99558 0.08830
vt 0.58464 0.25725
vt 0.69027 0.97760
vt 0.68511 0.98746
vt 0.06762 0.79230
vt 0.59333 0.25864
vt 0.68159 0.96569
vt 0.67598 0.97038
vt 0.68941 0.22607
vt 0.68487 0.91014
vt 0.43688 0.94625
vt 0.67593 0.21922
vt 0.67818 0.92362
vt 0.34961 0.19304
vt 0.67668 0.95779
vt 0.37040 0.19367
vt 0.37202 0.19775
vt 0.80117 0.02411
vt 0.65426 0.95572
vt 0.63547 0.95474
vt 0.97133 0.11555
vt 0.71122 0.73356
vt 0.27002 0.07764
vt 0.59634 0.38205
vt 0.10003 0.05132
vt 0.28463 0.07163
vt 0.59930 0.36744
vt 0.39307 0.07920
vt 0.62816 0.69294
vt 0.60921 0.74065
vt 0.61007 0.75745
vt 0.99658 0.64259
vt 0.38433 0.43365
vt 0.73450 0.96280
vt 0.15406 0.57760
vt 0.71001 0.99658
vt 0.04272 0.78851
vt 0.14806 0.22127
vt 0.88583 0.03929
vt 0.91052 0.11999
vt 0.71534 0.99470
vt 0.03739 0.79779
vt 0.57699 0.26155
vt 0.33056 0.05848
vt 0.16548 0.22737
vt 0.69792 0.97872
vt 0.69921 0.52121
vt 0.77454 0.04577
vt 0.29541 0.02365
vt 0.79736 0.02775
vt 0.65807 0.94314
vt 0.30305 0.03076
vt 0.37586 0.19305
vt 0.80500 0.02881
vt 0.64020 0.96606
vt 0.45365 0.05225
vt 0.21240 0.08350
vt 0.85270 0.08541
vt 0.51641 0.94453
vt 0.45780 0.04756
vt 0.86381 0.08955
vt 0.51226 0.95564
vt 0.43955 0.07867
vt 0.52720 0.95066
vt 0.60215 0.03174
vt 0.18734 0.78452
vt 0.22900 0.03435
vt 0.18733 0.79042
vt 0.01809 0.11522
vt 0.29049 0.09617
vt 0.88066 0.08521
vt 0.14845 0.11100
vt 0.59383 0.11011
vt 0.31982 0.07141
vt 0.58574 0.37527
vt 0.11109 0.05225
vt 0.60215 0.37850
vt 0.09814 0.04608
vt 0.28652 0.06639
vt 0.59944 0.36555
vt 0.49623 0.50498
vt 0.83684 0.34013
vt 0.90519 0.03564
vt 0.61668 0.71654
vt 0.96631 0.06201
vt 0.61863 0.69042
vt 0.00730 0.44169
vt 0.66412 0.92403
vt 0.62493 0.92551
vt 0.49682 0.94821
vt 0.23888 0.03760
vt 0.18408 0.80030
vt 0.58900 0.11182
vt 0.58133 0.37698
vt 0.88812 0.10303
vt 0.14098 0.12881
vt 0.62717 0.37588
vt 0.02061 0.11065
vt 0.15097 0.11073
vt 0.60846 0.37556
vt 0.67588 0.70102
vt 0.67928 0.68504
vt 0.66563 0.69523
vt 0.81447 0.07966
vt 0.64608 0.77089
vt 0.80518 0.08545
vt 0.65537 0.77143
vt 0.64914 0.68956
vt 0.64740 0.68144
vt 0.62151 0.76484
vt 0.15558 0.02773
vt 0.60688 0.69948
vt 0.99053 0.58462
vt 0.89773 0.03455
vt 0.61558 0.72399
vt 0.14744 0.02985
vt 0.61456 0.70160
vt 0.59687 0.74865
vt 0.98658 0.63379
vt 0.60691 0.73250
vt 0.60092 0.75742
vt 0.99488 0.64256
vt 0.56649 0.26095
vt 0.40696 0.02674
vt 0.32007 0.05908
vt 0.67672 0.98959
vt 0.07602 0.79935
vt 0.67424 0.92223
vt 0.36082 0.19424
vt 0.66546 0.94951
vt 0.66172 0.91250
vt 0.46003 0.94672
vt 0.14141 0.79567
vt 0.12883 0.80117
vt 0.85783 0.10498
vt 0.62492 0.91814
vt 0.49683 0.94966
vt 0.42822 0.08671
vt 0.35046 0.07275
vt 0.28801 0.03631
vt 0.51588 0.94262
vt 0.43444 0.08053
vt 0.34424 0.06505
vt 0.52210 0.94880
vt 0.20373 0.04173
vt 0.52723 0.95052
vt 0.00640 0.11372
vt 0.96929 0.11865
vt 0.27881 0.10063
vt 0.13232 0.11900
vt 0.63698 0.38068
vt 0.55003 0.94469
vt 0.57275 0.11029
vt 0.05811 0.02736
vt 0.01904 0.03056
vt 0.56637 0.37545
vt 0.18940 0.79392
vt 0.58934 0.37644
vt 0.69278 0.68994
vt 0.67030 0.68257
vt 0.01039 0.49337
vt 0.65863 0.68703
vt 0.82185 0.08387
vt 0.63870 0.76993
vt 0.26002 0.79289
vt 0.64319 0.67337
vt 0.00342 0.46626
vt 0.18701 0.08054
vt 0.59916 0.73025
vt 0.99084 0.61539
vt 0.60393 0.72034
vt 0.99086 0.60549
vt 0.60135 0.74358
vt 0.61377 0.02508
vt 0.17786 0.02185
vt 0.89387 0.02570
vt 0.75262 0.03955
vt 0.77368 0.10010
vt 0.52273 0.58055
vt 0.61478 0.02812
vt 0.17712 0.02490
vt 0.89082 0.02671
vt 0.52374 0.58360
vt 0.24463 0.26040
vt 0.52891 0.57629
vt 0.24863 0.25309
vt 0.61493 0.03174
vt 0.88721 0.02686
vt 0.64967 0.86808
vt 0.12842 0.22408
vt 0.73499 0.98815
vt 0.16462 0.21978
vt 0.56299 0.03141
vt 0.31885 0.31858
vt 0.69835 0.52880
vt 0.69843 0.22291
vt 0.42991 0.94942
vt 0.67665 0.97681
vt 0.67769 0.91968
vt 0.67244 0.91610
vt 0.66737 0.97811
vt 0.66723 0.98229
vt 0.67310 0.98864
vt 0.07963 0.79354
vt 0.66862 0.96259
vt 0.66244 0.99010
vt 0.09029 0.79800
vt 0.10931 0.05931
vt 0.65463 0.97778
vt 0.12076 0.06462
vt 0.65029 0.96634
vt 0.78076 0.09330
vt 0.46172 0.94610
vt 0.95922 0.07471
vt 0.65513 0.92679
vt 0.46662 0.94754
vt 0.11344 0.06081
vt 0.65392 0.97365
vt 0.64577 0.96255
vt 0.64789 0.94813
vt 0.64219 0.94216
vt 0.63188 0.92592
vt 0.62716 0.97488
vt 0.12557 0.79318
vt 0.63357 0.90957
vt 0.48819 0.94087
vt 0.85302 0.09347
vt 0.61341 0.91401
vt 0.50834 0.94485
vt 0.50136 0.94229
vt 0.15088 0.79310
vt 0.20323 0.04639
vt 0.52257 0.94801
vt 0.23175 0.03743
vt 0.18425 0.79316
vt 0.58095 0.11181
vt 0.06630 0.02584
vt 0.02056 0.02778
vt 0.56915 0.37697
vt 0.19760 0.79545
vt 0.65063 0.67631
vt 0.01162 0.47370
vt 0.64460 0.77865
vt 0.25411 0.79450
vt 0.62079 0.77295
vt 0.61139 0.77419
vt 0.98623 0.65933
vt 0.17432 0.02115
vt 0.74658 0.03885
vt 0.73193 0.11178
vt 0.24743 0.25665
vt 0.75015 0.96589
vt 0.15805 0.59325
vt 0.15690 0.58495
vt 0.04232 0.80015
vt 0.89600 0.12813
vt 0.02286 0.80120
vt 0.71342 0.97818
vt 0.68372 0.52825
vt 0.20166 0.16627
vt 0.42381 0.94588
vt 0.67821 0.90964
vt 0.44354 0.94703
vt 0.65600 0.93594
vt 0.63970 0.98120
vt 0.11303 0.80762
vt 0.53439 0.94620
vt 0.16242 0.79870
vt 0.48389 0.02886
vt 0.39331 0.02475
vt 0.97134 0.02495
vt 0.53766 0.94528
vt 0.48462 0.03297
vt 0.39153 0.02886
vt 0.53588 0.94602
vt 0.02399 0.03271
vt 0.23584 0.07275
vt 0.56422 0.38040
vt 0.19460 0.79887
vt 0.61166 0.38286
vt 0.70779 0.71066
vt 0.50368 0.50537
vt 0.81861 0.02686
vt 0.83723 0.35339
vt 0.66565 0.77039
vt 0.23307 0.79934
vt 0.65886 0.78075
vt 0.23986 0.80052
vt 0.65597 0.77912
vt 0.24275 0.79542
vt 0.64859 0.78127
vt 0.25012 0.80055
vt 0.64402 0.77595
vt 0.25470 0.79784
vt 0.63966 0.77702
vt 0.59701 0.75947
vt 0.98171 0.64461
vt 0.59912 0.73772
vt 0.98987 0.62286
vt 0.98106 0.63948
vt 0.18933 0.08313
vt 0.59656 0.73283
vt 0.98852 0.61798
vt 0.86868 0.14109
vt 0.49557 0.55433
vt 0.50874 0.56211
vt 0.87272 0.14153
vt 0.49693 0.55028
vt 0.85741 0.14101
vt 0.49463 0.56559
vt 0.75195 0.96605
vt 0.15790 0.59506
vt 0.75882 0.96793
vt 0.16204 0.60192
vt 0.63898 0.81082
vt 0.39921 0.93935
vt 0.15285 0.21350
vt 0.27343 0.05395
vt 0.99432 0.02352
vt 0.91531 0.12040
vt 0.05461 0.80149
vt 0.17344 0.22093
vt 0.57181 0.03027
vt 0.70716 0.52765
vt 0.08462 0.80018
vt 0.67338 0.98924
vt 0.07935 0.80488
vt 0.67198 0.97657
vt 0.67391 0.97471
vt 0.10596 0.06781
vt 0.65763 0.98113
vt 0.09510 0.80106
vt 0.94385 0.06001
vt 0.64809 0.91209
vt 0.47366 0.93217
vt 0.43809 0.08838
vt 0.12842 0.02332
vt 0.52574 0.94095
vt 0.15929 0.79890
vt 0.62580 0.38147
vt 0.57859 0.38041
vt 0.84352 0.31018
vt 0.69814 0.72718
vt 0.32693 0.07178
vt 0.32116 0.04153
vt 0.58439 0.38238
vt 0.84661 0.34099
vt 0.67815 0.75800
vt 0.81486 0.02362
vt 0.23630 0.80012
vt 0.01754 0.46131
vt 0.62272 0.78320
vt 0.61444 0.68467
vt 0.01209 0.43751
vt 0.69672 0.02507
vt 0.60578 0.68677
vt 0.01323 0.42884
vt 0.98325 0.57191
vt 0.60035 0.72094
vt 0.59992 0.70986
vt 0.98524 0.59501
vt 0.59668 0.74069
vt 0.98837 0.62583
vt 0.85577 0.14387
vt 0.50075 0.56723
vt 0.16773 0.58709
vt 0.63727 0.83426
vt 0.63633 0.81693
vt 0.39643 0.94200
vt 0.44314 0.94039
vt 0.08810 0.80556
vt 0.80205 0.10181
vt 0.45911 0.93759
vt 0.73697 0.03856
vt 0.46205 0.93746
vt 0.73584 0.04932
vt 0.95327 0.06360
vt 0.47280 0.94160
vt 0.11507 0.07080
vt 0.65453 0.97202
vt 0.64423 0.97679
vt 0.36064 0.06742
vt 0.27783 0.03504
vt 0.50569 0.94388
vt 0.27783 0.03760
vt 0.50570 0.94133
vt 0.52740 0.94207
vt 0.16909 0.80743
vt 0.70650 0.69945
vt 0.33545 0.07156
vt 0.32968 0.03569
vt 0.84597 0.07599
vt 0.59023 0.39090
vt 0.32559 0.06681
vt 0.31982 0.04639
vt 0.84381 0.32972
vt 0.67486 0.74672
vt 0.66970 0.67994
vt 0.00878 0.49277
vt 0.24118 0.80477
vt 0.24798 0.80780
vt 0.63381 0.78760
vt 0.26491 0.80544
vt 0.60034 0.72454
vt 0.98591 0.60968
vt 0.59737 0.72028
vt 0.98221 0.60542
vt 0.59462 0.74648
vt 0.98562 0.63163
vt 0.20548 0.08838
vt 0.97237 0.62323
vt 0.76405 0.08727
vt 0.52090 0.56772
vt 0.51798 0.53208
vt 0.22314 0.48223
vt 0.51843 0.55953
vt 0.88822 0.15523
vt 0.94160 0.33203
vt 0.50404 0.53478
vt 0.22830 0.46828
vt 0.02948 0.80534
vt 0.89918 0.13426
vt 0.41208 0.12821
vt 0.46043 0.12821
vt 0.02605 0.80837
vt 0.42028 0.93778
vt 0.17351 0.21750
vt 0.57188 0.03369
vt 0.32113 0.31579
vt 0.70724 0.53108
vt 0.06391 0.80445
vt 0.20770 0.16615
vt 0.42856 0.93984
vt 0.21203 0.17093
vt 0.43814 0.93551
vt 0.73899 0.04511
vt 0.46859 0.94038
vt 0.64230 0.90964
vt 0.47945 0.92818
vt 0.77588 0.06086
vt 0.49846 0.93994
vt 0.84424 0.08719
vt 0.51463 0.93607
vt 0.38623 0.02979
vt 0.13326 0.02686
vt 0.96631 0.02793
vt 0.59067 0.03857
vt 0.53058 0.94230
vt 0.53487 0.93602
vt 0.18144 0.81108
vt 0.63097 0.38471
vt 0.55568 0.94065
vt 0.62683 0.38920
vt 0.71750 0.74400
vt 0.55023 0.93616
vt 0.62011 0.38927
vt 0.69983 0.75072
vt 0.57203 0.39398
vt 0.87842 0.12426
vt 0.20279 0.81245
vt 0.82839 0.02686
vt 0.46921 0.14178
vt 0.68569 0.67484
vt 0.19580 0.40069
vt 0.84498 0.32572
vt 0.68031 0.74273
vt 0.81201 0.02628
vt 0.23364 0.80211
vt 0.02018 0.46573
vt 0.59736 0.72365
vt 0.98538 0.60879
vt 0.98081 0.63487
vt 0.59424 0.72759
vt 0.98462 0.61273
vt 0.53197 0.55694
vt 0.25401 0.23374
vt 0.27159 0.23366
vt 0.30895 0.04639
vt 0.77378 0.97545
vt 0.62336 0.53769
vt 0.16868 0.61688
vt 0.30127 0.03781
vt 0.78020 0.96687
vt 0.16101 0.62331
vt 0.31207 0.03806
vt 0.17181 0.61992
vt 0.72591 0.98008
vt 0.67122 0.53527
vt 0.17238 0.56917
vt 0.64636 0.88232
vt 0.13870 0.21604
vt 0.87646 0.04452
vt 0.25928 0.05583
vt 0.88776 0.04639
vt 0.27058 0.05908
vt 0.99365 0.02638
vt 0.91245 0.12554
vt 0.90833 0.13657
vt 0.03520 0.80919
vt 0.92423 0.13317
vt 0.19971 0.02696
vt 0.05110 0.80690
vt 0.15884 0.21303
vt 0.92130 0.12491
vt 0.32560 0.33174
vt 0.21143 0.17627
vt 0.43794 0.93610
vt 0.80223 0.11084
vt 0.45690 0.92856
vt 0.64976 0.91083
vt 0.47199 0.93807
vt 0.51404 0.93190
vt 0.16561 0.80450
vt 0.13502 0.02141
vt 0.97175 0.03271
vt 0.58589 0.03313
vt 0.53234 0.93751
vt 0.02726 0.02528
vt 0.19161 0.80214
vt 0.24112 0.06727
vt 0.19516 0.80415
vt 0.24450 0.07141
vt 0.19445 0.80753
vt 0.45822 0.16262
vt 0.70653 0.68582
vt 0.84137 0.06668
vt 0.58563 0.40021
vt 0.88464 0.11066
vt 0.69176 0.78520
vt 0.20695 0.81868
vt 0.60947 0.39026
vt 0.69413 0.76136
vt 0.24656 0.81368
vt 0.65080 0.66651
vt 0.01729 0.47387
vt 0.26367 0.80552
vt 0.97382 0.05403
vt 0.62053 0.68244
vt 0.01481 0.44359
vt 0.61519 0.78527
vt 0.97820 0.67041
vt 0.28352 0.80916
vt 0.60668 0.67865
vt 0.01205 0.42975
vt 0.52276 0.55021
vt 0.95550 0.37659
vt 0.64591 0.82100
vt 0.40081 0.93242
vt 0.73761 0.98397
vt 0.65952 0.54233
vt 0.99575 0.02783
vt 0.91100 0.12678
vt 0.07408 0.80977
vt 0.64872 0.98629
vt 0.10401 0.80732
vt 0.65436 0.97746
vt 0.09837 0.81040
vt 0.58274 0.03800
vt 0.52895 0.93436
vt 0.72288 0.73808
vt 0.54485 0.93602
vt 0.25203 0.06566
vt 0.88102 0.12497
vt 0.19599 0.81506
vt 0.71486 0.71727
vt 0.39502 0.35876
vt 0.84680 0.31667
vt 0.69117 0.73368
vt 0.85285 0.34761
vt 0.67760 0.76462
vt 0.01963 0.43198
vt 0.70394 0.02687
vt 0.02046 0.42720
vt 0.97602 0.57372
vt 0.69580 0.03271
vt 0.01232 0.42426
vt 0.97585 0.64221
vt 0.97412 0.60485
vt 0.75792 0.08289
vt 0.51565 0.56334
vt 0.64694 0.54235
vt 0.65900 0.84458
vt 0.90648 0.13818
vt 0.40479 0.13213
vt 0.46772 0.13213
vt 0.03335 0.81122
vt 0.67330 0.54786
vt 0.40534 0.93425
vt 0.91983 0.12845
vt 0.20443 0.02257
vt 0.32981 0.33527
vt 0.04670 0.81023
vt 0.33501 0.32426
vt 0.69537 0.54496
vt 0.41591 0.93304
vt 0.42833 0.93642
vt 0.06122 0.81024
vt 0.05506 0.81256
vt 0.21551 0.16661
vt 0.43744 0.93202
vt 0.55347 0.05736
vt 0.07845 0.81274
vt 0.51514 0.03076
vt 0.64126 0.90463
vt 0.48049 0.92687
vt 0.58057 0.03807
vt 0.52871 0.93219
vt 0.64404 0.04649
vt 0.17316 0.81236
vt 0.70907 0.72625
vt 0.55866 0.92895
vt 0.83715 0.07764
vt 0.58141 0.38925
vt 0.84830 0.36231
vt 0.22740 0.81042
vt 0.66366 0.67624
vt 0.03151 0.48673
vt 0.03769 0.46908
vt 0.98009 0.05608
vt 0.02107 0.44154
vt 0.97110 0.66457
vt 0.96694 0.58482
vt 0.55283 0.52945
vt 0.96964 0.64367
vt 0.74298 0.13525
vt 0.93120 0.24120
vt 0.27091 0.24560
vt 0.63276 0.30354
vt 0.75680 0.03102
vt 0.73976 0.12404
vt 0.51855 0.57202
vt 0.92798 0.25241
vt 0.52368 0.54494
vt 0.75537 0.08570
vt 0.52110 0.56615
vt 0.52579 0.54108
vt 0.85303 0.15338
vt 0.90640 0.33562
vt 0.37161 0.08044
vt 0.50046 0.56997
vt 0.87407 0.15429
vt 0.92745 0.33839
vt 0.60695 0.53992
vt 0.17091 0.63328
vt 0.43257 0.13428
vt 0.43994 0.13428
vt 0.42830 0.13081
vt 0.44421 0.13081
vt 0.64481 0.80494
vt 0.37998 0.93351
vt 0.64756 0.81050
vt 0.37789 0.93077
vt 0.39783 0.93267
vt 0.92607 0.13038
vt 0.20250 0.02881
vt 0.05299 0.81651
vt 0.21885 0.16770
vt 0.43472 0.92869
vt 0.56063 0.14737
vt 0.45017 0.92319
vt 0.52185 0.02530
vt 0.81982 0.05756
vt 0.47378 0.92503
vt 0.46846 0.92455
vt 0.51807 0.10693
vt 0.12232 0.81778
vt 0.78532 0.06929
vt 0.50790 0.93151
vt 0.79063 0.07178
vt 0.51321 0.92903
vt 0.72206 0.73415
vt 0.54568 0.92510
vt 0.88137 0.11829
vt 0.93393 0.05811
vt 0.20139 0.81541
vt 0.60848 0.39653
vt 0.69238 0.76235
vt 0.82959 0.07182
vt 0.57385 0.39506
vt 0.85250 0.35806
vt 0.02083 0.43281
vt 0.97565 0.57205
vt 0.97225 0.65009
vt 0.53483 0.54074
vt 0.52811 0.53185
vt 0.23563 0.49236
vt 0.51500 0.58441
vt 0.91559 0.25244
vt 0.86903 0.16064
vt 0.92240 0.33887
vt 0.93202 0.34060
vt 0.94182 0.35065
vt 0.79097 0.37726
vt 0.91425 0.36963
vt 0.51060 0.10693
vt 0.78831 0.40483
vt 0.93799 0.15381
vt 0.61875 0.54952
vt 0.62948 0.54741
vt 0.64787 0.80130
vt 0.37453 0.93046
vt 0.65926 0.81368
vt 0.38480 0.91907
vt 0.97043 0.04031
vt 0.65399 0.80688
vt 0.39559 0.92434
vt 0.94456 0.38588
vt 0.65519 0.83373
vt 0.53944 0.06398
vt 0.07183 0.81888
vt 0.52467 0.92882
vt 0.73101 0.69347
vt 0.40393 0.33496
vt 0.85901 0.36768
vt 0.23087 0.82112
vt 0.74046 0.05619
vt 0.24840 0.82099
vt 0.27729 0.81505
vt 0.03293 0.42386
vt 0.96356 0.56962
vt 0.53996 0.54987
vt 0.27361 0.22666
vt 0.32227 0.82133
vt 0.50578 0.60356
vt 0.89644 0.24422
vt 0.91768 0.34878
vt 0.48975 0.10351
vt 0.78982 0.40140
vt 0.89892 0.34753
vt 0.95262 0.33700
vt 0.23878 0.46331
vt 0.78377 0.36646
vt 0.62854 0.15445
vt 0.93964 0.13761
vt 0.62268 0.55117
vt 0.18216 0.61755
vt 0.92341 0.37934
vt 0.36872 0.92967
vt 0.66323 0.55262
vt 0.33812 0.34229
vt 0.03891 0.81855
vt 0.33357 0.32835
vt 0.33773 0.32396
vt 0.69335 0.54768
vt 0.16740 0.02254
vt 0.40611 0.92227
vt 0.57692 0.14532
vt 0.22079 0.16155
vt 0.43388 0.92674
vt 0.64101 0.90872
vt 0.48074 0.92038
vt 0.49367 0.92196
vt 0.65620 0.04675
vt 0.16100 0.82183
vt 0.64826 0.04834
vt 0.16894 0.81556
vt 0.57594 0.40283
vt 0.88727 0.12035
vt 0.56299 0.39485
vt 0.87928 0.13330
vt 0.60202 0.39646
vt 0.69610 0.76881
vt 0.15746 0.15283
vt 0.46023 0.15053
vt 0.20047 0.40945
vt 0.46418 0.14577
vt 0.20165 0.40469
vt 0.23333 0.81950
vt 0.72607 0.05908
vt 0.26279 0.81668
vt 0.96855 0.66570
vt 0.29354 0.81881
vt 0.97129 0.63065
vt 0.50505 0.61572
vt 0.88428 0.23495
vt 0.66093 0.30978
vt 0.89855 0.35375
vt 0.78685 0.42053
vt 0.39600 0.03683
vt 0.63659 0.54823
vt 0.91135 0.38726
vt 0.20249 0.56804
vt 0.67647 0.87627
vt 0.34198 0.32538
vt 0.68409 0.55193
vt 0.34247 0.33739
vt 0.04168 0.82290
vt 0.06249 0.82419
vt 0.10239 0.81554
vt 0.11777 0.81663
vt 0.51821 0.92113
vt 0.18485 0.82213
vt 0.87646 0.07275
vt 0.72801 0.68437
vt 0.55421 0.21907
vt 0.40205 0.32586
vt 0.72333 0.72165
vt 0.42419 0.36314
vt 0.54440 0.90391
vt 0.13232 0.14920
vt 0.37354 0.15186
vt 0.43509 0.15198
vt 0.06592 0.27783
vt 0.44839 0.17478
vt 0.54813 0.23035
vt 0.82568 0.02496
vt 0.20668 0.40259
vt 0.83174 0.02314
vt 0.20743 0.40441
vt 0.86641 0.36620
vt 0.67300 0.78320
vt 0.22571 0.82853
vt 0.03740 0.47624
vt 0.04077 0.44471
vt 0.03300 0.43239
vt 0.91828 0.23622
vt 0.64010 0.30852
vt 0.94558 0.34822
vt 0.78561 0.37350
vt 0.88232 0.35433
vt 0.68424 0.30809
vt 0.78153 0.43676
vt 0.93136 0.36216
vt 0.78802 0.38772
vt 0.59229 0.16043
vt 0.58643 0.55403
vt 0.18503 0.65381
vt 0.16598 0.02134
vt 0.40546 0.92347
vt 0.33964 0.33020
vt 0.03573 0.82006
vt 0.22625 0.16533
vt 0.43416 0.92128
vt 0.09429 0.82141
vt 0.32009 0.09849
vt 0.08460 0.82162
vt 0.54541 0.15186
vt 0.54248 0.10424
vt 0.46539 0.91262
vt 0.51964 0.02472
vt 0.47599 0.92710
vt 0.53313 0.08812
vt 0.79777 0.08505
vt 0.14113 0.83285
vt 0.49854 0.92214
vt 0.51008 0.92686
vt 0.54090 0.21209
vt 0.41536 0.31888
vt 0.46138 0.17634
vt 0.72025 0.68267
vt 0.89254 0.06745
vt 0.71194 0.67907
vt 0.88060 0.06832
vt 0.72387 0.67994
vt 0.72143 0.71917
vt 0.40371 0.36066
vt 0.88234 0.07270
vt 0.45973 0.17822
vt 0.72213 0.68432
vt 0.11631 0.09619
vt 0.55016 0.21902
vt 0.18871 0.81962
vt 0.16602 0.13876
vt 0.40723 0.15110
vt 0.07636 0.24413
vt 0.21455 0.41015
vt 0.00342 0.04063
vt 0.66862 0.66637
vt 0.80615 0.19092
vt 0.20129 0.38363
vt 0.24746 0.82209
vt 0.73490 0.05863
vt 0.25396 0.81916
vt 0.55979 0.53808
vt 0.96638 0.65230
vt 0.30244 0.82098
vt 0.96495 0.59359
vt 0.54546 0.51233
vt 0.95940 0.62655
vt 0.35400 0.09206
vt 0.49890 0.58758
vt 0.66708 0.30515
vt 0.89000 0.33722
vt 0.35520 0.09619
vt 0.66713 0.30928
vt 0.69004 0.85775
vt 0.97149 0.04218
vt 0.14893 0.04121
vt 0.39454 0.91990
vt 0.34104 0.33015
vt 0.03401 0.82147
vt 0.34432 0.33901
vt 0.03275 0.82474
vt 0.82664 0.05908
vt 0.47349 0.91821
vt 0.78486 0.07874
vt 0.15405 0.83133
vt 0.72832 0.04592
vt 0.16363 0.82041
vt 0.74663 0.69328
vt 0.41546 0.33477
vt 0.93026 0.05063
vt 0.20506 0.82165
vt 0.37865 0.14396
vt 0.06667 0.27272
vt 0.92041 0.04714
vt 0.21491 0.82817
vt 0.00997 0.04541
vt 0.81270 0.18731
vt 0.01426 0.03989
vt 0.81699 0.18447
vt 0.67223 0.65601
vt 0.81248 0.18056
vt 0.66605 0.66022
vt 0.66049 0.66181
vt 0.03427 0.48355
vt 0.55121 0.53863
vt 0.53684 0.51942
vt 0.24472 0.50108
vt 0.96047 0.63364
vt 0.52971 0.52921
vt 0.24281 0.49395
vt 0.24335 0.44839
vt 0.77920 0.38030
vt 0.32115 0.15651
vt 0.77686 0.40942
vt 0.49455 0.09945
vt 0.77875 0.39734
vt 0.61821 0.16162
vt 0.61235 0.55182
vt 0.90158 0.39182
vt 0.34690 0.91719
vt 0.40683 0.04053
vt 0.64742 0.55874
vt 0.40355 0.03823
vt 0.64414 0.55501
vt 0.16260 0.02490
vt 0.96045 0.04524
vt 0.15996 0.04426
vt 0.40557 0.91991
vt 0.96873 0.04639
vt 0.15168 0.04541
vt 0.04740 0.83186
vt 0.05924 0.82471
vt 0.53857 0.07178
vt 0.06403 0.82615
vt 0.55243 0.13702
vt 0.55731 0.09724
vt 0.46776 0.91542
vt 0.82779 0.05651
vt 0.47323 0.91707
vt 0.63918 0.89648
vt 0.15088 0.05321
vt 0.48257 0.92002
vt 0.73838 0.03076
vt 0.11502 0.83141
vt 0.16541 0.05470
vt 0.49709 0.91852
vt 0.82411 0.18669
vt 0.21924 0.39339
vt 0.25645 0.82437
vt 0.55534 0.54090
vt 0.30689 0.82337
vt 0.96225 0.57118
vt 0.55052 0.54693
vt 0.31171 0.82406
vt 0.55396 0.54670
vt 0.30828 0.82684
vt 0.27813 0.26672
vt 0.62246 0.31077
vt 0.24241 0.45465
vt 0.78014 0.37316
vt 0.77889 0.38468
vt 0.88428 0.40653
vt 0.32959 0.90248
vt 0.62994 0.56282
vt 0.36865 0.12158
vt 0.39308 0.91514
vt 0.35864 0.32530
vt 0.65979 0.56859
vt 0.34987 0.32492
vt 0.66901 0.55982
vt 0.35390 0.34165
vt 0.03133 0.83432
vt 0.42771 0.91999
vt 0.56797 0.13696
vt 0.03339 0.08447
vt 0.08515 0.06906
vt 0.32074 0.10543
vt 0.07766 0.82217
vt 0.08488 0.84205
vt 0.10149 0.22293
vt 0.10287 0.83441
vt 0.83436 0.05699
vt 0.16748 0.03857
vt 0.47254 0.91049
vt 0.52879 0.09902
vt 0.13024 0.82851
vt 0.52673 0.09691
vt 0.13235 0.82645
vt 0.50920 0.91290
vt 0.78076 0.08643
vt 0.15814 0.82678
vt 0.11182 0.09099
vt 0.54496 0.22352
vt 0.18817 0.83107
vt 0.43115 0.15849
vt 0.54291 0.24759
vt 0.07721 0.28177
vt 0.68426 0.64127
vt 0.82969 0.16582
vt 0.04762 0.50732
vt 0.03588 0.43234
vt 0.95330 0.66130
vt 0.30007 0.83406
vt 0.95906 0.59533
vt 0.96191 0.58425
vt 0.91573 0.22991
vt 0.64245 0.31483
vt 0.90337 0.23203
vt 0.67126 0.31012
vt 0.66186 0.31525
vt 0.24372 0.45445
vt 0.63976 0.55927
vt 0.36182 0.33629
vt 0.63661 0.04565
vt 0.02754 0.84224
vt 0.35988 0.32990
vt 0.01192 0.84030
vt 0.39836 0.90504
vt 0.23590 0.16590
vt 0.42931 0.91163
vt 0.05437 0.83265
vt 0.23423 0.15503
vt 0.38284 0.05732
vt 0.43059 0.91331
vt 0.57766 0.12523
vt 0.43314 0.90727
vt 0.57473 0.12941
vt 0.09270 0.07811
vt 0.43608 0.91198
vt 0.31104 0.11963
vt 0.06347 0.83280
vt 0.55834 0.12386
vt 0.04649 0.07362
vt 0.09825 0.07991
vt 0.45246 0.91018
vt 0.55103 0.12914
vt 0.56519 0.10465
vt 0.45978 0.91221
vt 0.71631 0.04932
vt 0.16015 0.83242
vt 0.72407 0.04637
vt 0.16229 0.82466
vt 0.42970 0.32335
vt 0.12083 0.04121
vt 0.17072 0.83358
vt 0.08848 0.23473
vt 0.22667 0.40427
vt 0.67182 0.63807
vt 0.04557 0.49489
vt 0.23488 0.82772
vt 0.03076 0.09912
vt 0.92432 0.09910
vt 0.25050 0.83098
vt 0.05118 0.09724
vt 0.27092 0.83286
vt 0.94557 0.58529
vt 0.28695 0.23744
vt 0.63378 0.31805
vt 0.24857 0.48162
vt 0.66900 0.31365
vt 0.92631 0.06855
vt 0.67324 0.32478
vt 0.76485 0.42422
vt 0.31986 0.14533
vt 0.77558 0.40470
vt 0.94951 0.15147
vt 0.61703 0.56105
vt 0.95116 0.15083
vt 0.61543 0.56269
vt 0.96061 0.13714
vt 0.20314 0.62818
vt 0.69580 0.04156
vt 0.65022 0.56377
vt 0.37114 0.10839
vt 0.38821 0.91265
vt 0.63066 0.89796
vt 0.15940 0.05908
vt 0.49109 0.91414
vt 0.12512 0.83309
vt 0.54207 0.21538
vt 0.11754 0.08124
vt 0.53521 0.21779
vt 0.19300 0.83560
vt 0.08075 0.25175
vt 0.65684 0.66415
vt 0.04181 0.47991
vt 0.28018 0.83382
vt 0.04406 0.43348
vt 0.53481 0.12842
vt 0.04361 0.42393
vt 0.95287 0.56079
vt 0.52296 0.11643
vt 0.94378 0.57264
vt 0.28634 0.23387
vt 0.31622 0.83406
vt 0.95871 0.60218
vt 0.57628 0.16827
vt 0.25585 0.49744
vt 0.25331 0.45797
vt 0.25432 0.44119
vt 0.76822 0.37472
vt 0.68374 0.31635
vt 0.77328 0.43727
vt 0.76988 0.40415
vt 0.35658 0.90923
vt 0.68501 0.84563
vt 0.05870 0.84127
vt 0.03076 0.06906
vt 0.08252 0.08447
vt 0.48936 0.90959
vt 0.49554 0.91039
vt 0.12051 0.05225
vt 0.15968 0.83901
vt 0.02467 0.20459
vt 0.43996 0.31050
vt 0.34276 0.63514
vt 0.53755 0.20822
vt 0.00342 0.20213
vt 0.41871 0.31500
vt 0.08668 0.24061
vt 0.08605 0.23882
vt 0.22424 0.40899
vt 0.65829 0.65219
vt 0.03906 0.48136
vt 0.30862 0.83371
vt 0.28865 0.27783
vt 0.61963 0.32128
vt 0.56737 0.15960
vt 0.25900 0.50635
vt 0.94620 0.62627
vt 0.57141 0.17269
vt 0.26452 0.50231
vt 0.26148 0.48456
vt 0.65181 0.31820
vt 0.92799 0.25963
vt 0.32740 0.21826
vt 0.92041 0.07073
vt 0.76777 0.42640
vt 0.70329 0.04030
vt 0.64273 0.56649
vt 0.36761 0.90552
vt 0.21419 0.57358
vt 0.68817 0.88091
vt 0.96139 0.40689
vt 0.67621 0.83464
vt 0.23914 0.15904
vt 0.41812 0.90839
vt 0.37970 0.07142
vt 0.41649 0.91016
vt 0.73193 0.02532
vt 0.19775 0.10854
vt 0.12511 0.83685
vt 0.89074 0.16752
vt 0.53754 0.90389
vt 0.12167 0.07794
vt 0.53191 0.21367
vt 0.00906 0.19724
vt 0.53279 0.23719
vt 0.09622 0.26014
vt 0.83025 0.18928
vt 0.22539 0.39741
vt 0.22275 0.83319
vt 0.04461 0.47361
vt 0.28870 0.83706
vt 0.30585 0.83697
vt 0.25272 0.47394
vt 0.93688 0.06563
vt 0.66266 0.32102
vt 0.92462 0.26245
vt 0.31689 0.16064
vt 0.77261 0.41363
vt 0.31626 0.13871
vt 0.77198 0.40930
vt 0.95557 0.14895
vt 0.60900 0.56710
vt 0.70736 0.04346
vt 0.63865 0.56768
vt 0.37985 0.11599
vt 0.38804 0.90394
vt 0.37129 0.06308
vt 0.63623 0.06308
vt 0.42483 0.90175
vt 0.54960 0.12974
vt 0.56459 0.10824
vt 0.56523 0.11405
vt 0.70946 0.05220
vt 0.46376 0.90281
vt 0.55634 0.11500
vt 0.70057 0.05124
vt 0.73905 0.02972
vt 0.11855 0.83245
vt 0.48357 0.90554
vt 0.73697 0.02927
vt 0.11749 0.83290
vt 0.50507 0.89848
vt 0.11865 0.04802
vt 0.16391 0.83788
vt 0.52674 0.22911
vt 0.94461 0.09244
vt 0.23020 0.84230
vt 0.03983 0.09144
vt 0.25957 0.83866
vt 0.26920 0.83790
vt 0.95248 0.66824
vt 0.29336 0.83488
vt 0.30304 0.84042
vt 0.94456 0.59857
vt 0.30942 0.14300
vt 0.63493 0.57062
vt 0.90597 0.41312
vt 0.35128 0.89589
vt 0.65436 0.57127
vt 0.62887 0.05029
vt 0.35498 0.03467
vt 0.03529 0.84336
vt 0.41049 0.90276
vt 0.36444 0.02614
vt 0.04475 0.84995
vt 0.54823 0.11670
vt 0.17781 0.03598
vt 0.52338 0.06807
vt 0.47029 0.90016
vt 0.17841 0.84949
vt 0.52579 0.20678
vt 0.01518 0.19848
vt 0.19231 0.83980
vt 0.93819 0.09733
vt 0.93723 0.10010
vt 0.23759 0.83818
vt 0.24656 0.84530
vt 0.04867 0.43241
vt 0.52599 0.12652
vt 0.94905 0.56961
vt 0.55568 0.19573
vt 0.05042 0.28404
vt 0.30844 0.84569
vt 0.29149 0.23358
vt 0.19415 0.17137
vt 0.04181 0.29053
vt 0.31569 0.83920
vt 0.57470 0.16991
vt 0.25909 0.49902
vt 0.58512 0.17231
vt 0.26196 0.48860
vt 0.91796 0.26413
vt 0.31738 0.21376
vt 0.90180 0.41110
vt 0.91942 0.41451
vt 0.36473 0.89450
vt 0.63639 0.57619
vt 0.38061 0.10316
vt 0.38038 0.90318
vt 0.36768 0.07178
vt 0.64633 0.07178
vt 0.41613 0.89814
vt 0.07331 0.85977
vt 0.43803 0.89982
vt 0.09088 0.85075
vt 0.20930 0.09592
vt 0.13405 0.84840
vt 0.12988 0.84976
vt 0.50486 0.90621
vt 0.21521 0.84560
vt 0.22314 0.04613
vt 0.76411 0.06426
vt 0.05009 0.47997
vt 0.22728 0.37191
vt 0.05064 0.47151
vt 0.28816 0.84162
vt 0.94815 0.66240
vt 0.29792 0.83921
vt 0.05655 0.42920
vt 0.05473 0.42421
vt 0.94175 0.56852
vt 0.30575 0.83894
vt 0.29622 0.26613
vt 0.62676 0.32886
vt 0.63350 0.32577
vt 0.64143 0.32438
vt 0.32176 0.21208
vt 0.35389 0.12061
vt 0.75808 0.39348
vt 0.62813 0.57632
vt 0.36496 0.32590
vt 0.66815 0.57491
vt 0.93392 0.42064
vt 0.39381 0.11713
vt 0.89600 0.14824
vt 0.40675 0.88998
vt 0.42969 0.89920
vt 0.58350 0.04618
vt 0.44181 0.89690
vt 0.09808 0.85098
vt 0.55157 0.11400
vt 0.17511 0.03264
vt 0.69580 0.05225
vt 0.47106 0.90286
vt 0.07714 0.21518
vt 0.10051 0.85876
vt 0.48098 0.89772
vt 0.51537 0.88759
vt 0.88410 0.17176
vt 0.43085 0.37196
vt 0.53904 0.89725
vt 0.09026 0.28171
vt 0.09794 0.24747
vt 0.23763 0.84746
vt 0.25813 0.84173
vt 0.05169 0.43527
vt 0.29349 0.84195
vt 0.50928 0.11454
vt 0.94377 0.58632
vt 0.92900 0.07253
vt 0.41682 0.07382
vt 0.46760 0.25333
vt 0.91771 0.27569
vt 0.26357 0.46698
vt 0.92122 0.07666
vt 0.41269 0.08350
vt 0.54911 0.04275
vt 0.76504 0.43233
vt 0.75249 0.39169
vt 0.96301 0.15200
vt 0.61284 0.57455
vt 0.65028 0.57417
vt 0.62451 0.04578
vt 0.35934 0.03015
vt 0.03964 0.84454
vt 0.15398 0.84804
vt 0.43991 0.32474
vt 0.52565 0.21420
vt 0.01532 0.19869
vt 0.43444 0.36458
vt 0.18717 0.84979
vt 0.52086 0.24951
vt 0.09927 0.28369
vt 0.75635 0.16292
vt 0.10735 0.26531
vt 0.77473 0.18137
vt 0.84100 0.17150
vt 0.05893 0.50144
vt 0.22584 0.85076
vt 0.23168 0.84952
vt 0.84574 0.18025
vt 0.76845 0.07319
vt 0.06368 0.48890
vt 0.24087 0.38085
vt 0.23469 0.05034
vt 0.06163 0.48205
vt 0.41406 0.63037
vt 0.06596 0.44235
vt 0.45376 0.64444
vt 0.27549 0.84682
vt 0.54541 0.19617
vt 0.93871 0.66284
vt 0.29817 0.84865
vt 0.55979 0.16360
vt 0.93919 0.63026
vt 0.62928 0.32853
vt 0.00342 0.08252
vt 0.35473 0.12832
vt 0.40942 0.19775
vt 0.06994 0.32787
vt 0.30229 0.19999
vt 0.53662 0.05029
vt 0.75369 0.44482
vt 0.30256 0.15724
vt 0.48805 0.24100
vt 0.75827 0.40775
vt 0.75898 0.41923
vt 0.96458 0.14375
vt 0.20711 0.63429
vt 0.23374 0.59026
vt 0.37226 0.33103
vt 0.02274 0.85268
vt 0.59658 0.05410
vt 0.59343 0.21352
vt 0.45489 0.88196
vt 0.68850 0.03162
vt 0.49782 0.89789
vt 0.55536 0.03120
vt 0.68817 0.03955
vt 0.48761 0.88996
vt 0.50365 0.89497
vt 0.44367 0.33709
vt 0.32959 0.66173
vt 0.43444 0.35291
vt 0.24565 0.84804
vt 0.28219 0.84695
vt 0.94071 0.58786
vt 0.29793 0.24290
vt 0.63011 0.33057
vt 0.01934 0.08049
vt 0.18484 0.18203
vt 0.56989 0.17592
vt 0.26914 0.50383
vt 0.64048 0.32968
vt 0.36173 0.13953
vt 0.32760 0.20678
vt 0.90367 0.27512
vt 0.30309 0.20277
vt 0.26934 0.44806
vt 0.75321 0.37891
vt 0.29486 0.14015
vt 0.48897 0.22392
vt 0.21030 0.06104
vt 0.75057 0.40683
vt 0.97133 0.14375
vt 0.60062 0.58287
vt 0.21386 0.63961
vt 0.64673 0.58339
vt 0.68108 0.83764
vt 0.43658 0.89380
vt 0.59152 0.05615
vt 0.44983 0.89239
vt 0.53138 0.07306
vt 0.98274 0.08154
vt 0.58688 0.20498
vt 0.46530 0.89050
vt 0.15992 0.85285
vt 0.51814 0.22754
vt 0.02283 0.17710
vt 0.11176 0.25738
vt 0.78266 0.18408
vt 0.09235 0.23377
vt 0.23054 0.40407
vt 0.84337 0.18919
vt 0.23851 0.38970
vt 0.83957 0.18131
vt 0.23470 0.38740
vt 0.05781 0.47663
vt 0.28822 0.85184
vt 0.56693 0.19775
vt 0.04840 0.27802
vt 0.92907 0.59913
vt 0.93637 0.62884
vt 0.17615 0.17379
vt 0.06280 0.33529
vt 0.01221 0.07008
vt 0.17771 0.18213
vt 0.05749 0.32695
vt 0.34932 0.13641
vt 0.34675 0.14511
vt 0.31262 0.19963
vt 0.40088 0.06837
vt 0.53731 0.04529
vt 0.45166 0.24302
vt 0.74991 0.44414
vt 0.33190 0.11197
vt 0.29300 0.13305
vt 0.20166 0.05393
vt 0.74872 0.41547
vt 0.38499 0.32802
vt 0.63244 0.21259
vt 0.91578 0.29966
vt 0.67476 0.59493
vt 0.03036 0.86541
vt 0.96651 0.41844
vt 0.68776 0.83401
vt 0.90347 0.30639
vt 0.04266 0.85977
vt 0.42627 0.89173
vt 0.64201 0.05736
vt 0.43055 0.89262
vt 0.43659 0.88604
vt 0.08421 0.86124
vt 0.46024 0.88982
vt 0.46780 0.88453
vt 0.21910 0.10986
vt 0.12852 0.85819
vt 0.43609 0.34433
vt 0.43755 0.35310
vt 0.26291 0.85387
vt 0.28781 0.08530
vt 0.28405 0.85018
vt 0.06810 0.42798
vt 0.92838 0.57455
vt 0.57792 0.18159
vt 0.26561 0.49580
vt 0.27765 0.48125
vt 0.46370 0.24046
vt 0.74877 0.43210
vt 0.32861 0.10614
vt 0.28955 0.12721
vt 0.74527 0.41875
vt 0.60209 0.58667
vt 0.63846 0.59713
vt 0.93555 0.42983
vt 0.38087 0.87918
vt 0.96560 0.42475
vt 0.69406 0.82899
vt 0.21849 0.10103
vt 0.12828 0.85758
vt 0.54639 0.02991
vt 0.67920 0.03781
vt 0.48890 0.89170
vt 0.43311 0.03021
vt 0.61736 0.14593
vt 0.15663 0.85217
vt 0.51436 0.20757
vt 0.02661 0.19712
vt 0.23603 0.05811
vt 0.24017 0.37096
vt 0.41709 0.63814
vt 0.23192 0.85832
vt 0.55082 0.18857
vt 0.93525 0.65524
vt 0.93156 0.65408
vt 0.47600 0.73506
vt 0.55822 0.17926
vt 0.93535 0.64592
vt 0.52925 0.05650
vt 0.01754 0.26132
vt 0.33914 0.13443
vt 0.39382 0.19164
vt 0.21574 0.06070
vt 0.75184 0.40139
vt 0.93092 0.15381
vt 0.92652 0.41878
vt 0.37183 0.89022
vt 0.95859 0.42964
vt 0.40391 0.87937
vt 0.89775 0.30153
vt 0.04838 0.86452
vt 0.42999 0.87845
vt 0.43918 0.88594
vt 0.44578 0.88542
vt 0.07528 0.22607
vt 0.10373 0.86062
vt 0.55055 0.03369
vt 0.48512 0.88478
vt 0.51814 0.88396
vt 0.44457 0.34618
vt 0.16901 0.85638
vt 0.51123 0.21973
vt 0.02974 0.19968
vt 0.50950 0.24020
vt 0.76566 0.15612
vt 0.10747 0.24218
vt 0.75244 0.07568
vt 0.24533 0.38334
vt 0.07051 0.43085
vt 0.92597 0.57621
vt 0.93544 0.66457
vt 0.29591 0.85192
vt 0.46333 0.74743
vt 0.28900 0.86049
vt 0.93118 0.66074
vt 0.29559 0.85618
vt 0.07436 0.42348
vt 0.92212 0.58186
vt 0.92709 0.59128
vt 0.15917 0.15967
vt 0.51854 0.06104
vt 0.00682 0.26045
vt 0.17228 0.16807
vt 0.57354 0.18776
vt 0.43311 0.11980
vt 0.05839 0.27690
vt 0.27066 0.50018
vt 0.75635 0.26056
vt 0.90020 0.29172
vt 0.38843 0.16666
vt 0.29961 0.18617
vt 0.47374 0.25478
vt 0.92385 0.27722
vt 0.91330 0.28986
vt 0.40152 0.15965
vt 0.27532 0.45321
vt 0.74722 0.37787
vt 0.49281 0.24305
vt 0.75363 0.40299
vt 0.50053 0.23314
vt 0.74734 0.39527
vt 0.34012 0.11240
vt 0.74960 0.40724
vt 0.59161 0.59753
vt 0.22852 0.64863
vt 0.90951 0.14597
vt 0.39323 0.89108
vt 0.38237 0.88740
vt 0.39812 0.88607
vt 0.40635 0.88761
vt 0.41708 0.87870
vt 0.51514 0.08057
vt 0.96650 0.06890
vt 0.47259 0.02402
vt 0.80908 0.09284
vt 0.45780 0.87786
vt 0.46522 0.87493
vt 0.48672 0.88616
vt 0.48700 0.88442
vt 0.50186 0.87898
vt 0.44291 0.04053
vt 0.42545 0.03936
vt 0.14632 0.86198
vt 0.44906 0.32105
vt 0.33542 0.64569
vt 0.14668 0.07834
vt 0.02668 0.18502
vt 0.11053 0.28027
vt 0.75977 0.16875
vt 0.10598 0.25867
vt 0.07614 0.46423
vt 0.43188 0.62733
vt 0.27002 0.08690
vt 0.44059 0.75537
vt 0.26626 0.86327
vt 0.27764 0.08838
vt 0.27388 0.85929
vt 0.16121 0.16867
vt 0.05196 0.34041
vt 0.33624 0.13592
vt 0.39093 0.19016
vt 0.41993 0.18926
vt 0.04894 0.31938
vt 0.32861 0.14148
vt 0.38330 0.18460
vt 0.34499 0.14697
vt 0.39968 0.17910
vt 0.31086 0.19055
vt 0.88428 0.29105
vt 0.28369 0.18684
vt 0.48858 0.24752
vt 0.31296 0.08838
vt 0.62923 0.17652
vt 0.74680 0.40721
vt 0.49028 0.26318
vt 0.94039 0.28177
vt 0.63172 0.19218
vt 0.49530 0.22207
vt 0.74847 0.40050
vt 0.91558 0.42238
vt 0.36089 0.88663
vt 0.43730 0.24627
vt 0.60530 0.22314
vt 0.43426 0.24079
vt 0.61078 0.22011
vt 0.43462 0.22815
vt 0.62341 0.22047
vt 0.92481 0.30895
vt 0.08544 0.87464
vt 0.46199 0.87215
vt 0.43733 0.03812
vt 0.14873 0.85639
vt 0.44581 0.36773
vt 0.19573 0.87264
vt 0.11330 0.23876
vt 0.25149 0.39643
vt 0.42072 0.75506
vt 0.24639 0.86580
vt 0.92238 0.64860
vt 0.47713 0.72959
vt 0.91808 0.64182
vt 0.47944 0.72281
vt 0.44373 0.12061
vt 0.05072 0.26628
vt 0.88656 0.28650
vt 0.28597 0.19139
vt 0.88970 0.28615
vt 0.58678 0.59281
vt 0.22381 0.65346
vt 0.62086 0.59639
vt 0.61848 0.60426
vt 0.23525 0.62176
vt 0.90661 0.42756
vt 0.35192 0.88145
vt 0.36614 0.88010
vt 0.93844 0.32471
vt 0.81629 0.23975
vt 0.00769 0.85889
vt 0.91981 0.32363
vt 0.02633 0.85945
vt 0.01796 0.86047
vt 0.41455 0.03066
vt 0.91124 0.32118
vt 0.03490 0.85965
vt 0.72420 0.82654
vt 0.38330 0.85413
vt 0.90559 0.71003
vt 0.47691 0.87155
vt 0.51116 0.88111
vt 0.53578 0.87501
vt 0.16029 0.85951
vt 0.60575 0.14697
vt 0.16824 0.86201
vt 0.59982 0.14154
vt 0.17417 0.86699
vt 0.23063 0.86187
vt 0.39270 0.74731
vt 0.21837 0.86195
vt 0.24658 0.02950
vt 0.24776 0.36318
vt 0.42487 0.63696
vt 0.92535 0.66092
vt 0.46866 0.74191
vt 0.29433 0.86201
vt 0.92192 0.60559
vt 0.04293 0.25935
vt 0.44273 0.11575
vt 0.76597 0.26733
vt 0.93515 0.29248
vt 0.42338 0.16800
vt 0.62101 0.19385
vt 0.63673 0.14111
vt 0.04742 0.29812
vt 0.72924 0.20453
vt 0.93903 0.28955
vt 0.62394 0.19149
vt 0.32251 0.17920
vt 0.28120 0.46882
vt 0.74135 0.36894
vt 0.61827 0.17368
vt 0.73584 0.41968
vt 0.57631 0.07178
vt 0.73101 0.39710
vt 0.42314 0.23607
vt 0.61549 0.20899
vt 0.42463 0.21768
vt 0.91434 0.30985
vt 0.84039 0.23112
vt 0.43331 0.22102
vt 0.91767 0.31009
vt 0.42777 0.21349
vt 0.91015 0.31185
vt 0.41537 0.03174
vt 0.91231 0.32036
vt 0.42251 0.02664
vt 0.90722 0.31323
vt 0.96631 0.07283
vt 0.47240 0.03076
vt 0.57045 0.21368
vt 0.52371 0.88077
vt 0.41455 0.04053
vt 0.15722 0.86960
vt 0.50840 0.21008
vt 0.03257 0.19657
vt 0.14582 0.08740
vt 0.03574 0.18639
vt 0.78652 0.15168
vt 0.11358 0.24887
vt 0.41087 0.74956
vt 0.23654 0.86539
vt 0.23931 0.86329
vt 0.07319 0.43489
vt 0.92329 0.56061
vt 0.46122 0.64160
vt 0.15576 0.16679
vt 0.51514 0.05391
vt 0.00342 0.26162
vt 0.04544 0.34229
vt 0.01316 0.25141
vt 0.03524 0.33613
vt 0.28574 0.49634
vt 0.77142 0.26320
vt 0.29934 0.48384
vt 0.78502 0.26087
vt 0.41972 0.18247
vt 0.05073 0.31259
vt 0.42215 0.18124
vt 0.05442 0.31136
vt 0.42274 0.18286
vt 0.05241 0.31298
vt 0.42294 0.17785
vt 0.05151 0.30797
vt 0.91896 0.43324
vt 0.36427 0.87577
vt 0.43269 0.25049
vt 0.60107 0.21854
vt 0.81201 0.23034
vt 0.00342 0.86829
vt 0.42695 0.24796
vt 0.60361 0.21280
vt 0.66437 0.59765
vt 0.01659 0.86527
vt 0.83226 0.22778
vt 0.02367 0.87085
vt 0.96410 0.43287
vt 0.70218 0.82397
vt 0.40942 0.87614
vt 0.89228 0.30850
vt 0.05386 0.86702
vt 0.04100 0.86702
vt 0.88461 0.30066
vt 0.06152 0.86921
vt 0.58257 0.21458
vt 0.44950 0.88090
vt 0.44241 0.87351
vt 0.46533 0.02762
vt 0.82932 0.10010
vt 0.56338 0.23786
vt 0.45420 0.85762
vt 0.50830 0.23576
vt 0.12939 0.08433
vt 0.03267 0.18545
vt 0.77010 0.15262
vt 0.04595 0.18019
vt 0.78471 0.15787
vt 0.40184 0.74301
vt 0.24866 0.38429
vt 0.25195 0.03760
vt 0.25585 0.35781
vt 0.43024 0.64475
vt 0.91892 0.56753
vt 0.46615 0.64852
vt 0.91618 0.60845
vt 0.47961 0.68944
vt 0.90799 0.63536
vt 0.47676 0.71635
vt 0.13346 0.09499
vt 0.66153 0.60719
vt 0.93913 0.43057
vt 0.94529 0.43357
vt 0.39060 0.87544
vt 0.23213 0.57012
vt 0.70611 0.87943
vt 0.12842 0.04398
vt 0.41531 0.87265
vt 0.44684 0.86558
vt 0.49933 0.85337
vt 0.16794 0.86441
vt 0.85303 0.17236
vt 0.46193 0.37256
vt 0.35119 0.69720
vt 0.54588 0.86617
vt 0.45572 0.35794
vt 0.35381 0.68258
vt 0.41276 0.75147
vt 0.23843 0.86950
vt 0.25109 0.03302
vt 0.42938 0.64242
vt 0.45769 0.11644
vt 0.04212 0.25232
vt 0.50210 0.11636
vt 0.78094 0.27683
vt 0.48433 0.11378
vt 0.04046 0.32117
vt 0.77661 0.29460
vt 0.04455 0.31121
vt 0.04679 0.31772
vt 0.40924 0.16645
vt 0.28451 0.44934
vt 0.73803 0.38458
vt 0.29541 0.07097
vt 0.56104 0.05907
vt 0.72925 0.41237
vt 0.62935 0.60845
vt 0.23944 0.61089
vt 0.94439 0.05225
vt 0.84869 0.22558
vt 0.04010 0.87306
vt 0.42033 0.22366
vt 0.62791 0.20618
vt 0.70906 0.86142
vt 0.23387 0.57049
vt 0.70785 0.88098
vt 0.03497 0.86957
vt 0.13329 0.04599
vt 0.43231 0.86778
vt 0.81968 0.09400
vt 0.45555 0.86726
vt 0.11779 0.86797
vt 0.13131 0.87545
vt 0.51069 0.86880
vt 0.58545 0.13563
vt 0.18854 0.87545
vt 0.19290 0.87726
vt 0.26363 0.38204
vt 0.40601 0.64934
vt 0.41138 0.74724
vt 0.25787 0.37300
vt 0.42999 0.75054
vt 0.25566 0.87271
vt 0.44875 0.74699
vt 0.08263 0.43118
vt 0.46493 0.65867
vt 0.29728 0.08004
vt 0.56822 0.06814
vt 0.73112 0.40519
vt 0.95451 0.43583
vt 0.39982 0.87318
vt 0.94407 0.43854
vt 0.38938 0.87047
vt 0.88563 0.30650
vt 0.06050 0.86894
vt 0.05615 0.22135
vt 0.10429 0.87974
vt 0.10248 0.88079
vt 0.15567 0.87310
vt 0.41696 0.03861
vt 0.15481 0.86919
vt 0.53080 0.86889
vt 0.26377 0.43408
vt 0.35397 0.65535
vt 0.04342 0.19003
vt 0.78546 0.14804
vt 0.26077 0.43073
vt 0.35732 0.65183
vt 0.18423 0.87885
vt 0.12136 0.24545
vt 0.79459 0.17964
vt 0.25955 0.39913
vt 0.45827 0.04053
vt 0.42993 0.73658
vt 0.25560 0.88512
vt 0.09293 0.45195
vt 0.44416 0.65109
vt 0.08111 0.44387
vt 0.45224 0.64736
vt 0.91641 0.57880
vt 0.47038 0.65979
vt 0.03113 0.25251
vt 0.30168 0.17387
vt 0.29529 0.46349
vt 0.60966 0.18600
vt 0.83824 0.22377
vt 0.02965 0.87486
vt 0.87942 0.02705
vt 0.68220 0.60548
vt 0.41553 0.20638
vt 0.64518 0.20138
vt 0.87412 0.03174
vt 0.85169 0.22201
vt 0.68750 0.60614
vt 0.41164 0.86944
vt 0.90222 0.71049
vt 0.47355 0.86545
vt 0.90925 0.71648
vt 0.48058 0.86212
vt 0.85811 0.13330
vt 0.52440 0.86634
vt 0.66838 0.05551
vt 0.35641 0.66041
vt 0.65381 0.05908
vt 0.35780 0.67498
vt 0.16766 0.87920
vt 0.95942 0.08232
vt 0.37967 0.73318
vt 0.22244 0.23654
vt 0.26369 0.37354
vt 0.26452 0.36509
vt 0.42296 0.64893
vt 0.44947 0.73337
vt 0.90594 0.64533
vt 0.46200 0.72632
vt 0.61216 0.19264
vt 0.63563 0.13226
vt 0.64278 0.12963
vt 0.73529 0.21602
vt 0.41417 0.86833
vt 0.41988 0.86329
vt 0.13326 0.05322
vt 0.43413 0.86781
vt 0.87354 0.30039
vt 0.07260 0.87735
vt 0.05939 0.87966
vt 0.57669 0.23133
vt 0.45252 0.86415
vt 0.90561 0.71138
vt 0.11534 0.88253
vt 0.16994 0.88437
vt 0.19895 0.87730
vt 0.95723 0.09677
vt 0.38186 0.74763
vt 0.20753 0.87776
vt 0.40100 0.72045
vt 0.93896 0.23573
vt 0.38580 0.72435
vt 0.41267 0.73510
vt 0.42193 0.65436
vt 0.43500 0.64888
vt 0.36676 0.04197
vt 0.95932 0.02963
vt 0.46013 0.67100
vt 0.95638 0.03271
vt 0.90951 0.59309
vt 0.46307 0.67408
vt 0.91157 0.60957
vt 0.47428 0.69056
vt 0.90311 0.61321
vt 0.90012 0.62207
vt 0.46533 0.70306
vt 0.90980 0.63687
vt 0.47586 0.71786
vt 0.02208 0.24355
vt 0.48206 0.12987
vt 0.79469 0.28269
vt 0.11078 0.03857
vt 0.72077 0.39676
vt 0.62461 0.61311
vt 0.24410 0.61562
vt 0.24977 0.58577
vt 0.94339 0.44073
vt 0.38870 0.86828
vt 0.95327 0.04142
vt 0.84982 0.05029
vt 0.04897 0.88388
vt 0.94092 0.04569
vt 0.03662 0.87961
vt 0.57527 0.23457
vt 0.45365 0.86090
vt 0.53395 0.86378
vt 0.86443 0.13285
vt 0.52238 0.86590
vt 0.53870 0.86574
vt 0.46527 0.36347
vt 0.36882 0.68812
vt 0.26196 0.39758
vt 0.43202 0.73814
vt 0.35791 0.05029
vt 0.45180 0.65559
vt 0.90649 0.60197
vt 0.03549 0.25073
vt 0.65415 0.12382
vt 0.30126 0.47062
vt 0.74666 0.22182
vt 0.60980 0.18739
vt 0.63057 0.12991
vt 0.14357 0.06217
vt 0.71251 0.41219
vt 0.94980 0.44699
vt 0.13232 0.10203
vt 0.66039 0.61096
vt 0.82457 0.21674
vt 0.01598 0.88189
vt 0.83089 0.21641
vt 0.02229 0.88222
vt 0.87256 0.02478
vt 0.68907 0.60698
vt 0.05229 0.88013
vt 0.14188 0.05063
vt 0.43147 0.85920
vt 0.08439 0.89649
vt 0.92478 0.71193
vt 0.49610 0.85459
vt 0.12502 0.88812
vt 0.15467 0.88284
vt 0.37686 0.67202
vt 0.66269 0.05564
vt 0.35671 0.66610
vt 0.20067 0.88145
vt 0.95166 0.10010
vt 0.20466 0.23163
vt 0.21310 0.87665
vt 0.26504 0.41509
vt 0.26871 0.37458
vt 0.41347 0.64692
vt 0.36992 0.04276
vt 0.45934 0.66597
vt 0.89840 0.63677
vt 0.47076 0.71776
vt 0.59229 0.16903
vt 0.62451 0.11239
vt 0.13278 0.06066
vt 0.70985 0.42298
vt 0.55016 0.07908
vt 0.94044 0.44529
vt 0.38575 0.86372
vt 0.15264 0.10303
vt 0.84490 0.21283
vt 0.68071 0.61532
vt 0.21143 0.03857
vt 0.03631 0.88580
vt 0.08208 0.88231
vt 0.46959 0.86226
vt 0.89867 0.71800
vt 0.65848 0.07988
vt 0.85650 0.12345
vt 0.09033 0.14643
vt 0.51110 0.85650
vt 0.86591 0.12819
vt 0.52551 0.86123
vt 0.07478 0.07835
vt 0.34585 0.69627
vt 0.54054 0.85958
vt 0.17410 0.88232
vt 0.35720 0.71672
vt 0.55189 0.86362
vt 0.36112 0.66423
vt 0.37082 0.68445
vt 0.19647 0.88744
vt 0.40273 0.70787
vt 0.94273 0.22316
vt 0.39021 0.70441
vt 0.41055 0.71962
vt 0.95088 0.23491
vt 0.17512 0.28414
vt 0.27058 0.37024
vt 0.41781 0.66009
vt 0.44973 0.66556
vt 0.45714 0.66586
vt 0.95068 0.02736
vt 0.90306 0.58774
vt 0.46877 0.66873
vt 0.01512 0.23685
vt 0.47510 0.13135
vt 0.02067 0.33873
vt 0.02124 0.30856
vt 0.60322 0.18391
vt 0.62942 0.12332
vt 0.28369 0.16830
vt 0.63972 0.11380
vt 0.31128 0.45792
vt 0.10303 0.02907
vt 0.71126 0.40777
vt 0.62108 0.61215
vt 0.24315 0.61916
vt 0.61422 0.61653
vt 0.24752 0.62602
vt 0.55847 0.09033
vt 0.94874 0.45654
vt 0.39406 0.85247
vt 0.39875 0.85588
vt 0.05893 0.88585
vt 0.46248 0.85448
vt 0.37819 0.72173
vt 0.23389 0.23791
vt 0.57288 0.86091
vt 0.37748 0.69308
vt 0.94306 0.20836
vt 0.18743 0.24760
vt 0.19729 0.89261
vt 0.27456 0.38356
vt 0.40449 0.64881
vt 0.43009 0.66986
vt 0.43455 0.67374
vt 0.44696 0.67119
vt 0.02377 0.31130
vt 0.02510 0.30163
vt 0.72022 0.22685
vt 0.67416 0.63037
vt 0.82745 0.78392
vt 0.25360 0.56751
vt 0.72758 0.87593
vt 0.39487 0.85525
vt 0.98975 0.08057
vt 0.02402 0.88574
vt 0.85310 0.04559
vt 0.32471 0.02582
vt 0.05226 0.88859
vt 0.57973 0.24179
vt 0.45918 0.85368
vt 0.57557 0.23510
vt 0.45527 0.86037
vt 0.89744 0.72172
vt 0.89507 0.72119
vt 0.46640 0.85382
vt 0.66295 0.08057
vt 0.09102 0.14196
vt 0.66388 0.09424
vt 0.86190 0.12418
vt 0.84936 0.12967
vt 0.52355 0.86271
vt 0.17514 0.88632
vt 0.06599 0.08120
vt 0.54932 0.85926
vt 0.05811 0.08643
vt 0.55721 0.85513
vt 0.55638 0.85946
vt 0.38151 0.68469
vt 0.19376 0.24252
vt 0.20652 0.88753
vt 0.81180 0.15574
vt 0.39222 0.69496
vt 0.95656 0.21024
vt 0.45261 0.66721
vt 0.89697 0.60678
vt 0.46500 0.68777
vt 0.90009 0.59117
vt 0.45859 0.67216
vt 0.31027 0.48295
vt 0.79595 0.27400
vt 0.74365 0.23083
vt 0.50766 0.07080
vt 0.25114 0.60886
vt 0.16984 0.06675
vt 0.72844 0.87173
vt 0.54053 0.08794
vt 0.37611 0.85485
vt 0.84589 0.21029
vt 0.84131 0.04792
vt 0.04047 0.88625
vt 0.85011 0.04641
vt 0.32575 0.02881
vt 0.85786 0.21087
vt 0.04927 0.88776
vt 0.33011 0.02198
vt 0.05610 0.88773
vt 0.06525 0.88900
vt 0.56330 0.23992
vt 0.45332 0.85555
vt 0.11115 0.88810
vt 0.66762 0.08660
vt 0.09705 0.13729
vt 0.84424 0.11232
vt 0.10293 0.15869
vt 0.52369 0.84536
vt 0.67276 0.08597
vt 0.87078 0.11262
vt 0.09642 0.13215
vt 0.51719 0.84566
vt 0.54251 0.84926
vt 0.54764 0.85616
vt 0.08545 0.03857
vt 0.18314 0.89749
vt 0.22924 0.24770
vt 0.58282 0.85112
vt 0.76416 0.03449
vt 0.21244 0.24743
vt 0.27639 0.19314
vt 0.20203 0.24124
vt 0.20853 0.88625
vt 0.39248 0.70150
vt 0.96561 0.21679
vt 0.43272 0.73502
vt 0.45246 0.67403
vt 0.45068 0.03082
vt 0.44263 0.72687
vt 0.45162 0.68204
vt 0.87660 0.24967
vt 0.45809 0.67151
vt 0.11122 0.03027
vt 0.71246 0.40682
vt 0.60257 0.61995
vt 0.25094 0.63767
vt 0.81968 0.19812
vt 0.99393 0.06580
vt 0.01109 0.90051
vt 0.40072 0.85007
vt 0.69017 0.62019
vt 0.22089 0.03260
vt 0.68018 0.07020
vt 0.04577 0.89067
vt 0.68694 0.62630
vt 0.68341 0.06413
vt 0.67953 0.24759
vt 0.84024 0.79083
vt 0.41243 0.85418
vt 0.42365 0.84945
vt 0.87762 0.78387
vt 0.07992 0.89783
vt 0.89416 0.73527
vt 0.10018 0.89720
vt 0.91707 0.72513
vt 0.48840 0.85369
vt 0.92383 0.72270
vt 0.14711 0.90992
vt 0.23697 0.24672
vt 0.57681 0.85210
vt 0.85498 0.03857
vt 0.42798 0.67551
vt 0.45769 0.03594
vt 0.43453 0.73199
vt 0.42894 0.72306
vt 0.19351 0.28622
vt 0.86504 0.03547
vt 0.53309 0.02177
vt 0.43804 0.67803
vt 0.45225 0.69662
vt 0.45883 0.68331
vt 0.62908 0.11201
vt 0.70947 0.41841
vt 0.64331 0.62311
vt 0.50470 0.05886
vt 0.25410 0.59692
vt 0.79661 0.78678
vt 0.78999 0.25342
vt 0.74301 0.83364
vt 0.09123 0.16711
vt 0.73504 0.80726
vt 0.38320 0.84328
vt 0.39753 0.84756
vt 0.22153 0.03657
vt 0.04641 0.89612
vt 0.79265 0.20298
vt 0.43030 0.84547
vt 0.58537 0.02271
vt 0.06508 0.89546
vt 0.57295 0.24661
vt 0.79604 0.20130
vt 0.44516 0.84886
vt 0.46116 0.85166
vt 0.91084 0.72212
vt 0.52169 0.83426
vt 0.80225 0.13755
vt 0.40177 0.67677
vt 0.40396 0.69848
vt 0.09411 0.38525
vt 0.10397 0.37257
vt 0.42287 0.69308
vt 0.18115 0.20019
vt 0.11302 0.38483
vt 0.40492 0.69065
vt 0.95745 0.20594
vt 0.09506 0.38063
vt 0.41995 0.67313
vt 0.44018 0.72236
vt 0.20475 0.28831
vt 0.87666 0.28998
vt 0.86076 0.03849
vt 0.52881 0.02479
vt 0.43376 0.67815
vt 0.00787 0.31093
vt 0.80920 0.30322
vt 0.80456 0.29380
vt 0.38129 0.03885
vt 0.12842 0.07080
vt 0.71155 0.42734
vt 0.62464 0.62372
vt 0.25471 0.61559
vt 0.99150 0.06779
vt 0.01170 0.89852
vt 0.57959 0.02290
vt 0.19066 0.07275
vt 0.05930 0.89347
vt 0.58315 0.02588
vt 0.06285 0.89499
vt 0.06708 0.89585
vt 0.86749 0.79905
vt 0.06979 0.89726
vt 0.12155 0.03369
vt 0.86560 0.79184
vt 0.56201 0.24951
vt 0.44360 0.84596
vt 0.89363 0.72692
vt 0.46495 0.84391
vt 0.93157 0.71472
vt 0.50289 0.84710
vt 0.85558 0.11238
vt 0.09518 0.14735
vt 0.65479 0.08428
vt 0.85281 0.11574
vt 0.17091 0.90630
vt 0.42432 0.04998
vt 0.54902 0.85032
vt 0.23582 0.25073
vt 0.95842 0.23405
vt 0.17047 0.29168
vt 0.41669 0.67624
vt 0.19630 0.30187
vt 0.53441 0.02588
vt 0.43936 0.67980
vt 0.87424 0.24742
vt 0.44662 0.71112
vt 0.87711 0.27874
vt 0.44786 0.69759
vt 0.87648 0.26521
vt 0.80141 0.28368
vt 0.73397 0.23629
vt 0.15381 0.07178
vt 0.25949 0.58797
vt 0.80556 0.77569
vt 0.73347 0.88142
vt 0.16562 0.07074
vt 0.25845 0.57616
vt 0.73243 0.87536
vt 0.68334 0.07373
vt 0.04261 0.89652
vt 0.41199 0.84673
vt 0.90605 0.02274
vt 0.18340 0.06912
vt 0.05204 0.89711
vt 0.79899 0.20874
vt 0.43663 0.85181
vt 0.88648 0.77934
vt 0.08879 0.89903
vt 0.89997 0.77642
vt 0.10227 0.90189
vt 0.93764 0.72104
vt 0.50896 0.84035
vt 0.56904 0.84824
vt 0.20313 0.25102
vt 0.41883 0.68254
vt 0.09856 0.37404
vt 0.42446 0.67757
vt 0.87383 0.25501
vt 0.80329 0.29704
vt 0.50049 0.07275
vt 0.25831 0.61082
vt 0.78271 0.78077
vt 0.69619 0.07008
vt 0.66674 0.24704
vt 0.02975 0.89732
vt 0.90101 0.02334
vt 0.17835 0.06852
vt 0.04699 0.89770
vt 0.12072 0.02621
vt 0.71143 0.02671
vt 0.24658 0.12158
vt 0.87308 0.78022
vt 0.07538 0.90233
vt 0.35995 0.15485
vt 0.88402 0.72723
vt 0.45534 0.84265
vt 0.13088 0.91674
vt 0.45509 0.06689
vt 0.20491 0.89955
vt 0.24469 0.04513
vt 0.21809 0.25742
vt 0.20196 0.25615
vt 0.26767 0.18378
vt 0.82432 0.15499
vt 0.61706 0.05225
vt 0.80906 0.14481
vt 0.39496 0.68403
vt 0.42451 0.68649
vt 0.18945 0.19360
vt 0.18860 0.21418
vt 0.12078 0.37738
vt 0.44111 0.68238
vt 0.98678 0.08844
vt 0.18892 0.18948
vt 0.75049 0.14111
vt 0.87069 0.25000
vt 0.01230 0.30676
vt 0.71143 0.23965
vt 0.82696 0.77903
vt 0.65936 0.24854
vt 0.02238 0.89583
vt 0.66297 0.23977
vt 0.02598 0.90459
vt 0.81611 0.76710
vt 0.74066 0.87284
vt 0.66846 0.24027
vt 0.03147 0.90409
vt 0.90514 0.02686
vt 0.18249 0.06501
vt 0.05113 0.90122
vt 0.18455 0.06710
vt 0.05319 0.89912
vt 0.90088 0.02602
vt 0.17822 0.06584
vt 0.40932 0.83465
vt 0.19417 0.06299
vt 0.81982 0.03428
vt 0.27393 0.02651
vt 0.86051 0.79932
vt 0.06281 0.90323
vt 0.34546 0.15384
vt 0.89574 0.74173
vt 0.92313 0.74524
vt 0.93877 0.74705
vt 0.26807 0.58749
vt 0.10799 0.15016
vt 0.52875 0.84282
vt 0.56706 0.84412
vt 0.23728 0.25836
vt 0.58080 0.84046
vt 0.18838 0.25677
vt 0.20674 0.90178
vt 0.46182 0.05959
vt 0.20205 0.25697
vt 0.26686 0.19561
vt 0.42529 0.37983
vt 0.21222 0.90198
vt 0.77155 0.03857
vt 0.24365 0.05486
vt 0.20836 0.25482
vt 0.26901 0.19252
vt 0.83316 0.14435
vt 0.37086 0.68357
vt 0.81559 0.15869
vt 0.38843 0.69791
vt 0.96476 0.21320
vt 0.81247 0.14441
vt 0.39155 0.68364
vt 0.42968 0.68490
vt 0.19301 0.19201
vt 0.19490 0.19567
vt 0.44445 0.68889
vt 0.97329 0.09495
vt 0.20241 0.19600
vt 0.86845 0.28477
vt 0.26083 0.60088
vt 0.79265 0.78272
vt 0.74742 0.86221
vt 0.95789 0.10705
vt 0.68756 0.23549
vt 0.78024 0.19433
vt 0.42124 0.83306
vt 0.13087 0.59145
vt 0.78613 0.21889
vt 0.44214 0.83895
vt 0.11865 0.02837
vt 0.87092 0.79012
vt 0.98779 0.05095
vt 0.71701 0.02686
vt 0.90511 0.04333
vt 0.86750 0.78037
vt 0.89499 0.77872
vt 0.09730 0.90677
vt 0.32959 0.15864
vt 0.89415 0.75759
vt 0.90011 0.75701
vt 0.90120 0.76923
vt 0.10351 0.90271
vt 0.94334 0.74220
vt 0.27236 0.58265
vt 0.11865 0.15854
vt 0.53941 0.84160
vt 0.12227 0.15046
vt 0.54304 0.83593
vt 0.74417 0.06669
vt 0.55796 0.83324
vt 0.83738 0.15062
vt 0.60400 0.04987
vt 0.36664 0.68985
vt 0.82704 0.15511
vt 0.61434 0.04939
vt 0.37698 0.69433
vt 0.77479 0.03557
vt 0.21136 0.25805
vt 0.26577 0.19163
vt 0.38964 0.68494
vt 0.25235 0.05811
vt 0.20511 0.25681
vt 0.26701 0.18382
vt 0.22150 0.21643
vt 0.83811 0.27694
vt 0.15240 0.34448
vt 0.86625 0.28098
vt 0.74650 0.85314
vt 0.95881 0.11557
vt 0.68412 0.23336
vt 0.04713 0.91100
vt 0.70098 0.24330
vt 0.70451 0.24319
vt 0.86522 0.78262
vt 0.27910 0.02783
vt 0.86330 0.79414
vt 0.82687 0.03654
vt 0.28097 0.02424
vt 0.86155 0.79227
vt 0.78543 0.20856
vt 0.43489 0.83825
vt 0.35694 0.16357
vt 0.45591 0.83392
vt 0.09206 0.90374
vt 0.36565 0.15690
vt 0.45763 0.84060
vt 0.36616 0.15713
vt 0.45648 0.84037
vt 0.35296 0.16082
vt 0.34312 0.22591
vt 0.88695 0.73422
vt 0.45828 0.83668
vt 0.33240 0.15799
vt 0.89417 0.75479
vt 0.52194 0.04639
vt 0.02197 0.04541
vt 0.89538 0.77038
vt 0.09768 0.90471
vt 0.43701 0.04802
vt 0.55075 0.83762
vt 0.43676 0.05225
vt 0.55119 0.83788
vt 0.09058 0.03137
vt 0.19035 0.91260
vt 0.09606 0.03088
vt 0.19084 0.90264
vt 0.47229 0.39194
vt 0.56913 0.83096
vt 0.44678 0.06354
vt 0.18701 0.26172
vt 0.20827 0.90673
vt 0.23166 0.25919
vt 0.98101 0.02503
vt 0.31206 0.02881
vt 0.22847 0.26400
vt 0.97059 0.23779
vt 0.17528 0.30384
vt 0.11629 0.35889
vt 0.19756 0.20626
vt 0.12608 0.36842
vt 0.80699 0.29346
vt 0.37744 0.03851
vt 0.80447 0.24561
vt 0.75111 0.81916
vt 0.75822 0.79531
vt 0.37903 0.82010
vt 0.83323 0.77629
vt 0.70187 0.23683
vt 0.82964 0.03857
vt 0.86258 0.78950
vt 0.06488 0.90753
vt 0.25711 0.11528
vt 0.87028 0.76969
vt 0.99011 0.05811
vt 0.89795 0.04564
vt 0.86820 0.78753
vt 0.93062 0.75915
vt 0.27751 0.59959
vt 0.12548 0.15373
vt 0.54625 0.83442
vt 0.97900 0.02613
vt 0.31006 0.02413
vt 0.23315 0.26511
vt 0.57914 0.83370
vt 0.26114 0.19547
vt 0.20590 0.14641
vt 0.98665 0.02783
vt 0.31771 0.02633
vt 0.23095 0.26681
vt 0.58678 0.83201
vt 0.96631 0.10498
vt 0.20939 0.20603
vt 0.86252 0.28303
vt 0.83436 0.76851
vt 0.40102 0.82652
vt 0.11065 0.58328
vt 0.65771 0.23612
vt 0.02073 0.90824
vt 0.03566 0.90855
vt 0.99574 0.04625
vt 0.71789 0.02216
vt 0.90980 0.05127
vt 0.25113 0.11435
vt 0.86661 0.77567
vt 0.06892 0.90956
vt 0.08909 0.91154
vt 0.51838 0.03808
vt 0.88461 0.76208
vt 0.21555 0.27686
vt 0.49394 0.07969
vt 0.21136 0.26426
vt 0.48975 0.09229
vt 0.25956 0.19564
vt 0.20433 0.14219
vt 0.20393 0.26825
vt 0.25557 0.18782
vt 0.26657 0.04639
vt 0.97677 0.21869
vt 0.27024 0.03615
vt 0.97345 0.21503
vt 0.10153 0.36464
vt 0.10253 0.36709
vt 0.22048 0.31014
vt 0.85483 0.29248
vt 0.00342 0.30503
vt 0.81366 0.30134
vt 0.38902 0.04639
vt 0.71631 0.24854
vt 0.59623 0.50163
vt 0.24690 0.16064
vt 0.16650 0.11670
vt 0.76091 0.23985
vt 0.58823 0.51416
vt 0.86290 0.37524
vt 0.58271 0.50832
vt 0.85706 0.37502
vt 0.18715 0.10992
vt 0.60888 0.50700
vt 0.19065 0.11219
vt 0.78505 0.23143
vt 0.27881 0.11744
vt 0.74428 0.83857
vt 0.61237 0.50574
vt 0.24658 0.14450
vt 0.76961 0.24050
vt 0.76315 0.84597
vt 0.94216 0.12364
vt 0.07890 0.18724
vt 0.32044 0.24103
vt 0.52893 0.16943
vt 0.76874 0.22412
vt 0.43559 0.82156
vt 0.08120 0.91421
vt 0.41580 0.40762
vt 0.18443 0.91472
vt 0.21413 0.02283
vt 0.33740 0.02283
vt 0.41565 0.39696
vt 0.19509 0.92011
vt 0.41911 0.38619
vt 0.20586 0.91177
vt 0.69678 0.09930
vt 0.25960 0.19989
vt 0.42751 0.38411
vt 0.25928 0.04568
vt 0.97530 0.22599
vt 0.09200 0.36279
vt 0.59309 0.50140
vt 0.83141 0.76348
vt 0.75213 0.86922
vt 0.08545 0.12284
vt 0.85439 0.75964
vt 0.40621 0.82887
vt 0.11583 0.58055
vt 0.78348 0.20556
vt 0.43264 0.83630
vt 0.33005 0.23316
vt 0.87389 0.74410
vt 0.27171 0.11286
vt 0.87100 0.75509
vt 0.34475 0.23493
vt 0.52534 0.14512
vt 0.88999 0.78098
vt 0.09229 0.92062
vt 0.03247 0.04048
vt 0.90031 0.77160
vt 0.10261 0.91520
vt 0.51025 0.04123
vt 0.03366 0.04223
vt 0.89855 0.76522
vt 0.94390 0.73663
vt 0.51522 0.82447
vt 0.28088 0.57708
vt 0.16348 0.91904
vt 0.72803 0.07126
vt 0.54181 0.82400
vt 0.21849 0.27586
vt 0.49688 0.08069
vt 0.18269 0.31685
vt 0.10826 0.35449
vt 0.20741 0.31360
vt 0.21888 0.21488
vt 0.78045 0.12331
vt 0.59557 0.49894
vt 0.60339 0.49806
vt 0.25165 0.15348
vt 0.75274 0.85776
vt 0.95257 0.10710
vt 0.10691 0.63962
vt 0.77608 0.19491
vt 0.13152 0.59204
vt 0.26624 0.11552
vt 0.87222 0.76057
vt 0.26457 0.10313
vt 0.07439 0.91603
vt 0.53464 0.15634
vt 0.44869 0.82362
vt 0.08674 0.91627
vt 0.53204 0.14612
vt 0.45891 0.82764
vt 0.35412 0.23283
vt 0.53136 0.13575
vt 0.46928 0.82976
vt 0.35325 0.23102
vt 0.46841 0.83157
vt 0.92313 0.76884
vt 0.12543 0.91690
vt 0.27842 0.60929
vt 0.42230 0.41182
vt 0.18023 0.93167
vt 0.21143 0.02490
vt 0.34011 0.02490
vt 0.41357 0.39967
vt 0.19238 0.92149
vt 0.98126 0.23396
vt 0.17041 0.31452
vt 0.12964 0.34890
vt 0.21765 0.22412
vt 0.14201 0.34833
vt 0.20585 0.20085
vt 0.76742 0.13442
vt 0.57858 0.50115
vt 0.84989 0.37936
vt 0.58918 0.49245
vt 0.76337 0.81508
vt 0.75722 0.24947
vt 0.05846 0.17990
vt 0.75635 0.24886
vt 0.87192 0.37923
vt 0.05759 0.17688
vt 0.75550 0.81100
vt 0.82392 0.75507
vt 0.75867 0.86081
vt 0.50049 0.02905
vt 0.77065 0.19584
vt 0.12936 0.59297
vt 0.76631 0.20064
vt 0.32012 0.23782
vt 0.11109 0.12113
vt 0.86395 0.73399
vt 0.32881 0.24260
vt 0.52002 0.16106
vt 0.53821 0.14072
vt 0.46431 0.82621
vt 0.14674 0.91755
vt 0.74084 0.07275
vt 0.55463 0.83176
vt 0.46565 0.40609
vt 0.55498 0.81438
vt 0.22946 0.27606
vt 0.50785 0.08049
vt 0.19253 0.12409
vt 0.57925 0.82276
vt 0.97799 0.21970
vt 0.09502 0.36009
vt 0.61241 0.49567
vt 0.25793 0.14446
vt 0.87233 0.38167
vt 0.05615 0.17931
vt 0.50792 0.03076
vt 0.76443 0.19756
vt 0.12193 0.59468
vt 0.88268 0.76676
vt 0.87484 0.76101
vt 0.88958 0.77349
vt 0.88948 0.76900
vt 0.33877 0.24029
vt 0.52281 0.15110
vt 0.13454 0.92372
vt 0.21242 0.02232
vt 0.33911 0.02232
vt 0.41616 0.39868
vt 0.70805 0.11417
vt 0.24833 0.21475
vt 0.62939 0.09424
vt 0.42341 0.39898
vt 0.23368 0.20674
vt 0.73493 0.08545
vt 0.17844 0.14104
vt 0.43574 0.39096
vt 0.98456 0.22237
vt 0.17180 0.31782
vt 0.09737 0.35352
vt 0.97977 0.22263
vt 0.08936 0.35831
vt 0.23676 0.33613
vt 0.82884 0.28878
vt 0.16233 0.33521
vt 0.58844 0.45489
vt 0.12322 0.48975
vt 0.59726 0.46840
vt 0.57967 0.47635
vt 0.82509 0.38457
vt 0.61052 0.47083
vt 0.71888 0.06787
vt 0.59245 0.48316
vt 0.58221 0.48358
vt 0.83232 0.38038
vt 0.25522 0.13993
vt 0.29941 0.11963
vt 0.26718 0.12874
vt 0.05901 0.60467
vt 0.57753 0.50898
vt 0.85773 0.38222
vt 0.50394 0.02440
vt 0.76900 0.19120
vt 0.08971 0.12451
vt 0.85685 0.75538
vt 0.25570 0.10396
vt 0.86474 0.77111
vt 0.06704 0.91995
vt 0.86044 0.74258
vt 0.26487 0.09857
vt 0.87180 0.76193
vt 0.87243 0.77414
vt 0.07473 0.92700
vt 0.15284 0.93009
vt 0.42261 0.40257
vt 0.18948 0.91671
vt 0.46424 0.39806
vt 0.56301 0.82334
vt 0.17558 0.31487
vt 0.20647 0.33382
vt 0.13205 0.33752
vt 0.21638 0.21540
vt 0.56689 0.45059
vt 0.79933 0.38149
vt 0.10167 0.48334
vt 0.14703 0.46803
vt 0.60793 0.45518
vt 0.14270 0.48025
vt 0.70361 0.05932
vt 0.57718 0.48378
vt 0.83252 0.38831
vt 0.70692 0.06386
vt 0.58048 0.48327
vt 0.83202 0.38377
vt 0.61009 0.48683
vt 0.26997 0.14678
vt 0.04229 0.62271
vt 0.57730 0.49782
vt 0.84656 0.38764
vt 0.87546 0.39460
vt 0.05991 0.19224
vt 0.08218 0.64682
vt 0.82698 0.75729
vt 0.76763 0.86302
vt 0.75938 0.82999
vt 0.13220 0.61185
vt 0.76220 0.20020
vt 0.76331 0.81547
vt 0.12321 0.59733
vt 0.75874 0.83679
vt 0.13115 0.61865
vt 0.29264 0.58828
vt 0.45228 0.39617
vt 0.72084 0.11865
vt 0.23554 0.21924
vt 0.23291 0.21405
vt 0.63572 0.07882
vt 0.42974 0.39828
vt 0.17870 0.12764
vt 0.57089 0.80893
vt 0.80511 0.40000
vt 0.01183 0.66616
vt 0.26722 0.14312
vt 0.30380 0.11719
vt 0.76927 0.82882
vt 0.22900 0.02686
vt 0.06145 0.61068
vt 0.25897 0.09859
vt 0.86659 0.76784
vt 0.49566 0.81116
vt 0.29420 0.58344
vt 0.63784 0.08891
vt 0.43186 0.39704
vt 0.79834 0.39640
vt 0.10010 0.46842
vt 0.00506 0.66748
vt 0.62965 0.44718
vt 0.16443 0.47879
vt 0.62662 0.46833
vt 0.82623 0.38816
vt 0.84661 0.39453
vt 0.76056 0.80674
vt 0.36523 0.81776
vt 0.07485 0.58860
vt 0.84519 0.75052
vt 0.42812 0.42446
vt 0.16759 0.93979
vt 0.64738 0.08195
vt 0.44140 0.39606
vt 0.44882 0.39315
vt 0.19311 0.32558
vt 0.11868 0.34576
vt 0.21430 0.33407
vt 0.13987 0.33727
vt 0.61571 0.44807
vt 0.15049 0.47719
vt 0.64479 0.45074
vt 0.17957 0.47613
vt 0.86141 0.38897
vt 0.06958 0.19304
vt 0.38977 0.81318
vt 0.09940 0.58305
vt 0.93398 0.11631
vt 0.09770 0.61508
vt 0.76615 0.84873
vt 0.11177 0.63059
vt 0.30518 0.25537
vt 0.75439 0.21128
vt 0.84901 0.72081
vt 0.77111 0.82655
vt 0.52129 0.80755
vt 0.74478 0.08261
vt 0.17560 0.13119
vt 0.44559 0.38978
vt 0.57129 0.80583
vt 0.23709 0.35010
vt 0.16267 0.32125
vt 0.64689 0.45791
vt 0.60037 0.11946
vt 0.61939 0.47470
vt 0.63916 0.14837
vt 0.00342 0.05460
vt 0.98211 0.28177
vt 0.03016 0.61341
vt 0.12252 0.93298
vt 0.29451 0.61814
vt 0.46032 0.42306
vt 0.53801 0.80257
vt 0.45172 0.40874
vt 0.43982 0.41193
vt 0.22606 0.22185
vt 0.15179 0.33993
vt 0.65341 0.44582
vt 0.67318 0.17725
vt 0.18819 0.46468
vt 0.98074 0.24775
vt 0.64883 0.45225
vt 0.77531 0.83483
vt 0.23505 0.02120
vt 0.06711 0.61669
vt 0.93735 0.12088
vt 0.84312 0.72677
vt 0.76861 0.83251
vt 0.48666 0.80106
vt 0.49486 0.70137
vt 0.30430 0.59149
vt 0.65741 0.45247
vt 0.61089 0.12842
vt 0.67718 0.17060
vt 0.63197 0.46642
vt 0.58545 0.12090
vt 0.65174 0.15665
vt 0.28261 0.14536
vt 0.04776 0.62130
vt 0.38192 0.80867
vt 0.09155 0.58560
vt 0.81959 0.74635
vt 0.77172 0.85209
vt 0.83076 0.74020
vt 0.12246 0.93645
vt 0.29798 0.61963
vt 0.83673 0.39736
vt 0.06798 0.20097
vt 0.07686 0.63875
vt 0.08818 0.59688
vt 0.50110 0.80150
vt 0.42281 0.43903
vt 0.15302 0.95038
vt 0.81106 0.41057
vt 0.01777 0.65079
vt 0.83518 0.40592
vt 0.27985 0.13636
vt 0.05766 0.61230
vt 0.86281 0.40462
vt 0.76416 0.02629
vt 0.06953 0.64938
vt 0.93311 0.12939
vt 0.09821 0.19630
vt 0.08462 0.60852
vt 0.72803 0.08035
vt 0.17334 0.14795
vt 0.72830 0.08187
vt 0.17486 0.14767
vt 0.82264 0.40747
vt 0.02935 0.65879
vt 0.64895 0.15726
vt 0.84402 0.40774
vt 0.05073 0.64915
vt 0.23443 0.02432
vt 0.06398 0.61079
vt 0.11247 0.94141
vt 0.30293 0.61096
vt 0.30543 0.60843
vt 0.12622 0.94511
vt 0.13332 0.95402
vt 0.14752 0.94368
vt 0.82080 0.29018
vt 0.16151 0.32717
vt 0.34713 0.09912
vt 0.66001 0.29639
vt 0.17466 0.45663
vt 0.97269 0.26127
vt 0.04458 0.62740
vt 0.11600 0.95441
vt 0.43967 0.43527
vt 0.94768 0.18283
vt 0.11865 0.12451
vt 0.61963 0.28080
vt 0.13429 0.44104
vt 0.00419 0.63329
vt 0.65173 0.16740
vt 0.97779 0.26921
vt 0.97327 0.27587
vt 0.97562 0.28586
vt 0.02427 0.61750
vt 0.01748 0.06299
vt 0.96804 0.29016
vt 0.02944 0.62180
vt 0.00807 0.05280
vt 0.02875 0.61161
vt 0.05256 0.62350
vt 0.06571 0.62068
vt 0.07104 0.20752
vt 0.07655 0.63569
vt 0.31271 0.59800
vt 0.46121 0.43892
vt 0.95729 0.16129
vt 0.52215 0.80434
vt 0.32764 0.09428
vt 0.12269 0.10363
vt 0.64051 0.28484
vt 0.15517 0.44508
vt 0.83759 0.40931
vt 0.04431 0.65460
vt 0.85659 0.40926
vt 0.77038 0.02359
vt 0.46924 0.05908
vt 0.06331 0.64668
vt 0.05412 0.64411
vt 0.48339 0.05765
vt 0.06790 0.63253
vt 0.50251 0.78647
vt 0.50629 0.71722
vt 0.34041 0.09379
vt 0.65329 0.29432
vt 0.82787 0.41455
vt 0.03459 0.65051
vt 0.76797 0.02686
vt 0.06572 0.64995
vt 0.09607 0.95825
vt 0.31978 0.60968
vt 0.43069 0.44675
vt 0.94209 0.19181
vt 0.13405 0.43664
vt 0.01061 0.63353
vt 0.93712 0.08443
vt 0.95976 0.26380
vt 0.02287 0.64890
vt 0.04176 0.63961
vt 0.47547 0.05402
vt 0.06151 0.64045
vt 0.50931 0.69421
vt 0.31417 0.57704
vt 0.93367 0.19102
vt 0.14548 0.96310
vt 0.96676 0.26303
vt 0.96165 0.29736
vt 0.02693 0.62900
vt 0.04140 0.63725
vt 0.42377 0.45947
vt 0.94013 0.19873
vt 0.13258 0.95664
vt 0.93376 0.17185
vt 0.50845 0.78082
vt 0.66116 0.28323
vt 0.92041 0.08421
vt 0.95953 0.26012
vt 0.12516 0.11349
vt 0.14530 0.44755
vt 0.96337 0.29463
vt 0.02198 0.62627
vt 0.71436 0.03455
vt 0.33243 0.58256
vt 0.93781 0.19343
vt 0.14188 0.95897
vt 0.93057 0.17952
vt 0.14128 0.96621
vt 0.67653 0.28447
vt 0.92523 0.08545
vt 0.96077 0.24475
vt 0.95553 0.27570
vt 0.01574 0.60734
vt 0.51133 0.71376
vt 0.11551 0.97025
vt 0.72482 0.03857
vt 0.51123 0.68295
vt 0.32196 0.57512
vt 0.35012 0.04609
vt 0.53019 0.69723
vt 0.32346 0.55616
vt 0.91692 0.11279
vt 0.52738 0.72408
vt 0.73246 0.25545
vt 0.64774 0.27582
vt 0.95212 0.27354
vt 0.49871 0.73204
vt 0.70378 0.25580
vt 0.91553 0.18319
vt 0.51131 0.76258
vt 0.14229 0.98125
vt 0.48682 0.72602
vt 0.69189 0.27131
vt 0.01678 0.62714
vt 0.09690 0.97135
vt 0.33287 0.60171
vt 0.71498 0.03783
vt 0.33181 0.58479
vt 0.33740 0.05606
vt 0.51747 0.67879
vt 0.33343 0.56888
vt 0.53543 0.69812
vt 0.32644 0.55092
vt 0.34924 0.05811
vt 0.33548 0.55704
vt 0.40440 0.06104
vt 0.53897 0.70509
vt 0.33150 0.54739
vt 0.12983 0.96547
vt 0.50829 0.73134
vt 0.71337 0.26440
vt 0.90957 0.10588
vt 0.52003 0.73100
vt 0.64675 0.27145
vt 0.94775 0.27453
vt 0.01121 0.60617
vt 0.33761 0.57287
vt 0.33647 0.58333
vt 0.39570 0.05708
vt 0.33545 0.54885
vt 0.52995 0.72508
vt 0.73503 0.26729
vt 0.12376 0.97854
vt 0.91173 0.10864
vt 0.72727 0.25898
vt 0.64262 0.26913
vt 0.00342 0.61031
vt 0.00342 0.09059
vt 0.54767 0.63597
vt 0.53246 0.64336
vt 0.00399 0.10303
vt 0.53163 0.62353
vt 0.24463 0.31241
vt 0.53765 0.64983
vt 0.46143 0.10693
vt 0.51769 0.63852
vt 0.25961 0.31323
vt 0.34033 0.56399
vt 0.10555 0.98497
vt 0.34649 0.59812
vt 0.13733 0.98062
vt 0.54528 0.64396
vt 0.34029 0.54107
vt 0.39014 0.05328
vt 0.53438 0.69083
vt 0.33926 0.55197
vt 0.54506 0.71517
vt 0.89502 0.10097
vt 0.50548 0.73590
vt 0.71056 0.27083
vt 0.33904 0.55381
vt 0.54542 0.69790
vt 0.34499 0.54093
vt 0.01584 0.08971
vt 0.40747 0.09073
vt 0.54934 0.63685
vt 0.53465 0.66292
vt 0.28402 0.31564
vt 0.52348 0.65371
vt 0.27480 0.32180
vt 0.34592 0.55811
vt 0.34808 0.55639
vt 0.54116 0.73446
vt 0.74624 0.27095
vt 0.97684 0.98241
vt 0.55263 0.72030
vt 0.97114 0.99658
vt 0.52306 0.73057
vt 0.72814 0.26846
vt 0.50220 0.73371
vt 0.70728 0.27729
vt 0.25795 0.31906
vt 0.56071 0.72212
vt 0.58737 0.32408
vt 0.57264 0.73592
vt 0.55832 0.74613
vt 0.56858 0.72781
vt 0.57181 0.75390
vt 0.03114 0.13668
vt 0.57615 0.74062
vt 0.03547 0.13536
vt 0.60587 0.32874
vt 0.47193 0.10291
vt 0.27012 0.32061
vt 0.54723 0.66052
vt 0.34769 0.53912
vt 0.54659 0.67397
vt 0.54344 0.69019
vt 0.31129 0.32262
vt 0.34782 0.54291
vt 0.60107 0.10498
vt 0.35663 0.58817
vt 0.38674 0.60490
vt 0.62171 0.10297
vt 0.35462 0.56753
vt 0.12331 0.98475
vt 0.57955 0.72896
vt 0.59421 0.32307
vt 0.72102 0.28007
vt 0.54177 0.73475
vt 0.98176 0.98213
vt 0.54409 0.75537
vt 0.00342 0.14015
vt 0.96851 0.96151
vt 0.48246 0.09597
vt 0.28065 0.32618
vt 0.42071 0.09635
vt 0.54372 0.65009
vt 0.64922 0.10475
vt 0.68018 0.08434
vt 0.35735 0.54263
vt 0.56046 0.70696
vt 0.56182 0.68960
vt 0.34985 0.52453
vt 0.57288 0.69052
vt 0.35309 0.51347
vt 0.55577 0.32161
vt 0.55129 0.69736
vt 0.57027 0.70578
vt 0.57103 0.32251
vt 0.55363 0.70809
vt 0.70576 0.28278
vt 0.42808 0.60240
vt 0.73147 0.27666
vt 0.57956 0.73397
vt 0.59922 0.33057
vt 0.73399 0.27879
vt 0.96900 0.97630
vt 0.98171 0.38445
vt 0.40652 0.51416
vt 0.82634 0.50732
vt 0.97404 0.88882
vt 0.86279 0.05906
vt 0.81689 0.48686
vt 0.97008 0.90929
vt 0.86356 0.04650
vt 0.43311 0.10889
vt 0.82945 0.48969
vt 0.96931 0.90646
vt 0.29804 0.33192
vt 0.93506 0.03369
vt 0.55128 0.68940
vt 0.34687 0.53507
vt 0.12880 0.99658
vt 0.41372 0.61572
vt 0.14068 0.99265
vt 0.69650 0.28271
vt 0.42560 0.61166
vt 0.03515 0.14281
vt 0.60876 0.32129
vt 0.86945 0.05908
vt 0.96343 0.90234
vt 0.02351 0.09630
vt 0.40088 0.10400
vt 0.62939 0.10498
vt 0.25136 0.33193
vt 0.66162 0.10131
vt 0.61619 0.09982
vt 0.35147 0.57305
vt 0.36220 0.51899
vt 0.54873 0.31250
vt 0.57550 0.72663
vt 0.59188 0.31714
vt 0.72310 0.29111
vt 0.43824 0.58506
vt 0.44318 0.09593
vt 0.84241 0.48916
vt 0.95924 0.90698
vt 0.97558 0.39771
vt 0.96708 0.87556
vt 0.99161 0.39879
vt 0.42085 0.50404
vt 0.69831 0.08064
vt 0.35306 0.53893
vt 0.55342 0.67324
vt 0.35527 0.53293
vt 0.10416 0.99153
vt 0.35306 0.59366
vt 0.38907 0.61039
vt 0.70149 0.28979
vt 0.42230 0.60667
vt 0.26034 0.33304
vt 0.67060 0.10693
vt 0.56034 0.31300
vt 0.71309 0.29130
vt 0.42445 0.59507
vt 0.71873 0.28463
vt 0.02755 0.15267
vt 0.12842 0.27686
vt 0.85337 0.42204
vt 0.98614 0.42618
vt 0.44824 0.50737
vt 0.97571 0.44347
vt 0.96247 0.82980
vt 0.97412 0.42031
vt 0.95997 0.85297
vt 0.98765 0.43910
vt 0.46116 0.50442
vt 0.97997 0.45654
vt 0.47861 0.49924
vt 0.95912 0.81673
vt 0.65059 0.10200
vt 0.68154 0.09229
vt 0.27255 0.33491
vt 0.68281 0.10160
vt 0.36011 0.55057
vt 0.55578 0.68507
vt 0.35872 0.53057
vt 0.30599 0.34229
vt 0.94301 0.02534
vt 0.36748 0.54531
vt 0.57381 0.30549
vt 0.01010 0.14966
vt 0.83592 0.43466
vt 0.95901 0.96148
vt 0.97883 0.40589
vt 0.95415 0.86739
vt 0.99176 0.44875
vt 0.47082 0.49700
vt 0.07801 0.09708
vt 0.36069 0.58402
vt 0.38980 0.60075
vt 0.36119 0.57945
vt 0.39057 0.59618
vt 0.70309 0.28761
vt 0.42267 0.60507
vt 0.04039 0.15531
vt 0.60935 0.30880
vt 0.73870 0.29827
vt 0.38603 0.48656
vt 0.85628 0.48683
vt 0.29998 0.33442
vt 0.93701 0.02732
vt 0.36304 0.57435
vt 0.39226 0.59108
vt 0.36427 0.57270
vt 0.39432 0.58943
vt 0.06330 0.09912
vt 0.40451 0.60280
vt 0.03386 0.16381
vt 0.61273 0.30029
vt 0.84451 0.45406
vt 0.83594 0.44263
vt 0.95677 0.95352
vt 0.85504 0.44752
vt 0.84735 0.46383
vt 0.83172 0.45964
vt 0.95213 0.93650
vt 0.16507 0.27071
vt 0.86323 0.45869
vt 0.83510 0.46825
vt 0.94944 0.92789
vt 0.46248 0.49186
vt 0.99587 0.44403
vt 0.46610 0.49384
vt 0.36764 0.56137
vt 0.39385 0.57810
vt 0.05811 0.09420
vt 0.40970 0.59788
vt 0.43409 0.52157
vt 0.59816 0.29929
vt 0.74919 0.29580
vt 0.95199 0.97751
vt 0.95208 0.95243
vt 0.14907 0.27262
vt 0.85658 0.44269
vt 0.45445 0.10838
vt 0.94797 0.90723
vt 0.95206 0.85750
vt 0.37014 0.55456
vt 0.38980 0.57129
vt 0.56732 0.29619
vt 0.58756 0.30862
vt 0.80713 0.03579
vt 0.42341 0.58549
vt 0.83264 0.45074
vt 0.94876 0.94540
vt 0.17263 0.27445
vt 0.84922 0.46625
vt 0.37576 0.52871
vt 0.38330 0.54545
vt 0.54736 0.29893
vt 0.41713 0.58790
vt 0.42501 0.52982
vt 0.58908 0.30453
vt 0.81215 0.04639
vt 0.41281 0.58284
vt 0.73905 0.30518
vt 0.43749 0.56911
vt 0.94261 0.98058
vt 0.02818 0.16943
vt 0.44559 0.53423
vt 0.13005 0.26009
vt 0.60965 0.29467
vt 0.16042 0.26437
vt 0.37312 0.54665
vt 0.38900 0.56338
vt 0.42439 0.54422
vt 0.58846 0.28273
vt 0.43588 0.57558
vt 0.41029 0.57980
vt 0.81143 0.04124
vt 0.41796 0.58314
vt 0.43971 0.56096
vt 0.94518 0.97836
vt 0.48699 0.55249
vt 0.93934 0.93108
vt 0.94196 0.92022
vt 0.17977 0.26456
vt 0.85680 0.47339
vt 0.38330 0.47967
vt 0.86080 0.48410
vt 0.44136 0.48250
vt 0.39801 0.54550
vt 0.56207 0.28899
vt 0.40020 0.55855
vt 0.46759 0.55194
vt 0.94137 0.95048
vt 0.46186 0.53792
vt 0.14632 0.25802
vt 0.38778 0.47914
vt 0.41327 0.47216
vt 0.84667 0.52559
vt 0.42411 0.47085
vt 0.93073 0.87123
vt 0.82861 0.51474
vt 0.42108 0.47474
vt 0.84426 0.51778
vt 0.44659 0.54253
vt 0.13105 0.25726
vt 0.48086 0.53496
vt 0.16531 0.25610
vt 0.93523 0.93721
vt 0.17329 0.26050
vt 0.86282 0.46691
vt 0.44403 0.25788
vt 0.16803 0.25122
vt 0.93036 0.93450
vt 0.44646 0.47910
vt 0.93898 0.84889
vt 0.47583 0.53199
vt 0.16029 0.25695
vt 0.44099 0.53375
vt 0.60505 0.28668
vt 0.92772 0.90812
vt 0.41244 0.54463
vt 0.57650 0.28142
vt 0.43745 0.53907
vt 0.47157 0.54400
vt 0.93197 0.90324
vt 0.40101 0.47137
vt 0.84779 0.53784
vt 0.17283 0.25297
vt 0.44358 0.26541
vt 0.87259 0.46169
vt 0.43881 0.26536
vt 0.66455 0.46256
vt 0.38444 0.46631
vt 0.87500 0.48524
vt 0.67050 0.43900
vt 0.85766 0.55442
vt 0.16227 0.24030
vt 0.91943 0.94025
vt 0.43302 0.27807
vt 0.84587 0.58376
vt 0.92342 0.90652
vt 0.83469 0.55003
vt 0.87722 0.47311
vt 0.67075 0.45113
vt 0.84042 0.55525
vt 0.41135 0.27774
vt 0.38721 0.28438
vt 0.68357 0.51416
vt 0.81025 0.11849
vt 0.67957 0.44021
vt 0.86728 0.55563
vt 0.68748 0.46184
vt 0.42516 0.28363
vt 0.85293 0.59163
vt 0.78760 0.11858
vt 0.84463 0.55766
vt 0.39740 0.28297
vt 0.40008 0.28736
vt 0.86003 0.61670
vt 0.68997 0.48213
vt 0.80161 0.13037
vt 0.04639 0.04566
vt 0.67529 0.05635
vt 0.85864 0.55684
vt 0.85694 0.57851
vt 0.81451 0.12124
vt 0.05929 0.04937
vt 0.68820 0.04722
vt 0.68231 0.43771
vt 0.68760 0.43305
vt 0.69100 0.44034
vt 0.68638 0.05713
vt 0.69222 0.42804
vt 0.86972 0.54345
vt 0.40934 0.30322
vt 0.70241 0.49203
vt 0.87226 0.60744
vt 0.69133 0.47738
vt 0.87835 0.59279
vt 0.69596 0.45645
vt 0.05325 0.05225
vt 0.68216 0.05386
vt 0.69946 0.48018
vt 0.87267 0.59559
vt 0.69679 0.43043
vt 0.87217 0.54585
vt 0.69984 0.47225
vt 0.87620 0.58766
vt 0.69998 0.46115
vt 0.87661 0.57657
vt 0.70007 0.46555
vt 0.87602 0.58097
vt 0.87565 0.57638
vt 0.87569 0.57528
vn -0.9552 0.0295 0.2944
vn -0.9552 0.0295 0.2944
vn -0.9655 -0.0122 -0.2600
vn -0.9155 -0.1892 0.3551
vn -0.9155 -0.1892 0.3551
vn 0.1580 -0.0634 0.9854
vn 0.1580 -0.0634 0.9854
vn -0.9314 0.0225 -0.3634
vn -0.9269 0.1794 -0.3297
vn -0.9269 0.1794 -0.3297
vn -0.9410 -0.0525 -0.3344
vn -0.0882 -0.3613 0.9283
vn -0.0882 -0.3613 0.9283
vn 0.5204 0.0555 0.8521
vn 0.5204 0.0555 0.8521
vn -0.8666 0.0218 -0.4985
vn 0.2946 -0.1632 0.9416
vn 0.2946 -0.1632 0.9416
vn 0.3640 0.0871 0.9273
vn 0.3640 0.0871 0.9273
vn -0.9694 0.2069 0.1319
vn -0.9694 0.2069 0.1319
vn -0.9694 0.2069 0.1319
vn 0.5327 0.6806 0.5030
vn 0.5327 0.6806 0.5030
vn 0.5327 0.6806 0.5030
vn -0.8760 0.0145 -0.4820
vn -0.7477 -0.4592 0.4796
vn -0.7477 -0.4592 0.4796
vn -0.7477 -0.4592 0.4796
vn -0.9869 -0.1275 -0.0988
vn -0.4543 -0.1068 -0.8844
vn -0.4543 -0.1068 -0.8844
vn 0.6640 -0.0934 0.7419
vn 0.6640 -0.0934 0.7419
vn 0.0948 0.9019 -0.4214
vn -0.7349 0.5538 -0.3913
vn -0.7349 0.5538 -0.3913
vn -0.4403 -0.2912 -0.8493
vn -0.4403 -0.2912 -0.8493
vn -0.2097 -0.3327 -0.9194
vn -0.2097 -0.3327 -0.9194
vn -0.2097 -0.3327 -0.9194
vn 0.7328 -0.1532 0.6630
vn 0.7328 -0.1532 0.6630
vn 0.4927 -0.3068 0.8143
vn 0.4927 -0.3068 0.8143
vn 0.8831 -0.0233 0.4686
vn 0.8367 0.2625 0.4806
vn 0.8367 0.2625 0.4806
vn 0.9434 -0.1312 -0.3045
vn 0.9434 -0.1312 -0.3045
vn -0.9423 0.1827 -0.2804
vn -0.9423 0.1827 -0.2804
vn -0.9423 0.1827 -0.2804
vn 0.9088 -0.2783 -0.3108
vn 0.9088 -0.2783 -0.3108
vn -0.6682 -0.3597 -0.6512
vn -0.6682 -0.3597 -0.6512
vn -0.7238 0.5700 -0.3889
vn -0.7238 0.5700 -0.3889
vn -0.9784 -0.0176 -0.2060
vn -0.8320 -0.0895 0.5475
vn -0.8320 -0.0895 0.5475
vn 0.9173 -0.0249 0.3974
vn 0.8978 -0.0482 0.4377
vn -0.8892 0.0161 -0.4573
vn -0.8496 -0.4214 -0.3171
vn -0.8496 -0.4214 -0.3171
vn -0.9763 -0.0446 0.2117
vn -0.9763 -0.0446 0.2117
vn -0.6779 0.4121 0.6088
vn -0.6779 0.4121 0.6088
vn -0.6779 0.4121 0.6088
vn -0.9465 0.0172 -0.3223
vn -0.9880 -0.0561 -0.1442
vn -0.9297 0.0705 -0.3614
vn -0.5811 0.0802 -0.8099
vn -0.5811 0.0802 -0.8099
vn -0.8569 0.2218 -0.4654
vn -0.7965 -0.2688 0.5416
vn -0.7965 -0.2688 0.5416
vn -0.9748 -0.1360 -0.1769
vn -0.9748 -0.1360 -0.1769
vn 0.8906 -0.4474 0.0812
vn 0.8906 -0.4474 0.0812
vn 0.8906 -0.4474 0.0812
vn 0.8906 -0.4474 0.0812
vn 0.8906 -0.4474 0.0812
vn -0.9088 -0.4134 -0.0560
vn -0.9644 0.1992 -0.1741
vn -0.9104 -0.1329 -0.3918
vn -0.6019 0.5317 -0.5958
vn -0.6019 0.5317 -0.5958
vn -0.6019 0.5317 -0.5958
vn -0.6019 0.5317 -0.5958
vn -0.2296 0.3367 0.9132
vn -0.8924 0.3271 -0.3108
vn -0.8924 0.3271 -0.3108
vn -0.8114 -0.5264 0.2542
vn -0.8114 -0.5264 0.2542
vn -0.8114 -0.5264 0.2542
vn -0.3692 -0.1255 0.9208
vn -0.8132 0.3230 -0.4841
vn -0.8132 0.3230 -0.4841
vn -0.7806 0.3530 0.5159
vn -0.7806 0.3530 0.5159
vn -0.6702 -0.7323 0.1209
vn -0.6702 -0.7323 0.1209
vn -0.2341 -0.3952 0.8883
vn -0.9076 0.3395 -0.2471
vn -0.9076 0.3395 -0.2471
vn -0.9076 0.3395 -0.2471
vn -0.5936 -0.5994 -0.5370
vn -0.5936 -0.5994 -0.5370
vn 0.8638 -0.0621 0.5000
vn -0.7199 -0.0576 -0.6917
vn 0.4868 0.5556 0.6741
vn 0.4868 0.5556 0.6741
vn 0.4868 0.5556 0.6741
vn 0.4752 0.2949 0.8290
vn 0.4752 0.2949 0.8290
vn -0.1810 0.9692 -0.1668
vn -0.1810 0.9692 -0.1668
vn -0.1810 0.9692 -0.1668
vn -0.6724 -0.7275 -0.1362
vn -0.6724 -0.7275 -0.1362
vn -0.3126 -0.8189 0.4813
vn -0.3126 -0.8189 0.4813
vn -0.8188 -0.5318 -0.2162
vn -0.7850 -0.6088 -0.1143
vn -0.7850 -0.6088 -0.1143
vn -0.3712 0.2764 0.8865
vn -0.3712 0.2764 0.8865
vn -0.6901 0.4799 0.5417
vn -0.6901 0.4799 0.5417
vn -0.6901 0.4799 0.5417
vn -0.6901 0.4799 0.5417
vn -0.3376 0.0811 -0.9378
vn -0.3376 0.0811 -0.9378
vn 0.2259 -0.1046 0.9685
vn 0.2259 -0.1046 0.9685
vn 0.2259 -0.1046 0.9685
vn 0.2259 -0.1046 0.9685
vn -0.8503 0.5257 0.0262
vn -0.8503 0.5257 0.0262
vn -0.8503 0.5257 0.0262
vn -0.8503 0.5257 0.0262
vn -0.8769 0.4805 0.0108
vn -0.7317 -0.2570 -0.6313
vn -0.7317 -0.2570 -0.6313
vn -0.4641 0.0988 -0.8802
vn -0.4641 0.0988 -0.8802
vn -0.8647 -0.4663 0.1867
vn -0.9883 0.0934 -0.1209
vn -0.9168 -0.2988 -0.2650
vn -0.7670 0.2105 -0.6062
vn -0.7670 0.2105 -0.6062
vn -0.7670 0.2105 -0.6062
vn -0.7339 -0.3882 0.5574
vn -0.7339 -0.3882 0.5574
vn -0.6509 -0.3520 0.6727
vn -0.6509 -0.3520 0.6727
vn -0.9743 -0.1468 0.1710
vn -0.9743 -0.1468 0.1710
vn -0.9483 0.0192 -0.3167
vn -0.9096 0.1292 -0.3948
vn -0.9096 0.1292 -0.3948
vn -0.9096 0.1292 -0.3948
vn -0.3200 -0.6489 0.6904
vn -0.3200 -0.6489 0.6904
vn -0.5474 0.5320 -0.6460
vn -0.5474 0.5320 -0.6460
vn -0.5474 0.5320 -0.6460
vn -0.3611 0.4982 -0.7883
vn -0.3611 0.4982 -0.7883
vn -0.3611 0.4982 -0.7883
vn -0.3611 0.4982 -0.7883
vn -0.3611 0.4982 -0.7883
vn -0.7932 0.0008 -0.6090
vn -0.7932 0.0008 -0.6090
vn -0.7932 0.0008 -0.6090
vn 0.2349 0.6675 0.7066
vn 0.2349 0.6675 0.7066
vn 0.7336 0.6780 0.0463
vn 0.7336 0.6780 0.0463
vn -0.6501 0.6328 0.4206
vn -0.6501 0.6328 0.4206
vn -0.6630 0.5075 -0.5503
vn -0.6630 0.5075 -0.5503
vn -0.6630 0.5075 -0.5503
vn -0.4438 0.8862 -0.1328
vn -0.4438 0.8862 -0.1328
vn -0.4438 0.8862 -0.1328
vn -0.4786 0.5715 -0.6666
vn -0.6682 0.3590 0.6516
vn -0.6682 0.3590 0.6516
vn -0.2561 -0.7685 0.5863
vn -0.2561 -0.7685 0.5863
vn 0.7017 -0.3411 0.6255
vn 0.7017 -0.3411 0.6255
vn 0.7017 -0.3411 0.6255
vn -0.3490 -0.8324 0.4305
vn 0.8446 -0.0460 0.5335
vn 0.8446 -0.0460 0.5335
vn -0.9815 -0.1062 -0.1596
vn -0.9815 -0.1062 -0.1596
vn -0.6990 0.6132 -0.3679
vn -0.6990 0.6132 -0.3679
vn -0.9922 -0.1228 0.0221
vn -0.8757 0.0167 -0.4825
vn -0.6120 0.0732 -0.7875
vn -0.6120 0.0732 -0.7875
vn -0.3881 0.6033 -0.6967
vn -0.3881 0.6033 -0.6967
vn 0.0647 -0.0046 -0.9979
vn 0.0647 -0.0046 -0.9979
vn 0.1517 0.1376 -0.9788
vn -0.8376 -0.2719 -0.4738
vn -0.8376 -0.2719 -0.4738
vn 0.3852 0.4718 -0.7931
vn 0.3852 0.4718 -0.7931
vn -0.8508 0.4863 -0.1990
vn -0.9400 -0.3165 -0.1275
vn -0.5095 0.1330 0.8501
vn -0.5095 0.1330 0.8501
vn -0.1982 0.5901 -0.7826
vn -0.1931 0.8379 -0.5106
vn -0.1931 0.8379 -0.5106
vn -0.3932 0.3685 -0.8424
vn -0.3932 0.3685 -0.8424
vn -0.3932 0.3685 -0.8424
vn -0.3932 0.3685 -0.8424
vn -0.4971 -0.3750 0.7825
vn -0.4971 -0.3750 0.7825
vn -0.8125 -0.0988 0.5745
vn -0.8125 -0.0988 0.5745
vn -0.8125 -0.0988 0.5745
vn 0.8084 -0.0877 0.5820
vn 0.8084 -0.0877 0.5820
vn 0.8084 -0.0877 0.5820
vn -0.0780 -0.1686 -0.9826
vn -0.0780 -0.1686 -0.9826
vn 0.8237 0.2605 0.5036
vn 0.8237 0.2605 0.5036
vn -0.9057 0.3807 -0.1864
vn -0.4773 -0.8295 0.2899
vn -0.4773 -0.8295 0.2899
vn -0.8769 -0.4137 -0.2448
vn -0.7334 -0.6608 0.1597
vn -0.7334 -0.6608 0.1597
vn -0.9151 -0.2929 0.2772
vn -0.9151 -0.2929 0.2772
vn -0.4602 -0.4820 0.7456
vn -0.4602 -0.4820 0.7456
vn -0.4602 -0.4820 0.7456
vn -0.9056 -0.0819 -0.4161
vn -0.9056 -0.0819 -0.4161
vn -0.7848 0.4024 -0.4714
vn -0.7848 0.4024 -0.4714
vn -0.7848 0.4024 -0.4714
vn -0.0633 -0.3420 0.9376
vn -0.4719 0.6363 -0.6103
vn -0.4719 0.6363 -0.6103
vn 0.3377 0.1831 -0.9233
vn 0.3377 0.1831 -0.9233
vn 0.5793 -0.0568 0.8131
vn 0.5793 -0.0568 0.8131
vn 0.0695 0.5085 -0.8582
vn -0.5890 -0.1042 -0.8014
vn -0.5890 -0.1042 -0.8014
vn -0.5890 -0.1042 -0.8014
vn 0.8814 0.1360 0.4524
vn -0.9276 -0.3727 -0.0266
vn -0.8289 -0.2238 -0.5127
vn -0.8289 -0.2238 -0.5127
vn -0.8289 -0.2238 -0.5127
vn -0.8289 -0.2238 -0.5127
vn -0.8289 -0.2238 -0.5127
vn -0.8622 -0.3367 -0.3785
vn -0.8622 -0.3367 -0.3785
vn -0.5512 0.5347 -0.6406
vn -0.1251 -0.3654 0.9224
vn -0.2605 0.7514 -0.6062
vn -0.2605 0.7514 -0.6062
vn -0.1107 -0.3154 0.9425
vn -0.1107 -0.3154 0.9425
vn 0.2599 0.1397 -0.9555
vn 0.2599 0.1397 -0.9555
vn 0.2599 0.1397 -0.9555
vn 0.2599 0.1397 -0.9555
vn 0.3089 -0.4023 0.8619
vn 0.8407 0.0919 -0.5336
vn 0.8407 0.0919 -0.5336
vn -0.3240 -0.7856 -0.5271
vn -0.3240 -0.7856 -0.5271
vn 0.9267 0.1070 0.3603
vn -0.9982 -0.0081 -0.0591
vn -0.9982 -0.0081 -0.0591
vn -0.6745 -0.2322 0.7008
vn -0.6745 -0.2322 0.7008
vn -0.3899 -0.8067 -0.4440
vn -0.3899 -0.8067 -0.4440
vn -0.3899 -0.8067 -0.4440
vn -0.3899 -0.8067 -0.4440
vn -0.6993 0.4737 -0.5354
vn -0.6993 0.4737 -0.5354
vn -0.6993 0.4737 -0.5354
vn -0.6727 0.5019 -0.5437
vn -0.6727 0.5019 -0.5437
vn -0.4181 -0.5542 0.7198
vn -0.4181 -0.5542 0.7198
vn -0.4728 0.1640 0.8658
vn -0.4728 0.1640 0.8658
vn 0.6357 -0.2566 0.7280
vn 0.6357 -0.2566 0.7280
vn 0.4571 0.3501 -0.8176
vn 0.4571 0.3501 -0.8176
vn 0.9251 -0.1953 0.3255
vn 0.6314 0.6470 -0.4273
vn 0.9503 0.0080 0.3114
vn 0.9503 0.0080 0.3114
vn -0.8579 -0.3902 0.3343
vn -0.8579 -0.3902 0.3343
vn -0.2015 -0.0730 0.9768
vn -0.2015 -0.0730 0.9768
vn -0.4832 -0.0444 -0.8744
vn 0.0620 0.4168 -0.9069
vn -0.6328 -0.7100 0.3090
vn -0.6328 -0.7100 0.3090
vn -0.4046 -0.8435 0.3532
vn -0.2106 -0.2526 -0.9444
vn -0.2106 -0.2526 -0.9444
vn 0.5248 -0.0867 -0.8468
vn 0.5248 -0.0867 -0.8468
vn -0.6526 0.5631 -0.5070
vn -0.6526 0.5631 -0.5070
vn -0.5435 0.7843 -0.2991
vn -0.4188 0.6484 -0.6357
vn -0.4188 0.6484 -0.6357
vn 0.1655 0.8275 -0.5365
vn 0.0684 0.2101 0.9753
vn 0.0684 0.2101 0.9753
vn 0.3324 0.9236 -0.1909
vn 0.3324 0.9236 -0.1909
vn 0.3324 0.9236 -0.1909
vn 0.8379 -0.2547 0.4829
vn 0.8379 -0.2547 0.4829
vn 0.8379 -0.2547 0.4829
vn 0.6717 -0.0004 0.7408
vn 0.6717 -0.0004 0.7408
vn 0.4609 -0.4627 -0.7573
vn 0.9804 -0.1515 -0.1258
vn -0.8478 -0.2055 -0.4889
vn -0.8478 -0.2055 -0.4889
vn 0.2598 0.5447 0.7974
vn 0.2598 0.5447 0.7974
vn -0.3519 -0.5927 0.7245
vn -0.3519 -0.5927 0.7245
vn -0.2983 0.1149 -0.9475
vn -0.7397 0.0136 -0.6728
vn -0.7397 0.0136 -0.6728
vn -0.7397 0.0136 -0.6728
vn 0.4472 -0.5447 0.7094
vn 0.4472 -0.5447 0.7094
vn 0.4472 -0.5447 0.7094
vn 0.3452 0.6167 -0.7074
vn 0.8737 0.0332 -0.4853
vn 0.8737 0.0332 -0.4853
vn 0.8737 0.0332 -0.4853
vn 0.5473 0.4569 0.7012
vn 0.5473 0.4569 0.7012
vn 0.9322 0.1689 0.3200
vn 0.8871 -0.2318 0.3991
vn 0.8871 -0.2318 0.3991
vn -0.7485 0.0109 -0.6630
vn -0.7485 0.0109 -0.6630
vn -0.7485 0.0109 -0.6630
vn 0.0701 -0.9662 -0.2481
vn 0.0701 -0.9662 -0.2481
vn 0.0701 -0.9662 -0.2481
vn 0.0701 -0.9662 -0.2481
vn -0.0045 -0.5126 -0.8586
vn -0.0045 -0.5126 -0.8586
vn -0.0045 -0.5126 -0.8586
vn 0.0330 -0.9926 0.1170
vn -0.3085 0.5563 -0.7716
vn -0.3085 0.5563 -0.7716
vn -0.2222 0.3530 0.9089
vn -0.2222 0.3530 0.9089
vn 0.9859 0.0912 -0.1403
vn 0.9285 0.0887 0.3607
vn 0.9285 0.0887 0.3607
vn 0.9285 0.0887 0.3607
vn 0.8258 0.1729 -0.5368
vn -0.8820 0.3693 -0.2928
vn -0.2925 -0.8439 0.4497
vn -0.2925 -0.8439 0.4497
vn 0.5920 -0.5352 0.6025
vn 0.5920 -0.5352 0.6025
vn 0.5920 -0.5352 0.6025
vn -0.7027 0.5603 -0.4385
vn 0.4941 0.0811 0.8656
vn -0.0268 0.9350 -0.3536
vn 0.7516 -0.6437 0.1439
vn 0.7516 -0.6437 0.1439
vn 0.7516 -0.6437 0.1439
vn 0.2469 0.9238 -0.2928
vn 0.2477 0.8765 -0.4127
vn 0.8121 0.3907 0.4334
vn 0.8121 0.3907 0.4334
vn 0.8121 0.3907 0.4334
vn 0.0580 -0.9900 -0.1284
vn 0.0580 -0.9900 -0.1284
vn 0.0580 -0.9900 -0.1284
vn 0.9144 -0.3659 0.1731
vn 0.9144 -0.3659 0.1731
vn 0.9144 -0.3659 0.1731
vn 0.9144 -0.3659 0.1731
vn 0.9144 -0.3659 0.1731
vn 0.8071 0.4722 -0.3543
vn 0.8071 0.4722 -0.3543
vn -0.5563 -0.7747 -0.3006
vn -0.5563 -0.7747 -0.3006
vn -0.5563 -0.7747 -0.3006
vn -0.8171 -0.0834 -0.5704
vn -0.8171 -0.0834 -0.5704
vn -0.8885 0.0230 -0.4582
vn 0.9319 -0.0380 0.3606
vn 0.9319 -0.0380 0.3606
vn 0.4567 -0.4302 0.7787
vn 0.4567 -0.4302 0.7787
vn 0.4567 -0.4302 0.7787
vn 0.4502 0.1924 -0.8720
vn 0.4502 0.1924 -0.8720
vn 0.5468 -0.0881 0.8326
vn 0.5468 -0.0881 0.8326
vn -0.5676 -0.7459 -0.3485
vn -0.5676 -0.7459 -0.3485
vn -0.6014 -0.5367 -0.5919
vn -0.6014 -0.5367 -0.5919
vn 0.3174 -0.7081 0.6307
vn 0.3174 -0.7081 0.6307
vn -0.3611 0.1254 -0.9241
vn -0.3611 0.1254 -0.9241
vn 0.1664 0.2886 -0.9429
vn 0.1664 0.2886 -0.9429
vn -0.4387 0.7910 -0.4265
vn -0.4387 0.7910 -0.4265
vn 0.7932 -0.2254 0.5658
vn 0.7932 -0.2254 0.5658
vn -0.2155 0.8726 -0.4384
vn -0.2155 0.8726 -0.4384
vn 0.9570 -0.1788 0.2284
vn 0.9570 -0.1788 0.2284
vn 0.9817 -0.1028 0.1606
vn 0.0000 0.0000 0.0000
vn 0.0000 0.0000 0.0000
vn 0.0000 0.0000 0.0000
vn 0.0000 0.0000 0.0000
vn 0.9130 0.0437 0.4056
vn 0.9130 0.0437 0.4056
vn 0.9130 0.0437 0.4056
vn 0.9130 0.0437 0.4056
vn 0.9130 0.0437 0.4056
vn 0.9130 0.0437 0.4056
vn 0.7840 -0.3739 -0.4955
vn 0.7840 -0.3739 -0.4955
vn 0.6577 0.3685 -0.6569
vn 0.6577 0.3685 -0.6569
vn 0.6577 0.3685 -0.6569
vn 0.6577 0.3685 -0.6569
vn 0.9981 0.0252 0.0567
vn 0.9981 0.0252 0.0567
vn 0.5577 -0.2751 0.7831
vn 0.5577 -0.2751 0.7831
vn -0.8303 0.0373 -0.5561
vn -0.8303 0.0373 -0.5561
vn -0.2307 0.0308 -0.9725
vn -0.3928 0.1201 -0.9118
vn -0.3928 0.1201 -0.9118
vn -0.0365 -0.8104 0.5847
vn 0.0000 0.0000 0.0000
vn 0.0000 0.0000 0.0000
vn 0.6900 0.0084 0.7238
vn 0.6900 0.0084 0.7238
vn 0.6900 0.0084 0.7238
vn -0.1881 -0.9818 0.0245
vn -0.1881 -0.9818 0.0245
vn -0.2660 -0.5849 0.7663
vn -0.2660 -0.5849 0.7663
vn 0.9329 0.1262 0.3373
vn 0.0204 -0.7211 0.6925
vn 0.0204 -0.7211 0.6925
vn 0.0204 -0.7211 0.6925
vn 0.9639 -0.1240 -0.2357
vn 0.9639 -0.1240 -0.2357
vn 0.9639 -0.1240 -0.2357
vn 0.7751 -0.4117 0.4793
vn 0.2793 -0.6127 -0.7393
vn 0.2793 -0.6127 -0.7393
vn 0.2793 -0.6127 -0.7393
vn -0.3816 0.7682 -0.5141
vn -0.3816 0.7682 -0.5141
vn 0.7951 0.3607 -0.4876
vn 0.7951 0.3607 -0.4876
vn 0.0875 -0.9865 -0.1386
vn 0.0875 -0.9865 -0.1386
vn -0.7583 -0.1787 -0.6269
vn -0.0336 -0.8993 0.4360
vn 0.8739 -0.2632 0.4086
vn 0.8739 -0.2632 0.4086
vn 0.9993 -0.0059 0.0372
vn 0.9993 -0.0059 0.0372
vn 0.9876 0.1221 0.0982
vn 0.7678 0.0534 0.6384
vn 0.7678 0.0534 0.6384
vn 0.7110 -0.6529 0.2611
vn 0.7110 -0.6529 0.2611
vn 0.7110 -0.6529 0.2611
vn 0.5129 -0.3768 0.7713
vn 0.5129 -0.3768 0.7713
vn 0.5129 -0.3768 0.7713
vn 0.6749 0.4753 -0.5644
vn 0.6749 0.4753 -0.5644
vn 0.3415 0.8220 0.4557
vn 0.3415 0.8220 0.4557
vn -0.0738 0.8032 0.5911
vn -0.0738 0.8032 0.5911
vn -0.0738 0.8032 0.5911
vn 0.6001 0.7202 -0.3481
vn 0.6001 0.7202 -0.3481
vn 0.0000 -0.0000 0.0000
vn 0.0000 -0.0000 0.0000
vn 0.0000 -0.0000 0.0000
vn 0.0000 -0.0000 0.0000
vn 0.0000 0.0000 0.0000
vn 0.0000 0.0000 0.0000
vn 0.9891 0.1428 -0.0356
vn 0.9891 0.1428 -0.0356
vn 0.8839 0.0829 0.4602
vn 0.8324 0.2242 0.5067
vn 0.9883 -0.1052 0.1103
vn -0.5031 -0.6255 -0.5964
vn -0.5031 -0.6255 -0.5964
vn -0.5031 -0.6255 -0.5964
vn 0.6656 -0.2477 0.7040
vn 0.3683 0.6590 -0.6558
vn 0.3683 0.6590 -0.6558
vn 0.3683 0.6590 -0.6558
vn -0.5306 0.2636 -0.8056
vn -0.5306 0.2636 -0.8056
vn -0.5306 0.2636 -0.8056
vn 0.3043 0.8053 -0.5088
vn 0.8374 0.2904 0.4631
vn 0.8374 0.2904 0.4631
vn 0.8846 0.4456 -0.1377
vn 0.8846 0.4456 -0.1377
vn 0.8846 0.4456 -0.1377
vn 0.8846 0.4456 -0.1377
vn 0.0000 0.0000 0.0000
vn 0.0000 0.0000 0.0000
vn 0.6858 -0.5901 0.4260
vn 0.6858 -0.5901 0.4260
vn 0.9742 0.1756 -0.1415
vn -0.7174 0.3373 0.6095
vn -0.7174 0.3373 0.6095
vn -0.6717 0.7295 -0.1294
vn -0.6717 0.7295 -0.1294
vn -0.4205 -0.9072 -0.0085
vn -0.4205 -0.9072 -0.0085
vn -0.7088 -0.6685 -0.2252
vn -0.7088 -0.6685 -0.2252
vn 0.0000 0.0000 0.0000
vn 0.0000 0.0000 0.0000
vn 0.2759 -0.8863 0.3719
vn 0.2759 -0.8863 0.3719
vn 0.0734 -0.7083 0.7021
vn 0.0734 -0.7083 0.7021
vn 0.6954 -0.1714 0.6979
vn 0.8799 -0.4720 -0.0543
vn 0.8799 -0.4720 -0.0543
vn -0.4951 -0.2537 0.8309
vn -0.4951 -0.2537 0.8309
vn -0.6158 0.7384 -0.2751
vn -0.6158 0.7384 -0.2751
vn -0.6158 0.7384 -0.2751
vn -0.6158 0.7384 -0.2751
vn -0.6361 -0.5923 0.4945
vn -0.6361 -0.5923 0.4945
vn -0.6361 -0.5923 0.4945
vn -0.6361 -0.5923 0.4945
vn -0.6361 -0.5923 0.4945
vn 0.8547 -0.4880 -0.1770
vn 0.6918 -0.2019 0.6933
vn 0.6918 -0.2019 0.6933
vn 0.1334 0.9805 -0.1440
vn -0.2460 0.6961 0.6745
vn 0.1433 0.9890 0.0356
vn -0.6843 0.7179 0.1280
vn -0.6843 0.7179 0.1280
vn 0.8446 -0.2639 -0.4660
vn 0.8446 -0.2639 -0.4660
vn 0.5951 -0.3736 -0.7115
vn 0.5951 -0.3736 -0.7115
vn -0.1866 -0.9815 0.0434
vn 0.8497 0.1302 0.5110
vn 0.8497 0.1302 0.5110
vn 0.8497 0.1302 0.5110
vn 0.8497 0.1302 0.5110
vn 0.7438 0.6684 -0.0061
vn 0.7438 0.6684 -0.0061
vn 0.7707 -0.6269 -0.1139
vn 0.7707 -0.6269 -0.1139
vn 0.9054 0.3729 -0.2029
vn 0.9054 0.3729 -0.2029
vn 0.9955 0.0696 0.0648
vn -0.5635 -0.5573 0.6098
vn -0.5635 -0.5573 0.6098
vn -0.5635 -0.5573 0.6098
vn -0.5635 -0.5573 0.6098
vn -0.5635 -0.5573 0.6098
vn -0.5635 -0.5573 0.6098
vn 0.5503 -0.5335 0.6423
vn 0.5503 -0.5335 0.6423
vn 0.5503 -0.5335 0.6423
vn 0.4460 0.8950 -0.0019
vn 0.6781 0.7220 -0.1372
vn 0.6781 0.7220 -0.1372
vn 0.6781 0.7220 -0.1372
vn 0.9065 -0.1648 -0.3887
vn 0.9065 -0.1648 -0.3887
vn 0.9065 -0.1648 -0.3887
vn 0.9870 0.0197 0.1598
vn 0.9870 0.0197 0.1598
vn -0.8625 0.4345 -0.2595
vn -0.9075 0.0016 -0.4200
vn -0.9075 0.0016 -0.4200
vn -0.5305 0.7746 0.3444
vn -0.5305 0.7746 0.3444
vn -0.1395 -0.1987 -0.9701
vn -0.1395 -0.1987 -0.9701
vn -0.1705 -0.7421 0.6482
vn -0.1705 -0.7421 0.6482
vn -0.1705 -0.7421 0.6482
vn -0.7779 0.5961 0.1988
vn -0.3794 -0.8538 -0.3565
vn -0.3794 -0.8538 -0.3565
vn -0.6887 0.7000 -0.1890
vn -0.6887 0.7000 -0.1890
vn -0.4799 0.8234 0.3029
vn 0.1864 -0.7920 0.5814
vn 0.5023 -0.7412 0.4453
vn 0.5023 -0.7412 0.4453
vn -0.0298 0.8780 -0.4778
vn -0.0298 0.8780 -0.4778
vn 0.7454 0.6427 0.1770
vn 0.7454 0.6427 0.1770
vn 0.1963 0.5623 -0.8033
vn 0.1963 0.5623 -0.8033
vn -0.0884 0.8391 0.5368
vn -0.0884 0.8391 0.5368
vn -0.0884 0.8391 0.5368
vn -0.1665 0.6825 0.7116
vn -0.1665 0.6825 0.7116
vn 0.7817 0.1085 0.6141
vn 0.7817 0.1085 0.6141
vn 0.7817 0.1085 0.6141
vn 0.7817 0.1085 0.6141
vn 0.7817 0.1085 0.6141
vn 0.8951 0.2656 0.3582
vn 0.8951 0.2656 0.3582
vn 0.8951 0.2656 0.3582
vn 0.8951 0.2656 0.3582
vn -0.7141 0.1517 -0.6834
vn -0.7141 0.1517 -0.6834
vn 0.8626 0.4072 0.3000
vn 0.6130 0.7586 -0.2207
vn 0.6130 0.7586 -0.2207
vn 0.8528 0.4620 0.2437
vn 0.8528 0.4620 0.2437
vn 0.6779 -0.6557 0.3325
vn 0.6779 -0.6557 0.3325
vn -0.7626 0.4070 -0.5027
vn -0.7626 0.4070 -0.5027
vn -0.5607 0.1212 -0.8191
vn -0.5607 0.1212 -0.8191
vn -0.1509 0.8686 0.4720
vn -0.1509 0.8686 0.4720
vn -0.1509 0.8686 0.4720
vn -0.1509 0.8686 0.4720
vn -0.6440 -0.5733 0.5066
vn -0.6440 -0.5733 0.5066
vn 0.0259 -0.9968 0.0751
vn -0.6722 -0.6323 -0.3852
vn -0.6722 -0.6323 -0.3852
vn -0.6722 -0.6323 -0.3852
vn -0.6938 0.2714 -0.6671
vn -0.6938 0.2714 -0.6671
vn -0.8496 0.1258 -0.5122
vn -0.8496 0.1258 -0.5122
vn 0.4225 0.3523 0.8351
vn -0.2218 0.8724 0.4356
vn -0.2218 0.8724 0.4356
vn 0.9673 -0.1561 0.1998
vn -0.7029 0.6954 0.1493
vn 0.7504 0.6442 0.1482
vn 0.7504 0.6442 0.1482
vn -0.6714 -0.1031 0.7339
vn -0.6714 -0.1031 0.7339
vn -0.7559 0.5429 0.3659
vn -0.7559 0.5429 0.3659
vn -0.7559 0.5429 0.3659
vn -0.8381 0.2324 -0.4936
vn -0.8381 0.2324 -0.4936
vn -0.9081 0.4185 0.0135
vn 0.5082 -0.8488 -0.1460
vn 0.3951 -0.8765 0.2750
vn 0.9815 0.1855 -0.0471
vn 0.9016 0.2264 0.3686
vn 0.9016 0.2264 0.3686
vn 0.0052 -0.9978 -0.0657
vn -0.9668 -0.2295 0.1125
vn -0.8826 -0.0570 -0.4666
vn -0.8826 -0.0570 -0.4666
vn -0.6617 -0.5257 -0.5346
vn -0.6617 -0.5257 -0.5346
vn -0.7600 0.5517 -0.3435
vn -0.7600 0.5517 -0.3435
vn -0.7600 0.5517 -0.3435
vn 0.6772 -0.4701 0.5661
vn 0.6772 -0.4701 0.5661
vn 0.6772 -0.4701 0.5661
vn -0.5813 -0.0249 -0.8133
vn -0.5813 -0.0249 -0.8133
vn 0.7927 0.3154 0.5217
vn 0.8212 0.5661 0.0721
vn 0.8212 0.5661 0.0721
vn 0.8212 0.5661 0.0721
vn 0.9251 0.3775 -0.0418
vn 0.9251 0.3775 -0.0418
vn 0.9251 0.3775 -0.0418
vn -0.1925 -0.9810 0.0231
vn -0.5097 -0.2158 -0.8329
vn -0.5097 -0.2158 -0.8329
vn -0.7306 -0.5657 0.3824
vn -0.7306 -0.5657 0.3824
vn -0.9854 0.1302 0.1100
vn -0.9854 0.1302 0.1100
vn -0.8483 -0.3320 0.4125
vn -0.4872 0.6909 -0.5341
vn -0.4872 0.6909 -0.5341
vn -0.4872 0.6909 -0.5341
vn -0.0000 0.0000 0.0000
vn -0.0000 0.0000 0.0000
vn 0.0688 -0.6254 -0.7773
vn 0.0688 -0.6254 -0.7773
vn 0.7949 -0.0439 0.6051
vn 0.0000 0.0000 0.0000
vn 0.0000 0.0000 0.0000
vn -0.7745 -0.2490 0.5814
vn -0.7745 -0.2490 0.5814
vn 0.0045 -0.9576 0.2882
vn 0.0045 -0.9576 0.2882
vn 0.0045 -0.9576 0.2882
vn 0.3405 0.3348 0.8786
vn 0.3405 0.3348 0.8786
vn -0.5608 0.3213 -0.7631
vn -0.8412 0.5058 -0.1910
vn -0.8412 0.5058 -0.1910
vn -0.7556 0.3826 0.5316
vn -0.7556 0.3826 0.5316
vn -0.8388 0.5215 0.1564
vn -0.8431 -0.5376 -0.0121
vn -0.3598 -0.6277 0.6904
vn -0.3598 -0.6277 0.6904
vn 0.2459 -0.0654 0.9671
vn 0.2459 -0.0654 0.9671
vn -0.6256 0.6376 -0.4495
vn -0.6256 0.6376 -0.4495
vn -0.3533 -0.0359 0.9348
vn -0.4948 -0.8349 0.2412
vn -0.7962 0.2528 0.5497
vn -0.7962 0.2528 0.5497
vn -0.4589 0.8825 0.1027
vn 0.0634 0.9530 0.2961
vn 0.0634 0.9530 0.2961
vn -0.9982 0.0602 -0.0013
vn -0.7653 -0.5830 0.2729
vn -0.7653 -0.5830 0.2729
vn -0.7653 -0.5830 0.2729
vn -0.8672 -0.1806 -0.4640
vn -0.8672 -0.1806 -0.4640
vn -0.2907 0.2925 -0.9110
vn -0.2907 0.2925 -0.9110
vn -0.2907 0.2925 -0.9110
vn -0.9965 0.0812 -0.0178
vn -0.3965 0.8167 -0.4193
vn -0.3965 0.8167 -0.4193
vn -0.2795 -0.1761 -0.9439
vn -0.2795 -0.1761 -0.9439
vn -0.6986 0.2832 -0.6571
vn -0.6986 0.2832 -0.6571
vn -0.1002 -0.7960 -0.5969
vn -0.1002 -0.7960 -0.5969
vn -0.1002 -0.7960 -0.5969
vn 0.2597 0.7756 0.5753
vn 0.2597 0.7756 0.5753
vn 0.2597 0.7756 0.5753
vn 0.0384 0.3960 0.9175
vn -0.6162 0.3746 0.6928
vn -0.7791 0.3003 -0.5503
vn -0.7791 0.3003 -0.5503
vn -0.5482 0.1113 -0.8289
vn -0.5482 0.1113 -0.8289
vn -0.8119 0.5100 -0.2841
vn -0.8119 0.5100 -0.2841
vn -0.6818 -0.5286 0.5056
vn -0.6818 -0.5286 0.5056
vn -0.7067 0.3424 0.6192
vn -0.7067 0.3424 0.6192
vn -0.8875 0.3946 0.2380
vn -0.8875 0.3946 0.2380
vn -0.7205 -0.2509 0.6465
vn -0.7205 -0.2509 0.6465
vn -0.2890 0.4949 0.8195
vn -0.2890 0.4949 0.8195
vn -0.2890 0.4949 0.8195
vn 0.4790 -0.8751 0.0697
vn 0.4790 -0.8751 0.0697
vn 0.4830 0.1431 0.8639
vn 0.4830 0.1431 0.8639
vn 0.4830 0.1431 0.8639
vn 0.4830 0.1431 0.8639
vn -0.1201 -0.4315 -0.8941
vn -0.1201 -0.4315 -0.8941
vn -0.4416 0.2092 -0.8725
vn -0.4414 -0.5580 0.7027
vn -0.4414 -0.5580 0.7027
vn -0.0780 -0.6619 0.7456
vn -0.0780 -0.6619 0.7456
vn -0.0780 -0.6619 0.7456
vn -0.0780 -0.6619 0.7456
vn -0.9282 0.1093 -0.3557
vn -0.9282 0.1093 -0.3557
vn -0.9131 0.4076 0.0062
vn -0.8430 0.0682 -0.5335
vn -0.8430 0.0682 -0.5335
vn -0.9100 -0.1433 0.3890
vn -0.9100 -0.1433 0.3890
vn -0.9100 -0.1433 0.3890
vn -0.2598 -0.0157 0.9655
vn -0.2598 -0.0157 0.9655
vn -0.4090 -0.4615 0.7872
vn -0.4090 -0.4615 0.7872
vn -0.0000 0.0000 0.0000
vn -0.0000 0.0000 0.0000
vn 0.7273 0.6324 0.2666
vn 0.7273 0.6324 0.2666
vn 0.8602 0.0859 0.5027
vn 0.8602 0.0859 0.5027
vn 0.8602 0.0859 0.5027
vn 0.2386 0.1918 -0.9520
vn 0.2386 0.1918 -0.9520
vn 0.2386 0.1918 -0.9520
vn -0.1666 0.2333 -0.9580
vn -0.1666 0.2333 -0.9580
vn -0.7651 0.0211 -0.6436
vn -0.7916 -0.3660 -0.4893
vn -0.0462 -0.8273 0.5598
vn -0.0462 -0.8273 0.5598
vn -0.8583 0.5037 0.0982
vn -0.9234 0.0925 -0.3725
vn -0.9234 0.0925 -0.3725
vn -0.9234 0.0925 -0.3725
vn 0.5309 -0.6305 0.5662
vn 0.5309 -0.6305 0.5662
vn -0.9357 0.2033 -0.2882
vn -0.9154 0.1572 0.3706
vn -0.5198 -0.8516 -0.0675
vn -0.5198 -0.8516 -0.0675
vn -0.5198 -0.8516 -0.0675
vn -0.7887 0.2215 0.5734
vn -0.7887 0.2215 0.5734
vn -0.7887 0.2215 0.5734
vn -0.4148 0.9067 -0.0769
vn -0.4148 0.9067 -0.0769
vn -0.4148 0.9067 -0.0769
vn -0.9032 -0.4292 -0.0047
vn -0.9032 -0.4292 -0.0047
vn -0.9032 -0.4292 -0.0047
vn -0.7686 -0.5403 0.3425
vn -0.7686 -0.5403 0.3425
vn 0.8604 -0.4146 0.2964
vn 0.8604 -0.4146 0.2964
vn 0.1158 -0.1194 0.9861
vn 0.1158 -0.1194 0.9861
vn -0.0119 0.7579 -0.6522
vn -0.0119 0.7579 -0.6522
vn -0.0119 0.7579 -0.6522
vn 0.0485 -0.4351 0.8991
vn -0.6775 0.5304 0.5096
vn -0.6775 0.5304 0.5096
vn -0.2890 -0.1326 -0.9481
vn -0.9666 0.2207 -0.1302
vn -0.9666 0.2207 -0.1302
vn -0.9666 0.2207 -0.1302
vn -0.9666 0.2207 -0.1302
vn -0.4992 -0.4236 -0.7559
vn -0.5786 0.1679 0.7982
vn 0.0477 0.7090 -0.7036
vn 0.0477 0.7090 -0.7036
vn 0.0477 0.7090 -0.7036
vn -0.0219 -0.7492 0.6620
vn -0.0219 -0.7492 0.6620
vn -0.0940 0.0951 0.9910
vn -0.5393 -0.4243 -0.7274
vn -0.5393 -0.4243 -0.7274
vn -0.7600 0.6489 -0.0373
vn -0.7600 0.6489 -0.0373
vn -0.7600 0.6489 -0.0373
vn -0.7600 0.6489 -0.0373
vn -0.9859 0.0840 -0.1448
vn -0.7979 0.4082 0.4435
vn -0.7979 0.4082 0.4435
vn -0.7979 0.4082 0.4435
vn -0.8289 0.5238 0.1964
vn -0.8289 0.5238 0.1964
vn -0.5836 0.7844 0.2102
vn -0.5836 0.7844 0.2102
vn -0.7088 0.7048 0.0277
vn -0.7088 0.7048 0.0277
vn -0.7088 0.7048 0.0277
vn -0.4196 0.8839 0.2064
vn -0.7265 0.3950 0.5623
vn -0.7265 0.3950 0.5623
vn -0.4865 -0.8735 0.0194
vn -0.4865 -0.8735 0.0194
vn 0.4871 -0.8732 0.0184
vn 0.4871 -0.8732 0.0184
vn 0.1388 0.1782 -0.9742
vn -0.6427 -0.4766 -0.5998
vn -0.6427 -0.4766 -0.5998
vn -0.7660 0.0803 -0.6378
vn -0.7660 0.0803 -0.6378
vn 0.4522 -0.5916 0.6675
vn 0.5487 -0.7912 0.2702
vn 0.3088 -0.4362 0.8452
vn 0.3088 -0.4362 0.8452
vn -0.8958 -0.0885 0.4357
vn -0.8958 -0.0885 0.4357
vn -0.9880 0.1358 0.0732
vn -0.8724 0.1963 0.4477
vn -0.8724 0.1963 0.4477
vn -0.4036 -0.4308 -0.8072
vn -0.4036 -0.4308 -0.8072
vn 0.0499 -0.2345 -0.9708
vn 0.0499 -0.2345 -0.9708
vn -0.4703 -0.0513 0.8810
vn -0.4703 -0.0513 0.8810
vn -0.4703 -0.0513 0.8810
vn -0.4703 -0.0513 0.8810
vn 0.1150 0.1395 -0.9835
vn 0.3202 0.1492 -0.9355
vn 0.3202 0.1492 -0.9355
vn 0.3790 0.8391 -0.3903
vn 0.3790 0.8391 -0.3903
vn -0.7462 -0.2994 -0.5946
vn -0.7462 -0.2994 -0.5946
vn 0.0410 0.2445 -0.9688
vn -0.4227 0.3101 0.8516
vn -0.4227 0.3101 0.8516
vn -0.4793 -0.1060 0.8712
vn -0.6926 0.2243 -0.6856
vn -0.6926 0.2243 -0.6856
vn -0.6926 0.2243 -0.6856
vn -0.3999 0.1107 -0.9098
vn -0.3999 0.1107 -0.9098
vn -0.8553 0.1971 0.4791
vn -0.8189 0.4413 0.3670
vn -0.8189 0.4413 0.3670
vn -0.5692 0.8199 -0.0611
vn -0.5692 0.8199 -0.0611
vn -0.5692 0.8199 -0.0611
vn -0.2930 0.5933 0.7498
vn -0.2930 0.5933 0.7498
vn -0.0276 0.8033 0.5949
vn 0.5748 -0.5923 0.5646
vn 0.5748 -0.5923 0.5646
vn 0.5748 -0.5923 0.5646
vn 0.5748 -0.5923 0.5646
vn 0.7538 -0.2694 0.5994
vn 0.3577 -0.7182 0.5969
vn 0.3577 -0.7182 0.5969
vn 0.3577 -0.7182 0.5969
vn -0.2428 -0.6300 -0.7377
vn -0.2428 -0.6300 -0.7377
vn -0.2428 -0.6300 -0.7377
vn -0.1050 0.1246 0.9866
vn -0.1050 0.1246 0.9866
vn -0.8255 0.2026 -0.5268
vn -0.7638 0.5752 0.2929
vn 0.0727 -0.8146 -0.5754
vn -0.5752 0.2268 0.7860
vn -0.5752 0.2268 0.7860
vn -0.5752 0.2268 0.7860
vn -0.6584 -0.7498 0.0651
vn -0.6584 -0.7498 0.0651
vn 0.9366 0.1032 0.3349
vn 0.9366 0.1032 0.3349
vn 0.0640 0.4740 -0.8782
vn 0.7645 -0.5224 0.3776
vn 0.7645 -0.5224 0.3776
vn -0.9845 -0.1379 -0.1083
vn -0.9845 -0.1379 -0.1083
vn -0.9015 -0.2171 0.3744
vn -0.9015 -0.2171 0.3744
vn -0.9015 -0.2171 0.3744
vn -0.7254 0.3639 0.5842
vn -0.7254 0.3639 0.5842
vn -0.0009 -0.7075 -0.7067
vn -0.0009 -0.7075 -0.7067
vn -0.0009 -0.7075 -0.7067
vn -0.4325 -0.4486 0.7821
vn -0.4325 -0.4486 0.7821
vn -0.4526 0.1584 -0.8776
vn -0.4526 0.1584 -0.8776
vn -0.4526 0.1584 -0.8776
vn -0.8558 0.4681 -0.2201
vn -0.8558 0.4681 -0.2201
vn -0.8558 0.4681 -0.2201
vn -0.8558 0.4681 -0.2201
vn -0.8558 0.4681 -0.2201
vn -0.7882 0.5115 -0.3422
vn -0.6335 0.3679 -0.6807
vn -0.6335 0.3679 -0.6807
vn 0.2921 0.1427 -0.9457
vn 0.2921 0.1427 -0.9457
vn 0.6925 0.0402 0.7203
vn 0.6925 0.0402 0.7203
vn 0.3426 -0.2196 0.9134
vn -0.6452 -0.3269 -0.6905
vn -0.6452 -0.3269 -0.6905
vn -0.6452 -0.3269 -0.6905
vn -0.7409 0.1341 -0.6581
vn -0.7409 0.1341 -0.6581
vn -0.3906 0.5790 0.7157
vn -0.3906 0.5790 0.7157
vn -0.3906 0.5790 0.7157
vn -0.4819 -0.0778 -0.8728
vn -0.4819 -0.0778 -0.8728
vn -0.8659 0.4670 -0.1793
vn 0.7159 -0.6885 0.1157
vn -0.6546 0.7480 -0.1097
vn -0.6546 0.7480 -0.1097
vn -0.6546 0.7480 -0.1097
vn -0.4549 0.8844 -0.1039
vn -0.4549 0.8844 -0.1039
vn -0.4549 0.8844 -0.1039
vn -0.6433 0.1742 0.7455
vn -0.6433 0.1742 0.7455
vn -0.3325 0.7849 0.5228
vn -0.3325 0.7849 0.5228
vn -0.7840 -0.0637 0.6175
vn -0.7258 0.3335 0.6017
vn -0.7258 0.3335 0.6017
vn 0.9128 -0.1993 -0.3564
vn 0.9128 -0.1993 -0.3564
vn 0.9128 -0.1993 -0.3564
vn 0.8675 -0.1930 0.4585
vn 0.8675 -0.1930 0.4585
vn 0.6304 -0.1590 0.7598
vn 0.6304 -0.1590 0.7598
vn 0.9138 0.1361 -0.3827
vn 0.9138 0.1361 -0.3827
vn 0.0000 0.0000 0.0000
vn 0.0000 0.0000 0.0000
vn -0.6394 0.5354 0.5519
vn -0.6394 0.5354 0.5519
vn -0.2048 -0.4622 0.8628
vn -0.2048 -0.4622 0.8628
vn -0.3001 0.0720 -0.9512
vn -0.3001 0.0720 -0.9512
vn -0.3001 0.0720 -0.9512
vn -0.3001 0.0720 -0.9512
vn -0.3001 0.0720 -0.9512
vn -0.4009 0.0288 -0.9157
vn -0.4009 0.0288 -0.9157
vn -0.4009 0.0288 -0.9157
vn -0.4009 0.0288 -0.9157
vn -0.4009 0.0288 -0.9157
vn -0.3447 0.8673 0.3591
vn -0.3447 0.8673 0.3591
vn -0.6476 0.6310 -0.4271
vn -0.6476 0.6310 -0.4271
vn -0.6476 0.6310 -0.4271
vn -0.6476 0.6310 -0.4271
vn -0.0635 0.7187 0.6924
vn -0.0635 0.7187 0.6924
vn -0.5602 -0.7159 -0.4166
vn -0.5602 -0.7159 -0.4166
vn -0.5602 -0.7159 -0.4166
vn -0.5602 -0.7159 -0.4166
vn -0.5602 -0.7159 -0.4166
vn -0.5602 -0.7159 -0.4166
vn -0.5602 -0.7159 -0.4166
vn -0.5602 -0.7159 -0.4166
vn 0.1294 0.9148 0.3825
vn 0.1294 0.9148 0.3825
vn -0.5354 0.8413 -0.0751
vn -0.5354 0.8413 -0.0751
vn 0.2751 0.9381 -0.2106
vn 0.2751 0.9381 -0.2106
vn 0.5460 -0.7085 0.4470
vn 0.5460 -0.7085 0.4470
vn 0.0000 0.0000 0.0000
vn 0.0000 0.0000 0.0000
vn -0.3203 0.5781 0.7505
vn -0.3203 0.5781 0.7505
vn -0.3203 0.5781 0.7505
vn -0.3203 0.5781 0.7505
vn -0.1818 0.7705 0.6110
vn -0.1818 0.7705 0.6110
vn -0.8254 0.3194 -0.4655
vn -0.7050 0.0036 -0.7092
vn -0.7050 0.0036 -0.7092
vn -0.6525 0.2490 -0.7157
vn -0.6525 0.2490 -0.7157
vn -0.8028 0.5264 0.2800
vn -0.8028 0.5264 0.2800
vn -0.8028 0.5264 0.2800
vn -0.8028 0.5264 0.2800
vn -0.4661 -0.7843 0.4094
vn -0.4661 -0.7843 0.4094
vn -0.4661 -0.7843 0.4094
vn -0.1238 -0.4633 -0.8775
vn -0.1238 -0.4633 -0.8775
vn 0.1901 -0.7115 -0.6765
vn 0.9866 0.0098 0.1630
vn 0.7704 -0.3091 0.5576
vn 0.7704 -0.3091 0.5576
vn -0.4345 0.3135 -0.8443
vn -0.4345 0.3135 -0.8443
vn -0.3258 0.0873 -0.9414
vn -0.6560 -0.3158 0.6855
vn -0.6560 -0.3158 0.6855
vn -0.3565 0.4884 -0.7965
vn -0.3565 0.4884 -0.7965
vn -0.3565 0.4884 -0.7965
vn -0.3565 0.4884 -0.7965
vn -0.3565 0.4884 -0.7965
vn -0.3565 0.4884 -0.7965
vn -0.6065 0.7556 0.2473
vn -0.6065 0.7556 0.2473
vn -0.8944 -0.3737 0.2456
vn -0.3193 -0.2891 -0.9025
vn -0.3193 -0.2891 -0.9025
vn -0.9646 -0.1109 0.2393
vn -0.9799 0.1045 0.1697
vn -0.9799 0.1045 0.1697
vn -0.8841 -0.1019 0.4561
vn -0.8841 -0.1019 0.4561
vn -0.9553 0.2261 0.1905
vn -0.9553 0.2261 0.1905
vn -0.9597 0.1812 -0.2148
vn -0.9597 0.1812 -0.2148
vn -0.9760 -0.1424 -0.1649
vn -0.9760 -0.1424 -0.1649
vn 0.0000 0.0000 0.0000
vn 0.0000 0.0000 0.0000
vn -0.9029 0.2415 -0.3557
vn -0.9029 0.2415 -0.3557
vn -0.6287 0.7623 0.1535
vn -0.6287 0.7623 0.1535
vn 0.8873 0.4574 -0.0597
vn 0.8873 0.4574 -0.0597
vn 0.9189 -0.3893 -0.0631
vn 0.8236 -0.3125 -0.4732
vn 0.9857 -0.1648 -0.0340
vn 0.8763 -0.2385 0.4185
vn 0.6811 0.5408 -0.4936
vn 0.6811 0.5408 -0.4936
vn 0.8765 0.0434 -0.4794
vn 0.8765 0.0434 -0.4794
vn 0.8862 -0.0089 0.4632
vn 0.6037 -0.7927 -0.0847
vn 0.6037 -0.7927 -0.0847
vn 0.6037 -0.7927 -0.0847
vn -0.2256 -0.7450 -0.6277
vn -0.2256 -0.7450 -0.6277
vn -0.1192 -0.4232 0.8981
vn -0.1192 -0.4232 0.8981
vn -0.7166 -0.2215 -0.6614
vn -0.0673 -0.9740 0.2165
vn -0.0673 -0.9740 0.2165
vn -0.7674 -0.0579 -0.6386
vn -0.7953 -0.5961 0.1101
vn -0.7953 -0.5961 0.1101
vn -0.7953 -0.5961 0.1101
vn -0.9679 0.0620 0.2435
vn -0.9679 0.0620 0.2435
vn -0.9679 0.0620 0.2435
vn 0.0908 -0.9948 0.0470
vn 0.0908 -0.9948 0.0470
vn 0.0908 -0.9948 0.0470
vn 0.0908 -0.9948 0.0470
vn 0.0908 -0.9948 0.0470
vn -0.3255 0.4383 0.8378
vn -0.3255 0.4383 0.8378
vn -0.1209 0.2268 0.9664
vn -0.1209 0.2268 0.9664
vn -0.6662 0.5175 0.5370
vn -0.6662 0.5175 0.5370
vn -0.6662 0.5175 0.5370
vn -0.7579 0.3422 -0.5554
vn -0.7579 0.3422 -0.5554
vn -0.6250 0.1877 0.7577
vn -0.6250 0.1877 0.7577
vn -0.4169 0.6727 0.6113
vn -0.4169 0.6727 0.6113
vn -0.4169 0.6727 0.6113
vn -0.4169 0.6727 0.6113
vn -0.9862 -0.0006 -0.1656
vn -0.9862 -0.0006 -0.1656
vn -0.0595 -0.2313 0.9711
vn -0.4445 0.6355 0.6313
vn -0.4445 0.6355 0.6313
vn -0.1553 0.4744 -0.8665
vn -0.1553 0.4744 -0.8665
vn -0.1553 0.4744 -0.8665
vn -0.8532 -0.1357 0.5037
vn -0.8532 -0.1357 0.5037
vn -0.8532 -0.1357 0.5037
vn -0.6936 0.6193 -0.3681
vn -0.6936 0.6193 -0.3681
vn -0.1540 0.7894 -0.5943
vn -0.1540 0.7894 -0.5943
vn -0.1540 0.7894 -0.5943
vn 0.3567 -0.6890 -0.6309
vn 0.3567 -0.6890 -0.6309
vn 0.3567 -0.6890 -0.6309
vn -0.8179 -0.2515 0.5175
vn -0.8179 -0.2515 0.5175
vn 0.0000 0.0000 0.0000
vn 0.0000 0.0000 0.0000
vn -0.6680 -0.0136 0.7440
vn -0.6680 -0.0136 0.7440
vn -0.9699 -0.0941 0.2245
vn -0.9182 -0.3293 -0.2202
vn -0.4245 -0.3086 0.8512
vn -0.4245 -0.3086 0.8512
vn -0.9736 -0.1293 -0.1880
vn -0.8622 0.4268 0.2728
vn -0.8622 0.4268 0.2728
vn -0.8622 0.4268 0.2728
vn -0.8235 0.5194 0.2280
vn -0.8235 0.5194 0.2280
vn 0.9661 0.1941 0.1702
vn 0.9661 0.1941 0.1702
vn 0.9846 -0.0793 0.1557
vn 0.8958 -0.4239 0.1333
vn 0.8958 -0.4239 0.1333
vn 0.0000 -0.0000 0.0000
vn 0.0000 -0.0000 0.0000
vn 0.9135 -0.3062 -0.2680
vn 0.1236 -0.9789 -0.1624
vn 0.6509 -0.1274 0.7484
vn 0.6509 -0.1274 0.7484
vn 0.6509 -0.1274 0.7484
vn -0.8460 0.1313 0.5167
vn -0.8460 0.1313 0.5167
vn -0.8460 0.1313 0.5167
vn -0.8460 0.1313 0.5167
vn -0.6736 -0.1141 0.7302
vn -0.6736 -0.1141 0.7302
vn 0.1089 0.9348 0.3381
vn 0.1089 0.9348 0.3381
vn 0.1089 0.9348 0.3381
vn 0.1089 0.9348 0.3381
vn -0.6339 -0.5175 0.5748
vn -0.6339 -0.5175 0.5748
vn -0.9017 -0.4089 -0.1409
vn -0.9017 -0.4089 -0.1409
vn -0.9017 -0.4089 -0.1409
vn -0.6115 0.1839 0.7696
vn -0.6115 0.1839 0.7696
vn -0.6115 0.1839 0.7696
vn -0.6115 0.1839 0.7696
vn -0.2758 0.0690 -0.9587
vn -0.0021 -0.6263 0.7796
vn -0.0021 -0.6263 0.7796
vn -0.0021 -0.6263 0.7796
vn -0.8629 -0.5013 -0.0650
vn -0.8629 -0.5013 -0.0650
vn -0.8838 -0.0888 0.4593
vn -0.8838 -0.0888 0.4593
vn -0.7290 -0.4634 0.5039
vn -0.9215 -0.1524 0.3573
vn -0.9177 0.1095 -0.3819
vn -0.9177 0.1095 -0.3819
vn -0.8975 0.2640 -0.3533
vn -0.8975 0.2640 -0.3533
vn -0.9142 0.1778 0.3641
vn -0.9142 0.1778 0.3641
vn -0.7711 0.0202 -0.6363
vn -0.7711 0.0202 -0.6363
vn -0.9480 0.3167 -0.0326
vn -0.9480 0.3167 -0.0326
vn 0.9636 -0.2532 0.0858
vn 0.8791 0.3636 -0.3081
vn -0.0337 -0.0195 0.9992
vn -0.8101 -0.5211 -0.2685
vn -0.8101 -0.5211 -0.2685
vn -0.8259 0.2491 -0.5057
vn 0.3675 0.3328 0.8684
vn -0.8442 0.2913 0.4500
vn -0.8442 0.2913 0.4500
vn -0.8442 0.2913 0.4500
vn -0.5695 -0.4483 0.6890
vn -0.5695 -0.4483 0.6890
vn -0.5695 -0.4483 0.6890
vn -0.9087 0.3821 -0.1679
vn -0.9087 0.3821 -0.1679
vn -0.8833 0.2301 -0.4085
vn -0.8833 0.2301 -0.4085
vn -0.7974 0.4041 -0.4482
vn -0.3122 0.6625 0.6809
vn -0.3122 0.6625 0.6809
vn -0.3122 0.6625 0.6809
vn -0.7651 0.6029 0.2263
vn -0.7651 0.6029 0.2263
vn 0.0114 0.2671 -0.9636
vn 0.0114 0.2671 -0.9636
vn 0.3832 -0.0605 -0.9217
vn -0.6957 0.6211 -0.3609
vn -0.6957 0.6211 -0.3609
vn -0.6957 0.6211 -0.3609
vn -0.8892 -0.4449 0.1068
vn -0.2602 -0.5222 -0.8122
vn -0.2602 -0.5222 -0.8122
vn -0.0235 0.9819 -0.1878
vn -0.0235 0.9819 -0.1878
vn -0.2798 0.9350 0.2178
vn -0.2798 0.9350 0.2178
vn -0.2798 0.9350 0.2178
vn -0.9112 0.0893 0.4021
vn -0.9112 0.0893 0.4021
vn -0.6979 0.6796 0.2261
vn -0.7068 0.5495 -0.4455
vn -0.7068 0.5495 -0.4455
vn 0.9629 -0.2472 -0.1084
vn 0.1524 -0.2133 0.9650
vn 0.1524 -0.2133 0.9650
vn -0.7211 0.0877 -0.6873
vn -0.7211 0.0877 -0.6873
vn -0.0940 -0.8225 0.5609
vn -0.0940 -0.8225 0.5609
vn -0.0940 -0.8225 0.5609
vn -0.0940 -0.8225 0.5609
vn -0.0940 -0.8225 0.5609
vn -0.9749 -0.0870 -0.2052
vn -0.9749 -0.0870 -0.2052
vn -0.9749 -0.0870 -0.2052
vn -0.9749 -0.0870 -0.2052
vn -0.9749 -0.0870 -0.2052
vn -0.7004 0.6133 0.3652
vn -0.7004 0.6133 0.3652
vn -0.7004 0.6133 0.3652
vn -0.7004 0.6133 0.3652
vn 0.8094 0.4546 0.3717
vn 0.8094 0.4546 0.3717
vn 0.8094 0.4546 0.3717
vn -0.7701 -0.5163 -0.3747
vn -0.8646 -0.4859 0.1279
vn -0.8646 -0.4859 0.1279
vn -0.8646 -0.4859 0.1279
vn -0.8646 -0.4859 0.1279
vn -0.8485 -0.2043 0.4881
vn -0.8485 -0.2043 0.4881
vn -0.8485 -0.2043 0.4881
vn -0.4792 -0.3920 0.7853
vn -0.4792 -0.3920 0.7853
vn -0.3164 -0.1972 -0.9279
vn -0.3164 -0.1972 -0.9279
vn -0.3307 0.3644 -0.8706
vn -0.3307 0.3644 -0.8706
vn 0.3107 -0.7321 0.6062
vn 0.3107 -0.7321 0.6062
vn 0.3107 -0.7321 0.6062
vn 0.3107 -0.7321 0.6062
vn -0.0315 0.9730 -0.2286
vn -0.0315 0.9730 -0.2286
vn -0.0315 0.9730 -0.2286
vn 0.4347 0.8337 0.3407
vn 0.4347 0.8337 0.3407
vn 0.2120 0.7963 -0.5665
vn 0.2120 0.7963 -0.5665
vn 0.2120 0.7963 -0.5665
vn 0.1284 -0.6295 -0.7664
vn 0.1284 -0.6295 -0.7664
vn -0.8967 0.4421 -0.0239
vn -0.8967 0.4421 -0.0239
vn -0.4670 0.4883 0.7372
vn -0.4670 0.4883 0.7372
vn -0.4670 0.4883 0.7372
vn -0.9499 0.1518 0.2733
vn -0.8102 -0.4686 0.3520
vn -0.8102 -0.4686 0.3520
vn -0.1967 0.1174 -0.9734
vn -0.1967 0.1174 -0.9734
vn -0.1492 0.6219 -0.7688
vn -0.1492 0.6219 -0.7688
vn 0.9607 -0.2189 -0.1704
vn 0.9607 -0.2189 -0.1704
vn 0.9607 -0.2189 -0.1704
vn 0.7040 -0.1074 0.7020
vn 0.7040 -0.1074 0.7020
vn 0.0699 0.8341 0.5472
vn -0.9351 -0.3035 0.1829
vn -0.8072 -0.1913 0.5583
vn -0.9384 -0.0247 0.3445
vn -0.5498 0.0230 -0.8350
vn -0.5498 0.0230 -0.8350
vn -0.8690 -0.3059 -0.3889
vn -0.8690 -0.3059 -0.3889
vn -0.9639 -0.1414 0.2257
vn -0.9069 -0.2497 0.3394
vn -0.8311 0.2492 -0.4972
vn -0.6732 0.6329 0.3824
vn -0.6732 0.6329 0.3824
vn -0.6732 0.6329 0.3824
vn 0.0000 0.0000 -0.0000
vn 0.0000 0.0000 -0.0000
vn 0.0000 -0.0000 0.0000
vn 0.0000 -0.0000 0.0000
vn -0.7043 0.7045 -0.0868
vn -0.7043 0.7045 -0.0868
vn -0.8613 0.5044 0.0607
vn -0.5618 0.7846 -0.2622
vn -0.5618 0.7846 -0.2622
vn 0.9222 -0.1175 -0.3683
vn 0.9222 -0.1175 -0.3683
vn 0.9222 -0.1175 -0.3683
vn -0.6401 0.4031 -0.6540
vn -0.6401 0.4031 -0.6540
vn -0.8384 0.2133 0.5016
vn -0.6320 0.2021 -0.7481
vn -0.6320 0.2021 -0.7481
vn -0.7192 0.5143 0.4671
vn -0.7192 0.5143 0.4671
vn -0.7175 -0.0843 -0.6914
vn -0.4255 -0.2080 -0.8807
vn -0.7991 -0.4919 -0.3458
vn -0.7991 -0.4919 -0.3458
vn -0.7991 -0.4919 -0.3458
vn -0.4979 -0.0606 0.8651
vn -0.4979 -0.0606 0.8651
vn -0.4979 -0.0606 0.8651
vn -0.4979 -0.0606 0.8651
vn -0.8021 -0.5282 -0.2786
vn -0.8021 -0.5282 -0.2786
vn -0.8021 -0.5282 -0.2786
vn -0.8977 -0.1782 0.4030
vn -0.8977 -0.1782 0.4030
vn 0.9799 -0.0035 -0.1993
vn 0.9799 -0.0035 -0.1993
vn 0.9799 -0.0035 -0.1993
vn 0.2772 0.4175 0.8654
vn 0.2772 0.4175 0.8654
vn 0.2772 0.4175 0.8654
vn -0.0674 0.2205 -0.9731
vn -0.0674 0.2205 -0.9731
vn -0.0674 0.2205 -0.9731
vn -0.0674 0.2205 -0.9731
vn -0.0674 0.2205 -0.9731
vn -0.2161 0.8858 0.4107
vn -0.7783 -0.4855 0.3983
vn -0.4767 0.1421 0.8675
vn -0.4767 0.1421 0.8675
vn -0.8269 -0.1384 0.5451
vn -0.7621 0.0981 -0.6400
vn -0.7621 0.0981 -0.6400
vn -0.7621 0.0981 -0.6400
vn -0.6325 0.2862 0.7198
vn -0.6325 0.2862 0.7198
vn -0.7643 0.6365 0.1038
vn -0.7643 0.6365 0.1038
vn -0.7643 0.6365 0.1038
vn -0.7681 0.6312 0.1075
vn -0.7681 0.6312 0.1075
vn -0.8026 0.5877 -0.1028
vn -0.4340 0.8998 -0.0446
vn -0.4340 0.8998 -0.0446
vn -0.4340 0.8998 -0.0446
vn -0.4340 0.8998 -0.0446
vn -0.4340 0.8998 -0.0446
vn -0.4340 0.8998 -0.0446
vn -0.8447 -0.4653 0.2646
vn -0.8447 -0.4653 0.2646
vn -0.8447 -0.4653 0.2646
vn -0.8447 -0.4653 0.2646
vn -0.8447 -0.4653 0.2646
vn -0.8501 -0.4730 0.2314
vn -0.8501 -0.4730 0.2314
vn -0.0000 0.0000 0.0000
vn -0.0000 0.0000 0.0000
vn 0.0777 -0.9434 -0.3225
vn 0.0000 0.0000 0.0000
vn 0.0000 0.0000 0.0000
vn -0.4113 -0.4977 -0.7637
vn -0.4113 -0.4977 -0.7637
vn -0.4113 -0.4977 -0.7637
vn -0.4113 -0.4977 -0.7637
vn 0.0590 0.6150 0.7863
vn 0.0590 0.6150 0.7863
vn -0.8605 0.3301 0.3880
vn -0.8919 0.1786 0.4154
vn -0.9279 0.0856 0.3630
vn -0.7869 -0.1995 0.5840
vn -0.8305 0.3753 -0.4115
vn -0.6944 -0.0282 -0.7190
vn -0.6944 -0.0282 -0.7190
vn -0.9367 0.1543 -0.3143
vn -0.4038 0.6380 -0.6557
vn -0.4038 0.6380 -0.6557
vn -0.7683 0.4149 -0.4874
vn -0.7683 0.4149 -0.4874
vn -0.8621 0.1278 -0.4904
vn -0.8621 0.1278 -0.4904
vn -0.0300 0.9120 0.4091
vn -0.0300 0.9120 0.4091
vn -0.7484 0.5964 0.2901
vn -0.7484 0.5964 0.2901
vn -0.7484 0.5964 0.2901
vn -0.7596 0.1944 0.6206
vn -0.7596 0.1944 0.6206
vn -0.9617 -0.0045 -0.2739
vn -0.9577 -0.0275 0.2865
vn -0.9486 0.0886 0.3038
vn -0.8776 -0.2295 0.4208
vn -0.6542 -0.4759 -0.5879
vn -0.6542 -0.4759 -0.5879
vn -0.5228 -0.5134 0.6805
vn -0.5228 -0.5134 0.6805
vn -0.9460 0.2645 -0.1873
vn -0.9460 0.2645 -0.1873
vn -0.9460 0.2645 -0.1873
vn -0.4585 -0.1323 0.8788
vn -0.7732 0.0088 -0.6340
vn 0.1511 0.1227 0.9809
vn 0.1511 0.1227 0.9809
vn -0.1386 -0.6003 -0.7877
vn -0.1386 -0.6003 -0.7877
vn -0.1893 0.7421 -0.6429
vn -0.1893 0.7421 -0.6429
vn -0.1893 0.7421 -0.6429
vn -0.1893 0.7421 -0.6429
vn -0.1893 0.7421 -0.6429
vn -0.5236 -0.4495 0.7237
vn -0.5236 -0.4495 0.7237
vn -0.8610 0.1524 -0.4853
vn -0.8610 0.1524 -0.4853
vn -0.8008 0.1514 -0.5794
vn -0.6235 0.5731 -0.5318
vn -0.6235 0.5731 -0.5318
vn 0.3019 -0.3888 -0.8704
vn 0.3019 -0.3888 -0.8704
vn 0.3019 -0.3888 -0.8704
vn 0.3019 -0.3888 -0.8704
vn -0.9317 -0.2499 -0.2637
vn -0.9317 -0.2499 -0.2637
vn 0.1084 -0.1711 0.9793
vn -0.7186 -0.0755 -0.6913
vn -0.6787 -0.7087 0.1928
vn -0.6787 -0.7087 0.1928
vn -0.7431 -0.2269 -0.6295
vn -0.7431 -0.2269 -0.6295
vn 0.2227 0.3479 0.9107
vn 0.2227 0.3479 0.9107
vn -0.7517 0.1315 0.6463
vn -0.7517 0.1315 0.6463
vn -0.8184 0.5392 0.1985
vn -0.4670 -0.3829 -0.7971
vn -0.4670 -0.3829 -0.7971
vn -0.6064 0.3679 0.7049
vn -0.5776 0.5655 -0.5888
vn 0.1683 0.9402 0.2960
vn 0.1683 0.9402 0.2960
vn 0.1683 0.9402 0.2960
vn 0.1683 0.9402 0.2960
vn 0.1761 0.4118 0.8941
vn 0.1761 0.4118 0.8941
vn 0.1761 0.4118 0.8941
vn -0.1423 0.2468 -0.9586
vn -0.1423 0.2468 -0.9586
vn -0.1423 0.2468 -0.9586
vn -0.1423 0.2468 -0.9586
vn 0.1477 0.8527 0.5011
vn -0.8398 -0.5417 -0.0360
vn -0.6399 -0.6730 -0.3708
vn -0.6399 -0.6730 -0.3708
vn -0.6399 -0.6730 -0.3708
vn -0.6399 -0.6730 -0.3708
vn -0.6399 -0.6730 -0.3708
vn -0.6063 -0.6519 -0.4554
vn -0.6063 -0.6519 -0.4554
vn -0.6564 -0.2067 -0.7255
vn -0.6564 -0.2067 -0.7255
vn -0.6243 -0.0469 -0.7798
vn -0.6243 -0.0469 -0.7798
vn -0.6978 0.2027 -0.6871
vn -0.6978 0.2027 -0.6871
vn -0.8024 -0.0780 -0.5917
vn -0.5473 0.6678 -0.5045
vn -0.5473 0.6678 -0.5045
vn -0.8092 0.5851 -0.0528
vn -0.8092 0.5851 -0.0528
vn -0.4815 0.8245 -0.2972
vn -0.5584 0.8096 0.1810
vn -0.5584 0.8096 0.1810
vn -0.5584 0.8096 0.1810
vn 0.2043 0.9766 -0.0664
vn 0.2043 0.9766 -0.0664
vn -0.9390 -0.3440 -0.0017
vn -0.8749 0.1160 0.4703
vn -0.8749 0.1160 0.4703
vn -0.9172 0.2599 -0.3021
vn -0.9172 0.2599 -0.3021
vn 0.0000 0.0000 0.0000
vn 0.0000 0.0000 0.0000
vn -0.7685 -0.2038 0.6065
vn -0.7685 -0.2038 0.6065
vn -0.2181 -0.1228 0.9682
vn -0.2181 -0.1228 0.9682
vn 0.7059 -0.1867 0.6833
vn 0.7059 -0.1867 0.6833
vn 0.7059 -0.1867 0.6833
vn 0.7059 -0.1867 0.6833
vn -0.6501 0.3328 -0.6831
vn 0.5798 -0.5214 0.6261
vn 0.5798 -0.5214 0.6261
vn 0.5798 -0.5214 0.6261
vn 0.1916 0.0435 -0.9805
vn 0.0747 0.3627 -0.9289
vn 0.0747 0.3627 -0.9289
vn -0.3795 -0.1366 0.9151
vn -0.9807 -0.1061 0.1643
vn -0.3577 0.8173 -0.4517
vn -0.3577 0.8173 -0.4517
vn -0.3577 0.8173 -0.4517
vn -0.8626 0.3207 0.3913
vn -0.8626 0.3207 0.3913
vn -0.8626 0.3207 0.3913
vn 0.1094 -0.7547 0.6469
vn 0.1094 -0.7547 0.6469
vn 0.1094 -0.7547 0.6469
vn -0.1760 0.0819 -0.9810
vn 0.1800 0.7039 0.6871
vn 0.0800 0.8177 -0.5700
vn -0.5821 -0.6700 -0.4608
vn -0.5821 -0.6700 -0.4608
vn -0.1991 0.6709 0.7144
vn -0.1991 0.6709 0.7144
vn -0.1991 0.6709 0.7144
vn -0.8807 -0.3625 -0.3047
vn -0.8807 -0.3625 -0.3047
vn -0.4436 -0.4082 -0.7979
vn -0.4436 -0.4082 -0.7979
vn -0.1263 0.6679 0.7334
vn -0.7546 0.1584 -0.6368
vn -0.6535 0.0902 0.7515
vn -0.6535 0.0902 0.7515
vn -0.5874 0.7405 0.3264
vn -0.5874 0.7405 0.3264
vn -0.5874 0.7405 0.3264
vn -0.5874 0.7405 0.3264
vn -0.6894 0.7189 0.0890
vn -0.6291 0.7639 0.1435
vn -0.6291 0.7639 0.1435
vn -0.5836 0.8093 0.0664
vn -0.5836 0.8093 0.0664
vn -0.1088 0.8198 -0.5622
vn -0.1088 0.8198 -0.5622
vn -0.0322 0.0378 0.9988
vn 0.4627 -0.7428 0.4839
vn 0.5806 -0.5978 0.5527
vn 0.5806 -0.5978 0.5527
vn -0.5033 0.0880 0.8596
vn 0.0772 0.2731 -0.9589
vn -0.2591 0.6674 0.6982
vn -0.2591 0.6674 0.6982
vn -0.6431 -0.3679 0.6716
vn -0.6431 -0.3679 0.6716
vn -0.8194 0.3508 0.4533
vn -0.8194 0.3508 0.4533
vn -0.8194 0.3508 0.4533
vn -0.0830 0.8856 -0.4569
vn -0.0830 0.8856 -0.4569
vn -0.7997 -0.0959 -0.5927
vn -0.8473 -0.3669 -0.3840
vn -0.8473 -0.3669 -0.3840
vn -0.8473 -0.3669 -0.3840
vn 0.8315 0.1731 0.5279
vn 0.8315 0.1731 0.5279
vn 0.1452 0.0990 0.9844
vn -0.4953 0.0927 -0.8638
vn -0.8318 -0.4865 0.2673
vn 0.0693 0.9949 0.0736
vn 0.0693 0.9949 0.0736
vn 0.0693 0.9949 0.0736
vn 0.0693 0.9949 0.0736
vn 0.0000 0.0000 0.0000
vn 0.0000 0.0000 0.0000
vn -0.4649 -0.8684 -0.1724
vn -0.4649 -0.8684 -0.1724
vn -0.4797 -0.2924 0.8273
vn -0.4797 -0.2924 0.8273
vn -0.3453 -0.4182 -0.8402
vn -0.3788 -0.1486 -0.9135
vn -0.8052 0.0927 -0.5858
vn -0.8052 0.0927 -0.5858
vn -0.6688 0.6854 0.2879
vn -0.6688 0.6854 0.2879
vn -0.6502 0.7380 0.1806
vn -0.6502 0.7380 0.1806
vn -0.7435 0.6434 -0.1826
vn -0.7435 0.6434 -0.1826
vn -0.4574 0.8885 0.0365
vn -0.4574 0.8885 0.0365
vn -0.6930 0.7159 0.0853
vn -0.6930 0.7159 0.0853
vn -0.8309 -0.3475 0.4346
vn -0.8309 -0.3475 0.4346
vn -0.9527 -0.3039 -0.0066
vn -0.5043 0.3364 0.7953
vn -0.5043 0.3364 0.7953
vn -0.5043 0.3364 0.7953
vn -0.5043 0.3364 0.7953
vn -0.5502 -0.2043 -0.8096
vn 0.6045 -0.6913 0.3957
vn 0.6045 -0.6913 0.3957
vn 0.6045 -0.6913 0.3957
vn 0.6045 -0.6913 0.3957
vn -0.2544 0.2895 0.9227
vn -0.0335 -0.9213 0.3874
vn -0.0335 -0.9213 0.3874
vn -0.0335 -0.9213 0.3874
vn -0.0335 -0.9213 0.3874
vn -0.3025 0.5278 -0.7937
vn 0.0000 0.0000 0.0000
vn 0.0000 0.0000 0.0000
vn -0.3690 -0.1815 0.9115
vn -0.3690 -0.1815 0.9115
vn 0.0000 0.0000 0.0000
vn 0.0000 0.0000 0.0000
vn -0.8008 -0.5232 0.2917
vn -0.8008 -0.5232 0.2917
vn -0.4043 -0.1397 0.9039
vn -0.4043 -0.1397 0.9039
vn 0.0000 -0.0000 -0.0000
vn 0.0000 -0.0000 -0.0000
vn 0.0374 0.5499 0.8344
vn 0.0374 0.5499 0.8344
vn 0.0374 0.5499 0.8344
vn 0.0374 0.5499 0.8344
vn 0.0374 0.5499 0.8344
vn 0.1229 0.3543 0.9270
vn -0.1806 0.3635 -0.9139
vn 0.6490 0.5196 0.5557
vn 0.6490 0.5196 0.5557
vn 0.0774 0.5065 0.8588
vn 0.0774 0.5065 0.8588
vn 0.0774 0.5065 0.8588
vn -0.9316 0.1348 0.3376
vn -0.9316 0.1348 0.3376
vn 0.0590 0.8443 -0.5325
vn 0.0590 0.8443 -0.5325
vn 0.0590 0.8443 -0.5325
vn -0.6213 -0.1700 0.7649
vn -0.6213 -0.1700 0.7649
vn -0.6213 -0.1700 0.7649
vn -0.6213 -0.1700 0.7649
vn -0.3812 -0.6192 -0.6865
vn -0.3812 -0.6192 -0.6865
vn 0.0000 0.0000 0.0000
vn 0.0000 0.0000 0.0000
vn -0.1720 0.3502 0.9207
vn -0.8130 0.3884 0.4338
vn -0.8130 0.3884 0.4338
vn -0.5231 0.8219 -0.2253
vn -0.5811 0.7974 0.1629
vn -0.5811 0.7974 0.1629
vn -0.7848 -0.4896 0.3800
vn -0.7848 -0.4896 0.3800
vn -0.2105 -0.9606 -0.1816
vn -0.6569 -0.1637 -0.7360
vn -0.6569 -0.1637 -0.7360
vn -0.6569 -0.1637 -0.7360
vn -0.6569 -0.1637 -0.7360
vn -0.8710 -0.4656 0.1567
vn -0.8710 -0.4656 0.1567
vn -0.8710 -0.4656 0.1567
vn -0.2411 -0.1663 0.9562
vn -0.2411 -0.1663 0.9562
vn -0.3949 -0.1624 -0.9043
vn -0.3949 -0.1624 -0.9043
vn -0.0320 -0.8127 0.5818
vn -0.0320 -0.8127 0.5818
vn 0.5018 -0.7822 0.3693
vn 0.5018 -0.7822 0.3693
vn 0.5018 -0.7822 0.3693
vn 0.2554 -0.4849 -0.8365
vn 0.2554 -0.4849 -0.8365
vn 0.2554 -0.4849 -0.8365
vn 0.2554 -0.4849 -0.8365
vn 0.4838 0.1961 -0.8529
vn 0.4838 0.1961 -0.8529
vn -0.0563 0.1950 -0.9792
vn -0.0563 0.1950 -0.9792
vn -0.0563 0.1950 -0.9792
vn 0.4642 -0.5506 0.6938
vn 0.4642 -0.5506 0.6938
vn 0.4642 -0.5506 0.6938
vn -0.0866 0.2838 0.9550
vn -0.0866 0.2838 0.9550
vn -0.3956 0.5285 0.7511
vn -0.3956 0.5285 0.7511
vn -0.7438 0.2168 0.6323
vn -0.7438 0.2168 0.6323
vn -0.3104 -0.0746 0.9477
vn -0.2176 0.2002 -0.9553
vn 0.8040 0.5628 0.1920
vn 0.8040 0.5628 0.1920
vn 0.8040 0.5628 0.1920
vn 0.8040 0.5628 0.1920
vn -0.0666 -0.4413 -0.8949
vn -0.0666 -0.4413 -0.8949
vn 0.0947 -0.6358 -0.7660
vn 0.0947 -0.6358 -0.7660
vn 0.4079 -0.1715 -0.8968
vn 0.4079 -0.1715 -0.8968
vn -0.0217 -0.2133 0.9767
vn -0.0217 -0.2133 0.9767
vn -0.0188 0.9232 -0.3838
vn -0.0188 0.9232 -0.3838
vn -0.0188 0.9232 -0.3838
vn -0.0188 0.9232 -0.3838
vn -0.0188 0.9232 -0.3838
vn 0.0761 0.9544 0.2886
vn 0.0761 0.9544 0.2886
vn -0.4226 -0.3942 -0.8161
vn -0.4940 -0.4974 0.7131
vn -0.4940 -0.4974 0.7131
vn -0.3157 -0.0342 -0.9483
vn -0.2997 -0.6352 0.7119
vn -0.2997 -0.6352 0.7119
vn -0.2997 -0.6352 0.7119
vn -0.4677 0.4390 -0.7672
vn -0.4677 0.4390 -0.7672
vn -0.4677 0.4390 -0.7672
vn -0.2213 0.2572 0.9407
vn -0.2213 0.2572 0.9407
vn -0.8884 -0.3334 0.3157
vn -0.7017 -0.7029 -0.1165
vn -0.7017 -0.7029 -0.1165
vn -0.7017 -0.7029 -0.1165
vn -0.5660 -0.2650 -0.7806
vn -0.5660 -0.2650 -0.7806
vn 0.7880 -0.2105 0.5786
vn 0.7880 -0.2105 0.5786
vn -0.0838 0.6486 -0.7565
vn 0.3355 0.4994 -0.7987
vn 0.3355 0.4994 -0.7987
vn -0.3895 0.2989 -0.8712
vn -0.3895 0.2989 -0.8712
vn 0.1562 0.9314 0.3287
vn 0.1562 0.9314 0.3287
vn 0.1416 0.5817 0.8010
vn 0.1416 0.5817 0.8010
vn 0.1050 0.3838 -0.9174
vn 0.1050 0.3838 -0.9174
vn 0.1050 0.3838 -0.9174
vn -0.7056 -0.6317 -0.3210
vn -0.7056 -0.6317 -0.3210
vn -0.8760 -0.4406 -0.1962
vn -0.8760 -0.4406 -0.1962
vn -0.6342 -0.5793 -0.5121
vn -0.6342 -0.5793 -0.5121
vn 0.4188 0.1941 0.8871
vn -0.4027 0.7119 0.5753
vn -0.4027 0.7119 0.5753
vn -0.4027 0.7119 0.5753
vn 0.0000 0.0000 0.0000
vn 0.0000 0.0000 0.0000
vn -0.5583 0.7612 -0.3301
vn -0.4635 0.8771 0.1259
vn -0.7568 -0.1250 -0.6416
vn -0.7568 -0.1250 -0.6416
vn -0.4370 -0.1497 -0.8869
vn 0.2616 -0.9561 0.1321
vn 0.9914 -0.0129 -0.1300
vn 0.9914 -0.0129 -0.1300
vn 0.9914 -0.0129 -0.1300
vn 0.9914 -0.0129 -0.1300
vn -0.3560 -0.2012 -0.9126
vn -0.3302 0.1630 0.9297
vn 0.3335 -0.8915 -0.3067
vn 0.3335 -0.8915 -0.3067
vn 0.3335 -0.8915 -0.3067
vn 0.3335 -0.8915 -0.3067
vn -0.5824 -0.5537 -0.5952
vn -0.5824 -0.5537 -0.5952
vn -0.1966 0.1946 0.9610
vn -0.5398 0.4075 0.7366
vn 0.2898 0.6627 -0.6905
vn -0.0886 0.0140 -0.9960
vn -0.5928 -0.0382 0.8045
vn -0.5928 -0.0382 0.8045
vn 0.0827 0.4936 -0.8657
vn 0.0827 0.4936 -0.8657
vn -0.6388 0.7266 0.2531
vn -0.6388 0.7266 0.2531
vn -0.6388 0.7266 0.2531
vn -0.1449 0.5576 0.8174
vn -0.1449 0.5576 0.8174
vn -0.0754 0.1285 -0.9888
vn -0.0754 0.1285 -0.9888
vn -0.6928 -0.7096 -0.1285
vn -0.6928 -0.7096 -0.1285
vn -0.4352 -0.8671 -0.2423
vn -0.4352 -0.8671 -0.2423
vn -0.5060 -0.5149 -0.6920
vn -0.5060 -0.5149 -0.6920
vn -0.6612 -0.1710 0.7304
vn -0.6612 -0.1710 0.7304
vn -0.1553 0.4469 0.8810
vn -0.3344 0.3381 0.8797
vn -0.3344 0.3381 0.8797
vn -0.4485 0.6694 -0.5922
vn -0.5310 0.7536 0.3876
vn -0.7025 0.6956 -0.1508
vn -0.7025 0.6956 -0.1508
vn -0.4921 -0.7089 -0.5053
vn -0.4921 -0.7089 -0.5053
vn -0.4921 -0.7089 -0.5053
vn -0.4921 -0.7089 -0.5053
vn -0.6804 -0.2684 -0.6820
vn -0.6804 -0.2684 -0.6820
vn -0.6804 -0.2684 -0.6820
vn -0.6804 -0.2684 -0.6820
vn -0.7681 -0.3927 0.5058
vn -0.3769 0.9256 -0.0359
vn -0.3769 0.9256 -0.0359
vn -0.7527 -0.6432 0.1404
vn -0.8553 0.4542 -0.2493
vn -0.8553 0.4542 -0.2493
vn -0.8553 0.4542 -0.2493
vn -0.8553 0.4542 -0.2493
vn -0.7156 0.6970 0.0463
vn -0.7156 0.6970 0.0463
vn -0.8623 -0.4905 0.1260
vn -0.8623 -0.4905 0.1260
vn -0.7755 -0.0361 -0.6303
vn -0.7755 -0.0361 -0.6303
vn 0.8432 -0.0410 0.5360
vn 0.8432 -0.0410 0.5360
vn -0.5896 0.0633 0.8052
vn -0.5896 0.0633 0.8052
vn -0.2111 -0.7423 -0.6359
vn -0.2111 -0.7423 -0.6359
vn -0.0706 0.1440 0.9871
vn 0.0000 0.0000 0.0000
vn 0.0000 0.0000 0.0000
vn -0.2751 0.2913 -0.9162
vn -0.2880 0.1800 0.9405
vn -0.2880 0.1800 0.9405
vn -0.6682 0.4313 0.6063
vn -0.6682 0.4313 0.6063
vn -0.4753 -0.4348 0.7649
vn -0.4753 -0.4348 0.7649
vn -0.4753 -0.4348 0.7649
vn -0.3328 -0.3037 0.8927
vn -0.1517 -0.1467 -0.9775
vn -0.1517 -0.1467 -0.9775
vn 0.6284 -0.5970 0.4987
vn 0.6284 -0.5970 0.4987
vn -0.4051 -0.1150 0.9070
vn -0.4051 -0.1150 0.9070
vn -0.6308 0.0283 0.7754
vn -0.6308 0.0283 0.7754
vn 0.0476 0.5656 -0.8233
vn 0.0476 0.5656 -0.8233
vn 0.0476 0.5656 -0.8233
vn -0.8482 0.1158 -0.5169
vn -0.8482 0.1158 -0.5169
vn 0.3256 0.9448 -0.0363
vn 0.3256 0.9448 -0.0363
vn -0.3370 -0.8663 -0.3686
vn -0.0724 0.1566 0.9850
vn -0.0724 0.1566 0.9850
vn -0.3763 0.7484 -0.5462
vn -0.8875 -0.3275 0.3241
vn -0.4318 -0.3216 0.8427
vn -0.4318 -0.3216 0.8427
vn -0.7957 -0.4558 -0.3989
vn -0.7957 -0.4558 -0.3989
vn -0.7136 0.6771 -0.1796
vn -0.7136 0.6771 -0.1796
vn -0.9856 0.1489 0.0798
vn -0.8148 0.3895 0.4294
vn -0.8148 0.3895 0.4294
vn -0.5742 0.7853 -0.2314
vn -0.5742 0.7853 -0.2314
vn -0.5742 0.7853 -0.2314
vn -0.0532 -0.3463 -0.9366
vn -0.0532 -0.3463 -0.9366
vn -0.4422 -0.0114 -0.8968
vn 0.7626 -0.3838 0.5207
vn 0.7626 -0.3838 0.5207
vn -0.3879 -0.2784 0.8786
vn -0.3879 -0.2784 0.8786
vn 0.3148 -0.0386 0.9484
vn 0.3148 -0.0386 0.9484
vn 0.3148 -0.0386 0.9484
vn 0.0505 -0.9909 -0.1247
vn 0.0505 -0.9909 -0.1247
vn -0.1749 0.6945 -0.6979
vn -0.1749 0.6945 -0.6979
vn -0.1297 0.3995 0.9075
vn -0.7854 -0.5831 0.2075
vn -0.7854 -0.5831 0.2075
vn -0.3325 -0.4114 -0.8486
vn -0.3325 -0.4114 -0.8486
vn -0.2289 -0.0281 -0.9730
vn -0.2289 -0.0281 -0.9730
vn 0.0077 0.2498 -0.9683
vn -0.4831 0.5039 0.7161
vn -0.4831 0.5039 0.7161
vn -0.5653 -0.8093 -0.1596
vn -0.5653 -0.8093 -0.1596
vn -0.5653 -0.8093 -0.1596
vn -0.8454 0.4105 -0.3417
vn -0.8454 0.4105 -0.3417
vn -0.8420 0.4303 -0.3255
vn -0.8420 0.4303 -0.3255
vn -0.8420 0.4303 -0.3255
vn -0.9118 0.1282 -0.3900
vn -0.5133 0.0804 0.8544
vn -0.5133 0.0804 0.8544
vn -0.5133 0.0804 0.8544
vn -0.0777 -0.3663 0.9272
vn -0.0777 -0.3663 0.9272
vn -0.0777 -0.3663 0.9272
vn -0.0777 -0.3663 0.9272
vn -0.8364 -0.2408 0.4924
vn -0.8364 -0.2408 0.4924
vn -0.2686 -0.2765 -0.9227
vn -0.3361 -0.3896 -0.8574
vn -0.3361 -0.3896 -0.8574
vn -0.6553 -0.6917 0.3034
vn -0.3801 -0.1438 -0.9137
vn -0.3801 -0.1438 -0.9137
vn 0.1038 0.2293 0.9678
vn 0.1038 0.2293 0.9678
vn -0.7950 -0.3981 0.4577
vn -0.7950 -0.3981 0.4577
vn -0.7950 -0.3981 0.4577
vn -0.4796 -0.2185 0.8499
vn -0.4796 -0.2185 0.8499
vn -0.3246 -0.3347 0.8847
vn -0.3004 -0.2820 -0.9112
vn -0.3004 -0.2820 -0.9112
vn -0.7848 -0.6087 -0.1166
vn -0.7848 -0.6087 -0.1166
vn 0.8802 0.3039 -0.3645
vn 0.8802 0.3039 -0.3645
vn -0.0798 -0.9784 -0.1906
vn -0.0798 -0.9784 -0.1906
vn -0.7789 0.6176 -0.1084
vn -0.7789 0.6176 -0.1084
vn 0.3246 -0.9021 0.2842
vn 0.3246 -0.9021 0.2842
vn 0.3246 -0.9021 0.2842
vn 0.4348 -0.5209 0.7346
vn 0.4348 -0.5209 0.7346
vn -0.4908 -0.4556 -0.7427
vn -0.2636 0.1561 -0.9519
vn -0.2636 0.1561 -0.9519
vn -0.1449 0.5604 -0.8155
vn -0.1449 0.5604 -0.8155
vn -0.3289 0.9347 -0.1346
vn 0.4166 0.0382 -0.9083
vn 0.4166 0.0382 -0.9083
vn 0.4166 0.0382 -0.9083
vn -0.4021 0.9142 0.0494
vn -0.4021 0.9142 0.0494
vn -0.2687 -0.1661 -0.9488
vn -0.2687 -0.1661 -0.9488
vn -0.0377 -0.1673 -0.9852
vn 0.0095 -0.9665 -0.2564
vn 0.0095 -0.9665 -0.2564
vn -0.8649 -0.4721 -0.1705
vn -0.8649 -0.4721 -0.1705
vn -0.6010 -0.7961 -0.0713
vn -0.6010 -0.7961 -0.0713
vn 0.2925 0.5441 -0.7864
vn -0.2568 0.0770 -0.9634
vn -0.0278 -0.5346 -0.8447
vn -0.1009 0.2720 0.9570
vn 0.0868 0.4337 -0.8969
vn -0.7946 -0.4405 0.4179
vn -0.7946 -0.4405 0.4179
vn -0.7946 -0.4405 0.4179
vn -0.7946 -0.4405 0.4179
vn -0.1789 -0.9077 -0.3796
vn -0.1789 -0.9077 -0.3796
vn -0.1789 -0.9077 -0.3796
vn 0.9067 -0.0760 0.4148
vn 0.9067 -0.0760 0.4148
vn 0.9067 -0.0760 0.4148
vn 0.9067 -0.0760 0.4148
vn 0.2998 0.7127 0.6341
vn 0.2998 0.7127 0.6341
vn -0.5600 -0.7197 0.4104
vn -0.5600 -0.7197 0.4104
vn -0.3745 -0.4872 0.7889
vn -0.3745 -0.4872 0.7889
vn -0.7656 -0.0856 -0.6376
vn -0.7656 -0.0856 -0.6376
vn -0.7656 -0.0856 -0.6376
vn -0.0519 0.1578 0.9861
vn -0.1448 0.2830 0.9481
vn -0.5903 0.1841 0.7859
vn -0.5532 -0.6334 -0.5412
vn -0.5532 -0.6334 -0.5412
vn 0.1224 0.6527 0.7476
vn 0.1224 0.6527 0.7476
vn -0.3839 0.3697 -0.8461
vn -0.3839 0.3697 -0.8461
vn -0.3839 0.3697 -0.8461
vn 0.0551 0.8266 0.5601
vn 0.0551 0.8266 0.5601
vn 0.4112 -0.8945 0.1754
vn 0.4112 -0.8945 0.1754
vn 0.4112 -0.8945 0.1754
vn 0.1910 0.0992 0.9766
vn 0.1910 0.0992 0.9766
vn -0.8793 -0.4626 -0.1128
vn -0.8793 -0.4626 -0.1128
vn 0.6311 -0.1830 0.7538
vn 0.6311 -0.1830 0.7538
vn -0.2220 0.2795 -0.9341
vn -0.0314 0.4297 -0.9024
vn -0.0314 0.4297 -0.9024
vn -0.6547 0.5956 0.4654
vn -0.6547 0.5956 0.4654
vn -0.6547 0.5956 0.4654
vn -0.3739 -0.0162 0.9273
vn -0.3739 -0.0162 0.9273
vn -0.0692 0.0748 -0.9948
vn -0.0692 0.0748 -0.9948
vn -0.0692 0.0748 -0.9948
vn -0.2745 -0.0791 0.9583
vn -0.5597 0.0394 0.8277
vn -0.4024 -0.6544 0.6402
vn -0.4024 -0.6544 0.6402
vn -0.6567 0.1062 0.7466
vn -0.6567 0.1062 0.7466
vn 0.5804 0.6776 0.4517
vn 0.5804 0.6776 0.4517
vn 0.2669 -0.3071 0.9135
vn 0.2669 -0.3071 0.9135
vn -0.2993 -0.6901 -0.6589
vn -0.2993 -0.6901 -0.6589
vn 0.5750 0.6125 0.5424
vn 0.5750 0.6125 0.5424
vn 0.5750 0.6125 0.5424
vn 0.5750 0.6125 0.5424
vn 0.5750 0.6125 0.5424
vn 0.3813 0.5136 -0.7686
vn 0.3255 -0.9455 -0.0048
vn 0.3255 -0.9455 -0.0048
vn 0.3255 -0.9455 -0.0048
vn 0.3255 -0.9455 -0.0048
vn -0.7966 0.0092 0.6044
vn -0.7966 0.0092 0.6044
vn -0.7966 0.0092 0.6044
vn -0.7966 0.0092 0.6044
vn -0.3401 -0.2288 -0.9121
vn -0.6855 -0.1632 -0.7095
vn -0.6855 -0.1632 -0.7095
vn -0.4288 0.5261 -0.7344
vn -0.4288 0.5261 -0.7344
vn -0.4288 0.5261 -0.7344
vn -0.3764 0.8942 0.2422
vn -0.4446 0.8850 0.1385
vn -0.4446 0.8850 0.1385
vn -0.3049 0.9308 -0.2018
vn -0.3049 0.9308 -0.2018
vn -0.3049 0.9308 -0.2018
vn -0.3063 0.3916 -0.8676
vn -0.3063 0.3916 -0.8676
vn -0.3063 0.3916 -0.8676
vn -0.1575 -0.9742 0.1614
vn 0.8257 -0.0911 0.5567
vn 0.8257 -0.0911 0.5567
vn 0.8257 -0.0911 0.5567
vn -0.5922 -0.5566 -0.5826
vn -0.5922 -0.5566 -0.5826
vn -0.3420 -0.6548 0.6741
vn -0.3420 -0.6548 0.6741
vn -0.1883 -0.7083 0.6803
vn -0.1883 -0.7083 0.6803
vn -0.1662 0.0584 -0.9844
vn -0.1662 0.0584 -0.9844
vn -0.0839 0.3187 -0.9441
vn -0.0839 0.3187 -0.9441
vn -0.3031 -0.8891 -0.3429
vn -0.3031 -0.8891 -0.3429
vn -0.5321 0.7763 -0.3379
vn -0.5321 0.7763 -0.3379
vn 0.3463 -0.9129 0.2161
vn 0.3463 -0.9129 0.2161
vn 0.1200 0.5098 -0.8519
vn 0.1200 0.5098 -0.8519
vn -0.4313 -0.4569 0.7779
vn -0.4313 -0.4569 0.7779
vn -0.5073 -0.8611 -0.0331
vn -0.5073 -0.8611 -0.0331
vn -0.8632 -0.1660 0.4767
vn -0.8632 -0.1660 0.4767
vn -0.6528 0.4970 0.5716
vn -0.7615 0.2541 0.5963
vn -0.7615 0.2541 0.5963
vn -0.9969 0.0373 -0.0686
vn -0.6965 0.4785 0.5347
vn -0.6965 0.4785 0.5347
vn -0.6965 0.4785 0.5347
vn -0.4859 -0.0147 0.8739
vn -0.4859 -0.0147 0.8739
vn 0.1647 0.7641 0.6237
vn 0.1647 0.7641 0.6237
vn -0.1821 0.9748 -0.1289
vn -0.1821 0.9748 -0.1289
vn -0.6071 0.7912 -0.0736
vn -0.6071 0.7912 -0.0736
vn 0.9873 0.0985 -0.1243
vn 0.9873 0.0985 -0.1243
vn -0.5453 -0.3918 0.7410
vn -0.5453 -0.3918 0.7410
vn -0.1781 -0.3507 -0.9194
vn -0.1781 -0.3507 -0.9194
vn -0.1244 -0.2380 -0.9633
vn -0.1244 -0.2380 -0.9633
vn 0.1575 0.1043 0.9820
vn 0.1575 0.1043 0.9820
vn 0.1575 0.1043 0.9820
vn 0.1575 0.1043 0.9820
vn -0.4259 -0.2418 -0.8719
vn -0.4259 -0.2418 -0.8719
vn 0.0544 0.1531 -0.9867
vn 0.2147 0.4027 -0.8898
vn 0.3905 0.6877 -0.6121
vn 0.3905 0.6877 -0.6121
vn -0.7840 0.5285 0.3257
vn -0.7840 0.5285 0.3257
vn -0.3676 -0.3664 0.8547
vn -0.0915 -0.8116 0.5769
vn -0.0915 -0.8116 0.5769
vn -0.7251 0.0681 0.6853
vn -0.7251 0.0681 0.6853
vn -0.7251 0.0681 0.6853
vn -0.0583 -0.2552 -0.9651
vn -0.0583 -0.2552 -0.9651
vn -0.5880 -0.1158 0.8005
vn -0.5880 -0.1158 0.8005
vn -0.5335 -0.5878 0.6082
vn -0.5335 -0.5878 0.6082
vn -0.3422 -0.0098 -0.9396
vn -0.8023 -0.0686 -0.5930
vn -0.8023 -0.0686 -0.5930
vn -0.2432 0.8482 0.4705
vn -0.9162 -0.3858 -0.1082
vn -0.9162 -0.3858 -0.1082
vn -0.6322 -0.3858 -0.6719
vn -0.6322 -0.3858 -0.6719
vn -0.8369 -0.4728 -0.2756
vn -0.8369 -0.4728 -0.2756
vn 0.4536 0.5275 0.7183
vn 0.4536 0.5275 0.7183
vn 0.3395 0.9353 0.0999
vn -0.0567 -0.9494 -0.3089
vn -0.0567 -0.9494 -0.3089
vn -0.2420 -0.1777 -0.9539
vn -0.3327 -0.2303 0.9145
vn -0.3327 -0.2303 0.9145
vn -0.3024 -0.4141 -0.8585
vn -0.3024 -0.4141 -0.8585
vn -0.7624 -0.5664 -0.3129
vn -0.7624 -0.5664 -0.3129
vn -0.1703 -0.8236 -0.5410
vn -0.1703 -0.8236 -0.5410
vn -0.3579 0.2166 0.9083
vn -0.5494 -0.1264 0.8259
vn -0.5494 -0.1264 0.8259
vn -0.5494 -0.1264 0.8259
vn -0.2863 0.2454 -0.9262
vn -0.2863 0.2454 -0.9262
vn -0.2352 0.2657 -0.9349
vn 0.0426 0.3293 -0.9433
vn 0.0426 0.3293 -0.9433
vn -0.3812 -0.5062 0.7736
vn -0.3812 -0.5062 0.7736
vn -0.3812 -0.5062 0.7736
vn -0.4656 0.2686 -0.8432
vn -0.4656 0.2686 -0.8432
vn -0.4452 0.2503 -0.8597
vn -0.4452 0.2503 -0.8597
vn -0.2637 0.2381 0.9348
vn -0.3735 -0.5890 -0.7166
vn -0.3735 -0.5890 -0.7166
vn -0.3151 0.7528 0.5779
vn -0.3151 0.7528 0.5779
vn 0.1410 0.5165 -0.8446
vn 0.1262 0.3842 0.9146
vn 0.1262 0.3842 0.9146
vn 0.1262 0.3842 0.9146
vn -0.1774 -0.8659 0.4677
vn -0.1774 -0.8659 0.4677
vn -0.1774 -0.8659 0.4677
vn -0.7536 0.1252 0.6453
vn -0.2736 0.4713 -0.8385
vn -0.2736 0.4713 -0.8385
vn -0.2829 0.9456 0.1609
vn -0.1921 0.9402 0.2813
vn 0.3041 0.0982 -0.9476
vn 0.3041 0.0982 -0.9476
vn 0.1088 -0.8494 -0.5164
vn 0.4135 -0.3744 -0.8300
vn 0.8711 0.1838 -0.4553
vn -0.4749 0.5805 0.6614
vn -0.1988 -0.1397 -0.9700
vn 0.0162 -0.4331 -0.9012
vn 0.0162 -0.4331 -0.9012
vn 0.0162 -0.4331 -0.9012
vn -0.2539 -0.7425 -0.6199
vn -0.2539 -0.7425 -0.6199
vn -0.3666 0.1955 0.9096
vn -0.8049 -0.3517 0.4779
vn -0.8049 -0.3517 0.4779
vn 0.5048 0.4865 -0.7131
vn -0.7158 -0.6774 0.1695
vn -0.7158 -0.6774 0.1695
vn -0.7158 -0.6774 0.1695
vn -0.5950 -0.3484 0.7242
vn -0.5950 -0.3484 0.7242
vn -0.6887 0.1663 0.7057
vn -0.6887 0.1663 0.7057
vn -0.6887 0.1663 0.7057
vn -0.0671 0.3837 -0.9210
vn -0.0671 0.3837 -0.9210
vn -0.2843 0.0337 0.9581
vn -0.2843 0.0337 0.9581
vn -0.2843 0.0337 0.9581
vn -0.2843 0.0337 0.9581
vn -0.4938 0.5446 0.6779
vn -0.4938 0.5446 0.6779
vn -0.4938 0.5446 0.6779
vn 0.1690 0.0895 -0.9815
vn 0.1690 0.0895 -0.9815
vn -0.0641 0.5746 -0.8159
vn -0.0641 0.5746 -0.8159
vn -0.1733 -0.8131 0.5557
vn 0.2457 0.4316 -0.8680
vn 0.2457 0.4316 -0.8680
vn -0.0423 -0.6540 0.7553
vn -0.0423 -0.6540 0.7553
vn -0.1128 0.4688 0.8760
vn -0.1128 0.4688 0.8760
vn -0.1738 -0.4222 -0.8897
vn -0.3108 -0.1620 -0.9366
vn -0.3108 -0.1620 -0.9366
vn -0.3108 -0.1620 -0.9366
vn -0.2358 0.1051 -0.9661
vn -0.2358 0.1051 -0.9661
vn -0.1039 0.9577 0.2682
vn -0.2263 -0.9739 -0.0161
vn -0.2682 0.5373 -0.7996
vn -0.2069 -0.2658 0.9416
vn 0.3677 -0.4647 -0.8055
vn 0.1717 -0.4810 -0.8597
vn 0.1717 -0.4810 -0.8597
vn 0.1717 -0.4810 -0.8597
vn -0.8825 0.2945 -0.3667
vn -0.8825 0.2945 -0.3667
vn 0.1460 -0.2741 -0.9506
vn 0.1460 -0.2741 -0.9506
vn -0.4518 -0.8910 0.0446
vn -0.4518 -0.8910 0.0446
vn -0.0595 -0.1895 0.9801
vn -0.0595 -0.1895 0.9801
vn -0.4982 -0.2818 -0.8200
vn -0.4982 -0.2818 -0.8200
vn -0.8672 -0.4129 0.2784
vn -0.8672 -0.4129 0.2784
vn -0.9944 0.1046 0.0139
vn -0.9944 0.1046 0.0139
vn -0.9944 0.1046 0.0139
vn -0.0967 -0.0455 -0.9943
vn -0.0533 0.9223 0.3828
vn -0.1733 0.9530 0.2484
vn -0.1733 0.9530 0.2484
vn 0.2626 0.4783 -0.8380
vn 0.2460 -0.9355 -0.2536
vn -0.2047 0.7232 0.6596
vn -0.2047 0.7232 0.6596
vn -0.2731 0.3871 -0.8807
vn 0.0044 0.1211 0.9926
vn 0.0579 0.6580 0.7508
vn 0.0579 0.6580 0.7508
vn 0.0579 0.6580 0.7508
vn 0.1527 0.7363 0.6592
vn 0.1527 0.7363 0.6592
vn -0.4782 -0.5881 -0.6523
vn -0.4782 -0.5881 -0.6523
vn -0.0917 0.9870 0.1322
vn 0.0615 0.3722 0.9261
vn 0.0615 0.3722 0.9261
vn 0.0425 0.3961 0.9172
vn -0.1239 0.7187 0.6842
vn -0.1239 0.7187 0.6842
vn 0.4759 0.8536 -0.2119
vn 0.4759 0.8536 -0.2119
vn -0.4578 0.8104 0.3655
vn -0.0849 -0.2463 0.9655
vn 0.4030 -0.6741 0.6190
vn 0.1264 0.3362 -0.9333
vn -0.6999 -0.1588 0.6964
vn -0.6999 -0.1588 0.6964
vn -0.6156 -0.0030 0.7880
vn -0.6463 0.1428 0.7496
vn 0.3463 0.2944 -0.8908
vn 0.3463 0.2944 -0.8908
vn 0.1286 -0.3071 0.9429
vn 0.1286 -0.3071 0.9429
vn 0.1286 -0.3071 0.9429
vn -0.3163 0.4045 0.8581
vn -0.3163 0.4045 0.8581
vn -0.3163 0.4045 0.8581
vn 0.3397 -0.8875 -0.3113
vn -0.1234 -0.7625 0.6351
vn -0.1234 -0.7625 0.6351
vn -0.2441 0.8252 0.5093
vn -0.2441 0.8252 0.5093
vn -0.0522 -0.6777 -0.7334
vn 0.2825 -0.8670 -0.4106
vn 0.2825 -0.8670 -0.4106
vn 0.1508 0.9576 0.2456
vn 0.1508 0.9576 0.2456
vn 0.1508 0.9576 0.2456
vn 0.6646 0.4974 0.5576
vn 0.6646 0.4974 0.5576
vn 0.1310 -0.1475 0.9803
vn 0.7575 0.2822 -0.5887
vn 0.7575 0.2822 -0.5887
vn 0.7575 0.2822 -0.5887
vn -0.1841 0.9710 -0.1526
vn -0.1841 0.9710 -0.1526
vn -0.5479 -0.1407 -0.8246
vn -0.5479 -0.1407 -0.8246
vn 0.2101 -0.0694 0.9752
vn -0.0185 0.0387 0.9991
vn -0.0185 0.0387 0.9991
vn 0.3212 -0.3003 -0.8981
vn 0.3212 -0.3003 -0.8981
vn -0.6178 -0.1414 0.7735
vn -0.6178 -0.1414 0.7735
vn -0.7270 -0.6760 0.1206
vn -0.7270 -0.6760 0.1206
vn 0.2621 -0.8138 -0.5187
vn 0.2621 -0.8138 -0.5187
vn 0.2621 -0.8138 -0.5187
vn -0.0344 0.2973 0.9542
vn -0.0344 0.2973 0.9542
vn -0.3716 0.6960 0.6144
vn -0.3716 0.6960 0.6144
vn -0.3716 0.6960 0.6144
vn -0.2668 0.8646 0.4257
vn 0.1718 -0.9848 -0.0270
vn 0.3647 -0.9036 0.2246
vn 0.3647 -0.9036 0.2246
vn 0.1344 -0.4764 -0.8689
vn -0.4263 -0.0829 0.9007
vn -0.0804 0.5533 -0.8291
vn -0.1154 -0.3807 -0.9175
vn 0.1283 -0.0550 0.9902
vn -0.5354 -0.1010 -0.8385
vn -0.5354 -0.1010 -0.8385
vn -0.5354 -0.1010 -0.8385
vn -0.1348 0.7638 -0.6313
vn -0.1348 0.7638 -0.6313
vn -0.5036 0.2535 -0.8259
vn -0.5036 0.2535 -0.8259
vn -0.3025 -0.5938 -0.7456
vn -0.3025 -0.5938 -0.7456
vn -0.5124 -0.1189 -0.8505
vn -0.5124 -0.1189 -0.8505
vn 0.3738 -0.6399 0.6714
vn 0.3738 -0.6399 0.6714
vn 0.7155 -0.5721 0.4009
vn 0.7155 -0.5721 0.4009
vn 0.7155 -0.5721 0.4009
vn -0.3829 0.9020 0.1995
vn -0.3829 0.9020 0.1995
vn 0.0179 0.6594 0.7516
vn 0.0179 0.6594 0.7516
vn 0.0179 0.6594 0.7516
vn -0.5162 0.8091 0.2808
vn -0.5162 0.8091 0.2808
vn 0.5477 -0.2250 -0.8058
vn 0.5477 -0.2250 -0.8058
vn -0.1968 -0.2321 0.9526
vn 0.9093 -0.3195 0.2668
vn 0.9093 -0.3195 0.2668
vn -0.0821 0.4540 0.8872
vn 0.6934 0.3588 -0.6248
vn 0.6934 0.3588 -0.6248
vn -0.4099 0.7653 0.4963
vn -0.1055 -0.5908 -0.7999
vn -0.1055 -0.5908 -0.7999
vn -0.0735 0.1416 -0.9872
vn -0.0735 0.1416 -0.9872
vn 0.2185 0.2648 -0.9392
vn -0.0273 0.6783 -0.7343
vn -0.0273 0.6783 -0.7343
vn -0.0846 -0.0027 -0.9964
vn 0.2845 0.9426 0.1749
vn 0.0060 -0.0887 -0.9960
vn -0.3596 -0.3493 -0.8653
vn 0.3670 -0.2550 0.8946
vn 0.3670 -0.2550 0.8946
vn 0.4656 -0.1207 -0.8767
vn 0.4075 0.0171 -0.9130
vn 0.4075 0.0171 -0.9130
vn 0.4075 0.0171 -0.9130
vn 0.2987 0.1184 0.9470
vn 0.2245 0.2156 -0.9503
vn 0.2245 0.2156 -0.9503
vn 0.3877 0.2724 0.8806
vn 0.3877 0.2724 0.8806
vn 0.3877 0.2724 0.8806
vn 0.3877 0.2724 0.8806
vn 0.3161 0.2984 -0.9006
vn -0.1152 0.9428 0.3128
vn -0.1152 0.9428 0.3128
vn 0.2467 0.5885 -0.7699
vn -0.8734 -0.4870 0.0007
vn -0.2549 -0.4721 -0.8439
vn -0.2549 -0.4721 -0.8439
vn 0.0095 0.0138 -0.9999
vn 0.7289 -0.0067 0.6846
vn 0.8390 0.2931 0.4584
vn 0.8390 0.2931 0.4584
vn 0.8253 -0.2119 -0.5235
vn 0.8253 -0.2119 -0.5235
vn 0.8253 -0.2119 -0.5235
vn 0.0388 -0.9889 -0.1434
vn 0.0388 -0.9889 -0.1434
vn 0.0388 -0.9889 -0.1434
vn 0.0388 -0.9889 -0.1434
vn 0.6000 0.5075 0.6185
vn 0.6000 0.5075 0.6185
vn 0.3284 0.0854 0.9407
vn 0.3284 0.0854 0.9407
vn -0.8162 0.0955 -0.5698
vn -0.8162 0.0955 -0.5698
vn 0.4064 -0.0468 -0.9125
vn 0.8790 -0.4601 0.1250
vn 0.8790 -0.4601 0.1250
vn 0.0615 0.0490 -0.9969
vn 0.6494 -0.5435 0.5319
vn 0.6494 -0.5435 0.5319
vn 0.3524 -0.8048 0.4776
vn 0.3524 -0.8048 0.4776
vn 0.3524 -0.8048 0.4776
vn 0.0552 0.1651 -0.9847
vn -0.2230 0.1658 0.9606
vn -0.1133 0.2847 -0.9519
vn 0.2049 -0.1816 -0.9618
vn 0.2049 -0.1816 -0.9618
vn -0.0682 -0.0365 -0.9970
vn -0.0613 0.4771 0.8767
vn 0.0311 0.4110 -0.9111
vn 0.3736 0.6964 0.6127
vn 0.3736 0.6964 0.6127
vn 0.3736 0.6964 0.6127
vn 0.3736 0.6964 0.6127
vn -0.1725 0.4608 0.8706
vn 0.0011 0.4095 -0.9123
vn -0.0280 0.4997 -0.8658
vn -0.0280 0.4997 -0.8658
vn 0.5825 0.1385 0.8009
vn 0.4090 0.6875 0.6000
vn 0.4090 0.6875 0.6000
vn -0.0299 0.1415 -0.9895
vn 0.7866 -0.6084 -0.1059
vn 0.7866 -0.6084 -0.1059
vn 0.7204 0.4805 -0.5001
vn -0.2411 -0.4540 -0.8578
vn -0.2411 -0.4540 -0.8578
vn 0.2202 0.8113 0.5416
vn 0.2202 0.8113 0.5416
vn 0.2109 -0.4077 -0.8884
vn 0.4514 -0.7416 -0.4963
vn 0.4514 -0.7416 -0.4963
vn 0.4102 -0.1970 -0.8905
vn 0.4279 -0.1192 0.8959
vn 0.4279 -0.1192 0.8959
vn 0.4279 -0.1192 0.8959
vn 0.3688 -0.3086 0.8768
vn 0.1930 -0.0204 0.9810
vn 0.1930 -0.0204 0.9810
vn 0.0681 0.2626 -0.9625
vn 0.0165 0.3746 0.9271
vn 0.0165 0.3746 0.9271
vn 0.0165 0.3746 0.9271
vn 0.0165 0.3746 0.9271
vn -0.0540 0.2727 -0.9606
vn -0.0540 0.2727 -0.9606
vn 0.2899 -0.4381 0.8509
vn -0.0448 0.3281 0.9436
vn 0.2442 -0.3940 0.8861
vn 0.2442 -0.3940 0.8861
vn 0.2442 -0.3940 0.8861
vn 0.0060 -0.6407 0.7677
vn 0.2599 -0.9283 -0.2658
vn 0.3036 -0.5626 -0.7690
vn 0.1358 0.1762 -0.9750
vn 0.3916 0.3803 0.8379
vn 0.2226 0.6528 -0.7241
vn 0.7348 0.5509 0.3957
vn 0.7348 0.5509 0.3957
vn -0.2334 0.6391 -0.7328
vn -0.2334 0.6391 -0.7328
vn -0.2334 0.6391 -0.7328
vn -0.2334 0.6391 -0.7328
vn 0.3018 0.2186 0.9280
vn -0.5191 -0.5028 -0.6912
vn -0.5191 -0.5028 -0.6912
vn -0.5191 -0.5028 -0.6912
vn -0.5191 -0.5028 -0.6912
vn 0.4680 0.6503 0.5985
vn -0.0640 -0.4763 -0.8770
vn -0.0640 -0.4763 -0.8770
vn -0.0615 -0.1368 -0.9887
vn 0.3260 0.0666 -0.9430
vn 0.3260 0.0666 -0.9430
vn 0.3260 0.0666 -0.9430
vn -0.0632 0.0492 -0.9968
vn 0.0937 -0.8869 0.4524
vn 0.0279 0.7271 0.6860
vn 0.0279 0.7271 0.6860
vn 0.2820 -0.9542 -0.1001
vn -0.0867 0.5393 -0.8376
vn -0.1104 0.4916 0.8638
vn -0.1104 0.4916 0.8638
vn -0.1104 0.4916 0.8638
vn -0.0094 -0.9056 0.4239
vn -0.0094 -0.9056 0.4239
vn 0.7408 -0.6705 -0.0409
vn 0.7408 -0.6705 -0.0409
vn -0.1179 -0.1727 -0.9779
vn 0.1919 -0.7834 -0.5912
vn 0.6934 0.4284 0.5793
vn 0.6934 0.4284 0.5793
vn 0.6934 0.4284 0.5793
vn 0.6934 0.4284 0.5793
vn 0.4392 -0.7945 0.4193
vn 0.4392 -0.7945 0.4193
vn 0.4392 -0.7945 0.4193
vn 0.1119 0.5447 0.8311
vn 0.1119 0.5447 0.8311
vn 0.1139 0.2222 -0.9683
vn 0.2635 0.5369 -0.8015
vn 0.2635 0.5369 -0.8015
vn 0.2635 0.5369 -0.8015
vn 0.7830 0.6033 0.1515
vn 0.7830 0.6033 0.1515
vn 0.4233 -0.8403 -0.3388
vn 0.4233 -0.8403 -0.3388
vn 0.4233 -0.8403 -0.3388
vn 0.4233 -0.8403 -0.3388
vn 0.4233 -0.8403 -0.3388
vn -0.4172 -0.6369 -0.6483
vn -0.4068 0.8533 -0.3262
vn -0.4068 0.8533 -0.3262
vn 0.6314 0.4029 -0.6626
vn 0.6314 0.4029 -0.6626
vn 0.6314 0.4029 -0.6626
vn -0.1289 0.9917 0.0004
vn -0.7638 -0.6261 -0.1566
vn -0.7638 -0.6261 -0.1566
vn 0.0891 -0.0575 0.9944
vn 0.5556 -0.7131 -0.4276
vn 0.5556 -0.7131 -0.4276
vn 0.6195 0.1730 0.7657
vn 0.6195 0.1730 0.7657
vn 0.6195 0.1730 0.7657
vn 0.4368 0.2826 0.8540
vn 0.4368 0.2826 0.8540
vn 0.5637 0.0848 0.8216
vn 0.5637 0.0848 0.8216
vn 0.5637 0.0848 0.8216
vn 0.2531 0.0061 0.9674
vn 0.6053 -0.7887 -0.1077
vn 0.6053 -0.7887 -0.1077
vn 0.0607 -0.7491 -0.6597
vn 0.4621 -0.0573 -0.8850
vn 0.2631 0.5760 -0.7739
vn 0.4042 0.8037 0.4367
vn 0.2714 -0.7839 -0.5584
vn 0.2714 -0.7839 -0.5584
vn 0.2714 -0.7839 -0.5584
vn 0.2714 -0.7839 -0.5584
vn 0.9734 0.0541 0.2228
vn 0.9734 0.0541 0.2228
vn -0.6091 -0.0747 -0.7896
vn -0.6091 -0.0747 -0.7896
vn -0.6091 -0.0747 -0.7896
vn -0.7467 0.4477 -0.4920
vn -0.7467 0.4477 -0.4920
vn 0.4169 0.5072 0.7543
vn 0.4169 0.5072 0.7543
vn 0.6596 -0.3283 -0.6761
vn 0.6596 -0.3283 -0.6761
vn 0.6596 -0.3283 -0.6761
vn 0.6596 -0.3283 -0.6761
vn 0.0339 -0.4112 0.9109
vn 0.0339 -0.4112 0.9109
vn 0.0339 -0.4112 0.9109
vn 0.1091 -0.2098 -0.9716
vn 0.2182 -0.5868 0.7798
vn 0.7441 -0.0776 0.6636
vn 0.6936 -0.1570 0.7031
vn 0.6936 -0.1570 0.7031
vn 0.6565 0.7180 0.2312
vn 0.6565 0.7180 0.2312
vn 0.6565 0.7180 0.2312
vn 0.6565 0.7180 0.2312
vn -0.1642 0.5935 -0.7879
vn 0.1042 0.8699 0.4821
vn 0.1042 0.8699 0.4821
vn -0.5314 -0.8242 0.1958
vn -0.5314 -0.8242 0.1958
vn 0.2673 -0.6305 0.7287
vn 0.2673 -0.6305 0.7287
vn 0.4212 -0.1824 0.8884
vn 0.4212 -0.1824 0.8884
vn 0.7658 -0.6413 0.0474
vn 0.7658 -0.6413 0.0474
vn 0.1566 -0.2889 0.9445
vn 0.1377 0.5529 -0.8218
vn 0.1975 -0.9203 0.3378
vn 0.1975 -0.9203 0.3378
vn 0.4349 0.8830 0.1768
vn 0.3723 0.9279 0.0184
vn -0.7656 0.1504 -0.6255
vn -0.7656 0.1504 -0.6255
vn -0.2201 0.4088 -0.8857
vn -0.2201 0.4088 -0.8857
vn -0.2201 0.4088 -0.8857
vn -0.8666 0.1426 -0.4782
vn -0.6400 -0.0638 -0.7657
vn -0.6400 -0.0638 -0.7657
vn 0.5399 -0.2694 -0.7974
vn 0.5399 -0.2694 -0.7974
vn 0.5399 -0.2694 -0.7974
vn 0.5399 -0.2694 -0.7974
vn 0.4466 -0.4900 -0.7486
vn 0.4466 -0.4900 -0.7486
vn 0.4466 -0.4900 -0.7486
vn 0.4466 -0.4900 -0.7486
vn -0.0068 -0.5184 -0.8551
vn -0.0068 -0.5184 -0.8551
vn -0.0068 -0.5184 -0.8551
vn -0.0068 -0.5184 -0.8551
vn -0.0068 -0.5184 -0.8551
vn -0.3803 -0.8754 0.2985
vn -0.3803 -0.8754 0.2985
vn -0.1678 0.0478 -0.9847
vn -0.1678 0.0478 -0.9847
vn 0.2170 -0.3462 0.9127
vn 0.5651 -0.7868 0.2482
vn 0.5651 -0.7868 0.2482
vn 0.8034 0.2463 0.5421
vn 0.0979 0.4024 -0.9102
vn 0.3671 0.6923 0.6213
vn 0.0411 -0.4231 0.9051
vn -0.0437 -0.2629 -0.9638
vn -0.0437 -0.2629 -0.9638
vn 0.0200 -0.7677 -0.6405
vn 0.0344 -0.7213 -0.6918
vn 0.2325 0.0667 -0.9703
vn 0.4003 0.4632 -0.7907
vn 0.4003 0.4632 -0.7907
vn 0.4107 0.6251 0.6637
vn 0.4107 0.6251 0.6637
vn 0.5031 -0.4547 0.7349
vn 0.5031 -0.4547 0.7349
vn 0.4751 -0.1249 0.8710
vn 0.9243 0.3805 -0.0315
vn 0.9243 0.3805 -0.0315
vn -0.1033 0.9828 0.1531
vn -0.1033 0.9828 0.1531
vn -0.1033 0.9828 0.1531
vn -0.1057 -0.2274 -0.9680
vn 0.1925 -0.2474 -0.9496
vn 0.6183 -0.2188 -0.7549
vn 0.6183 -0.2188 -0.7549
vn 0.3400 -0.9061 -0.2519
vn 0.3400 -0.9061 -0.2519
vn -0.4781 -0.6346 -0.6072
vn -0.4781 -0.6346 -0.6072
vn 0.5408 0.1239 0.8320
vn 0.5408 0.1239 0.8320
vn 0.5408 0.1239 0.8320
vn -0.3913 0.7802 -0.4880
vn -0.3913 0.7802 -0.4880
vn -0.3913 0.7802 -0.4880
vn 0.1946 0.8367 0.5120
vn 0.1946 0.8367 0.5120
vn 0.6987 -0.4537 0.5532
vn 0.6987 -0.4537 0.5532
vn 0.6987 -0.4537 0.5532
vn 0.2644 -0.4577 -0.8489
vn 0.7269 0.4703 -0.5005
vn 0.7269 0.4703 -0.5005
vn 0.3308 0.7107 -0.6208
vn 0.3308 0.7107 -0.6208
vn 0.6671 0.6850 -0.2929
vn 0.6671 0.6850 -0.2929
vn 0.2025 -0.9533 0.2239
vn 0.2025 -0.9533 0.2239
vn -0.5921 -0.4739 -0.6518
vn -0.5921 -0.4739 -0.6518
vn 0.3762 0.7638 0.5245
vn 0.3762 0.7638 0.5245
vn -0.9098 -0.3356 0.2441
vn -0.9098 -0.3356 0.2441
vn -0.9098 -0.3356 0.2441
vn 0.6874 -0.2407 -0.6852
vn 0.6874 -0.2407 -0.6852
vn -0.2452 0.2502 -0.9366
vn -0.2452 0.2502 -0.9366
vn 0.1776 -0.4745 0.8621
vn 0.6053 -0.1776 0.7760
vn -0.0268 -0.3276 0.9444
vn -0.0179 0.9754 -0.2196
vn -0.0179 0.9754 -0.2196
vn 0.3471 -0.0324 0.9373
vn 0.3471 -0.0324 0.9373
vn -0.3492 0.3226 0.8798
vn 0.2262 -0.7279 -0.6473
vn -0.4979 0.0982 -0.8617
vn 0.0867 0.5842 0.8070
vn 0.0867 0.5842 0.8070
vn -0.3149 0.7167 0.6222
vn -0.3149 0.7167 0.6222
vn 0.1898 -0.9816 -0.0204
vn 0.6827 0.2598 0.6829
vn 0.6827 0.2598 0.6829
vn -0.1259 0.6962 0.7067
vn -0.1259 0.6962 0.7067
vn 0.3233 0.6770 -0.6611
vn 0.3233 0.6770 -0.6611
vn 0.4432 0.4477 -0.7767
vn 0.4432 0.4477 -0.7767
vn 0.3198 0.7363 -0.5963
vn 0.3198 0.7363 -0.5963
vn 0.2630 0.8667 0.4239
vn 0.2630 0.8667 0.4239
vn 0.4385 0.8452 0.3054
vn -0.3165 -0.9395 -0.1311
vn -0.3165 -0.9395 -0.1311
vn -0.3165 -0.9395 -0.1311
vn -0.7661 -0.4203 -0.4862
vn 0.7857 -0.5256 0.3263
vn 0.7857 -0.5256 0.3263
vn 0.7857 -0.5256 0.3263
vn 0.7857 -0.5256 0.3263
vn 0.7857 -0.5256 0.3263
vn 0.6259 -0.6165 -0.4777
vn 0.6259 -0.6165 -0.4777
vn 0.6259 -0.6165 -0.4777
vn 0.9850 0.1444 -0.0941
vn 0.9850 0.1444 -0.0941
vn 0.5083 0.8505 0.1354
vn 0.5083 0.8505 0.1354
vn 0.2536 0.6526 0.7140
vn 0.2536 0.6526 0.7140
vn 0.4920 0.8501 -0.1879
vn 0.4920 0.8501 -0.1879
vn 0.5420 0.8381 0.0625
vn 0.5420 0.8381 0.0625
vn 0.8887 -0.4020 0.2203
vn 0.8887 -0.4020 0.2203
vn 0.6815 -0.4189 0.6001
vn 0.6815 -0.4189 0.6001
vn -0.9218 -0.0330 0.3862
vn -0.9218 -0.0330 0.3862
vn -0.5190 -0.2160 0.8270
vn 0.0595 -0.0151 0.9981
vn -0.3893 0.2912 0.8738
vn -0.2511 0.2127 0.9443
vn 0.5087 -0.0343 0.8603
vn 0.5087 -0.0343 0.8603
vn 0.5087 -0.0343 0.8603
vn 0.5087 -0.0343 0.8603
vn 0.5087 -0.0343 0.8603
vn 0.2764 -0.2048 0.9390
vn 0.5258 0.7798 0.3398
vn 0.2714 -0.1857 0.9444
vn 0.1817 -0.2077 0.9612
vn 0.0753 0.0307 -0.9967
vn 0.0753 0.0307 -0.9967
vn 0.0753 0.0307 -0.9967
vn 0.6965 -0.5559 0.4538
vn 0.6965 -0.5559 0.4538
vn 0.2446 0.5672 0.7864
vn 0.2446 0.5672 0.7864
vn -0.7370 -0.3203 0.5952
vn -0.7370 -0.3203 0.5952
vn 0.3771 -0.9202 0.1048
vn 0.4990 0.2211 0.8379
vn 0.4990 0.2211 0.8379
vn 0.4601 0.1987 -0.8653
vn 0.4601 0.1987 -0.8653
vn 0.4601 0.1987 -0.8653
vn 0.4767 0.4203 -0.7721
vn 0.4767 0.4203 -0.7721
vn -0.4567 0.5025 -0.7341
vn -0.4567 0.5025 -0.7341
vn 0.8101 -0.5800 -0.0853
vn 0.8101 -0.5800 -0.0853
vn 0.4696 -0.5302 -0.7059
vn 0.4696 -0.5302 -0.7059
vn -0.5061 0.3927 -0.7679
vn -0.5061 0.3927 -0.7679
vn 0.9729 -0.1669 -0.1599
vn 0.9729 -0.1669 -0.1599
vn 0.9729 -0.1669 -0.1599
vn 0.0621 0.9548 -0.2906
vn 0.0621 0.9548 -0.2906
vn 0.1757 0.4200 -0.8904
vn 0.1757 0.4200 -0.8904
vn 0.1757 0.4200 -0.8904
vn 0.1757 0.4200 -0.8904
vn 0.4456 0.7788 -0.4414
vn 0.4456 0.7788 -0.4414
vn 0.4456 0.7788 -0.4414
vn 0.7132 0.5839 0.3879
vn 0.7132 0.5839 0.3879
vn -0.8219 -0.5620 -0.0931
vn -0.8219 -0.5620 -0.0931
vn 0.1221 -0.2001 -0.9721
vn 0.1221 -0.2001 -0.9721
vn 0.6343 -0.3961 -0.6640
vn 0.6343 -0.3961 -0.6640
vn -0.7197 -0.1067 0.6861
vn -0.7197 -0.1067 0.6861
vn -0.7197 -0.1067 0.6861
vn 0.2892 0.2440 -0.9257
vn 0.2680 -0.4310 0.8616
vn -0.2268 -0.1849 -0.9562
vn -0.2268 -0.1849 -0.9562
vn 0.3257 -0.9454 0.0099
vn -0.0426 0.4729 -0.8801
vn 0.4958 -0.0756 0.8652
vn 0.4958 -0.0756 0.8652
vn 0.5220 0.0790 -0.8493
vn 0.5220 0.0790 -0.8493
vn 0.5413 0.6141 -0.5744
vn 0.5413 0.6141 -0.5744
vn 0.4425 0.7689 -0.4615
vn 0.4425 0.7689 -0.4615
vn 0.4152 -0.4445 0.7938
vn 0.4152 -0.4445 0.7938
vn -0.1278 -0.8268 -0.5478
vn -0.1278 -0.8268 -0.5478
vn -0.5871 0.7459 -0.3146
vn -0.5553 -0.7263 -0.4051
vn -0.5553 -0.7263 -0.4051
vn 0.1955 -0.2038 -0.9593
vn 0.8272 -0.5028 0.2508
vn 0.8272 -0.5028 0.2508
vn 0.1931 -0.4420 -0.8760
vn 0.1931 -0.4420 -0.8760
vn 0.1733 -0.1738 0.9694
vn -0.7534 -0.2414 0.6116
vn -0.7534 -0.2414 0.6116
vn -0.7534 -0.2414 0.6116
vn -0.9191 0.0759 -0.3866
vn -0.9191 0.0759 -0.3866
vn 0.4766 0.1005 -0.8734
vn -0.7159 0.4294 -0.5505
vn -0.7159 0.4294 -0.5505
vn -0.7159 0.4294 -0.5505
vn -0.5472 -0.7634 0.3433
vn -0.5472 -0.7634 0.3433
vn 0.5287 0.3084 0.7908
vn 0.5287 0.3084 0.7908
vn 0.2764 0.0262 0.9607
vn -0.0722 0.3971 0.9149
vn -0.1461 -0.0925 -0.9849
vn -0.3213 0.5131 -0.7959
vn -0.3213 0.5131 -0.7959
vn -0.5508 0.4941 -0.6727
vn -0.5508 0.4941 -0.6727
vn -0.0214 -0.3803 -0.9246
vn 0.5096 0.3618 -0.7807
vn 0.5096 0.3618 -0.7807
vn 0.5188 -0.1113 0.8476
vn 0.5188 -0.1113 0.8476
vn 0.5188 -0.1113 0.8476
vn 0.5355 0.5449 -0.6452
vn 0.5355 0.5449 -0.6452
vn 0.5355 0.5449 -0.6452
vn 0.3654 0.9025 0.2278
vn 0.1905 -0.8014 0.5670
vn 0.3883 -0.8218 0.4170
vn 0.3883 -0.8218 0.4170
vn 0.3450 0.5793 -0.7385
vn 0.3450 0.5793 -0.7385
vn 0.3450 0.5793 -0.7385
vn 0.3450 0.5793 -0.7385
vn 0.3450 0.5793 -0.7385
vn 0.3450 0.5793 -0.7385
vn -0.4019 -0.3240 -0.8564
vn -0.4019 -0.3240 -0.8564
vn 0.5493 0.1717 0.8178
vn 0.5493 0.1717 0.8178
vn 0.5493 0.1717 0.8178
vn -0.4559 0.2780 -0.8455
vn -0.4559 0.2780 -0.8455
vn 0.3249 0.8356 0.4430
vn 0.3249 0.8356 0.4430
vn -0.3981 0.1465 0.9056
vn -0.3981 0.1465 0.9056
vn 0.2696 -0.9302 -0.2492
vn 0.2696 -0.9302 -0.2492
vn 0.2696 -0.9302 -0.2492
vn -0.9882 0.0892 0.1246
vn -0.9882 0.0892 0.1246
vn -0.9721 -0.1597 0.1719
vn -0.9721 -0.1597 0.1719
vn 0.0000 0.0000 0.0000
vn 0.0000 0.0000 0.0000
vn -0.9640 0.2650 -0.0209
vn -0.9640 0.2650 -0.0209
vn 0.5938 0.5816 0.5560
vn 0.5938 0.5816 0.5560
vn 0.5938 0.5816 0.5560
vn 0.1562 0.2775 0.9479
vn 0.2460 -0.1146 -0.9625
vn 0.2460 -0.1146 -0.9625
vn 0.0000 0.0000 0.0000
vn 0.0000 0.0000 0.0000
vn -0.0823 0.6394 0.7644
vn -0.0823 0.6394 0.7644
vn -0.0823 0.6394 0.7644
vn 0.0664 -0.9929 -0.0986
vn 0.6766 -0.4334 -0.5953
vn 0.6766 -0.4334 -0.5953
vn 0.3666 -0.4652 -0.8058
vn 0.3734 0.3129 0.8733
vn 0.3734 0.3129 0.8733
vn 0.3734 0.3129 0.8733
vn 0.7268 -0.1780 -0.6634
vn 0.7268 -0.1780 -0.6634
vn 0.7268 -0.1780 -0.6634
vn 0.7268 -0.1780 -0.6634
vn 0.0900 0.4053 -0.9097
vn 0.0900 0.4053 -0.9097
vn 0.3733 -0.7620 0.5292
vn 0.3733 -0.7620 0.5292
vn 0.5906 -0.3235 0.7393
vn 0.5906 -0.3235 0.7393
vn 0.7695 0.5098 -0.3846
vn 0.7695 0.5098 -0.3846
vn 0.9949 0.1003 -0.0112
vn 0.9949 0.1003 -0.0112
vn -0.5148 0.1278 -0.8477
vn -0.5148 0.1278 -0.8477
vn 0.8647 -0.4735 -0.1677
vn 0.8647 -0.4735 -0.1677
vn 0.9785 -0.0955 -0.1826
vn 0.9785 -0.0955 -0.1826
vn -0.3760 0.1552 0.9135
vn -0.3760 0.1552 0.9135
vn 0.8555 -0.2464 -0.4554
vn 0.8555 -0.2464 -0.4554
vn 0.3480 -0.0723 -0.9347
vn 0.3480 -0.0723 -0.9347
vn 0.3620 -0.3226 -0.8746
vn 0.7394 0.0707 -0.6695
vn -0.2348 -0.3904 0.8902
vn -0.2348 -0.3904 0.8902
vn -0.5657 -0.8245 -0.0138
vn -0.5657 -0.8245 -0.0138
vn -0.5657 -0.8245 -0.0138
vn -0.2122 0.4154 -0.8845
vn -0.2122 0.4154 -0.8845
vn 0.5071 0.3511 -0.7871
vn -0.0470 0.2943 -0.9545
vn -0.0470 0.2943 -0.9545
vn 0.5897 0.7252 0.3554
vn 0.5897 0.7252 0.3554
vn 0.4546 0.1463 0.8786
vn 0.3676 0.1903 0.9103
vn 0.3676 0.1903 0.9103
vn 0.3676 0.1903 0.9103
vn 0.3676 0.1903 0.9103
vn 0.0980 0.9561 0.2760
vn 0.0980 0.9561 0.2760
vn 0.0980 0.9561 0.2760
vn 0.0980 0.9561 0.2760
vn -0.9025 -0.0737 0.4244
vn -0.9025 -0.0737 0.4244
vn 0.8894 -0.0714 -0.4516
vn 0.4422 -0.0203 0.8967
vn 0.7757 -0.4327 0.4595
vn 0.7757 -0.4327 0.4595
vn 0.7757 -0.4327 0.4595
vn -0.3317 0.8386 0.4321
vn -0.3317 0.8386 0.4321
vn 0.5757 0.7996 0.1709
vn 0.5757 0.7996 0.1709
vn 0.5528 0.8315 0.0538
vn 0.5528 0.8315 0.0538
vn 0.3865 -0.2660 -0.8831
vn 0.3865 -0.2660 -0.8831
vn 0.9192 0.0093 -0.3936
vn 0.7375 -0.2080 0.6425
vn 0.7375 -0.2080 0.6425
vn -0.1054 -0.9755 -0.1929
vn -0.1054 -0.9755 -0.1929
vn 0.3692 0.0103 0.9293
vn 0.3692 0.0103 0.9293
vn 0.3547 -0.0161 0.9348
vn 0.2641 -0.1835 0.9469
vn 0.1070 0.2754 -0.9554
vn 0.7739 -0.0824 0.6279
vn 0.7739 -0.0824 0.6279
vn 0.7739 -0.0824 0.6279
vn 0.7739 -0.0824 0.6279
vn 0.6809 -0.6132 -0.4004
vn 0.6809 -0.6132 -0.4004
vn 0.6166 -0.4032 -0.6761
vn 0.6166 -0.4032 -0.6761
vn 0.0000 0.0000 0.0000
vn 0.0000 0.0000 0.0000
vn 0.8136 -0.4184 0.4038
vn 0.8136 -0.4184 0.4038
vn 0.8136 -0.4184 0.4038
vn 0.8136 -0.4184 0.4038
vn 0.4851 -0.3111 -0.8173
vn 0.4851 -0.3111 -0.8173
vn 0.4851 -0.3111 -0.8173
vn -0.3300 0.2816 -0.9010
vn -0.2182 -0.2936 -0.9307
vn 0.9917 -0.1259 -0.0264
vn 0.3160 0.7495 0.5817
vn 0.3160 0.7495 0.5817
vn 0.0397 0.8809 -0.4716
vn 0.0397 0.8809 -0.4716
vn 0.0397 0.8809 -0.4716
vn 0.1020 -0.3659 0.9250
vn 0.1020 -0.3659 0.9250
vn 0.5286 0.1608 -0.8335
vn 0.5286 0.1608 -0.8335
vn 0.5286 0.1608 -0.8335
vn 0.7962 -0.6048 0.0182
vn 0.7962 -0.6048 0.0182
vn -0.1637 -0.9632 -0.2132
vn -0.0116 -0.8062 0.5916
vn -0.0116 -0.8062 0.5916
vn 0.5390 0.2824 -0.7936
vn 0.4660 -0.1185 0.8768
vn 0.4660 -0.1185 0.8768
vn 0.2164 -0.4883 0.8454
vn 0.2164 -0.4883 0.8454
vn -0.1679 -0.4636 -0.8700
vn 0.1747 -0.0615 -0.9827
vn 0.2480 -0.0110 0.9687
vn -0.1666 0.5937 -0.7872
vn -0.1666 0.5937 -0.7872
vn -0.2821 0.7841 -0.5527
vn 0.5258 -0.0259 0.8502
vn 0.5258 -0.0259 0.8502
vn 0.7443 -0.3280 -0.5817
vn 0.3379 -0.3011 0.8917
vn 0.6029 -0.1419 -0.7851
vn 0.6029 -0.1419 -0.7851
vn 0.6226 0.2908 -0.7265
vn 0.7936 0.4317 0.4288
vn 0.7936 0.4317 0.4288
vn -0.0784 0.9478 -0.3090
vn -0.0784 0.9478 -0.3090
vn -0.0784 0.9478 -0.3090
vn -0.2797 -0.2292 0.9323
vn -0.2797 -0.2292 0.9323
vn -0.2907 -0.5101 -0.8095
vn -0.2907 -0.5101 -0.8095
vn -0.1853 0.5136 -0.8378
vn -0.1853 0.5136 -0.8378
vn -0.0763 0.0140 -0.9970
vn -0.0763 0.0140 -0.9970
vn 0.3972 0.1825 -0.8994
vn 0.0299 0.0763 -0.9966
vn 0.6207 -0.4989 -0.6049
vn 0.6207 -0.4989 -0.6049
vn -0.2804 0.4805 0.8309
vn 0.8575 -0.3661 0.3614
vn 0.8575 -0.3661 0.3614
vn 0.3319 0.2262 0.9158
vn 0.3319 0.2262 0.9158
vn 0.3319 0.2262 0.9158
vn 0.3319 0.2262 0.9158
vn 0.0534 0.4258 -0.9032
vn -0.0222 -0.6647 0.7468
vn -0.0222 -0.6647 0.7468
vn -0.0222 -0.6647 0.7468
vn 0.7941 -0.1987 -0.5744
vn 0.7941 -0.1987 -0.5744
vn 0.7941 -0.1987 -0.5744
vn 0.7935 0.3263 0.5137
vn 0.7935 0.3263 0.5137
vn 0.5844 0.4311 0.6875
vn 0.5844 0.4311 0.6875
vn 0.6434 0.6907 0.3301
vn 0.6434 0.6907 0.3301
vn 0.2912 -0.9276 0.2340
vn 0.7637 -0.1095 0.6362
vn 0.7637 -0.1095 0.6362
vn -0.2119 -0.3264 -0.9212
vn -0.6725 -0.6516 0.3509
vn -0.6725 -0.6516 0.3509
vn 0.0679 -0.3335 -0.9403
vn 0.0679 -0.3335 -0.9403
vn -0.0192 -0.7156 0.6983
vn -0.0192 -0.7156 0.6983
vn -0.0192 -0.7156 0.6983
vn -0.0192 -0.7156 0.6983
vn -0.0192 -0.7156 0.6983
vn -0.3746 -0.0433 0.9262
vn 0.6353 0.3514 0.6876
vn 0.6353 0.3514 0.6876
vn 0.5175 -0.2354 0.8227
vn 0.5175 -0.2354 0.8227
vn 0.2425 -0.0720 0.9675
vn 0.2425 -0.0720 0.9675
vn 0.7794 -0.5809 -0.2348
vn 0.7794 -0.5809 -0.2348
vn 0.8363 -0.5263 -0.1540
vn 0.8363 -0.5263 -0.1540
vn 0.0970 0.2652 -0.9593
vn 0.2453 0.9685 -0.0423
vn 0.2453 0.9685 -0.0423
vn 0.2453 0.9685 -0.0423
vn 0.5585 0.1418 0.8173
vn 0.6679 0.4692 0.5778
vn 0.6679 0.4692 0.5778
vn 0.6875 0.4270 -0.5873
vn 0.5723 0.4592 -0.6794
vn 0.5723 0.4592 -0.6794
vn 0.3453 -0.8884 -0.3026
vn 0.3453 -0.8884 -0.3026
vn 0.8154 -0.0827 -0.5729
vn 0.8154 -0.0827 -0.5729
vn 0.2459 -0.6108 0.7526
vn -0.1167 0.2953 0.9482
vn 0.1577 0.2609 0.9524
vn 0.1577 0.2609 0.9524
vn 0.2057 0.3599 -0.9100
vn 0.2057 0.3599 -0.9100
vn 0.4421 0.4320 -0.7861
vn 0.3656 -0.1437 0.9196
vn 0.3656 -0.1437 0.9196
vn 0.7078 0.2321 0.6672
vn 0.3400 -0.2535 -0.9056
vn 0.1082 -0.0590 -0.9924
vn -0.2092 0.6573 -0.7240
vn 0.1822 0.7970 -0.5758
vn 0.1822 0.7970 -0.5758
vn 0.1822 0.7970 -0.5758
vn 0.8901 -0.2412 -0.3867
vn 0.8901 -0.2412 -0.3867
vn 0.8867 0.3663 -0.2822
vn 0.7457 -0.5121 -0.4263
vn 0.8078 0.1661 0.5655
vn 0.7775 -0.1936 0.5983
vn 0.5799 0.5723 0.5798
vn 0.5799 0.5723 0.5798
vn 0.5799 0.5723 0.5798
vn 0.5174 0.7783 0.3557
vn 0.5174 0.7783 0.3557
vn 0.5174 0.7783 0.3557
vn 0.6081 0.7332 0.3042
vn 0.6081 0.7332 0.3042
vn 0.6587 0.7446 0.1080
vn 0.8350 0.5374 0.1180
vn 0.8350 0.5374 0.1180
vn 0.4529 0.8109 -0.3704
vn 0.4529 0.8109 -0.3704
vn 0.9574 -0.2548 0.1356
vn 0.9574 -0.2548 0.1356
vn 0.4913 -0.8220 0.2879
vn 0.6571 0.3616 0.6614
vn 0.6571 0.3616 0.6614
vn 0.3111 -0.1727 -0.9346
vn 0.3111 -0.1727 -0.9346
vn 0.0364 -0.0801 0.9961
vn -0.4056 -0.9085 -0.1006
vn -0.4056 -0.9085 -0.1006
vn 0.2603 0.2759 -0.9253
vn 0.2603 0.2759 -0.9253
vn 0.2603 0.2759 -0.9253
vn -0.1204 0.0385 -0.9920
vn -0.1204 0.0385 -0.9920
vn -0.3618 0.5162 0.7763
vn -0.3618 0.5162 0.7763
vn -0.1973 0.6252 0.7551
vn -0.8335 -0.0352 0.5514
vn -0.8335 -0.0352 0.5514
vn -0.2384 0.6470 0.7243
vn 0.8729 -0.4551 0.1756
vn 0.8729 -0.4551 0.1756
vn 0.8171 0.0287 0.5758
vn 0.7157 0.0835 -0.6934
vn 0.8457 0.4153 0.3352
vn 0.8457 0.4153 0.3352
vn 0.4680 0.8682 0.1652
vn 0.7355 -0.3771 0.5629
vn 0.7538 0.4653 0.4640
vn 0.7538 0.4653 0.4640
vn 0.7538 0.4653 0.4640
vn 0.5263 -0.8109 -0.2560
vn 0.5263 -0.8109 -0.2560
vn -0.0198 0.9799 0.1985
vn -0.0198 0.9799 0.1985
vn 0.1608 -0.4467 -0.8801
vn 0.0014 -0.3870 -0.9221
vn 0.0014 -0.3870 -0.9221
vn -0.2951 -0.3921 -0.8713
vn -0.2951 -0.3921 -0.8713
vn -0.3451 -0.5592 0.7538
vn -0.3451 -0.5592 0.7538
vn 0.0000 0.0000 0.0000
vn 0.0000 0.0000 0.0000
vn 0.2262 0.4308 -0.8736
vn 0.1217 0.1056 0.9869
vn 0.1217 0.1056 0.9869
vn 0.6063 0.1205 -0.7860
vn 0.4983 -0.4928 0.7133
vn 0.4983 -0.4928 0.7133
vn 0.3353 -0.2104 -0.9183
vn 0.2319 0.0594 -0.9709
vn 0.9472 -0.3142 0.0644
vn 0.7414 -0.5386 -0.4003
vn 0.7414 -0.5386 -0.4003
vn -0.6926 0.3436 -0.6342
vn -0.6281 0.7305 -0.2680
vn -0.6281 0.7305 -0.2680
vn -0.6281 0.7305 -0.2680
vn 0.4638 -0.1161 0.8783
vn 0.9449 0.0392 0.3249
vn 0.9449 0.0392 0.3249
vn 0.1346 0.8894 0.4369
vn 0.1346 0.8894 0.4369
vn 0.9059 0.3635 -0.2171
vn 0.9059 0.3635 -0.2171
vn -0.1873 0.4787 -0.8577
vn -0.1873 0.4787 -0.8577
vn -0.1873 0.4787 -0.8577
vn -0.1873 0.4787 -0.8577
vn -0.1407 -0.8329 0.5352
vn -0.1407 -0.8329 0.5352
vn -0.1407 -0.8329 0.5352
vn 0.7067 -0.5035 -0.4971
vn 0.7067 -0.5035 -0.4971
vn 0.7067 -0.5035 -0.4971
vn 0.7067 -0.5035 -0.4971
vn 0.7067 -0.5035 -0.4971
vn 0.5432 0.4406 -0.7147
vn 0.4693 -0.2388 0.8501
vn 0.7080 0.5273 0.4698
vn 0.4016 0.2360 0.8849
vn 0.4016 0.2360 0.8849
vn 0.4016 0.2360 0.8849
vn 0.4016 0.2360 0.8849
vn -0.2559 -0.6618 0.7047
vn -0.2559 -0.6618 0.7047
vn -0.4162 0.7333 0.5376
vn -0.4162 0.7333 0.5376
vn -0.4162 0.7333 0.5376
vn 0.0277 0.3441 -0.9385
vn 0.9419 0.1494 0.3010
vn 0.9419 0.1494 0.3010
vn 0.9530 -0.2652 0.1465
vn 0.8264 -0.5455 -0.1396
vn -0.2833 0.5193 -0.8063
vn 0.3929 -0.6931 -0.6044
vn 0.3929 -0.6931 -0.6044
vn 0.9996 0.0251 -0.0128
vn 0.2927 -0.6235 -0.7250
vn 0.2927 -0.6235 -0.7250
vn 0.2927 -0.6235 -0.7250
vn 0.7980 0.2301 0.5570
vn 0.7980 0.2301 0.5570
vn 0.7647 -0.3420 0.5462
vn 0.7519 -0.4802 0.4517
vn 0.2813 0.8106 0.5137
vn 0.2813 0.8106 0.5137
vn 0.2813 0.8106 0.5137
vn 0.6410 0.5906 -0.4901
vn 0.6410 0.5906 -0.4901
vn 0.6410 0.5906 -0.4901
vn -0.3007 0.2583 -0.9181
vn 0.5190 -0.6958 -0.4965
vn 0.5190 -0.6958 -0.4965
vn 0.8650 -0.4309 0.2571
vn 0.8650 -0.4309 0.2571
vn 0.8650 -0.4309 0.2571
vn 0.8650 -0.4309 0.2571
vn 0.8650 -0.4309 0.2571
vn -0.9039 -0.3523 -0.2425
vn -0.9039 -0.3523 -0.2425
vn 0.0172 -0.7809 -0.6244
vn 0.0172 -0.7809 -0.6244
vn -0.5185 -0.7635 0.3851
vn -0.5185 -0.7635 0.3851
vn -0.5185 -0.7635 0.3851
vn -0.5081 -0.2472 0.8251
vn 0.0870 0.2495 -0.9645
vn 0.6374 -0.1685 0.7519
vn 0.3221 0.7974 0.5103
vn 0.3221 0.7974 0.5103
vn 0.3221 0.7974 0.5103
vn 0.7865 -0.3984 -0.4719
vn 0.7865 -0.3984 -0.4719
vn -0.0552 0.4588 -0.8868
vn -0.0552 0.4588 -0.8868
vn 0.8864 -0.0689 0.4578
vn 0.8864 -0.0689 0.4578
vn 0.9060 0.0101 0.4232
vn 0.8899 0.3839 0.2465
vn 0.8459 -0.0183 0.5330
vn -0.2002 -0.0873 -0.9759
vn 0.3159 0.9130 -0.2583
vn 0.3159 0.9130 -0.2583
vn 0.5507 -0.1841 -0.8142
vn 0.5507 -0.1841 -0.8142
vn -0.2919 -0.4067 0.8656
vn -0.2919 -0.4067 0.8656
vn -0.1752 -0.4258 0.8877
vn 0.2834 0.0778 -0.9558
vn 0.2834 0.0778 -0.9558
vn 0.3702 0.5348 -0.7596
vn 0.3702 0.5348 -0.7596
vn 0.3702 0.5348 -0.7596
vn 0.4452 0.3114 0.8395
vn 0.4452 0.3114 0.8395
vn -0.4905 0.8370 -0.2425
vn -0.4905 0.8370 -0.2425
vn 0.7390 -0.0316 0.6730
vn 0.4955 0.8321 0.2491
vn 0.4955 0.8321 0.2491
vn -0.2518 -0.7327 0.6322
vn -0.2518 -0.7327 0.6322
vn -0.6375 -0.7558 -0.1497
vn -0.6375 -0.7558 -0.1497
vn 0.5235 -0.2762 0.8060
vn 0.5235 -0.2762 0.8060
vn 0.3363 0.2058 -0.9190
vn -0.8492 0.3958 0.3495
vn -0.8492 0.3958 0.3495
vn -0.7227 0.4531 0.5219
vn -0.7227 0.4531 0.5219
vn -0.8460 0.2245 0.4836
vn 0.9083 -0.4122 -0.0717
vn 0.2446 0.8168 -0.5224
vn 0.2446 0.8168 -0.5224
vn 0.2742 -0.8096 -0.5190
vn 0.2742 -0.8096 -0.5190
vn 0.2742 -0.8096 -0.5190
vn 0.8972 -0.0450 0.4393
vn 0.8764 0.4816 0.0042
vn 0.8764 0.4816 0.0042
vn 0.8337 0.5181 0.1912
vn 0.8337 0.5181 0.1912
vn 0.8078 0.0554 0.5869
vn 0.8078 0.0554 0.5869
vn 0.8078 0.0554 0.5869
vn 0.2155 -0.2823 0.9348
vn 0.2155 -0.2823 0.9348
vn 0.1559 -0.9082 -0.3883
vn 0.1559 -0.9082 -0.3883
vn 0.0000 0.0000 0.0000
vn 0.0000 0.0000 0.0000
vn 0.3846 -0.1896 0.9034
vn 0.0000 0.0000 0.0000
vn 0.0000 0.0000 0.0000
vn 0.7792 0.1663 -0.6043
vn 0.7792 0.1663 -0.6043
vn 0.7792 0.1663 -0.6043
vn 0.7792 0.1663 -0.6043
vn 0.1781 0.3878 -0.9044
vn 0.1781 0.3878 -0.9044
vn 0.3021 0.5338 -0.7898
vn 0.4126 0.9030 0.1194
vn 0.4126 0.9030 0.1194
vn 0.5788 -0.3337 -0.7440
vn 0.4429 -0.7092 0.5486
vn 0.4429 -0.7092 0.5486
vn 0.4255 -0.1801 0.8869
vn 0.4255 -0.1801 0.8869
vn 0.4255 -0.1801 0.8869
vn 0.4526 0.3090 0.8364
vn 0.4526 0.3090 0.8364
vn 0.4526 0.3090 0.8364
vn 0.4526 0.3090 0.8364
vn 0.2371 0.5320 0.8129
vn -0.3103 0.4616 0.8310
vn 0.3082 0.1667 -0.9366
vn 0.3082 0.1667 -0.9366
vn -0.2958 0.8934 0.3383
vn -0.2958 0.8934 0.3383
vn -0.4609 0.8848 -0.0684
vn -0.4609 0.8848 -0.0684
vn -0.4609 0.8848 -0.0684
vn -0.0413 0.8229 -0.5667
vn -0.0413 0.8229 -0.5667
vn 0.0732 -0.9092 -0.4100
vn 0.0732 -0.9092 -0.4100
vn 0.8122 -0.0198 -0.5830
vn 0.7228 -0.5530 0.4143
vn 0.8770 0.1586 -0.4537
vn 0.8770 0.1586 -0.4537
vn 0.9494 0.1333 0.2843
vn 0.9494 0.1333 0.2843
vn 0.9554 0.2622 0.1356
vn 0.8909 0.2489 0.3798
vn 0.8909 0.2489 0.3798
vn 0.4514 -0.4122 0.7914
vn 0.4514 -0.4122 0.7914
vn 0.9791 -0.2027 0.0133
vn 0.9791 -0.2027 0.0133
vn 0.9791 -0.2027 0.0133
vn -0.2605 0.1551 0.9529
vn 0.5331 -0.7771 -0.3347
vn 0.5331 -0.7771 -0.3347
vn 0.5331 -0.7771 -0.3347
vn 0.5331 -0.7771 -0.3347
vn 0.9396 -0.1682 -0.2982
vn 0.9396 -0.1682 -0.2982
vn 0.9396 -0.1682 -0.2982
vn 0.9396 -0.1682 -0.2982
vn -0.3164 0.2062 0.9259
vn -0.0254 0.5607 0.8276
vn 0.5966 0.4953 -0.6315
vn 0.5966 0.4953 -0.6315
vn 0.8686 0.0824 0.4886
vn 0.6544 0.1539 -0.7403
vn 0.8259 -0.4810 0.2943
vn 0.8259 -0.4810 0.2943
vn 0.7930 -0.5698 0.2155
vn 0.4603 0.0054 -0.8877
vn -0.4103 0.7024 0.5816
vn -0.4103 0.7024 0.5816
vn 0.7310 0.2176 0.6467
vn 0.7310 0.2176 0.6467
vn 0.1678 -0.6603 0.7320
vn 0.1678 -0.6603 0.7320
vn 0.4226 -0.1881 -0.8866
vn 0.4226 -0.1881 -0.8866
vn 0.7240 0.1091 0.6811
vn 0.7240 0.1091 0.6811
vn 0.7240 0.1091 0.6811
vn 0.9814 0.1908 -0.0190
vn 0.9357 0.2188 0.2769
vn 0.9698 -0.2215 -0.1022
vn 0.9698 -0.2215 -0.1022
vn 0.6403 -0.1156 -0.7594
vn 0.6403 -0.1156 -0.7594
vn 0.6403 -0.1156 -0.7594
vn 0.6403 -0.1156 -0.7594
vn -0.5687 -0.7161 -0.4047
vn -0.5687 -0.7161 -0.4047
vn -0.5687 -0.7161 -0.4047
vn -0.5740 -0.6054 0.5513
vn -0.5740 -0.6054 0.5513
vn -0.2765 -0.1634 0.9470
vn 0.4747 -0.4797 -0.7379
vn 0.4747 -0.4797 -0.7379
vn 0.2071 0.6790 0.7043
vn 0.2071 0.6790 0.7043
vn -0.1437 0.4947 -0.8571
vn -0.1437 0.4947 -0.8571
vn 0.8772 0.1284 0.4626
vn 0.8772 0.1284 0.4626
vn 0.8772 0.1284 0.4626
vn 0.5070 -0.1305 0.8520
vn 0.7939 -0.0799 0.6027
vn 0.4165 -0.1546 0.8959
vn 0.9686 -0.1497 0.1986
vn 0.9686 -0.1497 0.1986
vn 0.7578 0.2967 0.5811
vn 0.7578 0.2967 0.5811
vn 0.3863 0.2185 0.8961
vn 0.9111 -0.4122 0.0009
vn 0.9111 -0.4122 0.0009
vn 0.9111 -0.4122 0.0009
vn 0.9526 0.1400 0.2701
vn 0.9526 0.1400 0.2701
vn 0.9526 0.1400 0.2701
vn 0.8922 0.1441 0.4281
vn 0.0441 0.4644 -0.8845
vn 0.0441 0.4644 -0.8845
vn 0.0441 0.4644 -0.8845
vn 0.6696 0.0425 0.7415
vn 0.6696 0.0425 0.7415
vn 0.6696 0.0425 0.7415
vn 0.0169 -0.5068 -0.8619
vn 0.0169 -0.5068 -0.8619
vn 0.7569 -0.3927 0.5224
vn 0.7569 -0.3927 0.5224
vn 0.9357 0.2835 0.2098
vn 0.9357 0.2835 0.2098
vn 0.9529 -0.0842 -0.2914
vn 0.9529 -0.0842 -0.2914
vn 0.0000 0.0000 0.0000
vn 0.0000 0.0000 0.0000
vn 0.2628 -0.0982 -0.9598
vn 0.2628 -0.0982 -0.9598
vn 0.2628 -0.0982 -0.9598
vn -0.4634 0.1866 -0.8662
vn -0.4634 0.1866 -0.8662
vn 0.2423 0.8251 -0.5105
vn 0.3774 0.7803 -0.4988
vn 0.3774 0.7803 -0.4988
vn 0.6135 0.5776 -0.5385
vn 0.6135 0.5776 -0.5385
vn 0.6849 0.1553 0.7119
vn 0.6849 0.1553 0.7119
vn 0.6843 0.3819 0.6212
vn 0.6843 0.3819 0.6212
vn 0.6963 -0.2257 0.6814
vn 0.6963 -0.2257 0.6814
vn 0.8318 -0.5019 0.2369
vn 0.8318 -0.5019 0.2369
vn -0.5948 -0.2256 -0.7716
vn -0.5948 -0.2256 -0.7716
vn 0.4345 0.0717 -0.8978
vn -0.1538 0.5233 0.8382
vn -0.1538 0.5233 0.8382
vn -0.0225 0.9457 0.3242
vn -0.1137 -0.5762 -0.8094
vn -0.1137 -0.5762 -0.8094
vn 0.9736 0.0082 0.2282
vn 0.0133 -0.2004 -0.9796
vn 0.6188 0.3477 0.7044
vn 0.6188 0.3477 0.7044
vn 0.6188 0.3477 0.7044
vn 0.7988 0.5972 -0.0731
vn 0.7988 0.5972 -0.0731
vn -0.0878 0.9716 0.2199
vn -0.0878 0.9716 0.2199
vn 0.6058 0.7663 0.2140
vn 0.6058 0.7663 0.2140
vn 0.8773 -0.3730 0.3020
vn 0.8773 -0.3730 0.3020
vn 0.8773 -0.3730 0.3020
vn 0.8773 -0.3730 0.3020
vn -0.4221 -0.3463 0.8378
vn -0.4221 -0.3463 0.8378
vn -0.4221 -0.3463 0.8378
vn -0.2038 -0.5608 -0.8025
vn -0.2038 -0.5608 -0.8025
vn -0.2496 -0.0254 0.9680
vn -0.3144 -0.9448 -0.0923
vn -0.3144 -0.9448 -0.0923
vn -0.3144 -0.9448 -0.0923
vn 0.8468 0.3247 0.4213
vn 0.8468 0.3247 0.4213
vn 0.4361 0.1640 -0.8848
vn 0.4361 0.1640 -0.8848
vn 0.7739 0.5184 -0.3637
vn 0.7739 0.5184 -0.3637
vn 0.7321 -0.4959 0.4671
vn 0.7321 -0.4959 0.4671
vn -0.2594 0.6029 0.7544
vn -0.2104 0.9010 -0.3795
vn 0.9682 -0.1622 0.1906
vn -0.2958 0.8820 0.3668
vn 0.9863 -0.0327 0.1616
vn 0.0591 0.8973 0.4374
vn 0.2959 -0.9099 -0.2906
vn 0.6688 -0.7028 0.2423
vn 0.6688 -0.7028 0.2423
vn 0.6688 -0.7028 0.2423
vn 0.2260 -0.3345 -0.9149
vn 0.2260 -0.3345 -0.9149
vn 0.2260 -0.3345 -0.9149
vn -0.1542 -0.6013 -0.7840
vn -0.1542 -0.6013 -0.7840
vn -0.1542 -0.6013 -0.7840
vn 0.3136 -0.1165 -0.9424
vn 0.3136 -0.1165 -0.9424
vn 0.3136 -0.1165 -0.9424
vn 0.3136 -0.1165 -0.9424
vn 0.3136 -0.1165 -0.9424
vn 0.5549 0.5020 0.6634
vn 0.5549 0.5020 0.6634
vn 0.5549 0.5020 0.6634
vn 0.4514 -0.4954 -0.7422
vn 0.2113 0.4271 -0.8792
vn 0.2113 0.4271 -0.8792
vn 0.1112 0.9001 0.4212
vn 0.1112 0.9001 0.4212
vn -0.4269 0.9010 0.0776
vn -0.4269 0.9010 0.0776
vn -0.9464 -0.2827 -0.1564
vn -0.9464 -0.2827 -0.1564
vn -0.4339 -0.0978 0.8956
vn -0.4339 -0.0978 0.8956
vn 0.6231 -0.1672 -0.7641
vn 0.6231 -0.1672 -0.7641
vn 0.5147 -0.3316 0.7906
vn 0.5147 -0.3316 0.7906
vn 0.2564 0.5924 0.7638
vn 0.2564 0.5924 0.7638
vn 0.2564 0.5924 0.7638
vn 0.2564 0.5924 0.7638
vn 0.2564 0.5924 0.7638
vn 0.1047 0.9594 -0.2618
vn 0.1047 0.9594 -0.2618
vn 0.9063 -0.0803 -0.4149
vn 0.5760 0.1587 -0.8019
vn 0.5760 0.1587 -0.8019
vn -0.8087 -0.5227 -0.2698
vn -0.8087 -0.5227 -0.2698
vn 0.4573 -0.8858 0.0788
vn 0.4573 -0.8858 0.0788
vn -0.5242 -0.2971 0.7981
vn -0.5242 -0.2971 0.7981
vn 0.7783 0.0653 -0.6245
vn 0.7783 0.0653 -0.6245
vn 0.7783 0.0653 -0.6245
vn 0.8235 -0.5647 -0.0540
vn 0.8235 -0.5647 -0.0540
vn 0.1040 0.5712 -0.8142
vn 0.1040 0.5712 -0.8142
vn 0.0043 0.5155 0.8569
vn 0.7158 0.0733 -0.6944
vn 0.7158 0.0733 -0.6944
vn 0.7158 0.0733 -0.6944
vn 0.7158 0.0733 -0.6944
vn 0.7158 0.0733 -0.6944
vn 0.9620 0.1715 0.2126
vn 0.9620 0.1715 0.2126
vn 0.8984 -0.1752 0.4028
vn 0.8207 -0.2190 0.5278
vn 0.8207 -0.2190 0.5278
vn 0.9502 -0.1867 0.2495
vn 0.9502 -0.1867 0.2495
vn -0.0274 0.6376 0.7699
vn 0.0228 0.7651 0.6435
vn 0.0228 0.7651 0.6435
vn -0.3899 0.6675 -0.6344
vn -0.3899 0.6675 -0.6344
vn 0.2204 0.7842 -0.5800
vn 0.2204 0.7842 -0.5800
vn 0.2204 0.7842 -0.5800
vn 0.2204 0.7842 -0.5800
vn 0.2204 0.7842 -0.5800
vn 0.1791 0.3024 -0.9362
vn 0.1791 0.3024 -0.9362
vn 0.1791 0.3024 -0.9362
vn 0.1791 0.3024 -0.9362
vn -0.5500 -0.3320 0.7663
vn -0.5500 -0.3320 0.7663
vn 0.9671 0.1906 -0.1687
vn 0.9671 0.1906 -0.1687
vn 0.9671 0.1906 -0.1687
vn 0.5531 0.0627 0.8308
vn 0.5531 0.0627 0.8308
vn 0.7195 -0.3114 0.6208
vn 0.7195 -0.3114 0.6208
vn 0.6144 -0.7395 -0.2751
vn 0.6224 0.0500 0.7811
vn 0.6224 0.0500 0.7811
vn 0.6224 0.0500 0.7811
vn -0.5213 0.7457 -0.4148
vn 0.8777 0.0604 -0.4755
vn 0.8777 0.0604 -0.4755
vn 0.1658 -0.9859 0.0202
vn 0.1658 -0.9859 0.0202
vn 0.0964 -0.0664 0.9931
vn 0.2934 0.5865 0.7550
vn 0.2934 0.5865 0.7550
vn 0.2934 0.5865 0.7550
vn 0.4042 0.4154 0.8149
vn 0.4042 0.4154 0.8149
vn 0.7885 0.5100 -0.3436
vn 0.7885 0.5100 -0.3436
vn 0.9195 -0.0088 -0.3930
vn 0.9195 -0.0088 -0.3930
vn 0.9195 -0.0088 -0.3930
vn 0.9195 -0.0088 -0.3930
vn -0.0218 0.6026 -0.7978
vn -0.0218 0.6026 -0.7978
vn 0.8561 0.5131 0.0618
vn 0.8561 0.5131 0.0618
vn 0.9562 -0.2151 0.1985
vn 0.8174 -0.5253 -0.2364
vn 0.8174 -0.5253 -0.2364
vn 0.5654 -0.8138 0.1344
vn 0.5654 -0.8138 0.1344
vn 0.5050 -0.2998 0.8094
vn 0.5050 -0.2998 0.8094
vn 0.5010 -0.0759 0.8621
vn 0.5010 -0.0759 0.8621
vn 0.2860 0.4212 0.8607
vn 0.2860 0.4212 0.8607
vn -0.6071 -0.6148 -0.5034
vn -0.6071 -0.6148 -0.5034
vn -0.6071 -0.6148 -0.5034
vn 0.9966 0.0292 0.0771
vn 0.9966 0.0292 0.0771
vn 0.9966 0.0292 0.0771
vn 0.0104 0.9933 -0.1150
vn 0.0104 0.9933 -0.1150
vn 0.0104 0.9933 -0.1150
vn 0.9732 0.1207 0.1959
vn 0.9291 -0.3001 -0.2160
vn 0.9291 -0.3001 -0.2160
vn 0.9291 -0.3001 -0.2160
vn -0.0038 0.7931 0.6090
vn -0.0038 0.7931 0.6090
vn -0.0038 0.7931 0.6090
vn -0.5628 0.8221 -0.0867
vn 0.3829 -0.6288 -0.6768
vn 0.3829 -0.6288 -0.6768
vn 0.8267 -0.0010 -0.5626
vn 0.8267 -0.0010 -0.5626
vn 0.2361 -0.1706 0.9566
vn 0.8987 -0.2066 0.3868
vn 0.8987 -0.2066 0.3868
vn 0.6825 0.6495 -0.3351
vn 0.6825 0.6495 -0.3351
vn 0.4006 0.8451 -0.3540
vn 0.4006 0.8451 -0.3540
vn 0.4006 0.8451 -0.3540
vn 0.2628 0.8252 0.4999
vn 0.2628 0.8252 0.4999
vn 0.2096 -0.0111 0.9777
vn 0.2096 -0.0111 0.9777
vn 0.1023 0.0475 -0.9936
vn -0.4422 0.8969 -0.0012
vn -0.4422 0.8969 -0.0012
vn 0.7780 -0.1104 0.6185
vn 0.7780 -0.1104 0.6185
vn 0.5198 0.8539 -0.0238
vn 0.5198 0.8539 -0.0238
vn 0.5198 0.8539 -0.0238
vn 0.5198 0.8539 -0.0238
vn 0.5886 0.7419 0.3212
vn 0.5886 0.7419 0.3212
vn 0.1724 0.8946 0.4123
vn 0.1724 0.8946 0.4123
vn 0.1724 0.8946 0.4123
vn 0.1724 0.8946 0.4123
vn 0.0957 0.3094 0.9461
vn 0.0957 0.3094 0.9461
vn 0.0000 0.0000 -0.0000
vn 0.0000 0.0000 -0.0000
vn 0.2046 0.1325 -0.9698
vn 0.2046 0.1325 -0.9698
vn 0.3996 -0.0966 -0.9116
vn 0.3996 -0.0966 -0.9116
vn 0.3877 0.6684 0.6348
vn 0.3877 0.6684 0.6348
vn 0.8796 -0.4458 0.1658
vn 0.8796 -0.4458 0.1658
vn 0.8796 -0.4458 0.1658
vn -0.6686 0.6242 -0.4042
vn -0.0666 0.9420 0.3290
vn -0.0666 0.9420 0.3290
vn -0.0666 0.9420 0.3290
vn 0.3614 -0.5073 -0.7823
vn 0.3614 -0.5073 -0.7823
vn 0.2677 0.0631 0.9614
vn 0.6451 -0.5645 0.5150
vn 0.6451 -0.5645 0.5150
vn 0.7641 -0.4294 0.4815
vn 0.7641 -0.4294 0.4815
vn -0.6170 -0.6987 0.3623
vn -0.6170 -0.6987 0.3623
vn -0.2084 -0.2421 0.9476
vn -0.2084 -0.2421 0.9476
vn 0.8904 -0.0915 -0.4459
vn 0.9454 0.3251 0.0223
vn 0.9454 0.3251 0.0223
vn 0.9454 0.3251 0.0223
vn 0.9454 0.3251 0.0223
vn 0.8183 -0.0418 -0.5733
vn 0.8183 -0.0418 -0.5733
vn 0.9097 0.3926 0.1356
vn 0.9097 0.3926 0.1356
vn 0.9097 0.3926 0.1356
vn 0.2849 -0.7207 0.6320
vn 0.2849 -0.7207 0.6320
vn 0.5720 -0.2923 0.7664
vn 0.5720 -0.2923 0.7664
vn 0.3593 0.7163 0.5982
vn 0.3593 0.7163 0.5982
vn 0.3593 0.7163 0.5982
vn 0.3593 0.7163 0.5982
vn 0.4023 0.6030 -0.6889
vn 0.4023 0.6030 -0.6889
vn 0.7606 0.6400 0.1089
vn 0.7606 0.6400 0.1089
vn 0.7606 0.6400 0.1089
vn 0.7606 0.6400 0.1089
vn 0.7817 -0.5996 0.1713
vn 0.7817 -0.5996 0.1713
vn -0.4504 0.8924 -0.0282
vn 0.7225 -0.0612 -0.6886
vn 0.1386 0.2251 0.9644
vn 0.1386 0.2251 0.9644
vn 0.7345 -0.2665 0.6241
vn 0.7345 -0.2665 0.6241
vn 0.5783 -0.2166 -0.7865
vn 0.1135 -0.8037 -0.5841
vn 0.1135 -0.8037 -0.5841
vn 0.1135 -0.8037 -0.5841
vn 0.1135 -0.8037 -0.5841
vn 0.1135 -0.8037 -0.5841
vn 0.1135 -0.8037 -0.5841
vn -0.0913 0.1633 -0.9824
vn 0.8054 0.4601 0.3737
vn 0.8054 0.4601 0.3737
vn 0.1022 0.8897 -0.4450
vn 0.1022 0.8897 -0.4450
vn 0.6819 0.6440 -0.3468
vn 0.6819 0.6440 -0.3468
vn 0.6819 0.6440 -0.3468
vn 0.6819 0.6440 -0.3468
vn 0.3914 0.8527 -0.3461
vn 0.3914 0.8527 -0.3461
vn 0.6757 -0.3411 0.6535
vn 0.6757 -0.3411 0.6535
vn 0.5321 0.1713 0.8291
vn 0.5321 0.1713 0.8291
vn 0.5321 0.1713 0.8291
vn -0.3325 0.6324 0.6996
vn -0.3263 0.5172 -0.7912
vn -0.3263 0.5172 -0.7912
vn 0.9296 0.2979 0.2170
vn 0.9296 0.2979 0.2170
vn 0.9296 0.2979 0.2170
vn 0.9296 0.2979 0.2170
vn -0.9879 -0.1260 -0.0905
vn -0.9879 -0.1260 -0.0905
vn -0.7703 0.2860 -0.5700
vn -0.7703 0.2860 -0.5700
vn -0.7703 0.2860 -0.5700
vn -0.7703 0.2860 -0.5700
vn -0.8720 0.0750 -0.4838
vn -0.8720 0.0750 -0.4838
vn -0.9601 0.2660 -0.0867
vn -0.9601 0.2660 -0.0867
vn -0.7709 -0.4345 0.4658
vn -0.7709 -0.4345 0.4658
vn -0.7709 -0.4345 0.4658
vn -0.7709 -0.4345 0.4658
vn -0.7709 -0.4345 0.4658
vn -0.7709 -0.4345 0.4658
vn -0.9446 0.1824 -0.2729
vn -0.1353 0.7140 -0.6870
vn -0.1353 0.7140 -0.6870
vn -0.1353 0.7140 -0.6870
vn 0.5099 0.6112 0.6054
vn 0.5099 0.6112 0.6054
vn 0.5099 0.6112 0.6054
vn 0.5099 0.6112 0.6054
vn 0.0515 -0.4645 -0.8841
vn 0.3562 0.0465 -0.9332
vn 0.3562 0.0465 -0.9332
vn 0.0328 0.4693 -0.8824
vn 0.0328 0.4693 -0.8824
vn 0.0328 0.4693 -0.8824
vn 0.0328 0.4693 -0.8824
vn 0.7013 0.7029 -0.1189
vn 0.7013 0.7029 -0.1189
vn 0.5823 0.6327 -0.5105
vn 0.5823 0.6327 -0.5105
vn 0.5823 0.6327 -0.5105
vn 0.4217 -0.8745 -0.2394
vn 0.4217 -0.8745 -0.2394
vn 0.4217 -0.8745 -0.2394
vn -0.9502 -0.0558 -0.3066
vn 0.4864 -0.1291 -0.8642
vn 0.4864 -0.1291 -0.8642
vn 0.7845 0.3119 -0.5359
vn 0.7845 0.3119 -0.5359
vn 0.7063 0.4495 0.5469
vn 0.7063 0.4495 0.5469
vn 0.1607 0.7402 0.6529
vn 0.1607 0.7402 0.6529
vn 0.7648 0.3128 -0.5632
vn 0.7648 0.3128 -0.5632
vn 0.9075 0.0161 0.4197
vn 0.9075 0.0161 0.4197
vn 0.0878 0.5154 -0.8524
vn 0.0878 0.5154 -0.8524
vn 0.6565 0.4172 -0.6284
vn 0.6565 0.4172 -0.6284
vn 0.1040 0.9409 -0.3224
vn 0.1040 0.9409 -0.3224
vn 0.1040 0.9409 -0.3224
vn 0.4603 0.4300 0.7766
vn 0.4603 0.4300 0.7766
vn 0.4603 0.4300 0.7766
vn -0.1912 -0.7129 0.6747
vn -0.1912 -0.7129 0.6747
vn -0.1912 -0.7129 0.6747
vn 0.2561 0.3852 -0.8866
vn 0.4890 0.0181 0.8721
vn 0.4890 0.0181 0.8721
vn 0.4992 0.7758 0.3860
vn 0.4992 0.7758 0.3860
vn 0.8524 -0.2961 0.4311
vn 0.8524 -0.2961 0.4311
vn -0.0572 0.1212 -0.9910
vn 0.7386 -0.1736 0.6514
vn 0.7386 -0.1736 0.6514
vn -0.7546 -0.6057 -0.2523
vn -0.7166 -0.6397 0.2780
vn -0.7166 -0.6397 0.2780
vn 0.4268 -0.8389 -0.3378
vn 0.4268 -0.8389 -0.3378
vn 0.4268 -0.8389 -0.3378
vn 0.2170 0.7157 0.6638
vn 0.2170 0.7157 0.6638
vn 0.9069 0.3930 -0.1516
vn 0.9069 0.3930 -0.1516
vn -0.1594 -0.9253 0.3443
vn 0.1951 -0.5846 -0.7875
vn 0.7420 0.0861 0.6648
vn 0.7420 0.0861 0.6648
vn 0.3097 0.0757 -0.9478
vn 0.7948 0.3311 0.5086
vn 0.7948 0.3311 0.5086
vn 0.4476 0.6210 -0.6434
vn 0.4476 0.6210 -0.6434
vn 0.4476 0.6210 -0.6434
vn -0.7396 0.3014 0.6017
vn -0.7396 0.3014 0.6017
vn -0.2170 -0.9719 0.0911
vn -0.2170 -0.9719 0.0911
vn -0.2170 -0.9719 0.0911
vn 0.5603 0.2852 -0.7777
vn 0.5603 0.2852 -0.7777
vn 0.3600 -0.2179 -0.9072
vn 0.3600 -0.2179 -0.9072
vn 0.3600 -0.2179 -0.9072
vn 0.3600 -0.2179 -0.9072
vn 0.6052 -0.4571 -0.6517
vn 0.6052 -0.4571 -0.6517
vn 0.5636 0.0037 0.8261
vn 0.7002 -0.3437 0.6258
vn 0.7002 -0.3437 0.6258
vn 0.6150 0.0838 0.7841
vn 0.6150 0.0838 0.7841
vn -0.5922 -0.4108 -0.6932
vn -0.5922 -0.4108 -0.6932
vn -0.8774 -0.3425 -0.3360
vn -0.1451 -0.7861 0.6008
vn -0.5556 0.7560 -0.3461
vn -0.5556 0.7560 -0.3461
vn -0.7725 0.6184 0.1443
vn -0.7725 0.6184 0.1443
vn -0.7725 0.6184 0.1443
vn -0.4775 -0.7258 0.4952
vn 0.3804 -0.9092 -0.1694
vn 0.3804 -0.9092 -0.1694
vn 0.0713 0.5459 0.8348
vn 0.0713 0.5459 0.8348
vn 0.0713 0.5459 0.8348
vn 0.4669 0.7363 0.4898
vn 0.8517 0.4421 -0.2813
vn 0.8517 0.4421 -0.2813
vn 0.8517 0.4421 -0.2813
vn 0.8162 -0.0329 -0.5769
vn 0.8162 -0.0329 -0.5769
vn -0.1514 -0.1699 0.9738
vn -0.1514 -0.1699 0.9738
vn -0.0326 0.0704 -0.9970
vn 0.6175 0.1340 0.7750
vn 0.6175 0.1340 0.7750
vn 0.6941 0.4158 0.5876
vn 0.6941 0.4158 0.5876
vn 0.5250 0.8506 0.0289
vn 0.5250 0.8506 0.0289
vn 0.5250 0.8506 0.0289
vn 0.5250 0.8506 0.0289
vn -0.5809 0.0486 0.8125
vn -0.5809 0.0486 0.8125
vn -0.5640 -0.7861 0.2530
vn -0.5640 -0.7861 0.2530
vn 0.2401 -0.4952 -0.8349
vn 0.2401 -0.4952 -0.8349
vn 0.4811 0.3074 0.8210
vn 0.4811 0.3074 0.8210
vn 0.4811 0.3074 0.8210
vn 0.7400 0.3659 0.5643
vn 0.5416 0.5856 0.6031
vn 0.8929 0.2774 0.3547
vn 0.9773 0.0683 0.2008
vn 0.9128 0.3992 0.0859
vn 0.9128 0.3992 0.0859
vn -0.0470 -0.2837 -0.9578
vn 0.9844 0.1113 0.1366
vn 0.9844 0.1113 0.1366
vn 0.9844 0.1113 0.1366
vn 0.7023 0.1986 -0.6836
vn 0.7023 0.1986 -0.6836
vn 0.7023 0.1986 -0.6836
vn 0.7023 0.1986 -0.6836
vn 0.5185 0.7991 -0.3042
vn 0.5185 0.7991 -0.3042
vn 0.5185 0.7991 -0.3042
vn 0.5185 0.7991 -0.3042
vn 0.8941 -0.4109 -0.1785
vn 0.8941 -0.4109 -0.1785
vn 0.8941 -0.4109 -0.1785
vn 0.4710 -0.4684 0.7475
vn 0.4710 -0.4684 0.7475
vn -0.3542 0.8894 -0.2890
vn -0.3542 0.8894 -0.2890
vn -0.3542 0.8894 -0.2890
vn -0.9559 -0.2867 0.0638
vn -0.9559 -0.2867 0.0638
vn -0.9817 0.1064 0.1580
vn -0.8090 0.3035 -0.5034
vn -0.8090 0.3035 -0.5034
vn -0.8442 0.2675 0.4646
vn -0.9687 -0.1177 0.2188
vn -0.9687 -0.1177 0.2188
vn -0.7642 0.0818 -0.6398
vn -0.7642 0.0818 -0.6398
vn -0.4610 -0.6544 0.5994
vn -0.1650 -0.2949 0.9412
vn -0.1650 -0.2949 0.9412
vn -0.1650 -0.2949 0.9412
vn -0.4751 0.5320 -0.7010
vn -0.4751 0.5320 -0.7010
vn 0.5643 0.2940 0.7714
vn 0.5643 0.2940 0.7714
vn 0.2033 0.9218 -0.3300
vn 0.2033 0.9218 -0.3300
vn 0.2979 -0.7727 -0.5606
vn 0.2979 -0.7727 -0.5606
vn 0.2979 -0.7727 -0.5606
vn 0.8464 0.5150 -0.1355
vn 0.7657 -0.2114 0.6074
vn 0.7657 -0.2114 0.6074
vn 0.9345 0.0303 -0.3548
vn 0.9345 0.0303 -0.3548
vn 0.1059 0.2794 -0.9543
vn 0.7320 0.2938 -0.6147
vn 0.7320 0.2938 -0.6147
vn 0.9390 -0.1024 0.3283
vn 0.9390 -0.1024 0.3283
vn 0.7127 0.4401 -0.5463
vn 0.6105 -0.3761 -0.6970
vn 0.6105 -0.3761 -0.6970
vn 0.8573 -0.4578 0.2355
vn -0.6201 -0.6022 -0.5029
vn -0.6201 -0.6022 -0.5029
vn -0.6201 -0.6022 -0.5029
vn -0.0684 -0.9976 -0.0085
vn -0.9632 -0.0906 0.2530
vn -0.9632 -0.0906 0.2530
vn -0.3936 0.0820 -0.9156
vn -0.3936 0.0820 -0.9156
vn -0.3936 0.0820 -0.9156
vn -0.0001 -0.9992 -0.0406
vn -0.0001 -0.9992 -0.0406
vn -0.0001 -0.9992 -0.0406
vn -0.5460 -0.0790 0.8341
vn -0.5460 -0.0790 0.8341
vn -0.5460 -0.0790 0.8341
vn -0.4411 -0.1504 -0.8848
vn -0.4411 -0.1504 -0.8848
vn 0.1434 0.5978 -0.7887
vn 0.1434 0.5978 -0.7887
vn 0.1434 0.5978 -0.7887
vn 0.6188 -0.2150 -0.7556
vn 0.6188 -0.2150 -0.7556
vn -0.0433 -0.9970 -0.0640
vn -0.0433 -0.9970 -0.0640
vn 0.9436 0.2795 0.1772
vn 0.9436 0.2795 0.1772
vn 0.9436 0.2795 0.1772
vn 0.9534 0.0420 0.2989
vn 0.9534 0.0420 0.2989
vn -0.5422 -0.7561 0.3664
vn 0.6449 0.6595 0.3863
vn 0.0000 0.0000 0.0000
vn 0.0000 0.0000 0.0000
vn 0.5287 0.2881 -0.7984
vn 0.5287 0.2881 -0.7984
vn 0.5287 0.2881 -0.7984
vn 0.5404 0.5588 0.6290
vn 0.5404 0.5588 0.6290
vn 0.3438 0.3515 -0.8708
vn 0.3438 0.3515 -0.8708
vn 0.0222 -0.7381 0.6743
vn 0.0579 -0.3396 0.9388
vn 0.0579 -0.3396 0.9388
vn 0.0579 -0.3396 0.9388
vn 0.0579 -0.3396 0.9388
vn 0.7487 -0.6595 0.0678
vn 0.7487 -0.6595 0.0678
vn -0.5211 -0.5826 0.6237
vn -0.5211 -0.5826 0.6237
vn 0.7160 0.3363 -0.6117
vn 0.7160 0.3363 -0.6117
vn 0.2005 -0.9409 -0.2731
vn 0.2005 -0.9409 -0.2731
vn 0.2005 -0.9409 -0.2731
vn -0.8694 -0.4788 0.1217
vn -0.8694 -0.4788 0.1217
vn -0.8547 0.4259 0.2968
vn 0.1005 0.2181 -0.9707
vn 0.2054 0.0555 -0.9771
vn 0.5167 -0.5567 0.6504
vn 0.5167 -0.5567 0.6504
vn 0.5167 -0.5567 0.6504
vn 0.8446 0.5176 -0.1366
vn 0.6191 0.3631 -0.6963
vn 0.6191 0.3631 -0.6963
vn 0.9278 0.2745 0.2526
vn 0.9278 0.2745 0.2526
vn 0.3803 -0.9164 0.1248
vn 0.8456 -0.4677 0.2572
vn 0.8456 -0.4677 0.2572
vn 0.8264 -0.5017 -0.2558
vn 0.8264 -0.5017 -0.2558
vn -0.5211 -0.8117 -0.2639
vn -0.5211 -0.8117 -0.2639
vn -0.9284 0.1355 0.3459
vn -0.9284 0.1355 0.3459
vn 0.1297 0.2364 -0.9630
vn 0.4713 0.8553 -0.2152
vn 0.8295 0.2494 0.4997
vn 0.8295 0.2494 0.4997
vn 0.9858 0.0358 -0.1639
vn 0.9858 0.0358 -0.1639
vn 0.9580 -0.2772 0.0729
vn 0.9580 -0.2772 0.0729
vn 0.9365 0.3477 0.0446
vn 0.9365 0.3477 0.0446
vn 0.9365 0.3477 0.0446
vn 0.9365 0.3477 0.0446
vn 0.2956 -0.1780 0.9386
vn 0.9917 -0.1015 0.0784
vn 0.9917 -0.1015 0.0784
vn 0.9917 -0.1015 0.0784
vn 0.9917 -0.1015 0.0784
vn 0.5116 -0.0107 -0.8592
vn 0.5116 -0.0107 -0.8592
vn -0.4813 0.6982 0.5300
vn -0.4813 0.6982 0.5300
vn 0.0469 0.6596 0.7502
vn 0.0469 0.6596 0.7502
vn 0.0469 0.6596 0.7502
vn 0.0469 0.6596 0.7502
vn 0.0469 0.6596 0.7502
vn -0.3412 -0.7208 -0.6033
vn -0.3412 -0.7208 -0.6033
vn 0.7609 0.1175 0.6381
vn 0.7609 0.1175 0.6381
vn 0.6479 0.6681 0.3659
vn 0.9109 0.3936 -0.1241
vn 0.6871 -0.5793 0.4386
vn 0.6871 -0.5793 0.4386
vn 0.4648 -0.8611 0.2058
vn 0.4648 -0.8611 0.2058
vn 0.4648 -0.8611 0.2058
vn 0.4648 -0.8611 0.2058
vn -0.6354 0.1484 0.7578
vn 0.8787 -0.1343 0.4581
vn 0.8787 -0.1343 0.4581
vn 0.8787 -0.1343 0.4581
vn 0.7553 0.2265 -0.6149
vn 0.6681 -0.3928 0.6319
vn 0.6681 -0.3928 0.6319
vn -0.5657 -0.6356 0.5254
vn -0.5657 -0.6356 0.5254
vn -0.5657 -0.6356 0.5254
vn 0.6167 0.5544 0.5589
vn 0.6167 0.5544 0.5589
vn 0.6167 0.5544 0.5589
vn 0.6369 0.6057 0.4769
vn 0.6369 0.6057 0.4769
vn 0.6369 0.6057 0.4769
vn 0.3507 -0.5731 0.7407
vn 0.3507 -0.5731 0.7407
vn 0.7727 -0.3247 0.5454
vn 0.7727 -0.3247 0.5454
vn 0.9712 -0.0999 -0.2165
vn 0.9712 -0.0999 -0.2165
vn 0.9073 0.3572 -0.2220
vn -0.1791 -0.5626 -0.8071
vn -0.1791 -0.5626 -0.8071
vn 0.2441 0.1288 -0.9612
vn 0.7597 0.6133 -0.2164
vn 0.7597 0.6133 -0.2164
vn 0.9701 0.2234 0.0947
vn -0.0318 -0.4084 0.9123
vn 0.6979 0.4763 -0.5348
vn 0.6979 0.4763 -0.5348
vn 0.6565 0.2576 -0.7090
vn 0.6565 0.2576 -0.7090
vn 0.1436 0.2760 -0.9504
vn 0.5560 -0.4086 0.7238
vn 0.5560 -0.4086 0.7238
vn 0.5715 0.3330 -0.7500
vn 0.5715 0.3330 -0.7500
vn 0.5715 0.3330 -0.7500
vn 0.9057 0.4234 0.0209
vn 0.9057 0.4234 0.0209
vn 0.9057 0.4234 0.0209
vn 0.5618 -0.8249 -0.0630
vn 0.5618 -0.8249 -0.0630
vn -0.4532 0.8911 0.0237
vn -0.4532 0.8911 0.0237
vn 0.2736 -0.1010 -0.9565
vn 0.2736 -0.1010 -0.9565
vn 0.6659 0.3999 0.6298
vn 0.7690 0.2615 -0.5833
vn 0.7690 0.2615 -0.5833
vn 0.4550 0.4615 0.7616
vn 0.4550 0.4615 0.7616
vn -0.3638 -0.6322 -0.6841
vn -0.3638 -0.6322 -0.6841
vn -0.6912 -0.7180 0.0819
vn 0.0731 -0.1579 -0.9847
vn 0.3432 -0.0023 -0.9393
vn 0.5353 0.2809 -0.7966
vn 0.6836 -0.2201 0.6959
vn 0.6836 -0.2201 0.6959
vn -0.2579 -0.7984 0.5441
vn -0.2579 -0.7984 0.5441
vn -0.2579 -0.7984 0.5441
vn -0.2579 -0.7984 0.5441
vn 0.6427 0.3920 0.6583
vn -0.1004 -0.4597 -0.8824
vn 0.8616 0.4919 0.1255
vn 0.8616 0.4919 0.1255
vn 0.2762 -0.9455 -0.1727
vn 0.2762 -0.9455 -0.1727
vn 0.2762 -0.9455 -0.1727
vn 0.2762 -0.9455 -0.1727
vn 0.1233 0.6600 0.7411
vn 0.1233 0.6600 0.7411
vn 0.0808 0.8618 0.5008
vn 0.2167 0.9341 0.2837
vn 0.2167 0.9341 0.2837
vn 0.6065 0.6198 0.4980
vn 0.6065 0.6198 0.4980
vn 0.6065 0.6198 0.4980
vn 0.0000 0.0000 0.0000
vn 0.0000 0.0000 0.0000
vn 0.9953 0.0256 0.0935
vn 0.9292 0.1894 0.3175
vn 0.9214 0.3271 0.2098
vn 0.9214 0.3271 0.2098
vn -0.4987 -0.8167 0.2902
vn 0.6846 0.3834 0.6199
vn 0.6846 0.3834 0.6199
vn 0.6846 0.3834 0.6199
vn 0.0445 -0.9989 -0.0136
vn 0.0445 -0.9989 -0.0136
vn 0.0445 -0.9989 -0.0136
vn 0.0445 -0.9989 -0.0136
vn 0.8469 0.3879 -0.3638
vn 0.8469 0.3879 -0.3638
vn 0.9839 -0.1052 -0.1443
vn 0.9839 -0.1052 -0.1443
vn 0.9839 -0.1052 -0.1443
vn 0.9839 -0.1052 -0.1443
vn 0.9926 -0.1212 0.0061
vn 0.9690 0.2466 -0.0159
vn 0.9690 0.2466 -0.0159
vn -0.5205 0.3886 0.7603
vn -0.5205 0.3886 0.7603
vn -0.4360 -0.8993 -0.0351
vn -0.4360 -0.8993 -0.0351
vn 0.8873 0.1763 -0.4262
vn 0.8873 0.1763 -0.4262
vn 0.8248 0.5082 -0.2480
vn 0.8248 0.5082 -0.2480
vn -0.0722 -0.6696 -0.7392
vn -0.0722 -0.6696 -0.7392
vn 0.7497 0.5745 -0.3286
vn 0.7497 0.5745 -0.3286
vn 0.8008 0.0843 -0.5929
vn 0.8008 0.0843 -0.5929
vn 0.4168 0.6960 0.5847
vn 0.4168 0.6960 0.5847
vn 0.9513 -0.0626 -0.3019
vn 0.8912 0.4470 -0.0775
vn 0.0000 0.0000 0.0000
vn 0.0000 0.0000 0.0000
vn -0.8331 -0.3415 0.4351
vn -0.8331 -0.3415 0.4351
vn 0.6320 0.6814 -0.3692
vn 0.6320 0.6814 -0.3692
vn -0.4099 0.6678 0.6213
vn 0.8839 0.4591 -0.0898
vn 0.8839 0.4591 -0.0898
vn 0.9614 0.2587 -0.0943
vn 0.7221 0.4176 -0.5515
vn 0.7221 0.4176 -0.5515
vn 0.7221 0.4176 -0.5515
vn 0.5261 0.6868 0.5016
vn 0.5261 0.6868 0.5016
vn 0.4960 -0.8213 0.2818
vn 0.4960 -0.8213 0.2818
vn 0.4960 -0.8213 0.2818
vn 0.0000 0.0000 0.0000
vn 0.0000 0.0000 0.0000
vn 0.5773 0.7804 0.2400
vn 0.5773 0.7804 0.2400
vn -0.3937 -0.8727 0.2886
vn -0.3937 -0.8727 0.2886
vn 0.7573 0.3348 -0.5607
vn 0.7573 0.3348 -0.5607
vn 0.5242 0.7163 -0.4606
vn 0.5242 0.7163 -0.4606
vn 0.0193 0.2155 0.9763
vn 0.0193 0.2155 0.9763
vn 0.0193 0.2155 0.9763
vn 0.5839 0.7769 0.2358
vn 0.5839 0.7769 0.2358
vn -0.9225 0.1905 0.3358
vn 0.5652 -0.0333 -0.8243
vn -0.6847 -0.7251 0.0741
vn -0.6847 -0.7251 0.0741
vn -0.6847 -0.7251 0.0741
vn -0.8320 -0.1803 0.5246
vn -0.8320 -0.1803 0.5246
vn -0.8320 -0.1803 0.5246
vn -0.7479 0.4986 0.4382
vn -0.7479 0.4986 0.4382
vn -0.7479 0.4986 0.4382
vn 0.6281 -0.6937 0.3525
vn 0.6281 -0.6937 0.3525
vn -0.5531 0.8004 -0.2312
vn -0.5531 0.8004 -0.2312
vn -0.0486 0.6923 -0.7199
vn -0.0486 0.6923 -0.7199
vn -0.0486 0.6923 -0.7199
vn -0.0486 0.6923 -0.7199
vn -0.0486 0.6923 -0.7199
vn 0.8984 0.4139 -0.1468
vn 0.5210 -0.7573 -0.3938
vn 0.5210 -0.7573 -0.3938
vn -0.1034 -0.9883 -0.1121
vn -0.1034 -0.9883 -0.1121
vn -0.4090 -0.7676 0.4934
vn -0.4090 -0.7676 0.4934
vn -0.4090 -0.7676 0.4934
vn -0.4709 -0.5193 0.7131
vn -0.4709 -0.5193 0.7131
vn -0.3908 -0.7141 0.5808
vn -0.3908 -0.7141 0.5808
vn -0.7038 0.0697 0.7070
vn -0.7038 0.0697 0.7070
vn -0.7038 0.0697 0.7070
vn 0.6288 0.5402 -0.5593
vn -0.3973 0.9174 0.0242
vn -0.3973 0.9174 0.0242
vn -0.7070 0.6969 -0.1203
vn -0.7070 0.6969 -0.1203
vn 0.7743 0.5667 0.2816
vn 0.7743 0.5667 0.2816
vn 0.7743 0.5667 0.2816
vn 0.2101 -0.9642 0.1618
vn -0.0282 -0.9369 -0.3485
vn -0.2307 -0.5238 0.8200
vn -0.2307 -0.5238 0.8200
vn -0.7686 0.5293 0.3593
vn -0.7686 0.5293 0.3593
vn 0.4317 0.1194 -0.8941
vn -0.1360 0.8723 0.4696
vn -0.1360 0.8723 0.4696
vn 0.9071 -0.3591 -0.2196
vn 0.9071 -0.3591 -0.2196
vn -0.6840 -0.3423 0.6442
vn -0.6840 -0.3423 0.6442
vn -0.9741 -0.2169 -0.0638
vn -0.3505 -0.9365 -0.0134
vn -0.3505 -0.9365 -0.0134
vn -0.3505 -0.9365 -0.0134
vn -0.8268 0.5481 -0.1265
vn -0.6791 0.1633 -0.7157
vn -0.6791 0.1633 -0.7157
vn -0.6791 0.1633 -0.7157
vn 0.1973 -0.9631 0.1831
vn 0.3412 -0.5677 -0.7492
vn 0.3412 -0.5677 -0.7492
vn -0.0818 0.3054 -0.9487
vn -0.3303 0.2959 0.8963
vn -0.3303 0.2959 0.8963
vn -0.3369 -0.6275 0.7020
vn -0.3369 -0.6275 0.7020
vn -0.3369 -0.6275 0.7020
vn -0.8616 0.1873 0.4717
vn 0.0554 0.9954 0.0777
vn 0.0554 0.9954 0.0777
vn 0.0554 0.9954 0.0777
vn -0.1464 -0.7048 0.6941
vn -0.7003 -0.4913 0.5179
vn -0.7003 -0.4913 0.5179
vn 0.2605 -0.4795 0.8380
vn 0.2605 -0.4795 0.8380
vn 0.2605 -0.4795 0.8380
vn -0.8551 0.4457 -0.2649
vn -0.8551 0.4457 -0.2649
vn -0.5551 0.5218 -0.6478
vn -0.5551 0.5218 -0.6478
vn 0.0811 -0.9119 0.4022
vn -0.1924 -0.9266 0.3229
vn -0.8877 0.4557 -0.0663
vn -0.8877 0.4557 -0.0663
vn -0.8877 0.4557 -0.0663
vn -0.9710 -0.1348 0.1976
vn -0.9710 -0.1348 0.1976
vn -0.4862 0.8687 0.0941
vn -0.4862 0.8687 0.0941
vn 0.1748 0.9292 -0.3257
vn 0.1748 0.9292 -0.3257
vn 0.4981 -0.3227 -0.8048
vn -0.8004 -0.2170 0.5588
vn -0.8004 -0.2170 0.5588
vn -0.9400 0.1046 0.3247
vn -0.9811 0.1933 -0.0094
vn -0.8752 -0.4820 0.0408
vn -0.1755 0.9157 0.3615
vn -0.1755 0.9157 0.3615
vn -0.4330 0.3851 0.8150
vn -0.4330 0.3851 0.8150
vn -0.4330 0.3851 0.8150
vn 0.8720 -0.3696 -0.3210
vn 0.8720 -0.3696 -0.3210
vn -0.4466 -0.0642 0.8924
vn -0.4466 -0.0642 0.8924
vn -0.8719 -0.0130 0.4895
vn -0.8460 0.0975 -0.5242
vn -0.8460 0.0975 -0.5242
vn -0.8460 0.0975 -0.5242
vn 0.4067 -0.9079 -0.1015
vn 0.4067 -0.9079 -0.1015
vn 0.4067 -0.9079 -0.1015
vn 0.3751 -0.9233 -0.0820
vn 0.3751 -0.9233 -0.0820
vn 0.3284 0.0747 -0.9416
vn -0.3507 -0.8041 0.4801
vn -0.3507 -0.8041 0.4801
vn 0.1087 0.9482 -0.2986
vn -0.9968 0.0631 -0.0482
vn -0.9968 0.0631 -0.0482
vn -0.1624 0.9321 -0.3236
vn -0.1624 0.9321 -0.3236
vn -0.1624 0.9321 -0.3236
vn 0.4225 0.2528 -0.8704
vn 0.4225 0.2528 -0.8704
vn 0.5816 -0.0429 0.8124
vn 0.5816 -0.0429 0.8124
vn 0.5816 -0.0429 0.8124
vn 0.5816 -0.0429 0.8124
vn 0.5816 -0.0429 0.8124
vn -0.9373 -0.1494 0.3148
vn -0.8626 -0.4584 0.2139
vn -0.8626 -0.4584 0.2139
vn -0.7123 -0.3182 0.6256
vn -0.7123 -0.3182 0.6256
vn -0.7123 -0.3182 0.6256
vn -0.9519 -0.2206 0.2128
vn -0.6111 -0.0249 0.7912
vn -0.6111 -0.0249 0.7912
vn -0.8485 -0.0760 0.5237
vn 0.6014 0.7900 -0.1195
vn 0.6014 0.7900 -0.1195
vn -0.4896 0.8021 -0.3420
vn 0.0161 0.1408 0.9899
vn 0.0161 0.1408 0.9899
vn -0.2087 0.8960 -0.3920
vn -0.2087 0.8960 -0.3920
vn -0.9398 0.0720 0.3341
vn -0.9398 0.0720 0.3341
vn -0.9398 0.0720 0.3341
vn -0.9398 0.0720 0.3341
vn -0.8203 -0.3050 -0.4838
vn -0.8203 -0.3050 -0.4838
vn -0.8203 -0.3050 -0.4838
vn -0.4719 -0.8695 0.1460
vn -0.4719 -0.8695 0.1460
vn -0.4719 -0.8695 0.1460
vn -0.4719 -0.8695 0.1460
vn 0.1063 0.3476 -0.9316
vn 0.1063 0.3476 -0.9316
vn -0.8025 -0.3755 0.4637
vn -0.8025 -0.3755 0.4637
vn 0.7035 -0.0923 -0.7046
vn 0.7035 -0.0923 -0.7046
vn 0.4209 0.5288 -0.7370
vn 0.4209 0.5288 -0.7370
vn 0.4209 0.5288 -0.7370
vn 0.0627 0.3998 0.9144
vn 0.0627 0.3998 0.9144
vn 0.2356 -0.1701 -0.9568
vn 0.2356 -0.1701 -0.9568
vn 0.7256 -0.6869 0.0398
vn 0.7256 -0.6869 0.0398
vn 0.7256 -0.6869 0.0398
vn 0.7256 -0.6869 0.0398
vn 0.7256 -0.6869 0.0398
vn 0.6007 -0.7985 0.0400
vn 0.6007 -0.7985 0.0400
vn -0.1419 -0.9236 0.3561
vn -0.1419 -0.9236 0.3561
vn -0.3906 -0.1069 0.9143
vn -0.3906 -0.1069 0.9143
vn 0.2865 0.7196 -0.6325
vn 0.2865 0.7196 -0.6325
vn -0.9273 -0.3535 0.1229
vn -0.9273 -0.3535 0.1229
vn -0.9273 -0.3535 0.1229
vn -0.5873 0.4552 -0.6692
vn -0.5873 0.4552 -0.6692
vn -0.7547 0.1058 0.6475
vn -0.7547 0.1058 0.6475
vn 0.7331 -0.2871 0.6165
vn 0.7331 -0.2871 0.6165
vn -0.3306 -0.2192 0.9180
vn -0.3306 -0.2192 0.9180
vn 0.6627 -0.3099 -0.6817
vn 0.6627 -0.3099 -0.6817
vn 0.6627 -0.3099 -0.6817
vn 0.9008 0.1588 -0.4041
vn 0.9008 0.1588 -0.4041
vn 0.7705 -0.0101 -0.6373
vn 0.7705 -0.0101 -0.6373
vn 0.3966 -0.1887 0.8984
vn 0.6278 0.4929 -0.6024
vn 0.6278 0.4929 -0.6024
vn -0.0642 0.5856 -0.8080
vn -0.3606 0.7227 0.5897
vn -0.3606 0.7227 0.5897
vn -0.3606 0.7227 0.5897
vn -0.9945 -0.0802 0.0668
vn -0.9945 -0.0802 0.0668
vn 0.3969 0.1375 -0.9075
vn 0.3969 0.1375 -0.9075
vn -0.4268 -0.1681 -0.8886
vn -0.4268 -0.1681 -0.8886
vn -0.8809 0.2635 0.3930
vn -0.8809 0.2635 0.3930
vn 0.6389 0.7158 -0.2819
vn 0.6389 0.7158 -0.2819
vn 0.6389 0.7158 -0.2819
vn 0.9916 -0.0588 -0.1149
vn 0.9916 -0.0588 -0.1149
vn 0.9916 -0.0588 -0.1149
vn 0.9916 -0.0588 -0.1149
vn 0.9916 -0.0588 -0.1149
vn 0.1527 -0.9389 0.3085
vn 0.1527 -0.9389 0.3085
vn 0.4814 -0.8763 -0.0160
vn 0.4814 -0.8763 -0.0160
vn 0.4814 -0.8763 -0.0160
vn 0.2697 -0.2914 0.9178
vn -0.8511 0.4057 -0.3331
vn -0.8511 0.4057 -0.3331
vn -0.8511 0.4057 -0.3331
vn 0.3920 0.0073 -0.9200
vn 0.3920 0.0073 -0.9200
vn -0.6687 0.4568 0.5866
vn -0.6687 0.4568 0.5866
vn 0.8555 -0.2747 -0.4389
vn 0.8555 -0.2747 -0.4389
vn 0.8555 -0.2747 -0.4389
vn 0.8734 -0.4761 -0.1026
vn 0.8734 -0.4761 -0.1026
vn 0.8374 0.5073 -0.2034
vn 0.8374 0.5073 -0.2034
vn -0.2130 0.4034 0.8899
vn -0.2130 0.4034 0.8899
vn 0.1810 0.9762 -0.1191
vn -0.6704 0.0591 0.7396
vn -0.6704 0.0591 0.7396
vn 0.6359 -0.0188 -0.7715
vn 0.6359 -0.0188 -0.7715
vn 0.5122 -0.8580 -0.0390
vn 0.5122 -0.8580 -0.0390
vn 0.8975 -0.3792 -0.2252
vn 0.8975 -0.3792 -0.2252
vn 0.9607 -0.2711 -0.0592
vn 0.9607 -0.2711 -0.0592
vn 0.3037 0.8766 0.3732
vn 0.3037 0.8766 0.3732
vn -0.9991 -0.0040 -0.0417
vn -0.6443 0.2637 -0.7178
vn -0.6443 0.2637 -0.7178
vn -0.8801 -0.0924 0.4658
vn -0.9198 0.3800 0.0977
vn -0.5683 0.1361 -0.8115
vn -0.5683 0.1361 -0.8115
vn -0.5547 0.2316 0.7991
vn -0.5547 0.2316 0.7991
vn -0.6090 0.1830 -0.7718
vn -0.6090 0.1830 -0.7718
vn -0.1367 0.3983 0.9070
vn -0.4311 0.4677 0.7716
vn -0.4311 0.4677 0.7716
vn 0.7319 -0.5831 -0.3526
vn 0.7319 -0.5831 -0.3526
vn 0.9260 -0.0388 -0.3755
vn 0.9260 -0.0388 -0.3755
vn 0.4255 -0.2219 0.8773
vn 0.4255 -0.2219 0.8773
vn 0.1308 0.7360 -0.6642
vn 0.1308 0.7360 -0.6642
vn -0.4948 0.1399 -0.8577
vn -0.1234 -0.2450 0.9616
vn -0.1234 -0.2450 0.9616
vn 0.5810 -0.1984 -0.7893
vn 0.5810 -0.1984 -0.7893
vn 0.7103 0.0996 -0.6968
vn 0.7652 -0.4178 -0.4898
vn 0.7652 -0.4178 -0.4898
vn 0.5592 -0.3264 0.7620
vn 0.4274 0.4285 0.7960
vn 0.7913 0.2588 -0.5539
vn 0.7913 0.2588 -0.5539
vn -0.1010 0.0931 -0.9905
vn -0.1010 0.0931 -0.9905
vn -0.8044 0.1539 0.5738
vn -0.8044 0.1539 0.5738
vn 0.4879 -0.8359 0.2514
vn 0.4879 -0.8359 0.2514
vn 0.4879 -0.8359 0.2514
vn 0.8587 -0.0406 -0.5109
vn 0.3363 -0.4992 0.7986
vn 0.3363 -0.4992 0.7986
vn 0.9345 -0.2301 -0.2714
vn 0.9345 -0.2301 -0.2714
vn 0.7340 0.6504 -0.1958
vn 0.7340 0.6504 -0.1958
vn 0.7340 0.6504 -0.1958
vn 0.4525 0.3186 0.8329
vn 0.4525 0.3186 0.8329
vn 0.4525 0.3186 0.8329
vn 0.4525 0.3186 0.8329
vn 0.1840 -0.0391 0.9821
vn 0.7385 -0.5889 -0.3283
vn 0.7385 -0.5889 -0.3283
vn 0.9879 -0.0070 0.1552
vn 0.9879 -0.0070 0.1552
vn 0.8868 0.1388 -0.4409
vn 0.8623 -0.1136 -0.4935
vn 0.7437 -0.4711 -0.4744
vn 0.7437 -0.4711 -0.4744
vn 0.6917 0.3270 -0.6439
vn 0.6917 0.3270 -0.6439
vn 0.6737 -0.0059 -0.7390
vn 0.6737 -0.0059 -0.7390
vn -0.0491 -0.0851 -0.9952
vn -0.7271 0.0982 0.6794
vn -0.7271 0.0982 0.6794
vn -0.6475 -0.0604 0.7597
vn -0.6475 -0.0604 0.7597
vn -0.2945 0.2617 0.9191
vn 0.8767 -0.4455 0.1814
vn 0.8767 -0.4455 0.1814
vn 0.8536 -0.3148 -0.4151
vn 0.8019 -0.0129 -0.5973
vn 0.8019 -0.0129 -0.5973
vn 0.8777 -0.1504 0.4551
vn 0.8777 -0.1504 0.4551
vn -0.6671 0.1333 0.7329
vn -0.1617 0.2194 0.9621
vn -0.1617 0.2194 0.9621
vn 0.8669 0.1579 -0.4728
vn 0.8669 0.1579 -0.4728
vn 0.8669 0.1579 -0.4728
vn -0.2941 0.2369 0.9260
vn -0.2941 0.2369 0.9260
vn 0.9091 0.2988 -0.2904
vn 0.9091 0.2988 -0.2904
vn 0.8423 -0.4577 0.2847
vn 0.8423 -0.4577 0.2847
vn 0.8423 -0.4577 0.2847
vn -0.2136 -0.3205 0.9228
vn -0.2136 -0.3205 0.9228
vn -0.2136 -0.3205 0.9228
vn 0.6549 -0.3919 -0.6462
vn 0.6549 -0.3919 -0.6462
vn 0.8794 0.3199 -0.3526
vn 0.8794 0.3199 -0.3526
vn 0.8461 -0.2040 0.4924
vn 0.8461 -0.2040 0.4924
vn 0.6927 0.1812 0.6981
vn 0.6927 0.1812 0.6981
vn 0.7321 -0.0408 -0.6800
vn 0.8955 -0.1927 -0.4012
vn 0.8955 -0.1927 -0.4012
vn 0.8200 0.3692 -0.4374
vn 0.9704 -0.0522 -0.2358
vn 0.6664 0.0594 -0.7432
vn 0.1923 0.3713 0.9084
vn 0.1923 0.3713 0.9084
vn -0.4780 -0.8778 -0.0312
vn -0.4780 -0.8778 -0.0312
vn -0.8330 -0.1542 0.5314
vn -0.8330 -0.1542 0.5314
vn -0.8330 -0.1542 0.5314
vn -0.3578 0.5133 0.7801
vn -0.3578 0.5133 0.7801
vn -0.3578 0.5133 0.7801
vn -0.3578 0.5133 0.7801
vn 0.5231 -0.3740 -0.7658
vn 0.5231 -0.3740 -0.7658
vn 0.5231 -0.3740 -0.7658
vn 0.5231 -0.3740 -0.7658
vn 0.9748 0.1958 -0.1069
vn 0.9748 0.1958 -0.1069
vn -0.6711 0.0529 0.7395
vn -0.6711 0.0529 0.7395
vn 0.8888 0.3317 -0.3162
vn -0.4720 -0.4262 -0.7717
vn -0.5716 -0.2524 0.7807
vn -0.5716 -0.2524 0.7807
vn -0.5287 0.6964 0.4854
vn -0.5287 0.6964 0.4854
vn -0.5287 0.6964 0.4854
vn -0.6534 -0.0179 0.7568
vn 0.3910 -0.2683 -0.8804
vn 0.3910 -0.2683 -0.8804
vn 0.6436 0.5664 -0.5148
vn 0.6436 0.5664 -0.5148
vn -0.5201 -0.3812 -0.7644
vn 0.5598 -0.1843 -0.8078
vn 0.5598 -0.1843 -0.8078
vn -0.3167 -0.1571 0.9354
vn 0.7737 0.1518 -0.6152
vn 0.7737 0.1518 -0.6152
vn 0.7737 0.1518 -0.6152
vn 0.7737 0.1518 -0.6152
vn 0.7521 -0.0764 -0.6546
vn -0.8684 0.4180 0.2667
vn -0.8684 0.4180 0.2667
vn -0.8684 0.4180 0.2667
vn -0.8684 0.4180 0.2667
vn -0.5263 0.1957 0.8275
vn -0.2104 0.1997 0.9570
vn -0.1658 0.9820 -0.0905
vn -0.1658 0.9820 -0.0905
vn -0.1658 0.9820 -0.0905
vn 0.8277 -0.4308 0.3595
vn 0.8277 -0.4308 0.3595
vn 0.8277 -0.4308 0.3595
vn 0.3760 -0.1482 0.9147
vn 0.3760 -0.1482 0.9147
vn 0.0578 0.0596 0.9965
vn -0.6179 0.5225 -0.5876
vn -0.6179 0.5225 -0.5876
vn 0.8231 -0.0248 -0.5674
vn 0.8231 -0.0248 -0.5674
vn 0.9657 0.2497 0.0718
vn 0.9657 0.2497 0.0718
vn 0.5075 -0.1943 0.8394
vn 0.5075 -0.1943 0.8394
vn 0.8129 0.1138 0.5711
vn 0.8129 0.1138 0.5711
vn 0.9898 0.0023 -0.1426
vn 0.9898 0.0023 -0.1426
vn 0.9366 0.0461 -0.3474
vn 0.9196 0.0459 -0.3902
usemtl goblin-berserker
s 1
f 2/2/2 3/3/3 5/5/5
f 2/2/2 5/5/5 7/7/7
f 8/8/8 3/3/3 2/2/2
f 2/2/2 10/10/10 8/8/8
f 5/5/5 11/11/11 13/13/13
f 3/3/3 11/11/11 5/5/5
f 1/1/1 6/6/6 14/14/14
f 8/8/8 10/10/10 16/16/16
f 1/1/1 17/17/17 19/19/19
f 2/2/2 22/22/22 10/10/10
f 1/1/1 19/19/19 21/21/21
f 10/10/10 22/22/22 25/25/25
f 8/8/8 27/27/27 3/3/3
f 1/1/1 14/14/14 17/17/17
f 23/23/23 20/20/20 26/26/26
f 30/30/30 13/13/13 31/31/31
f 11/11/11 33/33/33 31/31/31
f 11/11/11 31/31/31 13/13/13
f 4/4/4 12/12/12 34/34/34
f 3/3/3 27/27/27 11/11/11
f 6/6/6 4/4/4 34/34/34
f 6/6/6 34/34/34 14/14/14
f 8/8/8 16/16/16 27/27/27
f 18/18/18 15/15/15 20/20/20
f 20/20/20 15/15/15 26/26/26
f 9/9/9 36/36/36 37/37/37
f 9/9/9 24/24/24 36/36/36
f 31/31/31 33/33/33 30/30/30
f 11/11/11 27/27/27 40/40/40
f 10/10/10 38/38/38 16/16/16
f 29/29/29 32/32/32 42/42/42
f 11/11/11 40/40/40 33/33/33
f 12/12/12 44/44/44 34/34/34
f 41/41/41 46/46/46 28/28/28
f 28/28/28 46/46/46 44/44/44
f 12/12/12 28/28/28 44/44/44
f 15/15/15 35/35/35 48/48/48
f 26/26/26 15/15/15 50/50/50
f 24/24/24 49/49/49 36/36/36
f 32/32/32 51/51/51 42/42/42
f 38/38/38 54/54/54 16/16/16
f 15/15/15 48/48/48 50/50/50
f 36/36/36 49/49/49 37/37/37
f 47/47/47 43/43/43 52/52/52
f 47/47/47 52/52/52 45/45/45
f 32/32/32 56/56/56 51/51/51
f 32/32/32 39/39/39 56/56/56
f 27/27/27 59/59/59 40/40/40
f 37/37/37 49/49/49 53/53/53
f 60/60/60 62/62/62 63/63/63
f 35/35/35 65/65/65 66/66/66
f 59/59/59 67/67/67 69/69/69
f 35/35/35 66/66/66 48/48/48
f 27/27/27 67/67/67 59/59/59
f 27/27/27 54/54/54 67/67/67
f 48/48/48 66/66/66 50/50/50
f 27/27/27 16/16/16 54/54/54
f 62/62/62 70/70/70 63/63/63
f 60/60/60 63/63/63 72/72/72
f 35/35/35 45/45/45 65/65/65
f 67/67/67 54/54/54 69/69/69
f 54/54/54 75/75/75 76/76/76
f 77/77/77 75/75/75 54/54/54
f 75/75/75 77/77/77 78/78/78
f 77/77/77 54/54/54 80/80/80
f 81/81/81 70/70/70 83/83/83
f 70/70/70 62/62/62 83/83/83
f 45/45/45 52/52/52 57/57/57
f 45/45/45 57/57/57 65/65/65
f 57/57/57 66/66/66 65/65/65
f 56/56/56 39/39/39 85/85/85
f 58/58/58 85/85/85 39/39/39
f 58/58/58 68/68/68 85/85/85
f 76/76/76 90/90/90 69/69/69
f 76/76/76 69/69/69 54/54/54
f 91/91/91 75/75/75 92/92/92
f 76/76/76 75/75/75 91/91/91
f 77/77/77 80/80/80 93/93/93
f 55/55/55 97/97/97 99/99/99
f 54/54/54 98/98/98 80/80/80
f 81/81/81 83/83/83 100/100/100
f 71/71/71 103/103/103 64/64/64
f 62/62/62 104/104/104 83/83/83
f 107/107/107 109/109/109 110/110/110
f 108/108/108 112/112/112 114/114/114
f 113/113/113 109/109/109 107/107/107
f 76/76/76 92/92/92 90/90/90
f 76/76/76 91/91/91 92/92/92
f 50/50/50 66/66/66 116/116/116
f 92/92/92 75/75/75 117/117/117
f 53/53/53 49/49/49 118/118/118
f 97/97/97 55/55/55 121/121/121
f 98/98/98 123/123/123 80/80/80
f 101/101/101 127/127/127 128/128/128
f 130/130/130 132/132/132 101/101/101
f 130/130/130 84/84/84 132/132/132
f 101/101/101 84/84/84 130/130/130
f 62/62/62 60/60/60 104/104/104
f 73/73/73 64/64/64 133/133/133
f 74/74/74 138/138/138 61/61/61
f 139/139/139 114/114/114 112/112/112
f 107/107/107 110/110/110 143/143/143
f 106/106/106 145/145/145 111/111/111
f 112/112/112 149/149/149 139/139/139
f 112/112/112 148/148/148 149/149/149
f 90/90/90 117/117/117 150/150/150
f 92/92/92 117/117/117 90/90/90
f 78/78/78 152/152/152 75/75/75
f 77/77/77 93/93/93 78/78/78
f 55/55/55 120/120/120 121/121/121
f 80/80/80 123/123/123 93/93/93
f 131/131/131 83/83/83 154/154/154
f 101/101/101 132/132/132 127/127/127
f 155/155/155 156/156/156 83/83/83
f 155/155/155 158/158/158 156/156/156
f 155/155/155 83/83/83 104/104/104
f 71/71/71 82/82/82 103/103/103
f 160/160/160 162/162/162 164/164/164
f 166/166/166 160/160/160 164/164/164
f 164/164/164 167/167/167 166/166/166
f 108/108/108 114/114/114 170/170/170
f 109/109/109 171/171/171 110/110/110
f 106/106/106 141/141/141 145/145/145
f 66/66/66 57/57/57 87/87/87
f 139/139/139 149/149/149 172/172/172
f 90/90/90 150/150/150 146/146/146
f 66/66/66 87/87/87 116/116/116
f 117/117/117 175/175/175 150/150/150
f 117/117/117 152/152/152 175/175/175
f 75/75/75 152/152/152 117/117/117
f 79/79/79 180/180/180 153/153/153
f 79/79/79 94/94/94 180/180/180
f 97/97/97 121/121/121 183/183/183
f 96/96/96 125/125/125 186/186/186
f 99/99/99 97/97/97 124/124/124
f 155/155/155 188/188/188 190/190/190
f 155/155/155 104/104/104 193/193/193
f 155/155/155 193/193/193 188/188/188
f 105/105/105 61/61/61 195/195/195
f 160/160/160 196/196/196 162/162/162
f 160/160/160 198/198/198 196/196/196
f 164/164/164 114/114/114 167/167/167
f 114/114/114 164/164/164 170/170/170
f 69/69/69 90/90/90 200/200/200
f 148/148/148 177/177/177 149/149/149
f 149/149/149 177/177/177 172/172/172
f 200/200/200 203/203/203 69/69/69
f 69/69/69 203/203/203 86/86/86
f 116/116/116 87/87/87 204/204/204
f 50/50/50 116/116/116 204/204/204
f 153/153/153 180/180/180 178/178/178
f 50/50/50 204/204/204 119/119/119
f 97/97/97 183/183/183 124/124/124
f 83/83/83 156/156/156 154/154/154
f 158/158/158 207/207/207 156/156/156
f 207/207/207 209/209/209 210/210/210
f 155/155/155 190/190/190 158/158/158
f 211/211/211 160/160/160 166/166/166
f 166/166/166 212/212/212 211/211/211
f 214/214/214 216/216/216 212/212/212
f 166/166/166 167/167/167 212/212/212
f 217/217/217 215/215/215 218/218/218
f 214/214/214 212/212/212 167/167/167
f 169/169/169 218/218/218 215/215/215
f 167/167/167 219/219/219 139/139/139
f 90/90/90 146/146/146 142/142/142
f 147/147/147 151/151/151 176/176/176
f 90/90/90 142/142/142 200/200/200
f 173/173/173 221/221/221 140/140/140
f 95/95/95 223/223/223 181/181/181
f 224/224/224 207/207/207 210/210/210
f 156/156/156 207/207/207 224/224/224
f 81/81/81 100/100/100 225/225/225
f 195/195/195 227/227/227 105/105/105
f 61/61/61 138/138/138 229/229/229
f 211/211/211 135/135/135 160/160/160
f 211/211/211 212/212/212 230/230/230
f 161/161/161 137/137/137 235/235/235
f 160/160/160 234/234/234 198/198/198
f 165/165/165 163/163/163 171/171/171
f 217/217/217 218/218/218 213/213/213
f 115/115/115 220/220/220 168/168/168
f 169/169/169 140/140/140 218/218/218
f 219/219/219 114/114/114 139/139/139
f 174/174/174 179/179/179 222/222/222
f 204/204/204 87/87/87 236/236/236
f 205/205/205 237/237/237 239/239/239
f 178/178/178 180/180/180 242/242/242
f 120/120/120 239/239/239 121/121/121
f 96/96/96 186/186/186 245/245/245
f 246/246/246 181/181/181 223/223/223
f 156/156/156 247/247/247 154/154/154
f 224/224/224 249/249/249 156/156/156
f 224/224/224 250/250/250 249/249/249
f 128/128/128 127/127/127 253/253/253
f 128/128/128 253/253/253 255/255/255
f 210/210/210 257/257/257 224/224/224
f 209/209/209 260/260/260 210/210/210
f 210/210/210 260/260/260 257/257/257
f 208/208/208 206/206/206 259/259/259
f 103/103/103 82/82/82 262/262/262
f 191/191/191 264/264/264 159/159/159
f 194/194/194 105/105/105 227/227/227
f 133/133/133 64/64/64 103/103/103
f 61/61/61 229/229/229 195/195/195
f 74/74/74 134/134/134 138/138/138
f 211/211/211 230/230/230 135/135/135
f 213/213/213 265/265/265 232/232/232
f 197/197/197 199/199/199 267/267/267
f 197/197/197 267/267/267 163/163/163
f 163/163/163 267/267/267 171/171/171
f 218/218/218 140/140/140 269/269/269
f 200/200/200 86/86/86 203/203/203
f 88/88/88 240/240/240 238/238/238
f 180/180/180 270/270/270 242/242/242
f 120/120/120 205/205/205 239/239/239
f 241/241/241 273/273/273 122/122/122
f 95/95/95 244/244/244 223/223/223
f 223/223/223 244/244/244 246/246/246
f 185/185/185 124/124/124 183/183/183
f 274/274/274 250/250/250 224/224/224
f 249/249/249 247/247/247 156/156/156
f 252/252/252 126/126/126 275/275/275
f 274/274/274 224/224/224 280/280/280
f 131/131/131 154/154/154 276/276/276
f 132/132/132 277/277/277 127/127/127
f 224/224/224 257/257/257 280/280/280
f 261/261/261 282/282/282 258/258/258
f 226/226/226 102/102/102 283/283/283
f 207/207/207 158/158/158 260/260/260
f 159/159/159 282/282/282 261/261/261
f 157/157/157 263/263/263 284/284/284
f 191/191/191 194/194/194 264/264/264
f 187/187/187 192/192/192 189/189/189
f 103/103/103 286/286/286 133/133/133
f 213/213/213 218/218/218 291/291/291
f 171/171/171 292/292/292 110/110/110
f 110/110/110 292/292/292 143/143/143
f 241/241/241 89/89/89 202/202/202
f 178/178/178 242/242/242 293/293/293
f 180/180/180 295/295/295 270/270/270
f 122/122/122 273/273/273 297/297/297
f 122/122/122 186/186/186 184/184/184
f 252/252/252 298/298/298 300/300/300
f 252/252/252 275/275/275 298/298/298
f 250/250/250 247/247/247 249/249/249
f 280/280/280 302/302/302 274/274/274
f 154/154/154 247/247/247 276/276/276
f 280/280/280 257/257/257 306/306/306
f 306/306/306 257/257/257 309/309/309
f 282/282/282 310/310/310 258/258/258
f 81/81/81 225/225/225 311/311/311
f 82/82/82 312/312/312 262/262/262
f 134/134/134 314/314/314 138/138/138
f 136/136/136 231/231/231 228/228/228
f 235/235/235 137/137/137 313/313/313
f 199/199/199 235/235/235 315/315/315
f 267/267/267 199/199/199 315/315/315
f 213/213/213 291/291/291 265/265/265
f 140/140/140 317/317/317 269/269/269
f 140/140/140 221/221/221 317/317/317
f 144/144/144 319/319/319 202/202/202
f 179/179/179 320/320/320 222/222/222
f 179/179/179 294/294/294 320/320/320
f 241/241/241 202/202/202 322/322/322
f 297/297/297 241/241/241 322/322/322
f 241/241/241 297/297/297 273/273/273
f 122/122/122 245/245/245 186/186/186
f 298/298/298 323/323/323 325/325/325
f 299/299/299 327/327/327 324/324/324
f 299/299/299 328/328/328 327/327/327
f 274/274/274 329/329/329 250/250/250
f 248/248/248 251/251/251 331/331/331
f 281/281/281 332/332/332 304/304/304
f 254/254/254 252/252/252 300/300/300
f 279/279/279 248/248/248 335/335/335
f 283/283/283 102/102/102 129/129/129
f 308/308/308 310/310/310 337/337/337
f 282/282/282 338/338/338 310/310/310
f 312/312/312 226/226/226 283/283/283
f 282/282/282 340/340/340 338/338/338
f 312/312/312 283/283/283 262/262/262
f 282/282/282 159/159/159 340/340/340
f 159/159/159 285/285/285 340/340/340
f 264/264/264 341/341/341 285/285/285
f 133/133/133 286/286/286 342/342/342
f 134/134/134 343/343/343 314/314/314
f 232/232/232 265/265/265 344/344/344
f 171/171/171 347/347/347 292/292/292
f 202/202/202 319/319/319 351/351/351
f 321/321/321 201/201/201 350/350/350
f 243/243/243 352/352/352 353/353/353
f 272/272/272 352/352/352 243/243/243
f 296/296/296 182/182/182 355/355/355
f 122/122/122 297/297/297 245/245/245
f 246/246/246 244/244/244 356/356/356
f 325/325/325 323/323/323 358/358/358
f 299/299/299 360/360/360 328/328/328
f 278/278/278 360/360/360 299/299/299
f 278/278/278 334/334/334 360/360/360
f 332/332/332 281/281/281 362/362/362
f 256/256/256 301/301/301 365/365/365
f 280/280/280 306/306/306 361/361/361
f 337/337/337 310/310/310 338/338/338
f 264/264/264 194/194/194 341/341/341
f 194/194/194 367/367/367 341/341/341
f 235/235/235 313/313/313 315/315/315
f 265/265/265 291/291/291 369/369/369
f 269/269/269 317/317/317 218/218/218
f 143/143/143 292/292/292 371/371/371
f 320/320/320 294/294/294 373/373/373
f 294/294/294 243/243/243 353/353/353
f 272/272/272 375/375/375 352/352/352
f 296/296/296 374/374/374 271/271/271
f 296/296/296 355/355/355 374/374/374
f 353/353/353 245/245/245 322/322/322
f 297/297/297 322/322/322 245/245/245
f 181/181/181 246/246/246 376/376/376
f 327/327/327 380/380/380 324/324/324
f 323/323/323 379/379/379 358/358/358
f 298/298/298 325/325/325 300/300/300
f 329/329/329 274/274/274 302/302/302
f 332/332/332 383/383/383 304/304/304
f 248/248/248 386/386/386 335/335/335
f 255/255/255 364/364/364 128/128/128
f 308/308/308 333/333/333 363/363/363
f 340/340/340 285/285/285 388/388/388
f 342/342/342 286/286/286 389/389/389
f 229/229/229 233/233/233 346/346/346
f 266/266/266 391/391/391 345/345/345
f 370/370/370 391/391/391 266/266/266
f 171/171/171 267/267/267 347/347/347
f 349/349/349 268/268/268 394/394/394
f 319/319/319 144/144/144 373/373/373
f 222/222/222 320/320/320 395/395/395
f 294/294/294 319/319/319 373/373/373
f 245/245/245 353/353/353 375/375/375
f 181/181/181 376/376/376 354/354/354
f 246/246/246 396/396/396 376/376/376
f 250/250/250 329/329/329 397/397/397
f 251/251/251 398/398/398 331/331/331
f 129/129/129 400/400/400 283/283/283
f 333/333/333 308/308/308 402/402/402
f 262/262/262 403/403/403 103/103/103
f 285/285/285 404/404/404 388/388/388
f 103/103/103 403/403/403 405/405/405
f 103/103/103 405/405/405 286/286/286
f 341/341/341 408/408/408 285/285/285
f 367/367/367 409/409/409 341/341/341
f 194/194/194 227/227/227 367/367/367
f 195/195/195 229/229/229 227/227/227
f 343/343/343 390/390/390 412/412/412
f 314/314/314 343/343/343 412/412/412
f 313/313/313 410/410/410 315/315/315
f 218/218/218 317/317/317 369/369/369
f 292/292/292 347/347/347 413/413/413
f 414/414/414 348/348/348 417/417/417
f 222/222/222 422/422/422 318/318/318
f 222/222/222 395/395/395 422/422/422
f 144/144/144 372/372/372 373/373/373
f 294/294/294 322/322/322 319/319/319
f 294/294/294 353/353/353 322/322/322
f 322/322/322 351/351/351 319/319/319
f 352/352/352 375/375/375 353/353/353
f 355/355/355 424/424/424 374/374/374
f 354/354/354 426/426/426 423/423/423
f 354/354/354 428/428/428 426/426/426
f 245/245/245 375/375/375 430/430/430
f 354/354/354 376/376/376 428/428/428
f 396/396/396 246/246/246 356/356/356
f 326/326/326 359/359/359 432/432/432
f 327/327/327 328/328/328 434/434/434
f 326/326/326 436/436/436 365/365/365
f 326/326/326 365/365/365 301/301/301
f 305/305/305 384/384/384 438/438/438
f 384/384/384 440/440/440 438/438/438
f 386/386/386 248/248/248 443/443/443
f 383/383/383 332/332/332 444/444/444
f 402/402/402 447/447/447 333/333/333
f 308/308/308 449/449/449 402/402/402
f 336/336/336 448/448/448 307/307/307
f 283/283/283 400/400/400 450/450/450
f 340/340/340 453/453/453 338/338/338
f 338/338/338 449/449/449 337/337/337
f 262/262/262 454/454/454 403/403/403
f 285/285/285 408/408/408 404/404/404
f 341/341/341 409/409/409 408/408/408
f 316/316/316 411/411/411 391/391/391
f 316/316/316 391/391/391 456/456/456
f 370/370/370 456/456/456 391/391/391
f 288/288/288 457/457/457 368/368/368
f 456/456/456 466/466/466 316/316/316
f 218/218/218 369/369/369 291/291/291
f 456/456/456 370/370/370 466/466/466
f 370/370/370 394/394/394 466/466/466
f 394/394/394 370/370/370 318/318/318
f 349/349/349 394/394/394 420/420/420
f 394/394/394 318/318/318 422/422/422
f 392/392/392 461/461/461 416/416/416
f 414/414/414 417/417/417 467/467/467
f 393/393/393 421/421/421 469/469/469
f 292/292/292 413/413/413 473/473/473
f 292/292/292 473/473/473 475/475/475
f 292/292/292 475/475/475 371/371/371
f 422/422/422 395/395/395 420/420/420
f 427/427/427 478/478/478 479/479/479
f 426/426/426 428/428/428 477/477/477
f 396/396/396 480/480/480 376/376/376
f 359/359/359 381/381/381 432/432/432
f 360/360/360 334/334/334 328/328/328
f 330/330/330 305/305/305 398/398/398
f 386/386/386 482/482/482 335/335/335
f 446/446/446 444/444/444 332/332/332
f 128/128/128 364/364/364 399/399/399
f 402/402/402 449/449/449 447/447/447
f 338/338/338 453/453/453 449/449/449
f 283/283/283 454/454/454 262/262/262
f 452/452/452 339/339/339 387/387/387
f 454/454/454 405/405/405 403/403/403
f 289/289/289 483/483/483 458/458/458
f 290/290/290 459/459/459 484/484/484
f 369/369/369 460/460/460 291/291/291
f 268/268/268 316/316/316 466/466/466
f 466/466/466 394/394/394 268/268/268
f 393/393/393 469/469/469 462/462/462
f 415/415/415 468/468/468 474/474/474
f 421/421/421 418/418/418 469/469/469
f 420/420/420 395/395/395 373/373/373
f 420/420/420 373/373/373 474/474/474
f 474/474/474 372/372/372 476/476/476
f 373/373/373 372/372/372 474/474/474
f 373/373/373 395/395/395 320/320/320
f 425/425/425 427/427/427 479/479/479
f 478/478/478 377/377/377 479/479/479
f 428/428/428 376/376/376 477/477/477
f 245/245/245 430/430/430 357/357/357
f 327/327/327 434/434/434 380/380/380
f 436/436/436 326/326/326 486/486/486
f 305/305/305 438/438/438 489/489/489
f 331/331/331 398/398/398 491/491/491
f 366/366/366 437/437/437 492/492/492
f 248/248/248 331/331/331 495/495/495
f 248/248/248 495/495/495 443/443/443
f 386/386/386 443/443/443 482/482/482
f 335/335/335 482/482/482 498/498/498
f 366/366/366 492/492/492 499/499/499
f 450/450/450 454/454/454 283/283/283
f 388/388/388 404/404/404 453/453/453
f 227/227/227 229/229/229 367/367/367
f 391/391/391 411/411/411 345/345/345
f 419/419/419 465/465/465 471/471/471
f 474/474/474 468/468/468 420/420/420
f 425/425/425 479/479/479 501/501/501
f 396/396/396 503/503/503 480/480/480
f 396/396/396 356/356/356 503/503/503
f 326/326/326 432/432/432 486/486/486
f 328/328/328 505/505/505 434/434/434
f 334/334/334 505/505/505 328/328/328
f 305/305/305 508/508/508 398/398/398
f 496/496/496 505/505/505 334/334/334
f 303/303/303 488/488/488 507/507/507
f 497/497/497 492/492/492 506/506/506
f 331/331/331 491/491/491 495/495/495
f 385/385/385 509/509/509 441/441/441
f 498/498/498 482/482/482 510/510/510
f 498/498/498 510/510/510 443/443/443
f 492/492/492 497/497/497 499/499/499
f 366/366/366 512/512/512 401/401/401
f 366/366/366 499/499/499 512/512/512
f 514/514/514 515/515/515 517/517/517
f 451/451/451 515/515/515 455/455/455
f 514/514/514 517/517/517 520/520/520
f 404/404/404 408/408/408 453/453/453
f 515/515/515 514/514/514 455/455/455
f 287/287/287 406/406/406 523/523/523
f 286/286/286 521/521/521 389/389/389
f 367/367/367 229/229/229 525/525/525
f 390/390/390 527/527/527 412/412/412
f 390/390/390 530/530/530 527/527/527
f 229/229/229 346/346/346 532/532/532
f 463/463/463 470/470/470 533/533/533
f 470/470/470 537/537/537 533/533/533
f 375/375/375 540/540/540 430/430/430
f 377/377/377 539/539/539 479/479/479
f 357/357/357 541/541/541 542/542/542
f 357/357/357 542/542/542 504/504/504
f 506/506/506 543/543/543 435/435/435
f 437/437/437 487/487/487 492/492/492
f 438/438/438 544/544/544 489/489/489
f 441/441/441 509/509/509 439/439/439
f 439/439/439 509/509/509 545/545/545
f 385/385/385 445/445/445 509/509/509
f 510/510/510 482/482/482 443/443/443
f 497/497/497 442/442/442 547/547/547
f 497/497/497 547/547/547 499/499/499
f 548/548/548 551/551/551 444/444/444
f 444/444/444 446/446/446 548/548/548
f 451/451/451 401/401/401 515/515/515
f 449/449/449 554/554/554 447/447/447
f 514/514/514 407/407/407 455/455/455
f 367/367/367 525/525/525 409/409/409
f 513/513/513 518/518/518 406/406/406
f 389/389/389 521/521/521 555/555/555
f 412/412/412 527/527/527 346/346/346
f 346/346/346 527/527/527 560/560/560
f 464/464/464 534/534/534 561/561/561
f 471/471/471 465/465/465 535/535/535
f 472/472/472 536/536/536 538/538/538
f 424/424/424 500/500/500 563/563/563
f 424/424/424 563/563/563 374/374/374
f 377/377/377 429/429/429 539/539/539
f 504/504/504 565/565/565 481/481/481
f 567/567/567 569/569/569 571/571/571
f 569/569/569 573/573/573 571/571/571
f 543/543/543 487/487/487 433/433/433
f 431/431/431 485/485/485 574/574/574
f 432/432/432 575/575/575 486/486/486
f 398/398/398 508/508/508 577/577/577
f 506/506/506 492/492/492 487/487/487
f 490/490/490 493/493/493 578/578/578
f 491/491/491 579/579/579 495/495/495
f 553/553/553 509/509/509 445/445/445
f 499/499/499 547/547/547 512/512/512
f 512/512/512 515/515/515 401/401/401
f 520/520/520 517/517/517 580/580/580
f 518/518/518 582/582/582 406/406/406
f 389/389/389 555/555/555 528/528/528
f 229/229/229 532/532/532 525/525/525
f 465/465/465 562/562/562 535/535/535
f 584/584/584 585/585/585 590/590/590
f 375/375/375 564/564/564 540/540/540
f 378/378/378 594/594/594 430/430/430
f 504/504/504 542/542/542 565/565/565
f 382/382/382 543/543/543 433/433/433
f 491/491/491 398/398/398 579/579/579
f 442/442/442 595/595/595 547/547/547
f 515/515/515 512/512/512 517/517/517
f 447/447/447 554/554/554 549/549/549
f 449/449/449 453/453/453 597/597/597
f 453/453/453 408/408/408 597/597/597
f 526/526/526 529/529/529 556/556/556
f 346/346/346 560/560/560 532/532/532
f 587/587/587 598/598/598 599/599/599
f 564/564/564 502/502/502 540/540/540
f 479/479/479 539/539/539 501/501/501
f 378/378/378 481/481/481 594/594/594
f 357/357/357 430/430/430 541/541/541
f 542/542/542 541/541/541 565/565/565
f 569/569/569 601/601/601 573/573/573
f 434/434/434 602/602/602 380/380/380
f 382/382/382 603/603/603 543/543/543
f 506/506/506 487/487/487 543/543/543
f 577/577/577 508/508/508 605/605/605
f 544/544/544 606/606/606 489/489/489
f 516/516/516 511/511/511 607/607/607
f 449/449/449 597/597/597 554/554/554
f 525/525/525 612/612/612 409/409/409
f 523/523/523 406/406/406 614/614/614
f 525/525/525 616/616/616 612/612/612
f 520/520/520 580/580/580 617/617/617
f 615/615/615 524/524/524 617/617/617
f 589/589/589 618/618/618 583/583/583
f 481/481/481 565/565/565 594/594/594
f 541/541/541 430/430/430 565/565/565
f 435/435/435 543/543/543 603/603/603
f 507/507/507 488/488/488 604/604/604
f 398/398/398 577/577/577 579/579/579
f 509/509/509 553/553/553 545/545/545
f 495/495/495 579/579/579 626/626/626
f 495/495/495 596/596/596 443/443/443
f 517/517/517 608/608/608 580/580/580
f 408/408/408 627/627/627 597/597/597
f 408/408/408 409/409/409 630/630/630
f 582/582/582 518/518/518 632/632/632
f 406/406/406 635/635/635 614/614/614
f 526/526/526 556/556/556 634/634/634
f 430/430/430 594/594/594 565/565/565
f 573/573/573 636/636/636 638/638/638
f 571/571/571 640/640/640 567/567/567
f 568/568/568 566/566/566 639/639/639
f 512/512/512 547/547/547 608/608/608
f 597/597/597 627/627/627 554/554/554
f 608/608/608 617/617/617 580/580/580
f 409/409/409 612/612/612 630/630/630
f 615/615/615 617/617/617 608/608/608
f 522/522/522 634/634/634 556/556/556
f 524/524/524 559/559/559 617/617/617
f 520/520/520 617/617/617 559/559/559
f 519/519/519 558/558/558 633/633/633
f 582/582/582 635/635/635 406/406/406
f 531/531/531 559/559/559 524/524/524
f 631/631/631 557/557/557 581/581/581
f 581/581/581 557/557/557 634/634/634
f 526/526/526 634/634/634 557/557/557
f 588/588/588 642/642/642 593/593/593
f 585/585/585 584/584/584 619/619/619
f 645/645/645 646/646/646 571/571/571
f 646/646/646 640/640/640 571/571/571
f 638/638/638 636/636/636 648/648/648
f 646/646/646 650/650/650 640/640/640
f 639/639/639 651/651/651 568/568/568
f 573/573/573 601/601/601 636/636/636
f 489/489/489 606/606/606 652/652/652
f 579/579/579 577/577/577 654/654/654
f 551/551/551 548/548/548 655/655/655
f 608/608/608 547/547/547 595/595/595
f 408/408/408 658/658/658 627/627/627
f 408/408/408 630/630/630 658/658/658
f 611/611/611 615/615/615 608/608/608
f 522/522/522 613/613/613 634/634/634
f 587/587/587 599/599/599 659/659/659
f 637/637/637 647/647/647 572/572/572
f 646/646/646 645/645/645 663/663/663
f 651/651/651 639/639/639 649/649/649
f 568/568/568 651/651/651 664/664/664
f 569/569/569 665/665/665 601/601/601
f 596/596/596 495/495/495 670/670/670
f 608/608/608 595/595/595 671/671/671
f 609/609/609 672/672/672 675/675/675
f 610/610/610 676/676/676 677/677/677
f 554/554/554 627/627/627 678/678/678
f 677/677/677 681/681/681 610/610/610
f 610/610/610 630/630/630 612/612/612
f 610/610/610 681/681/681 630/630/630
f 588/588/588 660/660/660 642/642/642
f 646/646/646 663/663/663 650/650/650
f 489/489/489 652/652/652 683/683/683
f 489/489/489 683/683/683 605/605/605
f 579/579/579 654/654/654 626/626/626
f 494/494/494 624/624/624 667/667/667
f 552/552/552 684/684/684 686/686/686
f 553/553/553 656/656/656 685/685/685
f 548/548/548 688/688/688 655/655/655
f 674/674/674 677/677/677 676/676/676
f 628/628/628 671/671/671 657/657/657
f 629/629/629 680/680/680 673/673/673
f 587/587/587 693/693/693 598/598/598
f 570/570/570 694/694/694 644/644/644
f 678/678/678 549/549/549 554/554/554
f 681/681/681 677/677/677 674/674/674
f 627/627/627 658/658/658 678/678/678
f 593/593/593 642/642/642 697/697/697
f 591/591/591 695/695/695 641/641/641
f 593/593/593 642/642/642 697/697/697
f 622/622/622 692/692/692 586/586/586
f 636/636/636 699/699/699 648/648/648
f 636/636/636 701/701/701 699/699/699
f 643/643/643 702/702/702 661/661/661
f 664/664/664 703/703/703 600/600/600
f 687/687/687 545/545/545 553/553/553
f 605/605/605 683/683/683 577/577/577
f 653/653/653 705/705/705 625/625/625
f 685/685/685 656/656/656 706/706/706
f 595/595/595 666/666/666 671/671/671
f 671/671/671 666/666/666 657/657/657
f 678/678/678 658/658/658 707/707/707
f 592/592/592 696/696/696 620/620/620
f 694/694/694 710/710/710 644/644/644
f 664/664/664 651/651/651 703/703/703
f 600/600/600 703/703/703 711/711/711
f 651/651/651 649/649/649 703/703/703
f 601/601/601 713/713/713 636/636/636
f 713/713/713 715/715/715 701/701/701
f 713/713/713 716/716/716 715/715/715
f 544/544/544 717/717/717 606/606/606
f 606/606/606 717/717/717 718/718/718
f 606/606/606 718/718/718 652/652/652
f 576/576/576 682/682/682 653/653/653
f 656/656/656 690/690/690 706/706/706
f 689/689/689 550/550/550 719/719/719
f 658/658/658 668/668/668 720/720/720
f 572/572/572 722/722/722 570/570/570
f 649/649/649 661/661/661 703/703/703
f 636/636/636 713/713/713 701/701/701
f 723/723/723 725/725/725 727/727/727
f 723/723/723 730/730/730 725/725/725
f 683/683/683 652/652/652 732/732/732
f 682/682/682 705/705/705 653/653/653
f 687/687/687 734/734/734 545/545/545
f 682/682/682 731/731/731 736/736/736
f 625/625/625 705/705/705 669/669/669
f 708/708/708 721/721/721 739/739/739
f 678/678/678 741/741/741 549/549/549
f 708/708/708 739/739/739 679/679/679
f 658/658/658 720/720/720 707/707/707
f 570/570/570 722/722/722 694/694/694
f 694/694/694 743/743/743 710/710/710
f 643/643/643 709/709/709 702/702/702
f 702/702/702 709/709/709 661/661/661
f 714/714/714 745/745/745 700/700/700
f 723/723/723 747/747/747 749/749/749
f 747/747/747 750/750/750 749/749/749
f 725/725/725 730/730/730 753/753/753
f 723/723/723 749/749/749 730/730/730
f 728/728/728 748/748/748 754/754/754
f 546/546/546 735/735/735 757/757/757
f 682/682/682 736/736/736 758/758/758
f 758/758/758 719/719/719 682/682/682
f 682/682/682 719/719/719 705/705/705
f 669/669/669 705/705/705 721/721/721
f 687/687/687 685/685/685 734/734/734
f 739/739/739 721/721/721 742/742/742
f 740/740/740 759/759/759 737/737/737
f 738/738/738 760/760/760 741/741/741
f 738/738/738 741/741/741 678/678/678
f 697/697/697 762/762/762 623/623/623
f 694/694/694 722/722/722 743/743/743
f 710/710/710 743/743/743 764/764/764
f 709/709/709 766/766/766 661/661/661
f 700/700/700 768/768/768 698/698/698
f 715/715/715 716/716/716 770/770/770
f 716/716/716 713/713/713 772/772/772
f 716/716/716 773/773/773 770/770/770
f 723/723/723 727/727/727 774/774/774
f 750/750/750 747/747/747 776/776/776
f 755/755/755 749/749/749 730/730/730
f 758/758/758 736/736/736 731/731/731
f 758/758/758 777/777/777 719/719/719
f 742/742/742 721/721/721 705/705/705
f 719/719/719 777/777/777 689/689/689
f 685/685/685 779/779/779 734/734/734
f 550/550/550 742/742/742 719/719/719
f 685/685/685 706/706/706 779/779/779
f 761/761/761 781/781/781 621/621/621
f 782/782/782 692/692/692 622/622/622
f 710/710/710 764/764/764 784/784/784
f 783/783/783 785/785/785 709/709/709
f 709/709/709 785/785/785 786/786/786
f 662/662/662 767/767/767 787/787/787
f 700/700/700 745/745/745 768/768/768
f 703/703/703 661/661/661 786/786/786
f 773/773/773 716/716/716 772/772/772
f 773/773/773 788/788/788 770/770/770
f 773/773/773 772/772/772 788/788/788
f 723/723/723 774/774/774 791/791/791
f 774/774/774 727/727/727 793/793/793
f 724/724/724 794/794/794 726/726/726
f 749/749/749 750/750/750 797/797/797
f 749/749/749 799/799/799 730/730/730
f 777/777/777 758/758/758 731/731/731
f 742/742/742 705/705/705 719/719/719
f 735/735/735 780/780/780 801/801/801
f 780/780/780 803/803/803 801/801/801
f 647/647/647 722/722/722 572/572/572
f 648/648/648 699/699/699 806/806/806
f 709/709/709 786/786/786 766/766/766
f 786/786/786 807/807/807 703/703/703
f 810/810/810 712/712/712 704/704/704
f 810/810/810 811/811/811 712/712/712
f 712/712/712 811/811/811 771/771/771
f 769/769/769 812/812/812 714/714/714
f 770/770/770 788/788/788 813/813/813
f 793/793/793 788/788/788 774/774/774
f 774/774/774 788/788/788 791/791/791
f 793/793/793 813/813/813 788/788/788
f 793/793/793 727/727/727 796/796/796
f 753/753/753 815/815/815 725/725/725
f 749/749/749 797/797/797 817/817/817
f 818/818/818 820/820/820 797/797/797
f 652/652/652 718/718/718 732/732/732
f 544/544/544 756/756/756 717/717/717
f 735/735/735 801/801/801 757/757/757
f 690/690/690 822/822/822 706/706/706
f 706/706/706 822/822/822 779/779/779
f 762/762/762 697/697/697 825/825/825
f 692/692/692 782/782/782 826/826/826
f 693/693/693 827/827/827 598/598/598
f 743/743/743 829/829/829 764/764/764
f 784/784/784 764/764/764 833/833/833
f 783/783/783 831/831/831 785/785/785
f 745/745/745 836/836/836 768/768/768
f 714/714/714 837/837/837 745/745/745
f 839/839/839 771/771/771 811/811/811
f 788/788/788 772/772/772 791/791/791
f 771/771/771 839/839/839 790/790/790
f 723/723/723 791/791/791 747/747/747
f 750/750/750 776/776/776 842/842/842
f 725/725/725 815/815/815 796/796/796
f 814/814/814 751/751/751 795/795/795
f 750/750/750 842/842/842 818/818/818
f 750/750/750 818/818/818 797/797/797
f 749/749/749 817/817/817 799/799/799
f 797/797/797 845/845/845 817/817/817
f 846/846/846 797/797/797 820/820/820
f 848/848/848 845/845/845 851/851/851
f 718/718/718 717/717/717 732/732/732
f 691/691/691 778/778/778 853/853/853
f 761/761/761 824/824/824 781/781/781
f 622/622/622 855/855/855 782/782/782
f 743/743/743 722/722/722 829/829/829
f 763/763/763 856/856/856 832/832/832
f 786/786/786 858/858/858 807/807/807
f 786/786/786 785/785/785 860/860/860
f 744/744/744 863/863/863 835/835/835
f 714/714/714 812/812/812 837/837/837
f 812/812/812 866/866/866 868/868/868
f 813/813/813 869/869/869 867/867/867
f 793/793/793 869/869/869 813/813/813
f 775/775/775 746/746/746 870/870/870
f 846/846/846 845/845/845 797/797/797
f 846/846/846 872/872/872 845/845/845
f 851/851/851 875/875/875 848/848/848
f 851/851/851 845/845/845 872/872/872
f 733/733/733 877/877/877 778/778/778
f 779/779/779 822/822/822 802/802/802
f 878/878/878 802/802/802 822/822/822
f 878/878/878 822/822/822 879/879/879
f 882/882/882 885/885/885 888/888/888
f 825/825/825 697/697/697 890/890/890
f 621/621/621 781/781/781 854/854/854
f 826/826/826 782/782/782 892/892/892
f 764/764/764 829/829/829 894/894/894
f 647/647/647 804/804/804 722/722/722
f 768/768/768 805/805/805 698/698/698
f 785/785/785 831/831/831 860/860/860
f 812/812/812 868/868/868 837/837/837
f 839/839/839 811/811/811 897/897/897
f 789/789/789 870/870/870 746/746/746
f 793/793/793 867/867/867 869/869/869
f 729/729/729 899/899/899 752/752/752
f 729/729/729 798/798/798 899/899/899
f 819/819/819 901/901/901 821/821/821
f 847/847/847 873/873/873 844/844/844
f 846/846/846 820/820/820 903/903/903
f 803/803/803 904/904/904 801/801/801
f 691/691/691 853/853/853 823/823/823
f 880/880/880 886/886/886 905/905/905
f 697/697/697 909/909/909 890/890/890
f 697/697/697 642/642/642 909/909/909
f 781/781/781 824/824/824 910/910/910
f 824/824/824 889/889/889 910/910/910
f 598/598/598 827/827/827 599/599/599
f 659/659/659 599/599/599 911/911/911
f 786/786/786 860/860/860 858/858/858
f 871/871/871 790/790/790 839/839/839
f 792/792/792 795/795/795 866/866/866
f 819/819/819 843/843/843 915/915/915
f 819/819/819 915/915/915 901/901/901
f 751/751/751 898/898/898 795/795/795
f 821/821/821 901/901/901 916/916/916
f 817/817/817 845/845/845 917/917/917
f 922/922/922 923/923/923 875/875/875
f 924/924/924 849/849/849 927/927/927
f 925/925/925 921/921/921 850/850/850
f 926/926/926 928/928/928 930/930/930
f 925/925/925 932/932/932 921/921/921
f 925/925/925 929/929/929 932/932/932
f 717/717/717 876/876/876 732/732/732
f 881/881/881 906/906/906 883/883/883
f 888/888/888 885/885/885 934/934/934
f 885/885/885 936/936/936 934/934/934
f 890/890/890 909/909/909 937/937/937
f 910/910/910 854/854/854 781/781/781
f 804/804/804 939/939/939 722/722/722
f 808/808/808 810/810/810 704/704/704
f 837/837/837 868/868/868 941/941/941
f 838/838/838 896/896/896 870/870/870
f 875/875/875 942/942/942 845/845/845
f 945/945/945 942/942/942 923/923/923
f 851/851/851 922/922/922 875/875/875
f 919/919/919 931/931/931 874/874/874
f 717/717/717 946/946/946 876/876/876
f 876/876/876 947/947/947 948/948/948
f 778/778/778 877/877/877 949/949/949
f 822/822/822 950/950/950 879/879/879
f 952/952/952 950/950/950 953/953/953
f 879/879/879 908/908/908 878/878/878
f 937/937/937 909/909/909 955/955/955
f 909/909/909 642/642/642 957/957/957
f 889/889/889 959/959/959 910/910/910
f 642/642/642 660/660/660 963/963/963
f 894/894/894 861/861/861 764/764/764
f 764/764/764 861/861/861 833/833/833
f 857/857/857 765/765/765 834/834/834
f 768/768/768 864/864/864 805/805/805
f 836/836/836 864/864/864 768/768/768
f 837/837/837 864/864/864 745/745/745
f 811/811/811 810/810/810 897/897/897
f 868/868/868 866/866/866 941/941/941
f 866/866/866 795/795/795 964/964/964
f 798/798/798 966/966/966 899/899/899
f 845/845/845 942/942/942 917/917/917
f 945/945/945 968/968/968 942/942/942
f 875/875/875 923/923/923 942/942/942
f 872/872/872 846/846/846 928/928/928
f 851/851/851 872/872/872 928/928/928
f 933/933/933 922/922/922 875/875/875
f 876/876/876 946/946/946 947/947/947
f 904/904/904 803/803/803 970/970/970
f 972/972/972 954/954/954 973/973/973
f 802/802/802 975/975/975 977/977/977
f 878/878/878 975/975/975 802/802/802
f 879/879/879 950/950/950 979/979/979
f 952/952/952 979/979/979 950/950/950
f 952/952/952 953/953/953 980/980/980
f 952/952/952 953/953/953 980/980/980
f 879/879/879 979/979/979 908/908/908
f 907/907/907 887/887/887 982/982/982
f 959/959/959 854/854/854 910/910/910
f 828/828/828 893/893/893 986/986/986
f 599/599/599 827/827/827 985/985/985
f 599/599/599 985/985/985 987/987/987
f 939/939/939 829/829/829 722/722/722
f 859/859/859 862/862/862 895/895/895
f 896/896/896 988/988/988 870/870/870
f 841/841/841 992/992/992 914/914/914
f 915/915/915 995/995/995 901/901/901
f 817/817/817 917/917/917 997/997/997
f 821/821/821 916/916/916 1000/1000/1000
f 846/846/846 903/903/903 928/928/928
f 945/945/945 922/922/922 1001/1001/1001
f 923/923/923 922/922/922 945/945/945
f 921/921/921 932/932/932 929/929/929
f 930/930/930 903/903/903 1002/1002/1002
f 822/822/822 852/852/852 950/950/950
f 908/908/908 952/952/952 884/884/884
f 888/888/888 934/934/934 984/984/984
f 956/956/956 1003/1003/1003 938/938/938
f 956/956/956 958/958/958 1003/1003/1003
f 891/891/891 938/938/938 961/961/961
f 909/909/909 957/957/957 955/955/955
f 959/959/959 1004/1004/1004 854/854/854
f 642/642/642 963/963/963 957/957/957
f 782/782/782 1007/1007/1007 892/892/892
f 782/782/782 855/855/855 1007/1007/1007
f 855/855/855 1005/1005/1005 1007/1007/1007
f 660/660/660 912/912/912 963/963/963
f 809/809/809 859/859/859 1010/1010/1010
f 1010/1010/1010 859/859/859 895/895/895
f 808/808/808 1009/1009/1009 810/810/810
f 837/837/837 941/941/941 864/864/864
f 775/775/775 870/870/870 840/840/840
f 795/795/795 1011/1011/1011 964/964/964
f 914/914/914 992/992/992 1012/1012/1012
f 993/993/993 914/914/914 1012/1012/1012
f 798/798/798 816/816/816 966/966/966
f 930/930/930 928/928/928 903/903/903
f 1014/1014/1014 1016/1016/1016 1019/1019/1019
f 800/800/800 1021/1021/1021 756/756/756
f 951/951/951 853/853/853 1025/1025/1025
f 954/954/954 951/951/951 973/973/973
f 981/981/981 954/954/954 972/972/972
f 1026/1026/1026 974/974/974 1029/1029/1029
f 878/878/878 1034/1034/1034 975/975/975
f 952/952/952 908/908/908 979/979/979
f 878/878/878 908/908/908 1034/1034/1034
f 983/983/983 1034/1034/1034 908/908/908
f 884/884/884 952/952/952 971/971/971
f 884/884/884 971/971/971 935/935/935
f 936/936/936 1036/1036/1036 934/934/934
f 830/830/830 1010/1010/1010 895/895/895
f 866/866/866 1037/1037/1037 941/941/941
f 897/897/897 1039/1039/1039 989/989/989
f 870/870/870 988/988/988 840/840/840
f 866/866/866 964/964/964 1037/1037/1037
f 795/795/795 898/898/898 1011/1011/1011
f 916/916/916 901/901/901 1041/1041/1041
f 916/916/916 1041/1041/1041 1000/1000/1000
f 968/968/968 945/945/945 1042/1042/1042
f 945/945/945 1001/1001/1001 1046/1046/1046
f 903/903/903 1049/1049/1049 1002/1002/1002
f 1015/1015/1015 1050/1050/1050 1017/1017/1017
f 1015/1015/1015 1052/1052/1052 1050/1050/1050
f 717/717/717 1053/1053/1053 946/946/946
f 756/756/756 1021/1021/1021 717/717/717
f 778/778/778 949/949/949 853/853/853
f 1034/1034/1034 983/983/983 1054/1054/1054
f 935/935/935 1057/1057/1057 1035/1035/1035
f 1057/1057/1057 1035/1035/1035 935/935/935
f 1057/1057/1057 935/935/935 1060/1060/1060
f 1034/1034/1034 1054/1054/1054 1031/1031/1031
f 984/984/984 1063/1063/1063 1056/1056/1056
f 1064/1064/1064 1008/1008/1008 1006/1006/1006
f 893/893/893 1066/1066/1066 986/986/986
f 804/804/804 1067/1067/1067 939/939/939
f 810/810/810 1009/1009/1009 1070/1070/1070
f 1070/1070/1070 1072/1072/1072 810/810/810
f 810/810/810 1072/1072/1072 897/897/897
f 1037/1037/1037 1074/1074/1074 941/941/941
f 969/969/969 1044/1044/1044 943/943/943
f 944/944/944 1076/1076/1076 1045/1045/1045
f 945/945/945 1046/1046/1046 1077/1077/1077
f 1019/1019/1019 1016/1016/1016 1078/1078/1078
f 1052/1052/1052 1079/1079/1079 1050/1050/1050
f 1015/1015/1015 1020/1020/1020 1079/1079/1079
f 1015/1015/1015 1079/1079/1079 1052/1052/1052
f 853/853/853 1081/1081/1081 1025/1025/1025
f 1026/1026/1026 1082/1082/1082 974/974/974
f 980/980/980 971/971/971 952/952/952
f 1027/1027/1027 1087/1087/1087 1083/1083/1083
f 1030/1030/1030 1088/1088/1088 1028/1028/1028
f 1034/1034/1034 1031/1031/1031 975/975/975
f 934/934/934 1036/1036/1036 1093/1093/1093
f 1057/1057/1057 1092/1092/1092 1035/1035/1035
f 1097/1097/1097 1033/1033/1033 1056/1056/1056
f 934/934/934 1093/1093/1093 984/984/984
f 1061/1061/1061 1099/1099/1099 1059/1059/1059
f 1058/1058/1058 1098/1098/1098 1093/1093/1093
f 938/938/938 1003/1003/1003 1105/1105/1105
f 938/938/938 1105/1105/1105 961/961/961
f 987/987/987 1108/1108/1108 599/599/599
f 599/599/599 1110/1110/1110 911/911/911
f 941/941/941 1074/1074/1074 864/864/864
f 1011/1011/1011 898/898/898 1112/1112/1112
f 995/995/995 1115/1115/1115 901/901/901
f 996/996/996 966/966/966 816/816/816
f 945/945/945 1046/1046/1046 1042/1042/1042
f 1048/1048/1048 1117/1117/1117 1119/1119/1119
f 1123/1123/1123 930/930/930 1002/1002/1002
f 1001/1001/1001 1018/1018/1018 1124/1124/1124
f 1001/1001/1001 922/922/922 1018/1018/1018
f 1124/1124/1124 1018/1018/1018 1126/1126/1126
f 1127/1127/1127 1078/1078/1078 1129/1129/1129
f 947/947/947 1133/1133/1133 948/948/948
f 977/977/977 1136/1136/1136 802/802/802
f 951/951/951 1025/1025/1025 973/973/973
f 935/935/935 971/971/971 1060/1060/1060
f 1032/1032/1032 1094/1094/1094 1089/1089/1089
f 1093/1093/1093 1063/1063/1063 984/984/984
f 1003/1003/1003 958/958/958 1138/1138/1138
f 985/985/985 1065/1065/1065 987/987/987
f 940/940/940 1139/1139/1139 830/830/830
f 1139/1139/1139 1010/1010/1010 830/830/830
f 805/805/805 864/864/864 1068/1068/1068
f 1139/1139/1139 1071/1071/1071 1010/1010/1010
f 840/840/840 988/988/988 1140/1140/1140
f 841/841/841 1141/1141/1141 992/992/992
f 1013/1013/1013 1114/1114/1114 994/994/994
f 902/902/902 1118/1118/1118 1047/1047/1047
f 1124/1124/1124 1126/1126/1126 1001/1001/1001
f 1018/1018/1018 1051/1051/1051 1126/1126/1126
f 1079/1079/1079 1143/1143/1143 1050/1050/1050
f 1128/1128/1128 1132/1132/1132 1143/1143/1143
f 947/947/947 946/946/946 1133/1133/1133
f 801/801/801 904/904/904 1023/1023/1023
f 853/853/853 949/949/949 1081/1081/1081
f 803/803/803 1144/1144/1144 970/970/970
f 1025/1025/1025 1146/1146/1146 973/973/973
f 976/976/976 1086/1086/1086 978/978/978
f 1084/1084/1084 1090/1090/1090 1147/1147/1147
f 1097/1097/1097 1056/1056/1056 1154/1154/1154
f 893/893/893 1155/1155/1155 1066/1066/1066
f 963/963/963 912/912/912 1156/1156/1156
f 1158/1158/1158 1160/1160/1160 1066/1066/1066
f 987/987/987 1065/1065/1065 1108/1108/1108
f 1158/1158/1158 1162/1162/1162 1164/1164/1164
f 1158/1158/1158 1164/1164/1164 1160/1160/1160
f 599/599/599 1108/1108/1108 1110/1110/1110
f 1166/1166/1166 1168/1168/1168 1160/1160/1160
f 1170/1170/1170 1172/1172/1172 1168/1168/1168
f 1166/1166/1166 1174/1174/1174 1168/1168/1168
f 940/940/940 1069/1069/1069 1139/1139/1139
f 1139/1139/1139 1069/1069/1069 1176/1176/1176
f 864/864/864 1175/1175/1175 1068/1068/1068
f 865/865/865 1139/1139/1139 1176/1176/1176
f 1139/1139/1139 865/865/865 1177/1177/1177
f 1071/1071/1071 1139/1139/1139 1177/1177/1177
f 1073/1073/1073 1071/1071/1071 1177/1177/1177
f 897/897/897 1072/1072/1072 1039/1039/1039
f 1038/1038/1038 965/965/965 1178/1178/1178
f 1178/1178/1178 1179/1179/1179 1038/1038/1038
f 992/992/992 1141/1141/1141 1180/1180/1180
f 1011/1011/1011 1181/1181/1181 1183/1183/1183
f 1012/1012/1012 992/992/992 1185/1185/1185
f 1011/1011/1011 1112/1112/1112 1181/1181/1181
f 1012/1012/1012 1185/1185/1185 1187/1187/1187
f 1013/1013/1013 1188/1188/1188 1114/1114/1114
f 918/918/918 1190/1190/1190 998/998/998
f 917/917/917 942/942/942 1189/1189/1189
f 1191/1191/1191 1042/1042/1042 1193/1193/1193
f 943/943/943 1044/1044/1044 1195/1195/1195
f 1042/1042/1042 1196/1196/1196 1193/1193/1193
f 1199/1199/1199 1202/1202/1202 1207/1207/1207
f 1042/1042/1042 1046/1046/1046 1196/1196/1196
f 1000/1000/1000 1041/1041/1041 1209/1209/1209
f 820/820/820 999/999/999 1208/1208/1208
f 820/820/820 1208/1208/1208 1120/1120/1120
f 903/903/903 820/820/820 1120/1120/1120
f 1001/1001/1001 1126/1126/1126 1196/1196/1196
f 1196/1196/1196 1046/1046/1046 1001/1001/1001
f 1047/1047/1047 1118/1118/1118 1116/1116/1116
f 1002/1002/1002 1049/1049/1049 1123/1123/1123
f 1016/1016/1016 920/920/920 1210/1210/1210
f 1078/1078/1078 1016/1016/1016 1212/1212/1212
f 1016/1016/1016 1210/1210/1210 1212/1212/1212
f 1079/1079/1079 1128/1128/1128 1143/1143/1143
f 1142/1142/1142 1130/1130/1130 1215/1215/1215
f 1142/1142/1142 1130/1130/1130 1215/1215/1215
f 717/717/717 1021/1021/1021 1053/1053/1053
f 946/946/946 1053/1053/1053 1133/1133/1133
f 973/973/973 1146/1146/1146 1218/1218/1218
f 1095/1095/1095 1148/1148/1148 1091/1091/1091
f 1061/1061/1061 972/972/972 1099/1099/1099
f 1093/1093/1093 1098/1098/1098 1221/1221/1221
f 1223/1223/1223 1225/1225/1225 1226/1226/1226
f 1097/1097/1097 1154/1154/1154 1230/1230/1230
f 1224/1224/1224 1233/1233/1233 1106/1106/1106
f 1224/1224/1224 1227/1227/1227 1233/1233/1233
f 1055/1055/1055 1062/1062/1062 1234/1234/1234
f 1236/1236/1236 1228/1228/1228 1153/1153/1153
f 1003/1003/1003 1240/1240/1240 1105/1105/1105
f 962/962/962 1243/1243/1243 1245/1245/1245
f 1244/1244/1244 1242/1242/1242 960/960/960
f 1006/1006/1006 1243/1243/1243 1064/1064/1064
f 962/962/962 1243/1243/1243 1006/1006/1006
f 1247/1247/1247 1248/1248/1248 1249/1249/1249
f 1249/1249/1249 1251/1251/1251 1247/1247/1247
f 893/893/893 1008/1008/1008 1243/1243/1243
f 893/893/893 1243/1243/1243 1155/1155/1155
f 1158/1158/1158 1155/1155/1155 1248/1248/1248
f 1158/1158/1158 1066/1066/1066 1155/1155/1155
f 1160/1160/1160 1252/1252/1252 1066/1066/1066
f 1255/1255/1255 1164/1164/1164 1162/1162/1162
f 1168/1168/1168 1252/1252/1252 1160/1160/1160
f 1160/1160/1160 1164/1164/1164 1257/1257/1257
f 1165/1165/1165 1159/1159/1159 1173/1173/1173
f 1169/1169/1169 1167/1167/1167 1171/1171/1171
f 1075/1075/1075 1177/1177/1177 865/865/865
f 1072/1072/1072 1258/1258/1258 1039/1039/1039
f 991/991/991 1040/1040/1040 1260/1260/1260
f 991/991/991 1040/1040/1040 1260/1260/1260
f 1260/1260/1260 1262/1262/1262 991/991/991
f 1178/1178/1178 965/965/965 1179/1179/1179
f 990/990/990 1261/1261/1261 1263/1263/1263
f 1011/1011/1011 1183/1183/1183 964/964/964
f 1184/1184/1184 1182/1182/1182 1265/1265/1265
f 992/992/992 1180/1180/1180 1185/1185/1185
f 1188/1188/1188 1266/1266/1266 1114/1114/1114
f 996/996/996 1186/1186/1186 966/966/966
f 943/943/943 1195/1195/1195 1190/1190/1190
f 1192/1192/1192 1194/1194/1194 1043/1043/1043
f 1201/1201/1201 1198/1198/1198 1268/1268/1268
f 1048/1048/1048 1119/1119/1119 1122/1122/1122
f 1212/1212/1212 1270/1270/1270 1078/1078/1078
f 1129/1129/1129 1078/1078/1078 1270/1270/1270
f 1274/1274/1274 1131/1131/1131 1271/1271/1271
f 1131/1131/1131 1274/1274/1274 1276/1276/1276
f 1133/1133/1133 1053/1053/1053 1021/1021/1021
f 949/949/949 1135/1135/1135 1081/1081/1081
f 904/904/904 970/970/970 1023/1023/1023
f 1080/1080/1080 1280/1280/1280 1024/1024/1024
f 803/803/803 1137/1137/1137 1144/1144/1144
f 1146/1146/1146 1284/1284/1284 1288/1288/1288
f 1086/1086/1086 1289/1289/1289 978/978/978
f 1225/1225/1225 1223/1223/1223 1290/1290/1290
f 1106/1106/1106 1233/1233/1233 962/962/962
f 1240/1240/1240 1003/1003/1003 1138/1138/1138
f 1251/1251/1251 1249/1249/1249 1294/1294/1294
f 1250/1250/1250 1295/1295/1295 1246/1246/1246
f 1248/1248/1248 1155/1155/1155 1249/1249/1249
f 963/963/963 1156/1156/1156 957/957/957
f 1248/1248/1248 1247/1247/1247 1297/1297/1297
f 1158/1158/1158 1248/1248/1248 1297/1297/1297
f 1158/1158/1158 1298/1298/1298 1162/1162/1162
f 1066/1066/1066 1252/1252/1252 1109/1109/1109
f 1109/1109/1109 1252/1252/1252 1111/1111/1111
f 913/913/913 1111/1111/1111 1300/1300/1300
f 1302/1302/1302 913/913/913 1300/1300/1300
f 1162/1162/1162 1304/1304/1304 1255/1255/1255
f 1301/1301/1301 1299/1299/1299 1305/1305/1305
f 1168/1168/1168 1300/1300/1300 1111/1111/1111
f 1163/1163/1163 1253/1253/1253 1307/1307/1307
f 1168/1168/1168 1172/1172/1172 1300/1300/1300
f 1160/1160/1160 1257/1257/1257 1174/1174/1174
f 1168/1168/1168 1174/1174/1174 1172/1172/1172
f 1075/1075/1075 1309/1309/1309 1177/1177/1177
f 1038/1038/1038 1179/1179/1179 1075/1075/1075
f 1040/1040/1040 1075/1075/1075 1260/1260/1260
f 1260/1260/1260 1179/1179/1179 1262/1262/1262
f 1264/1264/1264 1262/1262/1262 991/991/991
f 1141/1141/1141 991/991/991 1262/1262/1262
f 967/967/967 1310/1310/1310 900/900/900
f 900/900/900 1310/1310/1310 1113/1113/1113
f 1187/1187/1187 1185/1185/1185 967/967/967
f 998/998/998 1190/1190/1190 1188/1188/1188
f 1197/1197/1197 1203/1203/1203 1267/1267/1267
f 1201/1201/1201 1268/1268/1268 1311/1311/1311
f 1313/1313/1313 1207/1207/1207 1314/1314/1314
f 1209/1209/1209 1315/1315/1315 1121/1121/1121
f 1201/1201/1201 1311/1311/1311 1317/1317/1317
f 1202/1202/1202 1314/1314/1314 1207/1207/1207
f 1201/1201/1201 1320/1320/1320 1317/1317/1317
f 1202/1202/1202 1318/1318/1318 1314/1314/1314
f 1318/1318/1318 1322/1322/1322 1314/1314/1314
f 1318/1318/1318 1325/1325/1325 1326/1326/1326
f 1119/1119/1119 1327/1327/1327 1122/1122/1122
f 929/929/929 1122/1122/1122 1327/1327/1327
f 929/929/929 1327/1327/1327 1330/1330/1330
f 1211/1211/1211 921/921/921 1213/1213/1213
f 921/921/921 929/929/929 1330/1330/1330
f 1125/1125/1125 1050/1050/1050 1332/1332/1332
f 1050/1050/1050 1143/1143/1143 1332/1332/1332
f 1216/1216/1216 1334/1334/1334 1143/1143/1143
f 1132/1132/1132 1335/1335/1335 1216/1216/1216
f 1216/1216/1216 1335/1335/1335 1334/1334/1334
f 1132/1132/1132 1279/1279/1279 1335/1335/1335
f 1134/1134/1134 1022/1022/1022 1338/1338/1338
f 1146/1146/1146 1288/1288/1288 1218/1218/1218
f 978/978/978 1289/1289/1289 1137/1137/1137
f 1224/1224/1224 1340/1340/1340 1292/1292/1292
f 1099/1099/1099 972/972/972 1222/1222/1222
f 1224/1224/1224 1106/1106/1106 1340/1340/1340
f 1093/1093/1093 1221/1221/1221 1063/1063/1063
f 1056/1056/1056 1342/1342/1342 1154/1154/1154
f 1056/1056/1056 1235/1235/1235 1342/1342/1342
f 1235/1235/1235 1063/1063/1063 1345/1345/1345
f 1235/1235/1235 1345/1345/1345 1342/1342/1342
f 962/962/962 1233/1233/1233 1243/1243/1243
f 1064/1064/1064 1243/1243/1243 1008/1008/1008
f 1297/1297/1297 1247/1247/1247 1158/1158/1158
f 1303/1303/1303 1161/1161/1161 1346/1346/1346
f 913/913/913 1302/1302/1302 1306/1306/1306
f 1168/1168/1168 1111/1111/1111 1252/1252/1252
f 1304/1304/1304 1347/1347/1347 1255/1255/1255
f 1308/1308/1308 1257/1257/1257 1164/1164/1164
f 1174/1174/1174 1257/1257/1257 1348/1348/1348
f 1172/1172/1172 1174/1174/1174 1349/1349/1349
f 1073/1073/1073 1177/1177/1177 1309/1309/1309
f 1309/1309/1309 1259/1259/1259 1073/1073/1073
f 1309/1309/1309 1075/1075/1075 1259/1259/1259
f 1075/1075/1075 1040/1040/1040 1259/1259/1259
f 1075/1075/1075 1179/1179/1179 1260/1260/1260
f 1262/1262/1262 1179/1179/1179 1351/1351/1351
f 1184/1184/1184 1351/1351/1351 965/965/965
f 1265/1265/1265 1351/1351/1351 1184/1184/1184
f 1265/1265/1265 1182/1182/1182 1310/1310/1310
f 1113/1113/1113 1310/1310/1310 1182/1182/1182
f 1190/1190/1190 1266/1266/1266 1188/1188/1188
f 1192/1192/1192 1353/1353/1353 1194/1194/1194
f 1314/1314/1314 1354/1354/1354 1313/1313/1313
f 1313/1313/1313 1354/1354/1354 1359/1359/1359
f 1311/1311/1311 1268/1268/1268 1361/1361/1361
f 1319/1319/1319 1200/1200/1200 1316/1316/1316
f 1126/1126/1126 1325/1325/1325 1196/1196/1196
f 1317/1317/1317 1320/1320/1320 1324/1324/1324
f 1318/1318/1318 1326/1326/1326 1322/1322/1322
f 921/921/921 1330/1330/1330 1213/1213/1213
f 1143/1143/1143 1334/1334/1334 1332/1332/1332
f 1272/1272/1272 1366/1366/1366 1275/1275/1275
f 1279/1279/1279 1371/1371/1371 1335/1335/1335
f 1022/1022/1022 1373/1373/1373 1338/1338/1338
f 1023/1023/1023 970/970/970 1144/1144/1144
f 1282/1282/1282 1374/1374/1374 1378/1378/1378
f 1025/1025/1025 1281/1281/1281 1377/1377/1377
f 1025/1025/1025 1377/1377/1377 1146/1146/1146
f 1283/1283/1283 1145/1145/1145 1375/1375/1375
f 1284/1284/1284 1382/1382/1382 1288/1288/1288
f 973/973/973 1218/1218/1218 972/972/972
f 1085/1085/1085 1149/1149/1149 1383/1383/1383
f 1384/1384/1384 1152/1152/1152 1386/1386/1386
f 1096/1096/1096 1229/1229/1229 1150/1150/1150
f 1225/1225/1225 1387/1387/1387 1226/1226/1226
f 1154/1154/1154 1393/1393/1393 1238/1238/1238
f 1343/1343/1343 1394/1394/1394 1396/1396/1396
f 1249/1249/1249 1155/1155/1155 1294/1294/1294
f 958/958/958 1400/1400/1400 1138/1138/1138
f 1247/1247/1247 1296/1296/1296 1298/1298/1298
f 1247/1247/1247 1298/1298/1298 1158/1158/1158
f 1157/1157/1157 913/913/913 1306/1306/1306
f 1162/1162/1162 1298/1298/1298 1347/1347/1347
f 1308/1308/1308 1255/1255/1255 1402/1402/1402
f 1347/1347/1347 1404/1404/1404 1255/1255/1255
f 1402/1402/1402 1257/1257/1257 1308/1308/1308
f 1172/1172/1172 1349/1349/1349 1300/1300/1300
f 965/965/965 1351/1351/1351 1179/1179/1179
f 1262/1262/1262 1351/1351/1351 1180/1180/1180
f 1265/1265/1265 1310/1310/1310 1351/1351/1351
f 1185/1185/1185 1180/1180/1180 1310/1310/1310
f 967/967/967 1185/1185/1185 1310/1310/1310
f 901/901/901 1115/1115/1115 1041/1041/1041
f 1193/1193/1193 1352/1352/1352 1191/1191/1191
f 1209/1209/1209 1041/1041/1041 1315/1315/1315
f 1317/1317/1317 1361/1361/1361 1320/1320/1320
f 1325/1325/1325 1364/1364/1364 1196/1196/1196
f 1325/1325/1325 1126/1126/1126 1333/1333/1333
f 1214/1214/1214 1331/1331/1331 1273/1273/1273
f 1331/1331/1331 1406/1406/1406 1273/1273/1273
f 1277/1277/1277 1275/1275/1275 1366/1366/1366
f 1370/1370/1370 1278/1278/1278 1367/1367/1367
f 1134/1134/1134 1407/1407/1407 1080/1080/1080
f 1134/1134/1134 1338/1338/1338 1407/1407/1407
f 1284/1284/1284 1380/1380/1380 1382/1382/1382
f 1137/1137/1137 1289/1289/1289 1144/1144/1144
f 1086/1086/1086 1410/1410/1410 1289/1289/1289
f 1384/1384/1384 1410/1410/1410 1086/1086/1086
f 1384/1384/1384 1386/1386/1386 1410/1410/1410
f 972/972/972 1218/1218/1218 1222/1222/1222
f 1219/1219/1219 1217/1217/1217 1100/1100/1100
f 1290/1290/1290 1387/1387/1387 1225/1225/1225
f 1229/1229/1229 1411/1411/1411 1150/1150/1150
f 1104/1104/1104 1414/1414/1414 1220/1220/1220
f 1226/1226/1226 1387/1387/1387 1416/1416/1416
f 1237/1237/1237 1411/1411/1411 1229/1229/1229
f 1226/1226/1226 1416/1416/1416 1231/1231/1231
f 1237/1237/1237 1391/1391/1391 1411/1411/1411
f 1345/1345/1345 1063/1063/1063 1418/1418/1418
f 1397/1397/1397 1341/1341/1341 1344/1344/1344
f 1342/1342/1342 1398/1398/1398 1395/1395/1395
f 1243/1243/1243 1233/1233/1233 1155/1155/1155
f 1419/1419/1419 1420/1420/1420 1421/1421/1421
f 1419/1419/1419 1421/1421/1421 1298/1298/1298
f 957/957/957 1156/1156/1156 1399/1399/1399
f 1423/1423/1423 1425/1425/1425 1306/1306/1306
f 1298/1298/1298 1426/1426/1426 1347/1347/1347
f 1426/1426/1426 1427/1427/1427 1347/1347/1347
f 1300/1300/1300 1428/1428/1428 1306/1306/1306
f 1255/1255/1255 1404/1404/1404 1430/1430/1430
f 1257/1257/1257 1402/1402/1402 1433/1433/1433
f 1254/1254/1254 1429/1429/1429 1434/1434/1434
f 1432/1432/1432 1401/1401/1401 1256/1256/1256
f 1349/1349/1349 1174/1174/1174 1436/1436/1436
f 1348/1348/1348 1257/1257/1257 1438/1438/1438
f 1174/1174/1174 1348/1348/1348 1436/1436/1436
f 1349/1349/1349 1436/1436/1436 1439/1439/1439
f 1351/1351/1351 1310/1310/1310 1180/1180/1180
f 1262/1262/1262 1180/1180/1180 1141/1141/1141
f 1312/1312/1312 1356/1356/1356 1206/1206/1206
f 1268/1268/1268 1441/1441/1441 1361/1361/1361
f 1269/1269/1269 1204/1204/1204 1442/1442/1442
f 1354/1354/1354 1314/1314/1314 1444/1444/1444
f 1317/1317/1317 1311/1311/1311 1361/1361/1361
f 1322/1322/1322 1444/1444/1444 1314/1314/1314
f 1331/1331/1331 1446/1446/1446 1406/1406/1406
f 1273/1273/1273 1406/1406/1406 1369/1369/1369
f 1332/1332/1332 1334/1334/1334 1447/1447/1447
f 1369/1369/1369 1406/1406/1406 1449/1449/1449
f 1334/1334/1334 1335/1335/1335 1447/1447/1447
f 1372/1372/1372 1368/1368/1368 1336/1336/1336
f 1023/1023/1023 1451/1451/1451 1452/1452/1452
f 1280/1280/1280 1080/1080/1080 1407/1407/1407
f 1144/1144/1144 1451/1451/1451 1023/1023/1023
f 1453/1453/1453 1379/1379/1379 1376/1376/1376
f 1382/1382/1382 1380/1380/1380 1459/1459/1459
f 1287/1287/1287 1381/1381/1381 1460/1460/1460
f 1288/1288/1288 1462/1462/1462 1464/1464/1464
f 1339/1339/1339 1466/1466/1466 1291/1291/1291
f 1218/1218/1218 1470/1470/1470 1107/1107/1107
f 1152/1152/1152 1475/1475/1475 1386/1386/1386
f 1387/1387/1387 1290/1290/1290 1465/1465/1465
f 1339/1339/1339 1101/1101/1101 1466/1466/1466
f 1102/1102/1102 1388/1388/1388 1467/1467/1467
f 1414/1414/1414 1104/1104/1104 1239/1239/1239
f 1154/1154/1154 1476/1476/1476 1393/1393/1393
f 1345/1345/1345 1418/1418/1418 1395/1395/1395
f 1250/1250/1250 1293/1293/1293 1295/1295/1295
f 1419/1419/1419 1477/1477/1477 1420/1420/1420
f 1298/1298/1298 1296/1296/1296 1419/1419/1419
f 1420/1420/1420 1478/1478/1478 1421/1421/1421
f 1298/1298/1298 1421/1421/1421 1426/1426/1426
f 1426/1426/1426 1421/1421/1421 1480/1480/1480
f 1422/1422/1422 1481/1481/1481 1424/1424/1424
f 1306/1306/1306 1482/1482/1482 1423/1423/1423
f 1427/1427/1427 1484/1484/1484 1347/1347/1347
f 1306/1306/1306 1428/1428/1428 1482/1482/1482
f 1428/1428/1428 1300/1300/1300 1349/1349/1349
f 1435/1435/1435 1430/1430/1430 1255/1255/1255
f 1257/1257/1257 1487/1487/1487 1438/1438/1438
f 1257/1257/1257 1402/1402/1402 1489/1489/1489
f 1257/1257/1257 1489/1489/1489 1487/1487/1487
f 1348/1348/1348 1438/1438/1438 1491/1491/1491
f 1497/1497/1497 1501/1501/1501 1503/1503/1503
f 1492/1492/1492 1505/1505/1505 1498/1498/1498
f 1190/1190/1190 1507/1507/1507 1266/1266/1266
f 1313/1313/1313 1359/1359/1359 1509/1509/1509
f 1312/1312/1312 1508/1508/1508 1356/1356/1356
f 1206/1206/1206 1356/1356/1356 1510/1510/1510
f 1205/1205/1205 1362/1362/1362 1443/1443/1443
f 1119/1119/1119 1514/1514/1514 1327/1327/1327
f 1364/1364/1364 1325/1325/1325 1321/1321/1321
f 1326/1326/1326 1516/1516/1516 1322/1322/1322
f 1331/1331/1331 1517/1517/1517 1446/1446/1446
f 1331/1331/1331 1517/1517/1517 1446/1446/1446
f 1406/1406/1406 1446/1446/1446 1518/1518/1518
f 1519/1519/1519 1520/1520/1520 1521/1521/1521
f 1325/1325/1325 1523/1523/1523 1326/1326/1326
f 1333/1333/1333 1523/1523/1523 1325/1325/1325
f 1520/1520/1520 1524/1524/1524 1521/1521/1521
f 1333/1333/1333 1448/1448/1448 1523/1523/1523
f 1448/1448/1448 1337/1337/1337 1523/1523/1523
f 1527/1527/1527 1520/1520/1520 1519/1519/1519
f 1529/1529/1529 1523/1523/1523 1337/1337/1337
f 1450/1450/1450 1531/1531/1531 1534/1534/1534
f 1527/1527/1527 1519/1519/1519 1536/1536/1536
f 1449/1449/1449 1533/1533/1533 1369/1369/1369
f 1338/1338/1338 1537/1537/1537 1538/1538/1538
f 1338/1338/1338 1373/1373/1373 1537/1537/1537
f 1338/1338/1338 1538/1538/1538 1539/1539/1539
f 1338/1338/1338 1539/1539/1539 1540/1540/1540
f 1022/1022/1022 1541/1541/1541 1373/1373/1373
f 1407/1407/1407 1338/1338/1338 1540/1540/1540
f 1023/1023/1023 1452/1452/1452 1542/1542/1542
f 1380/1380/1380 1455/1455/1455 1544/1544/1544
f 1281/1281/1281 1408/1408/1408 1377/1377/1377
f 1453/1453/1453 1376/1376/1376 1545/1545/1545
f 1380/1380/1380 1548/1548/1548 1459/1459/1459
f 1451/1451/1451 1144/1144/1144 1549/1549/1549
f 1462/1462/1462 1551/1551/1551 1464/1464/1464
f 1218/1218/1218 1288/1288/1288 1470/1470/1470
f 1386/1386/1386 1475/1475/1475 1553/1553/1553
f 1475/1475/1475 1410/1410/1410 1553/1553/1553
f 1385/1385/1385 1552/1552/1552 1409/1409/1409
f 1471/1471/1471 1150/1150/1150 1554/1554/1554
f 1104/1104/1104 1468/1468/1468 1414/1414/1414
f 1151/1151/1151 1472/1472/1472 1555/1555/1555
f 1152/1152/1152 1558/1558/1558 1475/1475/1475
f 1150/1150/1150 1411/1411/1411 1554/1554/1554
f 1103/1103/1103 1413/1413/1413 1389/1389/1389
f 1154/1154/1154 1342/1342/1342 1476/1476/1476
f 1240/1240/1240 1138/1138/1138 1400/1400/1400
f 1155/1155/1155 1233/1233/1233 1294/1294/1294
f 1306/1306/1306 1425/1425/1425 1157/1157/1157
f 1426/1426/1426 1480/1480/1480 1559/1559/1559
f 1482/1482/1482 1561/1561/1561 1425/1425/1425
f 1428/1428/1428 1563/1563/1563 1482/1482/1482
f 1428/1428/1428 1349/1349/1349 1564/1564/1564
f 1402/1402/1402 1255/1255/1255 1489/1489/1489
f 1487/1487/1487 1491/1491/1491 1438/1438/1438
f 1504/1504/1504 1502/1502/1502 1569/1569/1569
f 1499/1499/1499 1493/1493/1493 1566/1566/1566
f 1506/1506/1506 1494/1494/1494 1500/1500/1500
f 1353/1353/1353 1571/1571/1571 1572/1572/1572
f 1352/1352/1352 1193/1193/1193 1570/1570/1570
f 1573/1573/1573 1575/1575/1575 1360/1360/1360
f 1573/1573/1573 1360/1360/1360 1355/1355/1355
f 1576/1576/1576 1196/1196/1196 1364/1364/1364
f 1121/1121/1121 1315/1315/1315 1579/1579/1579
f 1515/1515/1515 1121/1121/1121 1579/1579/1579
f 1515/1515/1515 1579/1579/1579 1329/1329/1329
f 1517/1517/1517 1331/1331/1331 1580/1580/1580
f 1519/1519/1519 1521/1521/1521 1322/1322/1322
f 1446/1446/1446 1517/1517/1517 1580/1580/1580
f 1446/1446/1446 1580/1580/1580 1518/1518/1518
f 1406/1406/1406 1518/1518/1518 1449/1449/1449
f 1523/1523/1523 1529/1529/1529 1326/1326/1326
f 1369/1369/1369 1533/1533/1533 1582/1582/1582
f 1369/1369/1369 1537/1537/1537 1337/1337/1337
f 1369/1369/1369 1582/1582/1582 1537/1537/1537
f 1529/1529/1529 1337/1337/1337 1537/1537/1537
f 1537/1537/1537 1582/1582/1582 1538/1538/1538
f 1541/1541/1541 1583/1583/1583 1373/1373/1373
f 1452/1452/1452 1584/1584/1584 1542/1542/1542
f 1380/1380/1380 1544/1544/1544 1548/1548/1548
f 1463/1463/1463 1550/1550/1550 1285/1285/1285
f 1288/1288/1288 1551/1551/1551 1585/1585/1585
f 1289/1289/1289 1586/1586/1586 1144/1144/1144
f 1288/1288/1288 1585/1585/1585 1590/1590/1590
f 1288/1288/1288 1593/1593/1593 1470/1470/1470
f 1286/1286/1286 1587/1587/1587 1591/1591/1591
f 1475/1475/1475 1558/1558/1558 1410/1410/1410
f 1474/1474/1474 1557/1557/1557 1596/1596/1596
f 1390/1390/1390 1414/1414/1414 1417/1417/1417
f 1418/1418/1418 1063/1063/1063 1598/1598/1598
f 1239/1239/1239 1417/1417/1417 1414/1414/1414
f 1232/1232/1232 1417/1417/1417 1239/1239/1239
f 1418/1418/1418 1598/1598/1598 1395/1395/1395
f 1419/1419/1419 1294/1294/1294 1599/1599/1599
f 1296/1296/1296 1294/1294/1294 1419/1419/1419
f 1156/1156/1156 1600/1600/1600 1399/1399/1399
f 1425/1425/1425 1605/1605/1605 1603/1603/1603
f 1425/1425/1425 1607/1607/1607 1605/1605/1605
f 1425/1425/1425 1603/1603/1603 1157/1157/1157
f 1562/1562/1562 1610/1610/1610 1608/1608/1608
f 1561/1561/1561 1607/1607/1607 1425/1425/1425
f 1426/1426/1426 1559/1559/1559 1427/1427/1427
f 1562/1562/1562 1483/1483/1483 1612/1612/1612
f 1482/1482/1482 1613/1613/1613 1611/1611/1611
f 1428/1428/1428 1564/1564/1564 1563/1563/1563
f 1349/1349/1349 1439/1439/1439 1614/1614/1614
f 1491/1491/1491 1487/1487/1487 1616/1616/1616
f 1437/1437/1437 1618/1618/1618 1440/1440/1440
f 1489/1489/1489 1620/1620/1620 1487/1487/1487
f 1623/1623/1623 1624/1624/1624 1626/1626/1626
f 1628/1628/1628 1624/1624/1624 1623/1623/1623
f 1571/1571/1571 1630/1630/1630 1632/1632/1632
f 1571/1571/1571 1632/1632/1632 1572/1572/1572
f 1570/1570/1570 1193/1193/1193 1631/1631/1631
f 1196/1196/1196 1576/1576/1576 1193/1193/1193
f 1041/1041/1041 1634/1634/1634 1315/1315/1315
f 1510/1510/1510 1356/1356/1356 1635/1635/1635
f 1573/1573/1573 1355/1355/1355 1639/1639/1639
f 1365/1365/1365 1513/1513/1513 1577/1577/1577
f 1445/1445/1445 1639/1639/1639 1355/1355/1355
f 1206/1206/1206 1510/1510/1510 1640/1640/1640
f 1363/1363/1363 1206/1206/1206 1640/1640/1640
f 1331/1331/1331 1328/1328/1328 1580/1580/1580
f 1522/1522/1522 1643/1643/1643 1645/1645/1645
f 1522/1522/1522 1645/1645/1645 1323/1323/1323
f 1646/1646/1646 1519/1519/1519 1516/1516/1516
f 1519/1519/1519 1322/1322/1322 1516/1516/1516
f 1326/1326/1326 1647/1647/1647 1516/1516/1516
f 1522/1522/1522 1525/1525/1525 1643/1643/1643
f 1580/1580/1580 1449/1449/1449 1518/1518/1518
f 1520/1520/1520 1527/1527/1527 1649/1649/1649
f 1526/1526/1526 1535/1535/1535 1648/1648/1648
f 1582/1582/1582 1652/1652/1652 1538/1538/1538
f 1582/1582/1582 1533/1533/1533 1652/1652/1652
f 1538/1538/1538 1540/1540/1540 1539/1539/1539
f 1537/1537/1537 1373/1373/1373 1583/1583/1583
f 1407/1407/1407 1454/1454/1454 1546/1546/1546
f 1408/1408/1408 1547/1547/1547 1377/1377/1377
f 1460/1460/1460 1654/1654/1654 1456/1456/1456
f 1382/1382/1382 1459/1459/1459 1656/1656/1656
f 1460/1460/1460 1381/1381/1381 1654/1654/1654
f 1144/1144/1144 1586/1586/1586 1657/1657/1657
f 1415/1415/1415 1469/1469/1469 1221/1221/1221
f 1556/1556/1556 1473/1473/1473 1594/1594/1594
f 1063/1063/1063 1221/1221/1221 1658/1658/1658
f 1557/1557/1557 1412/1412/1412 1659/1659/1659
f 1412/1412/1412 1393/1393/1393 1659/1659/1659
f 1241/1241/1241 1661/1661/1661 1233/1233/1233
f 1393/1393/1393 1476/1476/1476 1664/1664/1664
f 1602/1602/1602 1665/1665/1665 1400/1400/1400
f 1606/1606/1606 1668/1668/1668 1604/1604/1604
f 1427/1427/1427 1559/1559/1559 1484/1484/1484
f 1347/1347/1347 1484/1484/1484 1404/1404/1404
f 1405/1405/1405 1485/1485/1485 1669/1669/1669
f 1563/1563/1563 1670/1670/1670 1482/1482/1482
f 1404/1404/1404 1671/1671/1671 1430/1430/1430
f 1671/1671/1671 1674/1674/1674 1430/1430/1430
f 1489/1489/1489 1255/1255/1255 1677/1677/1677
f 1677/1677/1677 1255/1255/1255 1678/1678/1678
f 1255/1255/1255 1430/1430/1430 1678/1678/1678
f 1440/1440/1440 1618/1618/1618 1615/1615/1615
f 1348/1348/1348 1491/1491/1491 1436/1436/1436
f 1616/1616/1616 1680/1680/1680 1491/1491/1491
f 1624/1624/1624 1628/1628/1628 1683/1683/1683
f 1570/1570/1570 1631/1631/1631 1629/1629/1629
f 1632/1632/1632 1684/1684/1684 1572/1572/1572
f 1266/1266/1266 1685/1685/1685 1114/1114/1114
f 1041/1041/1041 1115/1115/1115 1687/1687/1687
f 1315/1315/1315 1634/1634/1634 1579/1579/1579
f 1365/1365/1365 1642/1642/1642 1513/1513/1513
f 1329/1329/1329 1688/1688/1688 1581/1581/1581
f 1322/1322/1322 1644/1644/1644 1444/1444/1444
f 1326/1326/1326 1529/1529/1529 1647/1647/1647
f 1519/1519/1519 1646/1646/1646 1647/1647/1647
f 1525/1525/1525 1689/1689/1689 1643/1643/1643
f 1450/1450/1450 1581/1581/1581 1691/1691/1691
f 1534/1534/1534 1531/1531/1531 1693/1693/1693
f 1534/1534/1534 1693/1693/1693 1696/1696/1696
f 1535/1535/1535 1697/1697/1697 1648/1648/1648
f 1537/1537/1537 1699/1699/1699 1529/1529/1529
f 1538/1538/1538 1652/1652/1652 1540/1540/1540
f 1461/1461/1461 1457/1457/1457 1700/1700/1700
f 1702/1702/1702 1704/1704/1704 1462/1462/1462
f 1585/1585/1585 1551/1551/1551 1705/1705/1705
f 1585/1585/1585 1705/1705/1705 1590/1590/1590
f 1410/1410/1410 1706/1706/1706 1289/1289/1289
f 1469/1469/1469 1658/1658/1658 1221/1221/1221
f 1658/1658/1658 1598/1598/1598 1063/1063/1063
f 1599/1599/1599 1707/1707/1707 1419/1419/1419
f 1419/1419/1419 1707/1707/1707 1477/1477/1477
f 1659/1659/1659 1393/1393/1393 1711/1711/1711
f 1233/1233/1233 1661/1661/1661 1294/1294/1294
f 1392/1392/1392 1662/1662/1662 1708/1708/1708
f 1476/1476/1476 1711/1711/1711 1664/1664/1664
f 1662/1662/1662 1708/1708/1708 1712/1712/1712
f 1400/1400/1400 1665/1665/1665 1714/1714/1714
f 1478/1478/1478 1716/1716/1716 1421/1421/1421
f 1421/1421/1421 1716/1716/1716 1480/1480/1480
f 1608/1608/1608 1718/1718/1718 1606/1606/1606
f 1608/1608/1608 1610/1610/1610 1718/1718/1718
f 1610/1610/1610 1719/1719/1719 1718/1718/1718
f 1562/1562/1562 1612/1612/1612 1610/1610/1610
f 1613/1613/1613 1720/1720/1720 1611/1611/1611
f 1611/1611/1611 1720/1720/1720 1609/1609/1609
f 1613/1613/1613 1482/1482/1482 1720/1720/1720
f 1482/1482/1482 1670/1670/1670 1720/1720/1720
f 1563/1563/1563 1564/1564/1564 1670/1670/1670
f 1677/1677/1677 1722/1722/1722 1489/1489/1489
f 1677/1677/1677 1678/1678/1678 1724/1724/1724
f 1436/1436/1436 1491/1491/1491 1726/1726/1726
f 1621/1621/1621 1490/1490/1490 1723/1723/1723
f 1488/1488/1488 1681/1681/1681 1617/1617/1617
f 1619/1619/1619 1728/1728/1728 1486/1486/1486
f 1488/1488/1488 1729/1729/1729 1681/1681/1681
f 1497/1497/1497 1503/1503/1503 1731/1731/1731
f 1626/1626/1626 1624/1624/1624 1732/1732/1732
f 1624/1624/1624 1683/1683/1683 1734/1734/1734
f 1622/1622/1622 1682/1682/1682 1627/1627/1627
f 1622/1622/1622 1625/1625/1625 1735/1735/1735
f 1622/1622/1622 1735/1735/1735 1682/1682/1682
f 1572/1572/1572 1684/1684/1684 1353/1353/1353
f 1114/1114/1114 1685/1685/1685 1686/1686/1686
f 1575/1575/1575 1739/1739/1739 1743/1743/1743
f 1041/1041/1041 1687/1687/1687 1634/1634/1634
f 1575/1575/1575 1573/1573/1573 1739/1739/1739
f 1579/1579/1579 1634/1634/1634 1744/1744/1744
f 1640/1640/1640 1510/1510/1510 1745/1745/1745
f 1639/1639/1639 1445/1445/1445 1749/1749/1749
f 1511/1511/1511 1641/1641/1641 1746/1746/1746
f 1579/1579/1579 1751/1751/1751 1753/1753/1753
f 1445/1445/1445 1645/1645/1645 1749/1749/1749
f 1329/1329/1329 1579/1579/1579 1753/1753/1753
f 1643/1643/1643 1689/1689/1689 1645/1645/1645
f 1516/1516/1516 1647/1647/1647 1646/1646/1646
f 1519/1519/1519 1647/1647/1647 1536/1536/1536
f 1450/1450/1450 1691/1691/1691 1531/1531/1531
f 1524/1524/1524 1520/1520/1520 1649/1649/1649
f 1525/1525/1525 1650/1650/1650 1689/1689/1689
f 1535/1535/1535 1528/1528/1528 1697/1697/1697
f 1694/1694/1694 1692/1692/1692 1754/1754/1754
f 1699/1699/1699 1537/1537/1537 1583/1583/1583
f 1454/1454/1454 1407/1407/1407 1756/1756/1756
f 1548/1548/1548 1544/1544/1544 1759/1759/1759
f 1458/1458/1458 1703/1703/1703 1701/1701/1701
f 1462/1462/1462 1704/1704/1704 1459/1459/1459
f 1451/1451/1451 1549/1549/1549 1657/1657/1657
f 1376/1376/1376 1760/1760/1760 1545/1545/1545
f 1462/1462/1462 1459/1459/1459 1551/1551/1551
f 1551/1551/1551 1459/1459/1459 1656/1656/1656
f 1549/1549/1549 1144/1144/1144 1657/1657/1657
f 1588/1588/1588 1762/1762/1762 1592/1592/1592
f 1593/1593/1593 1767/1767/1767 1470/1470/1470
f 1706/1706/1706 1410/1410/1410 1768/1768/1768
f 1658/1658/1658 1469/1469/1469 1769/1769/1769
f 1658/1658/1658 1769/1769/1769 1771/1771/1771
f 1598/1598/1598 1658/1658/1658 1774/1774/1774
f 1596/1596/1596 1557/1557/1557 1776/1776/1776
f 1599/1599/1599 1294/1294/1294 1661/1661/1661
f 1395/1395/1395 1598/1598/1598 1342/1342/1342
f 1476/1476/1476 1342/1342/1342 1711/1711/1711
f 1420/1420/1420 1477/1477/1477 1781/1781/1781
f 1400/1400/1400 1714/1714/1714 1783/1783/1783
f 1420/1420/1420 1781/1781/1781 1478/1478/1478
f 1667/1667/1667 1601/1601/1601 1785/1785/1785
f 1668/1668/1668 1786/1786/1786 1604/1604/1604
f 1668/1668/1668 1606/1606/1606 1718/1718/1718
f 1480/1480/1480 1716/1716/1716 1559/1559/1559
f 1787/1787/1787 1669/1669/1669 1485/1485/1485
f 1677/1677/1677 1724/1724/1724 1722/1722/1722
f 1722/1722/1722 1724/1724/1724 1788/1788/1788
f 1491/1491/1491 1680/1680/1680 1726/1726/1726
f 1729/1729/1729 1790/1790/1790 1681/1681/1681
f 1621/1621/1621 1792/1792/1792 1729/1729/1729
f 1621/1621/1621 1723/1723/1723 1792/1792/1792
f 1794/1794/1794 1504/1504/1504 1795/1795/1795
f 1503/1503/1503 1793/1793/1793 1734/1734/1734
f 1503/1503/1503 1734/1734/1734 1731/1731/1731
f 1732/1732/1732 1624/1624/1624 1734/1734/1734
f 1732/1732/1732 1737/1737/1737 1626/1626/1626
f 1631/1631/1631 1797/1797/1797 1801/1801/1801
f 1632/1632/1632 1802/1802/1802 1804/1804/1804
f 1193/1193/1193 1797/1797/1797 1631/1631/1631
f 1193/1193/1193 1576/1576/1576 1797/1797/1797
f 1576/1576/1576 1805/1805/1805 1797/1797/1797
f 1190/1190/1190 1195/1195/1195 1808/1808/1808
f 1356/1356/1356 1809/1809/1809 1635/1635/1635
f 1357/1357/1357 1812/1812/1812 1810/1810/1810
f 1739/1739/1739 1573/1573/1573 1817/1817/1817
f 1573/1573/1573 1639/1639/1639 1820/1820/1820
f 1512/1512/1512 1823/1823/1823 1747/1747/1747
f 1639/1639/1639 1749/1749/1749 1820/1820/1820
f 1752/1752/1752 1578/1578/1578 1824/1824/1824
f 1578/1578/1578 1752/1752/1752 1750/1750/1750
f 1329/1329/1329 1753/1753/1753 1688/1688/1688
f 1690/1690/1690 1826/1826/1826 1530/1530/1530
f 1536/1536/1536 1647/1647/1647 1529/1529/1529
f 1696/1696/1696 1755/1755/1755 1693/1693/1693
f 1696/1696/1696 1693/1693/1693 1829/1829/1829
f 1407/1407/1407 1540/1540/1540 1756/1756/1756
f 1454/1454/1454 1756/1756/1756 1543/1543/1543
f 1451/1451/1451 1657/1657/1657 1452/1452/1452
f 1547/1547/1547 1761/1761/1761 1377/1377/1377
f 1656/1656/1656 1459/1459/1459 1830/1830/1830
f 1551/1551/1551 1656/1656/1656 1705/1705/1705
f 1586/1586/1586 1831/1831/1831 1657/1657/1657
f 1766/1766/1766 1767/1767/1767 1593/1593/1593
f 1705/1705/1705 1656/1656/1656 1835/1835/1835
f 1586/1586/1586 1289/1289/1289 1831/1831/1831
f 1289/1289/1289 1706/1706/1706 1831/1831/1831
f 1837/1837/1837 1839/1839/1839 1410/1410/1410
f 1410/1410/1410 1558/1558/1558 1837/1837/1837
f 1556/1556/1556 1594/1594/1594 1836/1836/1836
f 1597/1597/1597 1839/1839/1839 1837/1837/1837
f 1658/1658/1658 1771/1771/1771 1774/1774/1774
f 1595/1595/1595 1840/1840/1840 1838/1838/1838
f 1597/1597/1597 1778/1778/1778 1841/1841/1841
f 1477/1477/1477 1707/1707/1707 1843/1843/1843
f 1557/1557/1557 1845/1845/1845 1776/1776/1776
f 1557/1557/1557 1659/1659/1659 1845/1845/1845
f 1598/1598/1598 1849/1849/1849 1342/1342/1342
f 1598/1598/1598 1774/1774/1774 1849/1849/1849
f 1719/1719/1719 1851/1851/1851 1718/1718/1718
f 1559/1559/1559 1852/1852/1852 1484/1484/1484
f 1721/1721/1721 1854/1854/1854 1610/1610/1610
f 1485/1485/1485 1853/1853/1853 1787/1787/1787
f 1671/1671/1671 1404/1404/1404 1856/1856/1856
f 1670/1670/1670 1564/1564/1564 1858/1858/1858
f 1671/1671/1671 1861/1861/1861 1674/1674/1674
f 1350/1350/1350 1615/1615/1615 1565/1565/1565
f 1681/1681/1681 1790/1790/1790 1727/1727/1727
f 1722/1722/1722 1788/1788/1788 1791/1791/1791
f 1789/1789/1789 1725/1725/1725 1792/1792/1792
f 1504/1504/1504 1569/1569/1569 1795/1795/1795
f 1732/1732/1732 1734/1734/1734 1863/1863/1863
f 1800/1800/1800 1796/1796/1796 1803/1803/1803
f 1685/1685/1685 1865/1865/1865 1686/1686/1686
f 1353/1353/1353 1807/1807/1807 1194/1194/1194
f 1805/1805/1805 1576/1576/1576 1867/1867/1867
f 1358/1358/1358 1574/1574/1574 1870/1870/1870
f 1811/1811/1811 1813/1813/1813 1636/1636/1636
f 1358/1358/1358 1870/1870/1870 1815/1815/1815
f 1577/1577/1577 1513/1513/1513 1868/1868/1868
f 1814/1814/1814 1869/1869/1869 1637/1637/1637
f 1638/1638/1638 1870/1870/1870 1822/1822/1822
f 1573/1573/1573 1820/1820/1820 1817/1817/1817
f 1510/1510/1510 1635/1635/1635 1821/1821/1821
f 1749/1749/1749 1645/1645/1645 1871/1871/1871
f 1650/1650/1650 1873/1873/1873 1689/1689/1689
f 1872/1872/1872 1649/1649/1649 1874/1874/1874
f 1698/1698/1698 1874/1874/1874 1649/1649/1649
f 1698/1698/1698 1529/1529/1529 1874/1874/1874
f 1529/1529/1529 1699/1699/1699 1874/1874/1874
f 1532/1532/1532 1695/1695/1695 1651/1651/1651
f 1652/1652/1652 1756/1756/1756 1540/1540/1540
f 1459/1459/1459 1548/1548/1548 1759/1759/1759
f 1459/1459/1459 1759/1759/1759 1830/1830/1830
f 1830/1830/1830 1766/1766/1766 1656/1656/1656
f 1766/1766/1766 1877/1877/1877 1767/1767/1767
f 1655/1655/1655 1763/1763/1763 1832/1832/1832
f 1589/1589/1589 1833/1833/1833 1764/1764/1764
f 1590/1590/1590 1705/1705/1705 1835/1835/1835
f 1470/1470/1470 1767/1767/1767 1879/1879/1879
f 1470/1470/1470 1879/1879/1879 1773/1773/1773
f 1770/1770/1770 1470/1470/1470 1773/1773/1773
f 1838/1838/1838 1840/1840/1840 1880/1880/1880
f 1599/1599/1599 1661/1661/1661 1883/1883/1883
f 1659/1659/1659 1711/1711/1711 1845/1845/1845
f 1713/1713/1713 1709/1709/1709 1663/1663/1663
f 1400/1400/1400 1885/1885/1885 1240/1240/1240
f 1602/1602/1602 1887/1887/1887 1665/1665/1665
f 1854/1854/1854 1719/1719/1719 1610/1610/1610
f 1670/1670/1670 1858/1858/1858 1720/1720/1720
f 1862/1862/1862 1889/1889/1889 1675/1675/1675
f 1675/1675/1675 1889/1889/1889 1891/1891/1891
f 1893/1893/1893 1890/1890/1890 1673/1673/1673
f 1431/1431/1431 1676/1676/1676 1892/1892/1892
f 1894/1894/1894 1675/1675/1675 1891/1891/1891
f 1615/1615/1615 1618/1618/1618 1895/1895/1895
f 1725/1725/1725 1679/1679/1679 1896/1896/1896
f 1618/1618/1618 1437/1437/1437 1790/1790/1790
f 1727/1727/1727 1790/1790/1790 1437/1437/1437
f 1793/1793/1793 1863/1863/1863 1734/1734/1734
f 1731/1731/1731 1734/1734/1734 1898/1898/1898
f 1683/1683/1683 1898/1898/1898 1734/1734/1734
f 1632/1632/1632 1804/1804/1804 1684/1684/1684
f 1806/1806/1806 1899/1899/1899 1798/1798/1798
f 1353/1353/1353 1684/1684/1684 1807/1807/1807
f 1266/1266/1266 1900/1900/1900 1685/1685/1685
f 1190/1190/1190 1808/1808/1808 1507/1507/1507
f 1574/1574/1574 1740/1740/1740 1870/1870/1870
f 1739/1739/1739 1817/1817/1817 1904/1904/1904
f 1513/1513/1513 1905/1905/1905 1868/1868/1868
f 1634/1634/1634 1906/1906/1906 1744/1744/1744
f 1822/1822/1822 1870/1870/1870 1907/1907/1907
f 1513/1513/1513 1912/1912/1912 1905/1905/1905
f 1744/1744/1744 1913/1913/1913 1914/1914/1914
f 1823/1823/1823 1909/1909/1909 1911/1911/1911
f 1513/1513/1513 1748/1748/1748 1912/1912/1912
f 1823/1823/1823 1911/1911/1911 1747/1747/1747
f 1825/1825/1825 1579/1579/1579 1744/1744/1744
f 1749/1749/1749 1915/1915/1915 1916/1916/1916
f 1749/1749/1749 1871/1871/1871 1915/1915/1915
f 1688/1688/1688 1753/1753/1753 1918/1918/1918
f 1581/1581/1581 1688/1688/1688 1691/1691/1691
f 1645/1645/1645 1689/1689/1689 1920/1920/1920
f 1689/1689/1689 1873/1873/1873 1920/1920/1920
f 1531/1531/1531 1827/1827/1827 1693/1693/1693
f 1696/1696/1696 1829/1829/1829 1653/1653/1653
f 1696/1696/1696 1829/1829/1829 1923/1923/1923
f 1828/1828/1828 1922/1922/1922 1652/1652/1652
f 1699/1699/1699 1583/1583/1583 1874/1874/1874
f 1834/1834/1834 1876/1876/1876 1765/1765/1765
f 1877/1877/1877 1925/1925/1925 1767/1767/1767
f 1768/1768/1768 1927/1927/1927 1706/1706/1706
f 1410/1410/1410 1882/1882/1882 1768/1768/1768
f 1410/1410/1410 1839/1839/1839 1882/1882/1882
f 1661/1661/1661 1928/1928/1928 1883/1883/1883
f 1660/1660/1660 1240/1240/1240 1885/1885/1885
f 1342/1342/1342 1849/1849/1849 1711/1711/1711
f 1666/1666/1666 1775/1775/1775 1886/1886/1886
f 1710/1710/1710 1930/1930/1930 1844/1844/1844
f 1477/1477/1477 1843/1843/1843 1781/1781/1781
f 1400/1400/1400 1783/1783/1783 1885/1885/1885
f 1886/1886/1886 1784/1784/1784 1666/1666/1666
f 1604/1604/1604 1668/1668/1668 1933/1933/1933
f 1717/1717/1717 1479/1479/1479 1935/1935/1935
f 1718/1718/1718 1851/1851/1851 1668/1668/1668
f 1860/1860/1860 1854/1854/1854 1721/1721/1721
f 1669/1669/1669 1936/1936/1936 1405/1405/1405
f 1855/1855/1855 1403/1403/1403 1937/1937/1937
f 1857/1857/1857 1938/1938/1938 1672/1672/1672
f 1565/1565/1565 1939/1939/1939 1859/1859/1859
f 1862/1862/1862 1672/1672/1672 1889/1889/1889
f 1565/1565/1565 1615/1615/1615 1895/1895/1895
f 1679/1679/1679 1431/1431/1431 1940/1940/1940
f 1725/1725/1725 1896/1896/1896 1792/1792/1792
f 1618/1618/1618 1942/1942/1942 1895/1895/1895
f 1618/1618/1618 1790/1790/1790 1942/1942/1942
f 1569/1569/1569 1945/1945/1945 1795/1795/1795
f 1495/1495/1495 1947/1947/1947 1567/1567/1567
f 1793/1793/1793 1951/1951/1951 1863/1863/1863
f 1496/1496/1496 1730/1730/1730 1952/1952/1952
f 1497/1497/1497 1953/1953/1953 1949/1949/1949
f 1732/1732/1732 1863/1863/1863 1951/1951/1951
f 1732/1732/1732 1951/1951/1951 1954/1954/1954
f 1730/1730/1730 1897/1897/1897 1952/1952/1952
f 1898/1898/1898 1683/1683/1683 1958/1958/1958
f 1735/1735/1735 1959/1959/1959 1682/1682/1682
f 1799/1799/1799 1962/1962/1962 1804/1804/1804
f 1963/1963/1963 1965/1965/1965 1741/1741/1741
f 1967/1967/1967 1633/1633/1633 1969/1969/1969
f 1741/1741/1741 1902/1902/1902 1963/1963/1963
f 1633/1633/1633 1865/1865/1865 1969/1969/1969
f 1743/1743/1743 1739/1739/1739 1904/1904/1904
f 1906/1906/1906 1634/1634/1634 1968/1968/1968
f 1906/1906/1906 1968/1968/1968 1971/1971/1971
f 1633/1633/1633 1686/1686/1686 1865/1865/1865
f 1744/1744/1744 1906/1906/1906 1913/1913/1913
f 1818/1818/1818 1972/1972/1972 1907/1907/1907
f 1973/1973/1973 1819/1819/1819 1908/1908/1908
f 1749/1749/1749 1916/1916/1916 1820/1820/1820
f 1914/1914/1914 1825/1825/1825 1744/1744/1744
f 1915/1915/1915 1871/1871/1871 1974/1974/1974
f 1752/1752/1752 1824/1824/1824 1975/1975/1975
f 1752/1752/1752 1975/1975/1975 1917/1917/1917
f 1691/1691/1691 1688/1688/1688 1978/1978/1978
f 1981/1981/1981 1693/1693/1693 1982/1982/1982
f 1584/1584/1584 1452/1452/1452 1984/1984/1984
f 1830/1830/1830 1759/1759/1759 1986/1986/1986
f 1830/1830/1830 1986/1986/1986 1988/1988/1988
f 1834/1834/1834 1924/1924/1924 1876/1876/1876
f 1706/1706/1706 1927/1927/1927 1831/1831/1831
f 1772/1772/1772 1878/1878/1878 1989/1989/1989
f 1599/1599/1599 1883/1883/1883 1707/1707/1707
f 1882/1882/1882 1841/1841/1841 1778/1778/1778
f 1882/1882/1882 1778/1778/1778 1993/1993/1993
f 1881/1881/1881 1991/1991/1991 1777/1777/1777
f 1661/1661/1661 1886/1886/1886 1928/1928/1928
f 1775/1775/1775 1666/1666/1666 1995/1995/1995
f 1930/1930/1930 1996/1996/1996 1844/1844/1844
f 1931/1931/1931 1711/1711/1711 1997/1997/1997
f 1715/1715/1715 1666/1666/1666 1784/1784/1784
f 1602/1602/1602 1998/1998/1998 1887/1887/1887
f 1478/1478/1478 1781/1781/1781 1934/1934/1934
f 1669/1669/1669 1787/1787/1787 1936/1936/1936
f 1889/1889/1889 1672/1672/1672 1938/1938/1938
f 1889/1889/1889 1938/1938/1938 1999/1999/1999
f 1891/1891/1891 1889/1889/1889 1999/1999/1999
f 1565/1565/1565 1895/1895/1895 2001/2001/2001
f 1568/1568/1568 1948/1948/1948 1943/1943/1943
f 1793/1793/1793 2002/2002/2002 1951/1951/1951
f 1898/1898/1898 1949/1949/1949 1953/1953/1953
f 1733/1733/1733 2004/2004/2004 1738/1738/1738
f 1949/1949/1949 1958/1958/1958 2005/2005/2005
f 1949/1949/1949 1898/1898/1898 1958/1958/1958
f 1682/1682/1682 2007/2007/2007 1955/1955/1955
f 2009/2009/2009 1960/1960/1960 1736/1736/1736
f 2009/2009/2009 2010/2010/2010 2012/2012/2012
f 1798/1798/1798 2016/2016/2016 1961/1961/1961
f 1798/1798/1798 2017/2017/2017 2016/2016/2016
f 1798/1798/1798 1899/1899/1899 2017/2017/2017
f 1967/1967/1967 1969/1969/1969 2018/2018/2018
f 1266/1266/1266 1507/1507/1507 1900/1900/1900
f 1899/1899/1899 1806/1806/1806 1868/1868/1868
f 1969/1969/1969 1865/1865/1865 2020/2020/2020
f 1968/1968/1968 2019/2019/2019 2024/2024/2024
f 1968/1968/1968 2024/2024/2024 1971/1971/1971
f 1865/1865/1865 1685/1685/1685 2026/2026/2026
f 1901/1901/1901 1870/1870/1870 1740/1740/1740
f 1901/1901/1901 1816/1816/1816 1870/1870/1870
f 1907/1907/1907 1870/1870/1870 1816/1816/1816
f 1907/1907/1907 1816/1816/1816 1818/1818/1818
f 1820/1820/1820 1916/1916/1916 1910/1910/1910
f 1916/1916/1916 1915/1915/1915 1974/1974/1974
f 1914/1914/1914 1913/1913/1913 1976/1976/1976
f 1914/1914/1914 1976/1976/1976 1825/1825/1825
f 1871/1871/1871 2028/2028/2028 1974/1974/1974
f 1688/1688/1688 1918/1918/1918 1978/1978/1978
f 1645/1645/1645 1920/1920/1920 1871/1871/1871
f 1691/1691/1691 1978/1978/1978 1827/1827/1827
f 1982/1982/1982 1693/1693/1693 1827/1827/1827
f 1873/1873/1873 1875/1875/1875 1920/1920/1920
f 1693/1693/1693 1981/1981/1981 1829/1829/1829
f 1829/1829/1829 1981/1981/1981 1923/1923/1923
f 1766/1766/1766 1830/1830/1830 2029/2029/2029
f 1766/1766/1766 2029/2029/2029 1835/1835/1835
f 1835/1835/1835 2029/2029/2029 1925/1925/1925
f 1707/1707/1707 2030/2030/2030 1843/1843/1843
f 1775/1775/1775 1989/1989/1989 1886/1886/1886
f 1778/1778/1778 1993/1993/1993 1882/1882/1882
f 1774/1774/1774 1994/1994/1994 1849/1849/1849
f 1711/1711/1711 1849/1849/1849 1845/1845/1845
f 1602/1602/1602 1932/1932/1932 1998/1998/1998
f 1668/1668/1668 2033/2033/2033 1933/1933/1933
f 1717/1717/1717 1935/1935/1935 1560/1560/1560
f 1854/1854/1854 2035/2035/2035 1719/1719/1719
f 1860/1860/1860 2036/2036/2036 1854/1854/1854
f 1405/1405/1405 1936/1936/1936 1938/1938/1938
f 1431/1431/1431 1892/1892/1892 1940/1940/1940
f 1892/1892/1892 2038/2038/2038 1940/1940/1940
f 2002/2002/2002 1793/1793/1793 2039/2039/2039
f 2005/2005/2005 1958/1958/1958 2042/2042/2042
f 1959/1959/1959 2007/2007/2007 1682/1682/1682
f 2044/2044/2044 2047/2047/2047 1956/1956/1956
f 2009/2009/2009 2048/2048/2048 2010/2010/2010
f 2009/2009/2009 2012/2012/2012 2044/2044/2044
f 1804/1804/1804 1962/1962/1962 2054/2054/2054
f 1966/1966/1966 1964/1964/1964 1903/1903/1903
f 1966/1966/1966 1903/1903/1903 1742/1742/1742
f 1866/1866/1866 2056/2056/2056 2021/2021/2021
f 1868/1868/1868 1905/1905/1905 2057/2057/2057
f 1906/1906/1906 1971/1971/1971 1913/1913/1913
f 1909/1909/1909 2058/2058/2058 2060/2060/2060
f 1910/1910/1910 1916/1916/1916 1974/1974/1974
f 1905/1905/1905 1912/1912/1912 2062/2062/2062
f 1911/1911/1911 1909/1909/1909 2060/2060/2060
f 1913/1913/1913 2064/2064/2064 1976/1976/1976
f 1917/1917/1917 1975/1975/1975 2066/2066/2066
f 1922/1922/1922 1756/1756/1756 1652/1652/1652
f 1544/1544/1544 1757/1757/1757 2069/2069/2069
f 1544/1544/1544 2070/2070/2070 1759/1759/1759
f 1452/1452/1452 1657/1657/1657 1984/1984/1984
f 1985/1985/1985 1758/1758/1758 1987/1987/1987
f 1831/1831/1831 1927/1927/1927 2072/2072/2072
f 1926/1926/1926 2073/2073/2073 2071/2071/2071
f 1775/1775/1775 1772/1772/1772 1989/1989/1989
f 1886/1886/1886 1989/1989/1989 1928/1928/1928
f 1776/1776/1776 2075/2075/2075 2077/2077/2077
f 1777/1777/1777 2078/2078/2078 1991/1991/1991
f 1849/1849/1849 2079/2079/2079 1845/1845/1845
f 1842/1842/1842 2082/2082/2082 2084/2084/2084
f 1842/1842/1842 2084/2084/2084 1780/1780/1780
f 1932/1932/1932 2032/2032/2032 1998/1998/1998
f 2033/2033/2033 1668/1668/1668 2086/2086/2086
f 1668/1668/1668 1851/1851/1851 2086/2086/2086
f 1853/1853/1853 1560/1560/1560 1935/1935/1935
f 1854/1854/1854 2036/2036/2036 2088/2088/2088
f 1860/1860/1860 2090/2090/2090 2036/2036/2036
f 1939/1939/1939 2089/2089/2089 1859/1859/1859
f 1565/1565/1565 2001/2001/2001 1939/1939/1939
f 1892/1892/1892 2000/2000/2000 2038/2038/2038
f 1895/1895/1895 1942/1942/1942 2001/2001/2001
f 1942/1942/1942 1790/1790/1790 2091/2091/2091
f 1790/1790/1790 1729/1729/1729 2091/2091/2091
f 1732/1732/1732 1954/1954/1954 2003/2003/2003
f 1958/1958/1958 2092/2092/2092 2042/2042/2042
f 2009/2009/2009 1736/1736/1736 2048/2048/2048
f 1956/1956/1956 2008/2008/2008 2044/2044/2044
f 1960/1960/1960 2009/2009/2009 2008/2008/2008
f 2047/2047/2047 2044/2044/2044 2095/2095/2095
f 2017/2017/2017 1899/1899/1899 2098/2098/2098
f 1899/1899/1899 1868/1868/1868 2098/2098/2098
f 1864/1864/1864 2099/2099/2099 2055/2055/2055
f 1507/1507/1507 1808/1808/1808 2101/2101/2101
f 1971/1971/1971 2024/2024/2024 1913/1913/1913
f 2062/2062/2062 2103/2103/2103 1905/1905/1905
f 2058/2058/2058 2104/2104/2104 2060/2060/2060
f 1910/1910/1910 1974/1974/1974 2059/2059/2059
f 2028/2028/2028 2106/2106/2106 1974/1974/1974
f 1918/1918/1918 2067/2067/2067 1978/1978/1978
f 1871/1871/1871 1920/1920/1920 2028/2028/2028
f 1875/1875/1875 1584/1584/1584 2107/2107/2107
f 1584/1584/1584 1984/1984/1984 2108/2108/2108
f 1544/1544/1544 2069/2069/2069 2070/2070/2070
f 1759/1759/1759 2070/2070/2070 1988/1988/1988
f 1830/1830/1830 1988/1988/1988 2109/2109/2109
f 1657/1657/1657 1831/1831/1831 2072/2072/2072
f 1925/1925/1925 2029/2029/2029 2109/2109/2109
f 1768/1768/1768 2110/2110/2110 1927/1927/1927
f 1707/1707/1707 1883/1883/1883 2030/2030/2030
f 2112/2112/2112 1843/1843/1843 2030/2030/2030
f 1883/1883/1883 1928/1928/1928 2115/2115/2115
f 1991/1991/1991 2078/2078/2078 2076/2076/2076
f 2082/2082/2082 1842/1842/1842 2120/2120/2120
f 1842/1842/1842 2122/2122/2122 2120/2120/2120
f 1845/1845/1845 2075/2075/2075 1776/1776/1776
f 1850/1850/1850 1995/1995/1995 2080/2080/2080
f 1997/1997/1997 1711/1711/1711 1845/1845/1845
f 2085/2085/2085 2125/2125/2125 1782/1782/1782
f 1779/1779/1779 2124/2124/2124 2126/2126/2126
f 1666/1666/1666 1888/1888/1888 1995/1995/1995
f 1888/1888/1888 2129/2129/2129 1995/1995/1995
f 1853/1853/1853 2131/2131/2131 1787/1787/1787
f 1851/1851/1851 1719/1719/1719 2035/2035/2035
f 1854/1854/1854 2088/2088/2088 2035/2035/2035
f 1938/1938/1938 1936/1936/1936 2132/2132/2132
f 1999/1999/1999 1938/1938/1938 2133/2133/2133
f 1792/1792/1792 1896/1896/1896 1729/1729/1729
f 1951/1951/1951 2002/2002/2002 1954/1954/1954
f 1950/1950/1950 2134/2134/2134 1944/1944/1944
f 2006/2006/2006 2134/2134/2134 1950/1950/1950
f 2009/2009/2009 2044/2044/2044 2008/2008/2008
f 2010/2010/2010 2048/2048/2048 2136/2136/2136
f 2047/2047/2047 2095/2095/2095 2138/2138/2138
f 2137/2137/2137 2142/2142/2142 2011/2011/2011
f 2012/2012/2012 2010/2010/2010 2141/2141/2141
f 1961/1961/1961 2016/2016/2016 2144/2144/2144
f 1962/1962/1962 2145/2145/2145 2054/2054/2054
f 2016/2016/2016 2017/2017/2017 2098/2098/2098
f 1864/1864/1864 2025/2025/2025 2099/2099/2099
f 1969/1969/1969 2023/2023/2023 2018/2018/2018
f 2021/2021/2021 2024/2024/2024 1970/1970/1970
f 1685/1685/1685 1900/1900/1900 2026/2026/2026
f 1913/1913/1913 2024/2024/2024 2147/2147/2147
f 2060/2060/2060 2102/2102/2102 1911/1911/1911
f 2060/2060/2060 2104/2104/2104 2148/2148/2148
f 2060/2060/2060 2148/2148/2148 2102/2102/2102
f 2147/2147/2147 2064/2064/2064 1913/1913/1913
f 2064/2064/2064 2151/2151/2151 1976/1976/1976
f 1920/1920/1920 2152/2152/2152 2154/2154/2154
f 1982/1982/1982 1827/1827/1827 2157/2157/2157
f 1920/1920/1920 1875/1875/1875 2107/2107/2107
f 1979/1979/1979 2158/2158/2158 1921/1921/1921
f 1756/1756/1756 1922/1922/1922 2068/2068/2068
f 1984/1984/1984 1657/1657/1657 2162/2162/2162
f 1988/1988/1988 2070/2070/2070 2163/2163/2163
f 1988/1988/1988 2163/2163/2163 2164/2164/2164
f 2164/2164/2164 2109/2109/2109 1988/1988/1988
f 2164/2164/2164 2163/2163/2163 2109/2109/2109
f 1830/1830/1830 2109/2109/2109 2029/2029/2029
f 1925/1925/1925 1990/1990/1990 1767/1767/1767
f 1767/1767/1767 1990/1990/1990 1879/1879/1879
f 2114/2114/2114 2031/2031/2031 2166/2166/2166
f 2112/2112/2112 2168/2168/2168 1843/1843/1843
f 2170/2170/2170 2168/2168/2168 2172/2172/2172
f 1883/1883/1883 2115/2115/2115 2173/2173/2173
f 1842/1842/1842 2167/2167/2167 2176/2176/2176
f 1768/1768/1768 2180/2180/2180 2110/2110/2110
f 1768/1768/1768 1882/1882/1882 2180/2180/2180
f 1882/1882/1882 1993/1993/1993 2180/2180/2180
f 2180/2180/2180 1993/1993/1993 2110/2110/2110
f 2081/2081/2081 2118/2118/2118 2181/2181/2181
f 2080/2080/2080 2129/2129/2129 1847/1847/1847
f 1995/1995/1995 2129/2129/2129 2080/2080/2080
f 1782/1782/1782 2127/2127/2127 2188/2188/2188
f 2035/2035/2035 2189/2189/2189 1851/1851/1851
f 2087/2087/2087 2190/2190/2190 2034/2034/2034
f 2036/2036/2036 2090/2090/2090 2088/2088/2088
f 2001/2001/2001 2089/2089/2089 1939/1939/1939
f 2001/2001/2001 1942/1942/1942 2193/2193/2193
f 1940/1940/1940 2195/2195/2195 1679/1679/1679
f 1729/1729/1729 2197/2197/2197 2091/2091/2091
f 1795/1795/1795 2040/2040/2040 1794/1794/1794
f 1954/1954/1954 2002/2002/2002 2003/2003/2003
f 2006/2006/2006 2093/2093/2093 2134/2134/2134
f 1958/1958/1958 2199/2199/2199 2092/2092/2092
f 1957/1957/1957 2202/2202/2202 2198/2198/2198
f 1956/1956/1956 2047/2047/2047 2201/2201/2201
f 1804/1804/1804 2054/2054/2054 1684/1684/1684
f 1868/1868/1868 2057/2057/2057 2098/2098/2098
f 1900/1900/1900 1507/1507/1507 2204/2204/2204
f 2024/2024/2024 2207/2207/2207 2147/2147/2147
f 2148/2148/2148 2208/2208/2208 2102/2102/2102
f 2058/2058/2058 2210/2210/2210 2104/2104/2104
f 1911/1911/1911 2102/2102/2102 2061/2061/2061
f 2066/2066/2066 1975/1975/1975 2150/2150/2150
f 1982/1982/1982 2213/2213/2213 1981/1981/1981
f 1657/1657/1657 2072/2072/2072 2215/2215/2215
f 1925/1925/1925 2109/2109/2109 1990/1990/1990
f 2074/2074/2074 2217/2217/2217 2072/2072/2072
f 2030/2030/2030 1883/1883/1883 2218/2218/2218
f 1927/1927/1927 2217/2217/2217 2074/2074/2074
f 1884/1884/1884 2174/2174/2174 2219/2219/2219
f 2168/2168/2168 2112/2112/2112 2172/2172/2172
f 2171/2171/2171 2111/2111/2111 2175/2175/2175
f 1990/1990/1990 2117/2117/2117 1929/1929/1929
f 2168/2168/2168 2170/2170/2170 2177/2177/2177
f 1842/1842/1842 2176/2176/2176 2122/2122/2122
f 1848/1848/1848 2221/2221/2221 1993/1993/1993
f 2119/2119/2119 2222/2222/2222 2182/2182/2182
f 1848/1848/1848 2225/2225/2225 2221/2221/2221
f 1848/1848/1848 2130/2130/2130 2225/2225/2225
f 2085/2085/2085 2083/2083/2083 2125/2125/2125
f 2226/2226/2226 2228/2228/2228 2185/2185/2185
f 1998/1998/1998 2128/2128/2128 1887/1887/1887
f 2187/2187/2187 2229/2229/2229 2231/2231/2231
f 2186/2186/2186 2232/2232/2232 2233/2233/2233
f 2186/2186/2186 2230/2230/2230 2232/2232/2232
f 1781/1781/1781 2186/2186/2186 1934/1934/1934
f 2186/2186/2186 2233/2233/2233 1934/1934/1934
f 1851/1851/1851 2033/2033/2033 2086/2086/2086
f 1853/1853/1853 1935/1935/1935 2234/2234/2234
f 1853/1853/1853 2234/2234/2234 2131/2131/2131
f 2001/2001/2001 2193/2193/2193 2089/2089/2089
f 1941/1941/1941 2235/2235/2235 2192/2192/2192
f 1679/1679/1679 2195/2195/2195 1896/1896/1896
f 1941/1941/1941 2236/2236/2236 2235/2235/2235
f 2091/2091/2091 2197/2197/2197 1942/1942/1942
f 1729/1729/1729 1896/1896/1896 2197/2197/2197
f 2002/2002/2002 2235/2235/2235 2236/2236/2236
f 1795/1795/1795 1945/1945/1945 2040/2040/2040
f 2002/2002/2002 2236/2236/2236 2239/2239/2239
f 2004/2004/2004 2240/2240/2240 1738/1738/1738
f 2043/2043/2043 2093/2093/2093 2006/2006/2006
f 2047/2047/2047 2138/2138/2138 2201/2201/2201
f 2137/2137/2137 2050/2050/2050 2242/2242/2242
f 2137/2137/2137 2242/2242/2242 2142/2142/2142
f 2096/2096/2096 2046/2046/2046 2244/2244/2244
f 2013/2013/2013 2245/2245/2245 2045/2045/2045
f 2046/2046/2046 2246/2246/2246 2244/2244/2244
f 2142/2142/2142 2242/2242/2242 2014/2014/2014
f 2051/2051/2051 2143/2143/2143 2247/2247/2247
f 2016/2016/2016 2248/2248/2248 2144/2144/2144
f 2055/2055/2055 2099/2099/2099 2249/2249/2249
f 2097/2097/2097 2251/2251/2251 2253/2253/2253
f 2098/2098/2098 2057/2057/2057 2252/2252/2252
f 2256/2256/2256 2259/2259/2259 2022/2022/2022
f 2147/2147/2147 2207/2207/2207 2258/2258/2258
f 2147/2147/2147 2258/2258/2258 2064/2064/2064
f 2146/2146/2146 2063/2063/2063 2255/2255/2255
f 2149/2149/2149 2105/2105/2105 2209/2209/2209
f 1974/1974/1974 2261/2261/2261 2059/2059/2059
f 1974/1974/1974 2262/2262/2262 2261/2261/2261
f 1974/1974/1974 2106/2106/2106 2262/2262/2262
f 2028/2028/2028 2264/2264/2264 2106/2106/2106
f 2027/2027/2027 1919/1919/1919 2263/2263/2263
f 1920/1920/1920 2154/2154/2154 2264/2264/2264
f 2065/2065/2065 2265/2265/2265 1977/1977/1977
f 1920/1920/1920 2107/2107/2107 2152/2152/2152
f 2157/2157/2157 2267/2267/2267 1982/1982/1982
f 1980/1980/1980 2212/2212/2212 2268/2268/2268
f 2159/2159/2159 1981/1981/1981 2269/2269/2269
f 2272/2272/2272 1923/1923/1923 2159/2159/2159
f 1584/1584/1584 2108/2108/2108 2274/2274/2274
f 1584/1584/1584 2274/2274/2274 2107/2107/2107
f 1922/1922/1922 2270/2270/2270 2068/2068/2068
f 2163/2163/2163 2070/2070/2070 2276/2276/2276
f 2113/2113/2113 2165/2165/2165 2179/2179/2179
f 1927/1927/1927 2110/2110/2110 2217/2217/2217
f 2171/2171/2171 2175/2175/2175 2169/2169/2169
f 2174/2174/2174 2116/2116/2116 2219/2219/2219
f 1846/1846/1846 1991/1991/1991 2076/2076/2076
f 2083/2083/2083 2127/2127/2127 2125/2125/2125
f 2127/2127/2127 2278/2278/2278 2188/2188/2188
f 2227/2227/2227 2187/2187/2187 2277/2277/2277
f 1998/1998/1998 2032/2032/2032 2128/2128/2128
f 2033/2033/2033 1851/1851/1851 2189/2189/2189
f 2035/2035/2035 2191/2191/2191 2189/2189/2189
f 1787/1787/1787 2131/2131/2131 1936/1936/1936
f 2191/2191/2191 2088/2088/2088 2279/2279/2279
f 1938/1938/1938 2132/2132/2132 2133/2133/2133
f 2037/2037/2037 1999/1999/1999 2133/2133/2133
f 2235/2235/2235 2280/2280/2280 2192/2192/2192
f 2282/2282/2282 1940/1940/1940 2038/2038/2038
f 1940/1940/1940 2282/2282/2282 2195/2195/2195
f 2002/2002/2002 2283/2283/2283 2285/2285/2285
f 2039/2039/2039 2283/2283/2283 2002/2002/2002
f 2002/2002/2002 2285/2285/2285 2235/2235/2235
f 1941/1941/1941 2196/2196/2196 2236/2236/2236
f 2002/2002/2002 2239/2239/2239 2003/2003/2003
f 1946/1946/1946 2135/2135/2135 2288/2288/2288
f 2094/2094/2094 2200/2200/2200 2203/2203/2203
f 2050/2050/2050 2290/2290/2290 2242/2242/2242
f 2096/2096/2096 2244/2244/2244 2140/2140/2140
f 2014/2014/2014 2242/2242/2242 2291/2291/2291
f 2053/2053/2053 2248/2248/2248 2016/2016/2016
f 2099/2099/2099 2292/2292/2292 2249/2249/2249
f 2098/2098/2098 2294/2294/2294 2016/2016/2016
f 2021/2021/2021 2296/2296/2296 2024/2024/2024
f 1905/1905/1905 2298/2298/2298 2057/2057/2057
f 2024/2024/2024 2296/2296/2296 2258/2258/2258
f 2022/2022/2022 2259/2259/2259 2205/2205/2205
f 2257/2257/2257 2206/2206/2206 2260/2260/2260
f 2102/2102/2102 2208/2208/2208 2299/2299/2299
f 2210/2210/2210 2301/2301/2301 2104/2104/2104
f 2151/2151/2151 2258/2258/2258 2303/2303/2303
f 2151/2151/2151 2064/2064/2064 2258/2258/2258
f 2265/2265/2265 2065/2065/2065 2304/2304/2304
f 2308/2308/2308 2154/2154/2154 2309/2309/2309
f 2107/2107/2107 2311/2311/2311 2152/2152/2152
f 1982/1982/1982 2267/2267/2267 2213/2213/2213
f 2159/2159/2159 2314/2314/2314 2272/2272/2272
f 2108/2108/2108 1984/1984/1984 2274/2274/2274
f 1983/1983/1983 2315/2315/2315 2317/2317/2317
f 1984/1984/1984 2162/2162/2162 2316/2316/2316
f 2109/2109/2109 2163/2163/2163 2319/2319/2319
f 1657/1657/1657 2215/2215/2215 2162/2162/2162
f 2217/2217/2217 2321/2321/2321 2072/2072/2072
f 2179/2179/2179 2323/2323/2323 2123/2123/2123
f 2110/2110/2110 1993/1993/1993 2324/2324/2324
f 1993/1993/1993 2225/2225/2225 2324/2324/2324
f 2121/2121/2121 2327/2327/2327 2223/2223/2223
f 1992/1992/1992 2220/2220/2220 2224/2224/2224
f 2083/2083/2083 2184/2184/2184 2127/2127/2127
f 2231/2231/2231 2229/2229/2229 2329/2329/2329
f 2191/2191/2191 2279/2279/2279 2189/2189/2189
f 2133/2133/2133 2132/2132/2132 2331/2331/2331
f 2331/2331/2331 2037/2037/2037 2133/2133/2133
f 2089/2089/2089 2193/2193/2193 2332/2332/2332
f 2194/2194/2194 2281/2281/2281 2286/2286/2286
f 2235/2235/2235 2285/2285/2285 2280/2280/2280
f 2195/2195/2195 2334/2334/2334 1896/1896/1896
f 2282/2282/2282 2335/2335/2335 2195/2195/2195
f 2288/2288/2288 2135/2135/2135 2337/2337/2337
f 1738/1738/1738 2240/2240/2240 2049/2049/2049
f 2134/2134/2134 2093/2093/2093 2338/2338/2338
f 2203/2203/2203 2339/2339/2339 2340/2340/2340
f 2241/2241/2241 2289/2289/2289 2341/2341/2341
f 2203/2203/2203 2139/2139/2139 2339/2339/2339
f 2014/2014/2014 2291/2291/2291 2246/2246/2246
f 2254/2254/2254 2342/2342/2342 2098/2098/2098
f 1905/1905/1905 2300/2300/2300 2298/2298/2298
f 1905/1905/1905 2103/2103/2103 2300/2300/2300
f 2209/2209/2209 2105/2105/2105 2345/2345/2345
f 2209/2209/2209 2345/2345/2345 2347/2347/2347
f 2258/2258/2258 2296/2296/2296 2348/2348/2348
f 2258/2258/2258 2348/2348/2348 2303/2303/2303
f 2303/2303/2303 2350/2350/2350 2151/2151/2151
f 2106/2106/2106 2264/2264/2264 2262/2262/2262
f 2106/2106/2106 2264/2264/2264 2351/2351/2351
f 2066/2066/2066 2150/2150/2150 2349/2349/2349
f 2066/2066/2066 2349/2349/2349 2352/2352/2352
f 2065/2065/2065 2355/2355/2355 2357/2357/2357
f 2304/2304/2304 2065/2065/2065 2357/2357/2357
f 2308/2308/2308 2309/2309/2309 2361/2361/2361
f 2154/2154/2154 2152/2152/2152 2309/2309/2309
f 2304/2304/2304 2362/2362/2362 2265/2265/2265
f 2362/2362/2362 2366/2366/2366 2265/2265/2265
f 1827/1827/1827 1978/1978/1978 2157/2157/2157
f 1977/1977/1977 2265/2265/2265 2155/2155/2155
f 2213/2213/2213 2267/2267/2267 2314/2314/2314
f 2107/2107/2107 2274/2274/2274 2311/2311/2311
f 2159/2159/2159 2269/2269/2269 2314/2314/2314
f 2070/2070/2070 2069/2069/2069 2276/2276/2276
f 2217/2217/2217 2370/2370/2370 2321/2321/2321
f 2072/2072/2072 2321/2321/2321 2215/2215/2215
f 2216/2216/2216 2371/2371/2371 2369/2369/2369
f 2166/2166/2166 2031/2031/2031 2373/2373/2373
f 2217/2217/2217 2375/2375/2375 2372/2372/2372
f 2217/2217/2217 2110/2110/2110 2375/2375/2375
f 2120/2120/2120 2122/2122/2122 2325/2325/2325
f 2127/2127/2127 2377/2377/2377 2278/2278/2278
f 2230/2230/2230 2328/2328/2328 2378/2378/2378
f 2230/2230/2230 2378/2378/2378 2233/2233/2233
f 2130/2130/2130 2033/2033/2033 2380/2380/2380
f 2232/2232/2232 2230/2230/2230 2233/2233/2233
f 2189/2189/2189 2380/2380/2380 2033/2033/2033
f 2189/2189/2189 2279/2279/2279 2383/2383/2383
f 2279/2279/2279 2385/2385/2385 2383/2383/2383
f 2088/2088/2088 2385/2385/2385 2279/2279/2279
f 2194/2194/2194 2286/2286/2286 2333/2333/2333
f 2335/2335/2335 2282/2282/2282 2386/2386/2386
f 2195/2195/2195 2335/2335/2335 2386/2386/2386
f 1896/1896/1896 2334/2334/2334 2197/2197/2197
f 1945/1945/1945 2287/2287/2287 2387/2387/2387
f 1945/1945/1945 2387/2387/2387 2040/2040/2040
f 2288/2288/2288 2337/2337/2337 2388/2388/2388
f 2049/2049/2049 2240/2240/2240 2389/2389/2389
f 2289/2289/2289 2049/2049/2049 2341/2341/2341
f 2340/2340/2340 2339/2339/2339 2390/2390/2390
f 2139/2139/2139 2392/2392/2392 2339/2339/2339
f 2246/2246/2246 2395/2395/2395 2244/2244/2244
f 2015/2015/2015 2396/2396/2396 2398/2398/2398
f 2015/2015/2015 2398/2398/2398 2052/2052/2052
f 2052/2052/2052 2398/2398/2398 2400/2400/2400
f 2056/2056/2056 2250/2250/2250 2021/2021/2021
f 2254/2254/2254 2252/2252/2252 2403/2403/2403
f 2254/2254/2254 2403/2403/2403 2342/2342/2342
f 2057/2057/2057 2298/2298/2298 2252/2252/2252
f 2208/2208/2208 2346/2346/2346 2299/2299/2299
f 2296/2296/2296 2405/2405/2405 2348/2348/2348
f 2303/2303/2303 2348/2348/2348 2350/2350/2350
f 2264/2264/2264 2351/2351/2351 2262/2262/2262
f 2067/2067/2067 2354/2354/2354 2356/2356/2356
f 2154/2154/2154 2361/2361/2361 2264/2264/2264
f 2153/2153/2153 2307/2307/2307 2360/2360/2360
f 2212/2212/2212 2312/2312/2312 2268/2268/2268
f 2068/2068/2068 2270/2270/2270 2406/2406/2406
f 2069/2069/2069 2408/2408/2408 2276/2276/2276
f 1984/1984/1984 2318/2318/2318 2409/2409/2409
f 2318/2318/2318 2162/2162/2162 2409/2409/2409
f 2315/2315/2315 2160/2160/2160 2317/2317/2317
f 2163/2163/2163 2276/2276/2276 2319/2319/2319
f 2179/2179/2179 2165/2165/2165 2410/2410/2410
f 2179/2179/2179 2412/2412/2412 2323/2323/2323
f 2179/2179/2179 2410/2410/2410 2323/2323/2323
f 2322/2322/2322 2411/2411/2411 2178/2178/2178
f 2110/2110/2110 2324/2324/2324 2375/2375/2375
f 2225/2225/2225 2413/2413/2413 2324/2324/2324
f 2183/2183/2183 2223/2223/2223 2414/2414/2414
f 2127/2127/2127 2184/2184/2184 2377/2377/2377
f 2229/2229/2229 2227/2227/2227 2277/2277/2277
f 2234/2234/2234 2416/2416/2416 2131/2131/2131
f 2090/2090/2090 2417/2417/2417 2088/2088/2088
f 2088/2088/2088 2417/2417/2417 2385/2385/2385
f 2418/2418/2418 2331/2331/2331 2132/2132/2132
f 2331/2331/2331 2418/2418/2418 2420/2420/2420
f 2037/2037/2037 2331/2331/2331 2420/2420/2420
f 2282/2282/2282 2038/2038/2038 2423/2423/2423
f 2284/2284/2284 2041/2041/2041 2286/2286/2286
f 2041/2041/2041 2425/2425/2425 2286/2286/2286
f 2197/2197/2197 2334/2334/2334 2426/2426/2426
f 2237/2237/2237 2428/2428/2428 2240/2240/2240
f 2336/2336/2336 2134/2134/2134 2338/2338/2338
f 2203/2203/2203 2340/2340/2340 2094/2094/2094
f 2341/2341/2341 2049/2049/2049 2429/2429/2429
f 2339/2339/2339 2392/2392/2392 2390/2390/2390
f 2341/2341/2341 2430/2430/2430 2241/2241/2241
f 2139/2139/2139 2432/2432/2432 2392/2392/2392
f 2244/2244/2244 2433/2433/2433 2140/2140/2140
f 2291/2291/2291 2242/2242/2242 2431/2431/2431
f 2291/2291/2291 2431/2431/2431 2246/2246/2246
f 2246/2246/2246 2434/2434/2434 2395/2395/2395
f 2098/2098/2098 2342/2342/2342 2294/2294/2294
f 2250/2250/2250 2435/2435/2435 2021/2021/2021
f 2252/2252/2252 2298/2298/2298 2403/2403/2403
f 2026/2026/2026 1900/1900/1900 2436/2436/2436
f 2211/2211/2211 2059/2059/2059 2302/2302/2302
f 2104/2104/2104 2301/2301/2301 2343/2343/2343
f 2262/2262/2262 2351/2351/2351 2261/2261/2261
f 2264/2264/2264 2361/2361/2361 2437/2437/2437
f 2305/2305/2305 2438/2438/2438 2363/2363/2363
f 2157/2157/2157 2314/2314/2314 2267/2267/2267
f 2271/2271/2271 2275/2275/2275 2407/2407/2407
f 2272/2272/2272 2440/2440/2440 2441/2441/2441
f 2276/2276/2276 2272/2272/2272 2441/2441/2441
f 2370/2370/2370 2443/2443/2443 2321/2321/2321
f 2373/2373/2373 2031/2031/2031 2219/2219/2219
f 2166/2166/2166 2373/2373/2373 2445/2445/2445
f 2410/2410/2410 2165/2165/2165 2447/2447/2447
f 2410/2410/2410 2412/2412/2412 2323/2323/2323
f 2183/2183/2183 2414/2414/2414 2450/2450/2450
f 2183/2183/2183 2450/2450/2450 2451/2451/2451
f 2233/2233/2233 2378/2378/2378 2453/2453/2453
f 2415/2415/2415 2233/2233/2233 2453/2453/2453
f 2416/2416/2416 1936/1936/1936 2131/2131/2131
f 2423/2423/2423 2038/2038/2038 2421/2421/2421
f 2286/2286/2286 2425/2425/2425 2455/2455/2455
f 2040/2040/2040 2387/2387/2387 2424/2424/2424
f 2388/2388/2388 2457/2457/2457 2288/2288/2288
f 2197/2197/2197 2460/2460/2460 2238/2238/2238
f 2237/2237/2237 2462/2462/2462 2428/2428/2428
f 2389/2389/2389 2240/2240/2240 2463/2463/2463
f 2340/2340/2340 2464/2464/2464 2094/2094/2094
f 2341/2341/2341 2429/2429/2429 2430/2430/2430
f 2244/2244/2244 2468/2468/2468 2433/2433/2433
f 2246/2246/2246 2431/2431/2431 2434/2434/2434
f 2016/2016/2016 2294/2294/2294 2397/2397/2397
f 2397/2397/2397 2294/2294/2294 2399/2399/2399
f 2054/2054/2054 2401/2401/2401 1684/1684/1684
f 2342/2342/2342 2470/2470/2470 2294/2294/2294
f 2342/2342/2342 2403/2403/2403 2470/2470/2470
f 2021/2021/2021 2435/2435/2435 2471/2471/2471
f 1684/1684/1684 2472/2472/2472 1807/1807/1807
f 2296/2296/2296 2021/2021/2021 2471/2471/2471
f 2026/2026/2026 2436/2436/2436 2475/2475/2475
f 2350/2350/2350 2348/2348/2348 2477/2477/2477
f 2479/2479/2479 2356/2356/2356 2354/2354/2354
f 2306/2306/2306 2358/2358/2358 2439/2439/2439
f 1984/1984/1984 2482/2482/2482 2274/2274/2274
f 2409/2409/2409 2482/2482/2482 1984/1984/1984
f 2276/2276/2276 2441/2441/2441 2319/2319/2319
f 2375/2375/2375 2370/2370/2370 2372/2372/2372
f 1990/1990/1990 2484/2484/2484 2117/2117/2117
f 2485/2485/2485 2322/2322/2322 2411/2411/2411
f 2123/2123/2123 2488/2488/2488 2326/2326/2326
f 2414/2414/2414 2223/2223/2223 2489/2489/2489
f 2278/2278/2278 2377/2377/2377 2491/2491/2491
f 2225/2225/2225 2130/2130/2130 2492/2492/2492
f 2229/2229/2229 2277/2277/2277 2329/2329/2329
f 2380/2380/2380 2189/2189/2189 2383/2383/2383
f 2416/2416/2416 2493/2493/2493 1936/1936/1936
f 2090/2090/2090 2494/2494/2494 2417/2417/2417
f 2286/2286/2286 2495/2495/2495 2333/2333/2333
f 2286/2286/2286 2455/2455/2455 2495/2495/2495
f 2282/2282/2282 2423/2423/2423 2386/2386/2386
f 2195/2195/2195 2386/2386/2386 2334/2334/2334
f 2336/2336/2336 2338/2338/2338 2093/2093/2093
f 2337/2337/2337 2094/2094/2094 2464/2464/2464
f 2049/2049/2049 2389/2389/2389 2496/2496/2496
f 2464/2464/2464 2340/2340/2340 2498/2498/2498
f 2429/2429/2429 2049/2049/2049 2496/2496/2496
f 2390/2390/2390 2392/2392/2392 2340/2340/2340
f 2340/2340/2340 2392/2392/2392 2498/2498/2498
f 2244/2244/2244 2501/2501/2501 2468/2468/2468
f 2395/2395/2395 2434/2434/2434 2503/2503/2503
f 2399/2399/2399 2294/2294/2294 2505/2505/2505
f 2298/2298/2298 2507/2507/2507 2403/2403/2403
f 2296/2296/2296 2471/2471/2471 2509/2509/2509
f 2204/2204/2204 2436/2436/2436 1900/1900/1900
f 2299/2299/2299 2346/2346/2346 2297/2297/2297
f 2478/2478/2478 2353/2353/2353 2510/2510/2510
f 2349/2349/2349 2476/2476/2476 2352/2352/2352
f 2264/2264/2264 2437/2437/2437 2351/2351/2351
f 2364/2364/2364 2439/2439/2439 2358/2358/2358
f 2265/2265/2265 2366/2366/2366 2513/2513/2513
f 2266/2266/2266 2514/2514/2514 2515/2515/2515
f 2266/2266/2266 2515/2515/2515 2518/2518/2518
f 2266/2266/2266 2518/2518/2518 2156/2156/2156
f 2274/2274/2274 2521/2521/2521 2311/2311/2311
f 2272/2272/2272 2314/2314/2314 2522/2522/2522
f 2440/2440/2440 2272/2272/2272 2522/2522/2522
f 2523/2523/2523 2520/2520/2520 2273/2273/2273
f 2162/2162/2162 2482/2482/2482 2409/2409/2409
f 2319/2319/2319 2525/2525/2525 2109/2109/2109
f 2214/2214/2214 2320/2320/2320 2161/2161/2161
f 2370/2370/2370 2527/2527/2527 2443/2443/2443
f 1990/1990/1990 2109/2109/2109 2484/2484/2484
f 2370/2370/2370 2375/2375/2375 2527/2527/2527
f 2410/2410/2410 2447/2447/2447 2412/2412/2412
f 2123/2123/2123 2323/2323/2323 2528/2528/2528
f 2323/2323/2323 2486/2486/2486 2528/2528/2528
f 2277/2277/2277 2490/2490/2490 2329/2329/2329
f 2380/2380/2380 2383/2383/2383 2530/2530/2530
f 2385/2385/2385 2532/2532/2532 2383/2383/2383
f 2383/2383/2383 2385/2385/2385 2532/2532/2532
f 2381/2381/2381 2531/2531/2531 2384/2384/2384
f 2385/2385/2385 2417/2417/2417 2533/2533/2533
f 2494/2494/2494 2090/2090/2090 2535/2535/2535
f 2332/2332/2332 2534/2534/2534 2089/2089/2089
f 2495/2495/2495 2536/2536/2536 2333/2333/2333
f 2287/2287/2287 2456/2456/2456 2387/2387/2387
f 2334/2334/2334 2537/2537/2537 2426/2426/2426
f 2334/2334/2334 2386/2386/2386 2537/2537/2537
f 2426/2426/2426 2460/2460/2460 2197/2197/2197
f 2337/2337/2337 2464/2464/2464 2388/2388/2388
f 2463/2463/2463 2496/2496/2496 2389/2389/2389
f 2393/2393/2393 2433/2433/2433 2468/2468/2468
f 2394/2394/2394 2538/2538/2538 2243/2243/2243
f 2502/2502/2502 2538/2538/2538 2394/2394/2394
f 2398/2398/2398 2504/2504/2504 2400/2400/2400
f 2294/2294/2294 2539/2539/2539 2505/2505/2505
f 2435/2435/2435 2250/2250/2250 2541/2541/2541
f 2294/2294/2294 2507/2507/2507 2539/2539/2539
f 2298/2298/2298 2542/2542/2542 2507/2507/2507
f 2404/2404/2404 2295/2295/2295 2508/2508/2508
f 1807/1807/1807 2472/2472/2472 2100/2100/2100
f 2025/2025/2025 2474/2474/2474 2099/2099/2099
f 2059/2059/2059 2261/2261/2261 2545/2545/2545
f 2348/2348/2348 2546/2546/2546 2477/2477/2477
f 2437/2437/2437 2548/2548/2548 2351/2351/2351
f 2354/2354/2354 2477/2477/2477 2512/2512/2512
f 2368/2368/2368 2365/2365/2365 2517/2517/2517
f 2514/2514/2514 2367/2367/2367 2515/2515/2515
f 2157/2157/2157 2552/2552/2552 2314/2314/2314
f 2524/2524/2524 2274/2274/2274 2482/2482/2482
f 2523/2523/2523 2480/2480/2480 2520/2520/2520
f 2321/2321/2321 2443/2443/2443 2162/2162/2162
f 2526/2526/2526 2374/2374/2374 2442/2442/2442
f 2375/2375/2375 2553/2553/2553 2443/2443/2443
f 2447/2447/2447 2486/2486/2486 2412/2412/2412
f 2447/2447/2447 2554/2554/2554 2486/2486/2486
f 2123/2123/2123 2528/2528/2528 2488/2488/2488
f 2225/2225/2225 2556/2556/2556 2413/2413/2413
f 2184/2184/2184 2452/2452/2452 2377/2377/2377
f 2130/2130/2130 2380/2380/2380 2492/2492/2492
f 2380/2380/2380 2530/2530/2530 2492/2492/2492
f 2382/2382/2382 2557/2557/2557 2529/2529/2529
f 2382/2382/2382 2558/2558/2558 2557/2557/2557
f 2532/2532/2532 2560/2560/2560 2383/2383/2383
f 2385/2385/2385 2533/2533/2533 2532/2532/2532
f 2417/2417/2417 2494/2494/2494 2533/2533/2533
f 2420/2420/2420 2418/2418/2418 2561/2561/2561
f 2419/2419/2419 2562/2562/2562 2422/2422/2422
f 2455/2455/2455 2566/2566/2566 2495/2495/2495
f 2425/2425/2425 2570/2570/2570 2455/2455/2455
f 2428/2428/2428 2462/2462/2462 2572/2572/2572
f 2428/2428/2428 2574/2574/2574 2240/2240/2240
f 2463/2463/2463 2240/2240/2240 2574/2574/2574
f 2499/2499/2499 2575/2575/2575 2465/2465/2465
f 2243/2243/2243 2538/2538/2538 2500/2500/2500
f 2250/2250/2250 2293/2293/2293 2541/2541/2541
f 2292/2292/2292 2099/2099/2099 2577/2577/2577
f 2099/2099/2099 2578/2578/2578 2577/2577/2577
f 2294/2294/2294 2470/2470/2470 2507/2507/2507
f 2507/2507/2507 2542/2542/2542 2580/2580/2580
f 2402/2402/2402 2506/2506/2506 2469/2469/2469
f 2404/2404/2404 2508/2508/2508 2581/2581/2581
f 2302/2302/2302 2059/2059/2059 2545/2545/2545
f 2351/2351/2351 2545/2545/2545 2261/2261/2261
f 2356/2356/2356 2479/2479/2479 2585/2585/2585
f 2437/2437/2437 2361/2361/2361 2586/2586/2586
f 2356/2356/2356 2587/2587/2587 2359/2359/2359
f 2311/2311/2311 2588/2588/2588 2152/2152/2152
f 2521/2521/2521 2590/2590/2590 2311/2311/2311
f 2440/2440/2440 2522/2522/2522 2441/2441/2441
f 2482/2482/2482 2590/2590/2590 2521/2521/2521
f 2162/2162/2162 2591/2591/2591 2482/2482/2482
f 2441/2441/2441 2592/2592/2592 2319/2319/2319
f 2324/2324/2324 2553/2553/2553 2375/2375/2375
f 2324/2324/2324 2413/2413/2413 2553/2553/2553
f 2225/2225/2225 2593/2593/2593 2556/2556/2556
f 2225/2225/2225 2492/2492/2492 2593/2593/2593
f 2557/2557/2557 2558/2558/2558 2529/2529/2529
f 2379/2379/2379 2596/2596/2596 2454/2454/2454
f 2416/2416/2416 2454/2454/2454 2596/2596/2596
f 2493/2493/2493 2416/2416/2416 2596/2596/2596
f 2383/2383/2383 2560/2560/2560 2559/2559/2559
f 2493/2493/2493 2596/2596/2596 2598/2598/2598
f 2493/2493/2493 2598/2598/2598 1936/1936/1936
f 2418/2418/2418 2132/2132/2132 2561/2561/2561
f 2494/2494/2494 2599/2599/2599 2533/2533/2533
f 2494/2494/2494 2601/2601/2601 2599/2599/2599
f 2494/2494/2494 2535/2535/2535 2601/2601/2601
f 2420/2420/2420 2561/2561/2561 2602/2602/2602
f 2420/2420/2420 2602/2602/2602 2603/2603/2603
f 2534/2534/2534 2332/2332/2332 2600/2600/2600
f 2563/2563/2563 2421/2421/2421 2604/2604/2604
f 2333/2333/2333 2536/2536/2536 2601/2601/2601
f 2495/2495/2495 2605/2605/2605 2536/2536/2536
f 2566/2566/2566 2605/2605/2605 2495/2495/2495
f 2455/2455/2455 2570/2570/2570 2566/2566/2566
f 2387/2387/2387 2456/2456/2456 2606/2606/2606
f 2387/2387/2387 2606/2606/2606 2567/2567/2567
f 2424/2424/2424 2387/2387/2387 2567/2567/2567
f 2426/2426/2426 2537/2537/2537 2460/2460/2460
f 2388/2388/2388 2464/2464/2464 2608/2608/2608
f 2464/2464/2464 2609/2609/2609 2608/2608/2608
f 2466/2466/2466 2576/2576/2576 2610/2610/2610
f 2434/2434/2434 2431/2431/2431 2612/2612/2612
f 2539/2539/2539 2613/2613/2613 2505/2505/2505
f 2435/2435/2435 2541/2541/2541 2471/2471/2471
f 2507/2507/2507 2580/2580/2580 2539/2539/2539
f 2297/2297/2297 2346/2346/2346 2614/2614/2614
f 2405/2405/2405 2582/2582/2582 2348/2348/2348
f 2474/2474/2474 2616/2616/2616 2099/2099/2099
f 2348/2348/2348 2619/2619/2619 2546/2546/2546
f 2351/2351/2351 2548/2548/2548 2545/2545/2545
f 2356/2356/2356 2585/2585/2585 2620/2620/2620
f 2359/2359/2359 2587/2587/2587 2622/2622/2622
f 2311/2311/2311 2623/2623/2623 2588/2588/2588
f 2518/2518/2518 2624/2624/2624 2156/2156/2156
f 2156/2156/2156 2624/2624/2624 2549/2549/2549
f 2625/2625/2625 2313/2313/2313 2550/2550/2550
f 2627/2627/2627 2522/2522/2522 2314/2314/2314
f 2590/2590/2590 2629/2629/2629 2311/2311/2311
f 2627/2627/2627 2630/2630/2630 2522/2522/2522
f 2441/2441/2441 2522/2522/2522 2592/2592/2592
f 2525/2525/2525 2319/2319/2319 2592/2592/2592
f 2109/2109/2109 2525/2525/2525 2631/2631/2631
f 2117/2117/2117 2484/2484/2484 2634/2634/2634
f 2327/2327/2327 2635/2635/2635 2223/2223/2223
f 2450/2450/2450 2376/2376/2376 2451/2451/2451
f 2450/2450/2450 2636/2636/2636 2376/2376/2376
f 2559/2559/2559 2637/2637/2637 2530/2530/2530
f 2532/2532/2532 2638/2638/2638 2560/2560/2560
f 2533/2533/2533 2638/2638/2638 2532/2532/2532
f 2533/2533/2533 2599/2599/2599 2638/2638/2638
f 2132/2132/2132 2639/2639/2639 2561/2561/2561
f 2601/2601/2601 2640/2640/2640 2599/2599/2599
f 2536/2536/2536 2566/2566/2566 2601/2601/2601
f 2563/2563/2563 2604/2604/2604 2642/2642/2642
f 2562/2562/2562 2641/2641/2641 2422/2422/2422
f 2536/2536/2536 2605/2605/2605 2566/2566/2566
f 2237/2237/2237 2459/2459/2459 2462/2462/2462
f 2388/2388/2388 2608/2608/2608 2457/2457/2457
f 2575/2575/2575 2499/2499/2499 2646/2646/2646
f 2496/2496/2496 2647/2647/2647 2429/2429/2429
f 2391/2391/2391 2648/2648/2648 2497/2497/2497
f 2391/2391/2391 2467/2467/2467 2648/2648/2648
f 2612/2612/2612 2431/2431/2431 2652/2652/2652
f 2504/2504/2504 2653/2653/2653 2400/2400/2400
f 2613/2613/2613 2539/2539/2539 2580/2580/2580
f 2542/2542/2542 2655/2655/2655 2580/2580/2580
f 2298/2298/2298 2615/2615/2615 2542/2542/2542
f 2509/2509/2509 2471/2471/2471 2579/2579/2579
f 2545/2545/2545 2658/2658/2658 2345/2345/2345
f 2477/2477/2477 2546/2546/2546 2512/2512/2512
f 2478/2478/2478 2510/2510/2510 2583/2583/2583
f 2356/2356/2356 2620/2620/2620 2587/2587/2587
f 2359/2359/2359 2622/2622/2622 2365/2365/2365
f 2152/2152/2152 2588/2588/2588 2309/2309/2309
f 2519/2519/2519 2516/2516/2516 2626/2626/2626
f 2443/2443/2443 2659/2659/2659 2162/2162/2162
f 2373/2373/2373 2660/2660/2660 2445/2445/2445
f 2166/2166/2166 2445/2445/2445 2449/2449/2449
f 2486/2486/2486 2554/2554/2554 2661/2661/2661
f 2633/2633/2633 2663/2663/2663 2116/2116/2116
f 2413/2413/2413 2664/2664/2664 2553/2553/2553
f 2413/2413/2413 2556/2556/2556 2664/2664/2664
f 2488/2488/2488 2528/2528/2528 2665/2665/2665
f 2326/2326/2326 2488/2488/2488 2665/2665/2665
f 2450/2450/2450 2414/2414/2414 2636/2636/2636
f 2223/2223/2223 2635/2635/2635 2668/2668/2668
f 2223/2223/2223 2668/2668/2668 2489/2489/2489
f 2329/2329/2329 2490/2490/2490 2670/2670/2670
f 2492/2492/2492 2672/2672/2672 2593/2593/2593
f 2530/2530/2530 2673/2673/2673 2492/2492/2492
f 2492/2492/2492 2673/2673/2673 2672/2672/2672
f 2379/2379/2379 2676/2676/2676 2596/2596/2596
f 2559/2559/2559 2560/2560/2560 2637/2637/2637
f 2596/2596/2596 2679/2679/2679 2598/2598/2598
f 2132/2132/2132 1936/1936/1936 2681/2681/2681
f 2599/2599/2599 2683/2683/2683 2638/2638/2638
f 2132/2132/2132 2681/2681/2681 2639/2639/2639
f 2561/2561/2561 2639/2639/2639 2602/2602/2602
f 2601/2601/2601 2686/2686/2686 2640/2640/2640
f 2601/2601/2601 2566/2566/2566 2686/2686/2686
f 2423/2423/2423 2642/2642/2642 2386/2386/2386
f 2458/2458/2458 2687/2687/2687 2461/2461/2461
f 2457/2457/2457 2608/2608/2608 2607/2607/2607
f 2607/2607/2607 2608/2608/2608 2689/2689/2689
f 2608/2608/2608 2609/2609/2609 2689/2689/2689
f 2496/2496/2496 2463/2463/2463 2647/2647/2647
f 2463/2463/2463 2574/2574/2574 2647/2647/2647
f 2610/2610/2610 2576/2576/2576 2694/2694/2694
f 2429/2429/2429 2647/2647/2647 2430/2430/2430
f 2468/2468/2468 2696/2696/2696 2651/2651/2651
f 2501/2501/2501 2699/2699/2699 2700/2700/2700
f 2538/2538/2538 2697/2697/2697 2500/2500/2500
f 2653/2653/2653 2701/2701/2701 2400/2400/2400
f 2540/2540/2540 2292/2292/2292 2577/2577/2577
f 1684/1684/1684 2401/2401/2401 2703/2703/2703
f 2471/2471/2471 2541/2541/2541 2579/2579/2579
f 2542/2542/2542 2615/2615/2615 2655/2655/2655
f 2508/2508/2508 2617/2617/2617 2581/2581/2581
f 2345/2345/2345 2302/2302/2302 2545/2545/2545
f 2348/2348/2348 2582/2582/2582 2619/2619/2619
f 2346/2346/2346 2704/2704/2704 2614/2614/2614
f 2656/2656/2656 2543/2543/2543 2344/2344/2344
f 2544/2544/2544 2547/2547/2547 2657/2657/2657
f 2437/2437/2437 2586/2586/2586 2548/2548/2548
f 2309/2309/2309 2586/2586/2586 2361/2361/2361
f 2517/2517/2517 2365/2365/2365 2708/2708/2708
f 2627/2627/2627 2552/2552/2552 2630/2630/2630
f 2522/2522/2522 2710/2710/2710 2592/2592/2592
f 2522/2522/2522 2713/2713/2713 2710/2710/2710
f 2525/2525/2525 2592/2592/2592 2714/2714/2714
f 2592/2592/2592 2710/2710/2710 2714/2714/2714
f 2219/2219/2219 2715/2715/2715 2373/2373/2373
f 2219/2219/2219 2116/2116/2116 2717/2717/2717
f 2327/2327/2327 2666/2666/2666 2635/2635/2635
f 2560/2560/2560 2638/2638/2638 2718/2718/2718
f 2599/2599/2599 2719/2719/2719 2683/2683/2683
f 2640/2640/2640 2719/2719/2719 2599/2599/2599
f 2640/2640/2640 2686/2686/2686 2719/2719/2719
f 2642/2642/2642 2720/2720/2720 2537/2537/2537
f 2642/2642/2642 2537/2537/2537 2386/2386/2386
f 2567/2567/2567 2606/2606/2606 2721/2721/2721
f 2607/2607/2607 2689/2689/2689 2722/2722/2722
f 2571/2571/2571 2461/2461/2461 2725/2725/2725
f 2427/2427/2427 2571/2571/2571 2725/2725/2725
f 2609/2609/2609 2727/2727/2727 2689/2689/2689
f 2575/2575/2575 2646/2646/2646 2730/2730/2730
f 2497/2497/2497 2648/2648/2648 2643/2643/2643
f 2430/2430/2430 2647/2647/2647 2732/2732/2732
f 2652/2652/2652 2431/2431/2431 2733/2733/2733
f 2697/2697/2697 2538/2538/2538 2734/2734/2734
f 2468/2468/2468 2700/2700/2700 2696/2696/2696
f 2468/2468/2468 2501/2501/2501 2700/2700/2700
f 2401/2401/2401 2702/2702/2702 2740/2740/2740
f 2505/2505/2505 2613/2613/2613 2654/2654/2654
f 2580/2580/2580 2741/2741/2741 2613/2613/2613
f 2099/2099/2099 2616/2616/2616 2578/2578/2578
f 2436/2436/2436 2742/2742/2742 2475/2475/2475
f 2545/2545/2545 2658/2658/2658 2345/2345/2345
f 2546/2546/2546 2619/2619/2619 2512/2512/2512
f 2620/2620/2620 2743/2743/2743 2587/2587/2587
f 2622/2622/2622 2587/2587/2587 2743/2743/2743
f 2745/2745/2745 2622/2622/2622 2743/2743/2743
f 2517/2517/2517 2749/2749/2749 2627/2627/2627
f 2627/2627/2627 2749/2749/2749 2552/2552/2552
f 2522/2522/2522 2630/2630/2630 2713/2713/2713
f 2162/2162/2162 2659/2659/2659 2591/2591/2591
f 2443/2443/2443 2553/2553/2553 2750/2750/2750
f 2528/2528/2528 2751/2751/2751 2665/2665/2665
f 2556/2556/2556 2593/2593/2593 2664/2664/2664
f 2414/2414/2414 2753/2753/2753 2636/2636/2636
f 2414/2414/2414 2489/2489/2489 2753/2753/2753
f 2491/2491/2491 2377/2377/2377 2756/2756/2756
f 2491/2491/2491 2756/2756/2756 2758/2758/2758
f 2490/2490/2490 2757/2757/2757 2759/2759/2759
f 2759/2759/2759 2670/2670/2670 2490/2490/2490
f 2379/2379/2379 2330/2330/2330 2676/2676/2676
f 2530/2530/2530 2637/2637/2637 2673/2673/2673
f 2560/2560/2560 2718/2718/2718 2637/2637/2637
f 2598/2598/2598 2679/2679/2679 2761/2761/2761
f 2719/2719/2719 2686/2686/2686 2762/2762/2762
f 2569/2569/2569 2764/2764/2764 2565/2565/2565
f 2537/2537/2537 2720/2720/2720 2765/2765/2765
f 2460/2460/2460 2766/2766/2766 2688/2688/2688
f 2568/2568/2568 2724/2724/2724 2767/2767/2767
f 2723/2723/2723 2690/2690/2690 2769/2769/2769
f 2574/2574/2574 2428/2428/2428 2726/2726/2726
f 2691/2691/2691 2728/2728/2728 2772/2772/2772
f 2610/2610/2610 2774/2774/2774 2729/2729/2729
f 2576/2576/2576 2731/2731/2731 2694/2694/2694
f 2649/2649/2649 2775/2775/2775 2644/2644/2644
f 2650/2650/2650 2695/2695/2695 2776/2776/2776
f 2538/2538/2538 2502/2502/2502 2780/2780/2780
f 2401/2401/2401 2740/2740/2740 2703/2703/2703
f 2580/2580/2580 2655/2655/2655 2741/2741/2741
f 2345/2345/2345 2705/2705/2705 2347/2347/2347
f 2655/2655/2655 2615/2615/2615 2786/2786/2786
f 1507/1507/1507 2101/2101/2101 2204/2204/2204
f 2614/2614/2614 2704/2704/2704 2783/2783/2783
f 2509/2509/2509 2579/2579/2579 2619/2619/2619
f 2742/2742/2742 2436/2436/2436 2789/2789/2789
f 2616/2616/2616 2474/2474/2474 2788/2788/2788
f 2742/2742/2742 2789/2789/2789 2475/2475/2475
f 2658/2658/2658 2548/2548/2548 2791/2791/2791
f 2619/2619/2619 2792/2792/2792 2512/2512/2512
f 2511/2511/2511 2793/2793/2793 2584/2584/2584
f 2585/2585/2585 2794/2794/2794 2620/2620/2620
f 2620/2620/2620 2794/2794/2794 2743/2743/2743
f 2745/2745/2745 2743/2743/2743 2795/2795/2795
f 2622/2622/2622 2708/2708/2708 2365/2365/2365
f 2309/2309/2309 2588/2588/2588 2796/2796/2796
f 2708/2708/2708 2797/2797/2797 2517/2517/2517
f 2517/2517/2517 2797/2797/2797 2749/2749/2749
f 2552/2552/2552 2798/2798/2798 2630/2630/2630
f 2482/2482/2482 2591/2591/2591 2800/2800/2800
f 2591/2591/2591 2659/2659/2659 2800/2800/2800
f 2373/2373/2373 2715/2715/2715 2660/2660/2660
f 2109/2109/2109 2631/2631/2631 2484/2484/2484
f 2717/2717/2717 2801/2801/2801 2219/2219/2219
f 2116/2116/2116 2802/2802/2802 2717/2717/2717
f 2116/2116/2116 2663/2663/2663 2802/2802/2802
f 2528/2528/2528 2486/2486/2486 2751/2751/2751
f 2635/2635/2635 2666/2666/2666 2668/2668/2668
f 2636/2636/2636 2755/2755/2755 2376/2376/2376
f 2718/2718/2718 2638/2638/2638 2803/2803/2803
f 2638/2638/2638 2683/2683/2683 2803/2803/2803
f 1936/1936/1936 2598/2598/2598 2681/2681/2681
f 2719/2719/2719 2805/2805/2805 2683/2683/2683
f 2719/2719/2719 2762/2762/2762 2805/2805/2805
f 2603/2603/2603 2602/2602/2602 2806/2806/2806
f 2642/2642/2642 2604/2604/2604 2720/2720/2720
f 2604/2604/2604 2807/2807/2807 2720/2720/2720
f 2537/2537/2537 2765/2765/2765 2766/2766/2766
f 2537/2537/2537 2766/2766/2766 2460/2460/2460
f 2724/2724/2724 2770/2770/2770 2767/2767/2767
f 2574/2574/2574 2809/2809/2809 2810/2810/2810
f 2700/2700/2700 2699/2699/2699 2812/2812/2812
f 2780/2780/2780 2734/2734/2734 2538/2538/2538
f 2503/2503/2503 2434/2434/2434 2815/2815/2815
f 2701/2701/2701 2653/2653/2653 2738/2738/2738
f 2654/2654/2654 2816/2816/2816 2739/2739/2739
f 2654/2654/2654 2613/2613/2613 2817/2817/2817
f 2577/2577/2577 2578/2578/2578 2540/2540/2540
f 2741/2741/2741 2655/2655/2655 2786/2786/2786
f 2578/2578/2578 2616/2616/2616 2818/2818/2818
f 2616/2616/2616 2788/2788/2788 2820/2820/2820
f 2658/2658/2658 2791/2791/2791 2345/2345/2345
f 2512/2512/2512 2792/2792/2792 2794/2794/2794
f 2621/2621/2621 2744/2744/2744 2706/2706/2706
f 2481/2481/2481 2799/2799/2799 2822/2822/2822
f 2589/2589/2589 2481/2481/2481 2822/2822/2822
f 2714/2714/2714 2710/2710/2710 2826/2826/2826
f 2659/2659/2659 2443/2443/2443 2829/2829/2829
f 2555/2555/2555 2448/2448/2448 2831/2831/2831
f 2487/2487/2487 2662/2662/2662 2752/2752/2752
f 2330/2330/2330 2671/2671/2671 2676/2676/2676
f 2678/2678/2678 2594/2594/2594 2832/2832/2832
f 2637/2637/2637 2835/2835/2835 2673/2673/2673
f 2837/2837/2837 2838/2838/2838 2685/2685/2685
f 2684/2684/2684 2564/2564/2564 2836/2836/2836
f 2564/2564/2564 2840/2840/2840 2836/2836/2836
f 2688/2688/2688 2766/2766/2766 2841/2841/2841
f 2569/2569/2569 2843/2843/2843 2764/2764/2764
f 2564/2564/2564 2725/2725/2725 2840/2840/2840
f 2461/2461/2461 2687/2687/2687 2840/2840/2840
f 2725/2725/2725 2461/2461/2461 2840/2840/2840
f 2725/2725/2725 2808/2808/2808 2573/2573/2573
f 2772/2772/2772 2844/2844/2844 2691/2691/2691
f 2728/2728/2728 2773/2773/2773 2772/2772/2772
f 2645/2645/2645 2777/2777/2777 2811/2811/2811
f 2700/2700/2700 2778/2778/2778 2696/2696/2696
f 2700/2700/2700 2812/2812/2812 2778/2778/2778
f 2612/2612/2612 2652/2652/2652 2847/2847/2847
f 2612/2612/2612 2815/2815/2815 2434/2434/2434
f 2654/2654/2654 2817/2817/2817 2816/2816/2816
f 2613/2613/2613 2741/2741/2741 2817/2817/2817
f 1684/1684/1684 2703/2703/2703 2472/2472/2472
f 2579/2579/2579 2819/2819/2819 2850/2850/2850
f 2616/2616/2616 2820/2820/2820 2851/2851/2851
f 2436/2436/2436 2204/2204/2204 2789/2789/2789
f 2345/2345/2345 2787/2787/2787 2705/2705/2705
f 2586/2586/2586 2854/2854/2854 2548/2548/2548
f 2743/2743/2743 2794/2794/2794 2855/2855/2855
f 2743/2743/2743 2855/2855/2855 2795/2795/2795
f 2309/2309/2309 2796/2796/2796 2586/2586/2586
f 2745/2745/2745 2856/2856/2856 2857/2857/2857
f 2745/2745/2745 2857/2857/2857 2708/2708/2708
f 2311/2311/2311 2859/2859/2859 2623/2623/2623
f 2798/2798/2798 2861/2861/2861 2630/2630/2630
f 2824/2824/2824 2711/2711/2711 2860/2860/2860
f 2709/2709/2709 2712/2712/2712 2825/2825/2825
f 2714/2714/2714 2862/2862/2862 2525/2525/2525
f 2525/2525/2525 2862/2862/2862 2631/2631/2631
f 2219/2219/2219 2801/2801/2801 2715/2715/2715
f 2443/2443/2443 2750/2750/2750 2829/2829/2829
f 2801/2801/2801 2802/2802/2802 2863/2863/2863
f 2801/2801/2801 2717/2717/2717 2802/2802/2802
f 2750/2750/2750 2553/2553/2553 2864/2864/2864
f 2830/2830/2830 2865/2865/2865 2661/2661/2661
f 2661/2661/2661 2554/2554/2554 2830/2830/2830
f 2553/2553/2553 2664/2664/2664 2864/2864/2864
f 2665/2665/2665 2751/2751/2751 2867/2867/2867
f 2636/2636/2636 2869/2869/2869 2755/2755/2755
f 2636/2636/2636 2753/2753/2753 2869/2869/2869
f 2673/2673/2673 2835/2835/2835 2672/2672/2672
f 2670/2670/2670 2759/2759/2759 2674/2674/2674
f 2595/2595/2595 2675/2675/2675 2870/2870/2870
f 2597/2597/2597 2871/2871/2871 2833/2833/2833
f 2639/2639/2639 2872/2872/2872 2602/2602/2602
f 2639/2639/2639 2681/2681/2681 2872/2872/2872
f 2686/2686/2686 2875/2875/2875 2762/2762/2762
f 2875/2875/2875 2877/2877/2877 2762/2762/2762
f 2602/2602/2602 2872/2872/2872 2806/2806/2806
f 2875/2875/2875 2879/2879/2879 2877/2877/2877
f 2874/2874/2874 2685/2685/2685 2878/2878/2878
f 2837/2837/2837 2841/2841/2841 2838/2838/2838
f 2720/2720/2720 2881/2881/2881 2882/2882/2882
f 2720/2720/2720 2882/2882/2882 2765/2765/2765
f 2569/2569/2569 2885/2885/2885 2843/2843/2843
f 2767/2767/2767 2886/2886/2886 2568/2568/2568
f 2564/2564/2564 2763/2763/2763 2887/2887/2887
f 2564/2564/2564 2887/2887/2887 2725/2725/2725
f 2774/2774/2774 2610/2610/2610 2894/2894/2894
f 2610/2610/2610 2694/2694/2694 2894/2894/2894
f 2896/2896/2896 2897/2897/2897 2646/2646/2646
f 2895/2895/2895 2645/2645/2645 2811/2811/2811
f 2647/2647/2647 2899/2899/2899 2732/2732/2732
f 2698/2698/2698 2901/2901/2901 2811/2811/2811
f 2698/2698/2698 2903/2903/2903 2901/2901/2901
f 2652/2652/2652 2733/2733/2733 2904/2904/2904
f 2847/2847/2847 2782/2782/2782 2612/2612/2612
f 2611/2611/2611 2779/2779/2779 2905/2905/2905
f 2502/2502/2502 2814/2814/2814 2780/2780/2780
f 2612/2612/2612 2906/2906/2906 2815/2815/2815
f 2740/2740/2740 2908/2908/2908 2703/2703/2703
f 2910/2910/2910 2911/2911/2911 2912/2912/2912
f 2910/2910/2910 2850/2850/2850 2911/2911/2911
f 2850/2850/2850 2619/2619/2619 2579/2579/2579
f 2909/2909/2909 2618/2618/2618 2848/2848/2848
f 2910/2910/2910 2912/2912/2912 2619/2619/2619
f 2345/2345/2345 2791/2791/2791 2787/2787/2787
f 2619/2619/2619 2913/2913/2913 2792/2792/2792
f 2792/2792/2792 2913/2913/2913 2914/2914/2914
f 2794/2794/2794 2792/2792/2792 2855/2855/2855
f 2745/2745/2745 2795/2795/2795 2856/2856/2856
f 2552/2552/2552 2919/2919/2919 2798/2798/2798
f 2551/2551/2551 2746/2746/2746 2915/2915/2915
f 2798/2798/2798 2920/2920/2920 2861/2861/2861
f 2630/2630/2630 2861/2861/2861 2713/2713/2713
f 2826/2826/2826 2861/2861/2861 2921/2921/2921
f 2826/2826/2826 2921/2921/2921 2922/2922/2922
f 2862/2862/2862 2714/2714/2714 2923/2923/2923
f 2800/2800/2800 2659/2659/2659 2926/2926/2926
f 2801/2801/2801 2863/2863/2863 2715/2715/2715
f 2445/2445/2445 2660/2660/2660 2927/2927/2927
f 2662/2662/2662 2930/2930/2930 2752/2752/2752
f 2868/2868/2868 2932/2932/2932 2667/2667/2667
f 2668/2668/2668 2933/2933/2933 2489/2489/2489
f 2489/2489/2489 2933/2933/2933 2753/2753/2753
f 2677/2677/2677 2760/2760/2760 2871/2871/2871
f 2637/2637/2637 2718/2718/2718 2835/2835/2835
f 2680/2680/2680 2834/2834/2834 2935/2935/2935
f 2803/2803/2803 2938/2938/2938 2718/2718/2718
f 2761/2761/2761 2934/2934/2934 2598/2598/2598
f 2805/2805/2805 2940/2940/2940 2683/2683/2683
f 2762/2762/2762 2877/2877/2877 2805/2805/2805
f 2685/2685/2685 2838/2838/2838 2878/2878/2878
f 2568/2568/2568 2886/2886/2886 2883/2883/2883
f 2768/2768/2768 2771/2771/2771 2942/2942/2942
f 2725/2725/2725 2887/2887/2887 2808/2808/2808
f 2692/2692/2692 2845/2845/2845 2944/2944/2944
f 2693/2693/2693 2946/2946/2946 2771/2771/2771
f 2772/2772/2772 2773/2773/2773 2947/2947/2947
f 2772/2772/2772 2947/2947/2947 2844/2844/2844
f 2774/2774/2774 2894/2894/2894 2951/2951/2951
f 2647/2647/2647 2574/2574/2574 2810/2810/2810
f 2730/2730/2730 2646/2646/2646 2952/2952/2952
f 2811/2811/2811 2954/2954/2954 2895/2895/2895
f 2895/2895/2895 2954/2954/2954 2958/2958/2958
f 2811/2811/2811 2901/2901/2901 2954/2954/2954
f 2733/2733/2733 2900/2900/2900 2904/2904/2904
f 2698/2698/2698 2735/2735/2735 2903/2903/2903
f 2847/2847/2847 2962/2962/2962 2737/2737/2737
f 2847/2847/2847 2652/2652/2652 2962/2962/2962
f 2736/2736/2736 2781/2781/2781 2846/2846/2846
f 2911/2911/2911 2850/2850/2850 2964/2964/2964
f 2616/2616/2616 2851/2851/2851 2818/2818/2818
f 2966/2966/2966 2968/2968/2968 2970/2970/2970
f 2619/2619/2619 2912/2912/2912 2913/2913/2913
f 2749/2749/2749 2797/2797/2797 2708/2708/2708
f 2588/2588/2588 2623/2623/2623 2972/2972/2972
f 2798/2798/2798 2919/2919/2919 2973/2973/2973
f 2826/2826/2826 2922/2922/2922 2923/2923/2923
f 2714/2714/2714 2826/2826/2826 2923/2923/2923
f 2659/2659/2659 2829/2829/2829 2926/2926/2926
f 2827/2827/2827 2974/2974/2974 2924/2924/2924
f 2663/2663/2663 2633/2633/2633 2976/2976/2976
f 2930/2930/2930 2662/2662/2662 2866/2866/2866
f 2593/2593/2593 2672/2672/2672 2977/2977/2977
f 2755/2755/2755 2869/2869/2869 2978/2978/2978
f 2760/2760/2760 2758/2758/2758 2871/2871/2871
f 2679/2679/2679 2934/2934/2934 2761/2761/2761
f 2718/2718/2718 2981/2981/2981 2835/2835/2835
f 2598/2598/2598 2934/2934/2934 2681/2681/2681
f 2803/2803/2803 2683/2683/2683 2938/2938/2938
f 2807/2807/2807 2881/2881/2881 2720/2720/2720
f 2838/2838/2838 2841/2841/2841 2982/2982/2982
f 2841/2841/2841 2984/2984/2984 2982/2982/2982
f 2886/2886/2886 2941/2941/2941 2883/2883/2883
f 2767/2767/2767 2941/2941/2941 2886/2886/2886
f 2764/2764/2764 2987/2987/2987 2889/2889/2889
f 2773/2773/2773 2949/2949/2949 2947/2947/2947
f 2731/2731/2731 2989/2989/2989 2694/2694/2694
f 2730/2730/2730 2990/2990/2990 2988/2988/2988
f 2730/2730/2730 2952/2952/2952 2990/2990/2990
f 2896/2896/2896 2959/2959/2959 2897/2897/2897
f 2904/2904/2904 2962/2962/2962 2652/2652/2652
f 2816/2816/2816 2991/2991/2991 2739/2739/2739
f 2817/2817/2817 2993/2993/2993 2816/2816/2816
f 2703/2703/2703 2908/2908/2908 2995/2995/2995
f 2964/2964/2964 2997/2997/2997 2998/2998/2998
f 2849/2849/2849 2818/2818/2818 2963/2963/2963
f 2964/2964/2964 2998/2998/2998 2911/2911/2911
f 3001/3001/3001 3003/3003/3003 3004/3004/3004
f 2999/2999/2999 3006/3006/3006 3002/3002/3002
f 2789/2789/2789 2204/2204/2204 3008/3008/3008
f 2791/2791/2791 2548/2548/2548 2854/2854/2854
f 2795/2795/2795 2855/2855/2855 2856/2856/2856
f 2590/2590/2590 2823/2823/2823 2629/2629/2629
f 2922/2922/2922 2921/2921/2921 3011/3011/3011
f 2862/2862/2862 2923/2923/2923 3012/3012/3012
f 2631/2631/2631 2862/2862/2862 3013/3013/3013
f 2975/2975/2975 2829/2829/2829 3014/3014/3014
f 2660/2660/2660 2715/2715/2715 2927/2927/2927
f 2829/2829/2829 3016/3016/3016 3014/3014/3014
f 2864/2864/2864 3018/3018/3018 2750/2750/2750
f 2448/2448/2448 2444/2444/2444 2831/2831/2831
f 2802/2802/2802 2663/2663/2663 2976/2976/2976
f 2593/2593/2593 2977/2977/2977 2664/2664/2664
f 2668/2668/2668 2666/2666/2666 2931/2931/2931
f 2933/2933/2933 2668/2668/2668 2753/2753/2753
f 2758/2758/2758 2756/2756/2756 2979/2979/2979
f 2758/2758/2758 2979/2979/2979 2871/2871/2871
f 2672/2672/2672 2835/2835/2835 3019/3019/3019
f 2672/2672/2672 3019/3019/3019 3021/3021/3021
f 2833/2833/2833 2871/2871/2871 3023/3023/3023
f 2938/2938/2938 2683/2683/2683 2940/2940/2940
f 2879/2879/2879 3027/3027/3027 2877/2877/2877
f 2878/2878/2878 2838/2838/2838 3025/3025/3025
f 2765/2765/2765 3028/3028/3028 2766/2766/2766
f 2843/2843/2843 3029/3029/3029 2764/2764/2764
f 2888/2888/2888 2986/2986/2986 3030/3030/3030
f 2844/2844/2844 2947/2947/2947 2943/2943/2943
f 2959/2959/2959 3032/3032/3032 2897/2897/2897
f 2959/2959/2959 3038/3038/3038 3032/3032/3032
f 2647/2647/2647 2810/2810/2810 3041/3041/3041
f 2960/2960/2960 3043/3043/3043 3039/3039/3039
f 2956/2956/2956 3043/3043/3043 2960/2960/2960
f 2647/2647/2647 3041/3041/3041 2899/2899/2899
f 2900/2900/2900 3046/3046/3046 2904/2904/2904
f 2903/2903/2903 2735/2735/2735 2961/2961/2961
f 2813/2813/2813 2905/2905/2905 2779/2779/2779
f 2740/2740/2740 2992/2992/2992 2908/2908/2908
f 2963/2963/2963 2818/2818/2818 2996/2996/2996
f 2968/2968/2968 3048/3048/3048 2970/2970/2970
f 2911/2911/2911 2998/2998/2998 2912/2912/2912
f 2965/2965/2965 2969/2969/2969 3049/3049/3049
f 2965/2965/2965 3049/3049/3049 2967/2967/2967
f 3003/3003/3003 3007/3007/3007 3004/3004/3004
f 3052/3052/3052 3054/3054/3054 2969/2969/2969
f 2999/2999/2999 3055/3055/3055 3006/3006/3006
f 2789/2789/2789 3008/3008/3008 2821/2821/2821
f 3057/3057/3057 3059/3059/3059 3006/3006/3006
f 3056/3056/3056 3005/3005/3005 3058/3058/3058
f 2913/2913/2913 2912/2912/2912 2914/2914/2914
f 2914/2914/2914 2855/2855/2855 2792/2792/2792
f 2857/2857/2857 2856/2856/2856 2708/2708/2708
f 2588/2588/2588 2972/2972/2972 2796/2796/2796
f 2916/2916/2916 2747/2747/2747 3060/3060/3060
f 2310/2310/2310 2628/2628/2628 2858/2858/2858
f 2861/2861/2861 3011/3011/3011 2921/2921/2921
f 2862/2862/2862 3012/3012/3012 3063/3063/3063
f 2975/2975/2975 3014/3014/3014 2926/2926/2926
f 2862/2862/2862 3063/3063/3063 3013/3013/3013
f 2631/2631/2631 3013/3013/3013 2484/2484/2484
f 3014/3014/3014 3016/3016/3016 3065/3065/3065
f 2829/2829/2829 2750/2750/2750 3018/3018/3018
f 2828/2828/2828 3017/3017/3017 3015/3015/3015
f 2802/2802/2802 2976/2976/2976 2863/2863/2863
f 2830/2830/2830 3066/3066/3066 2865/2865/2865
f 2864/2864/2864 2664/2664/2664 3018/3018/3018
f 2866/2866/2866 3069/3069/3069 2930/2930/2930
f 2869/2869/2869 2753/2753/2753 3071/3071/3071
f 3019/3019/3019 3073/3073/3073 3021/3021/3021
f 2835/2835/2835 2981/2981/2981 3074/3074/3074
f 3024/3024/3024 2935/2935/2935 2834/2834/2834
f 2681/2681/2681 3075/3075/3075 2872/2872/2872
f 2880/2880/2880 2806/2806/2806 2872/2872/2872
f 2941/2941/2941 3078/3078/3078 2883/2883/2883
f 2771/2771/2771 3083/3083/3083 2942/2942/2942
f 2764/2764/2764 3029/3029/3029 2987/2987/2987
f 2771/2771/2771 2946/2946/2946 3083/3083/3083
f 2692/2692/2692 2944/2944/2944 2945/2945/2945
f 2809/2809/2809 3084/3084/3084 3086/3086/3086
f 2950/2950/2950 2944/2944/2944 2948/2948/2948
f 2950/2950/2950 3088/3088/3088 2944/2944/2944
f 2950/2950/2950 3090/3090/3090 3088/3088/3088
f 3090/3090/3090 3092/3092/3092 3088/3088/3088
f 3094/3094/3094 3092/3092/3092 3090/3090/3090
f 3091/3091/3091 3089/3089/3089 3093/3093/3093
f 3090/3090/3090 2950/2950/2950 3094/3094/3094
f 2694/2694/2694 2989/2989/2989 2894/2894/2894
f 2990/2990/2990 2952/2952/2952 2988/2988/2988
f 2646/2646/2646 2897/2897/2897 2952/2952/2952
f 2902/2902/2902 2904/2904/2904 2957/2957/2957
f 2997/2997/2997 3097/3097/3097 2998/2998/2998
f 2818/2818/2818 3096/3096/3096 2996/2996/2996
f 2968/2968/2968 3099/3099/3099 3048/3048/3048
f 3001/3001/3001 3004/3004/3004 3101/3101/3101
f 2967/2967/2967 3047/3047/3047 3102/3102/3102
f 2786/2786/2786 3104/3104/3104 2741/2741/2741
f 3004/3004/3004 3105/3105/3105 3101/3101/3101
f 3000/3000/3000 3106/3106/3106 3051/3051/3051
f 2999/2999/2999 3050/3050/3050 3055/3055/3055
f 2969/2969/2969 3054/3054/3054 3049/3049/3049
f 3053/3053/3053 2971/2971/2971 2785/2785/2785
f 3053/3053/3053 2790/2790/2790 3055/3055/3055
f 3053/3053/3053 2785/2785/2785 2790/2790/2790
f 3055/3055/3055 3059/3059/3059 3006/3006/3006
f 2790/2790/2790 3059/3059/3059 3055/3055/3055
f 2820/2820/2820 3108/3108/3108 2851/2851/2851
f 3006/3006/3006 3059/3059/3059 3111/3111/3111
f 3007/3007/3007 3112/3112/3112 3113/3113/3113
f 3059/3059/3059 2853/2853/2853 3111/3111/3111
f 2790/2790/2790 2853/2853/2853 3059/3059/3059
f 2586/2586/2586 3115/3115/3115 2854/2854/2854
f 3117/3117/3117 2856/2856/2856 3118/3118/3118
f 3117/3117/3117 2708/2708/2708 2856/2856/2856
f 2707/2707/2707 3116/3116/3116 2748/2748/2748
f 3061/3061/3061 3119/3119/3119 2917/2917/2917
f 3062/3062/3062 2748/2748/2748 3116/3116/3116
f 2798/2798/2798 2973/2973/2973 2920/2920/2920
f 3014/3014/3014 3065/3065/3065 2926/2926/2926
f 2444/2444/2444 2866/2866/2866 2831/2831/2831
f 2831/2831/2831 2866/2866/2866 3067/3067/3067
f 3124/3124/3124 2929/2929/2929 3068/3068/3068
f 2868/2868/2868 3126/3126/3126 3128/3128/3128
f 2751/2751/2751 3123/3123/3123 2867/2867/2867
f 2752/2752/2752 2930/2930/2930 3125/3125/3125
f 2868/2868/2868 3128/3128/3128 2932/2932/2932
f 2978/2978/2978 2869/2869/2869 3071/3071/3071
f 2672/2672/2672 3021/3021/3021 2977/2977/2977
f 2669/2669/2669 2932/2932/2932 2754/2754/2754
f 3020/3020/3020 3072/3072/3072 3129/3129/3129
f 2835/2835/2835 3073/3073/3073 3019/3019/3019
f 2835/2835/2835 3074/3074/3074 3073/3073/3073
f 2871/2871/2871 3130/3130/3130 3023/3023/3023
f 2935/2935/2935 3024/3024/3024 3133/3133/3133
f 2804/2804/2804 2936/2936/2936 2939/2939/2939
f 2805/2805/2805 2877/2877/2877 2938/2938/2938
f 2873/2873/2873 3134/3134/3134 2881/2881/2881
f 2839/2839/2839 2983/2983/2983 3026/3026/3026
f 2765/2765/2765 2882/2882/2882 2881/2881/2881
f 2766/2766/2766 3136/3136/3136 3138/3138/3138
f 2942/2942/2942 3083/3083/3083 3081/3081/3081
f 2891/2891/2891 3031/3031/3031 3085/3085/3085
f 2809/2809/2809 2890/2890/2890 3084/3084/3084
f 2945/2945/2945 2944/2944/2944 3088/3088/3088
f 3093/3093/3093 3095/3095/3095 3089/3089/3089
f 3094/3094/3094 2950/2950/2950 3033/3033/3033
f 2989/2989/2989 2953/2953/2953 2894/2894/2894
f 2991/2991/2991 2816/2816/2816 2907/2907/2907
f 2993/2993/2993 2907/2907/2907 2816/2816/2816
f 3098/3098/3098 2967/2967/2967 3102/3102/3102
f 3048/3048/3048 3099/3099/3099 3103/3103/3103
f 2741/2741/2741 3104/3104/3104 3141/3141/3141
f 3000/3000/3000 3100/3100/3100 3106/3106/3106
f 3142/3142/3142 3143/3143/3143 3096/3096/3096
f 2998/2998/2998 3144/3144/3144 2912/2912/2912
f 2851/2851/2851 3142/3142/3142 2818/2818/2818
f 2851/2851/2851 3143/3143/3143 3142/3142/3142
f 2101/2101/2101 2473/2473/2473 3146/3146/3146
f 2914/2914/2914 2912/2912/2912 3148/3148/3148
f 2586/2586/2586 2972/2972/2972 3115/3115/3115
f 3117/3117/3117 3118/3118/3118 3149/3149/3149
f 2861/2861/2861 2920/2920/2920 3011/3011/3011
f 2923/2923/2923 2922/2922/2922 3150/3150/3150
f 3016/3016/3016 3151/3151/3151 3065/3065/3065
f 2633/2633/2633 3153/3153/3153 2976/2976/2976
f 2976/2976/2976 3156/3156/3156 2863/2863/2863
f 3126/3126/3126 3070/3070/3070 3128/3128/3128
f 3073/3073/3073 3074/3074/3074 3159/3159/3159
f 3160/3160/3160 3131/3131/3131 3022/3022/3022
f 2937/2937/2937 2876/2876/2876 3026/3026/3026
f 2873/2873/2873 3076/3076/3076 3134/3134/3134
f 2765/2765/2765 2881/2881/2881 3028/3028/3028
f 2766/2766/2766 3028/3028/3028 3136/3136/3136
f 3030/3030/3030 2986/2986/2986 3162/3162/3162
f 2946/2946/2946 3167/3167/3167 3083/3083/3083
f 3089/3089/3089 3169/3169/3169 2946/2946/2946
f 2946/2946/2946 3169/3169/3169 3170/3170/3170
f 3089/3089/3089 3095/3095/3095 3036/3036/3036
f 2898/2898/2898 3033/3033/3033 3171/3171/3171
f 2952/2952/2952 2897/2897/2897 2892/2892/2892
f 2899/2899/2899 3041/3041/3041 3172/3172/3172
f 2900/2900/2900 3173/3173/3173 3046/3046/3046
f 2904/2904/2904 3176/3176/3176 2957/2957/2957
f 2994/2994/2994 2907/2907/2907 2993/2993/2993
f 2703/2703/2703 2995/2995/2995 3178/3178/3178
f 2741/2741/2741 3141/3141/3141 2817/2817/2817
f 3144/3144/3144 2998/2998/2998 3097/3097/3097
f 2818/2818/2818 3142/3142/3142 3096/3096/3096
f 3105/3105/3105 3181/3181/3181 3101/3101/3101
f 3105/3105/3105 3004/3004/3004 3181/3181/3181
f 3047/3047/3047 2967/2967/2967 3182/3182/3182
f 2970/2970/2970 3048/3048/3048 3183/3183/3183
f 2101/2101/2101 3184/3184/3184 2204/2204/2204
f 2101/2101/2101 3146/3146/3146 3184/3184/3184
f 2967/2967/2967 3049/3049/3049 3182/3182/3182
f 2970/2970/2970 3183/3183/3183 2784/2784/2784
f 2472/2472/2472 3185/3185/3185 3145/3145/3145
f 2912/2912/2912 3144/3144/3144 3148/3148/3148
f 3008/3008/3008 3109/3109/3109 2821/2821/2821
f 3007/3007/3007 3187/3187/3187 3004/3004/3004
f 3007/3007/3007 3113/3113/3113 3187/3187/3187
f 2914/2914/2914 3148/3148/3148 2855/2855/2855
f 2855/2855/2855 3148/3148/3148 3189/3189/3189
f 2855/2855/2855 3189/3189/3189 2856/2856/2856
f 2586/2586/2586 2796/2796/2796 2972/2972/2972
f 2973/2973/2973 2919/2919/2919 3191/3191/3191
f 3192/3192/3192 2800/2800/2800 3193/3193/3193
f 3063/3063/3063 3012/3012/3012 3194/3194/3194
f 2863/2863/2863 3156/3156/3156 2715/2715/2715
f 2632/2632/2632 2483/2483/2483 3152/3152/3152
f 2664/2664/2664 3196/3196/3196 3018/3018/3018
f 2664/2664/2664 3197/3197/3197 3196/3196/3196
f 2664/2664/2664 2977/2977/2977 3197/3197/3197
f 3130/3130/3130 2871/2871/2871 2979/2979/2979
f 3130/3130/3130 2979/2979/2979 3198/3198/3198
f 3129/3129/3129 3072/3072/3072 3200/3200/3200
f 3130/3130/3130 3198/3198/3198 3201/3201/3201
f 3130/3130/3130 3201/3201/3201 3023/3023/3023
f 3161/3161/3161 3024/3024/3024 3133/3133/3133
f 2938/2938/2938 3203/3203/3203 2718/2718/2718
f 2937/2937/2937 3026/3026/3026 3204/3204/3204
f 3077/3077/3077 2682/2682/2682 3206/3206/3206
f 2881/2881/2881 3136/3136/3136 3028/3028/3028
f 2987/2987/2987 3029/3029/3029 3163/3163/3163
f 3089/3089/3089 3036/3036/3036 3169/3169/3169
f 3033/3033/3033 2950/2950/2950 3171/3171/3171
f 2950/2950/2950 2893/2893/2893 3171/3171/3171
f 2898/2898/2898 3171/3171/3171 2893/2893/2893
f 2957/2957/2957 3209/3209/3209 3044/3044/3044
f 3004/3004/3004 3187/3187/3187 3181/3181/3181
f 2851/2851/2851 3210/3210/3210 3143/3143/3143
f 2852/2852/2852 3213/3213/3213 3211/3211/3211
f 3113/3113/3113 3181/3181/3181 3187/3187/3187
f 2853/2853/2853 3214/3214/3214 3111/3111/3111
f 3214/3214/3214 2853/2853/2853 3114/3114/3114
f 2856/2856/2856 3189/3189/3189 3118/3118/3118
f 2858/2858/2858 2628/2628/2628 3216/3216/3216
f 2859/2859/2859 3218/3218/3218 2623/2623/2623
f 2859/2859/2859 3217/3217/3217 3218/3218/3218
f 2800/2800/2800 3192/3192/3192 2823/2823/2823
f 2926/2926/2926 3193/3193/3193 2800/2800/2800
f 3012/3012/3012 2923/2923/2923 3194/3194/3194
f 3219/3219/3219 2926/2926/2926 3221/3221/3221
f 3013/3013/3013 3063/3063/3063 3222/3222/3222
f 2928/2928/2928 2716/2716/2716 3224/3224/3224
f 2446/2446/2446 2928/2928/2928 3228/3228/3228
f 2484/2484/2484 3013/3013/3013 3155/3155/3155
f 2866/2866/2866 2444/2444/2444 3225/3225/3225
f 3016/3016/3016 3229/3229/3229 3151/3151/3151
f 3016/3016/3016 3196/3196/3196 3229/3229/3229
f 3017/3017/3017 3195/3195/3195 3015/3015/3015
f 3069/3069/3069 2866/2866/2866 3225/3225/3225
f 2932/2932/2932 3128/3128/3128 2754/2754/2754
f 2753/2753/2753 3230/3230/3230 3071/3071/3071
f 3158/3158/3158 3200/3200/3200 3072/3072/3072
f 3074/3074/3074 2981/2981/2981 3159/3159/3159
f 2981/2981/2981 2718/2718/2718 3235/3235/3235
f 2681/2681/2681 3236/3236/3236 3238/3238/3238
f 3205/3205/3205 2681/2681/2681 3238/3238/3238
f 3135/3135/3135 3077/3077/3077 3241/3241/3241
f 2881/2881/2881 3134/3134/3134 3240/3240/3240
f 2881/2881/2881 3240/3240/3240 3136/3136/3136
f 2766/2766/2766 2984/2984/2984 2841/2841/2841
f 2766/2766/2766 3138/3138/3138 2984/2984/2984
f 3029/3029/3029 2843/2843/2843 3242/3242/3242
f 3031/3031/3031 3165/3165/3165 3085/3085/3085
f 2810/2810/2810 2809/2809/2809 3086/3086/3086
f 2810/2810/2810 3244/3244/3244 3041/3041/3041
f 3039/3039/3039 3245/3245/3245 3034/3034/3034
f 3043/3043/3043 3245/3245/3245 3039/3039/3039
f 2817/2817/2817 3141/3141/3141 2993/2993/2993
f 3100/3100/3100 3180/3180/3180 3106/3106/3106
f 2204/2204/2204 3184/3184/3184 3008/3008/3008
f 3146/3146/3146 3186/3186/3186 3184/3184/3184
f 3106/3106/3106 3246/3246/3246 3051/3051/3051
f 2786/2786/2786 3249/3249/3249 3104/3104/3104
f 3049/3049/3049 3250/3250/3250 3182/3182/3182
f 3211/3211/3211 3148/3148/3148 3144/3144/3144
f 3255/3255/3255 3148/3148/3148 3211/3211/3211
f 3113/3113/3113 3112/3112/3112 3181/3181/3181
f 2918/2918/2918 3120/3120/3120 3190/3190/3190
f 2972/2972/2972 2623/2623/2623 3218/3218/3218
f 3011/3011/3011 2920/2920/2920 3257/3257/3257
f 2823/2823/2823 3217/3217/3217 2629/2629/2629
f 2922/2922/2922 3011/3011/3011 3259/3259/3259
f 2923/2923/2923 3150/3150/3150 3194/3194/3194
f 3063/3063/3063 3194/3194/3194 3261/3261/3261
f 2926/2926/2926 3065/3065/3065 3221/3221/3221
f 2925/2925/2925 3220/3220/3220 3064/3064/3064
f 3221/3221/3221 3065/3065/3065 3219/3219/3219
f 3063/3063/3063 3261/3261/3261 3222/3222/3222
f 2928/2928/2928 3224/3224/3224 3228/3228/3228
f 2716/2716/2716 3263/3263/3263 3224/3224/3224
f 2716/2716/2716 3265/3265/3265 3263/3263/3263
f 3151/3151/3151 3229/3229/3229 3266/3266/3266
f 2754/2754/2754 3128/3128/3128 3231/3231/3231
f 3071/3071/3071 3230/3230/3230 2978/2978/2978
f 3129/3129/3129 3268/3268/3268 3020/3020/3020
f 3023/3023/3023 3201/3201/3201 3270/3270/3270
f 3158/3158/3158 2980/2980/2980 3200/3200/3200
f 3132/3132/3132 3023/3023/3023 3271/3271/3271
f 3023/3023/3023 3270/3270/3270 3271/3271/3271
f 2718/2718/2718 3203/3203/3203 3235/3235/3235
f 3202/3202/3202 2937/2937/2937 3204/3204/3204
f 2681/2681/2681 2934/2934/2934 3236/3236/3236
f 3026/3026/3026 3273/3273/3273 3204/3204/3204
f 3077/3077/3077 3206/3206/3206 3241/3241/3241
f 3026/3026/3026 2983/2983/2983 3273/3273/3273
f 2983/2983/2983 2985/2985/2985 3275/3275/3275
f 3241/3241/3241 3206/3206/3206 3137/3137/3137
f 2884/2884/2884 3079/3079/3079 2842/2842/2842
f 3080/3080/3080 3082/3082/3082 2843/2843/2843
f 2946/2946/2946 3170/3170/3170 3167/3167/3167
f 3035/3035/3035 3277/3277/3277 3278/3278/3278
f 3034/3034/3034 3245/3245/3245 3276/3276/3276
f 3207/3207/3207 2955/2955/2955 3174/3174/3174
f 2904/2904/2904 3046/3046/3046 3176/3176/3176
f 3045/3045/3045 3208/3208/3208 3175/3175/3175
f 3247/3247/3247 3107/3107/3107 3181/3181/3181
f 3104/3104/3104 3249/3249/3249 3141/3141/3141
f 2851/2851/2851 3108/3108/3108 3212/3212/3212
f 3183/3183/3183 3251/3251/3251 2784/2784/2784
f 2786/2786/2786 3254/3254/3254 3249/3249/3249
f 3051/3051/3051 3246/3246/3246 3253/3253/3253
f 3148/3148/3148 3255/3255/3255 3280/3280/3280
f 3148/3148/3148 3280/3280/3280 3281/3281/3281
f 3188/3188/3188 3147/3147/3147 3282/3282/3282
f 3114/3114/3114 3284/3284/3284 3214/3214/3214
f 3215/3215/3215 3285/3285/3285 3286/3286/3286
f 3115/3115/3115 2972/2972/2972 3285/3285/3285
f 3149/3149/3149 3288/3288/3288 3117/3117/3117
f 3010/3010/3010 3256/3256/3256 3289/3289/3289
f 3192/3192/3192 3217/3217/3217 2823/2823/2823
f 3193/3193/3193 3290/3290/3290 3192/3192/3192
f 3065/3065/3065 3291/3291/3291 3219/3219/3219
f 3151/3151/3151 3266/3266/3266 3065/3065/3065
f 3157/3157/3157 3265/3265/3265 2716/2716/2716
f 3069/3069/3069 3225/3225/3225 3127/3127/3127
f 2977/2977/2977 3292/3292/3292 3197/3197/3197
f 2977/2977/2977 3295/3295/3295 3292/3292/3292
f 2977/2977/2977 3021/3021/3021 3295/3295/3295
f 3020/3020/3020 3268/3268/3268 3294/3294/3294
f 3129/3129/3129 3296/3296/3296 3298/3298/3298
f 3129/3129/3129 3299/3299/3299 3296/3296/3296
f 3201/3201/3201 3198/3198/3198 3270/3270/3270
f 3200/3200/3200 3299/3299/3299 3129/3129/3129
f 2980/2980/2980 3234/3234/3234 3200/3200/3200
f 3133/3133/3133 3300/3300/3300 3301/3301/3301
f 3133/3133/3133 3237/3237/3237 2935/2935/2935
f 3206/3206/3206 3239/3239/3239 3304/3304/3304
f 3137/3137/3137 3206/3206/3206 3307/3307/3307
f 3137/3137/3137 3307/3307/3307 3309/3309/3309
f 3138/3138/3138 3310/3310/3310 3311/3311/3311
f 3138/3138/3138 3136/3136/3136 3310/3310/3310
f 2984/2984/2984 3138/3138/3138 3313/3313/3313
f 2843/2843/2843 3082/3082/3082 3315/3315/3315
f 3085/3085/3085 3165/3165/3165 3317/3317/3317
f 3173/3173/3173 3042/3042/3042 3319/3319/3319
f 2994/2994/2994 2993/2993/2993 3320/3320/3320
f 2703/2703/2703 3178/3178/3178 3322/3322/3322
f 2993/2993/2993 3141/3141/3141 3320/3320/3320
f 2472/2472/2472 2703/2703/2703 3322/3322/3322
f 3213/3213/3213 3324/3324/3324 3211/3211/3211
f 3181/3181/3181 3112/3112/3112 3327/3327/3327
f 3181/3181/3181 3327/3327/3327 3329/3329/3329
f 3118/3118/3118 3189/3189/3189 3149/3149/3149
f 3062/3062/3062 3116/3116/3116 3121/3121/3121
f 3116/3116/3116 3287/3287/3287 3330/3330/3330
f 2973/2973/2973 3257/3257/3257 2920/2920/2920
f 3332/3332/3332 3261/3261/3261 3334/3334/3334
f 3155/3155/3155 3013/3013/3013 3335/3335/3335
f 2976/2976/2976 3336/3336/3336 3156/3156/3156
f 3128/3128/3128 3226/3226/3226 3231/3231/3231
f 3232/3232/3232 3338/3338/3338 2979/2979/2979
f 2979/2979/2979 3338/3338/3338 3198/3198/3198
f 3133/3133/3133 3272/3272/3272 3300/3300/3300
f 3204/3204/3204 3339/3339/3339 3202/3202/3202
f 3133/3133/3133 3301/3301/3301 3237/3237/3237
f 3239/3239/3239 3341/3341/3341 3304/3304/3304
f 3307/3307/3307 3206/3206/3206 3304/3304/3304
f 3273/3273/3273 2983/2983/2983 3275/3275/3275
f 3306/3306/3306 3342/3342/3342 3308/3308/3308
f 2843/2843/2843 3315/3315/3315 3242/3242/3242
f 3242/3242/3242 3343/3343/3343 3029/3029/3029
f 2810/2810/2810 3345/3345/3345 3244/3244/3244
f 3276/3276/3276 3245/3245/3245 3347/3347/3347
f 3046/3046/3046 3173/3173/3173 3350/3350/3350
f 3209/3209/3209 3046/3046/3046 3350/3350/3350
f 2995/2995/2995 3321/3321/3321 3178/3178/3178
f 2472/2472/2472 3322/3322/3322 3185/3185/3185
f 3323/3323/3323 3212/3212/3212 3351/3351/3351
f 3249/3249/3249 3353/3353/3353 3141/3141/3141
f 3212/3212/3212 3108/3108/3108 3351/3351/3351
f 3247/3247/3247 3329/3329/3329 3355/3355/3355
f 3355/3355/3355 3329/3329/3329 3357/3357/3357
f 3179/3179/3179 3328/3328/3328 3325/3325/3325
f 3247/3247/3247 3181/3181/3181 3329/3329/3329
f 3249/3249/3249 3254/3254/3254 3359/3359/3359
f 3248/3248/3248 3358/3358/3358 3252/3252/3252
f 3255/3255/3255 3281/3281/3281 3280/3280/3280
f 3112/3112/3112 3360/3360/3360 3327/3327/3327
f 3215/3215/3215 3360/3360/3360 3112/3112/3112
f 3286/3286/3286 3360/3360/3360 3215/3215/3215
f 3148/3148/3148 3281/3281/3281 3283/3283/3283
f 3188/3188/3188 3282/3282/3282 3361/3361/3361
f 3149/3149/3149 3331/3331/3331 3288/3288/3288
f 3218/3218/3218 3363/3363/3363 2972/2972/2972
f 3289/3289/3289 3258/3258/3258 3010/3010/3010
f 2922/2922/2922 3259/3259/3259 3365/3365/3365
f 2922/2922/2922 3365/3365/3365 3150/3150/3150
f 2926/2926/2926 3366/3366/3366 3193/3193/3193
f 2926/2926/2926 3367/3367/3367 3366/3366/3366
f 3291/3291/3291 3367/3367/3367 3219/3219/3219
f 3332/3332/3332 3222/3222/3222 3261/3261/3261
f 3222/3222/3222 3332/3332/3332 3335/3335/3335
f 3013/3013/3013 3222/3222/3222 3335/3335/3335
f 3265/3265/3265 3368/3368/3368 3370/3370/3370
f 3264/3264/3264 3369/3369/3369 3262/3262/3262
f 3337/3337/3337 3265/3265/3265 3157/3157/3157
f 3227/3227/3227 3223/3223/3223 3232/3232/3232
f 3292/3292/3292 3371/3371/3371 3197/3197/3197
f 3295/3295/3295 3371/3371/3371 3292/3292/3292
f 3295/3295/3295 3374/3374/3374 3371/3371/3371
f 3129/3129/3129 3298/3298/3298 3268/3268/3268
f 3232/3232/3232 3375/3375/3375 3338/3338/3338
f 3338/3338/3338 3375/3375/3375 3198/3198/3198
f 3198/3198/3198 3376/3376/3376 3270/3270/3270
f 3270/3270/3270 3376/3376/3376 3271/3271/3271
f 3200/3200/3200 3234/3234/3234 3299/3299/3299
f 3202/3202/3202 3339/3339/3339 3234/3234/3234
f 3302/3302/3302 3340/3340/3340 3378/3378/3378
f 2984/2984/2984 3380/3380/3380 3274/3274/3274
f 2984/2984/2984 3313/3313/3313 3380/3380/3380
f 3242/3242/3242 3315/3315/3315 3343/3343/3343
f 3029/3029/3029 3343/3343/3343 3163/3163/3163
f 3277/3277/3277 3348/3348/3348 3278/3278/3278
f 3209/3209/3209 3385/3385/3385 3044/3044/3044
f 3323/3323/3323 3351/3351/3351 3387/3387/3387
f 3246/3246/3246 3354/3354/3354 3356/3356/3356
f 3324/3324/3324 3388/3388/3388 3211/3211/3211
f 3246/3246/3246 3356/3356/3356 3253/3253/3253
f 3253/3253/3253 3356/3356/3356 3390/3390/3390
f 3249/3249/3249 3391/3391/3391 3353/3353/3353
f 3327/3327/3327 3329/3329/3329 3181/3181/3181
f 3249/3249/3249 3254/3254/3254 3391/3391/3391
f 3283/3283/3283 3281/3281/3281 3362/3362/3362
f 3189/3189/3189 3362/3362/3362 3149/3149/3149
f 2972/2972/2972 3394/3394/3394 3285/3285/3285
f 2973/2973/2973 3191/3191/3191 3122/3122/3122
f 2973/2973/2973 3122/3122/3122 3395/3395/3395
f 3289/3289/3289 3256/3256/3256 3396/3396/3396
f 2973/2973/2973 3395/3395/3395 3257/3257/3257
f 3289/3289/3289 3396/3396/3396 3258/3258/3258
f 3194/3194/3194 3150/3150/3150 3400/3400/3400
f 3219/3219/3219 3367/3367/3367 2926/2926/2926
f 3333/3333/3333 3260/3260/3260 3401/3401/3401
f 3065/3065/3065 3266/3266/3266 3291/3291/3291
f 3335/3335/3335 3405/3405/3405 3155/3155/3155
f 3266/3266/3266 3229/3229/3229 3406/3406/3406
f 3154/3154/3154 3404/3404/3404 3407/3407/3407
f 3263/3263/3263 3370/3370/3370 3409/3409/3409
f 3263/3263/3263 3409/3409/3409 3224/3224/3224
f 2976/2976/2976 3153/3153/3153 3336/3336/3336
f 3370/3370/3370 3368/3368/3368 3409/3409/3409
f 3223/3223/3223 3375/3375/3375 3232/3232/3232
f 3337/3337/3337 3410/3410/3410 3265/3265/3265
f 3197/3197/3197 3371/3371/3371 3411/3411/3411
f 3293/3293/3293 3267/3267/3267 3372/3372/3372
f 3412/3412/3412 3414/3414/3414 3296/3296/3296
f 3413/3413/3413 3297/3297/3297 3416/3416/3416
f 3300/3300/3300 3377/3377/3377 3419/3419/3419
f 3300/3300/3300 3272/3272/3272 3377/3377/3377
f 3300/3300/3300 3419/3419/3419 3301/3301/3301
f 3339/3339/3339 3204/3204/3204 3273/3273/3273
f 3239/3239/3239 3237/3237/3237 3341/3341/3341
f 3341/3341/3341 3420/3420/3420 3421/3421/3421
f 3305/3305/3305 3303/3303/3303 3422/3422/3422
f 3306/3306/3306 3423/3423/3423 3342/3342/3342
f 3308/3308/3308 3342/3342/3342 3310/3310/3310
f 3136/3136/3136 3308/3308/3308 3310/3310/3310
f 3139/3139/3139 3381/3381/3381 3314/3314/3314
f 3343/3343/3343 3315/3315/3315 3163/3163/3163
f 3083/3083/3083 3167/3167/3167 3427/3427/3427
f 3169/3169/3169 3036/3036/3036 3428/3428/3428
f 2810/2810/2810 3086/3086/3086 3345/3345/3345
f 3347/3347/3347 3245/3245/3245 3382/3382/3382
f 3347/3347/3347 3245/3245/3245 3429/3429/3429
f 3245/3245/3245 3382/3382/3382 3429/3429/3429
f 3040/3040/3040 3243/3243/3243 3431/3431/3431
f 3319/3319/3319 3042/3042/3042 3435/3435/3435
f 3043/3043/3043 3382/3382/3382 3245/3245/3245
f 3177/3177/3177 3320/3320/3320 3436/3436/3436
f 3439/3439/3439 3178/3178/3178 3437/3437/3437
f 3351/3351/3351 3108/3108/3108 3441/3441/3441
f 3211/3211/3211 3443/3443/3443 3255/3255/3255
f 3286/3286/3286 3285/3285/3285 3444/3444/3444
f 3149/3149/3149 3362/3362/3362 3331/3331/3331
f 3122/3122/3122 3445/3445/3445 3395/3395/3395
f 3192/3192/3192 3290/3290/3290 3217/3217/3217
f 3193/3193/3193 3366/3366/3366 3290/3290/3290
f 3194/3194/3194 3400/3400/3400 3261/3261/3261
f 3332/3332/3332 3334/3334/3334 3402/3402/3402
f 3266/3266/3266 3406/3406/3406 3291/3291/3291
f 3407/3407/3407 3414/3414/3414 3154/3154/3154
f 3265/3265/3265 3410/3410/3410 3368/3368/3368
f 3197/3197/3197 3411/3411/3411 3196/3196/3196
f 3154/3154/3154 3414/3414/3414 3337/3337/3337
f 3407/3407/3407 3446/3446/3446 3414/3414/3414
f 3449/3449/3449 3410/3410/3410 3337/3337/3337
f 3298/3298/3298 3446/3446/3446 3268/3268/3268
f 3371/3371/3371 3374/3374/3374 3452/3452/3452
f 3296/3296/3296 3414/3414/3414 3298/3298/3298
f 3198/3198/3198 3375/3375/3375 3453/3453/3453
f 3296/3296/3296 3299/3299/3299 3415/3415/3415
f 3199/3199/3199 3419/3419/3419 3377/3377/3377
f 3301/3301/3301 3419/3419/3419 3455/3455/3455
f 3341/3341/3341 3237/3237/3237 3456/3456/3456
f 3341/3341/3341 3457/3457/3457 3420/3420/3420
f 3379/3379/3379 3341/3341/3341 3421/3421/3421
f 3139/3139/3139 3312/3312/3312 3381/3381/3381
f 3082/3082/3082 3425/3425/3425 3315/3315/3315
f 3317/3317/3317 3087/3087/3087 3085/3085/3085
f 3169/3169/3169 3428/3428/3428 3458/3458/3458
f 3279/3279/3279 3346/3346/3346 3460/3460/3460
f 3348/3348/3348 3432/3432/3432 3278/3278/3278
f 3344/3344/3344 3278/3278/3278 3432/3432/3432
f 3244/3244/3244 3345/3345/3345 3433/3433/3433
f 3348/3348/3348 3430/3430/3430 3432/3432/3432
f 3209/3209/3209 3350/3350/3350 3385/3385/3385
f 3436/3436/3436 3320/3320/3320 3438/3438/3438
f 3141/3141/3141 3461/3461/3461 3320/3320/3320
f 3185/3185/3185 3322/3322/3322 3463/3463/3463
f 3140/3140/3140 3352/3352/3352 3389/3389/3389
f 3391/3391/3391 3461/3461/3461 3141/3141/3141
f 3211/3211/3211 3388/3388/3388 3465/3465/3465
f 3357/3357/3357 3329/3329/3329 3467/3467/3467
f 3110/3110/3110 3009/3009/3009 3442/3442/3442
f 3211/3211/3211 3465/3465/3465 3443/3443/3443
f 3329/3329/3329 3327/3327/3327 3467/3467/3467
f 3327/3327/3327 3360/3360/3360 3470/3470/3470
f 3360/3360/3360 3286/3286/3286 3470/3470/3470
f 3331/3331/3331 3472/3472/3472 3474/3474/3474
f 2972/2972/2972 3363/3363/3363 3394/3394/3394
f 3475/3475/3475 3396/3396/3396 3476/3476/3476
f 3397/3397/3397 3478/3478/3478 3480/3480/3480
f 3483/3483/3483 3261/3261/3261 3400/3400/3400
f 3335/3335/3335 3332/3332/3332 3405/3405/3405
f 3406/3406/3406 3484/3484/3484 3291/3291/3291
f 3229/3229/3229 3484/3484/3484 3406/3406/3406
f 3403/3403/3403 3485/3485/3485 3487/3487/3487
f 3229/3229/3229 3196/3196/3196 3484/3484/3484
f 3408/3408/3408 3489/3489/3489 3448/3448/3448
f 3410/3410/3410 3490/3490/3490 3368/3368/3368
f 3449/3449/3449 3490/3490/3490 3410/3410/3410
f 3337/3337/3337 3414/3414/3414 3449/3449/3449
f 3375/3375/3375 3223/3223/3223 3453/3453/3453
f 3452/3452/3452 3374/3374/3374 3492/3492/3492
f 3298/3298/3298 3414/3414/3414 3446/3446/3446
f 3413/3413/3413 3495/3495/3495 3450/3450/3450
f 3449/3449/3449 3414/3414/3414 3412/3412/3412
f 3198/3198/3198 3453/3453/3453 3418/3418/3418
f 3299/3299/3299 3234/3234/3234 3415/3415/3415
f 3301/3301/3301 3455/3455/3455 3237/3237/3237
f 3341/3341/3341 3456/3456/3456 3457/3457/3457
f 3421/3421/3421 3420/3420/3420 3496/3496/3496
f 3342/3342/3342 3497/3497/3497 3310/3310/3310
f 3423/3423/3423 3499/3499/3499 3342/3342/3342
f 3164/3164/3164 3316/3316/3316 3166/3166/3166
f 3165/3165/3165 3168/3168/3168 3317/3317/3317
f 3169/3169/3169 3458/3458/3458 3170/3170/3170
f 3345/3345/3345 3086/3086/3086 3501/3501/3501
f 3350/3350/3350 3173/3173/3173 3319/3319/3319
f 3178/3178/3178 3505/3505/3505 3322/3322/3322
f 3186/3186/3186 3507/3507/3507 3184/3184/3184
f 3386/3386/3386 3440/3440/3440 3508/3508/3508
f 3388/3388/3388 3509/3509/3509 3442/3442/3442
f 3387/3387/3387 3351/3351/3351 3441/3441/3441
f 3388/3388/3388 3442/3442/3442 3465/3465/3465
f 3356/3356/3356 3510/3510/3510 3390/3390/3390
f 3326/3326/3326 3511/3511/3511 3513/3513/3513
f 3327/3327/3327 3516/3516/3516 3512/3512/3512
f 3327/3327/3327 3470/3470/3470 3516/3516/3516
f 3516/3516/3516 3327/3327/3327 3470/3470/3470
f 3286/3286/3286 3518/3518/3518 3470/3470/3470
f 3286/3286/3286 3444/3444/3444 3518/3518/3518
f 3444/3444/3444 3285/3285/3285 3519/3519/3519
f 3285/3285/3285 3394/3394/3394 3519/3519/3519
f 3331/3331/3331 3362/3362/3362 3472/3472/3472
f 3121/3121/3121 3116/3116/3116 3520/3520/3520
f 3330/3330/3330 3520/3520/3520 3116/3116/3116
f 3330/3330/3330 3473/3473/3473 3520/3520/3520
f 3473/3473/3473 3471/3471/3471 3520/3520/3520
f 3395/3395/3395 3445/3445/3445 3477/3477/3477
f 3257/3257/3257 3395/3395/3395 3477/3477/3477
f 3256/3256/3256 3476/3476/3476 3396/3396/3396
f 3217/3217/3217 3290/3290/3290 3522/3522/3522
f 3366/3366/3366 3522/3522/3522 3290/3290/3290
f 3480/3480/3480 3478/3478/3478 3523/3523/3523
f 3483/3483/3483 3400/3400/3400 3527/3527/3527
f 3401/3401/3401 3260/3260/3260 3481/3481/3481
f 3332/3332/3332 3402/3402/3402 3531/3531/3531
f 3291/3291/3291 3484/3484/3484 3367/3367/3367
f 3405/3405/3405 3532/3532/3532 3533/3533/3533
f 3405/3405/3405 3488/3488/3488 3408/3408/3408
f 3405/3405/3405 3533/3533/3533 3486/3486/3486
f 3484/3484/3484 3196/3196/3196 3535/3535/3535
f 3489/3489/3489 3408/3408/3408 3488/3488/3488
f 3489/3489/3489 3488/3488/3488 3448/3448/3448
f 3449/3449/3449 3494/3494/3494 3490/3490/3490
f 3447/3447/3447 3536/3536/3536 3269/3269/3269
f 3269/3269/3269 3539/3539/3539 3373/3373/3373
f 3269/3269/3269 3536/3536/3536 3539/3539/3539
f 3541/3541/3541 3373/3373/3373 3539/3539/3539
f 3413/3413/3413 3416/3416/3416 3544/3544/3544
f 3339/3339/3339 3545/3545/3545 3234/3234/3234
f 3455/3455/3455 3456/3456/3456 3237/3237/3237
f 3273/3273/3273 3545/3545/3545 3339/3339/3339
f 3496/3496/3496 3546/3546/3546 3421/3421/3421
f 3273/3273/3273 3275/3275/3275 3548/3548/3548
f 3421/3421/3421 3549/3549/3549 3551/3551/3551
f 3310/3310/3310 3497/3497/3497 3311/3311/3311
f 3342/3342/3342 3499/3499/3499 3497/3497/3497
f 3500/3500/3500 3424/3424/3424 3304/3304/3304
f 3279/3279/3279 3460/3460/3460 3037/3037/3037
f 3350/3350/3350 3319/3319/3319 3553/3553/3553
f 3439/3439/3439 3555/3555/3555 3505/3505/3505
f 3439/3439/3439 3505/3505/3505 3178/3178/3178
f 3357/3357/3357 3467/3467/3467 3558/3558/3558
f 3255/3255/3255 3443/3443/3443 3559/3559/3559
f 3391/3391/3391 3560/3560/3560 3564/3564/3564
f 3467/3467/3467 3327/3327/3327 3516/3516/3516
f 3255/3255/3255 3559/3559/3559 3568/3568/3568
f 3255/3255/3255 3568/3568/3568 3281/3281/3281
f 3326/3326/3326 3513/3513/3513 3468/3468/3468
f 3469/3469/3469 3517/3517/3517 3514/3514/3514
f 3516/3516/3516 3518/3518/3518 3470/3470/3470
f 3281/3281/3281 3569/3569/3569 3362/3362/3362
f 3281/3281/3281 3568/3568/3568 3569/3569/3569
f 3394/3394/3394 3571/3571/3571 3519/3519/3519
f 3475/3475/3475 3476/3476/3476 3572/3572/3572
f 3217/3217/3217 3573/3573/3573 3218/3218/3218
f 3396/3396/3396 3475/3475/3475 3258/3258/3258
f 3259/3259/3259 3575/3575/3575 3365/3365/3365
f 3574/3574/3574 3576/3576/3576 3364/3364/3364
f 3366/3366/3366 3367/3367/3367 3577/3577/3577
f 3260/3260/3260 3482/3482/3482 3481/3481/3481
f 3332/3332/3332 3532/3532/3532 3405/3405/3405
f 3196/3196/3196 3411/3411/3411 3535/3535/3535
f 3371/3371/3371 3452/3452/3452 3411/3411/3411
f 3448/3448/3448 3488/3488/3488 3579/3579/3579
f 3373/3373/3373 3541/3541/3541 3491/3491/3491
f 3448/3448/3448 3579/3579/3579 3537/3537/3537
f 3224/3224/3224 3409/3409/3409 3454/3454/3454
f 3495/3495/3495 3413/3413/3413 3544/3544/3544
f 3419/3419/3419 3581/3581/3581 3455/3455/3455
f 3583/3583/3583 3234/3234/3234 3545/3545/3545
f 3233/3233/3233 3582/3582/3582 3547/3547/3547
f 3234/3234/3234 3548/3548/3548 3584/3584/3584
f 3456/3456/3456 3455/3455/3455 3581/3581/3581
f 3583/3583/3583 3545/3545/3545 3548/3548/3548
f 3456/3456/3456 3588/3588/3588 3457/3457/3457
f 3273/3273/3273 3548/3548/3548 3545/3545/3545
f 3420/3420/3420 3457/3457/3457 3496/3496/3496
f 3496/3496/3496 3549/3549/3549 3546/3546/3546
f 3546/3546/3546 3549/3549/3549 3421/3421/3421
f 3421/3421/3421 3551/3551/3551 3379/3379/3379
f 3589/3589/3589 3312/3312/3312 3498/3498/3498
f 3500/3500/3500 3549/3549/3549 3590/3590/3590
f 3549/3549/3549 3500/3500/3500 3551/3551/3551
f 3500/3500/3500 3379/3379/3379 3551/3551/3551
f 3304/3304/3304 3379/3379/3379 3500/3500/3500
f 3166/3166/3166 3316/3316/3316 3426/3426/3426
f 3036/3036/3036 3459/3459/3459 3428/3428/3428
f 3432/3432/3432 3430/3430/3430 3591/3591/3591
f 3430/3430/3430 3383/3383/3383 3591/3591/3591
f 3318/3318/3318 3434/3434/3434 3552/3552/3552
f 3320/3320/3320 3461/3461/3461 3593/3593/3593
f 3008/3008/3008 3184/3184/3184 3598/3598/3598
f 3356/3356/3356 3556/3556/3556 3510/3510/3510
f 3442/3442/3442 3009/3009/3009 3601/3601/3601
f 3186/3186/3186 3464/3464/3464 3507/3507/3507
f 3442/3442/3442 3602/3602/3602 3465/3465/3465
f 3465/3465/3465 3602/3602/3602 3443/3443/3443
f 3559/3559/3559 3443/3443/3443 3602/3602/3602
f 3510/3510/3510 3556/3556/3556 3515/3515/3515
f 3467/3467/3467 3516/3516/3516 3558/3558/3558
f 3390/3390/3390 3510/3510/3510 3515/3515/3515
f 3516/3516/3516 3604/3604/3604 3393/3393/3393
f 3516/3516/3516 3518/3518/3518 3604/3604/3604
f 3362/3362/3362 3569/3569/3569 3606/3606/3606
f 3444/3444/3444 3608/3608/3608 3518/3518/3518
f 3444/3444/3444 3519/3519/3519 3608/3608/3608
f 3362/3362/3362 3611/3611/3611 3472/3472/3472
f 3363/3363/3363 3571/3571/3571 3394/3394/3394
f 3122/3122/3122 3612/3612/3612 3445/3445/3445
f 3218/3218/3218 3573/3573/3573 3363/3363/3363
f 3217/3217/3217 3522/3522/3522 3573/3573/3573
f 3475/3475/3475 3613/3613/3613 3258/3258/3258
f 3574/3574/3574 3258/3258/3258 3613/3613/3613
f 3527/3527/3527 3400/3400/3400 3614/3614/3614
f 3482/3482/3482 3525/3525/3525 3481/3481/3481
f 3401/3401/3401 3481/3481/3481 3529/3529/3529
f 3486/3486/3486 3533/3533/3533 3488/3488/3488
f 3368/3368/3368 3454/3454/3454 3409/3409/3409
f 3368/3368/3368 3616/3616/3616 3454/3454/3454
f 3618/3618/3618 3619/3619/3619 3622/3622/3622
f 3620/3620/3620 3623/3623/3623 3617/3617/3617
f 3234/3234/3234 3584/3584/3584 3415/3415/3415
f 3419/3419/3419 3626/3626/3626 3581/3581/3581
f 3584/3584/3584 3548/3548/3548 3627/3627/3627
f 3456/3456/3456 3581/3581/3581 3632/3632/3632
f 3588/3588/3588 3456/3456/3456 3632/3632/3632
f 3457/3457/3457 3588/3588/3588 3549/3549/3549
f 3457/3457/3457 3549/3549/3549 3496/3496/3496
f 3275/3275/3275 3381/3381/3381 3548/3548/3548
f 3170/3170/3170 3633/3633/3633 3167/3167/3167
f 3170/3170/3170 3458/3458/3458 3633/3633/3633
f 3087/3087/3087 3635/3635/3635 3502/3502/3502
f 3384/3384/3384 3349/3349/3349 3637/3637/3637
f 3438/3438/3438 3639/3639/3639 3554/3554/3554
f 3438/3438/3438 3593/3593/3593 3639/3639/3639
f 3320/3320/3320 3593/3593/3593 3438/3438/3438
f 3466/3466/3466 3641/3641/3641 3557/3557/3557
f 3467/3467/3467 3558/3558/3558 3642/3642/3642
f 3602/3602/3602 3442/3442/3442 3601/3601/3601
f 3391/3391/3391 3564/3564/3564 3461/3461/3461
f 3561/3561/3561 3392/3392/3392 3603/3603/3603
f 3469/3469/3469 3517/3517/3517 3514/3514/3514
f 3518/3518/3518 3645/3645/3645 3604/3604/3604
f 3518/3518/3518 3647/3647/3647 3645/3645/3645
f 3518/3518/3518 3608/3608/3608 3647/3647/3647
f 3519/3519/3519 3648/3648/3648 3608/3608/3608
f 3519/3519/3519 3650/3650/3650 3648/3648/3648
f 3362/3362/3362 3606/3606/3606 3611/3611/3611
f 3571/3571/3571 3650/3650/3650 3519/3519/3519
f 3570/3570/3570 3652/3652/3652 3649/3649/3649
f 3609/3609/3609 3653/3653/3653 3520/3520/3520
f 3445/3445/3445 3612/3612/3612 3656/3656/3656
f 3445/3445/3445 3656/3656/3656 3477/3477/3477
f 3150/3150/3150 3365/3365/3365 3658/3658/3658
f 3150/3150/3150 3658/3658/3658 3400/3400/3400
f 3399/3399/3399 3660/3660/3660 3479/3479/3479
f 3397/3397/3397 3480/3480/3480 3661/3661/3661
f 3332/3332/3332 3531/3531/3531 3532/3532/3532
f 3484/3484/3484 3663/3663/3663 3367/3367/3367
f 3533/3533/3533 3532/3532/3532 3665/3665/3665
f 3533/3533/3533 3665/3665/3665 3488/3488/3488
f 3536/3536/3536 3578/3578/3578 3666/3666/3666
f 3368/3368/3368 3490/3490/3490 3616/3616/3616
f 3416/3416/3416 3667/3667/3667 3544/3544/3544
f 3616/3616/3616 3626/3626/3626 3454/3454/3454
f 3626/3626/3626 3616/3616/3616 3669/3669/3669
f 3419/3419/3419 3454/3454/3454 3626/3626/3626
f 3417/3417/3417 3585/3585/3585 3670/3670/3670
f 3630/3630/3630 3580/3580/3580 3586/3586/3586
f 3581/3581/3581 3672/3672/3672 3588/3588/3588
f 3588/3588/3588 3632/3632/3632 3672/3672/3672
f 3588/3588/3588 3672/3672/3672 3549/3549/3549
f 3381/3381/3381 3674/3674/3674 3627/3627/3627
f 3548/3548/3548 3381/3381/3381 3627/3627/3627
f 3676/3676/3676 3589/3589/3589 3498/3498/3498
f 3674/3674/3674 3381/3381/3381 3589/3589/3589
f 3312/3312/3312 3589/3589/3589 3381/3381/3381
f 3498/3498/3498 3500/3500/3500 3590/3590/3590
f 3087/3087/3087 3317/3317/3317 3635/3635/3635
f 3458/3458/3458 3428/3428/3428 3633/3633/3633
f 3346/3346/3346 3503/3503/3503 3679/3679/3679
f 3346/3346/3346 3679/3679/3679 3460/3460/3460
f 3505/3505/3505 3555/3555/3555 3640/3640/3640
f 3505/3505/3505 3640/3640/3640 3595/3595/3595
f 3322/3322/3322 3505/3505/3505 3681/3681/3681
f 3463/3463/3463 3322/3322/3322 3685/3685/3685
f 3562/3562/3562 3687/3687/3687 3565/3565/3565
f 3563/3563/3563 3604/3604/3604 3688/3688/3688
f 3568/3568/3568 3689/3689/3689 3569/3569/3569
f 3604/3604/3604 3645/3645/3645 3692/3692/3692
f 3610/3610/3610 3605/3605/3605 3693/3693/3693
f 3611/3611/3611 3694/3694/3694 3654/3654/3654
f 3520/3520/3520 3471/3471/3471 3609/3609/3609
f 3363/3363/3363 3573/3573/3573 3696/3696/3696
f 3573/3573/3573 3522/3522/3522 3698/3698/3698
f 3364/3364/3364 3576/3576/3576 3657/3657/3657
f 3400/3400/3400 3658/3658/3658 3700/3700/3700
f 3400/3400/3400 3700/3700/3700 3614/3614/3614
f 3659/3659/3659 3398/3398/3398 3662/3662/3662
f 3528/3528/3528 3480/3480/3480 3523/3523/3523
f 3411/3411/3411 3452/3452/3452 3535/3535/3535
f 3488/3488/3488 3665/3665/3665 3701/3701/3701
f 3488/3488/3488 3701/3701/3701 3579/3579/3579
f 3491/3491/3491 3541/3541/3541 3451/3451/3451
f 3539/3539/3539 3702/3702/3702 3541/3541/3541
f 3490/3490/3490 3494/3494/3494 3616/3616/3616
f 3703/3703/3703 3616/3616/3616 3623/3623/3623
f 3619/3619/3619 3618/3618/3618 3704/3704/3704
f 3417/3417/3417 3670/3670/3670 3668/3668/3668
f 3581/3581/3581 3705/3705/3705 3632/3632/3632
f 3581/3581/3581 3632/3632/3632 3672/3672/3672
f 3628/3628/3628 3670/3670/3670 3585/3585/3585
f 3587/3587/3587 3671/3671/3671 3631/3631/3631
f 3706/3706/3706 3550/3550/3550 3673/3673/3673
f 3550/3550/3550 3706/3706/3706 3677/3677/3677
f 3589/3589/3589 3676/3676/3676 3674/3674/3674
f 3676/3676/3676 3498/3498/3498 3549/3549/3549
f 3590/3590/3590 3549/3549/3549 3498/3498/3498
f 3168/3168/3168 3634/3634/3634 3707/3707/3707
f 3502/3502/3502 3635/3635/3635 3678/3678/3678
f 3553/3553/3553 3435/3435/3435 3592/3592/3592
f 3553/3553/3553 3592/3592/3592 3638/3638/3638
f 3385/3385/3385 3638/3638/3638 3592/3592/3592
f 3350/3350/3350 3553/3553/3553 3638/3638/3638
f 3504/3504/3504 3594/3594/3594 3708/3708/3708
f 3505/3505/3505 3709/3709/3709 3681/3681/3681
f 3322/3322/3322 3681/3681/3681 3685/3685/3685
f 3464/3464/3464 3686/3686/3686 3507/3507/3507
f 3687/3687/3687 3711/3711/3711 3565/3565/3565
f 3559/3559/3559 3689/3689/3689 3568/3568/3568
f 3691/3691/3691 3644/3644/3644 3715/3715/3715
f 3643/3643/3643 3646/3646/3646 3607/3607/3607
f 3570/3570/3570 3720/3720/3720 3652/3652/3652
f 3122/3122/3122 3521/3521/3521 3724/3724/3724
f 3612/3612/3612 3122/3122/3122 3656/3656/3656
f 3122/3122/3122 3724/3724/3724 3656/3656/3656
f 3476/3476/3476 3655/3655/3655 3572/3572/3572
f 3572/3572/3572 3613/3613/3613 3475/3475/3475
f 3522/3522/3522 3366/3366/3366 3725/3725/3725
f 3479/3479/3479 3660/3660/3660 3524/3524/3524
f 3481/3481/3481 3525/3525/3525 3662/3662/3662
f 3484/3484/3484 3535/3535/3535 3663/3663/3663
f 3452/3452/3452 3542/3542/3542 3727/3727/3727
f 3536/3536/3536 3666/3666/3666 3729/3729/3729
f 3536/3536/3536 3730/3730/3730 3539/3539/3539
f 3732/3732/3732 3734/3734/3734 3493/3493/3493
f 3536/3536/3536 3729/3729/3729 3730/3730/3730
f 3493/3493/3493 3734/3734/3734 3615/3615/3615
f 3616/3616/3616 3735/3735/3735 3623/3623/3623
f 3703/3703/3703 3669/3669/3669 3616/3616/3616
f 3620/3620/3620 3736/3736/3736 3623/3623/3623
f 3622/3622/3622 3619/3619/3619 3739/3739/3739
f 3632/3632/3632 3705/3705/3705 3703/3703/3703
f 3581/3581/3581 3626/3626/3626 3705/3705/3705
f 3672/3672/3672 3632/3632/3632 3740/3740/3740
f 3673/3673/3673 3744/3744/3744 3706/3706/3706
f 3168/3168/3168 3707/3707/3707 3317/3317/3317
f 3707/3707/3707 3635/3635/3635 3317/3317/3317
f 3428/3428/3428 3745/3745/3745 3633/3633/3633
f 3459/3459/3459 3745/3745/3745 3428/3428/3428
f 3460/3460/3460 3679/3679/3679 3746/3746/3746
f 3596/3596/3596 3462/3462/3462 3747/3747/3747
f 3712/3712/3712 3748/3748/3748 3750/3750/3750
f 3684/3684/3684 3680/3680/3680 3506/3506/3506
f 3507/3507/3507 3683/3683/3683 3753/3753/3753
f 3712/3712/3712 3750/3750/3750 3754/3754/3754
f 3749/3749/3749 3713/3713/3713 3755/3755/3755
f 3566/3566/3566 3712/3712/3712 3754/3754/3754
f 3602/3602/3602 3689/3689/3689 3559/3559/3559
f 3715/3715/3715 3757/3757/3757 3691/3691/3691
f 3604/3604/3604 3692/3692/3692 3760/3760/3760
f 3604/3604/3604 3760/3760/3760 3688/3688/3688
f 3714/3714/3714 3690/3690/3690 3761/3761/3761
f 3569/3569/3569 3763/3763/3763 3606/3606/3606
f 3715/3715/3715 3757/3757/3757 3691/3691/3691
f 3645/3645/3645 3758/3758/3758 3716/3716/3716
f 3645/3645/3645 3768/3768/3768 3758/3758/3758
f 3608/3608/3608 3768/3768/3768 3645/3645/3645
f 3608/3608/3608 3648/3648/3648 3768/3768/3768
f 3650/3650/3650 3768/3768/3768 3648/3648/3648
f 3363/3363/3363 3696/3696/3696 3571/3571/3571
f 3654/3654/3654 3724/3724/3724 3521/3521/3521
f 3698/3698/3698 3696/3696/3696 3573/3573/3573
f 3572/3572/3572 3770/3770/3770 3771/3771/3771
f 3572/3572/3572 3771/3771/3771 3613/3613/3613
f 3613/3613/3613 3772/3772/3772 3574/3574/3574
f 3366/3366/3366 3577/3577/3577 3725/3725/3725
f 3662/3662/3662 3525/3525/3525 3659/3659/3659
f 3530/3530/3530 3524/3524/3524 3774/3774/3774
f 3532/3532/3532 3531/3531/3531 3775/3775/3775
f 3701/3701/3701 3665/3665/3665 3776/3776/3776
f 3701/3701/3701 3778/3778/3778 3579/3579/3579
f 3578/3578/3578 3777/3777/3777 3666/3666/3666
f 3541/3541/3541 3702/3702/3702 3779/3779/3779
f 3542/3542/3542 3780/3780/3780 3727/3727/3727
f 3702/3702/3702 3539/3539/3539 3782/3782/3782
f 3540/3540/3540 3789/3789/3789 3783/3783/3783
f 3734/3734/3734 3732/3732/3732 3790/3790/3790
f 3544/3544/3544 3794/3794/3794 3495/3495/3495
f 3790/3790/3790 3795/3795/3795 3734/3734/3734
f 3540/3540/3540 3731/3731/3731 3789/3789/3789
f 3623/3623/3623 3735/3735/3735 3793/3793/3793
f 3623/3623/3623 3736/3736/3736 3797/3797/3797
f 3621/3621/3621 3799/3799/3799 3737/3737/3737
f 3623/3623/3623 3797/3797/3797 3703/3703/3703
f 3705/3705/3705 3626/3626/3626 3703/3703/3703
f 3632/3632/3632 3703/3703/3703 3797/3797/3797
f 3632/3632/3632 3797/3797/3797 3800/3800/3800
f 3629/3629/3629 3675/3675/3675 3803/3803/3803
f 3596/3596/3596 3805/3805/3805 3710/3710/3710
f 3709/3709/3709 3804/3804/3804 3681/3681/3681
f 3184/3184/3184 3507/3507/3507 3598/3598/3598
f 3753/3753/3753 3806/3806/3806 3507/3507/3507
f 3749/3749/3749 3755/3755/3755 3751/3751/3751
f 3688/3688/3688 3768/3768/3768 3713/3713/3713
f 3566/3566/3566 3754/3754/3754 3808/3808/3808
f 3715/3715/3715 3762/3762/3762 3757/3757/3757
f 3761/3761/3761 3690/3690/3690 3756/3756/3756
f 3688/3688/3688 3760/3760/3760 3768/3768/3768
f 3691/3691/3691 3757/3757/3757 3759/3759/3759
f 3606/3606/3606 3763/3763/3763 3810/3810/3810
f 3654/3654/3654 3694/3694/3694 3813/3813/3813
f 3717/3717/3717 3814/3814/3814 3651/3651/3651
f 3720/3720/3720 3819/3819/3819 3815/3815/3815
f 3570/3570/3570 3695/3695/3695 3720/3720/3720
f 3655/3655/3655 3723/3723/3723 3572/3572/3572
f 3696/3696/3696 3698/3698/3698 3821/3821/3821
f 3770/3770/3770 3823/3823/3823 3824/3824/3824
f 3522/3522/3522 3826/3826/3826 3698/3698/3698
f 3522/3522/3522 3725/3725/3725 3826/3826/3826
f 3771/3771/3771 3772/3772/3772 3613/3613/3613
f 3772/3772/3772 3827/3827/3827 3574/3574/3574
f 3574/3574/3574 3827/3827/3827 3576/3576/3576
f 3576/3576/3576 3827/3827/3827 3699/3699/3699
f 3576/3576/3576 3699/3699/3699 3657/3657/3657
f 3524/3524/3524 3660/3660/3660 3774/3774/3774
f 3829/3829/3829 3774/3774/3774 3526/3526/3526
f 3665/3665/3665 3532/3532/3532 3832/3832/3832
f 3665/3665/3665 3834/3834/3834 3776/3776/3776
f 3732/3732/3732 3835/3835/3835 3790/3790/3790
f 3732/3732/3732 3838/3838/3838 3835/3835/3835
f 3701/3701/3701 3776/3776/3776 3778/3778/3778
f 3733/3733/3733 3836/3836/3836 3839/3839/3839
f 3493/3493/3493 3792/3792/3792 3732/3732/3732
f 3702/3702/3702 3782/3782/3782 3779/3779/3779
f 3786/3786/3786 3841/3841/3841 3538/3538/3538
f 3539/3539/3539 3842/3842/3842 3788/3788/3788
f 3796/3796/3796 3791/3791/3791 3844/3844/3844
f 3793/3793/3793 3844/3844/3844 3840/3840/3840
f 3735/3735/3735 3796/3796/3796 3844/3844/3844
f 3793/3793/3793 3735/3735/3735 3844/3844/3844
f 3730/3730/3730 3729/3729/3729 3846/3846/3846
f 3543/3543/3543 3623/3623/3623 3793/3793/3793
f 3618/3618/3618 3625/3625/3625 3704/3704/3704
f 3703/3703/3703 3626/3626/3626 3669/3669/3669
f 3799/3799/3799 3798/3798/3798 3737/3737/3737
f 3706/3706/3706 3744/3744/3744 3849/3849/3849
f 3675/3675/3675 3851/3851/3851 3803/3803/3803
f 3675/3675/3675 3677/3677/3677 3851/3851/3851
f 3805/3805/3805 3596/3596/3596 3682/3682/3682
f 3596/3596/3596 3747/3747/3747 3682/3682/3682
f 3507/3507/3507 3852/3852/3852 3598/3598/3598
f 3462/3462/3462 3567/3567/3567 3747/3747/3747
f 3768/3768/3768 3855/3855/3855 3713/3713/3713
f 3569/3569/3569 3689/3689/3689 3763/3763/3763
f 3759/3759/3759 3757/3757/3757 3764/3764/3764
f 3566/3566/3566 3808/3808/3808 3856/3856/3856
f 3856/3856/3856 3857/3857/3857 3566/3566/3566
f 3767/3767/3767 3860/3860/3860 3863/3863/3863
f 3858/3858/3858 3819/3819/3819 3567/3567/3567
f 3693/3693/3693 3605/3605/3605 3812/3812/3812
f 3605/3605/3605 3864/3864/3864 3812/3812/3812
f 3649/3649/3649 3652/3652/3652 3860/3860/3860
f 3724/3724/3724 3654/3654/3654 3867/3867/3867
f 3868/3868/3868 3721/3721/3721 3696/3696/3696
f 3870/3870/3870 3724/3724/3724 3872/3872/3872
f 3722/3722/3722 3869/3869/3869 3873/3873/3873
f 3572/3572/3572 3723/3723/3723 3770/3770/3770
f 3696/3696/3696 3821/3821/3821 3868/3868/3868
f 3824/3824/3824 3823/3823/3823 3697/3697/3697
f 3769/3769/3769 3877/3877/3877 3822/3822/3822
f 3697/3697/3697 3881/3881/3881 3820/3820/3820
f 3825/3825/3825 3824/3824/3824 3697/3697/3697
f 3824/3824/3824 3771/3771/3771 3770/3770/3770
f 3526/3526/3526 3774/3774/3774 3660/3660/3660
f 3527/3527/3527 3614/3614/3614 3830/3830/3830
f 3829/3829/3829 3831/3831/3831 3774/3774/3774
f 3532/3532/3532 3775/3775/3775 3832/3832/3832
f 3832/3832/3832 3884/3884/3884 3665/3665/3665
f 3884/3884/3884 3886/3886/3886 3665/3665/3665
f 3534/3534/3534 3887/3887/3887 3889/3889/3889
f 3452/3452/3452 3888/3888/3888 3535/3535/3535
f 3834/3834/3834 3892/3892/3892 3776/3776/3776
f 3452/3452/3452 3727/3727/3727 3888/3888/3888
f 3837/3837/3837 3840/3840/3840 3791/3791/3791
f 3732/3732/3732 3838/3838/3838 3835/3835/3835
f 3727/3727/3727 3780/3780/3780 3895/3895/3895
f 3792/3792/3792 3838/3838/3838 3732/3732/3732
f 3666/3666/3666 3777/3777/3777 3896/3896/3896
f 3666/3666/3666 3899/3899/3899 3729/3729/3729
f 3840/3840/3840 3844/3844/3844 3791/3791/3791
f 3789/3789/3789 3847/3847/3847 3843/3843/3843
f 3789/3789/3789 3731/3731/3731 3847/3847/3847
f 3667/3667/3667 3900/3900/3900 3544/3544/3544
f 3668/3668/3668 3670/3670/3670 3901/3901/3901
f 3739/3739/3739 3619/3619/3619 3902/3902/3902
f 3738/3738/3738 3903/3903/3903 3621/3621/3621
f 3632/3632/3632 3800/3800/3800 3740/3740/3740
f 3635/3635/3635 3707/3707/3707 3905/3905/3905
f 3008/3008/3008 3908/3908/3908 3600/3600/3600
f 3601/3601/3601 3910/3910/3910 3602/3602/3602
f 3682/3682/3682 3747/3747/3747 3911/3911/3911
f 3765/3765/3765 3861/3861/3861 3913/3913/3913
f 3606/3606/3606 3810/3810/3810 3865/3865/3865
f 3862/3862/3862 3859/3859/3859 3766/3766/3766
f 3819/3819/3819 3917/3917/3917 3567/3567/3567
f 3649/3649/3649 3860/3860/3860 3767/3767/3767
f 3652/3652/3652 3914/3914/3914 3860/3860/3860
f 3652/3652/3652 3815/3815/3815 3914/3914/3914
f 3819/3819/3819 3858/3858/3858 3920/3920/3920
f 3819/3819/3819 3920/3920/3920 3815/3815/3815
f 3920/3920/3920 3914/3914/3914 3815/3815/3815
f 3654/3654/3654 3813/3813/3813 3867/3867/3867
f 3872/3872/3872 3724/3724/3724 3867/3867/3867
f 3869/3869/3869 3871/3871/3871 3873/3873/3873
f 3873/3873/3873 3871/3871/3871 3866/3866/3866
f 3722/3722/3722 3873/3873/3873 3877/3877/3877
f 3722/3722/3722 3877/3877/3877 3769/3769/3769
f 3697/3697/3697 3823/3823/3823 3881/3881/3881
f 3824/3824/3824 3921/3921/3921 3771/3771/3771
f 3367/3367/3367 3663/3663/3663 3577/3577/3577
f 3829/3829/3829 3923/3923/3923 3831/3831/3831
f 3535/3535/3535 3890/3890/3890 3663/3663/3663
f 3885/3885/3885 3883/3883/3883 3664/3664/3664
f 3665/3665/3665 3884/3884/3884 3834/3834/3834
f 3726/3726/3726 3893/3893/3893 3781/3781/3781
f 3778/3778/3778 3776/3776/3776 3928/3928/3928
f 3779/3779/3779 3782/3782/3782 3894/3894/3894
f 3789/3789/3789 3929/3929/3929 3783/3783/3783
f 3777/3777/3777 3933/3933/3933 3896/3896/3896
f 3788/3788/3788 3729/3729/3729 3842/3842/3842
f 3842/3842/3842 3846/3846/3846 3788/3788/3788
f 3845/3845/3845 3728/3728/3728 3787/3787/3787
f 3798/3798/3798 3799/3799/3799 3936/3936/3936
f 3803/3803/3803 3851/3851/3851 3937/3937/3937
f 3598/3598/3598 3908/3908/3908 3008/3008/3008
f 3682/3682/3682 3938/3938/3938 3752/3752/3752
f 3602/3602/3602 3939/3939/3939 3689/3689/3689
f 3750/3750/3750 3941/3941/3941 3754/3754/3754
f 3755/3755/3755 3713/3713/3713 3943/3943/3943
f 3682/3682/3682 3911/3911/3911 3938/3938/3938
f 3713/3713/3713 3855/3855/3855 3943/3943/3943
f 3747/3747/3747 3917/3917/3917 3911/3911/3911
f 3911/3911/3911 3917/3917/3917 3938/3938/3938
f 3747/3747/3747 3567/3567/3567 3917/3917/3917
f 3768/3768/3768 3915/3915/3915 3855/3855/3855
f 3856/3856/3856 3808/3808/3808 3912/3912/3912
f 3860/3860/3860 3863/3863/3863 3767/3767/3767
f 3860/3860/3860 3914/3914/3914 3863/3863/3863
f 3856/3856/3856 3912/3912/3912 3857/3857/3857
f 3918/3918/3918 3944/3944/3944 3816/3816/3816
f 3917/3917/3917 3819/3819/3819 3720/3720/3720
f 3721/3721/3721 3868/3868/3868 3950/3950/3950
f 3881/3881/3881 3823/3823/3823 3952/3952/3952
f 3868/3868/3868 3821/3821/3821 3950/3950/3950
f 3875/3875/3875 3823/3823/3823 3878/3878/3878
f 3824/3824/3824 3825/3825/3825 3921/3921/3921
f 3842/3842/3842 3953/3953/3953 3955/3955/3955
f 3842/3842/3842 3729/3729/3729 3953/3953/3953
f 3896/3896/3896 3899/3899/3899 3666/3666/3666
f 3842/3842/3842 3959/3959/3959 3788/3788/3788
f 3544/3544/3544 3962/3962/3962 3624/3624/3624
f 3625/3625/3625 3965/3965/3965 3704/3704/3704
f 3619/3619/3619 3704/3704/3704 3966/3966/3966
f 3704/3704/3704 3965/3965/3965 3966/3966/3966
f 3619/3619/3619 3966/3966/3966 3902/3902/3902
f 3798/3798/3798 3936/3936/3936 3802/3802/3802
f 3621/3621/3621 3903/3903/3903 3936/3936/3936
f 3803/3803/3803 3968/3968/3968 3629/3629/3629
f 3851/3851/3851 3677/3677/3677 3937/3937/3937
f 3905/3905/3905 3707/3707/3707 3970/3970/3970
f 3906/3906/3906 3971/3971/3971 3636/3636/3636
f 3634/3634/3634 3970/3970/3970 3707/3707/3707
f 3633/3633/3633 3745/3745/3745 3969/3969/3969
f 3678/3678/3678 3635/3635/3635 3970/3970/3970
f 3746/3746/3746 3679/3679/3679 3972/3972/3972
f 3973/3973/3973 3977/3977/3977 3979/3979/3979
f 3973/3973/3973 3982/3982/3982 3977/3977/3977
f 3981/3981/3981 3983/3983/3983 3975/3975/3975
f 3976/3976/3976 3984/3984/3984 3989/3989/3989
f 3598/3598/3598 3852/3852/3852 3990/3990/3990
f 3755/3755/3755 3943/3943/3943 3751/3751/3751
f 3751/3751/3751 3943/3943/3943 3942/3942/3942
f 3941/3941/3941 3808/3808/3808 3754/3754/3754
f 3858/3858/3858 3914/3914/3914 3920/3920/3920
f 3920/3920/3920 3948/3948/3948 3914/3914/3914
f 3812/3812/3812 3864/3864/3864 3995/3995/3995
f 3945/3945/3945 3718/3718/3718 3817/3817/3817
f 3919/3919/3919 3818/3818/3818 3946/3946/3946
f 3819/3819/3819 3720/3720/3720 3948/3948/3948
f 3916/3916/3916 3719/3719/3719 3947/3947/3947
f 3721/3721/3721 3950/3950/3950 3997/3997/3997
f 3952/3952/3952 3823/3823/3823 3875/3875/3875
f 3884/3884/3884 3832/3832/3832 3924/3924/3924
f 3884/3884/3884 3924/3924/3924 3834/3834/3834
f 3890/3890/3890 3888/3888/3888 3999/3999/3999
f 3727/3727/3727 4003/4003/4003 3888/3888/3888
f 3785/3785/3785 4003/4003/4003 3727/3727/3727
f 3785/3785/3785 4005/4005/4005 4003/4003/4003
f 3776/3776/3776 3892/3892/3892 3928/3928/3928
f 3783/3783/3783 3929/3929/3929 4007/4007/4007
f 3957/3957/3957 3929/3929/3929 3960/3960/3960
f 3842/3842/3842 3955/3955/3955 3959/3959/3959
f 3929/3929/3929 3789/3789/3789 3960/3960/3960
f 3778/3778/3778 3928/3928/3928 3934/3934/3934
f 3896/3896/3896 3933/3933/3933 3899/3899/3899
f 3544/3544/3544 4010/4010/4010 3962/3962/3962
f 3900/3900/3900 4010/4010/4010 3544/3544/3544
f 3624/3624/3624 3962/3962/3962 3964/3964/3964
f 3902/3902/3902 3966/3966/3966 3965/3965/3965
f 3739/3739/3739 3902/3902/3902 3904/3904/3904
f 3621/3621/3621 3936/3936/3936 3799/3799/3799
f 3706/3706/3706 3849/3849/3849 3677/3677/3677
f 3979/3979/3979 4012/4012/4012 3973/3973/3973
f 3973/3973/3973 3987/3987/3987 3982/3982/3982
f 3938/3938/3938 4013/4013/4013 3752/3752/3752
f 3852/3852/3852 3507/3507/3507 3806/3806/3806
f 3942/3942/3942 3943/3943/3943 3855/3855/3855
f 3763/3763/3763 3689/3689/3689 3939/3939/3939
f 3917/3917/3917 4016/4016/4016 3938/3938/3938
f 3763/3763/3763 4017/4017/4017 3810/3810/3810
f 3808/3808/3808 3854/3854/3854 3912/3912/3912
f 3865/3865/3865 3810/3810/3810 4020/4020/4020
f 3952/3952/3952 4022/4022/4022 4024/4024/4024
f 3952/3952/3952 3875/3875/3875 4022/4022/4022
f 3874/3874/3874 4025/4025/4025 4021/4021/4021
f 3950/3950/3950 3821/3821/3821 4028/4028/4028
f 3821/3821/3821 4031/4031/4031 4028/4028/4028
f 3821/3821/3821 3882/3882/3882 4031/4031/4031
f 3879/3879/3879 3951/3951/3951 4032/4032/4032
f 3880/3880/3880 4033/4033/4033 4029/4029/4029
f 3771/3771/3771 3921/3921/3921 3772/3772/3772
f 3773/3773/3773 3922/3922/3922 3828/3828/3828
f 3614/3614/3614 3700/3700/3700 4036/4036/4036
f 3663/3663/3663 4038/4038/4038 3577/3577/3577
f 3830/3830/3830 4040/4040/4040 3924/3924/3924
f 3784/3784/3784 4008/4008/4008 4004/4004/4004
f 3897/3897/3897 3931/3931/3931 3925/3925/3925
f 3932/3932/3932 3926/3926/3926 3898/3898/3898
f 3729/3729/3729 3899/3899/3899 4041/4041/4041
f 3902/3902/3902 3965/3965/3965 4044/4044/4044
f 3670/3670/3670 3628/3628/3628 4045/4045/4045
f 3848/3848/3848 3742/3742/3742 4046/4046/4046
f 3973/3973/3973 4012/4012/4012 4048/4048/4048
f 3973/3973/3973 4048/4048/4048 4049/4049/4049
f 3988/3988/3988 3974/3974/3974 4050/4050/4050
f 4012/4012/4012 3979/3979/3979 4048/4048/4048
f 3597/3597/3597 3989/3989/3989 3984/3984/3984
f 3597/3597/3597 3984/3984/3984 3907/3907/3907
f 3853/3853/3853 3807/3807/3807 4052/4052/4052
f 3753/3753/3753 4051/4051/4051 3806/3806/3806
f 3941/3941/3941 3854/3854/3854 3808/3808/3808
f 3939/3939/3939 4017/4017/4017 3763/3763/3763
f 3809/3809/3809 4054/4054/4054 4019/4019/4019
f 4057/4057/4057 4016/4016/4016 3917/3917/3917
f 3947/3947/3947 4058/4058/4058 3916/3916/3916
f 4056/4056/4056 3916/3916/3916 4058/4058/4058
f 3813/3813/3813 3996/3996/3996 3867/3867/3867
f 3721/3721/3721 3997/3997/3997 4059/4059/4059
f 3867/3867/3867 3996/3996/3996 4061/4061/4061
f 3997/3997/3997 3950/3950/3950 4062/4062/4062
f 3867/3867/3867 4061/4061/4061 4064/4064/4064
f 3876/3876/3876 3867/3867/3867 4064/4064/4064
f 3874/3874/3874 4065/4065/4065 4025/4025/4025
f 4065/4065/4065 3874/3874/3874 4068/4068/4068
f 3825/3825/3825 4070/4070/4070 3921/3921/3921
f 3699/3699/3699 3827/3827/3827 4035/4035/4035
f 3663/3663/3663 3999/3999/3999 4074/4074/4074
f 3663/3663/3663 3890/3890/3890 3999/3999/3999
f 3888/3888/3888 4003/4003/4003 4078/4078/4078
f 3729/3729/3729 4041/4041/4041 3953/3953/3953
f 3963/3963/3963 3961/3961/3961 4009/4009/4009
f 3965/3965/3965 4011/4011/4011 4044/4044/4044
f 4010/4010/4010 3900/3900/3900 4079/4079/4079
f 3904/3904/3904 3902/3902/3902 4081/4081/4081
f 3904/3904/3904 4081/4081/4081 4083/4083/4083
f 3936/3936/3936 3903/3903/3903 4082/4082/4082
f 3801/3801/3801 3935/3935/3935 3741/3741/3741
f 3742/3742/3742 3936/3936/3936 4084/4084/4084
f 3628/3628/3628 3967/3967/3967 4045/4045/4045
f 4047/4047/4047 3743/3743/3743 4085/4085/4085
f 4048/4048/4048 4086/4086/4086 4088/4088/4088
f 4048/4048/4048 3979/3979/3979 4086/4086/4086
f 3986/3986/3986 4089/4089/4089 3908/3908/3908
f 3976/3976/3976 3989/3989/3989 4090/4090/4090
f 4092/4092/4092 3976/3976/3976 4090/4090/4090
f 3989/3989/3989 3597/3597/3597 4090/4090/4090
f 3908/3908/3908 4095/4095/4095 3600/3600/3600
f 3600/3600/3600 4095/4095/4095 3909/3909/3909
f 3602/3602/3602 3910/3910/3910 3939/3939/3939
f 3752/3752/3752 4013/4013/4013 4096/4096/4096
f 3938/3938/3938 4016/4016/4016 4013/4013/4013
f 3940/3940/3940 3811/3811/3811 4018/4018/4018
f 4054/4054/4054 4099/4099/4099 4019/4019/4019
f 4019/4019/4019 4099/4099/4099 4101/4101/4101
f 3864/3864/3864 4019/4019/4019 4101/4101/4101
f 4057/4057/4057 4104/4104/4104 4016/4016/4016
f 4057/4057/4057 4024/4024/4024 4104/4104/4104
f 4024/4024/4024 4022/4022/4022 4104/4104/4104
f 3949/3949/3949 3721/3721/3721 4059/4059/4059
f 4021/4021/4021 4105/4105/4105 4102/4102/4102
f 3950/3950/3950 4028/4028/4028 4062/4062/4062
f 3876/3876/3876 4064/4064/4064 4108/4108/4108
f 3876/3876/3876 4108/4108/4108 4069/4069/4069
f 4067/4067/4067 4069/4069/4069 4108/4108/4108
f 3826/3826/3826 3725/3725/3725 4071/4071/4071
f 3577/3577/3577 4109/4109/4109 3725/3725/3725
f 3577/3577/3577 4038/4038/4038 4109/4109/4109
f 3834/3834/3834 3924/3924/3924 4040/4040/4040
f 3834/3834/3834 4111/4111/4111 4113/4113/4113
f 3888/3888/3888 4078/4078/4078 3999/3999/3999
f 4114/4114/4114 4041/4041/4041 3899/3899/3899
f 4011/4011/4011 4119/4119/4119 4044/4044/4044
f 4088/4088/4088 4049/4049/4049 4048/4048/4048
f 4050/4050/4050 4121/4121/4121 3988/3988/3988
f 4093/4093/4093 4122/4122/4122 3978/3978/3978
f 3753/3753/3753 4097/4097/4097 4051/4051/4051
f 3940/3940/3940 4126/4126/4126 3811/3811/3811
f 3811/3811/3811 4100/4100/4100 4055/4055/4055
f 4023/4023/4023 4056/4056/4056 4058/4058/4058
f 4127/4127/4127 3952/3952/3952 4128/4128/4128
f 4129/4129/4129 4130/4130/4130 4127/4127/4127
f 3952/3952/3952 4127/4127/4127 4034/4034/4034
f 4026/4026/4026 4063/4063/4063 4132/4132/4132
f 4026/4026/4026 4066/4066/4066 4063/4063/4063
f 3725/3725/3725 4109/4109/4109 4133/4133/4133
f 3830/3830/3830 3614/3614/3614 4040/4040/4040
f 3833/3833/3833 4039/4039/4039 4110/4110/4110
f 4111/4111/4111 4040/4040/4040 4113/4113/4113
f 4008/4008/4008 4136/4136/4136 4004/4004/4004
f 4008/4008/4008 4140/4140/4140 4136/4136/4136
f 3958/3958/3958 4143/4143/4143 3930/3930/3930
f 3958/3958/3958 4116/4116/4116 4143/4143/4143
f 3899/3899/3899 3927/3927/3927 4114/4114/4114
f 3956/3956/3956 4042/4042/4042 4115/4115/4115
f 3956/3956/3956 3954/3954/3954 4042/4042/4042
f 4010/4010/4010 4145/4145/4145 4148/4148/4148
f 4079/4079/4079 4145/4145/4145 4010/4010/4010
f 4118/4118/4118 4010/4010/4010 4148/4148/4148
f 4119/4119/4119 4149/4149/4149 4044/4044/4044
f 4084/4084/4084 3936/3936/3936 4046/4046/4046
f 3803/3803/3803 3937/3937/3937 4151/4151/4151
f 4153/4153/4153 4155/4155/4155 4156/4156/4156
f 4155/4155/4155 4158/4158/4158 4160/4160/4160
f 4156/4156/4156 4155/4155/4155 4160/4160/4160
f 4088/4088/4088 4161/4161/4161 4160/4160/4160
f 4088/4088/4088 4160/4160/4160 4049/4049/4049
f 3988/3988/3988 4121/4121/4121 4163/4163/4163
f 3988/3988/3988 4163/4163/4163 4165/4165/4165
f 3980/3980/3980 3978/3978/3978 4168/4168/4168
f 3908/3908/3908 4089/4089/4089 4095/4095/4095
f 4094/4094/4094 4091/4091/4091 4123/4123/4123
f 4100/4100/4100 3811/3811/3811 4126/4126/4126
f 4101/4101/4101 4099/4099/4099 4170/4170/4170
f 4015/4015/4015 4103/4103/4103 4171/4171/4171
f 3947/3947/3947 4173/4173/4173 4058/4058/4058
f 4104/4104/4104 4176/4176/4176 4172/4172/4172
f 3949/3949/3949 4059/4059/4059 4175/4175/4175
f 4023/4023/4023 4058/4058/4058 4177/4177/4177
f 4059/4059/4059 3997/3997/3997 4180/4180/4180
f 3952/3952/3952 4024/4024/4024 4128/4128/4128
f 4021/4021/4021 4025/4025/4025 4105/4105/4105
f 4063/4063/4063 4060/4060/4060 4132/4132/4132
f 4034/4034/4034 4127/4127/4127 4130/4130/4130
f 3828/3828/3828 3922/3922/3922 4037/4037/4037
f 4038/4038/4038 4181/4181/4181 4109/4109/4109
f 4182/4182/4182 3998/3998/3998 4136/4136/4136
f 4182/4182/4182 3998/3998/3998 4136/4136/4136
f 4182/4182/4182 4136/4136/4136 4140/4140/4140
f 4184/4184/4184 3891/3891/3891 4112/4112/4112
f 3834/3834/3834 4113/4113/4113 3892/3892/3892
f 4004/4004/4004 4136/4136/4136 4002/4002/4002
f 4044/4044/4044 4149/4149/4149 4147/4147/4147
f 3901/3901/3901 4186/4186/4186 4080/4080/4080
f 4186/4186/4186 4043/4043/4043 4146/4146/4146
f 4186/4186/4186 3901/3901/3901 4043/4043/4043
f 3670/3670/3670 4187/4187/4187 3901/3901/3901
f 3670/3670/3670 4045/4045/4045 4187/4187/4187
f 4082/4082/4082 4189/4189/4189 3936/3936/3936
f 4154/4154/4154 4192/4192/4192 4193/4193/4193
f 4154/4154/4154 4193/4193/4193 4195/4195/4195
f 4153/4153/4153 4156/4156/4156 4190/4190/4190
f 4156/4156/4156 4160/4160/4160 4197/4197/4197
f 4161/4161/4161 4200/4200/4200 4160/4160/4160
f 4159/4159/4159 4199/4199/4199 4196/4196/4196
f 4049/4049/4049 4160/4160/4160 4202/4202/4202
f 4049/4049/4049 4202/4202/4202 4120/4120/4120
f 4088/4088/4088 4086/4086/4086 4205/4205/4205
f 3979/3979/3979 4167/4167/4167 4086/4086/4086
f 3978/3978/3978 4207/4207/4207 4168/4168/4168
f 3978/3978/3978 4122/4122/4122 4207/4207/4207
f 3599/3599/3599 3992/3992/3992 4091/4091/4091
f 4013/4013/4013 4016/4016/4016 4210/4210/4210
f 4098/4098/4098 4124/4124/4124 4169/4169/4169
f 4213/4213/4213 4216/4216/4216 4218/4218/4218
f 4172/4172/4172 4176/4176/4176 4016/4016/4016
f 4101/4101/4101 3995/3995/3995 3864/3864/3864
f 4102/4102/4102 4105/4105/4105 3993/3993/3993
f 4059/4059/4059 4180/4180/4180 4175/4175/4175
f 4128/4128/4128 4024/4024/4024 4178/4178/4178
f 4062/4062/4062 4180/4180/4180 3997/3997/3997
f 4025/4025/4025 4131/4131/4131 4105/4105/4105
f 4062/4062/4062 4028/4028/4028 4180/4180/4180
f 4129/4129/4129 4179/4179/4179 4027/4027/4027
f 4127/4127/4127 4179/4179/4179 4129/4129/4129
f 4130/4130/4130 4129/4129/4129 4034/4034/4034
f 4063/4063/4063 4066/4066/4066 4107/4107/4107
f 4030/4030/4030 4034/4034/4034 4027/4027/4027
f 3922/3922/3922 4072/4072/4072 4219/4219/4219
f 4134/4134/4134 4075/4075/4075 4000/4000/4000
f 4135/4135/4135 4001/4001/4001 4076/4076/4076
f 4184/4184/4184 4112/4112/4112 4220/4220/4220
f 4007/4007/4007 4222/4222/4222 4138/4138/4138
f 3929/3929/3929 4223/4223/4223 4007/4007/4007
f 3892/3892/3892 4227/4227/4227 3928/3928/3928
f 4117/4117/4117 3928/3928/3928 4227/4227/4227
f 4186/4186/4186 4146/4146/4146 4080/4080/4080
f 3936/3936/3936 4189/4189/4189 4046/4046/4046
f 3803/3803/3803 4151/4151/4151 3968/3968/3968
f 3937/3937/3937 3677/3677/3677 4151/4151/4151
f 3677/3677/3677 3849/3849/3849 4151/4151/4151
f 4153/4153/4153 4194/4194/4194 4155/4155/4155
f 4191/4191/4191 4157/4157/4157 4228/4228/4228
f 4158/4158/4158 4202/4202/4202 4160/4160/4160
f 4088/4088/4088 4205/4205/4205 4161/4161/4161
f 4121/4121/4121 4230/4230/4230 4163/4163/4163
f 3985/3985/3985 4164/4164/4164 4231/4231/4231
f 4089/4089/4089 3986/3986/3986 4232/4232/4232
f 4123/4123/4123 4091/4091/4091 4208/4208/4208
f 4058/4058/4058 4173/4173/4173 4177/4177/4177
f 4177/4177/4177 4173/4173/4173 4235/4235/4235
f 4127/4127/4127 4128/4128/4128 4179/4179/4179
f 4132/4132/4132 4060/4060/4060 4106/4106/4106
f 3922/3922/3922 4219/4219/4219 4238/4238/4238
f 4136/4136/4136 3998/3998/3998 4077/4077/4077
f 4140/4140/4140 4240/4240/4240 4182/4182/4182
f 4006/4006/4006 4137/4137/4137 4221/4221/4221
f 4007/4007/4007 4223/4223/4223 4138/4138/4138
f 3929/3929/3929 4141/4141/4141 4223/4223/4223
f 4192/4192/4192 4242/4242/4242 4193/4193/4193
f 4244/4244/4244 4246/4246/4246 4194/4194/4194
f 4157/4157/4157 4247/4247/4247 4228/4228/4228
f 4121/4121/4121 4203/4203/4203 4230/4230/4230
f 4206/4206/4206 4248/4248/4248 4162/4162/4162
f 4095/4095/4095 4089/4089/4089 4249/4249/4249
f 4095/4095/4095 4249/4249/4249 3909/3909/3909
f 4014/4014/4014 4211/4211/4211 4097/4097/4097
f 4170/4170/4170 4125/4125/4125 4101/4101/4101
f 4214/4214/4214 4101/4101/4101 4125/4125/4125
f 4104/4104/4104 4252/4252/4252 4176/4176/4176
f 4174/4174/4174 4179/4179/4179 4236/4236/4236
f 3994/3994/3994 4106/4106/4106 4060/4060/4060
f 4128/4128/4128 4178/4178/4178 4179/4179/4179
f 4129/4129/4129 4027/4027/4027 4034/4034/4034
f 4038/4038/4038 3663/3663/3663 4254/4254/4254
f 4183/4183/4183 4074/4074/4074 3999/3999/3999
f 4182/4182/4182 4240/4240/4240 4073/4073/4073
f 4139/4139/4139 4224/4224/4224 4239/4239/4239
f 4220/4220/4220 4256/4256/4256 4257/4257/4257
f 4220/4220/4220 4257/4257/4257 4184/4184/4184
f 4227/4227/4227 3892/3892/3892 4185/4185/4185
f 3901/3901/3901 4258/4258/4258 4043/4043/4043
f 3902/3902/3902 4044/4044/4044 4259/4259/4259
f 3901/3901/3901 4187/4187/4187 4258/4258/4258
f 4045/4045/4045 4260/4260/4260 4187/4187/4187
f 4082/4082/4082 4046/4046/4046 4189/4189/4189
f 4195/4195/4195 4193/4193/4193 4263/4263/4263
f 4194/4194/4194 4262/4262/4262 4244/4244/4244
f 4244/4244/4244 4264/4264/4264 4246/4246/4246
f 4155/4155/4155 4194/4194/4194 4158/4158/4158
f 4157/4157/4157 4198/4198/4198 4247/4247/4247
f 4201/4201/4201 4162/4162/4162 4198/4198/4198
f 4162/4162/4162 4248/4248/4248 4198/4198/4198
f 4087/4087/4087 4266/4266/4266 4206/4206/4206
f 4206/4206/4206 4266/4266/4266 4248/4248/4248
f 4168/4168/4168 4266/4266/4266 4087/4087/4087
f 4168/4168/4168 4207/4207/4207 4266/4266/4266
f 4091/4091/4091 4267/4267/4267 4208/4208/4208
f 3939/3939/3939 3910/3910/3910 4268/4268/4268
f 4052/4052/4052 4270/4270/4270 3853/3853/3853
f 4097/4097/4097 4211/4211/4211 4272/4272/4272
f 4097/4097/4097 4272/4272/4272 4051/4051/4051
f 4176/4176/4176 4252/4252/4252 4016/4016/4016
f 4212/4212/4212 4277/4277/4277 4215/4215/4215
f 4101/4101/4101 4275/4275/4275 3995/3995/3995
f 4102/4102/4102 3993/3993/3993 4274/4274/4274
f 4178/4178/4178 4236/4236/4236 4179/4179/4179
f 3922/3922/3922 4238/4238/4238 4037/4037/4037
f 4036/4036/4036 4278/4278/4278 3614/3614/3614
f 4038/4038/4038 4254/4254/4254 4181/4181/4181
f 4184/4184/4184 4257/4257/4257 4281/4281/4281
f 3902/3902/3902 4259/4259/4259 4081/4081/4081
f 4045/4045/4045 4283/4283/4283 4260/4260/4260
f 4263/4263/4263 4193/4193/4193 4245/4245/4245
f 4264/4264/4264 4285/4285/4285 4246/4246/4246
f 4194/4194/4194 4246/4246/4246 4158/4158/4158
f 4202/4202/4202 4158/4158/4158 4287/4287/4287
f 4163/4163/4163 4230/4230/4230 4165/4165/4165
f 4091/4091/4091 3992/3992/3992 4267/4267/4267
f 3910/3910/3910 4250/4250/4250 4268/4268/4268
f 4273/4273/4273 4271/4271/4271 4053/4053/4053
f 3940/3940/3940 4216/4216/4216 4126/4126/4126
f 4214/4214/4214 4275/4275/4275 4101/4101/4101
f 4071/4071/4071 3725/3725/3725 4292/4292/4292
f 4040/4040/4040 3614/3614/3614 4295/4295/4295
f 4220/4220/4220 4296/4296/4296 4256/4256/4256
f 4256/4256/4256 4297/4297/4297 4240/4240/4240
f 4257/4257/4257 4256/4256/4256 4281/4281/4281
f 4226/4226/4226 4280/4280/4280 4116/4116/4116
f 4116/4116/4116 4280/4280/4280 4143/4143/4143
f 4081/4081/4081 4259/4259/4259 4188/4188/4188
f 4081/4081/4081 4188/4188/4188 4083/4083/4083
f 4082/4082/4082 4298/4298/4298 4046/4046/4046
f 4265/4265/4265 4245/4245/4245 4302/4302/4302
f 4264/4264/4264 4300/4300/4300 4304/4304/4304
f 4191/4191/4191 4228/4228/4228 4241/4241/4241
f 4264/4264/4264 4304/4304/4304 4285/4285/4285
f 4232/4232/4232 4305/4305/4305 4089/4089/4089
f 4249/4249/4249 4089/4089/4089 4305/4305/4305
f 3853/3853/3853 4308/4308/4308 3991/3991/3991
f 3940/3940/3940 4269/4269/4269 4216/4216/4216
f 4218/4218/4218 4216/4216/4216 4273/4273/4273
f 4217/4217/4217 4310/4310/4310 4212/4212/4212
f 4072/4072/4072 4313/4313/4313 4219/4219/4219
f 4133/4133/4133 4292/4292/4292 3725/3725/3725
f 4109/4109/4109 4181/4181/4181 4133/4133/4133
f 3614/3614/3614 4278/4278/4278 4295/4295/4295
f 3663/3663/3663 4074/4074/4074 4254/4254/4254
f 4240/4240/4240 4297/4297/4297 4073/4073/4073
f 4220/4220/4220 4112/4112/4112 4296/4296/4296
f 4239/4239/4239 4224/4224/4224 4255/4255/4255
f 4256/4256/4256 4296/4296/4296 4297/4297/4297
f 3848/3848/3848 4046/4046/4046 4298/4298/4298
f 4285/4285/4285 4304/4304/4304 4314/4314/4314
f 4285/4285/4285 4317/4317/4317 4246/4246/4246
f 4246/4246/4246 4287/4287/4287 4158/4158/4158
f 4203/4203/4203 4320/4320/4320 4230/4230/4230
f 4251/4251/4251 4307/4307/4307 4323/4323/4323
f 4250/4250/4250 4322/4322/4322 4268/4268/4268
f 3853/3853/3853 4270/4270/4270 4308/4308/4308
f 4210/4210/4210 4016/4016/4016 4324/4324/4324
f 4273/4273/4273 4216/4216/4216 4271/4271/4271
f 4217/4217/4217 4272/4272/4272 4310/4310/4310
f 4252/4252/4252 4104/4104/4104 4326/4326/4326
f 4212/4212/4212 4310/4310/4310 4277/4277/4277
f 4133/4133/4133 4327/4327/4327 4292/4292/4292
f 4040/4040/4040 4295/4295/4295 4113/4113/4113
f 4227/4227/4227 4185/4185/4185 4282/4282/4282
f 4083/4083/4083 4188/4188/4188 4261/4261/4261
f 4245/4245/4245 4193/4193/4193 4302/4302/4302
f 4304/4304/4304 4300/4300/4300 4314/4314/4314
f 4246/4246/4246 4317/4317/4317 4287/4287/4287
f 4198/4198/4198 4248/4248/4248 4329/4329/4329
f 4267/4267/4267 4330/4330/4330 4208/4208/4208
f 4307/4307/4307 4332/4332/4332 4323/4323/4323
f 4269/4269/4269 4332/4332/4332 4271/4271/4271
f 4216/4216/4216 4269/4269/4269 4271/4271/4271
f 4211/4211/4211 4325/4325/4325 4272/4272/4272
f 4016/4016/4016 4326/4326/4326 4324/4324/4324
f 4016/4016/4016 4252/4252/4252 4326/4326/4326
f 4104/4104/4104 4276/4276/4276 4309/4309/4309
f 4238/4238/4238 4219/4219/4219 4313/4313/4313
f 4036/4036/4036 4237/4237/4237 4311/4311/4311
f 4036/4036/4036 4311/4311/4311 4333/4333/4333
f 4254/4254/4254 4335/4335/4335 4181/4181/4181
f 4256/4256/4256 4144/4144/4144 4281/4281/4281
f 4247/4247/4247 4336/4336/4336 4228/4228/4228
f 4198/4198/4198 4338/4338/4338 4247/4247/4247
f 4198/4198/4198 4329/4329/4329 4338/4338/4338
f 4234/4234/4234 4166/4166/4166 4340/4340/4340
f 4266/4266/4266 4341/4341/4341 4248/4248/4248
f 4267/4267/4267 3992/3992/3992 4345/4345/4345
f 4308/4308/4308 4344/4344/4344 3991/3991/3991
f 4308/4308/4308 4270/4270/4270 4344/4344/4344
f 4323/4323/4323 4332/4332/4332 4269/4269/4269
f 4332/4332/4332 4346/4346/4346 4271/4271/4271
f 4272/4272/4272 4325/4325/4325 4310/4310/4310
f 4104/4104/4104 4309/4309/4309 4326/4326/4326
f 4333/4333/4333 4278/4278/4278 4036/4036/4036
f 4256/4256/4256 4225/4225/4225 4144/4144/4144
f 4142/4142/4142 4347/4347/4347 4279/4279/4279
f 4349/4349/4349 4347/4347/4347 4142/4142/4142
f 4350/4350/4350 4143/4143/4143 4280/4280/4280
f 4286/4286/4286 4315/4315/4315 4318/4318/4318
f 4336/4336/4336 4247/4247/4247 4351/4351/4351
f 4319/4319/4319 4353/4353/4353 4288/4288/4288
f 4247/4247/4247 4338/4338/4338 4351/4351/4351
f 4230/4230/4230 4339/4339/4339 4165/4165/4165
f 4230/4230/4230 4320/4320/4320 4339/4339/4339
f 4248/4248/4248 4341/4341/4341 4354/4354/4354
f 4234/4234/4234 4340/4340/4340 4357/4357/4357
f 4207/4207/4207 4341/4341/4341 4266/4266/4266
f 4332/4332/4332 4307/4307/4307 4346/4346/4346
f 4309/4309/4309 4324/4324/4324 4326/4326/4326
f 4072/4072/4072 4359/4359/4359 4360/4360/4360
f 4072/4072/4072 4293/4293/4293 4359/4359/4359
f 4072/4072/4072 4360/4360/4360 4313/4313/4313
f 4293/4293/4293 4328/4328/4328 4359/4359/4359
f 4327/4327/4327 4133/4133/4133 4361/4361/4361
f 4133/4133/4133 4362/4362/4362 4361/4361/4361
f 4133/4133/4133 4181/4181/4181 4362/4362/4362
f 4181/4181/4181 4335/4335/4335 4363/4363/4363
f 4073/4073/4073 4297/4297/4297 4253/4253/4253
f 4350/4350/4350 4280/4280/4280 4348/4348/4348
f 4299/4299/4299 4083/4083/4083 4365/4365/4365
f 4299/4299/4299 4365/4365/4365 3850/3850/3850
f 3967/3967/3967 4150/4150/4150 4045/4045/4045
f 4302/4302/4302 4193/4193/4193 4368/4368/4368
f 4204/4204/4204 4291/4291/4291 4370/4370/4370
f 4204/4204/4204 4370/4370/4370 4321/4321/4321
f 4329/4329/4329 4248/4248/4248 4354/4354/4354
f 4233/4233/4233 4356/4356/4356 4306/4306/4306
f 4267/4267/4267 4345/4345/4345 4330/4330/4330
f 4327/4327/4327 4371/4371/4371 4358/4358/4358
f 4327/4327/4327 4361/4361/4361 4371/4371/4371
f 4253/4253/4253 4297/4297/4297 4372/4372/4372
f 4112/4112/4112 4297/4297/4297 4296/4296/4296
f 4193/4193/4193 4242/4242/4242 4376/4376/4376
f 4301/4301/4301 4378/4378/4378 4319/4319/4319
f 4316/4316/4316 4301/4301/4301 4319/4319/4319
f 4353/4353/4353 4319/4319/4319 4378/4378/4378
f 4319/4319/4319 4378/4378/4378 4353/4353/4353
f 4290/4290/4290 4380/4380/4380 4381/4381/4381
f 4353/4353/4353 4378/4378/4378 4288/4288/4288
f 4291/4291/4291 4382/4382/4382 4385/4385/4385
f 4289/4289/4289 4383/4383/4383 4386/4386/4386
f 4291/4291/4291 4387/4387/4387 4385/4385/4385
f 4291/4291/4291 4385/4385/4385 4370/4370/4370
f 4321/4321/4321 4388/4388/4388 4340/4340/4340
f 4340/4340/4340 4389/4389/4389 4357/4357/4357
f 4346/4346/4346 4307/4307/4307 4391/4391/4391
f 4209/4209/4209 4331/4331/4331 4343/4343/4343
f 4313/4313/4313 4360/4360/4360 4392/4392/4392
f 4278/4278/4278 4333/4333/4333 4395/4395/4395
f 4181/4181/4181 4363/4363/4363 4362/4362/4362
f 4278/4278/4278 4395/4395/4395 4295/4295/4295
f 4112/4112/4112 4294/4294/4294 4297/4297/4297
f 4261/4261/4261 4284/4284/4284 4083/4083/4083
f 3849/3849/3849 4364/4364/4364 4151/4151/4151
f 4193/4193/4193 4399/4399/4399 4368/4368/4368
f 4303/4303/4303 4369/4369/4369 4379/4379/4379
f 4290/4290/4290 4379/4379/4379 4380/4380/4380
f 4381/4381/4381 4380/4380/4380 4384/4384/4384
f 4329/4329/4329 4354/4354/4354 4338/4338/4338
f 4338/4338/4338 4354/4354/4354 4400/4400/4400
f 4355/4355/4355 4405/4405/4405 4406/4406/4406
f 4354/4354/4354 4341/4341/4341 4402/4402/4402
f 4389/4389/4389 4340/4340/4340 4388/4388/4388
f 4357/4357/4357 4389/4389/4389 4307/4307/4307
f 4307/4307/4307 4389/4389/4389 4391/4391/4391
f 4343/4343/4343 4331/4331/4331 4408/4408/4408
f 4330/4330/4330 4345/4345/4345 4390/4390/4390
f 4333/4333/4333 4311/4311/4311 4409/4409/4409
f 4294/4294/4294 4393/4393/4393 4372/4372/4372
f 4297/4297/4297 4294/4294/4294 4372/4372/4372
f 4045/4045/4045 4150/4150/4150 4283/4283/4283
f 4366/4366/4366 4396/4396/4396 4411/4411/4411
f 4338/4338/4338 4413/4413/4413 4351/4351/4351
f 4406/4406/4406 4405/4405/4405 4388/4388/4388
f 4342/4342/4342 4415/4415/4415 4403/4403/4403
f 4408/4408/4408 4388/4388/4388 4405/4405/4405
f 4389/4389/4389 4388/4388/4388 4408/4408/4408
f 4343/4343/4343 4408/4408/4408 4416/4416/4416
f 4331/4331/4331 4389/4389/4389 4408/4408/4408
f 4359/4359/4359 4418/4418/4418 4360/4360/4360
f 4363/4363/4363 4335/4335/4335 4362/4362/4362
f 4253/4253/4253 4372/4372/4372 4419/4419/4419
f 4365/4365/4365 4083/4083/4083 4284/4284/4284
f 4193/4193/4193 4376/4376/4376 4399/4399/4399
f 4242/4242/4242 4421/4421/4421 4376/4376/4376
f 4243/4243/4243 4229/4229/4229 4422/4422/4422
f 4380/4380/4380 4379/4379/4379 4424/4424/4424
f 4337/4337/4337 4352/4352/4352 4425/4425/4425
f 4338/4338/4338 4400/4400/4400 4413/4413/4413
f 4388/4388/4388 4370/4370/4370 4426/4426/4426
f 4321/4321/4321 4370/4370/4370 4388/4388/4388
f 4355/4355/4355 4426/4426/4426 4401/4401/4401
f 4355/4355/4355 4388/4388/4388 4426/4426/4426
f 4355/4355/4355 4406/4406/4406 4388/4388/4388
f 4404/4404/4404 4427/4427/4427 4407/4407/4407
f 4408/4408/4408 4405/4405/4405 4416/4416/4416
f 4331/4331/4331 4391/4391/4391 4389/4389/4389
f 4358/4358/4358 4371/4371/4371 4417/4417/4417
f 4312/4312/4312 4429/4429/4429 4410/4410/4410
f 4373/4373/4373 4431/4431/4431 4420/4420/4420
f 4365/4365/4365 4284/4284/4284 4152/4152/4152
f 4229/4229/4229 4337/4337/4337 4422/4422/4422
f 4379/4379/4379 4369/4369/4369 4433/4433/4433
f 4385/4385/4385 4435/4435/4435 4370/4370/4370
f 4401/4401/4401 4426/4426/4426 4414/4414/4414
f 4426/4426/4426 4370/4370/4370 4436/4436/4436
f 4405/4405/4405 4408/4408/4408 4428/4428/4428
f 4313/4313/4313 4392/4392/4392 4430/4430/4430
f 4333/4333/4333 4409/4409/4409 4395/4395/4395
f 4362/4362/4362 4335/4335/4335 4439/4439/4439
f 4373/4373/4373 4394/4394/4394 4440/4440/4440
f 4253/4253/4253 4419/4419/4419 4334/4334/4334
f 4367/4367/4367 4412/4412/4412 4442/4442/4442
f 4397/4397/4397 4374/4374/4374 4445/4445/4445
f 4379/4379/4379 4433/4433/4433 4424/4424/4424
f 4385/4385/4385 4448/4448/4448 4435/4435/4435
f 4435/4435/4435 4436/4436/4436 4370/4370/4370
f 4414/4414/4414 4426/4426/4426 4436/4436/4436
f 4392/4392/4392 4450/4450/4450 4430/4430/4430
f 4334/4334/4334 4419/4419/4419 4437/4437/4437
f 4412/4412/4412 4398/4398/4398 4442/4442/4442
f 4369/4369/4369 4424/4424/4424 4433/4433/4433
f 4425/4425/4425 4435/4435/4435 4337/4337/4337
f 4352/4352/4352 4414/4414/4414 4425/4425/4425
f 4436/4436/4436 4425/4425/4425 4414/4414/4414
f 4392/4392/4392 4360/4360/4360 4418/4418/4418
f 4420/4420/4420 4451/4451/4451 4438/4438/4438
f 4395/4395/4395 4409/4409/4409 4441/4441/4441
f 4440/4440/4440 4453/4453/4453 4373/4373/4373
f 4367/4367/4367 4442/4442/4442 4455/4455/4455
f 4369/4369/4369 4457/4457/4457 4424/4424/4424
f 4447/4447/4447 4384/4384/4384 4458/4458/4458
f 4435/4435/4435 4422/4422/4422 4337/4337/4337
f 4384/4384/4384 4380/4380/4380 4458/4458/4458
f 4436/4436/4436 4435/4435/4435 4425/4425/4425
f 4429/4429/4429 4460/4460/4460 4410/4410/4410
f 4362/4362/4362 4461/4461/4461 4361/4361/4361
f 4439/4439/4439 4461/4461/4461 4362/4362/4362
f 4420/4420/4420 4431/4431/4431 4451/4451/4451
f 4424/4424/4424 4458/4458/4458 4380/4380/4380
f 4463/4463/4463 4466/4466/4466 4429/4429/4429
f 4417/4417/4417 4371/4371/4371 4461/4461/4461
f 4464/4464/4464 4430/4430/4430 4450/4450/4450
f 4460/4460/4460 4429/4429/4429 4466/4466/4466
f 4461/4461/4461 4439/4439/4439 4452/4452/4452
f 4460/4460/4460 4469/4469/4469 4410/4410/4410
f 4373/4373/4373 4453/4453/4453 4431/4431/4431
f 4442/4442/4442 4398/4398/4398 4471/4471/4471
f 4446/4446/4446 4376/4376/4376 4399/4399/4399
f 4443/4443/4443 4423/4423/4423 4456/4456/4456
f 4447/4447/4447 4458/4458/4458 4434/4434/4434
f 4460/4460/4460 4466/4466/4466 4469/4469/4469
f 4473/4473/4473 4410/4410/4410 4469/4469/4469
f 4398/4398/4398 4375/4375/4375 4471/4471/4471
f 4424/4424/4424 4444/4444/4444 4472/4472/4472
f 4472/4472/4472 4458/4458/4458 4424/4424/4424
f 4361/4361/4361 4461/4461/4461 4371/4371/4371
f 4441/4441/4441 4409/4409/4409 4476/4476/4476
f 4452/4452/4452 4432/4432/4432 4454/4454/4454
f 4440/4440/4440 4475/4475/4475 4453/4453/4453
f 4410/4410/4410 4473/4473/4473 4478/4478/4478
f 4422/4422/4422 4480/4480/4480 4377/4377/4377
f 4435/4435/4435 4480/4480/4480 4422/4422/4422
f 4392/4392/4392 4418/4418/4418 4482/4482/4482
f 4392/4392/4392 4484/4484/4484 4450/4450/4450
f 4392/4392/4392 4482/4482/4482 4484/4484/4484
f 4463/4463/4463 4486/4486/4486 4466/4466/4466
f 4489/4489/4489 4467/4467/4467 4491/4491/4491
f 4466/4466/4466 4488/4488/4488 4493/4493/4493
f 4452/4452/4452 4495/4495/4495 4461/4461/4461
f 4452/4452/4452 4454/4454/4454 4495/4495/4495
f 4469/4469/4469 4496/4496/4496 4473/4473/4473
f 4469/4469/4469 4499/4499/4499 4496/4496/4496
f 4458/4458/4458 4472/4472/4472 4501/4501/4501
f 4503/4503/4503 4487/4487/4487 4464/4464/4464
f 4504/4504/4504 4464/4464/4464 4484/4484/4484
f 4462/4462/4462 4449/4449/4449 4483/4483/4483
f 4467/4467/4467 4487/4487/4487 4491/4491/4491
f 4491/4491/4491 4506/4506/4506 4489/4489/4489
f 4466/4466/4466 4493/4493/4493 4469/4469/4469
f 4469/4469/4469 4493/4493/4493 4507/4507/4507
f 4495/4495/4495 4454/4454/4454 4509/4509/4509
f 4468/4468/4468 4510/4510/4510 4498/4498/4498
f 4471/4471/4471 4375/4375/4375 4512/4512/4512
f 4471/4471/4471 4512/4512/4512 4500/4500/4500
f 4459/4459/4459 4480/4480/4480 4435/4435/4435
f 4459/4459/4459 4502/4502/4502 4480/4480/4480
f 4515/4515/4515 4516/4516/4516 4518/4518/4518
f 4515/4515/4515 4520/4520/4520 4516/4516/4516
f 4504/4504/4504 4503/4503/4503 4464/4464/4464
f 4417/4417/4417 4461/4461/4461 4481/4481/4481
f 4467/4467/4467 4487/4487/4487 4491/4491/4491
f 4465/4465/4465 4490/4490/4490 4485/4485/4485
f 4494/4494/4494 4489/4489/4489 4506/4506/4506
f 4461/4461/4461 4495/4495/4495 4509/4509/4509
f 4511/4511/4511 4470/4470/4470 4508/4508/4508
f 4502/4502/4502 4513/4513/4513 4480/4480/4480
f 4516/4516/4516 4522/4522/4522 4518/4518/4518
f 4516/4516/4516 4520/4520/4520 4522/4522/4522
f 4487/4487/4487 4524/4524/4524 4491/4491/4491
f 4481/4481/4481 4509/4509/4509 4525/4525/4525
f 4461/4461/4461 4509/4509/4509 4481/4481/4481
f 4454/4454/4454 4527/4527/4527 4509/4509/4509
f 4377/4377/4377 4480/4480/4480 4513/4513/4513
f 4515/4515/4515 4528/4528/4528 4520/4520/4520
f 4491/4491/4491 4532/4532/4532 4506/4506/4506
f 4492/4492/4492 4505/4505/4505 4530/4530/4530
f 4493/4493/4493 4533/4533/4533 4507/4507/4507
f 4498/4498/4498 4510/4510/4510 4534/4534/4534
f 4503/4503/4503 4524/4524/4524 4487/4487/4487
f 4491/4491/4491 4537/4537/4537 4532/4532/4532
f 4493/4493/4493 4531/4531/4531 4538/4538/4538
f 4493/4493/4493 4538/4538/4538 4533/4533/4533
f 4454/4454/4454 4477/4477/4477 4527/4527/4527
f 4499/4499/4499 4535/4535/4535 4496/4496/4496
f 4514/4514/4514 4517/4517/4517 4540/4540/4540
f 4520/4520/4520 4528/4528/4528 4543/4543/4543
f 4520/4520/4520 4545/4545/4545 4522/4522/4522
f 4524/4524/4524 4547/4547/4547 4491/4491/4491
f 4484/4484/4484 4482/4482/4482 4526/4526/4526
f 4532/4532/4532 4537/4537/4537 4548/4548/4548
f 4507/4507/4507 4533/4533/4533 4549/4549/4549
f 4533/4533/4533 4552/4552/4552 4549/4549/4549
f 4511/4511/4511 4555/4555/4555 4536/4536/4536
f 4508/4508/4508 4555/4555/4555 4511/4511/4511
f 4474/4474/4474 4497/4497/4497 4557/4557/4557
f 4523/4523/4523 4558/4558/4558 4519/4519/4519
f 4484/4484/4484 4526/4526/4526 4504/4504/4504
f 4537/4537/4537 4491/4491/4491 4547/4547/4547
f 4532/4532/4532 4548/4548/4548 4539/4539/4539
f 4552/4552/4552 4533/4533/4533 4559/4559/4559
f 4549/4549/4549 4554/4554/4554 4507/4507/4507
f 4496/4496/4496 4535/4535/4535 4556/4556/4556
f 4561/4561/4561 4562/4562/4562 4563/4563/4563
f 4561/4561/4561 4564/4564/4564 4562/4562/4562
f 4561/4561/4561 4566/4566/4566 4564/4564/4564
f 4523/4523/4523 4546/4546/4546 4570/4570/4570
f 4543/4543/4543 4528/4528/4528 4571/4571/4571
f 4520/4520/4520 4543/4543/4543 4545/4545/4545
f 4543/4543/4543 4571/4571/4571 4573/4573/4573
f 4543/4543/4543 4573/4573/4573 4574/4574/4574
f 4504/4504/4504 4578/4578/4578 4503/4503/4503
f 4503/4503/4503 4578/4578/4578 4524/4524/4524
f 4547/4547/4547 4524/4524/4524 4581/4581/4581
f 4509/4509/4509 4582/4582/4582 4525/4525/4525
f 4509/4509/4509 4527/4527/4527 4582/4582/4582
f 4561/4561/4561 4563/4563/4563 4583/4583/4583
f 4474/4474/4474 4557/4557/4557 4479/4479/4479
f 4536/4536/4536 4555/4555/4555 4585/4585/4585
f 4587/4587/4587 4551/4551/4551 4553/4553/4553
f 4552/4552/4552 4563/4563/4563 4562/4562/4562
f 4586/4586/4586 4552/4552/4552 4562/4562/4562
f 4586/4586/4586 4562/4562/4562 4588/4588/4588
f 4562/4562/4562 4564/4564/4564 4588/4588/4588
f 4521/4521/4521 4569/4569/4569 4591/4591/4591
f 4523/4523/4523 4592/4592/4592 4558/4558/4558
f 4528/4528/4528 4515/4515/4515 4542/4542/4542
f 4528/4528/4528 4542/4542/4542 4594/4594/4594
f 4546/4546/4546 4544/4544/4544 4592/4592/4592
f 4524/4524/4524 4578/4578/4578 4581/4581/4581
f 4598/4598/4598 4599/4599/4599 4601/4601/4601
f 4598/4598/4598 4604/4604/4604 4599/4599/4599
f 4598/4598/4598 4601/4601/4601 4605/4605/4605
f 4533/4533/4533 4538/4538/4538 4607/4607/4607
f 4604/4604/4604 4598/4598/4598 4607/4607/4607
f 4533/4533/4533 4607/4607/4607 4559/4559/4559
f 4536/4536/4536 4585/4585/4585 4608/4608/4608
f 4555/4555/4555 4550/4550/4550 4610/4610/4610
f 4583/4583/4583 4611/4611/4611 4561/4561/4561
f 4613/4613/4613 4610/4610/4610 4550/4550/4550
f 4587/4587/4587 4590/4590/4590 4551/4551/4551
f 4617/4617/4617 4620/4620/4620 4624/4624/4624
f 4546/4546/4546 4592/4592/4592 4570/4570/4570
f 4597/4597/4597 4572/4572/4572 4529/4529/4529
f 4544/4544/4544 4626/4626/4626 4592/4592/4592
f 4573/4573/4573 4628/4628/4628 4574/4574/4574
f 4539/4539/4539 4548/4548/4548 4576/4576/4576
f 4604/4604/4604 4628/4628/4628 4599/4599/4599
f 4525/4525/4525 4582/4582/4582 4630/4630/4630
f 4607/4607/4607 4538/4538/4538 4604/4604/4604
f 4527/4527/4527 4477/4477/4477 4582/4582/4582
f 4563/4563/4563 4559/4559/4559 4583/4583/4583
f 4479/4479/4479 4557/4557/4557 4633/4633/4633
f 4555/4555/4555 4610/4610/4610 4585/4585/4585
f 4551/4551/4551 4590/4590/4590 4614/4614/4614
f 4565/4565/4565 4567/4567/4567 4635/4635/4635
f 4618/4618/4618 4638/4638/4638 4621/4621/4621
f 4519/4519/4519 4558/4558/4558 4642/4642/4642
f 4517/4517/4517 4639/4639/4639 4540/4540/4540
f 4544/4544/4544 4575/4575/4575 4626/4626/4626
f 4580/4580/4580 4577/4577/4577 4644/4644/4644
f 4526/4526/4526 4578/4578/4578 4504/4504/4504
f 4548/4548/4548 4537/4537/4537 4547/4547/4547
f 4574/4574/4574 4628/4628/4628 4538/4538/4538
f 4602/4602/4602 4600/4600/4600 4646/4646/4646
f 4538/4538/4538 4628/4628/4628 4604/4604/4604
f 4607/4607/4607 4598/4598/4598 4605/4605/4605
f 4477/4477/4477 4632/4632/4632 4582/4582/4582
f 4584/4584/4584 4560/4560/4560 4649/4649/4649
f 4563/4563/4563 4552/4552/4552 4559/4559/4559
f 4536/4536/4536 4608/4608/4608 4557/4557/4557
f 4566/4566/4566 4561/4561/4561 4611/4611/4611
f 4610/4610/4610 4650/4650/4650 4585/4585/4585
f 4610/4610/4610 4613/4613/4613 4650/4650/4650
f 4624/4624/4624 4653/4653/4653 4617/4617/4617
f 4618/4618/4618 4656/4656/4656 4638/4638/4638
f 4615/4615/4615 4657/4657/4657 4655/4655/4655
f 4541/4541/4541 4640/4640/4640 4593/4593/4593
f 4572/4572/4572 4597/4597/4597 4660/4660/4660
f 4572/4572/4572 4660/4660/4660 4662/4662/4662
f 4573/4573/4573 4571/4571/4571 4661/4661/4661
f 4573/4573/4573 4661/4661/4661 4628/4628/4628
f 4526/4526/4526 4664/4664/4664 4578/4578/4578
f 4547/4547/4547 4581/4581/4581 4548/4548/4548
f 4630/4630/4630 4663/4663/4663 4525/4525/4525
f 4607/4607/4607 4605/4605/4605 4559/4559/4559
f 4559/4559/4559 4605/4605/4605 4648/4648/4648
f 4557/4557/4557 4666/4666/4666 4633/4633/4633
f 4592/4592/4592 4668/4668/4668 4558/4558/4558
f 4606/4606/4606 4603/4603/4603 4670/4670/4670
f 4582/4582/4582 4632/4632/4632 4630/4630/4630
f 4557/4557/4557 4608/4608/4608 4666/4666/4666
f 4612/4612/4612 4584/4584/4584 4649/4649/4649
f 4608/4608/4608 4585/4585/4585 4671/4671/4671
f 4585/4585/4585 4673/4673/4673 4671/4671/4671
f 4568/4568/4568 4612/4612/4612 4636/4636/4636
f 4612/4612/4612 4649/4649/4649 4636/4636/4636
f 4565/4565/4565 4635/4635/4635 4674/4674/4674
f 4677/4677/4677 4679/4679/4679 4681/4681/4681
f 4677/4677/4677 4683/4683/4683 4679/4679/4679
f 4679/4679/4679 4683/4683/4683 4685/4685/4685
f 4558/4558/4558 4668/4668/4668 4642/4642/4642
f 4592/4592/4592 4690/4690/4690 4668/4668/4668
f 4628/4628/4628 4661/4661/4661 4693/4693/4693
f 4548/4548/4548 4581/4581/4581 4697/4697/4697
f 4575/4575/4575 4695/4695/4695 4626/4626/4626
f 4548/4548/4548 4697/4697/4697 4576/4576/4576
f 4600/4600/4600 4629/4629/4629 4646/4646/4646
f 4603/4603/4603 4647/4647/4647 4670/4670/4670
f 4634/4634/4634 4667/4667/4667 4631/4631/4631
f 4606/4606/4606 4698/4698/4698 4649/4649/4649
f 4585/4585/4585 4650/4650/4650 4673/4673/4673
f 4565/4565/4565 4674/4674/4674 4589/4589/4589
f 4589/4589/4589 4674/4674/4674 4699/4699/4699
f 4622/4622/4622 4619/4619/4619 4637/4637/4637
f 4657/4657/4657 4702/4702/4702 4655/4655/4655
f 4685/4685/4685 4683/4683/4683 4704/4704/4704
f 4595/4595/4595 4641/4641/4641 4688/4688/4688
f 4596/4596/4596 4689/4689/4689 4659/4659/4659
f 4626/4626/4626 4690/4690/4690 4592/4592/4592
f 4662/4662/4662 4660/4660/4660 4694/4694/4694
f 4645/4645/4645 4578/4578/4578 4707/4707/4707
f 4579/4579/4579 4665/4665/4665 4708/4708/4708
f 4645/4645/4645 4707/4707/4707 4709/4709/4709
f 4609/4609/4609 4712/4712/4712 4667/4667/4667
f 4608/4608/4608 4671/4671/4671 4711/4711/4711
f 4636/4636/4636 4649/4649/4649 4714/4714/4714
f 4613/4613/4613 4715/4715/4715 4650/4650/4650
f 4635/4635/4635 4713/4713/4713 4674/4674/4674
f 4653/4653/4653 4717/4717/4717 4617/4617/4617
f 4669/4669/4669 4691/4691/4691 4643/4643/4643
f 4627/4627/4627 4696/4696/4696 4719/4719/4719
f 4646/4646/4646 4629/4629/4629 4694/4694/4694
f 4581/4581/4581 4645/4645/4645 4720/4720/4720
f 4581/4581/4581 4720/4720/4720 4722/4722/4722
f 4645/4645/4645 4709/4709/4709 4720/4720/4720
f 4665/4665/4665 4631/4631/4631 4708/4708/4708
f 4725/4725/4725 4710/4710/4710 4708/4708/4708
f 4673/4673/4673 4650/4650/4650 4671/4671/4671
f 4674/4674/4674 4713/4713/4713 4726/4726/4726
f 4700/4700/4700 4728/4728/4728 4729/4729/4729
f 4700/4700/4700 4676/4676/4676 4728/4728/4728
f 4728/4728/4728 4731/4731/4731 4732/4732/4732
f 4728/4728/4728 4732/4732/4732 4733/4733/4733
f 4731/4731/4731 4736/4736/4736 4732/4732/4732
f 4732/4732/4732 4737/4737/4737 4733/4733/4733
f 4656/4656/4656 4703/4703/4703 4638/4638/4638
f 4616/4616/4616 4716/4716/4716 4658/4658/4658
f 4681/4681/4681 4702/4702/4702 4677/4677/4677
f 4678/4678/4678 4658/4658/4658 4739/4739/4739
f 4684/4684/4684 4678/4678/4678 4739/4739/4739
f 4683/4683/4683 4740/4740/4740 4704/4704/4704
f 4660/4660/4660 4692/4692/4692 4697/4697/4697
f 4626/4626/4626 4718/4718/4718 4690/4690/4690
f 4660/4660/4660 4697/4697/4697 4694/4694/4694
f 4581/4581/4581 4742/4742/4742 4697/4697/4697
f 4631/4631/4631 4667/4667/4667 4708/4708/4708
f 4744/4744/4744 4724/4724/4724 4706/4706/4706
f 4708/4708/4708 4667/4667/4667 4745/4745/4745
f 4712/4712/4712 4745/4745/4745 4667/4667/4667
f 4712/4712/4712 4672/4672/4672 4745/4745/4745
f 4649/4649/4649 4747/4747/4747 4714/4714/4714
f 4590/4590/4590 4749/4749/4749 4614/4614/4614
f 4701/4701/4701 4749/4749/4749 4590/4590/4590
f 4701/4701/4701 4730/4730/4730 4750/4750/4750
f 4676/4676/4676 4752/4752/4752 4728/4728/4728
f 4731/4731/4731 4728/4728/4728 4752/4752/4752
f 4638/4638/4638 4754/4754/4754 4625/4625/4625
f 4677/4677/4677 4702/4702/4702 4657/4657/4657
f 4682/4682/4682 4680/4680/4680 4755/4755/4755
f 4684/4684/4684 4739/4739/4739 4741/4741/4741
f 4697/4697/4697 4742/4742/4742 4756/4756/4756
f 4581/4581/4581 4722/4722/4722 4742/4742/4742
f 4721/4721/4721 4710/4710/4710 4723/4723/4723
f 4710/4710/4710 4725/4725/4725 4745/4745/4745
f 4606/4606/4606 4670/4670/4670 4758/4758/4758
f 4649/4649/4649 4698/4698/4698 4759/4759/4759
f 4651/4651/4651 4761/4761/4761 4672/4672/4672
f 4750/4750/4750 4749/4749/4749 4701/4701/4701
f 4728/4728/4728 4762/4762/4762 4729/4729/4729
f 4730/4730/4730 4763/4763/4763 4750/4750/4750
f 4731/4731/4731 4752/4752/4752 4736/4736/4736
f 4733/4733/4733 4762/4762/4762 4728/4728/4728
f 4732/4732/4732 4736/4736/4736 4765/4765/4765
f 4732/4732/4732 4765/4765/4765 4737/4737/4737
f 4652/4652/4652 4623/4623/4623 4753/4753/4753
f 4703/4703/4703 4682/4682/4682 4755/4755/4755
f 4690/4690/4690 4718/4718/4718 4695/4695/4695
f 4646/4646/4646 4694/4694/4694 4766/4766/4766
f 4697/4697/4697 4766/4766/4766 4694/4694/4694
f 4710/4710/4710 4745/4745/4745 4723/4723/4723
f 4606/4606/4606 4758/4758/4758 4698/4698/4698
f 4672/4672/4672 4769/4769/4769 4745/4745/4745
f 4649/4649/4649 4771/4771/4771 4747/4747/4747
f 4613/4613/4613 4748/4748/4748 4715/4715/4715
f 4653/4653/4653 4737/4737/4737 4765/4765/4765
f 4705/4705/4705 4741/4741/4741 4686/4686/4686
f 4743/4743/4743 4723/4723/4723 4773/4773/4773
f 4745/4745/4745 4773/4773/4773 4723/4723/4723
f 4745/4745/4745 4769/4769/4769 4773/4773/4773
f 4759/4759/4759 4771/4771/4771 4649/4649/4649
f 4650/4650/4650 4715/4715/4715 4774/4774/4774
f 4751/4751/4751 4675/4675/4675 4779/4779/4779
f 4735/4735/4735 4781/4781/4781 4764/4764/4764
f 4739/4739/4739 4686/4686/4686 4741/4741/4741
f 4697/4697/4697 4782/4782/4782 4766/4766/4766
f 4697/4697/4697 4756/4756/4756 4782/4782/4782
f 4743/4743/4743 4773/4773/4773 4757/4757/4757
f 4769/4769/4769 4672/4672/4672 4761/4761/4761
f 4759/4759/4759 4785/4785/4785 4771/4771/4771
f 4651/4651/4651 4786/4786/4786 4761/4761/4761
f 4714/4714/4714 4747/4747/4747 4727/4727/4727
f 4750/4750/4750 4763/4763/4763 4749/4749/4749
f 4653/4653/4653 4765/4765/4765 4717/4717/4717
f 4703/4703/4703 4754/4754/4754 4638/4638/4638
f 4647/4647/4647 4768/4768/4768 4670/4670/4670
f 4787/4787/4787 4757/4757/4757 4773/4773/4773
f 4769/4769/4769 4789/4789/4789 4773/4773/4773
f 4761/4761/4761 4789/4789/4789 4769/4769/4769
f 4760/4760/4760 4772/4772/4772 4788/4788/4788
f 4651/4651/4651 4775/4775/4775 4786/4786/4786
f 4791/4791/4791 4776/4776/4776 4749/4749/4749
f 4748/4748/4748 4774/4774/4774 4715/4715/4715
f 4726/4726/4726 4777/4777/4777 4674/4674/4674
f 4751/4751/4751 4781/4781/4781 4735/4735/4735
f 4763/4763/4763 4734/4734/4734 4793/4793/4793
f 4738/4738/4738 4794/4794/4794 4793/4793/4793
f 4765/4765/4765 4796/4796/4796 4798/4798/4798
f 4765/4765/4765 4798/4798/4798 4717/4717/4717
f 4739/4739/4739 4658/4658/4658 4799/4799/4799
f 4670/4670/4670 4768/4768/4768 4801/4801/4801
f 4757/4757/4757 4787/4787/4787 4802/4802/4802
f 4761/4761/4761 4786/4786/4786 4773/4773/4773
f 4727/4727/4727 4747/4747/4747 4780/4780/4780
f 4749/4749/4749 4763/4763/4763 4791/4791/4791
f 4763/4763/4763 4804/4804/4804 4791/4791/4791
f 4751/4751/4751 4779/4779/4779 4806/4806/4806
f 4763/4763/4763 4793/4793/4793 4804/4804/4804
f 4738/4738/4738 4793/4793/4793 4734/4734/4734
f 4738/4738/4738 4654/4654/4654 4794/4794/4794
f 4654/4654/4654 4754/4754/4754 4794/4794/4794
f 4716/4716/4716 4797/4797/4797 4807/4807/4807
f 4658/4658/4658 4716/4716/4716 4808/4808/4808
f 4754/4754/4754 4703/4703/4703 4811/4811/4811
f 4703/4703/4703 4755/4755/4755 4811/4811/4811
f 4755/4755/4755 4680/4680/4680 4811/4811/4811
f 4658/4658/4658 4813/4813/4813 4799/4799/4799
f 4757/4757/4757 4802/4802/4802 4783/4783/4783
f 4802/4802/4802 4787/4787/4787 4800/4800/4800
f 4773/4773/4773 4786/4786/4786 4787/4787/4787
f 4759/4759/4759 4698/4698/4698 4785/4785/4785
f 4790/4790/4790 4803/4803/4803 4815/4815/4815
f 4781/4781/4781 4818/4818/4818 4820/4820/4820
f 4764/4764/4764 4781/4781/4781 4820/4820/4820
f 4764/4764/4764 4820/4820/4820 4795/4795/4795
f 4794/4794/4794 4824/4824/4824 4793/4793/4793
f 4680/4680/4680 4826/4826/4826 4811/4811/4811
f 4680/4680/4680 4687/4687/4687 4826/4826/4826
f 4739/4739/4739 4825/4825/4825 4686/4686/4686
f 4783/4783/4783 4800/4800/4800 4767/4767/4767
f 4783/4783/4783 4802/4802/4802 4800/4800/4800
f 4670/4670/4670 4801/4801/4801 4758/4758/4758
f 4746/4746/4746 4770/4770/4770 4784/4784/4784
f 4775/4775/4775 4784/4784/4784 4786/4786/4786
f 4790/4790/4790 4784/4784/4784 4775/4775/4775
f 4751/4751/4751 4806/4806/4806 4828/4828/4828
f 4781/4781/4781 4751/4751/4751 4828/4828/4828
f 4793/4793/4793 4824/4824/4824 4819/4819/4819
f 4794/4794/4794 4754/4754/4754 4824/4824/4824
f 4658/4658/4658 4808/4808/4808 4813/4813/4813
f 4799/4799/4799 4813/4813/4813 4810/4810/4810
f 4739/4739/4739 4799/4799/4799 4810/4810/4810
f 4786/4786/4786 4784/4784/4784 4787/4787/4787
f 4780/4780/4780 4747/4747/4747 4830/4830/4830
f 4779/4779/4779 4816/4816/4816 4806/4806/4806
f 4803/4803/4803 4805/4805/4805 4815/4815/4815
f 4754/4754/4754 4831/4831/4831 4824/4824/4824
f 4825/4825/4825 4739/4739/4739 4810/4810/4810
f 4698/4698/4698 4758/4758/4758 4785/4785/4785
f 4784/4784/4784 4832/4832/4832 4787/4787/4787
f 4790/4790/4790 4815/4815/4815 4834/4834/4834
f 4805/4805/4805 4835/4835/4835 4827/4827/4827
f 4818/4818/4818 4781/4781/4781 4828/4828/4828
f 4754/4754/4754 4836/4836/4836 4831/4831/4831
f 4716/4716/4716 4807/4807/4807 4837/4837/4837
f 4716/4716/4716 4837/4837/4837 4808/4808/4808
f 4754/4754/4754 4811/4811/4811 4836/4836/4836
f 4787/4787/4787 4832/4832/4832 4800/4800/4800
f 4758/4758/4758 4801/4801/4801 4785/4785/4785
f 4746/4746/4746 4784/4784/4784 4829/4829/4829
f 4784/4784/4784 4790/4790/4790 4834/4834/4834
f 4815/4815/4815 4778/4778/4778 4829/4829/4829
f 4803/4803/4803 4835/4835/4835 4805/4805/4805
f 4792/4792/4792 4835/4835/4835 4803/4803/4803
f 4817/4817/4817 4827/4827/4827 4792/4792/4792
f 4818/4818/4818 4823/4823/4823 4820/4820/4820
f 4822/4822/4822 4840/4840/4840 4842/4842/4842
f 4796/4796/4796 4821/4821/4821 4841/4841/4841
f 4796/4796/4796 4845/4845/4845 4798/4798/4798
f 4807/4807/4807 4797/4797/4797 4844/4844/4844
f 4807/4807/4807 4844/4844/4844 4837/4837/4837
f 4814/4814/4814 4809/4809/4809 4812/4812/4812
f 4785/4785/4785 4801/4801/4801 4833/4833/4833
f 4792/4792/4792 4827/4827/4827 4835/4835/4835
f 4820/4820/4820 4823/4823/4823 4839/4839/4839
f 4796/4796/4796 4841/4841/4841 4845/4845/4845
f 4815/4815/4815 4829/4829/4829 4834/4834/4834
f 4839/4839/4839 4823/4823/4823 4848/4848/4848
f 4838/4838/4838 4853/4853/4853 4809/4809/4809
f 4829/4829/4829 4784/4784/4784 4834/4834/4834
f 4824/4824/4824 4831/4831/4831 4849/4849/4849
f 4841/4841/4841 4854/4854/4854 4845/4845/4845
f 4838/4838/4838 4847/4847/4847 4853/4853/4853
f 4847/4847/4847 4856/4856/4856 4853/4853/4853
f 4836/4836/4836 4811/4811/4811 4852/4852/4852
f 4809/4809/4809 4853/4853/4853 4812/4812/4812
f 4842/4842/4842 4857/4857/4857 4858/4858/4858
f 4842/4842/4842 4850/4850/4850 4857/4857/4857
f 4842/4842/4842 4840/4840/4840 4850/4850/4850
f 4846/4846/4846 4855/4855/4855 4861/4861/4861
f 4836/4836/4836 4852/4852/4852 4831/4831/4831
f 4843/4843/4843 4859/4859/4859 4863/4863/4863
f 4857/4857/4857 4850/4850/4850 4864/4864/4864
f 4843/4843/4843 4863/4863/4863 4855/4855/4855
f 4831/4831/4831 4852/4852/4852 4849/4849/4849
f 4856/4856/4856 4847/4847/4847 4867/4867/4867
f 4851/4851/4851 4853/4853/4853 4856/4856/4856
f 4857/4857/4857 4868/4868/4868 4858/4858/4858
f 4861/4861/4861 4855/4855/4855 4863/4863/4863
f 4856/4856/4856 4867/4867/4867 4851/4851/4851
f 4847/4847/4847 4862/4862/4862 4867/4867/4867
f 4857/4857/4857 4869/4869/4869 4868/4868/4868
f 4857/4857/4857 4864/4864/4864 4869/4869/4869
f 4859/4859/4859 4871/4871/4871 4863/4863/4863
f 4860/4860/4860 4872/4872/4872 4866/4866/4866
f 4851/4851/4851 4876/4876/4876 4865/4865/4865
f 4851/4851/4851 4867/4867/4867 4875/4875/4875
f 4860/4860/4860 4877/4877/4877 4872/4872/4872
f 4861/4861/4861 4863/4863/4863 4880/4880/4880
f 4868/4868/4868 4869/4869/4869 4858/4858/4858
f 4863/4863/4863 4881/4881/4881 4880/4880/4880
f 4863/4863/4863 4882/4882/4882 4881/4881/4881
f 4876/4876/4876 4851/4851/4851 4875/4875/4875
f 4880/4880/4880 4881/4881/4881 4884/4884/4884
f 4871/4871/4871 4859/4859/4859 4887/4887/4887
f 4865/4865/4865 4876/4876/4876 4870/4870/4870
f 4871/4871/4871 4889/4889/4889 4891/4891/4891
f 4863/4863/4863 4871/4871/4871 4891/4891/4891
f 4878/4878/4878 4892/4892/4892 4873/4873/4873
f 4881/4881/4881 4882/4882/4882 4884/4884/4884
f 4893/4893/4893 4879/4879/4879 4883/4883/4883
f 4858/4858/4858 4869/4869/4869 4886/4886/4886
f 4876/4876/4876 4895/4895/4895 4870/4870/4870
f 4863/4863/4863 4891/4891/4891 4882/4882/4882
f 4893/4893/4893 4883/4883/4883 4874/4874/4874
f 4882/4882/4882 4896/4896/4896 4884/4884/4884
f 4871/4871/4871 4887/4887/4887 4889/4889/4889
f 4889/4889/4889 4898/4898/4898 4891/4891/4891
f 4875/4875/4875 4895/4895/4895 4876/4876/4876
f 4882/4882/4882 4891/4891/4891 4896/4896/4896
f 4885/4885/4885 4897/4897/4897 4875/4875/4875
f 4890/4890/4890 4888/4888/4888 4895/4895/4895
f 4889/4889/4889 4894/4894/4894 4898/4898/4898
f 4870/4870/4870 4895/4895/4895 4888/4888/4888
f 4891/4891/4891 4898/4898/4898 4900/4900/4900
f 4898/4898/4898 4902/4902/4902 4900/4900/4900
f 4899/4899/4899 4895/4895/4895 4903/4903/4903
f 4895/4895/4895 4904/4904/4904 4903/4903/4903
f 4901/4901/4901 4904/4904/4904 4905/4905/4905
f 4901/4901/4901 4903/4903/4903 4904/4904/4904
f 4895/4895/4895 4905/4905/4905 4904/4904/4904
f 4875/4875/4875 4905/4905/4905 4895/4895/4895
f 4905/4905/4905 4897/4897/4897 4901/4901/4901
f 4891/4891/4891 4900/4900/4900 4896/4896/4896
f 4875/4875/4875 4897/4897/4897 4905/4905/4905
