# goblin-commander - Tower Lords enemy model. MIT licence, (c) 2026 Imyala. Y up, faces +Z, feet at y=-0.95.
mtllib goblin-commander_5k.mtl
o goblin-commander
v -0.91246 -0.72134 0.34691
v -0.91246 -0.72134 0.34691
v -0.91246 -0.72134 0.34691
v -0.88833 -0.72012 0.35289
v -0.88706 -0.70032 0.36433
v -0.88706 -0.70032 0.36433
v -0.87673 -0.71443 0.36432
v -0.87673 -0.71443 0.36432
v -0.83420 -0.74229 0.35269
v -0.83420 -0.74229 0.35269
v -0.84466 -0.69852 0.38347
v -0.84466 -0.69852 0.38347
v -0.84256 -0.66798 0.34268
v -0.84256 -0.66798 0.34268
v -0.86409 -0.67779 0.34189
v -0.86409 -0.67779 0.34189
v -0.83775 -0.65849 0.30936
v -0.84965 -0.70543 0.49710
v -0.84965 -0.70543 0.49710
v -0.84965 -0.70543 0.49710
v -0.81665 -0.71108 0.38588
v -0.86754 -0.71249 0.48883
v -0.86754 -0.71249 0.48883
v -0.78555 -0.73625 0.44661
v -0.78555 -0.73625 0.44661
v -0.78555 -0.73625 0.44661
v -0.78555 -0.73625 0.44661
v -0.83521 -0.69625 0.44035
v -0.83123 -0.67730 0.45637
v -0.83123 -0.67730 0.45637
v -0.84373 -0.57780 0.26399
v -0.84373 -0.57780 0.26399
v -0.84830 -0.56652 0.25148
v -0.84830 -0.56652 0.25148
v -0.84830 -0.56652 0.25148
v -0.79951 -0.63857 0.25146
v -0.79951 -0.63857 0.25146
v -0.82915 -0.73418 0.35395
v -0.82915 -0.73418 0.35395
v -0.79940 -0.66901 0.44005
v -0.79940 -0.66901 0.44005
v -0.79940 -0.66901 0.44005
v -0.81157 -0.76425 0.28132
v -0.81157 -0.76425 0.28132
v -0.82455 -0.75985 0.38256
v -0.78822 -0.69340 0.47457
v -0.78822 -0.69340 0.47457
v -0.80700 -0.60047 0.31413
v -0.80700 -0.60047 0.31413
v -0.83035 -0.60412 0.29105
v -0.83035 -0.60412 0.29105
v -0.82017 -0.66918 0.25482
v -0.82017 -0.66918 0.25482
v -0.78680 -0.73879 0.24746
v -0.78680 -0.73879 0.24746
v -0.79200 -0.58670 0.38342
v -0.79200 -0.58670 0.38342
v -0.76666 -0.58503 0.26717
v -0.76666 -0.58503 0.26717
v -0.81023 -0.78307 0.21238
v -0.81023 -0.78307 0.21238
v -0.77617 -0.79419 0.27087
v -0.80472 -0.62330 0.41443
v -0.80472 -0.62330 0.41443
v -0.78572 -0.80369 0.37790
v -0.78572 -0.80369 0.37790
v -0.76062 -0.58904 0.42573
v -0.76062 -0.58904 0.42573
v -0.75667 -0.80064 0.24133
v -0.75667 -0.80064 0.24133
v -0.75882 -0.81589 0.34181
v -0.75882 -0.81589 0.34181
v -0.80495 -0.69197 0.22276
v -0.80495 -0.69197 0.22276
v -0.75949 -0.75392 0.22143
v -0.75949 -0.75392 0.22143
v -0.75949 -0.75392 0.22143
v -0.75949 -0.75392 0.22143
v -0.78391 -0.61959 0.43091
v -0.78391 -0.61959 0.43091
v -0.78391 -0.61959 0.43091
v -0.76081 -0.79898 0.27003
v -0.76081 -0.79898 0.27003
v -0.75340 -0.67210 0.47532
v -0.74194 -0.76081 0.47160
v -0.74194 -0.76081 0.47160
v -0.74194 -0.76081 0.47160
v -0.73652 -0.55533 0.29347
v -0.73652 -0.55533 0.29347
v -0.73652 -0.55533 0.29347
v -0.73081 -0.54947 0.37911
v -0.71431 -0.69325 0.19294
v -0.71431 -0.69325 0.19294
v -0.71431 -0.69325 0.19294
v -0.73743 -0.59018 0.43619
v -0.73743 -0.59018 0.43619
v -0.74264 -0.56817 0.27423
v -0.74264 -0.56817 0.27423
v -0.74264 -0.56817 0.27423
v -0.70196 -0.79305 0.44447
v -0.73666 -0.61346 0.45655
v -0.73259 -0.56372 0.49929
v -0.73259 -0.56372 0.49929
v -0.74665 -0.53971 0.26880
v -0.74665 -0.53971 0.26880
v -0.69483 -0.73617 0.19371
v -0.69483 -0.73617 0.19371
v -0.69483 -0.73617 0.19371
v -0.69483 -0.73617 0.19371
v -0.72478 -0.61349 0.21471
v -0.72478 -0.61349 0.21471
v -0.72478 -0.61349 0.21471
v -0.68775 -0.53810 0.33858
v -0.70348 -0.78970 0.48166
v -0.70348 -0.78970 0.48166
v -0.67633 -0.61237 0.46229
v -0.67633 -0.61237 0.46229
v -0.65886 -0.56238 0.26950
v -0.65886 -0.56238 0.26950
v -0.65886 -0.56238 0.26950
v -0.65886 -0.56238 0.26950
v -0.69099 -0.54201 0.38742
v -0.66056 -0.80328 0.39836
v -0.72959 -0.43082 -0.05188
v -0.70390 -0.45170 -0.02073
v -0.70474 -0.44780 0.00735
v -0.72439 -0.43921 0.00481
v -0.70150 -0.41009 0.03467
v -0.70150 -0.41009 0.03467
v -0.70150 -0.41009 0.03467
v -0.69391 -0.89804 0.35880
v -0.70428 -0.85531 0.33120
v -0.70428 -0.85531 0.33120
v -0.65540 -0.83379 0.32823
v -0.65540 -0.83379 0.32823
v -0.66976 -0.76638 0.46417
v -0.66976 -0.76638 0.46417
v -0.66976 -0.76638 0.46417
v -0.70358 -0.72507 0.16000
v -0.70358 -0.72507 0.16000
v -0.71369 -0.57327 0.19537
v -0.71369 -0.57327 0.19537
v -0.70978 -0.57392 0.17565
v -0.70366 -0.59968 0.16821
v -0.70366 -0.59968 0.16821
v -0.70366 -0.59968 0.16821
v -0.69503 -0.55805 0.20977
v -0.69426 -0.59140 0.44969
v -0.70489 -0.50318 0.37288
v -0.70202 -0.50358 -0.06045
v -0.70202 -0.50358 -0.06045
v -0.70202 -0.50358 -0.06045
v -0.70202 -0.50358 -0.06045
v -0.70202 -0.50358 -0.06045
v -0.71816 -0.49534 0.02080
v -0.71816 -0.49534 0.02080
v -0.71816 -0.49534 0.02080
v -0.69782 -0.43802 -0.05414
v -0.72842 -0.43613 0.04382
v -0.72842 -0.43613 0.04382
v -0.69880 -0.44171 0.05883
v -0.69880 -0.44171 0.05883
v -0.69880 -0.44171 0.05883
v -0.71926 -0.43759 0.06085
v -0.71926 -0.43759 0.06085
v -0.69525 -0.43152 0.06866
v -0.69643 -0.69912 0.48783
v -0.70218 -0.68537 0.17361
v -0.70218 -0.68537 0.17361
v -0.67717 -0.67621 0.47793
v -0.66404 -0.63501 0.20301
v -0.66404 -0.63501 0.20301
v -0.71495 -0.56114 0.11728
v -0.71495 -0.56114 0.11728
v -0.68132 -0.57939 0.43646
v -0.69106 -0.54897 0.18313
v -0.69106 -0.54897 0.18313
v -0.65992 -0.52966 0.16456
v -0.65992 -0.52966 0.16456
v -0.65992 -0.52966 0.16456
v -0.67982 -0.51623 0.13512
v -0.67982 -0.51623 0.13512
v -0.67982 -0.51623 0.13512
v -0.67126 -0.43999 0.04830
v -0.67126 -0.43999 0.04830
v -0.68843 -0.34430 0.00674
v -0.69550 -0.36905 -0.07974
v -0.69550 -0.36905 -0.07974
v -0.68186 -0.55218 0.08887
v -0.68186 -0.55218 0.08887
v -0.69069 -0.57213 0.11548
v -0.66014 -0.57462 0.22309
v -0.63563 -0.57247 -0.00270
v -0.67171 -0.39019 -0.09330
v -0.67171 -0.39019 -0.09330
v -0.68230 -0.32567 -0.01150
v -0.68230 -0.32567 -0.01150
v -0.69146 -0.32514 -0.06019
v -0.69146 -0.32514 -0.06019
v -0.69146 -0.32514 -0.06019
v -0.67651 -0.78914 0.22946
v -0.67651 -0.78914 0.22946
v -0.62947 -0.79616 0.41867
v -0.62947 -0.79616 0.41867
v -0.63007 -0.68834 0.20243
v -0.64527 -0.58538 0.17946
v -0.64527 -0.58538 0.17946
v -0.65130 -0.55275 -0.05466
v -0.65130 -0.55275 -0.05466
v -0.65130 -0.55275 -0.05466
v -0.65130 -0.55275 -0.05466
v -0.68475 -0.51526 0.06233
v -0.68475 -0.51526 0.06233
v -0.69023 -0.53806 0.07080
v -0.69023 -0.53806 0.07080
v -0.68939 -0.54759 0.02709
v -0.68939 -0.54759 0.02709
v -0.68939 -0.54759 0.02709
v -0.67122 -0.48192 0.04507
v -0.67122 -0.48192 0.04507
v -0.67122 -0.48192 0.04507
v -0.69441 -0.44622 -0.09225
v -0.69441 -0.44622 -0.09225
v -0.67668 -0.40611 -0.08814
v -0.66700 -0.36406 -0.09545
v -0.66700 -0.36406 -0.09545
v -0.64713 -0.69827 0.47483
v -0.64713 -0.69827 0.47483
v -0.64896 -0.59519 0.44181
v -0.64896 -0.59519 0.44181
v -0.64293 -0.57654 0.11264
v -0.64293 -0.57654 0.11264
v -0.64018 -0.55175 0.30713
v -0.64018 -0.55175 0.30713
v -0.66835 -0.52282 -0.05334
v -0.66835 -0.52282 -0.05334
v -0.65471 -0.55166 0.04952
v -0.65471 -0.55166 0.04952
v -0.65471 -0.55166 0.04952
v -0.63201 -0.46555 -0.11303
v -0.63201 -0.46555 -0.11303
v -0.63201 -0.46555 -0.11303
v -0.66889 -0.42223 0.05959
v -0.66960 -0.35413 -0.09256
v -0.66983 -0.31876 -0.07093
v -0.66983 -0.31876 -0.07093
v -0.66679 -0.32465 -0.08139
v -0.66679 -0.32465 -0.08139
v -0.65035 -0.29784 -0.01980
v -0.65035 -0.29784 -0.01980
v -0.66367 -0.31701 -0.05534
v -0.65511 -0.65346 0.47163
v -0.65511 -0.65346 0.47163
v -0.64603 -0.57374 0.21037
v -0.63819 -0.50574 -0.10365
v -0.63819 -0.50574 -0.10365
v -0.63819 -0.50574 -0.10365
v -0.65405 -0.52362 0.12873
v -0.65405 -0.52362 0.12873
v -0.61745 -0.50662 0.09117
v -0.61745 -0.50662 0.09117
v -0.63314 -0.39861 0.01921
v -0.64011 -0.37627 0.03425
v -0.64011 -0.37627 0.03425
v -0.64011 -0.37627 0.03425
v -0.64888 -0.80669 0.25688
v -0.63667 -0.66269 0.51654
v -0.63201 -0.56257 0.13310
v -0.63201 -0.56257 0.13310
v -0.63201 -0.56257 0.13310
v -0.64474 -0.58187 0.24614
v -0.64474 -0.58187 0.24614
v -0.64474 -0.58187 0.24614
v -0.60534 -0.57121 0.35060
v -0.60534 -0.57121 0.35060
v -0.65210 -0.48723 0.04435
v -0.65210 -0.48723 0.04435
v -0.63387 -0.41234 -0.12140
v -0.64547 -0.34419 0.01180
v -0.64547 -0.34419 0.01180
v -0.63891 -0.80214 0.28269
v -0.63891 -0.80214 0.28269
v -0.60252 -0.76258 0.24259
v -0.60252 -0.76258 0.24259
v -0.61582 -0.67780 0.54635
v -0.61582 -0.67780 0.54635
v -0.64476 -0.56395 0.17332
v -0.63392 -0.52089 0.10473
v -0.63392 -0.52089 0.10473
v -0.66127 -0.42583 -0.19023
v -0.66127 -0.42583 -0.19023
v -0.66127 -0.42583 -0.19023
v -0.65595 -0.44451 -0.17777
v -0.65595 -0.44451 -0.17777
v -0.64355 -0.43113 -0.17306
v -0.64858 -0.35304 -0.10992
v -0.64858 -0.35304 -0.10992
v -0.62079 -0.30600 -0.02589
v -0.62079 -0.30600 -0.02589
v -0.62079 -0.30600 -0.02589
v -0.62079 -0.30600 -0.02589
v -0.60178 -0.80649 0.34529
v -0.60178 -0.80649 0.34529
v -0.58314 -0.68066 0.44565
v -0.58314 -0.68066 0.44565
v -0.63139 -0.50245 0.05985
v -0.63139 -0.50245 0.05985
v -0.63139 -0.50245 0.05985
v -0.58986 -0.50126 0.07688
v -0.58986 -0.50126 0.07688
v -0.61679 -0.41252 -0.15344
v -0.61679 -0.41252 -0.15344
v -0.65197 -0.27543 0.02191
v -0.65197 -0.27543 0.02191
v -0.65197 -0.27543 0.02191
v -0.61643 -0.94130 0.00573
v -0.61643 -0.94130 0.00573
v -0.60662 -0.90321 0.00091
v -0.61933 -0.93045 -0.03946
v -0.61933 -0.93045 -0.03946
v -0.61933 -0.93045 -0.03946
v -0.63690 -0.47186 -0.13728
v -0.63690 -0.47186 -0.13728
v -0.62696 -0.35861 0.03695
v -0.61906 -0.36166 -0.10146
v -0.61906 -0.36166 -0.10146
v -0.61906 -0.36166 -0.10146
v -0.61906 -0.36166 -0.10146
v -0.64433 -0.27930 -0.08169
v -0.62106 -0.26272 -0.08428
v -0.62106 -0.26272 -0.08428
v -0.62106 -0.26272 -0.08428
v -0.62792 -0.85572 -0.34556
v -0.62792 -0.85572 -0.34556
v -0.59798 -0.79365 -0.33732
v -0.59798 -0.79365 -0.33732
v -0.63255 -0.83521 -0.33504
v -0.63255 -0.83521 -0.33504
v -0.59844 -0.81717 0.21120
v -0.59844 -0.81717 0.21120
v -0.59844 -0.81717 0.21120
v -0.60289 -0.69782 0.45428
v -0.60289 -0.69782 0.45428
v -0.59105 -0.60654 0.40947
v -0.59105 -0.60654 0.40947
v -0.57968 -0.63290 0.26443
v -0.57968 -0.63290 0.26443
v -0.60722 -0.56947 0.39932
v -0.60722 -0.56947 0.39932
v -0.58952 -0.54467 -0.00493
v -0.58952 -0.54467 -0.00493
v -0.59180 -0.54486 0.04943
v -0.59180 -0.54486 0.04943
v -0.59180 -0.54486 0.04943
v -0.58666 -0.54359 -0.08457
v -0.58666 -0.54359 -0.08457
v -0.62960 -0.53237 0.10270
v -0.61514 -0.48448 -0.13165
v -0.61564 -0.42078 -0.13181
v -0.61564 -0.42078 -0.13181
v -0.61564 -0.42078 -0.13181
v -0.61075 -0.35712 0.01503
v -0.61415 -0.32626 0.02545
v -0.60759 -0.67054 0.50690
v -0.60759 -0.67054 0.50690
v -0.60759 -0.67054 0.50690
v -0.57978 -0.48422 -0.11772
v -0.57978 -0.48422 -0.11772
v -0.57978 -0.48422 -0.11772
v -0.57978 -0.48422 -0.11772
v -0.58737 -0.47307 -0.15422
v -0.59960 -0.40619 -0.23856
v -0.59960 -0.40619 -0.23856
v -0.61183 -0.37618 0.02798
v -0.61183 -0.37618 0.02798
v -0.57988 -0.39779 -0.11604
v -0.57988 -0.39779 -0.11604
v -0.59482 -0.37778 0.02030
v -0.59482 -0.37778 0.02030
v -0.59482 -0.37778 0.02030
v -0.58193 -0.31706 0.02797
v -0.58193 -0.31706 0.02797
v -0.58193 -0.31706 0.02797
v -0.55528 -0.94073 -0.08599
v -0.55528 -0.94073 -0.08599
v -0.57910 -0.93804 0.01645
v -0.57910 -0.93804 0.01645
v -0.59916 -0.67826 -0.31618
v -0.59916 -0.67826 -0.31618
v -0.58288 -0.50058 -0.05421
v -0.58288 -0.50058 -0.05421
v -0.58288 -0.50058 -0.05421
v -0.60104 -0.40077 0.02017
v -0.60104 -0.40077 0.02017
v -0.59244 -0.40929 -0.22587
v -0.59244 -0.40929 -0.22587
v -0.61195 -0.34449 -0.14751
v -0.61195 -0.34449 -0.14751
v -0.58261 -0.34146 -0.13792
v -0.58261 -0.34146 -0.13792
v -0.58261 -0.34146 -0.13792
v -0.61197 -0.29232 -0.14294
v -0.61197 -0.29232 -0.14294
v -0.58466 -0.25591 -0.02402
v -0.58466 -0.25591 -0.02402
v -0.58466 -0.25591 -0.02402
v -0.58466 -0.25591 -0.02402
v -0.58466 -0.25591 -0.02402
v -0.61252 -0.27725 -0.02786
v -0.61983 -0.26253 -0.00979
v -0.61983 -0.26253 -0.00979
v -0.58979 -0.31012 -0.00669
v -0.58979 -0.31012 -0.00669
v -0.55572 -0.71859 0.38267
v -0.55572 -0.71859 0.38267
v -0.55572 -0.71859 0.38267
v -0.59725 -0.55704 -0.04177
v -0.59725 -0.55704 -0.04177
v -0.59725 -0.55704 -0.04177
v -0.62247 -0.51896 -0.04689
v -0.62247 -0.51896 -0.04689
v -0.58176 -0.50616 -0.09201
v -0.58176 -0.50616 -0.09201
v -0.58176 -0.50616 -0.09201
v -0.57769 -0.42035 -0.12036
v -0.57769 -0.42035 -0.12036
v -0.57769 -0.42035 -0.12036
v -0.57769 -0.42035 -0.12036
v -0.57769 -0.42035 -0.12036
v -0.59787 -0.37412 -0.11339
v -0.59787 -0.37412 -0.11339
v -0.58266 -0.35954 0.01725
v -0.58266 -0.35954 0.01725
v -0.58266 -0.35954 0.01725
v -0.55178 -0.81617 0.36098
v -0.55178 -0.81617 0.36098
v -0.58972 -0.71795 -0.30420
v -0.57837 -0.58920 0.37040
v -0.54652 -0.40583 -0.19700
v -0.54652 -0.40583 -0.19700
v -0.56437 -0.43278 -0.15975
v -0.56437 -0.43278 -0.15975
v -0.58357 -0.34407 0.04504
v -0.58357 -0.34407 0.04504
v -0.55226 -0.35265 -0.14890
v -0.55226 -0.35265 -0.14890
v -0.55226 -0.35265 -0.14890
v -0.55226 -0.35265 -0.14890
v -0.55226 -0.35265 -0.14890
v -0.55226 -0.35265 -0.14890
v -0.55226 -0.35265 -0.14890
v -0.59556 -0.27878 -0.07615
v -0.59556 -0.27878 -0.07615
v -0.58506 -0.26669 -0.04915
v -0.58506 -0.26669 -0.04915
v -0.58506 -0.26669 -0.04915
v -0.58506 -0.26669 -0.04915
v -0.58506 -0.26669 -0.04915
v -0.58348 -0.94518 0.05951
v -0.60623 -0.92336 0.07539
v -0.60623 -0.92336 0.07539
v -0.58349 -0.91408 0.00183
v -0.58349 -0.91408 0.00183
v -0.56818 -0.69279 0.26063
v -0.54775 -0.55027 0.38778
v -0.54775 -0.55027 0.38778
v -0.54775 -0.55027 0.38778
v -0.59301 -0.46072 -0.04644
v -0.59301 -0.46072 -0.04644
v -0.59301 -0.46072 -0.04644
v -0.59672 -0.41763 -0.01043
v -0.59672 -0.41763 -0.01043
v -0.59672 -0.41763 -0.01043
v -0.59672 -0.41763 -0.01043
v -0.58212 -0.46703 -0.07243
v -0.58212 -0.46703 -0.07243
v -0.56059 -0.45711 -0.02932
v -0.56059 -0.45711 -0.02932
v -0.56511 -0.44108 -0.00202
v -0.56511 -0.44108 -0.00202
v -0.56511 -0.44108 -0.00202
v -0.56511 -0.44108 -0.00202
v -0.56511 -0.44108 -0.00202
v -0.56511 -0.44108 -0.00202
v -0.58408 -0.42989 0.00945
v -0.58408 -0.42989 0.00945
v -0.56934 -0.40243 0.00229
v -0.56934 -0.40243 0.00229
v -0.58264 -0.29757 -0.13663
v -0.58264 -0.29757 -0.13663
v -0.57679 -0.26937 -0.10022
v -0.59101 -0.23993 -0.09466
v -0.52861 -0.89475 -0.10036
v -0.52861 -0.89475 -0.10036
v -0.51319 -0.70319 -0.31825
v -0.51319 -0.70319 -0.31825
v -0.53424 -0.70688 -0.30113
v -0.55705 -0.70510 0.29838
v -0.55705 -0.70510 0.29838
v -0.55555 -0.73482 0.29307
v -0.53331 -0.65496 0.22011
v -0.53331 -0.65496 0.22011
v -0.57399 -0.59926 -0.28485
v -0.55393 -0.59870 -0.27477
v -0.57318 -0.57168 0.36377
v -0.57318 -0.57168 0.36377
v -0.57852 -0.50594 -0.03027
v -0.57144 -0.51951 0.01811
v -0.53984 -0.47031 -0.18114
v -0.53984 -0.47031 -0.18114
v -0.56661 -0.47178 -0.02689
v -0.56661 -0.47178 -0.02689
v -0.55807 -0.44878 -0.05339
v -0.55807 -0.44878 -0.05339
v -0.57075 -0.41880 -0.11846
v -0.57075 -0.41880 -0.11846
v -0.57075 -0.41880 -0.11846
v -0.57075 -0.41880 -0.11846
v -0.57075 -0.41880 -0.11846
v -0.57147 -0.40199 -0.00794
v -0.57147 -0.40199 -0.00794
v -0.55805 -0.39996 -0.10822
v -0.55805 -0.39996 -0.10822
v -0.55805 -0.39996 -0.10822
v -0.55916 -0.22756 -0.05845
v -0.55916 -0.22756 -0.05845
v -0.55916 -0.22756 -0.05845
v -0.55916 -0.22756 -0.05845
v -0.52369 -0.86317 -0.02755
v -0.57358 -0.77353 0.35112
v -0.55812 -0.73159 0.42898
v -0.55812 -0.73159 0.42898
v -0.55812 -0.73159 0.42898
v -0.56049 -0.67656 0.37874
v -0.56049 -0.67656 0.37874
v -0.58557 -0.55736 -0.29786
v -0.58557 -0.55736 -0.29786
v -0.58405 -0.44905 -0.09181
v -0.58405 -0.44905 -0.09181
v -0.51816 -0.37036 -0.00255
v -0.51816 -0.37036 -0.00255
v -0.55684 -0.29992 -0.15407
v -0.55684 -0.29992 -0.15407
v -0.55824 -0.31002 -0.13381
v -0.55824 -0.31002 -0.13381
v -0.57219 -0.21279 -0.13387
v -0.57219 -0.21279 -0.13387
v -0.56192 -0.24133 -0.04740
v -0.56739 -0.20668 -0.11373
v -0.56739 -0.20668 -0.11373
v -0.59928 0.38611 -0.15890
v -0.59928 0.38611 -0.15890
v -0.52933 0.36182 -0.11129
v -0.52933 0.36182 -0.11129
v -0.54126 0.36135 -0.09259
v -0.54126 0.36135 -0.09259
v -0.53862 -0.93134 0.06845
v -0.53862 -0.93134 0.06845
v -0.52983 -0.94366 -0.06155
v -0.54362 -0.87888 -0.05508
v -0.56945 -0.79072 -0.32651
v -0.56945 -0.79072 -0.32651
v -0.55421 -0.69674 0.40522
v -0.51417 -0.69129 0.46885
v -0.51417 -0.69129 0.46885
v -0.55706 -0.67158 0.27245
v -0.55526 -0.44364 -0.14433
v -0.55526 -0.44364 -0.14433
v -0.55712 -0.40791 -0.15386
v -0.54228 -0.42720 0.00056
v -0.54228 -0.42720 0.00056
v -0.54228 -0.42720 0.00056
v -0.54747 -0.38318 -0.12492
v -0.54747 -0.38318 -0.12492
v -0.54747 -0.38318 -0.12492
v -0.54938 -0.38806 0.00707
v -0.54938 -0.38806 0.00707
v -0.57919 -0.33755 -0.01395
v -0.57919 -0.33755 -0.01395
v -0.55640 -0.34399 -0.00597
v -0.55640 -0.34399 -0.00597
v -0.53515 -0.36527 -0.02493
v -0.53515 -0.36527 -0.02493
v -0.53515 -0.36527 -0.02493
v -0.53024 -0.30330 -0.00263
v -0.53024 -0.30330 -0.00263
v -0.57673 -0.28484 -0.17775
v -0.57673 -0.28484 -0.17775
v -0.56796 -0.24220 -0.15121
v -0.56796 -0.24220 -0.15121
v -0.53143 -0.93713 0.01835
v -0.53840 -0.70408 0.36767
v -0.52885 -0.41906 -0.10335
v -0.52885 -0.41906 -0.10335
v -0.52885 -0.41906 -0.10335
v -0.54678 -0.27664 -0.15876
v -0.53647 -0.20554 -0.09766
v -0.53647 -0.20554 -0.09766
v -0.49998 -0.86528 0.00210
v -0.50526 -0.59288 -0.29702
v -0.51882 -0.68588 -0.31424
v -0.52222 -0.46953 -0.26108
v -0.52222 -0.46953 -0.26108
v -0.51598 -0.41710 -0.04272
v -0.51598 -0.41710 -0.04272
v -0.53512 -0.38375 -0.11828
v -0.53512 -0.38375 -0.11828
v -0.52378 -0.32439 -0.13805
v -0.52378 -0.32439 -0.13805
v -0.53390 0.31385 -0.13922
v -0.53390 0.31385 -0.13922
v -0.52509 -0.94749 -0.08490
v -0.49850 -0.70569 0.45638
v -0.49850 -0.70569 0.45638
v -0.51261 -0.69775 -0.29872
v -0.43835 -0.63310 -0.28587
v -0.43835 -0.63310 -0.28587
v -0.50473 -0.41349 -0.05527
v -0.50473 -0.41349 -0.05527
v -0.50473 -0.41349 -0.05527
v -0.52666 -0.35585 -0.10772
v -0.52666 -0.35585 -0.10772
v -0.53102 -0.23739 -0.03533
v -0.53102 -0.23739 -0.03533
v -0.54191 -0.03637 -0.10046
v -0.55503 -0.05664 -0.11278
v -0.55503 -0.05664 -0.11278
v -0.55503 -0.05664 -0.11278
v -0.53456 -0.07170 -0.07240
v -0.53456 -0.07170 -0.07240
v -0.53717 -0.07193 -0.03587
v -0.53717 -0.07193 -0.03587
v -0.53717 -0.07193 -0.03587
v -0.38313 0.32445 -0.08229
v -0.38313 0.32445 -0.08229
v -0.49614 -0.58632 -0.27973
v -0.49404 -0.18733 -0.06934
v -0.49404 -0.18733 -0.06934
v -0.47864 -0.08418 -0.17307
v -0.51266 -0.02797 -0.06688
v -0.53000 0.34351 -0.08599
v -0.51684 -0.91783 0.11663
v -0.51684 -0.91783 0.11663
v -0.49063 -0.67598 -0.29734
v -0.50189 -0.43479 -0.27637
v -0.50189 -0.43479 -0.27637
v -0.51337 -0.38262 -0.01396
v -0.51337 -0.38262 -0.01396
v -0.51337 -0.38262 -0.01396
v -0.49124 -0.36045 -0.11491
v -0.49124 -0.36045 -0.11491
v -0.49124 -0.36045 -0.11491
v -0.49124 -0.36045 -0.11491
v -0.49124 -0.36045 -0.11491
v -0.49124 -0.36045 -0.11491
v -0.49124 -0.36045 -0.11491
v -0.51049 -0.34231 -0.03875
v -0.51049 -0.34231 -0.03875
v -0.48712 -0.32455 -0.15376
v -0.48712 -0.32455 -0.15376
v -0.48712 -0.32455 -0.15376
v -0.48805 -0.29320 -0.03954
v -0.48805 -0.29320 -0.03954
v -0.53270 -0.14337 -0.04389
v -0.53270 -0.14337 -0.04389
v -0.51993 -0.13214 -0.02196
v -0.51993 -0.13214 -0.02196
v -0.51993 -0.13214 -0.02196
v -0.52772 -0.12554 -0.05068
v -0.52772 -0.12554 -0.05068
v -0.50540 -0.03286 -0.13334
v -0.51533 -0.08679 0.03828
v -0.51533 -0.08679 0.03828
v -0.51639 0.34125 -0.06276
v -0.51639 0.34125 -0.06276
v -0.47507 0.33239 -0.15940
v -0.47507 0.33239 -0.15940
v -0.47507 0.33239 -0.15940
v -0.47507 0.33239 -0.15940
v -0.49382 -0.85590 -0.08345
v -0.49382 -0.85590 -0.08345
v -0.50875 -0.36302 -0.07412
v -0.50875 -0.36302 -0.07412
v -0.50875 -0.36302 -0.07412
v -0.51026 -0.35342 -0.09823
v -0.51026 -0.35342 -0.09823
v -0.51026 -0.35342 -0.09823
v -0.51208 -0.34896 -0.12696
v -0.51208 -0.34896 -0.12696
v -0.50462 -0.26362 -0.04807
v -0.50462 -0.26362 -0.04807
v -0.50462 -0.26362 -0.04807
v -0.50462 -0.26362 -0.04807
v -0.48937 -0.11329 -0.03020
v -0.48937 -0.11329 -0.03020
v -0.48937 -0.11329 -0.03020
v -0.48937 -0.11329 -0.03020
v -0.51904 -0.12875 -0.10827
v -0.51904 -0.12875 -0.10827
v -0.46200 -0.05187 -0.09862
v -0.46200 -0.05187 -0.09862
v -0.49680 -0.04343 -0.07369
v -0.50994 0.31780 -0.11780
v -0.50994 0.31780 -0.11780
v -0.48965 -0.89966 -0.11826
v -0.48472 -0.84689 -0.08406
v -0.50738 -0.75517 -0.32910
v -0.50738 -0.75517 -0.32910
v -0.50830 -0.32851 -0.04109
v -0.48093 -0.20331 -0.17063
v -0.48216 -0.25483 -0.18491
v -0.48216 -0.25483 -0.18491
v -0.51985 -0.14582 -0.12099
v -0.51985 -0.14582 -0.12099
v -0.49021 -0.12657 -0.15580
v -0.49021 -0.12657 -0.15580
v -0.50826 -0.14307 -0.14067
v -0.50826 -0.14307 -0.14067
v -0.50353 -0.05822 -0.17781
v -0.50353 -0.05822 -0.17781
v -0.47549 -0.04479 -0.17239
v -0.47549 -0.04479 -0.17239
v -0.47320 -0.91893 -0.12865
v -0.47320 -0.91893 -0.12865
v -0.49083 -0.94474 0.06833
v -0.47608 -0.83719 -0.05344
v -0.47608 -0.83719 -0.05344
v -0.46837 -0.71615 -0.29027
v -0.46837 -0.71615 -0.29027
v -0.46684 -0.70283 -0.29311
v -0.46684 -0.70283 -0.29311
v -0.49107 -0.30926 -0.13549
v -0.49107 -0.30926 -0.13549
v -0.47699 -0.13651 -0.13404
v -0.47699 -0.13651 -0.13404
v -0.47699 -0.13651 -0.13404
v -0.48296 -0.10809 0.01309
v -0.48296 -0.10809 0.01309
v -0.48296 -0.10809 0.01309
v -0.47263 -0.08303 0.00455
v -0.47263 -0.08303 0.00455
v -0.47263 -0.08303 0.00455
v -0.46944 -0.00604 0.02197
v -0.46944 -0.00604 0.02197
v -0.51602 0.27451 -0.12870
v -0.51602 0.27451 -0.12870
v -0.42559 0.33146 -0.04355
v -0.43507 -0.94494 -0.01554
v -0.43507 -0.94494 -0.01554
v -0.43507 -0.94494 -0.01554
v -0.48500 -0.78338 -0.31447
v -0.48500 -0.78338 -0.31447
v -0.48028 -0.74593 -0.32558
v -0.48028 -0.74593 -0.32558
v -0.48028 -0.74593 -0.32558
v -0.48028 -0.74593 -0.32558
v -0.47193 -0.32776 -0.07345
v -0.47193 -0.32776 -0.07345
v -0.49960 -0.14725 -0.00266
v -0.49960 -0.14725 -0.00266
v -0.49960 -0.14725 -0.00266
v -0.48640 -0.13344 -0.16949
v -0.48640 -0.13344 -0.16949
v -0.48640 -0.13344 -0.16949
v -0.48640 -0.13344 -0.16949
v -0.48640 -0.13344 -0.16949
v -0.48640 -0.13344 -0.16949
v -0.47936 -0.14234 0.01164
v -0.47936 -0.14234 0.01164
v -0.45717 0.02008 0.02431
v -0.45717 0.02008 0.02431
v -0.47049 0.02838 -0.11825
v -0.47049 0.02838 -0.11825
v -0.47049 0.02838 -0.11825
v -0.47049 0.02838 -0.11825
v -0.51918 0.06370 -0.07359
v -0.51918 0.06370 -0.07359
v -0.51170 0.06208 -0.06666
v -0.51170 0.06208 -0.06666
v -0.47317 0.05099 -0.05439
v -0.47317 0.05099 -0.05439
v -0.45882 0.19748 -0.07895
v -0.45882 0.19748 -0.07895
v -0.48047 -0.83794 -0.11052
v -0.48047 -0.83794 -0.11052
v -0.48047 -0.83794 -0.11052
v -0.44489 -0.87323 0.00083
v -0.48493 -0.78712 -0.32911
v -0.48493 -0.78712 -0.32911
v -0.48493 -0.78712 -0.32911
v -0.48719 -0.79160 -0.03125
v -0.48719 -0.79160 -0.03125
v -0.48719 -0.79160 -0.03125
v -0.46792 -0.69000 -0.07806
v -0.46792 -0.69000 -0.07806
v -0.48421 -0.75866 -0.08261
v -0.48421 -0.75866 -0.08261
v -0.48690 -0.75608 -0.00791
v -0.47799 -0.72234 -0.01378
v -0.49421 -0.65260 0.08803
v -0.49421 -0.65260 0.08803
v -0.50582 -0.64359 0.08389
v -0.50582 -0.64359 0.08389
v -0.45003 -0.65777 0.10899
v -0.45003 -0.65777 0.10899
v -0.44410 -0.60464 -0.27006
v -0.44410 -0.60464 -0.27006
v -0.48147 -0.15797 -0.02515
v -0.48147 -0.15797 -0.02515
v -0.47349 -0.11130 0.03640
v -0.47349 -0.11130 0.03640
v -0.47349 -0.11130 0.03640
v -0.47349 -0.11130 0.03640
v -0.44009 -0.06176 0.05844
v -0.46990 0.30834 -0.09120
v -0.46990 0.30834 -0.09120
v -0.46990 0.30834 -0.09120
v -0.46990 0.30834 -0.09120
v -0.46112 -0.80092 -0.01228
v -0.46112 -0.80092 -0.01228
v -0.44868 -0.80743 0.00423
v -0.44868 -0.80743 0.00423
v -0.44868 -0.80743 0.00423
v -0.45647 -0.77505 0.00921
v -0.45647 -0.77505 0.00921
v -0.45818 -0.71701 -0.29535
v -0.45818 -0.71701 -0.29535
v -0.46978 -0.64447 -0.04365
v -0.46978 -0.64447 -0.04365
v -0.47473 -0.55495 0.03341
v -0.47473 -0.55495 0.03341
v -0.48975 -0.52387 0.08917
v -0.48975 -0.52387 0.08917
v -0.45335 -0.53185 0.01127
v -0.45335 -0.53185 0.01127
v -0.47878 -0.53519 0.08659
v -0.47878 -0.53519 0.08659
v -0.44150 -0.44438 -0.28856
v -0.44377 -0.24081 -0.08407
v -0.44377 -0.24081 -0.08407
v -0.45173 -0.21245 -0.03885
v -0.42674 -0.13096 -0.02128
v -0.48606 -0.15110 -0.18723
v -0.48606 -0.15110 -0.18723
v -0.45199 -0.15984 -0.19316
v -0.45199 -0.15984 -0.19316
v -0.45199 -0.15984 -0.19316
v -0.45199 -0.15984 -0.19316
v -0.45199 -0.15984 -0.19316
v -0.44859 -0.07052 -0.19995
v -0.46509 0.05868 -0.06860
v -0.44357 0.26628 -0.13463
v -0.43961 -0.94049 0.03312
v -0.43961 -0.94049 0.03312
v -0.45493 -0.88251 0.02128
v -0.47408 -0.84699 -0.05924
v -0.47105 -0.80442 -0.05182
v -0.45609 -0.78209 -0.10332
v -0.45609 -0.78209 -0.10332
v -0.47283 -0.76328 -0.09626
v -0.47283 -0.76328 -0.09626
v -0.44707 -0.75435 0.03163
v -0.44707 -0.75435 0.03163
v -0.46368 -0.74912 -0.11759
v -0.45360 -0.56179 0.08254
v -0.45360 -0.56179 0.08254
v -0.45438 -0.59888 -0.00978
v -0.45438 -0.59888 -0.00978
v -0.46481 -0.53236 0.04719
v -0.46481 -0.53236 0.04719
v -0.44405 -0.49993 0.08403
v -0.44541 -0.40500 -0.26406
v -0.41247 -0.13845 -0.20177
v -0.41247 -0.13845 -0.20177
v -0.41247 -0.13845 -0.20177
v -0.41247 -0.13845 -0.20177
v -0.46329 -0.08719 -0.01794
v -0.46329 -0.08719 -0.01794
v -0.46329 -0.08719 -0.01794
v -0.45027 -0.08589 -0.20318
v -0.45027 -0.08589 -0.20318
v -0.45027 -0.08589 -0.20318
v -0.46524 0.00954 -0.15207
v -0.43394 -0.93880 -0.14563
v -0.43394 -0.93880 -0.14563
v -0.42531 -0.94848 -0.09854
v -0.45703 -0.80958 -0.11390
v -0.45703 -0.80958 -0.11390
v -0.43806 -0.85384 -0.13531
v -0.46124 -0.82064 -0.03964
v -0.46124 -0.82064 -0.03964
v -0.46124 -0.82064 -0.03964
v -0.44566 -0.73906 -0.32352
v -0.44566 -0.73906 -0.32352
v -0.42289 -0.44789 0.08072
v -0.42289 -0.44789 0.08072
v -0.46380 -0.49419 0.08051
v -0.42149 -0.22575 -0.14638
v -0.42149 -0.22575 -0.14638
v -0.46654 -0.10176 0.00408
v -0.44360 -0.07544 -0.17938
v -0.44360 -0.07544 -0.17938
v -0.42970 -0.00884 -0.18371
v -0.44456 0.01534 0.03513
v -0.44456 0.01534 0.03513
v -0.44456 0.01534 0.03513
v -0.42815 0.01892 -0.17798
v -0.42815 0.01892 -0.17798
v -0.42815 0.01892 -0.17798
v -0.46611 0.02589 -0.13398
v -0.46611 0.02589 -0.13398
v -0.43373 -0.90801 0.00857
v -0.43373 -0.90801 0.00857
v -0.43373 -0.90801 0.00857
v -0.45470 -0.82224 -0.02943
v -0.45470 -0.82224 -0.02943
v -0.44810 -0.80324 -0.12502
v -0.43183 -0.67601 -0.09643
v -0.43183 -0.67601 -0.09643
v -0.44141 -0.59538 -0.02336
v -0.44141 -0.59538 -0.02336
v -0.45273 -0.54274 -0.00584
v -0.45273 -0.54274 -0.00584
v -0.44781 -0.54306 -0.02509
v -0.44781 -0.54306 -0.02509
v -0.44781 -0.54306 -0.02509
v -0.44771 -0.46256 0.03031
v -0.44771 -0.46256 0.03031
v -0.42700 -0.46223 -0.02077
v -0.42700 -0.46223 -0.02077
v -0.46770 -0.48496 0.00242
v -0.46770 -0.48496 0.00242
v -0.46853 -0.43857 0.01830
v -0.43271 -0.40036 -0.04469
v -0.43271 -0.40036 -0.04469
v -0.41185 0.07612 -0.09397
v -0.41185 0.07612 -0.09397
v -0.41432 0.04877 0.02343
v -0.41432 0.04877 0.02343
v -0.40775 0.17547 -0.00421
v -0.40775 0.17547 -0.00421
v -0.40775 0.17547 -0.00421
v -0.40775 0.17547 -0.00421
v -0.40775 0.17547 -0.00421
v -0.44926 0.23187 -0.05608
v -0.44926 0.23187 -0.05608
v -0.44926 0.23187 -0.05608
v -0.44926 0.23187 -0.05608
v -0.40965 0.25547 -0.03461
v -0.40965 0.25547 -0.03461
v -0.43590 0.28611 0.01603
v -0.43590 0.28611 0.01603
v -0.44172 -0.80774 -0.01129
v -0.44220 -0.70924 -0.29954
v -0.43531 -0.82200 -0.31886
v -0.43531 -0.82200 -0.31886
v -0.42672 -0.74095 -0.13622
v -0.40916 -0.58154 -0.29209
v -0.43076 -0.62529 -0.27702
v -0.36701 -0.53791 -0.08459
v -0.36701 -0.53791 -0.08459
v -0.40470 -0.51288 -0.26429
v -0.42654 -0.48052 -0.02321
v -0.41631 -0.42793 -0.03979
v -0.41220 -0.35807 -0.00343
v -0.41220 -0.35807 -0.00343
v -0.43423 -0.08140 0.06543
v -0.43423 -0.08140 0.06543
v -0.40985 0.02195 0.05875
v -0.40985 0.02195 0.05875
v -0.40985 0.02195 0.05875
v -0.37180 0.17279 -0.06185
v -0.40088 0.23522 0.01525
v -0.40088 0.23522 0.01525
v -0.43677 -0.85371 -0.01906
v -0.43677 -0.85371 -0.01906
v -0.43677 -0.85371 -0.01906
v -0.43388 -0.84110 -0.01509
v -0.43388 -0.84110 -0.01509
v -0.41847 -0.79993 -0.13278
v -0.43592 -0.80378 -0.00229
v -0.43592 -0.80378 -0.00229
v -0.40165 -0.62904 -0.04111
v -0.40165 -0.62904 -0.04111
v -0.39785 -0.50247 -0.07246
v -0.39785 -0.50247 -0.07246
v -0.39785 -0.50247 -0.07246
v -0.39785 -0.50247 -0.07246
v -0.43115 -0.53807 -0.06861
v -0.43115 -0.53807 -0.06861
v -0.41788 -0.55795 0.12661
v -0.43390 -0.48598 -0.05347
v -0.43390 -0.48598 -0.05347
v -0.41407 -0.42260 0.03677
v -0.42337 -0.37606 -0.25949
v -0.42337 -0.37606 -0.25949
v -0.42337 -0.37606 -0.25949
v -0.41237 -0.36449 0.01083
v -0.44328 -0.37743 -0.27796
v -0.44328 -0.37743 -0.27796
v -0.41244 -0.31263 -0.24972
v -0.41244 -0.31263 -0.24972
v -0.41244 -0.31263 -0.24972
v -0.41435 -0.24106 -0.09376
v -0.41435 -0.24106 -0.09376
v -0.41435 -0.24106 -0.09376
v -0.41435 -0.24106 -0.09376
v -0.41435 -0.24106 -0.09376
v -0.40296 -0.17320 -0.04624
v -0.40296 -0.17320 -0.04624
v -0.40146 -0.09144 0.01110
v -0.40146 -0.09144 0.01110
v -0.40146 -0.09144 0.01110
v -0.39669 0.13045 -0.01218
v -0.39669 0.13045 -0.01218
v -0.39998 0.33285 -0.02030
v -0.39998 0.33285 -0.02030
v -0.38745 -0.92952 -0.04246
v -0.38745 -0.92952 -0.04246
v -0.38745 -0.92952 -0.04246
v -0.39470 -0.85868 -0.14633
v -0.37897 -0.81872 -0.13267
v -0.37897 -0.81872 -0.13267
v -0.37897 -0.81872 -0.13267
v -0.40965 -0.73913 -0.29869
v -0.40965 -0.73913 -0.29869
v -0.40571 -0.67569 -0.28140
v -0.40571 -0.67569 -0.28140
v -0.40881 -0.64818 -0.29132
v -0.40881 -0.64818 -0.29132
v -0.40881 -0.64818 -0.29132
v -0.39482 -0.60053 0.12263
v -0.39482 -0.60053 0.12263
v -0.41715 -0.52657 -0.25319
v -0.42720 -0.42959 0.07460
v -0.42720 -0.42959 0.07460
v -0.42230 -0.43414 0.07994
v -0.41979 -0.37621 -0.02085
v -0.41979 -0.37621 -0.02085
v -0.39796 -0.14586 -0.17289
v -0.39796 -0.14586 -0.17289
v -0.39796 -0.14586 -0.17289
v -0.41855 -0.07265 -0.18337
v -0.41855 -0.07265 -0.18337
v -0.40270 -0.05519 0.08239
v -0.40270 -0.05519 0.08239
v -0.40270 -0.05519 0.08239
v -0.40270 -0.05519 0.08239
v -0.40801 0.00188 0.06909
v -0.40801 0.00188 0.06909
v -0.39282 0.04072 -0.17061
v -0.40257 0.20433 -0.03553
v -0.40257 0.20433 -0.03553
v -0.40257 0.20433 -0.03553
v -0.40257 0.20433 -0.03553
v -0.40515 0.22170 0.03611
v -0.40515 0.22170 0.03611
v -0.40515 0.22170 0.03611
v -0.40911 -0.94289 -0.10298
v -0.37365 -0.73250 -0.12309
v -0.37365 -0.73250 -0.12309
v -0.36229 -0.71876 0.01298
v -0.36229 -0.71876 0.01298
v -0.39792 -0.52452 0.12859
v -0.39792 -0.52452 0.12859
v -0.39792 -0.52452 0.12859
v -0.39792 -0.52452 0.12859
v -0.39792 -0.52452 0.12859
v -0.39792 -0.52452 0.12859
v -0.39204 -0.39112 -0.06894
v -0.39204 -0.39112 -0.06894
v -0.42020 -0.15251 -0.20485
v -0.42020 -0.15251 -0.20485
v -0.40419 -0.03152 -0.20523
v -0.37646 -0.94109 -0.16325
v -0.37646 -0.94109 -0.16325
v -0.39116 -0.80518 -0.00969
v -0.39116 -0.80518 -0.00969
v -0.37964 -0.56509 -0.30262
v -0.40244 -0.45317 -0.05951
v -0.40244 -0.45317 -0.05951
v -0.38238 -0.36706 0.04245
v -0.40360 -0.36932 0.07029
v -0.40360 -0.36932 0.07029
v -0.41278 -0.39075 -0.05104
v -0.39362 -0.09784 0.07536
v -0.39362 -0.09784 0.07536
v -0.37350 -0.07441 -0.21713
v -0.37350 -0.07441 -0.21713
v -0.41934 0.03254 0.12031
v -0.41934 0.03254 0.12031
v -0.41934 0.03254 0.12031
v -0.41934 0.03254 0.12031
v -0.41934 0.03254 0.12031
v -0.40528 0.00825 0.12311
v -0.40528 0.00825 0.12311
v -0.41100 0.00480 0.12900
v -0.41100 0.00480 0.12900
v -0.41100 0.00480 0.12900
v -0.40605 0.06249 0.13167
v -0.40605 0.06249 0.13167
v -0.40605 0.06249 0.13167
v -0.40605 0.06249 0.13167
v -0.40605 0.06249 0.13167
v -0.41286 0.09738 0.03160
v -0.41286 0.09738 0.03160
v -0.41286 0.09738 0.03160
v -0.41286 0.09738 0.03160
v -0.41286 0.09738 0.03160
v -0.41257 0.05161 0.08099
v -0.41257 0.05161 0.08099
v -0.41257 0.05161 0.08099
v -0.41111 0.11514 -0.03527
v -0.41111 0.11514 -0.03527
v -0.38611 0.09292 -0.19849
v -0.38611 0.09292 -0.19849
v -0.39521 0.18463 0.15548
v -0.39521 0.18463 0.15548
v -0.41369 0.17822 0.11001
v -0.40701 0.14769 0.02403
v -0.40701 0.14769 0.02403
v -0.40701 0.14769 0.02403
v -0.38686 0.10669 0.03182
v -0.38686 0.10669 0.03182
v -0.38686 0.10669 0.03182
v -0.38686 0.10669 0.03182
v -0.36975 0.29284 -0.09609
v -0.36975 0.29284 -0.09609
v -0.41550 0.55640 -0.01480
v -0.41021 0.58791 -0.07537
v -0.41021 0.58791 -0.07537
v -0.40328 0.54674 -0.02918
v -0.40660 0.69304 -0.05267
v -0.40660 0.69304 -0.05267
v -0.37063 -0.69651 -0.09077
v -0.36226 -0.53768 0.10879
v -0.36226 -0.53768 0.10879
v -0.37263 -0.38717 0.06692
v -0.37263 -0.38717 0.06692
v -0.37581 -0.37684 -0.25157
v -0.37581 -0.37684 -0.25157
v -0.37581 -0.37684 -0.25157
v -0.37581 -0.37684 -0.25157
v -0.36964 -0.31241 -0.23446
v -0.36964 -0.31241 -0.23446
v -0.36964 -0.31241 -0.23446
v -0.36964 -0.31241 -0.23446
v -0.41590 -0.36257 -0.02320
v -0.41966 -0.29286 -0.24507
v -0.41966 -0.29286 -0.24507
v -0.39858 -0.28794 -0.22191
v -0.40688 -0.27029 -0.23199
v -0.39042 -0.21119 -0.21683
v -0.39042 -0.21119 -0.21683
v -0.40541 -0.19906 -0.09824
v -0.40541 -0.19906 -0.09824
v -0.39012 0.11784 -0.08307
v -0.40032 0.30211 0.04306
v -0.40032 0.30211 0.04306
v -0.42760 0.43394 -0.00365
v -0.42760 0.43394 -0.00365
v -0.38848 0.36597 -0.02080
v -0.39342 0.38862 0.02397
v -0.39342 0.38862 0.02397
v -0.38989 0.53149 -0.06285
v -0.38989 0.53149 -0.06285
v -0.36364 0.56515 0.03787
v -0.36364 0.56515 0.03787
v -0.33409 -0.93425 -0.08994
v -0.33409 -0.93425 -0.08994
v -0.36178 -0.86873 -0.05485
v -0.36178 -0.86873 -0.05485
v -0.36495 -0.78574 -0.11762
v -0.36495 -0.78574 -0.11762
v -0.36193 -0.79914 -0.01234
v -0.36193 -0.79914 -0.01234
v -0.36964 -0.67786 -0.00588
v -0.36964 -0.67786 -0.00588
v -0.39348 -0.44713 0.13328
v -0.39348 -0.44713 0.13328
v -0.38584 -0.39194 0.08913
v -0.37123 -0.38849 0.12276
v -0.37123 -0.38849 0.12276
v -0.37495 -0.36848 -0.22955
v -0.37495 -0.36848 -0.22955
v -0.37495 -0.36848 -0.22955
v -0.38090 -0.29711 -0.01962
v -0.39480 -0.33582 -0.06926
v -0.39189 -0.35892 -0.05998
v -0.39263 -0.18292 -0.12771
v -0.39263 -0.18292 -0.12771
v -0.39263 -0.18292 -0.12771
v -0.38778 -0.18426 -0.04890
v -0.38778 -0.18426 -0.04890
v -0.38292 -0.08786 0.09871
v -0.38292 -0.08786 0.09871
v -0.38292 -0.08786 0.09871
v -0.38269 -0.07034 -0.18235
v -0.38269 -0.07034 -0.18235
v -0.38269 -0.07034 -0.18235
v -0.39364 -0.07226 0.09472
v -0.39364 -0.07226 0.09472
v -0.39278 0.00083 0.09884
v -0.39278 0.00083 0.09884
v -0.39278 0.00083 0.09884
v -0.37604 0.03766 -0.18165
v -0.37604 0.03766 -0.18165
v -0.37604 0.03766 -0.18165
v -0.40088 0.10338 0.11492
v -0.39476 0.12152 -0.01079
v -0.39476 0.12152 -0.01079
v -0.39476 0.12152 -0.01079
v -0.39476 0.12152 -0.01079
v -0.38764 0.15011 0.04041
v -0.38764 0.15011 0.04041
v -0.38764 0.15011 0.04041
v -0.38764 0.15011 0.04041
v -0.39862 0.23595 0.14365
v -0.39897 0.20780 -0.02778
v -0.37668 0.21592 0.00374
v -0.37668 0.21592 0.00374
v -0.37668 0.21592 0.00374
v -0.37668 0.21592 0.00374
v -0.41097 0.32405 0.09508
v -0.39346 0.38426 0.06936
v -0.40051 0.33224 0.13048
v -0.37033 0.43419 -0.01401
v -0.37033 0.43419 -0.01401
v -0.40115 0.51899 -0.04572
v -0.40115 0.51899 -0.04572
v -0.36748 0.48983 -0.01277
v -0.36748 0.48983 -0.01277
v -0.38078 0.69104 -0.02565
v -0.38078 0.69104 -0.02565
v -0.38078 0.69104 -0.02565
v -0.37450 0.69181 -0.07062
v -0.37450 0.69181 -0.07062
v -0.37275 -0.75411 -0.11620
v -0.35164 -0.62432 0.05114
v -0.35164 -0.62432 0.05114
v -0.35164 -0.62432 0.05114
v -0.38585 -0.60264 -0.28422
v -0.38585 -0.60264 -0.28422
v -0.36129 -0.58263 -0.30575
v -0.36129 -0.58263 -0.30575
v -0.36129 -0.58263 -0.30575
v -0.37406 -0.57970 -0.27182
v -0.37406 -0.57970 -0.27182
v -0.38635 -0.54485 -0.09077
v -0.38635 -0.54485 -0.09077
v -0.38100 -0.30515 0.08402
v -0.38339 -0.33645 -0.07141
v -0.32393 -0.12081 -0.22659
v -0.32393 -0.12081 -0.22659
v -0.32393 -0.12081 -0.22659
v -0.32393 -0.12081 -0.22659
v -0.32393 -0.12081 -0.22659
v -0.32393 -0.12081 -0.22659
v -0.38385 -0.19902 -0.13660
v -0.38385 -0.19902 -0.13660
v -0.38385 -0.19902 -0.13660
v -0.38385 -0.19902 -0.13660
v -0.39246 -0.17689 -0.22371
v -0.39246 -0.17689 -0.22371
v -0.38288 -0.12668 -0.21381
v -0.38288 -0.12668 -0.21381
v -0.38288 -0.12668 -0.21381
v -0.38681 -0.17369 -0.22548
v -0.38681 -0.17369 -0.22548
v -0.38681 -0.17369 -0.22548
v -0.39373 -0.15231 0.03410
v -0.36540 -0.16492 0.01268
v -0.38715 0.02578 0.05160
v -0.38715 0.02578 0.05160
v -0.37168 0.09826 -0.03626
v -0.37168 0.09826 -0.03626
v -0.37168 0.09826 -0.03626
v -0.38525 0.09774 -0.09083
v -0.37817 0.07565 0.10827
v -0.37817 0.07565 0.10827
v -0.38063 0.15833 0.13006
v -0.38063 0.15833 0.13006
v -0.36347 0.09896 -0.16462
v -0.38479 0.22345 0.13234
v -0.38479 0.22345 0.13234
v -0.38560 0.23424 0.15135
v -0.38560 0.23424 0.15135
v -0.38560 0.23424 0.15135
v -0.37590 0.31823 0.15331
v -0.37554 0.34633 -0.04137
v -0.37554 0.34633 -0.04137
v -0.37554 0.34633 -0.04137
v -0.38186 0.37817 0.10759
v -0.39735 0.53271 0.00811
v -0.39735 0.53271 0.00811
v -0.37953 0.54406 -0.07810
v -0.36972 0.64483 -0.01515
v -0.33669 -0.92149 -0.14802
v -0.33669 -0.92149 -0.14802
v -0.33669 -0.92149 -0.14802
v -0.35847 -0.71042 -0.09780
v -0.35847 -0.71042 -0.09780
v -0.33069 -0.59614 -0.02702
v -0.33069 -0.59614 -0.02702
v -0.33069 -0.59614 -0.02702
v -0.36651 -0.52887 0.11474
v -0.36651 -0.52887 0.11474
v -0.36651 -0.52887 0.11474
v -0.36651 -0.52887 0.11474
v -0.36651 -0.52887 0.11474
v -0.36651 -0.52887 0.11474
v -0.36815 -0.57583 -0.10988
v -0.36815 -0.57583 -0.10988
v -0.36815 -0.57583 -0.10988
v -0.37518 -0.40770 -0.09601
v -0.37032 -0.46619 -0.11199
v -0.35114 -0.30422 0.08864
v -0.35114 -0.30422 0.08864
v -0.38381 -0.28726 0.03838
v -0.38381 -0.28726 0.03838
v -0.37637 -0.27119 -0.07708
v -0.37637 -0.27119 -0.07708
v -0.37637 -0.27119 -0.07708
v -0.37637 -0.27119 -0.07708
v -0.36479 -0.28589 0.05243
v -0.36479 -0.28589 0.05243
v -0.36479 -0.28589 0.05243
v -0.36479 -0.28589 0.05243
v -0.38087 -0.18839 -0.19250
v -0.38087 -0.18839 -0.19250
v -0.38087 -0.18839 -0.19250
v -0.37772 -0.16310 -0.20543
v -0.37772 -0.16310 -0.20543
v -0.38003 -0.13360 -0.14836
v -0.38003 -0.13360 -0.14836
v -0.38003 -0.13360 -0.14836
v -0.38003 -0.13360 -0.14836
v -0.38003 -0.13360 -0.14836
v -0.34119 -0.15209 -0.19052
v -0.34119 -0.15209 -0.19052
v -0.34119 -0.15209 -0.19052
v -0.34119 -0.15209 -0.19052
v -0.35181 -0.11004 0.08449
v -0.35181 -0.11004 0.08449
v -0.35232 -0.05422 0.09684
v -0.36696 -0.00819 0.08855
v -0.36696 -0.00819 0.08855
v -0.36696 -0.00819 0.08855
v -0.33889 0.11382 -0.09795
v -0.33889 0.11382 -0.09795
v -0.36512 0.11803 0.01814
v -0.36512 0.11803 0.01814
v -0.36512 0.11803 0.01814
v -0.36512 0.11803 0.01814
v -0.35506 0.11772 0.00669
v -0.35506 0.11772 0.00669
v -0.35506 0.11772 0.00669
v -0.35557 0.15926 -0.08883
v -0.35557 0.15926 -0.08883
v -0.37031 0.18574 0.01505
v -0.37031 0.18574 0.01505
v -0.37031 0.18574 0.01505
v -0.36896 0.21886 -0.07597
v -0.37535 0.49976 0.00901
v -0.37535 0.49976 0.00901
v -0.37653 0.52257 0.01653
v -0.35102 0.57814 -0.08411
v -0.35102 0.57814 -0.08411
v -0.34951 -0.93938 -0.13068
v -0.35414 -0.85937 -0.07873
v -0.35414 -0.85937 -0.07873
v -0.36823 -0.82450 -0.06891
v -0.37648 -0.55862 0.12984
v -0.37648 -0.55862 0.12984
v -0.35495 -0.51512 0.13852
v -0.35495 -0.51512 0.13852
v -0.35495 -0.51512 0.13852
v -0.32044 -0.29931 -0.27388
v -0.32044 -0.29931 -0.27388
v -0.35989 -0.34467 0.10606
v -0.35989 -0.34467 0.10606
v -0.36632 -0.28258 -0.03391
v -0.36632 -0.28258 -0.03391
v -0.34978 -0.15478 -0.20365
v -0.34978 -0.15478 -0.20365
v -0.35979 -0.17912 -0.13603
v -0.35979 -0.17912 -0.13603
v -0.35979 -0.17912 -0.13603
v -0.36683 -0.21312 -0.10121
v -0.36212 -0.14172 0.08004
v -0.34877 -0.11698 -0.18873
v -0.34877 -0.11698 -0.18873
v -0.37122 -0.09003 -0.19880
v -0.37122 -0.09003 -0.19880
v -0.35833 -0.00999 0.09287
v -0.35833 -0.00999 0.09287
v -0.37473 0.02470 0.05815
v -0.37473 0.02470 0.05815
v -0.37473 0.02470 0.05815
v -0.35239 0.08122 0.04746
v -0.35239 0.08122 0.04746
v -0.35239 0.08122 0.04746
v -0.35239 0.08122 0.04746
v -0.37311 0.08357 0.00725
v -0.37311 0.08357 0.00725
v -0.35898 0.13667 0.04613
v -0.35898 0.13667 0.04613
v -0.35289 0.26945 0.14524
v -0.35289 0.26945 0.14524
v -0.35289 0.26945 0.14524
v -0.37728 0.26746 0.13124
v -0.37728 0.26746 0.13124
v -0.36215 0.29151 0.18973
v -0.36215 0.29151 0.18973
v -0.34535 0.27698 -0.10964
v -0.34535 0.27698 -0.10964
v -0.34535 0.27698 -0.10964
v -0.34566 0.41259 0.15018
v -0.36636 0.39494 0.12571
v -0.35576 0.51302 -0.08473
v -0.35576 0.51302 -0.08473
v -0.36113 -0.83546 -0.10638
v -0.36113 -0.83546 -0.10638
v -0.36113 -0.83546 -0.10638
v -0.33870 -0.71472 -0.01647
v -0.33870 -0.71472 -0.01647
v -0.31683 -0.61049 -0.12123
v -0.31683 -0.61049 -0.12123
v -0.36732 -0.49421 0.11106
v -0.36732 -0.49421 0.11106
v -0.34890 -0.44476 0.11684
v -0.34890 -0.44476 0.11684
v -0.34049 -0.56503 -0.29168
v -0.35153 -0.43744 -0.12098
v -0.35153 -0.43744 -0.12098
v -0.35797 -0.31831 -0.10966
v -0.35797 -0.31831 -0.10966
v -0.35755 -0.24866 -0.08150
v -0.35755 -0.24866 -0.08150
v -0.35755 -0.24866 -0.08150
v -0.35755 -0.24866 -0.08150
v -0.34368 -0.27388 0.10744
v -0.34368 -0.27388 0.10744
v -0.34368 -0.27388 0.10744
v -0.34368 -0.27388 0.10744
v -0.37270 -0.24570 0.00224
v -0.35236 -0.23460 0.01204
v -0.35236 -0.23460 0.01204
v -0.35236 -0.23460 0.01204
v -0.34948 -0.24832 -0.01302
v -0.34948 -0.24832 -0.01302
v -0.34948 -0.24832 -0.01302
v -0.36601 -0.19224 0.01313
v -0.37211 -0.10736 0.10034
v -0.37211 -0.10736 0.10034
v -0.32979 -0.06238 -0.21486
v -0.32979 -0.06238 -0.21486
v -0.32979 -0.06238 -0.21486
v -0.32979 -0.06238 -0.21486
v -0.32979 -0.06238 -0.21486
v -0.34480 0.05762 -0.16513
v -0.35347 0.09105 -0.11018
v -0.36210 0.11146 0.09600
v -0.36210 0.11146 0.09600
v -0.36806 0.16240 0.12672
v -0.36806 0.16240 0.12672
v -0.34909 0.12758 0.14628
v -0.34909 0.12758 0.14628
v -0.34909 0.12758 0.14628
v -0.33516 0.18824 0.18152
v -0.33516 0.18824 0.18152
v -0.36662 0.33448 0.17198
v -0.36662 0.33448 0.17198
v -0.36662 0.33448 0.17198
v -0.35227 0.62907 -0.02253
v -0.35227 0.62907 -0.02253
v -0.34137 0.76539 -0.06570
v -0.34137 0.76539 -0.06570
v -0.34137 0.76539 -0.06570
v -0.33423 -0.78950 -0.04310
v -0.33423 -0.78950 -0.04310
v -0.33318 -0.60043 0.11221
v -0.33318 -0.60043 0.11221
v -0.33318 -0.60043 0.11221
v -0.33318 -0.60043 0.11221
v -0.34388 -0.40562 0.11377
v -0.34388 -0.40562 0.11377
v -0.32766 -0.26095 -0.24326
v -0.32766 -0.26095 -0.24326
v -0.34325 -0.37519 0.13140
v -0.32524 -0.31022 0.13043
v -0.32524 -0.31022 0.13043
v -0.33110 -0.29735 -0.12437
v -0.33110 -0.29735 -0.12437
v -0.33462 -0.25155 -0.24607
v -0.33462 -0.25155 -0.24607
v -0.34040 -0.19805 0.06848
v -0.34040 -0.19805 0.06848
v -0.32455 -0.11970 0.15416
v -0.32455 -0.11970 0.15416
v -0.32455 -0.11970 0.15416
v -0.31928 -0.03423 -0.23872
v -0.31928 -0.03423 -0.23872
v -0.32615 0.01199 -0.23443
v -0.32615 0.01199 -0.23443
v -0.32615 0.01199 -0.23443
v -0.33256 0.11968 -0.07941
v -0.33944 0.09849 0.04726
v -0.33944 0.09849 0.04726
v -0.33944 0.09849 0.04726
v -0.34955 0.16639 0.00840
v -0.33839 0.31038 0.17493
v -0.33839 0.31038 0.17493
v -0.33839 0.31038 0.17493
v -0.35228 0.34625 -0.13170
v -0.35228 0.34625 -0.13170
v -0.32941 0.47303 0.06326
v -0.32604 0.45737 -0.09533
v -0.32604 0.45737 -0.09533
v -0.32604 0.45737 -0.09533
v -0.33738 0.49767 0.04265
v -0.33738 0.49767 0.04265
v -0.35492 0.50348 -0.06975
v -0.34680 0.48928 -0.05679
v -0.32350 0.60246 -0.04803
v -0.32350 0.60246 -0.04803
v -0.32350 0.60246 -0.04803
v -0.32495 -0.72288 -0.04432
v -0.32133 -0.46837 -0.10277
v -0.32133 -0.46837 -0.10277
v -0.33532 -0.41073 0.13842
v -0.33532 -0.41073 0.13842
v -0.34124 -0.39110 0.10841
v -0.33373 -0.39494 -0.11847
v -0.33373 -0.39494 -0.11847
v -0.32023 -0.25056 -0.12360
v -0.32996 -0.22357 0.10973
v -0.33352 -0.22739 0.08583
v -0.33407 -0.17291 -0.17729
v -0.33407 -0.17291 -0.17729
v -0.34121 -0.22802 -0.14441
v -0.34121 -0.22802 -0.14441
v -0.35355 -0.15149 0.09756
v -0.34547 -0.13262 0.10039
v -0.31420 -0.10533 -0.20443
v -0.31420 -0.10533 -0.20443
v -0.31420 -0.10533 -0.20443
v -0.31420 -0.10533 -0.20443
v -0.33365 0.00020 -0.21108
v -0.32957 0.01007 0.06344
v -0.32957 0.01007 0.06344
v -0.26191 0.05028 0.16197
v -0.34373 0.14084 0.02649
v -0.31868 0.17775 -0.12130
v -0.31868 0.17775 -0.12130
v -0.32997 0.17992 -0.10447
v -0.32997 0.17992 -0.10447
v -0.33366 0.14713 0.17833
v -0.33366 0.14713 0.17833
v -0.33366 0.14713 0.17833
v -0.31412 0.18107 -0.14647
v -0.31412 0.18107 -0.14647
v -0.33323 0.23713 -0.09042
v -0.33323 0.23713 -0.09042
v -0.35258 0.26792 0.13160
v -0.35258 0.26792 0.13160
v -0.32885 0.47312 0.09861
v -0.33365 0.42779 0.19447
v -0.33365 0.42779 0.19447
v -0.33365 0.42779 0.19447
v -0.34283 -0.72049 -0.02455
v -0.34283 -0.72049 -0.02455
v -0.34906 -0.68837 -0.31467
v -0.34906 -0.68837 -0.31467
v -0.35530 -0.62318 -0.29052
v -0.35530 -0.62318 -0.29052
v -0.29006 -0.47806 -0.30449
v -0.29006 -0.47806 -0.30449
v -0.33486 -0.44895 -0.12455
v -0.33486 -0.44895 -0.12455
v -0.33918 -0.18927 0.11739
v -0.32386 -0.11311 0.13673
v -0.32386 -0.11311 0.13673
v -0.32386 -0.11311 0.13673
v -0.32386 -0.11311 0.13673
v -0.32386 -0.11311 0.13673
v -0.32386 -0.11311 0.13673
v -0.33644 0.03455 0.13939
v -0.33644 0.03455 0.13939
v -0.34949 0.03450 0.12746
v -0.34200 0.02381 0.15842
v -0.34200 0.02381 0.15842
v -0.31975 0.01586 0.17024
v -0.31975 0.01586 0.17024
v -0.33489 0.06658 0.11130
v -0.33489 0.06658 0.11130
v -0.33489 0.06658 0.11130
v -0.28914 0.11643 -0.16724
v -0.28914 0.11643 -0.16724
v -0.33569 0.22813 0.15205
v -0.33569 0.22813 0.15205
v -0.34365 0.25691 -0.10364
v -0.34365 0.25691 -0.10364
v -0.32221 0.26626 0.20639
v -0.32221 0.26626 0.20639
v -0.32127 0.38937 0.19717
v -0.32127 0.38937 0.19717
v -0.32398 0.55515 0.02404
v -0.32398 0.55515 0.02404
v -0.33257 0.59940 -0.01382
v -0.33257 0.59940 -0.01382
v -0.33257 0.59940 -0.01382
v -0.33257 0.59940 -0.01382
v -0.34200 -0.51960 0.12365
v -0.30782 -0.48203 0.11667
v -0.30782 -0.48203 0.11667
v -0.31069 -0.43055 -0.15175
v -0.31069 -0.43055 -0.15175
v -0.31069 -0.43055 -0.15175
v -0.34177 -0.33576 -0.13270
v -0.32050 -0.34157 -0.14490
v -0.32050 -0.34157 -0.14490
v -0.31344 -0.31326 -0.14398
v -0.31344 -0.31326 -0.14398
v -0.33414 -0.28699 0.12162
v -0.33414 -0.28699 0.12162
v -0.32596 -0.28163 -0.12216
v -0.32596 -0.28163 -0.12216
v -0.33152 -0.26193 0.13189
v -0.33152 -0.26193 0.13189
v -0.31258 -0.21754 0.12593
v -0.31258 -0.21754 0.12593
v -0.31738 -0.19557 -0.22557
v -0.31738 -0.19557 -0.22557
v -0.32572 -0.20925 0.08915
v -0.32978 -0.19705 0.15457
v -0.32978 -0.19705 0.15457
v -0.30582 -0.13038 0.14258
v -0.30582 -0.13038 0.14258
v -0.30582 -0.13038 0.14258
v -0.34005 -0.06360 -0.21916
v -0.34005 -0.06360 -0.21916
v -0.34005 -0.06360 -0.21916
v -0.31603 -0.01770 0.11190
v -0.31603 -0.01770 0.11190
v -0.31974 0.10237 0.02187
v -0.29342 0.13002 0.15668
v -0.29342 0.13002 0.15668
v -0.30453 0.18941 -0.05941
v -0.30453 0.18941 -0.05941
v -0.30844 0.28034 -0.14438
v -0.30844 0.28034 -0.14438
v -0.32913 0.28007 -0.12646
v -0.32913 0.28007 -0.12646
v -0.27954 0.28775 -0.16577
v -0.31603 0.33684 0.22945
v -0.31603 0.33684 0.22945
v -0.31650 0.32597 0.25500
v -0.31650 0.32597 0.25500
v -0.28191 0.34968 0.26467
v -0.28191 0.34968 0.26467
v -0.28191 0.34968 0.26467
v -0.31377 0.41823 -0.15575
v -0.31377 0.41823 -0.15575
v -0.28691 0.34032 -0.17818
v -0.29279 0.50549 0.14053
v -0.29279 0.50549 0.14053
v -0.29266 0.52289 0.07409
v -0.29266 0.52289 0.07409
v -0.29266 0.52289 0.07409
v -0.30568 0.57880 0.00402
v -0.30568 0.57880 0.00402
v -0.30568 0.57880 0.00402
v -0.30568 0.57880 0.00402
v -0.30568 0.57880 0.00402
v -0.31601 -0.81531 -0.35002
v -0.31601 -0.81531 -0.35002
v -0.32363 -0.81425 -0.31096
v -0.32363 -0.81425 -0.31096
v -0.27908 -0.67406 -0.29278
v -0.27908 -0.67406 -0.29278
v -0.31661 -0.49974 0.09319
v -0.31661 -0.49974 0.09319
v -0.30014 -0.48754 -0.07411
v -0.30014 -0.48754 -0.07411
v -0.29969 -0.49434 0.14226
v -0.29969 -0.49434 0.14226
v -0.31756 -0.39508 0.13564
v -0.31756 -0.39508 0.13564
v -0.30958 -0.37091 0.14871
v -0.26418 -0.26365 -0.14932
v -0.26418 -0.26365 -0.14932
v -0.26315 -0.24034 -0.15302
v -0.26315 -0.24034 -0.15302
v -0.30928 -0.22139 -0.12932
v -0.32064 -0.16132 -0.21626
v -0.32064 -0.16132 -0.21626
v -0.32064 -0.16132 -0.21626
v -0.32064 -0.16132 -0.21626
v -0.32684 -0.12653 -0.24329
v -0.32684 -0.12653 -0.24329
v -0.32684 -0.12653 -0.24329
v -0.32034 -0.08530 -0.22877
v -0.31473 -0.09172 0.14363
v -0.31473 -0.09172 0.14363
v -0.31473 -0.09172 0.14363
v -0.33551 -0.04373 0.13555
v -0.30327 -0.04793 0.11873
v -0.30327 -0.04793 0.11873
v -0.31348 0.03223 -0.21076
v -0.31348 0.03223 -0.21076
v -0.31348 0.03223 -0.21076
v -0.31548 0.03406 0.14042
v -0.31548 0.03406 0.14042
v -0.30408 0.10631 -0.08563
v -0.30408 0.10631 -0.08563
v -0.28260 0.09240 -0.17074
v -0.28260 0.09240 -0.17074
v -0.30079 0.14843 0.20294
v -0.30079 0.14843 0.20294
v -0.31606 0.18910 -0.02291
v -0.30446 0.19332 -0.12639
v -0.33010 0.19179 0.18502
v -0.33010 0.19179 0.18502
v -0.31753 0.31538 0.19743
v -0.31753 0.31538 0.19743
v -0.31753 0.31538 0.19743
v -0.34047 0.46422 -0.14582
v -0.34047 0.46422 -0.14582
v -0.34047 0.46422 -0.14582
v -0.28445 0.58225 -0.05178
v -0.28445 0.58225 -0.05178
v -0.28445 0.58225 -0.05178
v -0.30197 0.54198 -0.08470
v -0.30900 -0.65595 0.12875
v -0.30900 -0.65595 0.12875
v -0.30119 -0.44456 -0.12968
v -0.31514 -0.38138 -0.14133
v -0.31514 -0.38138 -0.14133
v -0.31879 -0.27336 -0.13838
v -0.31879 -0.27336 -0.13838
v -0.28844 -0.30403 -0.21844
v -0.27828 -0.23375 0.14949
v -0.27828 -0.23375 0.14949
v -0.29940 -0.19575 -0.16726
v -0.31174 -0.07129 0.15833
v -0.33181 0.07225 -0.02293
v -0.33181 0.07225 -0.02293
v -0.23976 0.02190 0.11631
v -0.27161 0.07820 0.18837
v -0.29164 0.14137 -0.00797
v -0.28849 0.19200 -0.14899
v -0.27598 0.25083 0.23426
v -0.26293 0.46546 -0.14548
v -0.26293 0.46546 -0.14548
v -0.31316 0.51628 0.09543
v -0.31316 0.51628 0.09543
v -0.28713 0.53935 0.03415
v -0.28713 0.53935 0.03415
v -0.30488 -0.79333 -0.31568
v -0.30488 -0.79333 -0.31568
v -0.28917 -0.71873 -0.30019
v -0.28917 -0.71873 -0.30019
v -0.29268 -0.57647 0.14732
v -0.29268 -0.57647 0.14732
v -0.29268 -0.57647 0.14732
v -0.26890 -0.65175 -0.29938
v -0.29384 -0.55922 0.04013
v -0.29384 -0.55922 0.04013
v -0.28942 -0.52743 -0.13389
v -0.26105 -0.53662 -0.12179
v -0.26105 -0.53662 -0.12179
v -0.28802 -0.44658 -0.29758
v -0.28802 -0.44658 -0.29758
v -0.28802 -0.44658 -0.29758
v -0.28998 -0.47437 -0.27367
v -0.28998 -0.47437 -0.27367
v -0.28998 -0.47437 -0.27367
v -0.30295 -0.37888 -0.14341
v -0.29024 -0.32620 0.15643
v -0.29681 -0.28278 -0.14704
v -0.30729 -0.11430 0.13885
v -0.30729 -0.11430 0.13885
v -0.30729 -0.11430 0.13885
v -0.30729 -0.11430 0.13885
v -0.30729 -0.11430 0.13885
v -0.25828 -0.03703 -0.23665
v -0.25828 -0.03703 -0.23665
v -0.25828 -0.03703 -0.23665
v -0.25285 -0.08769 0.17518
v -0.25285 -0.08769 0.17518
v -0.30828 0.00315 0.17823
v -0.30388 0.17067 0.20175
v -0.30388 0.17067 0.20175
v -0.32015 0.19626 0.19992
v -0.29011 0.24183 -0.13866
v -0.28795 0.35903 0.21559
v -0.28795 0.35903 0.21559
v -0.28325 0.50146 -0.10073
v -0.28325 0.50146 -0.10073
v -0.29171 0.57219 -0.00816
v -0.29171 0.57219 -0.00816
v -0.27429 -0.60303 0.12190
v -0.27429 -0.60303 0.12190
v -0.27429 -0.60303 0.12190
v -0.30535 -0.54161 -0.28057
v -0.29045 -0.41550 -0.26035
v -0.28554 -0.44282 0.14968
v -0.28770 -0.36946 -0.23459
v -0.28770 -0.36946 -0.23459
v -0.26853 -0.42312 0.16983
v -0.26853 -0.42312 0.16983
v -0.29414 -0.34343 0.16406
v -0.27804 -0.26375 0.15129
v -0.27804 -0.26375 0.15129
v -0.27733 -0.18427 -0.20564
v -0.27733 -0.18427 -0.20564
v -0.27733 -0.18427 -0.20564
v -0.27733 -0.18427 -0.20564
v -0.26102 -0.17202 0.15151
v -0.29363 -0.10073 -0.21986
v -0.29363 -0.10073 -0.21986
v -0.29623 -0.10212 0.14233
v -0.29623 -0.10212 0.14233
v -0.29623 -0.10212 0.14233
v -0.29623 -0.10212 0.14233
v -0.27978 -0.06088 0.13190
v -0.27978 -0.06088 0.13190
v -0.24615 -0.04134 0.23599
v -0.24615 -0.04134 0.23599
v -0.24615 -0.04134 0.23599
v -0.24615 -0.04134 0.23599
v -0.27695 -0.01191 0.16962
v -0.27695 -0.01191 0.16962
v -0.26749 0.05893 -0.03124
v -0.28842 0.16830 0.21437
v -0.29818 0.27920 -0.15199
v -0.28232 0.44940 0.21840
v -0.28232 0.44940 0.21840
v -0.28232 0.44940 0.21840
v -0.28232 0.44940 0.21840
v -0.26476 0.44814 -0.16436
v -0.26256 0.48623 -0.14396
v -0.25032 -0.58450 0.11262
v -0.25032 -0.58450 0.11262
v -0.22629 -0.49883 0.02879
v -0.27975 -0.56659 -0.12707
v -0.27975 -0.56659 -0.12707
v -0.25420 -0.51049 -0.28077
v -0.25420 -0.51049 -0.28077
v -0.28560 -0.43850 -0.13202
v -0.28560 -0.43850 -0.13202
v -0.27046 -0.31824 0.16057
v -0.27046 -0.31824 0.16057
v -0.28184 -0.29179 0.15992
v -0.25849 -0.29591 -0.24160
v -0.29396 -0.00724 0.04394
v -0.25207 0.05578 0.19603
v -0.25207 0.05578 0.19603
v -0.25521 0.11987 -0.17401
v -0.25521 0.11987 -0.17401
v -0.25165 0.10156 0.23367
v -0.25165 0.10156 0.23367
v -0.25165 0.10156 0.23367
v -0.25228 0.12400 -0.01290
v -0.28084 0.18681 -0.17449
v -0.28084 0.18681 -0.17449
v -0.27003 0.24323 -0.15533
v -0.26882 0.27539 -0.16363
v -0.24146 0.54730 -0.07735
v -0.24146 0.54730 -0.07735
v -0.27281 -0.47636 0.08892
v -0.27281 -0.47636 0.08892
v -0.27281 -0.47636 0.08892
v -0.27281 -0.47636 0.08892
v -0.25630 -0.49447 -0.10653
v -0.25630 -0.49447 -0.10653
v -0.25630 -0.49447 -0.10653
v -0.26954 -0.45401 -0.12794
v -0.26954 -0.45401 -0.12794
v -0.29963 -0.49501 -0.16172
v -0.29963 -0.49501 -0.16172
v -0.25097 -0.45317 -0.16093
v -0.27932 -0.34495 -0.22769
v -0.22745 -0.31048 -0.16921
v -0.27946 -0.12447 0.17171
v -0.27946 -0.12447 0.17171
v -0.27946 -0.12447 0.17171
v -0.27946 -0.12447 0.17171
v -0.26316 -0.13568 0.17796
v -0.26316 -0.13568 0.17796
v -0.26316 -0.13568 0.17796
v -0.28576 -0.08687 -0.23062
v -0.28576 -0.08687 -0.23062
v -0.20856 -0.06134 0.16426
v -0.25830 0.04465 -0.19028
v -0.25830 0.04465 -0.19028
v -0.21237 0.06420 0.05304
v -0.29283 0.15023 0.21649
v -0.24363 0.12817 -0.03478
v -0.24363 0.12817 -0.03478
v -0.27567 0.24467 -0.15423
v -0.23040 0.35798 0.22831
v -0.26569 0.41921 -0.17249
v -0.26080 0.37502 -0.19752
v -0.25623 -0.67862 0.14979
v -0.25623 -0.67862 0.14979
v -0.25389 -0.52054 -0.03849
v -0.25389 -0.52054 -0.03849
v -0.24751 -0.51309 0.11189
v -0.24751 -0.51309 0.11189
v -0.25625 -0.54653 0.15643
v -0.26407 -0.48200 -0.08988
v -0.26407 -0.48200 -0.08988
v -0.19426 -0.41585 0.15943
v -0.19426 -0.41585 0.15943
v -0.26163 -0.37144 -0.25937
v -0.26163 -0.37144 -0.25937
v -0.24215 -0.26844 0.16736
v -0.24215 -0.26844 0.16736
v -0.24215 -0.26844 0.16736
v -0.24215 -0.26844 0.16736
v -0.23750 -0.26584 -0.17798
v -0.23750 -0.26584 -0.17798
v -0.26363 -0.02089 0.19848
v -0.26363 -0.02089 0.19848
v -0.22887 -0.00454 0.04891
v -0.22927 0.00194 0.17908
v -0.20889 0.09054 -0.19299
v -0.26870 0.08499 0.18897
v -0.26870 0.08499 0.18897
v -0.26870 0.08499 0.18897
v -0.26068 0.14967 -0.10425
v -0.26068 0.14967 -0.10425
v -0.26068 0.14967 -0.10425
v -0.27705 0.31779 0.22380
v -0.23232 0.42119 0.22896
v -0.23232 0.42119 0.22896
v -0.24189 0.46121 0.20921
v -0.24738 -0.63350 0.13600
v -0.24738 -0.63350 0.13600
v -0.20977 -0.62635 -0.27261
v -0.28110 -0.64514 -0.17662
v -0.28110 -0.64514 -0.17662
v -0.25031 -0.48142 -0.13608
v -0.25031 -0.48142 -0.13608
v -0.25886 -0.48314 -0.05888
v -0.25886 -0.48314 -0.05888
v -0.23595 -0.45852 0.10815
v -0.23595 -0.45852 0.10815
v -0.23595 -0.45852 0.10815
v -0.27104 -0.44106 0.08296
v -0.27104 -0.44106 0.08296
v -0.20792 -0.46160 0.16066
v -0.26039 -0.35771 0.18907
v -0.26402 -0.39367 -0.23444
v -0.26402 -0.39367 -0.23444
v -0.25210 -0.30374 0.19253
v -0.25210 -0.30374 0.19253
v -0.26286 -0.23761 0.16402
v -0.26286 -0.23761 0.16402
v -0.26286 -0.23761 0.16402
v -0.25547 -0.20314 0.16672
v -0.24742 -0.21403 -0.25197
v -0.24742 -0.21403 -0.25197
v -0.23196 0.05818 -0.21074
v -0.23603 0.16980 0.23905
v -0.23603 0.16980 0.23905
v -0.23583 0.20294 -0.12924
v -0.23583 0.20294 -0.12924
v -0.22087 0.22131 0.27216
v -0.23558 0.37586 -0.19665
v -0.25842 0.36800 0.25052
v -0.26061 0.45984 0.16037
v -0.26061 0.45984 0.16037
v -0.26061 0.45984 0.16037
v -0.23975 0.54680 0.14931
v -0.23975 0.54680 0.14931
v -0.23975 0.54680 0.14931
v -0.23975 0.54680 0.14931
v -0.23769 0.56847 0.05691
v -0.23769 0.56847 0.05691
v -0.21964 0.59129 0.07897
v -0.25502 -0.71076 -0.29265
v -0.25502 -0.71076 -0.29265
v -0.25874 -0.60776 -0.12414
v -0.25874 -0.60776 -0.12414
v -0.26387 -0.59333 -0.11867
v -0.26387 -0.59333 -0.11867
v -0.23992 -0.57946 -0.14630
v -0.23992 -0.57946 -0.14630
v -0.24924 -0.46636 -0.27011
v -0.24924 -0.46636 -0.27011
v -0.25565 -0.43366 -0.25128
v -0.25565 -0.43366 -0.25128
v -0.20846 -0.40148 0.18326
v -0.21776 -0.15127 0.15357
v -0.21776 -0.15127 0.15357
v -0.21776 -0.15127 0.15357
v -0.21776 -0.15127 0.15357
v -0.21776 -0.15127 0.15357
v -0.21776 -0.15127 0.15357
v -0.21776 -0.15127 0.15357
v -0.23701 -0.13001 0.19821
v -0.17143 -0.10714 -0.27093
v -0.24823 0.01093 -0.24102
v -0.24823 0.01093 -0.24102
v -0.21717 0.16078 -0.11497
v -0.21717 0.16078 -0.11497
v -0.23515 0.35074 0.25658
v -0.23515 0.35074 0.25658
v -0.23515 0.35074 0.25658
v -0.23515 0.35074 0.25658
v -0.23445 0.49345 0.12550
v -0.24630 0.51718 0.12570
v -0.24630 0.51718 0.12570
v -0.23068 0.52920 -0.12310
v -0.23068 0.52920 -0.12310
v -0.24541 -0.71419 -0.29651
v -0.24541 -0.71419 -0.29651
v -0.21567 -0.59317 -0.15609
v -0.21567 -0.59317 -0.15609
v -0.16653 -0.37178 -0.16384
v -0.23781 -0.30309 0.17183
v -0.23781 -0.30309 0.17183
v -0.24588 -0.26016 0.15570
v -0.24588 -0.26016 0.15570
v -0.24588 -0.26016 0.15570
v -0.24588 -0.26016 0.15570
v -0.23636 -0.26062 -0.15563
v -0.24132 -0.21292 0.17231
v -0.24884 -0.12448 -0.24244
v -0.23721 0.16597 0.25769
v -0.23721 0.16597 0.25769
v -0.27119 0.19779 -0.19108
v -0.27119 0.19779 -0.19108
v -0.21445 0.19454 0.24185
v -0.21445 0.19454 0.24185
v -0.26117 0.39623 0.19943
v -0.26117 0.39623 0.19943
v -0.25542 0.42141 0.24503
v -0.25542 0.42141 0.24503
v -0.22232 0.45418 0.14286
v -0.22232 0.45418 0.14286
v -0.23263 0.47364 -0.16440
v -0.18597 -0.68157 -0.30219
v -0.18597 -0.68157 -0.30219
v -0.18597 -0.68157 -0.30219
v -0.21106 -0.66781 -0.13509
v -0.21106 -0.66781 -0.13509
v -0.23840 -0.50581 -0.07661
v -0.23840 -0.50581 -0.07661
v -0.23840 -0.50581 -0.07661
v -0.20746 -0.20910 -0.16775
v -0.20746 -0.20910 -0.16775
v -0.20746 -0.20910 -0.16775
v -0.20746 -0.20910 -0.16775
v -0.22337 -0.17522 0.15914
v -0.22337 -0.17522 0.15914
v -0.22337 -0.17522 0.15914
v -0.22337 -0.17522 0.15914
v -0.25419 -0.15836 -0.21793
v -0.25419 -0.15836 -0.21793
v -0.23383 -0.16807 -0.20987
v -0.23383 -0.16807 -0.20987
v -0.22240 -0.15168 0.18429
v -0.22240 -0.15168 0.18429
v -0.22240 -0.15168 0.18429
v -0.22240 -0.15168 0.18429
v -0.22240 -0.15168 0.18429
v -0.22240 -0.15168 0.18429
v -0.23099 -0.03118 -0.24517
v -0.17265 -0.06288 -0.27820
v -0.22341 0.06451 0.19844
v -0.22341 0.06451 0.19844
v -0.21831 0.08306 0.18932
v -0.21831 0.08306 0.18932
v -0.21831 0.08306 0.18932
v -0.21831 0.08306 0.18932
v -0.24120 0.08899 0.21245
v -0.19218 0.02211 0.01857
v -0.19218 0.02211 0.01857
v -0.21878 0.19983 -0.19252
v -0.21878 0.19983 -0.19252
v -0.18983 0.32318 -0.21348
v -0.24219 0.39707 0.21493
v -0.22836 -0.78010 -0.30376
v -0.22836 -0.78010 -0.30376
v -0.18827 -0.66070 -0.15089
v -0.18827 -0.66070 -0.15089
v -0.20637 -0.62267 0.13973
v -0.17113 -0.45184 -0.12777
v -0.17113 -0.45184 -0.12777
v -0.23113 -0.51295 -0.04952
v -0.23113 -0.51295 -0.04952
v -0.18712 -0.39577 -0.26096
v -0.18712 -0.39577 -0.26096
v -0.23492 -0.31594 -0.24499
v -0.23492 -0.31594 -0.24499
v -0.22420 -0.19897 0.15499
v -0.23821 -0.13424 -0.26028
v -0.19857 -0.10779 0.17386
v -0.22276 0.28450 -0.19535
v -0.19643 0.40068 0.21285
v -0.19643 0.40068 0.21285
v -0.22558 0.40656 0.21568
v -0.22468 0.40336 0.28857
v -0.20688 0.47347 0.14113
v -0.20688 0.47347 0.14113
v -0.22880 0.62628 0.04875
v -0.22880 0.62628 0.04875
v -0.21321 -0.74259 0.14783
v -0.21321 -0.74259 0.14783
v -0.22561 -0.69325 0.15228
v -0.20844 -0.62436 0.16548
v -0.22940 -0.59195 0.11547
v -0.19643 -0.47262 0.11172
v -0.19643 -0.47262 0.11172
v -0.19643 -0.47262 0.11172
v -0.19643 -0.47262 0.11172
v -0.19059 -0.49554 0.12135
v -0.17025 -0.47289 0.18261
v -0.19646 -0.50411 0.07845
v -0.19646 -0.50411 0.07845
v -0.19232 -0.45429 -0.17143
v -0.13909 -0.30889 0.18044
v -0.20115 -0.25481 0.19837
v -0.21915 -0.20419 0.19088
v -0.19064 -0.19635 0.20845
v -0.19064 -0.19635 0.20845
v -0.21653 -0.16232 -0.26143
v -0.21653 -0.16232 -0.26143
v -0.14373 -0.04321 0.24317
v -0.14373 -0.04321 0.24317
v -0.14373 -0.04321 0.24317
v -0.16424 -0.00400 -0.24398
v -0.16424 -0.00400 -0.24398
v -0.21756 0.05621 0.22516
v -0.21756 0.05621 0.22516
v -0.18271 0.09925 0.25838
v -0.18271 0.09925 0.25838
v -0.22190 0.25082 -0.17157
v -0.19666 0.25770 -0.19419
v -0.19666 0.25770 -0.19419
v -0.19666 0.25770 -0.19419
v -0.16899 0.59474 -0.00492
v -0.21123 0.57324 0.03578
v -0.21123 0.57324 0.03578
v -0.19020 -0.66076 -0.27906
v -0.19020 -0.66076 -0.27906
v -0.18301 -0.47237 -0.30056
v -0.17503 -0.21287 -0.17676
v -0.17503 -0.21287 -0.17676
v -0.17503 -0.21287 -0.17676
v -0.18647 -0.24637 0.19882
v -0.18647 -0.24637 0.19882
v -0.17540 -0.11248 0.21661
v -0.21700 0.07394 0.21027
v -0.21700 0.07394 0.21027
v -0.21700 0.07394 0.21027
v -0.21700 0.07394 0.21027
v -0.21700 0.07394 0.21027
v -0.13770 0.15085 -0.12685
v -0.13770 0.15085 -0.12685
v -0.17017 0.17328 0.34353
v -0.17017 0.17328 0.34353
v -0.16911 0.23881 0.28242
v -0.16911 0.23881 0.28242
v -0.20072 0.20029 -0.14606
v -0.20072 0.20029 -0.14606
v -0.19079 0.31460 -0.21417
v -0.20004 0.35308 0.28219
v -0.20004 0.35308 0.28219
v -0.20603 0.33176 0.32404
v -0.20603 0.33176 0.32404
v -0.18887 0.46446 0.19421
v -0.18723 0.51526 0.15505
v -0.18723 0.51526 0.15505
v -0.18723 0.51526 0.15505
v -0.18723 0.51526 0.15505
v -0.18253 -0.66773 0.14771
v -0.18253 -0.66773 0.14771
v -0.15788 -0.59097 -0.29777
v -0.15788 -0.59097 -0.29777
v -0.15788 -0.59097 -0.29777
v -0.14380 -0.27211 0.17993
v -0.21518 -0.16214 -0.23166
v -0.21518 -0.16214 -0.23166
v -0.17377 -0.27274 -0.24176
v -0.19351 -0.14425 -0.20967
v -0.19351 -0.14425 -0.20967
v -0.20953 -0.14188 0.16689
v -0.19468 -0.00609 0.19305
v -0.16251 0.02571 0.11638
v -0.19535 0.08619 0.21667
v -0.19535 0.08619 0.21667
v -0.19535 0.08619 0.21667
v -0.19535 0.08619 0.21667
v -0.17379 0.11464 0.33107
v -0.17379 0.11464 0.33107
v -0.17379 0.11464 0.33107
v -0.20575 0.21954 -0.18975
v -0.20575 0.21954 -0.18975
v -0.20575 0.21954 -0.18975
v -0.19616 0.25261 -0.18113
v -0.19616 0.25261 -0.18113
v -0.19616 0.25261 -0.18113
v -0.19374 0.37601 0.32153
v -0.19374 0.37601 0.32153
v -0.17711 0.48184 0.24076
v -0.17069 0.42908 -0.21583
v -0.18621 -0.49296 -0.06263
v -0.14367 -0.49929 0.02030
v -0.14367 -0.49929 0.02030
v -0.16393 -0.25579 -0.18154
v -0.18875 -0.27905 -0.22753
v -0.18827 -0.23539 -0.15207
v -0.18827 -0.23539 -0.15207
v -0.18827 -0.23539 -0.15207
v -0.18827 -0.23539 -0.15207
v -0.17778 -0.17244 0.16032
v -0.17778 -0.17244 0.16032
v -0.17778 -0.17244 0.16032
v -0.17778 -0.17244 0.16032
v -0.17778 -0.17244 0.16032
v -0.17778 -0.17244 0.16032
v -0.17778 -0.17244 0.16032
v -0.17778 -0.17244 0.16032
v -0.16353 -0.16246 0.17413
v -0.16353 -0.16246 0.17413
v -0.16353 -0.16246 0.17413
v -0.16353 -0.16246 0.17413
v -0.16353 -0.16246 0.17413
v -0.12698 0.13551 -0.17997
v -0.12698 0.13551 -0.17997
v -0.11495 0.20591 -0.18979
v -0.19720 0.33376 0.33267
v -0.19720 0.33376 0.33267
v -0.17024 0.50818 0.23454
v -0.17024 0.50818 0.23454
v -0.17024 0.50818 0.23454
v -0.21471 0.53287 0.18554
v -0.21471 0.53287 0.18554
v -0.21471 0.53287 0.18554
v -0.15618 0.51644 0.22751
v -0.16531 0.58450 0.11447
v -0.15947 -0.59335 0.13874
v -0.15947 -0.59335 0.13874
v -0.15600 -0.38459 0.18220
v -0.13605 -0.29918 -0.16565
v -0.10011 0.08628 -0.19815
v -0.18729 0.12389 0.28363
v -0.18729 0.12389 0.28363
v -0.19436 0.19977 -0.21879
v -0.19436 0.19977 -0.21879
v -0.16248 -0.61259 0.15714
v -0.16248 -0.61259 0.15714
v -0.16248 -0.61259 0.15714
v -0.15825 -0.52820 0.17026
v -0.17867 -0.33402 -0.24414
v -0.15720 -0.26952 -0.16414
v -0.18102 -0.25991 0.19464
v -0.17984 -0.22675 -0.15367
v -0.17984 -0.22675 -0.15367
v -0.17984 -0.22675 -0.15367
v -0.14758 -0.22485 -0.27545
v -0.14758 -0.22485 -0.27545
v -0.14758 -0.22485 -0.27545
v -0.18155 0.03753 -0.22754
v -0.12751 0.05257 0.07203
v -0.12352 0.03647 0.21451
v -0.12352 0.03647 0.21451
v -0.17845 0.05433 0.20982
v -0.14951 0.20624 -0.21364
v -0.14951 0.20624 -0.21364
v -0.18753 0.26507 -0.20745
v -0.19038 0.25576 -0.18023
v -0.19038 0.25576 -0.18023
v -0.10601 0.53611 -0.13548
v -0.10601 0.53611 -0.13548
v -0.15291 -0.47828 0.12462
v -0.15291 -0.47828 0.12462
v -0.15291 -0.47828 0.12462
v -0.15291 -0.47828 0.12462
v -0.15291 -0.47828 0.12462
v -0.15291 -0.47828 0.12462
v -0.12380 -0.45839 -0.30623
v -0.12788 -0.49582 -0.28267
v -0.12788 -0.49582 -0.28267
v -0.14357 -0.27247 -0.23070
v -0.08349 0.01513 0.12815
v -0.15639 0.07142 0.22374
v -0.15639 0.07142 0.22374
v -0.15639 0.07142 0.22374
v -0.15639 0.07142 0.22374
v -0.14283 0.15431 0.34381
v -0.14283 0.15431 0.34381
v -0.14531 0.35210 -0.22389
v -0.17177 0.36895 0.29437
v -0.17177 0.36895 0.29437
v -0.17177 0.36895 0.29437
v -0.17177 0.36895 0.29437
v -0.17177 0.36895 0.29437
v -0.15006 0.33229 0.32687
v -0.15006 0.33229 0.32687
v -0.15006 0.33229 0.32687
v -0.15006 0.33229 0.32687
v -0.15006 0.33229 0.32687
v -0.15006 0.33229 0.32687
v -0.15006 0.33229 0.32687
v -0.15006 0.33229 0.32687
v -0.13260 0.37871 0.24044
v -0.13260 0.37871 0.24044
v -0.15169 0.56937 0.06960
v -0.15169 0.56937 0.06960
v -0.17985 -0.70393 -0.28566
v -0.17985 -0.70393 -0.28566
v -0.17985 -0.70393 -0.28566
v -0.10772 -0.58909 -0.30753
v -0.10772 -0.58909 -0.30753
v -0.10772 -0.58909 -0.30753
v -0.10772 -0.58909 -0.30753
v -0.13436 -0.46036 0.16413
v -0.12833 -0.49213 0.06089
v -0.12833 -0.49213 0.06089
v -0.12643 -0.50508 -0.08914
v -0.12643 -0.50508 -0.08914
v -0.18466 -0.44200 0.12624
v -0.18466 -0.44200 0.12624
v -0.13523 -0.45117 0.12321
v -0.13523 -0.45117 0.12321
v -0.13523 -0.45117 0.12321
v -0.13320 -0.41393 0.17062
v -0.13320 -0.41393 0.17062
v -0.14317 -0.37456 0.17930
v -0.14384 -0.23463 0.17866
v -0.16550 -0.23066 -0.19625
v -0.15991 -0.25108 -0.25629
v -0.17752 -0.21555 0.18608
v -0.17752 -0.21555 0.18608
v -0.10669 -0.07250 0.18345
v -0.10669 -0.07250 0.18345
v -0.15808 0.40983 0.31961
v -0.15808 0.40983 0.31961
v -0.14885 0.51607 0.24504
v -0.14885 0.51607 0.24504
v -0.16559 -0.73549 -0.29533
v -0.16559 -0.73549 -0.29533
v -0.16264 -0.73429 -0.31700
v -0.13480 -0.58822 -0.14222
v -0.13480 -0.58822 -0.14222
v -0.13480 -0.58822 -0.14222
v -0.14576 -0.50771 -0.00064
v -0.14576 -0.50771 -0.00064
v -0.14576 -0.50771 -0.00064
v -0.11496 -0.46821 -0.12620
v -0.11496 -0.46821 -0.12620
v -0.08704 -0.33481 -0.23627
v -0.13045 -0.12671 -0.21433
v -0.13045 -0.12671 -0.21433
v -0.16208 -0.17893 0.16986
v -0.16208 -0.17893 0.16986
v -0.11840 -0.13522 0.19197
v -0.11840 -0.13522 0.19197
v -0.04157 0.02351 0.15798
v -0.04157 0.02351 0.15798
v -0.11520 0.35750 0.26366
v -0.11520 0.35750 0.26366
v -0.15512 0.44640 0.24004
v -0.15699 0.45998 0.22386
v -0.13527 -0.75091 -0.32462
v -0.12665 -0.79846 -0.30909
v -0.12665 -0.79846 -0.30909
v -0.15264 -0.71950 -0.16002
v -0.15264 -0.71950 -0.16002
v -0.15264 -0.71950 -0.16002
v -0.14357 -0.68262 -0.13907
v -0.14357 -0.68262 -0.13907
v -0.14357 -0.68262 -0.13907
v -0.12043 -0.66282 -0.29442
v -0.12043 -0.66282 -0.29442
v -0.12043 -0.66282 -0.29442
v -0.12043 -0.66282 -0.29442
v -0.13471 -0.61590 -0.14515
v -0.13471 -0.61590 -0.14515
v -0.12664 -0.42048 -0.17349
v -0.09539 -0.45203 0.09667
v -0.09539 -0.45203 0.09667
v -0.09539 -0.45203 0.09667
v -0.10656 -0.41823 0.13844
v -0.14998 -0.26774 -0.16640
v -0.14998 -0.26774 -0.16640
v -0.11906 -0.28412 0.18684
v -0.16141 -0.13313 -0.21847
v -0.16141 -0.13313 -0.21847
v -0.12449 -0.00136 0.16144
v -0.12449 -0.00136 0.16144
v -0.12449 -0.00136 0.16144
v -0.12697 0.09514 0.23990
v -0.12697 0.09514 0.23990
v -0.12697 0.09514 0.23990
v -0.12697 0.09514 0.23990
v -0.12697 0.09514 0.23990
v -0.12387 0.20835 0.26597
v -0.15533 0.37410 0.31802
v -0.15533 0.37410 0.31802
v -0.15533 0.37410 0.31802
v -0.15533 0.37410 0.31802
v -0.11091 0.35757 0.22138
v -0.14573 0.37070 0.29506
v -0.14573 0.37070 0.29506
v -0.14573 0.37070 0.29506
v -0.14573 0.37070 0.29506
v -0.15325 0.37702 0.30187
v -0.15325 0.37702 0.30187
v -0.15325 0.37702 0.30187
v -0.15071 0.56383 0.14684
v -0.09199 0.58442 0.03653
v -0.09199 0.58442 0.03653
v -0.14296 -0.71647 -0.14551
v -0.14296 -0.71647 -0.14551
v -0.11979 -0.66209 -0.31481
v -0.11979 -0.66209 -0.31481
v -0.11979 -0.66209 -0.31481
v -0.11979 -0.66209 -0.31481
v -0.15010 -0.67592 0.16228
v -0.15010 -0.67592 0.16228
v -0.13457 -0.63252 -0.14162
v -0.13457 -0.63252 -0.14162
v -0.13457 -0.63252 -0.14162
v -0.11207 -0.53239 -0.15629
v -0.10327 -0.50261 0.15329
v -0.10327 -0.50261 0.15329
v -0.10327 -0.50261 0.15329
v -0.13652 -0.53366 0.11331
v -0.13652 -0.53366 0.11331
v -0.12656 -0.40907 0.13949
v -0.12656 -0.40907 0.13949
v -0.14434 -0.21635 0.16020
v -0.14434 -0.21635 0.16020
v -0.14434 -0.21635 0.16020
v -0.11173 -0.14088 0.16315
v -0.11173 -0.14088 0.16315
v -0.11173 -0.14088 0.16315
v -0.12742 -0.14875 0.14690
v -0.12742 -0.14875 0.14690
v -0.12742 -0.14875 0.14690
v -0.07121 -0.06413 -0.23700
v -0.12901 -0.03806 0.15953
v -0.08032 -0.02965 0.09337
v -0.11582 0.05553 0.20317
v -0.10951 0.19573 -0.12495
v -0.10951 0.19573 -0.12495
v -0.12501 0.24674 0.27531
v -0.14259 0.28852 -0.22847
v -0.10015 0.33015 0.23732
v -0.07505 0.37164 -0.20087
v -0.12829 0.43820 0.29016
v -0.14699 0.52318 0.22165
v -0.08252 -0.56905 -0.12751
v -0.08252 -0.56905 -0.12751
v -0.08452 -0.45046 0.12424
v -0.08452 -0.45046 0.12424
v -0.08452 -0.45046 0.12424
v -0.05977 -0.18413 -0.20071
v -0.05977 -0.18413 -0.20071
v -0.05977 -0.18413 -0.20071
v -0.05977 -0.18413 -0.20071
v -0.13605 -0.24453 -0.15362
v -0.13605 -0.24453 -0.15362
v -0.09654 -0.16766 -0.21017
v -0.09654 -0.16766 -0.21017
v -0.12665 -0.18346 -0.27447
v -0.12665 -0.18346 -0.27447
v -0.12665 -0.18346 -0.27447
v -0.14132 -0.13757 0.17268
v -0.10226 -0.08209 0.20499
v -0.10226 -0.08209 0.20499
v -0.07376 -0.01882 -0.24684
v -0.09795 0.04123 -0.00460
v -0.12091 0.06042 0.19757
v -0.12091 0.06042 0.19757
v -0.14121 0.07612 0.22690
v -0.14121 0.07612 0.22690
v -0.09786 0.17215 0.27960
v -0.09786 0.17215 0.27960
v -0.11089 0.29908 -0.20036
v -0.12611 0.33121 0.33909
v -0.12611 0.33121 0.33909
v -0.13470 0.35971 0.29207
v -0.12578 0.34458 0.29080
v -0.12578 0.34458 0.29080
v -0.11663 -0.61519 0.15453
v -0.11663 -0.61519 0.15453
v -0.11368 -0.48765 -0.06684
v -0.11368 -0.48765 -0.06684
v -0.09330 -0.53795 0.12436
v -0.09330 -0.53795 0.12436
v -0.11894 -0.40078 -0.15938
v -0.08880 -0.26640 -0.13655
v -0.09961 0.08316 0.18228
v -0.09961 0.08316 0.18228
v -0.09961 0.08316 0.18228
v -0.11633 0.12971 0.24409
v -0.11633 0.12971 0.24409
v -0.11760 0.37365 0.30383
v -0.11760 0.37365 0.30383
v -0.11760 0.37365 0.30383
v -0.11760 0.37365 0.30383
v -0.06473 0.52957 0.15652
v -0.06473 0.52957 0.15652
v -0.06473 0.52957 0.15652
v -0.06473 0.52957 0.15652
v -0.12640 0.63105 0.04608
v -0.12640 0.63105 0.04608
v -0.10322 0.57170 0.08128
v -0.11320 -0.69686 -0.31989
v -0.10377 -0.52304 0.07681
v -0.08668 -0.46723 -0.11558
v -0.08668 -0.46723 -0.11558
v -0.10059 -0.44582 0.13441
v -0.08293 -0.38091 -0.14604
v -0.09179 -0.38232 -0.21267
v -0.08941 -0.24323 -0.14079
v -0.08941 -0.24323 -0.14079
v -0.12839 -0.15819 -0.23950
v -0.12839 -0.15819 -0.23950
v -0.12839 -0.15819 -0.23950
v -0.12839 -0.15819 -0.23950
v -0.09312 -0.25686 0.18081
v -0.09312 -0.25686 0.18081
v -0.12241 -0.17088 0.14771
v -0.12241 -0.17088 0.14771
v -0.12241 -0.17088 0.14771
v -0.12241 -0.17088 0.14771
v -0.08577 -0.19465 0.17248
v -0.08577 -0.19465 0.17248
v -0.10084 -0.12990 -0.26328
v -0.10084 -0.12990 -0.26328
v -0.10084 -0.12990 -0.26328
v -0.10084 -0.12990 -0.26328
v -0.12757 -0.16923 0.14418
v -0.05781 0.00897 -0.22408
v -0.09839 0.05068 -0.20867
v -0.11139 0.15513 0.29387
v -0.11139 0.15513 0.29387
v -0.11809 0.19858 -0.21984
v -0.11809 0.19858 -0.21984
v -0.09897 0.35834 0.27365
v -0.09897 0.35834 0.27365
v -0.09897 0.35834 0.27365
v -0.09897 0.35834 0.27365
v -0.09897 0.35834 0.27365
v -0.11784 0.45857 0.26242
v -0.11784 0.45857 0.26242
v -0.10609 0.47155 0.22535
v -0.10609 0.47155 0.22535
v -0.11120 -0.81457 -0.30868
v -0.11120 -0.81457 -0.30868
v -0.10668 -0.61518 -0.28192
v -0.10668 -0.61518 -0.28192
v -0.10668 -0.61518 -0.28192
v -0.10668 -0.61518 -0.28192
v -0.06122 -0.63168 -0.27749
v -0.07242 -0.56836 -0.02917
v -0.07242 -0.56836 -0.02917
v -0.08902 -0.51160 0.09070
v -0.08710 -0.51064 0.14581
v -0.08710 -0.51064 0.14581
v -0.08710 -0.51064 0.14581
v -0.07749 -0.50615 -0.28281
v -0.09865 -0.31014 -0.17212
v -0.08054 -0.31685 0.15461
v -0.08054 -0.31685 0.15461
v -0.09726 -0.22190 -0.22018
v -0.10925 -0.13948 -0.23147
v -0.10925 -0.13948 -0.23147
v -0.09120 -0.02379 0.21699
v -0.09120 -0.02379 0.21699
v -0.03554 0.13691 -0.14442
v -0.03554 0.13691 -0.14442
v -0.09230 0.19713 0.20907
v -0.09230 0.19713 0.20907
v -0.07323 0.20562 0.22267
v -0.07323 0.20562 0.22267
v -0.07323 0.20562 0.22267
v -0.12433 0.24648 -0.18890
v -0.07652 0.28859 0.24439
v -0.08404 0.33969 -0.20663
v -0.09909 0.41421 0.28017
v -0.09909 0.41421 0.28017
v -0.03899 0.55490 0.08925
v -0.06088 -0.75588 -0.30796
v -0.08676 -0.54571 -0.15835
v -0.08676 -0.54571 -0.15835
v -0.00803 -0.67623 0.06137
v -0.00803 -0.67623 0.06137
v -0.05866 -0.18812 -0.17146
v -0.05866 -0.18812 -0.17146
v -0.06082 -0.22021 0.13903
v -0.06082 -0.22021 0.13903
v -0.08241 -0.11256 0.17993
v -0.08241 -0.11256 0.17993
v -0.10004 0.08606 -0.01655
v -0.10004 0.08606 -0.01655
v -0.09319 0.10468 0.19854
v -0.05703 0.15585 0.20220
v -0.09291 0.23453 0.26084
v -0.10584 0.31756 0.30386
v -0.10584 0.31756 0.30386
v -0.10584 0.31756 0.30386
v -0.09997 0.33770 0.32417
v -0.09997 0.33770 0.32417
v -0.09997 0.33770 0.32417
v -0.09784 0.45769 0.18996
v -0.13470 0.48944 0.15279
v -0.13470 0.48944 0.15279
v -0.06442 -0.86885 -0.34897
v -0.06442 -0.86885 -0.34897
v -0.06079 -0.59877 -0.29703
v -0.08352 -0.72635 -0.32400
v -0.09061 -0.61855 -0.15255
v -0.09061 -0.61855 -0.15255
v -0.09061 -0.61855 -0.15255
v -0.08114 -0.41251 -0.15352
v -0.08114 -0.41251 -0.15352
v -0.09476 -0.35300 0.16434
v -0.09476 -0.35300 0.16434
v -0.08806 -0.21098 0.13943
v -0.08821 -0.11225 0.15935
v -0.08821 -0.11225 0.15935
v -0.05952 0.08197 -0.05641
v -0.01824 0.16043 -0.05042
v -0.01824 0.16043 -0.05042
v -0.01824 0.16043 -0.05042
v -0.06478 0.12632 -0.08219
v -0.06478 0.12632 -0.08219
v -0.08856 0.35755 0.21037
v -0.08856 0.35755 0.21037
v -0.08050 0.45592 0.13500
v -0.06641 0.49876 0.11187
v -0.06641 0.49876 0.11187
v -0.06641 0.49876 0.11187
v -0.06613 -0.77269 -0.30785
v -0.07735 -0.49196 0.10375
v -0.07735 -0.49196 0.10375
v -0.06299 -0.47253 -0.09649
v -0.06299 -0.47253 -0.09649
v -0.06299 -0.47253 -0.09649
v -0.06527 -0.40497 0.11192
v -0.06527 -0.40497 0.11192
v -0.06527 -0.40497 0.11192
v -0.08458 -0.29023 -0.22048
v -0.03002 -0.27380 -0.12604
v -0.03002 -0.27380 -0.12604
v -0.03002 -0.27380 -0.12604
v -0.06695 -0.31001 -0.24511
v -0.06030 0.09759 0.02129
v -0.03230 0.12821 0.18735
v -0.07384 0.15070 -0.07879
v -0.07384 0.15070 -0.07879
v -0.07384 0.15070 -0.07879
v -0.06206 0.20652 -0.18409
v -0.06206 0.20652 -0.18409
v -0.06206 0.20652 -0.18409
v -0.07923 0.39484 0.29349
v -0.07923 0.39484 0.29349
v -0.08957 0.36628 0.22283
v -0.08957 0.36628 0.22283
v -0.05579 0.44481 -0.17425
v -0.05579 0.44481 -0.17425
v -0.08701 -0.60536 -0.13422
v -0.08701 -0.60536 -0.13422
v -0.05179 -0.54069 -0.09869
v -0.05179 -0.54069 -0.09869
v -0.05179 -0.54069 -0.09869
v -0.05179 -0.54069 -0.09869
v -0.06489 -0.51936 -0.26087
v -0.05837 -0.32941 0.12169
v -0.05837 -0.32941 0.12169
v -0.07041 -0.31423 -0.14829
v -0.08743 -0.25613 0.15572
v -0.08743 -0.25613 0.15572
v -0.06122 -0.21521 0.12516
v -0.06122 -0.21521 0.12516
v -0.07671 -0.10038 0.14568
v -0.07671 -0.10038 0.14568
v -0.04130 -0.13184 0.14375
v -0.07837 -0.11727 0.15567
v -0.07837 -0.11727 0.15567
v -0.06132 -0.09873 0.17195
v -0.06132 -0.09873 0.17195
v -0.06790 0.08576 0.17675
v -0.06790 0.08576 0.17675
v -0.05325 0.19902 -0.13087
v -0.09148 0.34322 0.28435
v -0.09148 0.34322 0.28435
v -0.09148 0.34322 0.28435
v -0.02924 0.34096 0.20666
v -0.02924 0.34096 0.20666
v -0.05193 -0.59639 0.16469
v -0.05193 -0.59639 0.16469
v -0.07651 -0.44512 -0.12313
v -0.07651 -0.44512 -0.12313
v -0.07651 -0.44512 -0.12313
v -0.02857 -0.49316 -0.07229
v -0.02857 -0.49316 -0.07229
v -0.04520 -0.48809 0.13887
v -0.04520 -0.48809 0.13887
v -0.07895 -0.40274 -0.13436
v -0.07895 -0.40274 -0.13436
v -0.07895 -0.40274 -0.13436
v -0.07895 -0.40274 -0.13436
v -0.07895 -0.40274 -0.13436
v -0.06013 -0.29535 -0.20762
v -0.03497 -0.28356 0.11295
v -0.03497 -0.28356 0.11295
v -0.03497 -0.28356 0.11295
v -0.06468 -0.11349 -0.22227
v -0.06468 -0.11349 -0.22227
v -0.06468 -0.11349 -0.22227
v -0.03380 -0.11851 -0.24927
v -0.03380 -0.11851 -0.24927
v -0.03380 -0.11851 -0.24927
v -0.03380 -0.11851 -0.24927
v -0.05852 -0.04180 0.13394
v -0.05852 -0.04180 0.13394
v -0.05852 -0.04180 0.13394
v -0.07070 0.05015 0.14489
v -0.00982 0.07165 -0.15506
v -0.09053 0.11681 -0.03993
v -0.09053 0.11681 -0.03993
v -0.06671 0.20527 -0.17782
v -0.06858 0.24048 -0.16719
v -0.06858 0.24048 -0.16719
v -0.02141 0.27365 0.22191
v -0.02141 0.27365 0.22191
v -0.04415 0.34393 -0.18700
v -0.03827 0.34617 0.24607
v -0.03827 0.34617 0.24607
v -0.03476 0.44227 0.22950
v -0.03476 0.44227 0.22950
v -0.05442 0.47470 -0.15525
v -0.05442 0.47470 -0.15525
v -0.03524 -0.77354 -0.32127
v -0.03524 -0.77354 -0.32127
v -0.02105 -0.63652 -0.27628
v -0.06249 -0.51293 -0.10017
v -0.06249 -0.51293 -0.10017
v -0.02620 -0.51509 -0.26702
v -0.02620 -0.51509 -0.26702
v -0.02620 -0.51509 -0.26702
v -0.02620 -0.51509 -0.26702
v -0.04031 -0.30364 -0.11800
v -0.04031 -0.30364 -0.11800
v -0.04031 -0.30364 -0.11800
v -0.04085 0.05519 0.11301
v -0.04085 0.05519 0.11301
v 0.00056 0.07260 -0.02604
v -0.02669 0.04347 -0.19418
v 0.00686 0.10732 0.11675
v 0.00686 0.10732 0.11675
v -0.02250 0.10905 0.01526
v -0.02250 0.10905 0.01526
v -0.05944 0.39729 0.22771
v -0.04197 0.55843 0.05618
v -0.04197 0.55843 0.05618
v -0.06019 -0.54081 0.11722
v -0.06019 -0.54081 0.11722
v -0.06019 -0.54081 0.11722
v -0.07029 -0.44742 -0.14229
v -0.07029 -0.44742 -0.14229
v -0.07029 -0.44742 -0.14229
v -0.07029 -0.44742 -0.14229
v -0.03844 -0.34825 -0.12020
v -0.03844 -0.34825 -0.12020
v -0.04498 -0.08160 0.12624
v -0.04498 -0.08160 0.12624
v -0.05468 -0.00015 0.18647
v -0.03060 0.25537 0.19943
v -0.03060 0.25537 0.19943
v -0.03642 0.27236 -0.17478
v -0.02531 0.41718 0.22048
v -0.02531 0.41718 0.22048
v -0.06458 0.40676 0.20040
v -0.06458 0.40676 0.20040
v -0.00842 0.45796 0.16771
v -0.00842 0.45796 0.16771
v -0.00842 0.45796 0.16771
v -0.05926 0.45860 -0.17395
v -0.05926 0.45860 -0.17395
v -0.05926 0.45860 -0.17395
v -0.02423 0.54586 0.02485
v -0.02423 0.54586 0.02485
v -0.02423 0.54586 0.02485
v -0.02448 -0.60924 -0.00304
v -0.02448 -0.60924 -0.00304
v -0.04549 -0.61678 0.12979
v -0.04549 -0.61678 0.12979
v -0.04578 -0.58752 -0.08232
v -0.04578 -0.58752 -0.08232
v -0.05005 -0.62186 -0.11008
v -0.05005 -0.62186 -0.11008
v -0.02238 -0.57018 0.16738
v -0.01412 -0.50064 -0.07437
v -0.01412 -0.50064 -0.07437
v -0.04945 -0.50657 0.16512
v -0.04945 -0.50657 0.16512
v -0.03237 -0.47564 -0.09891
v -0.03237 -0.47564 -0.09891
v -0.03237 -0.47564 -0.09891
v -0.03237 -0.47564 -0.09891
v -0.03887 -0.38119 -0.10880
v -0.03887 -0.38119 -0.10880
v -0.05465 -0.40382 0.14033
v -0.05465 -0.40382 0.14033
v -0.03434 -0.30698 0.17436
v -0.03434 -0.30698 0.17436
v -0.00783 -0.21730 -0.20848
v -0.03568 -0.24362 0.12407
v -0.03568 -0.24362 0.12407
v -0.03207 -0.24500 -0.11438
v -0.03207 -0.24500 -0.11438
v -0.03188 -0.22440 0.06859
v -0.03304 -0.17368 -0.18039
v -0.03304 -0.17368 -0.18039
v -0.03690 -0.22319 -0.14893
v -0.03690 -0.22319 -0.14893
v -0.06330 -0.13337 -0.19834
v -0.06330 -0.13337 -0.19834
v -0.04674 -0.14170 -0.20206
v -0.04674 -0.14170 -0.20206
v -0.04674 -0.14170 -0.20206
v -0.06302 -0.12976 -0.19486
v -0.06302 -0.12976 -0.19486
v -0.03506 -0.13904 -0.19843
v -0.03506 -0.13904 -0.19843
v -0.03506 -0.13904 -0.19843
v -0.03506 -0.13904 -0.19843
v -0.03109 0.01039 0.17111
v -0.03109 0.01039 0.17111
v -0.02869 0.12107 0.16052
v -0.02869 0.12107 0.16052
v -0.05590 0.11306 0.11492
v -0.05590 0.11306 0.11492
v -0.03929 0.18320 -0.18434
v -0.03929 0.18320 -0.18434
v -0.04533 0.24568 0.23721
v -0.04533 0.24568 0.23721
v -0.04577 0.37954 -0.18902
v -0.02249 0.43316 -0.15701
v -0.02030 0.50686 -0.10995
v -0.02030 0.50686 -0.10995
v -0.03100 -0.64015 -0.09710
v -0.03100 -0.64015 -0.09710
v 0.00025 -0.56486 0.14927
v 0.00025 -0.56486 0.14927
v -0.03723 -0.41698 0.14541
v -0.03723 -0.41698 0.14541
v -0.01588 -0.36038 0.18681
v -0.01588 -0.36038 0.18681
v -0.01944 -0.27997 0.12264
v -0.01944 -0.27997 0.12264
v -0.03664 -0.07819 -0.22516
v -0.03664 -0.07819 -0.22516
v -0.03664 -0.07819 -0.22516
v -0.03664 -0.07819 -0.22516
v -0.03664 -0.07819 -0.22516
v -0.03664 -0.07819 -0.22516
v 0.00020 -0.00974 -0.19955
v 0.00020 -0.00974 -0.19955
v -0.01435 -0.00105 0.11072
v -0.01435 -0.00105 0.11072
v -0.01435 -0.00105 0.11072
v 0.03041 0.09105 -0.09050
v 0.03041 0.09105 -0.09050
v 0.03041 0.09105 -0.09050
v 0.03041 0.09105 -0.09050
v 0.02610 0.15730 -0.08914
v 0.02610 0.15730 -0.08914
v -0.01454 0.33342 0.17657
v -0.01454 0.33342 0.17657
v -0.03470 0.29311 0.25645
v -0.03470 0.29311 0.25645
v -0.00945 0.45780 -0.13367
v -0.00945 0.45780 -0.13367
v -0.05269 -0.71459 -0.02979
v -0.05269 -0.71459 -0.02979
v -0.02918 -0.75295 -0.05845
v -0.02918 -0.75295 -0.05845
v -0.03992 -0.74214 -0.01508
v -0.00063 -0.74753 -0.30787
v -0.00063 -0.74753 -0.30787
v -0.00063 -0.74753 -0.30787
v -0.00063 -0.74753 -0.30787
v -0.00850 -0.83688 -0.32792
v -0.00850 -0.83688 -0.32792
v -0.04372 -0.69740 -0.01115
v -0.04372 -0.69740 -0.01115
v -0.02359 -0.68070 -0.04292
v -0.02359 -0.68070 -0.04292
v -0.02359 -0.68070 -0.04292
v -0.01755 -0.54940 -0.06789
v -0.01755 -0.54940 -0.06789
v -0.02722 -0.47694 -0.09554
v -0.02722 -0.47694 -0.09554
v -0.02722 -0.47694 -0.09554
v -0.02722 -0.47694 -0.09554
v -0.00029 -0.41557 0.17499
v -0.00029 -0.41557 0.17499
v -0.04138 -0.34174 -0.15111
v -0.04138 -0.34174 -0.15111
v 0.02248 -0.41324 -0.24721
v 0.02248 -0.41324 -0.24721
v 0.02248 -0.41324 -0.24721
v -0.02672 -0.32037 -0.13735
v -0.02672 -0.32037 -0.13735
v -0.01134 -0.25730 -0.07249
v -0.01134 -0.25730 -0.07249
v -0.02712 -0.24866 0.12955
v -0.02712 -0.24866 0.12955
v -0.03326 -0.13847 0.14428
v -0.03326 -0.13847 0.14428
v -0.01818 -0.07576 -0.23128
v -0.01818 -0.07576 -0.23128
v -0.01818 -0.07576 -0.23128
v -0.01818 -0.07576 -0.23128
v 0.01076 0.03668 -0.20843
v 0.01076 0.03668 -0.20843
v 0.01076 0.03668 -0.20843
v -0.00706 0.18391 0.18221
v -0.01247 0.26079 0.20681
v -0.01247 0.26079 0.20681
v -0.03189 0.40266 0.19858
v -0.03189 0.40266 0.19858
v -0.03089 -0.74043 0.04244
v -0.03089 -0.74043 0.04244
v -0.02944 -0.77377 -0.01728
v -0.01877 -0.78308 0.00106
v -0.01877 -0.78308 0.00106
v 0.03533 -0.64450 0.14692
v -0.01822 -0.56686 -0.27054
v -0.01822 -0.56686 -0.27054
v 0.02028 -0.55725 -0.03460
v 0.02028 -0.55725 -0.03460
v -0.01171 -0.45783 0.15182
v -0.01171 -0.45783 0.15182
v 0.00487 -0.41093 0.12993
v 0.00487 -0.41093 0.12993
v 0.00487 -0.41093 0.12993
v -0.00445 -0.40034 -0.11306
v -0.00445 -0.40034 -0.11306
v -0.03935 -0.40552 -0.13257
v -0.03935 -0.40552 -0.13257
v -0.03935 -0.40552 -0.13257
v -0.03935 -0.40552 -0.13257
v 0.01334 -0.33278 0.20083
v -0.00429 -0.29373 -0.07532
v -0.00429 -0.29373 -0.07532
v -0.00429 -0.29373 -0.07532
v -0.00429 -0.29373 -0.07532
v 0.04310 -0.32035 -0.23958
v -0.02250 -0.17818 -0.17292
v -0.02250 -0.17818 -0.17292
v -0.02249 -0.10283 -0.24205
v -0.02249 -0.10283 -0.24205
v -0.02249 -0.10283 -0.24205
v -0.00080 0.16511 -0.01216
v -0.00080 0.16511 -0.01216
v -0.00080 0.16511 -0.01216
v -0.00593 0.33550 -0.16395
v -0.02662 0.34289 -0.17411
v -0.00329 0.36439 -0.17015
v -0.00042 0.42552 -0.15059
v -0.02249 0.45978 -0.14818
v -0.02249 0.45978 -0.14818
v 0.00367 0.56608 -0.01548
v 0.00744 0.47691 0.11968
v 0.00744 0.47691 0.11968
v 0.00744 0.47691 0.11968
v -0.01889 -0.80847 -0.30409
v -0.01889 -0.80847 -0.30409
v -0.00646 -0.73563 -0.08908
v 0.03886 -0.62141 -0.00466
v 0.03886 -0.62141 -0.00466
v 0.03886 -0.62141 -0.00466
v 0.03886 -0.62141 -0.00466
v -0.00588 -0.54666 -0.08070
v -0.00588 -0.54666 -0.08070
v -0.02100 -0.45451 0.12634
v -0.02100 -0.45451 0.12634
v 0.01735 -0.47066 -0.10637
v 0.01735 -0.47066 -0.10637
v 0.01735 -0.47066 -0.10637
v 0.02213 -0.43440 -0.22340
v 0.02213 -0.43440 -0.22340
v 0.01339 -0.28179 0.16290
v 0.01339 -0.28179 0.16290
v 0.01339 -0.28179 0.16290
v -0.01500 -0.24150 0.09855
v -0.00494 -0.25256 0.00152
v -0.01151 -0.22607 0.05389
v 0.00514 -0.16073 0.08815
v -0.00853 -0.11126 0.12712
v -0.00853 -0.11126 0.12712
v -0.01452 -0.06356 -0.23096
v -0.01452 -0.06356 -0.23096
v -0.01452 -0.06356 -0.23096
v -0.01452 -0.06356 -0.23096
v 0.00073 -0.05632 0.11462
v 0.00073 -0.05632 0.11462
v -0.01287 -0.06095 -0.21953
v -0.01287 -0.06095 -0.21953
v -0.01533 0.05328 -0.18690
v -0.00787 0.17702 -0.04447
v -0.00787 0.17702 -0.04447
v 0.00567 0.16593 -0.13654
v 0.00567 0.16593 -0.13654
v 0.01936 0.35073 0.19835
v 0.01936 0.35073 0.19835
v 0.03272 0.56227 0.02378
v 0.03272 0.56227 0.02378
v -0.02926 -0.91040 -0.09890
v -0.02926 -0.91040 -0.09890
v -0.02926 -0.91040 -0.09890
v 0.02724 -0.92924 -0.15394
v 0.02724 -0.92924 -0.15394
v 0.02063 -0.93698 -0.04307
v 0.02063 -0.93698 -0.04307
v 0.02063 -0.93698 -0.04307
v -0.01238 -0.90990 -0.04398
v -0.01238 -0.90990 -0.04398
v -0.01238 -0.90990 -0.04398
v -0.00664 -0.87151 -0.06128
v -0.00664 -0.87151 -0.06128
v -0.00664 -0.87151 -0.06128
v -0.00664 -0.87151 -0.06128
v 0.00191 -0.83243 -0.09329
v 0.00191 -0.83243 -0.09329
v -0.01549 -0.78934 -0.01863
v -0.01366 -0.75833 -0.08160
v -0.01366 -0.75833 -0.08160
v -0.00243 -0.47392 -0.07732
v -0.00243 -0.47392 -0.07732
v 0.00854 -0.47921 -0.07138
v 0.00854 -0.47921 -0.07138
v 0.00854 -0.47921 -0.07138
v 0.00854 -0.47921 -0.07138
v 0.08912 -0.34371 -0.19146
v -0.01185 -0.28412 -0.10197
v -0.01185 -0.28412 -0.10197
v 0.00218 -0.30294 0.04655
v 0.00261 -0.19235 -0.23269
v -0.01718 -0.18049 0.03785
v -0.00840 -0.12876 -0.21656
v 0.00753 -0.17167 -0.18177
v 0.00753 -0.17167 -0.18177
v 0.00753 -0.17167 -0.18177
v 0.00753 -0.17167 -0.18177
v 0.00753 -0.17167 -0.18177
v 0.02170 -0.07808 0.09577
v 0.02170 -0.07808 0.09577
v 0.02170 -0.07808 0.09577
v 0.01809 -0.05379 -0.18249
v 0.02589 0.08213 0.08835
v 0.02589 0.08213 0.08835
v 0.02589 0.08213 0.08835
v 0.01211 0.09447 0.08794
v 0.01211 0.09447 0.08794
v 0.01563 0.16174 0.15819
v 0.01563 0.16174 0.15819
v 0.01889 0.21874 -0.08456
v 0.01889 0.21874 -0.08456
v 0.01902 0.21120 0.12315
v 0.01902 0.21120 0.12315
v -0.00535 -0.83350 -0.03783
v 0.04053 -0.85338 0.01256
v 0.04053 -0.85338 0.01256
v 0.04053 -0.85338 0.01256
v 0.04053 -0.85338 0.01256
v 0.04053 -0.85338 0.01256
v 0.04053 -0.85338 0.01256
v 0.00464 -0.73675 -0.27102
v 0.00464 -0.73675 -0.27102
v 0.00464 -0.73675 -0.27102
v 0.03547 -0.67903 -0.08383
v 0.03547 -0.67903 -0.08383
v 0.03547 -0.67903 -0.08383
v 0.03547 -0.67903 -0.08383
v -0.00097 -0.66711 0.09356
v -0.00097 -0.66711 0.09356
v 0.03577 -0.63477 -0.27182
v 0.03577 -0.63477 -0.27182
v 0.02076 -0.57787 0.14289
v 0.02320 -0.58856 -0.00887
v 0.03397 -0.53177 0.13289
v 0.03397 -0.53177 0.13289
v -0.02187 -0.51099 -0.25022
v -0.02187 -0.51099 -0.25022
v 0.05405 -0.60809 -0.26617
v 0.05405 -0.60809 -0.26617
v 0.05405 -0.60809 -0.26617
v 0.05405 -0.60809 -0.26617
v -0.00636 -0.48662 -0.06114
v -0.00636 -0.48662 -0.06114
v 0.02357 -0.37007 -0.22257
v 0.02357 -0.37007 -0.22257
v 0.02357 -0.37007 -0.22257
v 0.00112 -0.36116 -0.10381
v -0.01448 -0.37505 -0.09359
v -0.01448 -0.37505 -0.09359
v 0.00782 -0.38187 -0.07548
v 0.00782 -0.38187 -0.07548
v 0.00782 -0.38187 -0.07548
v 0.00782 -0.38187 -0.07548
v 0.00301 -0.28654 0.02943
v 0.00301 -0.28654 0.02943
v 0.00301 -0.28654 0.02943
v 0.00908 -0.21332 -0.06724
v -0.01714 -0.11604 0.11188
v 0.01493 -0.14213 0.08250
v 0.00068 -0.10723 0.11436
v 0.00068 -0.10723 0.11436
v 0.00068 -0.10723 0.11436
v 0.00579 -0.05068 -0.22182
v 0.01522 0.05704 0.12460
v 0.01522 0.05704 0.12460
v 0.01522 0.05704 0.12460
v 0.01907 0.05336 -0.19897
v 0.01907 0.05336 -0.19897
v 0.03826 0.15831 0.12457
v 0.03826 0.15831 0.12457
v 0.03826 0.15831 0.12457
v 0.02158 0.11662 -0.06951
v 0.02158 0.11662 -0.06951
v 0.02158 0.11662 -0.06951
v 0.01592 0.15966 0.03191
v 0.01592 0.15966 0.03191
v 0.04236 0.32481 -0.13327
v 0.04236 0.32481 -0.13327
v 0.01211 0.46764 0.11988
v 0.01211 0.46764 0.11988
v 0.01211 0.46764 0.11988
v 0.01167 -0.78705 0.02230
v 0.01167 -0.78705 0.02230
v 0.02732 -0.67039 -0.05679
v 0.02901 -0.56779 -0.05957
v 0.02901 -0.56779 -0.05957
v 0.02901 -0.56779 -0.05957
v 0.02901 -0.56779 -0.05957
v 0.03209 -0.45205 0.09630
v 0.03209 -0.45205 0.09630
v 0.02099 -0.42779 0.13378
v 0.02099 -0.42779 0.13378
v 0.02099 -0.42779 0.13378
v 0.02099 -0.42779 0.13378
v 0.06399 -0.35977 0.16498
v 0.06399 -0.35977 0.16498
v 0.02215 -0.35337 -0.24613
v 0.01720 -0.28939 -0.02190
v 0.01720 -0.28939 -0.02190
v 0.01720 -0.28939 -0.02190
v 0.01720 -0.28939 -0.02190
v 0.03886 -0.15909 -0.07246
v 0.03886 -0.15909 -0.07246
v 0.00675 -0.08402 0.07610
v 0.00675 -0.08402 0.07610
v 0.00837 0.01710 -0.21729
v 0.00837 0.01710 -0.21729
v 0.01428 0.12891 -0.01237
v 0.01194 0.32872 0.20370
v 0.01194 0.32872 0.20370
v 0.01194 0.32872 0.20370
v 0.01194 0.32872 0.20370
v 0.01194 0.32872 0.20370
v 0.01194 0.32872 0.20370
v 0.00408 0.37642 0.19627
v 0.03956 0.40687 0.16621
v 0.03956 0.40687 0.16621
v 0.01161 -0.88312 0.00768
v 0.01629 -0.85970 0.00400
v 0.01629 -0.85970 0.00400
v 0.01172 -0.80698 -0.10671
v 0.01172 -0.80698 -0.10671
v 0.03939 -0.72578 -0.09574
v 0.03336 -0.44705 -0.06457
v 0.03336 -0.44705 -0.06457
v 0.03336 -0.44705 -0.06457
v 0.00946 -0.45721 -0.06243
v 0.00478 -0.33828 0.03454
v 0.00478 -0.33828 0.03454
v 0.01802 -0.31921 0.03628
v 0.02555 -0.25826 -0.23106
v 0.05852 -0.19688 -0.10654
v 0.05852 -0.19688 -0.10654
v 0.05852 -0.19688 -0.10654
v 0.02788 -0.13251 0.04976
v 0.02788 -0.13251 0.04976
v 0.02788 -0.13251 0.04976
v 0.02549 0.02534 0.06717
v 0.02549 0.02534 0.06717
v 0.02395 0.04301 0.06398
v 0.02395 0.04301 0.06398
v 0.02395 0.04301 0.06398
v 0.06051 0.12151 0.04312
v 0.06051 0.12151 0.04312
v 0.06051 0.12151 0.04312
v 0.06051 0.12151 0.04312
v 0.03260 0.26396 -0.10034
v 0.02822 0.31062 0.16233
v 0.02822 0.31062 0.16233
v 0.02404 0.43755 -0.14690
v 0.02404 0.43755 -0.14690
v 0.01278 0.54402 -0.06751
v 0.01278 0.54402 -0.06751
v 0.09667 -0.93721 -0.08773
v 0.09667 -0.93721 -0.08773
v 0.04785 -0.83429 -0.11298
v 0.04785 -0.83429 -0.11298
v 0.03289 -0.82696 -0.32891
v 0.03289 -0.82696 -0.32891
v 0.06297 -0.72679 0.08846
v 0.06297 -0.72679 0.08846
v 0.03667 -0.70200 -0.29168
v 0.03667 -0.70200 -0.29168
v 0.03364 -0.55026 -0.01610
v 0.03364 -0.55026 -0.01610
v 0.03364 -0.55026 -0.01610
v 0.03364 -0.55026 -0.01610
v 0.03364 -0.55026 -0.01610
v 0.03364 -0.55026 -0.01610
v 0.06099 -0.55173 0.15279
v 0.06099 -0.55173 0.15279
v 0.04857 -0.51199 0.13394
v 0.04857 -0.51199 0.13394
v 0.04857 -0.51199 0.13394
v 0.06195 -0.54040 -0.00861
v 0.06195 -0.54040 -0.00861
v 0.00426 -0.40639 -0.04145
v 0.00426 -0.40639 -0.04145
v 0.00426 -0.40639 -0.04145
v 0.01039 -0.42234 0.06091
v 0.01039 -0.42234 0.06091
v 0.04281 -0.44131 0.05795
v 0.04281 -0.44131 0.05795
v 0.04281 -0.44131 0.05795
v 0.03973 -0.44687 0.16378
v 0.03973 -0.44687 0.16378
v 0.03973 -0.44687 0.16378
v 0.02257 -0.42158 -0.00580
v 0.02257 -0.42158 -0.00580
v 0.01835 -0.41623 0.07252
v 0.01835 -0.41623 0.07252
v 0.02821 -0.42201 0.09954
v 0.02821 -0.42201 0.09954
v 0.02509 -0.36335 0.04414
v 0.02509 -0.36335 0.04414
v 0.06716 -0.30833 -0.05586
v 0.06716 -0.30833 -0.05586
v 0.02414 -0.23419 -0.17574
v 0.02414 -0.23419 -0.17574
v 0.02414 -0.23419 -0.17574
v 0.01493 -0.17150 0.01545
v 0.04312 -0.06969 -0.17574
v 0.04312 -0.06969 -0.17574
v 0.02293 -0.04919 -0.19531
v 0.02452 0.06496 0.11562
v 0.02452 0.06496 0.11562
v 0.03269 0.15555 0.05353
v 0.03269 0.15555 0.05353
v 0.03269 0.15555 0.05353
v 0.03269 0.15555 0.05353
v 0.04249 0.14667 -0.04189
v 0.04249 0.14667 -0.04189
v 0.04249 0.14667 -0.04189
v 0.06053 0.32745 0.13683
v 0.06053 0.32745 0.13683
v 0.06053 0.32745 0.13683
v 0.06053 0.32745 0.13683
v 0.06053 0.32745 0.13683
v 0.02602 0.46032 -0.08972
v 0.02602 0.46032 -0.08972
v 0.01384 0.47377 0.07716
v 0.01384 0.47377 0.07716
v 0.03505 -0.93476 0.02715
v 0.03505 -0.93476 0.02715
v 0.07665 -0.69867 -0.29095
v 0.07665 -0.69867 -0.29095
v 0.07665 -0.69867 -0.29095
v 0.03975 -0.72012 -0.27852
v 0.03975 -0.72012 -0.27852
v 0.03975 -0.72012 -0.27852
v 0.07155 -0.60012 0.11721
v 0.03957 -0.53595 -0.27547
v 0.03957 -0.53595 -0.27547
v 0.05091 -0.45306 -0.25756
v 0.05091 -0.45306 -0.25756
v 0.03052 -0.41396 0.11839
v 0.03052 -0.41396 0.11839
v 0.03052 -0.41396 0.11839
v 0.03052 -0.41396 0.11839
v 0.03852 -0.33266 0.03187
v 0.04834 -0.28908 0.00318
v 0.04834 -0.28908 0.00318
v 0.04834 -0.28908 0.00318
v 0.04019 -0.17275 -0.03897
v 0.07283 -0.30944 -0.19629
v 0.03285 -0.08497 0.08435
v 0.03285 -0.08497 0.08435
v 0.04858 -0.07675 0.10103
v 0.04858 -0.07675 0.10103
v 0.04858 -0.07675 0.10103
v 0.04156 -0.05032 0.10883
v 0.06510 0.04686 0.10407
v 0.06510 0.04686 0.10407
v 0.06510 0.04686 0.10407
v 0.04261 0.03701 -0.21244
v 0.04261 0.03701 -0.21244
v 0.04261 0.03701 -0.21244
v 0.08132 0.14114 0.04452
v 0.08132 0.14114 0.04452
v 0.08132 0.14114 0.04452
v 0.08132 0.14114 0.04452
v 0.02439 0.17333 -0.09997
v 0.04593 0.19493 0.12582
v 0.04567 0.26347 0.15468
v 0.04567 0.26347 0.15468
v 0.04567 0.26347 0.15468
v 0.04189 0.28131 0.18329
v 0.04189 0.28131 0.18329
v 0.04189 0.28131 0.18329
v 0.04189 0.28131 0.18329
v 0.02787 0.31567 0.21239
v 0.02787 0.31567 0.21239
v 0.02763 0.29734 0.21221
v 0.02763 0.29734 0.21221
v 0.03600 0.39047 0.15227
v 0.03600 0.39047 0.15227
v 0.02973 0.41045 0.13267
v 0.02973 0.41045 0.13267
v 0.02586 0.46506 0.08054
v 0.03980 0.53164 -0.08060
v 0.05713 0.51814 0.04248
v 0.06713 0.58658 -0.05154
v 0.06713 0.58658 -0.05154
v 0.02379 -0.93918 0.11073
v 0.02379 -0.93918 0.11073
v 0.02379 -0.93918 0.11073
v 0.03531 -0.90101 0.05004
v 0.03531 -0.90101 0.05004
v 0.05875 -0.86584 -0.32725
v 0.05875 -0.86584 -0.32725
v 0.05875 -0.86584 -0.32725
v 0.06500 -0.78942 0.04045
v 0.06500 -0.78942 0.04045
v 0.06500 -0.78942 0.04045
v 0.06500 -0.78942 0.04045
v 0.06612 -0.76925 -0.09287
v 0.08574 -0.64810 -0.02160
v 0.08574 -0.64810 -0.02160
v 0.04645 -0.60128 -0.05519
v 0.04645 -0.60128 -0.05519
v 0.04645 -0.60128 -0.05519
v 0.06498 -0.49030 -0.00581
v 0.06498 -0.49030 -0.00581
v 0.06498 -0.49030 -0.00581
v 0.06498 -0.49030 -0.00581
v 0.03804 -0.42257 0.11671
v 0.03804 -0.42257 0.11671
v 0.03982 -0.36988 -0.06987
v 0.03982 -0.36988 -0.06987
v 0.05482 -0.21990 -0.17447
v 0.05482 -0.21990 -0.17447
v 0.03046 -0.12648 -0.01312
v 0.03046 -0.12648 -0.01312
v 0.04519 -0.09744 0.04690
v 0.04519 -0.09744 0.04690
v 0.04519 -0.09744 0.04690
v 0.04222 -0.09458 0.10838
v 0.04222 -0.09458 0.10838
v 0.04296 -0.08912 0.07174
v 0.04296 -0.08912 0.07174
v 0.05654 -0.02718 0.10190
v 0.05304 0.02574 -0.18892
v 0.05331 -0.03005 -0.21112
v 0.05785 0.06447 0.03744
v 0.05785 0.06447 0.03744
v 0.04981 0.08052 -0.00702
v 0.04981 0.08052 -0.00702
v 0.04531 0.09051 0.07064
v 0.04531 0.09051 0.07064
v 0.04531 0.09051 0.07064
v 0.03908 0.15366 0.04350
v 0.03908 0.15366 0.04350
v 0.03908 0.15366 0.04350
v 0.05232 0.24388 -0.08180
v 0.05727 0.41628 0.02699
v 0.05727 0.41628 0.02699
v 0.04631 0.57821 -0.03681
v 0.06313 -0.94497 0.01315
v 0.04746 -0.88104 -0.31601
v 0.04746 -0.88104 -0.31601
v 0.05932 -0.79841 -0.29449
v 0.05932 -0.79841 -0.29449
v 0.05953 -0.72699 -0.09251
v 0.05953 -0.72699 -0.09251
v 0.05852 -0.48116 -0.25531
v 0.05852 -0.48116 -0.25531
v 0.05809 -0.43949 0.15056
v 0.05809 -0.43949 0.15056
v 0.05780 -0.44784 0.12989
v 0.05780 -0.44784 0.12989
v 0.05366 -0.39118 0.15203
v 0.05366 -0.39118 0.15203
v 0.04879 -0.41543 -0.22215
v 0.04879 -0.41543 -0.22215
v 0.05045 -0.40488 0.03910
v 0.06219 -0.44140 -0.08199
v 0.07895 -0.22978 -0.17075
v 0.07895 -0.22978 -0.17075
v 0.06868 -0.20868 -0.04953
v 0.06868 -0.20868 -0.04953
v 0.06868 -0.20868 -0.04953
v 0.05007 -0.03870 -0.21903
v 0.07922 0.12441 -0.13337
v 0.07922 0.12441 -0.13337
v 0.07579 0.10219 -0.08993
v 0.04215 0.07490 0.12172
v 0.04215 0.07490 0.12172
v 0.04215 0.07490 0.12172
v 0.04215 0.07490 0.12172
v 0.06007 0.16497 -0.04742
v 0.06007 0.16497 -0.04742
v 0.06716 0.29701 -0.09008
v 0.06716 0.29701 -0.09008
v 0.06716 0.29701 -0.09008
v 0.07758 0.36502 0.03649
v 0.04699 0.40047 0.11529
v 0.07785 -0.94371 0.04254
v 0.02997 -0.92152 0.12998
v 0.02997 -0.92152 0.12998
v 0.08628 -0.78915 -0.08501
v 0.08628 -0.78915 -0.08501
v 0.05917 -0.76160 -0.28012
v 0.06652 -0.72638 -0.10207
v 0.06652 -0.72638 -0.10207
v 0.06652 -0.72638 -0.10207
v 0.04534 -0.59973 -0.03505
v 0.04534 -0.59973 -0.03505
v 0.05733 -0.58102 -0.02968
v 0.05733 -0.58102 -0.02968
v 0.09514 -0.64401 0.07203
v 0.06651 -0.54944 0.00976
v 0.06651 -0.54944 0.00976
v 0.07433 -0.52120 0.10326
v 0.07433 -0.52120 0.10326
v 0.07285 -0.37808 0.01568
v 0.07285 -0.37808 0.01568
v 0.07896 -0.35698 0.00573
v 0.07896 -0.35698 0.00573
v 0.07369 -0.43610 -0.26574
v 0.01049 -0.36193 0.11831
v 0.01049 -0.36193 0.11831
v 0.06856 -0.33870 0.10609
v 0.06856 -0.33870 0.10609
v 0.06489 -0.32084 0.00142
v 0.06489 -0.32084 0.00142
v 0.06868 -0.14658 0.00293
v 0.06868 -0.14658 0.00293
v 0.04837 -0.11566 0.02571
v 0.04837 -0.11566 0.02571
v 0.04837 -0.11566 0.02571
v 0.04837 -0.11566 0.02571
v 0.08565 -0.08467 0.04553
v 0.08565 -0.08467 0.04553
v 0.06513 0.05433 0.00312
v 0.07781 0.07933 0.12060
v 0.07781 0.07933 0.12060
v 0.07781 0.07933 0.12060
v 0.07781 0.07933 0.12060
v 0.07781 0.07933 0.12060
v 0.07188 0.05377 0.14011
v 0.07188 0.05377 0.14011
v 0.07188 0.05377 0.14011
v 0.07188 0.05377 0.14011
v 0.06564 0.11291 -0.00822
v 0.06564 0.11291 -0.00822
v 0.06564 0.11291 -0.00822
v 0.07881 0.18984 0.14925
v 0.07881 0.18984 0.14925
v 0.06874 0.10619 0.14714
v 0.06874 0.10619 0.14714
v 0.04800 0.45799 -0.01274
v 0.07258 0.38991 -0.02300
v 0.07258 0.38991 -0.02300
v 0.07201 0.48326 -0.04757
v 0.07201 0.48326 -0.04757
v 0.07174 0.48852 0.02241
v 0.07174 0.48852 0.02241
v 0.07128 0.52865 0.03149
v 0.07679 -0.87119 0.06792
v 0.07679 -0.87119 0.06792
v 0.05537 -0.77314 0.06620
v 0.05537 -0.77314 0.06620
v 0.06207 -0.77212 0.06268
v 0.06207 -0.77212 0.06268
v 0.04584 -0.65160 -0.28974
v 0.04584 -0.65160 -0.28974
v 0.07379 -0.50912 0.02367
v 0.07379 -0.50912 0.02367
v 0.06220 -0.45848 -0.22834
v 0.06220 -0.45848 -0.22834
v 0.07589 -0.41245 -0.22313
v 0.07231 -0.18540 -0.11657
v 0.07231 -0.18540 -0.11657
v 0.09648 -0.18231 -0.19735
v 0.09648 -0.18231 -0.19735
v 0.08066 -0.11546 -0.17890
v 0.08066 -0.11546 -0.17890
v 0.08066 -0.11546 -0.17890
v 0.08066 -0.11546 -0.17890
v 0.05768 -0.06610 -0.16332
v 0.05768 -0.06610 -0.16332
v 0.05768 -0.06610 -0.16332
v 0.07339 -0.15634 -0.14752
v 0.07339 -0.15634 -0.14752
v 0.07339 -0.15634 -0.14752
v 0.07339 -0.15634 -0.14752
v 0.08556 -0.07451 0.07789
v 0.07711 -0.06092 -0.19339
v 0.07711 -0.06092 -0.19339
v 0.07711 -0.06092 -0.19339
v 0.09678 0.01354 0.06885
v 0.09678 0.01354 0.06885
v 0.05905 0.02800 0.04772
v 0.05905 0.02800 0.04772
v 0.08747 0.07029 -0.01894
v 0.08747 0.07029 -0.01894
v 0.08747 0.07029 -0.01894
v 0.07448 0.08940 -0.16925
v 0.07448 0.08940 -0.16925
v 0.04783 0.19263 0.05361
v 0.04783 0.19263 0.05361
v 0.06640 0.33233 -0.06376
v 0.06021 0.38064 0.08974
v 0.06021 0.38064 0.08974
v 0.13145 0.61548 -0.07778
v 0.13145 0.61548 -0.07778
v 0.08286 -0.94282 0.08861
v 0.10035 -0.94230 0.17687
v 0.10035 -0.94230 0.17687
v 0.15861 -0.92938 -0.03592
v 0.15861 -0.92938 -0.03592
v 0.15861 -0.92938 -0.03592
v 0.06745 -0.87776 -0.11697
v 0.06745 -0.87776 -0.11697
v 0.07755 -0.83584 0.01495
v 0.08483 -0.80368 -0.02936
v 0.08483 -0.80368 -0.02936
v 0.11789 -0.76342 -0.01473
v 0.10512 -0.73983 -0.05758
v 0.10512 -0.73983 -0.05758
v 0.14110 -0.77619 -0.30540
v 0.14110 -0.77619 -0.30540
v 0.10258 -0.66001 0.11231
v 0.10258 -0.66001 0.11231
v 0.07571 -0.53078 0.01676
v 0.07571 -0.53078 0.01676
v 0.09819 -0.55544 -0.28090
v 0.09171 -0.53446 0.05820
v 0.09254 -0.47654 0.02202
v 0.09254 -0.47654 0.02202
v 0.10063 -0.08113 0.02401
v 0.10063 -0.08113 0.02401
v 0.08884 0.10624 -0.11595
v 0.08209 0.13605 -0.00743
v 0.08209 0.13605 -0.00743
v 0.08209 0.13605 -0.00743
v 0.08209 0.13605 -0.00743
v 0.04754 0.18662 0.01689
v 0.04754 0.18662 0.01689
v 0.08059 0.18023 0.02445
v 0.08059 0.18023 0.02445
v 0.08059 0.18023 0.02445
v 0.08059 0.18023 0.02445
v 0.08059 0.18023 0.02445
v 0.08438 0.19340 -0.00717
v 0.08438 0.19340 -0.00717
v 0.08438 0.19340 -0.00717
v 0.08438 0.19340 -0.00717
v 0.08438 0.19340 -0.00717
v 0.07473 0.22869 0.00312
v 0.07473 0.22869 0.00312
v 0.10145 0.20864 0.00437
v 0.07231 0.28370 0.06893
v 0.07941 0.32622 -0.05699
v 0.06593 0.33419 -0.02831
v 0.07484 0.34647 0.12795
v 0.07484 0.34647 0.12795
v 0.07484 0.34647 0.12795
v 0.07484 0.34647 0.12795
v 0.07861 0.51838 -0.07175
v 0.10143 0.63194 -0.01331
v 0.10143 0.63194 -0.01331
v 0.10143 0.63194 -0.01331
v 0.12074 -0.85662 0.05926
v 0.08147 -0.81645 -0.09202
v 0.08190 -0.77372 0.04987
v 0.08190 -0.77372 0.04987
v 0.09879 -0.76421 -0.33290
v 0.09879 -0.76421 -0.33290
v 0.12616 -0.70941 -0.31872
v 0.05975 -0.54449 0.06775
v 0.13963 -0.62850 -0.26511
v 0.10373 -0.42858 -0.07621
v 0.10373 -0.42858 -0.07621
v 0.10502 -0.39668 -0.22005
v 0.07500 -0.17252 -0.02019
v 0.07500 -0.17252 -0.02019
v 0.07500 -0.17252 -0.02019
v 0.07944 -0.04481 -0.19865
v 0.11452 0.02298 -0.17392
v 0.11452 0.02298 -0.17392
v 0.08893 0.07700 0.04818
v 0.08893 0.07700 0.04818
v 0.08893 0.07700 0.04818
v 0.07034 -0.00825 0.15128
v 0.07034 -0.00825 0.15128
v 0.07630 0.06015 -0.14703
v 0.07630 0.06015 -0.14703
v 0.07630 0.06015 -0.14703
v 0.10418 0.09949 0.01881
v 0.10418 0.09949 0.01881
v 0.10418 0.09949 0.01881
v 0.10418 0.09949 0.01881
v 0.08955 0.12923 0.01509
v 0.12782 0.20421 -0.09798
v 0.06699 0.31775 0.03645
v 0.07774 0.33987 0.07541
v 0.07612 0.32181 0.14477
v 0.07612 0.32181 0.14477
v 0.11784 0.40206 0.00539
v 0.11784 0.40206 0.00539
v 0.07226 0.48103 -0.03581
v 0.07226 0.48103 -0.03581
v 0.10432 -0.93302 0.19997
v 0.10432 -0.93302 0.19997
v 0.10270 -0.89650 0.13594
v 0.10270 -0.89650 0.13594
v 0.11446 -0.86758 -0.06078
v 0.11446 -0.86758 -0.06078
v 0.12115 -0.83990 -0.01357
v 0.12115 -0.83990 -0.01357
v 0.09984 -0.81309 -0.07747
v 0.09984 -0.81309 -0.07747
v 0.08448 -0.84272 -0.10358
v 0.08448 -0.84272 -0.10358
v 0.09243 -0.76622 -0.07669
v 0.09243 -0.76622 -0.07669
v 0.07915 -0.37989 -0.01912
v 0.09824 -0.25034 -0.19588
v 0.09824 -0.25034 -0.19588
v 0.07779 -0.18526 -0.14220
v 0.07779 -0.18526 -0.14220
v 0.07792 -0.16515 -0.04771
v 0.07792 -0.16515 -0.04771
v 0.07792 -0.16515 -0.04771
v 0.10321 -0.14761 -0.18708
v 0.10321 -0.14761 -0.18708
v 0.10321 -0.14761 -0.18708
v 0.10321 -0.14761 -0.18708
v 0.10223 -0.19393 -0.15309
v 0.10223 -0.19393 -0.15309
v 0.09555 -0.20864 0.05365
v 0.09555 -0.20864 0.05365
v 0.09621 -0.08011 -0.18025
v 0.09621 -0.08011 -0.18025
v 0.09621 -0.08011 -0.18025
v 0.08576 -0.07267 -0.20333
v 0.08576 -0.07267 -0.20333
v 0.11420 -0.00621 0.08256
v 0.09084 0.08647 0.03223
v 0.09084 0.08647 0.03223
v 0.10008 0.11382 -0.11669
v 0.10008 0.11382 -0.11669
v 0.11912 0.16308 -0.06708
v 0.11912 0.16308 -0.06708
v 0.09749 0.15566 0.01372
v 0.09749 0.15566 0.01372
v 0.09749 0.15566 0.01372
v 0.09749 0.15566 0.01372
v 0.07306 0.21415 0.04112
v 0.07306 0.21415 0.04112
v 0.08253 0.22744 0.04544
v 0.08253 0.22744 0.04544
v 0.08253 0.22744 0.04544
v 0.16439 0.33384 -0.14102
v 0.16439 0.33384 -0.14102
v 0.09045 0.30183 0.04699
v 0.09375 0.48411 -0.03825
v 0.09375 0.48411 -0.03825
v 0.09375 0.48411 -0.03825
v 0.11530 -0.72270 0.03671
v 0.11428 -0.70147 0.00225
v 0.15924 -0.75237 -0.29104
v 0.15924 -0.75237 -0.29104
v 0.15924 -0.75237 -0.29104
v 0.15924 -0.75237 -0.29104
v 0.10797 -0.41336 -0.02359
v 0.13215 -0.30893 -0.21261
v 0.14695 -0.26552 -0.12144
v 0.14695 -0.26552 -0.12144
v 0.09618 -0.14007 -0.03394
v 0.09618 -0.14007 -0.03394
v 0.09618 -0.14007 -0.03394
v 0.09618 -0.14007 -0.03394
v 0.14616 -0.11976 0.04266
v 0.14616 -0.11976 0.04266
v 0.10910 0.11469 0.00402
v 0.10910 0.11469 0.00402
v 0.10182 0.19462 -0.03901
v 0.10182 0.19462 -0.03901
v 0.10182 0.19462 -0.03901
v 0.10182 0.19462 -0.03901
v 0.10182 0.19462 -0.03901
v 0.11306 0.26087 -0.03766
v 0.09014 0.29751 0.01642
v 0.09014 0.29751 0.01642
v 0.08721 0.50024 0.01977
v 0.08721 0.50024 0.01977
v 0.09623 0.50926 -0.04465
v 0.09623 0.50926 -0.04465
v 0.11245 0.50787 -0.03223
v 0.11245 0.50787 -0.03223
v 0.11853 0.56454 0.01474
v 0.08805 0.75347 -0.06577
v 0.08805 0.75347 -0.06577
v 0.10136 0.70382 -0.06081
v 0.10136 0.70382 -0.06081
v 0.09323 0.71991 -0.03160
v 0.09323 0.71991 -0.03160
v 0.09323 0.71991 -0.03160
v 0.13490 -0.87334 -0.04603
v 0.13941 -0.61490 -0.29941
v 0.14747 -0.53615 -0.25008
v 0.15337 -0.45416 -0.19212
v 0.14587 -0.12565 0.01503
v 0.14587 -0.12565 0.01503
v 0.10826 -0.18892 0.04472
v 0.10826 -0.18892 0.04472
v 0.14078 -0.17274 -0.01755
v 0.14078 -0.17274 -0.01755
v 0.14078 -0.17274 -0.01755
v 0.14078 -0.17274 -0.01755
v 0.12156 -0.13319 0.06850
v 0.12156 -0.13319 0.06850
v 0.11126 0.07700 -0.03726
v 0.11126 0.07700 -0.03726
v 0.11126 0.07700 -0.03726
v 0.11126 0.07700 -0.03726
v 0.11393 0.26498 -0.00544
v 0.10401 -0.93805 0.10122
v 0.12792 -0.91225 0.13486
v 0.12792 -0.91225 0.13486
v 0.11471 -0.88788 -0.11976
v 0.11282 -0.87388 -0.11479
v 0.11282 -0.87388 -0.11479
v 0.12787 -0.85488 -0.14645
v 0.12402 -0.46686 -0.00795
v 0.12402 -0.46686 -0.00795
v 0.13202 -0.25470 -0.05254
v 0.13202 -0.25470 -0.05254
v 0.16681 -0.11793 -0.17532
v 0.16681 -0.11793 -0.17532
v 0.13175 -0.07152 -0.01388
v 0.13175 -0.07152 -0.01388
v 0.13944 0.01907 0.05603
v 0.13944 0.01907 0.05603
v 0.18150 0.28212 -0.14831
v 0.14658 -0.94519 0.01278
v 0.10864 -0.92586 -0.11523
v 0.10864 -0.92586 -0.11523
v 0.13862 -0.85367 -0.17997
v 0.13862 -0.85367 -0.17997
v 0.13767 -0.93846 -0.17647
v 0.13767 -0.93846 -0.17647
v 0.13767 -0.93846 -0.17647
v 0.13767 -0.93846 -0.17647
v 0.15836 -0.87036 0.04395
v 0.16149 -0.20907 -0.03200
v 0.16149 -0.20907 -0.03200
v 0.16149 -0.20907 -0.03200
v 0.11354 -0.12184 -0.15761
v 0.11354 -0.12184 -0.15761
v 0.16024 -0.08685 -0.19097
v 0.16024 -0.08685 -0.19097
v 0.14265 -0.01026 0.06441
v 0.14265 -0.01026 0.06441
v 0.15917 0.06168 -0.07209
v 0.15917 0.06168 -0.07209
v 0.13383 0.01678 -0.16676
v 0.13383 0.01678 -0.16676
v 0.12710 0.17065 -0.03882
v 0.12710 0.17065 -0.03882
v 0.12710 0.17065 -0.03882
v 0.14324 0.26571 -0.00050
v 0.14324 0.26571 -0.00050
v 0.16879 0.30959 -0.03887
v 0.16879 0.30959 -0.03887
v 0.16879 0.30959 -0.03887
v 0.17169 0.34777 -0.09087
v 0.14088 -0.94025 0.06634
v 0.15959 -0.95000 0.16405
v 0.15959 -0.95000 0.16405
v 0.15959 -0.95000 0.16405
v 0.15995 -0.88788 0.14374
v 0.15995 -0.88788 0.14374
v 0.17197 -0.34871 -0.22032
v 0.17197 -0.34871 -0.22032
v 0.17197 -0.34871 -0.22032
v 0.12283 -0.24348 -0.21681
v 0.12283 -0.24348 -0.21681
v 0.17994 -0.22414 -0.18116
v 0.15758 -0.15449 -0.03199
v 0.15758 -0.15449 -0.03199
v 0.15758 -0.15449 -0.03199
v 0.13835 -0.01420 0.06313
v 0.17114 -0.06991 0.05580
v 0.13474 0.00339 -0.16642
v 0.18792 -0.06618 -0.17509
v 0.18792 -0.06618 -0.17509
v 0.18792 -0.06618 -0.17509
v 0.16333 0.21807 -0.07438
v 0.16333 0.21807 -0.07438
v 0.16333 0.21807 -0.07438
v 0.16333 0.21807 -0.07438
v 0.14981 0.29883 -0.05983
v 0.14981 0.29883 -0.05983
v 0.16357 -0.94448 0.12888
v 0.18700 -0.92939 -0.08723
v 0.18700 -0.92939 -0.08723
v 0.15218 -0.87001 -0.08558
v 0.13808 -0.81693 -0.12851
v 0.13808 -0.81693 -0.12851
v 0.13664 -0.86246 -0.02718
v 0.13664 -0.86246 -0.02718
v 0.20765 -0.76170 -0.31719
v 0.16803 -0.48966 -0.23779
v 0.20081 -0.38311 -0.20245
v 0.20081 -0.38311 -0.20245
v 0.15638 -0.10371 0.06091
v 0.13548 -0.08067 -0.18200
v 0.13548 -0.08067 -0.18200
v 0.16374 0.05401 -0.04024
v 0.16374 0.05401 -0.04024
v 0.14406 0.63876 -0.03015
v 0.14406 0.63876 -0.03015
v 0.19729 -0.87282 -0.17656
v 0.19729 -0.87282 -0.17656
v 0.13709 -0.82147 -0.15001
v 0.13070 -0.81536 -0.14633
v 0.13070 -0.81536 -0.14633
v 0.17843 -0.57045 -0.23699
v 0.17843 -0.57045 -0.23699
v 0.15088 -0.30908 -0.09576
v 0.17382 -0.19539 0.04833
v 0.17382 -0.19539 0.04833
v 0.18197 -0.13660 -0.03196
v 0.18197 -0.13660 -0.03196
v 0.18197 -0.13660 -0.03196
v 0.14310 -0.07812 -0.02966
v 0.14310 -0.07812 -0.02966
v 0.14310 -0.07812 -0.02966
v 0.14647 0.02673 -0.13554
v 0.14647 0.02673 -0.13554
v 0.14647 0.02673 -0.13554
v 0.14172 0.02408 0.02085
v 0.14172 0.02408 0.02085
v 0.17895 0.03866 -0.02262
v 0.17895 0.03866 -0.02262
v 0.14886 -0.92025 0.16293
v 0.14886 -0.92025 0.16293
v 0.16766 -0.80332 -0.18303
v 0.16766 -0.80332 -0.18303
v 0.16766 -0.80332 -0.18303
v 0.16095 -0.80179 -0.33950
v 0.16095 -0.80179 -0.33950
v 0.16095 -0.80179 -0.33950
v 0.16095 -0.80179 -0.33950
v 0.14452 -0.81131 -0.31341
v 0.14452 -0.81131 -0.31341
v 0.14452 -0.81131 -0.31341
v 0.14452 -0.81131 -0.31341
v 0.16738 -0.66852 -0.25475
v 0.16892 -0.31998 -0.08237
v 0.16892 -0.31998 -0.08237
v 0.16892 -0.31998 -0.08237
v 0.16892 -0.31998 -0.08237
v 0.16892 -0.31998 -0.08237
v 0.16357 -0.32224 -0.05876
v 0.16357 -0.32224 -0.05876
v 0.16357 -0.32224 -0.05876
v 0.17920 -0.09943 0.04510
v 0.17920 -0.09943 0.04510
v 0.14217 -0.01767 0.06180
v 0.14217 -0.01767 0.06180
v 0.18453 -0.93116 0.10858
v 0.18453 -0.93116 0.10858
v 0.19371 -0.89724 0.02899
v 0.19371 -0.89724 0.02899
v 0.16995 -0.79595 -0.11168
v 0.16995 -0.79595 -0.11168
v 0.16995 -0.79595 -0.11168
v 0.16995 -0.79595 -0.11168
v 0.18646 -0.76548 -0.31459
v 0.18646 -0.76548 -0.31459
v 0.18646 -0.76548 -0.31459
v 0.17899 -0.27542 -0.00884
v 0.17899 -0.27542 -0.00884
v 0.18196 -0.29298 -0.14520
v 0.18196 -0.29298 -0.14520
v 0.15816 -0.12547 -0.14036
v 0.15816 -0.12547 -0.14036
v 0.15816 -0.12547 -0.14036
v 0.19149 -0.14940 0.02545
v 0.19149 -0.14940 0.02545
v 0.19149 -0.14940 0.02545
v 0.16234 -0.08639 0.03353
v 0.19275 0.23692 -0.11448
v 0.19275 0.23692 -0.11448
v 0.22208 -0.93819 0.04872
v 0.22208 -0.93819 0.04872
v 0.20056 -0.61270 -0.18366
v 0.20056 -0.61270 -0.18366
v 0.26683 -0.73074 -0.24689
v 0.26683 -0.73074 -0.24689
v 0.26683 -0.73074 -0.24689
v 0.17934 -0.17635 -0.15665
v 0.17934 -0.17635 -0.15665
v 0.18424 -0.06415 -0.07773
v 0.18424 -0.06415 -0.07773
v 0.18424 -0.06415 -0.07773
v 0.18424 -0.06415 -0.07773
v 0.19150 -0.01346 0.02261
v 0.19150 -0.01346 0.02261
v 0.15530 0.04350 -0.07986
v 0.15530 0.04350 -0.07986
v 0.17081 0.25362 -0.07138
v 0.17081 0.25362 -0.07138
v 0.22792 -0.64101 -0.24609
v 0.22792 -0.64101 -0.24609
v 0.21311 -0.41696 -0.20999
v 0.21311 -0.41696 -0.20999
v 0.19386 -0.31170 -0.12036
v 0.19386 -0.31170 -0.12036
v 0.19386 -0.31170 -0.12036
v 0.19386 -0.31170 -0.12036
v 0.19386 -0.31170 -0.12036
v 0.19386 -0.31170 -0.12036
v 0.19450 -0.31555 -0.09935
v 0.19450 -0.31555 -0.09935
v 0.19450 -0.31555 -0.09935
v 0.19450 -0.31555 -0.09935
v 0.19450 -0.31555 -0.09935
v 0.19450 -0.31555 -0.09935
v 0.19450 -0.31555 -0.09935
v 0.19063 -0.26406 -0.15838
v 0.18473 -0.16808 -0.12990
v 0.17994 -0.11665 -0.09870
v 0.17994 -0.11665 -0.09870
v 0.19431 -0.11991 -0.15295
v 0.19431 -0.11991 -0.15295
v 0.22332 -0.14110 -0.02040
v 0.22332 -0.14110 -0.02040
v 0.15558 -0.07953 -0.14853
v 0.16670 -0.06136 -0.12997
v 0.16670 -0.06136 -0.12997
v 0.16954 -0.06861 -0.11544
v 0.16954 -0.06861 -0.11544
v 0.16954 -0.06861 -0.11544
v 0.16954 -0.06861 -0.11544
v 0.19179 0.03662 -0.05705
v 0.19179 0.03662 -0.05705
v 0.20435 0.33102 -0.09707
v 0.20435 0.33102 -0.09707
v 0.22228 -0.90800 0.11188
v 0.22228 -0.90800 0.11188
v 0.22228 -0.90800 0.11188
v 0.23297 -0.90593 0.08539
v 0.23297 -0.90593 0.08539
v 0.20715 -0.86590 -0.11418
v 0.20715 -0.86590 -0.11418
v 0.21544 -0.79634 -0.31138
v 0.21544 -0.79634 -0.31138
v 0.21544 -0.79634 -0.31138
v 0.19698 -0.33292 -0.03701
v 0.19698 -0.33292 -0.03701
v 0.21727 -0.34215 -0.10973
v 0.21727 -0.34215 -0.10973
v 0.21727 -0.34215 -0.10973
v 0.21727 -0.34215 -0.10973
v 0.20498 -0.28920 -0.00126
v 0.20498 -0.28920 -0.00126
v 0.20498 -0.28920 -0.00126
v 0.19504 -0.27330 -0.15083
v 0.19942 -0.22913 -0.00999
v 0.19706 -0.04222 -0.12675
v 0.18695 0.00901 -0.05303
v 0.25779 0.35523 -0.16683
v 0.25779 0.35523 -0.16683
v 0.25779 0.35523 -0.16683
v 0.22384 -0.79920 -0.14907
v 0.22384 -0.79920 -0.14907
v 0.22384 -0.79920 -0.14907
v 0.21404 -0.13258 -0.03311
v 0.21404 -0.13258 -0.03311
v 0.21404 -0.13258 -0.03311
v 0.24320 -0.13036 -0.10509
v 0.24320 -0.13036 -0.10509
v 0.24320 -0.13036 -0.10509
v 0.23082 -0.08385 0.00748
v 0.23082 -0.08385 0.00748
v 0.23082 -0.08385 0.00748
v 0.22895 -0.07971 -0.08400
v 0.20128 -0.06020 -0.07568
v 0.21070 -0.05025 -0.00720
v 0.21070 -0.05025 -0.00720
v 0.18390 0.01338 -0.06387
v 0.24075 0.35603 -0.10742
v 0.20227 -0.92005 -0.13538
v 0.20227 -0.92005 -0.13538
v 0.20204 -0.87718 -0.14967
v 0.21685 -0.93849 0.10567
v 0.21685 -0.93849 0.10567
v 0.21685 -0.93849 0.10567
v 0.19125 -0.80152 -0.18963
v 0.19125 -0.80152 -0.18963
v 0.21641 -0.59989 -0.22677
v 0.21641 -0.59989 -0.22677
v 0.21641 -0.59989 -0.22677
v 0.21641 -0.59989 -0.22677
v 0.21280 -0.58606 -0.21687
v 0.21280 -0.58606 -0.21687
v 0.23675 -0.48785 -0.19829
v 0.23675 -0.48785 -0.19829
v 0.25296 -0.24011 -0.00584
v 0.25296 -0.24011 -0.00584
v 0.25296 -0.24011 -0.00584
v 0.22001 -0.23035 -0.02718
v 0.22001 -0.23035 -0.02718
v 0.22001 -0.23035 -0.02718
v 0.23957 -0.20154 -0.02320
v 0.23957 -0.20154 -0.02320
v 0.23957 -0.20154 -0.02320
v 0.22438 -0.23101 -0.14671
v 0.22438 -0.23101 -0.14671
v 0.22438 -0.23101 -0.14671
v 0.22438 -0.23101 -0.14671
v 0.20936 -0.79933 -0.13351
v 0.20936 -0.79933 -0.13351
v 0.20936 -0.79933 -0.13351
v 0.23114 -0.59200 -0.16565
v 0.26184 -0.62038 -0.23946
v 0.26184 -0.62038 -0.23946
v 0.21495 -0.26749 -0.11881
v 0.21495 -0.26749 -0.11881
v 0.21495 -0.26749 -0.11881
v 0.21551 -0.29665 -0.15024
v 0.21551 -0.29665 -0.15024
v 0.21551 -0.29665 -0.15024
v 0.20984 -0.16069 -0.04821
v 0.20984 -0.16069 -0.04821
v 0.20984 -0.16069 -0.04821
v 0.20692 -0.19645 -0.10394
v 0.20692 -0.19645 -0.10394
v 0.23127 -0.06982 -0.12446
v 0.23127 -0.06982 -0.12446
v 0.24255 0.33994 -0.09415
v 0.24255 0.33994 -0.09415
v 0.24512 -0.72640 -0.27918
v 0.24512 -0.72640 -0.27918
v 0.23617 -0.47924 -0.22761
v 0.24453 -0.51355 -0.24037
v 0.24453 -0.51355 -0.24037
v 0.21504 -0.31799 0.00373
v 0.21504 -0.31799 0.00373
v 0.27976 -0.28464 0.00816
v 0.27976 -0.28464 0.00816
v 0.24044 -0.25787 -0.12352
v 0.24044 -0.25787 -0.12352
v 0.24044 -0.25787 -0.12352
v 0.24044 -0.25787 -0.12352
v 0.24442 -0.20409 -0.05192
v 0.24442 -0.20409 -0.05192
v 0.21839 0.29354 -0.11589
v 0.21839 0.29354 -0.11589
v 0.22846 -0.80673 -0.32538
v 0.22846 -0.80673 -0.32538
v 0.25273 -0.64746 -0.16841
v 0.25273 -0.64746 -0.16841
v 0.24300 -0.06357 -0.04714
v 0.24300 -0.06357 -0.04714
v 0.24513 -0.93249 0.12969
v 0.24513 -0.93249 0.12969
v 0.24513 -0.93249 0.12969
v 0.26081 -0.81468 -0.34394
v 0.26081 -0.81468 -0.34394
v 0.24412 -0.36350 -0.10334
v 0.24412 -0.36350 -0.10334
v 0.24412 -0.36350 -0.10334
v 0.26191 -0.32467 -0.13424
v 0.26191 -0.32467 -0.13424
v 0.26191 -0.32467 -0.13424
v 0.26191 -0.32467 -0.13424
v 0.23351 -0.35570 -0.00563
v 0.23351 -0.35570 -0.00563
v 0.23351 -0.35570 -0.00563
v 0.23351 -0.35570 -0.00563
v 0.23978 -0.23323 -0.07445
v 0.23978 -0.23323 -0.07445
v 0.23978 -0.23323 -0.07445
v 0.23187 -0.18651 -0.10824
v 0.23187 -0.18651 -0.10824
v 0.24156 -0.06615 -0.07772
v 0.24156 -0.06615 -0.07772
v 0.24212 -0.63908 -0.16348
v 0.24212 -0.63908 -0.16348
v 0.26812 -0.47603 -0.18951
v 0.24094 -0.46474 -0.21632
v 0.24094 -0.46474 -0.21632
v 0.24094 -0.46474 -0.21632
v 0.25991 -0.19026 -0.10129
v 0.22337 0.82105 -0.26505
v 0.22337 0.82105 -0.26505
v 0.22337 0.82105 -0.26505
v 0.22475 0.79294 -0.26444
v 0.22475 0.79294 -0.26444
v 0.22475 0.79294 -0.26444
v 0.27769 0.81662 -0.23244
v 0.27769 0.81662 -0.23244
v 0.26407 -0.81515 -0.30269
v 0.26407 -0.81515 -0.30269
v 0.26536 -0.55459 -0.21847
v 0.26536 -0.55459 -0.21847
v 0.26536 -0.55459 -0.21847
v 0.23633 -0.39405 -0.01397
v 0.23633 -0.39405 -0.01397
v 0.25649 -0.37900 -0.00809
v 0.26996 0.33531 -0.15211
v 0.26996 0.33531 -0.15211
v 0.27035 0.35982 -0.13373
v 0.27035 0.35982 -0.13373
v 0.27035 0.35982 -0.13373
v 0.27929 0.76489 -0.30946
v 0.27929 0.76489 -0.30946
v 0.27929 0.76489 -0.30946
v 0.27929 0.76489 -0.30946
v 0.27839 0.77022 -0.25372
v 0.27839 0.77022 -0.25372
v 0.30082 -0.77779 -0.29655
v 0.30082 -0.77779 -0.29655
v 0.28214 -0.73387 -0.27968
v 0.28214 -0.73387 -0.27968
v 0.25252 -0.63129 -0.21916
v 0.25252 -0.63129 -0.21916
v 0.26431 -0.38232 -0.25022
v 0.26431 -0.38232 -0.25022
v 0.26060 -0.46606 -0.24912
v 0.27303 -0.36675 -0.11353
v 0.27303 -0.36675 -0.11353
v 0.27303 -0.36675 -0.11353
v 0.23985 -0.32555 0.02208
v 0.23985 -0.32555 0.02208
v 0.25132 -0.34546 0.03917
v 0.25132 -0.34546 0.03917
v 0.25132 -0.34546 0.03917
v 0.25132 -0.34546 0.03917
v 0.24633 -0.31227 -0.13127
v 0.24633 -0.31227 -0.13127
v 0.25753 -0.30837 -0.14175
v 0.25753 -0.30837 -0.14175
v 0.25753 -0.30837 -0.14175
v 0.25753 -0.30837 -0.14175
v 0.25753 -0.30837 -0.14175
v 0.25672 -0.30627 -0.12236
v 0.25672 -0.30627 -0.12236
v 0.25672 -0.30627 -0.12236
v 0.25672 -0.30627 -0.12236
v 0.26254 -0.24590 -0.13209
v 0.26254 -0.24590 -0.13209
v 0.30657 -0.69083 -0.26460
v 0.28512 -0.40412 -0.20198
v 0.27034 -0.41153 -0.22631
v 0.27034 -0.41153 -0.22631
v 0.27743 -0.41280 -0.08435
v 0.27743 -0.41280 -0.08435
v 0.26149 -0.42136 0.09352
v 0.26149 -0.42136 0.09352
v 0.30612 -0.33278 0.05007
v 0.30612 -0.33278 0.05007
v 0.30612 -0.33278 0.05007
v 0.30612 -0.33278 0.05007
v 0.29892 -0.27617 -0.12435
v 0.29892 -0.27617 -0.12435
v 0.29892 -0.27617 -0.12435
v 0.29892 -0.27617 -0.12435
v 0.29892 -0.27617 -0.12435
v 0.27099 -0.28398 -0.14003
v 0.29522 -0.25377 -0.02845
v 0.29522 -0.25377 -0.02845
v 0.30807 -0.74252 -0.24095
v 0.30807 -0.74252 -0.24095
v 0.29721 -0.44540 -0.24024
v 0.29721 -0.44540 -0.24024
v 0.29441 -0.51600 -0.21598
v 0.29441 -0.51600 -0.21598
v 0.29441 -0.51600 -0.21598
v 0.29629 -0.34321 -0.27619
v 0.26491 -0.23507 -0.02903
v 0.26491 -0.23507 -0.02903
v 0.29458 -0.25052 -0.04015
v 0.29458 -0.25052 -0.04015
v 0.29458 -0.25052 -0.04015
v 0.28157 -0.21646 -0.10229
v 0.28157 -0.21646 -0.10229
v 0.24928 0.10121 -0.29725
v 0.24928 0.10121 -0.29725
v 0.25714 -0.02835 -0.29338
v 0.25714 -0.02835 -0.29338
v 0.29998 0.07210 -0.28242
v 0.29998 0.07210 -0.28242
v 0.26772 0.17813 -0.29053
v 0.26772 0.17813 -0.29053
v 0.27382 0.27502 -0.27289
v 0.27382 0.27502 -0.27289
v 0.29770 0.29601 -0.29564
v 0.29770 0.29601 -0.29564
v 0.29770 0.29601 -0.29564
v 0.28259 0.34485 -0.15132
v 0.28259 0.34485 -0.15132
v 0.28259 0.34485 -0.15132
v 0.30654 0.81836 -0.31099
v 0.29686 -0.75024 -0.27417
v 0.29686 -0.75024 -0.27417
v 0.28826 -0.48653 -0.20763
v 0.28826 -0.48653 -0.20763
v 0.28826 -0.48653 -0.20763
v 0.28826 -0.48653 -0.20763
v 0.29440 -0.41031 0.06028
v 0.29440 -0.41031 0.06028
v 0.29878 -0.43741 0.07699
v 0.26161 -0.32822 -0.22953
v 0.26161 -0.32822 -0.22953
v 0.29366 -0.43375 0.12716
v 0.29366 -0.43375 0.12716
v 0.30096 -0.39547 -0.10484
v 0.30096 -0.39547 -0.10484
v 0.30096 -0.39547 -0.10484
v 0.30585 -0.35748 0.08454
v 0.30585 -0.35748 0.08454
v 0.27308 -0.33938 0.02584
v 0.27308 -0.33938 0.02584
v 0.32779 -0.04111 -0.28335
v 0.28350 0.33351 -0.28129
v 0.28350 0.33351 -0.28129
v 0.28350 0.33351 -0.28129
v 0.30258 0.27950 -0.27417
v 0.30258 0.27950 -0.27417
v 0.29597 -0.83968 -0.31130
v 0.29597 -0.83968 -0.31130
v 0.29597 -0.83968 -0.31130
v 0.32574 -0.58671 -0.22178
v 0.32574 -0.58671 -0.22178
v 0.29472 -0.27419 -0.27521
v 0.29472 -0.27419 -0.27521
v 0.30519 -0.13581 -0.33508
v 0.30519 -0.13581 -0.33508
v 0.30519 -0.13581 -0.33508
v 0.28132 -0.17693 -0.31657
v 0.28132 -0.17693 -0.31657
v 0.31062 -0.10628 -0.28751
v 0.31062 -0.10628 -0.28751
v 0.32147 -0.04548 -0.31852
v 0.29439 0.35845 -0.15947
v 0.29439 0.35845 -0.15947
v 0.27973 0.47257 -0.28620
v 0.27973 0.47257 -0.28620
v 0.28848 0.36904 -0.26863
v 0.30926 0.81723 -0.25943
v 0.30926 0.81723 -0.25943
v 0.35116 -0.64803 -0.23894
v 0.35116 -0.64803 -0.23894
v 0.35331 -0.62402 -0.21700
v 0.35331 -0.62402 -0.21700
v 0.32474 -0.52191 -0.20061
v 0.32474 -0.52191 -0.20061
v 0.31893 -0.28429 -0.05779
v 0.31893 -0.28429 -0.05779
v 0.31893 -0.28429 -0.05779
v 0.30079 0.06411 -0.30285
v 0.30079 0.06411 -0.30285
v 0.31209 0.34295 -0.26942
v 0.32014 0.50118 -0.30130
v 0.32014 0.50118 -0.30130
v 0.33892 0.45905 -0.29062
v 0.33892 0.45905 -0.29062
v 0.30722 0.51528 -0.27597
v 0.30722 0.51528 -0.27597
v 0.29191 0.58257 -0.29900
v 0.29191 0.58257 -0.29900
v 0.31174 0.75751 -0.26683
v 0.31174 0.75751 -0.26683
v 0.31174 0.75751 -0.26683
v 0.29686 0.79918 -0.31686
v 0.29686 0.79918 -0.31686
v 0.37121 -0.42519 0.05492
v 0.37121 -0.42519 0.05492
v 0.37121 -0.42519 0.05492
v 0.35003 -0.32158 -0.25107
v 0.35003 -0.32158 -0.25107
v 0.35003 -0.32158 -0.25107
v 0.33323 -0.32264 -0.11628
v 0.33323 -0.32264 -0.11628
v 0.34372 -0.30893 0.00115
v 0.34372 -0.30893 0.00115
v 0.34169 -0.16683 -0.25835
v 0.34169 -0.16683 -0.25835
v 0.34169 -0.16683 -0.25835
v 0.34169 -0.16683 -0.25835
v 0.30757 0.50095 -0.28538
v 0.30757 0.50095 -0.28538
v 0.29692 0.58942 -0.27544
v 0.29496 0.66774 -0.29301
v 0.29496 0.66774 -0.29301
v 0.31958 0.74944 -0.30205
v 0.31958 0.74944 -0.30205
v 0.31958 0.74944 -0.30205
v 0.31958 0.74944 -0.30205
v 0.31958 0.74944 -0.30205
v 0.31958 0.74944 -0.30205
v 0.32312 -0.28304 -0.22528
v 0.32312 -0.28304 -0.22528
v 0.32841 -0.26222 -0.11148
v 0.32841 -0.26222 -0.11148
v 0.30356 -0.23653 -0.27542
v 0.32194 0.71428 -0.28462
v 0.32194 0.71428 -0.28462
v 0.32194 0.71428 -0.28462
v 0.32194 0.71428 -0.28462
v 0.32194 0.71428 -0.28462
v 0.32852 0.77187 -0.25251
v 0.32852 0.77187 -0.25251
v 0.32186 0.79856 -0.32584
v 0.32186 0.79856 -0.32584
v 0.33257 -0.30085 -0.09807
v 0.33257 -0.30085 -0.09807
v 0.37188 -0.31642 -0.05135
v 0.37188 -0.31642 -0.05135
v 0.33471 -0.19886 -0.31398
v 0.33471 -0.19886 -0.31398
v 0.33471 -0.19886 -0.31398
v 0.32035 -0.18312 -0.28954
v 0.32035 -0.18312 -0.28954
v 0.33784 -0.02793 -0.33031
v 0.33784 -0.02793 -0.33031
v 0.33651 0.10182 -0.28856
v 0.31580 0.80349 -0.31523
v 0.31580 0.80349 -0.31523
v 0.34015 -0.75685 -0.25239
v 0.34015 -0.75685 -0.25239
v 0.32335 -0.46898 -0.21581
v 0.32335 -0.46898 -0.21581
v 0.38272 -0.44259 -0.06980
v 0.38272 -0.44259 -0.06980
v 0.38272 -0.44259 -0.06980
v 0.34771 -0.39248 -0.08514
v 0.34771 -0.39248 -0.08514
v 0.34109 -0.35115 -0.11086
v 0.34109 -0.35115 -0.11086
v 0.33437 -0.24407 -0.30042
v 0.33437 -0.24407 -0.30042
v 0.32600 -0.25523 -0.35558
v 0.32600 -0.25523 -0.35558
v 0.32600 -0.25523 -0.35558
v 0.31899 -0.20711 -0.31526
v 0.31899 -0.20711 -0.31526
v 0.35837 -0.12591 -0.27808
v 0.35837 -0.12591 -0.27808
v 0.36186 0.01634 -0.30745
v 0.36186 0.01634 -0.30745
v 0.36494 0.02505 -0.25869
v 0.33790 0.16148 -0.26691
v 0.36942 0.54091 -0.28753
v 0.36942 0.54091 -0.28753
v 0.39681 0.74354 -0.36021
v 0.39681 0.74354 -0.36021
v 0.34292 0.81897 -0.29802
v 0.34479 -0.53077 -0.22833
v 0.39716 -0.52342 -0.23912
v 0.39716 -0.52342 -0.23912
v 0.36164 -0.46608 -0.05607
v 0.36164 -0.46608 -0.05607
v 0.35328 -0.37655 0.06055
v 0.37445 -0.36323 0.04077
v 0.37445 -0.36323 0.04077
v 0.36138 -0.34429 0.00550
v 0.34023 -0.16982 -0.34627
v 0.34023 -0.16982 -0.34627
v 0.34023 -0.16982 -0.34627
v 0.38656 0.14692 -0.32376
v 0.38656 0.14692 -0.32376
v 0.35073 0.43127 -0.30149
v 0.36194 0.50393 -0.33079
v 0.35501 0.63264 -0.30858
v 0.34901 0.69354 -0.31440
v 0.34901 0.69354 -0.31440
v 0.34901 0.69354 -0.31440
v 0.34901 0.69354 -0.31440
v 0.36348 -0.73897 -0.27380
v 0.36348 -0.73897 -0.27380
v 0.33107 -0.51013 0.03035
v 0.33107 -0.51013 0.03035
v 0.33107 -0.51013 0.03035
v 0.33107 -0.51013 0.03035
v 0.34765 -0.52468 -0.00730
v 0.34765 -0.52468 -0.00730
v 0.34765 -0.52468 -0.00730
v 0.34765 -0.52468 -0.00730
v 0.34765 -0.52468 -0.00730
v 0.34885 -0.54317 0.02782
v 0.34885 -0.54317 0.02782
v 0.34885 -0.54317 0.02782
v 0.31816 -0.49375 -0.01382
v 0.31816 -0.49375 -0.01382
v 0.36294 -0.50740 -0.04792
v 0.36294 -0.50740 -0.04792
v 0.38589 -0.40604 -0.09559
v 0.38589 -0.40604 -0.09559
v 0.34583 -0.34471 -0.08318
v 0.35444 -0.34217 -0.10475
v 0.35444 -0.34217 -0.10475
v 0.35444 -0.34217 -0.10475
v 0.34684 -0.32691 -0.03592
v 0.36405 -0.31276 -0.03363
v 0.36405 -0.31276 -0.03363
v 0.35718 0.37350 -0.29102
v 0.36914 -0.47219 -0.01043
v 0.36914 -0.47219 -0.01043
v 0.36914 -0.47219 -0.01043
v 0.36914 -0.47219 -0.01043
v 0.36914 -0.47219 -0.01043
v 0.36914 -0.47219 -0.01043
v 0.36893 -0.20878 -0.29940
v 0.36893 -0.20878 -0.29940
v 0.40184 0.60551 -0.33829
v 0.40184 0.60551 -0.33829
v 0.40184 0.60551 -0.33829
v 0.40184 0.60551 -0.33829
v 0.40184 0.60551 -0.33829
v 0.36227 0.63767 -0.30723
v 0.36227 0.63767 -0.30723
v 0.36227 0.63767 -0.30723
v 0.40970 0.78611 -0.32925
v 0.37518 -0.51723 -0.00569
v 0.37518 -0.51723 -0.00569
v 0.35515 -0.28893 -0.37176
v 0.35515 -0.28893 -0.37176
v 0.37375 -0.24094 -0.30634
v 0.37375 -0.24094 -0.30634
v 0.36850 0.13058 -0.33574
v 0.36850 0.13058 -0.33574
v 0.35631 0.04988 -0.32229
v 0.35631 0.04988 -0.32229
v 0.46155 -0.61833 -0.23665
v 0.46155 -0.61833 -0.23665
v 0.38331 -0.50213 0.03334
v 0.38331 -0.50213 0.03334
v 0.38331 -0.50213 0.03334
v 0.38331 -0.50213 0.03334
v 0.38331 -0.50213 0.03334
v 0.38331 -0.50213 0.03334
v 0.39865 0.20275 -0.37081
v 0.39865 0.20275 -0.37081
v 0.40549 0.10010 -0.28650
v 0.39213 0.66312 -0.29938
v 0.39213 0.66312 -0.29938
v 0.36357 -0.52006 0.06703
v 0.36357 -0.52006 0.06703
v 0.37312 -0.52817 0.05063
v 0.37312 -0.52817 0.05063
v 0.37312 -0.52817 0.05063
v 0.41975 -0.43605 -0.01022
v 0.38499 -0.46989 0.08499
v 0.38499 -0.46989 0.08499
v 0.43766 -0.44821 0.07365
v 0.43766 -0.44821 0.07365
v 0.41628 -0.45183 0.02572
v 0.41628 -0.45183 0.02572
v 0.41628 -0.45183 0.02572
v 0.41628 -0.45183 0.02572
v 0.41628 -0.45183 0.02572
v 0.37493 -0.40603 -0.06433
v 0.37493 -0.40603 -0.06433
v 0.38548 -0.39679 -0.08288
v 0.38548 -0.39679 -0.08288
v 0.38548 -0.39679 -0.08288
v 0.40204 -0.38386 -0.02064
v 0.40204 -0.38386 -0.02064
v 0.38602 -0.12830 -0.29042
v 0.38602 -0.12830 -0.29042
v 0.37247 0.01030 -0.33861
v 0.37771 0.09563 -0.32022
v 0.37771 0.09563 -0.32022
v 0.45527 0.57396 -0.34203
v 0.45527 0.57396 -0.34203
v 0.39033 0.78105 -0.29767
v 0.39033 0.78105 -0.29767
v 0.39212 -0.73685 -0.23999
v 0.39358 -0.38751 0.00393
v 0.38549 -0.26722 -0.32344
v 0.38549 -0.26722 -0.32344
v 0.39716 -0.24782 -0.36477
v 0.39716 -0.24782 -0.36477
v 0.41071 -0.09824 -0.32254
v 0.40620 0.42996 -0.28973
v 0.40620 0.42996 -0.28973
v 0.39108 0.54288 -0.31639
v 0.42134 -0.59162 -0.20794
v 0.40110 -0.56982 -0.21821
v 0.40125 -0.39512 -0.07516
v 0.40125 -0.39512 -0.07516
v 0.43260 -0.17489 -0.35361
v 0.43260 -0.17489 -0.35361
v 0.43260 -0.17489 -0.35361
v 0.38919 0.25401 -0.35094
v 0.38919 0.25401 -0.35094
v 0.40154 0.28637 -0.33793
v 0.40154 0.28637 -0.33793
v 0.41174 0.59473 -0.31415
v 0.41174 0.59473 -0.31415
v 0.41130 -0.54220 -0.22240
v 0.42933 -0.46550 0.04540
v 0.41419 -0.05815 -0.29307
v 0.43920 0.24270 -0.36539
v 0.43920 0.24270 -0.36539
v 0.41555 0.74887 -0.30496
v 0.41555 0.74887 -0.30496
v 0.43068 0.77087 -0.31600
v 0.43068 0.77087 -0.31600
v 0.42701 -0.73933 -0.26519
v 0.42701 -0.73933 -0.26519
v 0.42701 -0.73933 -0.26519
v 0.42721 -0.70498 -0.21096
v 0.40893 -0.33658 -0.38497
v 0.40893 -0.33658 -0.38497
v 0.42901 -0.32911 -0.35917
v 0.40865 -0.25274 -0.33616
v 0.40865 -0.25274 -0.33616
v 0.44960 -0.10421 -0.33265
v 0.44960 -0.10421 -0.33265
v 0.44974 0.13417 -0.30883
v 0.43505 0.38027 -0.33498
v 0.43505 0.38027 -0.33498
v 0.45016 0.49192 -0.35252
v 0.45016 0.49192 -0.35252
v 0.45016 0.49192 -0.35252
v 0.40725 0.61694 -0.30760
v 0.40725 0.61694 -0.30760
v 0.40725 0.61694 -0.30760
v 0.40812 0.65693 -0.32204
v 0.40812 0.65693 -0.32204
v 0.43097 -0.18668 -0.34184
v 0.43097 -0.18668 -0.34184
v 0.43940 0.21931 -0.34650
v 0.43940 0.21931 -0.34650
v 0.46929 0.23554 -0.30522
v 0.46929 0.23554 -0.30522
v 0.39565 0.46203 -0.30363
v 0.39565 0.46203 -0.30363
v 0.47268 -0.70404 -0.26134
v 0.47268 -0.70404 -0.26134
v 0.46476 -0.28025 -0.38813
v 0.46476 -0.28025 -0.38813
v 0.46476 -0.28025 -0.38813
v 0.46476 -0.28025 -0.38813
v 0.44131 0.30309 -0.38080
v 0.44131 0.30309 -0.38080
v 0.45852 0.74695 -0.38527
v 0.45852 0.74695 -0.38527
v 0.46085 -0.66706 -0.24141
v 0.46085 -0.66706 -0.24141
v 0.44113 -0.11304 -0.30866
v 0.44863 -0.07738 -0.30088
v 0.44336 0.08412 -0.30095
v 0.43331 0.41582 -0.38015
v 0.43331 0.41582 -0.38015
v 0.43435 0.63178 -0.31422
v 0.43194 0.63994 -0.33237
v 0.43194 0.63994 -0.33237
v 0.43194 0.63994 -0.33237
v 0.43194 0.63994 -0.33237
v 0.42704 0.62637 -0.34086
v 0.44273 -0.76491 -0.23808
v 0.44273 -0.76491 -0.23808
v 0.47072 -0.39481 -0.40742
v 0.47072 -0.39481 -0.40742
v 0.50983 0.10072 -0.35427
v 0.44970 -0.63823 -0.23227
v 0.45896 -0.33229 -0.38698
v 0.45896 -0.33229 -0.38698
v 0.45896 -0.33229 -0.38698
v 0.45893 -0.25714 -0.34883
v 0.45893 -0.25714 -0.34883
v 0.49022 0.02284 -0.32040
v 0.44998 0.11830 -0.30776
v 0.45643 0.49665 -0.39827
v 0.45643 0.49665 -0.39827
v 0.47763 0.62078 -0.33295
v 0.47763 0.62078 -0.33295
v 0.45143 0.63053 -0.32699
v 0.49153 0.76209 -0.35455
v 0.49153 0.76209 -0.35455
v 0.45518 0.76256 -0.32522
v 0.45518 0.76256 -0.32522
v 0.49751 -0.72370 -0.25826
v 0.49751 -0.72370 -0.25826
v 0.46300 -0.28351 -0.35599
v 0.46300 -0.28351 -0.35599
v 0.52611 0.32925 -0.31635
v 0.47625 0.61820 -0.39228
v 0.47625 0.61820 -0.39228
v 0.47625 0.61820 -0.39228
v 0.47782 0.69712 -0.36879
v 0.47782 0.69712 -0.36879
v 0.47782 0.69712 -0.36879
v 0.48414 0.74013 -0.34458
v 0.48414 0.74013 -0.34458
v 0.49019 -0.79115 -0.28059
v 0.49019 -0.79115 -0.28059
v 0.50950 -0.73747 -0.25065
v 0.50950 -0.73747 -0.25065
v 0.49026 -0.61619 -0.22154
v 0.49026 -0.61619 -0.22154
v 0.45438 -0.56417 -0.20721
v 0.45438 -0.56417 -0.20721
v 0.48715 -0.55697 -0.21129
v 0.48715 -0.55697 -0.21129
v 0.48223 0.53379 -0.34206
v 0.48223 0.53379 -0.34206
v 0.48223 0.53379 -0.34206
v 0.48223 0.53379 -0.34206
v 0.52008 0.54293 -0.34868
v 0.52008 0.54293 -0.34868
v 0.47817 -0.75890 -0.25239
v 0.47817 -0.75890 -0.25239
v 0.49605 -0.18705 -0.34943
v 0.49605 -0.18705 -0.34943
v 0.55074 0.28452 -0.36456
v 0.51872 0.45782 -0.34074
v 0.47741 0.48065 -0.35867
v 0.47741 0.48065 -0.35867
v 0.47741 0.48065 -0.35867
v 0.48896 0.72161 -0.40698
v 0.48896 0.72161 -0.40698
v 0.48896 0.72161 -0.40698
v 0.48896 0.72161 -0.40698
v 0.48384 -0.15081 -0.35579
v 0.47356 0.38546 -0.36059
v 0.48021 0.41959 -0.35906
v 0.48021 0.41959 -0.35906
v 0.49158 0.47719 -0.38820
v 0.49158 0.47719 -0.38820
v 0.50387 0.69147 -0.41223
v 0.51660 -0.09998 -0.36473
v 0.52478 -0.02060 -0.36217
v 0.56195 0.32448 -0.36216
v 0.51870 0.56185 -0.39158
v 0.51870 0.56185 -0.39158
v 0.51870 0.56185 -0.39158
v 0.51870 0.56185 -0.39158
v 0.51870 0.56185 -0.39158
v 0.51046 0.59521 -0.34746
v 0.51046 0.59521 -0.34746
v 0.51046 0.59521 -0.34746
v 0.51046 0.59521 -0.34746
v 0.49739 0.51506 -0.39391
v 0.49739 0.51506 -0.39391
v 0.50790 0.67060 -0.35986
v 0.52118 0.14659 -0.33144
v 0.54604 0.51050 -0.33464
v 0.50899 0.69446 -0.34009
v 0.51791 0.77646 -0.35892
v 0.51791 0.77646 -0.35892
v 0.50021 0.77639 -0.41249
v 0.50021 0.77639 -0.41249
v 0.51777 -0.83902 -0.26854
v 0.51777 -0.83902 -0.26854
v 0.49461 -0.24802 -0.36707
v 0.49461 -0.24802 -0.36707
v 0.57980 -0.20449 -0.36345
v 0.53599 -0.25782 -0.37964
v 0.53599 -0.25782 -0.37964
v 0.56479 0.08423 -0.34558
v 0.54028 0.67443 -0.42511
v 0.54028 0.67443 -0.42511
v 0.55388 0.67833 -0.36507
v 0.55388 0.67833 -0.36507
v 0.55388 0.67833 -0.36507
v 0.54358 0.73012 -0.44496
v 0.52131 0.74319 -0.42360
v 0.51500 0.75410 -0.36563
v 0.51500 0.75410 -0.36563
v 0.56703 -0.58172 -0.22591
v 0.56703 -0.58172 -0.22591
v 0.56703 -0.58172 -0.22591
v 0.55000 -0.58997 -0.20834
v 0.55000 -0.58997 -0.20834
v 0.54164 0.77089 -0.41713
v 0.54164 0.77089 -0.41713
v 0.54164 0.77089 -0.41713
v 0.54164 0.77089 -0.41713
v 0.54164 0.77089 -0.41713
v 0.52459 -0.32466 -0.39011
v 0.52459 -0.32466 -0.39011
v 0.52459 -0.32466 -0.39011
v 0.52459 -0.32466 -0.39011
v 0.52459 -0.32466 -0.39011
v 0.54345 -0.30686 -0.39936
v 0.54345 -0.30686 -0.39936
v 0.54345 -0.30686 -0.39936
v 0.54345 -0.30686 -0.39936
v 0.51825 -0.30076 -0.38313
v 0.51825 -0.30076 -0.38313
v 0.58771 0.48175 -0.39699
v 0.54946 0.76618 -0.35593
v 0.54946 0.76618 -0.35593
v 0.54946 0.76618 -0.35593
v 0.54946 0.76618 -0.35593
v 0.54946 0.76618 -0.35593
v 0.54946 0.76618 -0.35593
v 0.56863 -0.28993 -0.41263
v 0.57738 -0.38376 -0.42863
v 0.57738 -0.38376 -0.42863
v 0.57738 -0.38376 -0.42863
v 0.57738 -0.38376 -0.42863
v 0.57738 -0.38376 -0.42863
v 0.58223 0.50832 -0.35911
v 0.54394 0.58323 -0.37481
v 0.54394 0.58323 -0.37481
v 0.54394 0.58323 -0.37481
v 0.54429 0.73966 -0.33666
v 0.54429 0.73966 -0.33666
v 0.51891 0.84850 -0.37737
v 0.51891 0.84850 -0.37737
v 0.51891 0.84850 -0.37737
v 0.51891 0.84850 -0.37737
v 0.56087 -0.40422 -0.40424
v 0.56087 -0.40422 -0.40424
v 0.56311 -0.28211 -0.38777
v 0.59322 0.10794 -0.36408
v 0.64204 0.47608 -0.40708
v 0.64204 0.47608 -0.40708
v 0.55565 0.65024 -0.40387
v 0.55565 0.65024 -0.40387
v 0.57742 0.74291 -0.37074
v 0.57742 0.74291 -0.37074
v 0.56785 -0.59135 -0.21189
v 0.56785 -0.59135 -0.21189
v 0.60654 -0.25680 -0.43896
v 0.60654 -0.25680 -0.43896
v 0.60654 -0.25680 -0.43896
v 0.62692 -0.10520 -0.38239
v 0.62692 -0.10520 -0.38239
v 0.63876 0.39568 -0.35846
v 0.59118 0.73269 -0.41856
v 0.59118 0.73269 -0.41856
v 0.59118 0.73269 -0.41856
v 0.57365 0.80520 -0.36564
v 0.57365 0.80520 -0.36564
v 0.60901 0.94893 -0.41675
v 0.60901 0.94893 -0.41675
v 0.60901 0.94893 -0.41675
v 0.60091 -0.60841 -0.22171
v 0.60091 -0.60841 -0.22171
v 0.57300 -0.06694 -0.39734
v 0.63190 0.12631 -0.40551
v 0.66139 0.53120 -0.41711
v 0.66139 0.53120 -0.41711
v 0.66139 0.53120 -0.41711
v 0.56833 0.57500 -0.37143
v 0.56833 0.57500 -0.37143
v 0.56588 0.67105 -0.41266
v 0.56588 0.67105 -0.41266
v 0.56976 0.71064 -0.36136
v 0.56976 0.71064 -0.36136
v 0.56976 0.71064 -0.36136
v 0.57661 0.77124 -0.41110
v 0.57661 0.77124 -0.41110
v 0.62231 -0.39474 -0.45824
v 0.62231 -0.39474 -0.45824
v 0.62231 -0.39474 -0.45824
v 0.62231 -0.39474 -0.45824
v 0.61415 -0.22733 -0.39523
v 0.61415 -0.22733 -0.39523
v 0.61454 -0.10597 -0.40248
v 0.61454 -0.10597 -0.40248
v 0.64352 -0.09261 -0.39596
v 0.64352 -0.09261 -0.39596
v 0.64352 -0.09261 -0.39596
v 0.64465 0.08417 -0.39142
v 0.65157 0.49868 -0.43023
v 0.65157 0.49868 -0.43023
v 0.62015 0.55670 -0.40491
v 0.62015 0.55670 -0.40491
v 0.62015 0.55670 -0.40491
v 0.62015 0.55670 -0.40491
v 0.62217 0.82466 -0.42986
v 0.62217 0.82466 -0.42986
v 0.58385 0.29580 -0.38456
v 0.61641 0.25748 -0.37188
v 0.64716 0.68207 -0.46988
v 0.61139 -0.14350 -0.42648
v 0.61139 -0.14350 -0.42648
v 0.68068 0.63913 -0.44329
v 0.68068 0.63913 -0.44329
v 0.58450 0.72229 -0.37627
v 0.58450 0.72229 -0.37627
v 0.58450 0.72229 -0.37627
v 0.62172 0.81675 -0.40043
v 0.59840 0.80906 -0.42842
v 0.59840 0.80906 -0.42842
v 0.59840 0.80906 -0.42842
v 0.62431 -0.45883 -0.46525
v 0.62431 -0.45883 -0.46525
v 0.62431 -0.45883 -0.46525
v 0.63863 -0.35126 -0.43114
v 0.63863 -0.35126 -0.43114
v 0.63863 -0.35126 -0.43114
v 0.61258 -0.20469 -0.43474
v 0.61258 -0.20469 -0.43474
v 0.63478 -0.08319 -0.41764
v 0.63478 -0.08319 -0.41764
v 0.61644 0.86824 -0.40159
v 0.60955 -0.26135 -0.40279
v 0.60955 -0.26135 -0.40279
v 0.60955 -0.26135 -0.40279
v 0.60955 -0.26135 -0.40279
v 0.61862 0.69769 -0.37757
v 0.61862 0.69769 -0.37757
v 0.61862 0.69769 -0.37757
v 0.63217 -0.41761 -0.46806
v 0.63217 -0.41761 -0.46806
v 0.65284 0.05571 -0.39099
v 0.64222 -0.43148 -0.44631
v 0.64222 -0.43148 -0.44631
v 0.64222 -0.43148 -0.44631
v 0.63156 -0.28046 -0.42069
v 0.63156 -0.28046 -0.42069
v 0.64337 -0.28586 -0.45924
v 0.65116 -0.25240 -0.43132
v 0.65116 -0.25240 -0.43132
v 0.69981 -0.03773 -0.43541
v 0.75895 0.68433 -0.45264
v 0.64691 -0.29645 -0.45671
v 0.64691 -0.29645 -0.45671
v 0.64691 -0.29645 -0.45671
v 0.65206 -0.05833 -0.40227
v 0.65206 -0.05833 -0.40227
v 0.67811 0.16799 -0.39841
v 0.66636 0.35722 -0.40660
v 0.69744 0.53741 -0.44221
v 0.69744 0.53741 -0.44221
v 0.69744 0.53741 -0.44221
v 0.65610 0.56768 -0.41306
v 0.65610 0.56768 -0.41306
v 0.67965 0.09052 -0.38809
v 0.69025 0.17262 -0.36632
v 0.68867 0.70393 -0.45002
v 0.68867 0.70393 -0.45002
v 0.73826 -0.09703 -0.46485
v 0.66972 -0.11777 -0.43862
v 0.66972 -0.11777 -0.43862
v 0.70107 -0.03997 -0.41976
v 0.71203 0.35539 -0.44474
v 0.71203 0.35539 -0.44474
v 0.70467 0.07833 -0.42368
v 0.75785 0.54878 -0.44591
v 0.75785 0.54878 -0.44591
v 0.71153 -0.12928 -0.43952
v 0.70708 0.04256 -0.39645
v 0.69675 0.58924 -0.41701
v 0.69675 0.58924 -0.41701
v 0.69675 0.58924 -0.41701
v 0.74384 0.61738 -0.46951
v 0.74384 0.61738 -0.46951
v 0.74384 0.61738 -0.46951
v 0.67677 -0.15929 -0.42919
v 0.67677 -0.15929 -0.42919
v 0.75067 -0.09612 -0.42937
v 0.75067 -0.09612 -0.42937
v 0.68015 -0.18924 -0.46332
v 0.68015 -0.18924 -0.46332
v 0.69073 -0.20495 -0.46128
v 0.69073 -0.20495 -0.46128
v 0.69446 -0.18348 -0.43638
v 0.69446 -0.18348 -0.43638
v 0.71988 0.36242 -0.41618
v 0.71988 0.36242 -0.41618
v 0.73799 0.56178 -0.42927
v 0.69559 0.58163 -0.44541
v 0.69559 0.58163 -0.44541
v 0.75058 0.17509 -0.46445
v 0.75058 0.17509 -0.46445
v 0.78188 0.64030 -0.43151
v 0.78188 0.64030 -0.43151
v 0.72784 -0.21133 -0.47980
v 0.72784 -0.21133 -0.47980
v 0.73361 -0.03825 -0.45086
v 0.71997 0.25292 -0.42124
v 0.74348 0.60715 -0.46882
v 0.74348 0.60715 -0.46882
v 0.74348 0.60715 -0.46882
v 0.76766 0.63481 -0.51292
v 0.73811 0.01563 -0.44999
v 0.73811 0.01563 -0.44999
v 0.75702 0.12896 -0.41625
v 0.75702 0.12896 -0.41625
v 0.73005 0.24467 -0.42772
v 0.73005 0.24467 -0.42772
v 0.76036 -0.18568 -0.48854
v 0.77227 0.59887 -0.46494
v 0.77227 0.59887 -0.46494
v 0.77227 0.59887 -0.46494
v 0.77227 0.59887 -0.46494
v 0.78049 0.68340 -0.47939
v 0.78049 0.68340 -0.47939
v 0.78049 0.68340 -0.47939
v 0.77739 0.12254 -0.45988
v 0.77739 0.12254 -0.45988
v 0.74530 0.31993 -0.45997
v 0.74530 0.31993 -0.45997
v 0.75883 0.36357 -0.45750
v 0.75883 0.36357 -0.45750
v 0.76312 0.47484 -0.46023
v 0.76312 0.47484 -0.46023
v 0.73606 -0.24855 -0.47867
v 0.73606 -0.24855 -0.47867
v 0.75241 -0.12297 -0.43633
v 0.75241 -0.12297 -0.43633
v 0.77602 -0.18521 -0.45922
v 0.77602 -0.18521 -0.45922
v 0.77084 0.00619 -0.43414
v 0.75410 0.47156 -0.43516
v 0.75410 0.47156 -0.43516
v 0.76633 -0.25342 -0.50301
v 0.76633 -0.25342 -0.50301
v 0.75824 -0.01447 -0.45692
v 0.75824 -0.01447 -0.45692
v 0.78326 0.08248 -0.46832
v 0.78326 0.08248 -0.46832
v 0.74926 -0.30561 -0.49027
v 0.74926 -0.30561 -0.49027
v 0.77222 0.58957 -0.48938
v 0.77222 0.58957 -0.48938
v 0.77311 0.59671 -0.50261
v 0.77311 0.59671 -0.50261
v 0.77311 0.59671 -0.50261
v 0.81229 -0.00318 -0.45973
v 0.81229 -0.00318 -0.45973
v 0.80314 0.64446 -0.43377
v 0.80314 0.64446 -0.43377
v 0.80314 0.64446 -0.43377
v 0.80012 0.60759 -0.50122
v 0.80012 0.60759 -0.50122
v 0.80692 0.01380 -0.48367
v 0.80692 0.01380 -0.48367
v 0.80081 -0.06362 -0.49120
v 0.80081 -0.06362 -0.49120
v 0.80635 0.64594 -0.55174
v 0.80635 0.64594 -0.55174
v 0.80946 0.68476 -0.48289
v 0.80946 0.68476 -0.48289
v 0.80946 0.68476 -0.48289
v 0.81650 -0.07298 -0.48524
v 0.81650 -0.07298 -0.48524
v 0.81650 -0.07298 -0.48524
v 0.81650 -0.07298 -0.48524
v 0.80965 0.62453 -0.45602
v 0.80818 -0.08119 -0.49617
v 0.80818 -0.08119 -0.49617
v 0.80818 -0.08119 -0.49617
v 0.80818 -0.08119 -0.49617
v 0.80818 -0.08119 -0.49617
v 0.80257 0.66675 -0.48833
v 0.80257 0.66675 -0.48833
v 0.82661 -0.09351 -0.50140
v 0.82661 -0.09351 -0.50140
v 0.81399 0.64158 -0.52614
v 0.81399 0.64158 -0.52614
v 0.82926 0.57730 -0.49119
v 0.82926 0.57730 -0.49119
v 0.83244 0.63624 -0.44471
v 0.85696 0.67457 -0.50158
v 0.85696 0.67457 -0.50158
v 0.89337 0.60990 -0.53858
v 0.90457 0.61040 -0.48939
v 0.90457 0.61040 -0.48939
vt 0.58999 0.10107
vt 0.67740 0.10693
vt 0.03567 0.36864
vt 0.03711 0.36893
vt 0.58390 0.09690
vt 0.03985 0.37368
vt 0.20068 0.05338
vt 0.03985 0.37030
vt 0.21088 0.06006
vt 0.03706 0.36362
vt 0.57373 0.09231
vt 0.04444 0.37411
vt 0.66064 0.09414
vt 0.03466 0.38143
vt 0.66581 0.09649
vt 0.03447 0.37908
vt 0.02667 0.38371
vt 0.63759 0.11143
vt 0.95433 0.07958
vt 0.07168 0.37246
vt 0.04502 0.37110
vt 0.63330 0.11341
vt 0.06970 0.37076
vt 0.65296 0.12354
vt 0.93896 0.09169
vt 0.05958 0.36507
vt 0.91787 0.40271
vt 0.05808 0.37466
vt 0.94992 0.08935
vt 0.06192 0.37920
vt 0.01579 0.40306
vt 0.90642 0.41253
vt 0.01279 0.40576
vt 0.90751 0.41553
vt 0.48421 0.37985
vt 0.01279 0.38849
vt 0.47252 0.39712
vt 0.21209 0.05812
vt 0.03736 0.36556
vt 0.94229 0.09326
vt 0.05801 0.38119
vt 0.91455 0.38659
vt 0.01995 0.35835
vt 0.51270 0.40967
vt 0.04422 0.35941
vt 0.65232 0.11683
vt 0.93961 0.08499
vt 0.02781 0.39762
vt 0.89761 0.40051
vt 0.02228 0.39675
vt 0.90321 0.40604
vt 0.01359 0.38115
vt 0.47747 0.40446
vt 0.01183 0.36446
vt 0.46947 0.42115
vt 0.04443 0.40092
vt 0.89401 0.38389
vt 0.88794 0.41177
vt 0.46464 0.38428
vt 0.00342 0.35384
vt 0.49617 0.40935
vt 0.51020 0.40118
vt 0.05186 0.39215
vt 0.89706 0.37646
vt 0.04310 0.34890
vt 0.53586 0.40347
vt 0.88649 0.37375
vt 0.92385 0.36742
vt 0.88721 0.06115
vt 0.50312 0.39651
vt 0.19130 0.14045
vt 0.52721 0.39702
vt 0.00591 0.37568
vt 0.47382 0.40992
vt 0.00559 0.36083
vt 0.89841 0.06592
vt 0.49834 0.39718
vt 0.46292 0.42478
vt 0.05581 0.39304
vt 0.89207 0.37251
vt 0.91826 0.37474
vt 0.88760 0.05427
vt 0.51000 0.39750
vt 0.92558 0.38733
vt 0.06557 0.35918
vt 0.55833 0.39297
vt 0.92833 0.40860
vt 0.62826 0.03363
vt 0.58853 0.03363
vt 0.88071 0.40546
vt 0.87934 0.38493
vt 0.70746 0.06290
vt 0.23343 0.06095
vt 0.45209 0.41023
vt 0.88093 0.37124
vt 0.92941 0.36769
vt 0.63134 0.03825
vt 0.58545 0.03825
vt 0.88218 0.41007
vt 0.55182 0.38339
vt 0.92959 0.37327
vt 0.87977 0.35611
vt 0.93057 0.36135
vt 0.62451 0.03955
vt 0.59227 0.03955
vt 0.71775 0.06272
vt 0.22314 0.06077
vt 0.49170 0.38168
vt 0.44742 0.42052
vt 0.28180 0.20625
vt 0.02299 0.15500
vt 0.45460 0.39111
vt 0.86902 0.39464
vt 0.56074 0.38375
vt 0.93755 0.41553
vt 0.86628 0.36498
vt 0.94406 0.37301
vt 0.86209 0.41121
vt 0.03612 0.17081
vt 0.43879 0.37885
vt 0.23833 0.37713
vt 0.86979 0.38293
vt 0.54077 0.37346
vt 0.20527 0.28452
vt 0.21274 0.27951
vt 0.21947 0.28045
vt 0.21886 0.28251
vt 0.04112 0.04053
vt 0.22602 0.28949
vt 0.36842 0.40419
vt 0.53128 0.38146
vt 0.17822 0.14990
vt 0.52467 0.38394
vt 0.16650 0.14474
vt 0.52395 0.37222
vt 0.55655 0.37567
vt 0.18942 0.33046
vt 0.94563 0.40994
vt 0.71509 0.07080
vt 0.22581 0.06885
vt 0.27716 0.21589
vt 0.01835 0.15766
vt 0.27244 0.21574
vt 0.23207 0.42572
vt 0.27065 0.20956
vt 0.44954 0.38780
vt 0.02180 0.16214
vt 0.87058 0.36800
vt 0.87313 0.38642
vt 0.83785 0.06097
vt 0.17725 0.42533
vt 0.20322 0.26708
vt 0.77295 0.06097
vt 0.01624 0.29077
vt 0.19673 0.42920
vt 0.22270 0.26905
vt 0.34798 0.40818
vt 0.20473 0.28279
vt 0.03467 0.03833
vt 0.36217 0.41064
vt 0.04177 0.03474
vt 0.23181 0.28191
vt 0.36084 0.40354
vt 0.03687 0.03425
vt 0.36182 0.40845
vt 0.36328 0.40269
vt 0.93924 0.39381
vt 0.70557 0.06754
vt 0.23533 0.06558
vt 0.94386 0.38832
vt 0.24041 0.41622
vt 0.44003 0.39627
vt 0.21986 0.42843
vt 0.25844 0.21880
vt 0.86748 0.37118
vt 0.27423 0.22172
vt 0.01542 0.16309
vt 0.26978 0.22635
vt 0.01096 0.17055
vt 0.15893 0.14355
vt 0.26272 0.22957
vt 0.81620 0.11835
vt 0.15187 0.14032
vt 0.22929 0.28232
vt 0.36125 0.39694
vt 0.21933 0.30526
vt 0.19859 0.29933
vt 0.04849 0.29233
vt 0.21305 0.42050
vt 0.25163 0.22095
vt 0.21943 0.42261
vt 0.02500 0.17050
vt 0.19109 0.40941
vt 0.19534 0.29426
vt 0.04342 0.29804
vt 0.21495 0.30973
vt 0.96787 0.20474
vt 0.20328 0.30986
vt 0.05902 0.29330
vt 0.97006 0.21641
vt 0.50027 0.37729
vt 0.44302 0.43322
vt 0.54564 0.36601
vt 0.18228 0.34137
vt 0.43189 0.40905
vt 0.23477 0.41172
vt 0.01453 0.17407
vt 0.82568 0.07275
vt 0.17864 0.41317
vt 0.78511 0.07275
vt 0.00445 0.30293
vt 0.24527 0.22980
vt 0.79875 0.11716
vt 0.20872 0.42250
vt 0.24730 0.22433
vt 0.19824 0.42230
vt 0.23682 0.22205
vt 0.33545 0.40129
vt 0.24113 0.23779
vt 0.79461 0.12041
vt 0.35119 0.39693
vt 0.19559 0.28083
vt 0.02999 0.29259
vt 0.19658 0.29044
vt 0.19482 0.30053
vt 0.04969 0.29917
vt 0.21338 0.10498
vt 0.95106 0.39361
vt 0.85972 0.36989
vt 0.95062 0.36889
vt 0.21875 0.41116
vt 0.14648 0.15479
vt 0.85761 0.40218
vt 0.24088 0.36811
vt 0.82977 0.06558
vt 0.78102 0.06558
vt 0.20361 0.41399
vt 0.13135 0.14882
vt 0.33447 0.39297
vt 0.37935 0.10106
vt 0.56086 0.15753
vt 0.02535 0.30756
vt 0.36550 0.39637
vt 0.05207 0.29854
vt 0.06055 0.29849
vt 0.96488 0.21899
vt 0.05914 0.29922
vt 0.96415 0.22150
vt 0.21296 0.31640
vt 0.96021 0.20673
vt 0.96340 0.21525
vt 0.89275 0.10363
vt 0.94914 0.38286
vt 0.02194 0.17389
vt 0.47119 0.07316
vt 0.01572 0.30607
vt 0.60281 0.19482
vt 0.81466 0.12453
vt 0.15034 0.14210
vt 0.80566 0.13330
vt 0.14133 0.13802
vt 0.37117 0.38780
vt 0.22592 0.29760
vt 0.39024 0.08411
vt 0.37652 0.38947
vt 0.50684 0.37066
vt 0.95357 0.38508
vt 0.22365 0.40855
vt 0.00342 0.17725
vt 0.15139 0.15144
vt 0.25076 0.41160
vt 0.03052 0.17419
vt 0.43541 0.38353
vt 0.84926 0.39176
vt 0.23622 0.35769
vt 0.79443 0.12499
vt 0.34992 0.39235
vt 0.03811 0.30711
vt 0.22054 0.30529
vt 0.38422 0.39076
vt 0.51303 0.36827
vt 0.18085 0.37397
vt 0.42529 0.42685
vt 0.19033 0.38359
vt 0.23053 0.09747
vt 0.95857 0.38870
vt 0.01306 0.17419
vt 0.80891 0.12935
vt 0.14459 0.14144
vt 0.36084 0.11058
vt 0.12433 0.14515
vt 0.54235 0.16455
vt 0.36383 0.10610
vt 0.54534 0.16327
vt 0.36496 0.10931
vt 0.05233 0.30358
vt 0.95978 0.22834
vt 0.42939 0.15254
vt 0.55713 0.06116
vt 0.95312 0.20819
vt 0.97466 0.18506
vt 0.52804 0.35937
vt 0.17980 0.35896
vt 0.87549 0.10986
vt 0.96640 0.38938
vt 0.79815 0.12996
vt 0.13383 0.13702
vt 0.34627 0.38738
vt 0.21498 0.18145
vt 0.34656 0.37742
vt 0.36966 0.11377
vt 0.11366 0.13633
vt 0.22296 0.32178
vt 0.96059 0.19673
vt 0.40070 0.39231
vt 0.55766 0.25746
vt 0.25900 0.37013
vt 0.55650 0.25982
vt 0.54682 0.25677
vt 0.25830 0.38097
vt 0.22170 0.63270
vt 0.37353 0.09954
vt 0.55504 0.15871
vt 0.38076 0.38632
vt 0.41128 0.13919
vt 0.27325 0.06104
vt 0.05026 0.31066
vt 0.95270 0.22631
vt 0.41602 0.15894
vt 0.41539 0.16292
vt 0.68786 0.12443
vt 0.56982 0.07672
vt 0.89051 0.99343
vt 0.00453 0.99051
vt 0.88333 0.97855
vt 0.01171 0.97563
vt 0.89162 0.98852
vt 0.00342 0.98559
vt 0.49589 0.35857
vt 0.42431 0.43994
vt 0.17725 0.39111
vt 0.02059 0.10596
vt 0.96167 0.39350
vt 0.22775 0.34357
vt 0.96451 0.37161
vt 0.41981 0.39576
vt 0.22143 0.37835
vt 0.84971 0.38008
vt 0.96063 0.36272
vt 0.19056 0.39836
vt 0.19537 0.19186
vt 0.20359 0.39890
vt 0.20840 0.19190
vt 0.33610 0.37789
vt 0.17627 0.19160
vt 0.00664 0.31843
vt 0.14410 0.14419
vt 0.55640 0.15349
vt 0.37485 0.11179
vt 0.11339 0.13114
vt 0.03609 0.31148
vt 0.38112 0.38243
vt 0.38852 0.38325
vt 0.22107 0.09550
vt 0.88135 0.09518
vt 0.96054 0.38696
vt 0.98452 0.14074
vt 0.59717 0.09521
vt 0.55973 0.14501
vt 0.02088 0.32008
vt 0.55098 0.14683
vt 0.10954 0.15674
vt 0.53076 0.14976
vt 0.38346 0.08409
vt 0.37655 0.38269
vt 0.04160 0.32006
vt 0.94331 0.22980
vt 0.37938 0.08447
vt 0.22270 0.08161
vt 0.37616 0.37861
vt 0.91595 0.05163
vt 0.94380 0.19528
vt 0.39072 0.37552
vt 0.27366 0.39212
vt 0.20635 0.63517
vt 0.56023 0.26641
vt 0.26795 0.36756
vt 0.88361 0.95088
vt 0.01143 0.94796
vt 0.48304 0.08643
vt 0.18355 0.18129
vt 0.01696 0.31934
vt 0.20138 0.15735
vt 0.37065 0.38010
vt 0.10783 0.15370
vt 0.53380 0.14805
vt 0.40024 0.14331
vt 0.26221 0.05933
vt 0.40253 0.14404
vt 0.26450 0.05230
vt 0.05511 0.31940
vt 0.40133 0.15582
vt 0.67379 0.13153
vt 0.42984 0.16455
vt 0.56914 0.06982
vt 0.58427 0.08545
vt 0.66420 0.05989
vt 0.98667 0.17640
vt 0.56402 0.06314
vt 0.56755 0.06139
vt 0.98508 0.18483
vt 0.94569 0.20359
vt 0.97367 0.17763
vt 0.00342 0.09465
vt 0.20088 0.35000
vt 0.97298 0.39848
vt 0.18173 0.40021
vt 0.18653 0.19482
vt 0.00342 0.31589
vt 0.48480 0.07693
vt 0.61642 0.19105
vt 0.99068 0.14600
vt 0.01562 0.31961
vt 0.60560 0.18129
vt 0.98389 0.12542
vt 0.61248 0.09471
vt 0.10429 0.12840
vt 0.03619 0.32058
vt 0.59880 0.18032
vt 0.40841 0.13621
vt 0.04728 0.31574
vt 0.37646 0.08010
vt 0.90576 0.05420
vt 0.38054 0.37570
vt 0.53180 0.34738
vt 0.17749 0.35520
vt 0.01369 0.95748
vt 0.23190 0.35294
vt 0.09682 0.14677
vt 0.54073 0.13704
vt 0.10109 0.13784
vt 0.58936 0.17712
vt 0.90947 0.04754
vt 0.38425 0.37591
vt 0.39990 0.14135
vt 0.67236 0.14600
vt 0.96143 0.07568
vt 0.05242 0.32668
vt 0.42430 0.08545
vt 0.30593 0.32951
vt 0.30216 0.25451
vt 0.68980 0.12828
vt 0.28821 0.31207
vt 0.69628 0.12539
vt 0.57825 0.08535
vt 0.66161 0.06592
vt 0.98408 0.17649
vt 0.28532 0.30559
vt 0.26690 0.35724
vt 0.57436 0.25991
vt 0.26144 0.35343
vt 0.55672 0.26536
vt 0.26689 0.37107
vt 0.41705 0.41012
vt 0.83545 0.38285
vt 0.24124 0.34877
vt 0.97489 0.35812
vt 0.48491 0.08400
vt 0.18541 0.17173
vt 0.61652 0.18399
vt 0.26904 0.04541
vt 0.27295 0.07076
vt 0.19405 0.16140
vt 0.36661 0.37907
vt 0.99538 0.13661
vt 0.61029 0.18138
vt 0.18952 0.17086
vt 0.62063 0.17622
vt 0.27106 0.03783
vt 0.20752 0.08696
vt 0.27857 0.06874
vt 0.19606 0.16702
vt 0.62717 0.17730
vt 0.36099 0.37149
vt 0.27381 0.04238
vt 0.36367 0.37604
vt 0.21679 0.08593
vt 0.37025 0.37250
vt 0.97463 0.06840
vt 0.29272 0.32657
vt 0.28596 0.31784
vt 0.27890 0.31650
vt 0.53222 0.27852
vt 0.19995 0.62414
vt 0.86300 0.95686
vt 0.03204 0.95394
vt 0.02699 0.95482
vt 0.41438 0.41307
vt 0.20412 0.37021
vt 0.19699 0.37148
vt 0.40869 0.40105
vt 0.21614 0.38898
vt 0.01746 0.92902
vt 0.02227 0.92889
vt 0.84155 0.38860
vt 0.23610 0.35453
vt 0.18929 0.18257
vt 0.20089 0.18582
vt 0.09521 0.14297
vt 0.54453 0.13544
vt 0.28593 0.07471
vt 0.19010 0.17438
vt 0.18375 0.16887
vt 0.61486 0.17561
vt 0.61285 0.09305
vt 0.10263 0.12794
vt 0.55956 0.14285
vt 0.03656 0.32224
vt 0.59926 0.17865
vt 0.21689 0.08838
vt 0.37036 0.37301
vt 0.04108 0.32529
vt 0.93808 0.22793
vt 0.28680 0.16846
vt 0.41148 0.04248
vt 0.99347 0.17028
vt 0.27593 0.30782
vt 0.49937 0.21924
vt 0.54968 0.27970
vt 0.18771 0.35757
vt 0.01452 0.09522
vt 0.19776 0.33890
vt 0.97240 0.40160
vt 0.21096 0.35094
vt 0.97183 0.38840
vt 0.88036 0.92190
vt 0.01468 0.91897
vt 0.99073 0.13230
vt 0.60565 0.18184
vt 0.92851 0.20259
vt 0.37794 0.36023
vt 0.29328 0.33075
vt 0.31480 0.25341
vt 0.97165 0.07425
vt 0.29570 0.32589
vt 0.27239 0.32590
vt 0.33570 0.24973
vt 0.99016 0.17094
vt 0.27093 0.32107
vt 0.33716 0.25088
vt 0.39990 0.29236
vt 0.81431 0.31384
vt 0.41667 0.28095
vt 0.88534 0.73700
vt 0.41381 0.27646
vt 0.80040 0.29795
vt 0.57270 0.27612
vt 0.27765 0.35509
vt 0.27976 0.38626
vt 0.54308 0.27492
vt 0.87649 0.97785
vt 0.01855 0.97493
vt 0.20612 0.34459
vt 0.20743 0.32934
vt 0.98294 0.39193
vt 0.21215 0.37643
vt 0.09891 0.13415
vt 0.55335 0.13913
vt 0.09936 0.13643
vt 0.70557 0.04824
vt 0.62779 0.17183
vt 0.36431 0.36601
vt 0.04510 0.32783
vt 0.93554 0.23193
vt 0.28279 0.16592
vt 0.71495 0.04654
vt 0.37370 0.36772
vt 0.94315 0.20533
vt 0.96709 0.17509
vt 0.93768 0.20341
vt 0.96555 0.16962
vt 0.93259 0.20796
vt 0.96045 0.16453
vt 0.30677 0.16297
vt 0.65283 0.05476
vt 0.97531 0.16335
vt 0.28967 0.33643
vt 0.31842 0.24864
vt 0.27944 0.33006
vt 0.32864 0.25074
vt 0.27938 0.36711
vt 0.20436 0.35360
vt 0.03650 0.33229
vt 0.60288 0.16861
vt 0.93108 0.22676
vt 0.32039 0.25582
vt 0.27065 0.31722
vt 0.33743 0.25830
vt 0.55679 0.28538
vt 0.86110 0.93041
vt 0.86435 0.95271
vt 0.86517 0.90084
vt 0.02987 0.89792
vt 0.61742 0.16552
vt 0.36673 0.35971
vt 0.04497 0.33079
vt 0.28438 0.16296
vt 0.27964 0.16024
vt 0.30894 0.26134
vt 0.41558 0.28764
vt 0.89684 0.74370
vt 0.28089 0.39186
vt 0.20397 0.33233
vt 0.98669 0.39538
vt 0.03218 0.95264
vt 0.84506 0.94006
vt 0.04998 0.93713
vt 0.61441 0.16282
vt 0.92529 0.21523
vt 0.36760 0.35701
vt 0.41816 0.07558
vt 0.30139 0.26065
vt 0.40912 0.03694
vt 0.99111 0.16354
vt 0.42453 0.32610
vt 0.02509 0.28369
vt 0.42158 0.32124
vt 0.87303 0.80185
vt 0.03477 0.27878
vt 0.43126 0.31763
vt 0.31772 0.07785
vt 0.04353 0.27941
vt 0.44002 0.31758
vt 0.76248 0.29548
vt 0.74897 0.69782
vt 0.03613 0.92592
vt 0.26629 0.31043
vt 0.50901 0.20363
vt 0.01064 0.26538
vt 0.43258 0.32812
vt 0.41651 0.27488
vt 0.58425 0.28134
vt 0.28287 0.34354
vt 0.85759 0.95034
vt 0.86029 0.89251
vt 0.03475 0.88959
vt 0.71625 0.05518
vt 0.92736 0.20533
vt 0.37500 0.35908
vt 0.05056 0.34131
vt 0.40967 0.07730
vt 0.05811 0.05322
vt 0.96160 0.15400
vt 0.28519 0.15244
vt 0.30029 0.26914
vt 0.46533 0.27765
vt 0.96595 0.15861
vt 0.46968 0.25939
vt 0.27588 0.15145
vt 0.30890 0.27013
vt 0.47394 0.28696
vt 0.97773 0.15323
vt 0.48146 0.25958
vt 0.43809 0.30045
vt 0.85377 0.24756
vt 0.31359 0.09229
vt 0.44335 0.30314
vt 0.85903 0.24450
vt 0.43647 0.30473
vt 0.85214 0.24636
vt 0.41665 0.32695
vt 0.86769 0.17432
vt 0.45780 0.31402
vt 0.41978 0.26931
vt 0.79444 0.29079
vt 0.42968 0.29248
vt 0.78453 0.31396
vt 0.89239 0.74854
vt 0.77102 0.69591
vt 0.53628 0.28686
vt 0.19161 0.61483
vt 0.06789 0.04902
vt 0.96099 0.15820
vt 0.29497 0.15664
vt 0.06211 0.04866
vt 0.28919 0.15700
vt 0.30198 0.26458
vt 0.28231 0.15744
vt 0.46809 0.28054
vt 0.40283 0.03999
vt 0.98482 0.15721
vt 0.49072 0.20616
vt 0.48855 0.26162
vt 0.24854 0.30105
vt 0.23779 0.09293
vt 0.85706 0.23717
vt 0.52677 0.20251
vt 0.42266 0.30396
vt 0.83834 0.24428
vt 0.02849 0.26139
vt 0.42497 0.32239
vt 0.03446 0.26973
vt 0.42132 0.28251
vt 0.89589 0.73856
vt 0.19061 0.62532
vt 0.53613 0.28904
vt 0.86161 0.96933
vt 0.03343 0.96640
vt 0.96926 0.15809
vt 0.33797 0.27161
vt 0.32562 0.27132
vt 0.49066 0.29443
vt 0.41961 0.29986
vt 0.83529 0.24448
vt 0.41126 0.30448
vt 0.82694 0.23737
vt 0.41489 0.30052
vt 0.83057 0.24170
vt 0.00950 0.27134
vt 0.86069 0.80222
vt 0.40728 0.32409
vt 0.85396 0.79900
vt 0.29334 0.40235
vt 0.18667 0.62994
vt 0.28911 0.35512
vt 0.54347 0.29112
vt 0.37955 0.61852
vt 0.56633 0.09469
vt 0.04278 0.95705
vt 0.29109 0.04641
vt 0.04315 0.95385
vt 0.31257 0.26918
vt 0.47760 0.28258
vt 0.25410 0.32594
vt 0.35398 0.27256
vt 0.83216 0.23420
vt 0.24817 0.09169
vt 0.05527 0.26641
vt 0.45176 0.30891
vt 0.30225 0.08051
vt 0.05322 0.26393
vt 0.44971 0.31492
vt 0.88706 0.16331
vt 0.45388 0.33338
vt 0.90627 0.74117
vt 0.78083 0.70979
vt 0.77266 0.28619
vt 0.46729 0.13148
vt 0.30248 0.37523
vt 0.00342 0.61829
vt 0.55021 0.10049
vt 0.03880 0.97317
vt 0.55919 0.10316
vt 0.28076 0.05420
vt 0.85511 0.96711
vt 0.03993 0.96419
vt 0.29513 0.14781
vt 0.47317 0.26771
vt 0.24439 0.10107
vt 0.44798 0.29952
vt 0.86366 0.23962
vt 0.60889 0.03681
vt 0.68647 0.03778
vt 0.85010 0.10549
vt 0.40798 0.30283
vt 0.82366 0.23646
vt 0.85658 0.82026
vt 0.24782 0.09990
vt 0.45141 0.30070
vt 0.45445 0.33964
vt 0.61725 0.32381
vt 0.33903 0.08545
vt 0.42027 0.34163
vt 0.58307 0.32062
vt 0.85276 0.78146
vt 0.43097 0.35010
vt 0.59378 0.30894
vt 0.43263 0.34971
vt 0.59544 0.31074
vt 0.43558 0.34705
vt 0.59838 0.31997
vt 0.92474 0.72925
vt 0.76712 0.72826
vt 0.52979 0.29006
vt 0.37973 0.63220
vt 0.18841 0.61052
vt 0.55648 0.29859
vt 0.54932 0.10400
vt 0.85623 0.97699
vt 0.03881 0.97406
vt 0.29015 0.10303
vt 0.04018 0.63079
vt 0.36862 0.61320
vt 0.34426 0.62442
vt 0.18540 0.57505
vt 0.27783 0.10231
vt 0.36072 0.62551
vt 0.36010 0.60760
vt 0.35201 0.60901
vt 0.07351 0.63247
vt 0.33529 0.58460
vt 0.07567 0.63525
vt 0.33313 0.58559
vt 0.07227 0.62188
vt 0.97812 0.57287
vt 0.84644 0.93323
vt 0.04860 0.93031
vt 0.25925 0.29984
vt 0.51605 0.20061
vt 0.86182 0.16428
vt 0.25376 0.09246
vt 0.45734 0.30814
vt 0.77231 0.15576
vt 0.87369 0.15628
vt 0.61182 0.10227
vt 0.47180 0.15844
vt 0.43092 0.27613
vt 0.89816 0.73218
vt 0.29469 0.09678
vt 0.37085 0.60865
vt 0.25146 0.07528
vt 0.03639 0.62156
vt 0.37241 0.60469
vt 0.04415 0.62342
vt 0.36465 0.60350
vt 0.28769 0.04695
vt 0.04523 0.95725
vt 0.33334 0.61617
vt 0.18585 0.56413
vt 0.09692 0.62780
vt 0.31188 0.59770
vt 0.10437 0.63140
vt 0.30442 0.58433
vt 0.10246 0.62268
vt 0.30634 0.60300
vt 0.10166 0.62877
vt 0.30714 0.58494
vt 0.84581 0.89481
vt 0.49619 0.19157
vt 0.49402 0.27025
vt 0.50299 0.19348
vt 0.52253 0.18749
vt 0.60897 0.04106
vt 0.68639 0.04203
vt 0.61714 0.04248
vt 0.67822 0.04346
vt 0.85835 0.11182
vt 0.45430 0.04932
vt 0.84833 0.82659
vt 0.84751 0.80517
vt 0.59498 0.32191
vt 0.76346 0.71176
vt 0.56422 0.29986
vt 0.30139 0.36356
vt 0.56139 0.29619
vt 0.54208 0.29159
vt 0.37169 0.61813
vt 0.36634 0.63048
vt 0.18257 0.59713
vt 0.36182 0.62879
vt 0.18658 0.59262
vt 0.04911 0.62117
vt 0.35969 0.59812
vt 0.18439 0.58923
vt 0.09528 0.62273
vt 0.31352 0.58592
vt 0.32241 0.60805
vt 0.18215 0.55320
vt 0.10234 0.62542
vt 0.30646 0.59439
vt 0.11011 0.62044
vt 0.04829 0.88244
vt 0.86782 0.10669
vt 0.44482 0.04419
vt 0.81592 0.21873
vt 0.83885 0.82146
vt 0.24073 0.08667
vt 0.53302 0.19625
vt 0.75928 0.15331
vt 0.00342 0.25857
vt 0.39990 0.31423
vt 0.84792 0.80886
vt 0.85150 0.78598
vt 0.30275 0.40642
vt 0.17725 0.63470
vt 0.30482 0.39513
vt 0.37293 0.63302
vt 0.18279 0.60372
vt 0.17824 0.61433
vt 0.54678 0.29467
vt 0.03322 0.62457
vt 0.37558 0.61521
vt 0.84681 0.96546
vt 0.04823 0.96254
vt 0.12259 0.61537
vt 0.28621 0.58635
vt 0.29731 0.58640
vt 0.33259 0.28586
vt 0.49763 0.28520
vt 0.24601 0.09017
vt 0.00912 0.25697
vt 0.40561 0.31674
vt 0.84298 0.79038
vt 0.89218 0.15735
vt 0.45704 0.33850
vt 0.61985 0.32683
vt 0.32471 0.07530
vt 0.56875 0.33077
vt 0.84261 0.78373
vt 0.33526 0.08440
vt 0.57930 0.32167
vt 0.55834 0.30127
vt 0.47614 0.12570
vt 0.30280 0.36945
vt 0.03284 0.62300
vt 0.37596 0.61276
vt 0.18065 0.60220
vt 0.92887 0.57724
vt 0.17675 0.57170
vt 0.32157 0.61131
vt 0.17904 0.55236
vt 0.30895 0.60711
vt 0.18176 0.53974
vt 0.16224 0.06494
vt 0.30903 0.61172
vt 0.18058 0.53982
vt 0.14493 0.04297
vt 0.28972 0.59844
vt 0.14989 0.04289
vt 0.28964 0.61068
vt 0.14014 0.04834
vt 0.29509 0.60513
vt 0.28397 0.60132
vt 0.04053 0.04830
vt 0.27481 0.61642
vt 0.58889 0.33468
vt 0.81151 0.47453
vt 0.61704 0.33408
vt 0.83966 0.46797
vt 0.43994 0.17334
vt 0.99384 0.08838
vt 0.41522 0.06095
vt 0.32490 0.05322
vt 0.93002 0.71133
vt 0.61677 0.12061
vt 0.45346 0.16339
vt 0.98389 0.07486
vt 0.43587 0.26771
vt 0.62626 0.11495
vt 0.44537 0.26256
vt 0.43907 0.25042
vt 0.77514 0.27190
vt 0.03631 0.61989
vt 0.04906 0.95539
vt 0.84433 0.98535
vt 0.05071 0.98243
vt 0.17552 0.58727
vt 0.83806 0.92770
vt 0.05180 0.93526
vt 0.16121 0.53859
vt 0.50496 0.53704
vt 0.83699 0.91123
vt 0.29403 0.61127
vt 0.28142 0.61524
vt 0.05067 0.05322
vt 0.26467 0.60653
vt 0.86899 0.15487
vt 0.77926 0.14635
vt 0.89376 0.14903
vt 0.62551 0.33515
vt 0.84812 0.46154
vt 0.74625 0.73418
vt 0.44747 0.25061
vt 0.91569 0.70666
vt 0.55171 0.30054
vt 0.48916 0.13232
vt 0.02529 0.61870
vt 0.02831 0.61801
vt 0.94838 0.61683
vt 0.17355 0.60141
vt 0.25453 0.07684
vt 0.03726 0.61849
vt 0.94214 0.56598
vt 0.16951 0.56044
vt 0.15088 0.05521
vt 0.29929 0.62308
vt 0.16860 0.53009
vt 0.51346 0.54443
vt 0.15180 0.06374
vt 0.30783 0.62216
vt 0.09621 0.61417
vt 0.60303 0.12815
vt 0.29534 0.61853
vt 0.28014 0.59689
vt 0.86248 0.09782
vt 0.84147 0.87843
vt 0.05357 0.87551
vt 0.26621 0.60311
vt 0.86726 0.09814
vt 0.04880 0.87583
vt 0.85986 0.08261
vt 0.83885 0.86322
vt 0.05619 0.86030
vt 0.49613 0.18452
vt 0.59131 0.07814
vt 0.49396 0.27258
vt 0.14162 0.12939
vt 0.02662 0.43544
vt 0.51240 0.18179
vt 0.03801 0.45171
vt 0.53201 0.18143
vt 0.76624 0.13849
vt 0.05176 0.47131
vt 0.94081 0.71324
vt 0.75222 0.74433
vt 0.76652 0.28061
vt 0.89228 0.71518
vt 0.31390 0.38169
vt 0.00711 0.60687
vt 0.94181 0.63803
vt 0.16785 0.61549
vt 0.57859 0.05127
vt 0.92018 0.61146
vt 0.16408 0.60591
vt 0.83818 0.96548
vt 0.05686 0.96256
vt 0.83723 0.95027
vt 0.05781 0.94735
vt 0.73096 0.09468
vt 0.83797 0.94367
vt 0.05706 0.94075
vt 0.08600 0.60864
vt 0.98140 0.55915
vt 0.05506 0.91159
vt 0.79932 0.15869
vt 0.28182 0.58782
vt 0.28291 0.58654
vt 0.04632 0.05140
vt 0.26902 0.61070
vt 0.35174 0.29150
vt 0.82284 0.21525
vt 0.51678 0.29155
vt 0.74854 0.05392
vt 0.84031 0.80568
vt 0.87527 0.14731
vt 0.78333 0.13879
vt 0.85379 0.44305
vt 0.19479 0.79443
vt 0.88895 0.14859
vt 0.85061 0.45673
vt 0.57052 0.33924
vt 0.99508 0.08146
vt 0.44707 0.26278
vt 0.40771 0.06787
vt 0.08936 0.03705
vt 0.44645 0.24560
vt 0.76776 0.26709
vt 0.91893 0.70166
vt 0.30870 0.39620
vt 0.92248 0.59079
vt 0.16280 0.58524
vt 0.05765 0.60084
vt 0.95511 0.58749
vt 0.19880 0.03885
vt 0.66364 0.04639
vt 0.62114 0.05188
vt 0.10422 0.60939
vt 0.30458 0.57487
vt 0.08227 0.79329
vt 0.62577 0.13818
vt 0.27260 0.62224
vt 0.86597 0.11006
vt 0.44668 0.04756
vt 0.83687 0.79582
vt 0.31653 0.41064
vt 0.16347 0.63525
vt 0.26526 0.07861
vt 0.03693 0.60776
vt 0.83098 0.92375
vt 0.61090 0.13569
vt 0.28747 0.61997
vt 0.26683 0.59553
vt 0.81377 0.15303
vt 0.26737 0.58885
vt 0.27251 0.61794
vt 0.78165 0.13661
vt 0.06717 0.46977
vt 0.75934 0.06201
vt 0.82951 0.80611
vt 0.52276 0.03422
vt 0.88116 0.07764
vt 0.79291 0.18463
vt 0.86289 0.46408
vt 0.96429 0.68147
vt 0.51694 0.03760
vt 0.78709 0.18396
vt 0.51611 0.03623
vt 0.87451 0.07564
vt 0.78626 0.18255
vt 0.88834 0.07445
vt 0.80009 0.18190
vt 0.71826 0.40186
vt 0.95710 0.67875
vt 0.00505 0.50215
vt 0.80846 0.20590
vt 0.84162 0.47963
vt 0.94874 0.70274
vt 0.60270 0.47098
vt 0.00342 0.52614
vt 0.79749 0.19406
vt 0.85346 0.46865
vt 0.95971 0.69090
vt 0.82558 0.48389
vt 0.58666 0.47140
vt 0.78645 0.47856
vt 0.54753 0.47739
vt 0.74754 0.39926
vt 0.92782 0.67304
vt 0.92936 0.68394
vt 0.08551 0.04839
vt 0.93668 0.70455
vt 0.00482 0.52795
vt 0.07568 0.05322
vt 0.42608 0.03955
vt 0.87777 0.03432
vt 0.00965 0.52609
vt 0.75928 0.29879
vt 0.74576 0.70539
vt 0.83868 0.71387
vt 0.83113 0.72839
vt 0.75546 0.63465
vt 0.84100 0.71731
vt 0.80592 0.72295
vt 0.75460 0.60944
vt 0.93023 0.58216
vt 0.94498 0.10205
vt 0.10106 0.60083
vt 0.80949 0.14561
vt 0.27165 0.58966
vt 0.96143 0.08838
vt 0.07568 0.08270
vt 0.83006 0.87862
vt 0.06498 0.87569
vt 0.97687 0.08428
vt 0.07979 0.09814
vt 0.82858 0.86317
vt 0.06645 0.86025
vt 0.26575 0.61127
vt 0.84058 0.85848
vt 0.05446 0.85556
vt 0.05952 0.85438
vt 0.05753 0.85014
vt 0.83357 0.83890
vt 0.06147 0.83598
vt 0.50620 0.18237
vt 0.02554 0.44551
vt 0.57520 0.47643
vt 0.76661 0.26542
vt 0.89965 0.69999
vt 0.10986 0.07458
vt 0.86804 0.71119
vt 0.88434 0.71530
vt 0.11806 0.08545
vt 0.87891 0.70457
vt 0.84466 0.72538
vt 0.75059 0.64817
vt 0.83659 0.70124
vt 0.64264 0.23166
vt 0.32669 0.39307
vt 0.93043 0.63916
vt 0.02169 0.60072
vt 0.93884 0.62345
vt 0.92379 0.60355
vt 0.16071 0.59801
vt 0.03837 0.60076
vt 0.94903 0.60677
vt 0.06745 0.60260
vt 0.95058 0.57769
vt 0.28602 0.57375
vt 0.10082 0.79222
vt 0.27279 0.58433
vt 0.27196 0.57627
vt 0.11488 0.78689
vt 0.96343 0.08310
vt 0.08096 0.08470
vt 0.06518 0.87369
vt 0.25006 0.61041
vt 0.25934 0.62231
vt 0.26488 0.62009
vt 0.60525 0.08335
vt 0.50790 0.28072
vt 0.79259 0.09319
vt 0.15237 0.11578
vt 0.03737 0.44906
vt 0.78725 0.13405
vt 0.07277 0.47217
vt 0.18696 0.78969
vt 0.75713 0.05367
vt 0.83171 0.80513
vt 0.06333 0.80220
vt 0.78629 0.13662
vt 0.19070 0.79226
vt 0.78531 0.18978
vt 0.85774 0.45648
vt 0.20823 0.79205
vt 0.56787 0.34326
vt 0.79049 0.46531
vt 0.83012 0.77923
vt 0.72806 0.40062
vt 0.34046 0.15088
vt 0.94295 0.71290
vt 0.00776 0.53630
vt 0.75176 0.74647
vt 0.08609 0.05303
vt 0.87796 0.03226
vt 0.93610 0.70063
vt 0.00946 0.52403
vt 0.91552 0.67587
vt 0.44793 0.26092
vt 0.45327 0.25336
vt 0.31745 0.04352
vt 0.09556 0.03427
vt 0.92032 0.70942
vt 0.89439 0.68752
vt 0.87996 0.69369
vt 0.89243 0.67903
vt 0.12359 0.07452
vt 0.86799 0.71368
vt 0.84765 0.72128
vt 0.75329 0.65117
vt 0.85464 0.71338
vt 0.74522 0.65816
vt 0.80640 0.71647
vt 0.67283 0.23577
vt 0.20334 0.20913
vt 0.20352 0.21991
vt 0.74690 0.60974
vt 0.92413 0.59597
vt 0.08029 0.59829
vt 0.96425 0.56485
vt 0.59623 0.35012
vt 0.74188 0.09298
vt 0.83247 0.93275
vt 0.74667 0.09814
vt 0.82658 0.92796
vt 0.06846 0.92503
vt 0.82964 0.92725
vt 0.06540 0.92433
vt 0.30945 0.62747
vt 0.50330 0.54168
vt 0.25198 0.58556
vt 0.25949 0.62283
vt 0.05029 0.08447
vt 0.22998 0.07573
vt 0.01713 0.08340
vt 0.76645 0.08545
vt 0.03604 0.12870
vt 0.81763 0.81723
vt 0.60139 0.08545
vt 0.79645 0.09532
vt 0.13135 0.11932
vt 0.83643 0.09238
vt 0.86768 0.06689
vt 0.83406 0.83067
vt 0.87971 0.06460
vt 0.83176 0.81864
vt 0.06328 0.81571
vt 0.86844 0.06554
vt 0.83270 0.82991
vt 0.06234 0.82698
vt 0.05728 0.45671
vt 0.05214 0.45369
vt 0.79129 0.20110
vt 0.60749 0.47714
vt 0.80867 0.22217
vt 0.49658 0.12221
vt 0.58642 0.48085
vt 0.57334 0.47760
vt 0.72142 0.39517
vt 0.01173 0.50776
vt 0.74124 0.39576
vt 0.01115 0.50253
vt 0.55565 0.48282
vt 0.16970 0.05439
vt 0.75685 0.39676
vt 0.17426 0.05698
vt 0.75944 0.39695
vt 0.91593 0.67403
vt 0.89579 0.67356
vt 0.76067 0.28566
vt 0.88905 0.72023
vt 0.74715 0.69257
vt 0.88142 0.68452
vt 0.84436 0.70837
vt 0.63487 0.23975
vt 0.74811 0.64516
vt 0.66175 0.23312
vt 0.32607 0.40699
vt 0.91650 0.63610
vt 0.15394 0.63055
vt 0.92854 0.58549
vt 0.15916 0.57995
vt 0.94551 0.55809
vt 0.15250 0.55255
vt 0.71826 0.35426
vt 0.19775 0.04639
vt 0.66260 0.03885
vt 0.61361 0.05293
vt 0.94287 0.10063
vt 0.10318 0.60185
vt 0.08122 0.78576
vt 0.31688 0.63205
vt 0.42165 0.55361
vt 0.49587 0.53731
vt 0.27657 0.62873
vt 0.29059 0.63256
vt 0.82938 0.14046
vt 0.25176 0.58445
vt 0.90952 0.10986
vt 0.24769 0.59650
vt 0.79932 0.16568
vt 0.03062 0.42821
vt 0.24384 0.62419
vt 0.49470 0.55164
vt 0.83037 0.16846
vt 0.90496 0.10650
vt 0.06167 0.42469
vt 0.24737 0.59314
vt 0.81814 0.21115
vt 0.83128 0.83343
vt 0.06376 0.83051
vt 0.83052 0.82737
vt 0.06452 0.82444
vt 0.82872 0.21095
vt 0.51972 0.28567
vt 0.78076 0.09814
vt 0.85211 0.09329
vt 0.01353 0.46120
vt 0.81861 0.20164
vt 0.00342 0.45677
vt 0.73586 0.21600
vt 0.82176 0.82473
vt 0.02783 0.10596
vt 0.06936 0.46685
vt 0.19503 0.78235
vt 0.78315 0.19224
vt 0.61635 0.48198
vt 0.20606 0.78586
vt 0.57163 0.48871
vt 0.82121 0.76097
vt 0.42087 0.03683
vt 0.87256 0.03760
vt 0.64874 0.04495
vt 0.01486 0.52937
vt 0.41846 0.03691
vt 0.64600 0.04736
vt 0.01728 0.53211
vt 0.01715 0.55502
vt 0.74236 0.73742
vt 0.41984 0.06341
vt 0.31592 0.05076
vt 0.09709 0.04150
vt 0.74557 0.72313
vt 0.85226 0.70816
vt 0.62697 0.23447
vt 0.63243 0.23476
vt 0.17627 0.22314
vt 0.74127 0.63699
vt 0.32299 0.40284
vt 0.56885 0.04532
vt 0.93312 0.62121
vt 0.93547 0.61285
vt 0.61600 0.06006
vt 0.07409 0.78814
vt 0.61084 0.04963
vt 0.68506 0.06947
vt 0.08452 0.78298
vt 0.81679 0.86003
vt 0.07825 0.85710
vt 0.26146 0.58028
vt 0.12539 0.78417
vt 0.80967 0.16809
vt 0.04097 0.42548
vt 0.43703 0.04643
vt 0.07122 0.82245
vt 0.13148 0.11454
vt 0.84120 0.09814
vt 0.01648 0.45029
vt 0.02483 0.44214
vt 0.06829 0.45925
vt 0.82358 0.81631
vt 0.07146 0.81339
vt 0.82896 0.80985
vt 0.06608 0.80693
vt 0.78271 0.19121
vt 0.20563 0.78379
vt 0.79103 0.19953
vt 0.60906 0.48012
vt 0.21395 0.78773
vt 0.51666 0.11759
vt 0.05908 0.23779
vt 0.60650 0.48547
vt 0.22750 0.78237
vt 0.50701 0.12256
vt 0.59686 0.48051
vt 0.65545 0.04642
vt 0.01634 0.52266
vt 0.76788 0.38911
vt 0.39920 0.23335
vt 0.01780 0.49889
vt 0.16943 0.06494
vt 0.76741 0.39496
vt 0.77317 0.39133
vt 0.90219 0.66483
vt 0.16629 0.04736
vt 0.52985 0.04489
vt 0.73991 0.70920
vt 0.87316 0.67431
vt 0.87740 0.68018
vt 0.84909 0.73063
vt 0.74241 0.65260
vt 0.57458 0.04699
vt 0.92649 0.61547
vt 0.15980 0.60993
vt 0.05862 0.59519
vt 0.94804 0.58652
vt 0.41334 0.56592
vt 0.48756 0.52501
vt 0.20606 0.04619
vt 0.67091 0.03905
vt 0.98951 0.05420
vt 0.10139 0.78153
vt 0.07344 0.92081
vt 0.28370 0.63471
vt 0.45484 0.55760
vt 0.25514 0.63200
vt 0.48340 0.55605
vt 0.63330 0.13039
vt 0.02956 0.43361
vt 0.73193 0.18986
vt 0.50010 0.55615
vt 0.89990 0.09331
vt 0.07486 0.42757
vt 0.24449 0.57994
vt 0.14236 0.78028
vt 0.04964 0.43432
vt 0.65573 0.13163
vt 0.06900 0.12061
vt 0.05199 0.43699
vt 0.64972 0.13232
vt 0.06299 0.11991
vt 0.04598 0.43370
vt 0.05225 0.44714
vt 0.07316 0.46749
vt 0.18229 0.78710
vt 0.06430 0.08166
vt 0.24399 0.07713
vt 0.75244 0.08264
vt 0.22021 0.13051
vt 0.81903 0.80322
vt 0.55553 0.48729
vt 0.56870 0.48521
vt 0.73000 0.39132
vt 0.01559 0.51070
vt 0.42486 0.23779
vt 0.01416 0.50333
vt 0.43321 0.23310
vt 0.01871 0.49864
vt 0.89307 0.48813
vt 0.41867 0.22465
vt 0.89641 0.47358
vt 0.78347 0.39240
vt 0.89189 0.66908
vt 0.12939 0.51416
vt 0.65797 0.22894
vt 0.18848 0.20838
vt 0.78857 0.72607
vt 0.22117 0.21873
vt 0.73896 0.59209
vt 0.04069 0.59411
vt 0.94166 0.60446
vt 0.96003 0.10123
vt 0.08602 0.59386
vt 0.60196 0.35454
vt 0.06407 0.77776
vt 0.98877 0.04481
vt 0.11077 0.78033
vt 0.81852 0.85083
vt 0.07652 0.84791
vt 0.11807 0.78018
vt 0.25320 0.57443
vt 0.13365 0.77586
vt 0.25011 0.63553
vt 0.48842 0.56249
vt 0.82019 0.84858
vt 0.07485 0.84565
vt 0.08253 0.11774
vt 0.06552 0.44575
vt 0.04454 0.09942
vt 0.08606 0.46453
vt 0.17933 0.77569
vt 0.22696 0.13623
vt 0.81651 0.79647
vt 0.77783 0.45916
vt 0.53891 0.49177
vt 0.81816 0.78539
vt 0.57608 0.49023
vt 0.16401 0.16199
vt 0.60645 0.48858
vt 0.02102 0.52239
vt 0.01860 0.53170
vt 0.77770 0.38563
vt 0.38938 0.22623
vt 0.13616 0.51345
vt 0.88907 0.74189
vt 0.74157 0.69259
vt 0.85867 0.69515
vt 0.86243 0.73317
vt 0.60058 0.10850
vt 0.73528 0.66595
vt 0.85276 0.70009
vt 0.62646 0.22537
vt 0.85137 0.72704
vt 0.85478 0.72393
vt 0.53174 0.06262
vt 0.49268 0.06472
vt 0.18210 0.21449
vt 0.94137 0.58848
vt 0.15025 0.52191
vt 0.52164 0.52609
vt 0.99468 0.04604
vt 0.10955 0.77828
vt 0.11425 0.77970
vt 0.27351 0.63411
vt 0.46502 0.56186
vt 0.49964 0.56510
vt 0.07541 0.43963
vt 0.06968 0.43871
vt 0.00659 0.45178
vt 0.73756 0.21283
vt 0.01448 0.43856
vt 0.73585 0.20494
vt 0.07249 0.45691
vt 0.07317 0.46144
vt 0.05400 0.07916
vt 0.76274 0.08014
vt 0.81529 0.81352
vt 0.07975 0.81059
vt 0.81995 0.78822
vt 0.06291 0.22073
vt 0.21044 0.77690
vt 0.03961 0.49488
vt 0.01999 0.52737
vt 0.31396 0.13740
vt 0.02600 0.56280
vt 0.31800 0.13687
vt 0.02329 0.55877
vt 0.42852 0.22542
vt 0.27783 0.08417
vt 0.89677 0.48344
vt 0.02709 0.56883
vt 0.73243 0.73219
vt 0.15674 0.04446
vt 0.73701 0.71875
vt 0.39956 0.23662
vt 0.01787 0.50216
vt 0.85865 0.68667
vt 0.86952 0.66369
vt 0.00342 0.12922
vt 0.73975 0.48016
vt 0.05723 0.59618
vt 0.94611 0.58791
vt 0.82365 0.95331
vt 0.07139 0.95039
vt 0.82515 0.93768
vt 0.06989 0.93476
vt 0.21338 0.04150
vt 0.80950 0.90288
vt 0.28646 0.63557
vt 0.45207 0.56159
vt 0.07724 0.44785
vt 0.04036 0.09926
vt 0.08188 0.46612
vt 0.24170 0.03346
vt 0.10833 0.03248
vt 0.71219 0.03926
vt 0.18091 0.77553
vt 0.08112 0.22660
vt 0.62854 0.48930
vt 0.07826 0.22659
vt 0.08569 0.22403
vt 0.63310 0.48797
vt 0.14548 0.07987
vt 0.63594 0.49330
vt 0.13135 0.08350
vt 0.07439 0.23428
vt 0.62181 0.48967
vt 0.55502 0.50064
vt 0.80928 0.76035
vt 0.40910 0.23172
vt 0.89628 0.46402
vt 0.16148 0.04696
vt 0.73951 0.71401
vt 0.39996 0.21869
vt 0.89951 0.45488
vt 0.87873 0.66304
vt 0.00639 0.13843
vt 0.64025 0.22216
vt 0.69889 0.48248
vt 0.53994 0.06045
vt 0.50088 0.06689
vt 0.65085 0.22421
vt 0.18137 0.20629
vt 0.08345 0.77988
vt 0.69636 0.07471
vt 0.09245 0.77168
vt 0.28205 0.64209
vt 0.68377 0.27002
vt 0.45649 0.56739
vt 0.25932 0.63752
vt 0.26072 0.64045
vt 0.47782 0.56504
vt 0.25393 0.64023
vt 0.48461 0.56673
vt 0.24763 0.57655
vt 0.13922 0.77800
vt 0.24634 0.63500
vt 0.49219 0.56373
vt 0.24162 0.57408
vt 0.14522 0.77737
vt 0.07929 0.44108
vt 0.15587 0.77282
vt 0.42725 0.05420
vt 0.07899 0.83223
vt 0.07047 0.44306
vt 0.08616 0.44599
vt 0.16078 0.77695
vt 0.24602 0.03760
vt 0.10400 0.03662
vt 0.17677 0.77121
vt 0.24370 0.07959
vt 0.00342 0.08162
vt 0.82149 0.80351
vt 0.07453 0.21407
vt 0.20378 0.77365
vt 0.02574 0.52847
vt 0.28193 0.08936
vt 0.90642 0.48754
vt 0.99049 0.29576
vt 0.02939 0.54796
vt 0.52100 0.05322
vt 0.73106 0.70839
vt 0.52596 0.04893
vt 0.73602 0.70846
vt 0.72414 0.70662
vt 0.14152 0.50038
vt 0.90099 0.43795
vt 0.89393 0.64918
vt 0.14141 0.49426
vt 0.88825 0.64686
vt 0.01582 0.14795
vt 0.14970 0.49194
vt 0.87181 0.74766
vt 0.73234 0.67533
vt 0.72590 0.69401
vt 0.85089 0.67662
vt 0.72682 0.48995
vt 0.84672 0.69255
vt 0.63251 0.21465
vt 0.71089 0.48999
vt 0.54422 0.06689
vt 0.50515 0.06045
vt 0.64592 0.21777
vt 0.17643 0.20201
vt 0.69409 0.48686
vt 0.81573 0.98375
vt 0.07931 0.98082
vt 0.81755 0.98349
vt 0.07749 0.98057
vt 0.80687 0.94988
vt 0.08817 0.94695
vt 0.97434 0.53498
vt 0.62610 0.35852
vt 0.14517 0.52651
vt 0.72559 0.36555
vt 0.69831 0.06857
vt 0.08950 0.76974
vt 0.40771 0.36589
vt 0.11330 0.77402
vt 0.11909 0.77211
vt 0.24203 0.64151
vt 0.49650 0.57854
vt 0.75457 0.20700
vt 0.50209 0.57879
vt 0.74351 0.20132
vt 0.43546 0.05342
vt 0.74078 0.22217
vt 0.81683 0.82694
vt 0.07820 0.82402
vt 0.01851 0.08740
vt 0.03467 0.12939
vt 0.81832 0.81860
vt 0.81676 0.80872
vt 0.71000 0.03414
vt 0.95264 0.04607
vt 0.18604 0.77334
vt 0.19754 0.77832
vt 0.07617 0.20683
vt 0.19654 0.77059
vt 0.24290 0.12953
vt 0.54459 0.49480
vt 0.81512 0.78054
vt 0.13833 0.07884
vt 0.62879 0.49433
vt 0.16588 0.19385
vt 0.57459 0.49706
vt 0.55418 0.50221
vt 0.80772 0.76611
vt 0.42821 0.21952
vt 0.90465 0.48313
vt 0.02663 0.53921
vt 0.02941 0.56402
vt 0.41781 0.22382
vt 0.89762 0.47273
vt 0.38818 0.22084
vt 0.14116 0.50806
vt 0.90063 0.44310
vt 0.86078 0.74528
vt 0.60404 0.12061
vt 0.73874 0.66430
vt 0.17726 0.21539
vt 0.68071 0.49195
vt 0.72531 0.63600
vt 0.72951 0.64566
vt 0.58864 0.36034
vt 0.05075 0.77197
vt 0.45313 0.56966
vt 0.27026 0.63959
vt 0.46828 0.56632
vt 0.24436 0.63889
vt 0.49418 0.56544
vt 0.08593 0.85823
vt 0.23486 0.56986
vt 0.15198 0.76460
vt 0.74587 0.21042
vt 0.19093 0.77262
vt 0.15771 0.17882
vt 0.58962 0.49041
vt 0.04492 0.50583
vt 0.91164 0.49997
vt 0.03248 0.53563
vt 0.03324 0.56944
vt 0.91060 0.45858
vt 0.58545 0.12052
vt 0.72015 0.66401
vt 0.84830 0.68743
vt 0.71601 0.48507
vt 0.63646 0.21332
vt 0.70132 0.49131
vt 0.81306 0.97848
vt 0.08198 0.97555
vt 0.80929 0.96059
vt 0.08575 0.95767
vt 0.72314 0.04783
vt 0.60770 0.36425
vt 0.06981 0.76805
vt 0.80443 0.94453
vt 0.96161 0.54924
vt 0.72710 0.33816
vt 0.43326 0.57249
vt 0.43106 0.57929
vt 0.50527 0.51163
vt 0.22093 0.03985
vt 0.80901 0.89534
vt 0.08602 0.89241
vt 0.21426 0.03412
vt 0.80948 0.90200
vt 0.08556 0.89908
vt 0.46888 0.56924
vt 0.12982 0.76747
vt 0.49192 0.57072
vt 0.04087 0.09528
vt 0.24567 0.03374
vt 0.10435 0.03277
vt 0.70822 0.03955
vt 0.18062 0.77156
vt 0.05613 0.11296
vt 0.54736 0.08740
vt 0.80188 0.79714
vt 0.08970 0.19729
vt 0.18700 0.75850
vt 0.63785 0.49605
vt 0.42288 0.21980
vt 0.90391 0.47779
vt 0.90001 0.47166
vt 0.72667 0.71763
vt 0.14826 0.50370
vt 0.90773 0.43263
vt 0.66898 0.49224
vt 0.72502 0.65537
vt 0.64433 0.21442
vt 0.69117 0.49021
vt 0.72755 0.05420
vt 0.60133 0.36866
vt 0.06344 0.76364
vt 0.08187 0.91520
vt 0.08544 0.88496
vt 0.10185 0.76634
vt 0.80894 0.87685
vt 0.08610 0.87392
vt 0.41947 0.35770
vt 0.10658 0.76226
vt 0.12568 0.76840
vt 0.05811 0.04150
vt 0.14479 0.76454
vt 0.28948 0.24546
vt 0.75117 0.21962
vt 0.51554 0.57539
vt 0.08859 0.82952
vt 0.16678 0.76046
vt 0.56264 0.08338
vt 0.81036 0.81242
vt 0.70557 0.03663
vt 0.95513 0.04639
vt 0.20583 0.10784
vt 0.18354 0.76891
vt 0.07933 0.20372
vt 0.19343 0.76496
vt 0.10428 0.20841
vt 0.19999 0.09304
vt 0.65170 0.51095
vt 0.19811 0.75690
vt 0.18408 0.10010
vt 0.63579 0.50356
vt 0.58763 0.50583
vt 0.90761 0.47836
vt 0.72860 0.70866
vt 0.01573 0.12404
vt 0.27588 0.14014
vt 0.15319 0.24463
vt 0.74549 0.49246
vt 0.72059 0.66816
vt 0.72006 0.65903
vt 0.73330 0.04976
vt 0.60578 0.37441
vt 0.74329 0.34088
vt 0.42387 0.57481
vt 0.49809 0.51612
vt 0.80091 0.91066
vt 0.09413 0.90774
vt 0.68187 0.26400
vt 0.45458 0.57340
vt 0.74855 0.04639
vt 0.13173 0.76273
vt 0.13807 0.76546
vt 0.80193 0.85921
vt 0.60565 0.49948
vt 0.04197 0.48672
vt 0.91633 0.50534
vt 0.55340 0.50877
vt 0.80115 0.75952
vt 0.75214 0.18213
vt 0.44501 0.20692
vt 0.91643 0.49437
vt 0.04192 0.53681
vt 0.03507 0.57555
vt 0.72445 0.73082
vt 0.72185 0.71729
vt 0.72156 0.70958
vt 0.67458 0.50226
vt 0.71500 0.64438
vt 0.97331 0.52938
vt 0.82568 0.05322
vt 0.63170 0.36902
vt 0.73214 0.32647
vt 0.13466 0.52817
vt 0.73610 0.37333
vt 0.51538 0.51049
vt 0.67815 0.26015
vt 0.45086 0.57725
vt 0.66832 0.26737
vt 0.44103 0.57004
vt 0.45106 0.58171
vt 0.08811 0.86805
vt 0.48528 0.58735
vt 0.96049 0.03934
vt 0.78369 0.03520
vt 0.20181 0.11320
vt 0.17818 0.76488
vt 0.78638 0.03370
vt 0.95264 0.05519
vt 0.17550 0.76098
vt 0.55931 0.08596
vt 0.80847 0.80909
vt 0.63450 0.51996
vt 0.54950 0.50803
vt 0.80189 0.77756
vt 0.05149 0.52100
vt 0.90656 0.48270
vt 0.58678 0.51155
vt 0.04399 0.54206
vt 0.72321 0.71694
vt 0.92152 0.43289
vt 0.72081 0.67510
vt 0.71964 0.68569
vt 0.58321 0.37299
vt 0.04532 0.75931
vt 0.13409 0.53442
vt 0.73667 0.35701
vt 0.62290 0.37508
vt 0.73821 0.32096
vt 0.07699 0.75932
vt 0.76709 0.04532
vt 0.73424 0.36933
vt 0.43728 0.36019
vt 0.10832 0.74446
vt 0.80269 0.87732
vt 0.09235 0.87440
vt 0.06671 0.03765
vt 0.28076 0.03676
vt 0.12897 0.03676
vt 0.14366 0.75594
vt 0.70004 0.08838
vt 0.49598 0.58493
vt 0.19100 0.09794
vt 0.64271 0.50676
vt 0.60685 0.51509
vt 0.04744 0.49078
vt 0.79004 0.76656
vt 0.29273 0.08161
vt 0.44092 0.21763
vt 0.91234 0.49834
vt 0.98096 0.30628
vt 0.57012 0.50746
vt 0.03991 0.55871
vt 0.91034 0.44252
vt 0.02772 0.13081
vt 0.28264 0.13761
vt 0.74329 0.50216
vt 0.59403 0.37512
vt 0.05614 0.75719
vt 0.10479 0.93552
vt 0.63232 0.26292
vt 0.40504 0.57448
vt 0.67158 0.25554
vt 0.44429 0.58187
vt 0.13528 0.52545
vt 0.73548 0.36190
vt 0.83452 0.04895
vt 0.63598 0.37786
vt 0.74098 0.32185
vt 0.82611 0.04476
vt 0.73256 0.32789
vt 0.09735 0.74773
vt 0.12226 0.76031
vt 0.80326 0.88265
vt 0.09178 0.87973
vt 0.74415 0.03872
vt 0.13520 0.75832
vt 0.28815 0.03756
vt 0.12158 0.03756
vt 0.15106 0.76090
vt 0.15932 0.75913
vt 0.26393 0.15674
vt 0.79928 0.83958
vt 0.79557 0.77431
vt 0.73578 0.18084
vt 0.92018 0.47800
vt 0.99373 0.31224
vt 0.04586 0.56470
vt 0.92381 0.46565
vt 0.71359 0.68549
vt 0.02146 0.14356
vt 0.30713 0.12108
vt 0.89209 0.13780
vt 0.73158 0.49767
vt 0.32798 0.12373
vt 0.89709 0.11695
vt 0.00342 0.04541
vt 0.72893 0.50267
vt 0.78779 0.08038
vt 0.70677 0.50316
vt 0.71206 0.50749
vt 0.80110 0.95868
vt 0.09394 0.95575
vt 0.41400 0.57984
vt 0.48822 0.51108
vt 0.41746 0.57861
vt 0.49168 0.51231
vt 0.64807 0.25305
vt 0.42078 0.58435
vt 0.79972 0.90008
vt 0.09532 0.89716
vt 0.80125 0.89224
vt 0.09378 0.88932
vt 0.11177 0.74786
vt 0.79012 0.03955
vt 0.18701 0.11963
vt 0.96352 0.06104
vt 0.85791 0.04053
vt 0.03156 0.06006
vt 0.57666 0.06848
vt 0.17176 0.75009
vt 0.17685 0.75471
vt 0.78106 0.81395
vt 0.53733 0.51045
vt 0.79947 0.78564
vt 0.98362 0.31671
vt 0.56755 0.51789
vt 0.02704 0.14769
vt 0.29953 0.13098
vt 0.12954 0.23332
vt 0.16091 0.49388
vt 0.89836 0.12974
vt 0.32088 0.12939
vt 0.89552 0.12406
vt 0.66361 0.50485
vt 0.71242 0.64873
vt 0.79880 0.95950
vt 0.09624 0.95658
vt 0.64478 0.24724
vt 0.41750 0.59017
vt 0.47058 0.60195
vt 0.74072 0.04369
vt 0.13536 0.75490
vt 0.06582 0.04044
vt 0.28275 0.03955
vt 0.12699 0.03955
vt 0.14565 0.75683
vt 0.49723 0.58521
vt 0.15698 0.75574
vt 0.79962 0.81811
vt 0.73670 0.17637
vt 0.44847 0.20116
vt 0.30518 0.11377
vt 0.72213 0.72818
vt 0.72985 0.18017
vt 0.92535 0.47207
vt 0.15468 0.50758
vt 0.91415 0.42371
vt 0.28259 0.13375
vt 0.14648 0.23818
vt 0.90127 0.13916
vt 0.72738 0.50685
vt 0.71289 0.66204
vt 0.92833 0.05420
vt 0.78455 0.95168
vt 0.11049 0.94876
vt 0.39960 0.59127
vt 0.47382 0.49965
vt 0.13037 0.53089
vt 0.77027 0.05148
vt 0.74039 0.36615
vt 0.55692 0.03325
vt 0.76792 0.21054
vt 0.69283 0.08593
vt 0.50958 0.59214
vt 0.85924 0.03479
vt 0.03290 0.05872
vt 0.57799 0.06982
vt 0.16602 0.75144
vt 0.52175 0.58094
vt 0.09414 0.82331
vt 0.51942 0.58582
vt 0.09902 0.82564
vt 0.96241 0.05367
vt 0.86528 0.04043
vt 0.03267 0.05269
vt 0.83980 0.08047
vt 0.58403 0.06959
vt 0.17166 0.75120
vt 0.79534 0.79574
vt 0.78135 0.80334
vt 0.23476 0.03760
vt 0.92320 0.50325
vt 0.33252 0.04323
vt 0.15674 0.03760
vt 0.45300 0.21755
vt 0.92442 0.49880
vt 0.44751 0.21200
vt 0.59957 0.52389
vt 0.05633 0.52926
vt 0.04995 0.57988
vt 0.70957 0.72769
vt 0.70262 0.69812
vt 0.15923 0.50386
vt 0.79471 0.97530
vt 0.10033 0.97238
vt 0.40131 0.59674
vt 0.47553 0.49418
vt 0.59662 0.38495
vt 0.75652 0.37842
vt 0.52560 0.49007
vt 0.77677 0.05322
vt 0.74213 0.35966
vt 0.23877 0.26709
vt 0.11022 0.88023
vt 0.25791 0.25563
vt 0.09876 0.86109
vt 0.16032 0.75164
vt 0.79707 0.82045
vt 0.18218 0.74549
vt 0.71052 0.70739
vt 0.17020 0.50436
vt 0.92967 0.42265
vt 0.16321 0.50368
vt 0.14215 0.23081
vt 0.90497 0.13453
vt 0.72697 0.51055
vt 0.77393 0.08234
vt 0.70481 0.50530
vt 0.56787 0.38331
vt 0.02998 0.74900
vt 0.04181 0.75197
vt 0.05833 0.74786
vt 0.60399 0.37943
vt 0.63260 0.38733
vt 0.75045 0.32100
vt 0.91776 0.21495
vt 0.09471 0.74498
vt 0.62710 0.38873
vt 0.09465 0.73870
vt 0.62505 0.38733
vt 0.75045 0.32897
vt 0.45080 0.59577
vt 0.13397 0.73123
vt 0.14693 0.74611
vt 0.15907 0.75042
vt 0.63330 0.06153
vt 0.16095 0.74359
vt 0.26166 0.14933
vt 0.79187 0.82718
vt 0.65342 0.53550
vt 0.61272 0.45636
vt 0.19767 0.73234
vt 0.53662 0.53059
vt 0.77934 0.78922
vt 0.05024 0.47973
vt 0.92460 0.50524
vt 0.34106 0.03934
vt 0.46154 0.20099
vt 0.71031 0.71547
vt 0.32305 0.09941
vt 0.44482 0.03512
vt 0.70426 0.71382
vt 0.69195 0.51964
vt 0.78664 0.08545
vt 0.70171 0.50951
vt 0.92334 0.04865
vt 0.10948 0.94377
vt 0.78384 0.90152
vt 0.77569 0.21270
vt 0.68506 0.08809
vt 0.50868 0.59991
vt 0.64530 0.06384
vt 0.14896 0.74259
vt 0.18106 0.73993
vt 0.33283 0.04541
vt 0.23322 0.03476
vt 0.16176 0.03728
vt 0.45331 0.21253
vt 0.92474 0.50099
vt 0.98124 0.33576
vt 0.56471 0.53695
vt 0.73495 0.15579
vt 0.93597 0.47717
vt 0.71924 0.17044
vt 0.93622 0.46146
vt 0.99310 0.32065
vt 0.05428 0.56874
vt 0.70285 0.70018
vt 0.43115 0.06484
vt 0.16933 0.48774
vt 0.12499 0.22634
vt 0.16790 0.47770
vt 0.73969 0.51487
vt 0.90968 0.12451
vt 0.00480 0.03785
vt 0.82373 0.11206
vt 0.73030 0.51526
vt 0.58582 0.39066
vt 0.04793 0.74164
vt 0.98940 0.09992
vt 0.77781 0.92996
vt 0.11723 0.92703
vt 0.14278 0.73236
vt 0.26880 0.14901
vt 0.79155 0.82714
vt 0.78162 0.85366
vt 0.52513 0.59548
vt 0.10869 0.81993
vt 0.57985 0.06651
vt 0.05573 0.48743
vt 0.06344 0.50581
vt 0.22803 0.03323
vt 0.16329 0.03209
vt 0.45851 0.21099
vt 0.92993 0.49805
vt 0.74901 0.15878
vt 0.46367 0.18356
vt 0.93510 0.49123
vt 0.32087 0.10855
vt 0.05308 0.57921
vt 0.70644 0.72297
vt 0.32317 0.10063
vt 0.44795 0.03524
vt 0.70414 0.71504
vt 0.13560 0.22339
vt 0.17084 0.47830
vt 0.16097 0.21940
vt 0.69804 0.67273
vt 0.75290 0.36280
vt 0.76310 0.34292
vt 0.24034 0.53254
vt 0.49839 0.60258
vt 0.10983 0.85225
vt 0.55232 0.03955
vt 0.77252 0.20678
vt 0.68823 0.08217
vt 0.50328 0.59674
vt 0.02197 0.05844
vt 0.82910 0.08545
vt 0.57828 0.05889
vt 0.65562 0.03760
vt 0.62332 0.06767
vt 0.40207 0.09200
vt 0.35010 0.20047
vt 0.16668 0.74050
vt 0.82568 0.08306
vt 0.65220 0.03429
vt 0.62571 0.07108
vt 0.35351 0.19716
vt 0.16907 0.73709
vt 0.55197 0.53952
vt 0.77040 0.75577
vt 0.07485 0.57922
vt 0.12547 0.22422
vt 0.17001 0.47563
vt 0.84279 0.10799
vt 0.16729 0.21776
vt 0.74936 0.51934
vt 0.01210 0.04207
vt 0.83104 0.11865
vt 0.73761 0.50868
vt 0.74768 0.52271
vt 0.72057 0.52052
vt 0.17946 0.12158
vt 0.60365 0.39619
vt 0.11582 0.73528
vt 0.48798 0.60926
vt 0.76396 0.76758
vt 0.74679 0.17015
vt 0.46044 0.19494
vt 0.05581 0.58617
vt 0.70371 0.72771
vt 0.17485 0.11717
vt 0.59904 0.39547
vt 0.06115 0.73684
vt 0.08138 0.73582
vt 0.11224 0.86543
vt 0.49510 0.60419
vt 0.14571 0.74128
vt 0.55029 0.03748
vt 0.77454 0.20716
vt 0.68621 0.08255
vt 0.25830 0.13280
vt 0.75732 0.10107
vt 0.77534 0.84217
vt 0.78349 0.77927
vt 0.07183 0.51645
vt 0.95425 0.29415
vt 0.94715 0.50997
vt 0.93398 0.50569
vt 0.06656 0.58494
vt 0.69296 0.72616
vt 0.70207 0.71205
vt 0.44817 0.03662
vt 0.70276 0.71429
vt 0.66064 0.53474
vt 0.68253 0.64707
vt 0.24692 0.06787
vt 0.33057 0.09292
vt 0.63124 0.39776
vt 0.71723 0.08956
vt 0.08838 0.10010
vt 0.09335 0.73454
vt 0.76964 0.89817
vt 0.35889 0.14980
vt 0.12442 0.90422
vt 0.12066 0.85067
vt 0.08239 0.50299
vt 0.89795 0.04053
vt 0.46848 0.04053
vt 0.46785 0.20930
vt 0.93927 0.50159
vt 0.47110 0.18051
vt 0.94252 0.48172
vt 0.69195 0.69119
vt 0.43793 0.06104
vt 0.82568 0.03760
vt 0.60010 0.05420
vt 0.55320 0.05420
vt 0.17611 0.48482
vt 0.44314 0.06982
vt 0.59131 0.04641
vt 0.56199 0.04641
vt 0.66064 0.11458
vt 0.12282 0.04642
vt 0.13135 0.07178
vt 0.12511 0.21292
vt 0.18132 0.47702
vt 0.18550 0.49775
vt 0.94497 0.42791
vt 0.91650 0.07895
vt 0.70981 0.52378
vt 0.93369 0.05024
vt 0.78308 0.95704
vt 0.11196 0.95412
vt 0.38125 0.15576
vt 0.06299 0.10909
vt 0.76578 0.92951
vt 0.12925 0.92658
vt 0.09765 0.73009
vt 0.76678 0.33318
vt 0.23862 0.52280
vt 0.76724 0.36916
vt 0.24172 0.55878
vt 0.25453 0.05917
vt 0.10205 0.74215
vt 0.24268 0.06137
vt 0.33481 0.09326
vt 0.09985 0.73030
vt 0.45192 0.35751
vt 0.10878 0.72982
vt 0.11822 0.73221
vt 0.15177 0.73237
vt 0.50441 0.60220
vt 0.77830 0.84846
vt 0.63790 0.06689
vt 0.15635 0.74044
vt 0.59840 0.46338
vt 0.19064 0.72346
vt 0.67924 0.11632
vt 0.14371 0.21484
vt 0.16918 0.21263
vt 0.75188 0.52446
vt 0.77966 0.96461
vt 0.11538 0.96168
vt 0.77895 0.96432
vt 0.49744 0.05252
vt 0.41868 0.60956
vt 0.49290 0.48136
vt 0.76260 0.34794
vt 0.72444 0.20076
vt 0.24235 0.53756
vt 0.76999 0.37804
vt 0.52168 0.47661
vt 0.76083 0.86854
vt 0.52934 0.61060
vt 0.12381 0.81572
vt 0.65186 0.03531
vt 0.62177 0.07143
vt 0.36433 0.19288
vt 0.17561 0.72627
vt 0.63300 0.56000
vt 0.59229 0.44036
vt 0.91602 0.04053
vt 0.18967 0.49218
vt 0.15247 0.21413
vt 0.15573 0.21458
vt 0.77239 0.96831
vt 0.77032 0.97971
vt 0.12472 0.97678
vt 0.38623 0.05029
vt 0.38721 0.60528
vt 0.46143 0.48564
vt 0.39507 0.04527
vt 0.39605 0.60746
vt 0.47027 0.48346
vt 0.97217 0.09912
vt 0.34394 0.05615
vt 0.08066 0.10595
vt 0.12621 0.94426
vt 0.49080 0.05322
vt 0.41205 0.60958
vt 0.45890 0.61152
vt 0.77468 0.32461
vt 0.89354 0.21002
vt 0.22900 0.51423
vt 0.10775 0.72343
vt 0.08489 0.14990
vt 0.49552 0.60592
vt 0.13991 0.72643
vt 0.52780 0.60318
vt 0.11638 0.81726
vt 0.94153 0.30322
vt 0.07256 0.49501
vt 0.94692 0.51904
vt 0.90500 0.03484
vt 0.46143 0.03484
vt 0.47490 0.20542
vt 0.44497 0.08545
vt 0.94632 0.49590
vt 0.94707 0.46876
vt 0.60133 0.04853
vt 0.55197 0.04853
vt 0.67067 0.11670
vt 0.13514 0.21418
vt 0.95017 0.43298
vt 0.83193 0.03718
vt 0.55278 0.05403
vt 0.13203 0.04746
vt 0.13239 0.06257
vt 0.83012 0.03566
vt 0.60203 0.05240
vt 0.55127 0.05240
vt 0.72833 0.52402
vt 0.92011 0.09326
vt 0.70189 0.53810
vt 0.38696 0.04681
vt 0.46215 0.48332
vt 0.97234 0.10400
vt 0.34377 0.06104
vt 0.08049 0.11084
vt 0.76868 0.94701
vt 0.15967 0.11594
vt 0.58386 0.39844
vt 0.48682 0.05237
vt 0.40806 0.60961
vt 0.48228 0.48131
vt 0.43207 0.61501
vt 0.62541 0.40967
vt 0.10028 0.09322
vt 0.08752 0.72264
vt 0.90340 0.22959
vt 0.08007 0.73061
vt 0.45351 0.36497
vt 0.10995 0.72822
vt 0.61279 0.07568
vt 0.73096 0.08245
vt 0.15615 0.73249
vt 0.38623 0.09132
vt 0.36593 0.19979
vt 0.17425 0.72467
vt 0.38999 0.09521
vt 0.04935 0.03522
vt 0.36217 0.20369
vt 0.75703 0.80364
vt 0.63337 0.53903
vt 0.61751 0.55071
vt 0.94900 0.50540
vt 0.99200 0.34252
vt 0.07615 0.56368
vt 0.94679 0.45956
vt 0.69130 0.70643
vt 0.95275 0.43956
vt 0.67511 0.68650
vt 0.15051 0.20770
vt 0.74627 0.52491
vt 0.13345 0.25969
vt 0.49750 0.46883
vt 0.34697 0.09301
vt 0.72390 0.10596
vt 0.10002 0.71814
vt 0.07666 0.12827
vt 0.51557 0.62755
vt 0.89925 0.81571
vt 0.14075 0.82949
vt 0.08795 0.14656
vt 0.50109 0.60926
vt 0.51952 0.61873
vt 0.13194 0.82554
vt 0.76725 0.10084
vt 0.01904 0.04499
vt 0.77032 0.83225
vt 0.35884 0.19751
vt 0.88442 0.11906
vt 0.18834 0.72240
vt 0.75764 0.79278
vt 0.59402 0.54648
vt 0.43482 0.07712
vt 0.94778 0.50423
vt 0.90159 0.03940
vt 0.46484 0.03940
vt 0.48188 0.19590
vt 0.95330 0.47744
vt 0.68370 0.70390
vt 0.12256 0.05216
vt 0.12485 0.20718
vt 0.13503 0.06520
vt 0.13717 0.06883
vt 0.18714 0.48567
vt 0.59842 0.40646
vt 0.06053 0.72584
vt 0.77029 0.36381
vt 0.71675 0.19595
vt 0.89304 0.23062
vt 0.07905 0.72025
vt 0.46363 0.61336
vt 0.49584 0.62059
vt 0.48146 0.21924
vt 0.43115 0.08258
vt 0.95288 0.49878
vt 0.47745 0.20442
vt 0.94887 0.48762
vt 0.13274 0.05420
vt 0.13913 0.06186
vt 0.20264 0.06747
vt 0.13503 0.20514
vt 0.92916 0.13606
vt 0.13387 0.10653
vt 0.73065 0.54463
vt 0.90265 0.56641
vt 0.93129 0.08501
vt 0.70418 0.52985
vt 0.71262 0.53541
vt 0.76710 0.95535
vt 0.24603 0.51899
vt 0.77677 0.37549
vt 0.52191 0.46983
vt 0.10114 0.72200
vt 0.46839 0.62200
vt 0.13307 0.87701
vt 0.50140 0.62044
vt 0.91362 0.82988
vt 0.77331 0.09246
vt 0.02743 0.04541
vt 0.97396 0.04150
vt 0.77074 0.82619
vt 0.14644 0.72021
vt 0.99072 0.83315
vt 0.73622 0.08545
vt 0.05055 0.04053
vt 0.16706 0.72723
vt 0.98279 0.81254
vt 0.74500 0.07951
vt 0.16136 0.71844
vt 0.02172 0.03880
vt 0.96826 0.03472
vt 0.29834 0.05322
vt 0.76413 0.81941
vt 0.04932 0.04013
vt 0.75382 0.78611
vt 0.76355 0.77611
vt 0.47864 0.19248
vt 0.95006 0.48152
vt 0.07409 0.58643
vt 0.68543 0.72800
vt 0.14360 0.06553
vt 0.20631 0.07471
vt 0.91622 0.03664
vt 0.19357 0.48978
vt 0.86160 0.53833
vt 0.15539 0.20519
vt 0.75605 0.53190
vt 0.94567 0.14597
vt 0.74716 0.53472
vt 0.76662 0.98357
vt 0.12842 0.98064
vt 0.98359 0.09612
vt 0.38750 0.14962
vt 0.33252 0.05315
vt 0.12950 0.93284
vt 0.14040 0.93679
vt 0.70686 0.21531
vt 0.25689 0.54440
vt 0.24329 0.51566
vt 0.70947 0.10534
vt 0.10416 0.09502
vt 0.08559 0.71876
vt 0.75854 0.90962
vt 0.48536 0.61823
vt 0.13206 0.71719
vt 0.98444 0.84754
vt 0.13176 0.83854
vt 0.97589 0.03702
vt 0.76615 0.82171
vt 0.64715 0.54810
vt 0.60644 0.45170
vt 0.56049 0.56144
vt 0.74848 0.75544
vt 0.48321 0.21281
vt 0.95464 0.47145
vt 0.48750 0.09699
vt 0.38721 0.06718
vt 0.95921 0.46942
vt 0.68692 0.71651
vt 0.95842 0.44952
vt 0.67726 0.69416
vt 0.14475 0.20070
vt 0.76030 0.53640
vt 0.71453 0.55081
vt 0.14048 0.96657
vt 0.13905 0.26709
vt 0.42888 0.62108
vt 0.28276 0.52269
vt 0.08804 0.16746
vt 0.51461 0.62781
vt 0.90626 0.81667
vt 0.15523 0.71246
vt 0.98071 0.82436
vt 0.37296 0.19577
vt 0.18104 0.71764
vt 0.59115 0.54598
vt 0.07842 0.53768
vt 0.95442 0.49362
vt 0.96309 0.48135
vt 0.95449 0.46248
vt 0.21609 0.06746
vt 0.12158 0.20231
vt 0.85182 0.53108
vt 0.12641 0.20091
vt 0.77085 0.53618
vt 0.85665 0.52621
vt 0.73867 0.53670
vt 0.92827 0.15283
vt 0.72976 0.52786
vt 0.75540 0.99658
vt 0.13964 0.99366
vt 0.75453 0.93183
vt 0.75998 0.96242
vt 0.12158 0.26570
vt 0.41141 0.62015
vt 0.48563 0.47077
vt 0.17098 0.26593
vt 0.46081 0.62243
vt 0.84214 0.18128
vt 0.12339 0.72060
vt 0.98080 0.82215
vt 0.37157 0.20070
vt 0.18111 0.71903
vt 0.58159 0.55569
vt 0.94489 0.05420
vt 0.58303 0.56559
vt 0.09803 0.54581
vt 0.57541 0.55443
vt 0.08687 0.55342
vt 0.19606 0.50496
vt 0.95553 0.43299
vt 0.72550 0.54085
vt 0.91846 0.13646
vt 0.12648 0.10693
vt 0.71995 0.54423
vt 0.13923 0.97060
vt 0.88921 0.21959
vt 0.23858 0.51253
vt 0.78245 0.37092
vt 0.52064 0.46415
vt 0.70460 0.19233
vt 0.46821 0.37158
vt 0.85460 0.19385
vt 0.11093 0.71353
vt 0.13480 0.85493
vt 0.49407 0.63468
vt 0.08350 0.06689
vt 0.91715 0.83721
vt 0.75601 0.86259
vt 0.08795 0.52861
vt 0.96902 0.48798
vt 0.98121 0.35107
vt 0.57623 0.55226
vt 0.08470 0.55261
vt 0.35895 0.17169
vt 0.08753 0.57785
vt 0.67199 0.72609
vt 0.76349 0.54116
vt 0.87035 0.53357
vt 0.19582 0.50197
vt 0.95529 0.43090
vt 0.69385 0.03629
vt 0.67049 0.66896
vt 0.12474 0.26130
vt 0.48879 0.46991
vt 0.79425 0.10951
vt 0.14025 0.25279
vt 0.99152 0.20809
vt 0.50430 0.46146
vt 0.13952 0.90986
vt 0.83649 0.19150
vt 0.12905 0.71188
vt 0.48438 0.62500
vt 0.14662 0.71884
vt 0.98471 0.83298
vt 0.15643 0.71256
vt 0.97738 0.82317
vt 0.37433 0.20398
vt 0.18396 0.71627
vt 0.17642 0.70778
vt 0.37393 0.20158
vt 0.17991 0.71667
vt 0.37802 0.19768
vt 0.18435 0.71258
vt 0.26123 0.08625
vt 0.96049 0.49815
vt 0.08964 0.56510
vt 0.91260 0.03484
vt 0.19536 0.48722
vt 0.85797 0.53576
vt 0.21029 0.50585
vt 0.85743 0.55439
vt 0.88312 0.24463
vt 0.06503 0.71033
vt 0.59971 0.03496
vt 0.63900 0.04688
vt 0.16316 0.25864
vt 0.51569 0.45589
vt 0.69634 0.19728
vt 0.05225 0.09514
vt 0.09100 0.70872
vt 0.59912 0.03765
vt 0.17333 0.26134
vt 0.46315 0.62295
vt 0.47900 0.10986
vt 0.91516 0.86813
vt 0.14066 0.85615
vt 0.82549 0.19360
vt 0.14004 0.70626
vt 0.97445 0.83955
vt 0.30817 0.04929
vt 0.29834 0.03503
vt 0.75547 0.81548
vt 0.30170 0.05049
vt 0.30575 0.04150
vt 0.53760 0.05322
vt 0.74806 0.81668
vt 0.86738 0.12955
vt 0.58653 0.45602
vt 0.19801 0.71191
vt 0.93756 0.29087
vt 0.74231 0.77109
vt 0.58555 0.54826
vt 0.08070 0.54329
vt 0.08641 0.57635
vt 0.36300 0.16354
vt 0.67355 0.71795
vt 0.47119 0.09717
vt 0.97163 0.45310
vt 0.66770 0.69315
vt 0.20812 0.49640
vt 0.85868 0.54494
vt 0.74815 0.55182
vt 0.88172 0.54891
vt 0.69840 0.04346
vt 0.67016 0.66179
vt 0.74841 0.97373
vt 0.14663 0.97081
vt 0.74501 0.94088
vt 0.78760 0.10986
vt 0.51095 0.46403
vt 0.43799 0.13623
vt 0.18880 0.13330
vt 0.74624 0.91176
vt 0.14880 0.90884
vt 0.48691 0.63222
vt 0.60303 0.14782
vt 0.91908 0.84437
vt 0.92991 0.28966
vt 0.09261 0.50662
vt 0.58888 0.57010
vt 0.74636 0.77784
vt 0.93081 0.27716
vt 0.97841 0.49298
vt 0.90648 0.27675
vt 0.09701 0.53006
vt 0.87094 0.54934
vt 0.70660 0.55009
vt 0.90957 0.59047
vt 0.88510 0.23130
vt 0.25029 0.50930
vt 0.07836 0.71231
vt 0.60120 0.03955
vt 0.63751 0.04743
vt 0.37939 0.14209
vt 0.91326 0.87884
vt 0.47622 0.63266
vt 0.61372 0.14835
vt 0.38194 0.20864
vt 0.18846 0.70866
vt 0.63983 0.55685
vt 0.39914 0.07275
vt 0.96943 0.45749
vt 0.66584 0.71031
vt 0.11432 0.04381
vt 0.87571 0.55108
vt 0.11182 0.05322
vt 0.87321 0.55589
vt 0.11670 0.09303
vt 0.73334 0.55814
vt 0.88549 0.56373
vt 0.69392 0.03960
vt 0.60325 0.07080
vt 0.67132 0.66565
vt 0.69909 0.55435
vt 0.90656 0.59798
vt 0.93183 0.35107
vt 0.69536 0.22511
vt 0.26670 0.53813
vt 0.26850 0.50629
vt 0.06015 0.70879
vt 0.80548 0.10559
vt 0.49307 0.46002
vt 0.99110 0.22755
vt 0.48484 0.46104
vt 0.07132 0.70325
vt 0.51390 0.45243
vt 0.69288 0.19907
vt 0.43701 0.14315
vt 0.08657 0.70974
vt 0.62842 0.05420
vt 0.15585 0.25284
vt 0.38980 0.13300
vt 0.48116 0.06561
vt 0.46832 0.63256
vt 0.62162 0.14562
vt 0.85433 0.18704
vt 0.11120 0.71098
vt 0.83111 0.17888
vt 0.13442 0.70611
vt 0.15320 0.83744
vt 0.81592 0.19093
vt 0.97712 0.82998
vt 0.50097 0.63419
vt 0.91995 0.83031
vt 0.96382 0.82537
vt 0.51808 0.63396
vt 0.90412 0.81321
vt 0.50620 0.63303
vt 0.91167 0.82508
vt 0.77386 0.03560
vt 0.13990 0.81732
vt 0.76989 0.03760
vt 0.89893 0.80554
vt 0.14387 0.81931
vt 0.77379 0.03474
vt 0.13997 0.81645
vt 0.76709 0.03696
vt 0.47945 0.04774
vt 0.89980 0.80490
vt 0.14668 0.81868
vt 0.63614 0.56251
vt 0.59544 0.44350
vt 0.27063 0.09014
vt 0.96989 0.48969
vt 0.26411 0.10107
vt 0.96336 0.49161
vt 0.35889 0.17728
vt 0.09299 0.57791
vt 0.47790 0.09350
vt 0.96590 0.45981
vt 0.66808 0.68461
vt 0.66250 0.67175
vt 0.66676 0.55529
vt 0.66198 0.65408
vt 0.98653 0.23193
vt 0.48045 0.45647
vt 0.87061 0.23707
vt 0.07259 0.69782
vt 0.20561 0.14990
vt 0.10805 0.70681
vt 0.84391 0.17589
vt 0.12162 0.70169
vt 0.82463 0.19128
vt 0.97678 0.83869
vt 0.30506 0.03572
vt 0.54338 0.04356
vt 0.31299 0.03257
vt 0.52979 0.03515
vt 0.98291 0.03621
vt 0.74874 0.80701
vt 0.81299 0.09346
vt 0.73991 0.79060
vt 0.86182 0.14014
vt 0.58096 0.44625
vt 0.20778 0.70132
vt 0.50728 0.13980
vt 0.53271 0.42417
vt 0.67347 0.38690
vt 0.73267 0.76643
vt 0.38171 0.18349
vt 0.10866 0.55509
vt 0.21381 0.51306
vt 0.97328 0.43877
vt 0.20897 0.49391
vt 0.84596 0.54245
vt 0.59131 0.06114
vt 0.65938 0.66584
vt 0.29195 0.54455
vt 0.06618 0.15675
vt 0.30115 0.55142
vt 0.68725 0.32949
vt 0.29856 0.54102
vt 0.64791 0.10400
vt 0.27846 0.18490
vt 0.74011 0.96749
vt 0.15493 0.96457
vt 0.74200 0.98892
vt 0.15304 0.98599
vt 0.28783 0.54008
vt 0.07065 0.15890
vt 0.28383 0.54769
vt 0.06303 0.16373
vt 0.70457 0.33083
vt 0.98331 0.21018
vt 0.50221 0.45325
vt 0.15554 0.25203
vt 0.47992 0.06592
vt 0.98563 0.19280
vt 0.92447 0.88592
vt 0.21270 0.14105
vt 0.10839 0.69795
vt 0.61216 0.15576
vt 0.91114 0.85350
vt 0.03291 0.08838
vt 0.73457 0.88734
vt 0.16047 0.88442
vt 0.60704 0.15246
vt 0.91444 0.84838
vt 0.49803 0.63916
vt 0.92999 0.83326
vt 0.81713 0.18962
vt 0.97843 0.83119
vt 0.17483 0.70585
vt 0.98197 0.80477
vt 0.31741 0.03404
vt 0.53037 0.03662
vt 0.82882 0.10107
vt 0.74432 0.80643
vt 0.47900 0.15283
vt 0.64519 0.38218
vt 0.73738 0.77947
vt 0.97507 0.47462
vt 0.40044 0.07098
vt 0.97378 0.45619
vt 0.11084 0.04538
vt 0.87223 0.55633
vt 0.29815 0.52723
vt 0.03050 0.70529
vt 0.30615 0.54155
vt 0.30838 0.53715
vt 0.02027 0.70238
vt 0.05350 0.68941
vt 0.74433 0.92418
vt 0.15071 0.92125
vt 0.68463 0.21264
vt 0.41272 0.05322
vt 0.06027 0.09204
vt 0.09826 0.70069
vt 0.34814 0.03355
vt 0.20190 0.13981
vt 0.10950 0.69671
vt 0.49687 0.10475
vt 0.92027 0.86755
vt 0.46249 0.63244
vt 0.62745 0.15132
vt 0.48850 0.10943
vt 0.91559 0.86879
vt 0.12824 0.69468
vt 0.09566 0.06073
vt 0.75306 0.12402
vt 0.93861 0.12551
vt 0.92932 0.84199
vt 0.72962 0.86507
vt 0.47644 0.05713
vt 0.90591 0.81429
vt 0.53933 0.04946
vt 0.31638 0.03662
vt 0.74535 0.81292
vt 0.94377 0.04503
vt 0.89990 0.26331
vt 0.10221 0.53663
vt 0.65853 0.69517
vt 0.66349 0.69339
vt 0.65790 0.68824
vt 0.65721 0.67358
vt 0.59444 0.06462
vt 0.66250 0.66537
vt 0.68942 0.56104
vt 0.52393 0.09717
vt 0.72182 0.56194
vt 0.89003 0.57524
vt 0.63330 0.10310
vt 0.15055 0.97918
vt 0.69140 0.33493
vt 0.68018 0.22803
vt 0.26962 0.53852
vt 0.07220 0.17870
vt 0.94626 0.92056
vt 0.98051 0.20952
vt 0.50287 0.45045
vt 0.05805 0.09814
vt 0.09905 0.70292
vt 0.38801 0.12108
vt 0.46924 0.06441
vt 0.92187 0.88441
vt 0.02783 0.08267
vt 0.16039 0.88949
vt 0.82507 0.18162
vt 0.14046 0.69467
vt 0.98643 0.83913
vt 0.97100 0.82947
vt 0.94774 0.83212
vt 0.96029 0.82577
vt 0.96851 0.81010
vt 0.18135 0.69992
vt 0.97785 0.79824
vt 0.53329 0.03654
vt 0.82589 0.10100
vt 0.98821 0.03760
vt 0.74344 0.80350
vt 0.39290 0.21143
vt 0.19452 0.69771
vt 0.98861 0.03486
vt 0.74304 0.80288
vt 0.74363 0.77549
vt 0.94092 0.05277
vt 0.10052 0.54438
vt 0.37035 0.18142
vt 0.10377 0.56645
vt 0.22194 0.50784
vt 0.85977 0.55638
vt 0.69883 0.56800
vt 0.93577 0.33742
vt 0.33891 0.56112
vt 0.64949 0.32947
vt 0.67384 0.47314
vt 0.64498 0.34302
vt 0.66064 0.45960
vt 0.42432 0.09316
vt 0.87497 0.18259
vt 0.68723 0.46118
vt 0.43081 0.10107
vt 0.33878 0.54795
vt 0.68701 0.46910
vt 0.44001 0.09970
vt 0.38623 0.11377
vt 0.32958 0.55210
vt 0.87061 0.19829
vt 0.32021 0.55977
vt 0.66819 0.33694
vt 0.30988 0.54187
vt 0.30244 0.55697
vt 0.68596 0.33321
vt 0.97968 0.19208
vt 0.92883 0.88519
vt 0.97705 0.19335
vt 0.51904 0.44700
vt 0.68745 0.19393
vt 0.93026 0.88646
vt 0.17645 0.86775
vt 0.08927 0.06254
vt 0.92292 0.83969
vt 0.95853 0.84420
vt 0.73933 0.83438
vt 0.95645 0.81484
vt 0.74197 0.81914
vt 0.46924 0.05557
vt 0.36899 0.08095
vt 0.18018 0.24585
vt 0.90379 0.81273
vt 0.15689 0.82650
vt 0.39268 0.03486
vt 0.14615 0.09522
vt 0.18931 0.69268
vt 0.73562 0.80116
vt 0.61630 0.57617
vt 0.07373 0.03895
vt 0.57560 0.42630
vt 0.92390 0.28025
vt 0.10531 0.51263
vt 0.94075 0.26412
vt 0.98051 0.47994
vt 0.38281 0.16876
vt 0.65258 0.72316
vt 0.93235 0.25226
vt 0.98133 0.46808
vt 0.32047 0.54647
vt 0.40393 0.10246
vt 0.32523 0.53439
vt 0.88831 0.20264
vt 0.70683 0.26491
vt 0.00342 0.68816
vt 0.95038 0.97617
vt 0.65050 0.09517
vt 0.27588 0.17606
vt 0.15619 0.96198
vt 0.36257 0.05568
vt 0.05322 0.17789
vt 0.70497 0.34499
vt 0.92727 0.93437
vt 0.28057 0.51497
vt 0.04808 0.69811
vt 0.73138 0.94046
vt 0.16366 0.93754
vt 0.06947 0.69290
vt 0.68393 0.22015
vt 0.45701 0.15088
vt 0.08053 0.68974
vt 0.43701 0.13220
vt 0.18979 0.12927
vt 0.46029 0.13603
vt 0.16650 0.13310
vt 0.72700 0.93406
vt 0.16804 0.93114
vt 0.51726 0.45057
vt 0.69102 0.19571
vt 0.04326 0.08247
vt 0.73431 0.87699
vt 0.16073 0.87407
vt 0.92248 0.85816
vt 0.73357 0.12646
vt 0.91911 0.12307
vt 0.73193 0.12112
vt 0.91748 0.12842
vt 0.54211 0.22652
vt 0.92928 0.86312
vt 0.07627 0.06091
vt 0.80813 0.25830
vt 0.95443 0.84027
vt 0.93125 0.82271
vt 0.97420 0.79939
vt 0.96715 0.80564
vt 0.14111 0.09076
vt 0.18232 0.69772
vt 0.97479 0.79728
vt 0.73857 0.80042
vt 0.62499 0.57361
vt 0.08242 0.04150
vt 0.58429 0.43232
vt 0.48127 0.14883
vt 0.73539 0.77547
vt 0.93268 0.26494
vt 0.98594 0.48076
vt 0.23626 0.16432
vt 0.57845 0.57514
vt 0.53775 0.41804
vt 0.73478 0.76030
vt 0.91047 0.26461
vt 0.10622 0.52607
vt 0.85356 0.63589
vt 0.64695 0.69773
vt 0.52615 0.09712
vt 0.72187 0.56306
vt 0.88781 0.57520
vt 0.30933 0.53206
vt 0.01932 0.69508
vt 0.05971 0.17594
vt 0.68254 0.21517
vt 0.40674 0.05113
vt 0.91778 0.07178
vt 0.93309 0.90770
vt 0.09964 0.69019
vt 0.97046 0.87995
vt 0.06812 0.09636
vt 0.35201 0.03760
vt 0.20282 0.13594
vt 0.10546 0.69285
vt 0.12177 0.68254
vt 0.98693 0.85783
vt 0.73465 0.87299
vt 0.06396 0.06431
vt 0.56429 0.22876
vt 0.05159 0.23649
vt 0.94212 0.84095
vt 0.20638 0.24886
vt 0.93000 0.80971
vt 0.14257 0.09993
vt 0.96562 0.79171
vt 0.64307 0.38161
vt 0.73795 0.78416
vt 0.10583 0.53668
vt 0.22016 0.50655
vt 0.00342 0.05516
vt 0.68275 0.05614
vt 0.51615 0.10986
vt 0.97963 0.43990
vt 0.85450 0.55510
vt 0.86593 0.55688
vt 0.99121 0.11682
vt 0.87323 0.56409
vt 0.88714 0.19550
vt 0.40188 0.10827
vt 0.32675 0.53645
vt 0.31411 0.56299
vt 0.67429 0.33929
vt 0.69376 0.34593
vt 0.16664 0.08643
vt 0.52648 0.23264
vt 0.93189 0.87875
vt 0.93241 0.88119
vt 0.79573 0.25788
vt 0.95566 0.85267
vt 0.80030 0.25470
vt 0.73383 0.85019
vt 0.19821 0.23980
vt 0.10427 0.30133
vt 0.16911 0.83255
vt 0.41816 0.17220
vt 0.17626 0.69120
vt 0.95930 0.80334
vt 0.26814 0.17809
vt 0.21410 0.69177
vt 0.56975 0.43568
vt 0.71051 0.38534
vt 0.21834 0.69214
vt 0.60546 0.58447
vt 0.56475 0.41686
vt 0.41162 0.11377
vt 0.24508 0.18385
vt 0.64930 0.71232
vt 0.50623 0.10552
vt 0.98353 0.44424
vt 0.88059 0.63916
vt 0.65135 0.67070
vt 0.67694 0.56322
vt 0.65405 0.64517
vt 0.64307 0.35966
vt 0.67652 0.44295
vt 0.66774 0.34796
vt 0.92029 0.97160
vt 0.29751 0.18994
vt 0.73207 0.98654
vt 0.03377 0.68278
vt 0.96858 0.94582
vt 0.73117 0.95658
vt 0.16387 0.95365
vt 0.68143 0.21097
vt 0.41716 0.05002
vt 0.91357 0.06135
vt 0.36045 0.04834
vt 0.17041 0.03434
vt 0.94351 0.90350
vt 0.46349 0.14611
vt 0.07574 0.68326
vt 0.46051 0.15063
vt 0.08527 0.68623
vt 0.97949 0.89432
vt 0.17720 0.03254
vt 0.94531 0.90113
vt 0.15967 0.08088
vt 0.77940 0.25800
vt 0.93744 0.86900
vt 0.10676 0.69539
vt 0.96198 0.87283
vt 0.77102 0.24876
vt 0.10222 0.68762
vt 0.96127 0.87738
vt 0.21002 0.13145
vt 0.10088 0.68835
vt 0.98664 0.87871
vt 0.77575 0.25361
vt 0.94598 0.87264
vt 0.10823 0.69348
vt 0.96476 0.87136
vt 0.10684 0.69112
vt 0.97124 0.87275
vt 0.78971 0.25301
vt 0.95796 0.85868
vt 0.55974 0.24074
vt 0.04705 0.24463
vt 0.35400 0.08493
vt 0.18162 0.23086
vt 0.16087 0.84149
vt 0.95108 0.81268
vt 0.84229 0.04216
vt 0.72962 0.80497
vt 0.73446 0.80006
vt 0.62284 0.57584
vt 0.08027 0.03927
vt 0.91565 0.26560
vt 0.11024 0.52088
vt 0.39984 0.05765
vt 0.23692 0.18136
vt 0.39304 0.18604
vt 0.11259 0.54376
vt 0.64692 0.74044
vt 0.97217 0.11180
vt 0.75244 0.07268
vt 0.50379 0.03760
vt 0.47981 0.03918
vt 0.85419 0.57113
vt 0.88605 0.62545
vt 0.65087 0.66524
vt 0.88928 0.58544
vt 0.91455 0.34195
vt 0.89181 0.18312
vt 0.70406 0.45772
vt 0.36360 0.12350
vt 0.72158 0.95578
vt 0.17346 0.95286
vt 0.37244 0.12865
vt 0.73043 0.96092
vt 0.16461 0.95800
vt 0.06414 0.68072
vt 0.73047 0.91676
vt 0.16457 0.91384
vt 0.72775 0.89689
vt 0.16729 0.89397
vt 0.35430 0.03428
vt 0.19913 0.13366
vt 0.10878 0.69056
vt 0.97576 0.87082
vt 0.79707 0.24979
vt 0.06998 0.07178
vt 0.05166 0.23048
vt 0.80752 0.24743
vt 0.93803 0.81299
vt 0.72250 0.86246
vt 0.39000 0.03760
vt 0.14883 0.09795
vt 0.38623 0.03360
vt 0.15260 0.09396
vt 0.18962 0.68623
vt 0.19596 0.68791
vt 0.82833 0.42805
vt 0.26298 0.16924
vt 0.21926 0.68227
vt 0.75244 0.43041
vt 0.64423 0.38982
vt 0.72974 0.77939
vt 0.12190 0.52304
vt 0.38818 0.05982
vt 0.80952 0.59327
vt 0.24037 0.18352
vt 0.37912 0.17964
vt 0.98778 0.47198
vt 0.50439 0.09422
vt 0.98772 0.45554
vt 0.83885 0.56685
vt 0.01479 0.06006
vt 0.67139 0.06104
vt 0.51125 0.09850
vt 0.84313 0.55999
vt 0.00655 0.05308
vt 0.67963 0.05406
vt 0.01094 0.05313
vt 0.67523 0.05410
vt 0.98728 0.11768
vt 0.86930 0.56743
vt 0.53986 0.09406
vt 0.87409 0.57213
vt 0.88719 0.58463
vt 0.64757 0.64814
vt 0.92519 0.33157
vt 0.68077 0.57625
vt 0.64101 0.63497
vt 0.91185 0.18206
vt 0.73037 0.26090
vt 0.72410 0.46042
vt 0.89730 0.19122
vt 0.71581 0.26366
vt 0.30683 0.18954
vt 0.72587 0.99586
vt 0.16917 0.99294
vt 0.63818 0.03529
vt 0.56396 0.03760
vt 0.01875 0.68230
vt 0.95707 0.96084
vt 0.68334 0.35234
vt 0.06814 0.18994
vt 0.94220 0.92696
vt 0.92581 0.07073
vt 0.35107 0.04527
vt 0.93414 0.91573
vt 0.17423 0.07234
vt 0.51611 0.24022
vt 0.00342 0.23263
vt 0.75928 0.24344
vt 0.19873 0.13186
vt 0.97536 0.87288
vt 0.54499 0.23419
vt 0.03229 0.24799
vt 0.35743 0.09229
vt 0.16823 0.83807
vt 0.22061 0.25668
vt 0.94423 0.80189
vt 0.15178 0.10693
vt 0.18467 0.68704
vt 0.95862 0.79493
vt 0.15107 0.09219
vt 0.18535 0.68776
vt 0.15125 0.10098
vt 0.18666 0.68758
vt 0.20151 0.68432
vt 0.72724 0.78209
vt 0.72718 0.79547
vt 0.70414 0.39347
vt 0.22348 0.68401
vt 0.55273 0.42669
vt 0.69348 0.39154
vt 0.57135 0.42429
vt 0.18115 0.06711
vt 0.25251 0.17725
vt 0.39831 0.06006
vt 0.41676 0.10606
vt 0.23737 0.18376
vt 0.64457 0.71713
vt 0.87549 0.59747
vt 0.65759 0.07444
vt 0.68430 0.57126
vt 0.70071 0.45099
vt 0.31048 0.18685
vt 0.16646 0.99658
vt 0.72573 0.97969
vt 0.16931 0.97677
vt 0.35107 0.05777
vt 0.69347 0.35076
vt 0.72593 0.90363
vt 0.16911 0.90070
vt 0.20685 0.12705
vt 0.98347 0.87694
vt 0.20189 0.12712
vt 0.97852 0.87894
vt 0.81455 0.08643
vt 0.98382 0.86536
vt 0.72826 0.88787
vt 0.16678 0.88495
vt 0.77976 0.24693
vt 0.52784 0.23955
vt 0.09639 0.31673
vt 0.17401 0.84043
vt 0.21188 0.23697
vt 0.67920 0.18019
vt 0.10144 0.28767
vt 0.72795 0.79754
vt 0.77140 0.40945
vt 0.66319 0.39860
vt 0.67360 0.39777
vt 0.19340 0.06787
vt 0.98687 0.50076
vt 0.54972 0.12815
vt 0.25626 0.16501
vt 0.11681 0.54509
vt 0.64271 0.73605
vt 0.84690 0.62554
vt 0.87626 0.27994
vt 0.64101 0.70439
vt 0.86320 0.59519
vt 0.87170 0.57630
vt 0.70775 0.44746
vt 0.73498 0.26238
vt 0.72872 0.45894
vt 0.67857 0.35717
vt 0.92699 0.96078
vt 0.16927 0.96794
vt 0.35122 0.06006
vt 0.69361 0.35243
vt 0.92290 0.94573
vt 0.35590 0.04553
vt 0.93897 0.91536
vt 0.17609 0.03760
vt 0.94026 0.91087
vt 0.96464 0.92598
vt 0.88135 0.04736
vt 0.94971 0.90330
vt 0.08306 0.68006
vt 0.97213 0.89653
vt 0.03032 0.22748
vt 0.78618 0.24156
vt 0.03538 0.22987
vt 0.79124 0.24009
vt 0.72229 0.89283
vt 0.80420 0.07941
vt 0.97574 0.85834
vt 0.81812 0.07384
vt 0.97281 0.85277
vt 0.04405 0.23090
vt 0.79991 0.24347
vt 0.22446 0.25186
vt 0.69409 0.18019
vt 0.22992 0.25928
vt 0.70150 0.18506
vt 0.42220 0.17711
vt 0.95354 0.79930
vt 0.18772 0.67734
vt 0.13532 0.37354
vt 0.22105 0.68226
vt 0.19313 0.05932
vt 0.39697 0.12842
vt 0.55078 0.12842
vt 0.79470 0.57502
vt 0.25519 0.16527
vt 0.99400 0.50582
vt 0.40310 0.12374
vt 0.54466 0.12374
vt 0.78857 0.57035
vt 0.11814 0.53569
vt 0.80275 0.60591
vt 0.64137 0.74854
vt 0.99566 0.47320
vt 0.82120 0.56815
vt 0.99325 0.49325
vt 0.80114 0.56866
vt 0.88549 0.60699
vt 0.86917 0.60945
vt 0.65392 0.08643
vt 0.89155 0.61535
vt 0.63985 0.65974
vt 0.89281 0.59857
vt 0.91809 0.32806
vt 0.92771 0.32818
vt 0.90158 0.19837
vt 0.72010 0.27360
vt 0.64436 0.03760
vt 0.57014 0.03529
vt 0.64351 0.03599
vt 0.56929 0.03689
vt 0.72897 0.94449
vt 0.16607 0.94157
vt 0.89101 0.04562
vt 0.95305 0.89363
vt 0.72504 0.89819
vt 0.17000 0.89527
vt 0.17328 0.88423
vt 0.10703 0.30374
vt 0.97833 0.27181
vt 0.10777 0.32311
vt 0.71683 0.83197
vt 0.83353 0.13330
vt 0.12379 0.31868
vt 0.96339 0.28857
vt 0.72062 0.81595
vt 0.84537 0.12957
vt 0.84577 0.03918
vt 0.72613 0.80411
vt 0.82373 0.12578
vt 0.11399 0.31116
vt 0.97091 0.27877
vt 0.72236 0.82575
vt 0.19016 0.67737
vt 0.85043 0.04639
vt 0.94037 0.03760
vt 0.72147 0.80287
vt 0.81988 0.43604
vt 0.21127 0.67467
vt 0.26750 0.18275
vt 0.21474 0.68372
vt 0.25736 0.19873
vt 0.69062 0.40057
vt 0.22488 0.67691
vt 0.76280 0.41785
vt 0.65459 0.39746
vt 0.41466 0.09672
vt 0.22803 0.18134
vt 0.85536 0.61923
vt 0.76520 0.07275
vt 0.86695 0.58242
vt 0.75928 0.17432
vt 0.62559 0.62804
vt 0.71880 0.44626
vt 0.74622 0.27925
vt 0.73996 0.44207
vt 0.64494 0.37451
vt 0.68894 0.42810
vt 0.93876 0.99440
vt 0.65732 0.35265
vt 0.91933 0.98202
vt 0.70740 0.27378
vt 0.69678 0.27553
vt 0.94033 0.96426
vt 0.94384 0.95461
vt 0.69039 0.36169
vt 0.93357 0.94895
vt 0.34814 0.14209
vt 0.18891 0.97144
vt 0.04978 0.67328
vt 0.97430 0.92981
vt 0.88582 0.04516
vt 0.95139 0.89883
vt 0.71641 0.92144
vt 0.96133 0.89971
vt 0.00672 0.22596
vt 0.76258 0.23683
vt 0.70978 0.17253
vt 0.43047 0.18964
vt 0.66736 0.40090
vt 0.70752 0.08216
vt 0.80830 0.60572
vt 0.71966 0.13232
vt 0.63743 0.74299
vt 0.75788 0.04062
vt 0.13135 0.28126
vt 0.75635 0.03881
vt 0.71811 0.08252
vt 0.36963 0.05959
vt 0.81890 0.59808
vt 0.13927 0.27944
vt 0.75950 0.04639
vt 0.72127 0.08161
vt 0.25342 0.04310
vt 0.30109 0.06175
vt 0.14018 0.28703
vt 0.26188 0.04541
vt 0.13787 0.28456
vt 0.14427 0.28426
vt 0.84370 0.58741
vt 0.85390 0.61760
vt 0.85581 0.61073
vt 0.75700 0.06925
vt 0.50835 0.03417
vt 0.47638 0.03462
vt 0.85875 0.57326
vt 0.63826 0.65132
vt 0.68994 0.58447
vt 0.95247 0.32095
vt 0.63279 0.62409
vt 0.71803 0.28414
vt 0.67202 0.35602
vt 0.02252 0.67824
vt 0.95933 0.95708
vt 0.71627 0.97149
vt 0.17877 0.96857
vt 0.70971 0.95836
vt 0.96362 0.90212
vt 0.18856 0.93603
vt 0.53091 0.24951
vt 0.01822 0.24951
vt 0.71478 0.88337
vt 0.68787 0.17867
vt 0.46353 0.10102
vt 0.11011 0.28063
vt 0.72091 0.79901
vt 0.63525 0.17630
vt 0.71250 0.78275
vt 0.79414 0.59239
vt 0.81493 0.42082
vt 0.25575 0.18264
vt 0.41797 0.12106
vt 0.52979 0.12106
vt 0.76812 0.42486
vt 0.64170 0.16713
vt 0.72166 0.77384
vt 0.79954 0.59943
vt 0.80789 0.41543
vt 0.25036 0.18968
vt 0.69968 0.40458
vt 0.80667 0.60032
vt 0.62646 0.72665
vt 0.85187 0.59520
vt 0.85717 0.58586
vt 0.50244 0.03386
vt 0.47607 0.04053
vt 0.87208 0.60265
vt 0.64307 0.07962
vt 0.89102 0.61252
vt 0.63979 0.66027
vt 0.75176 0.28020
vt 0.74550 0.44112
vt 0.73641 0.27982
vt 0.73015 0.44150
vt 0.65976 0.36393
vt 0.93280 0.97958
vt 0.70056 0.28424
vt 0.94412 0.97294
vt 0.67282 0.36042
vt 0.92880 0.96652
vt 0.66572 0.35674
vt 0.92254 0.97362
vt 0.68406 0.35864
vt 0.92899 0.95528
vt 0.02989 0.23582
vt 0.09146 0.32276
vt 0.71640 0.84829
vt 0.10706 0.30988
vt 0.97219 0.27184
vt 0.11188 0.28723
vt 0.99484 0.27666
vt 0.33447 0.30441
vt 0.96143 0.28087
vt 0.59131 0.30127
vt 0.16399 0.38105
vt 0.71521 0.82366
vt 0.96958 0.26976
vt 0.15288 0.38082
vt 0.39990 0.18842
vt 0.15800 0.67497
vt 0.94352 0.03302
vt 0.08118 0.37100
vt 0.71689 0.80747
vt 0.93799 0.03552
vt 0.71940 0.80569
vt 0.20654 0.67050
vt 0.81110 0.41855
vt 0.25348 0.18646
vt 0.77540 0.41199
vt 0.66719 0.40360
vt 0.70536 0.12345
vt 0.62855 0.73651
vt 0.71222 0.07847
vt 0.30610 0.07080
vt 0.72473 0.12863
vt 0.23682 0.05225
vt 0.37776 0.05779
vt 0.13747 0.27545
vt 0.38095 0.06006
vt 0.83021 0.59304
vt 0.13974 0.27441
vt 0.85295 0.29215
vt 0.61770 0.69557
vt 0.84805 0.59267
vt 0.89175 0.61311
vt 0.91703 0.32279
vt 0.63463 0.65954
vt 0.95617 0.94484
vt 0.94791 0.93975
vt 0.08838 0.07383
vt 0.19528 0.08192
vt 0.70178 0.96865
vt 0.19326 0.96573
vt 0.02187 0.23690
vt 0.70827 0.86233
vt 0.97716 0.25260
vt 0.13572 0.39154
vt 0.45845 0.09324
vt 0.62061 0.08740
vt 0.11789 0.28393
vt 0.33885 0.29840
vt 0.17931 0.66284
vt 0.13463 0.35903
vt 0.80434 0.41178
vt 0.69613 0.40576
vt 0.25371 0.03892
vt 0.29346 0.06146
vt 0.24616 0.05121
vt 0.45643 0.05646
vt 0.14436 0.29466
vt 0.14706 0.29434
vt 0.84701 0.60000
vt 0.87075 0.25440
vt 0.92090 0.32436
vt 0.63620 0.65567
vt 0.92306 0.32219
vt 0.63404 0.65351
vt 0.92273 0.31830
vt 0.63015 0.65384
vt 0.93631 0.31685
vt 0.79236 0.17144
vt 0.63600 0.59495
vt 0.67855 0.58446
vt 0.63281 0.60686
vt 0.97357 0.32291
vt 0.78432 0.16324
vt 0.63476 0.60300
vt 0.93634 0.98096
vt 0.70653 0.93570
vt 0.70460 0.91681
vt 0.19185 0.89423
vt 0.41980 0.20049
vt 0.60154 0.25281
vt 0.40463 0.19147
vt 0.16273 0.67192
vt 0.68782 0.16290
vt 0.44775 0.10107
vt 0.63130 0.08347
vt 0.95278 0.17402
vt 0.17609 0.66873
vt 0.14083 0.36493
vt 0.79444 0.42082
vt 0.66802 0.17551
vt 0.22649 0.67120
vt 0.49838 0.30177
vt 0.14727 0.28661
vt 0.72182 0.44119
vt 0.73615 0.28586
vt 0.72989 0.43546
vt 0.87374 0.49339
vt 0.33335 0.18503
vt 0.87039 0.49219
vt 0.86583 0.49978
vt 0.00904 0.23314
vt 0.76490 0.22929
vt 0.99368 0.25519
vt 0.34744 0.32588
vt 0.60656 0.29845
vt 0.69996 0.81654
vt 0.71208 0.16507
vt 0.43278 0.19710
vt 0.21260 0.66445
vt 0.52075 0.31566
vt 0.61359 0.70796
vt 0.70062 0.43098
vt 0.32089 0.18604
vt 0.88285 0.49230
vt 0.51105 0.16025
vt 0.86554 0.50782
vt 0.49072 0.16002
vt 0.31787 0.17907
vt 0.88587 0.50698
vt 0.34619 0.53237
vt 0.71436 0.29316
vt 0.94932 0.18273
vt 0.85428 0.14096
vt 0.35451 0.31494
vt 0.59379 0.29420
vt 0.17017 0.38353
vt 0.07861 0.35565
vt 0.70154 0.80909
vt 0.20557 0.66368
vt 0.52276 0.32269
vt 0.65967 0.18700
vt 0.49003 0.30544
vt 0.63697 0.18093
vt 0.70787 0.78424
vt 0.71214 0.12153
vt 0.24041 0.04515
vt 0.45068 0.05642
vt 0.83939 0.60406
vt 0.15429 0.28543
vt 0.84991 0.61326
vt 0.85189 0.26766
vt 0.16042 0.29463
vt 0.85120 0.28013
vt 0.71346 0.43235
vt 0.87451 0.08731
vt 0.74315 0.29345
vt 0.73688 0.42787
vt 0.88941 0.08740
vt 0.73828 0.29354
vt 0.06787 0.32861
vt 0.69873 0.87187
vt 0.19631 0.86895
vt 0.09310 0.32777
vt 0.71051 0.84664
vt 0.14564 0.39945
vt 0.63533 0.08694
vt 0.94932 0.16964
vt 0.35357 0.30186
vt 0.20462 0.66471
vt 0.19126 0.65685
vt 0.70765 0.78745
vt 0.08242 0.34901
vt 0.46533 0.33609
vt 0.69490 0.80413
vt 0.70361 0.11285
vt 0.46205 0.06494
vt 0.15911 0.30314
vt 0.61795 0.72332
vt 0.10117 0.12061
vt 0.15587 0.29965
vt 0.72845 0.42691
vt 0.32004 0.16725
vt 0.34836 0.51098
vt 0.33428 0.17560
vt 0.34701 0.17898
vt 0.85673 0.49548
vt 0.69730 0.28795
vt 0.94086 0.97835
vt 0.69017 0.97089
vt 0.69967 0.90567
vt 0.69181 0.88012
vt 0.20323 0.87720
vt 0.18316 0.66038
vt 0.08076 0.36159
vt 0.70748 0.80761
vt 0.66731 0.18810
vt 0.49767 0.30728
vt 0.95411 0.31073
vt 0.62257 0.62246
vt 0.50646 0.17432
vt 0.36193 0.53239
vt 0.85782 0.50064
vt 0.34739 0.18075
vt 0.85636 0.49976
vt 0.69718 0.92504
vt 0.19786 0.92211
vt 0.98332 0.24215
vt 0.40308 0.20719
vt 0.16118 0.65620
vt 0.69648 0.15303
vt 0.94933 0.16535
vt 0.61019 0.26408
vt 0.71050 0.16234
vt 0.43120 0.19982
vt 0.60087 0.26353
vt 0.64446 0.18396
vt 0.47482 0.31382
vt 0.70484 0.78186
vt 0.21380 0.66390
vt 0.51231 0.31445
vt 0.67153 0.19174
vt 0.50189 0.31096
vt 0.88165 0.08474
vt 0.74288 0.29088
vt 0.52312 0.16721
vt 0.85347 0.50855
vt 0.37859 0.53395
vt 0.10023 0.08545
vt 0.81201 0.06461
vt 0.70137 0.98050
vt 0.19367 0.97758
vt 0.10251 0.07919
vt 0.81827 0.06689
vt 0.18115 0.08545
vt 0.18973 0.97986
vt 0.19521 0.94563
vt 0.98653 0.23954
vt 0.23128 0.15545
vt 0.37874 0.04416
vt 0.15967 0.10889
vt 0.11182 0.17757
vt 0.99219 0.23900
vt 0.23694 0.15674
vt 0.35501 0.34208
vt 0.18419 0.65491
vt 0.13522 0.35111
vt 0.20379 0.66379
vt 0.52213 0.32446
vt 0.72985 0.29943
vt 0.72359 0.42189
vt 0.71077 0.30164
vt 0.95432 0.98669
vt 0.35204 0.17134
vt 0.46160 0.08545
vt 0.85170 0.49145
vt 0.19583 0.97618
vt 0.81799 0.05590
vt 0.19214 0.07539
vt 0.69525 0.97180
vt 0.35870 0.33085
vt 0.13334 0.39922
vt 0.97147 0.24601
vt 0.12913 0.39993
vt 0.92334 0.16268
vt 0.60448 0.29007
vt 0.16930 0.39423
vt 0.41411 0.21143
vt 0.61248 0.25031
vt 0.17221 0.65197
vt 0.13244 0.35515
vt 0.16616 0.31275
vt 0.61090 0.71880
vt 0.70923 0.41288
vt 0.95905 0.99651
vt 0.80777 0.50871
vt 0.20317 0.93224
vt 0.50960 0.04536
vt 0.67598 0.96347
vt 0.21906 0.96055
vt 0.91943 0.17488
vt 0.15710 0.39931
vt 0.61074 0.27505
vt 0.43434 0.10810
vt 0.19265 0.65371
vt 0.10577 0.34990
vt 0.20480 0.65197
vt 0.51273 0.32346
vt 0.65781 0.18608
vt 0.48817 0.30980
vt 0.09033 0.11557
vt 0.16090 0.30242
vt 0.68531 0.94196
vt 0.20973 0.93903
vt 0.68886 0.88824
vt 0.20618 0.88531
vt 0.97742 0.24152
vt 0.22217 0.14948
vt 0.36963 0.05014
vt 0.79964 0.06329
vt 0.11380 0.18668
vt 0.12464 0.40279
vt 0.98246 0.24060
vt 0.22721 0.14932
vt 0.37467 0.05029
vt 0.80468 0.06236
vt 0.57784 0.11774
vt 0.11288 0.18165
vt 0.12372 0.40294
vt 0.13607 0.40201
vt 0.92585 0.17290
vt 0.93333 0.16057
vt 0.60971 0.28008
vt 0.61315 0.29309
vt 0.69337 0.81701
vt 0.62011 0.26131
vt 0.17420 0.64434
vt 0.70266 0.80733
vt 0.09324 0.35410
vt 0.69999 0.80298
vt 0.42529 0.10917
vt 0.76025 0.10880
vt 0.09672 0.35342
vt 0.69931 0.80471
vt 0.66328 0.19482
vt 0.49363 0.31145
vt 0.10889 0.10753
vt 0.16895 0.30858
vt 0.73064 0.30849
vt 0.72438 0.41283
vt 0.93065 0.04020
vt 0.72429 0.31105
vt 0.96785 0.98877
vt 0.33527 0.16242
vt 0.36359 0.51744
vt 0.45264 0.11085
vt 0.68830 0.97920
vt 0.20674 0.97627
vt 0.24215 0.14873
vt 0.58622 0.14528
vt 0.22472 0.14386
vt 0.86377 0.05201
vt 0.56878 0.14307
vt 0.11734 0.40840
vt 0.25072 0.14681
vt 0.59479 0.15576
vt 0.36494 0.33415
vt 0.13385 0.40307
vt 0.36360 0.31975
vt 0.47692 0.33035
vt 0.49460 0.31807
vt 0.83055 0.29834
vt 0.59530 0.69044
vt 0.81006 0.04834
vt 0.35126 0.15841
vt 0.45264 0.07253
vt 0.37958 0.52580
vt 0.61788 0.26435
vt 0.44503 0.12451
vt 0.77999 0.11947
vt 0.62487 0.28161
vt 0.76274 0.12646
vt 0.68165 0.81952
vt 0.18792 0.64254
vt 0.12620 0.33873
vt 0.50911 0.34033
vt 0.10426 0.33918
vt 0.10626 0.34581
vt 0.19598 0.64736
vt 0.50559 0.33228
vt 0.49200 0.31702
vt 0.83464 0.28409
vt 0.32228 0.16359
vt 0.35060 0.52252
vt 0.36088 0.52595
vt 0.72289 0.41414
vt 0.97271 0.99658
vt 0.92334 0.04150
vt 0.85304 0.51014
vt 0.37902 0.53553
vt 0.80470 0.51904
vt 0.42737 0.54443
vt 0.68807 0.93210
vt 0.20697 0.92917
vt 0.80138 0.51667
vt 0.20610 0.92586
vt 0.77783 0.51221
vt 0.21185 0.90231
vt 0.37644 0.32238
vt 0.69817 0.06104
vt 0.66552 0.14908
vt 0.13331 0.16434
vt 0.36854 0.32004
vt 0.14415 0.40906
vt 0.37323 0.31314
vt 0.66136 0.13983
vt 0.15106 0.41375
vt 0.92182 0.18799
vt 0.83920 0.16846
vt 0.13315 0.19300
vt 0.14399 0.41010
vt 0.45637 0.07600
vt 0.37955 0.52207
vt 0.20528 0.97699
vt 0.21050 0.92728
vt 0.67718 0.93701
vt 0.21786 0.93409
vt 0.22254 0.14442
vt 0.17070 0.09630
vt 0.13524 0.40784
vt 0.79248 0.06689
vt 0.11741 0.19385
vt 0.12825 0.40798
vt 0.84268 0.14484
vt 0.15001 0.16938
vt 0.36610 0.30334
vt 0.93207 0.17970
vt 0.84338 0.15820
vt 0.09456 0.33862
vt 0.47747 0.33697
vt 0.83421 0.28091
vt 0.17810 0.30788
vt 0.50439 0.05310
vt 0.68119 0.96243
vt 0.68333 0.90317
vt 0.44384 0.47579
vt 0.68133 0.91140
vt 0.59599 0.14886
vt 0.36735 0.34106
vt 0.38287 0.33306
vt 0.57230 0.18250
vt 0.17682 0.09399
vt 0.56401 0.12354
vt 0.12671 0.18744
vt 0.13755 0.41395
vt 0.13960 0.17028
vt 0.37439 0.31375
vt 0.17231 0.31309
vt 0.60475 0.70523
vt 0.45576 0.11420
vt 0.68518 0.98169
vt 0.41596 0.53044
vt 0.21568 0.94058
vt 0.11310 0.33581
vt 0.49601 0.33547
vt 0.73491 0.31396
vt 0.97847 0.99514
vt 0.92478 0.03472
vt 0.46351 0.11865
vt 0.67743 0.98359
vt 0.87021 0.05713
vt 0.57032 0.13795
vt 0.11223 0.41484
vt 0.87447 0.04782
vt 0.36362 0.03662
vt 0.22048 0.05142
vt 0.12154 0.41910
vt 0.59374 0.13982
vt 0.37178 0.35010
vt 0.56899 0.17141
vt 0.86034 0.34912
vt 0.55811 0.11177
vt 0.13262 0.17568
vt 0.14346 0.41380
vt 0.83740 0.15923
vt 0.14382 0.18378
vt 0.10577 0.33615
vt 0.48868 0.33609
vt 0.41797 0.52926
vt 0.21313 0.93857
vt 0.21937 0.89947
vt 0.43214 0.47003
vt 0.68219 0.89969
vt 0.21285 0.89677
vt 0.14292 0.18211
vt 0.67796 0.07296
vt 0.40094 0.42594
vt 0.22900 0.43639
vt 0.67763 0.07970
vt 0.82470 0.40186
vt 0.22933 0.44313
vt 0.38791 0.41812
vt 0.24203 0.43745
vt 0.46430 0.10876
vt 0.21840 0.98078
vt 0.43823 0.54244
vt 0.67633 0.92123
vt 0.21870 0.91831
vt 0.59174 0.13062
vt 0.85834 0.34845
vt 0.85976 0.34361
vt 0.18468 0.32178
vt 0.59238 0.69521
vt 0.82754 0.29040
vt 0.18477 0.31737
vt 0.81307 0.04040
vt 0.66455 0.08643
vt 0.37121 0.24123
vt 0.81391 0.38878
vt 0.38753 0.43659
vt 0.82727 0.38899
vt 0.24220 0.44858
vt 0.66783 0.97475
vt 0.22721 0.97182
vt 0.51327 0.05322
vt 0.67231 0.96422
vt 0.67941 0.93962
vt 0.21563 0.93670
vt 0.41238 0.47816
vt 0.67658 0.87993
vt 0.67747 0.90001
vt 0.56787 0.13717
vt 0.11145 0.42177
vt 0.83447 0.33964
vt 0.57564 0.17293
vt 0.86699 0.34760
vt 0.34619 0.07053
vt 0.57974 0.17568
vt 0.34019 0.24170
vt 0.87109 0.34485
vt 0.36433 0.03289
vt 0.37605 0.03662
vt 0.36182 0.03557
vt 0.37354 0.03394
vt 0.10319 0.05322
vt 0.21943 0.05322
vt 0.12544 0.41805
vt 0.36647 0.03538
vt 0.37819 0.03413
vt 0.10338 0.04857
vt 0.21924 0.04857
vt 0.63525 0.15046
vt 0.14042 0.41925
vt 0.66645 0.95390
vt 0.22344 0.88223
vt 0.41938 0.47242
vt 0.21990 0.88401
vt 0.10040 0.42282
vt 0.84147 0.33859
vt 0.32200 0.23926
vt 0.88412 0.34241
vt 0.35933 0.06792
vt 0.58235 0.18882
vt 0.34323 0.22856
vt 0.68375 0.28319
vt 0.09326 0.04905
vt 0.22936 0.04905
vt 0.63711 0.15772
vt 0.54053 0.18710
vt 0.13316 0.42798
vt 0.13129 0.42128
vt 0.38657 0.32566
vt 0.66010 0.15235
vt 0.66609 0.96629
vt 0.22894 0.96337
vt 0.54227 0.11377
vt 0.66870 0.89505
vt 0.52534 0.10795
vt 0.66937 0.91198
vt 0.22567 0.90906
vt 0.66892 0.87055
vt 0.37931 0.32117
vt 0.69261 0.05817
vt 0.38642 0.32488
vt 0.68994 0.05106
vt 0.65730 0.15157
vt 0.64240 0.14341
vt 0.14748 0.42382
vt 0.42734 0.83947
vt 0.42508 0.83252
vt 0.39627 0.84135
vt 0.39402 0.83064
vt 0.42036 0.85162
vt 0.41810 0.82036
vt 0.44578 0.84389
vt 0.44352 0.82810
vt 0.46901 0.84535
vt 0.46675 0.82664
vt 0.37569 0.07275
vt 0.47404 0.85107
vt 0.47179 0.82091
vt 0.82461 0.29462
vt 0.18770 0.32159
vt 0.58936 0.69293
vt 0.38100 0.43695
vt 0.66878 0.96814
vt 0.22626 0.96522
vt 0.45455 0.53984
vt 0.53241 0.10595
vt 0.67084 0.90492
vt 0.22420 0.90199
vt 0.32464 0.23137
vt 0.87615 0.33452
vt 0.88015 0.33347
vt 0.39940 0.47320
vt 0.21781 0.86403
vt 0.31902 0.23155
vt 0.89218 0.33470
vt 0.10456 0.42847
vt 0.66871 0.32033
vt 0.95264 0.14600
vt 0.33731 0.22863
vt 0.88196 0.33178
vt 0.35141 0.07373
vt 0.34165 0.23648
vt 0.39096 0.81370
vt 0.36670 0.06931
vt 0.48303 0.84767
vt 0.48078 0.82432
vt 0.37965 0.06761
vt 0.46783 0.81974
vt 0.47194 0.11083
vt 0.66899 0.98959
vt 0.22604 0.98667
vt 0.66186 0.92893
vt 0.23318 0.92601
vt 0.38645 0.48415
vt 0.66929 0.85400
vt 0.35327 0.49850
vt 0.37051 0.85287
vt 0.36825 0.81911
vt 0.36065 0.84715
vt 0.35839 0.82484
vt 0.34619 0.48710
vt 0.37533 0.81781
vt 0.39216 0.85677
vt 0.82178 0.29657
vt 0.81883 0.04657
vt 0.51637 0.84677
vt 0.51412 0.82522
vt 0.48930 0.82312
vt 0.38034 0.42459
vt 0.24960 0.43730
vt 0.65576 0.94364
vt 0.23928 0.94071
vt 0.65525 0.93788
vt 0.23979 0.93496
vt 0.52393 0.10427
vt 0.23294 0.91047
vt 0.39226 0.33297
vt 0.65307 0.15967
vt 0.55649 0.19189
vt 0.41844 0.85182
vt 0.41619 0.82017
vt 0.48304 0.81746
vt 0.52323 0.85646
vt 0.52098 0.81553
vt 0.51313 0.86096
vt 0.51088 0.81103
vt 0.52661 0.85336
vt 0.52436 0.81863
vt 0.54275 0.84969
vt 0.54049 0.82230
vt 0.82413 0.38100
vt 0.58469 0.85444
vt 0.58244 0.81754
vt 0.37944 0.24545
vt 0.38332 0.43836
vt 0.32108 0.21295
vt 0.87486 0.31610
vt 0.85602 0.05404
vt 0.57178 0.21762
vt 0.65603 0.86537
vt 0.23901 0.86244
vt 0.54246 0.19532
vt 0.12202 0.43620
vt 0.57062 0.19784
vt 0.68946 0.29492
vt 0.36071 0.48011
vt 0.60888 0.21937
vt 0.23701 0.82534
vt 0.36081 0.81036
vt 0.52318 0.85344
vt 0.52092 0.81854
vt 0.54213 0.82110
vt 0.56317 0.85042
vt 0.56091 0.82157
vt 0.84717 0.07272
vt 0.01682 0.07175
vt 0.36751 0.25089
vt 0.81569 0.37912
vt 0.58276 0.85632
vt 0.58050 0.81567
vt 0.58102 0.21143
vt 0.23255 0.85320
vt 0.54362 0.19417
vt 0.13651 0.43505
vt 0.37742 0.48420
vt 0.85560 0.06854
vt 0.00839 0.06757
vt 0.06954 0.13703
vt 0.57433 0.85689
vt 0.57207 0.81510
vt 0.82756 0.37697
vt 0.25422 0.44818
vt 0.37929 0.25144
vt 0.37732 0.44051
vt 0.54683 0.19517
vt 0.12725 0.43605
vt 0.55803 0.20459
vt 0.68767 0.30751
vt 0.36839 0.49345
vt 0.60120 0.23270
vt 0.65971 0.83594
vt 0.36462 0.48759
vt 0.35691 0.81548
vt 0.55970 0.65216
vt 0.39637 0.86070
vt 0.42748 0.86038
vt 0.38047 0.24999
vt 0.37878 0.43797
vt 0.65840 0.96973
vt 0.23664 0.96681
vt 0.66243 0.90071
vt 0.23261 0.89779
vt 0.09326 0.44807
vt 0.84496 0.31334
vt 0.65741 0.31193
vt 0.10528 0.43967
vt 0.96385 0.14127
vt 0.11519 0.43809
vt 0.67934 0.32178
vt 0.59036 0.22945
vt 0.65979 0.84678
vt 0.38191 0.50342
vt 0.58769 0.24268
vt 0.34187 0.85786
vt 0.37037 0.49375
vt 0.59922 0.23301
vt 0.61869 0.22409
vt 0.37063 0.80637
vt 0.54909 0.64668
vt 0.40699 0.86646
vt 0.40682 0.80479
vt 0.43953 0.81127
vt 0.07664 0.41324
vt 0.53050 0.80372
vt 0.36610 0.26941
vt 0.80174 0.36060
vt 0.37227 0.43384
vt 0.65729 0.91552
vt 0.64473 0.91376
vt 0.25031 0.91084
vt 0.52821 0.07600
vt 0.84825 0.31840
vt 0.33274 0.21725
vt 0.33593 0.21218
vt 0.67644 0.28542
vt 0.68098 0.29388
vt 0.60816 0.24044
vt 0.36235 0.86127
vt 0.36010 0.81071
vt 0.51778 0.65059
vt 0.43829 0.87238
vt 0.50647 0.86379
vt 0.52389 0.86648
vt 0.55475 0.86482
vt 0.86057 0.07568
vt 0.00342 0.07471
vt 0.06456 0.14418
vt 0.56935 0.86338
vt 0.65281 0.96544
vt 0.24223 0.96252
vt 0.69415 0.09618
vt 0.93311 0.06385
vt 0.54962 0.07457
vt 0.24065 0.11278
vt 0.69764 0.10521
vt 0.51416 0.07935
vt 0.98193 0.06787
vt 0.85994 0.32175
vt 0.63773 0.29695
vt 0.70208 0.09678
vt 0.93737 0.07178
vt 0.63330 0.28853
vt 0.52157 0.08643
vt 0.85838 0.32883
vt 0.85021 0.31809
vt 0.64188 0.30669
vt 0.66618 0.31812
vt 0.97300 0.14378
vt 0.68088 0.31514
vt 0.54523 0.20041
vt 0.11734 0.44129
vt 0.68149 0.32031
vt 0.68515 0.30381
vt 0.56228 0.20271
vt 0.68854 0.30326
vt 0.49037 0.80665
vt 0.68506 0.10596
vt 0.52674 0.07420
vt 0.99452 0.06272
vt 0.23152 0.12256
vt 0.85919 0.31660
vt 0.65032 0.29770
vt 0.59882 0.22921
vt 0.35076 0.80383
vt 0.04346 0.14990
vt 0.72314 0.03794
vt 0.04443 0.07027
vt 0.54825 0.87604
vt 0.54599 0.79594
vt 0.05117 0.14246
vt 0.05214 0.06078
vt 0.55370 0.80543
vt 0.35626 0.44133
vt 0.98372 0.06127
vt 0.63952 0.29656
vt 0.33379 0.86485
vt 0.33154 0.80714
vt 0.59111 0.23087
vt 0.34304 0.80268
vt 0.52170 0.65346
vt 0.43438 0.86805
vt 0.54105 0.65024
vt 0.41503 0.86513
vt 0.62930 0.93652
vt 0.26574 0.93359
vt 0.94563 0.06194
vt 0.50040 0.08643
vt 0.54770 0.07386
vt 0.30263 0.21005
vt 0.64314 0.28720
vt 0.85312 0.05921
vt 0.50439 0.66187
vt 0.45168 0.87528
vt 0.42481 0.79507
vt 0.05727 0.14057
vt 0.55981 0.79827
vt 0.50470 0.07835
vt 0.29833 0.21479
vt 0.50665 0.08228
vt 0.29639 0.21249
vt 0.63690 0.28306
vt 0.65898 0.29765
vt 0.49268 0.07404
vt 0.31036 0.20965
vt 0.31556 0.19702
vt 0.65607 0.27754
vt 0.53564 0.07568
vt 0.22021 0.11389
vt 0.86786 0.30530
vt 0.65520 0.28903
vt 0.84521 0.06104
vt 0.10203 0.44620
vt 0.66618 0.31062
vt 0.10424 0.44873
vt 0.66840 0.31507
vt 0.97290 0.14073
vt 0.67150 0.30015
vt 0.97687 0.12581
vt 0.61812 0.22705
vt 0.37005 0.79974
vt 0.40554 0.86900
vt 0.53008 0.64974
vt 0.42600 0.87026
vt 0.41539 0.65497
vt 0.54068 0.88885
vt 0.36091 0.43376
vt 0.26903 0.44598
vt 0.24910 0.96201
vt 0.67062 0.29425
vt 0.33900 0.87213
vt 0.33674 0.79986
vt 0.34365 0.87492
vt 0.34139 0.79706
vt 0.37951 0.87817
vt 0.05003 0.41377
vt 0.50390 0.79490
vt 0.53098 0.79852
vt 0.25610 0.92719
vt 0.25125 0.92196
vt 0.66880 0.31322
vt 0.97668 0.13888
vt 0.74450 0.14065
vt 0.36114 0.88342
vt 0.35888 0.78857
vt 0.49210 0.65711
vt 0.46397 0.87301
vt 0.48435 0.65399
vt 0.47173 0.87597
vt 0.72893 0.04053
vt 0.54341 0.79357
vt 0.25370 0.91534
vt 0.65192 0.28431
vt 0.38687 0.79298
vt 0.09887 0.46142
vt 0.46126 0.88500
vt 0.81499 0.35611
vt 0.27508 0.45369
vt 0.35123 0.43815
vt 0.27871 0.44842
vt 0.10303 0.06689
vt 0.63758 0.96553
vt 0.25746 0.96260
vt 0.25751 0.95437
vt 0.32237 0.87775
vt 0.32011 0.79424
vt 0.32190 0.78943
vt 0.34247 0.87768
vt 0.34021 0.79431
vt 0.37808 0.88750
vt 0.37583 0.78449
vt 0.43298 0.78446
vt 0.46183 0.65328
vt 0.49424 0.88401
vt 0.43506 0.65749
vt 0.02663 0.07471
vt 0.52101 0.88763
vt 0.73050 0.03520
vt 0.04717 0.07157
vt 0.54873 0.79465
vt 0.05676 0.07178
vt 0.55832 0.79444
vt 0.35831 0.88303
vt 0.35606 0.78896
vt 0.09326 0.45689
vt 0.45565 0.88505
vt 0.00342 0.41748
vt 0.45729 0.77977
vt 0.05772 0.41710
vt 0.51159 0.79743
vt 0.62663 0.95707
vt 0.26841 0.95414
vt 0.32547 0.06787
vt 0.71924 0.14893
vt 0.33588 0.89113
vt 0.33362 0.78086
vt 0.11335 0.46512
vt 0.47574 0.88551
vt 0.36692 0.28421
vt 0.34456 0.45476
vt 0.62946 0.94820
vt 0.26558 0.94528
vt 0.37371 0.78652
vt 0.38226 0.78472
vt 0.42098 0.78599
vt 0.45331 0.66411
vt 0.50277 0.88359
vt 0.55229 0.78815
vt 0.02224 0.11308
vt 0.27901 0.47981
vt 0.55650 0.88326
vt 0.55425 0.78873
vt 0.55325 0.88209
vt 0.10680 0.06039
vt 0.26123 0.96874
vt 0.30841 0.89256
vt 0.30615 0.77943
vt 0.42722 0.90194
vt 0.26290 0.93836
vt 0.31299 0.06759
vt 0.32340 0.88974
vt 0.32114 0.78225
vt 0.72478 0.13950
vt 0.33916 0.78225
vt 0.40629 0.77475
vt 0.42918 0.78440
vt 0.43393 0.66846
vt 0.52215 0.88913
vt 0.01129 0.11322
vt 0.54965 0.77777
vt 0.55199 0.78405
vt 0.33664 0.44740
vt 0.29330 0.45052
vt 0.34536 0.44037
vt 0.28458 0.45041
vt 0.62067 0.96178
vt 0.27437 0.95886
vt 0.32468 0.06016
vt 0.33284 0.78128
vt 0.47976 0.76615
vt 0.40479 0.66702
vt 0.28964 0.48503
vt 0.55129 0.89388
vt 0.79968 0.34118
vt 0.29001 0.46610
vt 0.57021 0.89426
vt 0.80549 0.33966
vt 0.29153 0.45579
vt 0.62243 0.97795
vt 0.27261 0.97503
vt 0.61780 0.96508
vt 0.27724 0.96216
vt 0.62241 0.93600
vt 0.27263 0.93308
vt 0.00342 0.18448
vt 0.26402 0.92061
vt 0.62316 0.92181
vt 0.27188 0.91888
vt 0.42502 0.65498
vt 0.03667 0.06702
vt 0.16866 0.45583
vt 0.53105 0.89532
vt 0.72900 0.06149
vt 0.53099 0.76759
vt 0.11529 0.06383
vt 0.26973 0.96730
vt 0.35822 0.89863
vt 0.35597 0.77335
vt 0.47129 0.91174
vt 0.51058 0.76792
vt 0.02393 0.06817
vt 0.15592 0.45981
vt 0.51831 0.89416
vt 0.36084 0.29150
vt 0.79053 0.33851
vt 0.33726 0.45997
vt 0.57609 0.89693
vt 0.36691 0.89571
vt 0.13310 0.46027
vt 0.14128 0.45991
vt 0.50367 0.89483
vt 0.15509 0.46689
vt 0.51748 0.89756
vt 0.56886 0.90051
vt 0.37910 0.90356
vt 0.39813 0.90552
vt 0.48087 0.91443
vt 0.17539 0.46770
vt 0.73354 0.07178
vt 0.29982 0.49854
vt 0.53778 0.90406
vt 0.53552 0.76792
vt 0.00342 0.11670
vt 0.74154 0.06120
vt 0.29784 0.49054
vt 0.54352 0.76990
vt 0.16417 0.46826
vt 0.52656 0.89895
vt 0.29722 0.47246
vt 0.43596 0.76733
vt 0.52321 0.76137
vt 0.29749 0.46674
vt 0.33032 0.44844
vt 0.29962 0.44708
vt 0.33456 0.46129
vt 0.58922 0.89963
vt 0.61582 0.98943
vt 0.27922 0.98651
vt 0.34360 0.89829
vt 0.34135 0.77370
vt 0.35179 0.75327
vt 0.34125 0.90821
vt 0.33900 0.76378
vt 0.42101 0.75687
vt 0.46045 0.24180
vt 0.56477 0.90924
vt 0.30825 0.47061
vt 0.46371 0.22740
vt 0.56571 0.91250
vt 0.57812 0.91003
vt 0.58126 0.90469
vt 0.29893 0.45244
vt 0.49508 0.04195
vt 0.60400 0.92774
vt 0.03043 0.18896
vt 0.29104 0.92482
vt 0.02634 0.18475
vt 0.28695 0.92679
vt 0.32463 0.46240
vt 0.26910 0.12354
vt 0.00342 0.20211
vt 0.66915 0.20251
vt 0.58790 0.90956
vt 0.79736 0.03803
vt 0.18860 0.03760
vt 0.96488 0.10942
vt 0.32523 0.90548
vt 0.32297 0.76651
vt 0.80163 0.03351
vt 0.18408 0.03333
vt 0.32949 0.91000
vt 0.32724 0.76199
vt 0.80309 0.03955
vt 0.19012 0.03187
vt 0.51857 0.92061
vt 0.32275 0.44773
vt 0.27023 0.10886
vt 0.30719 0.44954
vt 0.48682 0.03905
vt 0.27783 0.11621
vt 0.24929 0.27476
vt 0.33355 0.91603
vt 0.95071 0.11865
vt 0.93548 0.10018
vt 0.35345 0.11572
vt 0.31106 0.91813
vt 0.30880 0.75385
vt 0.52269 0.75269
vt 0.75021 0.10655
vt 0.54291 0.91012
vt 0.54065 0.76187
vt 0.30595 0.45590
vt 0.48805 0.04541
vt 0.25049 0.11400
vt 0.29757 0.12354
vt 0.02203 0.19666
vt 0.26903 0.27990
vt 0.94580 0.11280
vt 0.30615 0.91418
vt 0.33317 0.75727
vt 0.42669 0.75006
vt 0.51721 0.93364
vt 0.51496 0.73835
vt 0.46413 0.23670
vt 0.55897 0.91292
vt 0.31389 0.45512
vt 0.24371 0.27831
vt 0.03063 0.18560
vt 0.29123 0.92712
vt 0.51416 0.13018
vt 0.89697 0.08217
vt 0.34150 0.92512
vt 0.73677 0.23560
vt 0.37559 0.74198
vt 0.49568 0.73914
vt 0.24126 0.28977
vt 0.10871 0.25836
vt 0.57874 0.92144
vt 0.28719 0.11041
vt 0.25865 0.27708
vt 0.04611 0.21826
vt 0.62646 0.20242
vt 0.29311 0.28934
vt 0.03855 0.18796
vt 0.29916 0.93122
vt 0.38702 0.91708
vt 0.43335 0.93121
vt 0.79248 0.05518
vt 0.53043 0.93827
vt 0.52818 0.73371
vt 0.74436 0.10574
vt 0.53868 0.75602
vt 0.46659 0.23881
vt 0.56396 0.91538
vt 0.31206 0.46286
vt 0.46752 0.22651
vt 0.11385 0.24465
vt 0.25050 0.28798
vt 0.58798 0.91795
vt 0.93285 0.11095
vt 0.35082 0.10495
vt 0.30843 0.92891
vt 0.30617 0.74308
vt 0.70749 0.23868
vt 0.34631 0.74504
vt 0.73659 0.24042
vt 0.37766 0.92704
vt 0.73979 0.23885
vt 0.38086 0.93399
vt 0.37861 0.73800
vt 0.42099 0.73773
vt 0.52263 0.93592
vt 0.52038 0.73607
vt 0.73193 0.11377
vt 0.80237 0.04906
vt 0.53655 0.92839
vt 0.53429 0.74360
vt 0.65626 0.20557
vt 0.26331 0.29248
vt 0.47399 0.91968
vt 0.46255 0.74450
vt 0.56660 0.93486
vt 0.72759 0.24617
vt 0.36866 0.92629
vt 0.49411 0.24616
vt 0.55405 0.72909
vt 0.31559 0.46007
vt 0.23877 0.27963
vt 0.11031 0.24822
vt 0.26142 0.28542
vt 0.66000 0.20522
vt 0.25957 0.29214
vt 0.59705 0.92317
vt 0.91748 0.11143
vt 0.33545 0.10447
vt 0.97119 0.05353
vt 0.51603 0.15283
vt 0.31885 0.93282
vt 0.31659 0.73917
vt 0.71292 0.24815
vt 0.35399 0.92657
vt 0.38312 0.93190
vt 0.38087 0.74009
vt 0.27376 0.28570
vt 0.52283 0.13127
vt 0.69933 0.24049
vt 0.89769 0.07350
vt 0.33815 0.74614
vt 0.47923 0.23040
vt 0.10213 0.24854
vt 0.56809 0.74396
vt 0.92737 0.11331
vt 0.98108 0.05420
vt 0.41417 0.73576
vt 0.92404 0.11572
vt 0.34201 0.10018
vt 0.97775 0.04899
vt 0.69475 0.24478
vt 0.90297 0.07779
vt 0.33453 0.93395
vt 0.70148 0.24733
vt 0.34255 0.93582
vt 0.39402 0.94749
vt 0.06848 0.26654
vt 0.69092 0.25342
vt 0.90665 0.08643
vt 0.33199 0.93480
vt 0.38908 0.93604
vt 0.38683 0.73595
vt 0.44335 0.94228
vt 0.48646 0.73252
vt 0.52463 0.06613
vt 0.53192 0.94692
vt 0.52967 0.72507
vt 0.79375 0.04643
vt 0.53692 0.73498
vt 0.42252 0.72933
vt 0.44220 0.72679
vt 0.08534 0.26591
vt 0.57185 0.94482
vt 0.37980 0.95671
vt 0.37483 0.94027
vt 0.37258 0.73171
vt 0.39123 0.72420
vt 0.33954 0.65612
vt 0.48828 0.95042
vt 0.42185 0.94865
vt 0.38591 0.65641
vt 0.53239 0.71058
vt 0.36982 0.72169
vt 0.41102 0.72276
vt 0.51221 0.06009
vt 0.54435 0.94675
vt 0.54209 0.72523
vt 0.50925 0.25244
vt 0.55109 0.95804
vt 0.54884 0.71394
vt 0.36488 0.94196
vt 0.36262 0.73002
vt 0.38002 0.95968
vt 0.37777 0.71231
vt 0.35770 0.94277
vt 0.35544 0.72921
vt 0.35393 0.94531
vt 0.35167 0.72668
vt 0.35908 0.94620
vt 0.35682 0.72578
vt 0.34123 0.64928
vt 0.48771 0.71969
vt 0.53551 0.71535
vt 0.51403 0.06689
vt 0.54252 0.94648
vt 0.29631 0.66085
vt 0.44505 0.95966
vt 0.06299 0.26147
vt 0.55433 0.70482
vt 0.35240 0.95421
vt 0.35014 0.71778
vt 0.39390 0.95559
vt 0.46145 0.71967
vt 0.18925 0.05225
vt 0.54864 0.95796
vt 0.54639 0.71403
vt 0.55527 0.96376
vt 0.40682 0.95667
vt 0.40456 0.71532
vt 0.28525 0.64929
vt 0.43173 0.71078
vt 0.31299 0.65204
vt 0.45948 0.71725
vt 0.35855 0.96200
vt 0.19018 0.04534
vt 0.39792 0.66097
vt 0.54665 0.96486
vt 0.54440 0.70713
vt 0.06332 0.27295
vt 0.56692 0.96683
vt 0.56467 0.70515
vt 0.28371 0.65975
vt 0.43245 0.96609
vt 0.33104 0.65978
vt 0.47978 0.95839
vt 0.34150 0.65918
vt 0.49024 0.96164
vt 0.36818 0.65984
vt 0.51692 0.96267
vt 0.34348 0.95618
vt 0.34122 0.71581
vt 0.37359 0.96010
vt 0.37133 0.71189
vt 0.35866 0.96576
vt 0.35641 0.70623
vt 0.40230 0.70747
vt 0.36739 0.65383
vt 0.51388 0.71148
vt 0.34231 0.96344
vt 0.34005 0.70855
vt 0.39960 0.96150
vt 0.39734 0.71049
vt 0.27410 0.66178
vt 0.42284 0.96749
vt 0.32980 0.95934
vt 0.32754 0.71264
vt 0.18432 0.04536
vt 0.54443 0.96485
vt 0.18115 0.04514
vt 0.54614 0.96506
vt 0.54388 0.70692
vt 0.25357 0.65972
vt 0.40005 0.69753
vt 0.90157 0.14603
vt 0.55759 0.97226
vt 0.55533 0.69972
vt 0.54875 0.97154
vt 0.54649 0.70045
vt 0.25764 0.66546
vt 0.40638 0.97317
vt 0.38782 0.97170
vt 0.38556 0.70028
vt 0.90192 0.17432
vt 0.55794 0.97303
vt 0.91123 0.15781
vt 0.56725 0.97378
vt 0.56499 0.69821
vt 0.43510 0.03463
vt 0.89018 0.03517
vt 0.23683 0.66584
vt 0.38332 0.69652
vt 0.55055 0.69816
vt 0.43311 0.03660
vt 0.88821 0.03318
vt 0.23486 0.66846
vt 0.38360 0.97347
vt 0.38135 0.69852
vt 0.90691 0.15911
vt 0.56293 0.97212
vt 0.43752 0.03955
vt 0.88525 0.03760
vt 0.90088 0.16818
vt 0.55690 0.97486
vt 0.54148 0.97852
vt 0.53923 0.69346
vt 0.55336 0.69270
vt 0.56481 0.98517
vt 0.56255 0.68682
vt 0.54930 0.99390
vt 0.54942 0.99658
vt 0.54716 0.67540
vn -0.7063 0.2490 -0.6627
vn -0.7063 0.2490 -0.6627
vn -0.7063 0.2490 -0.6627
vn -0.2725 -0.5602 0.7822
vn -0.2746 -0.5557 0.7847
vn -0.2746 -0.5557 0.7847
vn -0.2432 -0.5933 0.7674
vn -0.2432 -0.5933 0.7674
vn -0.7886 -0.3873 -0.4776
vn -0.7886 -0.3873 -0.4776
vn -0.6973 0.3436 0.6291
vn -0.6973 0.3436 0.6291
vn -0.8210 0.5077 0.2614
vn -0.8210 0.5077 0.2614
vn -0.0000 0.0000 0.0000
vn -0.0000 0.0000 0.0000
vn -0.8758 -0.0485 -0.4802
vn -0.3661 0.3023 0.8801
vn -0.3661 0.3023 0.8801
vn -0.3661 0.3023 0.8801
vn -0.8371 -0.5307 0.1328
vn -0.4960 -0.8622 -0.1034
vn -0.4960 -0.8622 -0.1034
vn -0.5095 -0.6502 0.5637
vn -0.5095 -0.6502 0.5637
vn -0.5095 -0.6502 0.5637
vn -0.5095 -0.6502 0.5637
vn -0.7882 0.4753 -0.3909
vn -0.2888 0.9018 0.3214
vn -0.2888 0.9018 0.3214
vn -0.9059 0.4174 0.0719
vn -0.9059 0.4174 0.0719
vn 0.0629 0.2452 -0.9674
vn 0.0629 0.2452 -0.9674
vn 0.0629 0.2452 -0.9674
vn -0.4788 0.2147 -0.8512
vn -0.4788 0.2147 -0.8512
vn -0.7682 -0.1552 0.6211
vn -0.7682 -0.1552 0.6211
vn -0.7132 0.2877 0.6392
vn -0.7132 0.2877 0.6392
vn -0.7132 0.2877 0.6392
vn -0.8438 -0.5231 -0.1199
vn -0.8438 -0.5231 -0.1199
vn -0.8334 -0.4986 0.2383
vn 0.5901 0.3357 0.7342
vn 0.5901 0.3357 0.7342
vn -0.6394 0.7370 0.2191
vn -0.6394 0.7370 0.2191
vn -0.6928 0.3137 0.6494
vn -0.6928 0.3137 0.6494
vn -0.9139 -0.1804 -0.3635
vn -0.9139 -0.1804 -0.3635
vn -0.9013 -0.0563 -0.4296
vn -0.9013 -0.0563 -0.4296
vn -0.6775 0.7302 0.0876
vn -0.6775 0.7302 0.0876
vn -0.2840 0.8394 -0.4634
vn -0.2840 0.8394 -0.4634
vn -0.7113 -0.3610 -0.6031
vn -0.7113 -0.3610 -0.6031
vn -0.5240 -0.8516 0.0132
vn -0.8327 0.3780 0.4046
vn -0.8327 0.3780 0.4046
vn -0.5320 -0.7893 0.3066
vn -0.5320 -0.7893 0.3066
vn -0.3491 0.7554 0.5545
vn -0.3491 0.7554 0.5545
vn 0.3517 -0.7804 -0.5170
vn 0.3517 -0.7804 -0.5170
vn -0.4233 -0.8989 0.1133
vn -0.4233 -0.8989 0.1133
vn -0.5402 0.0023 -0.8415
vn -0.5402 0.0023 -0.8415
vn -0.1850 -0.3038 -0.9346
vn -0.1850 -0.3038 -0.9346
vn -0.1850 -0.3038 -0.9346
vn -0.1850 -0.3038 -0.9346
vn -0.5173 0.4078 0.7524
vn -0.5173 0.4078 0.7524
vn -0.5173 0.4078 0.7524
vn -0.1287 -0.8749 -0.4670
vn -0.1287 -0.8749 -0.4670
vn -0.3169 0.1778 0.9316
vn -0.4008 -0.3762 0.8354
vn -0.4008 -0.3762 0.8354
vn -0.4008 -0.3762 0.8354
vn -0.4777 0.8721 -0.1064
vn -0.4777 0.8721 -0.1064
vn -0.4777 0.8721 -0.1064
vn -0.4998 0.8566 0.1281
vn -0.2708 0.1329 -0.9534
vn -0.2708 0.1329 -0.9534
vn -0.2708 0.1329 -0.9534
vn -0.5245 0.8343 0.1697
vn -0.5245 0.8343 0.1697
vn -0.0726 0.8684 -0.4905
vn -0.0726 0.8684 -0.4905
vn -0.0726 0.8684 -0.4905
vn -0.0674 -0.9354 0.3470
vn -0.4271 0.0848 0.9002
vn -0.1521 0.5483 0.8224
vn -0.1521 0.5483 0.8224
vn 0.0000 0.0000 0.0000
vn 0.0000 0.0000 0.0000
vn 0.0780 -0.4481 -0.8906
vn 0.0780 -0.4481 -0.8906
vn 0.0780 -0.4481 -0.8906
vn 0.0780 -0.4481 -0.8906
vn -0.5041 0.3814 -0.7749
vn -0.5041 0.3814 -0.7749
vn -0.5041 0.3814 -0.7749
vn 0.0692 0.9779 -0.1974
vn 0.0329 -0.6193 0.7845
vn 0.0329 -0.6193 0.7845
vn 0.2584 0.2924 0.9207
vn 0.2584 0.2924 0.9207
vn 0.0327 0.9275 -0.3725
vn 0.0327 0.9275 -0.3725
vn 0.0327 0.9275 -0.3725
vn 0.0327 0.9275 -0.3725
vn 0.1766 0.8716 0.4573
vn 0.0951 -0.8049 0.5857
vn -0.9807 0.1079 -0.1628
vn -0.9780 -0.0874 -0.1892
vn -0.8546 -0.2444 0.4581
vn -0.9253 -0.1672 0.3404
vn -0.6989 0.3514 0.6230
vn -0.6989 0.3514 0.6230
vn -0.6989 0.3514 0.6230
vn -0.0509 -0.7732 0.6322
vn -0.1792 -0.3330 -0.9257
vn -0.1792 -0.3330 -0.9257
vn 0.2140 -0.9245 -0.3153
vn 0.2140 -0.9245 -0.3153
vn 0.4556 -0.3838 0.8032
vn 0.4556 -0.3838 0.8032
vn 0.4556 -0.3838 0.8032
vn -0.7274 -0.3409 -0.5955
vn -0.7274 -0.3409 -0.5955
vn -0.8508 0.5088 0.1312
vn -0.8508 0.5088 0.1312
vn -0.8960 0.4414 -0.0490
vn -0.1292 -0.8294 -0.5435
vn -0.1292 -0.8294 -0.5435
vn -0.1292 -0.8294 -0.5435
vn -0.3975 0.8276 0.3965
vn 0.2807 0.9563 0.0822
vn -0.1969 0.9782 0.0652
vn -0.7987 -0.4459 -0.4041
vn -0.7987 -0.4459 -0.4041
vn -0.7987 -0.4459 -0.4041
vn -0.7987 -0.4459 -0.4041
vn -0.7987 -0.4459 -0.4041
vn -0.9318 -0.3325 0.1454
vn -0.9318 -0.3325 0.1454
vn -0.9318 -0.3325 0.1454
vn -0.9039 -0.1399 -0.4043
vn -0.1979 -0.6056 -0.7707
vn -0.1979 -0.6056 -0.7707
vn 0.1267 -0.9423 -0.3100
vn 0.1267 -0.9423 -0.3100
vn 0.1267 -0.9423 -0.3100
vn -0.5707 0.4672 0.6753
vn -0.5707 0.4672 0.6753
vn -0.1604 0.5905 0.7909
vn 0.0204 -0.1039 0.9944
vn 0.9067 0.4097 -0.1005
vn 0.9067 0.4097 -0.1005
vn -0.2582 0.1461 0.9550
vn 0.5017 -0.0673 -0.8624
vn 0.5017 -0.0673 -0.8624
vn -0.9375 0.3464 -0.0325
vn -0.9375 0.3464 -0.0325
vn -0.0198 0.7687 0.6392
vn 0.1156 0.9277 0.3550
vn 0.1156 0.9277 0.3550
vn -0.1766 0.8865 0.4277
vn -0.1766 0.8865 0.4277
vn -0.1766 0.8865 0.4277
vn -0.5058 0.8519 0.1356
vn -0.5058 0.8519 0.1356
vn -0.5058 0.8519 0.1356
vn -0.3002 0.0719 0.9512
vn -0.3002 0.0719 0.9512
vn -0.7691 0.4906 0.4096
vn -0.9081 0.2937 -0.2987
vn -0.9081 0.2937 -0.2987
vn -0.8773 -0.1231 -0.4639
vn -0.8773 -0.1231 -0.4639
vn -0.0238 -0.9205 -0.3899
vn 0.4668 0.8817 -0.0681
vn -0.3472 -0.9329 -0.0952
vn -0.5274 -0.0556 -0.8478
vn -0.5274 -0.0556 -0.8478
vn -0.8479 0.5222 0.0911
vn -0.8479 0.5222 0.0911
vn -0.7965 0.5430 -0.2660
vn -0.7965 0.5430 -0.2660
vn -0.7965 0.5430 -0.2660
vn -0.1046 -0.6863 -0.7198
vn -0.1046 -0.6863 -0.7198
vn 0.5061 -0.6110 0.6087
vn 0.5061 -0.6110 0.6087
vn 0.4009 0.0428 -0.9151
vn 0.8561 -0.4106 -0.3138
vn 0.8561 -0.4106 -0.3138
vn -0.2610 -0.8571 -0.4441
vn -0.2610 -0.8571 -0.4441
vn -0.2610 -0.8571 -0.4441
vn -0.2610 -0.8571 -0.4441
vn -0.4679 0.7899 0.3963
vn -0.4679 0.7899 0.3963
vn -0.8056 -0.5771 -0.1338
vn -0.8056 -0.5771 -0.1338
vn -0.8185 -0.5462 0.1781
vn -0.8185 -0.5462 0.1781
vn -0.8185 -0.5462 0.1781
vn -0.5974 0.2646 0.7571
vn -0.5974 0.2646 0.7571
vn -0.5974 0.2646 0.7571
vn -0.6597 -0.0598 -0.7492
vn -0.6597 -0.0598 -0.7492
vn -0.9158 0.3679 -0.1611
vn -0.5846 0.0776 -0.8076
vn -0.5846 0.0776 -0.8076
vn 0.2302 -0.6028 0.7640
vn 0.2302 -0.6028 0.7640
vn 0.3083 0.6390 0.7047
vn 0.3083 0.6390 0.7047
vn 0.5881 -0.7596 -0.2778
vn 0.5881 -0.7596 -0.2778
vn 0.5599 0.7840 -0.2680
vn 0.5599 0.7840 -0.2680
vn -0.0000 -0.0000 0.0000
vn -0.0000 -0.0000 0.0000
vn 0.1102 -0.9520 0.2855
vn 0.1102 -0.9520 0.2855
vn 0.1102 -0.9520 0.2855
vn -0.5202 -0.2904 -0.8031
vn -0.5202 -0.2904 -0.8031
vn -0.5202 -0.2904 -0.8031
vn 0.2957 0.5208 0.8009
vn -0.5572 0.3690 -0.7439
vn -0.5023 0.6509 -0.5692
vn -0.5023 0.6509 -0.5692
vn 0.1565 0.7997 -0.5796
vn 0.1565 0.7997 -0.5796
vn -0.5443 0.8351 0.0792
vn -0.5443 0.8351 0.0792
vn -0.4812 0.8744 -0.0620
vn 0.2401 0.8463 0.4754
vn 0.2401 0.8463 0.4754
vn 0.5239 0.8480 0.0804
vn -0.2350 -0.4166 -0.8782
vn -0.2350 -0.4166 -0.8782
vn -0.2350 -0.4166 -0.8782
vn 0.5468 0.7803 0.3036
vn 0.5468 0.7803 0.3036
vn -0.0046 0.7985 0.6019
vn -0.0046 0.7985 0.6019
vn 0.1431 0.3637 0.9204
vn -0.0779 0.1653 0.9832
vn -0.0779 0.1653 0.9832
vn -0.0779 0.1653 0.9832
vn -0.0839 -0.9801 -0.1801
vn -0.2438 0.8770 0.4140
vn 0.8258 -0.5377 -0.1701
vn 0.8258 -0.5377 -0.1701
vn 0.8258 -0.5377 -0.1701
vn 0.8210 0.3675 -0.4369
vn 0.8210 0.3675 -0.4369
vn 0.8210 0.3675 -0.4369
vn 0.2657 0.9629 -0.0469
vn 0.2657 0.9629 -0.0469
vn -0.2680 0.1616 0.9498
vn -0.2680 0.1616 0.9498
vn -0.3278 0.0967 -0.9398
vn -0.4153 0.3028 0.8578
vn -0.4153 0.3028 0.8578
vn 0.6420 -0.7652 -0.0479
vn 0.6420 -0.7652 -0.0479
vn 0.6524 -0.3809 -0.6553
vn 0.6524 -0.3809 -0.6553
vn -0.2182 -0.7148 0.6644
vn -0.2182 -0.7148 0.6644
vn 0.6511 0.3511 0.6729
vn -0.0113 0.9150 0.4033
vn -0.0113 0.9150 0.4033
vn -0.5939 0.7990 -0.0943
vn -0.5939 0.7990 -0.0943
vn -0.5939 0.7990 -0.0943
vn -0.2114 -0.7904 -0.5749
vn -0.2114 -0.7904 -0.5749
vn -0.6869 0.3615 0.6305
vn -0.0872 0.3695 -0.9251
vn -0.0872 0.3695 -0.9251
vn -0.4074 0.9092 -0.0861
vn -0.4074 0.9092 -0.0861
vn -0.4074 0.9092 -0.0861
vn -0.4074 0.9092 -0.0861
vn 0.4610 -0.8699 -0.1754
vn 0.4610 -0.8699 -0.1754
vn 0.5388 0.6388 0.5492
vn 0.5388 0.6388 0.5492
vn 0.7377 -0.4973 0.4566
vn 0.7377 -0.4973 0.4566
vn 0.7377 -0.4973 0.4566
vn 0.5208 0.2720 0.8092
vn 0.5208 0.2720 0.8092
vn -0.1883 0.9525 0.2392
vn -0.1883 0.9525 0.2392
vn -0.2306 0.8050 0.5467
vn -0.2306 0.8050 0.5467
vn -0.2306 0.8050 0.5467
vn -0.6861 -0.2348 0.6886
vn -0.6861 -0.2348 0.6886
vn -0.5867 0.8007 0.1210
vn -0.8163 0.0099 -0.5776
vn -0.8163 0.0099 -0.5776
vn -0.8163 0.0099 -0.5776
vn -0.9713 -0.2259 0.0745
vn -0.9713 -0.2259 0.0745
vn 0.2569 0.5825 0.7711
vn -0.5999 0.2942 -0.7440
vn -0.5999 0.2942 -0.7440
vn -0.5999 0.2942 -0.7440
vn -0.5999 0.2942 -0.7440
vn -0.9672 0.2018 0.1541
vn -0.6635 0.3905 -0.6382
vn -0.6635 0.3905 -0.6382
vn -0.6635 0.3905 -0.6382
vn 0.0000 0.0000 0.0000
vn 0.0000 0.0000 0.0000
vn -0.3311 -0.1795 -0.9264
vn -0.3311 -0.1795 -0.9264
vn 0.0000 0.0000 0.0000
vn 0.0000 0.0000 0.0000
vn 0.4984 -0.6927 -0.5212
vn 0.4984 -0.6927 -0.5212
vn 0.4984 -0.6927 -0.5212
vn 0.2985 -0.6447 0.7037
vn 0.2985 -0.6447 0.7037
vn 0.6938 0.2803 0.6634
vn 0.6938 0.2803 0.6634
vn 0.6504 0.5351 -0.5391
vn 0.6504 0.5351 -0.5391
vn 0.1845 0.8490 0.4951
vn 0.1845 0.8490 0.4951
vn 0.6165 -0.7815 -0.0955
vn 0.6165 -0.7815 -0.0955
vn 0.3721 -0.7336 0.5687
vn 0.3721 -0.7336 0.5687
vn 0.3721 -0.7336 0.5687
vn 0.4189 -0.5432 -0.7276
vn 0.4189 -0.5432 -0.7276
vn 0.9453 -0.2672 0.1870
vn -0.1992 -0.9793 -0.0371
vn -0.7968 0.5814 -0.1648
vn -0.7968 0.5814 -0.1648
vn -0.7968 0.5814 -0.1648
vn -0.1203 -0.1432 0.9823
vn -0.2868 -0.1735 0.9421
vn 0.9063 0.2185 0.3619
vn 0.9063 0.2185 0.3619
vn 0.9063 0.2185 0.3619
vn 0.7772 -0.6283 -0.0352
vn 0.7772 -0.6283 -0.0352
vn 0.7772 -0.6283 -0.0352
vn 0.7772 -0.6283 -0.0352
vn -0.1584 -0.8077 -0.5680
vn -0.4090 0.8143 -0.4120
vn -0.4090 0.8143 -0.4120
vn 0.1427 -0.3121 0.9393
vn 0.1427 -0.3121 0.9393
vn 0.1358 0.2705 -0.9531
vn 0.1358 0.2705 -0.9531
vn 0.4374 0.1964 0.8776
vn 0.4374 0.1964 0.8776
vn 0.4374 0.1964 0.8776
vn 0.5546 0.6685 0.4955
vn 0.5546 0.6685 0.4955
vn 0.5546 0.6685 0.4955
vn -0.4096 -0.7119 -0.5704
vn -0.4096 -0.7119 -0.5704
vn -0.1645 -0.9864 -0.0045
vn -0.1645 -0.9864 -0.0045
vn -0.2803 0.1931 -0.9403
vn -0.2803 0.1931 -0.9403
vn 0.7272 0.4948 -0.4758
vn 0.7272 0.4948 -0.4758
vn 0.7272 0.4948 -0.4758
vn 0.5560 0.1848 0.8104
vn 0.5560 0.1848 0.8104
vn -0.0008 -0.4400 -0.8980
vn -0.0008 -0.4400 -0.8980
vn 0.0000 0.0000 0.0000
vn 0.0000 0.0000 0.0000
vn -0.7321 -0.2987 -0.6122
vn -0.7321 -0.2987 -0.6122
vn -0.7321 -0.2987 -0.6122
vn 0.3525 0.6947 -0.6270
vn 0.3525 0.6947 -0.6270
vn -0.1885 0.8025 0.5661
vn -0.1885 0.8025 0.5661
vn -0.1885 0.8025 0.5661
vn -0.1885 0.8025 0.5661
vn -0.1885 0.8025 0.5661
vn -0.4067 0.3251 -0.8538
vn -0.4183 0.2692 0.8675
vn -0.4183 0.2692 0.8675
vn 0.1488 0.4627 0.8739
vn 0.1488 0.4627 0.8739
vn 0.7159 -0.5338 0.4501
vn 0.7159 -0.5338 0.4501
vn 0.7159 -0.5338 0.4501
vn 0.6472 -0.7620 -0.0199
vn 0.6472 -0.7620 -0.0199
vn 0.6472 -0.7620 -0.0199
vn 0.6096 -0.7814 0.1334
vn 0.6096 -0.7814 0.1334
vn 0.6586 -0.7497 0.0647
vn 0.6586 -0.7497 0.0647
vn 0.6586 -0.7497 0.0647
vn 0.5481 0.7947 -0.2608
vn 0.5481 0.7947 -0.2608
vn 0.5481 0.7947 -0.2608
vn 0.5481 0.7947 -0.2608
vn 0.5481 0.7947 -0.2608
vn -0.3314 -0.4057 -0.8518
vn -0.3314 -0.4057 -0.8518
vn 0.1994 -0.2716 0.9415
vn 0.1994 -0.2716 0.9415
vn 0.1994 -0.2716 0.9415
vn 0.6812 -0.6442 0.3478
vn 0.6812 -0.6442 0.3478
vn -0.1621 -0.2294 0.9597
vn 0.9304 0.3511 -0.1053
vn 0.6680 0.7438 -0.0228
vn 0.6680 0.7438 -0.0228
vn 0.1298 0.9576 0.2571
vn 0.1298 0.9576 0.2571
vn -0.0059 -0.2445 0.9696
vn -0.0059 -0.2445 0.9696
vn 0.2102 0.0544 -0.9761
vn 0.2102 0.0544 -0.9761
vn 0.2102 0.0544 -0.9761
vn 0.2102 0.0544 -0.9761
vn 0.2102 0.0544 -0.9761
vn 0.2102 0.0544 -0.9761
vn 0.2102 0.0544 -0.9761
vn -0.3918 0.6777 -0.6223
vn -0.3918 0.6777 -0.6223
vn -0.0991 0.9690 0.2262
vn -0.0991 0.9690 0.2262
vn -0.0991 0.9690 0.2262
vn -0.0991 0.9690 0.2262
vn -0.0991 0.9690 0.2262
vn -0.0948 -0.9753 0.1994
vn -0.4854 0.7494 0.4504
vn -0.4854 0.7494 0.4504
vn -0.7078 0.6131 0.3509
vn -0.7078 0.6131 0.3509
vn 0.5605 -0.2007 -0.8035
vn 0.5831 0.7136 0.3884
vn 0.5831 0.7136 0.3884
vn 0.5831 0.7136 0.3884
vn 0.8959 -0.4259 -0.1261
vn 0.8959 -0.4259 -0.1261
vn 0.8959 -0.4259 -0.1261
vn 0.9527 0.1092 0.2835
vn 0.9527 0.1092 0.2835
vn 0.9527 0.1092 0.2835
vn 0.9527 0.1092 0.2835
vn 0.9084 -0.4174 0.0267
vn 0.9084 -0.4174 0.0267
vn 0.6963 -0.7163 -0.0453
vn 0.6963 -0.7163 -0.0453
vn 0.4185 -0.7266 0.5449
vn 0.4185 -0.7266 0.5449
vn 0.4185 -0.7266 0.5449
vn 0.4185 -0.7266 0.5449
vn 0.4185 -0.7266 0.5449
vn 0.4185 -0.7266 0.5449
vn -0.0891 -0.5401 0.8369
vn -0.0891 -0.5401 0.8369
vn 0.3288 -0.2004 0.9229
vn 0.3288 -0.2004 0.9229
vn -0.9509 -0.1021 -0.2920
vn -0.9509 -0.1021 -0.2920
vn -0.9770 0.0130 -0.2128
vn -0.9501 0.3060 0.0598
vn -0.5515 0.4588 -0.6966
vn -0.5515 0.4588 -0.6966
vn 0.2186 0.0480 -0.9746
vn 0.2186 0.0480 -0.9746
vn 0.1073 -0.4077 0.9068
vn 0.9666 0.0077 -0.2560
vn 0.9666 0.0077 -0.2560
vn 0.8477 -0.4626 -0.2597
vn 0.7739 -0.0541 -0.6310
vn 0.7739 -0.0541 -0.6310
vn -0.6282 -0.0471 0.7766
vn -0.1617 -0.1254 0.9788
vn 0.5591 -0.0711 -0.8260
vn 0.5591 -0.0711 -0.8260
vn 0.9948 -0.0761 -0.0683
vn 0.9948 0.0413 0.0935
vn 0.7007 -0.6329 -0.3293
vn 0.7007 -0.6329 -0.3293
vn 0.4163 -0.6846 0.5983
vn 0.4163 -0.6846 0.5983
vn 0.6234 -0.7750 -0.1040
vn 0.6234 -0.7750 -0.1040
vn 0.9550 -0.2948 0.0319
vn 0.9550 -0.2948 0.0319
vn 0.9550 -0.2948 0.0319
vn 0.9550 -0.2948 0.0319
vn 0.9550 -0.2948 0.0319
vn -0.0421 -0.1152 0.9925
vn -0.0421 -0.1152 0.9925
vn 0.8774 -0.2694 -0.3969
vn 0.8774 -0.2694 -0.3969
vn 0.8774 -0.2694 -0.3969
vn -0.3489 0.7305 0.5870
vn -0.3489 0.7305 0.5870
vn -0.3489 0.7305 0.5870
vn -0.3489 0.7305 0.5870
vn -0.4578 0.8806 0.1221
vn 0.9128 -0.3474 0.2149
vn -0.0775 -0.9391 0.3348
vn -0.0775 -0.9391 0.3348
vn -0.0775 -0.9391 0.3348
vn 0.9205 0.3720 0.1192
vn 0.9205 0.3720 0.1192
vn -0.1346 0.1170 -0.9840
vn -0.1346 0.1170 -0.9840
vn 0.7351 -0.5953 -0.3245
vn 0.7351 -0.5953 -0.3245
vn 0.6986 0.4015 0.5923
vn 0.6986 0.4015 0.5923
vn -0.1270 -0.5083 -0.8518
vn -0.1270 -0.5083 -0.8518
vn -0.5633 -0.1290 -0.8161
vn -0.5633 -0.1290 -0.8161
vn -0.7455 0.4014 -0.5321
vn -0.7455 0.4014 -0.5321
vn -0.4326 0.4220 0.7967
vn -0.0685 0.9777 -0.1987
vn -0.0685 0.9777 -0.1987
vn 0.1296 0.9402 -0.3151
vn 0.1296 0.9402 -0.3151
vn -0.6881 -0.6387 0.3444
vn -0.6881 -0.6387 0.3444
vn 0.1443 0.9677 0.2067
vn 0.1443 0.9677 0.2067
vn -0.3983 -0.2660 0.8779
vn -0.3983 -0.2660 0.8779
vn -0.0768 -0.9957 0.0519
vn -0.5524 0.7714 -0.3158
vn 0.5525 -0.6324 0.5430
vn 0.5525 -0.6324 0.5430
vn 0.7901 0.3612 -0.4953
vn 0.3540 0.4789 0.8033
vn 0.3540 0.4789 0.8033
vn 0.9514 0.2992 0.0727
vn 0.9129 0.2846 0.2925
vn 0.9129 0.2846 0.2925
vn -0.0149 0.8135 0.5814
vn 0.4815 -0.3230 0.8147
vn 0.4815 -0.3230 0.8147
vn 0.4815 -0.3230 0.8147
vn -0.2344 -0.5787 -0.7811
vn -0.2344 -0.5787 -0.7811
vn -0.2344 -0.5787 -0.7811
vn 0.4585 -0.2461 0.8539
vn 0.4585 -0.2461 0.8539
vn 0.0000 0.0000 0.0000
vn 0.0000 0.0000 0.0000
vn 0.3779 0.0691 0.9233
vn 0.3779 0.0691 0.9233
vn 0.9656 -0.2205 0.1377
vn 0.9656 -0.2205 0.1377
vn 0.9656 -0.2205 0.1377
vn 0.2777 0.2105 0.9373
vn 0.2777 0.2105 0.9373
vn -0.5014 -0.0539 -0.8635
vn -0.5014 -0.0539 -0.8635
vn -0.6422 0.4278 -0.6360
vn -0.6422 0.4278 -0.6360
vn -0.0734 -0.9959 0.0533
vn 0.9944 -0.1020 0.0274
vn 0.6024 -0.6255 -0.4959
vn 0.6024 -0.6255 -0.4959
vn 0.6024 -0.6255 -0.4959
vn -0.3171 0.3350 -0.8873
vn -0.6094 0.7761 -0.1621
vn -0.6094 0.7761 -0.1621
vn -0.1361 0.8717 0.4708
vn 0.1543 0.0812 -0.9847
vn 0.1649 0.1749 -0.9707
vn -0.0431 -0.0848 0.9955
vn -0.0431 -0.0848 0.9955
vn 0.6644 -0.6971 0.2695
vn 0.6644 -0.6971 0.2695
vn 0.3758 -0.6303 -0.6794
vn 0.3758 -0.6303 -0.6794
vn 0.1435 -0.5901 -0.7945
vn 0.1435 -0.5901 -0.7945
vn -0.5621 -0.8161 -0.1347
vn -0.5621 -0.8161 -0.1347
vn -0.0412 -0.9953 -0.0874
vn 0.8886 -0.3222 -0.3264
vn 0.8886 -0.3222 -0.3264
vn -0.3076 -0.2192 0.9259
vn -0.2082 -0.0473 0.9769
vn -0.2082 -0.0473 0.9769
vn 0.7399 0.5550 -0.3801
vn 0.7399 0.5550 -0.3801
vn 0.7399 0.5550 -0.3801
vn 0.7417 0.2775 -0.6106
vn 0.7417 0.2775 -0.6106
vn 0.3288 0.5987 0.7304
vn 0.3288 0.5987 0.7304
vn -0.7311 0.6749 0.0999
vn -0.8660 -0.1852 -0.4645
vn -0.8660 -0.1852 -0.4645
vn -0.8660 -0.1852 -0.4645
vn -0.0425 -0.9766 0.2109
vn -0.0425 -0.9766 0.2109
vn -0.6641 -0.7156 -0.2166
vn -0.6641 -0.7156 -0.2166
vn -0.6641 -0.7156 -0.2166
vn 0.2970 0.9349 -0.1941
vn 0.2970 0.9349 -0.1941
vn -0.0516 -0.1754 0.9831
vn -0.7019 0.2701 0.6591
vn -0.7019 0.2701 0.6591
vn -0.0193 -0.9931 0.1161
vn -0.8623 0.4646 0.2015
vn -0.3886 -0.8810 -0.2699
vn 0.1983 0.5636 0.8019
vn 0.1983 0.5636 0.8019
vn 0.1843 0.2123 -0.9597
vn 0.0039 0.1722 -0.9850
vn 0.0039 0.1722 -0.9850
vn 0.9079 -0.1342 0.3972
vn 0.9079 -0.1342 0.3972
vn 0.9079 -0.1342 0.3972
vn 0.6937 -0.7196 -0.0300
vn 0.6937 -0.7196 -0.0300
vn 0.6937 -0.7196 -0.0300
vn 0.6937 -0.7196 -0.0300
vn 0.6937 -0.7196 -0.0300
vn 0.6937 -0.7196 -0.0300
vn 0.6937 -0.7196 -0.0300
vn 0.7032 -0.4818 0.5228
vn 0.7032 -0.4818 0.5228
vn 0.4898 -0.4149 -0.7668
vn 0.4898 -0.4149 -0.7668
vn 0.4898 -0.4149 -0.7668
vn 0.7453 0.1116 0.6574
vn 0.7453 0.1116 0.6574
vn 0.4363 -0.8438 -0.3124
vn 0.4363 -0.8438 -0.3124
vn -0.7915 0.5304 0.3036
vn -0.7915 0.5304 0.3036
vn -0.7915 0.5304 0.3036
vn -0.8755 0.4832 -0.0100
vn -0.8755 0.4832 -0.0100
vn -0.6465 0.6580 -0.3860
vn -0.7743 0.2271 0.5907
vn -0.7743 0.2271 0.5907
vn -0.8218 -0.0758 0.5647
vn -0.8218 -0.0758 0.5647
vn 0.2621 0.2237 -0.9388
vn 0.2621 0.2237 -0.9388
vn 0.2621 0.2237 -0.9388
vn 0.2621 0.2237 -0.9388
vn -0.6320 0.5660 -0.5294
vn -0.6320 0.5660 -0.5294
vn 0.7356 -0.5932 0.3272
vn 0.7356 -0.5932 0.3272
vn 0.7356 -0.5932 0.3272
vn -0.4008 -0.7229 -0.5629
vn -0.4008 -0.7229 -0.5629
vn -0.4008 -0.7229 -0.5629
vn 0.3345 -0.7667 -0.5479
vn 0.3345 -0.7667 -0.5479
vn 0.3694 0.1133 0.9223
vn 0.3694 0.1133 0.9223
vn 0.3694 0.1133 0.9223
vn 0.3694 0.1133 0.9223
vn -0.5141 -0.8277 0.2250
vn -0.5141 -0.8277 0.2250
vn -0.5141 -0.8277 0.2250
vn -0.5141 -0.8277 0.2250
vn -0.9809 -0.0273 -0.1927
vn -0.9809 -0.0273 -0.1927
vn -0.9257 0.3637 -0.1038
vn -0.9257 0.3637 -0.1038
vn 0.1995 -0.9799 -0.0050
vn -0.8969 -0.3514 0.2685
vn -0.8969 -0.3514 0.2685
vn -0.5362 0.2126 -0.8169
vn -0.5415 0.8296 -0.1360
vn -0.5824 0.0111 -0.8129
vn -0.5824 0.0111 -0.8129
vn 0.6682 -0.2943 0.6832
vn -0.0707 0.3966 -0.9153
vn 0.2232 -0.3261 -0.9186
vn 0.2232 -0.3261 -0.9186
vn -0.6880 -0.7202 0.0893
vn -0.6880 -0.7202 0.0893
vn -0.8390 0.0575 -0.5410
vn -0.8390 0.0575 -0.5410
vn 0.0590 -0.8940 -0.4441
vn 0.0590 -0.8940 -0.4441
vn -0.6367 0.0803 -0.7669
vn -0.6367 0.0803 -0.7669
vn -0.5485 0.5212 -0.6538
vn -0.5485 0.5212 -0.6538
vn -0.3859 -0.0283 -0.9221
vn -0.3859 -0.0283 -0.9221
vn -0.0298 -0.9862 0.1626
vn -0.5155 0.7745 0.3666
vn -0.5155 0.7745 0.3666
vn 0.1760 -0.3404 0.9237
vn 0.1760 -0.3404 0.9237
vn 0.0666 -0.2270 0.9716
vn 0.0666 -0.2270 0.9716
vn 0.7121 -0.5630 -0.4194
vn 0.7121 -0.5630 -0.4194
vn -0.7777 0.0192 -0.6283
vn -0.7777 0.0192 -0.6283
vn -0.7777 0.0192 -0.6283
vn -0.5693 -0.8098 0.1416
vn -0.5693 -0.8098 0.1416
vn -0.5693 -0.8098 0.1416
vn -0.8475 -0.3071 -0.4330
vn -0.8475 -0.3071 -0.4330
vn -0.8475 -0.3071 -0.4330
vn -0.6927 0.4102 0.5932
vn -0.6927 0.4102 0.5932
vn -0.5451 -0.4769 -0.6896
vn -0.5451 -0.4769 -0.6896
vn 0.0047 0.9301 0.3674
vn 0.2710 -0.9502 0.1539
vn 0.2710 -0.9502 0.1539
vn 0.2710 -0.9502 0.1539
vn -0.1895 -0.4832 0.8547
vn -0.1895 -0.4832 0.8547
vn 0.2399 0.2095 -0.9479
vn 0.2399 0.2095 -0.9479
vn 0.2399 0.2095 -0.9479
vn 0.2399 0.2095 -0.9479
vn 0.9290 -0.3210 0.1843
vn 0.9290 -0.3210 0.1843
vn 0.3018 -0.7477 -0.5914
vn 0.3018 -0.7477 -0.5914
vn 0.3018 -0.7477 -0.5914
vn -0.6538 0.3002 -0.6946
vn -0.6538 0.3002 -0.6946
vn -0.6538 0.3002 -0.6946
vn -0.6538 0.3002 -0.6946
vn -0.6538 0.3002 -0.6946
vn -0.6538 0.3002 -0.6946
vn 0.6280 -0.7420 0.2344
vn 0.6280 -0.7420 0.2344
vn -0.7144 0.5682 0.4085
vn -0.7144 0.5682 0.4085
vn -0.6701 0.5125 -0.5370
vn -0.6701 0.5125 -0.5370
vn -0.6701 0.5125 -0.5370
vn -0.6701 0.5125 -0.5370
vn -0.6223 0.3275 -0.7110
vn -0.6223 0.3275 -0.7110
vn -0.3300 0.1995 0.9227
vn -0.3300 0.1995 0.9227
vn -0.6966 0.3943 0.5994
vn -0.6966 0.3943 0.5994
vn -0.7809 -0.6243 0.0216
vn -0.7809 -0.6243 0.0216
vn -0.7874 0.2972 -0.5400
vn -0.7874 0.2972 -0.5400
vn -0.7874 0.2972 -0.5400
vn 0.0898 0.7472 0.6585
vn 0.2236 -0.3030 -0.9264
vn 0.2236 -0.3030 -0.9264
vn 0.2236 -0.3030 -0.9264
vn -0.9850 -0.1446 0.0945
vn -0.9850 -0.1446 0.0945
vn -0.9850 -0.1446 0.0945
vn -0.8882 0.2768 -0.3668
vn -0.8882 0.2768 -0.3668
vn -0.9508 -0.2041 -0.2333
vn -0.9508 -0.2041 -0.2333
vn -0.9639 0.0352 0.2640
vn -0.9883 -0.1519 0.0097
vn -0.6782 -0.5754 0.4571
vn -0.6782 -0.5754 0.4571
vn -0.9575 0.2883 -0.0014
vn -0.9575 0.2883 -0.0014
vn 0.2719 -0.3989 0.8757
vn 0.2719 -0.3989 0.8757
vn -0.1868 -0.0748 0.9795
vn -0.1868 -0.0748 0.9795
vn -0.2472 -0.4406 0.8630
vn -0.2472 -0.4406 0.8630
vn 0.0388 -0.9235 0.3816
vn 0.0388 -0.9235 0.3816
vn 0.0388 -0.9235 0.3816
vn 0.0388 -0.9235 0.3816
vn -0.4769 0.1647 0.8634
vn -0.7658 -0.3194 0.5582
vn -0.7658 -0.3194 0.5582
vn -0.7658 -0.3194 0.5582
vn -0.7658 -0.3194 0.5582
vn -0.7002 -0.7055 -0.1098
vn -0.7002 -0.7055 -0.1098
vn -0.4258 -0.4991 0.7547
vn -0.4258 -0.4991 0.7547
vn -0.4258 -0.4991 0.7547
vn -0.2535 -0.4645 0.8485
vn -0.2535 -0.4645 0.8485
vn 0.9683 -0.1533 -0.1974
vn 0.9683 -0.1533 -0.1974
vn -0.7931 0.2801 -0.5409
vn -0.7931 0.2801 -0.5409
vn -0.6696 -0.6968 -0.2570
vn -0.6696 -0.6968 -0.2570
vn -0.9404 0.2635 -0.2151
vn -0.9404 0.2635 -0.2151
vn -0.9576 0.0792 -0.2769
vn -0.9576 0.0792 -0.2769
vn 0.4328 -0.5247 0.7330
vn 0.4328 -0.5247 0.7330
vn 0.1911 0.0874 -0.9777
vn 0.7156 -0.5184 0.4681
vn 0.7156 -0.5184 0.4681
vn 0.1991 -0.3581 0.9122
vn -0.1568 -0.3345 0.9293
vn -0.0000 0.0000 0.0000
vn -0.0000 0.0000 0.0000
vn 0.0000 0.0000 0.0000
vn 0.0000 0.0000 0.0000
vn 0.0000 0.0000 0.0000
vn 0.0000 0.0000 0.0000
vn 0.0000 0.0000 0.0000
vn -0.2255 0.2509 -0.9414
vn -0.2899 0.9557 0.0502
vn 0.2057 -0.4140 -0.8867
vn 0.7996 -0.1219 0.5880
vn 0.7996 -0.1219 0.5880
vn 0.5238 0.6304 0.5729
vn 0.8484 0.3865 -0.3618
vn -0.9994 -0.0267 0.0213
vn -0.6803 0.2370 -0.6936
vn -0.6803 0.2370 -0.6936
vn -0.4716 -0.4047 -0.7835
vn -0.4716 -0.4047 -0.7835
vn -0.1306 -0.5799 0.8042
vn -0.1306 -0.5799 0.8042
vn -0.6972 0.2164 -0.6834
vn -0.8664 0.2163 0.4501
vn -0.8664 0.2163 0.4501
vn -0.8863 0.2361 -0.3984
vn -0.8863 0.2361 -0.3984
vn -0.0421 -0.8802 0.4728
vn -0.0421 -0.8802 0.4728
vn -0.6121 0.0443 0.7895
vn -0.1440 0.0221 0.9893
vn -0.2269 -0.2375 -0.9445
vn -0.2269 -0.2375 -0.9445
vn -0.2269 -0.2375 -0.9445
vn -0.2269 -0.2375 -0.9445
vn 0.1736 -0.9386 0.2982
vn 0.1736 -0.9386 0.2982
vn 0.1736 -0.9386 0.2982
vn -0.1801 -0.6026 -0.7775
vn -0.1801 -0.6026 -0.7775
vn -0.1801 -0.6026 -0.7775
vn -0.6876 0.4617 -0.5604
vn -0.1665 -0.7511 -0.6388
vn -0.1665 -0.7511 -0.6388
vn 0.0577 -0.9935 0.0977
vn -0.5765 0.2076 -0.7903
vn -0.5765 0.2076 -0.7903
vn -0.3042 0.1451 -0.9415
vn -0.7106 0.1069 0.6954
vn -0.7106 0.1069 0.6954
vn -0.7106 0.1069 0.6954
vn 0.1549 0.0646 -0.9858
vn 0.1549 0.0646 -0.9858
vn -0.7303 0.4357 0.5262
vn -0.7303 0.4357 0.5262
vn -0.7308 0.6617 0.1674
vn 0.5124 -0.2848 -0.8101
vn 0.5124 -0.2848 -0.8101
vn 0.8728 -0.3944 0.2875
vn -0.9774 0.1426 -0.1561
vn -0.9774 0.1426 -0.1561
vn -0.3700 0.3366 -0.8659
vn -0.5814 0.2022 0.7881
vn -0.5814 0.2022 0.7881
vn -0.5814 0.2022 0.7881
vn -0.4595 0.5032 -0.7318
vn -0.4595 0.5032 -0.7318
vn -0.4595 0.5032 -0.7318
vn -0.4282 0.7835 -0.4504
vn -0.4282 0.7835 -0.4504
vn 0.9525 0.1371 0.2719
vn 0.9525 0.1371 0.2719
vn 0.9525 0.1371 0.2719
vn -0.5795 -0.5200 0.6275
vn -0.5795 -0.5200 0.6275
vn -0.4759 0.2556 -0.8415
vn -0.0379 0.6457 -0.7626
vn -0.0379 0.6457 -0.7626
vn -0.7307 0.5487 -0.4062
vn -0.7307 0.5487 -0.4062
vn -0.9829 0.0687 -0.1709
vn -0.9829 0.0687 -0.1709
vn -0.9186 -0.0189 -0.3948
vn -0.9186 -0.0189 -0.3948
vn -0.9186 -0.0189 -0.3948
vn -0.8692 0.3877 0.3069
vn -0.8692 0.3877 0.3069
vn -0.8437 -0.0542 -0.5341
vn -0.8437 -0.0542 -0.5341
vn -0.7352 -0.4423 -0.5138
vn -0.7352 -0.4423 -0.5138
vn -0.8746 0.4032 0.2693
vn -0.7899 0.1839 -0.5850
vn -0.7899 0.1839 -0.5850
vn -0.8305 0.5170 -0.2073
vn -0.8305 0.5170 -0.2073
vn -0.7079 0.6561 0.2617
vn -0.7079 0.6561 0.2617
vn -0.9496 0.0761 0.3042
vn -0.9496 0.0761 0.3042
vn -0.9496 0.0761 0.3042
vn -0.9496 0.0761 0.3042
vn -0.9496 0.0761 0.3042
vn -0.2272 0.3412 0.9121
vn -0.2272 0.3412 0.9121
vn -0.2272 0.3412 0.9121
vn -0.2272 0.3412 0.9121
vn -0.7674 -0.3093 0.5616
vn -0.7674 -0.3093 0.5616
vn -0.2548 0.5365 0.8045
vn -0.2548 0.5365 0.8045
vn 0.4035 -0.8618 0.3073
vn -0.3084 -0.2264 0.9239
vn -0.4884 -0.5117 0.7069
vn -0.4884 -0.5117 0.7069
vn -0.2175 0.1603 -0.9628
vn -0.3831 0.2457 -0.8905
vn 0.1677 -0.3195 0.9327
vn 0.1860 -0.6031 -0.7757
vn 0.1860 -0.6031 -0.7757
vn -0.1205 0.0960 -0.9881
vn -0.9612 0.2534 -0.1093
vn -0.8407 0.1007 -0.5320
vn -0.8476 0.5305 -0.0101
vn -0.8476 0.5305 -0.0101
vn 0.1900 -0.7546 0.6281
vn 0.1900 -0.7546 0.6281
vn -0.8702 0.1917 0.4540
vn -0.8702 0.1917 0.4540
vn -0.8702 0.1917 0.4540
vn 0.0585 -0.5107 -0.8578
vn -0.6281 -0.7165 -0.3036
vn -0.6281 -0.7165 -0.3036
vn 0.5561 0.0535 0.8294
vn 0.5561 0.0535 0.8294
vn 0.5561 0.0535 0.8294
vn 0.4161 -0.3631 0.8337
vn 0.4161 -0.3631 0.8337
vn -0.0965 0.2330 -0.9677
vn -0.2103 -0.4518 0.8670
vn -0.2103 -0.4518 0.8670
vn 0.4384 0.0367 -0.8980
vn 0.4384 0.0367 -0.8980
vn -0.4992 -0.1744 -0.8487
vn -0.4992 -0.1744 -0.8487
vn -0.4992 -0.1744 -0.8487
vn -0.4992 -0.1744 -0.8487
vn -0.5414 -0.2648 -0.7980
vn -0.5414 -0.2648 -0.7980
vn -0.6241 0.0734 0.7779
vn -0.8257 0.2212 -0.5189
vn -0.8257 0.2212 -0.5189
vn -0.6749 0.4439 0.5894
vn -0.5171 0.3513 0.7805
vn -0.5171 0.3513 0.7805
vn -0.5171 0.3513 0.7805
vn -0.6069 0.4650 0.6446
vn 0.0000 -0.0000 0.0000
vn 0.0000 -0.0000 0.0000
vn -0.1602 0.1746 -0.9715
vn -0.1602 0.1746 -0.9715
vn -0.1602 0.1746 -0.9715
vn 0.7084 -0.6983 0.1029
vn 0.7084 -0.6983 0.1029
vn 0.7084 -0.6983 0.1029
vn 0.7084 -0.6983 0.1029
vn 0.7084 -0.6983 0.1029
vn 0.0077 -0.5882 0.8087
vn 0.0077 -0.5882 0.8087
vn -0.5512 -0.7136 0.4323
vn -0.5512 -0.7136 0.4323
vn -0.5512 -0.7136 0.4323
vn -0.7205 -0.6302 -0.2892
vn -0.7205 -0.6302 -0.2892
vn -0.5245 0.7323 0.4342
vn -0.5245 0.7323 0.4342
vn 0.4568 -0.6537 0.6034
vn 0.4568 -0.6537 0.6034
vn 0.4568 -0.6537 0.6034
vn 0.0344 0.2397 -0.9702
vn 0.5946 0.2000 -0.7788
vn 0.5946 0.2000 -0.7788
vn 0.5946 0.2000 -0.7788
vn 0.9581 -0.1940 -0.2107
vn 0.9581 -0.1940 -0.2107
vn -0.0167 -0.1245 0.9921
vn -0.0167 -0.1245 0.9921
vn 0.9444 -0.3233 -0.0597
vn 0.9444 -0.3233 -0.0597
vn 0.9444 -0.3233 -0.0597
vn 0.0664 -0.3623 0.9297
vn 0.0664 -0.3623 0.9297
vn 0.0826 -0.0962 0.9919
vn -0.9294 0.2717 0.2496
vn -0.9294 0.2717 0.2496
vn -0.8380 0.3089 0.4498
vn -0.8080 0.5127 -0.2903
vn -0.8080 0.5127 -0.2903
vn 0.0448 -0.7286 -0.6835
vn 0.0448 -0.7286 -0.6835
vn 0.0448 -0.7286 -0.6835
vn -0.0894 -0.2113 -0.9733
vn -0.0894 -0.2113 -0.9733
vn -0.5273 -0.2098 0.8234
vn -0.5273 -0.2098 0.8234
vn -0.5273 -0.2098 0.8234
vn -0.5273 -0.2098 0.8234
vn -0.8376 -0.0798 0.5404
vn -0.8376 -0.0798 0.5404
vn -0.3575 0.8028 -0.4772
vn -0.4753 0.3562 0.8045
vn -0.4753 0.3562 0.8045
vn -0.4753 0.3562 0.8045
vn -0.4753 0.3562 0.8045
vn -0.9928 -0.0045 0.1198
vn -0.9928 -0.0045 0.1198
vn -0.9928 -0.0045 0.1198
vn 0.1711 -0.9584 -0.2284
vn 0.3982 0.1012 -0.9117
vn 0.3982 0.1012 -0.9117
vn 0.6224 -0.2128 0.7532
vn 0.6224 -0.2128 0.7532
vn -0.3083 0.0492 0.9500
vn -0.3083 0.0492 0.9500
vn -0.3083 0.0492 0.9500
vn -0.3083 0.0492 0.9500
vn -0.3083 0.0492 0.9500
vn -0.3083 0.0492 0.9500
vn -0.7316 0.1094 -0.6728
vn -0.7316 0.1094 -0.6728
vn 0.0000 0.0000 0.0000
vn 0.0000 0.0000 0.0000
vn -0.3244 0.2205 -0.9199
vn -0.0251 0.0037 -0.9997
vn -0.0251 0.0037 -0.9997
vn 0.1749 -0.2755 0.9453
vn 0.1749 -0.2755 0.9453
vn -0.3988 0.1318 -0.9075
vn -0.7422 0.0340 -0.6693
vn -0.7422 0.0340 -0.6693
vn -0.9518 0.3052 0.0304
vn -0.6139 0.0835 0.7849
vn -0.6139 0.0835 0.7849
vn -0.6902 0.2126 -0.6917
vn -0.7244 -0.6653 0.1805
vn -0.7244 -0.6653 0.1805
vn -0.3197 -0.4490 -0.8344
vn -0.3197 -0.4490 -0.8344
vn -0.9650 0.0810 0.2496
vn -0.9650 0.0810 0.2496
vn -0.9650 0.0810 0.2496
vn -0.9650 0.0810 0.2496
vn -0.9650 0.0810 0.2496
vn 0.6807 -0.0244 -0.7321
vn 0.6807 -0.0244 -0.7321
vn -0.4304 -0.1468 0.8906
vn -0.4304 -0.1468 0.8906
vn -0.4304 -0.1468 0.8906
vn 0.8267 -0.5610 0.0422
vn 0.8267 -0.5610 0.0422
vn 0.8267 -0.5610 0.0422
vn 0.8267 -0.5610 0.0422
vn 0.8267 -0.5610 0.0422
vn -0.9368 0.3446 0.0604
vn -0.9368 0.3446 0.0604
vn -0.9368 0.3446 0.0604
vn -0.9368 0.3446 0.0604
vn -0.9368 0.3446 0.0604
vn 0.9576 0.1947 0.2123
vn 0.9576 0.1947 0.2123
vn 0.9576 0.1947 0.2123
vn -0.8694 0.4817 -0.1104
vn -0.8694 0.4817 -0.1104
vn -0.7671 0.3948 -0.5057
vn -0.7671 0.3948 -0.5057
vn -0.3785 -0.0834 0.9219
vn -0.3785 -0.0834 0.9219
vn -0.9951 0.0804 0.0567
vn -0.9774 -0.0331 -0.2090
vn -0.9774 -0.0331 -0.2090
vn -0.9774 -0.0331 -0.2090
vn 0.4472 -0.7275 -0.5203
vn 0.4472 -0.7275 -0.5203
vn 0.4472 -0.7275 -0.5203
vn 0.4472 -0.7275 -0.5203
vn 0.2967 -0.0639 -0.9528
vn 0.2967 -0.0639 -0.9528
vn -0.9182 0.0935 0.3849
vn -0.6983 -0.0168 -0.7156
vn -0.6983 -0.0168 -0.7156
vn -0.8947 -0.4406 -0.0733
vn -0.9216 0.3045 0.2406
vn -0.9216 0.3045 0.2406
vn 0.6629 0.6751 -0.3238
vn 0.2527 0.0068 0.9675
vn 0.2527 0.0068 0.9675
vn -0.6420 0.2786 0.7143
vn -0.6420 0.2786 0.7143
vn 0.6952 -0.0977 0.7121
vn 0.6952 -0.0977 0.7121
vn 0.6952 -0.0977 0.7121
vn 0.6952 -0.0977 0.7121
vn -0.9943 0.0525 0.0929
vn -0.9943 0.0525 0.0929
vn -0.9943 0.0525 0.0929
vn -0.9943 0.0525 0.0929
vn -0.8526 0.4198 -0.3113
vn -0.7285 -0.4143 0.5456
vn -0.7285 -0.4143 0.5456
vn 0.1527 -0.2140 0.9648
vn -0.7426 0.0346 0.6688
vn -0.8126 0.2204 -0.5395
vn -0.8126 0.2204 -0.5395
vn 0.5351 -0.5430 0.6472
vn 0.5351 -0.5430 0.6472
vn 0.4294 0.9025 0.0323
vn -0.9871 0.1135 -0.1128
vn -0.9871 0.1135 -0.1128
vn -0.9318 0.2718 -0.2404
vn -0.9318 0.2718 -0.2404
vn -0.9200 0.0052 -0.3918
vn -0.8950 0.3966 0.2040
vn -0.8950 0.3966 0.2040
vn -0.6996 -0.5382 -0.4700
vn -0.6996 -0.5382 -0.4700
vn -0.3106 0.3344 0.8898
vn -0.3106 0.3344 0.8898
vn 0.6482 -0.6995 0.3007
vn 0.6482 -0.6995 0.3007
vn 0.5871 0.0583 0.8074
vn 0.5871 0.0583 0.8074
vn 0.8168 -0.2549 -0.5176
vn 0.8168 -0.2549 -0.5176
vn 0.5124 -0.5861 0.6277
vn 0.5124 -0.5861 0.6277
vn 0.9848 -0.1097 0.1348
vn 0.9848 -0.1097 0.1348
vn -0.4980 0.1966 0.8446
vn -0.4980 0.1966 0.8446
vn -0.8295 0.5107 0.2261
vn -0.3133 0.2211 0.9236
vn -0.3133 0.2211 0.9236
vn 0.1608 -0.2677 0.9500
vn 0.1608 -0.2677 0.9500
vn 0.1608 -0.2677 0.9500
vn -0.9692 0.2273 -0.0949
vn -0.9474 0.2751 -0.1635
vn -0.8628 0.2503 -0.4393
vn 0.2477 -0.5006 -0.8295
vn 0.2477 -0.5006 -0.8295
vn 0.2477 -0.5006 -0.8295
vn -0.4033 -0.8413 0.3600
vn -0.4033 -0.8413 0.3600
vn -0.6649 -0.0032 0.7469
vn -0.6649 -0.0032 0.7469
vn -0.6649 -0.0032 0.7469
vn -0.0322 -0.0314 -0.9990
vn -0.0322 -0.0314 -0.9990
vn -0.0322 -0.0314 -0.9990
vn -0.2687 0.2954 0.9168
vn -0.2687 0.2954 0.9168
vn -0.4729 -0.3654 0.8018
vn -0.4729 -0.3654 0.8018
vn -0.4729 -0.3654 0.8018
vn -0.6801 0.0694 -0.7299
vn -0.6801 0.0694 -0.7299
vn -0.6801 0.0694 -0.7299
vn 0.7616 -0.1331 0.6343
vn 0.0772 -0.9846 -0.1567
vn 0.0772 -0.9846 -0.1567
vn 0.0772 -0.9846 -0.1567
vn 0.0772 -0.9846 -0.1567
vn -0.6536 -0.7371 -0.1715
vn -0.6536 -0.7371 -0.1715
vn -0.6536 -0.7371 -0.1715
vn -0.6536 -0.7371 -0.1715
vn -0.9619 0.0642 0.2656
vn -0.8116 -0.1227 0.5712
vn -0.9159 -0.3093 -0.2561
vn -0.9159 -0.3093 -0.2561
vn -0.9159 -0.3093 -0.2561
vn -0.9159 -0.3093 -0.2561
vn -0.9938 0.0460 0.1009
vn -0.9456 0.3229 0.0394
vn -0.8282 0.3431 0.4431
vn -0.9301 0.3187 -0.1828
vn -0.9301 0.3187 -0.1828
vn -0.8325 -0.5477 -0.0832
vn -0.8325 -0.5477 -0.0832
vn -0.8712 -0.3794 -0.3116
vn -0.8712 -0.3794 -0.3116
vn 0.4968 0.4885 0.7173
vn 0.4968 0.4885 0.7173
vn 0.4968 0.4885 0.7173
vn 0.4132 0.2503 -0.8756
vn 0.4132 0.2503 -0.8756
vn 0.9207 0.1122 -0.3738
vn 0.6932 -0.6199 0.3676
vn 0.6932 -0.6199 0.3676
vn 0.6932 -0.6199 0.3676
vn 0.0000 0.0000 0.0000
vn 0.0000 0.0000 0.0000
vn -0.1035 0.0253 -0.9943
vn -0.1035 0.0253 -0.9943
vn -0.1035 0.0253 -0.9943
vn 0.4683 -0.4391 0.7667
vn 0.4683 -0.4391 0.7667
vn -0.2886 -0.5252 0.8006
vn -0.2886 -0.5252 0.8006
vn -0.9800 0.1701 0.1032
vn -0.8178 0.2678 -0.5094
vn -0.2437 0.1566 -0.9571
vn -0.2437 0.1566 -0.9571
vn -0.2437 0.1566 -0.9571
vn -0.2437 0.1566 -0.9571
vn -0.2437 0.1566 -0.9571
vn -0.2437 0.1566 -0.9571
vn -0.1816 -0.3988 -0.8989
vn -0.1816 -0.3988 -0.8989
vn -0.1816 -0.3988 -0.8989
vn -0.1816 -0.3988 -0.8989
vn 0.0000 0.0000 0.0000
vn 0.0000 0.0000 0.0000
vn -0.8629 0.3606 -0.3540
vn -0.8629 0.3606 -0.3540
vn -0.8629 0.3606 -0.3540
vn -0.5809 0.0808 -0.8100
vn -0.5809 0.0808 -0.8100
vn -0.5809 0.0808 -0.8100
vn -0.8756 -0.2985 0.3799
vn -0.6746 -0.6838 0.2782
vn 0.7018 0.5539 0.4481
vn 0.7018 0.5539 0.4481
vn -0.1519 0.9208 0.3592
vn -0.1519 0.9208 0.3592
vn -0.1519 0.9208 0.3592
vn 0.4759 0.8791 0.0249
vn 0.7647 -0.6098 0.2084
vn 0.7647 -0.6098 0.2084
vn 0.0951 -0.1833 0.9784
vn 0.0951 -0.1833 0.9784
vn 0.7613 0.6385 -0.1133
vn 0.5662 -0.2507 0.7852
vn 0.5662 -0.2507 0.7852
vn 0.0747 -0.4304 0.8996
vn 0.0747 -0.4304 0.8996
vn 0.0747 -0.4304 0.8996
vn -0.8363 0.1860 0.5157
vn -0.9191 0.1792 -0.3508
vn -0.9191 0.1792 -0.3508
vn -0.9191 0.1792 -0.3508
vn -0.7692 0.3950 0.5023
vn -0.8359 -0.3872 0.3891
vn -0.8359 -0.3872 0.3891
vn -0.3457 -0.1353 -0.9285
vn 0.7550 0.3744 0.5383
vn 0.8542 0.0989 -0.5105
vn 0.8542 0.0989 -0.5105
vn 0.8542 0.0989 -0.5105
vn 0.5480 0.5329 -0.6448
vn 0.5480 0.5329 -0.6448
vn 0.6435 -0.6209 -0.4476
vn 0.6435 -0.6209 -0.4476
vn 0.6435 -0.6209 -0.4476
vn -0.6255 -0.7672 0.1419
vn -0.6255 -0.7672 0.1419
vn -0.6255 -0.7672 0.1419
vn -0.6255 -0.7672 0.1419
vn -0.6255 -0.7672 0.1419
vn -0.6255 -0.7672 0.1419
vn -0.5943 -0.1202 -0.7952
vn -0.5943 -0.1202 -0.7952
vn -0.5943 -0.1202 -0.7952
vn -0.7974 0.0778 -0.5984
vn -0.7725 0.0200 -0.6346
vn -0.6677 0.1039 0.7371
vn -0.6677 0.1039 0.7371
vn -0.8058 0.5488 0.2225
vn -0.8058 0.5488 0.2225
vn -0.8148 0.2578 -0.5192
vn -0.8148 0.2578 -0.5192
vn -0.8148 0.2578 -0.5192
vn -0.8148 0.2578 -0.5192
vn -0.9234 0.3494 0.1591
vn -0.9234 0.3494 0.1591
vn -0.9234 0.3494 0.1591
vn -0.9234 0.3494 0.1591
vn -0.3606 -0.7168 0.5969
vn -0.3606 -0.7168 0.5969
vn -0.3606 -0.7168 0.5969
vn -0.9169 -0.2413 0.3180
vn -0.9169 -0.2413 0.3180
vn -0.0977 -0.9691 -0.2263
vn -0.0977 -0.9691 -0.2263
vn -0.0977 -0.9691 -0.2263
vn -0.0977 -0.9691 -0.2263
vn -0.0977 -0.9691 -0.2263
vn -0.2375 -0.3224 -0.9163
vn -0.2375 -0.3224 -0.9163
vn -0.2375 -0.3224 -0.9163
vn -0.2375 -0.3224 -0.9163
vn -0.7917 -0.4497 0.4135
vn -0.7917 -0.4497 0.4135
vn -0.5340 0.2433 0.8097
vn 0.5556 0.6771 0.4826
vn 0.5556 0.6771 0.4826
vn 0.5556 0.6771 0.4826
vn -0.5567 0.7329 -0.3910
vn -0.5567 0.7329 -0.3910
vn 0.5558 -0.8226 -0.1201
vn 0.5558 -0.8226 -0.1201
vn 0.5558 -0.8226 -0.1201
vn 0.5558 -0.8226 -0.1201
vn 0.5968 -0.7221 0.3499
vn 0.5968 -0.7221 0.3499
vn 0.5968 -0.7221 0.3499
vn -0.6612 -0.1749 -0.7295
vn -0.6612 -0.1749 -0.7295
vn -0.7738 0.5244 0.3554
vn -0.7738 0.5244 0.3554
vn -0.7738 0.5244 0.3554
vn -0.8760 -0.1184 -0.4676
vn -0.8068 -0.3006 0.5087
vn -0.8068 -0.3006 0.5087
vn -0.2730 0.0050 0.9620
vn 0.2344 0.1513 -0.9603
vn 0.2344 0.1513 -0.9603
vn 0.1658 -0.9616 -0.2187
vn 0.8932 0.2417 0.3792
vn 0.8932 0.2417 0.3792
vn 0.9192 -0.3124 0.2398
vn 0.0845 -0.8798 0.4678
vn 0.0845 -0.8798 0.4678
vn -0.0388 -0.0967 0.9946
vn -0.0388 -0.0967 0.9946
vn -0.0388 -0.0967 0.9946
vn -0.1388 0.2170 -0.9663
vn -0.1388 0.2170 -0.9663
vn -0.8440 0.3692 0.3891
vn -0.8440 0.3692 0.3891
vn -0.7460 0.6510 0.1406
vn -0.7460 0.6510 0.1406
vn 0.3151 -0.2852 0.9052
vn 0.3151 -0.2852 0.9052
vn -0.0639 -0.8810 -0.4687
vn -0.0639 -0.8810 -0.4687
vn -0.0639 -0.8810 -0.4687
vn -0.9415 -0.3232 -0.0958
vn -0.8646 -0.3248 0.3834
vn -0.5874 -0.3935 0.7072
vn -0.5874 -0.3935 0.7072
vn -0.6449 -0.0578 -0.7621
vn -0.6449 -0.0578 -0.7621
vn -0.2879 0.3318 0.8983
vn -0.2879 0.3318 0.8983
vn -0.7097 0.4990 0.4973
vn -0.7097 0.4990 0.4973
vn -0.7097 0.4990 0.4973
vn -0.7769 0.5110 0.3677
vn -0.7769 0.5110 0.3677
vn -0.7769 0.5110 0.3677
vn -0.7769 0.5110 0.3677
vn 0.0000 -0.0000 0.0000
vn 0.0000 -0.0000 0.0000
vn 0.4690 -0.8038 -0.3660
vn 0.4690 -0.8038 -0.3660
vn -0.2967 -0.4014 0.8665
vn -0.2967 -0.4014 0.8665
vn -0.2967 -0.4014 0.8665
vn 0.0000 0.0000 0.0000
vn 0.0000 0.0000 0.0000
vn -0.5103 -0.0796 0.8563
vn -0.5103 -0.0796 0.8563
vn -0.5990 -0.1116 -0.7930
vn -0.5990 -0.1116 -0.7930
vn -0.5990 -0.1116 -0.7930
vn -0.8737 0.3039 0.3799
vn -0.8220 0.5393 0.1830
vn -0.3024 -0.0535 -0.9517
vn -0.3024 -0.0535 -0.9517
vn 0.7895 0.3950 -0.4697
vn 0.7895 0.3950 -0.4697
vn 0.7895 0.3950 -0.4697
vn 0.8541 0.5184 0.0425
vn 0.8541 0.5184 0.0425
vn 0.3211 -0.8716 0.3705
vn 0.3211 -0.8716 0.3705
vn 0.0000 0.0000 0.0000
vn 0.0000 0.0000 0.0000
vn -0.1116 0.0898 0.9897
vn -0.1116 0.0898 0.9897
vn 0.0979 -0.1471 0.9843
vn -0.4208 0.0386 -0.9063
vn -0.4208 0.0386 -0.9063
vn -0.6988 0.2346 -0.6758
vn -0.6988 0.2346 -0.6758
vn -0.9399 -0.0172 -0.3410
vn -0.9399 -0.0172 -0.3410
vn -0.9399 -0.0172 -0.3410
vn -0.9399 -0.0172 -0.3410
vn -0.8217 0.2352 0.5191
vn -0.8217 0.2352 0.5191
vn -0.8217 0.2352 0.5191
vn -0.8217 0.2352 0.5191
vn -0.9417 0.3233 0.0929
vn -0.9892 0.0284 0.1440
vn -0.9892 0.0284 0.1440
vn -0.9892 0.0284 0.1440
vn -0.9746 -0.2073 0.0852
vn -0.9746 -0.2073 0.0852
vn -0.9746 -0.2073 0.0852
vn -0.9575 -0.2329 0.1702
vn -0.5472 -0.8311 0.0989
vn -0.5472 -0.8311 0.0989
vn -0.1231 -0.0362 -0.9917
vn -0.1231 -0.0362 -0.9917
vn -0.1231 -0.0362 -0.9917
vn -0.1231 -0.0362 -0.9917
vn -0.1231 -0.0362 -0.9917
vn 0.5856 0.7800 -0.2207
vn -0.4077 0.6977 -0.5891
vn -0.5035 -0.8250 0.2568
vn -0.5035 -0.8250 0.2568
vn -0.6824 -0.0701 0.7276
vn -0.6824 -0.0701 0.7276
vn -0.6976 -0.4267 0.5756
vn -0.6976 -0.4267 0.5756
vn -0.6976 -0.4267 0.5756
vn -0.8069 0.0171 0.5904
vn -0.8069 0.0171 0.5904
vn -0.7577 0.2488 0.6033
vn -0.7577 0.2488 0.6033
vn -0.7577 0.2488 0.6033
vn 0.6745 0.4747 0.5655
vn 0.6745 0.4747 0.5655
vn 0.0519 0.9984 0.0242
vn 0.0519 0.9984 0.0242
vn 0.0519 0.9984 0.0242
vn 0.9618 -0.2719 -0.0324
vn 0.9618 -0.2719 -0.0324
vn 0.4708 -0.7845 -0.4037
vn 0.4708 -0.7845 -0.4037
vn 0.4708 -0.7845 -0.4037
vn 0.4708 -0.7845 -0.4037
vn -0.2917 0.1889 0.9377
vn -0.2917 0.1889 0.9377
vn -0.0811 -0.1790 0.9805
vn -0.0811 -0.1790 0.9805
vn -0.5452 0.0450 0.8371
vn -0.5984 0.1200 0.7922
vn -0.5984 0.1200 0.7922
vn -0.8320 0.0394 -0.5534
vn -0.8320 0.0394 -0.5534
vn -0.1056 -0.2001 -0.9741
vn -0.1056 -0.2001 -0.9741
vn -0.8916 -0.2960 0.3427
vn -0.8916 -0.2960 0.3427
vn -0.6284 -0.0708 0.7747
vn -0.6284 -0.0708 0.7747
vn -0.6284 -0.0708 0.7747
vn 0.0145 0.0535 -0.9985
vn 0.0145 0.0535 -0.9985
vn 0.0416 0.4048 -0.9134
vn 0.0416 0.4048 -0.9134
vn 0.0416 0.4048 -0.9134
vn -0.0967 0.9847 0.1452
vn -0.3942 -0.8808 -0.2622
vn -0.3942 -0.8808 -0.2622
vn -0.3942 -0.8808 -0.2622
vn 0.2396 -0.7881 -0.5670
vn -0.2822 -0.4515 0.8465
vn -0.2822 -0.4515 0.8465
vn -0.2822 -0.4515 0.8465
vn -0.8516 0.0725 -0.5191
vn -0.8516 0.0725 -0.5191
vn -0.8508 0.4794 0.2153
vn -0.8483 0.2787 -0.4503
vn -0.8483 0.2787 -0.4503
vn -0.8483 0.2787 -0.4503
vn -0.6881 0.2286 0.6886
vn -0.6881 0.2286 0.6886
vn -0.6983 -0.6403 -0.3200
vn -0.8763 -0.3984 -0.2710
vn 0.7974 0.5773 -0.1756
vn 0.7974 0.5773 -0.1756
vn 0.7974 0.5773 -0.1756
vn 0.9833 0.1353 -0.1216
vn 0.3416 -0.3730 0.8627
vn 0.3416 -0.3730 0.8627
vn -0.5330 -0.0398 0.8452
vn -0.5330 -0.0398 0.8452
vn -0.5644 -0.4050 0.7193
vn -0.6139 -0.0027 -0.7894
vn -0.6139 -0.0027 -0.7894
vn -0.5735 0.1045 -0.8125
vn -0.8902 0.3087 0.3350
vn -0.8443 0.4833 0.2316
vn -0.6190 -0.4073 -0.6716
vn -0.6190 -0.4073 -0.6716
vn -0.3855 -0.6844 -0.6189
vn -0.3855 -0.6844 -0.6189
vn -0.9151 -0.1907 0.3553
vn -0.8555 0.1881 0.4824
vn -0.5565 -0.6636 0.4999
vn -0.5565 -0.6636 0.4999
vn -0.5565 -0.6636 0.4999
vn -0.5565 -0.6636 0.4999
vn -0.4724 0.2882 -0.8329
vn -0.9249 -0.1012 0.3665
vn -0.9249 -0.1012 0.3665
vn -0.6691 -0.7237 0.1692
vn -0.7147 -0.4245 -0.5558
vn 0.5811 -0.8107 0.0713
vn 0.5811 -0.8107 0.0713
vn 0.4118 -0.8861 -0.2126
vn 0.4118 -0.8861 -0.2126
vn -0.6859 -0.5631 0.4610
vn -0.6859 -0.5631 0.4610
vn -0.6859 -0.5631 0.4610
vn -0.7378 0.1935 -0.6467
vn -0.7378 0.1935 -0.6467
vn -0.6597 0.1469 -0.7370
vn -0.6597 0.1469 -0.7370
vn -0.5163 -0.0745 0.8531
vn -0.5163 -0.0745 0.8531
vn -0.8625 0.4823 0.1535
vn -0.7816 0.4451 0.4369
vn -0.7816 0.4451 0.4369
vn -0.7816 0.4451 0.4369
vn 0.6585 0.7449 0.1068
vn 0.6585 0.7449 0.1068
vn -0.5099 0.0486 -0.8588
vn -0.5099 0.0486 -0.8588
vn -0.3156 0.0434 -0.9479
vn -0.3156 0.0434 -0.9479
vn 0.0720 0.0896 -0.9934
vn 0.0720 0.0896 -0.9934
vn -0.2857 -0.0551 -0.9567
vn -0.2857 -0.0551 -0.9567
vn -0.9475 -0.1270 0.2936
vn -0.8259 0.0363 0.5627
vn -0.8259 0.0363 0.5627
vn -0.8259 0.0363 0.5627
vn -0.8259 0.0363 0.5627
vn -0.8259 0.0363 0.5627
vn -0.8259 0.0363 0.5627
vn -0.1645 0.7750 0.6102
vn -0.1645 0.7750 0.6102
vn -0.9727 -0.2308 0.0230
vn -0.7948 -0.4939 0.3527
vn -0.7948 -0.4939 0.3527
vn 0.7568 0.6524 0.0388
vn 0.7568 0.6524 0.0388
vn 0.7540 0.6061 0.2533
vn 0.7540 0.6061 0.2533
vn 0.7540 0.6061 0.2533
vn -0.2591 0.8414 -0.4742
vn -0.2591 0.8414 -0.4742
vn -0.8366 -0.0039 0.5477
vn -0.8366 -0.0039 0.5477
vn -0.5788 -0.4330 -0.6910
vn -0.5788 -0.4330 -0.6910
vn -0.7560 -0.1746 0.6308
vn -0.7560 -0.1746 0.6308
vn -0.6168 0.2841 0.7340
vn -0.6168 0.2841 0.7340
vn 0.1782 0.1971 0.9641
vn 0.1782 0.1971 0.9641
vn 0.4512 0.6717 0.5876
vn 0.4512 0.6717 0.5876
vn 0.4512 0.6717 0.5876
vn 0.4512 0.6717 0.5876
vn -0.2973 -0.0189 0.9546
vn -0.3061 -0.1764 0.9355
vn -0.3061 -0.1764 0.9355
vn -0.5750 -0.0617 -0.8158
vn -0.5750 -0.0617 -0.8158
vn -0.5750 -0.0617 -0.8158
vn -0.8459 0.0440 -0.5315
vn -0.4512 -0.1201 -0.8843
vn -0.4512 -0.1201 -0.8843
vn -0.3677 0.0257 -0.9296
vn -0.3677 0.0257 -0.9296
vn -0.8565 -0.1167 0.5028
vn -0.8565 -0.1167 0.5028
vn -0.5309 0.6674 -0.5222
vn -0.5309 0.6674 -0.5222
vn -0.5460 0.1575 0.8228
vn -0.5460 0.1575 0.8228
vn -0.5641 -0.1221 0.8166
vn -0.5641 -0.1221 0.8166
vn -0.4587 -0.2381 0.8561
vn -0.4587 -0.2381 0.8561
vn -0.8867 -0.4258 0.1802
vn -0.4515 -0.2236 0.8638
vn -0.4515 -0.2236 0.8638
vn -0.0418 0.1974 0.9794
vn -0.0418 0.1974 0.9794
vn -0.0418 0.1974 0.9794
vn -0.9568 0.0798 -0.2795
vn -0.9568 0.0798 -0.2795
vn -0.9568 0.0798 -0.2795
vn -0.8605 -0.4497 0.2395
vn -0.8605 -0.4497 0.2395
vn -0.2951 -0.6802 -0.6710
vn -0.5908 -0.4327 0.6810
vn -0.5908 -0.4327 0.6810
vn -0.0359 -0.9630 -0.2672
vn -0.0359 -0.9630 -0.2672
vn -0.6599 -0.1218 -0.7414
vn -0.6599 -0.1218 -0.7414
vn 0.0000 0.0000 0.0000
vn 0.0000 0.0000 0.0000
vn -0.5675 -0.2642 -0.7798
vn 0.2366 -0.9613 0.1415
vn 0.2366 -0.9613 0.1415
vn -0.7393 0.2017 0.6425
vn -0.7393 0.2017 0.6425
vn -0.5626 0.3592 0.7446
vn -0.5626 0.3592 0.7446
vn -0.5626 0.3592 0.7446
vn -0.6468 0.1708 -0.7433
vn -0.6468 0.1708 -0.7433
vn -0.4807 -0.1156 -0.8693
vn -0.4933 0.6834 0.5382
vn -0.4933 0.6834 0.5382
vn -0.7223 0.6908 0.0324
vn -0.7223 0.6908 0.0324
vn -0.7223 0.6908 0.0324
vn 0.4157 0.7267 0.5470
vn 0.4157 0.7267 0.5470
vn 0.4157 0.7267 0.5470
vn 0.4157 0.7267 0.5470
vn 0.4157 0.7267 0.5470
vn 0.1731 0.0734 -0.9822
vn 0.1731 0.0734 -0.9822
vn -0.5686 -0.2468 0.7847
vn -0.5686 -0.2468 0.7847
vn -0.1268 -0.0684 0.9896
vn -0.1268 -0.0684 0.9896
vn 0.6001 -0.3632 -0.7127
vn 0.6001 -0.3632 -0.7127
vn 0.3544 -0.5860 -0.7287
vn 0.3544 -0.5860 -0.7287
vn -0.4182 -0.0740 0.9054
vn -0.4182 -0.0740 0.9054
vn -0.2632 -0.1760 0.9486
vn -0.2632 -0.1760 0.9486
vn -0.5760 -0.0216 0.8172
vn -0.4932 0.2920 -0.8195
vn -0.4932 0.2920 -0.8195
vn -0.3568 -0.2214 -0.9076
vn -0.3568 -0.2214 -0.9076
vn -0.1888 -0.7734 -0.6051
vn -0.6513 -0.4862 0.5826
vn -0.6513 -0.4862 0.5826
vn -0.6513 -0.4862 0.5826
vn -0.6513 -0.4862 0.5826
vn -0.1964 -0.0404 -0.9797
vn -0.1964 -0.0404 -0.9797
vn -0.1964 -0.0404 -0.9797
vn -0.3085 0.3735 -0.8748
vn -0.6664 -0.1591 0.7284
vn -0.6664 -0.1591 0.7284
vn -0.6664 -0.1591 0.7284
vn -0.2445 0.6356 0.7323
vn 0.0467 0.6524 0.7564
vn 0.0467 0.6524 0.7564
vn -0.1589 0.4823 -0.8615
vn -0.1589 0.4823 -0.8615
vn -0.1589 0.4823 -0.8615
vn -0.5180 0.5780 0.6305
vn -0.5180 0.5780 0.6305
vn -0.0908 0.8986 0.4292
vn -0.0908 0.8986 0.4292
vn -0.4172 0.4770 -0.7736
vn -0.4172 0.4770 -0.7736
vn -0.6423 -0.1222 0.7567
vn -0.6423 -0.1222 0.7567
vn -0.4671 -0.7177 -0.5164
vn 0.4218 -0.9032 -0.0792
vn -0.7720 0.2977 0.5617
vn -0.7720 0.2977 0.5617
vn -0.4443 0.0359 0.8951
vn -0.4443 0.0359 0.8951
vn -0.4443 0.0359 0.8951
vn -0.5130 0.6692 -0.5376
vn -0.5130 0.6692 -0.5376
vn -0.5130 0.6692 -0.5376
vn 0.3854 0.6867 -0.6163
vn 0.3854 0.6867 -0.6163
vn 0.3854 0.6867 -0.6163
vn -0.0994 0.5145 -0.8517
vn -0.4603 -0.3903 0.7974
vn -0.4603 -0.3903 0.7974
vn -0.1047 -0.2025 -0.9737
vn -0.6266 -0.0091 -0.7793
vn -0.6266 -0.0091 -0.7793
vn -0.5632 0.4500 -0.6930
vn -0.5632 0.4500 -0.6930
vn -0.3901 -0.1413 0.9098
vn -0.5880 0.2106 0.7810
vn -0.5880 0.2106 0.7810
vn -0.2184 -0.7326 -0.6447
vn -0.3440 0.3348 0.8773
vn 0.6706 0.6148 0.4151
vn 0.6706 0.6148 0.4151
vn -0.3263 -0.8809 -0.3427
vn -0.3192 0.2988 0.8993
vn -0.3636 -0.4152 -0.8339
vn 0.1780 -0.9838 -0.0195
vn -0.5818 -0.1138 0.8053
vn -0.2897 0.6830 -0.6705
vn -0.2897 0.6830 -0.6705
vn -0.6794 0.7017 0.2146
vn -0.6794 0.7017 0.2146
vn -0.2218 0.8792 0.4218
vn -0.2218 0.8792 0.4218
vn 0.9169 -0.3520 0.1883
vn 0.9169 -0.3520 0.1883
vn 0.1759 -0.1426 0.9740
vn 0.1759 -0.1426 0.9740
vn -0.3561 -0.1008 0.9290
vn -0.3561 -0.1008 0.9290
vn -0.3561 -0.1008 0.9290
vn 0.1684 0.0137 -0.9856
vn 0.6990 -0.6422 0.3145
vn 0.6990 -0.6422 0.3145
vn -0.0800 -0.0456 -0.9958
vn 0.0152 -0.2907 0.9567
vn 0.0152 -0.2907 0.9567
vn 0.7889 0.0918 -0.6076
vn 0.7889 0.0918 -0.6076
vn 0.7889 0.0918 -0.6076
vn 0.0614 -0.0983 0.9933
vn 0.0614 -0.0983 0.9933
vn 0.0614 -0.0983 0.9933
vn -0.1631 0.0110 -0.9866
vn -0.5743 0.2511 0.7791
vn -0.2135 0.1076 -0.9710
vn 0.0005 -0.0808 0.9967
vn 0.0005 -0.0808 0.9967
vn 0.0005 -0.0808 0.9967
vn 0.0005 -0.0808 0.9967
vn 0.0005 -0.0808 0.9967
vn -0.2918 0.0440 -0.9555
vn -0.2918 0.0440 -0.9555
vn -0.2918 0.0440 -0.9555
vn -0.5207 -0.5335 0.6666
vn -0.5207 -0.5335 0.6666
vn 0.3994 0.8606 0.3159
vn -0.6146 -0.1875 0.7662
vn -0.6146 -0.1875 0.7662
vn -0.6399 0.0165 0.7683
vn -0.5862 -0.4029 -0.7028
vn 0.2405 -0.6679 0.7043
vn 0.2405 -0.6679 0.7043
vn -0.3749 0.4806 -0.7928
vn -0.3749 0.4806 -0.7928
vn 0.6469 0.6415 0.4124
vn 0.6469 0.6415 0.4124
vn 0.0150 -0.5445 -0.8386
vn 0.0150 -0.5445 -0.8386
vn 0.0150 -0.5445 -0.8386
vn -0.0632 -0.0985 0.9931
vn 0.0312 -0.4499 0.8925
vn -0.2326 0.0826 0.9691
vn -0.5779 -0.3621 0.7314
vn -0.5779 -0.3621 0.7314
vn -0.3290 -0.5331 0.7795
vn -0.3290 -0.5331 0.7795
vn -0.3514 0.0505 0.9349
vn -0.4384 0.0643 0.8965
vn -0.4384 0.0643 0.8965
vn 0.2961 -0.4699 0.8316
vn 0.2961 -0.4699 0.8316
vn 0.2961 -0.4699 0.8316
vn 0.2961 -0.4699 0.8316
vn -0.1185 0.0463 0.9919
vn 0.0514 0.1195 -0.9915
vn 0.0514 0.1195 -0.9915
vn -0.4222 -0.4638 0.7789
vn -0.4222 -0.4638 0.7789
vn -0.4222 -0.4638 0.7789
vn -0.4222 -0.4638 0.7789
vn -0.1325 0.6915 0.7101
vn -0.1325 0.6915 0.7101
vn -0.3007 0.3856 0.8723
vn -0.3007 0.3856 0.8723
vn -0.3007 0.3856 0.8723
vn -0.3007 0.3856 0.8723
vn 0.4953 0.8636 0.0945
vn 0.4953 0.8636 0.0945
vn -0.2695 0.5868 0.7636
vn -0.5215 0.0191 0.8531
vn -0.4161 -0.5670 -0.7109
vn -0.4389 0.5031 0.7445
vn -0.4389 0.5031 0.7445
vn -0.4389 0.5031 0.7445
vn -0.4389 0.5031 0.7445
vn -0.3105 0.4250 -0.8503
vn -0.5622 0.5007 -0.6582
vn 0.1321 -0.1822 -0.9743
vn 0.1321 -0.1822 -0.9743
vn 0.3549 -0.9191 0.1713
vn 0.3128 -0.2432 -0.9181
vn 0.3128 -0.2432 -0.9181
vn -0.1739 0.1269 -0.9766
vn -0.1739 0.1269 -0.9766
vn 0.0001 -0.1813 -0.9834
vn 0.0001 -0.1813 -0.9834
vn -0.5725 0.1414 0.8076
vn -0.5725 0.1414 0.8076
vn -0.4421 0.0905 0.8924
vn 0.1118 0.1564 -0.9813
vn 0.5145 0.8211 0.2473
vn -0.6391 -0.4494 0.6242
vn -0.6391 -0.4494 0.6242
vn -0.2331 0.8302 -0.5064
vn -0.2331 0.8302 -0.5064
vn -0.5042 -0.4752 0.7210
vn -0.5042 -0.4752 0.7210
vn -0.5042 -0.4752 0.7210
vn -0.5226 -0.6859 -0.5065
vn -0.6136 -0.4757 -0.6302
vn -0.6136 -0.4757 -0.6302
vn -0.5816 0.3637 -0.7276
vn -0.4600 -0.3686 -0.8078
vn -0.1732 0.9500 -0.2600
vn -0.1732 0.9500 -0.2600
vn 0.5747 -0.6507 0.4963
vn 0.5747 -0.6507 0.4963
vn 0.5747 -0.6507 0.4963
vn 0.5747 -0.6507 0.4963
vn 0.1802 -0.9732 0.1430
vn 0.1802 -0.9732 0.1430
vn 0.1802 -0.9732 0.1430
vn -0.8435 -0.4702 0.2595
vn -0.8435 -0.4702 0.2595
vn -0.3210 -0.0974 -0.9420
vn -0.3210 -0.0974 -0.9420
vn -0.0927 0.0246 -0.9954
vn -0.2457 -0.2348 0.9405
vn -0.0883 -0.1597 -0.9832
vn -0.4677 -0.8176 -0.3359
vn -0.4677 -0.8176 -0.3359
vn -0.4677 -0.8176 -0.3359
vn -0.4677 -0.8176 -0.3359
vn -0.6109 -0.5539 0.5657
vn -0.6109 -0.5539 0.5657
vn -0.6109 -0.5539 0.5657
vn -0.3919 0.0391 -0.9192
vn -0.3919 0.0391 -0.9192
vn 0.1191 0.9899 -0.0768
vn -0.1043 0.5750 -0.8115
vn -0.1043 0.5750 -0.8115
vn -0.2499 -0.8860 -0.3906
vn -0.4836 -0.0134 0.8752
vn -0.9024 -0.1510 0.4035
vn -0.9024 -0.1510 0.4035
vn -0.6219 -0.1736 -0.7636
vn -0.1460 0.3051 0.9411
vn -0.3732 0.3663 -0.8524
vn -0.3791 0.1798 -0.9077
vn -0.7688 -0.6311 0.1032
vn -0.7688 -0.6311 0.1032
vn 0.4681 -0.7290 -0.4995
vn 0.4681 -0.7290 -0.4995
vn 0.1697 -0.2204 -0.9605
vn 0.1697 -0.2204 -0.9605
vn -0.1772 -0.0433 0.9832
vn -0.2620 -0.9337 0.2443
vn -0.2620 -0.9337 0.2443
vn 0.0271 -0.6056 0.7953
vn 0.0271 -0.6056 0.7953
vn -0.1707 0.0599 -0.9835
vn -0.1707 0.0599 -0.9835
vn -0.4438 -0.0030 0.8961
vn -0.4438 -0.0030 0.8961
vn -0.4438 -0.0030 0.8961
vn -0.4438 -0.0030 0.8961
vn -0.4136 0.2225 -0.8828
vn -0.4136 0.2225 -0.8828
vn -0.1564 0.9272 -0.3405
vn -0.1564 0.9272 -0.3405
vn -0.0167 0.8229 0.5679
vn -0.2945 -0.9373 -0.1866
vn -0.1079 0.4041 -0.9084
vn -0.5953 -0.6730 0.4389
vn -0.5953 -0.6730 0.4389
vn -0.5953 -0.6730 0.4389
vn -0.8361 0.4837 -0.2590
vn -0.8361 0.4837 -0.2590
vn -0.8361 0.4837 -0.2590
vn -0.4293 0.2486 0.8682
vn -0.5173 0.2894 0.8054
vn -0.5173 0.2894 0.8054
vn 0.0135 0.9873 -0.1583
vn -0.3556 -0.6763 -0.6451
vn -0.3556 -0.6763 -0.6451
vn 0.0043 -0.0395 0.9992
vn -0.6374 -0.3228 0.6997
vn -0.6374 -0.3228 0.6997
vn -0.6711 -0.2506 0.6978
vn -0.6711 -0.2506 0.6978
vn -0.2579 -0.7967 -0.5465
vn -0.2579 -0.7967 -0.5465
vn -0.3607 -0.8996 -0.2464
vn -0.3607 -0.8996 -0.2464
vn -0.3607 -0.8996 -0.2464
vn 0.0000 0.0000 0.0000
vn 0.0000 0.0000 0.0000
vn -0.0457 0.3184 0.9468
vn -0.4619 -0.1039 0.8808
vn 0.2063 -0.1837 0.9611
vn 0.2063 -0.1837 0.9611
vn -0.0171 0.1287 0.9915
vn -0.0171 0.1287 0.9915
vn -0.4974 -0.0458 0.8663
vn -0.4974 -0.0458 0.8663
vn -0.4974 -0.0458 0.8663
vn -0.3938 0.2087 0.8952
vn -0.1498 0.1514 -0.9771
vn -0.1498 0.1514 -0.9771
vn -0.2401 0.3769 -0.8946
vn -0.4700 -0.0136 0.8826
vn -0.4700 -0.0136 0.8826
vn -0.2130 -0.9138 -0.3459
vn -0.2130 -0.9138 -0.3459
vn -0.4031 0.0614 0.9131
vn -0.3287 0.1576 -0.9312
vn 0.1515 0.3556 0.9223
vn 0.1680 0.8160 0.5530
vn 0.1680 0.8160 0.5530
vn 0.1680 0.8160 0.5530
vn -0.4248 0.6307 0.6495
vn -0.4248 0.6307 0.6495
vn -0.4248 0.6307 0.6495
vn -0.4248 0.6307 0.6495
vn -0.5567 0.8251 -0.0963
vn -0.5567 0.8251 -0.0963
vn -0.2888 0.9472 0.1394
vn -0.2755 -0.3155 0.9080
vn -0.2755 -0.3155 0.9080
vn -0.6088 -0.2254 -0.7606
vn -0.6088 -0.2254 -0.7606
vn 0.2431 -0.0720 0.9673
vn 0.2431 -0.0720 0.9673
vn -0.8619 -0.3127 0.3992
vn -0.8619 -0.3127 0.3992
vn -0.0600 -0.1180 0.9912
vn -0.0600 -0.1180 0.9912
vn -0.1308 -0.4581 0.8792
vn -0.1308 -0.4581 0.8792
vn 0.0160 -0.1889 0.9819
vn -0.4790 -0.5144 0.7114
vn -0.4790 -0.5144 0.7114
vn -0.4790 -0.5144 0.7114
vn -0.4790 -0.5144 0.7114
vn -0.4790 -0.5144 0.7114
vn -0.4790 -0.5144 0.7114
vn -0.4790 -0.5144 0.7114
vn -0.2650 0.2372 0.9346
vn -0.1015 0.0521 -0.9935
vn -0.0419 0.5759 -0.8164
vn -0.0419 0.5759 -0.8164
vn -0.3677 0.2509 -0.8955
vn -0.3677 0.2509 -0.8955
vn -0.3234 -0.9106 -0.2573
vn -0.3234 -0.9106 -0.2573
vn -0.3234 -0.9106 -0.2573
vn -0.3234 -0.9106 -0.2573
vn -0.0435 0.1798 0.9827
vn 0.3325 -0.3565 0.8731
vn 0.3325 -0.3565 0.8731
vn -0.1853 0.7708 -0.6096
vn -0.1853 0.7708 -0.6096
vn -0.6666 -0.6544 -0.3569
vn -0.6666 -0.6544 -0.3569
vn 0.0290 -0.0997 -0.9946
vn 0.0290 -0.0997 -0.9946
vn -0.0212 0.0070 -0.9998
vn -0.1712 0.0977 0.9804
vn -0.1712 0.0977 0.9804
vn -0.0000 0.0000 0.0000
vn -0.0000 0.0000 0.0000
vn -0.0000 0.0000 0.0000
vn -0.0000 0.0000 0.0000
vn -0.1460 -0.0087 -0.9892
vn -0.2915 0.2003 0.9354
vn -0.4202 0.1396 -0.8966
vn -0.8101 0.0538 0.5838
vn -0.8101 0.0538 0.5838
vn -0.5009 0.4836 -0.7178
vn -0.5009 0.4836 -0.7178
vn -0.5819 -0.2029 0.7876
vn -0.5819 -0.2029 0.7876
vn 0.6203 -0.7670 -0.1642
vn 0.6203 -0.7670 -0.1642
vn -0.8998 -0.4360 -0.0151
vn -0.8998 -0.4360 -0.0151
vn -0.3068 0.9312 -0.1970
vn -0.3068 0.9312 -0.1970
vn -0.3697 0.4145 -0.8315
vn -0.1174 0.0524 -0.9917
vn -0.1174 0.0524 -0.9917
vn -0.1174 0.0524 -0.9917
vn 0.1219 -0.3135 0.9417
vn 0.1219 -0.3135 0.9417
vn -0.6067 -0.6889 -0.3966
vn -0.6067 -0.6889 -0.3966
vn -0.6067 -0.6889 -0.3966
vn -0.1289 -0.7043 -0.6981
vn -0.1289 -0.7043 -0.6981
vn -0.1289 -0.7043 -0.6981
vn -0.1289 -0.7043 -0.6981
vn -0.6573 -0.0140 0.7535
vn -0.6573 -0.0140 0.7535
vn -0.6573 -0.0140 0.7535
vn -0.6573 -0.0140 0.7535
vn 0.1782 -0.2286 0.9571
vn 0.1782 -0.2286 0.9571
vn -0.0393 -0.4450 0.8947
vn -0.0393 -0.4450 0.8947
vn -0.1740 -0.5071 0.8442
vn -0.1740 -0.5071 0.8442
vn -0.1740 -0.5071 0.8442
vn -0.1740 -0.5071 0.8442
vn -0.1740 -0.5071 0.8442
vn -0.1740 -0.5071 0.8442
vn -0.1530 0.3127 -0.9375
vn 0.0358 0.1621 -0.9861
vn -0.3920 0.6187 0.6808
vn -0.3920 0.6187 0.6808
vn -0.2912 -0.7690 0.5690
vn -0.2912 -0.7690 0.5690
vn -0.2912 -0.7690 0.5690
vn -0.2912 -0.7690 0.5690
vn -0.0382 -0.9321 0.3602
vn -0.1609 0.3916 0.9059
vn -0.1609 0.3916 0.9059
vn 0.4063 -0.9128 0.0415
vn 0.4063 -0.9128 0.0415
vn -0.2180 0.0102 -0.9759
vn 0.4721 -0.5723 -0.6705
vn 0.4125 -0.6384 0.6498
vn 0.4125 -0.6384 0.6498
vn 0.0864 -0.2146 0.9729
vn 0.0864 -0.2146 0.9729
vn 0.2192 -0.3461 -0.9122
vn 0.1241 -0.3262 0.9371
vn 0.1241 -0.3262 0.9371
vn 0.3127 -0.9482 -0.0561
vn 0.3127 -0.9482 -0.0561
vn 0.1641 -0.1865 0.9687
vn 0.1641 -0.1865 0.9687
vn 0.0032 -0.1827 0.9832
vn 0.0032 -0.1827 0.9832
vn -0.5673 0.3357 0.7520
vn -0.3954 0.1195 -0.9107
vn -0.1053 -0.1940 0.9753
vn -0.4153 -0.2864 -0.8634
vn -0.4901 -0.4375 0.7539
vn -0.4901 -0.4375 0.7539
vn 0.2251 -0.7837 -0.5789
vn -0.6029 0.3738 0.7048
vn -0.5789 0.1735 0.7967
vn -0.5789 0.1735 0.7967
vn -0.4724 0.7766 -0.4167
vn -0.4724 0.7766 -0.4167
vn 0.0441 -0.2476 -0.9679
vn 0.0441 -0.2476 -0.9679
vn -0.2439 -0.1335 0.9606
vn -0.1341 -0.1312 0.9823
vn 0.2570 -0.1695 -0.9514
vn 0.2733 -0.8918 -0.3605
vn 0.2733 -0.8918 -0.3605
vn 0.2733 -0.8918 -0.3605
vn 0.2733 -0.8918 -0.3605
vn 0.2656 -0.1125 -0.9575
vn -0.0335 0.1166 0.9926
vn -0.0959 -0.9844 0.1479
vn -0.0959 -0.9844 0.1479
vn -0.1137 0.0268 -0.9932
vn 0.1835 0.1123 0.9766
vn -0.3612 -0.1789 0.9152
vn -0.7470 0.0198 0.6646
vn 0.1168 0.2092 0.9709
vn 0.1168 0.2092 0.9709
vn -0.1988 -0.2845 -0.9378
vn -0.1988 -0.2845 -0.9378
vn 0.0704 -0.2689 0.9606
vn 0.0704 -0.2689 0.9606
vn 0.0704 -0.2689 0.9606
vn -0.0773 0.3426 -0.9363
vn -0.0773 0.3426 -0.9363
vn -0.0328 -0.4304 0.9020
vn -0.0328 -0.4304 0.9020
vn -0.0528 -0.6836 0.7280
vn -0.0528 -0.6836 0.7280
vn -0.3420 -0.4625 -0.8180
vn -0.5290 -0.0875 -0.8441
vn -0.5290 -0.0875 -0.8441
vn -0.5290 -0.0875 -0.8441
vn -0.0793 0.9734 -0.2148
vn 0.1753 0.9815 -0.0770
vn 0.1753 0.9815 -0.0770
vn 0.1644 -0.0984 0.9815
vn 0.1644 -0.0984 0.9815
vn -0.2495 0.0583 -0.9666
vn -0.1767 -0.2474 -0.9527
vn -0.1767 -0.2474 -0.9527
vn -0.1767 -0.2474 -0.9527
vn 0.1062 -0.1280 0.9861
vn 0.1062 -0.1280 0.9861
vn -0.1610 0.1986 0.9668
vn -0.8834 0.2089 0.4195
vn -0.8834 0.2089 0.4195
vn -0.8834 0.2089 0.4195
vn -0.8834 0.2089 0.4195
vn -0.8834 0.2089 0.4195
vn 0.1572 0.7356 -0.6589
vn 0.1572 0.7356 -0.6589
vn -0.3761 0.4493 0.8103
vn -0.3761 0.4493 0.8103
vn -0.1138 0.4173 0.9016
vn -0.1138 0.4173 0.9016
vn -0.0079 -0.8541 -0.5200
vn -0.0079 -0.8541 -0.5200
vn -0.3694 -0.1493 -0.9172
vn 0.1230 -0.8763 -0.4658
vn 0.1230 -0.8763 -0.4658
vn -0.8332 -0.2750 0.4798
vn -0.8332 -0.2750 0.4798
vn -0.5834 0.7878 0.1974
vn -0.8784 -0.0797 0.4712
vn -0.8784 -0.0797 0.4712
vn -0.8784 -0.0797 0.4712
vn -0.8784 -0.0797 0.4712
vn 0.7094 -0.3841 -0.5909
vn 0.7094 -0.3841 -0.5909
vn 0.3125 -0.1517 0.9377
vn 0.3125 -0.1517 0.9377
vn 0.3125 -0.1517 0.9377
vn 0.0612 -0.2586 0.9640
vn -0.2425 -0.2673 -0.9326
vn -0.2425 -0.2673 -0.9326
vn 0.2618 0.2799 -0.9236
vn 0.4568 -0.7599 0.4624
vn 0.4568 -0.7599 0.4624
vn -0.4557 -0.8865 -0.0806
vn -0.1075 -0.8401 0.5317
vn -0.0021 -0.8854 -0.4649
vn -0.2025 -0.5187 0.8307
vn -0.2025 -0.5187 0.8307
vn -0.2025 -0.5187 0.8307
vn -0.2025 -0.5187 0.8307
vn -0.2498 -0.8604 0.4442
vn -0.2498 -0.8604 0.4442
vn -0.2498 -0.8604 0.4442
vn -0.1412 -0.9377 -0.3174
vn -0.1412 -0.9377 -0.3174
vn -0.1412 -0.9377 -0.3174
vn -0.4527 0.6466 -0.6140
vn -0.4527 0.6466 -0.6140
vn -0.4527 0.6466 -0.6140
vn -0.3484 0.3176 0.8819
vn -0.3484 0.3176 0.8819
vn -0.1766 0.5951 0.7840
vn -0.0219 0.4115 -0.9111
vn 0.0270 -0.9597 -0.2799
vn -0.5410 -0.8405 0.0298
vn -0.5410 -0.8405 0.0298
vn 0.1260 -0.4242 -0.8967
vn -0.0569 -0.2231 0.9731
vn -0.4159 0.9052 0.0872
vn -0.4159 0.9052 0.0872
vn -0.4159 0.9052 0.0872
vn -0.4159 0.9052 0.0872
vn 0.0469 0.2209 0.9742
vn 0.0469 0.2209 0.9742
vn 0.0469 0.2209 0.9742
vn 0.0469 0.2209 0.9742
vn 0.0469 0.2209 0.9742
vn 0.0469 0.2209 0.9742
vn 0.0469 0.2209 0.9742
vn 0.0469 0.2209 0.9742
vn 0.6106 -0.1545 0.7767
vn 0.6106 -0.1545 0.7767
vn 0.6106 -0.1545 0.7767
vn 0.6106 -0.1545 0.7767
vn 0.6106 -0.1545 0.7767
vn 0.0242 0.7220 -0.6915
vn 0.0242 0.7220 -0.6915
vn -0.0235 -0.9854 -0.1686
vn 0.9635 -0.2676 0.0015
vn 0.9635 -0.2676 0.0015
vn -0.8699 0.4677 0.1563
vn -0.8699 0.4677 0.1563
vn -0.8699 0.4677 0.1563
vn -0.4609 0.6105 0.6441
vn -0.4609 0.6105 0.6441
vn -0.4609 0.6105 0.6441
vn -0.1405 0.8494 0.5087
vn 0.0069 0.9410 0.3383
vn 0.3133 -0.1824 -0.9320
vn 0.3133 -0.1824 -0.9320
vn 0.0864 -0.2083 0.9743
vn 0.0318 -0.1022 -0.9943
vn 0.3045 0.3364 -0.8911
vn 0.0110 -0.9785 0.2059
vn 0.0110 -0.9785 0.2059
vn -0.3936 -0.0131 -0.9192
vn -0.3936 -0.0131 -0.9192
vn 0.3579 -0.2726 0.8931
vn 0.3579 -0.2726 0.8931
vn 0.3579 -0.2726 0.8931
vn 0.0506 -0.0131 0.9986
vn 0.0138 -0.2429 0.9700
vn 0.1681 -0.2420 -0.9556
vn 0.3539 -0.0961 0.9303
vn -0.2748 -0.6326 -0.7241
vn -0.2748 -0.6326 -0.7241
vn -0.2748 -0.6326 -0.7241
vn 0.0589 -0.1724 -0.9833
vn 0.0589 -0.1724 -0.9833
vn 0.0589 -0.1724 -0.9833
vn 0.0620 0.4607 -0.8854
vn 0.2414 -0.9134 -0.3277
vn 0.4585 -0.5319 0.7119
vn 0.4585 -0.5319 0.7119
vn 0.0251 -0.0072 0.9997
vn 0.0502 -0.3641 -0.9300
vn 0.0502 -0.3641 -0.9300
vn -0.5676 -0.2201 -0.7933
vn 0.0000 0.0000 0.0000
vn 0.0000 0.0000 0.0000
vn 0.1901 0.8300 -0.5244
vn 0.1901 0.8300 -0.5244
vn 0.2555 -0.3577 -0.8982
vn 0.2555 -0.3577 -0.8982
vn 0.2555 -0.3577 -0.8982
vn 0.2555 -0.3577 -0.8982
vn 0.2555 -0.3577 -0.8982
vn 0.2555 -0.3577 -0.8982
vn 0.2828 0.2482 -0.9265
vn -0.3101 -0.2321 0.9219
vn -0.3101 -0.2321 0.9219
vn -0.1832 -0.1450 0.9723
vn 0.1301 -0.8748 -0.4666
vn 0.1797 -0.5840 0.7916
vn 0.1797 -0.5840 0.7916
vn 0.1797 -0.5840 0.7916
vn 0.1797 -0.5840 0.7916
vn 0.6277 0.1952 0.7536
vn 0.6277 0.1952 0.7536
vn 0.1060 -0.0440 -0.9934
vn -0.3174 -0.5963 0.7374
vn -0.3174 -0.5963 0.7374
vn -0.3174 -0.5963 0.7374
vn -0.3174 -0.5963 0.7374
vn -0.3174 -0.5963 0.7374
vn -0.3372 -0.7749 0.5346
vn -0.3372 -0.7749 0.5346
vn -0.3372 -0.7749 0.5346
vn -0.3372 -0.7749 0.5346
vn -0.3372 -0.7749 0.5346
vn -0.3372 -0.7749 0.5346
vn -0.3372 -0.7749 0.5346
vn -0.3372 -0.7749 0.5346
vn -0.2592 -0.9656 -0.0214
vn -0.2592 -0.9656 -0.0214
vn -0.0905 0.9957 0.0173
vn -0.0905 0.9957 0.0173
vn 0.0595 -0.1707 0.9835
vn 0.0595 -0.1707 0.9835
vn 0.0595 -0.1707 0.9835
vn -0.2473 -0.0492 -0.9677
vn -0.2473 -0.0492 -0.9677
vn -0.2473 -0.0492 -0.9677
vn -0.2473 -0.0492 -0.9677
vn 0.2225 -0.0503 0.9736
vn -0.0678 -0.7485 0.6597
vn -0.0678 -0.7485 0.6597
vn -0.0055 -0.9693 -0.2458
vn -0.0055 -0.9693 -0.2458
vn 0.0000 0.0000 0.0000
vn 0.0000 0.0000 0.0000
vn -0.0778 -0.0820 0.9936
vn -0.0778 -0.0820 0.9936
vn -0.0778 -0.0820 0.9936
vn 0.3390 -0.6322 0.6967
vn 0.3390 -0.6322 0.6967
vn 0.2293 -0.0167 0.9732
vn 0.2371 0.2307 0.9437
vn -0.0448 -0.2279 -0.9726
vn -0.4663 -0.3240 -0.8232
vn 0.0000 0.0000 0.0000
vn 0.0000 0.0000 0.0000
vn 0.3939 -0.3050 0.8670
vn 0.3939 -0.3050 0.8670
vn 0.1346 0.5182 0.8446
vn 0.1346 0.5182 0.8446
vn 0.1329 0.3250 0.9363
vn 0.1329 0.3250 0.9363
vn -0.8414 -0.4607 -0.2826
vn -0.8414 -0.4607 -0.2826
vn -0.7368 -0.3519 -0.5774
vn -0.2027 -0.3478 0.9154
vn -0.2027 -0.3478 0.9154
vn -0.2027 -0.3478 0.9154
vn -0.5680 -0.7672 -0.2980
vn -0.5680 -0.7672 -0.2980
vn -0.5680 -0.7672 -0.2980
vn -0.5725 -0.6241 0.5316
vn -0.5725 -0.6241 0.5316
vn 0.2824 0.1636 -0.9453
vn -0.4612 -0.8848 0.0661
vn -0.4612 -0.8848 0.0661
vn 0.4938 0.3782 -0.7830
vn 0.4938 0.3782 -0.7830
vn 0.2553 -0.6155 0.7457
vn 0.2553 -0.6155 0.7457
vn -0.3037 0.9527 0.0104
vn -0.3037 0.9527 0.0104
vn -0.1795 -0.9170 -0.3562
vn -0.1795 -0.9170 -0.3562
vn 0.3033 0.8427 0.4448
vn -0.4333 0.1984 0.8791
vn -0.4083 -0.0591 -0.9109
vn 0.0112 -0.1786 0.9839
vn 0.0112 -0.1786 0.9839
vn 0.2007 -0.1154 -0.9728
vn 0.2007 -0.1154 -0.9728
vn 0.2007 -0.1154 -0.9728
vn -0.0163 -0.1353 0.9907
vn -0.0163 -0.1353 0.9907
vn -0.0163 -0.1353 0.9907
vn 0.0252 -0.0674 0.9974
vn 0.0252 -0.0674 0.9974
vn 0.0252 -0.0674 0.9974
vn 0.0252 -0.0674 0.9974
vn 0.2239 0.0427 -0.9737
vn 0.2239 0.0427 -0.9737
vn 0.1163 -0.0531 -0.9918
vn -0.1801 -0.7563 -0.6289
vn -0.1801 -0.7563 -0.6289
vn -0.1801 -0.7563 -0.6289
vn 0.2355 0.2968 0.9254
vn 0.4452 -0.0948 -0.8904
vn 0.4452 -0.0948 -0.8904
vn 0.0556 -0.2406 0.9690
vn 0.1063 -0.1205 0.9870
vn 0.1063 -0.1205 0.9870
vn 0.3898 -0.6826 0.6181
vn 0.3898 -0.6826 0.6181
vn 0.3898 -0.6826 0.6181
vn 0.4808 -0.5118 0.7120
vn 0.4808 -0.5118 0.7120
vn 0.4808 -0.5118 0.7120
vn 0.4808 -0.5118 0.7120
vn 0.4808 -0.5118 0.7120
vn 0.6204 0.3278 0.7125
vn 0.0558 -0.4842 -0.8732
vn 0.0558 -0.4842 -0.8732
vn 0.0558 -0.4842 -0.8732
vn 0.0558 -0.4842 -0.8732
vn 0.1190 -0.0519 0.9915
vn 0.0681 -0.9323 -0.3553
vn 0.0681 -0.9323 -0.3553
vn 0.0681 -0.9323 -0.3553
vn 0.0681 -0.9323 -0.3553
vn 0.0616 -0.9833 0.1715
vn 0.0616 -0.9833 0.1715
vn 0.0616 -0.9833 0.1715
vn 0.2529 0.8592 0.4448
vn 0.3213 0.9257 -0.1994
vn 0.3213 0.9257 -0.1994
vn 0.0000 0.0000 0.0000
vn 0.0000 0.0000 0.0000
vn -0.0838 0.1776 -0.9805
vn -0.0838 0.1776 -0.9805
vn -0.0838 0.1776 -0.9805
vn -0.0838 0.1776 -0.9805
vn 0.0000 0.0000 0.0000
vn 0.0000 0.0000 0.0000
vn 0.8209 -0.0572 0.5682
vn 0.8209 -0.0572 0.5682
vn 0.8209 -0.0572 0.5682
vn 0.1402 -0.1196 -0.9829
vn 0.8783 -0.1865 0.4402
vn 0.8783 -0.1865 0.4402
vn 0.8783 -0.1865 0.4402
vn -0.2613 -0.6576 -0.7066
vn -0.2613 -0.6576 -0.7066
vn 0.1813 -0.9439 0.2761
vn 0.1813 -0.9439 0.2761
vn 0.3658 0.1221 0.9226
vn 0.3658 0.1221 0.9226
vn 0.3658 0.1221 0.9226
vn 0.0491 0.1184 0.9918
vn 0.0491 0.1184 0.9918
vn 0.0491 0.1184 0.9918
vn 0.3482 -0.6409 0.6841
vn 0.3482 -0.6409 0.6841
vn 0.3482 -0.6409 0.6841
vn 0.2098 0.0486 -0.9765
vn -0.4256 0.8072 -0.4090
vn -0.3412 0.8876 0.3094
vn 0.4492 0.4827 0.7518
vn 0.1690 -0.7674 -0.6185
vn 0.1690 -0.7674 -0.6185
vn 0.2762 0.0943 0.9565
vn 0.1827 0.0643 -0.9811
vn 0.1162 0.4228 0.8987
vn 0.3009 0.1913 -0.9343
vn -0.0870 0.7603 0.6437
vn 0.4055 0.7224 0.5601
vn -0.1020 -0.2394 0.9655
vn -0.1020 -0.2394 0.9655
vn 0.0381 -0.0459 0.9982
vn 0.0381 -0.0459 0.9982
vn 0.0381 -0.0459 0.9982
vn 0.4343 -0.8660 -0.2478
vn 0.4343 -0.8660 -0.2478
vn 0.4343 -0.8660 -0.2478
vn 0.4343 -0.8660 -0.2478
vn 0.5043 -0.6346 -0.5856
vn 0.5043 -0.6346 -0.5856
vn -0.8446 -0.5352 -0.0129
vn -0.8446 -0.5352 -0.0129
vn 0.4827 -0.1266 -0.8666
vn 0.4827 -0.1266 -0.8666
vn 0.4827 -0.1266 -0.8666
vn 0.5234 -0.8391 0.1482
vn 0.3879 0.2676 0.8820
vn 0.3879 0.2676 0.8820
vn 0.2097 0.2799 -0.9369
vn 0.0031 0.7388 0.6739
vn 0.6855 -0.1059 0.7203
vn 0.6855 -0.1059 0.7203
vn 0.0000 0.0000 0.0000
vn 0.0000 0.0000 0.0000
vn 0.8386 -0.4176 0.3497
vn 0.8386 -0.4176 0.3497
vn 0.4425 -0.1952 -0.8753
vn 0.7189 -0.1922 0.6680
vn 0.7189 -0.1922 0.6680
vn 0.5273 -0.0611 0.8475
vn 0.7545 -0.3638 0.5463
vn 0.7545 -0.3638 0.5463
vn 0.8227 -0.4548 -0.3409
vn 0.8227 -0.4548 -0.3409
vn -0.1322 -0.7612 -0.6350
vn -0.1322 -0.7612 -0.6350
vn -0.5226 -0.1554 0.8383
vn -0.5226 -0.1554 0.8383
vn 0.3872 0.1269 -0.9132
vn 0.4508 -0.0431 -0.8916
vn 0.3479 -0.2833 0.8937
vn 0.3479 -0.2833 0.8937
vn 0.3479 -0.2833 0.8937
vn 0.6929 -0.2996 0.6559
vn 0.6929 -0.2996 0.6559
vn 0.2398 0.0333 0.9703
vn 0.2398 0.0333 0.9703
vn 0.2398 0.0333 0.9703
vn 0.2398 0.0333 0.9703
vn 0.6141 0.4318 0.6606
vn 0.6141 0.4318 0.6606
vn 0.6141 0.4318 0.6606
vn 0.6141 0.4318 0.6606
vn -0.1059 0.9632 0.2471
vn -0.1059 0.9632 0.2471
vn 0.2642 0.9076 0.3262
vn -0.0082 0.1625 -0.9867
vn -0.7326 -0.4775 0.4852
vn 0.4097 -0.8643 -0.2918
vn 0.4097 -0.8643 -0.2918
vn 0.5468 0.1646 0.8209
vn 0.3788 -0.1471 -0.9137
vn -0.2414 -0.2048 0.9486
vn 0.3146 -0.6503 -0.6915
vn 0.3146 -0.6503 -0.6915
vn 0.7933 -0.0431 -0.6074
vn 0.7933 -0.0431 -0.6074
vn 0.7933 -0.0431 -0.6074
vn 0.7933 -0.0431 -0.6074
vn 0.5082 0.1961 0.8386
vn 0.5082 0.1961 0.8386
vn 0.3033 0.2151 0.9283
vn 0.3033 0.2151 0.9283
vn 0.3033 0.2151 0.9283
vn 0.3033 0.2151 0.9283
vn 0.3074 -0.3612 0.8804
vn 0.3074 -0.3612 0.8804
vn 0.4161 -0.1268 -0.9004
vn 0.4161 -0.1268 -0.9004
vn 0.4161 -0.1268 -0.9004
vn 0.4161 -0.1268 -0.9004
vn -0.5836 -0.1026 0.8055
vn 0.1134 0.6012 -0.7910
vn 0.3004 0.5367 -0.7885
vn 0.6986 -0.6448 0.3102
vn 0.6986 -0.6448 0.3102
vn 0.3422 0.2417 -0.9080
vn 0.3422 0.2417 -0.9080
vn 0.4328 -0.6459 0.6289
vn 0.4328 -0.6459 0.6289
vn 0.4328 -0.6459 0.6289
vn 0.4328 -0.6459 0.6289
vn 0.4328 -0.6459 0.6289
vn 0.2069 0.6181 0.7584
vn 0.2069 0.6181 0.7584
vn 0.7150 0.6417 0.2776
vn 0.7150 0.6417 0.2776
vn -0.3365 -0.6149 0.7132
vn -0.3365 -0.6149 0.7132
vn -0.5932 -0.0828 0.8007
vn -0.5932 -0.0828 0.8007
vn -0.5932 -0.0828 0.8007
vn -0.5932 -0.0828 0.8007
vn -0.2367 -0.1640 0.9576
vn -0.4403 -0.6564 -0.6126
vn -0.4403 -0.6564 -0.6126
vn -0.8460 -0.3337 0.4158
vn 0.4713 -0.5525 -0.6875
vn 0.4713 -0.5525 -0.6875
vn 0.4713 -0.5525 -0.6875
vn 0.4696 0.2162 -0.8560
vn 0.2499 -0.0261 -0.9679
vn 0.5343 -0.1607 0.8299
vn 0.5343 -0.1607 0.8299
vn -0.1704 -0.0470 0.9842
vn 0.1372 -0.0565 -0.9889
vn 0.1372 -0.0565 -0.9889
vn 0.6923 -0.4477 0.5660
vn 0.6923 -0.4477 0.5660
vn 0.3894 0.8893 -0.2398
vn 0.3894 0.8893 -0.2398
vn 0.8133 -0.0670 0.5779
vn 0.8133 -0.0670 0.5779
vn 0.5121 -0.5329 0.6737
vn 0.5121 -0.5329 0.6737
vn 0.5121 -0.5329 0.6737
vn 0.3520 -0.0494 -0.9347
vn 0.3930 0.3756 0.8394
vn 0.3258 -0.1675 -0.9305
vn 0.3509 0.4765 0.8061
vn 0.3509 0.4765 0.8061
vn 0.4629 0.8156 0.3471
vn 0.0729 -0.1899 0.9791
vn 0.6577 -0.0477 -0.7518
vn 0.6577 -0.0477 -0.7518
vn -0.9065 -0.4221 0.0076
vn -0.9065 -0.4221 0.0076
vn 0.3434 -0.6389 -0.6884
vn 0.3434 -0.6389 -0.6884
vn 0.6761 0.3079 0.6694
vn 0.6761 0.3079 0.6694
vn 0.5659 -0.7413 0.3609
vn 0.5659 -0.7413 0.3609
vn 0.7402 -0.6482 0.1786
vn 0.7402 -0.6482 0.1786
vn 0.5342 -0.6672 0.5191
vn 0.4653 -0.0689 0.8825
vn 0.5205 -0.1955 0.8312
vn 0.3814 -0.8583 -0.3432
vn 0.3814 -0.8583 -0.3432
vn 0.3814 -0.8583 -0.3432
vn 0.1348 0.2270 0.9645
vn 0.1348 0.2270 0.9645
vn 0.1348 0.2270 0.9645
vn 0.2514 0.9632 -0.0955
vn 0.9269 -0.2695 0.2614
vn 0.9269 -0.2695 0.2614
vn 0.1319 -0.0494 -0.9900
vn 0.1319 -0.0494 -0.9900
vn 0.2986 0.1749 -0.9382
vn 0.0766 0.1873 -0.9793
vn 0.4192 -0.6952 -0.5839
vn 0.4192 -0.6952 -0.5839
vn 0.4192 -0.6952 -0.5839
vn 0.5229 0.0566 -0.8505
vn 0.5229 0.0566 -0.8505
vn 0.6064 -0.1639 0.7781
vn 0.6064 -0.1639 0.7781
vn 0.6267 0.7387 0.2483
vn 0.5597 -0.8093 0.1780
vn 0.5597 -0.8093 0.1780
vn 0.2301 0.6043 0.7628
vn 0.2662 -0.8770 -0.4000
vn 0.2662 -0.8770 -0.4000
vn 0.2662 -0.8770 -0.4000
vn 0.5156 0.7924 0.3261
vn 0.5156 0.7924 0.3261
vn 0.4509 0.1632 0.8776
vn 0.4509 0.1632 0.8776
vn 0.1516 0.8484 0.5073
vn -0.1731 -0.2419 0.9547
vn -0.1731 -0.2419 0.9547
vn -0.1731 -0.2419 0.9547
vn 0.3693 -0.3273 0.8698
vn -0.5727 -0.5580 -0.6005
vn -0.5727 -0.5580 -0.6005
vn -0.1921 -0.9339 -0.3017
vn -0.1921 -0.9339 -0.3017
vn -0.1921 -0.9339 -0.3017
vn 0.2222 -0.2136 0.9513
vn 0.2222 -0.2136 0.9513
vn 0.2222 -0.2136 0.9513
vn -0.2547 0.0366 0.9663
vn 0.5051 0.3507 -0.7886
vn 0.5051 0.3507 -0.7886
vn 0.5051 0.3507 -0.7886
vn 0.0157 0.0970 -0.9952
vn 0.0937 -0.7871 -0.6097
vn 0.5637 -0.4302 0.7051
vn 0.4113 -0.4594 -0.7873
vn 0.4113 -0.4594 -0.7873
vn 0.4113 -0.4594 -0.7873
vn 0.4714 -0.1834 -0.8626
vn 0.4714 -0.1834 -0.8626
vn 0.4714 -0.1834 -0.8626
vn 0.8126 -0.0335 0.5818
vn 0.8126 -0.0335 0.5818
vn -0.0907 -0.8720 0.4810
vn -0.0907 -0.8720 0.4810
vn 0.3113 0.3165 -0.8960
vn 0.3113 0.3165 -0.8960
vn 0.0000 0.0000 0.0000
vn 0.0000 0.0000 0.0000
vn 0.6595 -0.0917 -0.7461
vn 0.6595 -0.0917 -0.7461
vn 0.6595 -0.0917 -0.7461
vn 0.6595 -0.0917 -0.7461
vn -0.1962 -0.2692 0.9429
vn -0.5405 0.2137 0.8137
vn -0.5405 0.2137 0.8137
vn 0.5683 0.0814 -0.8188
vn 0.7681 0.0507 0.6383
vn 0.7681 0.0507 0.6383
vn 0.6152 -0.4717 0.6316
vn 0.6152 -0.4717 0.6316
vn 0.5348 -0.1605 0.8296
vn 0.5348 -0.1605 0.8296
vn 0.4332 0.0712 0.8985
vn 0.0000 0.0000 0.0000
vn 0.0000 0.0000 0.0000
vn 0.7116 -0.5783 0.3991
vn 0.7116 -0.5783 0.3991
vn 0.5504 -0.3057 0.7769
vn 0.5504 -0.3057 0.7769
vn -0.0688 -0.9342 -0.3501
vn -0.0905 -0.9693 0.2287
vn -0.0905 -0.9693 0.2287
vn -0.0905 -0.9693 0.2287
vn -0.3772 -0.9079 -0.1829
vn -0.3772 -0.9079 -0.1829
vn -0.1820 -0.7815 -0.5968
vn -0.1820 -0.7815 -0.5968
vn 0.8005 -0.0797 -0.5940
vn 0.8005 -0.0797 -0.5940
vn 0.8005 -0.0797 -0.5940
vn -0.6567 -0.7277 -0.1978
vn -0.6567 -0.7277 -0.1978
vn -0.4738 0.1592 0.8661
vn -0.4738 0.1592 0.8661
vn 0.3727 0.1236 -0.9197
vn 0.3727 0.1236 -0.9197
vn 0.3727 0.1236 -0.9197
vn 0.3727 0.1236 -0.9197
vn 0.3727 0.1236 -0.9197
vn -0.0964 -0.1349 0.9862
vn 0.5459 0.0157 0.8377
vn 0.5459 0.0157 0.8377
vn 0.5459 0.0157 0.8377
vn 0.0774 -0.0007 -0.9970
vn 0.0774 -0.0007 -0.9970
vn 0.0774 -0.0007 -0.9970
vn 0.4255 0.0054 -0.9050
vn 0.4255 0.0054 -0.9050
vn 0.4255 0.0054 -0.9050
vn 0.4255 0.0054 -0.9050
vn 0.7156 -0.2685 0.6448
vn 0.7156 -0.2685 0.6448
vn 0.7156 -0.2685 0.6448
vn 0.6589 -0.6229 0.4217
vn 0.1317 0.8054 -0.5779
vn 0.8653 -0.4688 0.1772
vn 0.8653 -0.4688 0.1772
vn -0.4185 -0.9077 0.0315
vn 0.5802 0.1543 -0.7997
vn 0.5802 0.1543 -0.7997
vn 0.5609 0.1382 0.8163
vn 0.5609 0.1382 0.8163
vn 0.3582 -0.1626 -0.9194
vn 0.5770 0.0690 0.8138
vn 0.5770 0.0690 0.8138
vn 0.4872 0.6443 0.5895
vn 0.4872 0.6443 0.5895
vn 0.2759 0.5208 -0.8079
vn 0.2759 0.5208 -0.8079
vn 0.1587 -0.0438 -0.9863
vn 0.1587 -0.0438 -0.9863
vn 0.3813 0.2122 -0.8998
vn -0.6208 -0.1366 0.7720
vn -0.6208 -0.1366 0.7720
vn 0.5057 -0.8546 -0.1184
vn 0.5057 -0.8546 -0.1184
vn 0.5057 -0.8546 -0.1184
vn 0.5057 -0.8546 -0.1184
vn 0.5423 0.0122 -0.8401
vn 0.5423 0.0122 -0.8401
vn 0.5423 0.0122 -0.8401
vn 0.6393 -0.7679 0.0403
vn 0.6393 -0.7679 0.0403
vn -0.4194 0.8098 0.4103
vn -0.2655 0.7563 -0.5979
vn 0.6586 -0.5363 0.5278
vn 0.6586 -0.5363 0.5278
vn 0.5337 -0.7091 -0.4607
vn 0.5337 -0.7091 -0.4607
vn 0.9819 -0.1296 0.1380
vn 0.6130 0.7802 0.1247
vn 0.6130 0.7802 0.1247
vn -0.7828 -0.4342 0.4457
vn -0.7828 -0.4342 0.4457
vn -0.7828 -0.4342 0.4457
vn 0.1607 -0.2265 -0.9607
vn 0.1607 -0.2265 -0.9607
vn 0.1607 -0.2265 -0.9607
vn 0.1607 -0.2265 -0.9607
vn -0.0101 -0.1179 -0.9930
vn -0.0101 -0.1179 -0.9930
vn 0.5333 -0.1313 0.8357
vn 0.5333 -0.1313 0.8357
vn 0.0891 0.7393 0.6674
vn 0.6706 -0.1741 0.7211
vn 0.6706 -0.1741 0.7211
vn 0.4867 -0.3516 -0.7997
vn 0.7784 -0.2243 0.5864
vn 0.7784 -0.2243 0.5864
vn 0.7102 0.1203 0.6937
vn 0.7102 0.1203 0.6937
vn 0.2721 0.8114 0.5172
vn 0.2721 0.8114 0.5172
vn 0.2721 0.8114 0.5172
vn 0.4958 0.4672 -0.7321
vn 0.4958 0.4672 -0.7321
vn 0.4958 0.4672 -0.7321
vn 0.3184 0.9475 0.0282
vn 0.3184 0.9475 0.0282
vn 0.3184 0.9475 0.0282
vn -0.0807 -0.6059 -0.7915
vn -0.0807 -0.6059 -0.7915
vn -0.7213 -0.4175 0.5527
vn -0.7213 -0.4175 0.5527
vn -0.6152 -0.1087 0.7809
vn -0.6152 -0.1087 0.7809
vn 0.3829 0.0653 -0.9215
vn 0.3829 0.0653 -0.9215
vn -0.2566 0.0024 0.9665
vn 0.1699 -0.8021 -0.5724
vn 0.1699 -0.8021 -0.5724
vn 0.0659 0.3070 0.9494
vn 0.0659 0.3070 0.9494
vn 0.1638 -0.5912 -0.7897
vn 0.1638 -0.5912 -0.7897
vn 0.1638 -0.5912 -0.7897
vn 0.1638 -0.5912 -0.7897
vn -0.2337 0.0193 -0.9721
vn -0.2337 0.0193 -0.9721
vn -0.8000 -0.1287 0.5860
vn -0.8000 -0.1287 0.5860
vn -0.7148 0.3526 0.6039
vn -0.7148 0.3526 0.6039
vn -0.2340 -0.1044 0.9666
vn 0.4549 0.5308 0.7151
vn 0.4549 0.5308 0.7151
vn 0.3918 -0.6556 -0.6456
vn 0.3918 -0.6556 -0.6456
vn 0.9439 0.0084 0.3302
vn 0.3869 -0.5717 -0.7235
vn 0.3869 -0.5717 -0.7235
vn 0.6544 -0.5257 -0.5435
vn 0.6544 -0.5257 -0.5435
vn 0.0000 0.0000 0.0000
vn 0.0000 0.0000 0.0000
vn 0.0861 -0.0974 0.9915
vn 0.0861 -0.0974 0.9915
vn 0.0861 -0.0974 0.9915
vn 0.0000 0.0000 0.0000
vn 0.0000 0.0000 0.0000
vn -0.2991 -0.9431 0.1455
vn -0.2991 -0.9431 0.1455
vn -0.2991 -0.9431 0.1455
vn -0.2991 -0.9431 0.1455
vn 0.8356 -0.3171 0.4485
vn 0.8356 -0.3171 0.4485
vn 0.6348 -0.5707 0.5209
vn 0.6348 -0.5707 0.5209
vn 0.0000 0.0000 0.0000
vn 0.0000 0.0000 0.0000
vn 0.6441 0.1771 -0.7441
vn 0.6441 0.1771 -0.7441
vn 0.5708 -0.4269 0.7014
vn 0.5708 -0.4269 0.7014
vn 0.4325 0.1948 -0.8803
vn 0.4875 0.2870 -0.8246
vn 0.2505 0.7823 -0.5704
vn 0.2505 0.7823 -0.5704
vn 0.4610 -0.5918 0.6613
vn 0.4610 -0.5918 0.6613
vn 0.0738 -0.1755 0.9817
vn 0.0738 -0.1755 0.9817
vn -0.4173 -0.2576 0.8715
vn -0.4173 -0.2576 0.8715
vn -0.2806 -0.2464 0.9277
vn -0.2806 -0.2464 0.9277
vn 0.1086 0.9183 0.3806
vn 0.1086 0.9183 0.3806
vn 0.3322 -0.0567 -0.9415
vn 0.3322 -0.0567 -0.9415
vn 0.3322 -0.0567 -0.9415
vn 0.3322 -0.0567 -0.9415
vn 0.3322 -0.0567 -0.9415
vn 0.3322 -0.0567 -0.9415
vn 0.3446 0.1217 -0.9308
vn 0.3446 0.1217 -0.9308
vn 0.7776 -0.1496 0.6107
vn 0.7776 -0.1496 0.6107
vn 0.7776 -0.1496 0.6107
vn 0.4233 0.7102 -0.5625
vn 0.4233 0.7102 -0.5625
vn 0.4233 0.7102 -0.5625
vn 0.4233 0.7102 -0.5625
vn -0.1545 -0.9740 -0.1656
vn -0.1545 -0.9740 -0.1656
vn 0.4717 0.1666 0.8659
vn 0.4717 0.1666 0.8659
vn 0.2231 -0.9584 0.1778
vn 0.2231 -0.9584 0.1778
vn 0.3420 0.4902 -0.8017
vn 0.3420 0.4902 -0.8017
vn -0.9946 0.0967 0.0369
vn -0.9946 0.0967 0.0369
vn -0.8646 -0.0737 -0.4970
vn -0.8646 -0.0737 -0.4970
vn -0.9325 -0.3601 0.0289
vn 0.2522 0.2053 -0.9456
vn 0.2522 0.2053 -0.9456
vn 0.2522 0.2053 -0.9456
vn 0.2522 0.2053 -0.9456
vn 0.4789 -0.1965 -0.8556
vn 0.4789 -0.1965 -0.8556
vn -0.7216 0.6879 0.0782
vn -0.7216 0.6879 0.0782
vn -0.6131 0.5745 -0.5423
vn -0.6131 0.5745 -0.5423
vn -0.6131 0.5745 -0.5423
vn 0.7598 -0.0985 -0.6427
vn 0.7598 -0.0985 -0.6427
vn 0.4345 -0.3197 -0.8420
vn 0.4345 -0.3197 -0.8420
vn 0.4345 -0.3197 -0.8420
vn 0.4345 -0.3197 -0.8420
vn -0.1497 -0.4817 0.8635
vn -0.1497 -0.4817 0.8635
vn -0.9343 0.0494 -0.3532
vn -0.9343 0.0494 -0.3532
vn 0.1027 0.1201 -0.9874
vn 0.1027 0.1201 -0.9874
vn 0.1027 0.1201 -0.9874
vn 0.7370 0.1840 -0.6504
vn 0.7370 0.1840 -0.6504
vn 0.9409 0.0872 -0.3272
vn 0.9409 0.0872 -0.3272
vn 0.7284 0.3012 0.6154
vn 0.7284 0.3012 0.6154
vn 0.5930 -0.2282 0.7722
vn 0.5930 -0.2282 0.7722
vn -0.7185 0.3350 0.6095
vn -0.7185 0.3350 0.6095
vn -0.7185 0.3350 0.6095
vn -0.7185 0.3350 0.6095
vn -0.2627 0.7270 -0.6344
vn -0.2627 0.7270 -0.6344
vn -0.2627 0.7270 -0.6344
vn 0.6801 0.0327 0.7324
vn 0.7698 -0.2781 0.5745
vn 0.7698 -0.2781 0.5745
vn 0.4077 0.2473 0.8790
vn 0.4077 0.2473 0.8790
vn -0.6378 -0.3945 0.6615
vn -0.6378 -0.3945 0.6615
vn -0.9482 -0.2752 -0.1587
vn -0.6061 -0.6884 0.3985
vn -0.6061 -0.6884 0.3985
vn -0.0057 -0.3595 0.9331
vn -0.0513 -0.0009 0.9987
vn -0.0513 -0.0009 0.9987
vn 0.0346 -0.5829 -0.8118
vn 0.0346 -0.5829 -0.8118
vn 0.3420 -0.1664 0.9249
vn 0.3420 -0.1664 0.9249
vn 0.1962 -0.5319 0.8238
vn 0.1962 -0.5319 0.8238
vn 0.1962 -0.5319 0.8238
vn 0.5643 0.0786 -0.8218
vn 0.5643 0.0786 -0.8218
vn 0.4260 -0.0617 -0.9026
vn 0.4260 -0.0617 -0.9026
vn 0.4260 -0.0617 -0.9026
vn 0.4260 -0.0617 -0.9026
vn 0.2058 0.2138 0.9549
vn 0.9003 0.1407 -0.4118
vn 0.9003 0.1407 -0.4118
vn 0.9003 0.1407 -0.4118
vn 0.9003 0.1407 -0.4118
vn 0.3044 0.2215 -0.9264
vn 0.6439 -0.6471 -0.4083
vn 0.6439 -0.6471 -0.4083
vn 0.3334 -0.4665 0.8193
vn 0.3334 -0.4665 0.8193
vn 0.3334 -0.4665 0.8193
vn 0.1615 -0.9861 -0.0389
vn 0.1615 -0.9861 -0.0389
vn 0.1615 -0.9861 -0.0389
vn 0.4980 -0.1204 -0.8588
vn 0.4660 -0.2261 -0.8554
vn 0.5431 0.1000 -0.8337
vn 0.4402 0.1813 -0.8794
vn 0.5876 0.3704 -0.7193
vn 0.5876 0.3704 -0.7193
vn -0.5144 0.8430 -0.1576
vn 0.7925 0.5509 0.2615
vn 0.7925 0.5509 0.2615
vn 0.7925 0.5509 0.2615
vn -0.4433 -0.3993 0.8026
vn -0.4433 -0.3993 0.8026
vn -0.5544 0.2664 -0.7885
vn -0.0965 0.6626 -0.7427
vn -0.0965 0.6626 -0.7427
vn -0.0965 0.6626 -0.7427
vn -0.0965 0.6626 -0.7427
vn 0.6478 -0.2761 -0.7100
vn 0.6478 -0.2761 -0.7100
vn 0.6313 -0.3205 0.7062
vn 0.6313 -0.3205 0.7062
vn 0.6600 -0.2314 -0.7148
vn 0.6600 -0.2314 -0.7148
vn 0.6600 -0.2314 -0.7148
vn -0.0206 -0.2037 0.9788
vn -0.0206 -0.2037 0.9788
vn 0.5299 0.8230 0.2046
vn 0.5299 0.8230 0.2046
vn 0.5299 0.8230 0.2046
vn 0.9185 0.3567 0.1703
vn 0.9959 0.0523 0.0732
vn 0.9569 0.0164 0.2899
vn 0.8203 -0.4181 0.3903
vn 0.6294 0.1888 0.7538
vn 0.6294 0.1888 0.7538
vn 0.7739 -0.5402 0.3306
vn 0.7739 -0.5402 0.3306
vn 0.7739 -0.5402 0.3306
vn 0.7739 -0.5402 0.3306
vn 0.3502 0.1032 0.9310
vn 0.3502 0.1032 0.9310
vn 0.5698 -0.5928 -0.5691
vn 0.5698 -0.5928 -0.5691
vn -0.0543 0.8864 -0.4598
vn 0.0000 0.0000 0.0000
vn 0.0000 0.0000 0.0000
vn 0.7983 0.1374 -0.5864
vn 0.7983 0.1374 -0.5864
vn 0.7427 0.1701 0.6477
vn 0.7427 0.1701 0.6477
vn -0.2446 0.7352 0.6322
vn -0.2446 0.7352 0.6322
vn -0.9190 -0.2832 -0.2742
vn -0.9190 -0.2832 -0.2742
vn -0.9190 -0.2832 -0.2742
vn -0.1905 -0.4522 -0.8713
vn -0.1905 -0.4522 -0.8713
vn -0.3226 -0.9452 0.0497
vn -0.3226 -0.9452 0.0497
vn -0.3226 -0.9452 0.0497
vn -0.7716 -0.1494 0.6184
vn -0.7716 -0.1494 0.6184
vn -0.7716 -0.1494 0.6184
vn -0.9817 0.0438 0.1854
vn -0.9817 0.0438 0.1854
vn -0.9817 0.0438 0.1854
vn -0.9817 0.0438 0.1854
vn -0.6498 0.3513 -0.6740
vn -0.6498 0.3513 -0.6740
vn -0.7134 -0.4755 0.5148
vn -0.5051 -0.0827 -0.8591
vn -0.5051 -0.0827 -0.8591
vn 0.4837 -0.8709 0.0874
vn 0.4837 -0.8709 0.0874
vn 0.7272 0.0335 -0.6856
vn 0.7272 0.0335 -0.6856
vn 0.7272 0.0335 -0.6856
vn 0.7272 0.0335 -0.6856
vn -0.2832 -0.1894 0.9402
vn 0.9027 0.2040 -0.3787
vn 0.9027 0.2040 -0.3787
vn 0.8169 0.5448 -0.1892
vn 0.7241 0.2708 -0.6343
vn 0.8902 -0.3965 0.2242
vn 0.5905 0.1937 -0.7834
vn -0.6503 -0.6560 0.3832
vn -0.6503 -0.6560 0.3832
vn -0.6503 -0.6560 0.3832
vn -0.6503 -0.6560 0.3832
vn -0.6503 -0.6560 0.3832
vn 0.3890 -0.2602 0.8837
vn 0.3890 -0.2602 0.8837
vn 0.3890 -0.2602 0.8837
vn 0.5522 -0.0960 -0.8282
vn -0.6083 0.7680 0.2003
vn -0.6083 0.7680 0.2003
vn -0.6083 0.7680 0.2003
vn 0.7835 -0.5746 -0.2364
vn 0.7835 -0.5746 -0.2364
vn 0.7512 -0.2579 0.6076
vn 0.7512 -0.2579 0.6076
vn 0.7104 -0.0459 -0.7023
vn 0.7104 -0.0459 -0.7023
vn 0.6584 -0.1496 0.7376
vn 0.6584 -0.1496 0.7376
vn -0.6979 -0.3877 0.6022
vn -0.5426 0.1043 0.8335
vn -0.5426 0.1043 0.8335
vn -0.5426 0.1043 0.8335
vn -0.5426 0.1043 0.8335
vn -0.5426 0.1043 0.8335
vn -0.5426 0.1043 0.8335
vn -0.2245 -0.2182 0.9497
vn -0.2245 -0.2182 0.9497
vn -0.2245 -0.2182 0.9497
vn -0.0943 0.6136 -0.7839
vn -0.0943 0.6136 -0.7839
vn -0.0943 0.6136 -0.7839
vn -0.0943 0.6136 -0.7839
vn -0.5092 -0.5563 0.6567
vn -0.5092 -0.5563 0.6567
vn 0.6452 0.5870 -0.4890
vn 0.6452 0.5870 -0.4890
vn 0.4542 0.1154 0.8834
vn 0.1751 -0.3742 -0.9107
vn 0.4875 -0.2016 0.8495
vn 0.4875 -0.2016 0.8495
vn 0.0000 0.0000 0.0000
vn 0.0000 0.0000 0.0000
vn -0.2037 -0.2563 0.9449
vn -0.2037 -0.2563 0.9449
vn -0.2037 -0.2563 0.9449
vn -0.2037 -0.2563 0.9449
vn -0.4083 -0.4387 -0.8005
vn -0.4083 -0.4387 -0.8005
vn -0.0323 -0.3045 0.9520
vn -0.0323 -0.3045 0.9520
vn -0.0323 -0.3045 0.9520
vn 0.8469 0.0704 -0.5271
vn 0.0000 0.0000 0.0000
vn 0.0000 0.0000 0.0000
vn 0.5487 0.2661 -0.7925
vn 0.5487 0.2661 -0.7925
vn 0.5487 0.2661 -0.7925
vn 0.5487 0.2661 -0.7925
vn 0.7123 0.6427 0.2821
vn 0.7123 0.6427 0.2821
vn 0.7123 0.6427 0.2821
vn 0.9080 -0.4085 -0.0930
vn 0.7978 -0.2104 0.5650
vn 0.8540 -0.2632 0.4488
vn 0.8883 -0.3398 0.3088
vn 0.8883 -0.3398 0.3088
vn 0.8883 -0.3398 0.3088
vn 0.2374 -0.2143 -0.9475
vn 0.7881 -0.2275 0.5720
vn 0.7881 -0.2275 0.5720
vn 0.7881 -0.2275 0.5720
vn 0.1971 0.8774 -0.4374
vn 0.1971 0.8774 -0.4374
vn -0.1558 -0.5772 0.8016
vn -0.1558 -0.5772 0.8016
vn -0.1558 -0.5772 0.8016
vn -0.1979 0.9735 0.1142
vn -0.1979 0.9735 0.1142
vn -0.1979 0.9735 0.1142
vn 0.7371 -0.5049 -0.4492
vn 0.7371 -0.5049 -0.4492
vn 0.8024 -0.0421 -0.5953
vn 0.8024 -0.0421 -0.5953
vn 0.7632 0.5592 0.3239
vn 0.7632 0.5592 0.3239
vn 0.7632 0.5592 0.3239
vn -0.4768 -0.5102 0.7158
vn -0.4768 -0.5102 0.7158
vn -0.1268 0.8046 -0.5802
vn 0.3359 -0.1669 -0.9270
vn 0.3359 -0.1669 -0.9270
vn 0.3359 -0.1669 -0.9270
vn 0.3359 -0.1669 -0.9270
vn 0.5915 0.4051 0.6971
vn 0.5915 0.4051 0.6971
vn 0.0455 -0.9908 0.1274
vn 0.0455 -0.9908 0.1274
vn 0.0455 -0.9908 0.1274
vn 0.0455 -0.9908 0.1274
vn 0.7545 -0.0671 0.6529
vn 0.7545 -0.0671 0.6529
vn -0.1829 -0.0242 -0.9828
vn 0.5667 0.6850 -0.4579
vn 0.5667 0.6850 -0.4579
vn 0.5667 0.6850 -0.4579
vn 0.5667 0.6850 -0.4579
vn -0.1212 -0.9883 0.0929
vn -0.1212 -0.9883 0.0929
vn 0.7960 -0.2839 0.5346
vn 0.7960 -0.2839 0.5346
vn 0.0999 0.0171 -0.9948
vn 0.0999 0.0171 -0.9948
vn -0.3015 -0.9491 0.0915
vn 0.1585 -0.5418 0.8254
vn 0.1585 -0.5418 0.8254
vn 0.1585 -0.5418 0.8254
vn 0.1585 -0.5418 0.8254
vn 0.1585 -0.5418 0.8254
vn 0.1585 -0.5418 0.8254
vn 0.7109 0.2315 0.6641
vn 0.8198 0.3039 0.4854
vn 0.8198 0.3039 0.4854
vn -0.9194 0.0735 0.3863
vn -0.0000 0.0000 0.0000
vn -0.0000 0.0000 0.0000
vn -0.6225 0.0650 -0.7799
vn -0.6225 0.0650 -0.7799
vn -0.1392 -0.0227 -0.9900
vn -0.0770 -0.9049 -0.4187
vn -0.0770 -0.9049 -0.4187
vn -0.0770 -0.9049 -0.4187
vn 0.9475 0.1366 -0.2893
vn 0.7262 0.3248 0.6060
vn 0.7262 0.3248 0.6060
vn 0.3561 0.3146 0.8799
vn 0.7626 0.2753 -0.5854
vn -0.5869 -0.7091 0.3908
vn -0.5869 -0.7091 0.3908
vn -0.5869 -0.7091 0.3908
vn 0.3783 -0.3600 0.8528
vn 0.3783 -0.3600 0.8528
vn 0.3783 -0.3600 0.8528
vn 0.0880 0.6469 0.7575
vn 0.0880 0.6469 0.7575
vn 0.8488 0.0323 0.5276
vn 0.8488 0.0323 0.5276
vn 0.8488 0.0323 0.5276
vn -0.0555 0.5899 -0.8056
vn -0.0555 0.5899 -0.8056
vn -0.0555 0.5899 -0.8056
vn -0.0555 0.5899 -0.8056
vn 0.6039 -0.4212 -0.6767
vn 0.4305 -0.3405 0.8359
vn 0.4305 -0.3405 0.8359
vn 0.8544 0.3004 -0.4240
vn 0.8544 0.3004 -0.4240
vn -0.3093 0.7590 -0.5729
vn -0.3093 0.7590 -0.5729
vn 0.3777 -0.8245 -0.4214
vn 0.3777 -0.8245 -0.4214
vn 0.1732 0.2824 -0.9435
vn 0.1732 0.2824 -0.9435
vn -0.0069 -0.0365 -0.9993
vn -0.0069 -0.0365 -0.9993
vn 0.2183 -0.5249 0.8227
vn 0.2183 -0.5249 0.8227
vn 0.3066 0.4476 -0.8400
vn 0.3066 0.4476 -0.8400
vn 0.6161 -0.4830 -0.6221
vn 0.6161 -0.4830 -0.6221
vn 0.6161 -0.4830 -0.6221
vn 0.6161 -0.4830 -0.6221
vn 0.6161 -0.4830 -0.6221
vn 0.6161 -0.4830 -0.6221
vn 0.2802 -0.2559 0.9252
vn 0.2802 -0.2559 0.9252
vn 0.5239 0.5059 0.6853
vn 0.5239 0.5059 0.6853
vn 0.5239 0.5059 0.6853
vn 0.8721 0.2420 -0.4253
vn 0.8721 0.2420 -0.4253
vn 0.7929 -0.3931 -0.4657
vn 0.7929 -0.3931 -0.4657
vn 0.7929 -0.3931 -0.4657
vn 0.8981 0.4233 0.1189
vn 0.8981 0.4233 0.1189
vn 0.8597 0.3366 0.3843
vn 0.8597 0.3366 0.3843
vn 0.8597 0.3366 0.3843
vn 0.2772 -0.5191 0.8085
vn 0.2772 -0.5191 0.8085
vn 0.2772 -0.5191 0.8085
vn 0.9275 -0.0353 -0.3721
vn 0.9275 -0.0353 -0.3721
vn 0.9177 -0.1211 0.3784
vn 0.9177 -0.1211 0.3784
vn 0.9607 -0.1851 -0.2070
vn 0.9607 -0.1851 -0.2070
vn 0.9991 -0.0291 0.0297
vn 0.9991 -0.0291 0.0297
vn 0.5460 0.4849 -0.6832
vn 0.5460 0.4849 -0.6832
vn -0.7088 -0.6555 0.2607
vn -0.7088 -0.6555 0.2607
vn -0.7088 -0.6555 0.2607
vn 0.7517 -0.5621 0.3448
vn 0.2533 0.0817 -0.9639
vn 0.2533 0.0817 -0.9639
vn -0.0048 -0.6139 -0.7894
vn -0.0000 0.0000 -0.0000
vn -0.0000 0.0000 -0.0000
vn -0.4340 -0.9004 0.0306
vn -0.4340 -0.9004 0.0306
vn -0.4340 -0.9004 0.0306
vn -0.4340 -0.9004 0.0306
vn 0.1374 -0.8830 -0.4487
vn 0.1374 -0.8830 -0.4487
vn 0.1374 -0.8830 -0.4487
vn 0.9050 0.0477 0.4228
vn 0.9050 0.0477 0.4228
vn 0.9050 0.0477 0.4228
vn 0.9050 0.0477 0.4228
vn 0.9050 0.0477 0.4228
vn 0.7854 0.0527 -0.6168
vn 0.7854 0.0527 -0.6168
vn 0.7648 0.3150 0.5620
vn 0.7648 0.3150 0.5620
vn -0.6717 -0.7347 0.0957
vn -0.6717 -0.7347 0.0957
vn -0.6775 -0.7344 0.0396
vn -0.6775 -0.7344 0.0396
vn -0.6775 -0.7344 0.0396
vn 0.3584 0.0842 0.9298
vn 0.3584 0.0842 0.9298
vn 0.3584 0.0842 0.9298
vn 0.4930 0.1369 0.8592
vn -0.2693 0.1799 -0.9461
vn -0.2693 0.1799 -0.9461
vn 0.6680 0.4272 -0.6094
vn 0.6680 0.4272 -0.6094
vn 0.0739 -0.8487 -0.5237
vn 0.0739 -0.8487 -0.5237
vn 0.0739 -0.8487 -0.5237
vn 0.0739 -0.8487 -0.5237
vn 0.5587 0.2662 0.7855
vn 0.5726 0.7328 0.3676
vn 0.5726 0.7328 0.3676
vn 0.5726 0.7328 0.3676
vn 0.9153 -0.3498 0.1997
vn 0.3161 0.1923 -0.9290
vn -0.3667 -0.9249 0.1004
vn -0.3667 -0.9249 0.1004
vn 0.4091 -0.3933 0.8234
vn 0.4091 -0.3933 0.8234
vn 0.4091 -0.3933 0.8234
vn 0.2503 -0.0573 0.9665
vn -0.0574 0.5388 0.8405
vn -0.0574 0.5388 0.8405
vn -0.0574 0.5388 0.8405
vn 0.4410 0.3107 -0.8420
vn 0.4410 0.3107 -0.8420
vn 0.4410 0.3107 -0.8420
vn 0.9481 -0.1961 0.2505
vn 0.9481 -0.1961 0.2505
vn 0.9481 -0.1961 0.2505
vn 0.9481 -0.1961 0.2505
vn 0.9186 0.1355 -0.3713
vn -0.4544 -0.2155 0.8643
vn 0.5597 -0.1757 0.8099
vn 0.5597 -0.1757 0.8099
vn 0.5597 -0.1757 0.8099
vn 0.8085 -0.0238 0.5880
vn 0.8085 -0.0238 0.5880
vn 0.8085 -0.0238 0.5880
vn 0.8085 -0.0238 0.5880
vn 0.0000 0.0000 0.0000
vn 0.0000 0.0000 0.0000
vn 0.0000 0.0000 0.0000
vn 0.0000 0.0000 0.0000
vn 0.6860 -0.0861 0.7225
vn 0.6860 -0.0861 0.7225
vn 0.8917 0.4186 0.1720
vn 0.8917 0.4186 0.1720
vn 0.8865 0.4037 0.2261
vn 0.1463 0.1856 -0.9717
vn 0.2154 0.3821 0.8987
vn -0.6659 0.5103 -0.5442
vn -0.6659 0.5103 -0.5442
vn -0.4964 -0.8658 0.0630
vn -0.4964 -0.8658 0.0630
vn -0.4964 -0.8658 0.0630
vn -0.8857 0.4135 0.2111
vn -0.8857 0.4135 0.2111
vn -0.6665 -0.3381 -0.6644
vn -0.6665 -0.3381 -0.6644
vn -0.6665 -0.3381 -0.6644
vn 0.2698 -0.6531 0.7076
vn 0.2698 -0.6531 0.7076
vn 0.2698 -0.6531 0.7076
vn 0.2698 -0.6531 0.7076
vn 0.1642 0.1347 -0.9772
vn 0.6501 0.6242 -0.4333
vn 0.6501 0.6242 -0.4333
vn 0.1983 -0.2239 -0.9542
vn 0.1983 -0.2239 -0.9542
vn 0.1983 -0.2239 -0.9542
vn -0.3511 -0.9247 -0.1470
vn -0.3511 -0.9247 -0.1470
vn -0.3511 -0.9247 -0.1470
vn -0.3511 -0.9247 -0.1470
vn 0.4420 0.0520 -0.8955
vn 0.4420 0.0520 -0.8955
vn 0.5990 0.2741 -0.7524
vn 0.5990 0.2741 -0.7524
vn -0.2511 -0.8815 0.4000
vn -0.2511 -0.8815 0.4000
vn 0.6451 -0.6695 0.3684
vn 0.6451 -0.6695 0.3684
vn 0.5302 -0.4796 0.6992
vn 0.5302 -0.4796 0.6992
vn 0.5302 -0.4796 0.6992
vn 0.0165 -0.9030 0.4293
vn 0.0165 -0.9030 0.4293
vn 0.2077 -0.9437 0.2577
vn 0.2077 -0.9437 0.2577
vn 0.4945 -0.0357 0.8684
vn 0.4259 0.3362 -0.8400
vn 0.3303 0.3871 -0.8609
vn 0.5393 0.6611 0.5217
vn 0.5393 0.6611 0.5217
vn 0.9019 0.4187 0.1067
vn 0.9019 0.4187 0.1067
vn -0.6598 -0.7064 -0.2563
vn -0.6598 -0.7064 -0.2563
vn -0.6598 -0.7064 -0.2563
vn -0.1056 0.0412 0.9936
vn -0.1056 0.0412 0.9936
vn -0.1056 0.0412 0.9936
vn -0.2873 -0.2405 -0.9272
vn 0.7946 0.5684 0.2132
vn 0.7946 0.5684 0.2132
vn -0.5589 0.8291 0.0122
vn -0.0145 -0.9935 -0.1132
vn -0.1052 -0.4339 0.8948
vn -0.1052 -0.4339 0.8948
vn 0.8256 -0.2644 0.4985
vn 0.8256 -0.2644 0.4985
vn 0.4622 -0.1902 -0.8662
vn 0.4622 -0.1902 -0.8662
vn -0.1875 -0.1341 0.9731
vn -0.1875 -0.1341 0.9731
vn 0.6084 -0.7148 0.3449
vn 0.6084 -0.7148 0.3449
vn 0.7218 -0.3450 -0.6000
vn 0.7218 -0.3450 -0.6000
vn 0.9766 -0.0817 -0.1991
vn 0.9766 -0.0817 -0.1991
vn -0.7466 -0.4727 0.4681
vn -0.7466 -0.4727 0.4681
vn 0.5526 0.2655 0.7900
vn 0.0224 -0.4041 -0.9144
vn 0.3078 -0.1000 0.9462
vn 0.3078 -0.1000 0.9462
vn -0.4808 -0.8027 0.3528
vn -0.4808 -0.8027 0.3528
vn -0.4808 -0.8027 0.3528
vn 0.0834 -0.2645 -0.9608
vn -0.5006 0.8237 -0.2663
vn -0.5006 0.8237 -0.2663
vn -0.4438 0.8891 0.1119
vn -0.8875 -0.4495 0.1016
vn -0.8875 -0.4495 0.1016
vn -0.8875 -0.4495 0.1016
vn -0.8875 -0.4495 0.1016
vn -0.0673 -0.5418 -0.8378
vn -0.0673 -0.5418 -0.8378
vn -0.1150 0.8370 -0.5350
vn -0.1150 0.8370 -0.5350
vn -0.1150 0.8370 -0.5350
vn 0.9612 0.1276 0.2447
vn 0.6649 0.7456 -0.0457
vn -0.0564 -0.9981 -0.0237
vn -0.6075 0.6408 0.4694
vn -0.6075 0.6408 0.4694
vn 0.3454 0.1975 -0.9174
vn 0.3454 0.1975 -0.9174
vn 0.3196 -0.1120 0.9409
vn 0.5797 0.3988 -0.7106
vn 0.5797 0.3988 -0.7106
vn 0.5797 0.3988 -0.7106
vn -0.4172 -0.6164 0.6678
vn -0.4172 -0.6164 0.6678
vn 0.4574 -0.4657 0.7576
vn 0.4574 -0.4657 0.7576
vn 0.9815 0.1341 -0.1365
vn 0.7787 -0.2308 -0.5833
vn 0.7787 -0.2308 -0.5833
vn 0.8964 0.2329 0.3772
vn 0.8964 0.2329 0.3772
vn 0.7092 0.2560 0.6569
vn 0.7092 0.2560 0.6569
vn 0.9898 0.0962 0.1055
vn 0.9898 0.0962 0.1055
vn 0.1904 0.2517 -0.9489
vn 0.9534 -0.2999 -0.0333
vn 0.9534 -0.2999 -0.0333
vn 0.9069 0.3765 -0.1891
vn 0.9069 0.3765 -0.1891
vn 0.7340 0.5941 0.3291
vn 0.7340 0.5941 0.3291
vn -0.0605 -0.5132 0.8562
vn -0.0605 -0.5132 0.8562
vn -0.1765 -0.5463 -0.8188
vn -0.1765 -0.5463 -0.8188
vn -0.1765 -0.5463 -0.8188
vn -0.1765 -0.5463 -0.8188
vn -0.2997 -0.5602 0.7722
vn -0.2997 -0.5602 0.7722
vn 0.7407 0.2046 0.6400
vn 0.9034 -0.4280 0.0269
vn 0.9034 -0.4280 0.0269
vn 0.9034 -0.4280 0.0269
vn 0.9034 -0.4280 0.0269
vn 0.9034 -0.4280 0.0269
vn -0.4720 -0.2783 0.8365
vn -0.4720 -0.2783 0.8365
vn -0.4720 -0.2783 0.8365
vn -0.4720 -0.2783 0.8365
vn -0.1815 -0.9630 -0.1992
vn -0.1815 -0.9630 -0.1992
vn -0.1815 -0.9630 -0.1992
vn 0.7449 0.1066 0.6586
vn 0.7449 0.1066 0.6586
vn 0.9677 0.0129 0.2517
vn 0.9677 0.0129 0.2517
vn 0.9994 0.0337 0.0034
vn 0.9543 0.1373 -0.2653
vn 0.9543 0.1373 -0.2653
vn 0.5445 -0.3552 -0.7598
vn 0.5445 -0.3552 -0.7598
vn 0.6238 -0.6408 0.4474
vn 0.6238 -0.6408 0.4474
vn 0.2040 0.2622 0.9432
vn -0.3919 0.7962 0.4610
vn -0.3919 0.7962 0.4610
vn -0.4159 0.6902 -0.5921
vn -0.4159 0.6902 -0.5921
vn -0.4159 0.6902 -0.5921
vn -0.4159 0.6902 -0.5921
vn -0.6567 -0.0783 -0.7501
vn -0.6567 -0.0783 -0.7501
vn 0.9504 0.2529 -0.1809
vn 0.9504 0.2529 -0.1809
vn -0.4194 -0.2589 0.8701
vn -0.4194 -0.2589 0.8701
vn -0.3342 -0.3024 0.8927
vn -0.1455 -0.9867 0.0729
vn -0.1455 -0.9867 0.0729
vn 0.5155 0.1153 -0.8491
vn 0.5155 0.1153 -0.8491
vn 0.6631 0.2448 -0.7074
vn 0.6631 0.2448 -0.7074
vn 0.6631 0.2448 -0.7074
vn 0.6631 0.2448 -0.7074
vn -0.1706 -0.1610 -0.9721
vn -0.1706 -0.1610 -0.9721
vn -0.1706 -0.1610 -0.9721
vn 0.9095 -0.3818 -0.1645
vn 0.9095 -0.3818 -0.1645
vn 0.9095 -0.3818 -0.1645
vn 0.9095 -0.3818 -0.1645
vn 0.2749 -0.2963 0.9147
vn -0.1979 -0.8238 -0.5312
vn -0.1979 -0.8238 -0.5312
vn -0.1979 -0.8238 -0.5312
vn 0.6452 0.4518 0.6161
vn 0.6452 0.4518 0.6161
vn -0.6210 0.7831 0.0341
vn -0.6210 0.7831 0.0341
vn -0.6914 0.6760 0.2548
vn -0.6914 0.6760 0.2548
vn -0.6914 0.6760 0.2548
vn 0.8243 0.0816 -0.5602
vn 0.8243 0.0816 -0.5602
vn 0.0343 0.0348 -0.9988
vn 0.0343 0.0348 -0.9988
vn 0.9368 0.1983 -0.2882
vn 0.9456 0.2762 0.1719
vn 0.9456 0.2762 0.1719
vn 0.5486 0.0815 -0.8321
vn 0.5486 0.0815 -0.8321
vn 0.1723 -0.9850 0.0061
vn 0.2128 -0.9456 0.2460
vn 0.2128 -0.9456 0.2460
vn 0.5870 -0.5879 -0.5566
vn 0.5870 -0.5879 -0.5566
vn 0.5870 -0.5879 -0.5566
vn 0.6591 0.1393 -0.7391
vn 0.6591 0.1393 -0.7391
vn 0.0201 0.8619 0.5067
vn 0.9571 0.0433 0.2863
vn 0.9571 0.0433 0.2863
vn 0.9193 -0.3869 0.0717
vn 0.8443 0.2061 -0.4946
vn 0.8443 0.2061 -0.4946
vn -0.3643 -0.5980 0.7140
vn -0.3643 -0.5980 0.7140
vn 0.9206 -0.0513 0.3872
vn 0.9206 -0.0513 0.3872
vn 0.9579 -0.0776 -0.2763
vn 0.9579 -0.0776 -0.2763
vn -0.2348 0.1734 -0.9565
vn 0.9864 0.1636 0.0182
vn 0.5812 -0.1922 0.7908
vn 0.5812 -0.1922 0.7908
vn 0.2964 -0.8840 -0.3614
vn 0.2964 -0.8840 -0.3614
vn 0.0821 0.8847 0.4589
vn 0.5656 -0.7964 -0.2140
vn 0.5656 -0.7964 -0.2140
vn 0.5656 -0.7964 -0.2140
vn 0.5656 -0.7964 -0.2140
vn 0.6761 -0.2270 -0.7010
vn 0.6761 -0.2270 -0.7010
vn 0.9828 0.1836 0.0192
vn 0.9828 0.1836 0.0192
vn 0.9828 0.1836 0.0192
vn 0.9828 0.1836 0.0192
vn 0.9828 0.1836 0.0192
vn 0.7151 0.3919 0.5789
vn 0.7151 0.3919 0.5789
vn 0.7151 0.3919 0.5789
vn 0.7151 0.3919 0.5789
vn 0.7151 0.3919 0.5789
vn 0.8609 -0.4687 0.1978
vn 0.8609 -0.4687 0.1978
vn 0.7741 -0.5761 -0.2624
vn 0.9830 0.0363 0.1802
vn 0.8849 0.4603 -0.0711
vn 0.9948 0.1018 0.0090
vn 0.9079 0.2809 0.3112
vn 0.9079 0.2809 0.3112
vn 0.9079 0.2809 0.3112
vn 0.9079 0.2809 0.3112
vn 0.4186 -0.3768 -0.8263
vn -0.4051 0.5329 0.7429
vn -0.4051 0.5329 0.7429
vn -0.4051 0.5329 0.7429
vn 0.0637 0.9339 0.3518
vn 0.5498 0.0486 -0.8339
vn 0.6449 -0.4516 0.6165
vn 0.6449 -0.4516 0.6165
vn -0.3300 -0.0717 -0.9413
vn -0.3300 -0.0717 -0.9413
vn -0.1001 0.1658 -0.9811
vn 0.9946 0.0950 -0.0425
vn -0.3357 -0.2645 0.9041
vn 0.7076 -0.0512 -0.7048
vn 0.7076 -0.0512 -0.7048
vn 0.3116 0.2886 -0.9053
vn 0.7642 -0.6448 -0.0153
vn 0.7642 -0.6448 -0.0153
vn 0.7642 -0.6448 -0.0153
vn 0.3366 0.1835 -0.9236
vn 0.3354 0.4146 -0.8459
vn 0.3354 0.4146 -0.8459
vn 0.8513 0.2542 0.4590
vn 0.8513 0.2542 0.4590
vn 0.8513 0.2542 0.4590
vn -0.0000 -0.0000 0.0000
vn -0.0000 -0.0000 0.0000
vn 0.6936 0.5315 -0.4863
vn 0.6936 0.5315 -0.4863
vn 0.6936 0.5315 -0.4863
vn 0.3337 0.1303 -0.9336
vn 0.3337 0.1303 -0.9336
vn 0.3337 0.1303 -0.9336
vn 0.3337 0.1303 -0.9336
vn 0.9871 -0.1598 0.0035
vn -0.1596 -0.5226 -0.8375
vn 0.9800 0.1980 0.0218
vn 0.9988 0.0405 -0.0260
vn 0.0000 0.0000 0.0000
vn 0.0000 0.0000 0.0000
vn 0.9214 0.3801 0.0816
vn 0.9214 0.3801 0.0816
vn 0.5493 -0.8340 -0.0522
vn 0.5493 -0.8340 -0.0522
vn -0.2809 0.6475 0.7084
vn -0.2809 0.6475 0.7084
vn -0.0325 0.8803 0.4732
vn -0.0325 0.8803 0.4732
vn 0.6111 0.0052 -0.7915
vn 0.6111 0.0052 -0.7915
vn 0.5326 0.8381 0.1176
vn 0.5326 0.8381 0.1176
vn 0.8864 0.3562 -0.2957
vn 0.8864 0.3562 -0.2957
vn 0.5808 -0.0919 -0.8088
vn 0.5808 -0.0919 -0.8088
vn 0.9317 -0.1451 -0.3329
vn 0.9317 -0.1451 -0.3329
vn 0.7361 0.6249 -0.2601
vn 0.7327 0.4893 -0.4730
vn 0.7327 0.4893 -0.4730
vn 0.8568 -0.3904 -0.3368
vn 0.8568 -0.3904 -0.3368
vn -0.6346 -0.6109 0.4733
vn -0.6346 -0.6109 0.4733
vn -0.6346 -0.6109 0.4733
vn -0.0447 -0.3085 -0.9502
vn -0.0447 -0.3085 -0.9502
vn -0.0447 -0.3085 -0.9502
vn -0.0447 -0.3085 -0.9502
vn -0.4264 -0.4555 -0.7815
vn -0.4264 -0.4555 -0.7815
vn -0.3934 -0.8776 -0.2738
vn -0.3934 -0.8776 -0.2738
vn -0.1681 -0.2809 -0.9449
vn -0.1681 -0.2809 -0.9449
vn -0.1681 -0.2809 -0.9449
vn 0.0810 -0.0778 -0.9937
vn 0.0810 -0.0778 -0.9937
vn 0.3861 0.0669 0.9200
vn -0.9000 0.0443 -0.4335
vn -0.9000 0.0443 -0.4335
vn 0.9347 0.2453 -0.2574
vn 0.9347 0.2453 -0.2574
vn 0.3033 -0.8286 -0.4706
vn 0.3033 -0.8286 -0.4706
vn 0.8076 0.1199 0.5775
vn 0.8076 0.1199 0.5775
vn 0.8076 0.1199 0.5775
vn 0.8076 0.1199 0.5775
vn 0.8282 -0.2558 0.4987
vn 0.8282 -0.2558 0.4987
vn 0.8582 0.0236 0.5128
vn 0.8582 0.0236 0.5128
vn 0.8582 0.0236 0.5128
vn -0.4687 0.4086 -0.7832
vn -0.4687 0.4086 -0.7832
vn 0.8760 0.3792 0.2980
vn 0.7206 -0.6928 0.0262
vn 0.7206 -0.6928 0.0262
vn 0.7206 -0.6928 0.0262
vn 0.8661 -0.1811 0.4658
vn 0.9789 0.1910 0.0722
vn -0.2463 -0.3810 0.8912
vn -0.2463 -0.3810 0.8912
vn -0.2463 -0.3810 0.8912
vn -0.2463 -0.3810 0.8912
vn 0.8856 0.4625 0.0434
vn -0.0922 0.0958 -0.9911
vn -0.7666 -0.5669 -0.3017
vn -0.7666 -0.5669 -0.3017
vn -0.0953 -0.7781 0.6209
vn -0.0953 -0.7781 0.6209
vn -0.0953 -0.7781 0.6209
vn -0.0953 -0.7781 0.6209
vn 0.4443 0.1899 0.8755
vn 0.4443 0.1899 0.8755
vn -0.1119 0.9663 0.2317
vn -0.1119 0.9663 0.2317
vn 0.6663 0.1509 0.7302
vn 0.6663 0.1509 0.7302
vn 0.6663 0.1509 0.7302
vn 0.6663 0.1509 0.7302
vn 0.6663 0.1509 0.7302
vn 0.7422 -0.2994 0.5996
vn 0.3133 0.8376 0.4474
vn 0.3133 0.8376 0.4474
vn 0.7507 -0.4542 0.4798
vn 0.7507 -0.4542 0.4798
vn 0.7118 -0.6077 -0.3521
vn 0.7118 -0.6077 -0.3521
vn 0.9151 -0.3833 -0.1255
vn 0.9151 -0.3833 -0.1255
vn 0.7138 -0.0104 0.7003
vn 0.9477 0.3042 0.0964
vn 0.9477 0.3042 0.0964
vn -0.9315 0.0512 -0.3601
vn -0.9315 0.0512 -0.3601
vn 0.8093 0.5478 0.2122
vn 0.8093 0.5478 0.2122
vn 0.8093 0.5478 0.2122
vn 0.8068 0.3447 -0.4799
vn 0.2687 0.2855 -0.9199
vn 0.5472 0.3498 -0.7604
vn -0.0484 -0.1415 0.9887
vn -0.2880 -0.4953 -0.8196
vn -0.2880 -0.4953 -0.8196
vn 0.1768 -0.9630 0.2036
vn 0.1768 -0.9630 0.2036
vn 0.3333 -0.3521 0.8746
vn 0.3333 -0.3521 0.8746
vn 0.3333 -0.3521 0.8746
vn 0.3333 -0.3521 0.8746
vn -0.2172 -0.8400 0.4973
vn -0.2172 -0.8400 0.4973
vn 0.7953 0.5826 0.1674
vn 0.7953 0.5826 0.1674
vn 0.7953 0.5826 0.1674
vn 0.7953 0.5826 0.1674
vn 0.7490 -0.6582 -0.0764
vn -0.1580 -0.9738 0.1637
vn -0.0988 0.1515 0.9835
vn -0.0988 0.1515 0.9835
vn -0.9354 0.1049 -0.3378
vn -0.8159 0.2950 0.4973
vn -0.8159 0.2950 0.4973
vn -0.9406 0.2321 -0.2479
vn 0.9536 -0.2675 0.1379
vn 0.9536 -0.2675 0.1379
vn -0.8347 -0.3738 0.4044
vn -0.8347 -0.3738 0.4044
vn 0.4109 -0.3073 -0.8583
vn 0.4109 -0.3073 -0.8583
vn 0.3442 -0.2669 0.9002
vn 0.3442 -0.2669 0.9002
vn 0.3924 0.7537 0.5272
vn 0.3924 0.7537 0.5272
vn -0.1256 -0.3185 -0.9396
vn 0.0443 -0.9989 -0.0179
vn -0.8319 -0.4663 0.3009
vn -0.8319 -0.4663 0.3009
vn -0.6281 0.0590 -0.7759
vn -0.6281 0.0590 -0.7759
vn -0.1024 -0.7642 -0.6368
vn -0.1024 -0.7642 -0.6368
vn -0.1024 -0.7642 -0.6368
vn -0.1024 -0.7642 -0.6368
vn 0.5090 0.8476 0.1501
vn -0.1434 0.2903 0.9461
vn -0.1434 0.2903 0.9461
vn -0.1434 0.2903 0.9461
vn 0.2656 -0.1045 -0.9584
vn 0.2656 -0.1045 -0.9584
vn 0.2506 -0.8858 -0.3906
vn 0.2506 -0.8858 -0.3906
vn 0.8836 0.1238 0.4516
vn 0.8836 0.1238 0.4516
vn 0.4273 0.8561 -0.2906
vn 0.4273 0.8561 -0.2906
vn 0.4838 0.6374 -0.5997
vn 0.4838 0.6374 -0.5997
vn 0.7695 0.0822 0.6334
vn 0.7695 0.0822 0.6334
vn 0.7695 0.0822 0.6334
vn 0.5354 -0.8175 -0.2122
vn 0.5354 -0.8175 -0.2122
vn 0.4911 0.4298 0.7577
vn 0.4911 0.4298 0.7577
vn 0.4911 0.4298 0.7577
vn -0.2426 0.9619 0.1261
vn 0.0858 -0.9963 -0.0065
vn 0.0526 -0.3967 0.9164
vn 0.0526 -0.3967 0.9164
vn 0.0526 -0.3967 0.9164
vn 0.3328 0.7778 0.5333
vn 0.3328 0.7778 0.5333
vn 0.5747 0.2398 0.7825
vn 0.5747 0.2398 0.7825
vn 0.5747 0.2398 0.7825
vn 0.1967 0.3727 -0.9069
vn 0.1967 0.3727 -0.9069
vn -0.1119 -0.1592 -0.9809
vn 0.9133 -0.2384 0.3302
vn 0.9133 -0.2384 0.3302
vn 0.9133 -0.2384 0.3302
vn 0.3525 -0.0901 0.9315
vn 0.5380 0.1304 0.8328
vn 0.4130 0.3535 -0.8393
vn 0.5514 0.2533 -0.7948
vn 0.5514 0.2533 -0.7948
vn 0.5514 0.2533 -0.7948
vn 0.7301 -0.3841 0.5651
vn 0.7301 -0.3841 0.5651
vn 0.7301 -0.3841 0.5651
vn 0.7301 -0.3841 0.5651
vn 0.6619 -0.6233 0.4164
vn 0.6619 -0.6233 0.4164
vn 0.0952 -0.9886 -0.1169
vn 0.2500 -0.7132 0.6549
vn 0.2500 -0.7132 0.6549
vn -0.1182 0.2513 0.9607
vn -0.4254 0.4393 0.7912
vn -0.4254 0.4393 0.7912
vn 0.6770 0.7082 -0.2000
vn 0.6770 0.7082 -0.2000
vn 0.3557 0.3487 -0.8671
vn 0.0805 0.1378 -0.9872
vn 0.1434 0.2320 0.9621
vn 0.1434 0.2320 0.9621
vn 0.3162 -0.0576 0.9469
vn -0.1371 -0.9906 0.0048
vn -0.1371 -0.9906 0.0048
vn 0.4423 0.8677 0.2269
vn 0.4423 0.8677 0.2269
vn 0.9647 0.0971 0.2446
vn 0.9647 0.0971 0.2446
vn 0.4603 -0.1575 -0.8737
vn 0.4603 -0.1575 -0.8737
vn -0.8897 0.2544 -0.3792
vn -0.5452 0.8337 -0.0877
vn -0.5452 0.8337 -0.0877
vn -0.2315 -0.3083 0.9227
vn -0.2315 -0.3083 0.9227
vn -0.7819 -0.5613 -0.2712
vn 0.4557 -0.8715 0.1812
vn 0.4557 -0.8715 0.1812
vn 0.1407 -0.9642 0.2246
vn 0.1407 -0.9642 0.2246
vn 0.1407 -0.9642 0.2246
vn -0.7554 -0.4509 -0.4754
vn -0.7554 -0.4509 -0.4754
vn -0.7554 -0.4509 -0.4754
vn 0.7706 0.5023 -0.3923
vn 0.7706 0.5023 -0.3923
vn 0.7706 0.5023 -0.3923
vn 0.7165 0.5889 0.3740
vn 0.7165 0.5889 0.3740
vn 0.6351 0.5738 0.5171
vn 0.6351 0.5738 0.5171
vn 0.0000 0.0000 0.0000
vn 0.0000 0.0000 0.0000
vn -0.8113 0.1919 -0.5522
vn -0.8113 0.1919 -0.5522
vn -0.8113 0.1919 -0.5522
vn -0.2164 -0.6031 -0.7678
vn -0.2164 -0.6031 -0.7678
vn -0.2164 -0.6031 -0.7678
vn -0.2164 -0.6031 -0.7678
vn 0.0849 -0.5830 0.8080
vn 0.0849 -0.5830 0.8080
vn 0.0849 -0.5830 0.8080
vn 0.0849 -0.5830 0.8080
vn -0.2643 -0.2419 0.9336
vn -0.0511 -0.9819 0.1824
vn -0.0511 -0.9819 0.1824
vn -0.0511 -0.9819 0.1824
vn -0.0511 -0.9819 0.1824
vn -0.0511 -0.9819 0.1824
vn -0.6546 -0.6403 0.4019
vn -0.6546 -0.6403 0.4019
vn -0.6546 -0.6403 0.4019
vn 0.2337 -0.9712 -0.0467
vn 0.2337 -0.9712 -0.0467
vn 0.5780 0.4139 0.7033
vn 0.5780 0.4139 0.7033
vn 0.6023 -0.6099 0.5150
vn 0.6023 -0.6099 0.5150
vn 0.7438 0.5373 -0.3976
vn 0.7438 0.5373 -0.3976
vn -0.3980 0.3339 0.8545
vn -0.3980 0.3339 0.8545
vn -0.3980 0.3339 0.8545
vn -0.3980 0.3339 0.8545
vn 0.5645 -0.4715 -0.6775
vn 0.5645 -0.4715 -0.6775
vn 0.5645 -0.4715 -0.6775
vn -0.4972 -0.0067 0.8676
vn -0.4972 -0.0067 0.8676
vn -0.4803 -0.5293 -0.6993
vn -0.4803 -0.5293 -0.6993
vn 0.6926 -0.3125 -0.6501
vn 0.6926 -0.3125 -0.6501
vn 0.6926 -0.3125 -0.6501
vn 0.8029 -0.5847 0.1163
vn 0.8029 -0.5847 0.1163
vn 0.8029 -0.5847 0.1163
vn 0.4410 -0.8673 -0.2311
vn 0.8021 -0.5960 -0.0370
vn 0.8021 -0.5960 -0.0370
vn 0.4367 -0.8806 -0.1840
vn 0.4367 -0.8806 -0.1840
vn -0.9484 0.2540 0.1899
vn -0.9484 0.2540 0.1899
vn -0.2108 -0.4238 0.8809
vn -0.2108 -0.4238 0.8809
vn -0.2108 -0.4238 0.8809
vn 0.6247 0.4866 -0.6107
vn 0.6247 0.4866 -0.6107
vn 0.9526 0.1933 0.2349
vn 0.9526 0.1933 0.2349
vn 0.9526 0.1933 0.2349
vn 0.9526 0.1933 0.2349
vn 0.7344 0.4262 0.5281
vn 0.7344 0.4262 0.5281
vn 0.8009 0.3244 -0.5034
vn 0.8009 0.3244 -0.5034
vn 0.7108 -0.1189 0.6933
vn 0.7108 -0.1189 0.6933
vn 0.4454 0.6273 -0.6388
vn 0.4454 0.6273 -0.6388
vn 0.5460 0.4038 -0.7341
vn 0.5460 0.4038 -0.7341
vn -0.3186 -0.7213 -0.6150
vn -0.3186 -0.7213 -0.6150
vn -0.3186 -0.7213 -0.6150
vn -0.3186 -0.7213 -0.6150
vn -0.3186 -0.7213 -0.6150
vn -0.3186 -0.7213 -0.6150
vn -0.8141 -0.3623 -0.4539
vn -0.8141 -0.3623 -0.4539
vn -0.8141 -0.3623 -0.4539
vn -0.8141 -0.3623 -0.4539
vn -0.8141 -0.3623 -0.4539
vn -0.8141 -0.3623 -0.4539
vn -0.8141 -0.3623 -0.4539
vn -0.0939 -0.3439 -0.9343
vn 0.9472 0.2869 0.1433
vn 0.4541 -0.8861 -0.0927
vn 0.4541 -0.8861 -0.0927
vn 0.5324 -0.6564 -0.5345
vn 0.5324 -0.6564 -0.5345
vn 0.7577 0.3560 0.5470
vn 0.7577 0.3560 0.5470
vn 0.6606 0.5581 -0.5021
vn -0.2626 -0.9027 0.3409
vn -0.2626 -0.9027 0.3409
vn 0.7754 0.6259 -0.0839
vn 0.7754 0.6259 -0.0839
vn 0.7754 0.6259 -0.0839
vn 0.7754 0.6259 -0.0839
vn 0.8740 0.3851 -0.2963
vn 0.8740 0.3851 -0.2963
vn 0.6958 -0.3713 0.6148
vn 0.6958 -0.3713 0.6148
vn -0.1135 0.6833 0.7212
vn -0.1135 0.6833 0.7212
vn -0.1135 0.6833 0.7212
vn 0.8377 0.4447 -0.3169
vn 0.8377 0.4447 -0.3169
vn 0.6508 0.1561 0.7430
vn 0.6508 0.1561 0.7430
vn -0.3619 -0.7192 0.5932
vn -0.3619 -0.7192 0.5932
vn -0.3619 -0.7192 0.5932
vn -0.6374 -0.7557 0.1507
vn -0.6374 -0.7557 0.1507
vn -0.5778 -0.6909 -0.4345
vn -0.5778 -0.6909 -0.4345
vn -0.5778 -0.6909 -0.4345
vn -0.5778 -0.6909 -0.4345
vn -0.4436 -0.1370 0.8857
vn -0.4436 -0.1370 0.8857
vn -0.4436 -0.1370 0.8857
vn -0.1824 -0.6208 -0.7624
vn 0.1458 0.3223 0.9353
vn 0.7587 0.6148 -0.2153
vn 0.8716 0.3062 0.3827
vn -0.0507 0.5124 -0.8572
vn -0.0507 0.5124 -0.8572
vn -0.0507 0.5124 -0.8572
vn 0.9687 -0.1521 -0.1963
vn 0.9687 -0.1521 -0.1963
vn 0.9687 -0.1521 -0.1963
vn 0.9810 -0.1252 -0.1482
vn 0.9810 -0.1252 -0.1482
vn 0.9810 -0.1252 -0.1482
vn 0.9210 0.3046 -0.2430
vn 0.9210 0.3046 -0.2430
vn 0.9210 0.3046 -0.2430
vn 0.5864 -0.7590 0.2829
vn 0.5864 -0.7590 0.2829
vn 0.5864 -0.7590 0.2829
vn -0.0143 -0.9969 0.0768
vn -0.1888 -0.9693 -0.1576
vn 0.8052 0.5649 0.1804
vn 0.8052 0.5649 0.1804
vn 0.8726 0.4185 -0.2516
vn 0.0285 0.9288 0.3694
vn 0.7845 -0.5651 -0.2554
vn 0.7845 -0.5651 -0.2554
vn 0.9730 -0.1887 -0.1329
vn 0.3854 -0.8845 0.2631
vn 0.3854 -0.8845 0.2631
vn 0.3854 -0.8845 0.2631
vn 0.6154 -0.2663 -0.7419
vn 0.6154 -0.2663 -0.7419
vn 0.3606 -0.4053 -0.8401
vn 0.3606 -0.4053 -0.8401
vn 0.3606 -0.4053 -0.8401
vn 0.3606 -0.4053 -0.8401
vn -0.9916 0.1200 0.0476
vn -0.9916 0.1200 0.0476
vn -0.3759 0.0833 0.9229
vn -0.3759 0.0833 0.9229
vn 0.0933 0.3937 0.9145
vn 0.0933 0.3937 0.9145
vn 0.0933 0.3937 0.9145
vn 0.8190 0.0161 0.5735
vn 0.8190 0.0161 0.5735
vn 0.8190 0.0161 0.5735
vn -0.0609 0.9686 0.2412
vn -0.0609 0.9686 0.2412
vn -0.0609 0.9686 0.2412
vn 0.6302 0.2738 -0.7265
vn 0.6302 0.2738 -0.7265
vn 0.6302 0.2738 -0.7265
vn 0.6302 0.2738 -0.7265
vn 0.5699 -0.0038 0.8217
vn 0.5699 -0.0038 0.8217
vn 0.5699 -0.0038 0.8217
vn -0.2694 0.2846 0.9200
vn -0.0446 0.0657 -0.9968
vn -0.0446 0.0657 -0.9968
vn -0.5626 0.1044 -0.8201
vn -0.5626 0.1044 -0.8201
vn -0.5626 0.1044 -0.8201
vn 0.1748 -0.2520 -0.9518
vn 0.1748 -0.2520 -0.9518
vn 0.1748 -0.2520 -0.9518
vn -0.0311 0.9418 0.3348
vn -0.0311 0.9418 0.3348
vn -0.0311 0.9418 0.3348
vn 0.0746 0.9620 -0.2625
vn 0.0746 0.9620 -0.2625
vn 0.8597 0.1911 -0.4736
vn 0.8597 0.1911 -0.4736
vn 0.5622 -0.8165 0.1319
vn 0.5622 -0.8165 0.1319
vn 0.2670 0.4471 -0.8537
vn 0.2670 0.4471 -0.8537
vn 0.1559 0.3421 -0.9266
vn 0.0660 0.0756 -0.9950
vn 0.0660 0.0756 -0.9950
vn -0.1173 -0.1151 0.9864
vn -0.1173 -0.1151 0.9864
vn 0.1998 0.6398 0.7421
vn 0.1998 0.6398 0.7421
vn 0.9022 -0.0196 -0.4310
vn 0.9022 -0.0196 -0.4310
vn 0.9022 -0.0196 -0.4310
vn 0.9022 -0.0196 -0.4310
vn 0.7244 0.4916 0.4832
vn 0.7244 0.4916 0.4832
vn 0.7730 -0.6280 -0.0899
vn 0.7730 -0.6280 -0.0899
vn -0.6306 -0.2642 -0.7298
vn -0.6306 -0.2642 -0.7298
vn 0.9547 -0.2201 -0.2002
vn 0.9547 -0.2201 -0.2002
vn 0.7598 0.6451 0.0804
vn 0.7598 0.6451 0.0804
vn 0.9081 -0.2327 0.3482
vn 0.9081 -0.2327 0.3482
vn 0.9081 -0.2327 0.3482
vn 0.1920 0.0396 -0.9806
vn 0.1920 0.0396 -0.9806
vn -0.6414 -0.7145 -0.2793
vn -0.6414 -0.7145 -0.2793
vn -0.6414 -0.7145 -0.2793
vn 0.0042 -0.4034 -0.9150
vn 0.0042 -0.4034 -0.9150
vn 0.0042 -0.4034 -0.9150
vn 0.0042 -0.4034 -0.9150
vn -0.8201 -0.4268 0.3810
vn -0.8201 -0.4268 0.3810
vn -0.8201 -0.4268 0.3810
vn -0.8201 -0.4268 0.3810
vn 0.6318 0.7516 -0.1895
vn 0.6318 0.7516 -0.1895
vn 0.6318 0.7516 -0.1895
vn 0.2326 0.9073 -0.3502
vn 0.2326 0.9073 -0.3502
vn 0.8376 0.5195 -0.1691
vn 0.8376 0.5195 -0.1691
vn 0.6607 0.0139 0.7505
vn 0.6607 0.0139 0.7505
vn 0.2464 0.1391 0.9591
vn -0.8193 0.5552 0.1432
vn -0.8193 0.5552 0.1432
vn -0.8193 0.5552 0.1432
vn 0.9937 0.0246 -0.1091
vn -0.5006 0.7137 -0.4899
vn -0.5006 0.7137 -0.4899
vn -0.5006 0.7137 -0.4899
vn -0.6635 -0.6274 0.4076
vn -0.6635 -0.6274 0.4076
vn -0.6635 -0.6274 0.4076
vn -0.0442 0.6646 0.7459
vn -0.0442 0.6646 0.7459
vn -0.1432 -0.6681 0.7302
vn -0.1432 -0.6681 0.7302
vn 0.5009 -0.3477 0.7926
vn 0.5009 -0.3477 0.7926
vn 0.5009 -0.3477 0.7926
vn -0.7597 -0.6359 -0.1359
vn -0.7597 -0.6359 -0.1359
vn -0.5127 -0.8535 0.0932
vn 0.6727 -0.5872 0.4502
vn 0.6727 -0.5872 0.4502
vn 0.8319 -0.2215 0.5088
vn 0.8319 -0.2215 0.5088
vn 0.8319 -0.2215 0.5088
vn -0.5609 -0.4927 -0.6653
vn -0.5609 -0.4927 -0.6653
vn -0.5609 -0.4927 -0.6653
vn -0.5609 -0.4927 -0.6653
vn -0.1683 -0.6801 0.7136
vn -0.1683 -0.6801 0.7136
vn 0.7053 0.5132 -0.4892
vn 0.7053 0.5132 -0.4892
vn -0.0690 -0.3463 -0.9356
vn -0.0690 -0.3463 -0.9356
vn -0.0654 -0.1518 0.9862
vn -0.0654 -0.1518 0.9862
vn -0.8768 0.0976 -0.4708
vn -0.8768 0.0976 -0.4708
vn -0.0618 -0.1874 -0.9803
vn -0.3030 -0.5294 -0.7924
vn -0.3030 -0.5294 -0.7924
vn -0.3030 -0.5294 -0.7924
vn -0.7009 0.3784 0.6046
vn -0.7009 0.3784 0.6046
vn -0.7793 0.2873 0.5569
vn -0.7793 0.2873 0.5569
vn -0.7793 0.2873 0.5569
vn -0.7793 0.2873 0.5569
vn 0.6150 0.7863 -0.0596
vn 0.6150 0.7863 -0.0596
vn 0.3029 -0.2096 -0.9297
vn 0.3029 -0.2096 -0.9297
vn 0.3029 -0.2096 -0.9297
vn 0.3029 -0.2096 -0.9297
vn 0.3029 -0.2096 -0.9297
vn -0.7067 0.2324 -0.6683
vn -0.7067 0.2324 -0.6683
vn -0.7067 0.2324 -0.6683
vn -0.7067 0.2324 -0.6683
vn -0.2210 0.6572 -0.7206
vn -0.2210 0.6572 -0.7206
vn 0.0723 0.2327 -0.9698
vn 0.0912 0.2450 0.9652
vn -0.8724 0.1762 0.4559
vn -0.8724 0.1762 0.4559
vn -0.5148 -0.8570 -0.0231
vn -0.5148 -0.8570 -0.0231
vn -0.8606 -0.5093 -0.0068
vn -0.8606 -0.5093 -0.0068
vn 0.2779 0.5418 0.7932
vn 0.2779 0.5418 0.7932
vn 0.2779 0.5418 0.7932
vn 0.2779 0.5418 0.7932
vn 0.6899 0.3953 -0.6064
vn 0.6899 0.3953 -0.6064
vn 0.6899 0.3953 -0.6064
vn 0.6899 0.3953 -0.6064
vn 0.6899 0.3953 -0.6064
vn 0.2655 0.1265 -0.9558
vn 0.7009 0.4821 0.5256
vn 0.7009 0.4821 0.5256
vn 0.1486 -0.3046 0.9408
vn 0.1486 -0.3046 0.9408
vn 0.6024 -0.3201 -0.7312
vn 0.6024 -0.3201 -0.7312
vn 0.1546 0.0907 -0.9838
vn 0.1546 0.0907 -0.9838
vn 0.1546 0.0907 -0.9838
vn 0.0646 -0.2486 -0.9664
vn 0.4063 0.8858 0.2242
vn 0.4063 0.8858 0.2242
vn 0.8225 0.5550 0.1243
vn 0.8225 0.5550 0.1243
vn 0.8225 0.5550 0.1243
vn 0.6335 0.7518 -0.1830
vn 0.6335 0.7518 -0.1830
vn -0.3566 0.2010 -0.9124
vn -0.3566 0.2010 -0.9124
vn -0.9300 -0.0384 0.3656
vn -0.9300 -0.0384 0.3656
vn -0.2784 -0.0129 0.9604
vn -0.2784 -0.0129 0.9604
vn -0.9965 -0.0721 0.0429
vn -0.9965 -0.0721 0.0429
vn -0.8886 0.2429 0.3890
vn -0.8886 0.2429 0.3890
vn -0.2600 0.0149 -0.9655
vn -0.2600 0.0149 -0.9655
vn -0.2600 0.0149 -0.9655
vn 0.8883 0.2665 -0.3740
vn 0.8883 0.2665 -0.3740
vn 0.8883 0.2665 -0.3740
vn -0.1722 0.8721 -0.4580
vn 0.4976 -0.7139 -0.4926
vn 0.4976 -0.7139 -0.4926
vn 0.6520 -0.1755 0.7376
vn 0.6520 -0.1755 0.7376
vn 0.6520 -0.1755 0.7376
vn 0.6520 -0.1755 0.7376
vn 0.0290 -0.9920 0.1226
vn 0.0290 -0.9920 0.1226
vn 0.7929 -0.5777 -0.1936
vn -0.6137 0.2984 0.7310
vn -0.6137 0.2984 0.7310
vn -0.2098 0.2774 0.9376
vn -0.2098 0.2774 0.9376
vn 0.1496 -0.3279 -0.9328
vn 0.1496 -0.3279 -0.9328
vn 0.1496 -0.3279 -0.9328
vn 0.4354 0.5655 0.7004
vn 0.4354 0.5655 0.7004
vn 0.1245 0.8060 0.5787
vn 0.1245 0.8060 0.5787
vn -0.3043 -0.0527 0.9511
vn -0.3878 0.0018 -0.9218
vn -0.3878 0.0018 -0.9218
vn -0.3878 0.0018 -0.9218
vn -0.3409 -0.0446 0.9390
vn -0.3409 -0.0446 0.9390
vn 0.7167 -0.6944 -0.0645
vn 0.7167 -0.6944 -0.0645
vn 0.7167 -0.6944 -0.0645
vn 0.4022 0.0257 -0.9152
vn 0.4022 0.0257 -0.9152
vn -0.8704 0.1944 -0.4523
vn -0.8704 0.1944 -0.4523
vn -0.6582 -0.0031 -0.7528
vn -0.6582 -0.0031 -0.7528
vn -0.6582 -0.0031 -0.7528
vn -0.7703 -0.4987 0.3975
vn -0.7703 -0.4987 0.3975
vn -0.2941 -0.1703 0.9405
vn -0.2941 -0.1703 0.9405
vn -0.4159 0.0469 -0.9082
vn 0.0000 0.0000 0.0000
vn 0.0000 0.0000 0.0000
vn -0.6154 0.3250 0.7181
vn -0.6154 0.3250 0.7181
vn -0.0792 0.1085 0.9909
vn 0.4509 0.6125 0.6492
vn 0.4509 0.6125 0.6492
vn 0.1916 0.3900 -0.9006
vn 0.1916 0.3900 -0.9006
vn -0.5203 -0.4251 0.7407
vn -0.5203 -0.4251 0.7407
vn 0.0389 0.0587 0.9975
vn 0.0389 0.0587 0.9975
vn 0.6381 0.7482 0.1816
vn 0.6381 0.7482 0.1816
vn 0.6381 0.7482 0.1816
vn -0.0048 0.0899 -0.9959
vn -0.0048 0.0899 -0.9959
vn 0.2949 0.0676 0.9531
vn -0.4776 -0.1271 -0.8693
vn -0.4776 -0.1271 -0.8693
vn 0.1396 0.0592 0.9884
vn 0.1396 0.0592 0.9884
vn -0.8459 -0.2531 0.4696
vn -0.8459 -0.2531 0.4696
vn -0.7358 -0.0785 -0.6726
vn -0.7358 -0.0785 -0.6726
vn -0.3710 -0.8122 0.4501
vn -0.3710 -0.8122 0.4501
vn -0.3710 -0.8122 0.4501
vn -0.4432 0.2925 -0.8473
vn -0.4432 0.2925 -0.8473
vn -0.5793 -0.6833 0.4444
vn -0.5793 -0.6833 0.4444
vn -0.5793 -0.6833 0.4444
vn 0.9459 -0.1377 0.2937
vn 0.9459 -0.1377 0.2937
vn 0.9459 -0.1377 0.2937
vn 0.2954 -0.0840 -0.9517
vn 0.2954 -0.0840 -0.9517
vn 0.4700 0.7713 0.4291
vn 0.4700 0.7713 0.4291
vn -0.1365 0.3696 0.9191
vn -0.1365 0.3696 0.9191
vn -0.1365 0.3696 0.9191
vn -0.1365 0.3696 0.9191
vn -0.8748 -0.4409 -0.2007
vn -0.8748 -0.4409 -0.2007
vn 0.1436 0.1213 0.9822
vn -0.8439 0.3875 0.3710
vn -0.8439 0.3875 0.3710
vn -0.3047 -0.9406 -0.1494
vn -0.3047 -0.9406 -0.1494
vn -0.3047 -0.9406 -0.1494
vn -0.3047 -0.9406 -0.1494
vn -0.3047 -0.9406 -0.1494
vn -0.3047 -0.9406 -0.1494
vn 0.6333 -0.0175 0.7737
vn 0.6333 -0.0175 0.7737
vn 0.6374 0.7643 -0.0984
vn 0.6374 0.7643 -0.0984
vn -0.8526 0.3066 0.4232
vn 0.3239 0.0769 0.9429
vn 0.3239 0.0769 0.9429
vn 0.3239 0.0769 0.9429
vn 0.3239 0.0769 0.9429
vn 0.3239 0.0769 0.9429
vn 0.3244 -0.3245 0.8885
vn 0.3244 -0.3245 0.8885
vn -0.1864 0.4376 -0.8797
vn -0.1864 0.4376 -0.8797
vn 0.7916 0.4773 -0.3815
vn 0.7916 0.4773 -0.3815
vn 0.7183 0.6944 0.0428
vn 0.7183 0.6944 0.0428
vn -0.3635 -0.4205 -0.8313
vn -0.3635 -0.4205 -0.8313
vn -0.3635 -0.4205 -0.8313
vn -0.9661 0.0473 0.2539
vn -0.9661 0.0473 0.2539
vn -0.1949 0.1623 -0.9673
vn -0.1949 0.1623 -0.9673
vn -0.2692 0.0012 -0.9631
vn 0.0109 0.9230 -0.3846
vn 0.0109 0.9230 -0.3846
vn 0.3806 -0.7338 0.5627
vn 0.3806 -0.7338 0.5627
vn 0.2702 0.6693 0.6921
vn 0.2702 0.6693 0.6921
vn 0.4428 -0.3364 -0.8311
vn 0.4428 -0.3364 -0.8311
vn 0.4428 -0.3364 -0.8311
vn 0.4021 -0.5807 -0.7079
vn 0.4021 -0.5807 -0.7079
vn 0.5677 -0.5686 -0.5953
vn 0.5677 -0.5686 -0.5953
vn 0.7810 -0.3094 -0.5424
vn 0.7810 -0.3094 -0.5424
vn -0.3857 -0.4501 -0.8054
vn -0.3857 -0.4501 -0.8054
vn -0.3857 -0.4501 -0.8054
vn -0.8416 -0.2304 0.4885
vn -0.8416 -0.2304 0.4885
vn -0.0208 -0.0401 0.9990
vn -0.0208 -0.0401 0.9990
vn -0.2793 0.3443 -0.8964
vn -0.2793 0.3443 -0.8964
vn 0.0438 -0.0359 0.9984
vn 0.2432 0.0731 0.9672
vn 0.2549 0.0574 0.9653
vn 0.2549 0.0574 0.9653
vn -0.5067 -0.4086 -0.7591
vn -0.5067 -0.4086 -0.7591
vn 0.1414 0.9597 -0.2429
vn -0.2209 -0.0179 -0.9751
vn -0.0050 0.0887 -0.9960
vn -0.0050 0.0887 -0.9960
vn -0.7957 -0.6021 -0.0660
vn -0.7957 -0.6021 -0.0660
vn 0.2707 0.2053 0.9405
vn 0.6793 0.6062 0.4136
vn 0.6793 0.6062 0.4136
vn 0.5948 0.7802 0.1936
vn -0.7376 -0.2035 -0.6439
vn -0.7376 -0.2035 -0.6439
vn -0.7376 -0.2035 -0.6439
vn -0.5142 0.0163 -0.8575
vn -0.5142 0.0163 -0.8575
vn -0.4689 -0.0365 -0.8825
vn -0.3273 -0.0030 -0.9449
vn -0.3123 0.1466 -0.9386
vn 0.6282 0.5054 -0.5916
vn 0.6282 0.5054 -0.5916
vn 0.6282 0.5054 -0.5916
vn 0.6282 0.5054 -0.5916
vn -0.0027 -0.0917 -0.9958
vn -0.0027 -0.0917 -0.9958
vn -0.7327 0.4790 0.4834
vn -0.7327 0.4790 0.4834
vn -0.7327 0.4790 0.4834
vn -0.7327 0.4790 0.4834
vn -0.5478 -0.7278 -0.4126
vn -0.5478 -0.7278 -0.4126
vn -0.5478 -0.7278 -0.4126
vn -0.5478 -0.7278 -0.4126
vn -0.5478 -0.7278 -0.4126
vn 0.1558 -0.9154 0.3711
vn 0.1558 -0.9154 0.3711
vn 0.1558 -0.9154 0.3711
vn -0.9779 0.2065 -0.0324
vn -0.9779 0.2065 -0.0324
vn 0.4942 -0.7438 -0.4500
vn 0.4942 -0.7438 -0.4500
vn 0.2820 0.0985 -0.9543
vn 0.2820 0.0985 -0.9543
vn 0.7798 0.3345 -0.5293
vn 0.8811 0.1116 -0.4595
vn 0.8811 0.1116 -0.4595
vn 0.8811 0.1116 -0.4595
vn 0.8806 0.4633 0.0997
vn 0.7036 -0.6143 0.3571
vn 0.7036 -0.6143 0.3571
vn 0.1767 0.0001 0.9843
vn -0.8199 0.0190 0.5722
vn -0.8199 0.0190 0.5722
vn -0.8199 0.0190 0.5722
vn -0.8199 0.0190 0.5722
vn -0.8199 0.0190 0.5722
vn -0.8199 0.0190 0.5722
vn 0.8225 -0.4271 0.3757
vn 0.8225 -0.4271 0.3757
vn -0.3369 0.1320 -0.9322
vn -0.3369 0.1320 -0.9322
vn -0.3369 0.1320 -0.9322
vn -0.3369 0.1320 -0.9322
vn -0.3369 0.1320 -0.9322
vn 0.5518 0.1398 0.8222
vn 0.5518 0.1398 0.8222
vn 0.5518 0.1398 0.8222
vn 0.3884 0.9200 0.0535
vn 0.7023 -0.5560 -0.4447
vn 0.7023 -0.5560 -0.4447
vn -0.5810 -0.1860 -0.7924
vn -0.5810 -0.1860 -0.7924
vn -0.6776 -0.3194 0.6625
vn -0.6776 -0.3194 0.6625
vn -0.9815 0.1784 0.0696
vn -0.9815 0.1784 0.0696
vn -0.9453 0.1190 -0.3038
vn -0.9453 0.1190 -0.3038
vn 0.0401 0.1646 -0.9855
vn 0.0401 0.1646 -0.9855
vn -0.6068 -0.7541 -0.2512
vn -0.6068 -0.7541 -0.2512
vn -0.6068 -0.7541 -0.2512
vn -0.6068 -0.7541 -0.2512
vn -0.6068 -0.7541 -0.2512
vn -0.6068 -0.7541 -0.2512
vn -0.3331 -0.0148 -0.9428
vn -0.3331 -0.0148 -0.9428
vn 0.3860 0.0440 0.9215
vn 0.7977 0.2593 0.5445
vn 0.7977 0.2593 0.5445
vn -0.1697 -0.4747 0.8637
vn -0.1697 -0.4747 0.8637
vn 0.6562 -0.7461 0.1131
vn 0.6562 -0.7461 0.1131
vn 0.6562 -0.7461 0.1131
vn 0.9286 -0.1256 -0.3492
vn -0.6790 0.1466 0.7194
vn -0.6790 0.1466 0.7194
vn 0.6818 0.1015 0.7245
vn 0.6818 0.1015 0.7245
vn 0.9775 0.2107 -0.0139
vn 0.9775 0.2107 -0.0139
vn 0.9775 0.2107 -0.0139
vn 0.9775 0.2107 -0.0139
vn 0.9775 0.2107 -0.0139
vn 0.8535 0.1521 -0.4985
vn 0.8535 0.1521 -0.4985
vn 0.2988 -0.9512 0.0776
vn 0.2988 -0.9512 0.0776
vn 0.2988 -0.9512 0.0776
vn 0.8168 0.5722 -0.0742
vn 0.8168 0.5722 -0.0742
vn 0.5989 -0.1697 0.7827
vn 0.5989 -0.1697 0.7827
vn 0.0962 -0.1363 -0.9860
vn -0.6781 0.2007 -0.7070
vn -0.6781 0.2007 -0.7070
vn -0.2723 -0.0493 -0.9609
vn -0.2723 -0.0493 -0.9609
vn 0.5327 0.4516 0.7158
vn 0.5327 0.4516 0.7158
vn -0.2398 -0.4471 0.8618
vn 0.9454 0.3238 0.0369
vn 0.6175 -0.4065 0.6734
vn 0.6175 -0.4065 0.6734
vn -0.1460 0.0659 -0.9871
vn -0.1460 0.0659 -0.9871
vn 0.0439 0.0948 -0.9945
vn 0.2055 0.0202 0.9784
vn 0.2055 0.0202 0.9784
vn 0.3248 0.1137 0.9389
vn 0.2445 0.0294 0.9692
vn 0.2979 0.2962 0.9075
vn 0.7518 0.5705 -0.3307
vn 0.7518 0.5705 -0.3307
vn 0.2282 0.2993 -0.9265
vn 0.2282 0.2993 -0.9265
vn 0.2282 0.2993 -0.9265
vn -0.8928 0.1532 -0.4235
vn -0.8928 0.1532 -0.4235
vn -0.6507 0.0133 -0.7592
vn -0.6507 0.0133 -0.7592
vn 0.1526 -0.0116 0.9882
vn 0.1526 -0.0116 0.9882
vn 0.1570 0.1584 0.9748
vn 0.7762 -0.5432 -0.3200
vn 0.3996 -0.1271 0.9078
vn 0.3508 -0.1744 -0.9201
vn 0.3508 -0.1744 -0.9201
vn 0.2379 -0.5950 0.7677
vn 0.2379 -0.5950 0.7677
vn 0.4890 0.3467 0.8004
vn 0.4890 0.3467 0.8004
vn -0.4522 -0.3818 -0.8060
vn -0.4522 -0.3818 -0.8060
vn -0.4522 -0.3818 -0.8060
vn 0.0156 -0.2080 0.9780
vn -0.5498 -0.0751 -0.8319
vn -0.5498 -0.0751 -0.8319
vn -0.0513 -0.3579 0.9324
vn 0.1446 -0.4165 0.8975
vn 0.1446 -0.4165 0.8975
vn -0.1857 -0.0563 -0.9810
vn -0.1857 -0.0563 -0.9810
vn 0.2571 0.0232 0.9661
vn -0.4015 0.0300 -0.9154
vn -0.4015 0.0300 -0.9154
vn -0.8771 0.1897 -0.4412
vn -0.8771 0.1897 -0.4412
vn -0.8771 0.1897 -0.4412
vn 0.6760 0.1313 0.7251
vn 0.6760 0.1313 0.7251
vn 0.6760 0.1313 0.7251
vn 0.3844 0.8409 -0.3810
vn 0.3844 0.8409 -0.3810
vn 0.5338 -0.1936 0.8231
vn 0.5338 -0.1936 0.8231
vn 0.0070 -0.0601 -0.9982
vn 0.0070 -0.0601 -0.9982
vn 0.2146 -0.0173 0.9766
vn 0.2146 -0.0173 0.9766
vn 0.3665 0.1299 0.9213
vn 0.3665 0.1299 0.9213
vn 0.0206 0.2581 -0.9659
vn 0.0206 0.2581 -0.9659
vn 0.2012 0.2410 -0.9494
vn 0.2012 0.2410 -0.9494
vn 0.2012 0.2410 -0.9494
vn 0.2012 0.2410 -0.9494
vn 0.2250 -0.1813 -0.9574
vn 0.2250 -0.1813 -0.9574
vn -0.0790 0.6371 -0.7668
vn -0.0790 0.6371 -0.7668
vn 0.7252 0.1268 0.6768
vn 0.7252 0.1268 0.6768
vn 0.4278 -0.3770 0.8215
vn 0.3769 -0.0963 0.9212
vn 0.3997 0.0781 0.9133
vn -0.8776 0.1339 -0.4604
vn -0.8776 0.1339 -0.4604
vn 0.1320 0.1053 0.9856
vn 0.1945 0.9757 -0.1006
vn 0.1945 0.9757 -0.1006
vn 0.1945 0.9757 -0.1006
vn 0.1945 0.9757 -0.1006
vn -0.5757 -0.0844 -0.8133
vn -0.1141 -0.6709 0.7327
vn -0.1141 -0.6709 0.7327
vn 0.0918 -0.9733 0.2102
vn 0.0918 -0.9733 0.2102
vn -0.2947 -0.0030 -0.9556
vn 0.1310 -0.0982 0.9865
vn 0.8692 -0.1129 -0.4814
vn 0.8692 -0.1129 -0.4814
vn 0.8692 -0.1129 -0.4814
vn 0.6746 0.0976 0.7317
vn 0.6746 0.0976 0.7317
vn 0.3704 -0.0513 0.9274
vn 0.4685 0.0790 0.8799
vn -0.1319 -0.0498 -0.9900
vn -0.1319 -0.0498 -0.9900
vn 0.5078 0.2736 0.8169
vn 0.5078 0.2736 0.8169
vn 0.3673 0.8656 0.3404
vn 0.1679 0.9311 -0.3239
vn 0.1679 0.9311 -0.3239
vn 0.4931 0.5831 0.6457
vn 0.4931 0.5831 0.6457
vn 0.8638 0.4927 0.1053
vn 0.8638 0.4927 0.1053
vn 0.8016 -0.2705 0.5332
vn 0.8016 -0.2705 0.5332
vn 0.2928 0.1112 0.9497
vn -0.9691 0.2353 -0.0738
vn -0.9691 0.2353 -0.0738
vn -0.9691 0.2353 -0.0738
vn -0.5402 -0.8171 0.2011
vn -0.5402 -0.8171 0.2011
vn -0.5402 -0.8171 0.2011
vn 0.1505 -0.0571 0.9870
vn 0.1505 -0.0571 0.9870
vn 0.0624 -0.0294 -0.9976
vn 0.0624 -0.0294 -0.9976
vn 0.6994 -0.0970 0.7081
vn 0.6994 -0.0970 0.7081
vn -0.3440 -0.5977 0.7242
vn -0.3440 -0.5977 0.7242
vn -0.0885 -0.3221 0.9425
vn -0.0885 -0.3221 0.9425
vn 0.3342 0.5695 -0.7510
vn 0.3342 0.5695 -0.7510
vn -0.3735 -0.1430 -0.9165
vn -0.3735 -0.1430 -0.9165
vn -0.3735 -0.1430 -0.9165
vn -0.3735 -0.1430 -0.9165
vn 0.3911 0.2912 0.8731
vn 0.3911 0.2912 0.8731
vn -0.3359 -0.6753 0.6566
vn -0.3359 -0.6753 0.6566
vn 0.1491 -0.2228 0.9634
vn 0.1491 -0.2228 0.9634
vn -0.3226 0.0177 -0.9464
vn 0.3397 0.0438 0.9395
vn 0.9964 -0.0270 -0.0809
vn 0.9964 -0.0270 -0.0809
vn 0.9964 -0.0270 -0.0809
vn -0.6923 0.0595 -0.7192
vn -0.6923 0.0595 -0.7192
vn -0.6923 0.0595 -0.7192
vn -0.6923 0.0595 -0.7192
vn -0.5162 -0.0285 -0.8560
vn 0.8677 -0.2052 -0.4528
vn -0.1172 -0.0784 -0.9900
vn -0.1172 -0.0784 -0.9900
vn 0.7479 -0.1912 -0.6357
vn 0.7479 -0.1912 -0.6357
vn -0.3938 -0.0979 -0.9140
vn -0.3956 0.0309 -0.9179
vn -0.4391 0.0547 -0.8968
vn -0.2679 -0.0971 -0.9585
vn 0.4524 -0.3235 -0.8311
vn 0.4524 -0.3235 -0.8311
vn 0.4524 -0.3235 -0.8311
vn 0.4524 -0.3235 -0.8311
vn 0.4524 -0.3235 -0.8311
vn 0.5622 0.3434 0.7523
vn 0.5622 0.3434 0.7523
vn 0.5622 0.3434 0.7523
vn 0.5622 0.3434 0.7523
vn 0.9531 -0.2964 -0.0607
vn 0.9531 -0.2964 -0.0607
vn -0.4054 -0.1148 0.9069
vn 0.4171 -0.0591 0.9069
vn 0.2937 0.0841 0.9522
vn -0.1147 -0.3332 0.9359
vn -0.4331 0.8837 0.1777
vn -0.4331 0.8837 0.1777
vn -0.6397 0.6270 -0.4447
vn -0.6397 0.6270 -0.4447
vn 0.3320 -0.5477 0.7680
vn 0.3320 -0.5477 0.7680
vn 0.0829 -0.3512 0.9326
vn 0.0829 -0.3512 0.9326
vn 0.3002 -0.1820 0.9363
vn -0.5912 0.0690 -0.8036
vn -0.5912 0.0690 -0.8036
vn 0.4247 -0.0233 0.9050
vn 0.0732 -0.2725 -0.9594
vn 0.0732 -0.2725 -0.9594
vn 0.7548 -0.3740 0.5389
vn 0.7548 -0.3740 0.5389
vn 0.7548 -0.3740 0.5389
vn -0.0594 0.0770 -0.9953
vn -0.5742 0.0358 -0.8179
vn 0.1240 0.4801 0.8684
vn 0.1240 0.4801 0.8684
vn 0.5753 -0.2199 0.7878
vn 0.5753 -0.2199 0.7878
vn 0.5753 -0.2199 0.7878
vn 0.1462 -0.1089 0.9832
vn 0.1462 -0.1089 0.9832
vn -0.4611 0.2706 -0.8451
vn -0.4611 0.2706 -0.8451
vn -0.4611 0.2706 -0.8451
vn -0.4611 0.2706 -0.8451
vn -0.4611 0.2706 -0.8451
vn -0.5142 0.0974 -0.8521
vn -0.5142 0.0974 -0.8521
vn -0.5142 0.0974 -0.8521
vn -0.5142 0.0974 -0.8521
vn -0.5142 0.0974 -0.8521
vn -0.7152 -0.3104 0.6262
vn -0.7152 -0.3104 0.6262
vn -0.7152 -0.3104 0.6262
vn -0.7152 -0.3104 0.6262
vn 0.0000 0.0000 0.0000
vn 0.0000 0.0000 0.0000
vn -0.4156 0.2149 -0.8838
vn 0.0678 -0.2140 0.9745
vn 0.0678 -0.2140 0.9745
vn 0.0678 -0.2140 0.9745
vn 0.0678 -0.2140 0.9745
vn 0.0678 -0.2140 0.9745
vn 0.0678 -0.2140 0.9745
vn -0.5481 0.0650 -0.8339
vn 0.0038 -0.5120 0.8590
vn 0.0038 -0.5120 0.8590
vn 0.0038 -0.5120 0.8590
vn 0.0038 -0.5120 0.8590
vn 0.0038 -0.5120 0.8590
vn 0.5680 -0.0491 0.8216
vn -0.2052 0.9704 -0.1276
vn -0.2052 0.9704 -0.1276
vn -0.2052 0.9704 -0.1276
vn 0.2849 0.2128 0.9346
vn 0.2849 0.2128 0.9346
vn -0.8771 0.3825 0.2904
vn -0.8771 0.3825 0.2904
vn -0.8771 0.3825 0.2904
vn -0.8771 0.3825 0.2904
vn 0.0000 -0.0000 0.0000
vn 0.0000 -0.0000 0.0000
vn 0.0523 -0.3471 0.9364
vn 0.4924 0.1500 0.8574
vn 0.3149 0.3577 0.8791
vn 0.3149 0.3577 0.8791
vn -0.1799 -0.9781 0.1044
vn -0.1799 -0.9781 0.1044
vn 0.7248 0.4026 0.5590
vn 0.7248 0.4026 0.5590
vn 0.5112 0.7221 0.4661
vn 0.5112 0.7221 0.4661
vn -0.3584 0.0863 -0.9296
vn -0.3584 0.0863 -0.9296
vn -0.3584 0.0863 -0.9296
vn 0.4344 -0.0952 0.8957
vn 0.4344 -0.0952 0.8957
vn 0.4404 0.0599 0.8958
vn 0.3431 0.8559 -0.3869
vn 0.3431 0.8559 -0.3869
vn 0.3431 0.8559 -0.3869
vn 0.2494 0.2197 0.9431
vn 0.2494 0.2197 0.9431
vn -0.3550 0.7242 -0.5912
vn -0.3550 0.7242 -0.5912
vn -0.3550 0.7242 -0.5912
vn 0.5112 0.7221 0.4661
vn 0.5112 0.7221 0.4661
vn -0.4221 0.0313 -0.9060
vn -0.3258 0.0671 -0.9431
vn -0.3177 -0.0846 -0.9444
vn -0.3177 -0.0846 -0.9444
vn -0.3177 -0.0846 -0.9444
vn 0.4117 0.3836 0.8266
vn 0.4117 0.3836 0.8266
vn -0.1996 -0.9560 -0.2152
vn -0.1996 -0.9560 -0.2152
vn 0.2563 -0.6195 0.7420
vn 0.2563 -0.6195 0.7420
vn 0.2563 -0.6195 0.7420
vn 0.9186 -0.1848 -0.3493
vn 0.9186 -0.1848 -0.3493
vn -0.3539 0.0015 -0.9353
vn -0.3539 0.0015 -0.9353
vn -0.3539 0.0015 -0.9353
vn -0.3539 0.0015 -0.9353
vn 0.6828 -0.0192 0.7303
vn 0.6828 -0.0192 0.7303
vn -0.2389 -0.0041 -0.9710
vn -0.2389 -0.0041 -0.9710
vn 0.7013 -0.0991 0.7059
vn 0.7013 -0.0991 0.7059
vn 0.7013 -0.0991 0.7059
vn 0.2281 -0.0553 0.9721
vn -0.2442 -0.1605 -0.9564
vn -0.2442 -0.1605 -0.9564
vn 0.5363 0.8216 0.1934
vn 0.5363 0.8216 0.1934
vn 0.5363 0.8216 0.1934
vn 0.5363 0.8216 0.1934
vn 0.3075 -0.0155 -0.9514
vn 0.3075 -0.0155 -0.9514
vn -0.3936 -0.0233 -0.9190
vn 0.3337 -0.0102 0.9426
vn -0.2878 0.2168 -0.9328
vn -0.2984 0.3018 -0.9055
vn -0.2984 0.3018 -0.9055
vn -0.0258 -0.7772 0.6287
vn -0.0258 -0.7772 0.6287
vn 0.6863 0.5544 0.4707
vn 0.6863 0.5544 0.4707
vn 0.6863 0.5544 0.4707
vn 0.8013 -0.3849 0.4580
vn 0.1567 -0.4436 -0.8824
vn 0.1567 -0.4436 -0.8824
vn 0.1567 -0.4436 -0.8824
vn -0.8888 -0.4391 0.1310
vn -0.8888 -0.4391 0.1310
vn -0.8888 -0.4391 0.1310
vn 0.7141 -0.2137 0.6666
vn 0.7141 -0.2137 0.6666
vn 0.7141 -0.2137 0.6666
vn -0.1608 0.3349 -0.9284
vn -0.1608 0.3349 -0.9284
vn -0.3071 0.0247 -0.9513
vn -0.3071 0.0247 -0.9513
vn 0.7663 0.1508 0.6246
vn 0.8945 -0.0101 0.4469
vn 0.8945 -0.0101 0.4469
vn 0.8945 -0.0101 0.4469
vn 0.8945 -0.0101 0.4469
vn 0.3201 0.0617 0.9454
vn 0.3201 0.0617 0.9454
vn 0.3201 0.0617 0.9454
vn 0.6442 0.1030 -0.7579
vn 0.6442 0.1030 -0.7579
vn 0.2800 -0.0861 0.9561
vn 0.6233 -0.0657 0.7792
vn 0.6233 -0.0657 0.7792
vn 0.6233 -0.0657 0.7792
vn 0.2226 -0.6929 0.6858
vn 0.2226 -0.6929 0.6858
vn 0.1352 0.2782 -0.9509
vn 0.9425 0.2771 0.1870
vn 0.9425 0.2771 0.1870
vn -0.3205 0.1027 -0.9416
vn 0.3970 0.7631 0.5100
vn 0.0699 -0.9848 0.1591
vn 0.0699 -0.9848 0.1591
vn 0.0699 -0.9848 0.1591
vn 0.3151 -0.2071 0.9262
vn 0.3151 -0.2071 0.9262
vn -0.4239 -0.0360 -0.9050
vn 0.5614 -0.0629 0.8251
vn -0.4277 -0.0356 -0.9032
vn -0.4277 -0.0356 -0.9032
vn -0.4277 -0.0356 -0.9032
vn 0.0000 0.0000 0.0000
vn 0.0000 0.0000 0.0000
vn -0.0487 -0.1913 0.9803
vn 0.3456 0.0364 0.9377
vn 0.0107 0.7634 -0.6458
vn 0.0107 0.7634 -0.6458
vn -0.1751 0.1506 -0.9730
vn -0.7147 -0.6708 -0.1982
vn -0.7147 -0.6708 -0.1982
vn 0.2651 -0.1254 0.9560
vn -0.4038 -0.0631 -0.9127
vn -0.4038 -0.0631 -0.9127
vn -0.4035 0.0616 -0.9129
vn 0.4145 0.1037 0.9041
vn 0.4145 0.1037 0.9041
vn 0.0090 -0.2451 0.9694
vn 0.3892 -0.1708 0.9052
vn 0.0669 0.3422 0.9372
vn 0.0669 0.3422 0.9372
vn 0.0669 0.3422 0.9372
vn -0.3490 -0.9171 0.1926
vn -0.3490 -0.9171 0.1926
vn -0.3490 -0.9171 0.1926
vn -0.5403 0.1542 -0.8273
vn -0.5403 0.1542 -0.8273
vn 0.5669 -0.0616 0.8215
vn 0.5669 -0.0616 0.8215
vn -0.5600 -0.5841 0.5875
vn -0.5600 -0.5841 0.5875
vn -0.2988 0.0648 -0.9521
vn -0.2988 0.0648 -0.9521
vn 0.0345 -0.3745 0.9266
vn 0.0345 -0.3745 0.9266
vn 0.5128 0.1043 0.8522
vn 0.5128 0.1043 0.8522
vn 0.2997 -0.0244 0.9537
vn -0.7592 0.2764 -0.5892
vn -0.7592 0.2764 -0.5892
vn -0.2054 0.0199 -0.9785
vn -0.2054 0.0199 -0.9785
vn 0.1923 -0.1896 0.9629
vn 0.1923 -0.1896 0.9629
vn -0.5481 0.0851 -0.8321
vn -0.5481 0.0851 -0.8321
vn 0.2592 0.1267 -0.9575
vn 0.8298 0.0170 0.5578
vn -0.4580 0.2564 -0.8511
vn -0.4580 0.2564 -0.8511
vn -0.4580 0.2564 -0.8511
vn -0.4352 -0.1039 -0.8943
vn -0.0764 -0.0403 -0.9963
vn -0.0764 -0.0403 -0.9963
vn 0.7313 0.0960 0.6753
vn 0.7313 0.0960 0.6753
vn 0.8190 0.1881 0.5420
vn 0.8190 0.1881 0.5420
vn -0.0797 0.2681 -0.9601
vn 0.0509 -0.3329 -0.9416
vn 0.0509 -0.3329 -0.9416
vn 0.0509 -0.3329 -0.9416
vn 0.0509 -0.3329 -0.9416
vn -0.1150 0.9418 -0.3159
vn -0.1150 0.9418 -0.3159
vn -0.1150 0.9418 -0.3159
vn 0.0753 0.0682 -0.9948
vn 0.0753 0.0682 -0.9948
vn 0.9221 0.2311 -0.3103
vn 0.9221 0.2311 -0.3103
vn 0.9381 -0.3434 0.0445
vn 0.9381 -0.3434 0.0445
vn 0.4790 -0.0424 -0.8768
vn 0.4790 -0.0424 -0.8768
vn -0.6842 -0.6095 0.4004
vn -0.6842 -0.6095 0.4004
vn 0.8530 0.0479 0.5198
vn 0.8530 0.0479 0.5198
vn 0.5955 -0.2521 0.7627
vn 0.5955 -0.2521 0.7627
vn 0.2702 -0.3448 0.8990
vn 0.7584 -0.0367 0.6508
vn 0.7584 -0.0367 0.6508
vn 0.4774 -0.0315 -0.8781
vn 0.4774 -0.0315 -0.8781
vn -0.6257 -0.1304 -0.7691
vn -0.6257 -0.1304 -0.7691
vn 0.0322 0.2557 -0.9662
vn 0.0322 0.2557 -0.9662
vn 0.4824 -0.5207 0.7044
vn 0.4824 -0.5207 0.7044
vn -0.5860 -0.7255 -0.3609
vn -0.5860 -0.7255 -0.3609
vn -0.3376 -0.6516 -0.6793
vn -0.3376 -0.6516 -0.6793
vn -0.3376 -0.6516 -0.6793
vn 0.8432 0.0810 0.5314
vn 0.8432 0.0810 0.5314
vn 0.2245 0.7378 0.6366
vn 0.2245 0.7378 0.6366
vn 0.2245 0.7378 0.6366
vn -0.0683 -0.9219 -0.3814
vn -0.0683 -0.9219 -0.3814
vn 0.0145 0.1823 -0.9831
vn 0.0145 0.1823 -0.9831
vn -0.8371 -0.4096 -0.3626
vn -0.8371 -0.4096 -0.3626
vn -0.1668 0.3409 -0.9252
vn -0.1668 0.3409 -0.9252
vn 0.6087 0.7929 0.0265
vn 0.6087 0.7929 0.0265
vn 0.6087 0.7929 0.0265
vn 0.7263 -0.3730 0.5774
vn 0.7263 -0.3730 0.5774
vn 0.7263 -0.3730 0.5774
vn 0.7263 -0.3730 0.5774
vn -0.0339 -0.8046 0.5928
vn 0.3853 0.0592 -0.9209
vn 0.3853 0.0592 -0.9209
vn 0.3853 0.0592 -0.9209
vn 0.3853 0.0592 -0.9209
vn 0.3853 0.0592 -0.9209
vn 0.9967 0.0763 0.0281
vn 0.9967 0.0763 0.0281
vn 0.0000 0.0000 0.0000
vn 0.0000 0.0000 0.0000
vn -0.1007 0.3145 -0.9439
vn -0.1007 0.3145 -0.9439
vn -0.0695 -0.9976 0.0044
vn -0.0695 -0.9976 0.0044
vn 0.4444 -0.0569 0.8940
vn 0.3275 0.9443 -0.0340
vn 0.3275 0.9443 -0.0340
vn 0.3127 -0.1886 -0.9310
vn 0.8046 -0.1683 0.5694
vn 0.8046 -0.1683 0.5694
usemtl goblin-commander
s 1
f 3/3/3 4/4/4 6/6/6
f 4/4/4 8/8/8 6/6/6
f 8/8/8 4/4/4 10/10/10
f 5/5/5 11/11/11 1/1/1
f 3/3/3 10/10/10 4/4/4
f 3/3/3 14/14/14 16/16/16
f 6/6/6 8/8/8 12/12/12
f 15/15/15 13/13/13 2/2/2
f 3/3/3 12/12/12 14/14/14
f 3/3/3 17/17/17 10/10/10
f 20/20/20 21/21/21 23/23/23
f 14/14/14 17/17/17 3/3/3
f 22/22/22 24/24/24 18/18/18
f 20/20/20 28/28/28 21/21/21
f 20/20/20 30/30/30 28/28/28
f 31/31/31 33/33/33 36/36/36
f 7/7/7 9/9/9 38/38/38
f 8/8/8 39/39/39 21/21/21
f 8/8/8 21/21/21 12/12/12
f 28/28/28 30/30/30 41/41/41
f 10/10/10 43/43/43 45/45/45
f 10/10/10 45/45/45 39/39/39
f 28/28/28 41/41/41 21/21/21
f 19/19/19 47/47/47 29/29/29
f 17/17/17 14/14/14 48/48/48
f 31/31/31 36/36/36 17/17/17
f 31/31/31 17/17/17 50/50/50
f 51/51/51 49/49/49 32/32/32
f 10/10/10 52/52/52 54/54/54
f 17/17/17 52/52/52 10/10/10
f 14/14/14 12/12/12 41/41/41
f 50/50/50 17/17/17 48/48/48
f 48/48/48 14/14/14 56/56/56
f 35/35/35 59/59/59 37/37/37
f 34/34/34 32/32/32 58/58/58
f 44/44/44 61/61/61 62/62/62
f 60/60/60 43/43/43 54/54/54
f 39/39/39 45/45/45 26/26/26
f 10/10/10 54/54/54 43/43/43
f 39/39/39 26/26/26 21/21/21
f 23/23/23 21/21/21 26/26/26
f 12/12/12 21/21/21 41/41/41
f 17/17/17 36/36/36 52/52/52
f 41/41/41 63/63/63 14/14/14
f 14/14/14 63/63/63 56/56/56
f 32/32/32 49/49/49 58/58/58
f 43/43/43 65/65/65 45/45/45
f 45/45/45 65/65/65 26/26/26
f 47/47/47 40/40/40 29/29/29
f 64/64/64 67/67/67 57/57/57
f 62/62/62 61/61/61 70/70/70
f 44/44/44 72/72/72 66/66/66
f 18/18/18 24/24/24 46/46/46
f 73/73/73 54/54/54 52/52/52
f 53/53/53 37/37/37 74/74/74
f 77/77/77 70/70/70 61/61/61
f 44/44/44 62/62/62 72/72/72
f 47/47/47 25/25/25 40/40/40
f 41/41/41 79/79/79 63/63/63
f 80/80/80 67/67/67 64/64/64
f 49/49/49 57/57/57 58/58/58
f 62/62/62 70/70/70 83/83/83
f 60/60/60 54/54/54 75/75/75
f 42/42/42 84/84/84 81/81/81
f 72/72/72 62/62/62 83/83/83
f 26/26/26 65/65/65 85/85/85
f 27/27/27 87/87/87 42/42/42
f 42/42/42 87/87/87 84/84/84
f 58/58/58 57/57/57 90/90/90
f 67/67/67 91/91/91 57/57/57
f 74/74/74 78/78/78 55/55/55
f 74/74/74 94/94/94 78/78/78
f 68/68/68 81/81/81 96/96/96
f 58/58/58 90/90/90 99/99/99
f 86/86/86 66/66/66 100/100/100
f 76/76/76 82/82/82 69/69/69
f 81/81/81 84/84/84 101/101/101
f 81/81/81 101/101/101 96/96/96
f 57/57/57 91/91/91 90/90/90
f 37/37/37 94/94/94 74/74/74
f 96/96/96 101/101/101 103/103/103
f 88/88/88 104/104/104 97/97/97
f 77/77/77 108/108/108 83/83/83
f 78/78/78 94/94/94 109/109/109
f 37/37/37 59/59/59 112/112/112
f 90/90/90 91/91/91 113/113/113
f 72/72/72 100/100/100 66/66/66
f 86/86/86 100/100/100 114/114/114
f 37/37/37 112/112/112 94/94/94
f 101/101/101 84/84/84 117/117/117
f 58/58/58 99/99/99 118/118/118
f 59/59/59 120/120/120 112/112/112
f 67/67/67 122/122/122 91/91/91
f 100/100/100 72/72/72 123/123/123
f 105/105/105 89/89/89 98/98/98
f 90/90/90 113/113/113 99/99/99
f 124/124/124 125/125/125 126/126/126
f 127/127/127 124/124/124 126/126/126
f 127/127/127 129/129/129 124/124/124
f 131/131/131 72/72/72 133/133/133
f 131/131/131 123/123/123 72/72/72
f 83/83/83 135/135/135 72/72/72
f 87/87/87 115/115/115 138/138/138
f 92/92/92 139/139/139 106/106/106
f 101/101/101 117/117/117 103/103/103
f 141/141/141 143/143/143 110/110/110
f 110/110/110 143/143/143 145/145/145
f 111/111/111 147/147/147 142/142/142
f 95/95/95 148/148/148 67/67/67
f 102/102/102 148/148/148 95/95/95
f 99/99/99 113/113/113 118/118/118
f 91/91/91 122/122/122 149/149/149
f 149/149/149 113/113/113 91/91/91
f 152/152/152 156/156/156 125/125/125
f 124/124/124 158/158/158 125/125/125
f 159/159/159 161/161/161 164/164/164
f 127/127/127 126/126/126 129/129/129
f 160/160/160 165/165/165 130/130/130
f 165/165/165 166/166/166 130/130/130
f 159/159/159 128/128/128 161/161/161
f 133/133/133 135/135/135 131/131/131
f 132/132/132 71/71/71 134/134/134
f 87/87/87 138/138/138 167/167/167
f 87/87/87 167/167/167 84/84/84
f 92/92/92 168/168/168 139/139/139
f 84/84/84 167/167/167 170/170/170
f 84/84/84 170/170/170 117/117/117
f 112/112/112 146/146/146 172/172/172
f 143/143/143 174/174/174 145/145/145
f 111/111/111 119/119/119 147/147/147
f 67/67/67 148/148/148 175/175/175
f 141/141/141 176/176/176 143/143/143
f 67/67/67 175/175/175 122/122/122
f 174/174/174 178/178/178 181/181/181
f 174/174/174 143/143/143 178/178/178
f 143/143/143 176/176/176 178/178/178
f 126/126/126 125/125/125 156/156/156
f 152/152/152 125/125/125 158/158/158
f 156/156/156 184/184/184 126/126/126
f 165/165/165 163/163/163 166/166/166
f 162/162/162 129/129/129 184/184/184
f 124/124/124 129/129/129 186/186/186
f 124/124/124 186/186/186 187/187/187
f 140/140/140 169/169/169 107/107/107
f 102/102/102 116/116/116 148/148/148
f 189/189/189 191/191/191 173/173/173
f 174/174/174 181/181/181 190/190/190
f 119/119/119 192/192/192 147/147/147
f 155/155/155 151/151/151 193/193/193
f 126/126/126 184/184/184 129/129/129
f 124/124/124 194/194/194 158/158/158
f 124/124/124 187/187/187 194/194/194
f 187/187/187 186/186/186 196/196/196
f 196/196/196 198/198/198 187/187/187
f 83/83/83 201/201/201 135/135/135
f 100/100/100 123/123/123 203/203/203
f 108/108/108 201/201/201 83/83/83
f 114/114/114 100/100/100 136/136/136
f 112/112/112 205/205/205 94/94/94
f 144/144/144 206/206/206 171/171/171
f 191/191/191 144/144/144 173/173/173
f 148/148/148 116/116/116 175/175/175
f 142/142/142 147/147/147 177/177/177
f 151/151/151 209/209/209 193/193/193
f 190/190/190 212/212/212 215/215/215
f 157/157/157 218/218/218 221/221/221
f 157/157/157 221/221/221 185/185/185
f 158/158/158 222/222/222 152/152/152
f 158/158/158 224/224/224 222/222/222
f 158/158/158 194/194/194 224/224/224
f 187/187/187 225/225/225 194/194/194
f 131/131/131 135/135/135 123/123/123
f 167/167/167 138/138/138 228/228/228
f 169/169/169 93/93/93 107/107/107
f 170/170/170 167/167/167 228/228/228
f 175/175/175 116/116/116 229/229/229
f 191/191/191 189/189/189 231/231/231
f 189/189/189 214/214/214 231/231/231
f 113/113/113 233/233/233 118/118/118
f 235/235/235 208/208/208 150/150/150
f 216/216/216 237/237/237 214/214/214
f 181/181/181 212/212/212 190/190/190
f 215/215/215 219/219/219 217/217/217
f 215/215/215 212/212/212 219/219/219
f 223/223/223 242/242/242 154/154/154
f 166/166/166 243/243/243 130/130/130
f 188/188/188 244/244/244 226/226/226
f 188/188/188 199/199/199 244/244/244
f 199/199/199 245/245/245 244/244/244
f 244/244/244 245/245/245 247/247/247
f 196/196/196 186/186/186 249/249/249
f 200/200/200 251/251/251 246/246/246
f 94/94/94 205/205/205 109/109/109
f 112/112/112 172/172/172 205/205/205
f 170/170/170 253/253/253 117/117/117
f 147/147/147 254/254/254 177/177/177
f 147/147/147 192/192/192 254/254/254
f 155/155/155 193/193/193 216/216/216
f 149/149/149 122/122/122 113/113/113
f 154/154/154 256/256/256 211/211/211
f 182/182/182 258/258/258 213/213/213
f 220/220/220 213/213/213 260/260/260
f 166/166/166 163/163/163 243/243/243
f 222/222/222 224/224/224 194/194/194
f 130/130/130 243/243/243 262/262/262
f 129/129/129 263/263/263 186/186/186
f 200/200/200 197/197/197 251/251/251
f 197/197/197 250/250/250 251/251/251
f 135/135/135 201/201/201 266/266/266
f 170/170/170 267/267/267 253/253/253
f 144/144/144 268/268/268 206/206/206
f 144/144/144 191/191/191 268/268/268
f 175/175/175 229/229/229 122/122/122
f 119/119/119 272/272/272 192/192/192
f 214/214/214 237/237/237 231/231/231
f 122/122/122 274/274/274 113/113/113
f 153/153/153 210/210/210 236/236/236
f 183/183/183 180/180/180 270/270/270
f 183/183/183 270/270/270 259/259/259
f 154/154/154 242/242/242 256/256/256
f 220/220/220 260/260/260 276/276/276
f 221/221/221 277/277/277 185/185/185
f 163/163/163 185/185/185 243/243/243
f 130/130/130 262/262/262 265/265/265
f 226/226/226 278/278/278 195/195/195
f 244/244/244 247/247/247 226/226/226
f 186/186/186 279/279/279 249/249/249
f 246/246/246 251/251/251 248/248/248
f 251/251/251 250/250/250 248/248/248
f 135/135/135 266/266/266 281/281/281
f 109/109/109 283/283/283 202/202/202
f 170/170/170 228/228/228 286/286/286
f 170/170/170 286/286/286 267/267/267
f 191/191/191 231/231/231 268/268/268
f 179/179/179 177/177/177 287/287/287
f 179/179/179 287/287/287 269/269/269
f 213/213/213 258/258/258 288/288/288
f 213/213/213 288/288/288 260/260/260
f 290/290/290 293/293/293 295/295/295
f 243/243/243 185/185/185 262/262/262
f 195/195/195 278/278/278 223/223/223
f 226/226/226 247/247/247 296/296/296
f 250/250/250 300/300/300 248/248/248
f 135/135/135 302/302/302 123/123/123
f 253/253/253 305/305/305 117/117/117
f 192/192/192 272/272/272 254/254/254
f 287/287/287 177/177/177 207/207/207
f 113/113/113 274/274/274 233/233/233
f 260/260/260 306/306/306 276/276/276
f 185/185/185 277/277/277 310/310/310
f 290/290/290 295/295/295 311/311/311
f 226/226/226 296/296/296 278/278/278
f 249/249/249 279/279/279 313/313/313
f 316/316/316 318/318/318 319/319/319
f 100/100/100 203/203/203 136/136/136
f 109/109/109 205/205/205 283/283/283
f 171/171/171 206/206/206 271/271/271
f 272/272/272 207/207/207 254/254/254
f 177/177/177 254/254/254 207/207/207
f 207/207/207 269/269/269 287/287/287
f 216/216/216 193/193/193 237/237/237
f 259/259/259 270/270/270 232/232/232
f 295/295/295 293/293/293 322/322/322
f 295/295/295 322/322/322 311/311/311
f 279/279/279 186/186/186 263/263/263
f 280/280/280 265/265/265 324/324/324
f 297/297/297 248/248/248 328/328/328
f 300/300/300 328/328/328 248/248/248
f 329/329/329 330/330/330 325/325/325
f 250/250/250 314/314/314 300/300/300
f 334/334/334 336/336/336 338/338/338
f 123/123/123 302/302/302 203/203/203
f 202/202/202 283/283/283 340/340/340
f 228/228/228 138/138/138 343/343/343
f 230/230/230 117/117/117 345/345/345
f 117/117/117 305/305/305 345/345/345
f 172/172/172 273/273/273 346/346/346
f 229/229/229 348/348/348 122/122/122
f 193/193/193 209/209/209 350/350/350
f 237/237/237 193/193/193 352/352/352
f 122/122/122 348/348/348 274/274/274
f 211/211/211 256/256/256 356/356/356
f 238/238/238 307/307/307 232/232/232
f 232/232/232 357/357/357 259/259/259
f 259/259/259 357/357/357 289/289/289
f 261/261/261 289/289/289 357/357/357
f 241/241/241 323/323/323 358/358/358
f 277/277/277 308/308/308 310/310/310
f 240/240/240 359/359/359 322/322/322
f 185/185/185 310/310/310 262/262/262
f 223/223/223 278/278/278 242/242/242
f 280/280/280 362/362/362 363/363/363
f 329/329/329 325/325/325 298/298/298
f 333/333/333 337/337/337 335/335/335
f 201/201/201 339/339/339 266/266/266
f 266/266/266 339/339/339 281/281/281
f 281/281/281 302/302/302 135/135/135
f 228/228/228 343/343/343 366/366/366
f 227/227/227 364/364/364 285/285/285
f 267/267/267 286/286/286 366/366/366
f 252/252/252 365/365/365 304/304/304
f 267/267/267 366/366/366 253/253/253
f 172/172/172 346/346/346 205/205/205
f 273/273/273 120/120/120 346/346/346
f 239/239/239 354/354/354 308/308/308
f 232/232/232 307/307/307 357/357/357
f 256/256/256 242/242/242 370/370/370
f 241/241/241 358/358/358 369/369/369
f 323/323/323 371/371/371 358/358/358
f 323/323/323 294/294/294 371/371/371
f 294/294/294 292/292/292 373/373/373
f 322/322/322 359/359/359 311/311/311
f 242/242/242 278/278/278 361/361/361
f 312/312/312 372/372/372 291/291/291
f 262/262/262 375/375/375 265/265/265
f 296/296/296 327/327/327 376/376/376
f 265/265/265 380/380/380 324/324/324
f 378/378/378 264/264/264 374/374/374
f 280/280/280 380/380/380 362/362/362
f 324/324/324 380/380/380 280/280/280
f 315/315/315 280/280/280 363/363/363
f 315/315/315 363/363/363 383/383/383
f 300/300/300 314/314/314 382/382/382
f 320/320/320 384/384/384 387/387/387
f 317/317/317 320/320/320 387/387/387
f 337/337/337 388/388/388 335/335/335
f 282/282/282 341/341/341 284/284/284
f 282/282/282 284/284/284 303/303/303
f 230/230/230 345/345/345 349/349/349
f 256/256/256 392/392/392 356/356/356
f 261/261/261 357/357/357 307/307/307
f 310/310/310 394/394/394 262/262/262
f 372/372/372 312/312/312 395/395/395
f 262/262/262 394/394/394 375/375/375
f 397/397/397 325/325/325 399/399/399
f 325/325/325 330/330/330 399/399/399
f 330/330/330 402/402/402 399/399/399
f 329/329/329 298/298/298 404/404/404
f 299/299/299 409/409/409 405/405/405
f 299/299/299 410/410/410 409/409/409
f 301/301/301 413/413/413 411/411/411
f 330/330/330 329/329/329 404/404/404
f 338/338/338 336/336/336 389/389/389
f 138/138/138 416/416/416 343/343/343
f 121/121/121 234/234/234 347/347/347
f 209/209/209 417/417/417 350/350/350
f 255/255/255 420/420/420 390/390/390
f 256/256/256 370/370/370 423/423/423
f 358/358/358 371/371/371 369/369/369
f 294/294/294 396/396/396 371/371/371
f 373/373/373 396/396/396 294/294/294
f 360/360/360 427/427/427 312/312/312
f 278/278/278 428/428/428 361/361/361
f 375/375/375 394/394/394 380/380/380
f 278/278/278 296/296/296 376/376/376
f 327/327/327 431/431/431 376/376/376
f 378/378/378 374/374/374 432/432/432
f 325/325/325 399/399/399 430/430/430
f 362/362/362 380/380/380 434/434/434
f 398/398/398 400/400/400 326/326/326
f 362/362/362 434/434/434 363/363/363
f 410/410/410 405/405/405 409/409/409
f 302/302/302 435/435/435 203/203/203
f 137/137/137 204/204/204 415/415/415
f 389/389/389 336/336/336 437/437/437
f 305/305/305 366/366/366 343/343/343
f 275/275/275 438/438/438 234/234/234
f 211/211/211 356/356/356 419/419/419
f 308/308/308 354/354/354 310/310/310
f 421/421/421 257/257/257 424/424/424
f 312/312/312 439/439/439 395/395/395
f 312/312/312 427/427/427 441/441/441
f 278/278/278 376/376/376 428/428/428
f 375/375/375 380/380/380 434/434/434
f 363/363/363 434/434/434 444/444/444
f 402/402/402 445/445/445 399/399/399
f 300/300/300 382/382/382 412/412/412
f 403/403/403 452/452/452 446/446/446
f 403/403/403 454/454/454 452/452/452
f 411/411/411 413/413/413 408/408/408
f 331/331/331 454/454/454 403/403/403
f 459/459/459 461/461/461 387/387/387
f 386/386/386 462/462/462 316/316/316
f 387/387/387 461/461/461 463/463/463
f 316/316/316 462/462/462 318/318/318
f 205/205/205 464/464/464 283/283/283
f 205/205/205 346/346/346 464/464/464
f 193/193/193 350/350/350 352/352/352
f 274/274/274 348/348/348 465/465/465
f 421/421/421 424/424/424 470/470/470
f 420/420/420 468/468/468 390/390/390
f 393/393/393 309/309/309 473/473/473
f 470/470/470 476/476/476 478/478/478
f 471/471/471 479/479/479 485/485/485
f 474/474/474 486/486/486 394/394/394
f 312/312/312 441/441/441 439/439/439
f 394/394/394 486/486/486 488/488/488
f 394/394/394 488/488/488 380/380/380
f 434/434/434 380/380/380 488/488/488
f 444/444/444 383/383/383 363/363/363
f 490/490/490 491/491/491 492/492/492
f 492/492/492 491/491/491 453/453/453
f 492/492/492 453/453/453 458/458/458
f 321/321/321 494/494/494 385/385/385
f 388/388/388 495/495/495 335/335/335
f 437/437/437 336/336/336 497/497/497
f 284/284/284 499/499/499 500/500/500
f 346/346/346 501/501/501 464/464/464
f 503/503/503 389/389/389 504/504/504
f 234/234/234 438/438/438 347/347/347
f 275/275/275 506/506/506 438/438/438
f 351/351/351 418/418/418 507/507/507
f 351/351/351 508/508/508 353/353/353
f 351/351/351 507/507/507 508/508/508
f 470/470/470 424/424/424 476/476/476
f 371/371/371 396/396/396 510/510/510
f 469/469/469 477/477/477 512/512/512
f 476/476/476 514/514/514 478/478/478
f 428/428/428 376/376/376 518/518/518
f 379/379/379 487/487/487 520/520/520
f 376/376/376 431/431/431 522/522/522
f 380/380/380 521/521/521 488/488/488
f 332/332/332 406/406/406 455/455/455
f 492/492/492 458/458/458 527/527/527
f 318/318/318 462/462/462 529/529/529
f 204/204/204 436/436/436 530/530/530
f 303/303/303 530/530/530 436/436/436
f 530/530/530 303/303/303 500/500/500
f 303/303/303 284/284/284 500/500/500
f 204/204/204 530/530/530 415/415/415
f 283/283/283 464/464/464 498/498/498
f 342/342/342 414/414/414 531/531/531
f 389/389/389 437/437/437 504/504/504
f 438/438/438 344/344/344 534/534/534
f 389/389/389 503/503/503 537/537/537
f 274/274/274 465/465/465 505/505/505
f 418/418/418 355/355/355 391/391/391
f 391/391/391 507/507/507 418/418/418
f 469/469/469 507/507/507 391/391/391
f 473/473/473 508/508/508 507/507/507
f 469/469/469 512/512/512 507/507/507
f 473/473/473 309/309/309 508/508/508
f 371/371/371 510/510/510 369/369/369
f 422/422/422 367/367/367 475/475/475
f 472/472/472 511/511/511 481/481/481
f 538/538/538 475/475/475 367/367/367
f 476/476/476 539/539/539 514/514/514
f 381/381/381 443/443/443 433/433/433
f 382/382/382 540/540/540 412/412/412
f 453/453/453 490/490/490 450/450/450
f 490/490/490 542/542/542 545/545/545
f 453/453/453 491/491/491 490/490/490
f 490/490/490 492/492/492 546/546/546
f 457/457/457 548/548/548 526/526/526
f 492/492/492 549/549/549 546/546/546
f 551/551/551 553/553/553 555/555/555
f 459/459/459 387/387/387 558/558/558
f 384/384/384 559/559/559 387/387/387
f 319/319/319 560/560/560 493/493/493
f 318/318/318 560/560/560 319/319/319
f 335/335/335 495/495/495 561/561/561
f 336/336/336 562/562/562 497/497/497
f 415/415/415 534/534/534 563/563/563
f 305/305/305 343/343/343 565/565/565
f 305/305/305 535/535/535 345/345/345
f 566/566/566 347/347/347 438/438/438
f 503/503/503 504/504/504 537/537/537
f 506/506/506 466/466/466 438/438/438
f 353/353/353 508/508/508 309/309/309
f 473/473/473 507/507/507 512/512/512
f 477/477/477 482/482/482 512/512/512
f 425/425/425 538/538/538 367/367/367
f 426/426/426 368/368/368 515/515/515
f 567/567/567 441/441/441 427/427/427
f 427/427/427 516/516/516 441/441/441
f 427/427/427 516/516/516 567/567/567
f 429/429/429 442/442/442 519/519/519
f 427/427/427 516/516/516 441/441/441
f 429/429/429 519/519/519 539/539/539
f 486/486/486 484/484/484 488/488/488
f 441/441/441 567/567/567 569/569/569
f 487/487/487 480/480/480 520/520/520
f 488/488/488 521/521/521 572/572/572
f 521/521/521 484/484/484 572/572/572
f 441/441/441 569/569/569 439/439/439
f 431/431/431 573/573/573 522/522/522
f 488/488/488 577/577/577 434/434/434
f 431/431/431 401/401/401 573/573/573
f 401/401/401 448/448/448 573/573/573
f 578/578/578 580/580/580 582/582/582
f 579/579/579 583/583/583 581/581/581
f 383/383/383 434/434/434 541/541/541
f 412/412/412 540/540/540 580/580/580
f 413/413/413 581/581/581 586/586/586
f 489/489/489 544/544/544 447/447/447
f 490/490/490 587/587/587 542/542/542
f 587/587/587 490/490/490 589/589/589
f 490/490/490 546/546/546 589/589/589
f 492/492/492 527/527/527 549/549/549
f 387/387/387 559/559/559 591/591/591
f 461/461/461 459/459/459 558/558/558
f 460/460/460 529/529/529 462/462/462
f 500/500/500 592/592/592 530/530/530
f 500/500/500 499/499/499 592/592/592
f 530/530/530 592/592/592 415/415/415
f 464/464/464 501/501/501 498/498/498
f 438/438/438 534/534/534 566/566/566
f 344/344/344 438/438/438 466/466/466
f 349/349/349 345/345/345 467/467/467
f 477/477/477 513/513/513 482/482/482
f 369/369/369 510/510/510 517/517/517
f 517/517/517 510/510/510 568/568/568
f 396/396/396 440/440/440 510/510/510
f 519/519/519 594/594/594 539/539/539
f 518/518/518 376/376/376 593/593/593
f 488/488/488 572/572/572 577/577/577
f 545/545/545 542/542/542 450/450/450
f 407/407/407 585/585/585 456/456/456
f 457/457/457 586/586/586 548/548/548
f 547/547/547 596/596/596 590/590/590
f 550/550/550 596/596/596 547/547/547
f 550/550/550 598/598/598 596/596/596
f 387/387/387 591/591/591 558/558/558
f 318/318/318 529/529/529 560/560/560
f 460/460/460 599/599/599 529/529/529
f 496/496/496 497/497/497 562/562/562
f 534/534/534 415/415/415 592/592/592
f 499/499/499 502/502/502 566/566/566
f 534/534/534 564/564/564 563/563/563
f 535/535/535 305/305/305 565/565/565
f 566/566/566 534/534/534 499/499/499
f 388/388/388 600/600/600 601/601/601
f 388/388/388 536/536/536 600/600/600
f 504/504/504 603/603/603 537/537/537
f 514/514/514 604/604/604 483/483/483
f 483/483/483 604/604/604 571/571/571
f 539/539/539 594/594/594 514/514/514
f 377/377/377 523/523/523 595/595/595
f 523/523/523 574/574/574 377/377/377
f 376/376/376 573/573/573 522/522/522
f 573/573/573 448/448/448 606/606/606
f 543/543/543 609/609/609 451/451/451
f 413/413/413 586/586/586 408/408/408
f 590/590/590 596/596/596 588/588/588
f 549/549/549 527/527/527 597/597/597
f 551/551/551 610/610/610 553/553/553
f 384/384/384 612/612/612 559/559/559
f 532/532/532 415/415/415 613/613/613
f 415/415/415 563/563/563 613/613/613
f 437/437/437 497/497/497 615/615/615
f 388/388/388 601/601/601 495/495/495
f 534/534/534 592/592/592 499/499/499
f 437/437/437 615/615/615 617/617/617
f 504/504/504 437/437/437 617/617/617
f 572/572/572 605/605/605 577/577/577
f 582/582/582 619/619/619 523/523/523
f 575/575/575 607/607/607 524/524/524
f 434/434/434 577/577/577 541/541/541
f 451/451/451 609/609/609 622/622/622
f 581/581/581 583/583/583 586/586/586
f 588/588/588 596/596/596 543/543/543
f 548/548/548 586/586/586 624/624/624
f 625/625/625 627/627/627 630/630/630
f 633/633/633 625/625/625 630/630/630
f 552/552/552 556/556/556 634/634/634
f 460/460/460 557/557/557 599/599/599
f 343/343/343 533/533/533 565/565/565
f 565/565/565 533/533/533 614/614/614
f 563/563/563 564/564/564 613/613/613
f 347/347/347 566/566/566 502/502/502
f 504/504/504 636/636/636 603/603/603
f 509/509/509 439/439/439 567/567/567
f 569/569/569 567/567/567 439/439/439
f 582/582/582 580/580/580 540/540/540
f 548/548/548 624/624/624 526/526/526
f 527/527/527 637/637/637 597/597/597
f 626/626/626 639/639/639 629/629/629
f 625/625/625 633/633/633 640/640/640
f 555/555/555 553/553/553 641/641/641
f 557/557/557 642/642/642 599/599/599
f 497/497/497 496/496/496 615/615/615
f 600/600/600 644/644/644 601/601/601
f 602/602/602 536/536/536 645/645/645
f 523/523/523 619/619/619 595/595/595
f 605/605/605 649/649/649 577/577/577
f 576/576/576 647/647/647 570/570/570
f 577/577/577 572/572/572 649/649/649
f 524/524/524 607/607/607 654/654/654
f 584/584/584 524/524/524 654/654/654
f 582/582/582 540/540/540 648/648/648
f 577/577/577 649/649/649 541/541/541
f 606/606/606 448/448/448 650/650/650
f 621/621/621 651/651/651 449/449/449
f 583/583/583 657/657/657 586/586/586
f 543/543/543 660/660/660 609/609/609
f 624/624/624 586/586/586 662/662/662
f 664/664/664 667/667/667 669/669/669
f 627/627/627 625/625/625 671/671/671
f 633/633/633 673/673/673 640/640/640
f 641/641/641 674/674/674 555/555/555
f 552/552/552 634/634/634 677/677/677
f 559/559/559 612/612/612 591/591/591
f 560/560/560 680/680/680 493/493/493
f 514/514/514 594/594/594 604/604/604
f 604/604/604 594/594/594 618/618/618
f 582/582/582 648/648/648 619/619/619
f 654/654/654 684/684/684 584/584/584
f 622/622/622 687/687/687 655/655/655
f 622/622/622 609/609/609 687/687/687
f 608/608/608 688/688/688 686/686/686
f 608/608/608 659/659/659 688/688/688
f 543/543/543 596/596/596 660/660/660
f 623/623/623 690/690/690 525/525/525
f 665/665/665 670/670/670 696/696/696
f 699/699/699 696/696/696 670/670/670
f 669/669/669 701/701/701 698/698/698
f 639/639/639 702/702/702 629/629/629
f 625/625/625 640/640/640 671/671/671
f 610/610/610 676/676/676 703/703/703
f 611/611/611 704/704/704 554/554/554
f 551/551/551 676/676/676 610/610/610
f 494/494/494 705/705/705 385/385/385
f 560/560/560 529/529/529 706/706/706
f 708/708/708 615/615/615 496/496/496
f 495/495/495 601/601/601 644/644/644
f 504/504/504 617/617/617 636/636/636
f 605/605/605 620/620/620 649/649/649
f 685/685/685 682/682/682 652/652/652
f 657/657/657 583/583/583 683/683/683
f 688/688/688 654/654/654 686/686/686
f 709/709/709 586/586/586 657/657/657
f 586/586/586 709/709/709 662/662/662
f 596/596/596 710/710/710 711/711/711
f 713/713/713 698/698/698 715/715/715
f 713/713/713 715/715/715 717/717/717
f 626/626/626 719/719/719 639/639/639
f 629/629/629 702/702/702 632/632/632
f 628/628/628 722/722/722 720/720/720
f 627/627/627 671/671/671 721/721/721
f 384/384/384 723/723/723 612/612/612
f 558/558/558 591/591/591 725/725/725
f 558/558/558 725/725/725 643/643/643
f 494/494/494 681/681/681 705/705/705
f 560/560/560 706/706/706 680/680/680
f 706/706/706 529/529/529 726/726/726
f 529/529/529 599/599/599 726/726/726
f 495/495/495 644/644/644 707/707/707
f 615/615/615 729/729/729 731/731/731
f 536/536/536 645/645/645 600/600/600
f 686/686/686 654/654/654 684/684/684
f 683/683/683 653/653/653 657/657/657
f 596/596/596 732/732/732 660/660/660
f 528/528/528 692/692/692 638/638/638
f 714/714/714 718/718/718 736/736/736
f 714/714/714 736/736/736 699/699/699
f 699/699/699 736/736/736 696/696/696
f 665/665/665 696/696/696 668/668/668
f 669/669/669 667/667/667 701/701/701
f 633/633/633 739/739/739 673/673/673
f 702/702/702 741/741/741 632/632/632
f 640/640/640 673/673/673 744/744/744
f 704/704/704 678/678/678 745/745/745
f 675/675/675 747/747/747 556/556/556
f 591/591/591 612/612/612 749/749/749
f 385/385/385 705/705/705 724/724/724
f 615/615/615 708/708/708 752/752/752
f 615/615/615 752/752/752 729/729/729
f 707/707/707 644/644/644 755/755/755
f 615/615/615 731/731/731 617/617/617
f 656/656/656 689/689/689 758/758/758
f 656/656/656 758/758/758 658/658/658
f 709/709/709 657/657/657 662/662/662
f 596/596/596 711/711/711 732/732/732
f 691/691/691 624/624/624 662/662/662
f 596/596/596 598/598/598 735/735/735
f 596/596/596 735/735/735 710/710/710
f 718/718/718 716/716/716 736/736/736
f 694/694/694 734/734/734 637/637/637
f 668/668/668 696/696/696 761/761/761
f 698/698/698 701/701/701 715/715/715
f 715/715/715 701/701/701 765/765/765
f 760/760/760 769/769/769 667/667/667
f 632/632/632 741/741/741 738/738/738
f 631/631/631 740/740/740 666/666/666
f 633/633/633 667/667/667 742/742/742
f 640/640/640 744/744/744 770/770/770
f 671/671/671 640/640/640 773/773/773
f 776/776/776 640/640/640 778/778/778
f 640/640/640 780/780/780 778/778/778
f 554/554/554 704/704/704 782/782/782
f 591/591/591 749/749/749 725/725/725
f 681/681/681 786/786/786 705/705/705
f 726/726/726 599/599/599 787/787/787
f 708/708/708 790/790/790 752/752/752
f 793/793/793 794/794/794 797/797/797
f 707/707/707 755/755/755 789/789/789
f 793/793/793 798/798/798 794/794/794
f 798/798/798 799/799/799 794/794/794
f 644/644/644 616/616/616 755/755/755
f 801/801/801 803/803/803 799/799/799
f 600/600/600 616/616/616 644/644/644
f 800/800/800 804/804/804 802/802/802
f 603/603/603 636/636/636 807/807/807
f 688/688/688 659/659/659 757/757/757
f 597/597/597 637/637/637 734/734/734
f 694/694/694 637/637/637 808/808/808
f 667/667/667 769/769/769 739/739/739
f 673/673/673 739/739/739 812/812/812
f 667/667/667 742/742/742 701/701/701
f 672/672/672 810/810/810 814/814/814
f 672/672/672 814/814/814 743/743/743
f 640/640/640 770/770/770 780/780/780
f 640/640/640 776/776/776 773/773/773
f 704/704/704 745/745/745 782/782/782
f 554/554/554 782/782/782 818/818/818
f 680/680/680 706/706/706 784/784/784
f 706/706/706 726/726/726 784/784/784
f 793/793/793 820/820/820 823/823/823
f 791/791/791 796/796/796 819/819/819
f 788/788/788 753/753/753 751/751/751
f 798/798/798 793/793/793 825/825/825
f 751/751/751 753/753/753 728/728/728
f 729/729/729 827/827/827 731/731/731
f 794/794/794 799/799/799 828/828/828
f 799/799/799 803/803/803 828/828/828
f 831/831/831 833/833/833 835/835/835
f 833/833/833 831/831/831 837/837/837
f 600/600/600 645/645/645 838/838/838
f 658/658/658 758/758/758 663/663/663
f 758/758/758 661/661/661 733/733/733
f 693/693/693 758/758/758 840/840/840
f 693/693/693 663/663/663 758/758/758
f 839/839/839 841/841/841 692/692/692
f 638/638/638 692/692/692 841/841/841
f 809/809/809 842/842/842 697/697/697
f 843/843/843 845/845/845 762/762/762
f 739/739/739 769/769/769 812/812/812
f 768/768/768 737/737/737 811/811/811
f 667/667/667 739/739/739 742/742/742
f 720/720/720 722/722/722 850/850/850
f 702/702/702 700/700/700 741/741/741
f 671/671/671 773/773/773 721/721/721
f 779/779/779 781/781/781 851/851/851
f 779/779/779 851/851/851 777/777/777
f 777/777/777 851/851/851 774/774/774
f 746/746/746 679/679/679 852/852/852
f 725/725/725 854/854/854 643/643/643
f 642/642/642 855/855/855 599/599/599
f 705/705/705 786/786/786 724/724/724
f 599/599/599 855/855/855 787/787/787
f 706/706/706 726/726/726 856/856/856
f 727/727/727 857/857/857 785/785/785
f 785/785/785 857/857/857 858/858/858
f 797/797/797 858/858/858 857/857/857
f 797/797/797 857/857/857 820/820/820
f 822/822/822 824/824/824 792/792/792
f 797/797/797 860/860/860 858/858/858
f 798/798/798 825/825/825 863/863/863
f 797/797/797 794/794/794 860/860/860
f 861/861/861 795/795/795 864/864/864
f 798/798/798 863/863/863 799/799/799
f 799/799/799 863/863/863 801/801/801
f 600/600/600 806/806/806 616/616/616
f 636/636/636 617/617/617 807/807/807
f 803/803/803 866/866/866 867/867/867
f 836/836/836 830/830/830 869/869/869
f 836/836/836 869/869/869 871/871/871
f 603/603/603 807/807/807 872/872/872
f 603/603/603 872/872/872 646/646/646
f 758/758/758 733/733/733 840/840/840
f 763/763/763 846/846/846 844/844/844
f 764/764/764 847/847/847 873/873/873
f 766/766/766 875/875/875 716/716/716
f 759/759/759 695/695/695 768/768/768
f 695/695/695 877/877/877 768/768/768
f 720/720/720 850/850/850 882/882/882
f 719/719/719 880/880/880 639/639/639
f 775/775/775 883/883/883 722/722/722
f 556/556/556 747/747/747 634/634/634
f 612/612/612 884/884/884 886/886/886
f 725/725/725 749/749/749 854/854/854
f 723/723/723 884/884/884 612/612/612
f 786/786/786 888/888/888 889/889/889
f 727/727/727 892/892/892 857/857/857
f 785/785/785 858/858/858 887/887/887
f 857/857/857 892/892/892 823/823/823
f 820/820/820 857/857/857 823/823/823
f 729/729/729 756/756/756 827/827/827
f 754/754/754 730/730/730 826/826/826
f 616/616/616 893/893/893 755/755/755
f 828/828/828 803/803/803 867/867/867
f 802/802/802 804/804/804 865/865/865
f 866/866/866 835/835/835 867/867/867
f 866/866/866 870/870/870 835/835/835
f 865/865/865 871/871/871 869/869/869
f 869/869/869 830/830/830 834/834/834
f 832/832/832 836/836/836 895/895/895
f 833/833/833 896/896/896 897/897/897
f 711/711/711 710/710/710 898/898/898
f 809/809/809 638/638/638 842/842/842
f 900/900/900 737/737/737 768/768/768
f 716/716/716 875/875/875 736/736/736
f 877/877/877 900/900/900 768/768/768
f 737/737/737 900/900/900 811/811/811
f 900/900/900 877/877/877 811/811/811
f 765/765/765 701/701/701 902/902/902
f 639/639/639 880/880/880 901/901/901
f 702/702/702 639/639/639 700/700/700
f 722/722/722 903/903/903 850/850/850
f 744/744/744 905/905/905 770/770/770
f 775/775/775 909/909/909 883/883/883
f 772/772/772 910/910/910 907/907/907
f 781/781/781 771/771/771 851/851/851
f 783/783/783 746/746/746 852/852/852
f 641/641/641 553/553/553 674/674/674
f 786/786/786 889/889/889 724/724/724
f 855/855/855 912/912/912 787/787/787
f 726/726/726 787/787/787 890/890/890
f 823/823/823 892/892/892 916/916/916
f 888/888/888 859/859/859 917/917/917
f 756/756/756 894/894/894 731/731/731
f 829/829/829 919/919/919 795/795/795
f 828/828/828 867/867/867 920/920/920
f 923/923/923 926/926/926 868/868/868
f 867/867/867 835/835/835 922/922/922
f 922/922/922 835/835/835 925/925/925
f 836/836/836 871/871/871 895/895/895
f 833/833/833 928/928/928 930/930/930
f 931/931/931 929/929/929 927/927/927
f 833/833/833 897/897/897 928/928/928
f 933/933/933 932/932/932 928/928/928
f 932/932/932 933/933/933 935/935/935
f 712/712/712 899/899/899 733/733/733
f 901/901/901 700/700/700 639/639/639
f 722/722/722 883/883/883 909/909/909
f 911/911/911 774/774/774 936/936/936
f 851/851/851 771/771/771 938/938/938
f 851/851/851 936/936/936 774/774/774
f 782/782/782 944/944/944 818/818/818
f 815/815/815 945/945/945 949/949/949
f 675/675/675 952/952/952 747/747/747
f 642/642/642 853/853/853 855/855/855
f 888/888/888 917/917/917 889/889/889
f 822/822/822 915/915/915 953/953/953
f 954/954/954 894/894/894 956/956/956
f 795/795/795 957/957/957 864/864/864
f 731/731/731 894/894/894 954/954/954
f 616/616/616 958/958/958 893/893/893
f 616/616/616 806/806/806 958/958/958
f 617/617/617 959/959/959 807/807/807
f 829/829/829 921/921/921 960/960/960
f 600/600/600 962/962/962 806/806/806
f 835/835/835 930/930/930 963/963/963
f 833/833/833 930/930/930 835/835/835
f 897/897/897 896/896/896 928/928/928
f 935/935/935 930/930/930 932/932/932
f 935/935/935 964/964/964 930/930/930
f 933/933/933 966/966/966 935/935/935
f 638/638/638 841/841/841 842/842/842
f 697/697/697 842/842/842 878/878/878
f 902/902/902 881/881/881 765/765/765
f 814/814/814 810/810/810 967/967/967
f 743/743/743 814/814/814 969/969/969
f 722/722/722 909/909/909 903/903/903
f 816/816/816 940/940/940 946/946/946
f 783/783/783 852/852/852 972/972/972
f 674/674/674 553/553/553 973/973/973
f 855/855/855 853/853/853 912/912/912
f 890/890/890 787/787/787 975/975/975
f 891/891/891 977/977/977 978/978/978
f 891/891/891 978/978/978 915/915/915
f 917/917/917 980/980/980 889/889/889
f 822/822/822 953/953/953 982/982/982
f 953/953/953 915/915/915 982/982/982
f 864/864/864 957/957/957 861/861/861
f 800/800/800 862/862/862 804/804/804
f 795/795/795 919/919/919 957/957/957
f 731/731/731 954/954/954 617/617/617
f 829/829/829 984/984/984 919/919/919
f 829/829/829 960/960/960 984/984/984
f 985/985/985 924/924/924 989/989/989
f 865/865/865 991/991/991 871/871/871
f 925/925/925 993/993/993 990/990/990
f 835/835/835 963/963/963 925/925/925
f 925/925/925 963/963/963 993/993/993
f 895/895/895 871/871/871 991/991/991
f 933/933/933 928/928/928 994/994/994
f 645/645/645 996/996/996 838/838/838
f 646/646/646 872/872/872 997/997/997
f 933/933/933 998/998/998 966/966/966
f 999/999/999 1001/1001/1001 995/995/995
f 840/840/840 733/733/733 1006/1006/1006
f 841/841/841 1009/1009/1009 842/842/842
f 710/710/710 735/735/735 898/898/898
f 878/878/878 842/842/842 1011/1011/1011
f 813/813/813 879/879/879 1012/1012/1012
f 813/813/813 1012/1012/1012 968/968/968
f 743/743/743 969/969/969 904/904/904
f 938/938/938 936/936/936 851/851/851
f 783/783/783 972/972/972 1015/1015/1015
f 817/817/817 950/950/950 973/973/973
f 553/553/553 817/817/817 973/973/973
f 952/952/952 1016/1016/1016 747/747/747
f 612/612/612 886/886/886 1018/1018/1018
f 749/749/749 612/612/612 1018/1018/1018
f 914/914/914 854/854/854 749/749/749
f 885/885/885 724/724/724 1021/1021/1021
f 787/787/787 912/912/912 975/975/975
f 889/889/889 1021/1021/1021 724/724/724
f 980/980/980 1024/1024/1024 889/889/889
f 859/859/859 980/980/980 917/917/917
f 954/954/954 956/956/956 1026/1026/1026
f 617/617/617 954/954/954 1028/1028/1028
f 617/617/617 1031/1031/1031 959/959/959
f 865/865/865 804/804/804 1032/1032/1032
f 959/959/959 1034/1034/1034 807/807/807
f 865/865/865 1032/1032/1032 991/991/991
f 993/993/993 963/963/963 930/930/930
f 993/993/993 930/930/930 964/964/964
f 1036/1036/1036 896/896/896 1037/1037/1037
f 934/934/934 965/965/965 1038/1038/1038
f 997/997/997 1003/1003/1003 1000/1000/1000
f 733/733/733 899/899/899 1006/1006/1006
f 735/735/735 1040/1040/1040 898/898/898
f 767/767/767 882/882/882 1044/1044/1044
f 814/814/814 967/967/967 1045/1045/1045
f 850/850/850 1044/1044/1044 882/882/882
f 969/969/969 814/814/814 1049/1049/1049
f 906/906/906 970/970/970 771/771/771
f 936/936/936 1051/1051/1051 911/911/911
f 782/782/782 1014/1014/1014 944/944/944
f 941/941/941 1052/1052/1052 947/947/947
f 674/674/674 1056/1056/1056 951/951/951
f 884/884/884 1059/1059/1059 886/886/886
f 913/913/913 748/748/748 976/976/976
f 889/889/889 1024/1024/1024 1021/1021/1021
f 893/893/893 1025/1025/1025 955/955/955
f 861/861/861 1061/1061/1061 859/859/859
f 859/859/859 1061/1061/1061 980/980/980
f 861/861/861 957/957/957 1061/1061/1061
f 804/804/804 862/862/862 1062/1062/1062
f 893/893/893 958/958/958 1030/1030/1030
f 617/617/617 1028/1028/1028 1031/1031/1031
f 806/806/806 962/962/962 958/958/958
f 921/921/921 868/868/868 960/960/960
f 926/926/926 987/987/987 868/868/868
f 895/895/895 991/991/991 1067/1067/1067
f 838/838/838 962/962/962 600/600/600
f 896/896/896 1068/1068/1068 1037/1037/1037
f 872/872/872 807/807/807 1034/1034/1034
f 964/964/964 1071/1071/1071 993/993/993
f 928/928/928 896/896/896 994/994/994
f 872/872/872 1034/1034/1034 997/997/997
f 998/998/998 933/933/933 994/994/994
f 839/839/839 1004/1004/1004 841/841/841
f 767/767/767 876/876/876 849/849/849
f 848/848/848 874/874/874 1073/1073/1073
f 736/736/736 875/875/875 1041/1041/1041
f 767/767/767 1044/1044/1044 876/876/876
f 968/968/968 1012/1012/1012 1046/1046/1046
f 850/850/850 1074/1074/1074 1044/1044/1044
f 814/814/814 1045/1045/1045 1049/1049/1049
f 850/850/850 903/903/903 1074/1074/1074
f 911/911/911 1051/1051/1051 908/908/908
f 771/771/771 970/970/970 938/938/938
f 948/948/948 1053/1053/1053 950/950/950
f 674/674/674 973/973/973 1056/1056/1056
f 952/952/952 1057/1057/1057 1016/1016/1016
f 750/750/750 1019/1019/1019 977/977/977
f 885/885/885 1021/1021/1021 1076/1076/1076
f 915/915/915 978/978/978 982/982/982
f 821/821/821 981/981/981 1077/1077/1077
f 893/893/893 1030/1030/1030 1025/1025/1025
f 954/954/954 1026/1026/1026 1028/1028/1028
f 957/957/957 919/919/919 1061/1061/1061
f 1034/1034/1034 959/959/959 1031/1031/1031
f 962/962/962 1079/1079/1079 958/958/958
f 868/868/868 987/987/987 960/960/960
f 991/991/991 1032/1032/1032 1067/1067/1067
f 993/993/993 986/986/986 990/990/990
f 992/992/992 1070/1070/1070 1080/1080/1080
f 1036/1036/1036 1082/1082/1082 896/896/896
f 1036/1036/1036 1084/1084/1084 1082/1082/1082
f 935/935/935 1039/1039/1039 1085/1085/1085
f 935/935/935 1085/1085/1085 964/964/964
f 847/847/847 1072/1072/1072 873/873/873
f 1012/1012/1012 1086/1086/1086 1046/1046/1046
f 1044/1044/1044 1074/1074/1074 1089/1089/1089
f 1090/1090/1090 1095/1095/1095 1097/1097/1097
f 1091/1091/1091 1098/1098/1098 1100/1100/1100
f 1106/1106/1106 971/971/971 1111/1111/1111
f 1106/1106/1106 939/939/939 971/971/971
f 1106/1106/1106 937/937/937 939/939/939
f 1094/1094/1094 1107/1107/1107 1112/1112/1112
f 1113/1113/1113 1115/1115/1115 937/937/937
f 1106/1106/1106 1113/1113/1113 937/937/937
f 1094/1094/1094 1118/1118/1118 1119/1119/1119
f 1094/1094/1094 1103/1103/1103 1118/1118/1118
f 1122/1122/1122 1126/1126/1126 1109/1109/1109
f 1094/1094/1094 1119/1119/1119 1107/1107/1107
f 679/679/679 1128/1128/1128 852/852/852
f 1129/1129/1129 1130/1130/1130 1132/1132/1132
f 1129/1129/1129 1133/1133/1133 1130/1130/1130
f 822/822/822 1078/1078/1078 824/824/824
f 918/918/918 983/983/983 1135/1135/1135
f 1032/1032/1032 1137/1137/1137 1067/1067/1067
f 993/993/993 1081/1081/1081 986/986/986
f 896/896/896 1082/1082/1082 994/994/994
f 1036/1036/1036 1037/1037/1037 1139/1139/1139
f 1083/1083/1083 1035/1035/1035 1138/1138/1138
f 996/996/996 1142/1142/1142 838/838/838
f 1003/1003/1003 997/997/997 1147/1147/1147
f 1039/1039/1039 1148/1148/1148 1085/1085/1085
f 966/966/966 1148/1148/1148 1039/1039/1039
f 1039/1039/1039 966/966/966 1148/1148/1148
f 1002/1002/1002 1142/1142/1142 996/996/996
f 1003/1003/1003 1147/1147/1147 1150/1150/1150
f 1150/1150/1150 1147/1147/1147 1151/1151/1151
f 1150/1150/1150 1151/1151/1151 1152/1152/1152
f 1150/1150/1150 1152/1152/1152 1154/1154/1154
f 1149/1149/1149 1153/1153/1153 1002/1002/1002
f 899/899/899 1042/1042/1042 1006/1006/1006
f 841/841/841 1004/1004/1004 1155/1155/1155
f 841/841/841 1155/1155/1155 1009/1009/1009
f 971/971/971 1050/1050/1050 1093/1093/1093
f 971/971/971 1093/1093/1093 1111/1111/1111
f 1099/1099/1099 1096/1096/1096 1101/1101/1101
f 1101/1101/1101 1096/1096/1096 1092/1092/1092
f 1114/1114/1114 1108/1108/1108 1157/1157/1157
f 1116/1116/1116 1114/1114/1114 1157/1157/1157
f 1119/1119/1119 1121/1121/1121 1107/1107/1107
f 944/944/944 1014/1014/1014 1121/1121/1121
f 1119/1119/1119 1058/1058/1058 1121/1121/1121
f 1058/1058/1058 944/944/944 1121/1121/1121
f 1058/1058/1058 1159/1159/1159 1017/1017/1017
f 677/677/677 634/634/634 1127/1127/1127
f 747/747/747 1016/1016/1016 634/634/634
f 1161/1161/1161 1162/1162/1162 1164/1164/1164
f 1132/1132/1132 1130/1130/1130 1165/1165/1165
f 1129/1129/1129 1167/1167/1167 1133/1133/1133
f 886/886/886 1059/1059/1059 1169/1169/1169
f 886/886/886 1169/1169/1169 1018/1018/1018
f 1059/1059/1059 884/884/884 1169/1169/1169
f 978/978/978 977/977/977 1171/1171/1171
f 982/982/982 978/978/978 1078/1078/1078
f 1061/1061/1061 1174/1174/1174 980/980/980
f 824/824/824 1175/1175/1175 862/862/862
f 1025/1025/1025 1030/1030/1030 1027/1027/1027
f 804/804/804 1062/1062/1062 1177/1177/1177
f 958/958/958 1079/1079/1079 1030/1030/1030
f 1037/1037/1037 1179/1179/1179 1181/1181/1181
f 1179/1179/1179 1182/1182/1182 1181/1181/1181
f 838/838/838 1142/1142/1142 962/962/962
f 997/997/997 1034/1034/1034 1143/1143/1143
f 964/964/964 1085/1085/1085 1071/1071/1071
f 998/998/998 994/994/994 1082/1082/1082
f 997/997/997 1186/1186/1186 1147/1147/1147
f 966/966/966 998/998/998 1187/1187/1187
f 966/966/966 1187/1187/1187 1148/1148/1148
f 1187/1187/1187 1188/1188/1188 1189/1189/1189
f 1189/1189/1189 1148/1148/1148 1187/1187/1187
f 1008/1008/1008 1010/1010/1010 1156/1156/1156
f 1006/1006/1006 1042/1042/1042 1191/1191/1191
f 1008/1008/1008 1194/1194/1194 1010/1010/1010
f 1010/1010/1010 1194/1194/1194 1013/1013/1013
f 842/842/842 1009/1009/1009 1011/1011/1011
f 1086/1086/1086 1195/1195/1195 1046/1046/1046
f 876/876/876 1044/1044/1044 1199/1199/1199
f 1046/1046/1046 1195/1195/1195 1201/1201/1201
f 1093/1093/1093 1050/1050/1050 1204/1204/1204
f 909/909/909 1208/1208/1208 903/903/903
f 1051/1051/1051 936/936/936 1206/1206/1206
f 1092/1092/1092 1110/1110/1110 1101/1101/1101
f 1102/1102/1102 1209/1209/1209 1117/1117/1117
f 1014/1014/1014 1211/1211/1211 1216/1216/1216
f 1014/1014/1014 1216/1216/1216 1121/1121/1121
f 1120/1120/1120 1214/1214/1214 1123/1123/1123
f 1058/1058/1058 1119/1119/1119 1218/1218/1218
f 1218/1218/1218 1119/1119/1119 1118/1118/1118
f 944/944/944 1058/1058/1058 974/974/974
f 950/950/950 1053/1053/1053 1219/1219/1219
f 974/974/974 1223/1223/1223 944/944/944
f 1224/1224/1224 1159/1159/1159 1058/1058/1058
f 1058/1058/1058 1218/1218/1218 1224/1224/1224
f 852/852/852 1128/1128/1128 972/972/972
f 973/973/973 950/950/950 1220/1220/1220
f 1225/1225/1225 1159/1159/1159 1224/1224/1224
f 1225/1225/1225 1224/1224/1224 1226/1226/1226
f 1161/1161/1161 1228/1228/1228 1162/1162/1162
f 1229/1229/1229 1231/1231/1231 1132/1132/1132
f 1132/1132/1132 1165/1165/1165 1229/1229/1229
f 1133/1133/1133 1167/1167/1167 1233/1233/1233
f 1131/1131/1131 1134/1134/1134 1237/1237/1237
f 824/824/824 1078/1078/1078 1175/1175/1175
f 1173/1173/1173 1060/1060/1060 1238/1238/1238
f 862/862/862 1175/1175/1175 1062/1062/1062
f 1135/1135/1135 983/983/983 1178/1178/1178
f 805/805/805 1178/1178/1178 1240/1240/1240
f 1033/1033/1033 805/805/805 1240/1240/1240
f 1030/1030/1030 1243/1243/1243 1245/1245/1245
f 1031/1031/1031 1246/1246/1246 1248/1248/1248
f 1034/1034/1034 1031/1031/1031 1248/1248/1248
f 1250/1250/1250 961/961/961 988/988/988
f 1179/1179/1179 1037/1037/1037 1068/1068/1068
f 1181/1181/1181 1139/1139/1139 1037/1037/1037
f 997/997/997 1143/1143/1143 1186/1186/1186
f 1085/1085/1085 1189/1189/1189 1071/1071/1071
f 1148/1148/1148 1189/1189/1189 1085/1085/1085
f 1184/1184/1184 1140/1140/1140 1144/1144/1144
f 1084/1084/1084 1251/1251/1251 1082/1082/1082
f 998/998/998 1082/1082/1082 1187/1187/1187
f 1082/1082/1082 1251/1251/1251 1187/1187/1187
f 1187/1187/1187 1252/1252/1252 1188/1188/1188
f 1152/1152/1152 1151/1151/1151 1154/1154/1154
f 1153/1153/1153 1258/1258/1258 1002/1002/1002
f 1005/1005/1005 1190/1190/1190 1259/1259/1259
f 1264/1264/1264 1266/1266/1266 1269/1269/1269
f 1263/1263/1263 1268/1268/1268 1265/1265/1265
f 1013/1013/1013 1194/1194/1194 1271/1271/1271
f 1271/1271/1271 1194/1194/1194 1272/1272/1272
f 1050/1050/1050 1047/1047/1047 1204/1204/1204
f 903/903/903 1208/1208/1208 1074/1074/1074
f 908/908/908 1051/1051/1051 1206/1206/1206
f 1110/1110/1110 1092/1092/1092 1273/1273/1273
f 1105/1105/1105 1273/1273/1273 1275/1275/1275
f 1110/1110/1110 1273/1273/1273 1105/1105/1105
f 1110/1110/1110 1105/1105/1105 1101/1101/1101
f 1108/1108/1108 1277/1277/1277 1278/1278/1278
f 1126/1126/1126 1104/1104/1104 1109/1109/1109
f 1126/1126/1126 1280/1280/1280 1104/1104/1104
f 1157/1157/1157 1108/1108/1108 1278/1278/1278
f 1209/1209/1209 1102/1102/1102 1279/1279/1279
f 1209/1209/1209 1279/1279/1279 1281/1281/1281
f 1116/1116/1116 1157/1157/1157 1283/1283/1283
f 1117/1117/1117 1209/1209/1209 1285/1285/1285
f 1219/1219/1219 1053/1053/1053 1220/1220/1220
f 950/950/950 1219/1219/1219 1220/1220/1220
f 1218/1218/1218 1118/1118/1118 1288/1288/1288
f 1224/1224/1224 1218/1218/1218 1289/1289/1289
f 1218/1218/1218 1288/1288/1288 1289/1289/1289
f 1226/1226/1226 1224/1224/1224 1289/1289/1289
f 1016/1016/1016 1290/1290/1290 634/634/634
f 1016/1016/1016 1158/1158/1158 1290/1290/1290
f 1159/1159/1159 1164/1164/1164 1162/1162/1162
f 1226/1226/1226 1289/1289/1289 1293/1293/1293
f 1226/1226/1226 1293/1293/1293 1225/1225/1225
f 1160/1160/1160 1163/1163/1163 1227/1227/1227
f 1132/1132/1132 1231/1231/1231 1294/1294/1294
f 1166/1166/1166 1232/1232/1232 1230/1230/1230
f 1129/1129/1129 1132/1132/1132 1294/1294/1294
f 1294/1294/1294 1167/1167/1167 1129/1129/1129
f 1131/1131/1131 1296/1296/1296 1166/1166/1166
f 1168/1168/1168 1297/1297/1297 1234/1234/1234
f 884/884/884 1075/1075/1075 1298/1298/1298
f 977/977/977 1019/1019/1019 1171/1171/1171
f 1021/1021/1021 1300/1300/1300 1076/1076/1076
f 1061/1061/1061 919/919/919 1302/1302/1302
f 983/983/983 1303/1303/1303 1178/1178/1178
f 1029/1029/1029 1244/1244/1244 1242/1242/1242
f 1030/1030/1030 1247/1247/1247 1245/1245/1245
f 1030/1030/1030 1079/1079/1079 1247/1247/1247
f 1137/1137/1137 1310/1310/1310 1067/1067/1067
f 1249/1249/1249 986/986/986 1312/1312/1312
f 986/986/986 1081/1081/1081 1312/1312/1312
f 1081/1081/1081 1315/1315/1315 1316/1316/1316
f 1071/1071/1071 1315/1315/1315 1081/1081/1081
f 1071/1071/1071 1189/1189/1189 1315/1315/1315
f 1083/1083/1083 1138/1138/1138 1317/1317/1317
f 1188/1188/1188 1252/1252/1252 1189/1189/1189
f 1084/1084/1084 1318/1318/1318 1251/1251/1251
f 1320/1320/1320 1187/1187/1187 1251/1251/1251
f 1320/1320/1320 1323/1323/1323 1187/1187/1187
f 1320/1320/1320 1328/1328/1328 1323/1323/1323
f 1269/1269/1269 1258/1258/1258 1153/1153/1153
f 1270/1270/1270 1154/1154/1154 1331/1331/1331
f 1266/1266/1266 1258/1258/1258 1269/1269/1269
f 1332/1332/1332 1330/1330/1330 876/876/876
f 1041/1041/1041 875/875/875 1329/1329/1329
f 1042/1042/1042 1335/1335/1335 1191/1191/1191
f 1192/1192/1192 1336/1336/1336 1260/1260/1260
f 876/876/876 1342/1342/1342 1332/1332/1332
f 876/876/876 1199/1199/1199 1342/1342/1342
f 1013/1013/1013 1271/1271/1271 1344/1344/1344
f 1013/1013/1013 1344/1344/1344 1087/1087/1087
f 1202/1202/1202 1197/1197/1197 1345/1345/1345
f 1043/1043/1043 1088/1088/1088 1198/1198/1198
f 1048/1048/1048 1202/1202/1202 1345/1345/1345
f 1092/1092/1092 1346/1346/1346 1273/1273/1273
f 937/937/937 1115/1115/1115 1207/1207/1207
f 1278/1278/1278 1277/1277/1277 1349/1349/1349
f 1157/1157/1157 1278/1278/1278 1283/1283/1283
f 1124/1124/1124 1351/1351/1351 1355/1355/1355
f 1015/1015/1015 1359/1359/1359 1213/1213/1213
f 1125/1125/1125 1215/1215/1215 1352/1352/1352
f 1212/1212/1212 1354/1354/1354 1217/1217/1217
f 1015/1015/1015 972/972/972 1359/1359/1359
f 1285/1285/1285 1209/1209/1209 1281/1281/1281
f 942/942/942 1360/1360/1360 1054/1054/1054
f 943/943/943 1221/1221/1221 1361/1361/1361
f 972/972/972 1128/1128/1128 1363/1363/1363
f 1117/1117/1117 1285/1285/1285 1287/1287/1287
f 1159/1159/1159 1225/1225/1225 1164/1164/1164
f 1294/1294/1294 1231/1231/1231 1364/1364/1364
f 1295/1295/1295 1366/1366/1366 1168/1168/1168
f 1131/1131/1131 1368/1368/1368 1296/1296/1296
f 1131/1131/1131 1237/1237/1237 1368/1368/1368
f 1298/1298/1298 1369/1369/1369 884/884/884
f 884/884/884 1369/1369/1369 1169/1169/1169
f 979/979/979 1172/1172/1172 1371/1371/1371
f 1372/1372/1372 979/979/979 1371/1371/1371
f 979/979/979 1372/1372/1372 1176/1176/1176
f 1078/1078/1078 978/978/978 1175/1175/1175
f 918/918/918 1135/1135/1135 1301/1301/1301
f 1079/1079/1079 1245/1245/1245 1247/1247/1247
f 1250/1250/1250 1314/1314/1314 961/961/961
f 1066/1066/1066 1308/1308/1308 1373/1373/1373
f 1069/1069/1069 1374/1374/1374 1377/1377/1377
f 1081/1081/1081 1316/1316/1316 1312/1312/1312
f 962/962/962 1378/1378/1378 1079/1079/1079
f 962/962/962 1142/1142/1142 1378/1378/1378
f 1181/1181/1181 1380/1380/1380 1139/1139/1139
f 1185/1185/1185 1145/1145/1145 1141/1141/1141
f 1251/1251/1251 1318/1318/1318 1320/1320/1320
f 1002/1002/1002 1146/1146/1146 1142/1142/1142
f 1325/1325/1325 1382/1382/1382 1321/1321/1321
f 1154/1154/1154 1151/1151/1151 1385/1385/1385
f 1007/1007/1007 1386/1386/1386 1193/1193/1193
f 1007/1007/1007 1261/1261/1261 1386/1386/1386
f 1331/1331/1331 1154/1154/1154 1385/1385/1385
f 1194/1194/1194 1389/1389/1389 1272/1272/1272
f 1267/1267/1267 1270/1270/1270 1331/1331/1331
f 1267/1267/1267 1331/1331/1331 1333/1333/1333
f 1333/1333/1333 1331/1331/1331 1385/1385/1385
f 1332/1332/1332 1342/1342/1342 1330/1330/1330
f 1272/1272/1272 1390/1390/1390 1271/1271/1271
f 1333/1333/1333 1385/1385/1385 1392/1392/1392
f 1267/1267/1267 1333/1333/1333 1392/1392/1392
f 1329/1329/1329 1334/1334/1334 1041/1041/1041
f 1199/1199/1199 1391/1391/1391 1342/1342/1342
f 1271/1271/1271 1390/1390/1390 1344/1344/1344
f 1266/1266/1266 1393/1393/1393 1258/1258/1258
f 1267/1267/1267 1392/1392/1392 1394/1394/1394
f 1199/1199/1199 1089/1089/1089 1393/1393/1393
f 1205/1205/1205 1048/1048/1048 1396/1396/1396
f 1203/1203/1203 1395/1395/1395 1346/1346/1346
f 1092/1092/1092 1203/1203/1203 1346/1346/1346
f 1274/1274/1274 1398/1398/1398 1277/1277/1277
f 1277/1277/1277 1398/1398/1398 1402/1402/1402
f 1276/1276/1276 1400/1400/1400 1404/1404/1404
f 1126/1126/1126 1407/1407/1407 1280/1280/1280
f 1055/1055/1055 1362/1362/1362 1222/1222/1222
f 1285/1285/1285 1281/1281/1281 1408/1408/1408
f 1287/1287/1287 1285/1285/1285 1412/1412/1412
f 1288/1288/1288 1414/1414/1414 1289/1289/1289
f 1292/1292/1292 1417/1417/1417 635/635/635
f 1162/1162/1162 1291/1291/1291 1159/1159/1159
f 1289/1289/1289 1418/1418/1418 1293/1293/1293
f 1225/1225/1225 1293/1293/1293 1419/1419/1419
f 1293/1293/1293 1418/1418/1418 1419/1419/1419
f 1232/1232/1232 1166/1166/1166 1421/1421/1421
f 1295/1295/1295 1365/1365/1365 1366/1366/1366
f 1166/1166/1166 1296/1296/1296 1421/1421/1421
f 1024/1024/1024 1424/1424/1424 1021/1021/1021
f 1024/1024/1024 980/980/980 1174/1174/1174
f 1062/1062/1062 1425/1425/1425 1177/1177/1177
f 1135/1135/1135 1178/1178/1178 1426/1426/1426
f 961/961/961 1314/1314/1314 1428/1428/1428
f 1064/1064/1064 1429/1429/1429 1306/1306/1306
f 1430/1430/1430 1065/1065/1065 1307/1307/1307
f 1180/1180/1180 1069/1069/1069 1432/1432/1432
f 1180/1180/1180 1432/1432/1432 1183/1183/1183
f 1143/1143/1143 1034/1034/1034 1433/1433/1433
f 1315/1315/1315 1434/1434/1434 1316/1316/1316
f 1181/1181/1181 1182/1182/1182 1380/1380/1380
f 1189/1189/1189 1252/1252/1252 1315/1315/1315
f 1139/1139/1139 1380/1380/1380 1318/1318/1318
f 1252/1252/1252 1436/1436/1436 1315/1315/1315
f 1252/1252/1252 1187/1187/1187 1436/1436/1436
f 1327/1327/1327 1439/1439/1439 1383/1383/1383
f 1319/1319/1319 1442/1442/1442 1326/1326/1326
f 1439/1439/1439 1327/1327/1327 1446/1446/1446
f 1446/1446/1446 1449/1449/1449 1439/1439/1439
f 1438/1438/1438 1447/1447/1447 1450/1450/1450
f 1272/1272/1272 1389/1389/1389 1453/1453/1453
f 1329/1329/1329 1339/1339/1339 1334/1334/1334
f 1454/1454/1454 1196/1196/1196 1344/1344/1344
f 1393/1393/1393 1460/1460/1460 1258/1258/1258
f 1200/1200/1200 1394/1394/1394 1392/1392/1392
f 1196/1196/1196 1087/1087/1087 1344/1344/1344
f 1089/1089/1089 1460/1460/1460 1393/1393/1393
f 1048/1048/1048 1345/1345/1345 1396/1396/1396
f 1274/1274/1274 1347/1347/1347 1398/1398/1398
f 1399/1399/1399 1396/1396/1396 1403/1403/1403
f 1278/1278/1278 1461/1461/1461 1283/1283/1283
f 1278/1278/1278 1462/1462/1462 1461/1461/1461
f 1278/1278/1278 1349/1349/1349 1462/1462/1462
f 1126/1126/1126 1357/1357/1357 1407/1407/1407
f 1279/1279/1279 1463/1463/1463 1281/1281/1281
f 1280/1280/1280 1407/1407/1407 1464/1464/1464
f 1282/1282/1282 1464/1464/1464 1466/1466/1466
f 1465/1465/1465 1467/1467/1467 1470/1470/1470
f 1282/1282/1282 1466/1466/1466 1410/1410/1410
f 972/972/972 1363/1363/1363 1359/1359/1359
f 1363/1363/1363 1128/1128/1128 1359/1359/1359
f 1411/1411/1411 1284/1284/1284 1286/1286/1286
f 1287/1287/1287 1285/1285/1285 1408/1408/1408
f 635/635/635 1417/1417/1417 1128/1128/1128
f 1289/1289/1289 1414/1414/1414 1473/1473/1473
f 1231/1231/1231 1228/1228/1228 1364/1364/1364
f 1297/1297/1297 1168/1168/1168 1475/1475/1475
f 1297/1297/1297 1475/1475/1475 1234/1234/1234
f 1134/1134/1134 1479/1479/1479 1237/1237/1237
f 1133/1133/1133 1233/1233/1233 1477/1477/1477
f 1021/1021/1021 1424/1424/1424 1300/1300/1300
f 1172/1172/1172 1020/1020/1020 1371/1371/1371
f 1022/1022/1022 1370/1370/1370 1422/1422/1422
f 1371/1371/1371 1023/1023/1023 1372/1372/1372
f 1023/1023/1023 1173/1173/1173 1372/1372/1372
f 1175/1175/1175 1480/1480/1480 1062/1062/1062
f 1178/1178/1178 1303/1303/1303 1240/1240/1240
f 984/984/984 960/960/960 1304/1304/1304
f 1137/1137/1137 1032/1032/1032 1483/1483/1483
f 1373/1373/1373 1308/1308/1308 1375/1375/1375
f 1069/1069/1069 1377/1377/1377 1432/1432/1432
f 1034/1034/1034 1248/1248/1248 1433/1433/1433
f 1183/1183/1183 1432/1432/1432 1487/1487/1487
f 1143/1143/1143 1433/1433/1433 1489/1489/1489
f 1436/1436/1436 1434/1434/1434 1315/1315/1315
f 1381/1381/1381 1183/1183/1183 1490/1490/1490
f 1380/1380/1380 1491/1491/1491 1318/1318/1318
f 1323/1323/1323 1493/1493/1493 1187/1187/1187
f 1320/1320/1320 1318/1318/1318 1444/1444/1444
f 1383/1383/1383 1439/1439/1439 1322/1322/1322
f 1002/1002/1002 1495/1495/1495 1146/1146/1146
f 1389/1389/1389 1452/1452/1452 1449/1449/1449
f 1389/1389/1389 1449/1449/1449 1453/1453/1453
f 1258/1258/1258 1495/1495/1495 1002/1002/1002
f 1453/1453/1453 1449/1449/1449 1498/1498/1498
f 1194/1194/1194 1388/1388/1388 1389/1389/1389
f 1262/1262/1262 1337/1337/1337 1387/1387/1387
f 1453/1453/1453 1390/1390/1390 1272/1272/1272
f 1455/1455/1455 1501/1501/1501 1197/1197/1197
f 1197/1197/1197 1501/1501/1501 1345/1345/1345
f 1074/1074/1074 1503/1503/1503 1089/1089/1089
f 1399/1399/1399 1348/1348/1348 1396/1396/1396
f 1399/1399/1399 1348/1348/1348 1396/1396/1396
f 1397/1397/1397 1395/1395/1395 1346/1346/1346
f 1115/1115/1115 1504/1504/1504 1207/1207/1207
f 1405/1405/1405 1402/1402/1402 1277/1277/1277
f 1349/1349/1349 1277/1277/1277 1507/1507/1507
f 1464/1464/1464 1407/1407/1407 1510/1510/1510
f 1406/1406/1406 1356/1356/1356 1353/1353/1353
f 1464/1464/1464 1468/1468/1468 1466/1466/1466
f 1354/1354/1354 1511/1511/1511 1407/1407/1407
f 1128/1128/1128 1417/1417/1417 1359/1359/1359
f 1287/1287/1287 1512/1512/1512 1413/1413/1413
f 1287/1287/1287 1408/1408/1408 1512/1512/1512
f 1413/1413/1413 1512/1512/1512 1472/1472/1472
f 1291/1291/1291 1162/1162/1162 1515/1515/1515
f 1162/1162/1162 1228/1228/1228 1515/1515/1515
f 1225/1225/1225 1419/1419/1419 1164/1164/1164
f 1419/1419/1419 1517/1517/1517 1164/1164/1164
f 1164/1164/1164 1517/1517/1517 1228/1228/1228
f 1231/1231/1231 1518/1518/1518 1228/1228/1228
f 1364/1364/1364 1228/1228/1228 1521/1521/1521
f 1420/1420/1420 1523/1523/1523 1231/1231/1231
f 1231/1231/1231 1523/1523/1523 1524/1524/1524
f 1236/1236/1236 1527/1527/1527 1367/1367/1367
f 1235/1235/1235 1236/1236/1236 1478/1478/1478
f 1020/1020/1020 1170/1170/1170 1371/1371/1371
f 1176/1176/1176 1372/1372/1372 1173/1173/1173
f 1238/1238/1238 1481/1481/1481 1173/1173/1173
f 1060/1060/1060 1301/1301/1301 1528/1528/1528
f 1248/1248/1248 1246/1246/1246 1433/1433/1433
f 1136/1136/1136 1482/1482/1482 1309/1309/1309
f 961/961/961 1428/1428/1428 1530/1530/1530
f 1079/1079/1079 1378/1378/1378 1245/1245/1245
f 1316/1316/1316 1434/1434/1434 1312/1312/1312
f 1487/1487/1487 1432/1432/1432 1532/1532/1532
f 1183/1183/1183 1487/1487/1487 1533/1533/1533
f 1183/1183/1183 1533/1533/1533 1490/1490/1490
f 1437/1437/1437 1535/1535/1535 1435/1435/1435
f 1146/1146/1146 1378/1378/1378 1142/1142/1142
f 1187/1187/1187 1493/1493/1493 1436/1436/1436
f 1441/1441/1441 1536/1536/1536 1324/1324/1324
f 1446/1446/1446 1327/1327/1327 1537/1537/1537
f 1439/1439/1439 1452/1452/1452 1389/1389/1389
f 1449/1449/1449 1498/1498/1498 1452/1452/1452
f 1448/1448/1448 1451/1451/1451 1497/1497/1497
f 1449/1449/1449 1538/1538/1538 1498/1498/1498
f 1449/1449/1449 1446/1446/1446 1538/1538/1538
f 1446/1446/1446 1537/1537/1537 1538/1538/1538
f 1539/1539/1539 1541/1541/1541 1389/1389/1389
f 1389/1389/1389 1388/1388/1388 1539/1539/1539
f 1453/1453/1453 1498/1498/1498 1390/1390/1390
f 1390/1390/1390 1498/1498/1498 1543/1543/1543
f 1338/1338/1338 1340/1340/1340 1388/1388/1388
f 1390/1390/1390 1543/1543/1543 1544/1544/1544
f 1392/1392/1392 1385/1385/1385 1548/1548/1548
f 1500/1500/1500 1454/1454/1454 1344/1344/1344
f 1456/1456/1456 1545/1545/1545 1253/1253/1253
f 1345/1345/1345 1501/1501/1501 1396/1396/1396
f 1074/1074/1074 1208/1208/1208 1549/1549/1549
f 1208/1208/1208 1506/1506/1506 1549/1549/1549
f 1403/1403/1403 1396/1396/1396 1551/1551/1551
f 1116/1116/1116 1283/1283/1283 1505/1505/1505
f 1461/1461/1461 1505/1505/1505 1283/1283/1283
f 1464/1464/1464 1510/1510/1510 1552/1552/1552
f 1407/1407/1407 1553/1553/1553 1510/1510/1510
f 1358/1358/1358 1555/1555/1555 1212/1212/1212
f 1210/1210/1210 1554/1554/1554 1556/1556/1556
f 1467/1467/1467 1558/1558/1558 1470/1470/1470
f 1358/1358/1358 1561/1561/1561 1555/1555/1555
f 1417/1417/1417 1564/1564/1564 1359/1359/1359
f 1466/1466/1466 1566/1566/1566 1410/1410/1410
f 1292/1292/1292 1516/1516/1516 1417/1417/1417
f 1473/1473/1473 1418/1418/1418 1289/1289/1289
f 1567/1567/1567 1419/1419/1419 1418/1418/1418
f 1567/1567/1567 1418/1418/1418 1568/1568/1568
f 1231/1231/1231 1524/1524/1524 1518/1518/1518
f 1521/1521/1521 1228/1228/1228 1517/1517/1517
f 1524/1524/1524 1523/1523/1523 1420/1420/1420
f 1365/1365/1365 1522/1522/1522 1366/1366/1366
f 1368/1368/1368 1421/1421/1421 1296/1296/1296
f 1235/1235/1235 1476/1476/1476 1527/1527/1527
f 1235/1235/1235 1527/1527/1527 1236/1236/1236
f 1423/1423/1423 1371/1371/1371 1299/1299/1299
f 1481/1481/1481 1176/1176/1176 1173/1173/1173
f 1238/1238/1238 1060/1060/1060 1481/1481/1481
f 1062/1062/1062 1571/1571/1571 1425/1425/1425
f 1426/1426/1426 1572/1572/1572 1135/1135/1135
f 1301/1301/1301 1135/1135/1135 1528/1528/1528
f 1574/1574/1574 1433/1433/1433 1576/1576/1576
f 1575/1575/1575 1578/1578/1578 1573/1573/1573
f 1245/1245/1245 1578/1578/1578 1575/1575/1575
f 1576/1576/1576 1433/1433/1433 1246/1246/1246
f 1377/1377/1377 1311/1311/1311 1485/1485/1485
f 1435/1435/1435 1580/1580/1580 1313/1313/1313
f 1435/1435/1435 1535/1535/1535 1580/1580/1580
f 1531/1531/1531 1431/1431/1431 1486/1486/1486
f 1490/1490/1490 1533/1533/1533 1532/1532/1532
f 1186/1186/1186 1143/1143/1143 1489/1489/1489
f 1381/1381/1381 1490/1490/1490 1492/1492/1492
f 1147/1147/1147 1186/1186/1186 1489/1489/1489
f 1436/1436/1436 1493/1493/1493 1534/1534/1534
f 1146/1146/1146 1488/1488/1488 1378/1378/1378
f 1151/1151/1151 1147/1147/1147 1489/1489/1489
f 1389/1389/1389 1541/1541/1541 1439/1439/1439
f 1388/1388/1388 1340/1340/1340 1539/1539/1539
f 1543/1543/1543 1581/1581/1581 1583/1583/1583
f 1544/1544/1544 1543/1543/1543 1583/1583/1583
f 1390/1390/1390 1544/1544/1544 1344/1344/1344
f 1503/1503/1503 1074/1074/1074 1549/1549/1549
f 1588/1588/1588 1590/1590/1590 1591/1591/1591
f 1589/1589/1589 1592/1592/1592 1594/1594/1594
f 1401/1401/1401 1550/1550/1550 1590/1590/1590
f 1401/1401/1401 1590/1590/1590 1596/1596/1596
f 1277/1277/1277 1402/1402/1402 1507/1507/1507
f 1402/1402/1402 1597/1597/1597 1509/1509/1509
f 1402/1402/1402 1509/1509/1509 1507/1507/1507
f 1464/1464/1464 1552/1552/1552 1468/1468/1468
f 1349/1349/1349 1507/1507/1507 1598/1598/1598
f 1407/1407/1407 1511/1511/1511 1553/1553/1553
f 1562/1562/1562 1359/1359/1359 1564/1564/1564
f 1565/1565/1565 1465/1465/1465 1600/1600/1600
f 1415/1415/1415 1602/1602/1602 1563/1563/1563
f 1409/1409/1409 1565/1565/1565 1600/1600/1600
f 1409/1409/1409 1600/1600/1600 1604/1604/1604
f 1473/1473/1473 1606/1606/1606 1418/1418/1418
f 1228/1228/1228 1518/1518/1518 1515/1515/1515
f 1524/1524/1524 1420/1420/1420 1518/1518/1518
f 1366/1366/1366 1608/1608/1608 1168/1168/1168
f 1168/1168/1168 1612/1612/1612 1475/1475/1475
f 1527/1527/1527 1476/1476/1476 1613/1613/1613
f 1369/1369/1369 1298/1298/1298 1169/1169/1169
f 1371/1371/1371 1170/1170/1170 1299/1299/1299
f 1481/1481/1481 1528/1528/1528 1063/1063/1063
f 1572/1572/1572 1063/1063/1063 1528/1528/1528
f 1135/1135/1135 1572/1572/1572 1528/1528/1528
f 1614/1614/1614 1377/1377/1377 1485/1485/1485
f 1032/1032/1032 1239/1239/1239 1483/1483/1483
f 1313/1313/1313 1580/1580/1580 1427/1427/1427
f 1377/1377/1377 1614/1614/1614 1616/1616/1616
f 1432/1432/1432 1532/1532/1532 1487/1487/1487
f 1534/1534/1534 1617/1617/1617 1579/1579/1579
f 1487/1487/1487 1532/1532/1532 1533/1533/1533
f 1620/1620/1620 1621/1621/1621 1534/1534/1534
f 1620/1620/1620 1534/1534/1534 1493/1493/1493
f 1493/1493/1493 1623/1623/1623 1620/1620/1620
f 1444/1444/1444 1318/1318/1318 1625/1625/1625
f 1323/1323/1323 1627/1627/1627 1493/1493/1493
f 1489/1489/1489 1147/1147/1147 1379/1379/1379
f 1626/1626/1626 1492/1492/1492 1630/1630/1630
f 1444/1444/1444 1625/1625/1625 1629/1629/1629
f 1495/1495/1495 1378/1378/1378 1146/1146/1146
f 1151/1151/1151 1489/1489/1489 1496/1496/1496
f 1327/1327/1327 1443/1443/1443 1537/1537/1537
f 1537/1537/1537 1631/1631/1631 1538/1538/1538
f 1151/1151/1151 1496/1496/1496 1385/1385/1385
f 1385/1385/1385 1496/1496/1496 1634/1634/1634
f 1543/1543/1543 1498/1498/1498 1635/1635/1635
f 1543/1543/1543 1635/1635/1635 1581/1581/1581
f 1583/1583/1583 1581/1581/1581 1636/1636/1636
f 1587/1587/1587 1637/1637/1637 1640/1640/1640
f 1343/1343/1343 1582/1582/1582 1499/1499/1499
f 1457/1457/1457 1641/1641/1641 1254/1254/1254
f 1396/1396/1396 1645/1645/1645 1551/1551/1551
f 1591/1591/1591 1590/1590/1590 1644/1644/1644
f 1510/1510/1510 1553/1553/1553 1646/1646/1646
f 1560/1560/1560 1469/1469/1469 1648/1648/1648
f 1354/1354/1354 1650/1650/1650 1511/1511/1511
f 1212/1212/1212 1557/1557/1557 1354/1354/1354
f 1465/1465/1465 1470/1470/1470 1600/1600/1600
f 1417/1417/1417 1652/1652/1652 1603/1603/1603
f 1417/1417/1417 1654/1654/1654 1652/1652/1652
f 1409/1409/1409 1604/1604/1604 1513/1513/1513
f 1516/1516/1516 1655/1655/1655 1417/1417/1417
f 1474/1474/1474 1656/1656/1656 1659/1659/1659
f 1658/1658/1658 1660/1660/1660 1473/1473/1473
f 1516/1516/1516 1664/1664/1664 1665/1665/1665
f 1418/1418/1418 1606/1606/1606 1568/1568/1568
f 1515/1515/1515 1518/1518/1518 1663/1663/1663
f 1567/1567/1567 1568/1568/1568 1666/1666/1666
f 1517/1517/1517 1419/1419/1419 1567/1567/1567
f 1521/1521/1521 1517/1517/1517 1668/1668/1668
f 1168/1168/1168 1608/1608/1608 1673/1673/1673
f 1612/1612/1612 1168/1168/1168 1673/1673/1673
f 1610/1610/1610 1671/1671/1671 1525/1525/1525
f 1573/1573/1573 1676/1676/1676 1678/1678/1678
f 1060/1060/1060 1528/1528/1528 1481/1481/1481
f 1574/1574/1574 1681/1681/1681 1433/1433/1433
f 1484/1484/1484 1241/1241/1241 1683/1683/1683
f 1529/1529/1529 1684/1684/1684 960/960/960
f 1376/1376/1376 1615/1615/1615 1686/1686/1686
f 1378/1378/1378 1578/1578/1578 1245/1245/1245
f 1532/1532/1532 1689/1689/1689 1490/1490/1490
f 1490/1490/1490 1689/1689/1689 1690/1690/1690
f 1490/1490/1490 1690/1690/1690 1492/1492/1492
f 1318/1318/1318 1491/1491/1491 1625/1625/1625
f 1324/1324/1324 1692/1692/1692 1628/1628/1628
f 1441/1441/1441 1694/1694/1694 1536/1536/1536
f 1542/1542/1542 1695/1695/1695 1440/1440/1440
f 1538/1538/1538 1631/1631/1631 1635/1635/1635
f 1538/1538/1538 1635/1635/1635 1498/1498/1498
f 1581/1581/1581 1635/1635/1635 1636/1636/1636
f 1258/1258/1258 1378/1378/1378 1495/1495/1495
f 1385/1385/1385 1634/1634/1634 1699/1699/1699
f 1642/1642/1642 1700/1700/1700 1255/1255/1255
f 1544/1544/1544 1583/1583/1583 1344/1344/1344
f 1643/1643/1643 1703/1703/1703 1702/1702/1702
f 1256/1256/1256 1546/1546/1546 1458/1458/1458
f 1501/1501/1501 1706/1706/1706 1396/1396/1396
f 1460/1460/1460 1089/1089/1089 1503/1503/1503
f 1707/1707/1707 1709/1709/1709 1396/1396/1396
f 1396/1396/1396 1709/1709/1709 1645/1645/1645
f 1506/1506/1506 1503/1503/1503 1549/1549/1549
f 1506/1506/1506 1712/1712/1712 1503/1503/1503
f 1590/1590/1590 1550/1550/1550 1644/1644/1644
f 1590/1590/1590 1588/1588/1588 1596/1596/1596
f 1594/1594/1594 1714/1714/1714 1589/1589/1589
f 1461/1461/1461 1462/1462/1462 1711/1711/1711
f 1509/1509/1509 1716/1716/1716 1507/1507/1507
f 1462/1462/1462 1349/1349/1349 1717/1717/1717
f 1553/1553/1553 1511/1511/1511 1646/1646/1646
f 1558/1558/1558 1719/1719/1719 1470/1470/1470
f 1721/1721/1721 1511/1511/1511 1650/1650/1650
f 1557/1557/1557 1722/1722/1722 1354/1354/1354
f 1470/1470/1470 1723/1723/1723 1600/1600/1600
f 1417/1417/1417 1655/1655/1655 1652/1652/1652
f 1513/1513/1513 1604/1604/1604 1725/1725/1725
f 1516/1516/1516 1665/1665/1665 1655/1655/1655
f 1474/1474/1474 1514/1514/1514 1656/1656/1656
f 1514/1514/1514 1726/1726/1726 1656/1656/1656
f 1473/1473/1473 1660/1660/1660 1606/1606/1606
f 1728/1728/1728 1663/1663/1663 1518/1518/1518
f 1421/1421/1421 1733/1733/1733 1734/1734/1734
f 1368/1368/1368 1733/1733/1733 1421/1421/1421
f 1672/1672/1672 1611/1611/1611 1526/1526/1526
f 1614/1614/1614 1485/1485/1485 1736/1736/1736
f 1377/1377/1377 1687/1687/1687 1432/1432/1432
f 1432/1432/1432 1687/1687/1687 1532/1532/1532
f 1580/1580/1580 1619/1619/1619 1737/1737/1737
f 1617/1617/1617 1534/1534/1534 1738/1738/1738
f 1534/1534/1534 1621/1621/1621 1738/1738/1738
f 1620/1620/1620 1623/1623/1623 1621/1621/1621
f 1627/1627/1627 1740/1740/1740 1493/1493/1493
f 1494/1494/1494 1741/1741/1741 1624/1624/1624
f 1634/1634/1634 1489/1489/1489 1742/1742/1742
f 1627/1627/1627 1691/1691/1691 1740/1740/1740
f 1324/1324/1324 1536/1536/1536 1692/1692/1692
f 1629/1629/1629 1743/1743/1743 1444/1444/1444
f 1489/1489/1489 1634/1634/1634 1496/1496/1496
f 1537/1537/1537 1443/1443/1443 1631/1631/1631
f 1635/1635/1635 1631/1631/1631 1636/1636/1636
f 1540/1540/1540 1341/1341/1341 1745/1745/1745
f 1696/1696/1696 1633/1633/1633 1384/1384/1384
f 1385/1385/1385 1699/1699/1699 1548/1548/1548
f 1342/1342/1342 1547/1547/1547 1698/1698/1698
f 1391/1391/1391 1547/1547/1547 1342/1342/1342
f 1643/1643/1643 1460/1460/1460 1703/1703/1703
f 1707/1707/1707 1396/1396/1396 1706/1706/1706
f 1707/1707/1707 1706/1706/1706 1746/1746/1746
f 1509/1509/1509 1597/1597/1597 1748/1748/1748
f 1589/1589/1589 1714/1714/1714 1597/1597/1597
f 1508/1508/1508 1747/1747/1747 1715/1715/1715
f 1552/1552/1552 1510/1510/1510 1749/1749/1749
f 1469/1469/1469 1750/1750/1750 1648/1648/1648
f 1646/1646/1646 1511/1511/1511 1751/1751/1751
f 1511/1511/1511 1721/1721/1721 1751/1751/1751
f 1354/1354/1354 1722/1722/1722 1650/1650/1650
f 1561/1561/1561 1752/1752/1752 1555/1555/1555
f 1601/1601/1601 1753/1753/1753 1605/1605/1605
f 1416/1416/1416 1651/1651/1651 1653/1653/1653
f 1659/1659/1659 1656/1656/1656 1662/1662/1662
f 1730/1730/1730 1755/1755/1755 1664/1664/1664
f 1519/1519/1519 1754/1754/1754 1729/1729/1729
f 1517/1517/1517 1567/1567/1567 1668/1668/1668
f 1567/1567/1567 1756/1756/1756 1668/1668/1668
f 1522/1522/1522 1758/1758/1758 1366/1366/1366
f 1522/1522/1522 1669/1669/1669 1758/1758/1758
f 1366/1366/1366 1758/1758/1758 1608/1608/1608
f 1731/1731/1731 1367/1367/1367 1527/1527/1527
f 1679/1679/1679 1761/1761/1761 1763/1763/1763
f 1574/1574/1574 1679/1679/1679 1763/1763/1763
f 1574/1574/1574 1763/1763/1763 1681/1681/1681
f 1614/1614/1614 1736/1736/1736 1766/1766/1766
f 1573/1573/1573 1578/1578/1578 1767/1767/1767
f 1240/1240/1240 1303/1303/1303 1768/1768/1768
f 1614/1614/1614 1766/1766/1766 1616/1616/1616
f 1580/1580/1580 1770/1770/1770 1427/1427/1427
f 1428/1428/1428 1772/1772/1772 1530/1530/1530
f 960/960/960 1684/1684/1684 1304/1304/1304
f 1578/1578/1578 1378/1378/1378 1774/1774/1774
f 1433/1433/1433 1778/1778/1778 1489/1489/1489
f 1739/1739/1739 1779/1779/1779 1619/1619/1619
f 1622/1622/1622 1779/1779/1779 1739/1739/1739
f 1492/1492/1492 1690/1690/1690 1780/1780/1780
f 1741/1741/1741 1781/1781/1781 1624/1624/1624
f 1741/1741/1741 1692/1692/1692 1781/1781/1781
f 1440/1440/1440 1695/1695/1695 1693/1693/1693
f 1542/1542/1542 1745/1745/1745 1695/1695/1695
f 1542/1542/1542 1540/1540/1540 1745/1745/1745
f 1697/1697/1697 1745/1745/1745 1341/1341/1341
f 1584/1584/1584 1638/1638/1638 1783/1783/1783
f 1585/1585/1585 1784/1784/1784 1639/1639/1639
f 1582/1582/1582 1782/1782/1782 1499/1499/1499
f 1703/1703/1703 1789/1789/1789 1702/1702/1702
f 1591/1591/1591 1644/1644/1644 1790/1790/1790
f 1505/1505/1505 1461/1461/1461 1711/1711/1711
f 1594/1594/1594 1592/1592/1592 1792/1792/1792
f 1592/1592/1592 1792/1792/1792 1594/1594/1594
f 1462/1462/1462 1717/1717/1717 1711/1711/1711
f 1507/1507/1507 1716/1716/1716 1598/1598/1598
f 1471/1471/1471 1720/1720/1720 1794/1794/1794
f 1723/1723/1723 1470/1470/1470 1793/1793/1793
f 1724/1724/1724 1471/1471/1471 1795/1795/1795
f 1471/1471/1471 1794/1794/1794 1795/1795/1795
f 1555/1555/1555 1752/1752/1752 1557/1557/1557
f 1601/1601/1601 1724/1724/1724 1795/1795/1795
f 1795/1795/1795 1753/1753/1753 1601/1601/1601
f 1564/1564/1564 1603/1603/1603 1796/1796/1796
f 1657/1657/1657 1727/1727/1727 1798/1798/1798
f 1421/1421/1421 1800/1800/1800 1520/1520/1520
f 1421/1421/1421 1734/1734/1734 1800/1800/1800
f 1673/1673/1673 1608/1608/1608 1801/1801/1801
f 1679/1679/1679 1677/1677/1677 1761/1761/1761
f 1676/1676/1676 1762/1762/1762 1760/1760/1760
f 1735/1735/1735 1484/1484/1484 1804/1804/1804
f 1616/1616/1616 1766/1766/1766 1687/1687/1687
f 1433/1433/1433 1806/1806/1806 1778/1778/1778
f 1580/1580/1580 1737/1737/1737 1770/1770/1770
f 1489/1489/1489 1778/1778/1778 1807/1807/1807
f 1532/1532/1532 1808/1808/1808 1689/1689/1689
f 1810/1810/1810 1489/1489/1489 1807/1807/1807
f 1690/1690/1690 1689/1689/1689 1812/1812/1812
f 1690/1690/1690 1812/1812/1812 1813/1813/1813
f 1489/1489/1489 1810/1810/1810 1742/1742/1742
f 1744/1744/1744 1630/1630/1630 1815/1815/1815
f 1630/1630/1630 1492/1492/1492 1815/1815/1815
f 1697/1697/1697 1817/1817/1817 1745/1745/1745
f 1640/1640/1640 1637/1637/1637 1820/1820/1820
f 1378/1378/1378 1258/1258/1258 1822/1822/1822
f 1785/1785/1785 1704/1704/1704 1823/1823/1823
f 1786/1786/1786 1706/1706/1706 1501/1501/1501
f 1786/1786/1786 1826/1826/1826 1706/1706/1706
f 1701/1701/1701 1787/1787/1787 1257/1257/1257
f 1258/1258/1258 1789/1789/1789 1822/1822/1822
f 1826/1826/1826 1587/1587/1587 1786/1786/1786
f 1785/1785/1785 1586/1586/1586 1823/1823/1823
f 1786/1786/1786 1826/1826/1826 1706/1706/1706
f 1703/1703/1703 1460/1460/1460 1789/1789/1789
f 1707/1707/1707 1746/1746/1746 1828/1828/1828
f 1707/1707/1707 1828/1828/1828 1709/1709/1709
f 1591/1591/1591 1790/1790/1790 1829/1829/1829
f 1792/1792/1792 1592/1592/1592 1831/1831/1831
f 1792/1792/1792 1834/1834/1834 1594/1594/1594
f 1597/1597/1597 1594/1594/1594 1748/1748/1748
f 1595/1595/1595 1713/1713/1713 1593/1593/1593
f 1716/1716/1716 1748/1748/1748 1835/1835/1835
f 1599/1599/1599 1718/1718/1718 1350/1350/1350
f 1794/1794/1794 1836/1836/1836 1795/1795/1795
f 1557/1557/1557 1752/1752/1752 1722/1722/1722
f 1652/1652/1652 1837/1837/1837 1603/1603/1603
f 1652/1652/1652 1655/1655/1655 1837/1837/1837
f 1607/1607/1607 1838/1838/1838 1569/1569/1569
f 1664/1664/1664 1755/1755/1755 1842/1842/1842
f 1570/1570/1570 1841/1841/1841 1667/1667/1667
f 1520/1520/1520 1843/1843/1843 1755/1755/1755
f 1843/1843/1843 1520/1520/1520 1800/1800/1800
f 1567/1567/1567 1666/1666/1666 1756/1756/1756
f 1609/1609/1609 1759/1759/1759 1802/1802/1802
f 1527/1527/1527 1674/1674/1674 1731/1731/1731
f 1573/1573/1573 1680/1680/1680 1676/1676/1676
f 1767/1767/1767 1680/1680/1680 1573/1573/1573
f 1736/1736/1736 1805/1805/1805 1766/1766/1766
f 1433/1433/1433 1681/1681/1681 1806/1806/1806
f 1484/1484/1484 1845/1845/1845 1804/1804/1804
f 1484/1484/1484 1683/1683/1683 1845/1845/1845
f 1305/1305/1305 1846/1846/1846 1769/1769/1769
f 1427/1427/1427 1770/1770/1770 1847/1847/1847
f 1428/1428/1428 1848/1848/1848 1772/1772/1772
f 1806/1806/1806 1850/1850/1850 1778/1778/1778
f 1737/1737/1737 1852/1852/1852 1770/1770/1770
f 1532/1532/1532 1687/1687/1687 1808/1808/1808
f 1619/1619/1619 1852/1852/1852 1737/1737/1737
f 1622/1622/1622 1624/1624/1624 1779/1779/1779
f 1690/1690/1690 1813/1813/1813 1780/1780/1780
f 1780/1780/1780 1854/1854/1854 1492/1492/1492
f 1855/1855/1855 1492/1492/1492 1854/1854/1854
f 1855/1855/1855 1815/1815/1815 1492/1492/1492
f 1781/1781/1781 1692/1692/1692 1624/1624/1624
f 1634/1634/1634 1742/1742/1742 1699/1699/1699
f 1695/1695/1695 1745/1745/1745 1693/1693/1693
f 1378/1378/1378 1822/1822/1822 1856/1856/1856
f 1637/1637/1637 1632/1632/1632 1820/1820/1820
f 1502/1502/1502 1710/1710/1710 1459/1459/1459
f 1748/1748/1748 1594/1594/1594 1857/1857/1857
f 1792/1792/1792 1831/1831/1831 1834/1834/1834
f 1750/1750/1750 1469/1469/1469 1859/1859/1859
f 1598/1598/1598 1716/1716/1716 1860/1860/1860
f 1560/1560/1560 1864/1864/1864 1720/1720/1720
f 1721/1721/1721 1865/1865/1865 1751/1751/1751
f 1794/1794/1794 1720/1720/1720 1836/1836/1836
f 1866/1866/1866 1752/1752/1752 1561/1561/1561
f 1562/1562/1562 1564/1564/1564 1868/1868/1868
f 1603/1603/1603 1869/1869/1869 1796/1796/1796
f 1605/1605/1605 1753/1753/1753 1727/1727/1727
f 1656/1656/1656 1797/1797/1797 1662/1662/1662
f 1734/1734/1734 1733/1733/1733 1871/1871/1871
f 1675/1675/1675 1802/1802/1802 1732/1732/1732
f 1676/1676/1676 1680/1680/1680 1762/1762/1762
f 1240/1240/1240 1768/1768/1768 1872/1872/1872
f 1682/1682/1682 1240/1240/1240 1872/1872/1872
f 1772/1772/1772 1878/1878/1878 1530/1530/1530
f 1529/1529/1529 1876/1876/1876 1684/1684/1684
f 1770/1770/1770 1852/1852/1852 1880/1880/1880
f 1881/1881/1881 1879/1879/1879 1618/1618/1618
f 1882/1882/1882 1619/1619/1619 1883/1883/1883
f 1618/1618/1618 1879/1879/1879 1851/1851/1851
f 1778/1778/1778 1775/1775/1775 1807/1807/1807
f 1619/1619/1619 1779/1779/1779 1883/1883/1883
f 1742/1742/1742 1810/1810/1810 1884/1884/1884
f 1624/1624/1624 1885/1885/1885 1779/1779/1779
f 1780/1780/1780 1813/1813/1813 1854/1854/1854
f 1536/1536/1536 1694/1694/1694 1692/1692/1692
f 1445/1445/1445 1744/1744/1744 1632/1632/1632
f 1699/1699/1699 1742/1742/1742 1819/1819/1819
f 1640/1640/1640 1820/1820/1820 1786/1786/1786
f 1705/1705/1705 1824/1824/1824 1886/1886/1886
f 1706/1706/1706 1892/1892/1892 1746/1746/1746
f 1788/1788/1788 1893/1893/1893 1821/1821/1821
f 1644/1644/1644 1708/1708/1708 1827/1827/1827
f 1644/1644/1644 1827/1827/1827 1790/1790/1790
f 1460/1460/1460 1712/1712/1712 1789/1789/1789
f 1594/1594/1594 1895/1895/1895 1857/1857/1857
f 1594/1594/1594 1834/1834/1834 1895/1895/1895
f 1717/1717/1717 1896/1896/1896 1711/1711/1711
f 1646/1646/1646 1898/1898/1898 1510/1510/1510
f 1720/1720/1720 1864/1864/1864 1899/1899/1899
f 1751/1751/1751 1865/1865/1865 1646/1646/1646
f 1721/1721/1721 1650/1650/1650 1901/1901/1901
f 1721/1721/1721 1901/1901/1901 1865/1865/1865
f 1564/1564/1564 1796/1796/1796 1868/1868/1868
f 1796/1796/1796 1869/1869/1869 1902/1902/1902
f 1603/1603/1603 1837/1837/1837 1869/1869/1869
f 1727/1727/1727 1903/1903/1903 1798/1798/1798
f 1664/1664/1664 1842/1842/1842 1904/1904/1904
f 1664/1664/1664 1904/1904/1904 1905/1905/1905
f 1804/1804/1804 1906/1906/1906 1765/1765/1765
f 1578/1578/1578 1849/1849/1849 1767/1767/1767
f 1806/1806/1806 1681/1681/1681 1850/1850/1850
f 1769/1769/1769 1846/1846/1846 1875/1875/1875
f 1771/1771/1771 1847/1847/1847 1770/1770/1770
f 1304/1304/1304 1684/1684/1684 1908/1908/1908
f 1777/1777/1777 1849/1849/1849 1578/1578/1578
f 1683/1683/1683 1874/1874/1874 1910/1910/1910
f 1687/1687/1687 1912/1912/1912 1808/1808/1808
f 1877/1877/1877 1914/1914/1914 1685/1685/1685
f 1773/1773/1773 1776/1776/1776 1577/1577/1577
f 1688/1688/1688 1915/1915/1915 1811/1811/1811
f 1807/1807/1807 1775/1775/1775 1918/1918/1918
f 1807/1807/1807 1918/1918/1918 1810/1810/1810
f 1378/1378/1378 1917/1917/1917 1774/1774/1774
f 1813/1813/1813 1812/1812/1812 1854/1854/1854
f 1855/1855/1855 1922/1922/1922 1815/1815/1815
f 1692/1692/1692 1924/1924/1924 1624/1624/1624
f 1786/1786/1786 1820/1820/1820 1826/1826/1826
f 1706/1706/1706 1889/1889/1889 1892/1892/1892
f 1746/1746/1746 1791/1791/1791 1828/1828/1828
f 1830/1830/1830 1925/1925/1925 1833/1833/1833
f 1857/1857/1857 1927/1927/1927 1748/1748/1748
f 1552/1552/1552 1749/1749/1749 1928/1928/1928
f 1468/1468/1468 1552/1552/1552 1858/1858/1858
f 1716/1716/1716 1835/1835/1835 1900/1900/1900
f 1599/1599/1599 1929/1929/1929 1718/1718/1718
f 1559/1559/1559 1647/1647/1647 1930/1930/1930
f 1899/1899/1899 1836/1836/1836 1720/1720/1720
f 1650/1650/1650 1935/1935/1935 1901/1901/1901
f 1562/1562/1562 1868/1868/1868 1867/1867/1867
f 1796/1796/1796 1902/1902/1902 1868/1868/1868
f 1655/1655/1655 1665/1665/1665 1869/1869/1869
f 1903/1903/1903 1727/1727/1727 1936/1936/1936
f 1664/1664/1664 1905/1905/1905 1665/1665/1665
f 1661/1661/1661 1937/1937/1937 1607/1607/1607
f 1838/1838/1838 1607/1607/1607 1937/1937/1937
f 1841/1841/1841 1939/1939/1939 1667/1667/1667
f 1802/1802/1802 1759/1759/1759 1870/1870/1870
f 1802/1802/1802 1870/1870/1870 1732/1732/1732
f 1907/1907/1907 1941/1941/1941 1766/1766/1766
f 1681/1681/1681 1942/1942/1942 1850/1850/1850
f 1683/1683/1683 1910/1910/1910 1845/1845/1845
f 1687/1687/1687 1766/1766/1766 1912/1912/1912
f 1305/1305/1305 1909/1909/1909 1846/1846/1846
f 1943/1943/1943 1945/1945/1945 1881/1881/1881
f 1880/1880/1880 1946/1946/1946 1770/1770/1770
f 1684/1684/1684 1947/1947/1947 1908/1908/1908
f 1874/1874/1874 1950/1950/1950 1910/1910/1910
f 1875/1875/1875 1953/1953/1953 1951/1951/1951
f 1808/1808/1808 1954/1954/1954 1689/1689/1689
f 1812/1812/1812 1955/1955/1955 1854/1854/1854
f 1884/1884/1884 1810/1810/1810 1957/1957/1957
f 1854/1854/1854 1955/1955/1955 1959/1959/1959
f 1378/1378/1378 1856/1856/1856 1917/1917/1917
f 1742/1742/1742 1884/1884/1884 1957/1957/1957
f 1742/1742/1742 1957/1957/1957 1819/1819/1819
f 1624/1624/1624 1924/1924/1924 1885/1885/1885
f 1744/1744/1744 1815/1815/1815 1962/1962/1962
f 1632/1632/1632 1744/1744/1744 1962/1962/1962
f 1632/1632/1632 1962/1962/1962 1963/1963/1963
f 1822/1822/1822 1965/1965/1965 1856/1856/1856
f 1822/1822/1822 1894/1894/1894 1965/1965/1965
f 1895/1895/1895 1834/1834/1834 1926/1926/1926
f 1718/1718/1718 1966/1966/1966 1897/1897/1897
f 1510/1510/1510 1898/1898/1898 1749/1749/1749
f 1750/1750/1750 1932/1932/1932 1648/1648/1648
f 1599/1599/1599 1861/1861/1861 1929/1929/1929
f 1560/1560/1560 1932/1932/1932 1864/1864/1864
f 1716/1716/1716 1934/1934/1934 1860/1860/1860
f 1716/1716/1716 1900/1900/1900 1934/1934/1934
f 1899/1899/1899 1864/1864/1864 1968/1968/1968
f 1899/1899/1899 1968/1968/1968 1836/1836/1836
f 1722/1722/1722 1970/1970/1970 1650/1650/1650
f 1902/1902/1902 1869/1869/1869 1868/1868/1868
f 1837/1837/1837 1655/1655/1655 1869/1869/1869
f 1727/1727/1727 1971/1971/1971 1936/1936/1936
f 1665/1665/1665 1905/1905/1905 1972/1972/1972
f 1937/1937/1937 1661/1661/1661 1973/1973/1973
f 1667/1667/1667 1939/1939/1939 1976/1976/1976
f 1800/1800/1800 1734/1734/1734 1871/1871/1871
f 1667/1667/1667 1980/1980/1980 1757/1757/1757
f 1759/1759/1759 1670/1670/1670 1982/1982/1982
f 1757/1757/1757 1983/1983/1983 1670/1670/1670
f 1759/1759/1759 1982/1982/1982 1870/1870/1870
f 1680/1680/1680 1767/1767/1767 1984/1984/1984
f 1764/1764/1764 1803/1803/1803 1844/1844/1844
f 1986/1986/1986 1988/1988/1988 1771/1771/1771
f 1986/1986/1986 1771/1771/1771 1991/1991/1991
f 1881/1881/1881 1945/1945/1945 1879/1879/1879
f 1685/1685/1685 1914/1914/1914 1948/1948/1948
f 1917/1917/1917 1992/1992/1992 1994/1994/1994
f 1955/1955/1955 1812/1812/1812 1996/1996/1996
f 1956/1956/1956 1917/1917/1917 1994/1994/1994
f 1809/1809/1809 1917/1917/1917 1956/1956/1956
f 1922/1922/1922 1855/1855/1855 1854/1854/1854
f 1632/1632/1632 1963/1963/1963 1820/1820/1820
f 1887/1887/1887 1997/1997/1997 1890/1890/1890
f 1888/1888/1888 1825/1825/1825 1998/1998/1998
f 1892/1892/1892 2004/2004/2004 1746/1746/1746
f 1789/1789/1789 2005/2005/2005 1894/1894/1894
f 1711/1711/1711 1896/1896/1896 2006/2006/2006
f 1966/1966/1966 1718/1718/1718 1929/1929/1929
f 1750/1750/1750 1859/1859/1859 1932/1932/1932
f 1646/1646/1646 1865/1865/1865 1898/1898/1898
f 1649/1649/1649 2008/2008/2008 1933/1933/1933
f 1795/1795/1795 1836/1836/1836 1968/1968/1968
f 1722/1722/1722 1752/1752/1752 1970/1970/1970
f 1795/1795/1795 1968/1968/1968 1753/1753/1753
f 1797/1797/1797 2013/2013/2013 1662/1662/1662
f 2014/2014/2014 2016/2016/2016 1975/1975/1975
f 1800/1800/1800 2018/2018/2018 1843/1843/1843
f 1667/1667/1667 1976/1976/1976 1980/1980/1980
f 1799/1799/1799 1870/1870/1870 2017/2017/2017
f 1670/1670/1670 1983/1983/1983 1982/1982/1982
f 1757/1757/1757 1980/1980/1980 1983/1983/1983
f 1984/1984/1984 1767/1767/1767 2019/2019/2019
f 1681/1681/1681 1985/1985/1985 1942/1942/1942
f 1906/1906/1906 1804/1804/1804 1940/1940/1940
f 1882/1882/1882 2022/2022/2022 1944/1944/1944
f 1943/1943/1943 2021/2021/2021 1990/1990/1990
f 1765/1765/1765 1845/1845/1845 1804/1804/1804
f 1945/1945/1945 1943/1943/1943 1990/1990/1990
f 1770/1770/1770 1946/1946/1946 1771/1771/1771
f 1873/1873/1873 1949/1949/1949 1952/1952/1952
f 1779/1779/1779 1885/1885/1885 2023/2023/2023
f 1853/1853/1853 1958/1958/1958 2024/2024/2024
f 1815/1815/1815 1922/1922/1922 2029/2029/2029
f 1694/1694/1694 2030/2030/2030 1692/1692/1692
f 1814/1814/1814 2026/2026/2026 1919/1919/1919
f 1815/1815/1815 1922/1922/1922 1962/1962/1962
f 1963/1963/1963 1962/1962/1962 2031/2031/2031
f 1826/1826/1826 1820/1820/1820 2003/2003/2003
f 1894/1894/1894 2005/2005/2005 2032/2032/2032
f 1928/1928/1928 1858/1858/1858 1552/1552/1552
f 1862/1862/1862 2033/2033/2033 1967/1967/1967
f 1649/1649/1649 1969/1969/1969 2008/2008/2008
f 1868/1868/1868 2036/2036/2036 1867/1867/1867
f 1753/1753/1753 1968/1968/1968 2038/2038/2038
f 1753/1753/1753 2038/2038/2038 1971/1971/1971
f 1753/1753/1753 1971/1971/1971 1727/1727/1727
f 1973/1973/1973 1661/1661/1661 2010/2010/2010
f 1797/1797/1797 2039/2039/2039 2013/2013/2013
f 1904/1904/1904 1842/1842/1842 1905/1905/1905
f 2041/2041/2041 1839/1839/1839 1938/1938/1938
f 1975/1975/1975 2043/2043/2043 2014/2014/2014
f 1842/1842/1842 1755/1755/1755 2045/2045/2045
f 1755/1755/1755 1843/1843/1843 2045/2045/2045
f 1974/1974/1974 2015/2015/2015 1977/1977/1977
f 1985/1985/1985 2020/2020/2020 1942/1942/1942
f 2019/2019/2019 1767/1767/1767 2047/2047/2047
f 1987/1987/1987 2050/2050/2050 1989/1989/1989
f 1850/1850/1850 1942/1942/1942 1993/1993/1993
f 2051/2051/2051 1908/1908/1908 1947/1947/1947
f 1948/1948/1948 1914/1914/1914 2053/2053/2053
f 1875/1875/1875 1846/1846/1846 1951/1951/1951
f 1689/1689/1689 1954/1954/1954 1916/1916/1916
f 1854/1854/1854 2025/2025/2025 1922/1922/1922
f 1692/1692/1692 2030/2030/2030 1924/1924/1924
f 1920/1920/1920 2027/2027/2027 1960/1960/1960
f 1961/1961/1961 2028/2028/2028 1921/1921/1921
f 1745/1745/1745 2055/2055/2055 1693/1693/1693
f 1963/1963/1963 2061/2061/2061 1820/1820/1820
f 1818/1818/1818 2062/2062/2062 2064/2064/2064
f 1892/1892/1892 2071/2071/2071 2004/2004/2004
f 1746/1746/1746 2004/2004/2004 1791/1791/1791
f 1789/1789/1789 2072/2072/2072 2073/2073/2073
f 1789/1789/1789 1712/1712/1712 2072/2072/2072
f 1859/1859/1859 2075/2075/2075 1932/1932/1932
f 1931/1931/1931 2078/2078/2078 2080/2080/2080
f 1931/1931/1931 2080/2080/2080 1863/1863/1863
f 1901/1901/1901 2082/2082/2082 1865/1865/1865
f 1860/1860/1860 1934/1934/1934 2009/2009/2009
f 1866/1866/1866 2083/2083/2083 1752/1752/1752
f 1867/1867/1867 2036/2036/2036 2084/2084/2084
f 1665/1665/1665 1972/1972/1972 2085/2085/2085
f 2039/2039/2039 2086/2086/2086 2013/2013/2013
f 1973/1973/1973 2010/2010/2010 1937/1937/1937
f 1842/1842/1842 1972/1972/1972 1905/1905/1905
f 1842/1842/1842 2045/2045/2045 1972/1972/1972
f 2019/2019/2019 2047/2047/2047 2087/2087/2087
f 1989/1989/1989 2050/2050/2050 2090/2090/2090
f 1804/1804/1804 2091/2091/2091 1940/1940/1940
f 1804/1804/1804 1845/1845/1845 2091/2091/2091
f 1986/1986/1986 1991/1991/1991 2022/2022/2022
f 1772/1772/1772 1989/1989/1989 2093/2093/2093
f 1772/1772/1772 2093/2093/2093 1878/1878/1878
f 2053/2053/2053 2095/2095/2095 1909/1909/1909
f 1957/1957/1957 2097/2097/2097 1819/1819/1819
f 1819/1819/1819 2099/2099/2099 2063/2063/2063
f 1962/1962/1962 1922/1922/1922 2031/2031/2031
f 1745/1745/1745 1817/1817/1817 2055/2055/2055
f 1963/1963/1963 2031/2031/2031 2100/2100/2100
f 1963/1963/1963 2100/2100/2100 2061/2061/2061
f 1820/1820/1820 2061/2061/2061 2003/2003/2003
f 1894/1894/1894 2032/2032/2032 1965/1965/1965
f 1891/1891/1891 1999/1999/1999 2066/2066/2066
f 2032/2032/2032 2005/2005/2005 2101/2101/2101
f 2004/2004/2004 2102/2102/2102 1791/1791/1791
f 1857/1857/1857 1895/1895/1895 1927/1927/1927
f 1835/1835/1835 1748/1748/1748 2081/2081/2081
f 1900/1900/1900 1835/1835/1835 2081/2081/2081
f 1932/1932/1932 2075/2075/2075 2079/2079/2079
f 1865/1865/1865 2082/2082/2082 1898/1898/1898
f 2080/2080/2080 2078/2078/2078 1863/1863/1863
f 2033/2033/2033 2037/2037/2037 1967/1967/1967
f 1665/1665/1665 2103/2103/2103 1869/1869/1869
f 1798/1798/1798 2105/2105/2105 2040/2040/2040
f 2086/2086/2086 2106/2106/2106 2013/2013/2013
f 2086/2086/2086 2039/2039/2039 2106/2106/2106
f 2042/2042/2042 2107/2107/2107 1840/1840/1840
f 2014/2014/2014 2043/2043/2043 2108/2108/2108
f 1843/1843/1843 2018/2018/2018 2045/2045/2045
f 1982/1982/1982 1983/1983/1983 2111/2111/2111
f 1941/1941/1941 2113/2113/2113 2114/2114/2114
f 1941/1941/1941 2114/2114/2114 2115/2115/2115
f 1767/1767/1767 1849/1849/1849 2047/2047/2047
f 1986/1986/1986 2089/2089/2089 2049/2049/2049
f 1986/1986/1986 2022/2022/2022 2089/2089/2089
f 1941/1941/1941 2115/2115/2115 1766/1766/1766
f 1845/1845/1845 2116/2116/2116 2091/2091/2091
f 1766/1766/1766 2115/2115/2115 1912/1912/1912
f 1883/1883/1883 2022/2022/2022 1882/1882/1882
f 1845/1845/1845 1910/1910/1910 2117/2117/2117
f 1845/1845/1845 2117/2117/2117 2121/2121/2121
f 1913/1913/1913 2094/2094/2094 2052/2052/2052
f 1909/1909/1909 2095/2095/2095 1846/1846/1846
f 1808/1808/1808 1912/1912/1912 2122/2122/2122
f 1877/1877/1877 2095/2095/2095 1914/1914/1914
f 1846/1846/1846 2124/2124/2124 1951/1951/1951
f 1995/1995/1995 1993/1993/1993 2097/2097/2097
f 1957/1957/1957 1995/1995/1995 2097/2097/2097
f 2023/2023/2023 2125/2125/2125 1779/1779/1779
f 1816/1816/1816 2096/2096/2096 2098/2098/2098
f 2025/2025/2025 1959/1959/1959 2126/2126/2126
f 1922/1922/1922 2025/2025/2025 2127/2127/2127
f 2128/2128/2128 2130/2130/2130 2100/2100/2100
f 2132/2132/2132 1965/1965/1965 2101/2101/2101
f 2101/2101/2101 1965/1965/1965 2032/2032/2032
f 1791/1791/1791 2102/2102/2102 2135/2135/2135
f 1791/1791/1791 2135/2135/2135 1832/1832/1832
f 1712/1712/1712 2007/2007/2007 2072/2072/2072
f 2081/2081/2081 1748/1748/1748 1927/1927/1927
f 1896/1896/1896 2136/2136/2136 2006/2006/2006
f 1966/1966/1966 2137/2137/2137 1897/1897/1897
f 1859/1859/1859 2139/2139/2139 2075/2075/2075
f 1863/1863/1863 2078/2078/2078 2141/2141/2141
f 1869/1869/1869 2142/2142/2142 1868/1868/1868
f 1869/1869/1869 2145/2145/2145 2142/2142/2142
f 2039/2039/2039 2104/2104/2104 2106/2106/2106
f 2012/2012/2012 2107/2107/2107 2042/2042/2042
f 2041/2041/2041 1938/1938/1938 2011/2011/2011
f 1982/1982/1982 2146/2146/2146 1870/1870/1870
f 1981/1981/1981 2110/2110/2110 2147/2147/2147
f 2020/2020/2020 2088/2088/2088 2150/2150/2150
f 2020/2020/2020 2150/2150/2150 1942/1942/1942
f 1849/1849/1849 1992/1992/1992 2151/2151/2151
f 1845/1845/1845 2121/2121/2121 2116/2116/2116
f 1946/1946/1946 1991/1991/1991 1771/1771/1771
f 1917/1917/1917 1965/1965/1965 2151/2151/2151
f 1856/1856/1856 1965/1965/1965 1917/1917/1917
f 1955/1955/1955 1996/1996/1996 1959/1959/1959
f 2063/2063/2063 2099/2099/2099 2065/2065/2065
f 1922/1922/1922 2127/2127/2127 2031/2031/2031
f 1694/1694/1694 2154/2154/2154 2030/2030/2030
f 2100/2100/2100 2127/2127/2127 2128/2128/2128
f 2128/2128/2128 2127/2127/2127 2156/2156/2156
f 1694/1694/1694 2057/2057/2057 2154/2154/2154
f 2055/2055/2055 1817/1817/1817 2152/2152/2152
f 1818/1818/1818 2064/2064/2064 2154/2154/2154
f 2100/2100/2100 2130/2130/2130 2061/2061/2061
f 2130/2130/2130 2071/2071/2071 2061/2061/2061
f 2000/2000/2000 2058/2058/2058 2067/2067/2067
f 2004/2004/2004 2157/2157/2157 2102/2102/2102
f 2158/2158/2158 2140/2140/2140 2076/2076/2076
f 1860/1860/1860 2009/2009/2009 2164/2164/2164
f 2033/2033/2033 2165/2165/2165 2167/2167/2167
f 2037/2037/2037 2033/2033/2033 2167/2167/2167
f 1752/1752/1752 2170/2170/2170 1970/1970/1970
f 1869/1869/1869 2103/2103/2103 2145/2145/2145
f 1665/1665/1665 2171/2171/2171 2103/2103/2103
f 1665/1665/1665 2085/2085/2085 2171/2171/2171
f 2013/2013/2013 2106/2106/2106 2173/2173/2173
f 2012/2012/2012 2174/2174/2174 2107/2107/2107
f 1976/1976/1976 1939/1939/1939 2176/2176/2176
f 1976/1976/1976 2180/2180/2180 2044/2044/2044
f 1976/1976/1976 2176/2176/2176 2180/2180/2180
f 2108/2108/2108 2177/2177/2177 2014/2014/2014
f 2016/2016/2016 2014/2014/2014 2177/2177/2177
f 2016/2016/2016 2177/2177/2177 1978/1978/1978
f 1982/1982/1982 2148/2148/2148 2146/2146/2146
f 1940/1940/1940 2181/2181/2181 2112/2112/2112
f 1989/1989/1989 2090/2090/2090 2093/2093/2093
f 1942/1942/1942 2185/2185/2185 1993/1993/1993
f 1883/1883/1883 2125/2125/2125 2022/2022/2022
f 1808/1808/1808 2122/2122/2122 1954/1954/1954
f 1779/1779/1779 2125/2125/2125 1883/1883/1883
f 1910/1910/1910 1950/1950/1950 2123/2123/2123
f 1911/1911/1911 2124/2124/2124 2118/2118/2118
f 1992/1992/1992 1917/1917/1917 2151/2151/2151
f 2025/2025/2025 2186/2186/2186 2127/2127/2127
f 2031/2031/2031 2127/2127/2127 2100/2100/2100
f 2188/2188/2188 2189/2189/2189 1965/1965/1965
f 2064/2064/2064 2190/2190/2190 2154/2154/2154
f 1964/1964/1964 2131/2131/2131 2187/2187/2187
f 2002/2002/2002 2192/2192/2192 2070/2070/2070
f 2004/2004/2004 2071/2071/2071 2157/2157/2157
f 1858/1858/1858 1928/1928/1928 2193/2193/2193
f 1858/1858/1858 2193/2193/2193 2138/2138/2138
f 1928/1928/1928 1749/1749/1749 2194/2194/2194
f 2075/2075/2075 2139/2139/2139 2162/2162/2162
f 2074/2074/2074 2159/2159/2159 2195/2195/2195
f 2195/2195/2195 2074/2074/2074 2159/2159/2159
f 2079/2079/2079 2075/2075/2075 2198/2198/2198
f 2077/2077/2077 2196/2196/2196 2160/2160/2160
f 2033/2033/2033 2199/2199/2199 2165/2165/2165
f 2036/2036/2036 2204/2204/2204 2084/2084/2084
f 1752/1752/1752 2083/2083/2083 2203/2203/2203
f 2036/2036/2036 1868/1868/1868 2207/2207/2207
f 1868/1868/1868 2142/2142/2142 2207/2207/2207
f 2142/2142/2142 2145/2145/2145 2207/2207/2207
f 1936/1936/1936 1971/1971/1971 1903/1903/1903
f 2103/2103/2103 2171/2171/2171 2145/2145/2145
f 2013/2013/2013 2173/2173/2173 2175/2175/2175
f 2107/2107/2107 2174/2174/2174 2208/2208/2208
f 1840/1840/1840 2107/2107/2107 2210/2210/2210
f 2045/2045/2045 2018/2018/2018 2211/2211/2211
f 1870/1870/1870 2146/2146/2146 2017/2017/2017
f 2114/2114/2114 2113/2113/2113 2182/2182/2182
f 1846/1846/1846 2095/2095/2095 2212/2212/2212
f 1846/1846/1846 2213/2213/2213 2124/2124/2124
f 1924/1924/1924 2215/2215/2215 1885/1885/1885
f 2099/2099/2099 2216/2216/2216 2065/2065/2065
f 2030/2030/2030 2154/2154/2154 2220/2220/2220
f 2002/2002/2002 2223/2223/2223 2060/2060/2060
f 2071/2071/2071 2130/2130/2130 2233/2233/2233
f 2068/2068/2068 2221/2221/2221 2001/2001/2001
f 2069/2069/2069 2229/2229/2229 2222/2222/2222
f 2192/2192/2192 2223/2223/2223 2070/2070/2070
f 1789/1789/1789 2073/2073/2073 2005/2005/2005
f 1749/1749/1749 1898/1898/1898 2194/2194/2194
f 2139/2139/2139 2198/2198/2198 2162/2162/2162
f 1863/1863/1863 2141/2141/2141 2034/2034/2034
f 1860/1860/1860 2164/2164/2164 2234/2234/2234
f 1969/1969/1969 2169/2169/2169 2008/2008/2008
f 2203/2203/2203 2236/2236/2236 1752/1752/1752
f 2035/2035/2035 2202/2202/2202 2143/2143/2143
f 2036/2036/2036 2145/2145/2145 2204/2204/2204
f 2035/2035/2035 2205/2205/2205 2143/2143/2143
f 2208/2208/2208 2174/2174/2174 2237/2237/2237
f 1972/1972/1972 2211/2211/2211 2085/2085/2085
f 2106/2106/2106 2104/2104/2104 2173/2173/2173
f 2045/2045/2045 2211/2211/2211 1972/1972/1972
f 1841/1841/1841 2241/2241/2241 1939/1939/1939
f 1840/1840/1840 2210/2210/2210 2240/2240/2240
f 2044/2044/2044 2180/2180/2180 2109/2109/2109
f 1979/1979/1979 2178/2178/2178 2242/2242/2242
f 2244/2244/2244 2241/2241/2241 2245/2245/2245
f 1980/1980/1980 2244/2244/2244 2246/2246/2246
f 2246/2246/2246 1983/1983/1983 1980/1980/1980
f 2048/2048/2048 2150/2150/2150 2088/2088/2088
f 1940/1940/1940 2091/2091/2091 2181/2181/2181
f 1849/1849/1849 2184/2184/2184 2047/2047/2047
f 2091/2091/2091 2116/2116/2116 2248/2248/2248
f 2116/2116/2116 2121/2121/2121 2248/2248/2248
f 1846/1846/1846 2212/2212/2212 2213/2213/2213
f 2095/2095/2095 1877/1877/1877 2212/2212/2212
f 2092/2092/2092 2212/2212/2212 1877/1877/1877
f 1959/1959/1959 1996/1996/1996 2249/2249/2249
f 1885/1885/1885 2250/2250/2250 2023/2023/2023
f 2025/2025/2025 2126/2126/2126 2186/2186/2186
f 2030/2030/2030 2220/2220/2220 1924/1924/1924
f 2056/2056/2056 2219/2219/2219 2153/2153/2153
f 2130/2130/2130 2128/2128/2128 2156/2156/2156
f 2059/2059/2059 2221/2221/2221 2001/2001/2001
f 2101/2101/2101 2005/2005/2005 2132/2132/2132
f 1929/1929/1929 2251/2251/2251 1966/1966/1966
f 2161/2161/2161 2197/2197/2197 2141/2141/2141
f 2033/2033/2033 2252/2252/2252 2199/2199/2199
f 2255/2255/2255 2204/2204/2204 2145/2145/2145
f 2038/2038/2038 2168/2168/2168 1971/1971/1971
f 2175/2175/2175 2173/2173/2173 2238/2238/2238
f 2105/2105/2105 1798/1798/1798 1903/1903/1903
f 1939/1939/1939 2241/2241/2241 2176/2176/2176
f 2114/2114/2114 2182/2182/2182 2115/2115/2115
f 2115/2115/2115 2182/2182/2182 2258/2258/2258
f 1942/1942/1942 2150/2150/2150 2185/2185/2185
f 2151/2151/2151 2184/2184/2184 1849/1849/1849
f 1912/1912/1912 2115/2115/2115 2259/2259/2259
f 2097/2097/2097 2260/2260/2260 2216/2216/2216
f 2099/2099/2099 2097/2097/2097 2216/2216/2216
f 1885/1885/1885 2215/2215/2215 2261/2261/2261
f 2127/2127/2127 2186/2186/2186 2262/2262/2262
f 2127/2127/2127 2262/2262/2262 2156/2156/2156
f 2219/2219/2219 2265/2265/2265 2056/2056/2056
f 2217/2217/2217 2054/2054/2054 2263/2263/2263
f 2131/2131/2131 2266/2266/2266 2187/2187/2187
f 1966/1966/1966 2269/2269/2269 2137/2137/2137
f 1898/1898/1898 2082/2082/2082 2270/2270/2270
f 2139/2139/2139 2272/2272/2272 2273/2273/2273
f 2139/2139/2139 2273/2273/2273 2198/2198/2198
f 2034/2034/2034 2141/2141/2141 2253/2253/2253
f 2203/2203/2203 2254/2254/2254 2274/2274/2274
f 2145/2145/2145 2275/2275/2275 2255/2255/2255
f 2203/2203/2203 2274/2274/2274 2236/2236/2236
f 2145/2145/2145 2276/2276/2276 2275/2275/2275
f 2206/2206/2206 2277/2277/2277 2144/2144/2144
f 2207/2207/2207 2145/2145/2145 2278/2278/2278
f 2171/2171/2171 2276/2276/2276 2145/2145/2145
f 1971/1971/1971 2168/2168/2168 1903/1903/1903
f 2238/2238/2238 2173/2173/2173 2209/2209/2209
f 2107/2107/2107 2208/2208/2208 2210/2210/2210
f 2243/2243/2243 2179/2179/2179 2239/2239/2239
f 2018/2018/2018 2280/2280/2280 2211/2211/2211
f 2111/2111/2111 1983/1983/1983 2148/2148/2148
f 2181/2181/2181 2091/2091/2091 2257/2257/2257
f 2248/2248/2248 2257/2257/2257 2091/2091/2091
f 2121/2121/2121 2283/2283/2283 2248/2248/2248
f 1965/1965/1965 2287/2287/2287 2151/2151/2151
f 2097/2097/2097 2289/2289/2289 2260/2260/2260
f 2287/2287/2287 1965/1965/1965 2189/2189/2189
f 2065/2065/2065 2290/2290/2290 2191/2191/2191
f 2218/2218/2218 2055/2055/2055 2264/2264/2264
f 2219/2219/2219 2153/2153/2153 1923/1923/1923
f 2219/2219/2219 2265/2265/2265 2153/2153/2153
f 2055/2055/2055 2152/2152/2152 2264/2264/2264
f 2002/2002/2002 2223/2223/2223 2192/2192/2192
f 2072/2072/2072 2007/2007/2007 2137/2137/2137
f 1928/1928/1928 2291/2291/2291 2193/2193/2193
f 1928/1928/1928 2194/2194/2194 2291/2291/2291
f 1966/1966/1966 2251/2251/2251 2269/2269/2269
f 2198/2198/2198 2273/2273/2273 2295/2295/2295
f 2201/2201/2201 2297/2297/2297 2166/2166/2166
f 1752/1752/1752 2236/2236/2236 2170/2170/2170
f 2085/2085/2085 2211/2211/2211 2298/2298/2298
f 2299/2299/2299 2172/2172/2172 2304/2304/2304
f 2104/2104/2104 2312/2312/2312 2173/2173/2173
f 2209/2209/2209 2173/2173/2173 2303/2303/2303
f 2241/2241/2241 2180/2180/2180 2176/2176/2176
f 2244/2244/2244 2245/2245/2245 2246/2246/2246
f 1983/1983/1983 2315/2315/2315 2148/2148/2148
f 2149/2149/2149 2046/2046/2046 2316/2316/2316
f 2151/2151/2151 2321/2321/2321 2184/2184/2184
f 2115/2115/2115 2258/2258/2258 2259/2259/2259
f 1912/1912/1912 2259/2259/2259 2323/2323/2323
f 2124/2124/2124 2213/2213/2213 2324/2324/2324
f 2212/2212/2212 2326/2326/2326 2213/2213/2213
f 2124/2124/2124 2324/2324/2324 2118/2118/2118
f 2328/2328/2328 2330/2330/2330 2281/2281/2281
f 1993/1993/1993 2185/2185/2185 2097/2097/2097
f 1811/1811/1811 1915/1915/1915 2333/2333/2333
f 1996/1996/1996 1812/1812/1812 2249/2249/2249
f 1959/1959/1959 2249/2249/2249 2335/2335/2335
f 2260/2260/2260 2289/2289/2289 2290/2290/2290
f 2216/2216/2216 2260/2260/2260 2290/2290/2290
f 1885/1885/1885 2261/2261/2261 2250/2250/2250
f 2186/2186/2186 2336/2336/2336 2262/2262/2262
f 1924/1924/1924 2337/2337/2337 2215/2215/2215
f 2189/2189/2189 2188/2188/2188 2338/2338/2338
f 1924/1924/1924 2154/2154/2154 2337/2337/2337
f 2340/2340/2340 2130/2130/2130 2156/2156/2156
f 2188/2188/2188 2268/2268/2268 2338/2338/2338
f 2132/2132/2132 2005/2005/2005 2268/2268/2268
f 2228/2228/2228 2233/2233/2233 2071/2071/2071
f 2102/2102/2102 2157/2157/2157 2342/2342/2342
f 2135/2135/2135 2102/2102/2102 2342/2342/2342
f 1898/1898/1898 2270/2270/2270 2194/2194/2194
f 2273/2273/2273 2272/2272/2272 2295/2295/2295
f 2197/2197/2197 2294/2294/2294 2141/2141/2141
f 1861/1861/1861 2235/2235/2235 1929/1929/1929
f 2171/2171/2171 2275/2275/2275 2276/2276/2276
f 2171/2171/2171 2085/2085/2085 2275/2275/2275
f 2209/2209/2209 2303/2303/2303 2311/2311/2311
f 2208/2208/2208 2344/2344/2344 2210/2210/2210
f 2210/2210/2210 2345/2345/2345 2240/2240/2240
f 2017/2017/2017 2146/2146/2146 2279/2279/2279
f 2047/2047/2047 2347/2347/2347 2317/2317/2317
f 2047/2047/2047 2349/2349/2349 2347/2347/2347
f 2093/2093/2093 2090/2090/2090 2352/2352/2352
f 2327/2327/2327 2355/2355/2355 2214/2214/2214
f 2283/2283/2283 2121/2121/2121 2117/2117/2117
f 1912/1912/1912 2323/2323/2323 2122/2122/2122
f 2212/2212/2212 2092/2092/2092 2356/2356/2356
f 2329/2329/2329 2286/2286/2286 2332/2332/2332
f 1812/1812/1812 2334/2334/2334 2249/2249/2249
f 2287/2287/2287 2189/2189/2189 2358/2358/2358
f 1959/1959/1959 2335/2335/2335 2126/2126/2126
f 2216/2216/2216 2290/2290/2290 2065/2065/2065
f 2262/2262/2262 2336/2336/2336 2156/2156/2156
f 2190/2190/2190 2359/2359/2359 2154/2154/2154
f 2224/2224/2224 2230/2230/2230 2361/2361/2361
f 2157/2157/2157 2071/2071/2071 2364/2364/2364
f 1926/1926/1926 2365/2365/2365 1895/1895/1895
f 1831/1831/1831 2365/2365/2365 1926/1926/1926
f 2173/2173/2173 2368/2368/2368 2311/2311/2311
f 2173/2173/2173 2312/2312/2312 2368/2368/2368
f 1903/1903/1903 2313/2313/2313 2105/2105/2105
f 2208/2208/2208 2310/2310/2310 2344/2344/2344
f 2210/2210/2210 2369/2369/2369 2370/2370/2370
f 2148/2148/2148 2315/2315/2315 2146/2146/2146
f 1983/1983/1983 2246/2246/2246 2315/2315/2315
f 2349/2349/2349 2371/2371/2371 2347/2347/2347
f 2349/2349/2349 2047/2047/2047 2371/2371/2371
f 2318/2318/2318 2348/2348/2348 2373/2373/2373
f 2376/2376/2376 2379/2379/2379 2090/2090/2090
f 2185/2185/2185 2150/2150/2150 2383/2383/2383
f 2089/2089/2089 2385/2385/2385 2375/2375/2375
f 2089/2089/2089 2022/2022/2022 2385/2385/2385
f 2125/2125/2125 2386/2386/2386 2022/2022/2022
f 2212/2212/2212 2356/2356/2356 2326/2326/2326
f 2118/2118/2118 2324/2324/2324 2387/2387/2387
f 2185/2185/2185 2289/2289/2289 2097/2097/2097
f 1916/1916/1916 1954/1954/1954 2390/2390/2390
f 2125/2125/2125 2023/2023/2023 2386/2386/2386
f 2215/2215/2215 2337/2337/2337 2392/2392/2392
f 2215/2215/2215 2392/2392/2392 2261/2261/2261
f 2336/2336/2336 2186/2186/2186 2393/2393/2393
f 2339/2339/2339 2155/2155/2155 2129/2129/2129
f 2191/2191/2191 2290/2290/2290 2395/2395/2395
f 1831/1831/1831 2133/2133/2133 2365/2365/2365
f 2194/2194/2194 2270/2270/2270 2291/2291/2291
f 2138/2138/2138 2193/2193/2193 2397/2397/2397
f 2139/2139/2139 2398/2398/2398 2272/2272/2272
f 2141/2141/2141 2294/2294/2294 2401/2401/2401
f 2008/2008/2008 2169/2169/2169 2163/2163/2163
f 2168/2168/2168 2166/2166/2166 2404/2404/2404
f 2305/2305/2305 2301/2301/2301 2405/2405/2405
f 2313/2313/2313 1903/1903/1903 2409/2409/2409
f 2302/2302/2302 2306/2306/2306 2411/2411/2411
f 2300/2300/2300 2410/2410/2410 2414/2414/2414
f 2301/2301/2301 2415/2415/2415 2405/2405/2405
f 2210/2210/2210 2344/2344/2344 2369/2369/2369
f 2241/2241/2241 2346/2346/2346 2245/2245/2245
f 2246/2246/2246 2245/2245/2245 2417/2417/2417
f 2146/2146/2146 2315/2315/2315 2419/2419/2419
f 2376/2376/2376 2421/2421/2421 2379/2379/2379
f 2150/2150/2150 2318/2318/2318 2383/2383/2383
f 2047/2047/2047 2184/2184/2184 2425/2425/2425
f 2257/2257/2257 2248/2248/2248 2427/2427/2427
f 2090/2090/2090 2379/2379/2379 2352/2352/2352
f 2379/2379/2379 2430/2430/2430 2352/2352/2352
f 2022/2022/2022 2351/2351/2351 2385/2385/2385
f 2022/2022/2022 2431/2431/2431 2351/2351/2351
f 2283/2283/2283 2432/2432/2432 2248/2248/2248
f 2120/2120/2120 2436/2436/2436 2286/2286/2286
f 2286/2286/2286 2436/2436/2436 2332/2332/2332
f 1916/1916/1916 2390/2390/2390 2438/2438/2438
f 2156/2156/2156 2336/2336/2336 2130/2130/2130
f 2362/2362/2362 2439/2439/2439 2225/2225/2225
f 2362/2362/2362 2231/2231/2231 2439/2439/2439
f 2228/2228/2228 2441/2441/2441 2444/2444/2444
f 2227/2227/2227 2447/2447/2447 2232/2232/2232
f 2394/2394/2394 2359/2359/2359 2190/2190/2190
f 2073/2073/2073 2448/2448/2448 2005/2005/2005
f 1895/1895/1895 2365/2365/2365 2449/2449/2449
f 2081/2081/2081 1927/1927/1927 2450/2450/2450
f 2295/2295/2295 2272/2272/2272 2451/2451/2451
f 2170/2170/2170 2236/2236/2236 2453/2453/2453
f 2168/2168/2168 2404/2404/2404 2454/2454/2454
f 2085/2085/2085 2455/2455/2455 2275/2275/2275
f 1903/1903/1903 2168/2168/2168 2456/2456/2456
f 2406/2406/2406 2411/2411/2411 2306/2306/2306
f 2211/2211/2211 2457/2457/2457 2298/2298/2298
f 2406/2406/2406 2416/2416/2416 2411/2411/2411
f 2307/2307/2307 2407/2407/2407 2343/2343/2343
f 2344/2344/2344 2458/2458/2458 2369/2369/2369
f 2210/2210/2210 2370/2370/2370 2345/2345/2345
f 2245/2245/2245 2459/2459/2459 2417/2417/2417
f 2347/2347/2347 2371/2371/2371 2372/2372/2372
f 2047/2047/2047 2425/2425/2425 2371/2371/2371
f 2256/2256/2256 2426/2426/2426 2247/2247/2247
f 2093/2093/2093 2352/2352/2352 2461/2461/2461
f 2258/2258/2258 2434/2434/2434 2259/2259/2259
f 2282/2282/2282 2331/2331/2331 2462/2462/2462
f 1954/1954/1954 2122/2122/2122 2390/2390/2390
f 2437/2437/2437 2333/2333/2333 1915/1915/1915
f 2249/2249/2249 2334/2334/2334 2335/2335/2335
f 2189/2189/2189 2338/2338/2338 2358/2358/2358
f 2391/2391/2391 2465/2465/2465 2469/2469/2469
f 2337/2337/2337 2466/2466/2466 2392/2392/2392
f 2130/2130/2130 2336/2336/2336 2441/2441/2441
f 2337/2337/2337 2154/2154/2154 2471/2471/2471
f 2130/2130/2130 2441/2441/2441 2233/2233/2233
f 2268/2268/2268 2005/2005/2005 2475/2475/2475
f 2226/2226/2226 2442/2442/2442 2445/2445/2445
f 2233/2233/2233 2364/2364/2364 2071/2071/2071
f 2232/2232/2232 2447/2447/2447 2476/2476/2476
f 2232/2232/2232 2476/2476/2476 2363/2363/2363
f 2157/2157/2157 2478/2478/2478 2342/2342/2342
f 2072/2072/2072 2479/2479/2479 2073/2073/2073
f 2081/2081/2081 2450/2450/2450 2480/2480/2480
f 2295/2295/2295 2451/2451/2451 2482/2482/2482
f 2292/2292/2292 2483/2483/2483 2399/2399/2399
f 2253/2253/2253 2141/2141/2141 2485/2485/2485
f 2253/2253/2253 2485/2485/2485 2200/2200/2200
f 2404/2404/2404 2166/2166/2166 2297/2297/2297
f 2455/2455/2455 2487/2487/2487 2275/2275/2275
f 2085/2085/2085 2487/2487/2487 2455/2455/2455
f 2085/2085/2085 2298/2298/2298 2487/2487/2487
f 1903/1903/1903 2456/2456/2456 2409/2409/2409
f 2412/2412/2412 2488/2488/2488 2308/2308/2308
f 2309/2309/2309 2490/2490/2490 2413/2413/2413
f 2309/2309/2309 2491/2491/2491 2490/2490/2490
f 2408/2408/2408 2310/2310/2310 2344/2344/2344
f 2310/2310/2310 2489/2489/2489 2344/2344/2344
f 2369/2369/2369 2458/2458/2458 2370/2370/2370
f 2245/2245/2245 2346/2346/2346 2459/2459/2459
f 2373/2373/2373 2383/2383/2383 2318/2318/2318
f 2377/2377/2377 2420/2420/2420 2374/2374/2374
f 2375/2375/2375 2385/2385/2385 2378/2378/2378
f 2385/2385/2385 2429/2429/2429 2378/2378/2378
f 2350/2350/2350 2428/2428/2428 2384/2384/2384
f 2248/2248/2248 2493/2493/2493 2257/2257/2257
f 2185/2185/2185 2322/2322/2322 2289/2289/2289
f 2151/2151/2151 2287/2287/2287 2321/2321/2321
f 2386/2386/2386 2431/2431/2431 2022/2022/2022
f 2353/2353/2353 2326/2326/2326 2495/2495/2495
f 2259/2259/2259 2434/2434/2434 2323/2323/2323
f 2093/2093/2093 2461/2461/2461 2357/2357/2357
f 2436/2436/2436 2498/2498/2498 2332/2332/2332
f 2023/2023/2023 2499/2499/2499 2386/2386/2386
f 2470/2470/2470 2500/2500/2500 2392/2392/2392
f 2337/2337/2337 2471/2471/2471 2466/2466/2466
f 2395/2395/2395 2290/2290/2290 2360/2360/2360
f 1895/1895/1895 2450/2450/2450 1927/1927/1927
f 2072/2072/2072 2137/2137/2137 2479/2479/2479
f 2193/2193/2193 2291/2291/2291 2397/2397/2397
f 2295/2295/2295 2482/2482/2482 2503/2503/2503
f 2294/2294/2294 2501/2501/2501 2401/2401/2401
f 2293/2293/2293 2400/2400/2400 2484/2484/2484
f 2141/2141/2141 2401/2401/2401 2504/2504/2504
f 2141/2141/2141 2504/2504/2504 2485/2485/2485
f 2169/2169/2169 2452/2452/2452 2163/2163/2163
f 2311/2311/2311 2368/2368/2368 2492/2492/2492
f 2488/2488/2488 2412/2412/2412 2506/2506/2506
f 2459/2459/2459 2512/2512/2512 2417/2417/2417
f 2514/2514/2514 2418/2418/2418 2314/2314/2314
f 2246/2246/2246 2516/2516/2516 2315/2315/2315
f 2425/2425/2425 2517/2517/2517 2371/2371/2371
f 2183/2183/2183 2380/2380/2380 2422/2422/2422
f 2432/2432/2432 2493/2493/2493 2248/2248/2248
f 2258/2258/2258 2494/2494/2494 2434/2434/2434
f 2325/2325/2325 2214/2214/2214 2518/2518/2518
f 2326/2326/2326 2356/2356/2356 2519/2519/2519
f 2119/2119/2119 2388/2388/2388 2435/2435/2435
f 2323/2323/2323 2521/2521/2521 2122/2122/2122
f 2023/2023/2023 2522/2522/2522 2499/2499/2499
f 2023/2023/2023 2250/2250/2250 2522/2522/2522
f 2290/2290/2290 2289/2289/2289 2523/2523/2523
f 2261/2261/2261 2392/2392/2392 2250/2250/2250
f 2470/2470/2470 2466/2466/2466 2524/2524/2524
f 2470/2470/2470 2524/2524/2524 2500/2500/2500
f 2268/2268/2268 2529/2529/2529 2358/2358/2358
f 2336/2336/2336 2393/2393/2393 2530/2530/2530
f 2336/2336/2336 2530/2530/2530 2534/2534/2534
f 2441/2441/2441 2336/2336/2336 2534/2534/2534
f 2267/2267/2267 2473/2473/2473 2526/2526/2526
f 2440/2440/2440 2532/2532/2532 2536/2536/2536
f 2444/2444/2444 2441/2441/2441 2537/2537/2537
f 2527/2527/2527 2474/2474/2474 2538/2538/2538
f 2475/2475/2475 2005/2005/2005 2541/2541/2541
f 2542/2542/2542 2533/2533/2533 2446/2446/2446
f 2476/2476/2476 2447/2447/2447 2443/2443/2443
f 2157/2157/2157 2364/2364/2364 2478/2478/2478
f 2005/2005/2005 2448/2448/2448 2541/2541/2541
f 1895/1895/1895 2449/2449/2449 2450/2450/2450
f 2137/2137/2137 2269/2269/2269 2479/2479/2479
f 2269/2269/2269 2543/2543/2543 2479/2479/2479
f 2269/2269/2269 2544/2544/2544 2543/2543/2543
f 1929/1929/1929 2235/2235/2235 2251/2251/2251
f 2200/2200/2200 2485/2485/2485 2545/2545/2545
f 2297/2297/2297 2201/2201/2201 2546/2546/2546
f 2274/2274/2274 2547/2547/2547 2236/2236/2236
f 2491/2491/2491 2549/2549/2549 2490/2490/2490
f 2413/2413/2413 2490/2490/2490 2507/2507/2507
f 2490/2490/2490 2549/2549/2549 2507/2507/2507
f 2345/2345/2345 2370/2370/2370 2554/2554/2554
f 2459/2459/2459 2346/2346/2346 2557/2557/2557
f 2315/2315/2315 2516/2516/2516 2515/2515/2515
f 2372/2372/2372 2371/2371/2371 2558/2558/2558
f 2288/2288/2288 2319/2319/2319 2561/2561/2561
f 2289/2289/2289 2563/2563/2563 2564/2564/2564
f 2355/2355/2355 2566/2566/2566 2214/2214/2214
f 2354/2354/2354 2496/2496/2496 2565/2565/2565
f 2325/2325/2325 2518/2518/2518 2567/2567/2567
f 2463/2463/2463 2568/2568/2568 2284/2284/2284
f 2287/2287/2287 2358/2358/2358 2571/2571/2571
f 2522/2522/2522 2250/2250/2250 2572/2572/2572
f 2126/2126/2126 2573/2573/2573 2186/2186/2186
f 2268/2268/2268 2358/2358/2358 2338/2338/2338
f 2290/2290/2290 2523/2523/2523 2575/2575/2575
f 2576/2576/2576 2528/2528/2528 2539/2539/2539
f 2134/2134/2134 2341/2341/2341 2579/2579/2579
f 2073/2073/2073 2479/2479/2479 2448/2448/2448
f 2402/2402/2402 2502/2502/2502 2481/2481/2481
f 2234/2234/2234 2164/2164/2164 2580/2580/2580
f 2297/2297/2297 2486/2486/2486 2404/2404/2404
f 2404/2404/2404 2583/2583/2583 2586/2586/2586
f 2275/2275/2275 2587/2587/2587 2548/2548/2548
f 2275/2275/2275 2487/2487/2487 2587/2587/2587
f 2168/2168/2168 2454/2454/2454 2588/2588/2588
f 2487/2487/2487 2298/2298/2298 2589/2589/2589
f 2298/2298/2298 2457/2457/2457 2589/2589/2589
f 2344/2344/2344 2489/2489/2489 2509/2509/2509
f 2509/2509/2509 2590/2590/2590 2344/2344/2344
f 2344/2344/2344 2590/2590/2590 2458/2458/2458
f 2458/2458/2458 2590/2590/2590 2554/2554/2554
f 2370/2370/2370 2458/2458/2458 2554/2554/2554
f 2346/2346/2346 2555/2555/2555 2557/2557/2557
f 2459/2459/2459 2557/2557/2557 2512/2512/2512
f 2246/2246/2246 2417/2417/2417 2592/2592/2592
f 2373/2373/2373 2593/2593/2593 2383/2383/2383
f 2381/2381/2381 2562/2562/2562 2423/2423/2423
f 2560/2560/2560 2380/2380/2380 2422/2422/2422
f 2424/2424/2424 2382/2382/2382 2320/2320/2320
f 2383/2383/2383 2563/2563/2563 2322/2322/2322
f 2431/2431/2431 2595/2595/2595 2351/2351/2351
f 2214/2214/2214 2596/2596/2596 2518/2518/2518
f 2323/2323/2323 2434/2434/2434 2521/2521/2521
f 2386/2386/2386 2499/2499/2499 2431/2431/2431
f 2122/2122/2122 2521/2521/2521 2390/2390/2390
f 2250/2250/2250 2392/2392/2392 2572/2572/2572
f 2529/2529/2529 2577/2577/2577 2358/2358/2358
f 2525/2525/2525 2467/2467/2467 2599/2599/2599
f 2534/2534/2534 2530/2530/2530 2600/2600/2600
f 2363/2363/2363 2476/2476/2476 2602/2602/2602
f 2364/2364/2364 2603/2603/2603 2478/2478/2478
f 2133/2133/2133 2578/2578/2578 2365/2365/2365
f 2451/2451/2451 2503/2503/2503 2482/2482/2482
f 2451/2451/2451 2272/2272/2272 2503/2503/2503
f 2081/2081/2081 2480/2480/2480 2604/2604/2604
f 2082/2082/2082 2605/2605/2605 2270/2270/2270
f 2403/2403/2403 2482/2482/2482 2606/2606/2606
f 2503/2503/2503 2606/2606/2606 2482/2482/2482
f 2505/2505/2505 2403/2403/2403 2607/2607/2607
f 2296/2296/2296 2545/2545/2545 2485/2485/2485
f 2583/2583/2583 2404/2404/2404 2486/2486/2486
f 2454/2454/2454 2404/2404/2404 2608/2608/2608
f 2168/2168/2168 2588/2588/2588 2456/2456/2456
f 2508/2508/2508 2550/2550/2550 2609/2609/2609
f 2492/2492/2492 2368/2368/2368 2552/2552/2552
f 2610/2610/2610 2612/2612/2612 2509/2509/2509
f 2509/2509/2509 2612/2612/2612 2590/2590/2590
f 2615/2615/2615 2617/2617/2617 2557/2557/2557
f 2417/2417/2417 2512/2512/2512 2592/2592/2592
f 2516/2516/2516 2246/2246/2246 2592/2592/2592
f 2517/2517/2517 2618/2618/2618 2371/2371/2371
f 2373/2373/2373 2559/2559/2559 2593/2593/2593
f 2517/2517/2517 2620/2620/2620 2621/2621/2621
f 2517/2517/2517 2425/2425/2425 2620/2620/2620
f 2351/2351/2351 2595/2595/2595 2623/2623/2623
f 2214/2214/2214 2566/2566/2566 2596/2596/2596
f 2435/2435/2435 2388/2388/2388 2497/2497/2497
f 2285/2285/2285 2569/2569/2569 2433/2433/2433
f 2326/2326/2326 2519/2519/2519 2495/2495/2495
f 2431/2431/2431 2626/2626/2626 2595/2595/2595
f 2431/2431/2431 2499/2499/2499 2626/2626/2626
f 2335/2335/2335 2334/2334/2334 2628/2628/2628
f 2335/2335/2335 2573/2573/2573 2126/2126/2126
f 2335/2335/2335 2628/2628/2628 2573/2573/2573
f 2535/2535/2535 2601/2601/2601 2629/2629/2629
f 2290/2290/2290 2575/2575/2575 2472/2472/2472
f 2290/2290/2290 2472/2472/2472 2360/2360/2360
f 2154/2154/2154 2359/2359/2359 2471/2471/2471
f 2476/2476/2476 2443/2443/2443 2630/2630/2630
f 2476/2476/2476 2630/2630/2630 2602/2602/2602
f 2269/2269/2269 2251/2251/2251 2544/2544/2544
f 2480/2480/2480 2632/2632/2632 2604/2604/2604
f 2605/2605/2605 2635/2635/2635 2270/2270/2270
f 2580/2580/2580 2164/2164/2164 2636/2636/2636
f 2504/2504/2504 2582/2582/2582 2485/2485/2485
f 2404/2404/2404 2586/2586/2586 2608/2608/2608
f 2454/2454/2454 2608/2608/2608 2588/2588/2588
f 2409/2409/2409 2456/2456/2456 2639/2639/2639
f 2617/2617/2617 2615/2615/2615 2640/2640/2640
f 2617/2617/2617 2640/2640/2640 2643/2643/2643
f 2556/2556/2556 2616/2616/2616 2510/2510/2510
f 2559/2559/2559 2644/2644/2644 2593/2593/2593
f 2593/2593/2593 2564/2564/2564 2383/2383/2383
f 2383/2383/2383 2564/2564/2564 2563/2563/2563
f 2425/2425/2425 2321/2321/2321 2620/2620/2620
f 2352/2352/2352 2624/2624/2624 2461/2461/2461
f 2321/2321/2321 2287/2287/2287 2620/2620/2620
f 2434/2434/2434 2570/2570/2570 2521/2521/2521
f 2388/2388/2388 2645/2645/2645 2497/2497/2497
f 2495/2495/2495 2519/2519/2519 2647/2647/2647
f 2325/2325/2325 2567/2567/2567 2389/2389/2389
f 2567/2567/2567 2646/2646/2646 2389/2389/2389
f 2332/2332/2332 2498/2498/2498 2464/2464/2464
f 2438/2438/2438 2390/2390/2390 2652/2652/2652
f 2437/2437/2437 2650/2650/2650 2333/2333/2333
f 2575/2575/2575 2523/2523/2523 2653/2653/2653
f 2186/2186/2186 2573/2573/2573 2393/2393/2393
f 2392/2392/2392 2500/2500/2500 2654/2654/2654
f 2358/2358/2358 2577/2577/2577 2657/2657/2657
f 2472/2472/2472 2575/2575/2575 2468/2468/2468
f 2270/2270/2270 2635/2635/2635 2658/2658/2658
f 2403/2403/2403 2659/2659/2659 2607/2607/2607
f 2163/2163/2163 2452/2452/2452 2660/2660/2660
f 2547/2547/2547 2664/2664/2664 2236/2236/2236
f 2614/2614/2614 2611/2611/2611 2667/2667/2667
f 2409/2409/2409 2639/2639/2639 2669/2669/2669
f 2613/2613/2613 2666/2666/2666 2591/2591/2591
f 2409/2409/2409 2669/2669/2669 2313/2313/2313
f 2211/2211/2211 2671/2671/2671 2457/2457/2457
f 2515/2515/2515 2516/2516/2516 2419/2419/2419
f 2371/2371/2371 2618/2618/2618 2558/2558/2558
f 2517/2517/2517 2621/2621/2621 2618/2618/2618
f 2461/2461/2461 2673/2673/2673 2677/2677/2677
f 2596/2596/2596 2567/2567/2567 2518/2518/2518
f 2289/2289/2289 2678/2678/2678 2523/2523/2523
f 2573/2573/2573 2628/2628/2628 2680/2680/2680
f 2572/2572/2572 2392/2392/2392 2681/2681/2681
f 2393/2393/2393 2573/2573/2573 2530/2530/2530
f 2530/2530/2530 2682/2682/2682 2600/2600/2600
f 2535/2535/2535 2629/2629/2629 2685/2685/2685
f 2534/2534/2534 2684/2684/2684 2537/2537/2537
f 2631/2631/2631 2444/2444/2444 2687/2687/2687
f 2444/2444/2444 2688/2688/2688 2687/2687/2687
f 2630/2630/2630 2686/2686/2686 2689/2689/2689
f 2630/2630/2630 2691/2691/2691 2602/2602/2602
f 2503/2503/2503 2694/2694/2694 2606/2606/2606
f 2606/2606/2606 2659/2659/2659 2403/2403/2403
f 2164/2164/2164 2661/2661/2661 2636/2636/2636
f 2505/2505/2505 2607/2607/2607 2583/2583/2583
f 2236/2236/2236 2695/2695/2695 2453/2453/2453
f 2551/2551/2551 2367/2367/2367 2696/2696/2696
f 2611/2611/2611 2553/2553/2553 2667/2667/2667
f 2368/2368/2368 2312/2312/2312 2699/2699/2699
f 2146/2146/2146 2419/2419/2419 2279/2279/2279
f 2621/2621/2621 2620/2620/2620 2618/2618/2618
f 2460/2460/2460 2622/2622/2622 2594/2594/2594
f 2645/2645/2645 2701/2701/2701 2497/2497/2497
f 2625/2625/2625 2705/2705/2705 2594/2594/2594
f 2496/2496/2496 2649/2649/2649 2707/2707/2707
f 2464/2464/2464 2498/2498/2498 2709/2709/2709
f 2521/2521/2521 2570/2570/2570 2464/2464/2464
f 2521/2521/2521 2464/2464/2464 2652/2652/2652
f 2521/2521/2521 2652/2652/2652 2390/2390/2390
f 2626/2626/2626 2499/2499/2499 2712/2712/2712
f 2499/2499/2499 2522/2522/2522 2712/2712/2712
f 2572/2572/2572 2681/2681/2681 2522/2522/2522
f 2523/2523/2523 2715/2715/2715 2653/2653/2653
f 2679/2679/2679 2627/2627/2627 2716/2716/2716
f 2679/2679/2679 2627/2627/2627 2716/2716/2716
f 2573/2573/2573 2680/2680/2680 2717/2717/2717
f 2392/2392/2392 2654/2654/2654 2681/2681/2681
f 2629/2629/2629 2601/2601/2601 2685/2685/2685
f 2577/2577/2577 2541/2541/2541 2721/2721/2721
f 2448/2448/2448 2725/2725/2725 2541/2541/2541
f 2631/2631/2631 2690/2690/2690 2687/2687/2687
f 2478/2478/2478 2603/2603/2603 2692/2692/2692
f 2341/2341/2341 2727/2727/2727 2579/2579/2579
f 2449/2449/2449 2365/2365/2365 2450/2450/2450
f 2396/2396/2396 2729/2729/2729 2271/2271/2271
f 2544/2544/2544 2730/2730/2730 2543/2543/2543
f 2503/2503/2503 2272/2272/2272 2694/2694/2694
f 2604/2604/2604 2632/2632/2632 2731/2731/2731
f 2605/2605/2605 2732/2732/2732 2635/2635/2635
f 2236/2236/2236 2664/2664/2664 2733/2733/2733
f 2453/2453/2453 2695/2695/2695 2662/2662/2662
f 2587/2587/2587 2735/2735/2735 2548/2548/2548
f 2588/2588/2588 2608/2608/2608 2737/2737/2737
f 2589/2589/2589 2738/2738/2738 2487/2487/2487
f 2487/2487/2487 2738/2738/2738 2587/2587/2587
f 2639/2639/2639 2456/2456/2456 2588/2588/2588
f 2697/2697/2697 2368/2368/2368 2739/2739/2739
f 2553/2553/2553 2698/2698/2698 2740/2740/2740
f 2312/2312/2312 2668/2668/2668 2699/2699/2699
f 2555/2555/2555 2591/2591/2591 2741/2741/2741
f 2555/2555/2555 2741/2741/2741 2557/2557/2557
f 2211/2211/2211 2744/2744/2744 2671/2671/2671
f 2211/2211/2211 2280/2280/2280 2744/2744/2744
f 2616/2616/2616 2641/2641/2641 2510/2510/2510
f 2559/2559/2559 2619/2619/2619 2644/2644/2644
f 2620/2620/2620 2745/2745/2745 2618/2618/2618
f 2460/2460/2460 2675/2675/2675 2672/2672/2672
f 2460/2460/2460 2594/2594/2594 2675/2675/2675
f 2287/2287/2287 2571/2571/2571 2747/2747/2747
f 2289/2289/2289 2564/2564/2564 2678/2678/2678
f 2461/2461/2461 2677/2677/2677 2749/2749/2749
f 2461/2461/2461 2749/2749/2749 2357/2357/2357
f 2565/2565/2565 2496/2496/2496 2707/2707/2707
f 2520/2520/2520 2357/2357/2357 2648/2648/2648
f 2625/2625/2625 2711/2711/2711 2705/2705/2705
f 2358/2358/2358 2752/2752/2752 2571/2571/2571
f 2628/2628/2628 2334/2334/2334 2652/2652/2652
f 2628/2628/2628 2652/2652/2652 2680/2680/2680
f 2522/2522/2522 2681/2681/2681 2754/2754/2754
f 2628/2628/2628 2680/2680/2680 2717/2717/2717
f 2575/2575/2575 2653/2653/2653 2715/2715/2715
f 2683/2683/2683 2531/2531/2531 2718/2718/2718
f 2601/2601/2601 2683/2683/2683 2718/2718/2718
f 2524/2524/2524 2598/2598/2598 2500/2500/2500
f 2577/2577/2577 2721/2721/2721 2657/2657/2657
f 2540/2540/2540 2722/2722/2722 2719/2719/2719
f 2630/2630/2630 2686/2686/2686 2691/2691/2691
f 2291/2291/2291 2758/2758/2758 2397/2397/2397
f 2480/2480/2480 2450/2450/2450 2759/2759/2759
f 2543/2543/2543 2730/2730/2730 2760/2760/2760
f 2729/2729/2729 2396/2396/2396 2757/2757/2757
f 2271/2271/2271 2729/2729/2729 2761/2761/2761
f 2270/2270/2270 2658/2658/2658 2764/2764/2764
f 2731/2731/2731 2632/2632/2632 2636/2636/2636
f 2694/2694/2694 2659/2659/2659 2606/2606/2606
f 2236/2236/2236 2733/2733/2733 2695/2695/2695
f 2583/2583/2583 2607/2607/2607 2586/2586/2586
f 2589/2589/2589 2457/2457/2457 2738/2738/2738
f 2368/2368/2368 2699/2699/2699 2739/2739/2739
f 2553/2553/2553 2740/2740/2740 2667/2667/2667
f 2667/2667/2667 2740/2740/2740 2765/2765/2765
f 2516/2516/2516 2766/2766/2766 2419/2419/2419
f 2592/2592/2592 2766/2766/2766 2516/2516/2516
f 2593/2593/2593 2644/2644/2644 2619/2619/2619
f 2746/2746/2746 2593/2593/2593 2619/2619/2619
f 2287/2287/2287 2747/2747/2747 2620/2620/2620
f 2646/2646/2646 2567/2567/2567 2769/2769/2769
f 2357/2357/2357 2749/2749/2749 2706/2706/2706
f 2701/2701/2701 2645/2645/2645 2768/2768/2768
f 2594/2594/2594 2705/2705/2705 2675/2675/2675
f 2357/2357/2357 2706/2706/2706 2648/2648/2648
f 2678/2678/2678 2753/2753/2753 2523/2523/2523
f 2703/2703/2703 2710/2710/2710 2771/2771/2771
f 2464/2464/2464 2709/2709/2709 2652/2652/2652
f 2523/2523/2523 2753/2753/2753 2715/2715/2715
f 2522/2522/2522 2754/2754/2754 2775/2775/2775
f 2444/2444/2444 2537/2537/2537 2688/2688/2688
f 2687/2687/2687 2688/2688/2688 2778/2778/2778
f 2578/2578/2578 2779/2779/2779 2365/2365/2365
f 2480/2480/2480 2759/2759/2759 2632/2632/2632
f 2272/2272/2272 2762/2762/2762 2694/2694/2694
f 2291/2291/2291 2270/2270/2270 2764/2764/2764
f 2732/2732/2732 2637/2637/2637 2635/2635/2635
f 2636/2636/2636 2661/2661/2661 2634/2634/2634
f 2586/2586/2586 2607/2607/2607 2781/2781/2781
f 2608/2608/2608 2586/2586/2586 2737/2737/2737
f 2587/2587/2587 2738/2738/2738 2782/2782/2782
f 2668/2668/2668 2638/2638/2638 2699/2699/2699
f 2765/2765/2765 2784/2784/2784 2667/2667/2667
f 2786/2786/2786 2784/2784/2784 2765/2765/2765
f 2615/2615/2615 2557/2557/2557 2788/2788/2788
f 2743/2743/2743 2790/2790/2790 2670/2670/2670
f 2640/2640/2640 2615/2615/2615 2788/2788/2788
f 2419/2419/2419 2793/2793/2793 2279/2279/2279
f 2566/2566/2566 2797/2797/2797 2596/2596/2596
f 2567/2567/2567 2596/2596/2596 2798/2798/2798
f 2801/2801/2801 2677/2677/2677 2803/2803/2803
f 2498/2498/2498 2702/2702/2702 2804/2804/2804
f 2564/2564/2564 2753/2753/2753 2678/2678/2678
f 2707/2707/2707 2806/2806/2806 2565/2565/2565
f 2498/2498/2498 2808/2808/2808 2709/2709/2709
f 2705/2705/2705 2810/2810/2810 2675/2675/2675
f 2712/2712/2712 2522/2522/2522 2813/2813/2813
f 2651/2651/2651 2815/2815/2815 2679/2679/2679
f 2522/2522/2522 2775/2775/2775 2813/2813/2813
f 2815/2815/2815 2817/2817/2817 2679/2679/2679
f 2681/2681/2681 2654/2654/2654 2754/2754/2754
f 2574/2574/2574 2718/2718/2718 2531/2531/2531
f 2575/2575/2575 2715/2715/2715 2819/2819/2819
f 2601/2601/2601 2718/2718/2718 2821/2821/2821
f 2500/2500/2500 2598/2598/2598 2822/2822/2822
f 2575/2575/2575 2819/2819/2819 2468/2468/2468
f 2601/2601/2601 2824/2824/2824 2685/2685/2685
f 2598/2598/2598 2825/2825/2825 2827/2827/2827
f 2599/2599/2599 2467/2467/2467 2826/2826/2826
f 2830/2830/2830 2833/2833/2833 2835/2835/2835
f 2834/2834/2834 2831/2831/2831 2829/2829/2829
f 2835/2835/2835 2833/2833/2833 2839/2839/2839
f 2834/2834/2834 2836/2836/2836 2831/2831/2831
f 2691/2691/2691 2686/2686/2686 2777/2777/2777
f 2448/2448/2448 2479/2479/2479 2725/2725/2725
f 2728/2728/2728 2342/2342/2342 2478/2478/2478
f 2779/2779/2779 2840/2840/2840 2365/2365/2365
f 2694/2694/2694 2762/2762/2762 2843/2843/2843
f 2694/2694/2694 2843/2843/2843 2845/2845/2845
f 2635/2635/2635 2764/2764/2764 2658/2658/2658
f 2693/2693/2693 2844/2844/2844 2842/2842/2842
f 2235/2235/2235 2581/2581/2581 2251/2251/2251
f 2695/2695/2695 2635/2635/2635 2662/2662/2662
f 2664/2664/2664 2847/2847/2847 2733/2733/2733
f 2548/2548/2548 2735/2735/2735 2665/2665/2665
f 2736/2736/2736 2584/2584/2584 2848/2848/2848
f 2765/2765/2765 2740/2740/2740 2786/2786/2786
f 2457/2457/2457 2671/2671/2671 2850/2850/2850
f 2671/2671/2671 2851/2851/2851 2850/2850/2850
f 2591/2591/2591 2666/2666/2666 2741/2741/2741
f 2671/2671/2671 2792/2792/2792 2851/2851/2851
f 2557/2557/2557 2741/2741/2741 2788/2788/2788
f 2640/2640/2640 2788/2788/2788 2643/2643/2643
f 2744/2744/2744 2280/2280/2280 2853/2853/2853
f 2801/2801/2801 2803/2803/2803 2855/2855/2855
f 2567/2567/2567 2798/2798/2798 2769/2769/2769
f 2701/2701/2701 2768/2768/2768 2856/2856/2856
f 2498/2498/2498 2804/2804/2804 2808/2808/2808
f 2571/2571/2571 2752/2752/2752 2747/2747/2747
f 2748/2748/2748 2674/2674/2674 2800/2800/2800
f 2749/2749/2749 2801/2801/2801 2706/2706/2706
f 2704/2704/2704 2772/2772/2772 2809/2809/2809
f 2652/2652/2652 2709/2709/2709 2859/2859/2859
f 2358/2358/2358 2657/2657/2657 2752/2752/2752
f 2652/2652/2652 2859/2859/2859 2816/2816/2816
f 2817/2817/2817 2815/2815/2815 2860/2860/2860
f 2820/2820/2820 2716/2716/2716 2862/2862/2862
f 2598/2598/2598 2827/2827/2827 2822/2822/2822
f 2720/2720/2720 2723/2723/2723 2864/2864/2864
f 2725/2725/2725 2479/2479/2479 2871/2871/2871
f 2727/2727/2727 2873/2873/2873 2579/2579/2579
f 2779/2779/2779 2578/2578/2578 2840/2840/2840
f 2544/2544/2544 2251/2251/2251 2878/2878/2878
f 2694/2694/2694 2843/2843/2843 2659/2659/2659
f 2733/2733/2733 2847/2847/2847 2880/2880/2880
f 2695/2695/2695 2733/2733/2733 2880/2880/2880
f 2663/2663/2663 2734/2734/2734 2846/2846/2846
f 2587/2587/2587 2782/2782/2782 2735/2735/2735
f 2588/2588/2588 2737/2737/2737 2882/2882/2882
f 2639/2639/2639 2588/2588/2588 2882/2882/2882
f 2739/2739/2739 2699/2699/2699 2883/2883/2883
f 2638/2638/2638 2881/2881/2881 2699/2699/2699
f 2457/2457/2457 2850/2850/2850 2738/2738/2738
f 2744/2744/2744 2853/2853/2853 2792/2792/2792
f 2853/2853/2853 2886/2886/2886 2792/2792/2792
f 2642/2642/2642 2787/2787/2787 2511/2511/2511
f 2793/2793/2793 2852/2852/2852 2279/2279/2279
f 2746/2746/2746 2564/2564/2564 2593/2593/2593
f 2887/2887/2887 2889/2889/2889 2891/2891/2891
f 2745/2745/2745 2894/2894/2894 2896/2896/2896
f 2745/2745/2745 2620/2620/2620 2894/2894/2894
f 2899/2899/2899 2901/2901/2901 2888/2888/2888
f 2802/2802/2802 2903/2903/2903 2854/2854/2854
f 2802/2802/2802 2676/2676/2676 2903/2903/2903
f 2799/2799/2799 2857/2857/2857 2770/2770/2770
f 2676/2676/2676 2907/2907/2907 2903/2903/2903
f 2675/2675/2675 2810/2810/2810 2905/2905/2905
f 2816/2816/2816 2859/2859/2859 2910/2910/2910
f 2911/2911/2911 2814/2814/2814 2776/2776/2776
f 2657/2657/2657 2721/2721/2721 2914/2914/2914
f 2911/2911/2911 2776/2776/2776 2755/2755/2755
f 2911/2911/2911 2755/2755/2755 2916/2916/2916
f 2679/2679/2679 2817/2817/2817 2862/2862/2862
f 2500/2500/2500 2822/2822/2822 2918/2918/2918
f 2820/2820/2820 2862/2862/2862 2920/2920/2920
f 2601/2601/2601 2821/2821/2821 2824/2824/2824
f 2468/2468/2468 2819/2819/2819 2833/2833/2833
f 2832/2832/2832 2838/2838/2838 2467/2467/2467
f 2467/2467/2467 2838/2838/2838 2826/2826/2826
f 2537/2537/2537 2684/2684/2684 2688/2688/2688
f 2688/2688/2688 2922/2922/2922 2778/2778/2778
f 2725/2725/2725 2871/2871/2871 2927/2927/2927
f 2543/2543/2543 2930/2930/2930 2479/2479/2479
f 2760/2760/2760 2930/2930/2930 2543/2543/2543
f 2544/2544/2544 2878/2878/2878 2730/2730/2730
f 2291/2291/2291 2764/2764/2764 2758/2758/2758
f 2607/2607/2607 2659/2659/2659 2931/2931/2931
f 2585/2585/2585 2780/2780/2780 2932/2932/2932
f 2586/2586/2586 2933/2933/2933 2849/2849/2849
f 2785/2785/2785 2934/2934/2934 2783/2783/2783
f 2667/2667/2667 2784/2784/2784 2742/2742/2742
f 2936/2936/2936 2938/2938/2938 2939/2939/2939
f 2891/2891/2891 2889/2889/2889 2938/2938/2938
f 2936/2936/2936 2891/2891/2891 2938/2938/2938
f 2891/2891/2891 2936/2936/2936 2887/2887/2887
f 2887/2887/2887 2900/2900/2900 2889/2889/2889
f 2887/2887/2887 2596/2596/2596 2898/2898/2898
f 2799/2799/2799 2941/2941/2941 2857/2857/2857
f 2747/2747/2747 2752/2752/2752 2942/2942/2942
f 2702/2702/2702 2857/2857/2857 2804/2804/2804
f 2565/2565/2565 2806/2806/2806 2944/2944/2944
f 2565/2565/2565 2944/2944/2944 2796/2796/2796
f 2753/2753/2753 2564/2564/2564 2943/2943/2943
f 2706/2706/2706 2801/2801/2801 2805/2805/2805
f 2657/2657/2657 2914/2914/2914 2752/2752/2752
f 2859/2859/2859 2947/2947/2947 2950/2950/2950
f 2774/2774/2774 2714/2714/2714 2952/2952/2952
f 2909/2909/2909 2858/2858/2858 2949/2949/2949
f 2712/2712/2712 2813/2813/2813 2953/2953/2953
f 2814/2814/2814 2911/2911/2911 2954/2954/2954
f 2818/2818/2818 2861/2861/2861 2957/2957/2957
f 2756/2756/2756 2961/2961/2961 2917/2917/2917
f 2716/2716/2716 2679/2679/2679 2862/2862/2862
f 2656/2656/2656 2961/2961/2961 2756/2756/2756
f 2500/2500/2500 2918/2918/2918 2654/2654/2654
f 2721/2721/2721 2869/2869/2869 2962/2962/2962
f 2826/2826/2826 2964/2964/2964 2828/2828/2828
f 2684/2684/2684 2922/2922/2922 2688/2688/2688
f 2833/2833/2833 2819/2819/2819 2839/2839/2839
f 2725/2725/2725 2927/2927/2927 2967/2967/2967
f 2865/2865/2865 2724/2724/2724 2965/2965/2965
f 2726/2726/2726 2477/2477/2477 2872/2872/2872
f 2632/2632/2632 2759/2759/2759 2636/2636/2636
f 2636/2636/2636 2759/2759/2759 2580/2580/2580
f 2635/2635/2635 2970/2970/2970 2764/2764/2764
f 2849/2849/2849 2933/2933/2933 2737/2737/2737
f 2738/2738/2738 2971/2971/2971 2782/2782/2782
f 2738/2738/2738 2972/2972/2972 2971/2971/2971
f 2850/2850/2850 2973/2973/2973 2738/2738/2738
f 2786/2786/2786 2740/2740/2740 2935/2935/2935
f 2850/2850/2850 2851/2851/2851 2973/2973/2973
f 2851/2851/2851 2974/2974/2974 2973/2973/2973
f 2792/2792/2792 2976/2976/2976 2851/2851/2851
f 2885/2885/2885 2975/2975/2975 2791/2791/2791
f 2793/2793/2793 2977/2977/2977 2852/2852/2852
f 2419/2419/2419 2766/2766/2766 2793/2793/2793
f 2592/2592/2592 2512/2512/2512 2979/2979/2979
f 2982/2982/2982 2564/2564/2564 2746/2746/2746
f 2902/2902/2902 2983/2983/2983 2890/2890/2890
f 2887/2887/2887 2936/2936/2936 2596/2596/2596
f 2596/2596/2596 2797/2797/2797 2985/2985/2985
f 2855/2855/2855 2904/2904/2904 2801/2801/2801
f 2903/2903/2903 2907/2907/2907 2988/2988/2988
f 2801/2801/2801 2904/2904/2904 2805/2805/2805
f 2709/2709/2709 2808/2808/2808 2991/2991/2991
f 2773/2773/2773 2992/2992/2992 2811/2811/2811
f 2709/2709/2709 2947/2947/2947 2859/2859/2859
f 2715/2715/2715 2753/2753/2753 2996/2996/2996
f 2713/2713/2713 2955/2955/2955 2951/2951/2951
f 2861/2861/2861 2816/2816/2816 2910/2910/2910
f 2818/2818/2818 2957/2957/2957 2998/2998/2998
f 2821/2821/2821 2921/2921/2921 3000/3000/3000
f 2823/2823/2823 2828/2828/2828 2919/2919/2919
f 3001/3001/3001 3002/3002/3002 2824/2824/2824
f 2824/2824/2824 3000/3000/3000 3001/3001/3001
f 2824/2824/2824 2821/2821/2821 3000/3000/3000
f 3003/3003/3003 2685/2685/2685 2824/2824/2824
f 2826/2826/2826 2838/2838/2838 2964/2964/2964
f 2778/2778/2778 2922/2922/2922 3004/3004/3004
f 2966/2966/2966 2924/2924/2924 2866/2866/2866
f 2867/2867/2867 2925/2925/2925 3006/3006/3006
f 2870/2870/2870 3007/3007/3007 2926/2926/2926
f 2777/2777/2777 3010/3010/3010 2691/2691/2691
f 2478/2478/2478 2692/2692/2692 3011/3011/3011
f 2871/2871/2871 3013/3013/3013 3009/3009/3009
f 2874/2874/2874 2478/2478/2478 3011/3011/3011
f 2579/2579/2579 2873/2873/2873 2841/2841/2841
f 2760/2760/2760 2730/2730/2730 3014/3014/3014
f 2729/2729/2729 2757/2757/2757 2761/2761/2761
f 2635/2635/2635 3016/3016/3016 2970/2970/2970
f 2847/2847/2847 3018/3018/3018 2880/2880/2880
f 2607/2607/2607 2931/2931/2931 2781/2781/2781
f 2740/2740/2740 2884/2884/2884 3020/3020/3020
f 2738/2738/2738 2973/2973/2973 2972/2972/2972
f 2793/2793/2793 3021/3021/3021 2977/2977/2977
f 2592/2592/2592 2979/2979/2979 2766/2766/2766
f 3025/3025/3025 3027/3027/3027 3030/3030/3030
f 3025/3025/3025 3030/3030/3030 3033/3033/3033
f 3023/3023/3023 3032/3032/3032 3036/3036/3036
f 3023/3023/3023 3036/3036/3036 3038/3038/3038
f 2746/2746/2746 2897/2897/2897 2982/2982/2982
f 2938/2938/2938 3040/3040/3040 2939/2939/2939
f 2889/2889/2889 3041/3041/3041 2938/2938/2938
f 2890/2890/2890 2983/2983/2983 3042/3042/3042
f 2901/2901/2901 2899/2899/2899 2986/2986/2986
f 2899/2899/2899 2597/2597/2597 2986/2986/2986
f 2804/2804/2804 2857/2857/2857 2808/2808/2808
f 2904/2904/2904 2989/2989/2989 2805/2805/2805
f 2906/2906/2906 2812/2812/2812 2993/2993/2993
f 2908/2908/2908 2994/2994/2994 3044/3044/3044
f 2907/2907/2907 3043/3043/3043 3045/3045/3045
f 2708/2708/2708 2990/2990/2990 2946/2946/2946
f 2952/2952/2952 2994/2994/2994 2774/2774/2774
f 2912/2912/2912 2917/2917/2917 2956/2956/2956
f 2817/2817/2817 2997/2997/2997 2862/2862/2862
f 2715/2715/2715 3049/3049/3049 2819/2819/2819
f 3050/3050/3050 2958/2958/2958 2655/2655/2655
f 2863/2863/2863 3052/3052/3052 3000/3000/3000
f 2921/2921/2921 2863/2863/2863 3000/3000/3000
f 2869/2869/2869 3053/3053/3053 2962/2962/2962
f 2824/2824/2824 3002/3002/3002 3054/3054/3054
f 2824/2824/2824 3054/3054/3054 3003/3003/3003
f 2869/2869/2869 3055/3055/3055 3053/3053/3053
f 2819/2819/2819 3060/3060/3060 2839/2839/2839
f 2685/2685/2685 3003/3003/3003 2923/2923/2923
f 2837/2837/2837 3056/3056/3056 2963/2963/2963
f 2778/2778/2778 3004/3004/3004 3063/3063/3063
f 2868/2868/2868 3008/3008/3008 3012/3012/3012
f 2869/2869/2869 3013/3013/3013 3064/3064/3064
f 2778/2778/2778 3063/3063/3063 3011/3011/3011
f 2479/2479/2479 2930/2930/2930 2871/2871/2871
f 2841/2841/2841 2873/2873/2873 2366/2366/2366
f 2450/2450/2450 3065/3065/3065 2759/2759/2759
f 2450/2450/2450 2365/2365/2365 3065/3065/3065
f 2760/2760/2760 3014/3014/3014 2930/2930/2930
f 2757/2757/2757 3068/3068/3068 2761/2761/2761
f 2251/2251/2251 2581/2581/2581 2878/2878/2878
f 2659/2659/2659 3071/3071/3071 2931/2931/2931
f 2695/2695/2695 2880/2880/2880 2635/2635/2635
f 2846/2846/2846 2734/2734/2734 3072/3072/3072
f 2781/2781/2781 2931/2931/2931 3075/3075/3075
f 2883/2883/2883 2699/2699/2699 3019/3019/3019
f 2972/2972/2972 2973/2973/2973 2971/2971/2971
f 2742/2742/2742 2784/2784/2784 2789/2789/2789
f 3031/3031/3031 3028/3028/3028 3034/3034/3034
f 3024/3024/3024 3039/3039/3039 3026/3026/3026
f 3076/3076/3076 3078/3078/3078 3040/3040/3040
f 3076/3076/3076 3040/3040/3040 2938/2938/2938
f 2564/2564/2564 2982/2982/2982 3085/3085/3085
f 2983/2983/2983 2902/2902/2902 3088/3088/3088
f 2747/2747/2747 2894/2894/2894 2620/2620/2620
f 2596/2596/2596 3090/3090/3090 2798/2798/2798
f 2942/2942/2942 3092/3092/3092 2747/2747/2747
f 2564/2564/2564 3085/3085/3085 2943/2943/2943
f 2857/2857/2857 2941/2941/2941 3094/3094/3094
f 2796/2796/2796 2944/2944/2944 3095/3095/3095
f 2857/2857/2857 3094/3094/3094 3097/3097/3097
f 2857/2857/2857 3097/3097/3097 2808/2808/2808
f 3098/3098/3098 2750/2750/2750 3100/3100/3100
f 3105/3105/3105 2944/2944/2944 2806/2806/2806
f 2805/2805/2805 3046/3046/3046 3104/3104/3104
f 2907/2907/2907 3045/3045/3045 2988/2988/2988
f 2715/2715/2715 2996/2996/2996 3108/3108/3108
f 2956/2956/2956 3109/3109/3109 2952/2952/2952
f 2917/2917/2917 3109/3109/3109 2956/2956/2956
f 3110/3110/3110 3112/3112/3112 2959/2959/2959
f 2715/2715/2715 3108/3108/3108 3049/3049/3049
f 2863/2863/2863 2999/2999/2999 3052/3052/3052
f 2656/2656/2656 2919/2919/2919 3051/3051/3051
f 3052/3052/3052 3118/3118/3118 3001/3001/3001
f 3052/3052/3052 3001/3001/3001 3000/3000/3000
f 2919/2919/2919 3119/3119/3119 3001/3001/3001
f 2828/2828/2828 2964/2964/2964 3119/3119/3119
f 2923/2923/2923 3003/3003/3003 3005/3005/3005
f 3120/3120/3120 3003/3003/3003 3121/3121/3121
f 3120/3120/3120 3005/3005/3005 3003/3003/3003
f 3120/3120/3120 3124/3124/3124 3005/3005/3005
f 3120/3120/3120 3121/3121/3121 3124/3124/3124
f 3004/3004/3004 3123/3123/3123 3063/3063/3063
f 3013/3013/3013 3125/3125/3125 3064/3064/3064
f 2366/2366/2366 2873/2873/2873 3128/3128/3128
f 3014/3014/3014 3130/3130/3130 2930/2930/2930
f 2758/2758/2758 2764/2764/2764 3069/3069/3069
f 3068/3068/3068 3131/3131/3131 2761/2761/2761
f 2580/2580/2580 2759/2759/2759 3134/3134/3134
f 2843/2843/2843 2762/2762/2762 3071/3071/3071
f 2969/2969/2969 3137/3137/3137 2763/2763/2763
f 3072/3072/3072 3017/3017/3017 2846/2846/2846
f 2735/2735/2735 2782/2782/2782 3073/3073/3073
f 2882/2882/2882 2737/2737/2737 2933/2933/2933
f 2971/2971/2971 3140/3140/3140 2782/2782/2782
f 2740/2740/2740 3020/3020/3020 2935/2935/2935
f 2851/2851/2851 2976/2976/2976 2886/2886/2886
f 2513/2513/2513 2789/2789/2789 3143/3143/3143
f 2512/2512/2512 3142/3142/3142 2979/2979/2979
f 2767/2767/2767 2980/2980/2980 2794/2794/2794
f 3036/3036/3036 3078/3078/3078 3076/3076/3076
f 3076/3076/3076 2938/2938/2938 3036/3036/3036
f 2939/2939/2939 3040/3040/3040 3144/3144/3144
f 2596/2596/2596 2936/2936/2936 3090/3090/3090
f 2901/2901/2901 3146/3146/3146 3087/3087/3087
f 2799/2799/2799 3091/3091/3091 2941/2941/2941
f 2796/2796/2796 3095/3095/3095 2984/2984/2984
f 2805/2805/2805 2989/2989/2989 3046/3046/3046
f 2944/2944/2944 3105/3105/3105 3147/3147/3147
f 3105/3105/3105 3047/3047/3047 3147/3147/3147
f 2991/2991/2991 2808/2808/2808 3151/3151/3151
f 2990/2990/2990 3153/3153/3153 2946/2946/2946
f 2947/2947/2947 3156/3156/3156 2950/2950/2950
f 2861/2861/2861 2910/2910/2910 3157/3157/3157
f 3115/3115/3115 2952/2952/2952 3109/3109/3109
f 2914/2914/2914 2721/2721/2721 3159/3159/3159
f 2721/2721/2721 2962/2962/2962 3159/3159/3159
f 2961/2961/2961 3115/3115/3115 3109/3109/3109
f 2961/2961/2961 3109/3109/3109 2917/2917/2917
f 3111/3111/3111 2960/2960/2960 3113/3113/3113
f 2961/2961/2961 3051/3051/3051 3163/3163/3163
f 2919/2919/2919 3118/3118/3118 3163/3163/3163
f 2919/2919/2919 3163/3163/3163 3051/3051/3051
f 2828/2828/2828 3119/3119/3119 2919/2919/2919
f 3001/3001/3001 3119/3119/3119 3002/3002/3002
f 3054/3054/3054 3002/3002/3002 3119/3119/3119
f 3119/3119/3119 2964/2964/2964 3165/3165/3165
f 2964/2964/2964 3059/3059/3059 3165/3165/3165
f 2869/2869/2869 3064/3064/3064 3055/3055/3055
f 3121/3121/3121 3167/3167/3167 3124/3124/3124
f 2871/2871/2871 3125/3125/3125 3013/3013/3013
f 2871/2871/2871 3169/3169/3169 3125/3125/3125
f 2759/2759/2759 3065/3065/3065 3134/3134/3134
f 3014/3014/3014 2730/2730/2730 2878/2878/2878
f 3014/3014/3014 2878/2878/2878 3130/3130/3130
f 2365/2365/2365 3126/3126/3126 3065/3065/3065
f 2659/2659/2659 2843/2843/2843 3071/3071/3071
f 2635/2635/2635 3170/3170/3170 2970/2970/2970
f 2633/2633/2633 2968/2968/2968 3015/3015/3015
f 2781/2781/2781 3075/3075/3075 2933/2933/2933
f 2699/2699/2699 2881/2881/2881 3171/3171/3171
f 2935/2935/2935 3177/3177/3177 3179/3179/3179
f 2935/2935/2935 3179/3179/3179 2784/2784/2784
f 2851/2851/2851 2886/2886/2886 2974/2974/2974
f 3037/3037/3037 3029/3029/3029 3180/3180/3180
f 3036/3036/3036 3182/3182/3182 3078/3078/3078
f 2938/2938/2938 3183/3183/3183 3036/3036/3036
f 2938/2938/2938 3041/3041/3041 3183/3183/3183
f 2895/2895/2895 2982/2982/2982 2897/2897/2897
f 2981/2981/2981 2892/2892/2892 3083/3083/3083
f 2940/2940/2940 3145/3145/3145 2937/2937/2937
f 2983/2983/2983 3185/3185/3185 3042/3042/3042
f 3088/3088/3088 3185/3185/3185 2983/2983/2983
f 2747/2747/2747 3092/3092/3092 2894/2894/2894
f 2901/2901/2901 2986/2986/2986 3146/3146/3146
f 2943/2943/2943 3085/3085/3085 3093/3093/3093
f 2752/2752/2752 2914/2914/2914 3102/3102/3102
f 3044/3044/3044 2994/2994/2994 3188/3188/3188
f 3048/3048/3048 3044/3044/3044 3189/3189/3189
f 3044/3044/3044 3188/3188/3188 3189/3189/3189
f 2991/2991/2991 3151/3151/3151 3156/3156/3156
f 2952/2952/2952 3115/3115/3115 2994/2994/2994
f 2961/2961/2961 3163/3163/3163 3115/3115/3115
f 3117/3117/3117 3190/3190/3190 3192/3192/3192
f 3118/3118/3118 3052/3052/3052 3191/3191/3191
f 2962/2962/2962 3053/3053/3053 3193/3193/3193
f 3118/3118/3118 2919/2919/2919 3001/3001/3001
f 3058/3058/3058 3194/3194/3194 3164/3164/3164
f 3003/3003/3003 3054/3054/3054 3121/3121/3121
f 3054/3054/3054 3199/3199/3199 3121/3121/3121
f 2874/2874/2874 3201/3201/3201 3204/3204/3204
f 2874/2874/2874 3011/3011/3011 3201/3201/3201
f 2871/2871/2871 2930/2930/2930 3169/3169/3169
f 3134/3134/3134 3065/3065/3065 3205/3205/3205
f 2581/2581/2581 3136/3136/3136 2878/2878/2878
f 3074/3074/3074 3070/3070/3070 3131/3131/3131
f 2931/2931/2931 3071/3071/3071 3075/3075/3075
f 3073/3073/3073 2782/2782/2782 3209/3209/3209
f 2933/2933/2933 3075/3075/3075 3211/3211/3211
f 2882/2882/2882 2933/2933/2933 3211/3211/3211
f 2882/2882/2882 3211/3211/3211 3175/3175/3175
f 2971/2971/2971 2973/2973/2973 3140/3140/3140
f 2700/2700/2700 3176/3176/3176 3020/3020/3020
f 2935/2935/2935 3020/3020/3020 3177/3177/3177
f 2789/2789/2789 2784/2784/2784 3179/3179/3179
f 2974/2974/2974 2886/2886/2886 3213/3213/3213
f 2852/2852/2852 2977/2977/2977 3214/3214/3214
f 3030/3030/3030 3027/3027/3027 3217/3217/3217
f 3039/3039/3039 3218/3218/3218 3026/3026/3026
f 3181/3181/3181 3035/3035/3035 3077/3077/3077
f 3038/3038/3038 3036/3036/3036 3183/3183/3183
f 2893/2893/2893 3220/3220/3220 3084/3084/3084
f 2937/2937/2937 3222/3222/3222 3091/3091/3091
f 3092/3092/3092 3224/3224/3224 2894/2894/2894
f 2944/2944/2944 3226/3226/3226 3095/3095/3095
f 3099/3099/3099 3101/3101/3101 2751/2751/2751
f 3096/3096/3096 3232/3232/3232 2807/2807/2807
f 2808/2808/2808 3235/3235/3235 3151/3151/3151
f 3189/3189/3189 3238/3238/3238 3048/3048/3048
f 3241/3241/3241 3189/3189/3189 3188/3188/3188
f 3242/3242/3242 3151/3151/3151 3245/3245/3245
f 3155/3155/3155 3247/3247/3247 2909/2909/2909
f 3241/3241/3241 3251/3251/3251 3238/3238/3238
f 2909/2909/2909 2949/2949/2949 3155/3155/3155
f 3242/3242/3242 3245/3245/3245 3252/3252/3252
f 3243/3243/3243 3253/3253/3253 3255/3255/3255
f 3243/3243/3243 3255/3255/3255 3152/3152/3152
f 3253/3253/3253 3257/3257/3257 3255/3255/3255
f 3190/3190/3190 3256/3256/3256 3192/3192/3192
f 3114/3114/3114 3161/3161/3161 3258/3258/3258
f 3058/3058/3058 3261/3261/3261 3194/3194/3194
f 3054/3054/3054 3119/3119/3119 3263/3263/3263
f 3054/3054/3054 3263/3263/3263 3199/3199/3199
f 3064/3064/3064 3265/3265/3265 3055/3055/3055
f 3166/3166/3166 3062/3062/3062 3122/3122/3122
f 3064/3064/3064 3125/3125/3125 3266/3266/3266
f 3169/3169/3169 3266/3266/3266 3125/3125/3125
f 3128/3128/3128 2873/2873/2873 3067/3067/3067
f 3065/3065/3065 3126/3126/3126 3267/3267/3267
f 2763/2763/2763 3131/3131/3131 3068/3068/3068
f 3137/3137/3137 3269/3269/3269 2763/2763/2763
f 2635/2635/2635 3274/3274/3274 3170/3170/3170
f 2635/2635/2635 2880/2880/2880 3274/3274/3274
f 3170/3170/3170 3270/3270/3270 2970/2970/2970
f 3138/3138/3138 2970/2970/2970 3270/3270/3270
f 2782/2782/2782 3140/3140/3140 3209/3209/3209
f 3177/3177/3177 3020/3020/3020 3280/3280/3280
f 2973/2973/2973 2974/2974/2974 3140/3140/3140
f 2974/2974/2974 3213/3213/3213 3140/3140/3140
f 2789/2789/2789 3179/3179/3179 3143/3143/3143
f 2886/2886/2886 2853/2853/2853 3213/3213/3213
f 2853/2853/2853 3282/3282/3282 3213/3213/3213
f 2980/2980/2980 3283/3283/3283 2794/2794/2794
f 3180/3180/3180 3029/3029/3029 3285/3285/3285
f 3037/3037/3037 3180/3180/3180 3079/3079/3079
f 3039/3039/3039 3184/3184/3184 3218/3218/3218
f 3040/3040/3040 3078/3078/3078 3144/3144/3144
f 2894/2894/2894 3224/3224/3224 3288/3288/3288
f 3091/3091/3091 3222/3222/3222 2941/2941/2941
f 3085/3085/3085 3292/3292/3292 3093/3093/3093
f 2941/2941/2941 3293/3293/3293 3094/3094/3094
f 3095/3095/3095 3226/3226/3226 2984/2984/2984
f 3148/3148/3148 3227/3227/3227 2945/2945/2945
f 2915/2915/2915 3295/3295/3295 3103/3103/3103
f 3048/3048/3048 3238/3238/3238 3150/3150/3150
f 3189/3189/3189 3241/3241/3241 3238/3238/3238
f 3238/3238/3238 3251/3251/3251 3246/3246/3246
f 2914/2914/2914 3296/3296/3296 3294/3294/3294
f 2915/2915/2915 2996/2996/2996 3297/3297/3297
f 2949/2949/2949 3299/3299/3299 3155/3155/3155
f 2950/2950/2950 3156/3156/3156 3254/3254/3254
f 2949/2949/2949 3299/3299/3299 3155/3155/3155
f 2948/2948/2948 3154/3154/3154 3298/3298/3298
f 2995/2995/2995 2913/2913/2913 3106/3106/3106
f 3254/3254/3254 3300/3300/3300 2950/2950/2950
f 3107/3107/3107 2914/2914/2914 3159/3159/3159
f 3256/3256/3256 3302/3302/3302 3192/3192/3192
f 3117/3117/3117 3192/3192/3192 3305/3305/3305
f 3160/3160/3160 3116/3116/3116 3303/3303/3303
f 3053/3053/3053 3055/3055/3055 3193/3193/3193
f 3119/3119/3119 3165/3165/3165 3306/3306/3306
f 3119/3119/3119 3306/3306/3306 3263/3263/3263
f 3055/3055/3055 3265/3265/3265 3307/3307/3307
f 3166/3166/3166 3309/3309/3309 3062/3062/3062
f 3063/3063/3063 3312/3312/3312 3011/3011/3011
f 3064/3064/3064 3266/3266/3266 3265/3265/3265
f 3011/3011/3011 3313/3313/3313 3316/3316/3316
f 3011/3011/3011 3316/3316/3316 3201/3201/3201
f 3168/3168/3168 2929/2929/2929 3318/3318/3318
f 2873/2873/2873 3202/3202/3202 3067/3067/3067
f 3127/3127/3127 3066/3066/3066 3268/3268/3268
f 3131/3131/3131 2763/2763/2763 3269/3269/3269
f 3170/3170/3170 3320/3320/3320 3270/3270/3270
f 3324/3324/3324 3072/3072/3072 2879/2879/2879
f 3017/3017/3017 3072/3072/3072 3324/3324/3324
f 3075/3075/3075 3325/3325/3325 3327/3327/3327
f 3211/3211/3211 3075/3075/3075 3327/3327/3327
f 3172/3172/3172 3329/3329/3329 3333/3333/3333
f 3174/3174/3174 3326/3326/3326 3331/3331/3331
f 3333/3333/3333 3329/3329/3329 3335/3335/3335
f 3173/3173/3173 3334/3334/3334 3330/3330/3330
f 3020/3020/3020 3176/3176/3176 3280/3280/3280
f 3338/3338/3338 3179/3179/3179 3177/3177/3177
f 2980/2980/2980 3340/3340/3340 3341/3341/3341
f 3143/3143/3143 3179/3179/3179 3340/3340/3340
f 3141/3141/3141 3339/3339/3339 2978/2978/2978
f 2853/2853/2853 3342/3342/3342 3282/3282/3282
f 2980/2980/2980 3341/3341/3341 3283/3283/3283
f 2795/2795/2795 3284/3284/3284 3343/3343/3343
f 2977/2977/2977 3344/3344/3344 3214/3214/3214
f 3346/3346/3346 3349/3349/3349 3285/3285/3285
f 3180/3180/3180 3285/3285/3285 3349/3349/3349
f 3220/3220/3220 3351/3351/3351 3084/3084/3084
f 2937/2937/2937 3145/3145/3145 3356/3356/3356
f 3042/3042/3042 3185/3185/3185 3358/3358/3358
f 3092/3092/3092 3291/3291/3291 3224/3224/3224
f 2986/2986/2986 3359/3359/3359 3146/3146/3146
f 3094/3094/3094 3293/3293/3293 3097/3097/3097
f 3149/3149/3149 3361/3361/3361 3228/3228/3228
f 2753/2753/2753 3103/3103/3103 2996/2996/2996
f 2808/2808/2808 3233/3233/3233 3235/3235/3235
f 2994/2994/2994 3115/3115/3115 3188/3188/3188
f 3239/3239/3239 3186/3186/3186 3364/3364/3364
f 3250/3250/3250 3240/3240/3240 3367/3367/3367
f 3250/3250/3250 3367/3367/3367 3244/3244/3244
f 3155/3155/3155 3299/3299/3299 3368/3368/3368
f 2910/2910/2910 3248/3248/3248 3157/3157/3157
f 2861/2861/2861 3157/3157/3157 2957/2957/2957
f 3114/3114/3114 3258/3258/3258 3370/3370/3370
f 3191/3191/3191 3052/3052/3052 3257/3257/3257
f 2957/2957/2957 3157/3157/3157 2998/2998/2998
f 3193/3193/3193 3055/3055/3055 3307/3307/3307
f 3260/3260/3260 3057/3057/3057 3372/3372/3372
f 2819/2819/2819 3373/3373/3373 3060/3060/3060
f 3306/3306/3306 3165/3165/3165 3375/3375/3375
f 3306/3306/3306 3375/3375/3375 3263/3263/3263
f 3121/3121/3121 3378/3378/3378 3167/3167/3167
f 3062/3062/3062 3309/3309/3309 3379/3379/3379
f 3166/3166/3166 3381/3381/3381 3309/3309/3309
f 3312/3312/3312 3063/3063/3063 3380/3380/3380
f 3310/3310/3310 3308/3308/3308 3061/3061/3061
f 3062/3062/3062 3309/3309/3309 3311/3311/3311
f 3316/3316/3316 3313/3313/3313 3383/3383/3383
f 3169/3169/3169 3384/3384/3384 3385/3385/3385
f 3201/3201/3201 3387/3387/3387 3204/3204/3204
f 3203/3203/3203 3386/3386/3386 3389/3389/3389
f 3202/3202/3202 3388/3388/3388 3067/3067/3067
f 3129/3129/3129 2875/2875/2875 2928/2928/2928
f 3135/3135/3135 3388/3388/3388 2876/2876/2876
f 3067/3067/3067 3390/3390/3390 3206/3206/3206
f 3272/3272/3272 3208/3208/3208 3392/3392/3392
f 3208/3208/3208 3272/3272/3272 3395/3395/3395
f 2761/2761/2761 3131/3131/3131 3070/3070/3070
f 3324/3324/3324 2879/2879/2879 3017/3017/3017
f 3075/3075/3075 3132/3132/3132 3325/3325/3325
f 3073/3073/3073 3209/3209/3209 3396/3396/3396
f 3174/3174/3174 3210/3210/3210 3326/3326/3326
f 3334/3334/3334 3336/3336/3336 3330/3330/3330
f 3341/3341/3341 3397/3397/3397 3283/3283/3283
f 2853/2853/2853 3215/3215/3215 3342/3342/3342
f 2795/2795/2795 3343/3343/3343 3022/3022/3022
f 3215/3215/3215 3345/3345/3345 3342/3342/3342
f 2977/2977/2977 3399/3399/3399 3344/3344/3344
f 2977/2977/2977 3021/3021/3021 3399/3399/3399
f 3030/3030/3030 3400/3400/3400 3286/3286/3286
f 3084/3084/3084 3351/3351/3351 3401/3401/3401
f 3085/3085/3085 3402/3402/3402 3404/3404/3404
f 3145/3145/3145 3081/3081/3081 3356/3356/3356
f 3221/3221/3221 2894/2894/2894 3288/3288/3288
f 3042/3042/3042 3358/3358/3358 3184/3184/3184
f 3358/3358/3358 3185/3185/3185 3406/3406/3406
f 3225/3225/3225 3292/3292/3292 3289/3289/3289
f 3297/3297/3297 2996/2996/2996 3408/3408/3408
f 3151/3151/3151 3254/3254/3254 3156/3156/3156
f 3155/3155/3155 3409/3409/3409 3247/3247/3247
f 3155/3155/3155 3411/3411/3411 3409/3409/3409
f 3257/3257/3257 3253/3253/3253 3246/3246/3246
f 3301/3301/3301 3414/3414/3414 3369/3369/3369
f 3301/3301/3301 3255/3255/3255 3414/3414/3414
f 3158/3158/3158 3249/3249/3249 3414/3414/3414
f 3107/3107/3107 3159/3159/3159 3415/3415/3415
f 3256/3256/3256 3244/3244/3244 3417/3417/3417
f 3114/3114/3114 3370/3370/3370 3418/3418/3418
f 3108/3108/3108 3416/3416/3416 3049/3049/3049
f 3193/3193/3193 3307/3307/3307 2962/2962/2962
f 2819/2819/2819 3049/3049/3049 3420/3420/3420
f 2819/2819/2819 3420/3420/3420 3373/3373/3373
f 3262/3262/3262 3373/3373/3373 3196/3196/3196
f 3164/3164/3164 3194/3194/3194 3421/3421/3421
f 3263/3263/3263 3375/3375/3375 3199/3199/3199
f 3121/3121/3121 3199/3199/3199 3378/3378/3378
f 3379/3379/3379 3309/3309/3309 3381/3381/3381
f 3166/3166/3166 3376/3376/3376 3381/3381/3381
f 3011/3011/3011 3312/3312/3312 3313/3313/3313
f 3266/3266/3266 3169/3169/3169 3424/3424/3424
f 3169/3169/3169 3385/3385/3385 3424/3424/3424
f 3169/3169/3169 3319/3319/3319 3384/3384/3384
f 3426/3426/3426 2929/2929/2929 3427/3427/3427
f 2877/2877/2877 3427/3427/3427 2929/2929/2929
f 3067/3067/3067 3388/3388/3388 3390/3390/3390
f 3272/3272/3272 3392/3392/3392 3133/3133/3133
f 3133/3133/3133 3392/3392/3392 3431/3431/3431
f 3170/3170/3170 3274/3274/3274 3320/3320/3320
f 3072/3072/3072 3273/3273/3273 2879/2879/2879
f 3073/3073/3073 3433/3433/3433 3275/3275/3275
f 3073/3073/3073 3396/3396/3396 3433/3433/3433
f 3209/3209/3209 3436/3436/3436 3396/3396/3396
f 3176/3176/3176 3332/3332/3332 3280/3280/3280
f 3177/3177/3177 3280/3280/3280 3338/3338/3338
f 3340/3340/3340 3437/3437/3437 3341/3341/3341
f 3340/3340/3340 3438/3438/3438 3437/3437/3437
f 3341/3341/3341 3437/3437/3437 3397/3397/3397
f 3348/3348/3348 3286/3286/3286 3439/3439/3439
f 3347/3347/3347 3440/3440/3440 3350/3350/3350
f 3184/3184/3184 3442/3442/3442 3218/3218/3218
f 3085/3085/3085 3404/3404/3404 3444/3444/3444
f 2937/2937/2937 3356/3356/3356 3222/3222/3222
f 3085/3085/3085 3444/3444/3444 3292/3292/3292
f 3185/3185/3185 3446/3446/3446 3406/3406/3406
f 3185/3185/3185 3088/3088/3088 3446/3446/3446
f 3362/3362/3362 3448/3448/3448 3229/3229/3229
f 3231/3231/3231 3449/3449/3449 3451/3451/3451
f 3231/3231/3231 3452/3452/3452 2987/2987/2987
f 3150/3150/3150 3238/3238/3238 3363/3363/3363
f 3238/3238/3238 3451/3451/3451 3363/3363/3363
f 3454/3454/3454 3231/3231/3231 3238/3238/3238
f 3235/3235/3235 3097/3097/3097 3455/3455/3455
f 3234/3234/3234 3232/3232/3232 3096/3096/3096
f 3151/3151/3151 3235/3235/3235 3245/3245/3245
f 3294/3294/3294 3296/3296/3296 3407/3407/3407
f 3187/3187/3187 3418/3418/3418 3365/3365/3365
f 3114/3114/3114 3418/3418/3418 3187/3187/3187
f 3414/3414/3414 3249/3249/3249 3410/3410/3410
f 3155/3155/3155 3368/3368/3368 3411/3411/3411
f 3256/3256/3256 3417/3417/3417 3458/3458/3458
f 3256/3256/3256 3458/3458/3458 3460/3460/3460
f 3159/3159/3159 2962/2962/2962 3461/3461/3461
f 3463/3463/3463 3158/3158/3158 3414/3414/3414
f 3052/3052/3052 3465/3465/3465 3257/3257/3257
f 3256/3256/3256 3460/3460/3460 3302/3302/3302
f 3302/3302/3302 3467/3467/3467 3192/3192/3192
f 3192/3192/3192 3467/3467/3467 3305/3305/3305
f 3466/3466/3466 3259/3259/3259 3162/3162/3162
f 3466/3466/3466 3162/3162/3162 3304/3304/3304
f 3164/3164/3164 3468/3468/3468 3374/3374/3374
f 3375/3375/3375 3473/3473/3473 3199/3199/3199
f 3374/3374/3374 3468/3468/3468 3470/3470/3470
f 3377/3377/3377 3198/3198/3198 3474/3474/3474
f 3381/3381/3381 3311/3311/3311 3379/3379/3379
f 3313/3313/3313 3312/3312/3312 3383/3383/3383
f 3201/3201/3201 3476/3476/3476 3387/3387/3387
f 2929/2929/2929 3426/3426/3426 3318/3318/3318
f 3388/3388/3388 3206/3206/3206 3390/3390/3390
f 3428/3428/3428 3391/3391/3391 3477/3477/3477
f 2877/2877/2877 3389/3389/3389 3427/3427/3427
f 3388/3388/3388 3135/3135/3135 3206/3206/3206
f 3132/3132/3132 3429/3429/3429 3482/3482/3482
f 3274/3274/3274 3432/3432/3432 3486/3486/3486
f 3271/3271/3271 3321/3321/3321 3393/3393/3393
f 3132/3132/3132 3489/3489/3489 3325/3325/3325
f 3132/3132/3132 3491/3491/3491 3489/3489/3489
f 3209/3209/3209 3140/3140/3140 3436/3436/3436
f 3332/3332/3332 3328/3328/3328 3280/3280/3280
f 3337/3337/3337 3276/3276/3276 3178/3178/3178
f 3340/3340/3340 3179/3179/3179 3438/3438/3438
f 3212/3212/3212 3493/3493/3493 3494/3494/3494
f 3281/3281/3281 3493/3493/3493 3212/3212/3212
f 3342/3342/3342 3497/3497/3497 3282/3282/3282
f 3284/3284/3284 3499/3499/3499 3343/3343/3343
f 3022/3022/3022 3343/3343/3343 3500/3500/3500
f 3079/3079/3079 3180/3180/3180 3501/3501/3501
f 3404/3404/3404 3402/3402/3402 3353/3353/3353
f 3403/3403/3403 3221/3221/3221 3288/3288/3288
f 3358/3358/3358 3442/3442/3442 3184/3184/3184
f 3289/3289/3289 3444/3444/3444 3404/3404/3404
f 3503/3503/3503 3354/3354/3354 3505/3505/3505
f 3355/3355/3355 3504/3504/3504 3506/3506/3506
f 3504/3504/3504 3506/3506/3506 3355/3355/3355
f 3289/3289/3289 3292/3292/3292 3444/3444/3444
f 3086/3086/3086 3405/3405/3405 3445/3445/3445
f 3088/3088/3088 3446/3446/3446 3406/3406/3406
f 3146/3146/3146 3359/3359/3359 3087/3087/3087
f 3295/3295/3295 3508/3508/3508 3103/3103/3103
f 3449/3449/3449 3363/3363/3363 3451/3451/3451
f 3097/3097/3097 3293/3293/3293 3455/3455/3455
f 3230/3230/3230 3450/3450/3450 3237/3237/3237
f 3231/3231/3231 3454/3454/3454 3452/3452/3452
f 3238/3238/3238 3246/3246/3246 3510/3510/3510
f 3236/3236/3236 3456/3456/3456 3246/3246/3246
f 3417/3417/3417 3244/3244/3244 3458/3458/3458
f 3159/3159/3159 3461/3461/3461 3415/3415/3415
f 3415/3415/3415 3461/3461/3461 3511/3511/3511
f 3369/3369/3369 3414/3414/3414 3412/3412/3412
f 3049/3049/3049 3416/3416/3416 3513/3513/3513
f 3462/3462/3462 3413/3413/3413 3464/3464/3464
f 3463/3463/3463 3465/3465/3465 3158/3158/3158
f 3302/3302/3302 3460/3460/3460 3467/3467/3467
f 3052/3052/3052 2999/2999/2999 3465/3465/3465
f 3423/3423/3423 3195/3195/3195 3514/3514/3514
f 3265/3265/3265 3517/3517/3517 3307/3307/3307
f 3265/3265/3265 3521/3521/3521 3517/3517/3517
f 3522/3522/3522 3525/3525/3525 3518/3518/3518
f 3382/3382/3382 3377/3377/3377 3529/3529/3529
f 3377/3377/3377 3474/3474/3474 3529/3529/3529
f 3382/3382/3382 3529/3529/3529 3312/3312/3312
f 3265/3265/3265 3524/3524/3524 3521/3521/3521
f 3264/3264/3264 3530/3530/3530 3523/3523/3523
f 3312/3312/3312 3529/3529/3529 3383/3383/3383
f 3316/3316/3316 3383/3383/3383 3534/3534/3534
f 3201/3201/3201 3536/3536/3536 3476/3476/3476
f 3535/3535/3535 3200/3200/3200 3315/3315/3315
f 3476/3476/3476 3539/3539/3539 3387/3387/3387
f 3389/3389/3389 3386/3386/3386 3427/3427/3427
f 3426/3426/3426 3541/3541/3541 3318/3318/3318
f 3274/3274/3274 3486/3486/3486 3320/3320/3320
f 3395/3395/3395 3323/3323/3323 3543/3543/3543
f 3394/3394/3394 3542/3542/3542 3207/3207/3207
f 3132/3132/3132 3482/3482/3482 3491/3491/3491
f 3325/3325/3325 3489/3489/3489 3327/3327/3327
f 3139/3139/3139 3544/3544/3544 3434/3434/3434
f 3139/3139/3139 3494/3494/3494 3544/3544/3544
f 3139/3139/3139 3212/3212/3212 3494/3494/3494
f 3438/3438/3438 3546/3546/3546 3437/3437/3437
f 3179/3179/3179 3546/3546/3546 3438/3438/3438
f 3283/3283/3283 3397/3397/3397 3493/3493/3493
f 3283/3283/3283 3493/3493/3493 3498/3498/3498
f 3345/3345/3345 3548/3548/3548 3342/3342/3342
f 3348/3348/3348 3439/3439/3439 3549/3549/3549
f 3348/3348/3348 3551/3551/3551 3441/3441/3441
f 3030/3030/3030 3217/3217/3217 3553/3553/3553
f 3218/3218/3218 3555/3555/3555 3026/3026/3026
f 3440/3440/3440 3502/3502/3502 3350/3350/3350
f 3349/3349/3349 3501/3501/3501 3180/3180/3180
f 3403/3403/3403 3352/3352/3352 3221/3221/3221
f 3080/3080/3080 3557/3557/3557 3558/3558/3558
f 3357/3357/3357 3082/3082/3082 3559/3559/3559
f 3357/3357/3357 3559/3559/3559 3560/3560/3560
f 3358/3358/3358 3406/3406/3406 3561/3561/3561
f 3287/3287/3287 3563/3563/3563 3290/3290/3290
f 2941/2941/2941 3222/3222/3222 3565/3565/3565
f 3510/3510/3510 3452/3452/3452 3454/3454/3454
f 2996/2996/2996 3103/3103/3103 3408/3408/3408
f 3509/3509/3509 3453/3453/3453 3567/3567/3567
f 3294/3294/3294 3407/3407/3407 3569/3569/3569
f 3246/3246/3246 3570/3570/3570 3510/3510/3510
f 3367/3367/3367 3572/3572/3572 3244/3244/3244
f 3410/3410/3410 3412/3412/3412 3414/3414/3414
f 3511/3511/3511 3461/3461/3461 3407/3407/3407
f 3512/3512/3512 3513/3513/3513 3416/3416/3416
f 3255/3255/3255 3257/3257/3257 3414/3414/3414
f 3257/3257/3257 3465/3465/3465 3414/3414/3414
f 2999/2999/2999 3158/3158/3158 3465/3465/3465
f 3196/3196/3196 3373/3373/3373 3420/3420/3420
f 3164/3164/3164 3421/3421/3421 3468/3468/3468
f 3471/3471/3471 3469/3469/3469 3573/3573/3573
f 3528/3528/3528 3524/3524/3524 3521/3521/3521
f 3265/3265/3265 3266/3266/3266 3532/3532/3532
f 3266/3266/3266 3424/3424/3424 3532/3532/3532
f 3430/3430/3430 3479/3479/3479 3484/3484/3484
f 3426/3426/3426 3427/3427/3427 3575/3575/3575
f 3208/3208/3208 3543/3543/3543 3323/3323/3323
f 3579/3579/3579 3488/3488/3488 3433/3433/3433
f 3580/3580/3580 3582/3582/3582 3587/3587/3587
f 3581/3581/3581 3591/3591/3591 3593/3593/3593
f 3581/3581/3581 3593/3593/3593 3594/3594/3594
f 3328/3328/3328 3490/3490/3490 3595/3595/3595
f 3328/3328/3328 3595/3595/3595 3280/3280/3280
f 3544/3544/3544 3596/3596/3596 3434/3434/3434
f 3544/3544/3544 3597/3597/3597 3596/3596/3596
f 3544/3544/3544 3494/3494/3494 3597/3597/3597
f 3545/3545/3545 3277/3277/3277 3598/3598/3598
f 3179/3179/3179 3280/3280/3280 3546/3546/3546
f 3493/3493/3493 3397/3397/3397 3494/3494/3494
f 3497/3497/3497 3342/3342/3342 3602/3602/3602
f 3399/3399/3399 3021/3021/3021 3603/3603/3603
f 3030/3030/3030 3553/3553/3553 3400/3400/3400
f 3080/3080/3080 3606/3606/3606 3557/3557/3557
f 3502/3502/3502 3606/3606/3606 3080/3080/3080
f 3442/3442/3442 3607/3607/3607 3218/3218/3218
f 3356/3356/3356 3608/3608/3608 3222/3222/3222
f 3289/3289/3289 3611/3611/3611 3564/3564/3564
f 3406/3406/3406 3446/3446/3446 3561/3561/3561
f 3089/3089/3089 3360/3360/3360 3447/3447/3447
f 3294/3294/3294 3612/3612/3612 3507/3507/3507
f 3613/3613/3613 3456/3456/3456 3566/3566/3566
f 3103/3103/3103 3614/3614/3614 3408/3408/3408
f 3510/3510/3510 3613/3613/3613 3452/3452/3452
f 3238/3238/3238 3510/3510/3510 3568/3568/3568
f 3238/3238/3238 3568/3568/3568 3454/3454/3454
f 3407/3407/3407 3461/3461/3461 3569/3569/3569
f 3244/3244/3244 3572/3572/3572 3458/3458/3458
f 3370/3370/3370 3615/3615/3615 3418/3418/3418
f 3461/3461/3461 2962/2962/2962 3617/3617/3617
f 3371/3371/3371 3259/3259/3259 3459/3459/3459
f 3459/3459/3459 3259/3259/3259 3466/3466/3466
f 3422/3422/3422 3618/3618/3618 3469/3469/3469
f 3424/3424/3424 3621/3621/3621 3532/3532/3532
f 3385/3385/3385 3623/3623/3623 3424/3424/3424
f 3535/3535/3535 3315/3315/3315 3626/3626/3626
f 3483/3483/3483 3478/3478/3478 3627/3627/3627
f 3476/3476/3476 3536/3536/3536 3539/3539/3539
f 3319/3319/3319 3631/3631/3631 3384/3384/3384
f 3317/3317/3317 3540/3540/3540 3629/3629/3629
f 3427/3427/3427 3386/3386/3386 3538/3538/3538
f 3208/3208/3208 3634/3634/3634 3392/3392/3392
f 3322/3322/3322 3487/3487/3487 3636/3636/3636
f 3595/3595/3595 3492/3492/3492 3322/3322/3322
f 3490/3490/3490 3492/3492/3492 3595/3595/3595
f 3396/3396/3396 3637/3637/3637 3433/3433/3433
f 3581/3581/3581 3594/3594/3594 3586/3586/3586
f 3595/3595/3595 3638/3638/3638 3639/3639/3639
f 3597/3597/3597 3638/3638/3638 3596/3596/3596
f 3437/3437/3437 3638/3638/3638 3494/3494/3494
f 3597/3597/3597 3494/3494/3494 3638/3638/3638
f 3546/3546/3546 3638/3638/3638 3437/3437/3437
f 3546/3546/3546 3639/3639/3639 3638/3638/3638
f 3278/3278/3278 3640/3640/3640 3599/3599/3599
f 3437/3437/3437 3494/3494/3494 3642/3642/3642
f 3496/3496/3496 3644/3644/3644 3281/3281/3281
f 3644/3644/3644 3493/3493/3493 3281/3281/3281
f 3644/3644/3644 3498/3498/3498 3493/3493/3493
f 3343/3343/3343 3499/3499/3499 3500/3500/3500
f 3342/3342/3342 3548/3548/3548 3602/3602/3602
f 3500/3500/3500 3604/3604/3604 3022/3022/3022
f 3399/3399/3399 3603/3603/3603 3344/3344/3344
f 3348/3348/3348 3549/3549/3549 3551/3551/3551
f 3026/3026/3026 3555/3555/3555 3216/3216/3216
f 3440/3440/3440 3646/3646/3646 3648/3648/3648
f 3440/3440/3440 3648/3648/3648 3502/3502/3502
f 3218/3218/3218 3650/3650/3650 3555/3555/3555
f 3557/3557/3557 3606/3606/3606 3652/3652/3652
f 3219/3219/3219 3655/3655/3655 3657/3657/3657
f 3218/3218/3218 3607/3607/3607 3654/3654/3654
f 3358/3358/3358 3561/3561/3561 3658/3658/3658
f 3292/3292/3292 3564/3564/3564 3289/3289/3289
f 3507/3507/3507 3612/3612/3612 3288/3288/3288
f 3508/3508/3508 3289/3289/3289 3103/3103/3103
f 2941/2941/2941 3565/3565/3565 3293/3293/3293
f 3565/3565/3565 3455/3455/3455 3293/3293/3293
f 3613/3613/3613 3566/3566/3566 3452/3452/3452
f 3510/3510/3510 3570/3570/3570 3613/3613/3613
f 3456/3456/3456 3613/3613/3613 3570/3570/3570
f 3246/3246/3246 3456/3456/3456 3570/3570/3570
f 3418/3418/3418 3615/3615/3615 3365/3365/3365
f 3371/3371/3371 3660/3660/3660 3616/3616/3616
f 2962/2962/2962 3307/3307/3307 3617/3617/3617
f 3660/3660/3660 3371/3371/3371 3459/3459/3459
f 3457/3457/3457 3660/3660/3660 3459/3459/3459
f 3307/3307/3307 3517/3517/3517 3662/3662/3662
f 3514/3514/3514 3195/3195/3195 3419/3419/3419
f 3526/3526/3526 3663/3663/3663 3419/3419/3419
f 3663/3663/3663 3514/3514/3514 3419/3419/3419
f 3526/3526/3526 3419/3419/3419 3516/3516/3516
f 3514/3514/3514 3620/3620/3620 3423/3423/3423
f 3519/3519/3519 3526/3526/3526 3516/3516/3516
f 3514/3514/3514 3665/3665/3665 3620/3620/3620
f 3527/3527/3527 3668/3668/3668 3672/3672/3672
f 3197/3197/3197 3472/3472/3472 3674/3674/3674
f 3520/3520/3520 3668/3668/3668 3527/3527/3527
f 3532/3532/3532 3678/3678/3678 3524/3524/3524
f 3532/3532/3532 3621/3621/3621 3680/3680/3680
f 3621/3621/3621 3424/3424/3424 3623/3623/3623
f 3383/3383/3383 3529/3529/3529 3681/3681/3681
f 3385/3385/3385 3384/3384/3384 3623/3623/3623
f 3384/3384/3384 3631/3631/3631 3623/3623/3623
f 3535/3535/3535 3626/3626/3626 3537/3537/3537
f 3392/3392/3392 3626/3626/3626 3481/3481/3481
f 3392/3392/3392 3683/3683/3683 3626/3626/3626
f 3492/3492/3492 3485/3485/3485 3480/3480/3480
f 3492/3492/3492 3480/3480/3480 3322/3322/3322
f 3426/3426/3426 3575/3575/3575 3685/3685/3685
f 3208/3208/3208 3323/3323/3323 3634/3634/3634
f 3577/3577/3577 3636/3636/3636 3487/3487/3487
f 3577/3577/3577 3585/3585/3585 3636/3636/3636
f 3433/3433/3433 3687/3687/3687 3579/3579/3579
f 3583/3583/3583 3688/3688/3688 3588/3588/3588
f 3584/3584/3584 3692/3692/3692 3694/3694/3694
f 3436/3436/3436 3698/3698/3698 3396/3396/3396
f 3595/3595/3595 3699/3699/3699 3638/3638/3638
f 3595/3595/3595 3639/3639/3639 3280/3280/3280
f 3601/3601/3601 3280/3280/3280 3639/3639/3639
f 3638/3638/3638 3699/3699/3699 3596/3596/3596
f 3641/3641/3641 3279/3279/3279 3600/3600/3600
f 3601/3601/3601 3639/3639/3639 3546/3546/3546
f 3497/3497/3497 3702/3702/3702 3645/3645/3645
f 3498/3498/3498 3644/3644/3644 3700/3700/3700
f 3441/3441/3441 3551/3551/3551 3647/3647/3647
f 3218/3218/3218 3656/3656/3656 3650/3650/3650
f 3607/3607/3607 3442/3442/3442 3654/3654/3654
f 3358/3358/3358 3658/3658/3658 3442/3442/3442
f 3223/3223/3223 3609/3609/3609 3703/3703/3703
f 3223/3223/3223 3703/3703/3703 3704/3704/3704
f 3360/3360/3360 3562/3562/3562 3447/3447/3447
f 3566/3566/3566 3223/3223/3223 3452/3452/3452
f 3289/3289/3289 3708/3708/3708 3103/3103/3103
f 2987/2987/2987 3452/3452/3452 3360/3360/3360
f 3457/3457/3457 3709/3709/3709 3660/3660/3660
f 3307/3307/3307 3662/3662/3662 3710/3710/3710
f 3516/3516/3516 3419/3419/3419 3661/3661/3661
f 3515/3515/3515 3711/3711/3711 3666/3666/3666
f 3664/3664/3664 3672/3672/3672 3515/3515/3515
f 3515/3515/3515 3672/3672/3672 3711/3711/3711
f 3665/3665/3665 3715/3715/3715 3620/3620/3620
f 3675/3675/3675 3717/3717/3717 3198/3198/3198
f 3524/3524/3524 3671/3671/3671 3521/3521/3521
f 3524/3524/3524 3678/3678/3678 3671/3671/3671
f 3531/3531/3531 3679/3679/3679 3676/3676/3676
f 3534/3534/3534 3383/3383/3383 3681/3681/3681
f 3628/3628/3628 3479/3479/3479 3484/3484/3484
f 3533/3533/3533 3625/3625/3625 3314/3314/3314
f 3540/3540/3540 3684/3684/3684 3629/3629/3629
f 3626/3626/3626 3683/3683/3683 3537/3537/3537
f 3538/3538/3538 3720/3720/3720 3427/3427/3427
f 3683/3683/3683 3392/3392/3392 3634/3634/3634
f 3322/3322/3322 3480/3480/3480 3624/3624/3624
f 3540/3540/3540 3425/3425/3425 3684/3684/3684
f 3575/3575/3575 3427/3427/3427 3685/3685/3685
f 3636/3636/3636 3695/3695/3695 3322/3322/3322
f 3585/3585/3585 3695/3695/3695 3636/3636/3636
f 3576/3576/3576 3688/3688/3688 3583/3583/3583
f 3433/3433/3433 3637/3637/3637 3687/3687/3687
f 3586/3586/3586 3594/3594/3594 3693/3693/3693
f 3595/3595/3595 3322/3322/3322 3695/3695/3695
f 3589/3589/3589 3721/3721/3721 3592/3592/3592
f 3725/3725/3725 3726/3726/3726 3593/3593/3593
f 3693/3693/3693 3594/3594/3594 3696/3696/3696
f 3595/3595/3595 3695/3695/3695 3699/3699/3699
f 3594/3594/3594 3593/3593/3593 3726/3726/3726
f 3699/3699/3699 3695/3695/3695 3727/3727/3727
f 3434/3434/3434 3596/3596/3596 3727/3727/3727
f 3727/3727/3727 3596/3596/3596 3699/3699/3699
f 3495/3495/3495 3398/3398/3398 3643/3643/3643
f 3499/3499/3499 3701/3701/3701 3729/3729/3729
f 3497/3497/3497 3602/3602/3602 3732/3732/3732
f 3497/3497/3497 3732/3732/3732 3702/3702/3702
f 3499/3499/3499 3729/3729/3729 3500/3500/3500
f 3602/3602/3602 3734/3734/3734 3732/3732/3732
f 3602/3602/3602 3548/3548/3548 3734/3734/3734
f 3500/3500/3500 3735/3735/3735 3604/3604/3604
f 3737/3737/3737 3739/3739/3739 3742/3742/3742
f 3655/3655/3655 3743/3743/3743 3657/3657/3657
f 3558/3558/3558 3557/3557/3557 3652/3652/3652
f 3609/3609/3609 3357/3357/3357 3703/3703/3703
f 3288/3288/3288 3612/3612/3612 3610/3610/3610
f 3223/3223/3223 3704/3704/3704 3452/3452/3452
f 3294/3294/3294 3744/3744/3744 3612/3612/3612
f 3569/3569/3569 3461/3461/3461 3744/3744/3744
f 3461/3461/3461 3617/3617/3617 3745/3745/3745
f 3660/3660/3660 3709/3709/3709 3616/3616/3616
f 3049/3049/3049 3513/3513/3513 3746/3746/3746
f 3307/3307/3307 3710/3710/3710 3617/3617/3617
f 3527/3527/3527 3672/3672/3672 3664/3664/3664
f 3674/3674/3674 3472/3472/3472 3747/3747/3747
f 3674/3674/3674 3747/3747/3747 3749/3749/3749
f 3618/3618/3618 3751/3751/3751 3469/3469/3469
f 3574/3574/3574 3747/3747/3747 3472/3472/3472
f 3474/3474/3474 3755/3755/3755 3529/3529/3529
f 3629/3629/3629 3684/3684/3684 3757/3757/3757
f 3683/3683/3683 3626/3626/3626 3634/3634/3634
f 3625/3625/3625 3682/3682/3682 3633/3633/3633
f 3322/3322/3322 3624/3624/3624 3632/3632/3632
f 3537/3537/3537 3683/3683/3683 3634/3634/3634
f 3635/3635/3635 3720/3720/3720 3538/3538/3538
f 3427/3427/3427 3720/3720/3720 3685/3685/3685
f 3590/3590/3590 3689/3689/3689 3722/3722/3722
f 3594/3594/3594 3726/3726/3726 3761/3761/3761
f 3594/3594/3594 3761/3761/3761 3696/3696/3696
f 3437/3437/3437 3642/3642/3642 3397/3397/3397
f 3729/3729/3729 3735/3735/3735 3500/3500/3500
f 3344/3344/3344 3603/3603/3603 3738/3738/3738
f 3739/3739/3739 3605/3605/3605 3742/3742/3742
f 3439/3439/3439 3762/3762/3762 3549/3549/3549
f 3549/3549/3549 3764/3764/3764 3551/3551/3551
f 3549/3549/3549 3762/3762/3762 3764/3764/3764
f 3551/3551/3551 3649/3649/3649 3647/3647/3647
f 3502/3502/3502 3648/3648/3648 3763/3763/3763
f 3765/3765/3765 3767/3767/3767 3768/3768/3768
f 3559/3559/3559 3653/3653/3653 3743/3743/3743
f 3559/3559/3559 3743/3743/3743 3655/3655/3655
f 3655/3655/3655 3659/3659/3659 3559/3559/3559
f 3443/3443/3443 3659/3659/3659 3655/3655/3655
f 3357/3357/3357 3560/3560/3560 3703/3703/3703
f 3562/3562/3562 3560/3560/3560 3659/3659/3659
f 3564/3564/3564 3708/3708/3708 3289/3289/3289
f 3452/3452/3452 3704/3704/3704 3360/3360/3360
f 3103/3103/3103 3708/3708/3708 3614/3614/3614
f 3569/3569/3569 3744/3744/3744 3294/3294/3294
f 3614/3614/3614 3512/3512/3512 3408/3408/3408
f 3571/3571/3571 3366/3366/3366 3769/3769/3769
f 3366/3366/3366 3616/3616/3616 3769/3769/3769
f 3457/3457/3457 3769/3769/3769 3709/3709/3709
f 3420/3420/3420 3049/3049/3049 3746/3746/3746
f 3666/3666/3666 3711/3711/3711 3771/3771/3771
f 3671/3671/3671 3678/3678/3678 3774/3774/3774
f 3198/3198/3198 3717/3717/3717 3474/3474/3474
f 3573/3573/3573 3469/3469/3469 3775/3775/3775
f 3534/3534/3534 3681/3681/3681 3777/3777/3777
f 3625/3625/3625 3533/3533/3533 3757/3757/3757
f 3625/3625/3625 3757/3757/3757 3633/3633/3633
f 3396/3396/3396 3779/3779/3779 3637/3637/3637
f 3396/3396/3396 3698/3698/3698 3779/3779/3779
f 3701/3701/3701 3731/3731/3731 3729/3729/3729
f 3732/3732/3732 3734/3734/3734 3730/3730/3730
f 3345/3345/3345 3739/3739/3739 3548/3548/3548
f 3439/3439/3439 3286/3286/3286 3780/3780/3780
f 3762/3762/3762 3439/3439/3439 3780/3780/3780
f 3400/3400/3400 3780/3780/3780 3286/3286/3286
f 3648/3648/3648 3550/3550/3550 3763/3763/3763
f 3782/3782/3782 3784/3784/3784 3787/3787/3787
f 3782/3782/3782 3765/3765/3765 3784/3784/3784
f 3768/3768/3768 3784/3784/3784 3765/3765/3765
f 3606/3606/3606 3789/3789/3789 3652/3652/3652
f 3659/3659/3659 3560/3560/3560 3559/3559/3559
f 3360/3360/3360 3704/3704/3704 3562/3562/3562
f 3461/3461/3461 3745/3745/3745 3744/3744/3744
f 3458/3458/3458 3572/3572/3572 3770/3770/3770
f 3709/3709/3709 3769/3769/3769 3616/3616/3616
f 3675/3675/3675 3750/3750/3750 3717/3717/3717
f 3667/3667/3667 3792/3792/3792 3716/3716/3716
f 3670/3670/3670 3794/3794/3794 3673/3673/3673
f 3619/3619/3619 3713/3713/3713 3752/3752/3752
f 3469/3469/3469 3751/3751/3751 3775/3775/3775
f 3680/3680/3680 3796/3796/3796 3678/3678/3678
f 3777/3777/3777 3681/3681/3681 3797/3797/3797
f 3630/3630/3630 3799/3799/3799 3801/3801/3801
f 3758/3758/3758 3799/3799/3799 3630/3630/3630
f 3757/3757/3757 3684/3684/3684 3719/3719/3719
f 3633/3633/3633 3757/3757/3757 3719/3719/3719
f 3578/3578/3578 3803/3803/3803 3690/3690/3690
f 3761/3761/3761 3807/3807/3807 3696/3696/3696
f 3727/3727/3727 3695/3695/3695 3808/3808/3808
f 3435/3435/3435 3728/3728/3728 3811/3811/3811
f 3400/3400/3400 3553/3553/3553 3780/3780/3780
f 3780/3780/3780 3812/3812/3812 3762/3762/3762
f 3764/3764/3764 3762/3762/3762 3815/3815/3815
f 3555/3555/3555 3552/3552/3552 3216/3216/3216
f 3765/3765/3765 3782/3782/3782 3767/3767/3767
f 3651/3651/3651 3743/3743/3743 3556/3556/3556
f 3502/3502/3502 3763/3763/3763 3817/3817/3817
f 3651/3651/3651 3657/3657/3657 3743/3743/3743
f 3703/3703/3703 3560/3560/3560 3704/3704/3704
f 3704/3704/3704 3560/3560/3560 3562/3562/3562
f 3420/3420/3420 3746/3746/3746 3820/3820/3820
f 3662/3662/3662 3822/3822/3822 3710/3710/3710
f 3673/3673/3673 3823/3823/3823 3712/3712/3712
f 3794/3794/3794 3823/3823/3823 3673/3673/3673
f 3714/3714/3714 3824/3824/3824 3753/3753/3753
f 3756/3756/3756 3475/3475/3475 3718/3718/3718
f 3681/3681/3681 3529/3529/3529 3827/3827/3827
f 3529/3529/3529 3828/3828/3828 3827/3827/3827
f 3621/3621/3621 3829/3829/3829 3832/3832/3832
f 3621/3621/3621 3623/3623/3623 3802/3802/3802
f 3621/3621/3621 3802/3802/3802 3829/3829/3829
f 3630/3630/3630 3801/3801/3801 3622/3622/3622
f 3534/3534/3534 3777/3777/3777 3759/3759/3759
f 3578/3578/3578 3686/3686/3686 3833/3833/3833
f 3578/3578/3578 3833/3833/3833 3803/3803/3803
f 3723/3723/3723 3691/3691/3691 3804/3804/3804
f 3761/3761/3761 3726/3726/3726 3838/3838/3838
f 3807/3807/3807 3761/3761/3761 3838/3838/3838
f 3728/3728/3728 3809/3809/3809 3811/3811/3811
f 3735/3735/3735 3729/3729/3729 3733/3733/3733
f 3739/3739/3739 3737/3737/3737 3548/3548/3548
f 3762/3762/3762 3812/3812/3812 3839/3839/3839
f 3762/3762/3762 3839/3839/3839 3815/3815/3815
f 3781/3781/3781 3840/3840/3840 3842/3842/3842
f 3763/3763/3763 3814/3814/3814 3817/3817/3817
f 3556/3556/3556 3743/3743/3743 3554/3554/3554
f 3781/3781/3781 3842/3842/3842 3766/3766/3766
f 3502/3502/3502 3817/3817/3817 3606/3606/3606
f 3766/3766/3766 3842/3842/3842 3843/3843/3843
f 3653/3653/3653 3846/3846/3846 3743/3743/3743
f 3767/3767/3767 3844/3844/3844 3768/3768/3768
f 3610/3610/3610 3612/3612/3612 3847/3847/3847
f 3617/3617/3617 3848/3848/3848 3745/3745/3745
f 3617/3617/3617 3710/3710/3710 3848/3848/3848
f 3746/3746/3746 3850/3850/3850 3820/3820/3820
f 3661/3661/3661 3419/3419/3419 3818/3818/3818
f 3661/3661/3661 3818/3818/3818 3821/3821/3821
f 3667/3667/3667 3772/3772/3772 3792/3792/3792
f 3669/3669/3669 3773/3773/3773 3793/3793/3793
f 3529/3529/3529 3755/3755/3755 3851/3851/3851
f 3678/3678/3678 3853/3853/3853 3774/3774/3774
f 3677/3677/3677 3795/3795/3795 3852/3852/3852
f 3574/3574/3574 3776/3776/3776 3747/3747/3747
f 3621/3621/3621 3832/3832/3832 3680/3680/3680
f 3681/3681/3681 3827/3827/3827 3797/3797/3797
f 3758/3758/3758 3854/3854/3854 3799/3799/3799
f 3687/3687/3687 3637/3637/3637 3836/3836/3836
f 3695/3695/3695 3806/3806/3806 3808/3808/3808
f 3735/3735/3735 3856/3856/3856 3604/3604/3604
f 3604/3604/3604 3856/3856/3856 3740/3740/3740
f 3785/3785/3785 3783/3783/3783 3858/3858/3858
f 3768/3768/3768 3860/3860/3860 3784/3784/3784
f 3768/3768/3768 3844/3844/3844 3860/3860/3860
f 3862/3862/3862 3860/3860/3860 3844/3844/3844
f 3512/3512/3512 3864/3864/3864 3513/3513/3513
f 3771/3771/3771 3711/3711/3711 3865/3865/3865
f 3750/3750/3750 3867/3867/3867 3717/3717/3717
f 3749/3749/3749 3747/3747/3747 3866/3866/3866
f 3716/3716/3716 3792/3792/3792 3826/3826/3826
f 3775/3775/3775 3751/3751/3751 3868/3868/3868
f 3747/3747/3747 3776/3776/3776 3872/3872/3872
f 3529/3529/3529 3851/3851/3851 3828/3828/3828
f 3801/3801/3801 3799/3799/3799 3874/3874/3874
f 3760/3760/3760 3778/3778/3778 3878/3878/3878
f 3855/3855/3855 3760/3760/3760 3880/3880/3880
f 3805/3805/3805 3834/3834/3834 3724/3724/3724
f 3725/3725/3725 3835/3835/3835 3726/3726/3726
f 3435/3435/3435 3811/3811/3811 3697/3697/3697
f 3733/3733/3733 3856/3856/3856 3735/3735/3735
f 3548/3548/3548 3742/3742/3742 3857/3857/3857
f 3736/3736/3736 3741/3741/3741 3547/3547/3547
f 3816/3816/3816 3813/3813/3813 3881/3881/3881
f 3606/3606/3606 3817/3817/3817 3789/3789/3789
f 3652/3652/3652 3789/3789/3789 3845/3845/3845
f 3860/3860/3860 3884/3884/3884 3784/3784/3784
f 3860/3860/3860 3862/3862/3862 3884/3884/3884
f 3611/3611/3611 3889/3889/3889 3564/3564/3564
f 3564/3564/3564 3889/3889/3889 3708/3708/3708
f 3893/3893/3893 3708/3708/3708 3564/3564/3564
f 3708/3708/3708 3894/3894/3894 3614/3614/3614
f 3612/3612/3612 3744/3744/3744 3847/3847/3847
f 3822/3822/3822 3819/3819/3819 3710/3710/3710
f 3865/3865/3865 3895/3895/3895 3771/3771/3771
f 3771/3771/3771 3895/3895/3895 3900/3900/3900
f 3756/3756/3756 3718/3718/3718 3904/3904/3904
f 3775/3775/3775 3868/3868/3868 3871/3871/3871
f 3828/3828/3828 3851/3851/3851 3903/3903/3903
f 3827/3827/3827 3905/3905/3905 3797/3797/3797
f 3798/3798/3798 3906/3906/3906 3878/3878/3878
f 3778/3778/3778 3798/3798/3798 3878/3878/3878
f 3829/3829/3829 3802/3802/3802 3876/3876/3876
f 3760/3760/3760 3878/3878/3878 3880/3880/3880
f 3838/3838/3838 3810/3810/3810 3807/3807/3807
f 3548/3548/3548 3857/3857/3857 3734/3734/3734
f 3780/3780/3780 3908/3908/3908 3812/3812/3812
f 3743/3743/3743 3910/3910/3910 3554/3554/3554
f 3789/3789/3789 3909/3909/3909 3845/3845/3845
f 3843/3843/3843 3911/3911/3911 3861/3861/3861
f 3862/3862/3862 3913/3913/3913 3884/3884/3884
f 3610/3610/3610 3917/3917/3917 3888/3888/3888
f 3614/3614/3614 3894/3894/3894 3512/3512/3512
f 3744/3744/3744 3745/3745/3745 3847/3847/3847
f 3512/3512/3512 3894/3894/3894 3864/3864/3864
f 3513/3513/3513 3864/3864/3864 3746/3746/3746
f 3772/3772/3772 3902/3902/3902 3918/3918/3918
f 3865/3865/3865 3711/3711/3711 3920/3920/3920
f 3793/3793/3793 3773/3773/3773 3923/3923/3923
f 3867/3867/3867 3927/3927/3927 3717/3717/3717
f 3755/3755/3755 3903/3903/3903 3851/3851/3851
f 3904/3904/3904 3718/3718/3718 3928/3928/3928
f 3796/3796/3796 3680/3680/3680 3832/3832/3832
f 3827/3827/3827 3828/3828/3828 3905/3905/3905
f 3829/3829/3829 3876/3876/3876 3832/3832/3832
f 3836/3836/3836 3637/3637/3637 3930/3930/3930
f 3726/3726/3726 3835/3835/3835 3838/3838/3838
f 3553/3553/3553 3931/3931/3931 3780/3780/3780
f 3812/3812/3812 3908/3908/3908 3839/3839/3839
f 3743/3743/3743 3846/3846/3846 3910/3910/3910
f 3886/3886/3886 3890/3890/3890 3705/3705/3705
f 3884/3884/3884 3913/3913/3913 3933/3933/3933
f 3708/3708/3708 3937/3937/3937 3894/3894/3894
f 3772/3772/3772 3918/3918/3918 3792/3792/3792
f 3794/3794/3794 3939/3939/3939 3823/3823/3823
f 3825/3825/3825 3869/3869/3869 3754/3754/3754
f 3747/3747/3747 3925/3925/3925 3866/3866/3866
f 3794/3794/3794 3924/3924/3924 3939/3939/3939
f 3873/3873/3873 3870/3870/3870 3748/3748/3748
f 3718/3718/3718 3943/3943/3943 3928/3928/3928
f 3828/3828/3828 3944/3944/3944 3905/3905/3905
f 3800/3800/3800 3947/3947/3947 3875/3875/3875
f 3637/3637/3637 3779/3779/3779 3930/3930/3930
f 3838/3838/3838 3835/3835/3835 3949/3949/3949
f 3839/3839/3839 3908/3908/3908 3815/3815/3815
f 3817/3817/3817 3907/3907/3907 3789/3789/3789
f 3610/3610/3610 3847/3847/3847 3917/3917/3917
f 3745/3745/3745 3950/3950/3950 3847/3847/3847
f 3745/3745/3745 3863/3863/3863 3950/3950/3950
f 3745/3745/3745 3848/3848/3848 3863/3863/3863
f 3710/3710/3710 3952/3952/3952 3848/3848/3848
f 3710/3710/3710 3819/3819/3819 3952/3952/3952
f 3865/3865/3865 3954/3954/3954 3895/3895/3895
f 3901/3901/3901 3896/3896/3896 3961/3961/3961
f 3920/3920/3920 3954/3954/3954 3865/3865/3865
f 3712/3712/3712 3967/3967/3967 3921/3921/3921
f 3823/3823/3823 3967/3967/3967 3712/3712/3712
f 3922/3922/3922 3968/3968/3968 3938/3938/3938
f 3825/3825/3825 3790/3790/3790 3968/3968/3968
f 3825/3825/3825 3968/3968/3968 3969/3969/3969
f 3923/3923/3923 3773/3773/3773 3971/3971/3971
f 3717/3717/3717 3927/3927/3927 3974/3974/3974
f 3853/3853/3853 3975/3975/3975 3774/3774/3774
f 3717/3717/3717 3974/3974/3974 3942/3942/3942
f 3853/3853/3853 3977/3977/3977 3975/3975/3975
f 3975/3975/3975 3977/3977/3977 3981/3981/3981
f 3854/3854/3854 3879/3879/3879 3799/3799/3799
f 3946/3946/3946 3799/3799/3799 3982/3982/3982
f 3837/3837/3837 3948/3948/3948 3984/3984/3984
f 3781/3781/3781 3786/3786/3786 3840/3840/3840
f 3780/3780/3780 3931/3931/3931 3908/3908/3908
f 3882/3882/3882 3814/3814/3814 3817/3817/3817
f 3789/3789/3789 3986/3986/3986 3989/3989/3989
f 3789/3789/3789 3989/3989/3989 3909/3909/3909
f 3843/3843/3843 3842/3842/3842 3991/3991/3991
f 3783/3783/3783 3883/3883/3883 3858/3858/3858
f 3843/3843/3843 3991/3991/3991 3911/3911/3911
f 3891/3891/3891 3887/3887/3887 3915/3915/3915
f 3892/3892/3892 3916/3916/3916 3706/3706/3706
f 3708/3708/3708 3995/3995/3995 3937/3937/3937
f 3901/3901/3901 3961/3961/3961 3996/3996/3996
f 3996/3996/3996 3961/3961/3961 3998/3998/3998
f 3901/3901/3901 3896/3896/3896 3961/3961/3961
f 3900/3900/3900 3960/3960/3960 3895/3895/3895
f 3902/3902/3902 4004/4004/4004 3918/3918/3918
f 3967/3967/3967 4005/4005/4005 3921/3921/3921
f 3918/3918/3918 4006/4006/4006 3792/3792/3792
f 3969/3969/3969 3968/3968/3968 3922/3922/3922
f 3825/3825/3825 3969/3969/3969 3869/3869/3869
f 3923/3923/3923 3971/3971/3971 3970/3970/3970
f 3980/3980/3980 3976/3976/3976 3943/3943/3943
f 3905/3905/3905 3944/3944/3944 3877/3877/3877
f 3831/3831/3831 3875/3875/3875 4007/4007/4007
f 3880/3880/3880 3878/3878/3878 4008/4008/4008
f 3799/3799/3799 3879/3879/3879 3982/3982/3982
f 3779/3779/3779 3698/3698/3698 4010/4010/4010
f 3697/3697/3697 3811/3811/3811 4009/4009/4009
f 3814/3814/3814 3907/3907/3907 3817/3817/3817
f 3789/3789/3789 3907/3907/3907 3986/3986/3986
f 3885/3885/3885 4014/4014/4014 3859/3859/3859
f 3707/3707/3707 3917/3917/3917 3994/3994/3994
f 3850/3850/3850 3746/3746/3746 3953/3953/3953
f 3901/3901/3901 3996/3996/3996 4002/4002/4002
f 3896/3896/3896 3955/3955/3955 3961/3961/3961
f 3748/3748/3748 3973/3973/3973 3926/3926/3926
f 3748/3748/3748 3870/3870/3870 3973/3973/3973
f 3970/3970/3970 4015/4015/4015 3870/3870/3870
f 3970/3970/3970 3971/3971/3971 4018/4018/4018
f 3970/3970/3970 4018/4018/4018 4015/4015/4015
f 3774/3774/3774 3975/3975/3975 3972/3972/3972
f 3981/3981/3981 4020/4020/4020 3975/3975/3975
f 3903/3903/3903 4021/4021/4021 3828/3828/3828
f 3852/3852/3852 3795/3795/3795 4024/4024/4024
f 3852/3852/3852 4024/4024/4024 3976/3976/3976
f 3976/3976/3976 4025/4025/4025 3943/3943/3943
f 3828/3828/3828 4026/4026/4026 3944/3944/3944
f 3947/3947/3947 4028/4028/4028 3875/3875/3875
f 4008/4008/4008 3983/3983/3983 3880/3880/3880
f 3949/3949/3949 3835/3835/3835 3929/3929/3929
f 3811/3811/3811 3809/3809/3809 4029/4029/4029
f 3788/3788/3788 4031/4031/4031 3841/3841/3841
f 3788/3788/3788 3859/3859/3859 4031/4031/4031
f 3859/3859/3859 4032/4032/4032 4031/4031/4031
f 3987/3987/3987 3908/3908/3908 4033/4033/4033
f 3842/3842/3842 3840/3840/3840 3991/3991/3991
f 4037/4037/4037 4014/4014/4014 3885/3885/3885
f 3884/3884/3884 4038/4038/4038 4036/4036/4036
f 3884/3884/3884 3933/3933/3933 4042/4042/4042
f 3894/3894/3894 3951/3951/3951 3864/3864/3864
f 3746/3746/3746 4045/4045/4045 3953/3953/3953
f 3961/3961/3961 3955/3955/3955 3998/3998/3998
f 3962/3962/3962 3956/3956/3956 3897/3897/3897
f 3921/3921/3921 4005/4005/4005 3959/3959/3959
f 3918/3918/3918 4004/4004/4004 4046/4046/4046
f 3918/3918/3918 4050/4050/4050 4006/4006/4006
f 3918/3918/3918 4046/4046/4046 4052/4052/4052
f 3967/3967/3967 3823/3823/3823 4058/4058/4058
f 3823/3823/3823 3939/3939/3939 4058/4058/4058
f 3940/3940/3940 3973/3973/3973 4015/4015/4015
f 3975/3975/3975 4020/4020/4020 3972/3972/3972
f 3941/3941/3941 4016/4016/4016 3978/3978/3978
f 3795/3795/3795 3830/3830/3830 4024/4024/4024
f 3904/3904/3904 3928/3928/3928 4025/4025/4025
f 3828/3828/3828 4021/4021/4021 4026/4026/4026
f 3875/3875/3875 4028/4028/4028 4007/4007/4007
f 4008/4008/4008 4027/4027/4027 4028/4028/4028
f 3878/3878/3878 4027/4027/4027 4008/4008/4008
f 3878/3878/3878 3945/3945/3945 4027/4027/4027
f 4008/4008/4008 4028/4028/4028 3983/3983/3983
f 4028/4028/4028 3947/3947/3947 3983/3983/3983
f 3949/3949/3949 3929/3929/3929 3985/3985/3985
f 3911/3911/3911 3991/3991/3991 4012/4012/4012
f 4059/4059/4059 3912/3912/3912 4013/4013/4013
f 3917/3917/3917 3847/3847/3847 3994/3994/3994
f 3884/3884/3884 4042/4042/4042 4038/4038/4038
f 3934/3934/3934 3914/3914/3914 4062/4062/4062
f 3863/3863/3863 3848/3848/3848 4063/4063/4063
f 3896/3896/3896 4065/4065/4065 3961/3961/3961
f 4005/4005/4005 3967/3967/3967 4070/4070/4070
f 3919/3919/3919 4054/4054/4054 4051/4051/4051
f 3792/3792/3792 4006/4006/4006 4073/4073/4073
f 3968/3968/3968 4074/4074/4074 3938/3938/3938
f 3938/3938/3938 4074/4074/4074 4055/4055/4055
f 3968/3968/3968 3790/3790/3790 4074/4074/4074
f 3979/3979/3979 4017/4017/4017 4019/4019/4019
f 3943/3943/3943 4025/4025/4025 3928/3928/3928
f 3976/3976/3976 4024/4024/4024 4025/4025/4025
f 3831/3831/3831 4007/4007/4007 4077/4077/4077
f 4028/4028/4028 4027/4027/4027 4007/4007/4007
f 3810/3810/3810 3838/3838/3838 4079/4079/4079
f 3809/3809/3809 4078/4078/4078 4029/4029/4029
f 3908/3908/3908 3931/3931/3931 4033/4033/4033
f 3990/3990/3990 3932/3932/3932 3554/3554/3554
f 4030/4030/4030 3991/3991/3991 3840/3840/3840
f 3554/3554/3554 3910/3910/3910 3990/3990/3990
f 3859/3859/3859 4014/4014/4014 4032/4032/4032
f 3950/3950/3950 4081/4081/4081 3847/3847/3847
f 3864/3864/3864 4045/4045/4045 3746/3746/3746
f 3864/3864/3864 4043/4043/4043 4045/4045/4045
f 3848/3848/3848 4082/4082/4082 4084/4084/4084
f 3963/3963/3963 4068/4068/4068 3957/3957/3957
f 4004/4004/4004 4086/4086/4086 4087/4087/4087
f 3899/3899/3899 3958/3958/3958 4069/4069/4069
f 3899/3899/3899 4069/4069/4069 4091/4091/4091
f 3898/3898/3898 4089/4089/4089 4066/4066/4066
f 3967/3967/3967 4058/4058/4058 4070/4070/4070
f 4073/4073/4073 4006/4006/4006 4094/4094/4094
f 3870/3870/3870 4015/4015/4015 3973/3973/3973
f 4025/4025/4025 4022/4022/4022 3904/3904/3904
f 4024/4024/4024 3830/3830/3830 4076/4076/4076
f 3985/3985/3985 3929/3929/3929 4095/4095/4095
f 3992/3992/3992 4032/4032/4032 4014/4014/4014
f 3847/3847/3847 4098/4098/4098 3994/3994/3994
f 4037/4037/4037 4099/4099/4099 4014/4014/4014
f 4037/4037/4037 4039/4039/4039 4099/4099/4099
f 3933/3933/3933 4044/4044/4044 4042/4042/4042
f 3934/3934/3934 4062/4062/4062 4045/4045/4045
f 3848/3848/3848 3952/3952/3952 4082/4082/4082
f 3849/3849/3849 3952/3952/3952 3819/3819/3819
f 4005/4005/4005 4070/4070/4070 3959/3959/3959
f 4067/4067/4067 4092/4092/4092 3966/3966/3966
f 4069/4069/4069 4057/4057/4057 4091/4091/4091
f 3791/3791/3791 4071/4071/4071 4075/4075/4075
f 4025/4025/4025 4024/4024/4024 4022/4022/4022
f 4027/4027/4027 4102/4102/4102 4007/4007/4007
f 3779/3779/3779 4096/4096/4096 3930/3930/3930
f 3779/3779/3779 4010/4010/4010 4096/4096/4096
f 3932/3932/3932 3990/3990/3990 4034/4034/4034
f 3986/3986/3986 4103/4103/4103 3989/3989/3989
f 3992/3992/3992 4031/4031/4031 4032/4032/4032
f 4098/4098/4098 3847/3847/3847 4107/4107/4107
f 4060/4060/4060 4014/4014/4014 4099/4099/4099
f 3894/3894/3894 3937/3937/3937 3951/3951/3951
f 3863/3863/3863 4063/4063/4063 4040/4040/4040
f 4043/4043/4043 3864/3864/3864 4041/4041/4041
f 3997/3997/3997 4000/4000/4000 4109/4109/4109
f 4114/4114/4114 4110/4110/4110 4001/4001/4001
f 3997/3997/3997 4109/4109/4109 4115/4115/4115
f 3997/3997/3997 4115/4115/4115 4003/4003/4003
f 4003/4003/4003 4115/4115/4115 4085/4085/4085
f 4070/4070/4070 3966/3966/3966 4092/4092/4092
f 4091/4091/4091 4120/4120/4120 3965/3965/3965
f 4006/4006/4006 4050/4050/4050 4094/4094/4094
f 4056/4056/4056 4075/4075/4075 4122/4122/4122
f 4007/4007/4007 4125/4125/4125 4077/4077/4077
f 4007/4007/4007 4102/4102/4102 4125/4125/4125
f 3985/3985/3985 4079/4079/4079 3838/3838/3838
f 3811/3811/3811 4029/4029/4029 4009/4009/4009
f 4035/4035/4035 4105/4105/4105 3988/3988/3988
f 4034/4034/4034 3990/3990/3990 4104/4104/4104
f 4097/4097/4097 4106/4106/4106 3993/3993/3993
f 4061/4061/4061 4100/4100/4100 3914/3914/3914
f 4062/4062/4062 3914/3914/3914 4127/4127/4127
f 4045/4045/4045 4062/4062/4062 4128/4128/4128
f 3848/3848/3848 4084/4084/4084 4063/4063/4063
f 3952/3952/3952 4130/4130/4130 4082/4082/4082
f 4108/4108/4108 4111/4111/4111 3999/3999/3999
f 4001/4001/4001 4114/4114/4114 4110/4110/4110
f 4001/4001/4001 3959/3959/3959 4114/4114/4114
f 3964/3964/3964 4119/4119/4119 4090/4090/4090
f 4004/4004/4004 4087/4087/4087 4046/4046/4046
f 4123/4123/4123 4132/4132/4132 4057/4057/4057
f 4075/4075/4075 4071/4071/4071 4122/4122/4122
f 4072/4072/4072 4093/4093/4093 4123/4123/4123
f 4024/4024/4024 4101/4101/4101 4022/4022/4022
f 4024/4024/4024 4076/4076/4076 4124/4124/4124
f 4024/4024/4024 4124/4124/4124 4101/4101/4101
f 4027/4027/4027 4023/4023/4023 4102/4102/4102
f 4135/4135/4135 4138/4138/4138 4140/4140/4140
f 3993/3993/3993 4106/4106/4106 4141/4141/4141
f 4127/4127/4127 3914/3914/3914 4100/4100/4100
f 4039/4039/4039 4143/4143/4143 4099/4099/4099
f 4062/4062/4062 4127/4127/4127 4128/4128/4128
f 4082/4082/4082 4130/4130/4130 4084/4084/4084
f 3953/3953/3953 4045/4045/4045 4131/4131/4131
f 4115/4115/4115 4109/4109/4109 4146/4146/4146
f 4118/4118/4118 4147/4147/4147 4148/4148/4148
f 3959/3959/3959 4070/4070/4070 4114/4114/4114
f 4057/4057/4057 4132/4132/4132 4091/4091/4091
f 4120/4120/4120 4132/4132/4132 4049/4049/4049
f 4049/4049/4049 4132/4132/4132 4093/4093/4093
f 4010/4010/4010 4150/4150/4150 4096/4096/4096
f 4095/4095/4095 4149/4149/4149 3985/3985/3985
f 4029/4029/4029 4078/4078/4078 4151/4151/4151
f 4136/4136/4136 4133/4133/4133 4154/4154/4154
f 4138/4138/4138 4159/4159/4159 4140/4140/4140
f 3847/3847/3847 4081/4081/4081 4160/4160/4160
f 3995/3995/3995 4142/4142/4142 3937/3937/3937
f 4080/4080/4080 4162/4162/4162 3935/3935/3935
f 4063/4063/4063 4164/4164/4164 4040/4040/4040
f 4129/4129/4129 4166/4166/4166 4083/4083/4083
f 4084/4084/4084 4167/4167/4167 4168/4168/4168
f 4109/4109/4109 4169/4169/4169 4146/4146/4146
f 4118/4118/4118 4148/4148/4148 4173/4173/4173
f 4173/4173/4173 4148/4148/4148 4177/4177/4177
f 4110/4110/4110 4114/4114/4114 4170/4170/4170
f 4178/4178/4178 4112/4112/4112 4180/4180/4180
f 4112/4112/4112 4178/4178/4178 4185/4185/4185
f 4172/4172/4172 4088/4088/4088 4117/4117/4117
f 4178/4178/4178 4185/4185/4185 4180/4180/4180
f 4179/4179/4179 4181/4181/4181 4186/4186/4186
f 4086/4086/4086 4116/4116/4116 4087/4087/4087
f 4092/4092/4092 4190/4190/4190 4070/4070/4070
f 4120/4120/4120 4091/4091/4091 4132/4132/4132
f 4092/4092/4092 4121/4121/4121 4190/4190/4190
f 4123/4123/4123 4093/4093/4093 4132/4132/4132
f 3985/3985/3985 4149/4149/4149 4152/4152/4152
f 3985/3985/3985 4152/4152/4152 4079/4079/4079
f 3847/3847/3847 4160/4160/4160 4107/4107/4107
f 3937/3937/3937 4142/4142/4142 4161/4161/4161
f 4081/4081/4081 3936/3936/3936 4160/4160/4160
f 4081/4081/4081 3950/3950/3950 4191/4191/4191
f 3951/3951/3951 3937/3937/3937 4165/4165/4165
f 4165/4165/4165 4064/4064/4064 3951/3951/3951
f 4041/4041/4041 4165/4165/4165 4145/4145/4145
f 4131/4131/4131 4045/4045/4045 4192/4192/4192
f 4045/4045/4045 4128/4128/4128 4192/4192/4192
f 4166/4166/4166 4129/4129/4129 4193/4193/4193
f 4131/4131/4131 4192/4192/4192 4194/4194/4194
f 4147/4147/4147 4196/4196/4196 4148/4148/4148
f 4177/4177/4177 4148/4148/4148 4198/4198/4198
f 4188/4188/4188 4183/4183/4183 4113/4113/4113
f 4172/4172/4172 4175/4175/4175 4200/4200/4200
f 4187/4187/4187 4203/4203/4203 4182/4182/4182
f 4114/4114/4114 4070/4070/4070 4184/4184/4184
f 4188/4188/4188 4183/4183/4183 4204/4204/4204
f 4070/4070/4070 4190/4190/4190 4208/4208/4208
f 4087/4087/4087 4209/4209/4209 4046/4046/4046
f 4121/4121/4121 4051/4051/4051 4054/4054/4054
f 4009/4009/4009 4029/4029/4029 4151/4151/4151
f 4081/4081/4081 4191/4191/4191 4163/4163/4163
f 3937/3937/3937 4212/4212/4212 4165/4165/4165
f 3950/3950/3950 4063/4063/4063 4191/4191/4191
f 4143/4143/4143 4126/4126/4126 4099/4099/4099
f 4084/4084/4084 4214/4214/4214 4216/4216/4216
f 4084/4084/4084 4168/4168/4168 4214/4214/4214
f 4167/4167/4167 4218/4218/4218 4168/4168/4168
f 4147/4147/4147 4171/4171/4171 4196/4196/4196
f 4207/4207/4207 4184/4184/4184 4208/4208/4208
f 4070/4070/4070 4208/4208/4208 4184/4184/4184
f 4046/4046/4046 4209/4209/4209 4219/4219/4219
f 4047/4047/4047 4220/4220/4220 4222/4222/4222
f 4121/4121/4121 4054/4054/4054 4190/4190/4190
f 4190/4190/4190 4054/4054/4054 4225/4225/4225
f 4053/4053/4053 4048/4048/4048 4223/4223/4223
f 4227/4227/4227 4229/4229/4229 4231/4231/4231
f 4232/4232/4232 4234/4234/4234 4237/4237/4237
f 4149/4149/4149 4240/4240/4240 4152/4152/4152
f 4137/4137/4137 4156/4156/4156 4158/4158/4158
f 4134/4134/4134 4242/4242/4242 4157/4157/4157
f 4134/4134/4134 4139/4139/4139 4242/4242/4242
f 4163/4163/4163 4243/4243/4243 3936/3936/3936
f 4143/4143/4143 4245/4245/4245 4126/4126/4126
f 4127/4127/4127 4248/4248/4248 4128/4128/4128
f 4213/4213/4213 4246/4246/4246 4215/4215/4215
f 4198/4198/4198 4250/4250/4250 4251/4251/4251
f 4194/4194/4194 4192/4192/4192 4253/4253/4253
f 4176/4176/4176 4197/4197/4197 4254/4254/4254
f 4170/4170/4170 4256/4256/4256 4195/4195/4195
f 4193/4193/4193 4252/4252/4252 4166/4166/4166
f 4176/4176/4176 4259/4259/4259 4262/4262/4262
f 4174/4174/4174 4261/4261/4261 4199/4199/4199
f 4184/4184/4184 4207/4207/4207 4114/4114/4114
f 4172/4172/4172 4200/4200/4200 4088/4088/4088
f 4190/4190/4190 4207/4207/4207 4208/4208/4208
f 4189/4189/4189 4224/4224/4224 4205/4205/4205
f 4053/4053/4053 4223/4223/4223 4224/4224/4224
f 4229/4229/4229 4263/4263/4263 4231/4231/4231
f 4264/4264/4264 4236/4236/4236 4267/4267/4267
f 4141/4141/4141 4106/4106/4106 4269/4269/4269
f 4165/4165/4165 4273/4273/4273 4145/4145/4145
f 4198/4198/4198 4148/4148/4148 4250/4250/4250
f 4176/4176/4176 4254/4254/4254 4259/4259/4259
f 4167/4167/4167 4275/4275/4275 4218/4218/4218
f 4166/4166/4166 4252/4252/4252 4274/4274/4274
f 4228/4228/4228 4277/4277/4277 4279/4279/4279
f 4229/4229/4229 4280/4280/4280 4282/4282/4282
f 4229/4229/4229 4282/4282/4282 4263/4263/4263
f 4226/4226/4226 4283/4283/4283 4228/4228/4228
f 4235/4235/4235 4233/4233/4233 4268/4268/4268
f 4010/4010/4010 4241/4241/4241 4150/4150/4150
f 4009/4009/4009 4151/4151/4151 4284/4284/4284
f 4287/4287/4287 4266/4266/4266 4288/4288/4288
f 4159/4159/4159 4290/4290/4290 4140/4140/4140
f 4142/4142/4142 4271/4271/4271 4161/4161/4161
f 4063/4063/4063 4084/4084/4084 4291/4291/4291
f 4216/4216/4216 4272/4272/4272 4084/4084/4084
f 4144/4144/4144 4272/4272/4272 4293/4293/4293
f 4246/4246/4246 4295/4295/4295 4215/4215/4215
f 4128/4128/4128 4248/4248/4248 4192/4192/4192
f 4198/4198/4198 4251/4251/4251 4255/4255/4255
f 4168/4168/4168 4218/4218/4218 4214/4214/4214
f 4223/4223/4223 4298/4298/4298 4205/4205/4205
f 4219/4219/4219 4209/4209/4209 4221/4221/4221
f 4224/4224/4224 4223/4223/4223 4205/4205/4205
f 4226/4226/4226 4230/4230/4230 4300/4300/4300
f 4233/4233/4233 4301/4301/4301 4231/4231/4231
f 4232/4232/4232 4237/4237/4237 4300/4300/4300
f 4238/4238/4238 4235/4235/4235 4268/4268/4268
f 4268/4268/4268 4302/4302/4302 4266/4266/4266
f 4239/4239/4239 4009/4009/4009 4151/4151/4151
f 4286/4286/4286 4303/4303/4303 4265/4265/4265
f 4288/4288/4288 4306/4306/4306 4287/4287/4287
f 4303/4303/4303 4307/4307/4307 4309/4309/4309
f 4156/4156/4156 4311/4311/4311 4158/4158/4158
f 4157/4157/4157 4242/4242/4242 4315/4315/4315
f 4139/4139/4139 4289/4289/4289 4242/4242/4242
f 4107/4107/4107 4160/4160/4160 4270/4270/4270
f 4244/4244/4244 4212/4212/4212 3937/3937/3937
f 4163/4163/4163 4191/4191/4191 4243/4243/4243
f 4084/4084/4084 4272/4272/4272 4291/4291/4291
f 4294/4294/4294 4248/4248/4248 4145/4145/4145
f 4248/4248/4248 4294/4294/4294 4296/4296/4296
f 4250/4250/4250 4148/4148/4148 4317/4317/4317
f 4192/4192/4192 4321/4321/4321 4253/4253/4253
f 4114/4114/4114 4323/4323/4323 4170/4170/4170
f 4114/4114/4114 4207/4207/4207 4323/4323/4323
f 4088/4088/4088 4200/4200/4200 4324/4324/4324
f 4209/4209/4209 4087/4087/4087 4297/4297/4297
f 4274/4274/4274 4252/4252/4252 4326/4326/4326
f 4280/4280/4280 4278/4278/4278 4282/4282/4282
f 4228/4228/4228 4283/4283/4283 4277/4277/4277
f 4233/4233/4233 4231/4231/4231 4268/4268/4268
f 4011/4011/4011 4285/4285/4285 4153/4153/4153
f 4330/4330/4330 4303/4303/4303 4305/4305/4305
f 4310/4310/4310 4308/4308/4308 4332/4332/4332
f 4334/4334/4334 4310/4310/4310 4332/4332/4332
f 4333/4333/4333 4312/4312/4312 4339/4339/4339
f 4165/4165/4165 4212/4212/4212 4292/4292/4292
f 4165/4165/4165 4292/4292/4292 4273/4273/4273
f 4192/4192/4192 4248/4248/4248 4321/4321/4321
f 4170/4170/4170 4323/4323/4323 4256/4256/4256
f 4253/4253/4253 4342/4342/4342 4328/4328/4328
f 4206/4206/4206 4299/4299/4299 4343/4343/4343
f 4274/4274/4274 4326/4326/4326 4345/4345/4345
f 4231/4231/4231 4263/4263/4263 4268/4268/4268
f 4266/4266/4266 4302/4302/4302 4288/4288/4288
f 4288/4288/4288 4302/4302/4302 4306/4306/4306
f 4287/4287/4287 4306/4306/4306 4304/4304/4304
f 4313/4313/4313 4334/4334/4334 4350/4350/4350
f 4339/4339/4339 4349/4349/4349 4333/4333/4333
f 4156/4156/4156 4338/4338/4338 4311/4311/4311
f 4158/4158/4158 4311/4311/4311 4351/4351/4351
f 4155/4155/4155 4314/4314/4314 4353/4353/4353
f 4191/4191/4191 4211/4211/4211 4243/4243/4243
f 4063/4063/4063 4291/4291/4291 4191/4191/4191
f 4247/4247/4247 4214/4214/4214 4320/4320/4320
f 4148/4148/4148 4196/4196/4196 4317/4317/4317
f 4260/4260/4260 4251/4251/4251 4250/4250/4250
f 4260/4260/4260 4255/4255/4255 4251/4251/4251
f 4218/4218/4218 4320/4320/4320 4214/4214/4214
f 4207/4207/4207 4356/4356/4356 4323/4323/4323
f 4342/4342/4342 4253/4253/4253 4321/4321/4321
f 4088/4088/4088 4324/4324/4324 4357/4357/4357
f 4088/4088/4088 4357/4357/4357 4299/4299/4299
f 4210/4210/4210 4298/4298/4298 4223/4223/4223
f 4275/4275/4275 4361/4361/4361 4218/4218/4218
f 4362/4362/4362 4274/4274/4274 4345/4345/4345
f 4274/4274/4274 4362/4362/4362 4359/4359/4359
f 4362/4362/4362 4345/4345/4345 4326/4326/4326
f 4276/4276/4276 4359/4359/4359 4362/4362/4362
f 4276/4276/4276 4362/4362/4362 4281/4281/4281
f 4283/4283/4283 4365/4365/4365 4277/4277/4277
f 4300/4300/4300 4237/4237/4237 4366/4366/4366
f 4307/4307/4307 4303/4303/4303 4330/4330/4330
f 4332/4332/4332 4306/4306/4306 4334/4334/4334
f 4155/4155/4155 4353/4353/4353 4337/4337/4337
f 4159/4159/4159 4352/4352/4352 4290/4290/4290
f 4314/4314/4314 4367/4367/4367 4353/4353/4353
f 4315/4315/4315 4242/4242/4242 4368/4368/4368
f 4211/4211/4211 4191/4191/4191 4369/4369/4369
f 4292/4292/4292 4294/4294/4294 4273/4273/4273
f 4217/4217/4217 4296/4296/4296 4372/4372/4372
f 4195/4195/4195 4256/4256/4256 4373/4373/4373
f 4256/4256/4256 4376/4376/4376 4373/4373/4373
f 4323/4323/4323 4378/4378/4378 4256/4256/4256
f 4218/4218/4218 4381/4381/4381 4320/4320/4320
f 4299/4299/4299 4355/4355/4355 4343/4343/4343
f 4218/4218/4218 4361/4361/4361 4381/4381/4381
f 4276/4276/4276 4382/4382/4382 4385/4385/4385
f 4386/4386/4386 4383/4383/4383 4360/4360/4360
f 4276/4276/4276 4385/4385/4385 4359/4359/4359
f 4363/4363/4363 4388/4388/4388 4282/4282/4282
f 4283/4283/4283 4226/4226/4226 4365/4365/4365
f 4226/4226/4226 4300/4300/4300 4390/4390/4390
f 4268/4268/4268 4391/4391/4391 4392/4392/4392
f 4268/4268/4268 4392/4392/4392 4302/4302/4302
f 4308/4308/4308 4306/4306/4306 4332/4332/4332
f 4334/4334/4334 4394/4394/4394 4350/4350/4350
f 4337/4337/4337 4353/4353/4353 4395/4395/4395
f 4368/4368/4368 4397/4397/4397 4354/4354/4354
f 4291/4291/4291 4272/4272/4272 4293/4293/4293
f 4272/4272/4272 4216/4216/4216 4398/4398/4398
f 4371/4371/4371 4399/4399/4399 4216/4216/4216
f 4196/4196/4196 4374/4374/4374 4402/4402/4402
f 4196/4196/4196 4402/4402/4402 4317/4317/4317
f 4249/4249/4249 4316/4316/4316 4403/4403/4403
f 4259/4259/4259 4249/4249/4249 4403/4403/4403
f 4259/4259/4259 4403/4403/4403 4262/4262/4262
f 4262/4262/4262 4403/4403/4403 4201/4201/4201
f 4202/4202/4202 4405/4405/4405 4406/4406/4406
f 4207/4207/4207 4344/4344/4344 4356/4356/4356
f 4299/4299/4299 4357/4357/4357 4355/4355/4355
f 4384/4384/4384 4277/4277/4277 4408/4408/4408
f 4363/4363/4363 4329/4329/4329 4388/4388/4388
f 4226/4226/4226 4390/4390/4390 4365/4365/4365
f 4300/4300/4300 4366/4366/4366 4390/4390/4390
f 4263/4263/4263 4391/4391/4391 4268/4268/4268
f 4237/4237/4237 4265/4265/4265 4411/4411/4411
f 4303/4303/4303 4412/4412/4412 4265/4265/4265
f 4331/4331/4331 4306/4306/4306 4308/4308/4308
f 4309/4309/4309 4333/4333/4333 4413/4413/4413
f 4334/4334/4334 4306/4306/4306 4394/4394/4394
f 4333/4333/4333 4349/4349/4349 4414/4414/4414
f 4346/4346/4346 4335/4335/4335 4415/4415/4415
f 4350/4350/4350 4340/4340/4340 4313/4313/4313
f 4311/4311/4311 4338/4338/4338 4351/4351/4351
f 4242/4242/4242 4289/4289/4289 4368/4368/4368
f 4289/4289/4289 4397/4397/4397 4368/4368/4368
f 4191/4191/4191 4419/4419/4419 4369/4369/4369
f 4212/4212/4212 4370/4370/4370 4292/4292/4292
f 4191/4191/4191 4291/4291/4291 4419/4419/4419
f 4421/4421/4421 4425/4425/4425 4430/4430/4430
f 4216/4216/4216 4399/4399/4399 4398/4398/4398
f 4434/4434/4434 4435/4435/4435 4428/4428/4428
f 4258/4258/4258 4438/4438/4438 4377/4377/4377
f 4257/4257/4257 4379/4379/4379 4439/4439/4439
f 4378/4378/4378 4323/4323/4323 4441/4441/4441
f 4202/4202/4202 4443/4443/4443 4445/4445/4445
f 4202/4202/4202 4445/4445/4445 4325/4325/4325
f 4383/4383/4383 4407/4407/4407 4360/4360/4360
f 4282/4282/4282 4388/4388/4388 4263/4263/4263
f 4306/4306/4306 4302/4302/4302 4446/4446/4446
f 4303/4303/4303 4309/4309/4309 4413/4413/4413
f 4292/4292/4292 4370/4370/4370 4420/4420/4420
f 4421/4421/4421 4447/4447/4447 4425/4425/4425
f 4434/4434/4434 4402/4402/4402 4435/4435/4435
f 4433/4433/4433 4426/4426/4426 4448/4448/4448
f 4201/4201/4201 4403/4403/4403 4404/4404/4404
f 4202/4202/4202 4406/4406/4406 4443/4443/4443
f 4322/4322/4322 4355/4355/4355 4440/4440/4440
f 4360/4360/4360 4453/4453/4453 4380/4380/4380
f 4277/4277/4277 4365/4365/4365 4408/4408/4408
f 4263/4263/4263 4388/4388/4388 4391/4391/4391
f 4237/4237/4237 4411/4411/4411 4366/4366/4366
f 4265/4265/4265 4412/4412/4412 4411/4411/4411
f 4333/4333/4333 4414/4414/4414 4413/4413/4413
f 4349/4349/4349 4458/4458/4458 4414/4414/4414
f 4394/4394/4394 4462/4462/4462 4350/4350/4350
f 4418/4418/4418 4458/4458/4458 4349/4349/4349
f 4347/4347/4347 4416/4416/4416 4336/4336/4336
f 4397/4397/4397 4289/4289/4289 4463/4463/4463
f 4398/4398/4398 4399/4399/4399 4272/4272/4272
f 4272/4272/4272 4399/4399/4399 4293/4293/4293
f 4429/4429/4429 4452/4452/4452 4465/4465/4465
f 4433/4433/4433 4448/4448/4448 4401/4401/4401
f 4439/4439/4439 4437/4437/4437 4257/4257/4257
f 4442/4442/4442 4439/4439/4439 4379/4379/4379
f 4443/4443/4443 4439/4439/4439 4358/4358/4358
f 4443/4443/4443 4358/4358/4358 4445/4445/4445
f 4319/4319/4319 4380/4380/4380 4341/4341/4341
f 4408/4408/4408 4365/4365/4365 4466/4466/4466
f 4409/4409/4409 4469/4469/4469 4454/4454/4454
f 4407/4407/4407 4453/4453/4453 4360/4360/4360
f 4389/4389/4389 4470/4470/4470 4364/4364/4364
f 4390/4390/4390 4473/4473/4473 4471/4471/4471
f 4303/4303/4303 4413/4413/4413 4412/4412/4412
f 4397/4397/4397 4463/4463/4463 4354/4354/4354
f 4399/4399/4399 4474/4474/4474 4293/4293/4293
f 4422/4422/4422 4431/4431/4431 4476/4476/4476
f 4435/4435/4435 4402/4402/4402 4374/4374/4374
f 4429/4429/4429 4452/4452/4452 4465/4465/4465
f 4427/4427/4427 4464/4464/4464 4449/4449/4449
f 4317/4317/4317 4402/4402/4402 4451/4451/4451
f 4403/4403/4403 4316/4316/4316 4404/4404/4404
f 4439/4439/4439 4442/4442/4442 4358/4358/4358
f 4355/4355/4355 4357/4357/4357 4440/4440/4440
f 4324/4324/4324 4444/4444/4444 4357/4357/4357
f 4327/4327/4327 4341/4341/4341 4453/4453/4453
f 4364/4364/4364 4470/4470/4470 4482/4482/4482
f 4366/4366/4366 4473/4473/4473 4390/4390/4390
f 4392/4392/4392 4391/4391/4391 4484/4484/4484
f 4392/4392/4392 4484/4484/4484 4302/4302/4302
f 4414/4414/4414 4458/4458/4458 4413/4413/4413
f 4455/4455/4455 4417/4417/4417 4460/4460/4460
f 4350/4350/4350 4462/4462/4462 4486/4486/4486
f 4487/4487/4487 4477/4477/4477 4489/4489/4489
f 4429/4429/4429 4436/4436/4436 4452/4452/4452
f 4436/4436/4436 4492/4492/4492 4452/4452/4452
f 4487/4487/4487 4493/4493/4493 4477/4477/4477
f 4494/4494/4494 4488/4488/4488 4495/4495/4495
f 4423/4423/4423 4478/4478/4478 4497/4497/4497
f 4424/4424/4424 4498/4498/4498 4450/4450/4450
f 4373/4373/4373 4376/4376/4376 4502/4502/4502
f 4376/4376/4376 4504/4504/4504 4502/4502/4502
f 4377/4377/4377 4438/4438/4438 4506/4506/4506
f 4443/4443/4443 4406/4406/4406 4507/4507/4507
f 4409/4409/4409 4467/4467/4467 4469/4469/4469
f 4380/4380/4380 4453/4453/4453 4341/4341/4341
f 4327/4327/4327 4453/4453/4453 4509/4509/4509
f 4387/4387/4387 4327/4327/4327 4509/4509/4509
f 4483/4483/4483 4511/4511/4511 4365/4365/4365
f 4366/4366/4366 4513/4513/4513 4473/4473/4473
f 4366/4366/4366 4411/4411/4411 4513/4513/4513
f 4413/4413/4413 4458/4458/4458 4515/4515/4515
f 4352/4352/4352 4517/4517/4517 4290/4290/4290
f 4463/4463/4463 4289/4289/4289 4516/4516/4516
f 4420/4420/4420 4518/4518/4518 4292/4292/4292
f 4292/4292/4292 4518/4518/4518 4294/4294/4294
f 4429/4429/4429 4465/4465/4465 4432/4432/4432
f 4488/4488/4488 4490/4490/4490 4495/4495/4495
f 4451/4451/4451 4499/4499/4499 4317/4317/4317
f 4519/4519/4519 4406/4406/4406 4405/4405/4405
f 4443/4443/4443 4507/4507/4507 4439/4439/4439
f 4469/4469/4469 4467/4467/4467 4521/4521/4521
f 4466/4466/4466 4365/4365/4365 4522/4522/4522
f 4453/4453/4453 4468/4468/4468 4509/4509/4509
f 4365/4365/4365 4511/4511/4511 4524/4524/4524
f 4472/4472/4472 4512/4512/4512 4410/4410/4410
f 4472/4472/4472 4410/4410/4410 4470/4470/4470
f 4306/4306/4306 4446/4446/4446 4526/4526/4526
f 4306/4306/4306 4526/4526/4526 4394/4394/4394
f 4394/4394/4394 4527/4527/4527 4462/4462/4462
f 4348/4348/4348 4485/4485/4485 4417/4417/4417
f 4291/4291/4291 4293/4293/4293 4474/4474/4474
f 4296/4296/4296 4528/4528/4528 4529/4529/4529
f 4296/4296/4296 4529/4529/4529 4372/4372/4372
f 4432/4432/4432 4465/4465/4465 4480/4480/4480
f 4436/4436/4436 4375/4375/4375 4492/4492/4492
f 4503/4503/4503 4492/4492/4492 4375/4375/4375
f 4503/4503/4503 4519/4519/4519 4492/4492/4492
f 4519/4519/4519 4503/4503/4503 4505/4505/4505
f 4519/4519/4519 4505/4505/4505 4507/4507/4507
f 4316/4316/4316 4495/4495/4495 4404/4404/4404
f 4437/4437/4437 4439/4439/4439 4530/4530/4530
f 4406/4406/4406 4519/4519/4519 4507/4507/4507
f 4466/4466/4466 4522/4522/4522 4520/4520/4520
f 4469/4469/4469 4521/4521/4521 4510/4510/4510
f 4522/4522/4522 4365/4365/4365 4533/4533/4533
f 4482/4482/4482 4470/4470/4470 4535/4535/4535
f 4411/4411/4411 4412/4412/4412 4538/4538/4538
f 4412/4412/4412 4413/4413/4413 4538/4538/4538
f 4462/4462/4462 4527/4527/4527 4540/4540/4540
f 4296/4296/4296 4294/4294/4294 4528/4528/4528
f 4372/4372/4372 4529/4529/4529 4541/4541/4541
f 4480/4480/4480 4465/4465/4465 4500/4500/4500
f 4496/4496/4496 4491/4491/4491 4542/4542/4542
f 4465/4465/4465 4452/4452/4452 4492/4492/4492
f 4494/4494/4494 4316/4316/4316 4479/4479/4479
f 4506/4506/4506 4438/4438/4438 4531/4531/4531
f 4439/4439/4439 4507/4507/4507 4530/4530/4530
f 4365/4365/4365 4524/4524/4524 4533/4533/4533
f 4510/4510/4510 4543/4543/4543 4388/4388/4388
f 4391/4391/4391 4388/4388/4388 4543/4543/4543
f 4391/4391/4391 4543/4543/4543 4484/4484/4484
f 4483/4483/4483 4545/4545/4545 4511/4511/4511
f 4470/4470/4470 4410/4410/4410 4537/4537/4537
f 4417/4417/4417 4485/4485/4485 4460/4460/4460
f 4338/4338/4338 4546/4546/4546 4351/4351/4351
f 4463/4463/4463 4516/4516/4516 4548/4548/4548
f 4518/4518/4518 4420/4420/4420 4552/4552/4552
f 4294/4294/4294 4553/4553/4553 4528/4528/4528
f 4480/4480/4480 4542/4542/4542 4491/4491/4491
f 4318/4318/4318 4501/4501/4501 4481/4481/4481
f 4316/4316/4316 4494/4494/4494 4495/4495/4495
f 4506/4506/4506 4531/4531/4531 4508/4508/4508
f 4555/4555/4555 4556/4556/4556 4523/4523/4523
f 4520/4520/4520 4522/4522/4522 4557/4557/4557
f 4511/4511/4511 4559/4559/4559 4524/4524/4524
f 4536/4536/4536 4545/4545/4545 4483/4483/4483
f 4302/4302/4302 4561/4561/4561 4446/4446/4446
f 4470/4470/4470 4537/4537/4537 4535/4535/4535
f 4538/4538/4538 4413/4413/4413 4563/4563/4563
f 4413/4413/4413 4515/4515/4515 4566/4566/4566
f 4462/4462/4462 4540/4540/4540 4569/4569/4569
f 4461/4461/4461 4570/4570/4570 4457/4457/4457
f 4462/4462/4462 4569/4569/4569 4571/4571/4571
f 4518/4518/4518 4552/4552/4552 4294/4294/4294
f 4419/4419/4419 4291/4291/4291 4551/4551/4551
f 4400/4400/4400 4372/4372/4372 4541/4541/4541
f 4465/4465/4465 4492/4492/4492 4500/4500/4500
f 4519/4519/4519 4405/4405/4405 4500/4500/4500
f 4523/4523/4523 4556/4556/4556 4558/4558/4558
f 4510/4510/4510 4521/4521/4521 4573/4573/4573
f 4543/4543/4543 4510/4510/4510 4573/4573/4573
f 4545/4545/4545 4575/4575/4575 4511/4511/4511
f 4446/4446/4446 4577/4577/4577 4526/4526/4526
f 4394/4394/4394 4579/4579/4579 4527/4527/4527
f 4567/4567/4567 4539/4539/4539 4456/4456/4456
f 4457/4457/4457 4570/4570/4570 4568/4568/4568
f 4352/4352/4352 4547/4547/4547 4517/4517/4517
f 4517/4517/4517 4547/4547/4547 4549/4549/4549
f 4291/4291/4291 4474/4474/4474 4580/4580/4580
f 4480/4480/4480 4500/4500/4500 4542/4542/4542
f 4519/4519/4519 4500/4500/4500 4492/4492/4492
f 4405/4405/4405 4496/4496/4496 4500/4500/4500
f 4554/4554/4554 4522/4522/4522 4584/4584/4584
f 4558/4558/4558 4573/4573/4573 4521/4521/4521
f 4533/4533/4533 4524/4524/4524 4559/4559/4559
f 4511/4511/4511 4575/4575/4575 4559/4559/4559
f 4536/4536/4536 4587/4587/4587 4545/4545/4545
f 4537/4537/4537 4562/4562/4562 4535/4535/4535
f 4393/4393/4393 4525/4525/4525 4578/4578/4578
f 4395/4395/4395 4353/4353/4353 4588/4588/4588
f 4552/4552/4552 4553/4553/4553 4294/4294/4294
f 4291/4291/4291 4580/4580/4580 4551/4551/4551
f 4475/4475/4475 4591/4591/4591 4581/4581/4581
f 4528/4528/4528 4553/4553/4553 4591/4591/4591
f 4529/4529/4529 4528/4528/4528 4541/4541/4541
f 4542/4542/4542 4500/4500/4500 4496/4496/4496
f 4522/4522/4522 4533/4533/4533 4584/4584/4584
f 4573/4573/4573 4558/4558/4558 4556/4556/4556
f 4573/4573/4573 4592/4592/4592 4543/4543/4543
f 4543/4543/4543 4592/4592/4592 4593/4593/4593
f 4302/4302/4302 4484/4484/4484 4594/4594/4594
f 4302/4302/4302 4594/4594/4594 4561/4561/4561
f 4446/4446/4446 4561/4561/4561 4577/4577/4577
f 4536/4536/4536 4596/4596/4596 4587/4587/4587
f 4535/4535/4535 4562/4562/4562 4564/4564/4564
f 4413/4413/4413 4566/4566/4566 4563/4563/4563
f 4459/4459/4459 4540/4540/4540 4597/4597/4597
f 4458/4458/4458 4600/4600/4600 4602/4602/4602
f 4459/4459/4459 4597/4597/4597 4601/4601/4601
f 4553/4553/4553 4552/4552/4552 4604/4604/4604
f 4528/4528/4528 4591/4591/4591 4541/4541/4541
f 4555/4555/4555 4606/4606/4606 4556/4556/4556
f 4559/4559/4559 4572/4572/4572 4533/4533/4533
f 4543/4543/4543 4593/4593/4593 4484/4484/4484
f 4575/4575/4575 4607/4607/4607 4559/4559/4559
f 4535/4535/4535 4564/4564/4564 4595/4595/4595
f 4458/4458/4458 4602/4602/4602 4515/4515/4515
f 4591/4591/4591 4608/4608/4608 4541/4541/4541
f 4541/4541/4541 4608/4608/4608 4475/4475/4475
f 4605/4605/4605 4554/4554/4554 4610/4610/4610
f 4554/4554/4554 4584/4584/4584 4610/4610/4610
f 4556/4556/4556 4613/4613/4613 4573/4573/4573
f 4560/4560/4560 4592/4592/4592 4573/4573/4573
f 4593/4593/4593 4614/4614/4614 4484/4484/4484
f 4594/4594/4594 4615/4615/4615 4561/4561/4561
f 4576/4576/4576 4578/4578/4578 4525/4525/4525
f 4596/4596/4596 4617/4617/4617 4587/4587/4587
f 4597/4597/4597 4619/4619/4619 4620/4620/4620
f 4597/4597/4597 4620/4620/4620 4601/4601/4601
f 4354/4354/4354 4463/4463/4463 4621/4621/4621
f 4463/4463/4463 4548/4548/4548 4623/4623/4623
f 4553/4553/4553 4626/4626/4626 4591/4591/4591
f 4556/4556/4556 4628/4628/4628 4613/4613/4613
f 4592/4592/4592 4560/4560/4560 4593/4593/4593
f 4484/4484/4484 4614/4614/4614 4594/4594/4594
f 4579/4579/4579 4629/4629/4629 4527/4527/4527
f 4630/4630/4630 4616/4616/4616 4595/4595/4595
f 4595/4595/4595 4564/4564/4564 4630/4630/4630
f 4602/4602/4602 4632/4632/4632 4515/4515/4515
f 4338/4338/4338 4633/4633/4633 4546/4546/4546
f 4547/4547/4547 4637/4637/4637 4549/4549/4549
f 4549/4549/4549 4637/4637/4637 4624/4624/4624
f 4463/4463/4463 4623/4623/4623 4621/4621/4621
f 4354/4354/4354 4621/4621/4621 4589/4589/4589
f 4551/4551/4551 4580/4580/4580 4638/4638/4638
f 4604/4604/4604 4641/4641/4641 4553/4553/4553
f 4608/4608/4608 4591/4591/4591 4475/4475/4475
f 4541/4541/4541 4475/4475/4475 4643/4643/4643
f 4541/4541/4541 4643/4643/4643 4645/4645/4645
f 4645/4645/4645 4647/4647/4647 4541/4541/4541
f 4556/4556/4556 4606/4606/4606 4611/4611/4611
f 4556/4556/4556 4611/4611/4611 4628/4628/4628
f 4534/4534/4534 4573/4573/4573 4613/4613/4613
f 4544/4544/4544 4586/4586/4586 4574/4574/4574
f 4514/4514/4514 4630/4630/4630 4648/4648/4648
f 4597/4597/4597 4653/4653/4653 4619/4619/4619
f 4602/4602/4602 4600/4600/4600 4632/4632/4632
f 4396/4396/4396 4633/4633/4633 4338/4338/4338
f 4603/4603/4603 4550/4550/4550 4654/4654/4654
f 4604/4604/4604 4655/4655/4655 4641/4641/4641
f 4626/4626/4626 4553/4553/4553 4641/4641/4641
f 4474/4474/4474 4399/4399/4399 4646/4646/4646
f 4400/4400/4400 4541/4541/4541 4647/4647/4647
f 4582/4582/4582 4627/4627/4627 4609/4609/4609
f 4532/4532/4532 4612/4612/4612 4583/4583/4583
f 4593/4593/4593 4560/4560/4560 4657/4657/4657
f 4594/4594/4594 4614/4614/4614 4615/4615/4615
f 4615/4615/4615 4614/4614/4614 4561/4561/4561
f 4575/4575/4575 4658/4658/4658 4607/4607/4607
f 4540/4540/4540 4527/4527/4527 4659/4659/4659
f 4565/4565/4565 4660/4660/4660 4649/4649/4649
f 4566/4566/4566 4515/4515/4515 4662/4662/4662
f 4564/4564/4564 4648/4648/4648 4630/4630/4630
f 4540/4540/4540 4653/4653/4653 4597/4597/4597
f 4601/4601/4601 4620/4620/4620 4619/4619/4619
f 4396/4396/4396 4664/4664/4664 4633/4633/4633
f 4395/4395/4395 4588/4588/4588 4663/4663/4663
f 4590/4590/4590 4625/4625/4625 4580/4580/4580
f 4585/4585/4585 4613/4613/4613 4628/4628/4628
f 4559/4559/4559 4667/4667/4667 4656/4656/4656
f 4593/4593/4593 4657/4657/4657 4614/4614/4614
f 4614/4614/4614 4577/4577/4577 4561/4561/4561
f 4574/4574/4574 4668/4668/4668 4669/4669/4669
f 4574/4574/4574 4586/4586/4586 4668/4668/4668
f 4587/4587/4587 4617/4617/4617 4672/4672/4672
f 4632/4632/4632 4673/4673/4673 4617/4617/4617
f 4580/4580/4580 4625/4625/4625 4638/4638/4638
f 4559/4559/4559 4674/4674/4674 4667/4667/4667
f 4559/4559/4559 4675/4675/4675 4674/4674/4674
f 4559/4559/4559 4607/4607/4607 4675/4675/4675
f 4575/4575/4575 4676/4676/4676 4658/4658/4658
f 4575/4575/4575 4670/4670/4670 4676/4676/4676
f 4586/4586/4586 4669/4669/4669 4668/4668/4668
f 4586/4586/4586 4671/4671/4671 4669/4669/4669
f 4617/4617/4617 4673/4673/4673 4680/4680/4680
f 4631/4631/4631 4599/4599/4599 4684/4684/4684
f 4632/4632/4632 4635/4635/4635 4673/4673/4673
f 4666/4666/4666 4673/4673/4673 4635/4635/4635
f 4552/4552/4552 4639/4639/4639 4655/4655/4655
f 4474/4474/4474 4646/4646/4646 4642/4642/4642
f 4577/4577/4577 4629/4629/4629 4579/4579/4579
f 4629/4629/4629 4659/4659/4659 4527/4527/4527
f 4669/4669/4669 4671/4671/4671 4661/4661/4661
f 4617/4617/4617 4687/4687/4687 4672/4672/4672
f 4617/4617/4617 4680/4680/4680 4687/4687/4687
f 4661/4661/4661 4671/4671/4671 4686/4686/4686
f 4662/4662/4662 4515/4515/4515 4651/4651/4651
f 4650/4650/4650 4661/4661/4661 4686/4686/4686
f 4650/4650/4650 4686/4686/4686 4677/4677/4677
f 4631/4631/4631 4684/4684/4684 4688/4688/4688
f 4631/4631/4631 4688/4688/4688 4634/4634/4634
f 4546/4546/4546 4633/4633/4633 4636/4636/4636
f 4621/4621/4621 4665/4665/4665 4589/4589/4589
f 4614/4614/4614 4689/4689/4689 4577/4577/4577
f 4662/4662/4662 4651/4651/4651 4670/4670/4670
f 4659/4659/4659 4690/4690/4690 4540/4540/4540
f 4619/4619/4619 4653/4653/4653 4685/4685/4685
f 4618/4618/4618 4682/4682/4682 4598/4598/4598
f 4691/4691/4691 4634/4634/4634 4688/4688/4688
f 4624/4624/4624 4637/4637/4637 4622/4622/4622
f 4621/4621/4621 4692/4692/4692 4665/4665/4665
f 4665/4665/4665 4692/4692/4692 4694/4694/4694
f 4540/4540/4540 4690/4690/4690 4653/4653/4653
f 4634/4634/4634 4691/4691/4691 4637/4637/4637
f 4639/4639/4639 4697/4697/4697 4655/4655/4655
f 4655/4655/4655 4697/4697/4697 4641/4641/4641
f 4625/4625/4625 4640/4640/4640 4638/4638/4638
f 4699/4699/4699 4700/4700/4700 4657/4657/4657
f 4667/4667/4667 4701/4701/4701 4656/4656/4656
f 4614/4614/4614 4703/4703/4703 4689/4689/4689
f 4673/4673/4673 4705/4705/4705 4680/4680/4680
f 4688/4688/4688 4706/4706/4706 4691/4691/4691
f 4666/4666/4666 4709/4709/4709 4673/4673/4673
f 4666/4666/4666 4710/4710/4710 4709/4709/4709
f 4695/4695/4695 4710/4710/4710 4666/4666/4666
f 4693/4693/4693 4622/4622/4622 4711/4711/4711
f 4696/4696/4696 4638/4638/4638 4640/4640/4640
f 4643/4643/4643 4715/4715/4715 4645/4645/4645
f 4647/4647/4647 4645/4645/4645 4717/4717/4717
f 4699/4699/4699 4702/4702/4702 4700/4700/4700
f 4698/4698/4698 4656/4656/4656 4701/4701/4701
f 4667/4667/4667 4674/4674/4674 4701/4701/4701
f 4678/4678/4678 4683/4683/4683 4652/4652/4652
f 4684/4684/4684 4679/4679/4679 4706/4706/4706
f 4684/4684/4684 4706/4706/4706 4688/4688/4688
f 4673/4673/4673 4709/4709/4709 4705/4705/4705
f 4622/4622/4622 4637/4637/4637 4711/4711/4711
f 4694/4694/4694 4692/4692/4692 4718/4718/4718
f 4644/4644/4644 4714/4714/4714 4716/4716/4716
f 4642/4642/4642 4646/4646/4646 4713/4713/4713
f 4723/4723/4723 4728/4728/4728 4732/4732/4732
f 4724/4724/4724 4733/4733/4733 4729/4729/4729
f 4657/4657/4657 4700/4700/4700 4614/4614/4614
f 4651/4651/4651 4734/4734/4734 4670/4670/4670
f 4695/4695/4695 4709/4709/4709 4710/4710/4710
f 4695/4695/4695 4722/4722/4722 4709/4709/4709
f 4692/4692/4692 4735/4735/4735 4718/4718/4718
f 4726/4726/4726 4741/4741/4741 4745/4745/4745
f 4726/4726/4726 4730/4730/4730 4741/4741/4741
f 4577/4577/4577 4689/4689/4689 4629/4629/4629
f 4690/4690/4690 4659/4659/4659 4747/4747/4747
f 4681/4681/4681 4653/4653/4653 4750/4750/4750
f 4680/4680/4680 4705/4705/4705 4708/4708/4708
f 4637/4637/4637 4691/4691/4691 4751/4751/4751
f 4711/4711/4711 4637/4637/4637 4751/4751/4751
f 4711/4711/4711 4751/4751/4751 4737/4737/4737
f 4719/4719/4719 4736/4736/4736 4753/4753/4753
f 4758/4758/4758 4726/4726/4726 4745/4745/4745
f 4731/4731/4731 4759/4759/4759 4702/4702/4702
f 4689/4689/4689 4703/4703/4703 4760/4760/4760
f 4659/4659/4659 4629/4629/4629 4762/4762/4762
f 4704/4704/4704 4763/4763/4763 4707/4707/4707
f 4691/4691/4691 4706/4706/4706 4751/4751/4751
f 4711/4711/4711 4751/4751/4751 4765/4765/4765
f 4738/4738/4738 4752/4752/4752 4712/4712/4712
f 4693/4693/4693 4711/4711/4711 4737/4737/4737
f 4716/4716/4716 4714/4714/4714 4767/4767/4767
f 4731/4731/4731 4727/4727/4727 4746/4746/4746
f 4701/4701/4701 4771/4771/4771 4730/4730/4730
f 4730/4730/4730 4771/4771/4771 4741/4741/4741
f 4703/4703/4703 4614/4614/4614 4773/4773/4773
f 4629/4629/4629 4689/4689/4689 4774/4774/4774
f 4705/4705/4705 4709/4709/4709 4777/4777/4777
f 4711/4711/4711 4765/4765/4765 4737/4737/4737
f 4754/4754/4754 4739/4739/4739 4778/4778/4778
f 4755/4755/4755 4780/4780/4780 4720/4720/4720
f 4714/4714/4714 4783/4783/4783 4767/4767/4767
f 4647/4647/4647 4717/4717/4717 4715/4715/4715
f 4717/4717/4717 4768/4768/4768 4715/4715/4715
f 4725/4725/4725 4757/4757/4757 4742/4742/4742
f 4731/4731/4731 4746/4746/4746 4759/4759/4759
f 4759/4759/4759 4700/4700/4700 4702/4702/4702
f 4675/4675/4675 4785/4785/4785 4674/4674/4674
f 4607/4607/4607 4786/4786/4786 4675/4675/4675
f 4607/4607/4607 4658/4658/4658 4786/4786/4786
f 4734/4734/4734 4651/4651/4651 4788/4788/4788
f 4653/4653/4653 4690/4690/4690 4747/4747/4747
f 4653/4653/4653 4747/4747/4747 4791/4791/4791
f 4750/4750/4750 4653/4653/4653 4791/4791/4791
f 4705/4705/4705 4793/4793/4793 4764/4764/4764
f 4751/4751/4751 4794/4794/4794 4765/4765/4765
f 4722/4722/4722 4798/4798/4798 4709/4709/4709
f 4745/4745/4745 4741/4741/4741 4801/4801/4801
f 4614/4614/4614 4700/4700/4700 4804/4804/4804
f 4674/4674/4674 4806/4806/4806 4701/4701/4701
f 4773/4773/4773 4809/4809/4809 4703/4703/4703
f 4760/4760/4760 4810/4810/4810 4689/4689/4689
f 4734/4734/4734 4811/4811/4811 4670/4670/4670
f 4749/4749/4749 4815/4815/4815 4680/4680/4680
f 4751/4751/4751 4706/4706/4706 4794/4794/4794
f 4781/4781/4781 4817/4817/4817 4721/4721/4721
f 4759/4759/4759 4746/4746/4746 4700/4700/4700
f 4674/4674/4674 4785/4785/4785 4806/4806/4806
f 4786/4786/4786 4658/4658/4658 4819/4819/4819
f 4689/4689/4689 4810/4810/4810 4820/4820/4820
f 4774/4774/4774 4689/4689/4689 4820/4820/4820
f 4658/4658/4658 4676/4676/4676 4819/4819/4819
f 4651/4651/4651 4680/4680/4680 4788/4788/4788
f 4763/4763/4763 4792/4792/4792 4707/4707/4707
f 4795/4795/4795 4707/4707/4707 4792/4792/4792
f 4705/4705/4705 4777/4777/4777 4821/4821/4821
f 4709/4709/4709 4798/4798/4798 4777/4777/4777
f 4715/4715/4715 4768/4768/4768 4784/4784/4784
f 4715/4715/4715 4768/4768/4768 4784/4784/4784
f 4741/4741/4741 4771/4771/4771 4801/4801/4801
f 4701/4701/4701 4806/4806/4806 4823/4823/4823
f 4614/4614/4614 4804/4804/4804 4773/4773/4773
f 4675/4675/4675 4786/4786/4786 4785/4785/4785
f 4670/4670/4670 4811/4811/4811 4676/4676/4676
f 4629/4629/4629 4774/4774/4774 4762/4762/4762
f 4734/4734/4734 4788/4788/4788 4811/4811/4811
f 4659/4659/4659 4812/4812/4812 4747/4747/4747
f 4792/4792/4792 4824/4824/4824 4795/4795/4795
f 4794/4794/4794 4826/4826/4826 4765/4765/4765
f 4740/4740/4740 4766/4766/4766 4797/4797/4797
f 4740/4740/4740 4829/4829/4829 4779/4779/4779
f 4722/4722/4722 4832/4832/4832 4798/4798/4798
f 4721/4721/4721 4817/4817/4817 4830/4830/4830
f 4756/4756/4756 4779/4779/4779 4782/4782/4782
f 4743/4743/4743 4799/4799/4799 4833/4833/4833
f 4746/4746/4746 4838/4838/4838 4700/4700/4700
f 4823/4823/4823 4840/4840/4840 4701/4701/4701
f 4785/4785/4785 4786/4786/4786 4841/4841/4841
f 4703/4703/4703 4810/4810/4810 4760/4760/4760
f 4659/4659/4659 4762/4762/4762 4812/4812/4812
f 4680/4680/4680 4815/4815/4815 4788/4788/4788
f 4791/4791/4791 4747/4747/4747 4816/4816/4816
f 4748/4748/4748 4790/4790/4790 4813/4813/4813
f 4827/4827/4827 4775/4775/4775 4766/4766/4766
f 4766/4766/4766 4775/4775/4775 4797/4797/4797
f 4740/4740/4740 4797/4797/4797 4829/4829/4829
f 4782/4782/4782 4779/4779/4779 4843/4843/4843
f 4700/4700/4700 4847/4847/4847 4804/4804/4804
f 4771/4771/4771 4701/4701/4701 4840/4840/4840
f 4806/4806/4806 4785/4785/4785 4841/4841/4841
f 4705/4705/4705 4821/4821/4821 4793/4793/4793
f 4828/4828/4828 4796/4796/4796 4849/4849/4849
f 4831/4831/4831 4818/4818/4818 4797/4797/4797
f 4779/4779/4779 4829/4829/4829 4843/4843/4843
f 4833/4833/4833 4799/4799/4799 4851/4851/4851
f 4834/4834/4834 4800/4800/4800 4744/4744/4744
f 4771/4771/4771 4837/4837/4837 4801/4801/4801
f 4769/4769/4769 4844/4844/4844 4836/4836/4836
f 4700/4700/4700 4838/4838/4838 4847/4847/4847
f 4810/4810/4810 4703/4703/4703 4853/4853/4853
f 4797/4797/4797 4818/4818/4818 4829/4829/4829
f 4834/4834/4834 4855/4855/4855 4800/4800/4800
f 4846/4846/4846 4770/4770/4770 4858/4858/4858
f 4771/4771/4771 4840/4840/4840 4859/4859/4859
f 4839/4839/4839 4803/4803/4803 4860/4860/4860
f 4822/4822/4822 4805/4805/4805 4803/4803/4803
f 4812/4812/4812 4789/4789/4789 4747/4747/4747
f 4747/4747/4747 4789/4789/4789 4816/4816/4816
f 4828/4828/4828 4849/4849/4849 4776/4776/4776
f 4782/4782/4782 4843/4843/4843 4818/4818/4818
f 4746/4746/4746 4802/4802/4802 4838/4838/4838
f 4845/4845/4845 4857/4857/4857 4803/4803/4803
f 4839/4839/4839 4822/4822/4822 4803/4803/4803
f 4772/4772/4772 4803/4803/4803 4805/4805/4805
f 4786/4786/4786 4862/4862/4862 4841/4841/4841
f 4811/4811/4811 4761/4761/4761 4788/4788/4788
f 4795/4795/4795 4824/4824/4824 4848/4848/4848
f 4776/4776/4776 4849/4849/4849 4863/4863/4863
f 4843/4843/4843 4829/4829/4829 4818/4818/4818
f 4803/4803/4803 4857/4857/4857 4860/4860/4860
f 4840/4840/4840 4861/4861/4861 4859/4859/4859
f 4807/4807/4807 4772/4772/4772 4805/4805/4805
f 4841/4841/4841 4808/4808/4808 4806/4806/4806
f 4812/4812/4812 4789/4789/4789 4762/4762/4762
f 4856/4856/4856 4835/4835/4835 4852/4852/4852
f 4851/4851/4851 4799/4799/4799 4854/4854/4854
f 4771/4771/4771 4859/4859/4859 4866/4866/4866
f 4770/4770/4770 4865/4865/4865 4858/4858/4858
f 4841/4841/4841 4867/4867/4867 4808/4808/4808
f 4786/4786/4786 4819/4819/4819 4869/4869/4869
f 4774/4774/4774 4820/4820/4820 4870/4870/4870
f 4811/4811/4811 4872/4872/4872 4676/4676/4676
f 4788/4788/4788 4811/4811/4811 4761/4761/4761
f 4789/4789/4789 4762/4762/4762 4812/4812/4812
f 4816/4816/4816 4789/4789/4789 4875/4875/4875
f 4814/4814/4814 4874/4874/4874 4787/4787/4787
f 4859/4859/4859 4861/4861/4861 4866/4866/4866
f 4857/4857/4857 4864/4864/4864 4860/4860/4860
f 4703/4703/4703 4809/4809/4809 4868/4868/4868
f 4810/4810/4810 4876/4876/4876 4877/4877/4877
f 4810/4810/4810 4877/4877/4877 4820/4820/4820
f 4819/4819/4819 4676/4676/4676 4872/4872/4872
f 4762/4762/4762 4774/4774/4774 4812/4812/4812
f 4776/4776/4776 4863/4863/4863 4878/4878/4878
f 4841/4841/4841 4880/4880/4880 4881/4881/4881
f 4868/4868/4868 4883/4883/4883 4703/4703/4703
f 4841/4841/4841 4862/4862/4862 4880/4880/4880
f 4810/4810/4810 4853/4853/4853 4876/4876/4876
f 4872/4872/4872 4885/4885/4885 4819/4819/4819
f 4821/4821/4821 4777/4777/4777 4879/4879/4879
f 4842/4842/4842 4882/4882/4882 4868/4868/4868
f 4703/4703/4703 4883/4883/4883 4853/4853/4853
f 4862/4862/4862 4786/4786/4786 4886/4886/4886
f 4819/4819/4819 4885/4885/4885 4869/4869/4869
f 4812/4812/4812 4774/4774/4774 4888/4888/4888
f 4868/4868/4868 4882/4882/4882 4889/4889/4889
f 4853/4853/4853 4890/4890/4890 4876/4876/4876
f 4877/4877/4877 4876/4876/4876 4890/4890/4890
f 4811/4811/4811 4788/4788/4788 4872/4872/4872
f 4812/4812/4812 4893/4893/4893 4789/4789/4789
f 4788/4788/4788 4892/4892/4892 4872/4872/4872
f 4825/4825/4825 4896/4896/4896 4850/4850/4850
f 4882/4882/4882 4898/4898/4898 4889/4889/4889
f 4868/4868/4868 4889/4889/4889 4900/4900/4900
f 4868/4868/4868 4900/4900/4900 4883/4883/4883
f 4786/4786/4786 4869/4869/4869 4886/4886/4886
f 4774/4774/4774 4870/4870/4870 4888/4888/4888
f 4812/4812/4812 4873/4873/4873 4893/4893/4893
f 4901/4901/4901 4897/4897/4897 4903/4903/4903
f 4902/4902/4902 4906/4906/4906 4898/4898/4898
f 4883/4883/4883 4890/4890/4890 4853/4853/4853
f 4820/4820/4820 4877/4877/4877 4908/4908/4908
f 4870/4870/4870 4820/4820/4820 4908/4908/4908
f 4812/4812/4812 4888/4888/4888 4909/4909/4909
f 4812/4812/4812 4909/4909/4909 4873/4873/4873
f 4891/4891/4891 4910/4910/4910 4871/4871/4871
f 4902/4902/4902 4904/4904/4904 4906/4906/4906
f 4898/4898/4898 4906/4906/4906 4889/4889/4889
f 4881/4881/4881 4880/4880/4880 4897/4897/4897
f 4885/4885/4885 4913/4913/4913 4869/4869/4869
f 4824/4824/4824 4792/4792/4792 4894/4894/4894
f 4850/4850/4850 4896/4896/4896 4915/4915/4915
f 4903/4903/4903 4897/4897/4897 4916/4916/4916
f 4862/4862/4862 4918/4918/4918 4880/4880/4880
f 4883/4883/4883 4900/4900/4900 4890/4890/4890
f 4869/4869/4869 4913/4913/4913 4886/4886/4886
f 4908/4908/4908 4877/4877/4877 4919/4919/4919
f 4870/4870/4870 4908/4908/4908 4888/4888/4888
f 4873/4873/4873 4909/4909/4909 4893/4893/4893
f 4911/4911/4911 4921/4921/4921 4872/4872/4872
f 4849/4849/4849 4914/4914/4914 4863/4863/4863
f 4821/4821/4821 4879/4879/4879 4923/4923/4923
f 4904/4904/4904 4917/4917/4917 4906/4906/4906
f 4886/4886/4886 4924/4924/4924 4862/4862/4862
f 4890/4890/4890 4927/4927/4927 4877/4877/4877
f 4919/4919/4919 4877/4877/4877 4929/4929/4929
f 4908/4908/4908 4919/4919/4919 4929/4929/4929
f 4821/4821/4821 4923/4923/4923 4793/4793/4793
f 4897/4897/4897 4930/4930/4930 4916/4916/4916
f 4862/4862/4862 4924/4924/4924 4918/4918/4918
f 4877/4877/4877 4927/4927/4927 4929/4929/4929
f 4872/4872/4872 4933/4933/4933 4885/4885/4885
f 4893/4893/4893 4909/4909/4909 4934/4934/4934
f 4892/4892/4892 4921/4921/4921 4911/4911/4911
f 4893/4893/4893 4934/4934/4934 4922/4922/4922
f 4936/4936/4936 4923/4923/4923 4879/4879/4879
f 4889/4889/4889 4906/4906/4906 4900/4900/4900
f 4897/4897/4897 4880/4880/4880 4930/4930/4930
f 4886/4886/4886 4913/4913/4913 4939/4939/4939
f 4885/4885/4885 4941/4941/4941 4913/4913/4913
f 4884/4884/4884 4942/4942/4942 4907/4907/4907
f 4885/4885/4885 4933/4933/4933 4945/4945/4945
f 4872/4872/4872 4921/4921/4921 4933/4933/4933
f 4916/4916/4916 4930/4930/4930 4946/4946/4946
f 4916/4916/4916 4946/4946/4946 4905/4905/4905
f 4906/4906/4906 4949/4949/4949 4900/4900/4900
f 4899/4899/4899 4948/4948/4948 4880/4880/4880
f 4880/4880/4880 4918/4918/4918 4899/4899/4899
f 4918/4918/4918 4924/4924/4924 4899/4899/4899
f 4890/4890/4890 4900/4900/4900 4925/4925/4925
f 4884/4884/4884 4907/4907/4907 4940/4940/4940
f 4885/4885/4885 4945/4945/4945 4943/4943/4943
f 4906/4906/4906 4947/4947/4947 4951/4951/4951
f 4906/4906/4906 4951/4951/4951 4949/4949/4949
f 4930/4930/4930 4880/4880/4880 4948/4948/4948
f 4925/4925/4925 4952/4952/4952 4890/4890/4890
f 4890/4890/4890 4952/4952/4952 4927/4927/4927
f 4912/4912/4912 4926/4926/4926 4938/4938/4938
f 4928/4928/4928 4926/4926/4926 4912/4912/4912
f 4907/4907/4907 4942/4942/4942 4953/4953/4953
f 4908/4908/4908 4954/4954/4954 4888/4888/4888
f 4935/4935/4935 4878/4878/4878 4863/4863/4863
f 4930/4930/4930 4955/4955/4955 4946/4946/4946
f 4925/4925/4925 4958/4958/4958 4952/4952/4952
f 4886/4886/4886 4960/4960/4960 4924/4924/4924
f 4886/4886/4886 4939/4939/4939 4960/4960/4960
f 4928/4928/4928 4912/4912/4912 4907/4907/4907
f 4922/4922/4922 4934/4934/4934 4896/4896/4896
f 4793/4793/4793 4923/4923/4923 4895/4895/4895
f 4947/4947/4947 4962/4962/4962 4951/4951/4951
f 4946/4946/4946 4955/4955/4955 4961/4961/4961
f 4930/4930/4930 4950/4950/4950 4955/4955/4955
f 4948/4948/4948 4950/4950/4950 4930/4930/4930
f 4907/4907/4907 4912/4912/4912 4940/4940/4940
f 4953/4953/4953 4944/4944/4944 4887/4887/4887
f 4887/4887/4887 4944/4944/4944 4932/4932/4932
f 4888/4888/4888 4934/4934/4934 4909/4909/4909
f 4920/4920/4920 4963/4963/4963 4931/4931/4931
f 4921/4921/4921 4895/4895/4895 4964/4964/4964
f 4921/4921/4921 4895/4895/4895 4964/4964/4964
f 4934/4934/4934 4915/4915/4915 4896/4896/4896
f 4924/4924/4924 4960/4960/4960 4957/4957/4957
f 4942/4942/4942 4944/4944/4944 4953/4953/4953
f 4895/4895/4895 4966/4966/4966 4964/4964/4964
f 4923/4923/4923 4966/4966/4966 4895/4895/4895
f 4956/4956/4956 4951/4951/4951 4962/4962/4962
f 4927/4927/4927 4952/4952/4952 4969/4969/4969
f 4934/4934/4934 4972/4972/4972 4915/4915/4915
f 4966/4966/4966 4923/4923/4923 4973/4973/4973
f 4914/4914/4914 4935/4935/4935 4863/4863/4863
f 4960/4960/4960 4976/4976/4976 4957/4957/4957
f 4938/4938/4938 4926/4926/4926 4959/4959/4959
f 4963/4963/4963 4965/4965/4965 4931/4931/4931
f 4958/4958/4958 4978/4978/4978 4952/4952/4952
f 4959/4959/4959 4926/4926/4926 4968/4968/4968
f 4967/4967/4967 4974/4974/4974 4934/4934/4934
f 4923/4923/4923 4980/4980/4980 4973/4973/4973
f 4923/4923/4923 4936/4936/4936 4980/4980/4980
f 4980/4980/4980 4936/4936/4936 4982/4982/4982
f 4915/4915/4915 4972/4972/4972 4937/4937/4937
f 4978/4978/4978 4987/4987/4987 4952/4952/4952
f 4977/4977/4977 4957/4957/4957 4976/4976/4976
f 4934/4934/4934 4988/4988/4988 4972/4972/4972
f 4937/4937/4937 4972/4972/4972 4983/4983/4983
f 4978/4978/4978 4993/4993/4993 4987/4987/4987
f 4977/4977/4977 4976/4976/4976 4992/4992/4992
f 4987/4987/4987 4969/4969/4969 4952/4952/4952
f 4975/4975/4975 4959/4959/4959 4968/4968/4968
f 4934/4934/4934 4974/4974/4974 4988/4988/4988
f 4981/4981/4981 4994/4994/4994 4979/4979/4979
f 4989/4989/4989 4996/4996/4996 4984/4984/4984
f 4980/4980/4980 4999/4999/4999 4973/4973/4973
f 4973/4973/4973 4999/4999/4999 5000/5000/5000
f 4974/4974/4974 5001/5001/5001 4988/4988/4988
f 4972/4972/4972 4988/4988/4988 5002/5002/5002
f 4999/4999/4999 4980/4980/4980 4995/4995/4995
f 4994/4994/4994 4970/4970/4970 4998/4998/4998
f 4994/4994/4994 4981/4981/4981 4970/4970/4970
f 4985/4985/4985 4997/4997/4997 4990/4990/4990
f 4975/4975/4975 4986/4986/4986 4991/4991/4991
f 4975/4975/4975 4968/4968/4968 4986/4986/4986
f 4999/4999/4999 4971/4971/4971 5003/5003/5003
f 4972/4972/4972 5002/5002/5002 5004/5004/5004
f 4999/4999/4999 5005/5005/5005 5000/5000/5000
f 4988/4988/4988 5001/5001/5001 5002/5002/5002
f 5003/5003/5003 5005/5005/5005 4999/4999/4999
f 5002/5002/5002 5001/5001/5001 5007/5007/5007
f 5000/5000/5000 5005/5005/5005 5006/5006/5006
f 5003/5003/5003 5006/5006/5006 5005/5005/5005
f 5004/5004/5004 5002/5002/5002 5007/5007/5007
